file,line,routine,op,designator,parent_type,field,bounds
ccib.f90,165,CC_SCALARS::INITIALIZE_BACK_CFACE_EXCHANGE,ALLOCATE,SEND_CNT(0:N_MPI_PROCESSES-1),(variable:local),SEND_CNT,0:N_MPI_PROCESSES-1
ccib.f90,197,CC_SCALARS::INITIALIZE_BACK_CFACE_EXCHANGE,ALLOCATE,RECV_CNT(0:N_MPI_PROCESSES-1),(variable:local),RECV_CNT,0:N_MPI_PROCESSES-1
ccib.f90,200,CC_SCALARS::INITIALIZE_BACK_CFACE_EXCHANGE,ALLOCATE,SDISPL(0:N_MPI_PROCESSES-1),(variable:local),SDISPL,0:N_MPI_PROCESSES-1
ccib.f90,200,CC_SCALARS::INITIALIZE_BACK_CFACE_EXCHANGE,ALLOCATE,RDISPL(0:N_MPI_PROCESSES-1),(variable:local),RDISPL,0:N_MPI_PROCESSES-1
ccib.f90,201,CC_SCALARS::INITIALIZE_BACK_CFACE_EXCHANGE,ALLOCATE,CNT3_S(0:N_MPI_PROCESSES-1),(variable:local),CNT3_S,0:N_MPI_PROCESSES-1
ccib.f90,201,CC_SCALARS::INITIALIZE_BACK_CFACE_EXCHANGE,ALLOCATE,CNT3_R(0:N_MPI_PROCESSES-1),(variable:local),CNT3_R,0:N_MPI_PROCESSES-1
ccib.f90,202,CC_SCALARS::INITIALIZE_BACK_CFACE_EXCHANGE,ALLOCATE,DSP3_S(0:N_MPI_PROCESSES-1),(variable:local),DSP3_S,0:N_MPI_PROCESSES-1
ccib.f90,202,CC_SCALARS::INITIALIZE_BACK_CFACE_EXCHANGE,ALLOCATE,DSP3_R(0:N_MPI_PROCESSES-1),(variable:local),DSP3_R,0:N_MPI_PROCESSES-1
ccib.f90,211,CC_SCALARS::INITIALIZE_BACK_CFACE_EXCHANGE,ALLOCATE,"SEND_NOM(MAX(TOTAL_SEND,1))",(variable:local),SEND_NOM,"MAX(TOTAL_SEND,1)"
ccib.f90,211,CC_SCALARS::INITIALIZE_BACK_CFACE_EXCHANGE,ALLOCATE,"SEND_POS(MAX(3*TOTAL_SEND,1))",(variable:local),SEND_POS,"MAX(3*TOTAL_SEND,1)"
ccib.f90,211,CC_SCALARS::INITIALIZE_BACK_CFACE_EXCHANGE,ALLOCATE,"SEND_NBACK(MAX(3*TOTAL_SEND,1))",(variable:local),SEND_NBACK,"MAX(3*TOTAL_SEND,1)"
ccib.f90,212,CC_SCALARS::INITIALIZE_BACK_CFACE_EXCHANGE,ALLOCATE,"MAP_NM(MAX(TOTAL_SEND,1))",(variable:local),MAP_NM,"MAX(TOTAL_SEND,1)"
ccib.f90,213,CC_SCALARS::INITIALIZE_BACK_CFACE_EXCHANGE,ALLOCATE,"MAP_FRONT(MAX(TOTAL_SEND,1))",(variable:local),MAP_FRONT,"MAX(TOTAL_SEND,1)"
ccib.f90,213,CC_SCALARS::INITIALIZE_BACK_CFACE_EXCHANGE,ALLOCATE,"REPLY_BACK(MAX(TOTAL_SEND,1))",(variable:local),REPLY_BACK,"MAX(TOTAL_SEND,1)"
ccib.f90,213,CC_SCALARS::INITIALIZE_BACK_CFACE_EXCHANGE,ALLOCATE,"REPLY_BSURF(MAX(TOTAL_SEND,1))",(variable:local),REPLY_BSURF,"MAX(TOTAL_SEND,1)"
ccib.f90,214,CC_SCALARS::INITIALIZE_BACK_CFACE_EXCHANGE,ALLOCATE,"REPLY_BDIM(MAX(TOTAL_SEND,1))",(variable:local),REPLY_BDIM,"MAX(TOTAL_SEND,1)"
ccib.f90,215,CC_SCALARS::INITIALIZE_BACK_CFACE_EXCHANGE,ALLOCATE,"RECV_NOM(MAX(TOTAL_RECV,1))",(variable:local),RECV_NOM,"MAX(TOTAL_RECV,1)"
ccib.f90,215,CC_SCALARS::INITIALIZE_BACK_CFACE_EXCHANGE,ALLOCATE,"RECV_POS(MAX(3*TOTAL_RECV,1))",(variable:local),RECV_POS,"MAX(3*TOTAL_RECV,1)"
ccib.f90,215,CC_SCALARS::INITIALIZE_BACK_CFACE_EXCHANGE,ALLOCATE,"RECV_NBACK(MAX(3*TOTAL_RECV,1))",(variable:local),RECV_NBACK,"MAX(3*TOTAL_RECV,1)"
ccib.f90,216,CC_SCALARS::INITIALIZE_BACK_CFACE_EXCHANGE,ALLOCATE,"REPLY_IDX(MAX(TOTAL_RECV,1))",(variable:local),REPLY_IDX,"MAX(TOTAL_RECV,1)"
ccib.f90,217,CC_SCALARS::INITIALIZE_BACK_CFACE_EXCHANGE,ALLOCATE,"REPLY_SURF(MAX(TOTAL_RECV,1))",(variable:local),REPLY_SURF,"MAX(TOTAL_RECV,1)"
ccib.f90,217,CC_SCALARS::INITIALIZE_BACK_CFACE_EXCHANGE,ALLOCATE,"REPLY_DIM(MAX(TOTAL_RECV,1))",(variable:local),REPLY_DIM,"MAX(TOTAL_RECV,1)"
ccib.f90,218,CC_SCALARS::INITIALIZE_BACK_CFACE_EXCHANGE,ALLOCATE,COUNTER(0:N_MPI_PROCESSES-1),(variable:local),COUNTER,0:N_MPI_PROCESSES-1
ccib.f90,283,CC_SCALARS::INITIALIZE_BACK_CFACE_EXCHANGE,ALLOCATE,MESHES(NOM)%CFACE(0:MESHES(NOM)%N_CFACE_CELLS_DIM),MESH_TYPE,CFACE,0:MESHES(NOM)%N_CFACE_CELLS_DIM
ccib.f90,297,CC_SCALARS::INITIALIZE_BACK_CFACE_EXCHANGE,ALLOCATE,CF_BACK_SEND_CNT3(0:N_MPI_PROCESSES-1),(variable:host:CC_SCALARS),CF_BACK_SEND_CNT3,0:N_MPI_PROCESSES-1
ccib.f90,297,CC_SCALARS::INITIALIZE_BACK_CFACE_EXCHANGE,ALLOCATE,CF_BACK_SDISPL3(0:N_MPI_PROCESSES-1),(variable:host:CC_SCALARS),CF_BACK_SDISPL3,0:N_MPI_PROCESSES-1
ccib.f90,298,CC_SCALARS::INITIALIZE_BACK_CFACE_EXCHANGE,ALLOCATE,CF_BACK_RECV_CNT3(0:N_MPI_PROCESSES-1),(variable:host:CC_SCALARS),CF_BACK_RECV_CNT3,0:N_MPI_PROCESSES-1
ccib.f90,298,CC_SCALARS::INITIALIZE_BACK_CFACE_EXCHANGE,ALLOCATE,CF_BACK_RDISPL3(0:N_MPI_PROCESSES-1),(variable:host:CC_SCALARS),CF_BACK_RDISPL3,0:N_MPI_PROCESSES-1
ccib.f90,301,CC_SCALARS::INITIALIZE_BACK_CFACE_EXCHANGE,ALLOCATE,"CF_BACK_SEND_NOM(MAX(TOTAL_SEND,1))",(variable:host:CC_SCALARS),CF_BACK_SEND_NOM,"MAX(TOTAL_SEND,1)"
ccib.f90,301,CC_SCALARS::INITIALIZE_BACK_CFACE_EXCHANGE,ALLOCATE,"CF_BACK_MAP_IDX(MAX(TOTAL_SEND,1))",(variable:host:CC_SCALARS),CF_BACK_MAP_IDX,"MAX(TOTAL_SEND,1)"
ccib.f90,302,CC_SCALARS::INITIALIZE_BACK_CFACE_EXCHANGE,ALLOCATE,"CF_BACK_RECV_NOM(MAX(TOTAL_RECV,1))",(variable:host:CC_SCALARS),CF_BACK_RECV_NOM,"MAX(TOTAL_RECV,1)"
ccib.f90,302,CC_SCALARS::INITIALIZE_BACK_CFACE_EXCHANGE,ALLOCATE,"CF_BACK_RECV_IDX(MAX(TOTAL_RECV,1))",(variable:host:CC_SCALARS),CF_BACK_RECV_IDX,"MAX(TOTAL_RECV,1)"
ccib.f90,334,CC_SCALARS::EXCHANGE_BACK_CFACE_DATA,ALLOCATE,"SBUF(MAX(3*N_CF_BACK_RECV,1))",(variable:local),SBUF,"MAX(3*N_CF_BACK_RECV,1)"
ccib.f90,335,CC_SCALARS::EXCHANGE_BACK_CFACE_DATA,ALLOCATE,"RBUF(MAX(3*N_CF_BACK_SEND,1))",(variable:local),RBUF,"MAX(3*N_CF_BACK_SEND,1)"
ccib.f90,848,CC_SCALARS::CHECK_CFLVN_LINKED_CELLS,ALLOCATE,UVWA(UNKZ_ILC(NM)+1:UNKZ_ILC(NM)+NUNKZ_LOC(NM)),(variable:local),UVWA,UNKZ_ILC(NM)+1:UNKZ_ILC(NM)+NUNKZ_LOC(NM)
ccib.f90,849,CC_SCALARS::CHECK_CFLVN_LINKED_CELLS,ALLOCATE,MUV(UNKZ_ILC(NM)+1:UNKZ_ILC(NM)+NUNKZ_LOC(NM)),(variable:local),MUV,UNKZ_ILC(NM)+1:UNKZ_ILC(NM)+NUNKZ_LOC(NM)
ccib.f90,850,CC_SCALARS::CHECK_CFLVN_LINKED_CELLS,ALLOCATE,MURA(UNKZ_ILC(NM)+1:UNKZ_ILC(NM)+NUNKZ_LOC(NM)),(variable:local),MURA,UNKZ_ILC(NM)+1:UNKZ_ILC(NM)+NUNKZ_LOC(NM)
ccib.f90,851,CC_SCALARS::CHECK_CFLVN_LINKED_CELLS,ALLOCATE,"IJKT(IAXIS:KAXIS,UNKZ_ILC(NM)+1:UNKZ_ILC(NM)+NUNKZ_LOC(NM))",(variable:local),IJKT,"IAXIS:KAXIS,UNKZ_ILC(NM)+1:UNKZ_ILC(NM)+NUNKZ_LOC(NM)"
ccib.f90,852,CC_SCALARS::CHECK_CFLVN_LINKED_CELLS,ALLOCATE,VOL(UNKZ_ILC(NM)+1:UNKZ_ILC(NM)+NUNKZ_LOC(NM)),(variable:local),VOL,UNKZ_ILC(NM)+1:UNKZ_ILC(NM)+NUNKZ_LOC(NM)
ccib.f90,853,CC_SCALARS::CHECK_CFLVN_LINKED_CELLS,ALLOCATE,DIVG(UNKZ_ILC(NM)+1:UNKZ_ILC(NM)+NUNKZ_LOC(NM)),(variable:local),DIVG,UNKZ_ILC(NM)+1:UNKZ_ILC(NM)+NUNKZ_LOC(NM)
ccib.f90,1868,CC_SCALARS::COMPUTE_LINKED_CUTFACE_BAROCLINIC,ALLOCATE,F_LINK(MESHES(NM)%NUNK_F),(variable:host:CC_SCALARS),F_LINK,MESHES(NM)%NUNK_F
ccib.f90,1868,CC_SCALARS::COMPUTE_LINKED_CUTFACE_BAROCLINIC,ALLOCATE,A_LINK(MESHES(NM)%NUNK_F),(variable:host:CC_SCALARS),A_LINK,MESHES(NM)%NUNK_F
ccib.f90,2712,CC_SCALARS::CC_PROJECT_VELOCITY,ALLOCATE,"U_STORE(0:IBP1,0:JBP1,0:KBP1)",(variable:local),U_STORE,"0:IBP1,0:JBP1,0:KBP1"
ccib.f90,2713,CC_SCALARS::CC_PROJECT_VELOCITY,ALLOCATE,"V_STORE(0:IBP1,0:JBP1,0:KBP1)",(variable:local),V_STORE,"0:IBP1,0:JBP1,0:KBP1"
ccib.f90,2714,CC_SCALARS::CC_PROJECT_VELOCITY,ALLOCATE,"W_STORE(0:IBP1,0:JBP1,0:KBP1)",(variable:local),W_STORE,"0:IBP1,0:JBP1,0:KBP1"
ccib.f90,3028,CC_SCALARS::GET_LINKED_VELOCITIES,ALLOCATE,AREA_LNK(0:MESHES(NM)%NUNK_F),(variable:local),AREA_LNK,0:MESHES(NM)%NUNK_F
ccib.f90,3835,CC_SCALARS::CC_EXCHANGE_UNPACKING_ARRAYS,ALLOCATE,"M2%IFEP_R_3(LOW_IND:HIGH_IND,M2%NFEP_R(3))",OMESH_TYPE,IFEP_R_3,"LOW_IND:HIGH_IND,M2%NFEP_R(3)"
ccib.f90,3873,CC_SCALARS::CC_EXCHANGE_UNPACKING_ARRAYS,ALLOCATE,"M2%IFEP_R_4(LOW_IND:HIGH_IND,M2%NFEP_R(4))",OMESH_TYPE,IFEP_R_4,"LOW_IND:HIGH_IND,M2%NFEP_R(4)"
ccib.f90,3916,CC_SCALARS::CC_EXCHANGE_UNPACKING_ARRAYS,ALLOCATE,"M2%IFEP_R_5(LOW_IND:HIGH_IND,M2%NFEP_R(5))",OMESH_TYPE,IFEP_R_5,"LOW_IND:HIGH_IND,M2%NFEP_R(5)"
ccib.f90,3995,CC_SCALARS::MESH_CC_EXCHANGE,ALLOCATE,REQ11(N_REQ11*4),(variable:use:COMPLEX_GEOMETRY),REQ11,N_REQ11*4
ccib.f90,4007,CC_SCALARS::MESH_CC_EXCHANGE,ALLOCATE,REQ112(N_REQ112*4),(variable:use:COMPLEX_GEOMETRY),REQ112,N_REQ112*4
ccib.f90,4018,CC_SCALARS::MESH_CC_EXCHANGE,ALLOCATE,REQ12(N_REQ12*4),(variable:use:COMPLEX_GEOMETRY),REQ12,N_REQ12*4
ccib.f90,4029,CC_SCALARS::MESH_CC_EXCHANGE,ALLOCATE,REQ13(N_REQ13*4),(variable:use:COMPLEX_GEOMETRY),REQ13,N_REQ13*4
ccib.f90,4044,CC_SCALARS::MESH_CC_EXCHANGE,ALLOCATE,M3%REAL_RECV_PKG11(M3%NICC_R(2)*(4+N_TOTAL_SCALARS)),OMESH_TYPE,REAL_RECV_PKG11,M3%NICC_R(2)*(4+N_TOTAL_SCALARS)
ccib.f90,4059,CC_SCALARS::MESH_CC_EXCHANGE,ALLOCATE,M3%REAL_RECV_PKG112(M3%NICF_R(2)*4+M3%NLKF_R*3),OMESH_TYPE,REAL_RECV_PKG112,M3%NICF_R(2)*4+M3%NLKF_R*3
ccib.f90,4073,CC_SCALARS::MESH_CC_EXCHANGE,ALLOCATE,M3%REAL_RECV_PKG12(M3%NFCC_R(1)*2),OMESH_TYPE,REAL_RECV_PKG12,M3%NFCC_R(1)*2
ccib.f90,4087,CC_SCALARS::MESH_CC_EXCHANGE,ALLOCATE,M3%REAL_RECV_PKG13(M3%NFCC_R(2)*(NQT2C+N_TRACKED_SPECIES)),OMESH_TYPE,REAL_RECV_PKG13,M3%NFCC_R(2)*(NQT2C+N_TRACKED_SPECIES)
ccib.f90,4109,CC_SCALARS::MESH_CC_EXCHANGE,ALLOCATE,M3%REAL_SEND_PKG11(M3%NICC_S(2)*(4+N_TOTAL_SCALARS)),OMESH_TYPE,REAL_SEND_PKG11,M3%NICC_S(2)*(4+N_TOTAL_SCALARS)
ccib.f90,4123,CC_SCALARS::MESH_CC_EXCHANGE,ALLOCATE,M3%REAL_SEND_PKG112(M3%NICF_S(2)*4+M3%NLKF_S*3),OMESH_TYPE,REAL_SEND_PKG112,M3%NICF_S(2)*4+M3%NLKF_S*3
ccib.f90,4137,CC_SCALARS::MESH_CC_EXCHANGE,ALLOCATE,M3%REAL_SEND_PKG12(M3%NFCC_S(1)*2),OMESH_TYPE,REAL_SEND_PKG12,M3%NFCC_S(1)*2
ccib.f90,4151,CC_SCALARS::MESH_CC_EXCHANGE,ALLOCATE,M3%REAL_SEND_PKG13(M3%NFCC_S(2)*(NQT2C+N_TRACKED_SPECIES)),OMESH_TYPE,REAL_SEND_PKG13,M3%NFCC_S(2)*(NQT2C+N_TRACKED_SPECIES)
ccib.f90,7438,CC_SCALARS::CC_SET_DATA::SET_CFACES_P1_RDN,ALLOCATE,DXN_UNKZ_LOC(1:NUNKZ_LOCAL),(variable:local),DXN_UNKZ_LOC,1:NUNKZ_LOCAL
ccib.f90,7439,CC_SCALARS::CC_SET_DATA::SET_CFACES_P1_RDN,ALLOCATE,AREA_UNKZ_LOC(1:NUNKZ_LOCAL),(variable:local),AREA_UNKZ_LOC,1:NUNKZ_LOCAL
ccib.f90,7440,CC_SCALARS::CC_SET_DATA::SET_CFACES_P1_RDN,ALLOCATE,VOL_UNKZ_LOC(1:NUNKZ_LOCAL),(variable:local),VOL_UNKZ_LOC,1:NUNKZ_LOCAL
ccib.f90,7486,CC_SCALARS::CC_SET_DATA::SET_CFACES_P1_RDN,ALLOCATE,"XYZMIN_UNKZ(IAXIS:KAXIS,1:NUNKZ_LOCAL)",(variable:local),XYZMIN_UNKZ,"IAXIS:KAXIS,1:NUNKZ_LOCAL"
ccib.f90,7487,CC_SCALARS::CC_SET_DATA::SET_CFACES_P1_RDN,ALLOCATE,"XYZMAX_UNKZ(IAXIS:KAXIS,1:NUNKZ_LOCAL)",(variable:local),XYZMAX_UNKZ,"IAXIS:KAXIS,1:NUNKZ_LOCAL"
ccib.f90,7492,CC_SCALARS::CC_SET_DATA::SET_CFACES_P1_RDN,ALLOCATE,"DELTA_UNKZ(IAXIS:KAXIS,1:NUNKZ_LOCAL)",(variable:host:CC_SCALARS),DELTA_UNKZ,"IAXIS:KAXIS,1:NUNKZ_LOCAL"
ccib.f90,7697,CC_SCALARS::INIT_CUTCELL_DATA,ALLOCATE,ZZ_CC(1:N_TOTAL_SCALARS),(variable:local),ZZ_CC,1:N_TOTAL_SCALARS
ccib.f90,7698,CC_SCALARS::INIT_CUTCELL_DATA,ALLOCATE,ZCEN_CV(1:NUNKZ_LOCAL),(variable:local),ZCEN_CV,1:NUNKZ_LOCAL
ccib.f90,7698,CC_SCALARS::INIT_CUTCELL_DATA,ALLOCATE,XCEN_CV(1:NUNKZ_LOCAL),(variable:local),XCEN_CV,1:NUNKZ_LOCAL
ccib.f90,7698,CC_SCALARS::INIT_CUTCELL_DATA,ALLOCATE,YCEN_CV(1:NUNKZ_LOCAL),(variable:local),YCEN_CV,1:NUNKZ_LOCAL
ccib.f90,7699,CC_SCALARS::INIT_CUTCELL_DATA,ALLOCATE,TMP_0_CV(1:NUNKZ_LOCAL),(variable:local),TMP_0_CV,1:NUNKZ_LOCAL
ccib.f90,7699,CC_SCALARS::INIT_CUTCELL_DATA,ALLOCATE,TMP_CV(1:NUNKZ_LOCAL),(variable:local),TMP_CV,1:NUNKZ_LOCAL
ccib.f90,7699,CC_SCALARS::INIT_CUTCELL_DATA,ALLOCATE,RHO_CV(1:NUNKZ_LOCAL),(variable:local),RHO_CV,1:NUNKZ_LOCAL
ccib.f90,8270,CC_SCALARS::FINISH_CC,ALLOCATE,T_CC_USED_MIN(TLB:TUB),(variable:local),T_CC_USED_MIN,TLB:TUB
ccib.f90,8270,CC_SCALARS::FINISH_CC,ALLOCATE,T_CC_USED_MAX(TLB:TUB),(variable:local),T_CC_USED_MAX,TLB:TUB
ccib.f90,8270,CC_SCALARS::FINISH_CC,ALLOCATE,T_CC_USED_MEA(TLB:TUB),(variable:local),T_CC_USED_MEA,TLB:TUB
ccib.f90,8431,CC_SCALARS::CC_DIVERGENCE_PART_1,ALLOCATE,ZZ_GET(N_TRACKED_SPECIES),(variable:local),ZZ_GET,N_TRACKED_SPECIES
ccib.f90,8713,CC_SCALARS::CC_DIVERGENCE_PART_1,ALLOCATE,DIVRG_VEC(1:NUNKZ_LOCAL),(variable:local),DIVRG_VEC,1:NUNKZ_LOCAL
ccib.f90,8713,CC_SCALARS::CC_DIVERGENCE_PART_1,ALLOCATE,VOLDVRG(1:NUNKZ_LOCAL),(variable:local),VOLDVRG,1:NUNKZ_LOCAL
ccib.f90,8713,CC_SCALARS::CC_DIVERGENCE_PART_1,ALLOCATE,RTRM_VEC(1:NUNKZ_LOCAL),(variable:local),RTRM_VEC,1:NUNKZ_LOCAL
ccib.f90,11228,CC_SCALARS::CC_DIFFUSIVE_MASS_FLUXES,ALLOCATE,ZZ_GET(N_TRACKED_SPECIES),(variable:local),ZZ_GET,N_TRACKED_SPECIES
ccib.f90,11228,CC_SCALARS::CC_DIFFUSIVE_MASS_FLUXES,ALLOCATE,RHO_D_DZDN_GET(N_TRACKED_SPECIES),(variable:local),RHO_D_DZDN_GET,N_TRACKED_SPECIES
ccib.f90,11231,CC_SCALARS::CC_DIFFUSIVE_MASS_FLUXES,ALLOCATE,N_ZZ_MAX_V(N_EXTERNAL_CFACE_CELLS+N_INTWALL_CFACE_CELLS+N_INTERNAL_CFACE_CELLS),(variable:local),N_ZZ_MAX_V,N_EXTERNAL_CFACE_CELLS+N_INTWALL_CFACE_CELLS+N_INTERNAL_CFACE_CELLS
ccib.f90,11786,CC_SCALARS::CC_DENSITY,ALLOCATE,"MESHES(NM)%RHO_ZZN(0:IBP1,0:JBP1,0:KBP1,N_TOTAL_SCALARS)",MESH_TYPE,RHO_ZZN,"0:IBP1,0:JBP1,0:KBP1,N_TOTAL_SCALARS"
ccib.f90,13943,CC_SCALARS::CC_VELOCITY_BC,ALLOCATE,"UVW_EP(IAXIS:KAXIS,0:INT_N_EXT_PTS,0:0)",(variable:local),UVW_EP,"IAXIS:KAXIS,0:INT_N_EXT_PTS,0:0"
ccib.f90,13944,CC_SCALARS::CC_VELOCITY_BC,ALLOCATE,"DUVW_EP(IAXIS:KAXIS,IAXIS:KAXIS,0:INT_N_EXT_PTS,0:0)",(variable:local),DUVW_EP,"IAXIS:KAXIS,IAXIS:KAXIS,0:INT_N_EXT_PTS,0:0"
ccib.f90,15237,CC_SCALARS::GET_LINKED_FV,ALLOCATE,FLINK(0:MESHES(NM)%NUNK_F),(variable:local),FLINK,0:MESHES(NM)%NUNK_F
ccib.f90,15237,CC_SCALARS::GET_LINKED_FV,ALLOCATE,ALINK(0:MESHES(NM)%NUNK_F),(variable:local),ALINK,0:MESHES(NM)%NUNK_F
ccib.f90,16265,CC_SCALARS::CC_CHECK_DIVERGENCE,ALLOCATE,RESMAXV(NMESHES),(variable:local),RESMAXV,NMESHES
ccib.f90,16265,CC_SCALARS::CC_CHECK_DIVERGENCE,ALLOCATE,"DIVMNX(LOW_IND:HIGH_IND,NMESHES)",(variable:local),DIVMNX,"LOW_IND:HIGH_IND,NMESHES"
ccib.f90,16265,CC_SCALARS::CC_CHECK_DIVERGENCE,ALLOCATE,"DIVVOLMNX(LOW_IND:HIGH_IND,NMESHES)",(variable:local),DIVVOLMNX,"LOW_IND:HIGH_IND,NMESHES"
ccib.f90,16266,CC_SCALARS::CC_CHECK_DIVERGENCE,ALLOCATE,"IJKRM(MAX_DIM,NMESHES)",(variable:local),IJKRM,"MAX_DIM,NMESHES"
ccib.f90,16266,CC_SCALARS::CC_CHECK_DIVERGENCE,ALLOCATE,"IJKMNX(MAX_DIM,LOW_IND:HIGH_IND,NMESHES)",(variable:local),IJKMNX,"MAX_DIM,LOW_IND:HIGH_IND,NMESHES"
ccib.f90,16266,CC_SCALARS::CC_CHECK_DIVERGENCE,ALLOCATE,"XYZMNX(MAX_DIM,LOW_IND:HIGH_IND,NMESHES)",(variable:local),XYZMNX,"MAX_DIM,LOW_IND:HIGH_IND,NMESHES"
ccib.f90,16267,CC_SCALARS::CC_CHECK_DIVERGENCE,ALLOCATE,"DIVVOLIJKMNX(MAX_DIM,LOW_IND:HIGH_IND,NMESHES)",(variable:local),DIVVOLIJKMNX,"MAX_DIM,LOW_IND:HIGH_IND,NMESHES"
ccib.f90,16267,CC_SCALARS::CC_CHECK_DIVERGENCE,ALLOCATE,"DIVVOLICJCMNX(2,LOW_IND:HIGH_IND,1:NMESHES)",(variable:local),DIVVOLICJCMNX,"2,LOW_IND:HIGH_IND,1:NMESHES"
ccib.f90,16268,CC_SCALARS::CC_CHECK_DIVERGENCE,ALLOCATE,"DIVICJCMNX(2,LOW_IND:HIGH_IND,1:NMESHES)",(variable:local),DIVICJCMNX,"2,LOW_IND:HIGH_IND,1:NMESHES"
ccib.f90,16268,CC_SCALARS::CC_CHECK_DIVERGENCE,ALLOCATE,"VOLMNX(LOW_IND:HIGH_IND,1:NMESHES)",(variable:local),VOLMNX,"LOW_IND:HIGH_IND,1:NMESHES"
ccib.f90,16269,CC_SCALARS::CC_CHECK_DIVERGENCE,ALLOCATE,"RESICJCMX(1:2,1:NMESHES)",(variable:local),RESICJCMX,"1:2,1:NMESHES"
ccib.f90,16269,CC_SCALARS::CC_CHECK_DIVERGENCE,ALLOCATE,RESVOLMX(1:NMESHES),(variable:local),RESVOLMX,1:NMESHES
ccib.f90,16447,CC_SCALARS::CC_CHECK_DIVERGENCE,ALLOCATE,RESMAXV_AUX(NMESHES),(variable:local),RESMAXV_AUX,NMESHES
ccib.f90,16447,CC_SCALARS::CC_CHECK_DIVERGENCE,ALLOCATE,"DIVMNX_AUX(LOW_IND:HIGH_IND,NMESHES)",(variable:local),DIVMNX_AUX,"LOW_IND:HIGH_IND,NMESHES"
ccib.f90,16447,CC_SCALARS::CC_CHECK_DIVERGENCE,ALLOCATE,"DIVVOLMNX_AUX(LOW_IND:HIGH_IND,NMESHES)",(variable:local),DIVVOLMNX_AUX,"LOW_IND:HIGH_IND,NMESHES"
ccib.f90,16448,CC_SCALARS::CC_CHECK_DIVERGENCE,ALLOCATE,"IJKRM_AUX(MAX_DIM,NMESHES)",(variable:local),IJKRM_AUX,"MAX_DIM,NMESHES"
ccib.f90,16448,CC_SCALARS::CC_CHECK_DIVERGENCE,ALLOCATE,"IJKMNX_AUX(MAX_DIM,LOW_IND:HIGH_IND,NMESHES)",(variable:local),IJKMNX_AUX,"MAX_DIM,LOW_IND:HIGH_IND,NMESHES"
ccib.f90,16449,CC_SCALARS::CC_CHECK_DIVERGENCE,ALLOCATE,"XYZMNX_AUX(MAX_DIM,LOW_IND:HIGH_IND,NMESHES)",(variable:local),XYZMNX_AUX,"MAX_DIM,LOW_IND:HIGH_IND,NMESHES"
ccib.f90,16450,CC_SCALARS::CC_CHECK_DIVERGENCE,ALLOCATE,"DIVVOLIJKMNX_AUX(MAX_DIM,LOW_IND:HIGH_IND,NMESHES)",(variable:local),DIVVOLIJKMNX_AUX,"MAX_DIM,LOW_IND:HIGH_IND,NMESHES"
ccib.f90,16450,CC_SCALARS::CC_CHECK_DIVERGENCE,ALLOCATE,"DIVVOLICJCMNX_AUX(2,LOW_IND:HIGH_IND,1:NMESHES)",(variable:local),DIVVOLICJCMNX_AUX,"2,LOW_IND:HIGH_IND,1:NMESHES"
ccib.f90,16451,CC_SCALARS::CC_CHECK_DIVERGENCE,ALLOCATE,"DIVICJCMNX_AUX(2,LOW_IND:HIGH_IND,1:NMESHES)",(variable:local),DIVICJCMNX_AUX,"2,LOW_IND:HIGH_IND,1:NMESHES"
ccib.f90,16451,CC_SCALARS::CC_CHECK_DIVERGENCE,ALLOCATE,"VOLMNX_AUX(LOW_IND:HIGH_IND,1:NMESHES)",(variable:local),VOLMNX_AUX,"LOW_IND:HIGH_IND,1:NMESHES"
ccib.f90,16452,CC_SCALARS::CC_CHECK_DIVERGENCE,ALLOCATE,"RESICJCMX_AUX(1:2,1:NMESHES)",(variable:local),RESICJCMX_AUX,"1:2,1:NMESHES"
ccib.f90,16452,CC_SCALARS::CC_CHECK_DIVERGENCE,ALLOCATE,RESVOLMX_AUX(1:NMESHES),(variable:local),RESVOLMX_AUX,1:NMESHES
ccib.f90,16766,CC_SCALARS::GET_CRTCFCC_INT_STENCILS,ALLOCATE,DXCELL(ISTR:IEND),(variable:host:CC_SCALARS),DXCELL,ISTR:IEND
ccib.f90,16771,CC_SCALARS::GET_CRTCFCC_INT_STENCILS,ALLOCATE,DXFACE(ISTR:IEND),(variable:host:CC_SCALARS),DXFACE,ISTR:IEND
ccib.f90,16776,CC_SCALARS::GET_CRTCFCC_INT_STENCILS,ALLOCATE,XCELL(ISTR:IEND),(variable:host:CC_SCALARS),XCELL,ISTR:IEND
ccib.f90,16782,CC_SCALARS::GET_CRTCFCC_INT_STENCILS,ALLOCATE,XFACE(ISTR:IEND),(variable:host:CC_SCALARS),XFACE,ISTR:IEND
ccib.f90,16790,CC_SCALARS::GET_CRTCFCC_INT_STENCILS,ALLOCATE,DYCELL(JSTR:JEND),(variable:host:CC_SCALARS),DYCELL,JSTR:JEND
ccib.f90,16795,CC_SCALARS::GET_CRTCFCC_INT_STENCILS,ALLOCATE,DYFACE(JSTR:JEND),(variable:host:CC_SCALARS),DYFACE,JSTR:JEND
ccib.f90,16800,CC_SCALARS::GET_CRTCFCC_INT_STENCILS,ALLOCATE,YCELL(JSTR:JEND),(variable:host:CC_SCALARS),YCELL,JSTR:JEND
ccib.f90,16806,CC_SCALARS::GET_CRTCFCC_INT_STENCILS,ALLOCATE,YFACE(JSTR:JEND),(variable:host:CC_SCALARS),YFACE,JSTR:JEND
ccib.f90,16814,CC_SCALARS::GET_CRTCFCC_INT_STENCILS,ALLOCATE,DZCELL(KSTR:KEND),(variable:host:CC_SCALARS),DZCELL,KSTR:KEND
ccib.f90,16819,CC_SCALARS::GET_CRTCFCC_INT_STENCILS,ALLOCATE,DZFACE(KSTR:KEND),(variable:host:CC_SCALARS),DZFACE,KSTR:KEND
ccib.f90,16824,CC_SCALARS::GET_CRTCFCC_INT_STENCILS,ALLOCATE,ZCELL(KSTR:KEND),(variable:host:CC_SCALARS),ZCELL,KSTR:KEND
ccib.f90,16830,CC_SCALARS::GET_CRTCFCC_INT_STENCILS,ALLOCATE,ZFACE(KSTR:KEND),(variable:host:CC_SCALARS),ZFACE,KSTR:KEND
ccib.f90,16858,CC_SCALARS::GET_CRTCFCC_INT_STENCILS,ALLOCATE,"INT_NPE(LOW_IND:HIGH_IND,0:0,1:INT_N_EXT_PTS,0:CUT_CELL(ICC)%NCELL)",(variable:local),INT_NPE,"LOW_IND:HIGH_IND,0:0,1:INT_N_EXT_PTS,0:CUT_CELL(ICC)%NCELL"
ccib.f90,16859,CC_SCALARS::GET_CRTCFCC_INT_STENCILS,ALLOCATE,"INT_IJK(IAXIS:KAXIS,(CUT_CELL(ICC)%NCELL+1)*DELTA_INT)",(variable:local),INT_IJK,"IAXIS:KAXIS,(CUT_CELL(ICC)%NCELL+1)*DELTA_INT"
ccib.f90,16860,CC_SCALARS::GET_CRTCFCC_INT_STENCILS,ALLOCATE,INT_COEF((CUT_CELL(ICC)%NCELL+1)*DELTA_INT),(variable:local),INT_COEF,(CUT_CELL(ICC)%NCELL+1)*DELTA_INT
ccib.f90,16860,CC_SCALARS::GET_CRTCFCC_INT_STENCILS,ALLOCATE,"INT_NOUT(IAXIS:KAXIS,0:CUT_CELL(ICC)%NCELL)",(variable:local),INT_NOUT,"IAXIS:KAXIS,0:CUT_CELL(ICC)%NCELL"
ccib.f90,17017,CC_SCALARS::GET_CRTCFCC_INT_STENCILS,ALLOCATE,"INT_IJK_AUX(IAXIS:KAXIS,SZ_1)",(variable:local),INT_IJK_AUX,"IAXIS:KAXIS,SZ_1"
ccib.f90,17017,CC_SCALARS::GET_CRTCFCC_INT_STENCILS,ALLOCATE,INT_COEF_AUX(1:SZ_1),(variable:local),INT_COEF_AUX,1:SZ_1
ccib.f90,17021,CC_SCALARS::GET_CRTCFCC_INT_STENCILS,ALLOCATE,"CUT_CELL(ICC)%INT_IJK(IAXIS:KAXIS,SZ_2)",CC_CUTCELL_TYPE,INT_IJK,"IAXIS:KAXIS,SZ_2"
ccib.f90,17022,CC_SCALARS::GET_CRTCFCC_INT_STENCILS,ALLOCATE,CUT_CELL(ICC)%INT_COEF(1:SZ_2),CC_CUTCELL_TYPE,INT_COEF,1:SZ_2
ccib.f90,17027,CC_SCALARS::GET_CRTCFCC_INT_STENCILS,ALLOCATE,"CUT_CELL(ICC)%INT_CCVARS(1:N_INT_CCVARS,SZ_2)",CC_CUTCELL_TYPE,INT_CCVARS,"1:N_INT_CCVARS,SZ_2"
ccib.f90,17028,CC_SCALARS::GET_CRTCFCC_INT_STENCILS,ALLOCATE,"CUT_CELL(ICC)%INT_NOMIND(LOW_IND:HIGH_IND,SZ_2)",CC_CUTCELL_TYPE,INT_NOMIND,"LOW_IND:HIGH_IND,SZ_2"
ccib.f90,17049,CC_SCALARS::GET_CRTCFCC_INT_STENCILS,ALLOCATE,CC_RCEDGE(IEDGE)%XB_IB(-2:2),CC_EDGE_TYPE,XB_IB,-2:2
ccib.f90,17049,CC_SCALARS::GET_CRTCFCC_INT_STENCILS,ALLOCATE,CC_RCEDGE(IEDGE)%SURF_INDEX(-2:2),CC_EDGE_TYPE,SURF_INDEX,-2:2
ccib.f90,17050,CC_SCALARS::GET_CRTCFCC_INT_STENCILS,ALLOCATE,CC_RCEDGE(IEDGE)%DUIDXJ(-2:2),CC_EDGE_TYPE,DUIDXJ,-2:2
ccib.f90,17050,CC_SCALARS::GET_CRTCFCC_INT_STENCILS,ALLOCATE,CC_RCEDGE(IEDGE)%MU_DUIDXJ(-2:2),CC_EDGE_TYPE,MU_DUIDXJ,-2:2
ccib.f90,17051,CC_SCALARS::GET_CRTCFCC_INT_STENCILS,ALLOCATE,"CC_RCEDGE(IEDGE)%INT_NPE(LOW_IND:HIGH_IND,0:KAXIS,1:INT_N_EXT_PTS,-2:2)",CC_EDGE_TYPE,INT_NPE,"LOW_IND:HIGH_IND,0:KAXIS,1:INT_N_EXT_PTS,-2:2"
ccib.f90,17225,CC_SCALARS::GET_CRTCFCC_INT_STENCILS,ALLOCATE,CC_IBEDGE(IEDGE)%XB_IB(-2:2),CC_EDGE_TYPE,XB_IB,-2:2
ccib.f90,17225,CC_SCALARS::GET_CRTCFCC_INT_STENCILS,ALLOCATE,CC_IBEDGE(IEDGE)%SURF_INDEX(-2:2),CC_EDGE_TYPE,SURF_INDEX,-2:2
ccib.f90,17226,CC_SCALARS::GET_CRTCFCC_INT_STENCILS,ALLOCATE,CC_IBEDGE(IEDGE)%PROCESS_EDGE_ORIENTATION(-2:2),CC_EDGE_TYPE,PROCESS_EDGE_ORIENTATION,-2:2
ccib.f90,17226,CC_SCALARS::GET_CRTCFCC_INT_STENCILS,ALLOCATE,CC_IBEDGE(IEDGE)%EDGE_IN_MESH(-2:2),CC_EDGE_TYPE,EDGE_IN_MESH,-2:2
ccib.f90,17227,CC_SCALARS::GET_CRTCFCC_INT_STENCILS,ALLOCATE,CC_IBEDGE(IEDGE)%SIDE_IN_GEOM(-2:2),CC_EDGE_TYPE,SIDE_IN_GEOM,-2:2
ccib.f90,17228,CC_SCALARS::GET_CRTCFCC_INT_STENCILS,ALLOCATE,"CC_IBEDGE(IEDGE)%INT_NPE(LOW_IND:HIGH_IND,0:KAXIS,1:INT_N_EXT_PTS,-2:2)",CC_EDGE_TYPE,INT_NPE,"LOW_IND:HIGH_IND,0:KAXIS,1:INT_N_EXT_PTS,-2:2"
ccib.f90,17481,CC_SCALARS::GET_CRTCFCC_INT_STENCILS,ALLOCATE,"INT_NPE(LOW_IND:HIGH_IND,0:KAXIS,1:INT_N_EXT_PTS,-2:2)",(variable:local),INT_NPE,"LOW_IND:HIGH_IND,0:KAXIS,1:INT_N_EXT_PTS,-2:2"
ccib.f90,17481,CC_SCALARS::GET_CRTCFCC_INT_STENCILS,ALLOCATE,"INT_IJK(IAXIS:KAXIS,32)",(variable:local),INT_IJK,"IAXIS:KAXIS,32"
ccib.f90,17482,CC_SCALARS::GET_CRTCFCC_INT_STENCILS,ALLOCATE,"INT_DCOEF(32,1)",(variable:local),INT_DCOEF,"32,1"
ccib.f90,17743,CC_SCALARS::GET_CRTCFCC_INT_STENCILS,ALLOCATE,"CC_IBEDGE(IEDGE)%INT_IJK(IAXIS:KAXIS,NPE_LIST_START)",CC_EDGE_TYPE,INT_IJK,"IAXIS:KAXIS,NPE_LIST_START"
ccib.f90,17744,CC_SCALARS::GET_CRTCFCC_INT_STENCILS,ALLOCATE,"CC_IBEDGE(IEDGE)%INT_CVARS(1:N_INT_EP_CVARS,N_CVAR_START+1:N_CVAR_START+N_CVAR_COUNT)",CC_EDGE_TYPE,INT_CVARS,"1:N_INT_EP_CVARS,N_CVAR_START+1:N_CVAR_START+N_CVAR_COUNT"
ccib.f90,17745,CC_SCALARS::GET_CRTCFCC_INT_STENCILS,ALLOCATE,"CC_IBEDGE(IEDGE)%INT_FVARS(1:N_INT_EP_FVARS,N_FVAR_START+1:N_FVAR_START+N_FVAR_COUNT)",CC_EDGE_TYPE,INT_FVARS,"1:N_INT_EP_FVARS,N_FVAR_START+1:N_FVAR_START+N_FVAR_COUNT"
ccib.f90,17750,CC_SCALARS::GET_CRTCFCC_INT_STENCILS,ALLOCATE,"CC_IBEDGE(IEDGE)%INT_NOMIND(LOW_IND:HIGH_IND,NPE_LIST_START)",CC_EDGE_TYPE,INT_NOMIND,"LOW_IND:HIGH_IND,NPE_LIST_START"
ccib.f90,17751,CC_SCALARS::GET_CRTCFCC_INT_STENCILS,ALLOCATE,"CC_IBEDGE(IEDGE)%INT_DCOEF(NPE_LIST_START,1)",CC_EDGE_TYPE,INT_DCOEF,"NPE_LIST_START,1"
ccib.f90,17767,CC_SCALARS::GET_CRTCFCC_INT_STENCILS,ALLOCATE,MESHES(NM)%OMESH(NOM)%IIO_FC_R(DELTA_FC),OMESH_TYPE,IIO_FC_R,DELTA_FC
ccib.f90,17768,CC_SCALARS::GET_CRTCFCC_INT_STENCILS,ALLOCATE,MESHES(NM)%OMESH(NOM)%JJO_FC_R(DELTA_FC),OMESH_TYPE,JJO_FC_R,DELTA_FC
ccib.f90,17769,CC_SCALARS::GET_CRTCFCC_INT_STENCILS,ALLOCATE,MESHES(NM)%OMESH(NOM)%KKO_FC_R(DELTA_FC),OMESH_TYPE,KKO_FC_R,DELTA_FC
ccib.f90,17770,CC_SCALARS::GET_CRTCFCC_INT_STENCILS,ALLOCATE,MESHES(NM)%OMESH(NOM)%AXS_FC_R(DELTA_FC),OMESH_TYPE,AXS_FC_R,DELTA_FC
ccib.f90,17772,CC_SCALARS::GET_CRTCFCC_INT_STENCILS,ALLOCATE,MESHES(NM)%OMESH(NOM)%IIO_CC_R(DELTA_FC),OMESH_TYPE,IIO_CC_R,DELTA_FC
ccib.f90,17773,CC_SCALARS::GET_CRTCFCC_INT_STENCILS,ALLOCATE,MESHES(NM)%OMESH(NOM)%JJO_CC_R(DELTA_FC),OMESH_TYPE,JJO_CC_R,DELTA_FC
ccib.f90,17774,CC_SCALARS::GET_CRTCFCC_INT_STENCILS,ALLOCATE,MESHES(NM)%OMESH(NOM)%KKO_CC_R(DELTA_FC),OMESH_TYPE,KKO_CC_R,DELTA_FC
ccib.f90,17778,CC_SCALARS::GET_CRTCFCC_INT_STENCILS,ALLOCATE,"IJKFACE2(LOW_IND:HIGH_IND,ISTR:IEND,JSTR:JEND,KSTR:KEND,IAXIS:KAXIS)",(variable:local),IJKFACE2,"LOW_IND:HIGH_IND,ISTR:IEND,JSTR:JEND,KSTR:KEND,IAXIS:KAXIS"
ccib.f90,17788,CC_SCALARS::GET_CRTCFCC_INT_STENCILS,ALLOCATE,EP_TAG(INT_NPE_LO+1:INT_NPE_LO+INT_NPE_HI),(variable:local),EP_TAG,INT_NPE_LO+1:INT_NPE_LO+INT_NPE_HI
ccib.f90,17856,CC_SCALARS::GET_CRTCFCC_INT_STENCILS,ALLOCATE,EP_TAG(INT_NPE_LO+1:INT_NPE_LO+INT_NPE_HI),(variable:local),EP_TAG,INT_NPE_LO+1:INT_NPE_LO+INT_NPE_HI
ccib.f90,17918,CC_SCALARS::GET_CRTCFCC_INT_STENCILS,ALLOCATE,"IJKCELL(LOW_IND:HIGH_IND,ISTR:IEND,JSTR:JEND,KSTR:KEND)",(variable:local),IJKCELL,"LOW_IND:HIGH_IND,ISTR:IEND,JSTR:JEND,KSTR:KEND"
ccib.f90,17933,CC_SCALARS::GET_CRTCFCC_INT_STENCILS,ALLOCATE,EP_TAG(INT_NPE_LO+1:INT_NPE_LO+INT_NPE_HI),(variable:local),EP_TAG,INT_NPE_LO+1:INT_NPE_LO+INT_NPE_HI
ccib.f90,17970,CC_SCALARS::GET_CRTCFCC_INT_STENCILS,ALLOCATE,EP_TAG(INT_NPE_LO+1:INT_NPE_LO+INT_NPE_HI),(variable:local),EP_TAG,INT_NPE_LO+1:INT_NPE_LO+INT_NPE_HI
ccib.f90,18024,CC_SCALARS::GET_CRTCFCC_INT_STENCILS,ALLOCATE,IIO_CC_R_AUX(SIZE_REC),(variable:local),IIO_CC_R_AUX,SIZE_REC
ccib.f90,18024,CC_SCALARS::GET_CRTCFCC_INT_STENCILS,ALLOCATE,JJO_CC_R_AUX(SIZE_REC),(variable:local),JJO_CC_R_AUX,SIZE_REC
ccib.f90,18024,CC_SCALARS::GET_CRTCFCC_INT_STENCILS,ALLOCATE,KKO_CC_R_AUX(SIZE_REC),(variable:local),KKO_CC_R_AUX,SIZE_REC
ccib.f90,18028,CC_SCALARS::GET_CRTCFCC_INT_STENCILS,ALLOCATE,OMESH(NOM)%IIO_CC_R(SIZE_REC+DELTA_FC),OMESH_TYPE,IIO_CC_R,SIZE_REC+DELTA_FC
ccib.f90,18030,CC_SCALARS::GET_CRTCFCC_INT_STENCILS,ALLOCATE,OMESH(NOM)%JJO_CC_R(SIZE_REC+DELTA_FC),OMESH_TYPE,JJO_CC_R,SIZE_REC+DELTA_FC
ccib.f90,18032,CC_SCALARS::GET_CRTCFCC_INT_STENCILS,ALLOCATE,OMESH(NOM)%KKO_CC_R(SIZE_REC+DELTA_FC),OMESH_TYPE,KKO_CC_R,SIZE_REC+DELTA_FC
ccib.f90,18174,CC_SCALARS::GET_CRTCFCC_INT_STENCILS::COMPUTE_DCOEF,ALLOCATE,"INT_DCOEF(IAXIS:KAXIS,INT_NPE_LO+1:INT_NPE_LO+INT_NPE_HI)",(variable:host:GET_CRTCFCC_INT_STENCILS),INT_DCOEF,"IAXIS:KAXIS,INT_NPE_LO+1:INT_NPE_LO+INT_NPE_HI"
ccib.f90,18176,CC_SCALARS::GET_CRTCFCC_INT_STENCILS::COMPUTE_DCOEF,ALLOCATE,"MASK_IJK(ILO:IHI,JLO:JHI,KLO:KHI)",(variable:local),MASK_IJK,"ILO:IHI,JLO:JHI,KLO:KHI"
ccib.f90,18177,CC_SCALARS::GET_CRTCFCC_INT_STENCILS::COMPUTE_DCOEF,ALLOCATE,"RAW_DCOEF(IAXIS:KAXIS,ILO:IHI,JLO:JHI,KLO:KHI)",(variable:local),RAW_DCOEF,"IAXIS:KAXIS,ILO:IHI,JLO:JHI,KLO:KHI"
ccib.f90,18178,CC_SCALARS::GET_CRTCFCC_INT_STENCILS::COMPUTE_DCOEF,ALLOCATE,"N2(ILO:IHI,JLO:JHI,KLO:KHI)",(variable:local),N2,"ILO:IHI,JLO:JHI,KLO:KHI"
ccib.f90,18366,CC_SCALARS::GET_CRTCFCC_INT_STENCILS::RESTRICT_EP,ALLOCATE,"INT_IJK(IAXIS:KAXIS,INT_NPE_LO+1:INT_NPE_LO+INT_NPE_HI)",(variable:host:GET_CRTCFCC_INT_STENCILS),INT_IJK,"IAXIS:KAXIS,INT_NPE_LO+1:INT_NPE_LO+INT_NPE_HI"
ccib.f90,18367,CC_SCALARS::GET_CRTCFCC_INT_STENCILS::RESTRICT_EP,ALLOCATE,INT_COEF(INT_NPE_LO+1:INT_NPE_LO+INT_NPE_HI),(variable:host:GET_CRTCFCC_INT_STENCILS),INT_COEF,INT_NPE_LO+1:INT_NPE_LO+INT_NPE_HI
ccib.f90,18368,CC_SCALARS::GET_CRTCFCC_INT_STENCILS::RESTRICT_EP,ALLOCATE,"INT_NOMIND(LOW_IND:HIGH_IND,INT_NPE_LO+1:INT_NPE_LO+INT_NPE_HI)",(variable:host:GET_CRTCFCC_INT_STENCILS),INT_NOMIND,"LOW_IND:HIGH_IND,INT_NPE_LO+1:INT_NPE_LO+INT_NPE_HI"
ccib.f90,18537,CC_SCALARS::GET_CRTCFCC_INT_STENCILS::ASSIGN_TO_CC_R,ALLOCATE,IIO_CC_R_AUX(SIZE_REC),(variable:host:GET_CRTCFCC_INT_STENCILS),IIO_CC_R_AUX,SIZE_REC
ccib.f90,18537,CC_SCALARS::GET_CRTCFCC_INT_STENCILS::ASSIGN_TO_CC_R,ALLOCATE,JJO_CC_R_AUX(SIZE_REC),(variable:host:GET_CRTCFCC_INT_STENCILS),JJO_CC_R_AUX,SIZE_REC
ccib.f90,18537,CC_SCALARS::GET_CRTCFCC_INT_STENCILS::ASSIGN_TO_CC_R,ALLOCATE,KKO_CC_R_AUX(SIZE_REC),(variable:host:GET_CRTCFCC_INT_STENCILS),KKO_CC_R_AUX,SIZE_REC
ccib.f90,18541,CC_SCALARS::GET_CRTCFCC_INT_STENCILS::ASSIGN_TO_CC_R,ALLOCATE,OMESH(NOM)%IIO_CC_R(SIZE_REC+DELTA_FC),OMESH_TYPE,IIO_CC_R,SIZE_REC+DELTA_FC
ccib.f90,18543,CC_SCALARS::GET_CRTCFCC_INT_STENCILS::ASSIGN_TO_CC_R,ALLOCATE,OMESH(NOM)%JJO_CC_R(SIZE_REC+DELTA_FC),OMESH_TYPE,JJO_CC_R,SIZE_REC+DELTA_FC
ccib.f90,18545,CC_SCALARS::GET_CRTCFCC_INT_STENCILS::ASSIGN_TO_CC_R,ALLOCATE,OMESH(NOM)%KKO_CC_R(SIZE_REC+DELTA_FC),OMESH_TYPE,KKO_CC_R,SIZE_REC+DELTA_FC
ccib.f90,18567,CC_SCALARS::GET_CRTCFCC_INT_STENCILS::ASSIGN_TO_FC_R,ALLOCATE,IIO_FC_R_AUX(SIZE_REC),(variable:host:GET_CRTCFCC_INT_STENCILS),IIO_FC_R_AUX,SIZE_REC
ccib.f90,18567,CC_SCALARS::GET_CRTCFCC_INT_STENCILS::ASSIGN_TO_FC_R,ALLOCATE,JJO_FC_R_AUX(SIZE_REC),(variable:host:GET_CRTCFCC_INT_STENCILS),JJO_FC_R_AUX,SIZE_REC
ccib.f90,18567,CC_SCALARS::GET_CRTCFCC_INT_STENCILS::ASSIGN_TO_FC_R,ALLOCATE,KKO_FC_R_AUX(SIZE_REC),(variable:host:GET_CRTCFCC_INT_STENCILS),KKO_FC_R_AUX,SIZE_REC
ccib.f90,18568,CC_SCALARS::GET_CRTCFCC_INT_STENCILS::ASSIGN_TO_FC_R,ALLOCATE,AXS_FC_R_AUX(SIZE_REC),(variable:host:GET_CRTCFCC_INT_STENCILS),AXS_FC_R_AUX,SIZE_REC
ccib.f90,18573,CC_SCALARS::GET_CRTCFCC_INT_STENCILS::ASSIGN_TO_FC_R,ALLOCATE,OMESH(NOM)%IIO_FC_R(SIZE_REC+DELTA_FC),OMESH_TYPE,IIO_FC_R,SIZE_REC+DELTA_FC
ccib.f90,18575,CC_SCALARS::GET_CRTCFCC_INT_STENCILS::ASSIGN_TO_FC_R,ALLOCATE,OMESH(NOM)%JJO_FC_R(SIZE_REC+DELTA_FC),OMESH_TYPE,JJO_FC_R,SIZE_REC+DELTA_FC
ccib.f90,18577,CC_SCALARS::GET_CRTCFCC_INT_STENCILS::ASSIGN_TO_FC_R,ALLOCATE,OMESH(NOM)%KKO_FC_R(SIZE_REC+DELTA_FC),OMESH_TYPE,KKO_FC_R,SIZE_REC+DELTA_FC
ccib.f90,18579,CC_SCALARS::GET_CRTCFCC_INT_STENCILS::ASSIGN_TO_FC_R,ALLOCATE,OMESH(NOM)%AXS_FC_R(SIZE_REC+DELTA_FC),OMESH_TYPE,AXS_FC_R,SIZE_REC+DELTA_FC
ccib.f90,18651,CC_SCALARS::GET_CRTCFCC_INT_STENCILS::GET_INTSTENCILS_EP,ALLOCATE,"INT_IJK_AUX(IAXIS:KAXIS,DIM_NPE)",(variable:host:GET_CRTCFCC_INT_STENCILS),INT_IJK_AUX,"IAXIS:KAXIS,DIM_NPE"
ccib.f90,18651,CC_SCALARS::GET_CRTCFCC_INT_STENCILS::GET_INTSTENCILS_EP,ALLOCATE,INT_COEF_AUX(1:DIM_NPE),(variable:host:GET_CRTCFCC_INT_STENCILS),INT_COEF_AUX,1:DIM_NPE
ccib.f90,18655,CC_SCALARS::GET_CRTCFCC_INT_STENCILS::GET_INTSTENCILS_EP,ALLOCATE,"INT_IJK(IAXIS:KAXIS,NPE_LIST_START+MAX_INTERP_POINTS+DELTA_VERT)",(variable:local),INT_IJK,"IAXIS:KAXIS,NPE_LIST_START+MAX_INTERP_POINTS+DELTA_VERT"
ccib.f90,18656,CC_SCALARS::GET_CRTCFCC_INT_STENCILS::GET_INTSTENCILS_EP,ALLOCATE,INT_COEF(1:NPE_LIST_START+MAX_INTERP_POINTS+DELTA_VERT),(variable:local),INT_COEF,1:NPE_LIST_START+MAX_INTERP_POINTS+DELTA_VERT
ccib.f90,18698,CC_SCALARS::GET_CRTCFCC_INT_STENCILS::GET_INTSTENCILS_EP,ALLOCATE,"MASK_IJK(ILO:IHI,JLO:JHI,KLO:KHI)",(variable:local),MASK_IJK,"ILO:IHI,JLO:JHI,KLO:KHI"
ccib.f90,18699,CC_SCALARS::GET_CRTCFCC_INT_STENCILS::GET_INTSTENCILS_EP,ALLOCATE,"RAW_COEF(ILO:IHI,JLO:JHI,KLO:KHI)",(variable:local),RAW_COEF,"ILO:IHI,JLO:JHI,KLO:KHI"
ccib.f90,18942,CC_SCALARS::FILL_IJKO_INTERP_STENCILS,ALLOCATE,REQ0(NMESHES),(variable:local),REQ0,NMESHES
ccib.f90,19015,CC_SCALARS::FILL_IJKO_INTERP_STENCILS,ALLOCATE,M2%IIO_FC_S(M2%NFCC_S(1)),OMESH_TYPE,IIO_FC_S,M2%NFCC_S(1)
ccib.f90,19016,CC_SCALARS::FILL_IJKO_INTERP_STENCILS,ALLOCATE,M2%JJO_FC_S(M2%NFCC_S(1)),OMESH_TYPE,JJO_FC_S,M2%NFCC_S(1)
ccib.f90,19017,CC_SCALARS::FILL_IJKO_INTERP_STENCILS,ALLOCATE,M2%KKO_FC_S(M2%NFCC_S(1)),OMESH_TYPE,KKO_FC_S,M2%NFCC_S(1)
ccib.f90,19018,CC_SCALARS::FILL_IJKO_INTERP_STENCILS,ALLOCATE,M2%AXS_FC_S(M2%NFCC_S(1)),OMESH_TYPE,AXS_FC_S,M2%NFCC_S(1)
ccib.f90,19021,CC_SCALARS::FILL_IJKO_INTERP_STENCILS,ALLOCATE,M2%IIO_CC_S(M2%NFCC_S(2)),OMESH_TYPE,IIO_CC_S,M2%NFCC_S(2)
ccib.f90,19022,CC_SCALARS::FILL_IJKO_INTERP_STENCILS,ALLOCATE,M2%JJO_CC_S(M2%NFCC_S(2)),OMESH_TYPE,JJO_CC_S,M2%NFCC_S(2)
ccib.f90,19023,CC_SCALARS::FILL_IJKO_INTERP_STENCILS,ALLOCATE,M2%KKO_CC_S(M2%NFCC_S(2)),OMESH_TYPE,KKO_CC_S,M2%NFCC_S(2)
ccib.f90,19147,CC_SCALARS::FILL_IJKO_INTERP_STENCILS::CHECK_REQ0_SIZE,ALLOCATE,"REQ0DUM(SIZE(REQ0,DIM=1)+NMESHES)",(variable:host:FILL_IJKO_INTERP_STENCILS),REQ0DUM,"SIZE(REQ0,DIM=1)+NMESHES"
ccib.f90,19149,CC_SCALARS::FILL_IJKO_INTERP_STENCILS::CHECK_REQ0_SIZE,MOVE_ALLOC,REQ0,(variable:host:FILL_IJKO_INTERP_STENCILS),REQ0,(from REQ0DUM)
ccib.f90,19186,CC_SCALARS::GET_CLSPT_INBCF,ALLOCATE,CFELEM(1:VERT_CUTFACE+1),(variable:local),CFELEM,1:VERT_CUTFACE+1
ccib.f90,19571,CC_SCALARS::SET_CC_MATVEC_DATA,ALLOCATE,NNZ_D_MAT_Z(1:NUNKZ_LOCAL),(variable:host:CC_SCALARS),NNZ_D_MAT_Z,1:NUNKZ_LOCAL
ccib.f90,19572,CC_SCALARS::SET_CC_MATVEC_DATA,ALLOCATE,"JD_MAT_Z(1:NNZ_ROW_Z,1:NUNKZ_LOCAL)",(variable:host:CC_SCALARS),JD_MAT_Z,"1:NNZ_ROW_Z,1:NUNKZ_LOCAL"
ccib.f90,19588,CC_SCALARS::SET_CC_MATVEC_DATA,ALLOCATE,F_Z(1:NUNKZ_LOCAL),(variable:host:CC_SCALARS),F_Z,1:NUNKZ_LOCAL
ccib.f90,19588,CC_SCALARS::SET_CC_MATVEC_DATA,ALLOCATE,"F_Z0(1:NUNKZ_LOCAL,1:N_TOTAL_SCALARS)",(variable:host:CC_SCALARS),F_Z0,"1:NUNKZ_LOCAL,1:N_TOTAL_SCALARS"
ccib.f90,19588,CC_SCALARS::SET_CC_MATVEC_DATA,ALLOCATE,RZ_Z(1:NUNKZ_LOCAL),(variable:host:CC_SCALARS),RZ_Z,1:NUNKZ_LOCAL
ccib.f90,19588,CC_SCALARS::SET_CC_MATVEC_DATA,ALLOCATE,RZ_ZS(1:NUNKZ_LOCAL),(variable:host:CC_SCALARS),RZ_ZS,1:NUNKZ_LOCAL
ccib.f90,19589,CC_SCALARS::SET_CC_MATVEC_DATA,ALLOCATE,"RZ_Z0(1:NUNKZ_LOCAL,1:N_TOTAL_SCALARS)",(variable:host:CC_SCALARS),RZ_Z0,"1:NUNKZ_LOCAL,1:N_TOTAL_SCALARS"
ccib.f90,19590,CC_SCALARS::SET_CC_MATVEC_DATA,ALLOCATE,P_0_CV(1:NUNKZ_LOCAL),(variable:host:CC_SCALARS),P_0_CV,1:NUNKZ_LOCAL
ccib.f90,19590,CC_SCALARS::SET_CC_MATVEC_DATA,ALLOCATE,RHO_0_CV(1:NUNKZ_LOCAL),(variable:host:CC_SCALARS),RHO_0_CV,1:NUNKZ_LOCAL
ccib.f90,19612,CC_SCALARS::GET_RCEDGE_FACE_LIST,ALLOCATE,"M%CC_RCEDGE(IRC)%FACE_LIST(1:3,-2:2)",CC_EDGE_TYPE,FACE_LIST,"1:3,-2:2"
ccib.f90,19656,CC_SCALARS::GET_RCEDGE_FACE_LIST,ALLOCATE,"M%CC_RCEDGE(IRC)%FACE_LIST(1:3,-2:2)",CC_EDGE_TYPE,FACE_LIST,"1:3,-2:2"
ccib.f90,19700,CC_SCALARS::GET_RCEDGE_FACE_LIST,ALLOCATE,"M%CC_RCEDGE(IRC)%FACE_LIST(1:3,-2:2)",CC_EDGE_TYPE,FACE_LIST,"1:3,-2:2"
ccib.f90,19849,CC_SCALARS::FILL_UNKZ_GUARDCELLS,ALLOCATE,M3%UNKZ_CT_R(M3%NIC_R),OMESH_TYPE,UNKZ_CT_R,M3%NIC_R
ccib.f90,19853,CC_SCALARS::FILL_UNKZ_GUARDCELLS,ALLOCATE,M3%ICC_UNKZ_CC_R(3*M3%NICC_R(1)),OMESH_TYPE,ICC_UNKZ_CC_R,3*M3%NICC_R(1)
ccib.f90,19854,CC_SCALARS::FILL_UNKZ_GUARDCELLS,ALLOCATE,M3%UNKZ_CC_R(M3%NICC_R(2)),OMESH_TYPE,UNKZ_CC_R,M3%NICC_R(2)
ccib.f90,19937,CC_SCALARS::FILL_UNKZ_GUARDCELLS,ALLOCATE,M3%ICF_UFFB_CF_R(4*M3%NICF_R(1)),OMESH_TYPE,ICF_UFFB_CF_R,4*M3%NICF_R(1)
ccib.f90,19975,CC_SCALARS::FILL_UNKZ_GUARDCELLS,ALLOCATE,CF%VELS_OMESH(1:CF%NFACE),CC_CUTFACE_TYPE,VELS_OMESH,1:CF%NFACE
ccib.f90,19976,CC_SCALARS::FILL_UNKZ_GUARDCELLS,ALLOCATE,CF%VEL_OMESH(1:CF%NFACE),CC_CUTFACE_TYPE,VEL_OMESH,1:CF%NFACE
ccib.f90,19977,CC_SCALARS::FILL_UNKZ_GUARDCELLS,ALLOCATE,CF%VEL_LNK(1:CF%NFACE),CC_CUTFACE_TYPE,VEL_LNK,1:CF%NFACE
ccib.f90,19978,CC_SCALARS::FILL_UNKZ_GUARDCELLS,ALLOCATE,CF%VEL_LNK_OMESH(1:CF%NFACE),CC_CUTFACE_TYPE,VEL_LNK_OMESH,1:CF%NFACE
ccib.f90,19979,CC_SCALARS::FILL_UNKZ_GUARDCELLS,ALLOCATE,CF%FN_OMESH(1:CF%NFACE),CC_CUTFACE_TYPE,FN_OMESH,1:CF%NFACE
ccib.f90,19996,CC_SCALARS::FILL_UNKZ_GUARDCELLS,ALLOCATE,"M3%U_LNK(M3%I_MIN_R:M3%I_MAX_R,M3%J_MIN_R:M3%J_MAX_R,M3%K_MIN_R:M3%K_MAX_R)",OMESH_TYPE,U_LNK,"M3%I_MIN_R:M3%I_MAX_R,M3%J_MIN_R:M3%J_MAX_R,M3%K_MIN_R:M3%K_MAX_R"
ccib.f90,19997,CC_SCALARS::FILL_UNKZ_GUARDCELLS,ALLOCATE,"M3%V_LNK(M3%I_MIN_R:M3%I_MAX_R,M3%J_MIN_R:M3%J_MAX_R,M3%K_MIN_R:M3%K_MAX_R)",OMESH_TYPE,V_LNK,"M3%I_MIN_R:M3%I_MAX_R,M3%J_MIN_R:M3%J_MAX_R,M3%K_MIN_R:M3%K_MAX_R"
ccib.f90,19998,CC_SCALARS::FILL_UNKZ_GUARDCELLS,ALLOCATE,"M3%W_LNK(M3%I_MIN_R:M3%I_MAX_R,M3%J_MIN_R:M3%J_MAX_R,M3%K_MIN_R:M3%K_MAX_R)",OMESH_TYPE,W_LNK,"M3%I_MIN_R:M3%I_MAX_R,M3%J_MIN_R:M3%J_MAX_R,M3%K_MIN_R:M3%K_MAX_R"
ccib.f90,20010,CC_SCALARS::FILL_UNKZ_GUARDCELLS,ALLOCATE,REQ0(NMESHES),(variable:local),REQ0,NMESHES
ccib.f90,20049,CC_SCALARS::FILL_UNKZ_GUARDCELLS,ALLOCATE,M2%UNKZ_CT_S(M2%NIC_S),OMESH_TYPE,UNKZ_CT_S,M2%NIC_S
ccib.f90,20054,CC_SCALARS::FILL_UNKZ_GUARDCELLS,ALLOCATE,M2%ICC_UNKZ_CC_S(3*M2%NICC_S(1)),OMESH_TYPE,ICC_UNKZ_CC_S,3*M2%NICC_S(1)
ccib.f90,20055,CC_SCALARS::FILL_UNKZ_GUARDCELLS,ALLOCATE,M2%UNKZ_CC_S(M2%NICC_S(2)),OMESH_TYPE,UNKZ_CC_S,M2%NICC_S(2)
ccib.f90,20231,CC_SCALARS::FILL_UNKZ_GUARDCELLS,ALLOCATE,M2%ICF_UFFB_CF_S(4*M2%NICF_S(1)),OMESH_TYPE,ICF_UFFB_CF_S,4*M2%NICF_S(1)
ccib.f90,20263,CC_SCALARS::FILL_UNKZ_GUARDCELLS,ALLOCATE,INT1D(1:M2%NICF_S(1)),(variable:local),INT1D,1:M2%NICF_S(1)
ccib.f90,20264,CC_SCALARS::FILL_UNKZ_GUARDCELLS,MOVE_ALLOC,M2%ICF_UFFB_CF_S,OMESH_TYPE,ICF_UFFB_CF_S,(from FROM=INT1D)
ccib.f90,20281,CC_SCALARS::FILL_UNKZ_GUARDCELLS,ALLOCATE,INT1D(1:M2%NICF_S(1)),(variable:local),INT1D,1:M2%NICF_S(1)
ccib.f90,20282,CC_SCALARS::FILL_UNKZ_GUARDCELLS,MOVE_ALLOC,M2%ICF_UFFB_CF_S,OMESH_TYPE,ICF_UFFB_CF_S,(from FROM=INT1D)
ccib.f90,20297,CC_SCALARS::FILL_UNKZ_GUARDCELLS,ALLOCATE,INT1D(1:M3%NICF_R(1)),(variable:local),INT1D,1:M3%NICF_R(1)
ccib.f90,20298,CC_SCALARS::FILL_UNKZ_GUARDCELLS,MOVE_ALLOC,M3%ICF_UFFB_CF_R,OMESH_TYPE,ICF_UFFB_CF_R,(from FROM=INT1D)
ccib.f90,20311,CC_SCALARS::FILL_UNKZ_GUARDCELLS,ALLOCATE,MESHES(NM)%CUT_FACE(ICF)%VEL_LNK(1:CF%NFACE),CC_CUTFACE_TYPE,VEL_LNK,1:CF%NFACE
ccib.f90,20319,CC_SCALARS::FILL_UNKZ_GUARDCELLS,ALLOCATE,NCC_SV(1:NMESHES),(variable:local),NCC_SV,1:NMESHES
ccib.f90,20365,CC_SCALARS::FILL_UNKZ_GUARDCELLS,ALLOCATE,NCC_SV(1:NMESHES),(variable:local),NCC_SV,1:NMESHES
ccib.f90,20413,CC_SCALARS::FILL_UNKZ_GUARDCELLS,ALLOCATE,"M%CCVAR(ISTR:IEND,JSTR:JEND,KSTR:KEND,CC_UNKZ:CC_UNKZ)",MESH_TYPE,CCVAR,"ISTR:IEND,JSTR:JEND,KSTR:KEND,CC_UNKZ:CC_UNKZ"
ccib.f90,20430,CC_SCALARS::FILL_UNKZ_GUARDCELLS::CHECK_REQ0_SIZE,ALLOCATE,"REQ0DUM(SIZE(REQ0,DIM=1)+NMESHES)",(variable:host:FILL_UNKZ_GUARDCELLS),REQ0DUM,"SIZE(REQ0,DIM=1)+NMESHES"
ccib.f90,20432,CC_SCALARS::FILL_UNKZ_GUARDCELLS::CHECK_REQ0_SIZE,MOVE_ALLOC,REQ0,(variable:host:FILL_UNKZ_GUARDCELLS),REQ0,(from REQ0DUM)
ccib.f90,21152,CC_SCALARS::ADD_INPLACE_NNZ_H_WHLDOM,ALLOCATE,ZONE_SOLVE(IPZ)%ROW_H(ILOC)%JD(7),H_ROW_TYPE,JD,7
ccib.f90,21153,CC_SCALARS::ADD_INPLACE_NNZ_H_WHLDOM,ALLOCATE,ZONE_SOLVE(IPZ)%ROW_H(ILOC)%D(7),H_ROW_TYPE,D,7
ccib.f90,21194,CC_SCALARS::INSERT_SORTED_INT_REAL,ALLOCATE,JD_TMP(CAP),(variable:local),JD_TMP,CAP
ccib.f90,21195,CC_SCALARS::INSERT_SORTED_INT_REAL,ALLOCATE,D_TMP(CAP),(variable:local),D_TMP,CAP
ccib.f90,21202,CC_SCALARS::INSERT_SORTED_INT_REAL,MOVE_ALLOC,JD,(variable:local),JD,(from JD_TMP)
ccib.f90,21203,CC_SCALARS::INSERT_SORTED_INT_REAL,MOVE_ALLOC,D,(variable:local),D,(from D_TMP)
ccib.f90,21244,CC_SCALARS::GET_MMATRIX_SCALAR_3D,ALLOCATE,M_MAT_Z(1:NUNKZ_LOCAL),(variable:host:CC_SCALARS),M_MAT_Z,1:NUNKZ_LOCAL
ccib.f90,21245,CC_SCALARS::GET_MMATRIX_SCALAR_3D,ALLOCATE,JM_MAT_Z(1:NUNKZ_LOCAL),(variable:host:CC_SCALARS),JM_MAT_Z,1:NUNKZ_LOCAL
ccib.f90,21602,CC_SCALARS::GET_RCFACES_H,ALLOCATE,"IJKFACE(ILO_FACE:IHI_FACE,JLO_FACE:JHI_FACE,KLO_FACE:KHI_FACE,IAXIS:KAXIS)",(variable:local),IJKFACE,"ILO_FACE:IHI_FACE,JLO_FACE:JHI_FACE,KLO_FACE:KHI_FACE,IAXIS:KAXIS"
ccib.f90,21708,CC_SCALARS::GET_RCFACES_H,ALLOCATE,XCELL(ISTR:IEND),(variable:host:CC_SCALARS),XCELL,ISTR:IEND
ccib.f90,21712,CC_SCALARS::GET_RCFACES_H,ALLOCATE,YCELL(JSTR:JEND),(variable:host:CC_SCALARS),YCELL,JSTR:JEND
ccib.f90,21716,CC_SCALARS::GET_RCFACES_H,ALLOCATE,ZCELL(KSTR:KEND),(variable:host:CC_SCALARS),ZCELL,KSTR:KEND
ccib.f90,21721,CC_SCALARS::GET_RCFACES_H,ALLOCATE,M%RCF_H(IRC),MESH_TYPE,RCF_H,IRC
ccib.f90,21993,CC_SCALARS::GET_GASPHASE_REGRCFACES_DATA,ALLOCATE,XCELL(ISTR:IEND),(variable:host:CC_SCALARS),XCELL,ISTR:IEND
ccib.f90,21997,CC_SCALARS::GET_GASPHASE_REGRCFACES_DATA,ALLOCATE,YCELL(JSTR:JEND),(variable:host:CC_SCALARS),YCELL,JSTR:JEND
ccib.f90,22001,CC_SCALARS::GET_GASPHASE_REGRCFACES_DATA,ALLOCATE,ZCELL(KSTR:KEND),(variable:host:CC_SCALARS),ZCELL,KSTR:KEND
ccib.f90,22008,CC_SCALARS::GET_GASPHASE_REGRCFACES_DATA,ALLOCATE,"IJKBUFFER(IAXIS:KAXIS+1,1:(NXB+1)*(NYB+1)*(NZB+1))",(variable:local),IJKBUFFER,"IAXIS:KAXIS+1,1:(NXB+1)*(NYB+1)*(NZB+1)"
ccib.f90,22009,CC_SCALARS::GET_GASPHASE_REGRCFACES_DATA,ALLOCATE,"LOHIBUFF(LOW_IND:HIGH_IND,1:(NXB+1)*(NYB+1)*(NZB+1))",(variable:local),LOHIBUFF,"LOW_IND:HIGH_IND,1:(NXB+1)*(NYB+1)*(NZB+1)"
ccib.f90,22086,CC_SCALARS::GET_GASPHASE_REGRCFACES_DATA,ALLOCATE,M%CC_REGFACE_IAXIS_Z(IREG),MESH_TYPE,CC_REGFACE_IAXIS_Z,IREG
ccib.f90,22092,CC_SCALARS::GET_GASPHASE_REGRCFACES_DATA,ALLOCATE,M%CC_REGFACE_IAXIS_Z(II)%RHOZZ_U(1:N_TOTAL_SCALARS),CC_REGFACEZ_TYPE,RHOZZ_U,1:N_TOTAL_SCALARS
ccib.f90,22093,CC_SCALARS::GET_GASPHASE_REGRCFACES_DATA,ALLOCATE,M%CC_REGFACE_IAXIS_Z(II)%FN_ZZ(1:N_TOTAL_SCALARS),CC_REGFACEZ_TYPE,FN_ZZ,1:N_TOTAL_SCALARS
ccib.f90,22094,CC_SCALARS::GET_GASPHASE_REGRCFACES_DATA,ALLOCATE,M%CC_REGFACE_IAXIS_Z(II)%RHO_D_DZDN(1:N_TOTAL_SCALARS),CC_REGFACEZ_TYPE,RHO_D_DZDN,1:N_TOTAL_SCALARS
ccib.f90,22095,CC_SCALARS::GET_GASPHASE_REGRCFACES_DATA,ALLOCATE,M%CC_REGFACE_IAXIS_Z(II)%H_RHO_D_DZDN(1:N_TOTAL_SCALARS),CC_REGFACEZ_TYPE,H_RHO_D_DZDN,1:N_TOTAL_SCALARS
ccib.f90,22176,CC_SCALARS::GET_GASPHASE_REGRCFACES_DATA,ALLOCATE,M%CC_REGFACE_JAXIS_Z(IREG),MESH_TYPE,CC_REGFACE_JAXIS_Z,IREG
ccib.f90,22182,CC_SCALARS::GET_GASPHASE_REGRCFACES_DATA,ALLOCATE,M%CC_REGFACE_JAXIS_Z(II)%RHOZZ_U(1:N_TOTAL_SCALARS),CC_REGFACEZ_TYPE,RHOZZ_U,1:N_TOTAL_SCALARS
ccib.f90,22183,CC_SCALARS::GET_GASPHASE_REGRCFACES_DATA,ALLOCATE,M%CC_REGFACE_JAXIS_Z(II)%FN_ZZ(1:N_TOTAL_SCALARS),CC_REGFACEZ_TYPE,FN_ZZ,1:N_TOTAL_SCALARS
ccib.f90,22184,CC_SCALARS::GET_GASPHASE_REGRCFACES_DATA,ALLOCATE,M%CC_REGFACE_JAXIS_Z(II)%RHO_D_DZDN(1:N_TOTAL_SCALARS),CC_REGFACEZ_TYPE,RHO_D_DZDN,1:N_TOTAL_SCALARS
ccib.f90,22185,CC_SCALARS::GET_GASPHASE_REGRCFACES_DATA,ALLOCATE,M%CC_REGFACE_JAXIS_Z(II)%H_RHO_D_DZDN(1:N_TOTAL_SCALARS),CC_REGFACEZ_TYPE,H_RHO_D_DZDN,1:N_TOTAL_SCALARS
ccib.f90,22266,CC_SCALARS::GET_GASPHASE_REGRCFACES_DATA,ALLOCATE,M%CC_REGFACE_KAXIS_Z(IREG),MESH_TYPE,CC_REGFACE_KAXIS_Z,IREG
ccib.f90,22272,CC_SCALARS::GET_GASPHASE_REGRCFACES_DATA,ALLOCATE,M%CC_REGFACE_KAXIS_Z(II)%RHOZZ_U(1:N_TOTAL_SCALARS),CC_REGFACEZ_TYPE,RHOZZ_U,1:N_TOTAL_SCALARS
ccib.f90,22273,CC_SCALARS::GET_GASPHASE_REGRCFACES_DATA,ALLOCATE,M%CC_REGFACE_KAXIS_Z(II)%FN_ZZ(1:N_TOTAL_SCALARS),CC_REGFACEZ_TYPE,FN_ZZ,1:N_TOTAL_SCALARS
ccib.f90,22274,CC_SCALARS::GET_GASPHASE_REGRCFACES_DATA,ALLOCATE,M%CC_REGFACE_KAXIS_Z(II)%RHO_D_DZDN(1:N_TOTAL_SCALARS),CC_REGFACEZ_TYPE,RHO_D_DZDN,1:N_TOTAL_SCALARS
ccib.f90,22275,CC_SCALARS::GET_GASPHASE_REGRCFACES_DATA,ALLOCATE,M%CC_REGFACE_KAXIS_Z(II)%H_RHO_D_DZDN(1:N_TOTAL_SCALARS),CC_REGFACEZ_TYPE,H_RHO_D_DZDN,1:N_TOTAL_SCALARS
ccib.f90,22284,CC_SCALARS::GET_GASPHASE_REGRCFACES_DATA,ALLOCATE,"IJKFACE(ILO_FACE:IHI_FACE,JLO_FACE:JHI_FACE,KLO_FACE:KHI_FACE,IAXIS:KAXIS,OZPOS:IFPOS)",(variable:local),IJKFACE,"ILO_FACE:IHI_FACE,JLO_FACE:JHI_FACE,KLO_FACE:KHI_FACE,IAXIS:KAXIS,OZPOS:IFPOS"
ccib.f90,22404,CC_SCALARS::GET_GASPHASE_REGRCFACES_DATA,ALLOCATE,M%RC_FACE(IRC),MESH_TYPE,RC_FACE,IRC
ccib.f90,22406,CC_SCALARS::GET_GASPHASE_REGRCFACES_DATA,ALLOCATE,M%RC_FACE(II)%ZZ_FACE(1:N_TOTAL_SCALARS),CC_RCFACE_TYPE,ZZ_FACE,1:N_TOTAL_SCALARS
ccib.f90,22407,CC_SCALARS::GET_GASPHASE_REGRCFACES_DATA,ALLOCATE,M%RC_FACE(II)%RHO_D_DZDN(1:N_TOTAL_SCALARS),CC_RCFACE_TYPE,RHO_D_DZDN,1:N_TOTAL_SCALARS
ccib.f90,22408,CC_SCALARS::GET_GASPHASE_REGRCFACES_DATA,ALLOCATE,M%RC_FACE(II)%H_RHO_D_DZDN(1:N_TOTAL_SCALARS),CC_RCFACE_TYPE,H_RHO_D_DZDN,1:N_TOTAL_SCALARS
ccib.f90,22969,CC_SCALARS::GET_LINKED_MATRIX_INDEXES_Z,ALLOCATE,NUNKZ_LOC(1:NMESHES),(variable:host:CC_SCALARS),NUNKZ_LOC,1:NMESHES
ccib.f90,23060,CC_SCALARS::GET_LINKED_MATRIX_INDEXES_Z,ALLOCATE,CELLPUNKZ(1:NUNKZ_LOC(NM)),(variable:local),CELLPUNKZ,1:NUNKZ_LOC(NM)
ccib.f90,23060,CC_SCALARS::GET_LINKED_MATRIX_INDEXES_Z,ALLOCATE,INDUNKZ(1:NUNKZ_LOC(NM)),(variable:local),INDUNKZ,1:NUNKZ_LOC(NM)
ccib.f90,23097,CC_SCALARS::GET_LINKED_MATRIX_INDEXES_Z,ALLOCATE,NUNKZ_TOT(1:NMESHES),(variable:host:CC_SCALARS),NUNKZ_TOT,1:NMESHES
ccib.f90,23105,CC_SCALARS::GET_LINKED_MATRIX_INDEXES_Z,ALLOCATE,UNKZ_ILC(1:NMESHES),(variable:host:CC_SCALARS),UNKZ_ILC,1:NMESHES
ccib.f90,23107,CC_SCALARS::GET_LINKED_MATRIX_INDEXES_Z,ALLOCATE,UNKZ_IND(1:NMESHES),(variable:host:CC_SCALARS),UNKZ_IND,1:NMESHES
ccib.f90,23171,CC_SCALARS::GET_LINKED_FACE_INDEXES_F,ALLOCATE,"FACE_LIST(4,SIZE_FACE)",(variable:local),FACE_LIST,"4,SIZE_FACE"
ccib.f90,23171,CC_SCALARS::GET_LINKED_FACE_INDEXES_F,ALLOCATE,FACE_AREA(SIZE_FACE),(variable:local),FACE_AREA,SIZE_FACE
ccib.f90,23338,CC_SCALARS::GET_LINKED_FACE_INDEXES_F,ALLOCATE,M%EWC_UN_LNK(0:M%N_EXTERNAL_WALL_CELLS),MESH_TYPE,EWC_UN_LNK,0:M%N_EXTERNAL_WALL_CELLS
ccib.f90,23339,CC_SCALARS::GET_LINKED_FACE_INDEXES_F,ALLOCATE,M%UN_LNK(0:M%NUNK_F),MESH_TYPE,UN_LNK,0:M%NUNK_F
ccib.f90,23343,CC_SCALARS::GET_LINKED_FACE_INDEXES_F,ALLOCATE,CF%VEL_LNK(1:CF%NFACE),CC_CUTFACE_TYPE,VEL_LNK,1:CF%NFACE
ccib.f90,23395,CC_SCALARS::GET_LINKED_FACE_INDEXES_F,ALLOCATE,M%UN_ULNK(COUNT),MESH_TYPE,UN_ULNK,COUNT
ccib.f90,23849,CC_SCALARS::GET_LINKED_FACE_INDEXES_F::LINK_FACES_TO_NEIGHBORS,ALLOCATE,"FACELAUX(4,SIZE_FACE+20)",(variable:host:GET_LINKED_FACE_INDEXES_F),FACELAUX,"4,SIZE_FACE+20"
ccib.f90,23849,CC_SCALARS::GET_LINKED_FACE_INDEXES_F::LINK_FACES_TO_NEIGHBORS,ALLOCATE,FACEARAUX(SIZE_FACE+20),(variable:host:GET_LINKED_FACE_INDEXES_F),FACEARAUX,SIZE_FACE+20
ccib.f90,23852,CC_SCALARS::GET_LINKED_FACE_INDEXES_F::LINK_FACES_TO_NEIGHBORS,MOVE_ALLOC,FACE_LIST,(variable:host:GET_LINKED_FACE_INDEXES_F),FACE_LIST,(from FROM=FACELAUX)
ccib.f90,23853,CC_SCALARS::GET_LINKED_FACE_INDEXES_F::LINK_FACES_TO_NEIGHBORS,MOVE_ALLOC,FACE_AREA,(variable:host:GET_LINKED_FACE_INDEXES_F),FACE_AREA,(from FROM=FACEARAUX)
ccib.f90,23913,CC_SCALARS::GET_LINKED_FACE_INDEXES_F::LINK_FACES_TO_NEIGHBORS,ALLOCATE,"FACELAUX(4,SIZE_FACE+20)",(variable:host:GET_LINKED_FACE_INDEXES_F),FACELAUX,"4,SIZE_FACE+20"
ccib.f90,23913,CC_SCALARS::GET_LINKED_FACE_INDEXES_F::LINK_FACES_TO_NEIGHBORS,ALLOCATE,FACEARAUX(SIZE_FACE+20),(variable:host:GET_LINKED_FACE_INDEXES_F),FACEARAUX,SIZE_FACE+20
ccib.f90,23916,CC_SCALARS::GET_LINKED_FACE_INDEXES_F::LINK_FACES_TO_NEIGHBORS,MOVE_ALLOC,FACE_LIST,(variable:host:GET_LINKED_FACE_INDEXES_F),FACE_LIST,(from FROM=FACELAUX)
ccib.f90,23917,CC_SCALARS::GET_LINKED_FACE_INDEXES_F::LINK_FACES_TO_NEIGHBORS,MOVE_ALLOC,FACE_AREA,(variable:host:GET_LINKED_FACE_INDEXES_F),FACE_AREA,(from FROM=FACEARAUX)
ccib.f90,23976,CC_SCALARS::GET_LINKED_FACE_INDEXES_F::LINK_FACES_TO_NEIGHBORS,ALLOCATE,"FACELAUX(4,SIZE_FACE+20)",(variable:host:GET_LINKED_FACE_INDEXES_F),FACELAUX,"4,SIZE_FACE+20"
ccib.f90,23976,CC_SCALARS::GET_LINKED_FACE_INDEXES_F::LINK_FACES_TO_NEIGHBORS,ALLOCATE,FACEARAUX(SIZE_FACE+20),(variable:host:GET_LINKED_FACE_INDEXES_F),FACEARAUX,SIZE_FACE+20
ccib.f90,23979,CC_SCALARS::GET_LINKED_FACE_INDEXES_F::LINK_FACES_TO_NEIGHBORS,MOVE_ALLOC,FACE_LIST,(variable:host:GET_LINKED_FACE_INDEXES_F),FACE_LIST,(from FROM=FACELAUX)
ccib.f90,23980,CC_SCALARS::GET_LINKED_FACE_INDEXES_F::LINK_FACES_TO_NEIGHBORS,MOVE_ALLOC,FACE_AREA,(variable:host:GET_LINKED_FACE_INDEXES_F),FACE_AREA,(from FROM=FACEARAUX)
chem.f90,899,CVODE_INTERFACE::CVODE_SERIAL,ALLOCATE,USER_DATA%ZZ_0(N_TRACKED_SPECIES),USERDATA,ZZ_0,N_TRACKED_SPECIES
chem.f90,919,CVODE_INTERFACE::CVODE_SERIAL,ALLOCATE,"CVODE_SUBSTEP_DATA((CVODE_MAX_TRY+1)*MAX_CVODE_SUBSTEPS,N_TRACKED_SPECIES+4)",(variable:use:CHEMCONS),CVODE_SUBSTEP_DATA,"(CVODE_MAX_TRY+1)*MAX_CVODE_SUBSTEPS,N_TRACKED_SPECIES+4"
data.f90,55,OUTPUT_DATA::DEFINE_OUTPUT_QUANTITIES,ALLOCATE,OUTPUT_QUANTITY(-N_OUTPUT_QUANTITIES:N_OUTPUT_QUANTITIES),(variable:host:OUTPUT_DATA),OUTPUT_QUANTITY,-N_OUTPUT_QUANTITIES:N_OUTPUT_QUANTITIES
divg.f90,433,DIVG::DIVERGENCE_PART_1,ALLOCATE,ZZ_GET(1:N_TRACKED_SPECIES),(variable:local),ZZ_GET,1:N_TRACKED_SPECIES
divg.f90,461,DIVG::DIVERGENCE_PART_1,ALLOCATE,ZZ_GET(1:N_TRACKED_SPECIES),(variable:local),ZZ_GET,1:N_TRACKED_SPECIES
divg.f90,812,DIVG::ENTHALPY_ADVECTION_NEW,ALLOCATE,ZZ_GET(1:N_TRACKED_SPECIES),(variable:local),ZZ_GET,1:N_TRACKED_SPECIES
divg.f90,833,DIVG::ENTHALPY_ADVECTION_NEW,ALLOCATE,ZZ_GET(1:N_TRACKED_SPECIES),(variable:local),ZZ_GET,1:N_TRACKED_SPECIES
dump.f90,302,DUMP::ASSIGN_FILE_NAMES,ALLOCATE,FILE_COUNTER(0:N_MPI_PROCESSES),(variable:use:GLOBAL_CONSTANTS),FILE_COUNTER,0:N_MPI_PROCESSES
dump.f90,368,DUMP::ASSIGN_FILE_NAMES,ALLOCATE,LU_DEVC(N_DEVC_FILES),(variable:use:GLOBAL_CONSTANTS),LU_DEVC,N_DEVC_FILES
dump.f90,369,DUMP::ASSIGN_FILE_NAMES,ALLOCATE,FN_DEVC(N_DEVC_FILES),(variable:use:GLOBAL_CONSTANTS),FN_DEVC,N_DEVC_FILES
dump.f90,370,DUMP::ASSIGN_FILE_NAMES,ALLOCATE,LU_CTRL(N_CTRL_FILES),(variable:use:GLOBAL_CONSTANTS),LU_CTRL,N_CTRL_FILES
dump.f90,371,DUMP::ASSIGN_FILE_NAMES,ALLOCATE,FN_CTRL(N_CTRL_FILES),(variable:use:GLOBAL_CONSTANTS),FN_CTRL,N_CTRL_FILES
dump.f90,394,DUMP::ASSIGN_FILE_NAMES,ALLOCATE,LU_PROF(N_PROF),(variable:use:GLOBAL_CONSTANTS),LU_PROF,N_PROF
dump.f90,395,DUMP::ASSIGN_FILE_NAMES,ALLOCATE,FN_PROF(N_PROF),(variable:use:GLOBAL_CONSTANTS),FN_PROF,N_PROF
dump.f90,405,DUMP::ASSIGN_FILE_NAMES,ALLOCATE,FN_XYZ(NMESHES),(variable:use:GLOBAL_CONSTANTS),FN_XYZ,NMESHES
dump.f90,406,DUMP::ASSIGN_FILE_NAMES,ALLOCATE,LU_XYZ(NMESHES),(variable:use:GLOBAL_CONSTANTS),LU_XYZ,NMESHES
dump.f90,407,DUMP::ASSIGN_FILE_NAMES,ALLOCATE,FN_PL3D(2*NMESHES),(variable:use:GLOBAL_CONSTANTS),FN_PL3D,2*NMESHES
dump.f90,408,DUMP::ASSIGN_FILE_NAMES,ALLOCATE,LU_PL3D(2*NMESHES),(variable:use:GLOBAL_CONSTANTS),LU_PL3D,2*NMESHES
dump.f90,410,DUMP::ASSIGN_FILE_NAMES,ALLOCATE,"FN_ISOF(N_ISOF,NMESHES)",(variable:use:GLOBAL_CONSTANTS),FN_ISOF,"N_ISOF,NMESHES"
dump.f90,411,DUMP::ASSIGN_FILE_NAMES,ALLOCATE,"LU_ISOF(N_ISOF,NMESHES)",(variable:use:GLOBAL_CONSTANTS),LU_ISOF,"N_ISOF,NMESHES"
dump.f90,412,DUMP::ASSIGN_FILE_NAMES,ALLOCATE,"FN_ISOF2(N_ISOF,NMESHES)",(variable:use:GLOBAL_CONSTANTS),FN_ISOF2,"N_ISOF,NMESHES"
dump.f90,413,DUMP::ASSIGN_FILE_NAMES,ALLOCATE,"LU_ISOF2(N_ISOF,NMESHES)",(variable:use:GLOBAL_CONSTANTS),LU_ISOF2,"N_ISOF,NMESHES"
dump.f90,414,DUMP::ASSIGN_FILE_NAMES,ALLOCATE,"FN_SLCF(3*N_SLCF_MAX,NMESHES)",(variable:use:GLOBAL_CONSTANTS),FN_SLCF,"3*N_SLCF_MAX,NMESHES"
dump.f90,415,DUMP::ASSIGN_FILE_NAMES,ALLOCATE,"LU_SLCF(3*N_SLCF_MAX,NMESHES)",(variable:use:GLOBAL_CONSTANTS),LU_SLCF,"3*N_SLCF_MAX,NMESHES"
dump.f90,416,DUMP::ASSIGN_FILE_NAMES,ALLOCATE,"FN_SLCF_GEOM(N_SLCF_MAX,NMESHES)",(variable:use:GLOBAL_CONSTANTS),FN_SLCF_GEOM,"N_SLCF_MAX,NMESHES"
dump.f90,417,DUMP::ASSIGN_FILE_NAMES,ALLOCATE,"LU_SLCF_GEOM(N_SLCF_MAX,NMESHES)",(variable:use:GLOBAL_CONSTANTS),LU_SLCF_GEOM,"N_SLCF_MAX,NMESHES"
dump.f90,418,DUMP::ASSIGN_FILE_NAMES,ALLOCATE,FN_GEOM(2),(variable:use:GLOBAL_CONSTANTS),FN_GEOM,2
dump.f90,419,DUMP::ASSIGN_FILE_NAMES,ALLOCATE,LU_GEOM(2),(variable:use:GLOBAL_CONSTANTS),LU_GEOM,2
dump.f90,420,DUMP::ASSIGN_FILE_NAMES,ALLOCATE,"FN_BNDF(2*N_BNDF,NMESHES)",(variable:use:GLOBAL_CONSTANTS),FN_BNDF,"2*N_BNDF,NMESHES"
dump.f90,421,DUMP::ASSIGN_FILE_NAMES,ALLOCATE,"LU_BNDF(2*N_BNDF,NMESHES)",(variable:use:GLOBAL_CONSTANTS),LU_BNDF,"2*N_BNDF,NMESHES"
dump.f90,423,DUMP::ASSIGN_FILE_NAMES,ALLOCATE,FN_CFACE_GEOM(NMESHES),(variable:use:GLOBAL_CONSTANTS),FN_CFACE_GEOM,NMESHES
dump.f90,424,DUMP::ASSIGN_FILE_NAMES,ALLOCATE,LU_CFACE_GEOM(NMESHES),(variable:use:GLOBAL_CONSTANTS),LU_CFACE_GEOM,NMESHES
dump.f90,425,DUMP::ASSIGN_FILE_NAMES,ALLOCATE,"FN_BNDG(2*N_BNDF,NMESHES)",(variable:use:GLOBAL_CONSTANTS),FN_BNDG,"2*N_BNDF,NMESHES"
dump.f90,426,DUMP::ASSIGN_FILE_NAMES,ALLOCATE,"LU_BNDG(2*N_BNDF,NMESHES)",(variable:use:GLOBAL_CONSTANTS),LU_BNDG,"2*N_BNDF,NMESHES"
dump.f90,429,DUMP::ASSIGN_FILE_NAMES,ALLOCATE,"FN_RADF(N_RADF_MAX,NMESHES)",(variable:use:GLOBAL_CONSTANTS),FN_RADF,"N_RADF_MAX,NMESHES"
dump.f90,430,DUMP::ASSIGN_FILE_NAMES,ALLOCATE,"LU_RADF(N_RADF_MAX,NMESHES)",(variable:use:GLOBAL_CONSTANTS),LU_RADF,"N_RADF_MAX,NMESHES"
dump.f90,433,DUMP::ASSIGN_FILE_NAMES,ALLOCATE,FN_TERRAIN(NMESHES),(variable:use:GLOBAL_CONSTANTS),FN_TERRAIN,NMESHES
dump.f90,434,DUMP::ASSIGN_FILE_NAMES,ALLOCATE,LU_TERRAIN(NMESHES),(variable:use:GLOBAL_CONSTANTS),LU_TERRAIN,NMESHES
dump.f90,436,DUMP::ASSIGN_FILE_NAMES,ALLOCATE,"FN_SMOKE3D(N_SMOKE3D*2,NMESHES)",(variable:use:GLOBAL_CONSTANTS),FN_SMOKE3D,"N_SMOKE3D*2,NMESHES"
dump.f90,437,DUMP::ASSIGN_FILE_NAMES,ALLOCATE,"LU_SMOKE3D(N_SMOKE3D*2,NMESHES)",(variable:use:GLOBAL_CONSTANTS),LU_SMOKE3D,"N_SMOKE3D*2,NMESHES"
dump.f90,438,DUMP::ASSIGN_FILE_NAMES,ALLOCATE,FN_PART(2*NMESHES),(variable:use:GLOBAL_CONSTANTS),FN_PART,2*NMESHES
dump.f90,439,DUMP::ASSIGN_FILE_NAMES,ALLOCATE,LU_PART(2*NMESHES),(variable:use:GLOBAL_CONSTANTS),LU_PART,2*NMESHES
dump.f90,440,DUMP::ASSIGN_FILE_NAMES,ALLOCATE,FN_CORE(NMESHES),(variable:use:GLOBAL_CONSTANTS),FN_CORE,NMESHES
dump.f90,441,DUMP::ASSIGN_FILE_NAMES,ALLOCATE,LU_CORE(NMESHES),(variable:use:GLOBAL_CONSTANTS),LU_CORE,NMESHES
dump.f90,442,DUMP::ASSIGN_FILE_NAMES,ALLOCATE,FN_RESTART(NMESHES),(variable:use:GLOBAL_CONSTANTS),FN_RESTART,NMESHES
dump.f90,443,DUMP::ASSIGN_FILE_NAMES,ALLOCATE,LU_RESTART(NMESHES),(variable:use:GLOBAL_CONSTANTS),LU_RESTART,NMESHES
dump.f90,446,DUMP::ASSIGN_FILE_NAMES,ALLOCATE,"FN_SL3D_VTK(MESHES(1)%N_UNIQUE_SLCF,NMESHES+1)",(variable:use:GLOBAL_CONSTANTS),FN_SL3D_VTK,"MESHES(1)%N_UNIQUE_SLCF,NMESHES+1"
dump.f90,447,DUMP::ASSIGN_FILE_NAMES,ALLOCATE,FN_SMOKE3D_VTK(NMESHES+1),(variable:use:GLOBAL_CONSTANTS),FN_SMOKE3D_VTK,NMESHES+1
dump.f90,448,DUMP::ASSIGN_FILE_NAMES,ALLOCATE,FN_BNDF_VTK(NMESHES+1),(variable:use:GLOBAL_CONSTANTS),FN_BNDF_VTK,NMESHES+1
dump.f90,449,DUMP::ASSIGN_FILE_NAMES,ALLOCATE,FN_OBST_VTK(NMESHES+1),(variable:use:GLOBAL_CONSTANTS),FN_OBST_VTK,NMESHES+1
dump.f90,450,DUMP::ASSIGN_FILE_NAMES,ALLOCATE,FN_GEOM_VTK(N_GEOMETRY),(variable:use:GLOBAL_CONSTANTS),FN_GEOM_VTK,N_GEOMETRY
dump.f90,451,DUMP::ASSIGN_FILE_NAMES,ALLOCATE,"FN_PART_VTK(N_LAGRANGIAN_CLASSES,NMESHES+1)",(variable:use:GLOBAL_CONSTANTS),FN_PART_VTK,"N_LAGRANGIAN_CLASSES,NMESHES+1"
dump.f90,651,DUMP::INITIALIZE_GLOBAL_DUMPS,ALLOCATE,TIME_DEVC_LABEL(N_DEVC_TIME),(variable:use:DEVICE_VARIABLES),TIME_DEVC_LABEL,N_DEVC_TIME
dump.f90,652,DUMP::INITIALIZE_GLOBAL_DUMPS,ALLOCATE,TIME_DEVC_UNITS(N_DEVC_TIME),(variable:use:DEVICE_VARIABLES),TIME_DEVC_UNITS,N_DEVC_TIME
dump.f90,653,DUMP::INITIALIZE_GLOBAL_DUMPS,ALLOCATE,TIME_DEVC_VALUE(N_DEVC_TIME),(variable:use:DEVICE_VARIABLES),TIME_DEVC_VALUE,N_DEVC_TIME
dump.f90,685,DUMP::INITIALIZE_GLOBAL_DUMPS,ALLOCATE,HISTOGRAM_LABEL(N_HISTOGRAM),(variable:use:DEVICE_VARIABLES),HISTOGRAM_LABEL,N_HISTOGRAM
dump.f90,686,DUMP::INITIALIZE_GLOBAL_DUMPS,ALLOCATE,HISTOGRAM_UNITS(N_HISTOGRAM),(variable:use:DEVICE_VARIABLES),HISTOGRAM_UNITS,N_HISTOGRAM
dump.f90,687,DUMP::INITIALIZE_GLOBAL_DUMPS,ALLOCATE,"HISTOGRAM_VALUE(N_HISTOGRAM,MAX_HISTOGRAM_NBINS)",(variable:use:DEVICE_VARIABLES),HISTOGRAM_VALUE,"N_HISTOGRAM,MAX_HISTOGRAM_NBINS"
dump.f90,748,DUMP::INITIALIZE_GLOBAL_DUMPS,ALLOCATE,LINE_DEVC_LABEL(N_DEVC_LINE),(variable:use:DEVICE_VARIABLES),LINE_DEVC_LABEL,N_DEVC_LINE
dump.f90,749,DUMP::INITIALIZE_GLOBAL_DUMPS,ALLOCATE,LINE_DEVC_UNITS(N_DEVC_LINE),(variable:use:DEVICE_VARIABLES),LINE_DEVC_UNITS,N_DEVC_LINE
dump.f90,750,DUMP::INITIALIZE_GLOBAL_DUMPS,ALLOCATE,"LINE_DEVC_VALUE(N_DEVC_LINE,MAX_DEVC_LINE_POINTS)",(variable:use:DEVICE_VARIABLES),LINE_DEVC_VALUE,"N_DEVC_LINE,MAX_DEVC_LINE_POINTS"
dump.f90,832,DUMP::INITIALIZE_GLOBAL_DUMPS,ALLOCATE,DUCT_CELL(N_DUCT_OUT),(variable:local),DUCT_CELL,N_DUCT_OUT
dump.f90,1004,DUMP::INITIALIZE_MESH_DUMPS,ALLOCATE,M%XPLT(0:IBAR),MESH_TYPE,XPLT,0:IBAR
dump.f90,1006,DUMP::INITIALIZE_MESH_DUMPS,ALLOCATE,M%YPLT(0:JBAR),MESH_TYPE,YPLT,0:JBAR
dump.f90,1008,DUMP::INITIALIZE_MESH_DUMPS,ALLOCATE,M%ZPLT(0:KBAR),MESH_TYPE,ZPLT,0:KBAR
dump.f90,1023,DUMP::INITIALIZE_MESH_DUMPS,ALLOCATE,"M%IBLK(0:IBAR,0:JBAR,0:KBAR)",MESH_TYPE,IBLK,"0:IBAR,0:JBAR,0:KBAR"
dump.f90,1025,DUMP::INITIALIZE_MESH_DUMPS,ALLOCATE,"M%QQ(0:IBP1,0:JBP1,0:KBP1,5)",MESH_TYPE,QQ,"0:IBP1,0:JBP1,0:KBP1,5"
dump.f90,1027,DUMP::INITIALIZE_MESH_DUMPS,ALLOCATE,"M%QQ2(0:IBP1,0:JBP1,0:KBP1,1)",MESH_TYPE,QQ2,"0:IBP1,0:JBP1,0:KBP1,1"
dump.f90,1064,DUMP::INITIALIZE_MESH_DUMPS,ALLOCATE,"Z_TERRAIN(0:M%IBAR,0:M%JBAR)",(variable:local),Z_TERRAIN,"0:M%IBAR,0:M%JBAR"
dump.f90,1065,DUMP::INITIALIZE_MESH_DUMPS,ALLOCATE,"OUT_OF_MESH(0:M%IBAR,0:M%JBAR)",(variable:local),OUT_OF_MESH,"0:M%IBAR,0:M%JBAR"
dump.f90,1100,DUMP::INITIALIZE_MESH_DUMPS,ALLOCATE,"M%IBLK(1:IBAR,1:JBAR,1:KBAR)",MESH_TYPE,IBLK,"1:IBAR,1:JBAR,1:KBAR"
dump.f90,1295,DUMP::INITIALIZE_MESH_DUMPS,ALLOCATE,"M%PP(0:I1B,0:I2B)",MESH_TYPE,PP,"0:I1B,0:I2B"
dump.f90,1298,DUMP::INITIALIZE_MESH_DUMPS,ALLOCATE,"M%PPN(0:I1B,0:I2B)",MESH_TYPE,PPN,"0:I1B,0:I2B"
dump.f90,1300,DUMP::INITIALIZE_MESH_DUMPS,ALLOCATE,"M%IBK(0:I1B,0:I2B)",MESH_TYPE,IBK,"0:I1B,0:I2B"
dump.f90,1309,DUMP::INITIALIZE_MESH_DUMPS,ALLOCATE,"PAINT_FACE(0:M%N_OBST,-3:3)",(variable:local),PAINT_FACE,"0:M%N_OBST,-3:3"
dump.f90,1334,DUMP::INITIALIZE_MESH_DUMPS,ALLOCATE,M%PATCH(M%N_PATCH),MESH_TYPE,PATCH,M%N_PATCH
dump.f90,1450,DUMP::INITIALIZE_MESH_DUMPS,ALLOCATE,"M%BNDF_TIME_INTEGRAL(M%N_BNDF_POINTS,BNDF_TIME_INTEGRALS)",MESH_TYPE,BNDF_TIME_INTEGRAL,"M%N_BNDF_POINTS,BNDF_TIME_INTEGRALS"
dump.f90,1745,DUMP::REALLOCATE_PATCH,ALLOCATE,PATCH_DUMMY(1:N2),(variable:local),PATCH_DUMMY,1:N2
dump.f90,1750,DUMP::REALLOCATE_PATCH,ALLOCATE,M%PATCH(1:N2),MESH_TYPE,PATCH,1:N2
dump.f90,1755,DUMP::REALLOCATE_PATCH,ALLOCATE,M%EXTERIOR_PATCH(1:N2),MESH_TYPE,EXTERIOR_PATCH,1:N2
dump.f90,2056,DUMP::WRITE_SMOKEVIEW_FILE,ALLOCATE,XLEVEL(0:2*NMESHES),(variable:local),XLEVEL,0:2*NMESHES
dump.f90,2058,DUMP::WRITE_SMOKEVIEW_FILE,ALLOCATE,YLEVEL(0:2*NMESHES),(variable:local),YLEVEL,0:2*NMESHES
dump.f90,2060,DUMP::WRITE_SMOKEVIEW_FILE,ALLOCATE,ZLEVEL(0:2*NMESHES),(variable:local),ZLEVEL,0:2*NMESHES
dump.f90,2097,DUMP::WRITE_SMOKEVIEW_FILE,ALLOCATE,SEGMENT(1:N_SEGMENTS_MAX),(variable:local),SEGMENT,1:N_SEGMENTS_MAX
dump.f90,2700,DUMP::WRITE_SMOKEVIEW_FILE,ALLOCATE,RECV_USE_LEN(0:N_MPI_PROCESSES-1),(variable:local),RECV_USE_LEN,0:N_MPI_PROCESSES-1
dump.f90,2700,DUMP::WRITE_SMOKEVIEW_FILE,ALLOCATE,RECV_USE_OFF(0:N_MPI_PROCESSES-1),(variable:local),RECV_USE_OFF,0:N_MPI_PROCESSES-1
dump.f90,2700,DUMP::WRITE_SMOKEVIEW_FILE,ALLOCATE,RECV_COUNTS(0:N_MPI_PROCESSES-1),(variable:local),RECV_COUNTS,0:N_MPI_PROCESSES-1
dump.f90,2716,DUMP::WRITE_SMOKEVIEW_FILE,ALLOCATE,STR_GATHER,(variable:local),STR_GATHER,
dump.f90,2730,DUMP::WRITE_SMOKEVIEW_FILE,ALLOCATE,STR_GATHER,(variable:local),STR_GATHER,
dump.f90,2848,DUMP::WRITE_SMOKEVIEW_FILE::ADD_EXTERIOR_VENTS,ALLOCATE,M%EXTERIOR_PATCH(10),MESH_TYPE,EXTERIOR_PATCH,10
dump.f90,2849,DUMP::WRITE_SMOKEVIEW_FILE::ADD_EXTERIOR_VENTS,ALLOCATE,"VENT_INDICES(MAX(M%IBAR,M%JBAR),MAX(M%JBAR,M%KBAR),6)",(variable:host:WRITE_SMOKEVIEW_FILE),VENT_INDICES,"MAX(M%IBAR,M%JBAR),MAX(M%JBAR,M%KBAR),6"
dump.f90,3005,DUMP::WRITE_SMOKEVIEW_FILE::RE_ALLOCATE_SEGMENTS,ALLOCATE,DUMMY_SEGMENT(N_SEGMENTS_MAX),(variable:local),DUMMY_SEGMENT,N_SEGMENTS_MAX
dump.f90,3010,DUMP::WRITE_SMOKEVIEW_FILE::RE_ALLOCATE_SEGMENTS,ALLOCATE,SEGMENT(N_SEGMENTS_MAX+100),(variable:host:WRITE_SMOKEVIEW_FILE),SEGMENT,N_SEGMENTS_MAX+100
dump.f90,4176,DUMP::READ_RESTART,ALLOCATE,MESHES(NM)%BOUNDARY_COORD_OCCUPANCY(N_BOUNDARY_COORD_DIM),MESH_TYPE,BOUNDARY_COORD_OCCUPANCY,N_BOUNDARY_COORD_DIM
dump.f90,4177,DUMP::READ_RESTART,ALLOCATE,MESHES(NM)%BOUNDARY_ONE_D_OCCUPANCY(N_BOUNDARY_ONE_D_DIM),MESH_TYPE,BOUNDARY_ONE_D_OCCUPANCY,N_BOUNDARY_ONE_D_DIM
dump.f90,4178,DUMP::READ_RESTART,ALLOCATE,MESHES(NM)%BOUNDARY_PROP1_OCCUPANCY(N_BOUNDARY_PROP1_DIM),MESH_TYPE,BOUNDARY_PROP1_OCCUPANCY,N_BOUNDARY_PROP1_DIM
dump.f90,4179,DUMP::READ_RESTART,ALLOCATE,MESHES(NM)%BOUNDARY_PROP2_OCCUPANCY(N_BOUNDARY_PROP2_DIM),MESH_TYPE,BOUNDARY_PROP2_OCCUPANCY,N_BOUNDARY_PROP2_DIM
dump.f90,4180,DUMP::READ_RESTART,ALLOCATE,MESHES(NM)%BOUNDARY_RADIA_OCCUPANCY(N_BOUNDARY_RADIA_DIM),MESH_TYPE,BOUNDARY_RADIA_OCCUPANCY,N_BOUNDARY_RADIA_DIM
dump.f90,4192,DUMP::READ_RESTART,ALLOCATE,MESHES(NM)%BOUNDARY_COORD(N_BOUNDARY_COORD_DIM),MESH_TYPE,BOUNDARY_COORD,N_BOUNDARY_COORD_DIM
dump.f90,4193,DUMP::READ_RESTART,ALLOCATE,MESHES(NM)%BOUNDARY_ONE_D(N_BOUNDARY_ONE_D_DIM),MESH_TYPE,BOUNDARY_ONE_D,N_BOUNDARY_ONE_D_DIM
dump.f90,4194,DUMP::READ_RESTART,ALLOCATE,MESHES(NM)%BOUNDARY_PROP1(N_BOUNDARY_PROP1_DIM),MESH_TYPE,BOUNDARY_PROP1,N_BOUNDARY_PROP1_DIM
dump.f90,4195,DUMP::READ_RESTART,ALLOCATE,MESHES(NM)%BOUNDARY_PROP2(N_BOUNDARY_PROP2_DIM),MESH_TYPE,BOUNDARY_PROP2,N_BOUNDARY_PROP2_DIM
dump.f90,4196,DUMP::READ_RESTART,ALLOCATE,MESHES(NM)%BOUNDARY_RADIA(N_BOUNDARY_RADIA_DIM),MESH_TYPE,BOUNDARY_RADIA,N_BOUNDARY_RADIA_DIM
dump.f90,4199,DUMP::READ_RESTART,ALLOCATE,MESHES(NM)%WALL(0:N_WALL_CELLS_DIM),MESH_TYPE,WALL,0:N_WALL_CELLS_DIM
dump.f90,4211,DUMP::READ_RESTART,ALLOCATE,MESHES(NM)%THIN_WALL(1:N_THIN_WALL_CELLS_DIM),MESH_TYPE,THIN_WALL,1:N_THIN_WALL_CELLS_DIM
dump.f90,4223,DUMP::READ_RESTART,ALLOCATE,MESHES(NM)%CFACE(N_CFACE_CELLS_DIM),MESH_TYPE,CFACE,N_CFACE_CELLS_DIM
dump.f90,4237,DUMP::READ_RESTART,ALLOCATE,MESHES(NM)%LAGRANGIAN_PARTICLE(NLPDIM),MESH_TYPE,LAGRANGIAN_PARTICLE,NLPDIM
dump.f90,4274,DUMP::READ_RESTART,ALLOCATE,MESHES(NM)%PATCH(N_PATCH),MESH_TYPE,PATCH,N_PATCH
dump.f90,4538,DUMP::DUMP_PART,ALLOCATE,TA(NPLIM),(variable:local),TA,NPLIM
dump.f90,4539,DUMP::DUMP_PART,ALLOCATE,XP(NPLIM),(variable:local),XP,NPLIM
dump.f90,4540,DUMP::DUMP_PART,ALLOCATE,YP(NPLIM),(variable:local),YP,NPLIM
dump.f90,4541,DUMP::DUMP_PART,ALLOCATE,ZP(NPLIM),(variable:local),ZP,NPLIM
dump.f90,4542,DUMP::DUMP_PART,ALLOCATE,"QP(NPLIM,LPC%N_QUANTITIES)",(variable:local),QP,"NPLIM,LPC%N_QUANTITIES"
dump.f90,4761,DUMP::DUMP_PART_VTKHDF,ALLOCATE,"VERTICES(3,NPLIM)",(variable:local),VERTICES,"3,NPLIM"
dump.f90,4762,DUMP::DUMP_PART_VTKHDF,ALLOCATE,TA(NPLIM),(variable:local),TA,NPLIM
dump.f90,4763,DUMP::DUMP_PART_VTKHDF,ALLOCATE,"QP(NPLIM,LPC%N_QUANTITIES)",(variable:local),QP,"NPLIM,LPC%N_QUANTITIES"
dump.f90,4764,DUMP::DUMP_PART_VTKHDF,ALLOCATE,"COLORS(3,NPLIM)",(variable:local),COLORS,"3,NPLIM"
dump.f90,5108,DUMP::DUMP_SMOKE3D,ALLOCATE,QQ_PACK(IBP1*JBP1*KBP1),(variable:local),QQ_PACK,IBP1*JBP1*KBP1
dump.f90,5215,DUMP::DUMP_SMOKE3D_VTKHDF,ALLOCATE,QQ_PACK(0),(variable:local),QQ_PACK,0
dump.f90,5233,DUMP::DUMP_SMOKE3D_VTKHDF,ALLOCATE,QQ_PACK(MESHES(NM)%NP),(variable:local),QQ_PACK,MESHES(NM)%NP
dump.f90,5247,DUMP::DUMP_SMOKE3D_VTKHDF,ALLOCATE,QQ_PACK_INT(NX*NY*NZ),(variable:local),QQ_PACK_INT,NX*NY*NZ
dump.f90,5641,DUMP::GET_GEOMINFO,ALLOCATE,LOCTYPE(NVF-2),(variable:local),LOCTYPE,NVF-2
dump.f90,5705,DUMP::GET_GEOMINFO,ALLOCATE,LOCTYPE(NVF-2),(variable:local),LOCTYPE,NVF-2
dump.f90,5766,DUMP::GET_GEOMINFO,ALLOCATE,LOCTYPE(NVF-2),(variable:local),LOCTYPE,NVF-2
dump.f90,5824,DUMP::GET_GEOMINFO,ALLOCATE,LOCTYPE(NVF-2),(variable:local),LOCTYPE,NVF-2
dump.f90,5914,DUMP::GET_GEOMINFO,ALLOCATE,LOCTYPE(NVF-2),(variable:local),LOCTYPE,NVF-2
dump.f90,5940,DUMP::GET_GEOMINFO,ALLOCATE,LOCTYPE(NVF-2),(variable:local),LOCTYPE,NVF-2
dump.f90,6276,DUMP::DUMP_SLICE_GEOM,ALLOCATE,VERTS(3*NVERTS),(variable:local),VERTS,3*NVERTS
dump.f90,6277,DUMP::DUMP_SLICE_GEOM,ALLOCATE,FACES(3*NFACES),(variable:local),FACES,3*NFACES
dump.f90,6278,DUMP::DUMP_SLICE_GEOM,ALLOCATE,LOCATIONS(NFACES),(variable:local),LOCATIONS,NFACES
dump.f90,6345,DUMP::DUMP_CFACES_GEOM,ALLOCATE,VERTS(3*NVERTS),(variable:local),VERTS,3*NVERTS
dump.f90,6346,DUMP::DUMP_CFACES_GEOM,ALLOCATE,FACES(3*NFACES),(variable:local),FACES,3*NFACES
dump.f90,6347,DUMP::DUMP_CFACES_GEOM,ALLOCATE,LOCATIONS(NFACES),(variable:local),LOCATIONS,NFACES
dump.f90,6348,DUMP::DUMP_CFACES_GEOM,ALLOCATE,SURFIND(NFACES),(variable:local),SURFIND,NFACES
dump.f90,6349,DUMP::DUMP_CFACES_GEOM,ALLOCATE,GEOMIND(NFACES),(variable:local),GEOMIND,NFACES
dump.f90,6376,DUMP::DUMP_CFACES_GEOM,ALLOCATE,VERTS(1:6*N_INTERNAL_CFACE_CELLS),(variable:local),VERTS,1:6*N_INTERNAL_CFACE_CELLS
dump.f90,6425,DUMP::DUMP_SLICE_GEOM_DATA,ALLOCATE,VALS(NFACES),(variable:local),VALS,NFACES
dump.f90,6433,DUMP::DUMP_SLICE_GEOM_DATA,ALLOCATE,"VALS(MAX(NVERTS,NFACES))",(variable:local),VALS,"MAX(NVERTS,NFACES)"
dump.f90,6436,DUMP::DUMP_SLICE_GEOM_DATA,ALLOCATE,VERTS(3*NVERTS),(variable:local),VERTS,3*NVERTS
dump.f90,6437,DUMP::DUMP_SLICE_GEOM_DATA,ALLOCATE,FACES(3*NFACES),(variable:local),FACES,3*NFACES
dump.f90,6438,DUMP::DUMP_SLICE_GEOM_DATA,ALLOCATE,LOCATIONS(NFACES),(variable:local),LOCATIONS,NFACES
dump.f90,6439,DUMP::DUMP_SLICE_GEOM_DATA,ALLOCATE,VERT_UNIQUE(NVERTS),(variable:local),VERT_UNIQUE,NVERTS
dump.f90,6440,DUMP::DUMP_SLICE_GEOM_DATA,ALLOCATE,VERT_VALS(NVERTS),(variable:local),VERT_VALS,NVERTS
dump.f90,7042,DUMP::DUMP_SLCF,ALLOCATE,QQ_PACK(NX*NY*NZ),(variable:local),QQ_PACK,NX*NY*NZ
dump.f90,7389,DUMP::DUMP_SLCF_VTK,ALLOCATE,QQ_PACK(0),(variable:local),QQ_PACK,0
dump.f90,7459,DUMP::DUMP_SLCF_VTK,ALLOCATE,QQ_PACK(0),(variable:local),QQ_PACK,0
dump.f90,7478,DUMP::DUMP_SLCF_VTK,ALLOCATE,QQ_PACK(0),(variable:local),QQ_PACK,0
dump.f90,7617,DUMP::DUMP_SLCF_VTK,ALLOCATE,QQ_PACK(NX*NY*NZ),(variable:local),QQ_PACK,NX*NY*NZ
dump.f90,7629,DUMP::DUMP_SLCF_VTK,ALLOCATE,QQ_PACK(0),(variable:local),QQ_PACK,0
dump.f90,11436,DUMP::DUMP_PROF,ALLOCATE,PF_TEMP(0:NWP+1),(variable:local),PF_TEMP,0:NWP+1
dump.f90,11470,DUMP::DUMP_PROF,ALLOCATE,PF_TEMP_NODE(0:NWP),(variable:local),PF_TEMP_NODE,0:NWP
dump.f90,11848,DUMP::DUMP_HRR,ALLOCATE,P_ZONE_P(N_ZONE),(variable:local),P_ZONE_P,N_ZONE
dump.f90,12263,DUMP::DUMP_BNDF_VTKHDF,ALLOCATE,ALL_DATA(NCELLS(NM1)),(variable:local),ALL_DATA,NCELLS(NM1)
dump.f90,12264,DUMP::DUMP_BNDF_VTKHDF,ALLOCATE,ALL_DATA(NPOINTS(NM1)),(variable:local),ALL_DATA,NPOINTS(NM1)
dump.f90,12459,DUMP::DUMP_BNDF_VTKHDF::PACK_VTK_BNDF,ALLOCATE,QQ_PACK(NPOINTS),(variable:local),QQ_PACK,NPOINTS
dump.f90,12467,DUMP::DUMP_BNDF_VTKHDF::PACK_VTK_BNDF,ALLOCATE,QQ_PACK(NCELLS),(variable:local),QQ_PACK,NCELLS
dump.f90,12493,DUMP::DUMP_BNDF_VTKHDF::PACK_VTK_GEOM,ALLOCATE,VALS(NFACES),(variable:local),VALS,NFACES
dump.f90,12500,DUMP::DUMP_BNDF_VTKHDF::PACK_VTK_GEOM,ALLOCATE,"VALS(MAX(NVERTS,NFACES))",(variable:local),VALS,"MAX(NVERTS,NFACES)"
dump.f90,12503,DUMP::DUMP_BNDF_VTKHDF::PACK_VTK_GEOM,ALLOCATE,VERTS(3*NVERTS),(variable:local),VERTS,3*NVERTS
dump.f90,12504,DUMP::DUMP_BNDF_VTKHDF::PACK_VTK_GEOM,ALLOCATE,FACES(3*NFACES),(variable:local),FACES,3*NFACES
dump.f90,12505,DUMP::DUMP_BNDF_VTKHDF::PACK_VTK_GEOM,ALLOCATE,LOCATIONS(NFACES),(variable:host:DUMP_BNDF_VTKHDF),LOCATIONS,NFACES
dump.f90,12506,DUMP::DUMP_BNDF_VTKHDF::PACK_VTK_GEOM,ALLOCATE,VERT_UNIQUE(NVERTS),(variable:local),VERT_UNIQUE,NVERTS
dump.f90,12507,DUMP::DUMP_BNDF_VTKHDF::PACK_VTK_GEOM,ALLOCATE,VERT_VALS(NVERTS),(variable:local),VERT_VALS,NVERTS
dump.f90,13154,DUMP::EXTRAPOLATE_EXTREMA,ALLOCATE,EXTREMA(DV%N_INTERVALS),(variable:local),EXTREMA,DV%N_INTERVALS
dump.f90,13155,DUMP::EXTRAPOLATE_EXTREMA,ALLOCATE,YYY(DV%N_INTERVALS),(variable:local),YYY,DV%N_INTERVALS
fire.f90,187,FIRE::COMBUSTION_GENERAL_LOAD_BALANCED,ALLOCATE,NCHEM_ACTIVE_CELLS_AND_CC_RANK_WISE(N_MPI_PROCESSES),(variable:host:FIRE),NCHEM_ACTIVE_CELLS_AND_CC_RANK_WISE,N_MPI_PROCESSES
fire.f90,193,FIRE::COMBUSTION_GENERAL_LOAD_BALANCED,ALLOCATE,DZ_F0(N_REACTIONS),(variable:host:FIRE),DZ_F0,N_REACTIONS
fire.f90,201,FIRE::COMBUSTION_GENERAL_LOAD_BALANCED,ALLOCATE,"RESULTS_TO_SEND_ARRAY(NVAR_TO_RECEIVE,MAX(NRECEIVE_CELLS,1))",(variable:host:FIRE),RESULTS_TO_SEND_ARRAY,"NVAR_TO_RECEIVE,MAX(NRECEIVE_CELLS,1)"
fire.f90,252,FIRE::COMBUSTION_GENERAL_LOAD_BALANCED,ALLOCATE,DZ_F0(N_REACTIONS),(variable:host:FIRE),DZ_F0,N_REACTIONS
fire.f90,576,FIRE::DISTRIBUTE_CELLS_ACCROSS_MPI_PROCESSES,ALLOCATE,NCELLS_TO_SEND_ARRAY(N_MPI_PROCESSES),(variable:host:FIRE),NCELLS_TO_SEND_ARRAY,N_MPI_PROCESSES
fire.f90,577,FIRE::DISTRIBUTE_CELLS_ACCROSS_MPI_PROCESSES,ALLOCATE,NCELLS_TO_RECV_ARRAY(N_MPI_PROCESSES),(variable:host:FIRE),NCELLS_TO_RECV_ARRAY,N_MPI_PROCESSES
fire.f90,578,FIRE::DISTRIBUTE_CELLS_ACCROSS_MPI_PROCESSES,ALLOCATE,SEND_DISPS(N_MPI_PROCESSES),(variable:host:FIRE),SEND_DISPS,N_MPI_PROCESSES
fire.f90,579,FIRE::DISTRIBUTE_CELLS_ACCROSS_MPI_PROCESSES,ALLOCATE,REVC_DISPS(N_MPI_PROCESSES),(variable:host:FIRE),REVC_DISPS,N_MPI_PROCESSES
fire.f90,585,FIRE::DISTRIBUTE_CELLS_ACCROSS_MPI_PROCESSES,ALLOCATE,"REALS_TO_SEND_ARRAY(NVAR_TO_SEND,MAX(CELLS_ALLOC,1))",(variable:host:FIRE),REALS_TO_SEND_ARRAY,"NVAR_TO_SEND,MAX(CELLS_ALLOC,1)"
fire.f90,586,FIRE::DISTRIBUTE_CELLS_ACCROSS_MPI_PROCESSES,ALLOCATE,"CHEM_SEQ_ARR(MAX(CELLS_ALLOC,1))",(variable:host:FIRE),CHEM_SEQ_ARR,"MAX(CELLS_ALLOC,1)"
fire.f90,591,FIRE::DISTRIBUTE_CELLS_ACCROSS_MPI_PROCESSES,ALLOCATE,INTEGERS_TEST_ARRAY(CELLS_ALLOC),(variable:host:FIRE),INTEGERS_TEST_ARRAY,CELLS_ALLOC
fire.f90,651,FIRE::DISTRIBUTE_CELLS_ACCROSS_MPI_PROCESSES,ALLOCATE,NEW_INDEX(NCHEM_ACTIVE_CELLS_AND_CC),(variable:host:FIRE),NEW_INDEX,NCHEM_ACTIVE_CELLS_AND_CC
fire.f90,652,FIRE::DISTRIBUTE_CELLS_ACCROSS_MPI_PROCESSES,ALLOCATE,REV_NEW_INDEX(CELLS_ALLOC),(variable:host:FIRE),REV_NEW_INDEX,CELLS_ALLOC
fire.f90,679,FIRE::DISTRIBUTE_CELLS_ACCROSS_MPI_PROCESSES,ALLOCATE,"REALS_TO_RECV_ARRAY(NVAR_TO_SEND,MAX(NRECEIVE_CELLS,1))",(variable:host:FIRE),REALS_TO_RECV_ARRAY,"NVAR_TO_SEND,MAX(NRECEIVE_CELLS,1)"
fire.f90,712,FIRE::GATHER_CELLS_FROM_MPI_PROCESSES,ALLOCATE,"RESULTS_TO_RECV_ARRAY(NVAR_TO_RECEIVE,MAX(NCHEM_ACTIVE_CELLS_AND_CC,1))",(variable:host:FIRE),RESULTS_TO_RECV_ARRAY,"NVAR_TO_RECEIVE,MAX(NCHEM_ACTIVE_CELLS_AND_CC,1)"
func.f90,513,COMP_FUNCTIONS::INITIALIZE_OUTPUT_CLOCKS::SET_OUTPUT_CLOCK,ALLOCATE,CLOCK(0:NF),(variable:local),CLOCK,0:NF
func.f90,525,COMP_FUNCTIONS::INITIALIZE_OUTPUT_CLOCKS::SET_OUTPUT_CLOCK,ALLOCATE,CLOCK(0:NF),(variable:local),CLOCK,0:NF
func.f90,537,COMP_FUNCTIONS::INITIALIZE_OUTPUT_CLOCKS::SET_OUTPUT_CLOCK,ALLOCATE,COUNTER(LOWER_MESH_INDEX:UPPER_MESH_INDEX),(variable:local),COUNTER,LOWER_MESH_INDEX:UPPER_MESH_INDEX
func.f90,541,COMP_FUNCTIONS::INITIALIZE_OUTPUT_CLOCKS::SET_OUTPUT_CLOCK,ALLOCATE,COUNTER(1),(variable:local),COUNTER,1
func.f90,1506,MATH_FUNCTIONS::RANDOM_WIND_FLUCTUATIONS,ALLOCATE,RRP%INDEPENDENT_DATA(RRP%NUMBER_DATA_POINTS),RESERVED_RAMPS_TYPE,INDEPENDENT_DATA,RRP%NUMBER_DATA_POINTS
func.f90,1507,MATH_FUNCTIONS::RANDOM_WIND_FLUCTUATIONS,ALLOCATE,RRP%DEPENDENT_DATA(RRP%NUMBER_DATA_POINTS),RESERVED_RAMPS_TYPE,DEPENDENT_DATA,RRP%NUMBER_DATA_POINTS
func.f90,3691,MEMORY_FUNCTIONS::REALLOCATE,ALLOCATE,REALLOCATE(N1:N2),(variable:local),REALLOCATE,N1:N2
func.f90,3715,MEMORY_FUNCTIONS::REALLOCATE_REAL_ARRAY,ALLOCATE,DUMMY(N1:N3),(variable:local),DUMMY,N1:N3
func.f90,3717,MEMORY_FUNCTIONS::REALLOCATE_REAL_ARRAY,MOVE_ALLOC,P,(variable:local),P,(from DUMMY)
func.f90,3733,MEMORY_FUNCTIONS::REALLOCATE_INTEGER_ARRAY,ALLOCATE,DUMMY(N1:N3),(variable:local),DUMMY,N1:N3
func.f90,3735,MEMORY_FUNCTIONS::REALLOCATE_INTEGER_ARRAY,MOVE_ALLOC,P,(variable:local),P,(from DUMMY)
func.f90,3751,MEMORY_FUNCTIONS::REALLOCATE_LOGICAL_ARRAY,ALLOCATE,DUMMY(N1:N3),(variable:local),DUMMY,N1:N3
func.f90,3753,MEMORY_FUNCTIONS::REALLOCATE_LOGICAL_ARRAY,MOVE_ALLOC,P,(variable:local),P,(from DUMMY)
func.f90,3772,MEMORY_FUNCTIONS::REALLOCATE_CHARACTER_ARRAY,ALLOCATE,REALLOCATE_CHARACTER_ARRAY(N1:N2),(variable:local),REALLOCATE_CHARACTER_ARRAY,N1:N2
func.f90,3798,MEMORY_FUNCTIONS::REALLOCATE2D,ALLOCATE,"REALLOCATE2D(M1:M2,N1:N2)",(variable:local),REALLOCATE2D,"M1:M2,N1:N2"
func.f90,3822,MEMORY_FUNCTIONS::RE_ALLOCATE_STRINGS,ALLOCATE,DUMMY(1:M%N_STRINGS),(variable:local),DUMMY,1:M%N_STRINGS
func.f90,3825,MEMORY_FUNCTIONS::RE_ALLOCATE_STRINGS,ALLOCATE,M%STRING(M%N_STRINGS_MAX+100),MESH_TYPE,STRING,M%N_STRINGS_MAX+100
func.f90,3840,MEMORY_FUNCTIONS::REALLOCATE_P_ZONE,ALLOCATE,P_ZONE_DUMMY(1:N2),(variable:local),P_ZONE_DUMMY,1:N2
func.f90,3845,MEMORY_FUNCTIONS::REALLOCATE_P_ZONE,ALLOCATE,P_ZONE(1:N2),(variable:use:MESH_VARIABLES),P_ZONE,1:N2
func.f90,3870,MEMORY_FUNCTIONS::REALLOCATE_CELL,ALLOCATE,M%CELL(0:N1),MESH_TYPE,CELL,0:N1
func.f90,3875,MEMORY_FUNCTIONS::REALLOCATE_CELL,ALLOCATE,M%CELL_INTEGERS(1:IC),MESH_TYPE,CELL_INTEGERS,1:IC
func.f90,3876,MEMORY_FUNCTIONS::REALLOCATE_CELL,ALLOCATE,M%CELL_LOGICALS(1:LC),MESH_TYPE,CELL_LOGICALS,1:LC
func.f90,3879,MEMORY_FUNCTIONS::REALLOCATE_CELL,ALLOCATE,"M%CELL_ILW(1:N1,1:3)",MESH_TYPE,CELL_ILW,"1:N1,1:3"
func.f90,3883,MEMORY_FUNCTIONS::REALLOCATE_CELL,ALLOCATE,CELL_DUMMY(0:N2),(variable:local),CELL_DUMMY,0:N2
func.f90,3885,MEMORY_FUNCTIONS::REALLOCATE_CELL,MOVE_ALLOC,M%CELL,MESH_TYPE,CELL,(from CELL_DUMMY)
func.f90,3893,MEMORY_FUNCTIONS::REALLOCATE_CELL,ALLOCATE,INTEGER_DUMMY(1:IC),(variable:local),INTEGER_DUMMY,1:IC
func.f90,3895,MEMORY_FUNCTIONS::REALLOCATE_CELL,MOVE_ALLOC,M%CELL_INTEGERS,MESH_TYPE,CELL_INTEGERS,(from INTEGER_DUMMY)
func.f90,3898,MEMORY_FUNCTIONS::REALLOCATE_CELL,ALLOCATE,LOGICAL_DUMMY(1:LC),(variable:local),LOGICAL_DUMMY,1:LC
func.f90,3900,MEMORY_FUNCTIONS::REALLOCATE_CELL,MOVE_ALLOC,M%CELL_LOGICALS,MESH_TYPE,CELL_LOGICALS,(from LOGICAL_DUMMY)
func.f90,3904,MEMORY_FUNCTIONS::REALLOCATE_CELL,ALLOCATE,"M%CELL_ILW(1:N2,1:3)",MESH_TYPE,CELL_ILW,"1:N2,1:3"
func.f90,3922,MEMORY_FUNCTIONS::REALLOCATE_EDGE,ALLOCATE,M%EDGE(0:N1),MESH_TYPE,EDGE,0:N1
func.f90,3926,MEMORY_FUNCTIONS::REALLOCATE_EDGE,ALLOCATE,EDGE_DUMMY(0:N2),(variable:local),EDGE_DUMMY,0:N2
func.f90,3928,MEMORY_FUNCTIONS::REALLOCATE_EDGE,MOVE_ALLOC,M%EDGE,MESH_TYPE,EDGE,(from EDGE_DUMMY)
func.f90,3978,MEMORY_FUNCTIONS::ALLOCATE_STORAGE,ALLOCATE,LP_DUMMY(M%NLPDIM),(variable:local),LP_DUMMY,M%NLPDIM
func.f90,3981,MEMORY_FUNCTIONS::ALLOCATE_STORAGE,ALLOCATE,M%LAGRANGIAN_PARTICLE(M%NLPDIM+N_NEW_STORAGE_SLOTS),MESH_TYPE,LAGRANGIAN_PARTICLE,M%NLPDIM+N_NEW_STORAGE_SLOTS
func.f90,4008,MEMORY_FUNCTIONS::ALLOCATE_STORAGE,ALLOCATE,WALL_DUMMY(0:M%N_WALL_CELLS_DIM),(variable:local),WALL_DUMMY,0:M%N_WALL_CELLS_DIM
func.f90,4011,MEMORY_FUNCTIONS::ALLOCATE_STORAGE,ALLOCATE,M%WALL(0:M%N_WALL_CELLS_DIM+N_NEW_STORAGE_SLOTS),MESH_TYPE,WALL,0:M%N_WALL_CELLS_DIM+N_NEW_STORAGE_SLOTS
func.f90,4047,MEMORY_FUNCTIONS::ALLOCATE_STORAGE,ALLOCATE,THIN_WALL_DUMMY(1:M%N_THIN_WALL_CELLS_DIM),(variable:local),THIN_WALL_DUMMY,1:M%N_THIN_WALL_CELLS_DIM
func.f90,4050,MEMORY_FUNCTIONS::ALLOCATE_STORAGE,ALLOCATE,M%THIN_WALL(1:M%N_THIN_WALL_CELLS_DIM+N_NEW_STORAGE_SLOTS),MESH_TYPE,THIN_WALL,1:M%N_THIN_WALL_CELLS_DIM+N_NEW_STORAGE_SLOTS
func.f90,4077,MEMORY_FUNCTIONS::ALLOCATE_STORAGE,ALLOCATE,CFACE_DUMMY(0:M%N_CFACE_CELLS_DIM),(variable:local),CFACE_DUMMY,0:M%N_CFACE_CELLS_DIM
func.f90,4080,MEMORY_FUNCTIONS::ALLOCATE_STORAGE,ALLOCATE,M%CFACE(0:M%N_CFACE_CELLS_DIM+N_NEW_STORAGE_SLOTS),MESH_TYPE,CFACE,0:M%N_CFACE_CELLS_DIM+N_NEW_STORAGE_SLOTS
func.f90,4122,MEMORY_FUNCTIONS::ALLOCATE_STORAGE::ALLOCATE_BOUNDARY_COORD_ARRAYS,ALLOCATE,BC_DUMMY(1:M%N_BOUNDARY_COORD_DIM+N_NEW_STORAGE_SLOTS),(variable:host:ALLOCATE_STORAGE),BC_DUMMY,1:M%N_BOUNDARY_COORD_DIM+N_NEW_STORAGE_SLOTS
func.f90,4124,MEMORY_FUNCTIONS::ALLOCATE_STORAGE::ALLOCATE_BOUNDARY_COORD_ARRAYS,MOVE_ALLOC,M%BOUNDARY_COORD,MESH_TYPE,BOUNDARY_COORD,(from BC_DUMMY)
func.f90,4125,MEMORY_FUNCTIONS::ALLOCATE_STORAGE::ALLOCATE_BOUNDARY_COORD_ARRAYS,ALLOCATE,DUMMY(1:M%N_BOUNDARY_COORD_DIM+N_NEW_STORAGE_SLOTS),(variable:host:ALLOCATE_STORAGE),DUMMY,1:M%N_BOUNDARY_COORD_DIM+N_NEW_STORAGE_SLOTS
func.f90,4127,MEMORY_FUNCTIONS::ALLOCATE_STORAGE::ALLOCATE_BOUNDARY_COORD_ARRAYS,MOVE_ALLOC,M%BOUNDARY_COORD_OCCUPANCY,MESH_TYPE,BOUNDARY_COORD_OCCUPANCY,(from DUMMY)
func.f90,4151,MEMORY_FUNCTIONS::ALLOCATE_STORAGE::ALLOCATE_BOUNDARY_ONE_D_ARRAYS,ALLOCATE,OD_DUMMY(1:M%N_BOUNDARY_ONE_D_DIM+N_NEW_STORAGE_SLOTS),(variable:host:ALLOCATE_STORAGE),OD_DUMMY,1:M%N_BOUNDARY_ONE_D_DIM+N_NEW_STORAGE_SLOTS
func.f90,4153,MEMORY_FUNCTIONS::ALLOCATE_STORAGE::ALLOCATE_BOUNDARY_ONE_D_ARRAYS,MOVE_ALLOC,M%BOUNDARY_ONE_D,MESH_TYPE,BOUNDARY_ONE_D,(from OD_DUMMY)
func.f90,4154,MEMORY_FUNCTIONS::ALLOCATE_STORAGE::ALLOCATE_BOUNDARY_ONE_D_ARRAYS,ALLOCATE,DUMMY(1:M%N_BOUNDARY_ONE_D_DIM+N_NEW_STORAGE_SLOTS),(variable:host:ALLOCATE_STORAGE),DUMMY,1:M%N_BOUNDARY_ONE_D_DIM+N_NEW_STORAGE_SLOTS
func.f90,4156,MEMORY_FUNCTIONS::ALLOCATE_STORAGE::ALLOCATE_BOUNDARY_ONE_D_ARRAYS,MOVE_ALLOC,M%BOUNDARY_ONE_D_OCCUPANCY,MESH_TYPE,BOUNDARY_ONE_D_OCCUPANCY,(from DUMMY)
func.f90,4204,MEMORY_FUNCTIONS::ALLOCATE_STORAGE::ALLOCATE_BOUNDARY_THR_D_ARRAYS,ALLOCATE,TD_DUMMY(1:M%N_BOUNDARY_THR_D_DIM+N_NEW_STORAGE_SLOTS),(variable:host:ALLOCATE_STORAGE),TD_DUMMY,1:M%N_BOUNDARY_THR_D_DIM+N_NEW_STORAGE_SLOTS
func.f90,4206,MEMORY_FUNCTIONS::ALLOCATE_STORAGE::ALLOCATE_BOUNDARY_THR_D_ARRAYS,MOVE_ALLOC,M%BOUNDARY_THR_D,MESH_TYPE,BOUNDARY_THR_D,(from TD_DUMMY)
func.f90,4207,MEMORY_FUNCTIONS::ALLOCATE_STORAGE::ALLOCATE_BOUNDARY_THR_D_ARRAYS,ALLOCATE,DUMMY(1:M%N_BOUNDARY_THR_D_DIM+N_NEW_STORAGE_SLOTS),(variable:host:ALLOCATE_STORAGE),DUMMY,1:M%N_BOUNDARY_THR_D_DIM+N_NEW_STORAGE_SLOTS
func.f90,4209,MEMORY_FUNCTIONS::ALLOCATE_STORAGE::ALLOCATE_BOUNDARY_THR_D_ARRAYS,MOVE_ALLOC,M%BOUNDARY_THR_D_OCCUPANCY,MESH_TYPE,BOUNDARY_THR_D_OCCUPANCY,(from DUMMY)
func.f90,4236,MEMORY_FUNCTIONS::ALLOCATE_STORAGE::ALLOCATE_BOUNDARY_PROP1_ARRAYS,ALLOCATE,B1_DUMMY(1:M%N_BOUNDARY_PROP1_DIM+N_NEW_STORAGE_SLOTS),(variable:host:ALLOCATE_STORAGE),B1_DUMMY,1:M%N_BOUNDARY_PROP1_DIM+N_NEW_STORAGE_SLOTS
func.f90,4238,MEMORY_FUNCTIONS::ALLOCATE_STORAGE::ALLOCATE_BOUNDARY_PROP1_ARRAYS,MOVE_ALLOC,M%BOUNDARY_PROP1,MESH_TYPE,BOUNDARY_PROP1,(from B1_DUMMY)
func.f90,4239,MEMORY_FUNCTIONS::ALLOCATE_STORAGE::ALLOCATE_BOUNDARY_PROP1_ARRAYS,ALLOCATE,DUMMY(1:M%N_BOUNDARY_PROP1_DIM+N_NEW_STORAGE_SLOTS),(variable:host:ALLOCATE_STORAGE),DUMMY,1:M%N_BOUNDARY_PROP1_DIM+N_NEW_STORAGE_SLOTS
func.f90,4241,MEMORY_FUNCTIONS::ALLOCATE_STORAGE::ALLOCATE_BOUNDARY_PROP1_ARRAYS,MOVE_ALLOC,M%BOUNDARY_PROP1_OCCUPANCY,MESH_TYPE,BOUNDARY_PROP1_OCCUPANCY,(from DUMMY)
func.f90,4260,MEMORY_FUNCTIONS::ALLOCATE_STORAGE::ALLOCATE_BOUNDARY_PROP1_ARRAYS,ALLOCATE,B1%M_DOT_G_PP_ACTUAL(N_TRACKED_SPECIES),BOUNDARY_PROP1_TYPE,M_DOT_G_PP_ACTUAL,N_TRACKED_SPECIES
func.f90,4262,MEMORY_FUNCTIONS::ALLOCATE_STORAGE::ALLOCATE_BOUNDARY_PROP1_ARRAYS,ALLOCATE,B1%M_DOT_G_PP_ADJUST(N_TRACKED_SPECIES),BOUNDARY_PROP1_TYPE,M_DOT_G_PP_ADJUST,N_TRACKED_SPECIES
func.f90,4264,MEMORY_FUNCTIONS::ALLOCATE_STORAGE::ALLOCATE_BOUNDARY_PROP1_ARRAYS,ALLOCATE,B1%ZZ_F(N_TRACKED_SPECIES),BOUNDARY_PROP1_TYPE,ZZ_F,N_TRACKED_SPECIES
func.f90,4266,MEMORY_FUNCTIONS::ALLOCATE_STORAGE::ALLOCATE_BOUNDARY_PROP1_ARRAYS,ALLOCATE,B1%ZZ_G(N_TRACKED_SPECIES),BOUNDARY_PROP1_TYPE,ZZ_G,N_TRACKED_SPECIES
func.f90,4268,MEMORY_FUNCTIONS::ALLOCATE_STORAGE::ALLOCATE_BOUNDARY_PROP1_ARRAYS,ALLOCATE,B1%RHO_D_F(N_TRACKED_SPECIES),BOUNDARY_PROP1_TYPE,RHO_D_F,N_TRACKED_SPECIES
func.f90,4270,MEMORY_FUNCTIONS::ALLOCATE_STORAGE::ALLOCATE_BOUNDARY_PROP1_ARRAYS,ALLOCATE,B1%RHO_D_DZDN_F(N_TRACKED_SPECIES),BOUNDARY_PROP1_TYPE,RHO_D_DZDN_F,N_TRACKED_SPECIES
func.f90,4272,MEMORY_FUNCTIONS::ALLOCATE_STORAGE::ALLOCATE_BOUNDARY_PROP1_ARRAYS,ALLOCATE,B1%AWM_AEROSOL(N_SURFACE_DENSITY_SPECIES),BOUNDARY_PROP1_TYPE,AWM_AEROSOL,N_SURFACE_DENSITY_SPECIES
func.f90,4274,MEMORY_FUNCTIONS::ALLOCATE_STORAGE::ALLOCATE_BOUNDARY_PROP1_ARRAYS,ALLOCATE,B1%QDOTPP_INT(SURFACE(SURF_INDEX)%N_QDOTPP_REF),BOUNDARY_PROP1_TYPE,QDOTPP_INT,SURFACE(SURF_INDEX)%N_QDOTPP_REF
func.f90,4276,MEMORY_FUNCTIONS::ALLOCATE_STORAGE::ALLOCATE_BOUNDARY_PROP1_ARRAYS,ALLOCATE,B1%Q_IN_SMOOTH_INT(SURFACE(SURF_INDEX)%N_THICK_REF),BOUNDARY_PROP1_TYPE,Q_IN_SMOOTH_INT,SURFACE(SURF_INDEX)%N_THICK_REF
func.f90,4299,MEMORY_FUNCTIONS::ALLOCATE_STORAGE::ALLOCATE_BOUNDARY_PROP2_ARRAYS,ALLOCATE,B2_DUMMY(1:M%N_BOUNDARY_PROP2_DIM+N_NEW_STORAGE_SLOTS),(variable:host:ALLOCATE_STORAGE),B2_DUMMY,1:M%N_BOUNDARY_PROP2_DIM+N_NEW_STORAGE_SLOTS
func.f90,4301,MEMORY_FUNCTIONS::ALLOCATE_STORAGE::ALLOCATE_BOUNDARY_PROP2_ARRAYS,MOVE_ALLOC,M%BOUNDARY_PROP2,MESH_TYPE,BOUNDARY_PROP2,(from B2_DUMMY)
func.f90,4302,MEMORY_FUNCTIONS::ALLOCATE_STORAGE::ALLOCATE_BOUNDARY_PROP2_ARRAYS,ALLOCATE,DUMMY(1:M%N_BOUNDARY_PROP2_DIM+N_NEW_STORAGE_SLOTS),(variable:host:ALLOCATE_STORAGE),DUMMY,1:M%N_BOUNDARY_PROP2_DIM+N_NEW_STORAGE_SLOTS
func.f90,4304,MEMORY_FUNCTIONS::ALLOCATE_STORAGE::ALLOCATE_BOUNDARY_PROP2_ARRAYS,MOVE_ALLOC,M%BOUNDARY_PROP2_OCCUPANCY,MESH_TYPE,BOUNDARY_PROP2_OCCUPANCY,(from DUMMY)
func.f90,4321,MEMORY_FUNCTIONS::ALLOCATE_STORAGE::ALLOCATE_BOUNDARY_PROP2_ARRAYS,ALLOCATE,B2%A_LP_MPUA(N_LP_ARRAY_INDICES),BOUNDARY_PROP2_TYPE,A_LP_MPUA,N_LP_ARRAY_INDICES
func.f90,4323,MEMORY_FUNCTIONS::ALLOCATE_STORAGE::ALLOCATE_BOUNDARY_PROP2_ARRAYS,ALLOCATE,B2%LP_CPUA(N_LP_ARRAY_INDICES),BOUNDARY_PROP2_TYPE,LP_CPUA,N_LP_ARRAY_INDICES
func.f90,4325,MEMORY_FUNCTIONS::ALLOCATE_STORAGE::ALLOCATE_BOUNDARY_PROP2_ARRAYS,ALLOCATE,B2%LP_EMPUA(N_LP_ARRAY_INDICES),BOUNDARY_PROP2_TYPE,LP_EMPUA,N_LP_ARRAY_INDICES
func.f90,4327,MEMORY_FUNCTIONS::ALLOCATE_STORAGE::ALLOCATE_BOUNDARY_PROP2_ARRAYS,ALLOCATE,B2%LP_MPUA(N_LP_ARRAY_INDICES),BOUNDARY_PROP2_TYPE,LP_MPUA,N_LP_ARRAY_INDICES
func.f90,4329,MEMORY_FUNCTIONS::ALLOCATE_STORAGE::ALLOCATE_BOUNDARY_PROP2_ARRAYS,ALLOCATE,B2%LP_TEMP(N_LP_ARRAY_INDICES),BOUNDARY_PROP2_TYPE,LP_TEMP,N_LP_ARRAY_INDICES
func.f90,4359,MEMORY_FUNCTIONS::ALLOCATE_STORAGE::ALLOCATE_BOUNDARY_RADIA_ARRAYS,ALLOCATE,BR_DUMMY(1:M%N_BOUNDARY_RADIA_DIM+N_NEW_STORAGE_SLOTS),(variable:host:ALLOCATE_STORAGE),BR_DUMMY,1:M%N_BOUNDARY_RADIA_DIM+N_NEW_STORAGE_SLOTS
func.f90,4361,MEMORY_FUNCTIONS::ALLOCATE_STORAGE::ALLOCATE_BOUNDARY_RADIA_ARRAYS,MOVE_ALLOC,M%BOUNDARY_RADIA,MESH_TYPE,BOUNDARY_RADIA,(from BR_DUMMY)
func.f90,4362,MEMORY_FUNCTIONS::ALLOCATE_STORAGE::ALLOCATE_BOUNDARY_RADIA_ARRAYS,ALLOCATE,DUMMY(1:M%N_BOUNDARY_RADIA_DIM+N_NEW_STORAGE_SLOTS),(variable:host:ALLOCATE_STORAGE),DUMMY,1:M%N_BOUNDARY_RADIA_DIM+N_NEW_STORAGE_SLOTS
func.f90,4364,MEMORY_FUNCTIONS::ALLOCATE_STORAGE::ALLOCATE_BOUNDARY_RADIA_ARRAYS,MOVE_ALLOC,M%BOUNDARY_RADIA_OCCUPANCY,MESH_TYPE,BOUNDARY_RADIA_OCCUPANCY,(from DUMMY)
func.f90,4373,MEMORY_FUNCTIONS::ALLOCATE_STORAGE::ALLOCATE_BOUNDARY_RADIA_ARRAYS,ALLOCATE,BR%BAND(NUMBER_SPECTRAL_BANDS),BOUNDARY_RADIA_TYPE,BAND,NUMBER_SPECTRAL_BANDS
func.f90,4375,MEMORY_FUNCTIONS::ALLOCATE_STORAGE::ALLOCATE_BOUNDARY_RADIA_ARRAYS,ALLOCATE,BR%BAND(NN)%ILW(NUMBER_RADIATION_ANGLES),BAND_TYPE,ILW,NUMBER_RADIATION_ANGLES
func.f90,4379,MEMORY_FUNCTIONS::ALLOCATE_STORAGE::ALLOCATE_BOUNDARY_RADIA_ARRAYS,ALLOCATE,BR%IL(NUMBER_SPECTRAL_BANDS),BOUNDARY_RADIA_TYPE,IL,NUMBER_SPECTRAL_BANDS
func.f90,4786,MEMORY_FUNCTIONS::REALLOCATE_BOUNDARY_ONE_D,ALLOCATE,ONE_D%N_LAYER_CELLS(ONE_D%N_LAYERS),BOUNDARY_ONE_D_TYPE,N_LAYER_CELLS,ONE_D%N_LAYERS
func.f90,4787,MEMORY_FUNCTIONS::REALLOCATE_BOUNDARY_ONE_D,ALLOCATE,ONE_D%REMESH_NWP(ONE_D%N_LAYERS),BOUNDARY_ONE_D_TYPE,REMESH_NWP,ONE_D%N_LAYERS
func.f90,4788,MEMORY_FUNCTIONS::REALLOCATE_BOUNDARY_ONE_D,ALLOCATE,ONE_D%N_LAYER_CELLS_MAX(ONE_D%N_LAYERS),BOUNDARY_ONE_D_TYPE,N_LAYER_CELLS_MAX,ONE_D%N_LAYERS
func.f90,4789,MEMORY_FUNCTIONS::REALLOCATE_BOUNDARY_ONE_D,ALLOCATE,ONE_D%RAMP_IHS_INDEX(ONE_D%N_LAYERS),BOUNDARY_ONE_D_TYPE,RAMP_IHS_INDEX,ONE_D%N_LAYERS
func.f90,4790,MEMORY_FUNCTIONS::REALLOCATE_BOUNDARY_ONE_D,ALLOCATE,ONE_D%MATL_INDEX(ONE_D%N_MATL),BOUNDARY_ONE_D_TYPE,MATL_INDEX,ONE_D%N_MATL
func.f90,4791,MEMORY_FUNCTIONS::REALLOCATE_BOUNDARY_ONE_D,ALLOCATE,ONE_D%M_DOT_S_PP(ONE_D%N_MATL),BOUNDARY_ONE_D_TYPE,M_DOT_S_PP,ONE_D%N_MATL
func.f90,4792,MEMORY_FUNCTIONS::REALLOCATE_BOUNDARY_ONE_D,ALLOCATE,ONE_D%X(0:ONE_D%N_CELLS_MAX),BOUNDARY_ONE_D_TYPE,X,0:ONE_D%N_CELLS_MAX
func.f90,4793,MEMORY_FUNCTIONS::REALLOCATE_BOUNDARY_ONE_D,ALLOCATE,ONE_D%DX_OLD(ONE_D%N_CELLS_MAX),BOUNDARY_ONE_D_TYPE,DX_OLD,ONE_D%N_CELLS_MAX
func.f90,4794,MEMORY_FUNCTIONS::REALLOCATE_BOUNDARY_ONE_D,ALLOCATE,ONE_D%TMP(0:ONE_D%N_CELLS_MAX+1),BOUNDARY_ONE_D_TYPE,TMP,0:ONE_D%N_CELLS_MAX+1
func.f90,4795,MEMORY_FUNCTIONS::REALLOCATE_BOUNDARY_ONE_D,ALLOCATE,ONE_D%DELTA_TMP(0:ONE_D%N_CELLS_MAX+1),BOUNDARY_ONE_D_TYPE,DELTA_TMP,0:ONE_D%N_CELLS_MAX+1
func.f90,4796,MEMORY_FUNCTIONS::REALLOCATE_BOUNDARY_ONE_D,ALLOCATE,ONE_D%LAYER_THICKNESS(ONE_D%N_LAYERS),BOUNDARY_ONE_D_TYPE,LAYER_THICKNESS,ONE_D%N_LAYERS
func.f90,4798,MEMORY_FUNCTIONS::REALLOCATE_BOUNDARY_ONE_D,ALLOCATE,ONE_D%LAYER_THICKNESS_OLD(ONE_D%N_LAYERS),BOUNDARY_ONE_D_TYPE,LAYER_THICKNESS_OLD,ONE_D%N_LAYERS
func.f90,4800,MEMORY_FUNCTIONS::REALLOCATE_BOUNDARY_ONE_D,ALLOCATE,ONE_D%MIN_LAYER_THICKNESS(ONE_D%N_LAYERS),BOUNDARY_ONE_D_TYPE,MIN_LAYER_THICKNESS,ONE_D%N_LAYERS
func.f90,4801,MEMORY_FUNCTIONS::REALLOCATE_BOUNDARY_ONE_D,ALLOCATE,ONE_D%MIN_LAYER_MASS(ONE_D%N_LAYERS),BOUNDARY_ONE_D_TYPE,MIN_LAYER_MASS,ONE_D%N_LAYERS
func.f90,4802,MEMORY_FUNCTIONS::REALLOCATE_BOUNDARY_ONE_D,ALLOCATE,ONE_D%HT3D_LAYER(ONE_D%N_LAYERS),BOUNDARY_ONE_D_TYPE,HT3D_LAYER,ONE_D%N_LAYERS
func.f90,4803,MEMORY_FUNCTIONS::REALLOCATE_BOUNDARY_ONE_D,ALLOCATE,ONE_D%MIN_DIFFUSIVITY(ONE_D%N_LAYERS),BOUNDARY_ONE_D_TYPE,MIN_DIFFUSIVITY,ONE_D%N_LAYERS
func.f90,4804,MEMORY_FUNCTIONS::REALLOCATE_BOUNDARY_ONE_D,ALLOCATE,ONE_D%RHO_C_S(ONE_D%N_CELLS_MAX),BOUNDARY_ONE_D_TYPE,RHO_C_S,ONE_D%N_CELLS_MAX
func.f90,4805,MEMORY_FUNCTIONS::REALLOCATE_BOUNDARY_ONE_D,ALLOCATE,ONE_D%K_S(0:ONE_D%N_CELLS_MAX+1),BOUNDARY_ONE_D_TYPE,K_S,0:ONE_D%N_CELLS_MAX+1
func.f90,4806,MEMORY_FUNCTIONS::REALLOCATE_BOUNDARY_ONE_D,ALLOCATE,ONE_D%DDSUM(ONE_D%N_LAYERS),BOUNDARY_ONE_D_TYPE,DDSUM,ONE_D%N_LAYERS
func.f90,4807,MEMORY_FUNCTIONS::REALLOCATE_BOUNDARY_ONE_D,ALLOCATE,ONE_D%SMALLEST_CELL_SIZE(ONE_D%N_LAYERS),BOUNDARY_ONE_D_TYPE,SMALLEST_CELL_SIZE,ONE_D%N_LAYERS
func.f90,4808,MEMORY_FUNCTIONS::REALLOCATE_BOUNDARY_ONE_D,ALLOCATE,ONE_D%PART_MASS(ONE_D%N_LPC),BOUNDARY_ONE_D_TYPE,PART_MASS,ONE_D%N_LPC
func.f90,4809,MEMORY_FUNCTIONS::REALLOCATE_BOUNDARY_ONE_D,ALLOCATE,ONE_D%PART_ENTHALPY(ONE_D%N_LPC),BOUNDARY_ONE_D_TYPE,PART_ENTHALPY,ONE_D%N_LPC
func.f90,4810,MEMORY_FUNCTIONS::REALLOCATE_BOUNDARY_ONE_D,ALLOCATE,ONE_D%MATL_COMP(ONE_D%N_MATL),BOUNDARY_ONE_D_TYPE,MATL_COMP,ONE_D%N_MATL
func.f90,4811,MEMORY_FUNCTIONS::REALLOCATE_BOUNDARY_ONE_D,ALLOCATE,ONE_D%STRETCH_FACTOR(ONE_D%N_LAYERS),BOUNDARY_ONE_D_TYPE,STRETCH_FACTOR,ONE_D%N_LAYERS
func.f90,4812,MEMORY_FUNCTIONS::REALLOCATE_BOUNDARY_ONE_D,ALLOCATE,ONE_D%HEAT_SOURCE(ONE_D%N_LAYERS),BOUNDARY_ONE_D_TYPE,HEAT_SOURCE,ONE_D%N_LAYERS
func.f90,4813,MEMORY_FUNCTIONS::REALLOCATE_BOUNDARY_ONE_D,ALLOCATE,ONE_D%CELL_SIZE_FACTOR(ONE_D%N_LAYERS),BOUNDARY_ONE_D_TYPE,CELL_SIZE_FACTOR,ONE_D%N_LAYERS
func.f90,4814,MEMORY_FUNCTIONS::REALLOCATE_BOUNDARY_ONE_D,ALLOCATE,ONE_D%CELL_SIZE(ONE_D%N_LAYERS),BOUNDARY_ONE_D_TYPE,CELL_SIZE,ONE_D%N_LAYERS
func.f90,4818,MEMORY_FUNCTIONS::REALLOCATE_BOUNDARY_ONE_D,ALLOCATE,ONE_D%MATL_COMP(NN)%MASS_FRACTION(ONE_D%N_LAYERS),MATL_COMP_TYPE,MASS_FRACTION,ONE_D%N_LAYERS
func.f90,4820,MEMORY_FUNCTIONS::REALLOCATE_BOUNDARY_ONE_D,ALLOCATE,ONE_D%MATL_COMP(NN)%RHO(0:ONE_D%N_CELLS_MAX+1),MATL_COMP_TYPE,RHO,0:ONE_D%N_CELLS_MAX+1
func.f90,5271,MEMORY_FUNCTIONS::REALLOCATE_STORAGE_ARRAYS,ALLOCATE,DUMMY_REALS(N_REALS_NEW),(variable:local),DUMMY_REALS,N_REALS_NEW
func.f90,5273,MEMORY_FUNCTIONS::REALLOCATE_STORAGE_ARRAYS,MOVE_ALLOC,OS%REALS,STORAGE_TYPE,REALS,(from DUMMY_REALS)
func.f90,5275,MEMORY_FUNCTIONS::REALLOCATE_STORAGE_ARRAYS,ALLOCATE,OS%REALS(N_REALS_NEW),STORAGE_TYPE,REALS,N_REALS_NEW
func.f90,5279,MEMORY_FUNCTIONS::REALLOCATE_STORAGE_ARRAYS,ALLOCATE,DUMMY_INTEGERS(N_INTEGERS_NEW),(variable:local),DUMMY_INTEGERS,N_INTEGERS_NEW
func.f90,5281,MEMORY_FUNCTIONS::REALLOCATE_STORAGE_ARRAYS,MOVE_ALLOC,OS%INTEGERS,STORAGE_TYPE,INTEGERS,(from DUMMY_INTEGERS)
func.f90,5283,MEMORY_FUNCTIONS::REALLOCATE_STORAGE_ARRAYS,ALLOCATE,OS%INTEGERS(N_INTEGERS_NEW),STORAGE_TYPE,INTEGERS,N_INTEGERS_NEW
func.f90,5287,MEMORY_FUNCTIONS::REALLOCATE_STORAGE_ARRAYS,ALLOCATE,DUMMY_LOGICALS(N_LOGICALS_NEW),(variable:local),DUMMY_LOGICALS,N_LOGICALS_NEW
func.f90,5289,MEMORY_FUNCTIONS::REALLOCATE_STORAGE_ARRAYS,MOVE_ALLOC,OS%LOGICALS,STORAGE_TYPE,LOGICALS,(from DUMMY_LOGICALS)
func.f90,5291,MEMORY_FUNCTIONS::REALLOCATE_STORAGE_ARRAYS,ALLOCATE,OS%LOGICALS(N_LOGICALS_NEW),STORAGE_TYPE,LOGICALS,N_LOGICALS_NEW
func.f90,5357,MEMORY_FUNCTIONS::EXCHANGE_GEOMETRY_INFO,ALLOCATE,"M4%CELL_INDEX(0:M4%IBP1,0:M4%JBP1,0:M4%KBP1)",MESH_TYPE,CELL_INDEX,"0:M4%IBP1,0:M4%JBP1,0:M4%KBP1"
func.f90,5591,GEOMETRY_FUNCTIONS::ASSIGN_PRESSURE_ZONE,ALLOCATE,Q_I(M%IBAR*M%JBAR*M%KBAR),(variable:local),Q_I,M%IBAR*M%JBAR*M%KBAR
func.f90,5592,GEOMETRY_FUNCTIONS::ASSIGN_PRESSURE_ZONE,ALLOCATE,Q_J(M%IBAR*M%JBAR*M%KBAR),(variable:local),Q_J,M%IBAR*M%JBAR*M%KBAR
func.f90,5593,GEOMETRY_FUNCTIONS::ASSIGN_PRESSURE_ZONE,ALLOCATE,Q_K(M%IBAR*M%JBAR*M%KBAR),(variable:local),Q_K,M%IBAR*M%JBAR*M%KBAR
func.f90,6604,GEOMETRY_FUNCTIONS::DETERMINANT,ALLOCATE,"SUBMAT(N-1,N-1)",(variable:local),SUBMAT,"N-1,N-1"
func.f90,7133,MISC_FUNCTIONS::ACCUMULATE_STRING,ALLOCATE,AUXSTR,(variable:local),AUXSTR,
func.f90,7135,MISC_FUNCTIONS::ACCUMULATE_STRING,MOVE_ALLOC,ACCSTR,(variable:local),ACCSTR,(from AUXSTR)
geom.f90,657,COMPLEX_GEOMETRY::CC_INIT_GEOM,ALLOCATE,"GEOMETRY(IG)%FACES_NORMAL(MAX_DIM,NWSEL)",GEOMETRY_TYPE,FACES_NORMAL,"MAX_DIM,NWSEL"
geom.f90,660,COMPLEX_GEOMETRY::CC_INIT_GEOM,ALLOCATE,GEOMETRY(IG)%FACES_AREA(NWSEL),GEOMETRY_TYPE,FACES_AREA,NWSEL
geom.f90,663,COMPLEX_GEOMETRY::CC_INIT_GEOM,ALLOCATE,"GEOMETRY(IG)%EDGES(NOD1:NOD2,N_TENT_EDGES)",GEOMETRY_TYPE,EDGES,"NOD1:NOD2,N_TENT_EDGES"
geom.f90,668,COMPLEX_GEOMETRY::CC_INIT_GEOM,ALLOCATE,"GEOMETRY(IG)%FACE_EDGES(EDG1:EDG3,NWSEL)",GEOMETRY_TYPE,FACE_EDGES,"EDG1:EDG3,NWSEL"
geom.f90,671,COMPLEX_GEOMETRY::CC_INIT_GEOM,ALLOCATE,"GEOMETRY(IG)%EDGE_FACES(5,N_TENT_EDGES)",GEOMETRY_TYPE,EDGE_FACES,"5,N_TENT_EDGES"
geom.f90,674,COMPLEX_GEOMETRY::CC_INIT_GEOM,ALLOCATE,COUNTED_VERT(1:NVERT),(variable:local),COUNTED_VERT,1:NVERT
geom.f90,821,COMPLEX_GEOMETRY::CC_INIT_GEOM,ALLOCATE,"EDGES2(2,NWSEDG)",(variable:local),EDGES2,"2,NWSEDG"
geom.f90,970,COMPLEX_GEOMETRY::GET_GEOM_EDGES,ALLOCATE,NELVERT(NVERT),(variable:local),NELVERT,NVERT
geom.f90,971,COMPLEX_GEOMETRY::GET_GEOM_EDGES,ALLOCATE,ISTVERT(NVERT),(variable:local),ISTVERT,NVERT
geom.f90,983,COMPLEX_GEOMETRY::GET_GEOM_EDGES,ALLOCATE,"EDGES2(NOD1:NOD2,TOT_ELVERT)",(variable:local),EDGES2,"NOD1:NOD2,TOT_ELVERT"
geom.f90,984,COMPLEX_GEOMETRY::GET_GEOM_EDGES,ALLOCATE,"EDGE_FACES2(5,TOT_ELVERT)",(variable:local),EDGE_FACES2,"5,TOT_ELVERT"
geom.f90,985,COMPLEX_GEOMETRY::GET_GEOM_EDGES,ALLOCATE,EDGE_RNK(TOT_ELVERT),(variable:local),EDGE_RNK,TOT_ELVERT
geom.f90,1169,COMPLEX_GEOMETRY::READ_GEOM,ALLOCATE,GEOM_LINE(DELTA_GEOM_LINE),(variable:local),GEOM_LINE,DELTA_GEOM_LINE
geom.f90,1176,COMPLEX_GEOMETRY::READ_GEOM,ALLOCATE,GEOM_LINE2(GEOM_LINE_SIZE),(variable:local),GEOM_LINE2,GEOM_LINE_SIZE
geom.f90,1179,COMPLEX_GEOMETRY::READ_GEOM,ALLOCATE,GEOM_LINE(GEOM_LINE_SIZE+DELTA_GEOM_LINE),(variable:local),GEOM_LINE,GEOM_LINE_SIZE+DELTA_GEOM_LINE
geom.f90,1193,COMPLEX_GEOMETRY::READ_GEOM,ALLOCATE,GEOMETRY(0:N_GEOMETRY),(variable:use:MESH_POINTERS),GEOMETRY,0:N_GEOMETRY
geom.f90,1276,COMPLEX_GEOMETRY::READ_GEOM,ALLOCATE,SURFS(N_FACES),(variable:local),SURFS,N_FACES
geom.f90,1340,COMPLEX_GEOMETRY::READ_GEOM,ALLOCATE,VERTS(1:3*MAX_VERTS),(variable:local),VERTS,1:3*MAX_VERTS
geom.f90,1343,COMPLEX_GEOMETRY::READ_GEOM,ALLOCATE,FACES(1:3*MAX_FACES),(variable:local),FACES,1:3*MAX_FACES
geom.f90,1344,COMPLEX_GEOMETRY::READ_GEOM,ALLOCATE,TFACES(1:6*MAX_FACES),(variable:local),TFACES,1:6*MAX_FACES
geom.f90,1346,COMPLEX_GEOMETRY::READ_GEOM,ALLOCATE,SURFS(MAX_FACES),(variable:local),SURFS,MAX_FACES
geom.f90,1347,COMPLEX_GEOMETRY::READ_GEOM,ALLOCATE,VOLUS(1:4*N_VOLUS),(variable:local),VOLUS,1:4*N_VOLUS
geom.f90,1442,COMPLEX_GEOMETRY::READ_GEOM,ALLOCATE,B_IND(2*(IJK(1)+IJK(2))-3),(variable:local),B_IND,2*(IJK(1)+IJK(2))-3
geom.f90,1443,COMPLEX_GEOMETRY::READ_GEOM,ALLOCATE,E_IND(2*(IJK(1)+IJK(2))-3),(variable:local),E_IND,2*(IJK(1)+IJK(2))-3
geom.f90,1444,COMPLEX_GEOMETRY::READ_GEOM,ALLOCATE,F_IND(2*(IJK(1)+IJK(2))-3),(variable:local),F_IND,2*(IJK(1)+IJK(2))-3
geom.f90,1690,COMPLEX_GEOMETRY::READ_GEOM,ALLOCATE,VERTS_AUX(3*N_VERTS),(variable:local),VERTS_AUX,3*N_VERTS
geom.f90,1691,COMPLEX_GEOMETRY::READ_GEOM,ALLOCATE,FACES_AUX(4*N_FACES),(variable:local),FACES_AUX,4*N_FACES
geom.f90,1692,COMPLEX_GEOMETRY::READ_GEOM,ALLOCATE,SURFS2(N_FACES),(variable:local),SURFS2,N_FACES
geom.f90,1696,COMPLEX_GEOMETRY::READ_GEOM,ALLOCATE,VERTS(3*MAX_VERTS+1),(variable:local),VERTS,3*MAX_VERTS+1
geom.f90,1696,COMPLEX_GEOMETRY::READ_GEOM,ALLOCATE,TFACES(6*MAX_FACES+1),(variable:local),TFACES,6*MAX_FACES+1
geom.f90,1696,COMPLEX_GEOMETRY::READ_GEOM,ALLOCATE,FACES(4*MAX_FACES+1),(variable:local),FACES,4*MAX_FACES+1
geom.f90,1700,COMPLEX_GEOMETRY::READ_GEOM,ALLOCATE,SURFS(MAX_FACES),(variable:local),SURFS,MAX_FACES
geom.f90,1713,COMPLEX_GEOMETRY::READ_GEOM,ALLOCATE,"EDGES(NOD1:NOD2,3*N_FACES)",(variable:local),EDGES,"NOD1:NOD2,3*N_FACES"
geom.f90,1713,COMPLEX_GEOMETRY::READ_GEOM,ALLOCATE,"FACE_EDGES(EDG1:EDG3,N_FACES)",(variable:local),FACE_EDGES,"EDG1:EDG3,N_FACES"
geom.f90,1713,COMPLEX_GEOMETRY::READ_GEOM,ALLOCATE,"EDGE_FACES(5,3*N_FACES)",(variable:local),EDGE_FACES,"5,3*N_FACES"
geom.f90,1717,COMPLEX_GEOMETRY::READ_GEOM,ALLOCATE,NBND_EDGE(1:N_EDGES),(variable:local),NBND_EDGE,1:N_EDGES
geom.f90,1719,COMPLEX_GEOMETRY::READ_GEOM,ALLOCATE,"BOUND_EDGES(2,N_BEDGES)",(variable:local),BOUND_EDGES,"2,N_BEDGES"
geom.f90,1719,COMPLEX_GEOMETRY::READ_GEOM,ALLOCATE,"BOUND_EDGES2(2,N_BEDGES)",(variable:local),BOUND_EDGES2,"2,N_BEDGES"
geom.f90,1720,COMPLEX_GEOMETRY::READ_GEOM,ALLOCATE,COUNTED_EDGES(1:N_BEDGES),(variable:local),COUNTED_EDGES,1:N_BEDGES
geom.f90,1803,COMPLEX_GEOMETRY::READ_GEOM,ALLOCATE,B_IND(2*N_BEDGES+1),(variable:local),B_IND,2*N_BEDGES+1
geom.f90,1804,COMPLEX_GEOMETRY::READ_GEOM,ALLOCATE,E_IND(2*N_BEDGES+1),(variable:local),E_IND,2*N_BEDGES+1
geom.f90,1805,COMPLEX_GEOMETRY::READ_GEOM,ALLOCATE,F_IND(2*N_BEDGES+1),(variable:local),F_IND,2*N_BEDGES+1
geom.f90,2021,COMPLEX_GEOMETRY::READ_GEOM,ALLOCATE,VERTS(3*MAX_VERTS+1),(variable:local),VERTS,3*MAX_VERTS+1
geom.f90,2021,COMPLEX_GEOMETRY::READ_GEOM,ALLOCATE,TFACES(6*MAX_FACES+1),(variable:local),TFACES,6*MAX_FACES+1
geom.f90,2021,COMPLEX_GEOMETRY::READ_GEOM,ALLOCATE,FACES(4*MAX_FACES+1),(variable:local),FACES,4*MAX_FACES+1
geom.f90,2021,COMPLEX_GEOMETRY::READ_GEOM,ALLOCATE,VOLUS(4*MAX_VOLUS+1),(variable:local),VOLUS,4*MAX_VOLUS+1
geom.f90,2100,COMPLEX_GEOMETRY::READ_GEOM,ALLOCATE,VERTS(3*MAX_VERTS+1),(variable:local),VERTS,3*MAX_VERTS+1
geom.f90,2100,COMPLEX_GEOMETRY::READ_GEOM,ALLOCATE,TFACES(6*MAX_FACES+1),(variable:local),TFACES,6*MAX_FACES+1
geom.f90,2100,COMPLEX_GEOMETRY::READ_GEOM,ALLOCATE,FACES(4*MAX_FACES+1),(variable:local),FACES,4*MAX_FACES+1
geom.f90,2111,COMPLEX_GEOMETRY::READ_GEOM,ALLOCATE,SURFS(N_FACES),(variable:local),SURFS,N_FACES
geom.f90,2130,COMPLEX_GEOMETRY::READ_GEOM,ALLOCATE,VERTS(3*MAX_VERTS+1),(variable:local),VERTS,3*MAX_VERTS+1
geom.f90,2130,COMPLEX_GEOMETRY::READ_GEOM,ALLOCATE,TFACES(6*MAX_FACES+1),(variable:local),TFACES,6*MAX_FACES+1
geom.f90,2130,COMPLEX_GEOMETRY::READ_GEOM,ALLOCATE,FACES(4*MAX_FACES+1),(variable:local),FACES,4*MAX_FACES+1
geom.f90,2137,COMPLEX_GEOMETRY::READ_GEOM,ALLOCATE,SURFS(N_FACES),(variable:local),SURFS,N_FACES
geom.f90,2184,COMPLEX_GEOMETRY::READ_GEOM,ALLOCATE,VERTS(3*MAX_VERTS+1),(variable:local),VERTS,3*MAX_VERTS+1
geom.f90,2184,COMPLEX_GEOMETRY::READ_GEOM,ALLOCATE,TFACES(6*MAX_FACES+1),(variable:local),TFACES,6*MAX_FACES+1
geom.f90,2184,COMPLEX_GEOMETRY::READ_GEOM,ALLOCATE,FACES(4*MAX_FACES+1),(variable:local),FACES,4*MAX_FACES+1
geom.f90,2193,COMPLEX_GEOMETRY::READ_GEOM,ALLOCATE,SURFS(N_FACES),(variable:local),SURFS,N_FACES
geom.f90,2242,COMPLEX_GEOMETRY::READ_GEOM,ALLOCATE,G%SURF_ID(1),GEOMETRY_TYPE,SURF_ID,1
geom.f90,2252,COMPLEX_GEOMETRY::READ_GEOM,ALLOCATE,G%SURF_ID(1:N_SURF_ID),GEOMETRY_TYPE,SURF_ID,1:N_SURF_ID
geom.f90,2257,COMPLEX_GEOMETRY::READ_GEOM,ALLOCATE,SURF_ID_IND(N_SURF_ID),(variable:local),SURF_ID_IND,N_SURF_ID
geom.f90,2311,COMPLEX_GEOMETRY::READ_GEOM,ALLOCATE,G%VOLUS(4*N_VOLUS),GEOMETRY_TYPE,VOLUS,4*N_VOLUS
geom.f90,2331,COMPLEX_GEOMETRY::READ_GEOM,ALLOCATE,G%MATLS(N_VOLUS),GEOMETRY_TYPE,MATLS,N_VOLUS
geom.f90,2353,COMPLEX_GEOMETRY::READ_GEOM,ALLOCATE,IS_EXTERNAL(0:N_FACES-1),(variable:local),IS_EXTERNAL,0:N_FACES-1
geom.f90,2403,COMPLEX_GEOMETRY::READ_GEOM,ALLOCATE,OFACES(N_FACES),(variable:local),OFACES,N_FACES
geom.f90,2508,COMPLEX_GEOMETRY::READ_GEOM,ALLOCATE,SURFS(N_FACES),(variable:local),SURFS,N_FACES
geom.f90,2521,COMPLEX_GEOMETRY::READ_GEOM,ALLOCATE,SURFS(N_FACES),(variable:local),SURFS,N_FACES
geom.f90,2529,COMPLEX_GEOMETRY::READ_GEOM,ALLOCATE,SURFS2(N_FACES),(variable:local),SURFS2,N_FACES
geom.f90,2537,COMPLEX_GEOMETRY::READ_GEOM,MOVE_ALLOC,SURFS,(variable:local),SURFS,(from FROM=SURFS2)
geom.f90,2541,COMPLEX_GEOMETRY::READ_GEOM,ALLOCATE,G%FACES(3*N_FACES),GEOMETRY_TYPE,FACES,3*N_FACES
geom.f90,2561,COMPLEX_GEOMETRY::READ_GEOM,ALLOCATE,G%TFACES(6*N_FACES),GEOMETRY_TYPE,TFACES,6*N_FACES
geom.f90,2565,COMPLEX_GEOMETRY::READ_GEOM,ALLOCATE,G%SURFS(N_FACES),GEOMETRY_TYPE,SURFS,N_FACES
geom.f90,2621,COMPLEX_GEOMETRY::READ_GEOM,ALLOCATE,G%VERTS_BASE(3*N_VERTS),GEOMETRY_TYPE,VERTS_BASE,3*N_VERTS
geom.f90,2625,COMPLEX_GEOMETRY::READ_GEOM,ALLOCATE,G%VERTS(3*N_VERTS),GEOMETRY_TYPE,VERTS,3*N_VERTS
geom.f90,2731,COMPLEX_GEOMETRY::READ_GEOM::DEFINE_EXTRUDED_POLY,ALLOCATE,PVERTS(1:2*MAX_DIM*N_POLY_VERTS),(variable:local),PVERTS,1:2*MAX_DIM*N_POLY_VERTS
geom.f90,2813,COMPLEX_GEOMETRY::READ_GEOM::DEFINE_EXTRUDED_POLY,ALLOCATE,NODE_FLG(1:N_POLY_VERTS+1),(variable:local),NODE_FLG,1:N_POLY_VERTS+1
geom.f90,2832,COMPLEX_GEOMETRY::READ_GEOM::DEFINE_EXTRUDED_POLY,ALLOCATE,PVERTS2(1:2*MAX_DIM*N_POLY_VERTS),(variable:local),PVERTS2,1:2*MAX_DIM*N_POLY_VERTS
geom.f90,2833,COMPLEX_GEOMETRY::READ_GEOM::DEFINE_EXTRUDED_POLY,ALLOCATE,VERT_LIST(NVERTS2+1),(variable:local),VERT_LIST,NVERTS2+1
geom.f90,2834,COMPLEX_GEOMETRY::READ_GEOM::DEFINE_EXTRUDED_POLY,ALLOCATE,NODE_EXISTS(NVERTS2+1),(variable:local),NODE_EXISTS,NVERTS2+1
geom.f90,3190,COMPLEX_GEOMETRY::READ_GEOM::ALLOCATE_BUFFERS,ALLOCATE,SURF_ID(MAX_SURF_IDS+1),(variable:host:READ_GEOM),SURF_ID,MAX_SURF_IDS+1
geom.f90,3194,COMPLEX_GEOMETRY::READ_GEOM::ALLOCATE_BUFFERS,ALLOCATE,ZVALS(MAX_ZVALS+1),(variable:host:READ_GEOM),ZVALS,MAX_ZVALS+1
geom.f90,3198,COMPLEX_GEOMETRY::READ_GEOM::ALLOCATE_BUFFERS,ALLOCATE,VERTS(3*MAX_VERTS+1),(variable:host:READ_GEOM),VERTS,3*MAX_VERTS+1
geom.f90,3202,COMPLEX_GEOMETRY::READ_GEOM::ALLOCATE_BUFFERS,ALLOCATE,TFACES(6*MAX_FACES+1),(variable:host:READ_GEOM),TFACES,6*MAX_FACES+1
geom.f90,3206,COMPLEX_GEOMETRY::READ_GEOM::ALLOCATE_BUFFERS,ALLOCATE,FACES(4*MAX_FACES+1),(variable:host:READ_GEOM),FACES,4*MAX_FACES+1
geom.f90,3210,COMPLEX_GEOMETRY::READ_GEOM::ALLOCATE_BUFFERS,ALLOCATE,VOLUS(4*MAX_VOLUS+1),(variable:host:READ_GEOM),VOLUS,4*MAX_VOLUS+1
geom.f90,3214,COMPLEX_GEOMETRY::READ_GEOM::ALLOCATE_BUFFERS,ALLOCATE,POLY(MAX_POLY_VERTS+1),(variable:host:READ_GEOM),POLY,MAX_POLY_VERTS+1
geom.f90,3317,COMPLEX_GEOMETRY::READ_GEOM::ORDER_FACES,ALLOCATE,WORK(N),(variable:local),WORK,N
geom.f90,3951,COMPLEX_GEOMETRY::CONVERTGEOM,ALLOCATE,"VERTS(MAX(1,3*N_VERTS))",(variable:local),VERTS,"MAX(1,3*N_VERTS)"
geom.f90,3954,COMPLEX_GEOMETRY::CONVERTGEOM,ALLOCATE,"TFACES(MAX(1,6*N_FACES))",(variable:local),TFACES,"MAX(1,6*N_FACES)"
geom.f90,3957,COMPLEX_GEOMETRY::CONVERTGEOM,ALLOCATE,"FACES(MAX(1,3*N_FACES))",(variable:local),FACES,"MAX(1,3*N_FACES)"
geom.f90,3960,COMPLEX_GEOMETRY::CONVERTGEOM,ALLOCATE,"SURF_IDS(MAX(1,N_FACES))",(variable:local),SURF_IDS,"MAX(1,N_FACES)"
geom.f90,3963,COMPLEX_GEOMETRY::CONVERTGEOM,ALLOCATE,"GEOM_IDS(MAX(1,N_FACES))",(variable:local),GEOM_IDS,"MAX(1,N_FACES)"
geom.f90,3966,COMPLEX_GEOMETRY::CONVERTGEOM,ALLOCATE,"VOLUS(MAX(1,4*N_VOLUS))",(variable:local),VOLUS,"MAX(1,4*N_VOLUS)"
geom.f90,3969,COMPLEX_GEOMETRY::CONVERTGEOM,ALLOCATE,"MATL_IDS(MAX(1,N_VOLUS))",(variable:local),MATL_IDS,"MAX(1,N_VOLUS)"
geom.f90,4022,COMPLEX_GEOMETRY::OUTGEOM,ALLOCATE,"VERTS(MAX(1,3*N_VERTS))",(variable:local),VERTS,"MAX(1,3*N_VERTS)"
geom.f90,4025,COMPLEX_GEOMETRY::OUTGEOM,ALLOCATE,"TFACES(MAX(1,6*N_FACES))",(variable:local),TFACES,"MAX(1,6*N_FACES)"
geom.f90,4028,COMPLEX_GEOMETRY::OUTGEOM,ALLOCATE,"FACES(MAX(1,3*N_FACES))",(variable:local),FACES,"MAX(1,3*N_FACES)"
geom.f90,4031,COMPLEX_GEOMETRY::OUTGEOM,ALLOCATE,"GEOM_IDS(MAX(1,N_FACES))",(variable:local),GEOM_IDS,"MAX(1,N_FACES)"
geom.f90,4034,COMPLEX_GEOMETRY::OUTGEOM,ALLOCATE,"SURF_IDS(MAX(1,N_FACES))",(variable:local),SURF_IDS,"MAX(1,N_FACES)"
geom.f90,4037,COMPLEX_GEOMETRY::OUTGEOM,ALLOCATE,"VOLUS(MAX(1,4*N_VOLUS))",(variable:local),VOLUS,"MAX(1,4*N_VOLUS)"
geom.f90,4040,COMPLEX_GEOMETRY::OUTGEOM,ALLOCATE,"MATL_IDS(MAX(1,N_VOLUS))",(variable:local),MATL_IDS,"MAX(1,N_VOLUS)"
geom.f90,5521,COMPLEX_GEOMETRY_GRID::CHECK_WALL_CELL_PLANE_MATCH,ALLOCATE,"BUFF(2,NMESHES)",(variable:local),BUFF,"2,NMESHES"
geom.f90,5597,COMPLEX_GEOMETRY_GRID::EXCHANGE_CC_NOADVANCE_INFO,ALLOCATE,"M%XYZ_CC_BLOCKED(3,NPACK)",MESH_TYPE,XYZ_CC_BLOCKED,"3,NPACK"
geom.f90,5598,COMPLEX_GEOMETRY_GRID::EXCHANGE_CC_NOADVANCE_INFO,ALLOCATE,"M%JBT_CC_BLOCKED(4,NPACK)",MESH_TYPE,JBT_CC_BLOCKED,"4,NPACK"
geom.f90,5653,COMPLEX_GEOMETRY_GRID::EXCHANGE_CC_ELIMINATED_INFO,ALLOCATE,"M%XYZ_CC_BLOCKED(3,NPACK)",MESH_TYPE,XYZ_CC_BLOCKED,"3,NPACK"
geom.f90,5654,COMPLEX_GEOMETRY_GRID::EXCHANGE_CC_ELIMINATED_INFO,ALLOCATE,"M%JBT_CC_BLOCKED(4,NPACK)",MESH_TYPE,JBT_CC_BLOCKED,"4,NPACK"
geom.f90,5680,COMPLEX_GEOMETRY_GRID::EXCHANGE_CC_BLOCKED_LISTS,ALLOCATE,REQ0(NMESHES),(variable:local),REQ0,NMESHES
geom.f90,5716,COMPLEX_GEOMETRY_GRID::EXCHANGE_CC_BLOCKED_LISTS,ALLOCATE,"MESHES(NM)%XYZ_CC_BLOCKED(3,MESHES(NM)%N_CC_BLOCKED)",MESH_TYPE,XYZ_CC_BLOCKED,"3,MESHES(NM)%N_CC_BLOCKED"
geom.f90,5717,COMPLEX_GEOMETRY_GRID::EXCHANGE_CC_BLOCKED_LISTS,ALLOCATE,"MESHES(NM)%JBT_CC_BLOCKED(4,MESHES(NM)%N_CC_BLOCKED)",MESH_TYPE,JBT_CC_BLOCKED,"4,MESHES(NM)%N_CC_BLOCKED"
geom.f90,5766,COMPLEX_GEOMETRY_GRID::EXCHANGE_CC_BLOCKED_LISTS::CHECK_REQ0_SIZE,ALLOCATE,"REQ0DUM(SIZE(REQ0,DIM=1)+NMESHES)",(variable:host:EXCHANGE_CC_BLOCKED_LISTS),REQ0DUM,"SIZE(REQ0,DIM=1)+NMESHES"
geom.f90,5768,COMPLEX_GEOMETRY_GRID::EXCHANGE_CC_BLOCKED_LISTS::CHECK_REQ0_SIZE,MOVE_ALLOC,REQ0,(variable:host:EXCHANGE_CC_BLOCKED_LISTS),REQ0,(from REQ0DUM)
geom.f90,5792,COMPLEX_GEOMETRY_GRID::REGISTER_ELIMINATED_CUTCELL,ALLOCATE,"M%XYZ_CC_ELIMINATED(3,NCAP)",MESH_TYPE,XYZ_CC_ELIMINATED,"3,NCAP"
geom.f90,5792,COMPLEX_GEOMETRY_GRID::REGISTER_ELIMINATED_CUTCELL,ALLOCATE,"M%JBT_CC_ELIMINATED(4,NCAP)",MESH_TYPE,JBT_CC_ELIMINATED,"4,NCAP"
geom.f90,5795,COMPLEX_GEOMETRY_GRID::REGISTER_ELIMINATED_CUTCELL,ALLOCATE,"XYZ_TMP(3,NCAP)",(variable:local),XYZ_TMP,"3,NCAP"
geom.f90,5795,COMPLEX_GEOMETRY_GRID::REGISTER_ELIMINATED_CUTCELL,ALLOCATE,"JBT_TMP(4,NCAP)",(variable:local),JBT_TMP,"4,NCAP"
geom.f90,5800,COMPLEX_GEOMETRY_GRID::REGISTER_ELIMINATED_CUTCELL,MOVE_ALLOC,M%XYZ_CC_ELIMINATED,MESH_TYPE,XYZ_CC_ELIMINATED,(from FROM=XYZ_TMP)
geom.f90,5801,COMPLEX_GEOMETRY_GRID::REGISTER_ELIMINATED_CUTCELL,MOVE_ALLOC,M%JBT_CC_ELIMINATED,MESH_TYPE,JBT_CC_ELIMINATED,(from FROM=JBT_TMP)
geom.f90,6767,COMPLEX_GEOMETRY_GRID::ADD_BACK_CFACE_QUERY,ALLOCATE,"M3%CFACE_QUERY_XYZ(IAXIS:KAXIS,M3%N_CFACE_QUERY_DIM)",OMESH_TYPE,CFACE_QUERY_XYZ,"IAXIS:KAXIS,M3%N_CFACE_QUERY_DIM"
geom.f90,6768,COMPLEX_GEOMETRY_GRID::ADD_BACK_CFACE_QUERY,ALLOCATE,"M3%CFACE_QUERY_NBACK(IAXIS:KAXIS,M3%N_CFACE_QUERY_DIM)",OMESH_TYPE,CFACE_QUERY_NBACK,"IAXIS:KAXIS,M3%N_CFACE_QUERY_DIM"
geom.f90,6769,COMPLEX_GEOMETRY_GRID::ADD_BACK_CFACE_QUERY,ALLOCATE,M3%CFACE_QUERY_FRONT(M3%N_CFACE_QUERY_DIM),OMESH_TYPE,CFACE_QUERY_FRONT,M3%N_CFACE_QUERY_DIM
geom.f90,6774,COMPLEX_GEOMETRY_GRID::ADD_BACK_CFACE_QUERY,ALLOCATE,"XYZ_DUMMY(IAXIS:KAXIS,NDIM)",(variable:local),XYZ_DUMMY,"IAXIS:KAXIS,NDIM"
geom.f90,6775,COMPLEX_GEOMETRY_GRID::ADD_BACK_CFACE_QUERY,ALLOCATE,"NBACK_DUMMY(IAXIS:KAXIS,NDIM)",(variable:local),NBACK_DUMMY,"IAXIS:KAXIS,NDIM"
geom.f90,6776,COMPLEX_GEOMETRY_GRID::ADD_BACK_CFACE_QUERY,ALLOCATE,FRONT_DUMMY(NDIM),(variable:local),FRONT_DUMMY,NDIM
geom.f90,6779,COMPLEX_GEOMETRY_GRID::ADD_BACK_CFACE_QUERY,ALLOCATE,"M3%CFACE_QUERY_XYZ(IAXIS:KAXIS,M3%N_CFACE_QUERY_DIM)",OMESH_TYPE,CFACE_QUERY_XYZ,"IAXIS:KAXIS,M3%N_CFACE_QUERY_DIM"
geom.f90,6780,COMPLEX_GEOMETRY_GRID::ADD_BACK_CFACE_QUERY,ALLOCATE,"M3%CFACE_QUERY_NBACK(IAXIS:KAXIS,M3%N_CFACE_QUERY_DIM)",OMESH_TYPE,CFACE_QUERY_NBACK,"IAXIS:KAXIS,M3%N_CFACE_QUERY_DIM"
geom.f90,6781,COMPLEX_GEOMETRY_GRID::ADD_BACK_CFACE_QUERY,ALLOCATE,M3%CFACE_QUERY_FRONT(M3%N_CFACE_QUERY_DIM),OMESH_TYPE,CFACE_QUERY_FRONT,M3%N_CFACE_QUERY_DIM
geom.f90,6929,COMPLEX_GEOMETRY_GRID::GET_REGULAR_CUT_EDGES_BC,ALLOCATE,"CELL_ADDED(0:IBP1,0:JBP1,0:KBP1)",(variable:local),CELL_ADDED,"0:IBP1,0:JBP1,0:KBP1"
geom.f90,7173,COMPLEX_GEOMETRY_GRID::GET_REGULAR_CUT_EDGES_BC,ALLOCATE,M%CC_RCEDGE(1:CC_ECOUNT_RC),MESH_TYPE,CC_RCEDGE,1:CC_ECOUNT_RC
geom.f90,7593,COMPLEX_GEOMETRY_GRID::GET_SOLID_CUTCELL_EDGES_BC,ALLOCATE,"CELL_ADDED(0:IBP1,0:JBP1,0:KBP1)",(variable:local),CELL_ADDED,"0:IBP1,0:JBP1,0:KBP1"
geom.f90,7853,COMPLEX_GEOMETRY_GRID::GET_SOLID_CUTCELL_EDGES_BC,ALLOCATE,MESHES(NM)%CC_IBEDGE(1:CC_ECOUNT),MESH_TYPE,CC_IBEDGE,1:CC_ECOUNT
geom.f90,8249,COMPLEX_GEOMETRY_GRID::CUT_CELL_MOVE,MOVE_ALLOC,CUT_CELL_TO%CCELEM,CC_CUTCELL_TYPE,CCELEM,(from FROM=CUT_CELL_FROM%CCELEM)
geom.f90,8250,COMPLEX_GEOMETRY_GRID::CUT_CELL_MOVE,MOVE_ALLOC,CUT_CELL_TO%FACE_LIST,CC_CUTCELL_TYPE,FACE_LIST,(from FROM=CUT_CELL_FROM%FACE_LIST)
geom.f90,8251,COMPLEX_GEOMETRY_GRID::CUT_CELL_MOVE,MOVE_ALLOC,CUT_CELL_TO%FACE_LIST_DROPPED,CC_CUTCELL_TYPE,FACE_LIST_DROPPED,(from FROM=CUT_CELL_FROM%FACE_LIST_DROPPED)
geom.f90,8252,COMPLEX_GEOMETRY_GRID::CUT_CELL_MOVE,MOVE_ALLOC,CUT_CELL_TO%IJK_LINK,CC_CUTCELL_TYPE,IJK_LINK,(from FROM=CUT_CELL_FROM%IJK_LINK)
geom.f90,8253,COMPLEX_GEOMETRY_GRID::CUT_CELL_MOVE,MOVE_ALLOC,CUT_CELL_TO%LINK_LEV,CC_CUTCELL_TYPE,LINK_LEV,(from FROM=CUT_CELL_FROM%LINK_LEV)
geom.f90,8254,COMPLEX_GEOMETRY_GRID::CUT_CELL_MOVE,MOVE_ALLOC,CUT_CELL_TO%VOLUME,CC_CUTCELL_TYPE,VOLUME,(from FROM=CUT_CELL_FROM%VOLUME)
geom.f90,8255,COMPLEX_GEOMETRY_GRID::CUT_CELL_MOVE,MOVE_ALLOC,CUT_CELL_TO%XYZCEN,CC_CUTCELL_TYPE,XYZCEN,(from FROM=CUT_CELL_FROM%XYZCEN)
geom.f90,8257,COMPLEX_GEOMETRY_GRID::CUT_CELL_MOVE,MOVE_ALLOC,CUT_CELL_TO%RHO,CC_CUTCELL_TYPE,RHO,(from FROM=CUT_CELL_FROM%RHO)
geom.f90,8258,COMPLEX_GEOMETRY_GRID::CUT_CELL_MOVE,MOVE_ALLOC,CUT_CELL_TO%RHOS,CC_CUTCELL_TYPE,RHOS,(from FROM=CUT_CELL_FROM%RHOS)
geom.f90,8259,COMPLEX_GEOMETRY_GRID::CUT_CELL_MOVE,MOVE_ALLOC,CUT_CELL_TO%RSUM,CC_CUTCELL_TYPE,RSUM,(from FROM=CUT_CELL_FROM%RSUM)
geom.f90,8260,COMPLEX_GEOMETRY_GRID::CUT_CELL_MOVE,MOVE_ALLOC,CUT_CELL_TO%TMP,CC_CUTCELL_TYPE,TMP,(from FROM=CUT_CELL_FROM%TMP)
geom.f90,8261,COMPLEX_GEOMETRY_GRID::CUT_CELL_MOVE,MOVE_ALLOC,CUT_CELL_TO%D,CC_CUTCELL_TYPE,D,(from FROM=CUT_CELL_FROM%D)
geom.f90,8262,COMPLEX_GEOMETRY_GRID::CUT_CELL_MOVE,MOVE_ALLOC,CUT_CELL_TO%DS,CC_CUTCELL_TYPE,DS,(from FROM=CUT_CELL_FROM%DS)
geom.f90,8263,COMPLEX_GEOMETRY_GRID::CUT_CELL_MOVE,MOVE_ALLOC,CUT_CELL_TO%DVOL,CC_CUTCELL_TYPE,DVOL,(from FROM=CUT_CELL_FROM%DVOL)
geom.f90,8264,COMPLEX_GEOMETRY_GRID::CUT_CELL_MOVE,MOVE_ALLOC,CUT_CELL_TO%DVOL_PR,CC_CUTCELL_TYPE,DVOL_PR,(from FROM=CUT_CELL_FROM%DVOL_PR)
geom.f90,8265,COMPLEX_GEOMETRY_GRID::CUT_CELL_MOVE,MOVE_ALLOC,CUT_CELL_TO%Q,CC_CUTCELL_TYPE,Q,(from FROM=CUT_CELL_FROM%Q)
geom.f90,8266,COMPLEX_GEOMETRY_GRID::CUT_CELL_MOVE,MOVE_ALLOC,CUT_CELL_TO%QR,CC_CUTCELL_TYPE,QR,(from FROM=CUT_CELL_FROM%QR)
geom.f90,8267,COMPLEX_GEOMETRY_GRID::CUT_CELL_MOVE,MOVE_ALLOC,CUT_CELL_TO%D_SOURCE,CC_CUTCELL_TYPE,D_SOURCE,(from FROM=CUT_CELL_FROM%D_SOURCE)
geom.f90,8268,COMPLEX_GEOMETRY_GRID::CUT_CELL_MOVE,MOVE_ALLOC,CUT_CELL_TO%CHI_R,CC_CUTCELL_TYPE,CHI_R,(from FROM=CUT_CELL_FROM%CHI_R)
geom.f90,8269,COMPLEX_GEOMETRY_GRID::CUT_CELL_MOVE,MOVE_ALLOC,CUT_CELL_TO%MIX_TIME,CC_CUTCELL_TYPE,MIX_TIME,(from FROM=CUT_CELL_FROM%MIX_TIME)
geom.f90,8270,COMPLEX_GEOMETRY_GRID::CUT_CELL_MOVE,MOVE_ALLOC,CUT_CELL_TO%Q_REAC,CC_CUTCELL_TYPE,Q_REAC,(from FROM=CUT_CELL_FROM%Q_REAC)
geom.f90,8271,COMPLEX_GEOMETRY_GRID::CUT_CELL_MOVE,MOVE_ALLOC,CUT_CELL_TO%REAC_SOURCE_TERM,CC_CUTCELL_TYPE,REAC_SOURCE_TERM,(from FROM=CUT_CELL_FROM%REAC_SOURCE_TERM)
geom.f90,8272,COMPLEX_GEOMETRY_GRID::CUT_CELL_MOVE,MOVE_ALLOC,CUT_CELL_TO%ZZ,CC_CUTCELL_TYPE,ZZ,(from FROM=CUT_CELL_FROM%ZZ)
geom.f90,8273,COMPLEX_GEOMETRY_GRID::CUT_CELL_MOVE,MOVE_ALLOC,CUT_CELL_TO%ZZS,CC_CUTCELL_TYPE,ZZS,(from FROM=CUT_CELL_FROM%ZZS)
geom.f90,8274,COMPLEX_GEOMETRY_GRID::CUT_CELL_MOVE,MOVE_ALLOC,CUT_CELL_TO%M_DOT_PPP,CC_CUTCELL_TYPE,M_DOT_PPP,(from FROM=CUT_CELL_FROM%M_DOT_PPP)
geom.f90,8275,COMPLEX_GEOMETRY_GRID::CUT_CELL_MOVE,MOVE_ALLOC,CUT_CELL_TO%UNKH,CC_CUTCELL_TYPE,UNKH,(from FROM=CUT_CELL_FROM%UNKH)
geom.f90,8276,COMPLEX_GEOMETRY_GRID::CUT_CELL_MOVE,MOVE_ALLOC,CUT_CELL_TO%UNKZ,CC_CUTCELL_TYPE,UNKZ,(from FROM=CUT_CELL_FROM%UNKZ)
geom.f90,8277,COMPLEX_GEOMETRY_GRID::CUT_CELL_MOVE,MOVE_ALLOC,CUT_CELL_TO%KRES,CC_CUTCELL_TYPE,KRES,(from FROM=CUT_CELL_FROM%KRES)
geom.f90,8278,COMPLEX_GEOMETRY_GRID::CUT_CELL_MOVE,MOVE_ALLOC,CUT_CELL_TO%H,CC_CUTCELL_TYPE,H,(from FROM=CUT_CELL_FROM%H)
geom.f90,8279,COMPLEX_GEOMETRY_GRID::CUT_CELL_MOVE,MOVE_ALLOC,CUT_CELL_TO%HS,CC_CUTCELL_TYPE,HS,(from FROM=CUT_CELL_FROM%HS)
geom.f90,8281,COMPLEX_GEOMETRY_GRID::CUT_CELL_MOVE,MOVE_ALLOC,CUT_CELL_TO%RTRM,CC_CUTCELL_TYPE,RTRM,(from FROM=CUT_CELL_FROM%RTRM)
geom.f90,8282,COMPLEX_GEOMETRY_GRID::CUT_CELL_MOVE,MOVE_ALLOC,CUT_CELL_TO%R_H_G,CC_CUTCELL_TYPE,R_H_G,(from FROM=CUT_CELL_FROM%R_H_G)
geom.f90,8283,COMPLEX_GEOMETRY_GRID::CUT_CELL_MOVE,MOVE_ALLOC,CUT_CELL_TO%RHO_0,CC_CUTCELL_TYPE,RHO_0,(from FROM=CUT_CELL_FROM%RHO_0)
geom.f90,8284,COMPLEX_GEOMETRY_GRID::CUT_CELL_MOVE,MOVE_ALLOC,CUT_CELL_TO%WVEL,CC_CUTCELL_TYPE,WVEL,(from FROM=CUT_CELL_FROM%WVEL)
geom.f90,8285,COMPLEX_GEOMETRY_GRID::CUT_CELL_MOVE,MOVE_ALLOC,CUT_CELL_TO%DDDTVOL,CC_CUTCELL_TYPE,DDDTVOL,(from FROM=CUT_CELL_FROM%DDDTVOL)
geom.f90,8286,COMPLEX_GEOMETRY_GRID::CUT_CELL_MOVE,MOVE_ALLOC,CUT_CELL_TO%DELTA_RHO,CC_CUTCELL_TYPE,DELTA_RHO,(from FROM=CUT_CELL_FROM%DELTA_RHO)
geom.f90,8287,COMPLEX_GEOMETRY_GRID::CUT_CELL_MOVE,MOVE_ALLOC,CUT_CELL_TO%DELTA_RHO_ZZ,CC_CUTCELL_TYPE,DELTA_RHO_ZZ,(from FROM=CUT_CELL_FROM%DELTA_RHO_ZZ)
geom.f90,8289,COMPLEX_GEOMETRY_GRID::CUT_CELL_MOVE,MOVE_ALLOC,CUT_CELL_TO%INT_IJK,CC_CUTCELL_TYPE,INT_IJK,(from FROM=CUT_CELL_FROM%INT_IJK)
geom.f90,8290,COMPLEX_GEOMETRY_GRID::CUT_CELL_MOVE,MOVE_ALLOC,CUT_CELL_TO%INT_COEF,CC_CUTCELL_TYPE,INT_COEF,(from FROM=CUT_CELL_FROM%INT_COEF)
geom.f90,8291,COMPLEX_GEOMETRY_GRID::CUT_CELL_MOVE,MOVE_ALLOC,CUT_CELL_TO%INT_XYZBF,CC_CUTCELL_TYPE,INT_XYZBF,(from FROM=CUT_CELL_FROM%INT_XYZBF)
geom.f90,8292,COMPLEX_GEOMETRY_GRID::CUT_CELL_MOVE,MOVE_ALLOC,CUT_CELL_TO%INT_NOUT,CC_CUTCELL_TYPE,INT_NOUT,(from FROM=CUT_CELL_FROM%INT_NOUT)
geom.f90,8293,COMPLEX_GEOMETRY_GRID::CUT_CELL_MOVE,MOVE_ALLOC,CUT_CELL_TO%INT_INBFC,CC_CUTCELL_TYPE,INT_INBFC,(from FROM=CUT_CELL_FROM%INT_INBFC)
geom.f90,8294,COMPLEX_GEOMETRY_GRID::CUT_CELL_MOVE,MOVE_ALLOC,CUT_CELL_TO%INT_NPE,CC_CUTCELL_TYPE,INT_NPE,(from FROM=CUT_CELL_FROM%INT_NPE)
geom.f90,8295,COMPLEX_GEOMETRY_GRID::CUT_CELL_MOVE,MOVE_ALLOC,CUT_CELL_TO%INT_XN,CC_CUTCELL_TYPE,INT_XN,(from FROM=CUT_CELL_FROM%INT_XN)
geom.f90,8296,COMPLEX_GEOMETRY_GRID::CUT_CELL_MOVE,MOVE_ALLOC,CUT_CELL_TO%INT_CN,CC_CUTCELL_TYPE,INT_CN,(from FROM=CUT_CELL_FROM%INT_CN)
geom.f90,8297,COMPLEX_GEOMETRY_GRID::CUT_CELL_MOVE,MOVE_ALLOC,CUT_CELL_TO%INT_CCVARS,CC_CUTCELL_TYPE,INT_CCVARS,(from FROM=CUT_CELL_FROM%INT_CCVARS)
geom.f90,8298,COMPLEX_GEOMETRY_GRID::CUT_CELL_MOVE,MOVE_ALLOC,CUT_CELL_TO%INT_NOMIND,CC_CUTCELL_TYPE,INT_NOMIND,(from FROM=CUT_CELL_FROM%INT_NOMIND)
geom.f90,8300,COMPLEX_GEOMETRY_GRID::CUT_CELL_MOVE,MOVE_ALLOC,CUT_CELL_TO%DEL_RHO_D_DEL_Z_VOL,CC_CUTCELL_TYPE,DEL_RHO_D_DEL_Z_VOL,(from FROM=CUT_CELL_FROM%DEL_RHO_D_DEL_Z_VOL)
geom.f90,8301,COMPLEX_GEOMETRY_GRID::CUT_CELL_MOVE,MOVE_ALLOC,CUT_CELL_TO%U_DOT_DEL_RHO_Z_VOL,CC_CUTCELL_TYPE,U_DOT_DEL_RHO_Z_VOL,(from FROM=CUT_CELL_FROM%U_DOT_DEL_RHO_Z_VOL)
geom.f90,8302,COMPLEX_GEOMETRY_GRID::CUT_CELL_MOVE,MOVE_ALLOC,CUT_CELL_TO%NOADVANCE,CC_CUTCELL_TYPE,NOADVANCE,(from FROM=CUT_CELL_FROM%NOADVANCE)
geom.f90,8303,COMPLEX_GEOMETRY_GRID::CUT_CELL_MOVE,MOVE_ALLOC,CUT_CELL_TO%BODTRI_DONOR,CC_CUTCELL_TYPE,BODTRI_DONOR,(from FROM=CUT_CELL_FROM%BODTRI_DONOR)
geom.f90,8304,COMPLEX_GEOMETRY_GRID::CUT_CELL_MOVE,MOVE_ALLOC,CUT_CELL_TO%NOMICC,CC_CUTCELL_TYPE,NOMICC,(from FROM=CUT_CELL_FROM%NOMICC)
geom.f90,8375,COMPLEX_GEOMETRY_GRID::CUT_CELL_ARRAY_REALLOC,ALLOCATE,CUT_CELL_AUX(SIZE_CUT_CELL+GLOBAL_DELTA_CELL),(variable:local),CUT_CELL_AUX,SIZE_CUT_CELL+GLOBAL_DELTA_CELL
geom.f90,8379,COMPLEX_GEOMETRY_GRID::CUT_CELL_ARRAY_REALLOC,MOVE_ALLOC,MESHES(NM)%CUT_CELL,MESH_TYPE,CUT_CELL,(from FROM=CUT_CELL_AUX)
geom.f90,8424,COMPLEX_GEOMETRY_GRID::NEW_CELL_ALLOC,ALLOCATE,"MESHES(NM)%CUT_CELL(ICC)%CCELEM(1:NCFACE_CUTCELL,1:NCELL)",CC_CUTCELL_TYPE,CCELEM,"1:NCFACE_CUTCELL,1:NCELL"
geom.f90,8425,COMPLEX_GEOMETRY_GRID::NEW_CELL_ALLOC,ALLOCATE,"MESHES(NM)%CUT_CELL(ICC)%FACE_LIST(1:CC_NPARAM_CCFACE,1:NFACE_CELL)",CC_CUTCELL_TYPE,FACE_LIST,"1:CC_NPARAM_CCFACE,1:NFACE_CELL"
geom.f90,8426,COMPLEX_GEOMETRY_GRID::NEW_CELL_ALLOC,ALLOCATE,"MESHES(NM)%CUT_CELL(ICC)%IJK_LINK(IAXIS:KAXIS+2,1:NCELL)",CC_CUTCELL_TYPE,IJK_LINK,"IAXIS:KAXIS+2,1:NCELL"
geom.f90,8426,COMPLEX_GEOMETRY_GRID::NEW_CELL_ALLOC,ALLOCATE,MESHES(NM)%CUT_CELL(ICC)%LINK_LEV(1:NCELL),CC_CUTCELL_TYPE,LINK_LEV,1:NCELL
geom.f90,8432,COMPLEX_GEOMETRY_GRID::NEW_CELL_ALLOC,ALLOCATE,MESHES(NM)%CUT_CELL(ICC)%VOLUME(1:NCELL),CC_CUTCELL_TYPE,VOLUME,1:NCELL
geom.f90,8432,COMPLEX_GEOMETRY_GRID::NEW_CELL_ALLOC,ALLOCATE,MESHES(NM)%CUT_CELL(ICC)%NOADVANCE(1:NCELL),CC_CUTCELL_TYPE,NOADVANCE,1:NCELL
geom.f90,8433,COMPLEX_GEOMETRY_GRID::NEW_CELL_ALLOC,ALLOCATE,"MESHES(NM)%CUT_CELL(ICC)%BODTRI_DONOR(1:2,1:NCELL)",CC_CUTCELL_TYPE,BODTRI_DONOR,"1:2,1:NCELL"
geom.f90,8438,COMPLEX_GEOMETRY_GRID::NEW_CELL_ALLOC,ALLOCATE,"MESHES(NM)%CUT_CELL(ICC)%XYZCEN(IAXIS:KAXIS,1:NCELL)",CC_CUTCELL_TYPE,XYZCEN,"IAXIS:KAXIS,1:NCELL"
geom.f90,8440,COMPLEX_GEOMETRY_GRID::NEW_CELL_ALLOC,ALLOCATE,MESHES(NM)%CUT_CELL(ICC)%UNKZ(1:NCELL),CC_CUTCELL_TYPE,UNKZ,1:NCELL
geom.f90,8451,COMPLEX_GEOMETRY_GRID::ALLOC_CELL_STATE_VARS,ALLOCATE,MESHES(NM)%CUT_CELL(ICC)%RHO(1:NCELL),CC_CUTCELL_TYPE,RHO,1:NCELL
geom.f90,8452,COMPLEX_GEOMETRY_GRID::ALLOC_CELL_STATE_VARS,ALLOCATE,MESHES(NM)%CUT_CELL(ICC)%RHOS(1:NCELL),CC_CUTCELL_TYPE,RHOS,1:NCELL
geom.f90,8452,COMPLEX_GEOMETRY_GRID::ALLOC_CELL_STATE_VARS,ALLOCATE,MESHES(NM)%CUT_CELL(ICC)%RSUM(1:NCELL),CC_CUTCELL_TYPE,RSUM,1:NCELL
geom.f90,8453,COMPLEX_GEOMETRY_GRID::ALLOC_CELL_STATE_VARS,ALLOCATE,MESHES(NM)%CUT_CELL(ICC)%TMP(1:NCELL),CC_CUTCELL_TYPE,TMP,1:NCELL
geom.f90,8453,COMPLEX_GEOMETRY_GRID::ALLOC_CELL_STATE_VARS,ALLOCATE,MESHES(NM)%CUT_CELL(ICC)%D(1:NCELL),CC_CUTCELL_TYPE,D,1:NCELL
geom.f90,8454,COMPLEX_GEOMETRY_GRID::ALLOC_CELL_STATE_VARS,ALLOCATE,MESHES(NM)%CUT_CELL(ICC)%DVOL(1:NCELL),CC_CUTCELL_TYPE,DVOL,1:NCELL
geom.f90,8454,COMPLEX_GEOMETRY_GRID::ALLOC_CELL_STATE_VARS,ALLOCATE,MESHES(NM)%CUT_CELL(ICC)%DVOL_PR(1:NCELL),CC_CUTCELL_TYPE,DVOL_PR,1:NCELL
geom.f90,8455,COMPLEX_GEOMETRY_GRID::ALLOC_CELL_STATE_VARS,ALLOCATE,MESHES(NM)%CUT_CELL(ICC)%Q(1:NCELL),CC_CUTCELL_TYPE,Q,1:NCELL
geom.f90,8456,COMPLEX_GEOMETRY_GRID::ALLOC_CELL_STATE_VARS,ALLOCATE,MESHES(NM)%CUT_CELL(ICC)%QR(1:NCELL),CC_CUTCELL_TYPE,QR,1:NCELL
geom.f90,8456,COMPLEX_GEOMETRY_GRID::ALLOC_CELL_STATE_VARS,ALLOCATE,MESHES(NM)%CUT_CELL(ICC)%D_SOURCE(1:NCELL),CC_CUTCELL_TYPE,D_SOURCE,1:NCELL
geom.f90,8457,COMPLEX_GEOMETRY_GRID::ALLOC_CELL_STATE_VARS,ALLOCATE,MESHES(NM)%CUT_CELL(ICC)%CHI_R(1:NCELL),CC_CUTCELL_TYPE,CHI_R,1:NCELL
geom.f90,8457,COMPLEX_GEOMETRY_GRID::ALLOC_CELL_STATE_VARS,ALLOCATE,MESHES(NM)%CUT_CELL(ICC)%DS(1:NCELL),CC_CUTCELL_TYPE,DS,1:NCELL
geom.f90,8458,COMPLEX_GEOMETRY_GRID::ALLOC_CELL_STATE_VARS,ALLOCATE,MESHES(NM)%CUT_CELL(ICC)%MIX_TIME(1:NCELL),CC_CUTCELL_TYPE,MIX_TIME,1:NCELL
geom.f90,8458,COMPLEX_GEOMETRY_GRID::ALLOC_CELL_STATE_VARS,ALLOCATE,MESHES(NM)%CUT_CELL(ICC)%H(1:NCELL),CC_CUTCELL_TYPE,H,1:NCELL
geom.f90,8459,COMPLEX_GEOMETRY_GRID::ALLOC_CELL_STATE_VARS,ALLOCATE,MESHES(NM)%CUT_CELL(ICC)%HS(1:NCELL),CC_CUTCELL_TYPE,HS,1:NCELL
geom.f90,8459,COMPLEX_GEOMETRY_GRID::ALLOC_CELL_STATE_VARS,ALLOCATE,MESHES(NM)%CUT_CELL(ICC)%RTRM(1:NCELL),CC_CUTCELL_TYPE,RTRM,1:NCELL
geom.f90,8460,COMPLEX_GEOMETRY_GRID::ALLOC_CELL_STATE_VARS,ALLOCATE,MESHES(NM)%CUT_CELL(ICC)%R_H_G(1:NCELL),CC_CUTCELL_TYPE,R_H_G,1:NCELL
geom.f90,8460,COMPLEX_GEOMETRY_GRID::ALLOC_CELL_STATE_VARS,ALLOCATE,MESHES(NM)%CUT_CELL(ICC)%RHO_0(1:NCELL),CC_CUTCELL_TYPE,RHO_0,1:NCELL
geom.f90,8461,COMPLEX_GEOMETRY_GRID::ALLOC_CELL_STATE_VARS,ALLOCATE,MESHES(NM)%CUT_CELL(ICC)%WVEL(1:NCELL),CC_CUTCELL_TYPE,WVEL,1:NCELL
geom.f90,8462,COMPLEX_GEOMETRY_GRID::ALLOC_CELL_STATE_VARS,ALLOCATE,MESHES(NM)%CUT_CELL(ICC)%KRES(1:NCELL),CC_CUTCELL_TYPE,KRES,1:NCELL
geom.f90,8462,COMPLEX_GEOMETRY_GRID::ALLOC_CELL_STATE_VARS,ALLOCATE,MESHES(NM)%CUT_CELL(ICC)%DDDTVOL(1:NCELL),CC_CUTCELL_TYPE,DDDTVOL,1:NCELL
geom.f90,8463,COMPLEX_GEOMETRY_GRID::ALLOC_CELL_STATE_VARS,ALLOCATE,MESHES(NM)%CUT_CELL(ICC)%DELTA_RHO(1:NCELL),CC_CUTCELL_TYPE,DELTA_RHO,1:NCELL
geom.f90,8463,COMPLEX_GEOMETRY_GRID::ALLOC_CELL_STATE_VARS,ALLOCATE,MESHES(NM)%CUT_CELL(ICC)%DELTA_RHO_ZZ(1:NCELL),CC_CUTCELL_TYPE,DELTA_RHO_ZZ,1:NCELL
geom.f90,8489,COMPLEX_GEOMETRY_GRID::ALLOC_CELL_STATE_VARS,ALLOCATE,"MESHES(NM)%CUT_CELL(ICC)%Q_REAC(1:N_REACTIONS,1:NCELL)",CC_CUTCELL_TYPE,Q_REAC,"1:N_REACTIONS,1:NCELL"
geom.f90,8492,COMPLEX_GEOMETRY_GRID::ALLOC_CELL_STATE_VARS,ALLOCATE,"MESHES(NM)%CUT_CELL(ICC)%REAC_SOURCE_TERM(1:N_TOTAL_SCALARS,1:NCELL)",CC_CUTCELL_TYPE,REAC_SOURCE_TERM,"1:N_TOTAL_SCALARS,1:NCELL"
geom.f90,8493,COMPLEX_GEOMETRY_GRID::ALLOC_CELL_STATE_VARS,ALLOCATE,"MESHES(NM)%CUT_CELL(ICC)%ZZ(1:N_TOTAL_SCALARS,1:NCELL)",CC_CUTCELL_TYPE,ZZ,"1:N_TOTAL_SCALARS,1:NCELL"
geom.f90,8494,COMPLEX_GEOMETRY_GRID::ALLOC_CELL_STATE_VARS,ALLOCATE,"MESHES(NM)%CUT_CELL(ICC)%ZZS(1:N_TOTAL_SCALARS,1:NCELL)",CC_CUTCELL_TYPE,ZZS,"1:N_TOTAL_SCALARS,1:NCELL"
geom.f90,8495,COMPLEX_GEOMETRY_GRID::ALLOC_CELL_STATE_VARS,ALLOCATE,"MESHES(NM)%CUT_CELL(ICC)%M_DOT_PPP(1:N_TOTAL_SCALARS,1:NCELL)",CC_CUTCELL_TYPE,M_DOT_PPP,"1:N_TOTAL_SCALARS,1:NCELL"
geom.f90,8501,COMPLEX_GEOMETRY_GRID::ALLOC_CELL_STATE_VARS,ALLOCATE,MESHES(NM)%CUT_CELL(ICC)%UNKH(1:NCELL),CC_CUTCELL_TYPE,UNKH,1:NCELL
geom.f90,8502,COMPLEX_GEOMETRY_GRID::ALLOC_CELL_STATE_VARS,ALLOCATE,"MESHES(NM)%CUT_CELL(ICC)%INT_IJK(IAXIS:KAXIS,(NCELL+1)*DELTA_INT)",CC_CUTCELL_TYPE,INT_IJK,"IAXIS:KAXIS,(NCELL+1)*DELTA_INT"
geom.f90,8503,COMPLEX_GEOMETRY_GRID::ALLOC_CELL_STATE_VARS,ALLOCATE,MESHES(NM)%CUT_CELL(ICC)%INT_COEF((NCELL+1)*DELTA_INT),CC_CUTCELL_TYPE,INT_COEF,(NCELL+1)*DELTA_INT
geom.f90,8504,COMPLEX_GEOMETRY_GRID::ALLOC_CELL_STATE_VARS,ALLOCATE,"MESHES(NM)%CUT_CELL(ICC)%INT_XYZBF(IAXIS:KAXIS,0:NCELL)",CC_CUTCELL_TYPE,INT_XYZBF,"IAXIS:KAXIS,0:NCELL"
geom.f90,8505,COMPLEX_GEOMETRY_GRID::ALLOC_CELL_STATE_VARS,ALLOCATE,"MESHES(NM)%CUT_CELL(ICC)%INT_NOUT(IAXIS:KAXIS,0:NCELL)",CC_CUTCELL_TYPE,INT_NOUT,"IAXIS:KAXIS,0:NCELL"
geom.f90,8506,COMPLEX_GEOMETRY_GRID::ALLOC_CELL_STATE_VARS,ALLOCATE,"MESHES(NM)%CUT_CELL(ICC)%INT_INBFC(1:3,0:NCELL)",CC_CUTCELL_TYPE,INT_INBFC,"1:3,0:NCELL"
geom.f90,8507,COMPLEX_GEOMETRY_GRID::ALLOC_CELL_STATE_VARS,ALLOCATE,"MESHES(NM)%CUT_CELL(ICC)%INT_NPE(LOW_IND:HIGH_IND,0:KAXIS,1:INT_N_EXT_PTS,0:NCELL)",CC_CUTCELL_TYPE,INT_NPE,"LOW_IND:HIGH_IND,0:KAXIS,1:INT_N_EXT_PTS,0:NCELL"
geom.f90,8508,COMPLEX_GEOMETRY_GRID::ALLOC_CELL_STATE_VARS,ALLOCATE,"MESHES(NM)%CUT_CELL(ICC)%INT_XN(0:INT_N_EXT_PTS,0:NCELL)",CC_CUTCELL_TYPE,INT_XN,"0:INT_N_EXT_PTS,0:NCELL"
geom.f90,8509,COMPLEX_GEOMETRY_GRID::ALLOC_CELL_STATE_VARS,ALLOCATE,"MESHES(NM)%CUT_CELL(ICC)%INT_CN(0:INT_N_EXT_PTS,0:NCELL)",CC_CUTCELL_TYPE,INT_CN,"0:INT_N_EXT_PTS,0:NCELL"
geom.f90,8510,COMPLEX_GEOMETRY_GRID::ALLOC_CELL_STATE_VARS,ALLOCATE,"MESHES(NM)%CUT_CELL(ICC)%INT_CCVARS(1:N_INT_FVARS,(NCELL+1)*DELTA_INT)",CC_CUTCELL_TYPE,INT_CCVARS,"1:N_INT_FVARS,(NCELL+1)*DELTA_INT"
geom.f90,8511,COMPLEX_GEOMETRY_GRID::ALLOC_CELL_STATE_VARS,ALLOCATE,"MESHES(NM)%CUT_CELL(ICC)%INT_NOMIND(LOW_IND:HIGH_IND,(NCELL+1)*DELTA_INT)",CC_CUTCELL_TYPE,INT_NOMIND,"LOW_IND:HIGH_IND,(NCELL+1)*DELTA_INT"
geom.f90,8524,COMPLEX_GEOMETRY_GRID::ALLOC_CELL_STATE_VARS,ALLOCATE,"MESHES(NM)%CUT_CELL(ICC)%DEL_RHO_D_DEL_Z_VOL(1:N_TOTAL_SCALARS,1:NCELL)",CC_CUTCELL_TYPE,DEL_RHO_D_DEL_Z_VOL,"1:N_TOTAL_SCALARS,1:NCELL"
geom.f90,8525,COMPLEX_GEOMETRY_GRID::ALLOC_CELL_STATE_VARS,ALLOCATE,"MESHES(NM)%CUT_CELL(ICC)%U_DOT_DEL_RHO_Z_VOL(1:N_TOTAL_SCALARS,1:NCELL)",CC_CUTCELL_TYPE,U_DOT_DEL_RHO_Z_VOL,"1:N_TOTAL_SCALARS,1:NCELL"
geom.f90,8681,COMPLEX_GEOMETRY_GRID::GET_BLOCKING_CUTCELL_DONOR,ALLOCATE,"BODTRI_ACC(1:2,COUNT_MAX+1)",(variable:local),BODTRI_ACC,"1:2,COUNT_MAX+1"
geom.f90,8681,COMPLEX_GEOMETRY_GRID::GET_BLOCKING_CUTCELL_DONOR,ALLOCATE,AREA_ACC(COUNT_MAX+1),(variable:local),AREA_ACC,COUNT_MAX+1
geom.f90,8711,COMPLEX_GEOMETRY_GRID::GET_BLOCKING_CUTCELL_DONOR,ALLOCATE,"BODTRI_ACC(1:2,COUNT_MAX+1)",(variable:local),BODTRI_ACC,"1:2,COUNT_MAX+1"
geom.f90,8711,COMPLEX_GEOMETRY_GRID::GET_BLOCKING_CUTCELL_DONOR,ALLOCATE,AREA_ACC(COUNT_MAX+1),(variable:local),AREA_ACC,COUNT_MAX+1
geom.f90,8806,COMPLEX_GEOMETRY_GRID::GET_REFINEMENT_CELL_DONOR,ALLOCATE,"BODTRI_ACC(1:2,COUNT_MAX+1)",(variable:local),BODTRI_ACC,"1:2,COUNT_MAX+1"
geom.f90,8806,COMPLEX_GEOMETRY_GRID::GET_REFINEMENT_CELL_DONOR,ALLOCATE,AREA_ACC(COUNT_MAX+1),(variable:local),AREA_ACC,COUNT_MAX+1
geom.f90,8891,COMPLEX_GEOMETRY_GRID::TAG_CELL_BLOCKED_BY_REFINEMENT_FOOTPRINT,ALLOCATE,"CCELEM_LOC(1:NCFACE_CUTCELL_LOC,1:NCELL_LOC)",(variable:local),CCELEM_LOC,"1:NCFACE_CUTCELL_LOC,1:NCELL_LOC"
geom.f90,8892,COMPLEX_GEOMETRY_GRID::TAG_CELL_BLOCKED_BY_REFINEMENT_FOOTPRINT,ALLOCATE,"FACE_LIST_LOC(1:CC_NPARAM_CCFACE,1:NFACE_CELL_LOC)",(variable:local),FACE_LIST_LOC,"1:CC_NPARAM_CCFACE,1:NFACE_CELL_LOC"
geom.f90,8893,COMPLEX_GEOMETRY_GRID::TAG_CELL_BLOCKED_BY_REFINEMENT_FOOTPRINT,ALLOCATE,VOLUME_LOC(1:NCELL_LOC),(variable:local),VOLUME_LOC,1:NCELL_LOC
geom.f90,8894,COMPLEX_GEOMETRY_GRID::TAG_CELL_BLOCKED_BY_REFINEMENT_FOOTPRINT,ALLOCATE,"XYZCEN_LOC(IAXIS:KAXIS,1:NCELL_LOC)",(variable:local),XYZCEN_LOC,"IAXIS:KAXIS,1:NCELL_LOC"
geom.f90,8896,COMPLEX_GEOMETRY_GRID::TAG_CELL_BLOCKED_BY_REFINEMENT_FOOTPRINT,ALLOCATE,NOADVANCE_LOC(1:NCELL_LOC),(variable:local),NOADVANCE_LOC,1:NCELL_LOC
geom.f90,8923,COMPLEX_GEOMETRY_GRID::TAG_CELL_BLOCKED_BY_REFINEMENT_FOOTPRINT,MOVE_ALLOC,MT%CUT_CELL(ICC_LOC)%CCELEM,CC_CUTCELL_TYPE,CCELEM,(from FROM=CCELEM_LOC)
geom.f90,8924,COMPLEX_GEOMETRY_GRID::TAG_CELL_BLOCKED_BY_REFINEMENT_FOOTPRINT,MOVE_ALLOC,MT%CUT_CELL(ICC_LOC)%FACE_LIST,CC_CUTCELL_TYPE,FACE_LIST,(from FROM=FACE_LIST_LOC)
geom.f90,8925,COMPLEX_GEOMETRY_GRID::TAG_CELL_BLOCKED_BY_REFINEMENT_FOOTPRINT,MOVE_ALLOC,MT%CUT_CELL(ICC_LOC)%VOLUME,CC_CUTCELL_TYPE,VOLUME,(from FROM=VOLUME_LOC)
geom.f90,8926,COMPLEX_GEOMETRY_GRID::TAG_CELL_BLOCKED_BY_REFINEMENT_FOOTPRINT,MOVE_ALLOC,MT%CUT_CELL(ICC_LOC)%XYZCEN,CC_CUTCELL_TYPE,XYZCEN,(from FROM=XYZCEN_LOC)
geom.f90,8927,COMPLEX_GEOMETRY_GRID::TAG_CELL_BLOCKED_BY_REFINEMENT_FOOTPRINT,MOVE_ALLOC,MT%CUT_CELL(ICC_LOC)%NOADVANCE,CC_CUTCELL_TYPE,NOADVANCE,(from FROM=NOADVANCE_LOC)
geom.f90,9071,COMPLEX_GEOMETRY_GRID::ADD_CUTEDGE_TO_FACE,ALLOCATE,"M%CUT_EDGE(IEC2)%DXX(1:2,SIZE(M%CUT_EDGE(IEC2)%CEELEM,DIM=2))",CC_CUTEDGE_TYPE,DXX,"1:2,SIZE(M%CUT_EDGE(IEC2)%CEELEM,DIM=2)"
geom.f90,9072,COMPLEX_GEOMETRY_GRID::ADD_CUTEDGE_TO_FACE,ALLOCATE,"M%CUT_EDGE(IEC2)%FACE_LIST(1:3,-2:2,SIZE(M%CUT_EDGE(IEC2)%CEELEM,DIM=2))",CC_CUTEDGE_TYPE,FACE_LIST,"1:3,-2:2,SIZE(M%CUT_EDGE(IEC2)%CEELEM,DIM=2)"
geom.f90,9126,COMPLEX_GEOMETRY_GRID::ADD_CUTEDGE_TO_FACE,ALLOCATE,"EDGE_LIST_AUX(3,0:JCE2)",(variable:local),EDGE_LIST_AUX,"3,0:JCE2"
geom.f90,9129,COMPLEX_GEOMETRY_GRID::ADD_CUTEDGE_TO_FACE,MOVE_ALLOC,M%CUT_FACE(ICF2)%EDGE_LIST,CC_CUTFACE_TYPE,EDGE_LIST,(from FROM=EDGE_LIST_AUX)
geom.f90,9166,COMPLEX_GEOMETRY_GRID::ADD_CUTEDGE_TO_EDGE,ALLOCATE,"M%CUT_EDGE(CEI)%DXX(1:2,SIZE(M%CUT_EDGE(CEI)%CEELEM,DIM=2))",CC_CUTEDGE_TYPE,DXX,"1:2,SIZE(M%CUT_EDGE(CEI)%CEELEM,DIM=2)"
geom.f90,9167,COMPLEX_GEOMETRY_GRID::ADD_CUTEDGE_TO_EDGE,ALLOCATE,"M%CUT_EDGE(CEI)%FACE_LIST(1:3,-2:2,SIZE(M%CUT_EDGE(CEI)%CEELEM,DIM=2))",CC_CUTEDGE_TYPE,FACE_LIST,"1:3,-2:2,SIZE(M%CUT_EDGE(CEI)%CEELEM,DIM=2)"
geom.f90,9314,COMPLEX_GEOMETRY_GRID::ADD_REGEDGE_TO_FACE,ALLOCATE,"M%CUT_EDGE(CEI)%DXX(1:2,SIZE(M%CUT_EDGE(CEI)%CEELEM,DIM=2))",CC_CUTEDGE_TYPE,DXX,"1:2,SIZE(M%CUT_EDGE(CEI)%CEELEM,DIM=2)"
geom.f90,9315,COMPLEX_GEOMETRY_GRID::ADD_REGEDGE_TO_FACE,ALLOCATE,"M%CUT_EDGE(CEI)%FACE_LIST(1:3,-2:2,SIZE(M%CUT_EDGE(CEI)%CEELEM,DIM=2))",CC_CUTEDGE_TYPE,FACE_LIST,"1:3,-2:2,SIZE(M%CUT_EDGE(CEI)%CEELEM,DIM=2)"
geom.f90,9436,COMPLEX_GEOMETRY_GRID::INSERT_CUT_CELL,ALLOCATE,"CUT_CELL_AUX(MAX(SIZE(MESHES(NM)%CUT_CELL,DIM=1),MESHES(NM)%N_CUTCELL_MESH+MESHES(NM)%N_GCCUTCELL_MESH))",(variable:local),CUT_CELL_AUX,"MAX(SIZE(MESHES(NM)%CUT_CELL,DIM=1),MESHES(NM)%N_CUTCELL_MESH+MESHES(NM)%N_GCCUTCELL_MESH)"
geom.f90,9443,COMPLEX_GEOMETRY_GRID::INSERT_CUT_CELL,MOVE_ALLOC,MESHES(NM)%CUT_CELL,MESH_TYPE,CUT_CELL,(from FROM=CUT_CELL_AUX)
geom.f90,9556,COMPLEX_GEOMETRY_GRID::INSERT_CUT_FACE,ALLOCATE,"CUT_FACE_AUX(MAX(SIZE(MESHES(NM)%CUT_FACE,DIM=1),MESHES(NM)%N_CUTFACE_MESH+MESHES(NM)%N_GCCUTFACE_MESH))",(variable:local),CUT_FACE_AUX,"MAX(SIZE(MESHES(NM)%CUT_FACE,DIM=1),MESHES(NM)%N_CUTFACE_MESH+MESHES(NM)%N_GCCUTFACE_MESH)"
geom.f90,9563,COMPLEX_GEOMETRY_GRID::INSERT_CUT_FACE,MOVE_ALLOC,MESHES(NM)%CUT_FACE,MESH_TYPE,CUT_FACE,(from FROM=CUT_FACE_AUX)
geom.f90,9647,COMPLEX_GEOMETRY_GRID::DROP_CUT_EDGE,ALLOCATE,IND(CE%NEDGE),(variable:local),IND,CE%NEDGE
geom.f90,9710,COMPLEX_GEOMETRY_GRID::DROP_CUTFACE,ALLOCATE,IND(CF%NFACE),(variable:local),IND,CF%NFACE
geom.f90,9845,COMPLEX_GEOMETRY_GRID::DROP_CUTCELL,ALLOCATE,IND(1:M%CUT_CELL(ICC)%NCELL),(variable:local),IND,1:M%CUT_CELL(ICC)%NCELL
geom.f90,9964,COMPLEX_GEOMETRY_GRID::GET_REMAINING_CUTCELLS,ALLOCATE,"CUT_CELL_AUX(MAX(SIZE(M%CUT_CELL,DIM=1),NCC_MESH+NCELL_IN+NGC_MESH+NCELL_GC))",(variable:local),CUT_CELL_AUX,"MAX(SIZE(M%CUT_CELL,DIM=1),NCC_MESH+NCELL_IN+NGC_MESH+NCELL_GC)"
geom.f90,9967,COMPLEX_GEOMETRY_GRID::GET_REMAINING_CUTCELLS,MOVE_ALLOC,MESHES(NM)%CUT_CELL,MESH_TYPE,CUT_CELL,(from FROM=CUT_CELL_AUX)
geom.f90,9989,COMPLEX_GEOMETRY_GRID::GET_REMAINING_CUTCELLS,ALLOCATE,"CCELEM(1:NCFACE_CUTCELL,1:NCELL)",(variable:local),CCELEM,"1:NCFACE_CUTCELL,1:NCELL"
geom.f90,9990,COMPLEX_GEOMETRY_GRID::GET_REMAINING_CUTCELLS,ALLOCATE,"FACE_LIST(1:CC_NPARAM_CCFACE,1:NFACE_CELL)",(variable:local),FACE_LIST,"1:CC_NPARAM_CCFACE,1:NFACE_CELL"
geom.f90,9991,COMPLEX_GEOMETRY_GRID::GET_REMAINING_CUTCELLS,ALLOCATE,VOLUME(1:NCELL),(variable:local),VOLUME,1:NCELL
geom.f90,9992,COMPLEX_GEOMETRY_GRID::GET_REMAINING_CUTCELLS,ALLOCATE,"XYZCEN(IAXIS:KAXIS,1:NCELL)",(variable:local),XYZCEN,"IAXIS:KAXIS,1:NCELL"
geom.f90,9993,COMPLEX_GEOMETRY_GRID::GET_REMAINING_CUTCELLS,ALLOCATE,NOADVANCE(1:NCELL),(variable:local),NOADVANCE,1:NCELL
geom.f90,10030,COMPLEX_GEOMETRY_GRID::GET_REMAINING_CUTCELLS,MOVE_ALLOC,M%CUT_CELL(ICC)%CCELEM,CC_CUTCELL_TYPE,CCELEM,(from FROM=CCELEM)
geom.f90,10031,COMPLEX_GEOMETRY_GRID::GET_REMAINING_CUTCELLS,MOVE_ALLOC,M%CUT_CELL(ICC)%FACE_LIST,CC_CUTCELL_TYPE,FACE_LIST,(from FROM=FACE_LIST)
geom.f90,10032,COMPLEX_GEOMETRY_GRID::GET_REMAINING_CUTCELLS,MOVE_ALLOC,M%CUT_CELL(ICC)%VOLUME,CC_CUTCELL_TYPE,VOLUME,(from FROM=VOLUME)
geom.f90,10033,COMPLEX_GEOMETRY_GRID::GET_REMAINING_CUTCELLS,MOVE_ALLOC,M%CUT_CELL(ICC)%XYZCEN,CC_CUTCELL_TYPE,XYZCEN,(from FROM=XYZCEN)
geom.f90,10034,COMPLEX_GEOMETRY_GRID::GET_REMAINING_CUTCELLS,MOVE_ALLOC,M%CUT_CELL(ICC)%NOADVANCE,CC_CUTCELL_TYPE,NOADVANCE,(from FROM=NOADVANCE)
geom.f90,10065,COMPLEX_GEOMETRY_GRID::GET_REMAINING_CUTCELLS,ALLOCATE,"CCELEM(1:NCFACE_CUTCELL,1:NCELL)",(variable:local),CCELEM,"1:NCFACE_CUTCELL,1:NCELL"
geom.f90,10066,COMPLEX_GEOMETRY_GRID::GET_REMAINING_CUTCELLS,ALLOCATE,"FACE_LIST(1:CC_NPARAM_CCFACE,1:NFACE_CELL)",(variable:local),FACE_LIST,"1:CC_NPARAM_CCFACE,1:NFACE_CELL"
geom.f90,10067,COMPLEX_GEOMETRY_GRID::GET_REMAINING_CUTCELLS,ALLOCATE,VOLUME(1:NCELL),(variable:local),VOLUME,1:NCELL
geom.f90,10068,COMPLEX_GEOMETRY_GRID::GET_REMAINING_CUTCELLS,ALLOCATE,"XYZCEN(IAXIS:KAXIS,1:NCELL)",(variable:local),XYZCEN,"IAXIS:KAXIS,1:NCELL"
geom.f90,10069,COMPLEX_GEOMETRY_GRID::GET_REMAINING_CUTCELLS,ALLOCATE,NOADVANCE(1:NCELL),(variable:local),NOADVANCE,1:NCELL
geom.f90,10099,COMPLEX_GEOMETRY_GRID::GET_REMAINING_CUTCELLS,MOVE_ALLOC,M%CUT_CELL(ICC)%CCELEM,CC_CUTCELL_TYPE,CCELEM,(from FROM=CCELEM)
geom.f90,10100,COMPLEX_GEOMETRY_GRID::GET_REMAINING_CUTCELLS,MOVE_ALLOC,M%CUT_CELL(ICC)%FACE_LIST,CC_CUTCELL_TYPE,FACE_LIST,(from FROM=FACE_LIST)
geom.f90,10101,COMPLEX_GEOMETRY_GRID::GET_REMAINING_CUTCELLS,MOVE_ALLOC,M%CUT_CELL(ICC)%VOLUME,CC_CUTCELL_TYPE,VOLUME,(from FROM=VOLUME)
geom.f90,10102,COMPLEX_GEOMETRY_GRID::GET_REMAINING_CUTCELLS,MOVE_ALLOC,M%CUT_CELL(ICC)%XYZCEN,CC_CUTCELL_TYPE,XYZCEN,(from FROM=XYZCEN)
geom.f90,10103,COMPLEX_GEOMETRY_GRID::GET_REMAINING_CUTCELLS,MOVE_ALLOC,M%CUT_CELL(ICC)%NOADVANCE,CC_CUTCELL_TYPE,NOADVANCE,(from FROM=NOADVANCE)
geom.f90,10251,COMPLEX_GEOMETRY_GRID::GET_REMAINING_CUTFACES,ALLOCATE,"CUT_FACE_AUX(MAX(SIZE(MESHES(NM)%CUT_FACE,DIM=1),NCF_MESH+NFC_BND+NFC_MSH+NGF_MESH+NFC_GCR))",(variable:local),CUT_FACE_AUX,"MAX(SIZE(MESHES(NM)%CUT_FACE,DIM=1),NCF_MESH+NFC_BND+NFC_MSH+NGF_MESH+NFC_GCR)"
geom.f90,10255,COMPLEX_GEOMETRY_GRID::GET_REMAINING_CUTFACES,MOVE_ALLOC,MESHES(NM)%CUT_FACE,MESH_TYPE,CUT_FACE,(from FROM=CUT_FACE_AUX)
geom.f90,10288,COMPLEX_GEOMETRY_GRID::GET_REMAINING_CUTFACES,ALLOCATE,"XYZVERT(IAXIS:KAXIS,4)",(variable:local),XYZVERT,"IAXIS:KAXIS,4"
geom.f90,10293,COMPLEX_GEOMETRY_GRID::GET_REMAINING_CUTFACES,ALLOCATE,"CFELEM(5,1)",(variable:local),CFELEM,"5,1"
geom.f90,10293,COMPLEX_GEOMETRY_GRID::GET_REMAINING_CUTFACES,ALLOCATE,"CEDGES(5,1)",(variable:local),CEDGES,"5,1"
geom.f90,10295,COMPLEX_GEOMETRY_GRID::GET_REMAINING_CUTFACES,ALLOCATE,"XYZCEN(IAXIS:KAXIS,1)",(variable:local),XYZCEN,"IAXIS:KAXIS,1"
geom.f90,10295,COMPLEX_GEOMETRY_GRID::GET_REMAINING_CUTFACES,ALLOCATE,AREA(1),(variable:local),AREA,1
geom.f90,10297,COMPLEX_GEOMETRY_GRID::GET_REMAINING_CUTFACES,ALLOCATE,"EDGE_LIST(3,0:4)",(variable:local),EDGE_LIST,"3,0:4"
geom.f90,10321,COMPLEX_GEOMETRY_GRID::GET_REMAINING_CUTFACES,MOVE_ALLOC,M%CUT_FACE(IFC)%AREA,CC_CUTFACE_TYPE,AREA,(from FROM=AREA)
geom.f90,10322,COMPLEX_GEOMETRY_GRID::GET_REMAINING_CUTFACES,MOVE_ALLOC,M%CUT_FACE(IFC)%XYZCEN,CC_CUTFACE_TYPE,XYZCEN,(from FROM=XYZCEN)
geom.f90,10323,COMPLEX_GEOMETRY_GRID::GET_REMAINING_CUTFACES,MOVE_ALLOC,M%CUT_FACE(IFC)%XYZVERT,CC_CUTFACE_TYPE,XYZVERT,(from FROM=XYZVERT)
geom.f90,10324,COMPLEX_GEOMETRY_GRID::GET_REMAINING_CUTFACES,MOVE_ALLOC,M%CUT_FACE(IFC)%CFELEM,CC_CUTFACE_TYPE,CFELEM,(from FROM=CFELEM)
geom.f90,10325,COMPLEX_GEOMETRY_GRID::GET_REMAINING_CUTFACES,MOVE_ALLOC,M%CUT_FACE(IFC)%CEDGES,CC_CUTFACE_TYPE,CEDGES,(from FROM=CEDGES)
geom.f90,10326,COMPLEX_GEOMETRY_GRID::GET_REMAINING_CUTFACES,MOVE_ALLOC,M%CUT_FACE(IFC)%EDGE_LIST,CC_CUTFACE_TYPE,EDGE_LIST,(from FROM=EDGE_LIST)
geom.f90,10362,COMPLEX_GEOMETRY_GRID::GET_REMAINING_CUTFACES,ALLOCATE,"XYZVERT(IAXIS:KAXIS,4)",(variable:local),XYZVERT,"IAXIS:KAXIS,4"
geom.f90,10367,COMPLEX_GEOMETRY_GRID::GET_REMAINING_CUTFACES,ALLOCATE,"CFELEM(5,1)",(variable:local),CFELEM,"5,1"
geom.f90,10367,COMPLEX_GEOMETRY_GRID::GET_REMAINING_CUTFACES,ALLOCATE,"CEDGES(5,1)",(variable:local),CEDGES,"5,1"
geom.f90,10369,COMPLEX_GEOMETRY_GRID::GET_REMAINING_CUTFACES,ALLOCATE,"XYZCEN(IAXIS:KAXIS,1)",(variable:local),XYZCEN,"IAXIS:KAXIS,1"
geom.f90,10369,COMPLEX_GEOMETRY_GRID::GET_REMAINING_CUTFACES,ALLOCATE,AREA(1),(variable:local),AREA,1
geom.f90,10371,COMPLEX_GEOMETRY_GRID::GET_REMAINING_CUTFACES,ALLOCATE,"EDGE_LIST(3,0:4)",(variable:local),EDGE_LIST,"3,0:4"
geom.f90,10395,COMPLEX_GEOMETRY_GRID::GET_REMAINING_CUTFACES,MOVE_ALLOC,M%CUT_FACE(IFC)%AREA,CC_CUTFACE_TYPE,AREA,(from FROM=AREA)
geom.f90,10396,COMPLEX_GEOMETRY_GRID::GET_REMAINING_CUTFACES,MOVE_ALLOC,M%CUT_FACE(IFC)%XYZCEN,CC_CUTFACE_TYPE,XYZCEN,(from FROM=XYZCEN)
geom.f90,10397,COMPLEX_GEOMETRY_GRID::GET_REMAINING_CUTFACES,MOVE_ALLOC,M%CUT_FACE(IFC)%XYZVERT,CC_CUTFACE_TYPE,XYZVERT,(from FROM=XYZVERT)
geom.f90,10398,COMPLEX_GEOMETRY_GRID::GET_REMAINING_CUTFACES,MOVE_ALLOC,M%CUT_FACE(IFC)%CFELEM,CC_CUTFACE_TYPE,CFELEM,(from FROM=CFELEM)
geom.f90,10399,COMPLEX_GEOMETRY_GRID::GET_REMAINING_CUTFACES,MOVE_ALLOC,M%CUT_FACE(IFC)%CEDGES,CC_CUTFACE_TYPE,CEDGES,(from FROM=CEDGES)
geom.f90,10400,COMPLEX_GEOMETRY_GRID::GET_REMAINING_CUTFACES,MOVE_ALLOC,M%CUT_FACE(IFC)%EDGE_LIST,CC_CUTFACE_TYPE,EDGE_LIST,(from FROM=EDGE_LIST)
geom.f90,10436,COMPLEX_GEOMETRY_GRID::GET_REMAINING_CUTFACES,ALLOCATE,"XYZVERT(IAXIS:KAXIS,4)",(variable:local),XYZVERT,"IAXIS:KAXIS,4"
geom.f90,10441,COMPLEX_GEOMETRY_GRID::GET_REMAINING_CUTFACES,ALLOCATE,"CFELEM(5,1)",(variable:local),CFELEM,"5,1"
geom.f90,10441,COMPLEX_GEOMETRY_GRID::GET_REMAINING_CUTFACES,ALLOCATE,"CEDGES(5,1)",(variable:local),CEDGES,"5,1"
geom.f90,10443,COMPLEX_GEOMETRY_GRID::GET_REMAINING_CUTFACES,ALLOCATE,"XYZCEN(IAXIS:KAXIS,1)",(variable:local),XYZCEN,"IAXIS:KAXIS,1"
geom.f90,10443,COMPLEX_GEOMETRY_GRID::GET_REMAINING_CUTFACES,ALLOCATE,AREA(1),(variable:local),AREA,1
geom.f90,10445,COMPLEX_GEOMETRY_GRID::GET_REMAINING_CUTFACES,ALLOCATE,"EDGE_LIST(3,0:4)",(variable:local),EDGE_LIST,"3,0:4"
geom.f90,10469,COMPLEX_GEOMETRY_GRID::GET_REMAINING_CUTFACES,MOVE_ALLOC,M%CUT_FACE(IFC)%AREA,CC_CUTFACE_TYPE,AREA,(from FROM=AREA)
geom.f90,10470,COMPLEX_GEOMETRY_GRID::GET_REMAINING_CUTFACES,MOVE_ALLOC,M%CUT_FACE(IFC)%XYZCEN,CC_CUTFACE_TYPE,XYZCEN,(from FROM=XYZCEN)
geom.f90,10471,COMPLEX_GEOMETRY_GRID::GET_REMAINING_CUTFACES,MOVE_ALLOC,M%CUT_FACE(IFC)%XYZVERT,CC_CUTFACE_TYPE,XYZVERT,(from FROM=XYZVERT)
geom.f90,10472,COMPLEX_GEOMETRY_GRID::GET_REMAINING_CUTFACES,MOVE_ALLOC,M%CUT_FACE(IFC)%CFELEM,CC_CUTFACE_TYPE,CFELEM,(from FROM=CFELEM)
geom.f90,10473,COMPLEX_GEOMETRY_GRID::GET_REMAINING_CUTFACES,MOVE_ALLOC,M%CUT_FACE(IFC)%CEDGES,CC_CUTFACE_TYPE,CEDGES,(from FROM=CEDGES)
geom.f90,10474,COMPLEX_GEOMETRY_GRID::GET_REMAINING_CUTFACES,MOVE_ALLOC,M%CUT_FACE(IFC)%EDGE_LIST,CC_CUTFACE_TYPE,EDGE_LIST,(from FROM=EDGE_LIST)
geom.f90,10504,COMPLEX_GEOMETRY_GRID::GET_REMAINING_CUTFACES,ALLOCATE,"XYZVERT(IAXIS:KAXIS,4)",(variable:local),XYZVERT,"IAXIS:KAXIS,4"
geom.f90,10509,COMPLEX_GEOMETRY_GRID::GET_REMAINING_CUTFACES,ALLOCATE,"CFELEM(5,1)",(variable:local),CFELEM,"5,1"
geom.f90,10509,COMPLEX_GEOMETRY_GRID::GET_REMAINING_CUTFACES,ALLOCATE,"CEDGES(5,1)",(variable:local),CEDGES,"5,1"
geom.f90,10511,COMPLEX_GEOMETRY_GRID::GET_REMAINING_CUTFACES,ALLOCATE,"XYZCEN(IAXIS:KAXIS,1)",(variable:local),XYZCEN,"IAXIS:KAXIS,1"
geom.f90,10511,COMPLEX_GEOMETRY_GRID::GET_REMAINING_CUTFACES,ALLOCATE,AREA(1),(variable:local),AREA,1
geom.f90,10513,COMPLEX_GEOMETRY_GRID::GET_REMAINING_CUTFACES,ALLOCATE,"EDGE_LIST(3,0:4)",(variable:local),EDGE_LIST,"3,0:4"
geom.f90,10537,COMPLEX_GEOMETRY_GRID::GET_REMAINING_CUTFACES,MOVE_ALLOC,M%CUT_FACE(IFC)%AREA,CC_CUTFACE_TYPE,AREA,(from FROM=AREA)
geom.f90,10538,COMPLEX_GEOMETRY_GRID::GET_REMAINING_CUTFACES,MOVE_ALLOC,M%CUT_FACE(IFC)%XYZCEN,CC_CUTFACE_TYPE,XYZCEN,(from FROM=XYZCEN)
geom.f90,10539,COMPLEX_GEOMETRY_GRID::GET_REMAINING_CUTFACES,MOVE_ALLOC,M%CUT_FACE(IFC)%XYZVERT,CC_CUTFACE_TYPE,XYZVERT,(from FROM=XYZVERT)
geom.f90,10540,COMPLEX_GEOMETRY_GRID::GET_REMAINING_CUTFACES,MOVE_ALLOC,M%CUT_FACE(IFC)%CFELEM,CC_CUTFACE_TYPE,CFELEM,(from FROM=CFELEM)
geom.f90,10541,COMPLEX_GEOMETRY_GRID::GET_REMAINING_CUTFACES,MOVE_ALLOC,M%CUT_FACE(IFC)%CEDGES,CC_CUTFACE_TYPE,CEDGES,(from FROM=CEDGES)
geom.f90,10542,COMPLEX_GEOMETRY_GRID::GET_REMAINING_CUTFACES,MOVE_ALLOC,M%CUT_FACE(IFC)%EDGE_LIST,CC_CUTFACE_TYPE,EDGE_LIST,(from FROM=EDGE_LIST)
geom.f90,10562,COMPLEX_GEOMETRY_GRID::GET_REMAINING_CUTFACES,ALLOCATE,"XYZVERT(IAXIS:KAXIS,4)",(variable:local),XYZVERT,"IAXIS:KAXIS,4"
geom.f90,10567,COMPLEX_GEOMETRY_GRID::GET_REMAINING_CUTFACES,ALLOCATE,"CFELEM(5,1)",(variable:local),CFELEM,"5,1"
geom.f90,10567,COMPLEX_GEOMETRY_GRID::GET_REMAINING_CUTFACES,ALLOCATE,"CEDGES(5,1)",(variable:local),CEDGES,"5,1"
geom.f90,10569,COMPLEX_GEOMETRY_GRID::GET_REMAINING_CUTFACES,ALLOCATE,"XYZCEN(IAXIS:KAXIS,1)",(variable:local),XYZCEN,"IAXIS:KAXIS,1"
geom.f90,10569,COMPLEX_GEOMETRY_GRID::GET_REMAINING_CUTFACES,ALLOCATE,AREA(1),(variable:local),AREA,1
geom.f90,10571,COMPLEX_GEOMETRY_GRID::GET_REMAINING_CUTFACES,ALLOCATE,"EDGE_LIST(3,0:4)",(variable:local),EDGE_LIST,"3,0:4"
geom.f90,10595,COMPLEX_GEOMETRY_GRID::GET_REMAINING_CUTFACES,MOVE_ALLOC,M%CUT_FACE(IFC)%AREA,CC_CUTFACE_TYPE,AREA,(from FROM=AREA)
geom.f90,10596,COMPLEX_GEOMETRY_GRID::GET_REMAINING_CUTFACES,MOVE_ALLOC,M%CUT_FACE(IFC)%XYZCEN,CC_CUTFACE_TYPE,XYZCEN,(from FROM=XYZCEN)
geom.f90,10597,COMPLEX_GEOMETRY_GRID::GET_REMAINING_CUTFACES,MOVE_ALLOC,M%CUT_FACE(IFC)%XYZVERT,CC_CUTFACE_TYPE,XYZVERT,(from FROM=XYZVERT)
geom.f90,10598,COMPLEX_GEOMETRY_GRID::GET_REMAINING_CUTFACES,MOVE_ALLOC,M%CUT_FACE(IFC)%CFELEM,CC_CUTFACE_TYPE,CFELEM,(from FROM=CFELEM)
geom.f90,10599,COMPLEX_GEOMETRY_GRID::GET_REMAINING_CUTFACES,MOVE_ALLOC,M%CUT_FACE(IFC)%CEDGES,CC_CUTFACE_TYPE,CEDGES,(from FROM=CEDGES)
geom.f90,10600,COMPLEX_GEOMETRY_GRID::GET_REMAINING_CUTFACES,MOVE_ALLOC,M%CUT_FACE(IFC)%EDGE_LIST,CC_CUTFACE_TYPE,EDGE_LIST,(from FROM=EDGE_LIST)
geom.f90,10620,COMPLEX_GEOMETRY_GRID::GET_REMAINING_CUTFACES,ALLOCATE,"XYZVERT(IAXIS:KAXIS,4)",(variable:local),XYZVERT,"IAXIS:KAXIS,4"
geom.f90,10625,COMPLEX_GEOMETRY_GRID::GET_REMAINING_CUTFACES,ALLOCATE,"CFELEM(5,1)",(variable:local),CFELEM,"5,1"
geom.f90,10625,COMPLEX_GEOMETRY_GRID::GET_REMAINING_CUTFACES,ALLOCATE,"CEDGES(5,1)",(variable:local),CEDGES,"5,1"
geom.f90,10627,COMPLEX_GEOMETRY_GRID::GET_REMAINING_CUTFACES,ALLOCATE,"XYZCEN(IAXIS:KAXIS,1)",(variable:local),XYZCEN,"IAXIS:KAXIS,1"
geom.f90,10627,COMPLEX_GEOMETRY_GRID::GET_REMAINING_CUTFACES,ALLOCATE,AREA(1),(variable:local),AREA,1
geom.f90,10629,COMPLEX_GEOMETRY_GRID::GET_REMAINING_CUTFACES,ALLOCATE,"EDGE_LIST(3,0:4)",(variable:local),EDGE_LIST,"3,0:4"
geom.f90,10653,COMPLEX_GEOMETRY_GRID::GET_REMAINING_CUTFACES,MOVE_ALLOC,M%CUT_FACE(IFC)%AREA,CC_CUTFACE_TYPE,AREA,(from FROM=AREA)
geom.f90,10654,COMPLEX_GEOMETRY_GRID::GET_REMAINING_CUTFACES,MOVE_ALLOC,M%CUT_FACE(IFC)%XYZCEN,CC_CUTFACE_TYPE,XYZCEN,(from FROM=XYZCEN)
geom.f90,10655,COMPLEX_GEOMETRY_GRID::GET_REMAINING_CUTFACES,MOVE_ALLOC,M%CUT_FACE(IFC)%XYZVERT,CC_CUTFACE_TYPE,XYZVERT,(from FROM=XYZVERT)
geom.f90,10656,COMPLEX_GEOMETRY_GRID::GET_REMAINING_CUTFACES,MOVE_ALLOC,M%CUT_FACE(IFC)%CFELEM,CC_CUTFACE_TYPE,CFELEM,(from FROM=CFELEM)
geom.f90,10657,COMPLEX_GEOMETRY_GRID::GET_REMAINING_CUTFACES,MOVE_ALLOC,M%CUT_FACE(IFC)%CEDGES,CC_CUTFACE_TYPE,CEDGES,(from FROM=CEDGES)
geom.f90,10658,COMPLEX_GEOMETRY_GRID::GET_REMAINING_CUTFACES,MOVE_ALLOC,M%CUT_FACE(IFC)%EDGE_LIST,CC_CUTFACE_TYPE,EDGE_LIST,(from FROM=EDGE_LIST)
geom.f90,10682,COMPLEX_GEOMETRY_GRID::CUT_CELL_FACE_ARRAYS_CLEANUP,ALLOCATE,CCIND(M%N_CUTCELL_MESH+M%N_GCCUTCELL_MESH),(variable:local),CCIND,M%N_CUTCELL_MESH+M%N_GCCUTCELL_MESH
geom.f90,10682,COMPLEX_GEOMETRY_GRID::CUT_CELL_FACE_ARRAYS_CLEANUP,ALLOCATE,CFIND(M%N_CUTFACE_MESH+M%N_GCCUTFACE_MESH),(variable:local),CFIND,M%N_CUTFACE_MESH+M%N_GCCUTFACE_MESH
geom.f90,10725,COMPLEX_GEOMETRY_GRID::CUT_CELL_FACE_ARRAYS_CLEANUP,ALLOCATE,"AUXV(CC%CCELEM(1,JCC))",(variable:local),AUXV,"CC%CCELEM(1,JCC)"
geom.f90,11161,COMPLEX_GEOMETRY_GRID::BLOCK_CUT_CELL,ALLOCATE,INBCF_AREA%AINB(M%CUT_CELL(ICC)%NCELL),CC_INBCF_AREA_TYPE,AINB,M%CUT_CELL(ICC)%NCELL
geom.f90,11162,COMPLEX_GEOMETRY_GRID::BLOCK_CUT_CELL,ALLOCATE,INBCF_AREA%NEW_AINB(M%CUT_CELL(ICC)%NCELL),CC_INBCF_AREA_TYPE,NEW_AINB,M%CUT_CELL(ICC)%NCELL
geom.f90,11163,COMPLEX_GEOMETRY_GRID::BLOCK_CUT_CELL,ALLOCATE,INBCF_AREA%SURF_INDEX(M%CUT_CELL(ICC)%NCELL),CC_INBCF_AREA_TYPE,SURF_INDEX,M%CUT_CELL(ICC)%NCELL
geom.f90,11164,COMPLEX_GEOMETRY_GRID::BLOCK_CUT_CELL,ALLOCATE,INBCF_AREA%IJCF(M%CUT_CELL(ICC)%NCELL),CC_INBCF_AREA_TYPE,IJCF,M%CUT_CELL(ICC)%NCELL
geom.f90,11185,COMPLEX_GEOMETRY_GRID::BLOCK_CUT_CELL,ALLOCATE,"M%INBCF_AREA(I,J,K)%IJCF(JCC)%NEW_ICFINB(DUM)",CC_INBCF_IJCF_TYPE,NEW_ICFINB,DUM
geom.f90,11186,COMPLEX_GEOMETRY_GRID::BLOCK_CUT_CELL,ALLOCATE,"M%INBCF_AREA(I,J,K)%IJCF(JCC)%NEW_JCFINB(DUM)",CC_INBCF_IJCF_TYPE,NEW_JCFINB,DUM
geom.f90,11404,COMPLEX_GEOMETRY_GRID::BLOCK_CUT_CELL,ALLOCATE,"EDGE_LIST_AUX(3,DUM+4)",(variable:local),EDGE_LIST_AUX,"3,DUM+4"
geom.f90,11407,COMPLEX_GEOMETRY_GRID::BLOCK_CUT_CELL,MOVE_ALLOC,M%CUT_FACE(IFC1)%EDGE_LIST,CC_CUTFACE_TYPE,EDGE_LIST,(from FROM=EDGE_LIST_AUX)
geom.f90,11408,COMPLEX_GEOMETRY_GRID::BLOCK_CUT_CELL,ALLOCATE,"CEDGES_AUX(SIZE(M%CUT_FACE(IFC1)%CFELEM,DIM=1),SIZE(M%CUT_FACE(IFC1)%CFELEM,DIM=2))",(variable:local),CEDGES_AUX,"SIZE(M%CUT_FACE(IFC1)%CFELEM,DIM=1),SIZE(M%CUT_FACE(IFC1)%CFELEM,DIM=2)"
geom.f90,11415,COMPLEX_GEOMETRY_GRID::BLOCK_CUT_CELL,MOVE_ALLOC,M%CUT_FACE(IFC1)%CEDGES,CC_CUTFACE_TYPE,CEDGES,(from FROM=CEDGES_AUX)
geom.f90,11448,COMPLEX_GEOMETRY_GRID::BLOCK_CUT_CELL,ALLOCATE,"EDGE_LIST_AUX(3,DUM+DUM2)",(variable:local),EDGE_LIST_AUX,"3,DUM+DUM2"
geom.f90,11451,COMPLEX_GEOMETRY_GRID::BLOCK_CUT_CELL,ALLOCATE,"CEDGES_AUX(SIZE(M%CUT_FACE(IFC1)%CFELEM,DIM=1),SIZE(M%CUT_FACE(IFC1)%CFELEM,DIM=2))",(variable:local),CEDGES_AUX,"SIZE(M%CUT_FACE(IFC1)%CFELEM,DIM=1),SIZE(M%CUT_FACE(IFC1)%CFELEM,DIM=2)"
geom.f90,11467,COMPLEX_GEOMETRY_GRID::BLOCK_CUT_CELL,ALLOCATE,"CEDGES_AUX2(IEDGE+2,1:SIZE(M%CUT_FACE(IFC1)%CFELEM,DIM=2))",(variable:local),CEDGES_AUX2,"IEDGE+2,1:SIZE(M%CUT_FACE(IFC1)%CFELEM,DIM=2)"
geom.f90,11469,COMPLEX_GEOMETRY_GRID::BLOCK_CUT_CELL,MOVE_ALLOC,CEDGES_AUX,(variable:local),CEDGES_AUX,(from FROM=CEDGES_AUX2)
geom.f90,11569,COMPLEX_GEOMETRY_GRID::BLOCK_CUT_CELL,ALLOCATE,"CEDGES_AUX2(IEDGE+2,1:SIZE(M%CUT_FACE(IFC1)%CFELEM,DIM=2))",(variable:local),CEDGES_AUX2,"IEDGE+2,1:SIZE(M%CUT_FACE(IFC1)%CFELEM,DIM=2)"
geom.f90,11571,COMPLEX_GEOMETRY_GRID::BLOCK_CUT_CELL,MOVE_ALLOC,CEDGES_AUX,(variable:local),CEDGES_AUX,(from FROM=CEDGES_AUX2)
geom.f90,11682,COMPLEX_GEOMETRY_GRID::BLOCK_CUT_CELL,ALLOCATE,"CEDGES_AUX2(IEDGE+2,1:SIZE(M%CUT_FACE(IFC1)%CFELEM,DIM=2))",(variable:local),CEDGES_AUX2,"IEDGE+2,1:SIZE(M%CUT_FACE(IFC1)%CFELEM,DIM=2)"
geom.f90,11684,COMPLEX_GEOMETRY_GRID::BLOCK_CUT_CELL,MOVE_ALLOC,CEDGES_AUX,(variable:local),CEDGES_AUX,(from FROM=CEDGES_AUX2)
geom.f90,11776,COMPLEX_GEOMETRY_GRID::BLOCK_CUT_CELL,MOVE_ALLOC,M%CUT_FACE(IFC1)%CEDGES,CC_CUTFACE_TYPE,CEDGES,(from FROM=CEDGES_AUX)
geom.f90,11777,COMPLEX_GEOMETRY_GRID::BLOCK_CUT_CELL,MOVE_ALLOC,M%CUT_FACE(IFC1)%EDGE_LIST,CC_CUTFACE_TYPE,EDGE_LIST,(from FROM=EDGE_LIST_AUX)
geom.f90,11790,COMPLEX_GEOMETRY_GRID::BLOCK_CUT_CELL,ALLOCATE,"CEDGES_AUX2(COUNT+1,1:SIZE(M%CUT_FACE(IFC1)%CFELEM,DIM=2))",(variable:local),CEDGES_AUX2,"COUNT+1,1:SIZE(M%CUT_FACE(IFC1)%CFELEM,DIM=2)"
geom.f90,11792,COMPLEX_GEOMETRY_GRID::BLOCK_CUT_CELL,MOVE_ALLOC,M%CUT_FACE(IFC1)%CFELEM,CC_CUTFACE_TYPE,CFELEM,(from FROM=CEDGES_AUX2)
geom.f90,11798,COMPLEX_GEOMETRY_GRID::BLOCK_CUT_CELL,ALLOCATE,CFELEM(COUNT),(variable:local),CFELEM,COUNT
geom.f90,11818,COMPLEX_GEOMETRY_GRID::BLOCK_CUT_CELL,ALLOCATE,"FACE_LIST_DROPPED(6,M%CUT_CELL(ICC2)%NFACE_DROPPED)",(variable:local),FACE_LIST_DROPPED,"6,M%CUT_CELL(ICC2)%NFACE_DROPPED"
geom.f90,11821,COMPLEX_GEOMETRY_GRID::BLOCK_CUT_CELL,MOVE_ALLOC,M%CUT_CELL(ICC2)%FACE_LIST_DROPPED,CC_CUTCELL_TYPE,FACE_LIST_DROPPED,(from FROM=FACE_LIST_DROPPED)
geom.f90,12071,COMPLEX_GEOMETRY_GRID::GET_EXT_INB_CUTFACES_TO_CFACE,ALLOCATE,NCFACE_BY_MESH(1:NMESHES),(variable:local),NCFACE_BY_MESH,1:NMESHES
geom.f90,12147,COMPLEX_GEOMETRY_GRID::GET_EXT_INB_CUTFACES_TO_CFACE,ALLOCATE,MESHES(NM)%CFACE(0:MESHES(NM)%N_CFACE_CELLS_DIM),MESH_TYPE,CFACE,0:MESHES(NM)%N_CFACE_CELLS_DIM
geom.f90,12149,COMPLEX_GEOMETRY_GRID::GET_EXT_INB_CUTFACES_TO_CFACE,ALLOCATE,MESHES(NM)%FACE_WORK1(MESHES(NM)%N_CFACE_CELLS_DIM),MESH_TYPE,FACE_WORK1,MESHES(NM)%N_CFACE_CELLS_DIM
geom.f90,12150,COMPLEX_GEOMETRY_GRID::GET_EXT_INB_CUTFACES_TO_CFACE,ALLOCATE,MESHES(NM)%FACE_WORK2(MESHES(NM)%N_CFACE_CELLS_DIM),MESH_TYPE,FACE_WORK2,MESHES(NM)%N_CFACE_CELLS_DIM
geom.f90,12151,COMPLEX_GEOMETRY_GRID::GET_EXT_INB_CUTFACES_TO_CFACE,ALLOCATE,MESHES(NM)%FACE_WORK3(MESHES(NM)%N_CFACE_CELLS_DIM),MESH_TYPE,FACE_WORK3,MESHES(NM)%N_CFACE_CELLS_DIM
geom.f90,12215,COMPLEX_GEOMETRY_GRID::GET_EXT_INB_CUTFACES_TO_CFACE,ALLOCATE,CF%CFACE_INDEX(CF%NFACE),CC_CUTFACE_TYPE,CFACE_INDEX,CF%NFACE
geom.f90,12217,COMPLEX_GEOMETRY_GRID::GET_EXT_INB_CUTFACES_TO_CFACE,ALLOCATE,CF%CFACE_INDEX(CF%NFACE),CC_CUTFACE_TYPE,CFACE_INDEX,CF%NFACE
geom.f90,12219,COMPLEX_GEOMETRY_GRID::GET_EXT_INB_CUTFACES_TO_CFACE,ALLOCATE,CF%SURF_INDEX(CF%NFACE),CC_CUTFACE_TYPE,SURF_INDEX,CF%NFACE
geom.f90,12221,COMPLEX_GEOMETRY_GRID::GET_EXT_INB_CUTFACES_TO_CFACE,ALLOCATE,CF%SURF_INDEX(CF%NFACE),CC_CUTFACE_TYPE,SURF_INDEX,CF%NFACE
geom.f90,12298,COMPLEX_GEOMETRY_GRID::GET_EXT_INB_CUTFACES_TO_CFACE,ALLOCATE,"FDS_AREA_GEOM(0:N_SURF,N_GEOMETRY)",(variable:host:COMPLEX_GEOMETRY_GRID),FDS_AREA_GEOM,"0:N_SURF,N_GEOMETRY"
geom.f90,12563,COMPLEX_GEOMETRY_GRID::SET_GC_CUTCELLS_3D,ALLOCATE,"MESHES(NM)%CUT_CELL(NMICC)%NOMICC(2,NOFC)",CC_CUTCELL_TYPE,NOMICC,"2,NOFC"
geom.f90,12612,COMPLEX_GEOMETRY_GRID::SET_GC_CUTCELLS_3D,ALLOCATE,"MESHES(NM)%CUT_CELL(NMICC)%NOMICC(2,NOFC)",CC_CUTCELL_TYPE,NOMICC,"2,NOFC"
geom.f90,12865,COMPLEX_GEOMETRY_GRID::CC_GRID_EXCHANGE_AND_REBLOCK,ALLOCATE,FM_PENDING_BLOCK_SCAN(1:NMESHES),(variable:host:COMPLEX_GEOMETRY_GRID),FM_PENDING_BLOCK_SCAN,1:NMESHES
geom.f90,13215,COMPLEX_GEOMETRY_GRID::CC_GRID_INSERT_SINGLE_CARTESIAN_CUTCELL,ALLOCATE,"CCELEM(1:NCFACE_CUTCELL,1:NCELL)",(variable:local),CCELEM,"1:NCFACE_CUTCELL,1:NCELL"
geom.f90,13216,COMPLEX_GEOMETRY_GRID::CC_GRID_INSERT_SINGLE_CARTESIAN_CUTCELL,ALLOCATE,"FACE_LIST(1:CC_NPARAM_CCFACE,1:NFACE_CELL)",(variable:local),FACE_LIST,"1:CC_NPARAM_CCFACE,1:NFACE_CELL"
geom.f90,13217,COMPLEX_GEOMETRY_GRID::CC_GRID_INSERT_SINGLE_CARTESIAN_CUTCELL,ALLOCATE,VOLUME(1:NCELL),(variable:local),VOLUME,1:NCELL
geom.f90,13218,COMPLEX_GEOMETRY_GRID::CC_GRID_INSERT_SINGLE_CARTESIAN_CUTCELL,ALLOCATE,"XYZCEN(IAXIS:KAXIS,1:NCELL)",(variable:local),XYZCEN,"IAXIS:KAXIS,1:NCELL"
geom.f90,13219,COMPLEX_GEOMETRY_GRID::CC_GRID_INSERT_SINGLE_CARTESIAN_CUTCELL,ALLOCATE,NOADVANCE(1:NCELL),(variable:local),NOADVANCE,1:NCELL
geom.f90,13242,COMPLEX_GEOMETRY_GRID::CC_GRID_INSERT_SINGLE_CARTESIAN_CUTCELL,MOVE_ALLOC,M%CUT_CELL(ICC)%CCELEM,CC_CUTCELL_TYPE,CCELEM,(from FROM=CCELEM)
geom.f90,13243,COMPLEX_GEOMETRY_GRID::CC_GRID_INSERT_SINGLE_CARTESIAN_CUTCELL,MOVE_ALLOC,M%CUT_CELL(ICC)%FACE_LIST,CC_CUTCELL_TYPE,FACE_LIST,(from FROM=FACE_LIST)
geom.f90,13244,COMPLEX_GEOMETRY_GRID::CC_GRID_INSERT_SINGLE_CARTESIAN_CUTCELL,MOVE_ALLOC,M%CUT_CELL(ICC)%VOLUME,CC_CUTCELL_TYPE,VOLUME,(from FROM=VOLUME)
geom.f90,13245,COMPLEX_GEOMETRY_GRID::CC_GRID_INSERT_SINGLE_CARTESIAN_CUTCELL,MOVE_ALLOC,M%CUT_CELL(ICC)%XYZCEN,CC_CUTCELL_TYPE,XYZCEN,(from FROM=XYZCEN)
geom.f90,13246,COMPLEX_GEOMETRY_GRID::CC_GRID_INSERT_SINGLE_CARTESIAN_CUTCELL,MOVE_ALLOC,M%CUT_CELL(ICC)%NOADVANCE,CC_CUTCELL_TYPE,NOADVANCE,(from FROM=NOADVANCE)
geom.f90,13557,COMPLEX_GEOMETRY_GRID::TEST_CC_FOR_BLOCKING,ALLOCATE,CFELEM(1:VERT_CUTFACE),(variable:local),CFELEM,1:VERT_CUTFACE
geom.f90,13655,COMPLEX_GEOMETRY_GRID::TEST_CC_FOR_BLOCKING,ALLOCATE,"XYZVERTIJK(MAX_DIM,NVERT2)",(variable:local),XYZVERTIJK,"MAX_DIM,NVERT2"
geom.f90,13656,COMPLEX_GEOMETRY_GRID::TEST_CC_FOR_BLOCKING,ALLOCATE,"XYZVERTSTN(MAX_DIM,NVERT2)",(variable:local),XYZVERTSTN,"MAX_DIM,NVERT2"
geom.f90,13657,COMPLEX_GEOMETRY_GRID::TEST_CC_FOR_BLOCKING,ALLOCATE,CFELEM2(VERT_CUTFACE2),(variable:local),CFELEM2,VERT_CUTFACE2
geom.f90,13871,COMPLEX_GEOMETRY_GRID::GET_CC_FACE_CELL_LIST_INFO,ALLOCATE,"CE%DXX(1:2,SIZE(CE%CEELEM,DIM=2))",CC_CUTEDGE_TYPE,DXX,"1:2,SIZE(CE%CEELEM,DIM=2)"
geom.f90,13873,COMPLEX_GEOMETRY_GRID::GET_CC_FACE_CELL_LIST_INFO,ALLOCATE,"CE%FACE_LIST(1:3,-2:2,SIZE(CE%CEELEM,DIM=2))",CC_CUTEDGE_TYPE,FACE_LIST,"1:3,-2:2,SIZE(CE%CEELEM,DIM=2)"
geom.f90,13971,COMPLEX_GEOMETRY_GRID::GET_CC_FACE_CELL_LIST_INFO,ALLOCATE,"CE%DUIDXJ(-2:2,1:SIZE(CE%CEELEM,DIM=2))",CC_CUTEDGE_TYPE,DUIDXJ,"-2:2,1:SIZE(CE%CEELEM,DIM=2)"
geom.f90,13972,COMPLEX_GEOMETRY_GRID::GET_CC_FACE_CELL_LIST_INFO,ALLOCATE,"CE%MU_DUIDXJ(-2:2,1:SIZE(CE%CEELEM,DIM=2))",CC_CUTEDGE_TYPE,MU_DUIDXJ,"-2:2,1:SIZE(CE%CEELEM,DIM=2)"
geom.f90,14226,COMPLEX_GEOMETRY_GRID::CC_GRID_SELECT_SURVIVOR_JCC,ALLOCATE,SCORE(1:CC%NCELL),(variable:local),SCORE,1:CC%NCELL
geom.f90,14333,COMPLEX_GEOMETRY_GRID::CC_GRID_ACCUMULATE_BLOCKED_INB_AREA_OLD,ALLOCATE,"MESHES(NM)%INBCF_AREA(0:MESHES(NM)%IBP1,0:MESHES(NM)%JBP1,0:MESHES(NM)%KBP1)",MESH_TYPE,INBCF_AREA,"0:MESHES(NM)%IBP1,0:MESHES(NM)%JBP1,0:MESHES(NM)%KBP1"
geom.f90,14550,COMPLEX_GEOMETRY_GRID::CC_GRID_ALLOCATE_STATE_VARS,ALLOCATE,"M%CHEM_ACTIVE_CC(SUM_CC,3)",MESH_TYPE,CHEM_ACTIVE_CC,"SUM_CC,3"
geom.f90,14825,COMPLEX_GEOMETRY_GRID::CC_GRID_WRITE_VERBOSE_SUMMARY,ALLOCATE,GEOM_AREA_SURF(0:N_SURF),(variable:local),GEOM_AREA_SURF,0:N_SURF
geom.f90,14826,COMPLEX_GEOMETRY_GRID::CC_GRID_WRITE_VERBOSE_SUMMARY,ALLOCATE,GEOM_SURF(0:N_SURF),(variable:local),GEOM_SURF,0:N_SURF
geom.f90,15083,COMPLEX_GEOMETRY_GRID::CC_GRID_BUILD_GCELLS,ALLOCATE,M%GCELL%CELL_TYPE(1:M%GCELL%N),CC_GCELL_TYPE,CELL_TYPE,1:M%GCELL%N
geom.f90,15084,COMPLEX_GEOMETRY_GRID::CC_GRID_BUILD_GCELLS,ALLOCATE,"M%GCELL%IJK(IAXIS:KAXIS,1:M%GCELL%N)",CC_GCELL_TYPE,IJK,"IAXIS:KAXIS,1:M%GCELL%N"
geom.f90,15085,COMPLEX_GEOMETRY_GRID::CC_GRID_BUILD_GCELLS,ALLOCATE,M%GCELL%ICC(1:M%GCELL%N),CC_GCELL_TYPE,ICC,1:M%GCELL%N
geom.f90,15086,COMPLEX_GEOMETRY_GRID::CC_GRID_BUILD_GCELLS,ALLOCATE,M%GCELL%JCC(1:M%GCELL%N),CC_GCELL_TYPE,JCC,1:M%GCELL%N
geom.f90,15087,COMPLEX_GEOMETRY_GRID::CC_GRID_BUILD_GCELLS,ALLOCATE,M%GCELL%STATUS(1:M%GCELL%N),CC_GCELL_TYPE,STATUS,1:M%GCELL%N
geom.f90,15088,COMPLEX_GEOMETRY_GRID::CC_GRID_BUILD_GCELLS,ALLOCATE,M%GCELL%VOLUME(1:M%GCELL%N),CC_GCELL_TYPE,VOLUME,1:M%GCELL%N
geom.f90,15089,COMPLEX_GEOMETRY_GRID::CC_GRID_BUILD_GCELLS,ALLOCATE,"M%GCELL%XYZCEN(IAXIS:KAXIS,1:M%GCELL%N)",CC_GCELL_TYPE,XYZCEN,"IAXIS:KAXIS,1:M%GCELL%N"
geom.f90,15293,COMPLEX_GEOMETRY_GRID::CC_GRID_GLOBAL_INIT,ALLOCATE,CC_COMPUTE_MESH_AUX(1:NMESHES),(variable:local),CC_COMPUTE_MESH_AUX,1:NMESHES
geom.f90,15350,COMPLEX_GEOMETRY_GRID::CC_GRID_GLOBAL_INIT,ALLOCATE,"GEOM_AREA_SURF_OLD(0:N_SURF,1:N_GEOMETRY)",(variable:local),GEOM_AREA_SURF_OLD,"0:N_SURF,1:N_GEOMETRY"
geom.f90,15351,COMPLEX_GEOMETRY_GRID::CC_GRID_GLOBAL_INIT,ALLOCATE,"GEOM_AREA_SURF_NEW(0:N_SURF,1:N_GEOMETRY)",(variable:local),GEOM_AREA_SURF_NEW,"0:N_SURF,1:N_GEOMETRY"
geom.f90,15432,COMPLEX_GEOMETRY_GRID::DEFINE_XYZFACE_CELL,ALLOCATE,DXCELL(ISTR:IEND),(variable:host:COMPLEX_GEOMETRY_GRID),DXCELL,ISTR:IEND
geom.f90,15437,COMPLEX_GEOMETRY_GRID::DEFINE_XYZFACE_CELL,ALLOCATE,DXFACE(ISTR:IEND),(variable:host:COMPLEX_GEOMETRY_GRID),DXFACE,ISTR:IEND
geom.f90,15442,COMPLEX_GEOMETRY_GRID::DEFINE_XYZFACE_CELL,ALLOCATE,XCELL(ISTR:IEND),(variable:host:COMPLEX_GEOMETRY_GRID),XCELL,ISTR:IEND
geom.f90,15448,COMPLEX_GEOMETRY_GRID::DEFINE_XYZFACE_CELL,ALLOCATE,XFACE(ISTR:IEND),(variable:host:COMPLEX_GEOMETRY_GRID),XFACE,ISTR:IEND
geom.f90,15456,COMPLEX_GEOMETRY_GRID::DEFINE_XYZFACE_CELL,ALLOCATE,DYCELL(JSTR:JEND),(variable:host:COMPLEX_GEOMETRY_GRID),DYCELL,JSTR:JEND
geom.f90,15461,COMPLEX_GEOMETRY_GRID::DEFINE_XYZFACE_CELL,ALLOCATE,DYFACE(JSTR:JEND),(variable:host:COMPLEX_GEOMETRY_GRID),DYFACE,JSTR:JEND
geom.f90,15466,COMPLEX_GEOMETRY_GRID::DEFINE_XYZFACE_CELL,ALLOCATE,YCELL(JSTR:JEND),(variable:host:COMPLEX_GEOMETRY_GRID),YCELL,JSTR:JEND
geom.f90,15472,COMPLEX_GEOMETRY_GRID::DEFINE_XYZFACE_CELL,ALLOCATE,YFACE(JSTR:JEND),(variable:host:COMPLEX_GEOMETRY_GRID),YFACE,JSTR:JEND
geom.f90,15480,COMPLEX_GEOMETRY_GRID::DEFINE_XYZFACE_CELL,ALLOCATE,DZCELL(KSTR:KEND),(variable:host:COMPLEX_GEOMETRY_GRID),DZCELL,KSTR:KEND
geom.f90,15485,COMPLEX_GEOMETRY_GRID::DEFINE_XYZFACE_CELL,ALLOCATE,DZFACE(KSTR:KEND),(variable:host:COMPLEX_GEOMETRY_GRID),DZFACE,KSTR:KEND
geom.f90,15490,COMPLEX_GEOMETRY_GRID::DEFINE_XYZFACE_CELL,ALLOCATE,ZCELL(KSTR:KEND),(variable:host:COMPLEX_GEOMETRY_GRID),ZCELL,KSTR:KEND
geom.f90,15496,COMPLEX_GEOMETRY_GRID::DEFINE_XYZFACE_CELL,ALLOCATE,ZFACE(KSTR:KEND),(variable:host:COMPLEX_GEOMETRY_GRID),ZFACE,KSTR:KEND
geom.f90,15548,COMPLEX_GEOMETRY_GRID::GET_GEOM_TRIBIN,ALLOCATE,CC_COMPUTE_MESH(1:NMESHES),(variable:local),CC_COMPUTE_MESH,1:NMESHES
geom.f90,15634,COMPLEX_GEOMETRY_GRID::GET_GEOM_TRIBIN,ALLOCATE,G%TBAXIS(X1AXIS)%TRIBIN(1:G%TBAXIS(X1AXIS)%N_BINS),TBAXIS_TYPE,TRIBIN,1:G%TBAXIS(X1AXIS)%N_BINS
geom.f90,15643,COMPLEX_GEOMETRY_GRID::GET_GEOM_TRIBIN,ALLOCATE,G%TBAXIS(X1AXIS)%TRIBIN(IBIN)%TRI_LIST(DELTA_TBIN2),TRIBIN_TYPE,TRI_LIST,DELTA_TBIN2
geom.f90,15659,COMPLEX_GEOMETRY_GRID::GET_GEOM_TRIBIN,ALLOCATE,TRI_LIST(1:SZE+DELTA_TBIN2),(variable:local),TRI_LIST,1:SZE+DELTA_TBIN2
geom.f90,15661,COMPLEX_GEOMETRY_GRID::GET_GEOM_TRIBIN,MOVE_ALLOC,G%TBAXIS(X1AXIS)%TRIBIN(IBIN)%TRI_LIST,TRIBIN_TYPE,TRI_LIST,(from FROM=TRI_LIST)
geom.f90,15702,COMPLEX_GEOMETRY_GRID::SNAP_GEOM_NODES,ALLOCATE,"GEOMETRY(IG)%SNAP_NODE(IAXIS:KAXIS,1:GEOMETRY(IG)%N_VERTS)",GEOMETRY_TYPE,SNAP_NODE,"IAXIS:KAXIS,1:GEOMETRY(IG)%N_VERTS"
geom.f90,15733,COMPLEX_GEOMETRY_GRID::SNAP_GEOM_NODES,ALLOCATE,X1FACE(ISTR:IEND),(variable:host:COMPLEX_GEOMETRY_GRID),X1FACE,ISTR:IEND
geom.f90,15733,COMPLEX_GEOMETRY_GRID::SNAP_GEOM_NODES,ALLOCATE,DX1FACE(ISTR:IEND),(variable:host:COMPLEX_GEOMETRY_GRID),DX1FACE,ISTR:IEND
geom.f90,15736,COMPLEX_GEOMETRY_GRID::SNAP_GEOM_NODES,ALLOCATE,X1FACE(JSTR:JEND),(variable:host:COMPLEX_GEOMETRY_GRID),X1FACE,JSTR:JEND
geom.f90,15736,COMPLEX_GEOMETRY_GRID::SNAP_GEOM_NODES,ALLOCATE,DX1FACE(JSTR:JEND),(variable:host:COMPLEX_GEOMETRY_GRID),DX1FACE,JSTR:JEND
geom.f90,15739,COMPLEX_GEOMETRY_GRID::SNAP_GEOM_NODES,ALLOCATE,X1FACE(KSTR:KEND),(variable:host:COMPLEX_GEOMETRY_GRID),X1FACE,KSTR:KEND
geom.f90,15739,COMPLEX_GEOMETRY_GRID::SNAP_GEOM_NODES,ALLOCATE,DX1FACE(KSTR:KEND),(variable:host:COMPLEX_GEOMETRY_GRID),DX1FACE,KSTR:KEND
geom.f90,15799,COMPLEX_GEOMETRY_GRID::CC_GRID_INIT_MESH_STORAGE,ALLOCATE,"MESHES(NM)%VERTVAR(ISTR:IEND,JSTR:JEND,KSTR:KEND,CC_NVVARS)",MESH_TYPE,VERTVAR,"ISTR:IEND,JSTR:JEND,KSTR:KEND,CC_NVVARS"
geom.f90,15805,COMPLEX_GEOMETRY_GRID::CC_GRID_INIT_MESH_STORAGE,ALLOCATE,"MESHES(NM)%ECVAR(ISTR:IEND,JSTR:JEND,KSTR:KEND,CC_NEVARS,MAX_DIM)",MESH_TYPE,ECVAR,"ISTR:IEND,JSTR:JEND,KSTR:KEND,CC_NEVARS,MAX_DIM"
geom.f90,15811,COMPLEX_GEOMETRY_GRID::CC_GRID_INIT_MESH_STORAGE,ALLOCATE,"MESHES(NM)%FCVAR(ISTR:IEND,JSTR:JEND,KSTR:KEND,CC_NFVARS,MAX_DIM)",MESH_TYPE,FCVAR,"ISTR:IEND,JSTR:JEND,KSTR:KEND,CC_NFVARS,MAX_DIM"
geom.f90,15817,COMPLEX_GEOMETRY_GRID::CC_GRID_INIT_MESH_STORAGE,ALLOCATE,"MESHES(NM)%CCVAR(ISTR:IEND,JSTR:JEND,KSTR:KEND,CC_NCVARS)",MESH_TYPE,CCVAR,"ISTR:IEND,JSTR:JEND,KSTR:KEND,CC_NCVARS"
geom.f90,15823,COMPLEX_GEOMETRY_GRID::CC_GRID_INIT_MESH_STORAGE,ALLOCATE,"GEOM_ZMAX_AUX(ISTR:IEND,JSTR:JEND)",(variable:local),GEOM_ZMAX_AUX,"ISTR:IEND,JSTR:JEND"
geom.f90,15840,COMPLEX_GEOMETRY_GRID::CC_GRID_INIT_MESH_STORAGE,ALLOCATE,MESHES(NM)%EDGE_CROSS(GLOBAL_DELTA_EDGE),MESH_TYPE,EDGE_CROSS,GLOBAL_DELTA_EDGE
geom.f90,15845,COMPLEX_GEOMETRY_GRID::CC_GRID_INIT_MESH_STORAGE,ALLOCATE,MESHES(NM)%CUT_EDGE(GLOBAL_DELTA_EDGE),MESH_TYPE,CUT_EDGE,GLOBAL_DELTA_EDGE
geom.f90,15852,COMPLEX_GEOMETRY_GRID::CC_GRID_INIT_MESH_STORAGE,ALLOCATE,MESHES(NM)%CUT_FACE(GLOBAL_DELTA_FACE),MESH_TYPE,CUT_FACE,GLOBAL_DELTA_FACE
geom.f90,15858,COMPLEX_GEOMETRY_GRID::CC_GRID_INIT_MESH_STORAGE,ALLOCATE,MESHES(NM)%CUT_CELL(GLOBAL_DELTA_CELL),MESH_TYPE,CUT_CELL,GLOBAL_DELTA_CELL
geom.f90,15865,COMPLEX_GEOMETRY_GRID::CC_GRID_INIT_MESH_STORAGE,ALLOCATE,SPCELLS_TO_BLOCK(1:GLOBAL_DELTA_CELL),(variable:host:COMPLEX_GEOMETRY_GRID),SPCELLS_TO_BLOCK,1:GLOBAL_DELTA_CELL
geom.f90,15886,COMPLEX_GEOMETRY_GRID::CC_GRID_STORE_SPECIAL_CELLS_TO_BLOCK,ALLOCATE,SPCELLS_TO_BLOCK_TMP(1:N_SPCELLS_TO_BLOCK),(variable:local),SPCELLS_TO_BLOCK_TMP,1:N_SPCELLS_TO_BLOCK
geom.f90,15889,COMPLEX_GEOMETRY_GRID::CC_GRID_STORE_SPECIAL_CELLS_TO_BLOCK,MOVE_ALLOC,MESHES(NM)%SPCELLS_TO_BLOCK,MESH_TYPE,SPCELLS_TO_BLOCK,(from FROM=SPCELLS_TO_BLOCK_TMP)
geom.f90,15891,COMPLEX_GEOMETRY_GRID::CC_GRID_STORE_SPECIAL_CELLS_TO_BLOCK,MOVE_ALLOC,MESHES(NM)%SPCELLS_TO_BLOCK,MESH_TYPE,SPCELLS_TO_BLOCK,(from FROM=SPCELLS_TO_BLOCK)
geom.f90,15906,COMPLEX_GEOMETRY_GRID::CC_GRID_FINALIZE_TERRAIN,ALLOCATE,"MESHES(NM)%GEOM_ZMAX(0:IBAR,0:JBAR)",MESH_TYPE,GEOM_ZMAX,"0:IBAR,0:JBAR"
geom.f90,15966,COMPLEX_GEOMETRY_GRID::ALLOCATE_BODINT_PLANE,ALLOCATE,"BODINT_PLANE%XYZ(IAXIS:KAXIS,CC_MAX_NNODS)",BODINT_PLANE_TYPE,XYZ,"IAXIS:KAXIS,CC_MAX_NNODS"
geom.f90,15967,COMPLEX_GEOMETRY_GRID::ALLOCATE_BODINT_PLANE,ALLOCATE,BODINT_PLANE%NOD_PERM(CC_MAX_NNODS),BODINT_PLANE_TYPE,NOD_PERM,CC_MAX_NNODS
geom.f90,15968,COMPLEX_GEOMETRY_GRID::ALLOCATE_BODINT_PLANE,ALLOCATE,"BODINT_PLANE%SGLS(NOD1,CC_MAX_NSGLS)",BODINT_PLANE_TYPE,SGLS,"NOD1,CC_MAX_NSGLS"
geom.f90,15969,COMPLEX_GEOMETRY_GRID::ALLOCATE_BODINT_PLANE,ALLOCATE,"BODINT_PLANE%SEGS(NOD1:NOD2,CC_MAX_NSEGS)",BODINT_PLANE_TYPE,SEGS,"NOD1:NOD2,CC_MAX_NSEGS"
geom.f90,15970,COMPLEX_GEOMETRY_GRID::ALLOCATE_BODINT_PLANE,ALLOCATE,"BODINT_PLANE%TRIS(NOD1:NOD3,CC_MAX_NTRIS)",BODINT_PLANE_TYPE,TRIS,"NOD1:NOD3,CC_MAX_NTRIS"
geom.f90,15971,COMPLEX_GEOMETRY_GRID::ALLOCATE_BODINT_PLANE,ALLOCATE,"BODINT_PLANE%INDSEG(CC_MAX_WSTRIANG_SEG+2,CC_MAX_NSEGS)",BODINT_PLANE_TYPE,INDSEG,"CC_MAX_WSTRIANG_SEG+2,CC_MAX_NSEGS"
geom.f90,15972,COMPLEX_GEOMETRY_GRID::ALLOCATE_BODINT_PLANE,ALLOCATE,"BODINT_PLANE%INDTRI(CC_MAX_WSTRIANG_TRI+1,CC_MAX_NTRIS)",BODINT_PLANE_TYPE,INDTRI,"CC_MAX_WSTRIANG_TRI+1,CC_MAX_NTRIS"
geom.f90,15973,COMPLEX_GEOMETRY_GRID::ALLOCATE_BODINT_PLANE,ALLOCATE,BODINT_PLANE%X2ALIGNED(CC_MAX_NSEGS),BODINT_PLANE_TYPE,X2ALIGNED,CC_MAX_NSEGS
geom.f90,15974,COMPLEX_GEOMETRY_GRID::ALLOCATE_BODINT_PLANE,ALLOCATE,BODINT_PLANE%X3ALIGNED(CC_MAX_NSEGS),BODINT_PLANE_TYPE,X3ALIGNED,CC_MAX_NSEGS
geom.f90,15975,COMPLEX_GEOMETRY_GRID::ALLOCATE_BODINT_PLANE,ALLOCATE,"BODINT_PLANE%SEGTYPE(LOW_IND:HIGH_IND,CC_MAX_NSEGS)",BODINT_PLANE_TYPE,SEGTYPE,"LOW_IND:HIGH_IND,CC_MAX_NSEGS"
geom.f90,16768,COMPLEX_GEOMETRY_GRID::GET_BODINT_PLANE,ALLOCATE,"SEGAUX(NOD1:NOD2,BODINT_PLANE%NSEGS)",(variable:local),SEGAUX,"NOD1:NOD2,BODINT_PLANE%NSEGS"
geom.f90,16769,COMPLEX_GEOMETRY_GRID::GET_BODINT_PLANE,ALLOCATE,"INDSEGAUX(CC_MAX_WSTRIANG_SEG+2,BODINT_PLANE%NSEGS)",(variable:local),INDSEGAUX,"CC_MAX_WSTRIANG_SEG+2,BODINT_PLANE%NSEGS"
geom.f90,16770,COMPLEX_GEOMETRY_GRID::GET_BODINT_PLANE,ALLOCATE,"SEGTYPEAUX(NOD1:NOD2,BODINT_PLANE%NSEGS)",(variable:local),SEGTYPEAUX,"NOD1:NOD2,BODINT_PLANE%NSEGS"
geom.f90,16818,COMPLEX_GEOMETRY_GRID::GET_BODINT_PLANE,ALLOCATE,BODINT_PLANE%NBCROSS(1:BODINT_PLANE%NSEGS),BODINT_PLANE_TYPE,NBCROSS,1:BODINT_PLANE%NSEGS
geom.f90,16818,COMPLEX_GEOMETRY_GRID::GET_BODINT_PLANE,ALLOCATE,"BODINT_PLANE%SVAR(1:CC_DELTA_NBCROSS,1:BODINT_PLANE%NSEGS)",BODINT_PLANE_TYPE,SVAR,"1:CC_DELTA_NBCROSS,1:BODINT_PLANE%NSEGS"
geom.f90,16834,COMPLEX_GEOMETRY_GRID::GET_BODINT_PLANE,ALLOCATE,BODINT_PLANE%TBAXIS(AXIS)%TRIBIN(IBIN),TBAXIS_TYPE,TRIBIN,IBIN
geom.f90,16838,COMPLEX_GEOMETRY_GRID::GET_BODINT_PLANE,ALLOCATE,BODINT_PLANE%TBAXIS(AXIS)%TRIBIN(IBIN)%TRI_LIST(BODINT_PLANE%NSEGS),TRIBIN_TYPE,TRI_LIST,BODINT_PLANE%NSEGS
geom.f90,16846,COMPLEX_GEOMETRY_GRID::GET_BODINT_PLANE,ALLOCATE,SEGS_NODE(BODINT_PLANE%NNODS),(variable:local),SEGS_NODE,BODINT_PLANE%NNODS
geom.f90,16905,COMPLEX_GEOMETRY_GRID::GET_BODINT_PLANE,ALLOCATE,BODINT_PLANE%TBAXIS(AXIS)%TRIBIN(1:BODINT_PLANE%TBAXIS(AXIS)%N_BINS),TBAXIS_TYPE,TRIBIN,1:BODINT_PLANE%TBAXIS(AXIS)%N_BINS
geom.f90,16916,COMPLEX_GEOMETRY_GRID::GET_BODINT_PLANE,ALLOCATE,BODINT_PLANE%TBAXIS(AXIS)%TRIBIN(IBIN)%TRI_LIST(DELTA_SEGBIN),TRIBIN_TYPE,TRI_LIST,DELTA_SEGBIN
geom.f90,16933,COMPLEX_GEOMETRY_GRID::GET_BODINT_PLANE,ALLOCATE,TRI_LIST(1:SZE),(variable:local),TRI_LIST,1:SZE
geom.f90,16935,COMPLEX_GEOMETRY_GRID::GET_BODINT_PLANE,ALLOCATE,BODINT_PLANE%TBAXIS(AXIS)%TRIBIN(IBIN)%TRI_LIST(1:SZE+DELTA_SEGBIN),TRIBIN_TYPE,TRI_LIST,1:SZE+DELTA_SEGBIN
geom.f90,16997,COMPLEX_GEOMETRY_GRID::GET_BODINT_PLANE,ALLOCATE,"SVAR_AUX(NBCROSS_SVAR+CC_DELTA_NBCROSS,BODINT_PLANE%NSEGS)",(variable:local),SVAR_AUX,"NBCROSS_SVAR+CC_DELTA_NBCROSS,BODINT_PLANE%NSEGS"
geom.f90,16999,COMPLEX_GEOMETRY_GRID::GET_BODINT_PLANE,MOVE_ALLOC,BODINT_PLANE%SVAR,BODINT_PLANE_TYPE,SVAR,(from FROM=SVAR_AUX)
geom.f90,17086,COMPLEX_GEOMETRY_GRID::GET_BODINT_PLANE,ALLOCATE,"ISEG_NODE(MAX_SEG_NODE+1,BODINT_PLANE%NNODS)",(variable:local),ISEG_NODE,"MAX_SEG_NODE+1,BODINT_PLANE%NNODS"
geom.f90,17087,COMPLEX_GEOMETRY_GRID::GET_BODINT_PLANE,ALLOCATE,"ANGS_NODE(MAX_SEG_NODE,BODINT_PLANE%NNODS)",(variable:local),ANGS_NODE,"MAX_SEG_NODE,BODINT_PLANE%NNODS"
geom.f90,17121,COMPLEX_GEOMETRY_GRID::GET_BODINT_PLANE,ALLOCATE,CIRC_MED(MAX_SEG_NODE+1),(variable:local),CIRC_MED,MAX_SEG_NODE+1
geom.f90,17520,COMPLEX_GEOMETRY_GRID::COLLAPSE_CROSSINGS,ALLOCATE,UBOD(N_GEOMETRY),(variable:local),UBOD,N_GEOMETRY
geom.f90,17783,COMPLEX_GEOMETRY_GRID::INSERT_RAY_CROSS,ALLOCATE,CC_SVAR_CRS_DUM(CC_MAXCROSS_X2),(variable:local),CC_SVAR_CRS_DUM,CC_MAXCROSS_X2
geom.f90,17783,COMPLEX_GEOMETRY_GRID::INSERT_RAY_CROSS,ALLOCATE,CC_IS_CRS_DUM(CC_MAXCROSS_X2),(variable:local),CC_IS_CRS_DUM,CC_MAXCROSS_X2
geom.f90,17783,COMPLEX_GEOMETRY_GRID::INSERT_RAY_CROSS,ALLOCATE,CC_SEG_CRS_DUM(CC_MAXCROSS_X2),(variable:local),CC_SEG_CRS_DUM,CC_MAXCROSS_X2
geom.f90,17787,COMPLEX_GEOMETRY_GRID::INSERT_RAY_CROSS,ALLOCATE,CC_BDNUM_CRS_DUM(0:CC_MAXCROSS_X2),(variable:local),CC_BDNUM_CRS_DUM,0:CC_MAXCROSS_X2
geom.f90,17787,COMPLEX_GEOMETRY_GRID::INSERT_RAY_CROSS,ALLOCATE,CC_BDNUM_CRS_AUX_DUM(0:CC_MAXCROSS_X2),(variable:local),CC_BDNUM_CRS_AUX_DUM,0:CC_MAXCROSS_X2
geom.f90,17790,COMPLEX_GEOMETRY_GRID::INSERT_RAY_CROSS,ALLOCATE,"CC_IS_CRS2_DUM(LOW_IND:HIGH_IND+1,CC_MAXCROSS_X2)",(variable:local),CC_IS_CRS2_DUM,"LOW_IND:HIGH_IND+1,CC_MAXCROSS_X2"
geom.f90,17790,COMPLEX_GEOMETRY_GRID::INSERT_RAY_CROSS,ALLOCATE,"CC_SEG_TAN_DUM(IAXIS:JAXIS,CC_MAXCROSS_X2)",(variable:local),CC_SEG_TAN_DUM,"IAXIS:JAXIS,CC_MAXCROSS_X2"
geom.f90,17793,COMPLEX_GEOMETRY_GRID::INSERT_RAY_CROSS,MOVE_ALLOC,CC_SVAR_CRS,(variable:host:COMPLEX_GEOMETRY_GRID),CC_SVAR_CRS,(from FROM=CC_SVAR_CRS_DUM)
geom.f90,17794,COMPLEX_GEOMETRY_GRID::INSERT_RAY_CROSS,MOVE_ALLOC,CC_IS_CRS,(variable:host:COMPLEX_GEOMETRY_GRID),CC_IS_CRS,(from FROM=CC_IS_CRS_DUM)
geom.f90,17795,COMPLEX_GEOMETRY_GRID::INSERT_RAY_CROSS,MOVE_ALLOC,CC_SEG_CRS,(variable:host:COMPLEX_GEOMETRY_GRID),CC_SEG_CRS,(from FROM=CC_SEG_CRS_DUM)
geom.f90,17796,COMPLEX_GEOMETRY_GRID::INSERT_RAY_CROSS,MOVE_ALLOC,CC_BDNUM_CRS,(variable:host:COMPLEX_GEOMETRY_GRID),CC_BDNUM_CRS,(from FROM=CC_BDNUM_CRS_DUM)
geom.f90,17797,COMPLEX_GEOMETRY_GRID::INSERT_RAY_CROSS,MOVE_ALLOC,CC_BDNUM_CRS_AUX,(variable:host:COMPLEX_GEOMETRY_GRID),CC_BDNUM_CRS_AUX,(from FROM=CC_BDNUM_CRS_AUX_DUM)
geom.f90,17798,COMPLEX_GEOMETRY_GRID::INSERT_RAY_CROSS,MOVE_ALLOC,CC_IS_CRS2,(variable:host:COMPLEX_GEOMETRY_GRID),CC_IS_CRS2,(from FROM=CC_IS_CRS2_DUM)
geom.f90,17799,COMPLEX_GEOMETRY_GRID::INSERT_RAY_CROSS,MOVE_ALLOC,CC_SEG_TAN,(variable:host:COMPLEX_GEOMETRY_GRID),CC_SEG_TAN,(from FROM=CC_SEG_TAN_DUM)
geom.f90,18372,COMPLEX_GEOMETRY_GRID::EDGE_CROSS_ARRAY_REALLOCATE,ALLOCATE,EDGE_CROSS_AUX(SIZE_EDGE_CROSS+GLOBAL_DELTA_EDGE),(variable:host:COMPLEX_GEOMETRY_GRID),EDGE_CROSS_AUX,SIZE_EDGE_CROSS+GLOBAL_DELTA_EDGE
geom.f90,18379,COMPLEX_GEOMETRY_GRID::EDGE_CROSS_ARRAY_REALLOCATE,MOVE_ALLOC,MESHES(NM)%EDGE_CROSS,MESH_TYPE,EDGE_CROSS,(from FROM=EDGE_CROSS_AUX)
geom.f90,18397,COMPLEX_GEOMETRY_GRID::CUT_EDGE_ARRAY_REALLOC,ALLOCATE,CUT_EDGE_AUX(SIZE_CUT_EDGE+GLOBAL_DELTA_EDGE),(variable:host:COMPLEX_GEOMETRY_GRID),CUT_EDGE_AUX,SIZE_CUT_EDGE+GLOBAL_DELTA_EDGE
geom.f90,18404,COMPLEX_GEOMETRY_GRID::CUT_EDGE_ARRAY_REALLOC,MOVE_ALLOC,CUT_EDGE_AUX(CEI1)%XYZVERT,CC_CUTEDGE_TYPE,XYZVERT,(from FROM=MESHES(NM)%CUT_EDGE(CEI1)%XYZVERT)
geom.f90,18405,COMPLEX_GEOMETRY_GRID::CUT_EDGE_ARRAY_REALLOC,MOVE_ALLOC,CUT_EDGE_AUX(CEI1)%CEELEM,CC_CUTEDGE_TYPE,CEELEM,(from FROM=MESHES(NM)%CUT_EDGE(CEI1)%CEELEM)
geom.f90,18406,COMPLEX_GEOMETRY_GRID::CUT_EDGE_ARRAY_REALLOC,MOVE_ALLOC,CUT_EDGE_AUX(CEI1)%INDSEG,CC_CUTEDGE_TYPE,INDSEG,(from FROM=MESHES(NM)%CUT_EDGE(CEI1)%INDSEG)
geom.f90,18407,COMPLEX_GEOMETRY_GRID::CUT_EDGE_ARRAY_REALLOC,MOVE_ALLOC,CUT_EDGE_AUX(CEI1)%VERT_LIST,CC_CUTEDGE_TYPE,VERT_LIST,(from FROM=MESHES(NM)%CUT_EDGE(CEI1)%VERT_LIST)
geom.f90,18408,COMPLEX_GEOMETRY_GRID::CUT_EDGE_ARRAY_REALLOC,MOVE_ALLOC,CUT_EDGE_AUX(CEI1)%NOD_PERM,CC_CUTEDGE_TYPE,NOD_PERM,(from FROM=MESHES(NM)%CUT_EDGE(CEI1)%NOD_PERM)
geom.f90,18409,COMPLEX_GEOMETRY_GRID::CUT_EDGE_ARRAY_REALLOC,MOVE_ALLOC,CUT_EDGE_AUX(CEI1)%DXX,CC_CUTEDGE_TYPE,DXX,(from FROM=MESHES(NM)%CUT_EDGE(CEI1)%DXX)
geom.f90,18410,COMPLEX_GEOMETRY_GRID::CUT_EDGE_ARRAY_REALLOC,MOVE_ALLOC,CUT_EDGE_AUX(CEI1)%FACE_LIST,CC_CUTEDGE_TYPE,FACE_LIST,(from FROM=MESHES(NM)%CUT_EDGE(CEI1)%FACE_LIST)
geom.f90,18411,COMPLEX_GEOMETRY_GRID::CUT_EDGE_ARRAY_REALLOC,MOVE_ALLOC,CUT_EDGE_AUX(CEI1)%DUIDXJ,CC_CUTEDGE_TYPE,DUIDXJ,(from FROM=MESHES(NM)%CUT_EDGE(CEI1)%DUIDXJ)
geom.f90,18412,COMPLEX_GEOMETRY_GRID::CUT_EDGE_ARRAY_REALLOC,MOVE_ALLOC,CUT_EDGE_AUX(CEI1)%MU_DUIDXJ,CC_CUTEDGE_TYPE,MU_DUIDXJ,(from FROM=MESHES(NM)%CUT_EDGE(CEI1)%MU_DUIDXJ)
geom.f90,18414,COMPLEX_GEOMETRY_GRID::CUT_EDGE_ARRAY_REALLOC,MOVE_ALLOC,MESHES(NM)%CUT_EDGE,MESH_TYPE,CUT_EDGE,(from FROM=CUT_EDGE_AUX)
geom.f90,18433,COMPLEX_GEOMETRY_GRID::NEW_EDGE_ALLOC,ALLOCATE,"MESHES(NM)%CUT_EDGE(CEI)%XYZVERT(IAXIS:KAXIS,1:NVERTALLOC)",CC_CUTEDGE_TYPE,XYZVERT,"IAXIS:KAXIS,1:NVERTALLOC"
geom.f90,18434,COMPLEX_GEOMETRY_GRID::NEW_EDGE_ALLOC,ALLOCATE,MESHES(NM)%CUT_EDGE(CEI)%NOD_PERM(1:NVERTALLOC),CC_CUTEDGE_TYPE,NOD_PERM,1:NVERTALLOC
geom.f90,18435,COMPLEX_GEOMETRY_GRID::NEW_EDGE_ALLOC,ALLOCATE,"MESHES(NM)%CUT_EDGE(CEI)%CEELEM(NOD1:NOD2,1:NEDGEALLOC)",CC_CUTEDGE_TYPE,CEELEM,"NOD1:NOD2,1:NEDGEALLOC"
geom.f90,18436,COMPLEX_GEOMETRY_GRID::NEW_EDGE_ALLOC,ALLOCATE,"MESHES(NM)%CUT_EDGE(CEI)%INDSEG(CC_MAX_WSTRIANG_SEG+3,1:NEDGEALLOC)",CC_CUTEDGE_TYPE,INDSEG,"CC_MAX_WSTRIANG_SEG+3,1:NEDGEALLOC"
geom.f90,18437,COMPLEX_GEOMETRY_GRID::NEW_EDGE_ALLOC,ALLOCATE,"MESHES(NM)%CUT_EDGE(CEI)%VERT_LIST(CC_MAX_WSTRIANG_SEG+2,1:NVERTALLOC)",CC_CUTEDGE_TYPE,VERT_LIST,"CC_MAX_WSTRIANG_SEG+2,1:NVERTALLOC"
geom.f90,18464,COMPLEX_GEOMETRY_GRID::REALLOCATE_EDGE_VERT,ALLOCATE,"XYZVERTAUX(IAXIS:KAXIS,1:NVERT_SIZE+CC_ALLOC_DVERT)",(variable:local),XYZVERTAUX,"IAXIS:KAXIS,1:NVERT_SIZE+CC_ALLOC_DVERT"
geom.f90,18466,COMPLEX_GEOMETRY_GRID::REALLOCATE_EDGE_VERT,MOVE_ALLOC,MESHES(NM)%CUT_EDGE(CEI)%XYZVERT,CC_CUTEDGE_TYPE,XYZVERT,(from FROM=XYZVERTAUX)
geom.f90,18468,COMPLEX_GEOMETRY_GRID::REALLOCATE_EDGE_VERT,ALLOCATE,NOD_PERMAUX(1:NVERT_SIZE+CC_ALLOC_DVERT),(variable:local),NOD_PERMAUX,1:NVERT_SIZE+CC_ALLOC_DVERT
geom.f90,18470,COMPLEX_GEOMETRY_GRID::REALLOCATE_EDGE_VERT,MOVE_ALLOC,MESHES(NM)%CUT_EDGE(CEI)%NOD_PERM,CC_CUTEDGE_TYPE,NOD_PERM,(from FROM=NOD_PERMAUX)
geom.f90,18472,COMPLEX_GEOMETRY_GRID::REALLOCATE_EDGE_VERT,ALLOCATE,"VERT_LISTAUX(1:4,1:NVERT_SIZE+CC_ALLOC_DVERT)",(variable:local),VERT_LISTAUX,"1:4,1:NVERT_SIZE+CC_ALLOC_DVERT"
geom.f90,18474,COMPLEX_GEOMETRY_GRID::REALLOCATE_EDGE_VERT,MOVE_ALLOC,MESHES(NM)%CUT_EDGE(CEI)%VERT_LIST,CC_CUTEDGE_TYPE,VERT_LIST,(from FROM=VERT_LISTAUX)
geom.f90,18499,COMPLEX_GEOMETRY_GRID::REALLOCATE_EDGE_ELEM,ALLOCATE,"CEELEMAUX(NOD1:NOD2,1:NEDGE_SIZE+CC_ALLOC_ELEM)",(variable:local),CEELEMAUX,"NOD1:NOD2,1:NEDGE_SIZE+CC_ALLOC_ELEM"
geom.f90,18499,COMPLEX_GEOMETRY_GRID::REALLOCATE_EDGE_ELEM,ALLOCATE,"INDSEGAUX(CC_MAX_WSTRIANG_SEG+3,1:NEDGE_SIZE+CC_ALLOC_ELEM)",(variable:local),INDSEGAUX,"CC_MAX_WSTRIANG_SEG+3,1:NEDGE_SIZE+CC_ALLOC_ELEM"
geom.f90,18505,COMPLEX_GEOMETRY_GRID::REALLOCATE_EDGE_ELEM,MOVE_ALLOC,MESHES(NM)%CUT_EDGE(CEI)%CEELEM,CC_CUTEDGE_TYPE,CEELEM,(from FROM=CEELEMAUX)
geom.f90,18506,COMPLEX_GEOMETRY_GRID::REALLOCATE_EDGE_ELEM,MOVE_ALLOC,MESHES(NM)%CUT_EDGE(CEI)%INDSEG,CC_CUTEDGE_TYPE,INDSEG,(from FROM=INDSEGAUX)
geom.f90,18510,COMPLEX_GEOMETRY_GRID::REALLOCATE_EDGE_ELEM,ALLOCATE,"FACE_LIST_AUX(1:3,-2:2,1:NEDGE_SIZE+CC_ALLOC_ELEM)",(variable:local),FACE_LIST_AUX,"1:3,-2:2,1:NEDGE_SIZE+CC_ALLOC_ELEM"
geom.f90,18512,COMPLEX_GEOMETRY_GRID::REALLOCATE_EDGE_ELEM,MOVE_ALLOC,MESHES(NM)%CUT_EDGE(CEI)%FACE_LIST,CC_CUTEDGE_TYPE,FACE_LIST,(from FROM=FACE_LIST_AUX)
geom.f90,18514,COMPLEX_GEOMETRY_GRID::REALLOCATE_EDGE_ELEM,ALLOCATE,"DXX_AUX(1:2,1:NEDGE_SIZE+CC_ALLOC_ELEM)",(variable:local),DXX_AUX,"1:2,1:NEDGE_SIZE+CC_ALLOC_ELEM"
geom.f90,18516,COMPLEX_GEOMETRY_GRID::REALLOCATE_EDGE_ELEM,MOVE_ALLOC,MESHES(NM)%CUT_EDGE(CEI)%DXX,CC_CUTEDGE_TYPE,DXX,(from FROM=DXX_AUX)
geom.f90,18518,COMPLEX_GEOMETRY_GRID::REALLOCATE_EDGE_ELEM,ALLOCATE,"DUIDXJ_AUX(-2:2,1:NEDGE_SIZE+CC_ALLOC_ELEM)",(variable:local),DUIDXJ_AUX,"-2:2,1:NEDGE_SIZE+CC_ALLOC_ELEM"
geom.f90,18519,COMPLEX_GEOMETRY_GRID::REALLOCATE_EDGE_ELEM,ALLOCATE,"MU_DUIDXJ_AUX(-2:2,1:NEDGE_SIZE+CC_ALLOC_ELEM)",(variable:local),MU_DUIDXJ_AUX,"-2:2,1:NEDGE_SIZE+CC_ALLOC_ELEM"
geom.f90,18521,COMPLEX_GEOMETRY_GRID::REALLOCATE_EDGE_ELEM,MOVE_ALLOC,MESHES(NM)%CUT_EDGE(CEI)%DUIDXJ,CC_CUTEDGE_TYPE,DUIDXJ,(from FROM=DUIDXJ_AUX)
geom.f90,18522,COMPLEX_GEOMETRY_GRID::REALLOCATE_EDGE_ELEM,MOVE_ALLOC,MESHES(NM)%CUT_EDGE(CEI)%MU_DUIDXJ,CC_CUTEDGE_TYPE,MU_DUIDXJ,(from FROM=MU_DUIDXJ_AUX)
geom.f90,18647,COMPLEX_GEOMETRY_GRID::GET_BODX2_INTERSECTIONS,ALLOCATE,"SVAR_AUX(NBCROSS_SVAR+CC_DELTA_NBCROSS,BODINT_PLANE%NSEGS)",(variable:local),SVAR_AUX,"NBCROSS_SVAR+CC_DELTA_NBCROSS,BODINT_PLANE%NSEGS"
geom.f90,18649,COMPLEX_GEOMETRY_GRID::GET_BODX2_INTERSECTIONS,MOVE_ALLOC,BODINT_PLANE%SVAR,BODINT_PLANE_TYPE,SVAR,(from FROM=SVAR_AUX)
geom.f90,18784,COMPLEX_GEOMETRY_GRID::GET_BODX3_INTERSECTIONS,ALLOCATE,"SVAR_AUX(NBCROSS_SVAR+CC_DELTA_NBCROSS,BODINT_PLANE%NSEGS)",(variable:local),SVAR_AUX,"NBCROSS_SVAR+CC_DELTA_NBCROSS,BODINT_PLANE%NSEGS"
geom.f90,18786,COMPLEX_GEOMETRY_GRID::GET_BODX3_INTERSECTIONS,MOVE_ALLOC,BODINT_PLANE%SVAR,BODINT_PLANE_TYPE,SVAR,(from FROM=SVAR_AUX)
geom.f90,19930,COMPLEX_GEOMETRY_GRID::GET_CARTFACE_CUTFACES,ALLOCATE,"NODEDG_FACE(1:SIZE_EDGES_NODEDG,1:SIZE_VERTS_NODEDG)",(variable:local),NODEDG_FACE,"1:SIZE_EDGES_NODEDG,1:SIZE_VERTS_NODEDG"
geom.f90,19933,COMPLEX_GEOMETRY_GRID::GET_CARTFACE_CUTFACES,ALLOCATE,"CFELEM(1:SIZE_VERTS_CFELEM,1:SIZE_CFACES_CFELEM)",(variable:local),CFELEM,"1:SIZE_VERTS_CFELEM,1:SIZE_CFACES_CFELEM"
geom.f90,19934,COMPLEX_GEOMETRY_GRID::GET_CARTFACE_CUTFACES,ALLOCATE,"CEDGES(1:SIZE_VERTS_CFELEM,1:SIZE_CFACES_CFELEM)",(variable:local),CEDGES,"1:SIZE_VERTS_CFELEM,1:SIZE_CFACES_CFELEM"
geom.f90,19935,COMPLEX_GEOMETRY_GRID::GET_CARTFACE_CUTFACES,ALLOCATE,CFE(1:SIZE_VERTS_CFELEM),(variable:local),CFE,1:SIZE_VERTS_CFELEM
geom.f90,19935,COMPLEX_GEOMETRY_GRID::GET_CARTFACE_CUTFACES,ALLOCATE,CFEL(1:SIZE_VERTS_CFELEM),(variable:local),CFEL,1:SIZE_VERTS_CFELEM
geom.f90,19949,COMPLEX_GEOMETRY_GRID::GET_CARTFACE_CUTFACES,ALLOCATE,"IJK_COUNTED(ISTR:IEND,JSTR:JEND,KSTR:KEND,IAXIS:KAXIS)",(variable:local),IJK_COUNTED,"ISTR:IEND,JSTR:JEND,KSTR:KEND,IAXIS:KAXIS"
geom.f90,20000,COMPLEX_GEOMETRY_GRID::GET_CARTFACE_CUTFACES,ALLOCATE,X1FACE(ISTR:IEND),(variable:host:COMPLEX_GEOMETRY_GRID),X1FACE,ISTR:IEND
geom.f90,20001,COMPLEX_GEOMETRY_GRID::GET_CARTFACE_CUTFACES,ALLOCATE,X2FACE(JSTR:JEND),(variable:host:COMPLEX_GEOMETRY_GRID),X2FACE,JSTR:JEND
geom.f90,20002,COMPLEX_GEOMETRY_GRID::GET_CARTFACE_CUTFACES,ALLOCATE,X3FACE(KSTR:KEND),(variable:host:COMPLEX_GEOMETRY_GRID),X3FACE,KSTR:KEND
geom.f90,20034,COMPLEX_GEOMETRY_GRID::GET_CARTFACE_CUTFACES,ALLOCATE,X1FACE(JSTR:JEND),(variable:host:COMPLEX_GEOMETRY_GRID),X1FACE,JSTR:JEND
geom.f90,20035,COMPLEX_GEOMETRY_GRID::GET_CARTFACE_CUTFACES,ALLOCATE,X2FACE(KSTR:KEND),(variable:host:COMPLEX_GEOMETRY_GRID),X2FACE,KSTR:KEND
geom.f90,20036,COMPLEX_GEOMETRY_GRID::GET_CARTFACE_CUTFACES,ALLOCATE,X3FACE(ISTR:IEND),(variable:host:COMPLEX_GEOMETRY_GRID),X3FACE,ISTR:IEND
geom.f90,20068,COMPLEX_GEOMETRY_GRID::GET_CARTFACE_CUTFACES,ALLOCATE,X1FACE(KSTR:KEND),(variable:host:COMPLEX_GEOMETRY_GRID),X1FACE,KSTR:KEND
geom.f90,20069,COMPLEX_GEOMETRY_GRID::GET_CARTFACE_CUTFACES,ALLOCATE,X2FACE(ISTR:IEND),(variable:host:COMPLEX_GEOMETRY_GRID),X2FACE,ISTR:IEND
geom.f90,20070,COMPLEX_GEOMETRY_GRID::GET_CARTFACE_CUTFACES,ALLOCATE,X3FACE(JSTR:JEND),(variable:host:COMPLEX_GEOMETRY_GRID),X3FACE,JSTR:JEND
geom.f90,20595,COMPLEX_GEOMETRY_GRID::GET_CARTFACE_CUTFACES,ALLOCATE,"CFELEM2(SIZE(CFELEM,DIM=1),SIZE(CFELEM,DIM=2))",(variable:local),CFELEM2,"SIZE(CFELEM,DIM=1),SIZE(CFELEM,DIM=2)"
geom.f90,20596,COMPLEX_GEOMETRY_GRID::GET_CARTFACE_CUTFACES,ALLOCATE,"CEDGES2(SIZE(CFELEM,DIM=1),SIZE(CFELEM,DIM=2))",(variable:local),CEDGES2,"SIZE(CFELEM,DIM=1),SIZE(CFELEM,DIM=2)"
geom.f90,20605,COMPLEX_GEOMETRY_GRID::GET_CARTFACE_CUTFACES,MOVE_ALLOC,CFELEM,(variable:local),CFELEM,(from FROM=CFELEM2)
geom.f90,20606,COMPLEX_GEOMETRY_GRID::GET_CARTFACE_CUTFACES,MOVE_ALLOC,CEDGES,(variable:local),CEDGES,(from FROM=CEDGES2)
geom.f90,20610,COMPLEX_GEOMETRY_GRID::GET_CARTFACE_CUTFACES,ALLOCATE,DROPFACE(1:NFACE),(variable:local),DROPFACE,1:NFACE
geom.f90,20687,COMPLEX_GEOMETRY_GRID::GET_CARTFACE_CUTFACES,ALLOCATE,"CFELEM2(SIZE(CFELEM,DIM=1),SIZE(CFELEM,DIM=2))",(variable:local),CFELEM2,"SIZE(CFELEM,DIM=1),SIZE(CFELEM,DIM=2)"
geom.f90,20688,COMPLEX_GEOMETRY_GRID::GET_CARTFACE_CUTFACES,ALLOCATE,"CEDGES2(SIZE(CFELEM,DIM=1),SIZE(CFELEM,DIM=2))",(variable:local),CEDGES2,"SIZE(CFELEM,DIM=1),SIZE(CFELEM,DIM=2)"
geom.f90,20697,COMPLEX_GEOMETRY_GRID::GET_CARTFACE_CUTFACES,MOVE_ALLOC,CFELEM,(variable:local),CFELEM,(from FROM=CFELEM2)
geom.f90,20698,COMPLEX_GEOMETRY_GRID::GET_CARTFACE_CUTFACES,MOVE_ALLOC,CEDGES,(variable:local),CEDGES,(from FROM=CEDGES2)
geom.f90,20849,COMPLEX_GEOMETRY_GRID::GET_CARTFACE_CUTFACES,ALLOCATE,"CF%EDGE_LIST(3,0:NSEG)",CC_CUTFACE_TYPE,EDGE_LIST,"3,0:NSEG"
geom.f90,20852,COMPLEX_GEOMETRY_GRID::GET_CARTFACE_CUTFACES,ALLOCATE,"CF%CEDGES(SIZE(CEDGES,DIM=1),SIZE(CEDGES,DIM=2))",CC_CUTFACE_TYPE,CEDGES,"SIZE(CEDGES,DIM=1),SIZE(CEDGES,DIM=2)"
geom.f90,21396,COMPLEX_GEOMETRY_GRID::GET_CARTFACE_CUTFACES,ALLOCATE,DROPFACE(1:NSFACE),(variable:local),DROPFACE,1:NSFACE
geom.f90,21447,COMPLEX_GEOMETRY_GRID::GET_CARTFACE_CUTFACES,ALLOCATE,"CFELEM2(SIZE(CFELEM,DIM=1),SIZE(CFELEM,DIM=2))",(variable:local),CFELEM2,"SIZE(CFELEM,DIM=1),SIZE(CFELEM,DIM=2)"
geom.f90,21760,COMPLEX_GEOMETRY_GRID::GET_CARTFACE_CUTFACES::REALLOCATE_NODEDG_FACE,ALLOCATE,"NODEDG_FACE(1:SIZE_EDGES_NODEDG,1:SIZE_VERTS_NODEDG)",(variable:host:GET_CARTFACE_CUTFACES),NODEDG_FACE,"1:SIZE_EDGES_NODEDG,1:SIZE_VERTS_NODEDG"
geom.f90,21776,COMPLEX_GEOMETRY_GRID::GET_CARTFACE_CUTFACES::REALLOCATE_LOCAL_CFELEM,ALLOCATE,"CFELEM(1:SIZE_VERTS_CFELEM,1:SIZE_CFACES_CFELEM)",(variable:host:GET_CARTFACE_CUTFACES),CFELEM,"1:SIZE_VERTS_CFELEM,1:SIZE_CFACES_CFELEM"
geom.f90,21777,COMPLEX_GEOMETRY_GRID::GET_CARTFACE_CUTFACES::REALLOCATE_LOCAL_CFELEM,ALLOCATE,CFE(1:SIZE_VERTS_CFELEM),(variable:host:GET_CARTFACE_CUTFACES),CFE,1:SIZE_VERTS_CFELEM
geom.f90,21777,COMPLEX_GEOMETRY_GRID::GET_CARTFACE_CUTFACES::REALLOCATE_LOCAL_CFELEM,ALLOCATE,CFEL(1:SIZE_VERTS_CFELEM),(variable:host:GET_CARTFACE_CUTFACES),CFEL,1:SIZE_VERTS_CFELEM
geom.f90,21778,COMPLEX_GEOMETRY_GRID::GET_CARTFACE_CUTFACES::REALLOCATE_LOCAL_CFELEM,ALLOCATE,"CEDGES(1:SIZE_VERTS_CFELEM,1:SIZE_CFACES_CFELEM)",(variable:host:GET_CARTFACE_CUTFACES),CEDGES,"1:SIZE_VERTS_CFELEM,1:SIZE_CFACES_CFELEM"
geom.f90,21792,COMPLEX_GEOMETRY_GRID::GET_CARTFACE_CUTFACES::REALLOCATE_LOCAL_VERT_CFELEM,ALLOCATE,"CFELEM_AUX(1:SIZE_VERTS_CFELEM+DFCTV*DELTA_VERT,1:SIZE_CFACES_CFELEM)",(variable:local),CFELEM_AUX,"1:SIZE_VERTS_CFELEM+DFCTV*DELTA_VERT,1:SIZE_CFACES_CFELEM"
geom.f90,21795,COMPLEX_GEOMETRY_GRID::GET_CARTFACE_CUTFACES::REALLOCATE_LOCAL_VERT_CFELEM,ALLOCATE,"CEDGES_AUX(1:SIZE_VERTS_CFELEM+DFCTV*DELTA_VERT,1:SIZE_CFACES_CFELEM)",(variable:local),CEDGES_AUX,"1:SIZE_VERTS_CFELEM+DFCTV*DELTA_VERT,1:SIZE_CFACES_CFELEM"
geom.f90,21799,COMPLEX_GEOMETRY_GRID::GET_CARTFACE_CUTFACES::REALLOCATE_LOCAL_VERT_CFELEM,MOVE_ALLOC,CFELEM,(variable:host:GET_CARTFACE_CUTFACES),CFELEM,(from FROM=CFELEM_AUX)
geom.f90,21800,COMPLEX_GEOMETRY_GRID::GET_CARTFACE_CUTFACES::REALLOCATE_LOCAL_VERT_CFELEM,MOVE_ALLOC,CEDGES,(variable:host:GET_CARTFACE_CUTFACES),CEDGES,(from FROM=CEDGES_AUX)
geom.f90,21802,COMPLEX_GEOMETRY_GRID::GET_CARTFACE_CUTFACES::REALLOCATE_LOCAL_VERT_CFELEM,ALLOCATE,CFE(1:SIZE_VERTS_CFELEM),(variable:host:GET_CARTFACE_CUTFACES),CFE,1:SIZE_VERTS_CFELEM
geom.f90,21802,COMPLEX_GEOMETRY_GRID::GET_CARTFACE_CUTFACES::REALLOCATE_LOCAL_VERT_CFELEM,ALLOCATE,CFEL(1:SIZE_VERTS_CFELEM),(variable:host:GET_CARTFACE_CUTFACES),CFEL,1:SIZE_VERTS_CFELEM
geom.f90,21858,COMPLEX_GEOMETRY_GRID::DEFINE_REGULAR_CUTFACES,ALLOCATE,"IJK_COUNTED(ISTR:IEND,JSTR:JEND,KSTR:KEND,IAXIS:KAXIS)",(variable:local),IJK_COUNTED,"ISTR:IEND,JSTR:JEND,KSTR:KEND,IAXIS:KAXIS"
geom.f90,22185,COMPLEX_GEOMETRY_GRID::FACE_REALLOC,ALLOCATE,"XYZVERT(IAXIS:KAXIS,1:NVERT+NSVERT)",(variable:local),XYZVERT,"IAXIS:KAXIS,1:NVERT+NSVERT"
geom.f90,22187,COMPLEX_GEOMETRY_GRID::FACE_REALLOC,MOVE_ALLOC,MESHES(NM)%CUT_FACE(ICF)%XYZVERT,CC_CUTFACE_TYPE,XYZVERT,(from FROM=XYZVERT)
geom.f90,22192,COMPLEX_GEOMETRY_GRID::FACE_REALLOC,ALLOCATE,"CFELEM(1:NVERTFACE_NEW,1:NFACE+NSFACE)",(variable:local),CFELEM,"1:NVERTFACE_NEW,1:NFACE+NSFACE"
geom.f90,22194,COMPLEX_GEOMETRY_GRID::FACE_REALLOC,MOVE_ALLOC,MESHES(NM)%CUT_FACE(ICF)%CFELEM,CC_CUTFACE_TYPE,CFELEM,(from FROM=CFELEM)
geom.f90,22196,COMPLEX_GEOMETRY_GRID::FACE_REALLOC,ALLOCATE,AREA(1:NFACE+NSFACE),(variable:local),AREA,1:NFACE+NSFACE
geom.f90,22196,COMPLEX_GEOMETRY_GRID::FACE_REALLOC,ALLOCATE,"XYZCEN(IAXIS:KAXIS,1:NFACE+NSFACE)",(variable:local),XYZCEN,"IAXIS:KAXIS,1:NFACE+NSFACE"
geom.f90,22199,COMPLEX_GEOMETRY_GRID::FACE_REALLOC,MOVE_ALLOC,MESHES(NM)%CUT_FACE(ICF)%AREA,CC_CUTFACE_TYPE,AREA,(from FROM=AREA)
geom.f90,22200,COMPLEX_GEOMETRY_GRID::FACE_REALLOC,MOVE_ALLOC,MESHES(NM)%CUT_FACE(ICF)%XYZCEN,CC_CUTFACE_TYPE,XYZCEN,(from FROM=XYZCEN)
geom.f90,22205,COMPLEX_GEOMETRY_GRID::FACE_REALLOC,ALLOCATE,SHARED(1:NFACE+NSFACE),(variable:local),SHARED,1:NFACE+NSFACE
geom.f90,22207,COMPLEX_GEOMETRY_GRID::FACE_REALLOC,MOVE_ALLOC,MESHES(NM)%CUT_FACE(ICF)%SHARED,CC_CUTFACE_TYPE,SHARED,(from FROM=SHARED)
geom.f90,22209,COMPLEX_GEOMETRY_GRID::FACE_REALLOC,ALLOCATE,SHARED(1:NFACE+NSFACE),(variable:local),SHARED,1:NFACE+NSFACE
geom.f90,22211,COMPLEX_GEOMETRY_GRID::FACE_REALLOC,MOVE_ALLOC,MESHES(NM)%CUT_FACE(ICF)%BLK_TAG,CC_CUTFACE_TYPE,BLK_TAG,(from FROM=SHARED)
geom.f90,22213,COMPLEX_GEOMETRY_GRID::FACE_REALLOC,ALLOCATE,"INT2D(1:2,1:NFACE+NSFACE)",(variable:local),INT2D,"1:2,1:NFACE+NSFACE"
geom.f90,22215,COMPLEX_GEOMETRY_GRID::FACE_REALLOC,MOVE_ALLOC,MESHES(NM)%CUT_FACE(ICF)%BODTRI,CC_CUTFACE_TYPE,BODTRI,(from FROM=INT2D)
geom.f90,22217,COMPLEX_GEOMETRY_GRID::FACE_REALLOC,ALLOCATE,"INT2D(LOW_IND:HIGH_IND,1:NFACE+NSFACE)",(variable:local),INT2D,"LOW_IND:HIGH_IND,1:NFACE+NSFACE"
geom.f90,22219,COMPLEX_GEOMETRY_GRID::FACE_REALLOC,MOVE_ALLOC,MESHES(NM)%CUT_FACE(ICF)%UNKZ,CC_CUTFACE_TYPE,UNKZ,(from FROM=INT2D)
geom.f90,22221,COMPLEX_GEOMETRY_GRID::FACE_REALLOC,ALLOCATE,"REAL2D(IAXIS:KAXIS,1:NFACE+NSFACE)",(variable:local),REAL2D,"IAXIS:KAXIS,1:NFACE+NSFACE"
geom.f90,22223,COMPLEX_GEOMETRY_GRID::FACE_REALLOC,MOVE_ALLOC,MESHES(NM)%CUT_FACE(ICF)%XCENLOW,CC_CUTFACE_TYPE,XCENLOW,(from FROM=REAL2D)
geom.f90,22224,COMPLEX_GEOMETRY_GRID::FACE_REALLOC,ALLOCATE,"REAL2D(IAXIS:KAXIS,1:NFACE+NSFACE)",(variable:local),REAL2D,"IAXIS:KAXIS,1:NFACE+NSFACE"
geom.f90,22226,COMPLEX_GEOMETRY_GRID::FACE_REALLOC,MOVE_ALLOC,MESHES(NM)%CUT_FACE(ICF)%XCENHIGH,CC_CUTFACE_TYPE,XCENHIGH,(from FROM=REAL2D)
geom.f90,22228,COMPLEX_GEOMETRY_GRID::FACE_REALLOC,ALLOCATE,"INT3D(MAX_DIM+1,LOW_IND:HIGH_IND,1:NFACE+NSFACE)",(variable:local),INT3D,"MAX_DIM+1,LOW_IND:HIGH_IND,1:NFACE+NSFACE"
geom.f90,22231,COMPLEX_GEOMETRY_GRID::FACE_REALLOC,MOVE_ALLOC,MESHES(NM)%CUT_FACE(ICF)%CELL_LIST,CC_CUTFACE_TYPE,CELL_LIST,(from FROM=INT3D)
geom.f90,22233,COMPLEX_GEOMETRY_GRID::FACE_REALLOC,ALLOCATE,INT1D(1:NFACE+NSFACE),(variable:local),INT1D,1:NFACE+NSFACE
geom.f90,22235,COMPLEX_GEOMETRY_GRID::FACE_REALLOC,MOVE_ALLOC,MESHES(NM)%CUT_FACE(ICF)%SURF_INDEX,CC_CUTFACE_TYPE,SURF_INDEX,(from FROM=INT1D)
geom.f90,22237,COMPLEX_GEOMETRY_GRID::FACE_REALLOC,ALLOCATE,REAL1D(1:NFACE+NSFACE),(variable:local),REAL1D,1:NFACE+NSFACE
geom.f90,22238,COMPLEX_GEOMETRY_GRID::FACE_REALLOC,MOVE_ALLOC,MESHES(NM)%CUT_FACE(ICF)%AREA_ADJUST,CC_CUTFACE_TYPE,AREA_ADJUST,(from FROM=REAL1D)
geom.f90,22240,COMPLEX_GEOMETRY_GRID::FACE_REALLOC,ALLOCATE,INT1D(1:NFACE+NSFACE),(variable:local),INT1D,1:NFACE+NSFACE
geom.f90,22242,COMPLEX_GEOMETRY_GRID::FACE_REALLOC,MOVE_ALLOC,MESHES(NM)%CUT_FACE(ICF)%CFACE_ORIGIN,CC_CUTFACE_TYPE,CFACE_ORIGIN,(from FROM=INT1D)
geom.f90,22265,COMPLEX_GEOMETRY_GRID::CUT_FACE_ARRAY_REALLOC,ALLOCATE,CUT_FACE_AUX(SIZE_CUT_FACE+GLOBAL_DELTA_FACE),(variable:host:COMPLEX_GEOMETRY_GRID),CUT_FACE_AUX,SIZE_CUT_FACE+GLOBAL_DELTA_FACE
geom.f90,22270,COMPLEX_GEOMETRY_GRID::CUT_FACE_ARRAY_REALLOC,MOVE_ALLOC,MESHES(NM)%CUT_FACE,MESH_TYPE,CUT_FACE,(from FROM=CUT_FACE_AUX)
geom.f90,22292,COMPLEX_GEOMETRY_GRID::CUT_FACE_MOVE,MOVE_ALLOC,CUT_FACE_TO%XYZVERT,CC_CUTFACE_TYPE,XYZVERT,(from FROM=CUT_FACE_FROM%XYZVERT)
geom.f90,22293,COMPLEX_GEOMETRY_GRID::CUT_FACE_MOVE,MOVE_ALLOC,CUT_FACE_TO%CFELEM,CC_CUTFACE_TYPE,CFELEM,(from FROM=CUT_FACE_FROM%CFELEM)
geom.f90,22294,COMPLEX_GEOMETRY_GRID::CUT_FACE_MOVE,MOVE_ALLOC,CUT_FACE_TO%CEDGES,CC_CUTFACE_TYPE,CEDGES,(from FROM=CUT_FACE_FROM%CEDGES)
geom.f90,22295,COMPLEX_GEOMETRY_GRID::CUT_FACE_MOVE,MOVE_ALLOC,CUT_FACE_TO%AREA,CC_CUTFACE_TYPE,AREA,(from FROM=CUT_FACE_FROM%AREA)
geom.f90,22296,COMPLEX_GEOMETRY_GRID::CUT_FACE_MOVE,MOVE_ALLOC,CUT_FACE_TO%AREA_ADJUST,CC_CUTFACE_TYPE,AREA_ADJUST,(from FROM=CUT_FACE_FROM%AREA_ADJUST)
geom.f90,22297,COMPLEX_GEOMETRY_GRID::CUT_FACE_MOVE,MOVE_ALLOC,CUT_FACE_TO%XYZCEN,CC_CUTFACE_TYPE,XYZCEN,(from FROM=CUT_FACE_FROM%XYZCEN)
geom.f90,22298,COMPLEX_GEOMETRY_GRID::CUT_FACE_MOVE,MOVE_ALLOC,CUT_FACE_TO%SHARED,CC_CUTFACE_TYPE,SHARED,(from FROM=CUT_FACE_FROM%SHARED)
geom.f90,22299,COMPLEX_GEOMETRY_GRID::CUT_FACE_MOVE,MOVE_ALLOC,CUT_FACE_TO%BLK_TAG,CC_CUTFACE_TYPE,BLK_TAG,(from FROM=CUT_FACE_FROM%BLK_TAG)
geom.f90,22300,COMPLEX_GEOMETRY_GRID::CUT_FACE_MOVE,MOVE_ALLOC,CUT_FACE_TO%CFACE_ORIGIN,CC_CUTFACE_TYPE,CFACE_ORIGIN,(from FROM=CUT_FACE_FROM%CFACE_ORIGIN)
geom.f90,22301,COMPLEX_GEOMETRY_GRID::CUT_FACE_MOVE,MOVE_ALLOC,CUT_FACE_TO%LINK_LEV,CC_CUTFACE_TYPE,LINK_LEV,(from FROM=CUT_FACE_FROM%LINK_LEV)
geom.f90,22302,COMPLEX_GEOMETRY_GRID::CUT_FACE_MOVE,MOVE_ALLOC,CUT_FACE_TO%INXAREA,CC_CUTFACE_TYPE,INXAREA,(from FROM=CUT_FACE_FROM%INXAREA)
geom.f90,22303,COMPLEX_GEOMETRY_GRID::CUT_FACE_MOVE,MOVE_ALLOC,CUT_FACE_TO%INXSQAREA,CC_CUTFACE_TYPE,INXSQAREA,(from FROM=CUT_FACE_FROM%INXSQAREA)
geom.f90,22304,COMPLEX_GEOMETRY_GRID::CUT_FACE_MOVE,MOVE_ALLOC,CUT_FACE_TO%JNYSQAREA,CC_CUTFACE_TYPE,JNYSQAREA,(from FROM=CUT_FACE_FROM%JNYSQAREA)
geom.f90,22305,COMPLEX_GEOMETRY_GRID::CUT_FACE_MOVE,MOVE_ALLOC,CUT_FACE_TO%KNZSQAREA,CC_CUTFACE_TYPE,KNZSQAREA,(from FROM=CUT_FACE_FROM%KNZSQAREA)
geom.f90,22306,COMPLEX_GEOMETRY_GRID::CUT_FACE_MOVE,MOVE_ALLOC,CUT_FACE_TO%BODTRI,CC_CUTFACE_TYPE,BODTRI,(from FROM=CUT_FACE_FROM%BODTRI)
geom.f90,22307,COMPLEX_GEOMETRY_GRID::CUT_FACE_MOVE,MOVE_ALLOC,CUT_FACE_TO%UNKH,CC_CUTFACE_TYPE,UNKH,(from FROM=CUT_FACE_FROM%UNKH)
geom.f90,22308,COMPLEX_GEOMETRY_GRID::CUT_FACE_MOVE,MOVE_ALLOC,CUT_FACE_TO%UNKZ,CC_CUTFACE_TYPE,UNKZ,(from FROM=CUT_FACE_FROM%UNKZ)
geom.f90,22309,COMPLEX_GEOMETRY_GRID::CUT_FACE_MOVE,MOVE_ALLOC,CUT_FACE_TO%XCENLOW,CC_CUTFACE_TYPE,XCENLOW,(from FROM=CUT_FACE_FROM%XCENLOW)
geom.f90,22310,COMPLEX_GEOMETRY_GRID::CUT_FACE_MOVE,MOVE_ALLOC,CUT_FACE_TO%XCENHIGH,CC_CUTFACE_TYPE,XCENHIGH,(from FROM=CUT_FACE_FROM%XCENHIGH)
geom.f90,22311,COMPLEX_GEOMETRY_GRID::CUT_FACE_MOVE,MOVE_ALLOC,CUT_FACE_TO%ZZ_FACE,CC_CUTFACE_TYPE,ZZ_FACE,(from FROM=CUT_FACE_FROM%ZZ_FACE)
geom.f90,22312,COMPLEX_GEOMETRY_GRID::CUT_FACE_MOVE,MOVE_ALLOC,CUT_FACE_TO%TMP_FACE,CC_CUTFACE_TYPE,TMP_FACE,(from FROM=CUT_FACE_FROM%TMP_FACE)
geom.f90,22313,COMPLEX_GEOMETRY_GRID::CUT_FACE_MOVE,MOVE_ALLOC,CUT_FACE_TO%RHO_D_DZDN,CC_CUTFACE_TYPE,RHO_D_DZDN,(from FROM=CUT_FACE_FROM%RHO_D_DZDN)
geom.f90,22314,COMPLEX_GEOMETRY_GRID::CUT_FACE_MOVE,MOVE_ALLOC,CUT_FACE_TO%H_RHO_D_DZDN,CC_CUTFACE_TYPE,H_RHO_D_DZDN,(from FROM=CUT_FACE_FROM%H_RHO_D_DZDN)
geom.f90,22315,COMPLEX_GEOMETRY_GRID::CUT_FACE_MOVE,MOVE_ALLOC,CUT_FACE_TO%VEL,CC_CUTFACE_TYPE,VEL,(from FROM=CUT_FACE_FROM%VEL)
geom.f90,22316,COMPLEX_GEOMETRY_GRID::CUT_FACE_MOVE,MOVE_ALLOC,CUT_FACE_TO%VELS,CC_CUTFACE_TYPE,VELS,(from FROM=CUT_FACE_FROM%VELS)
geom.f90,22317,COMPLEX_GEOMETRY_GRID::CUT_FACE_MOVE,MOVE_ALLOC,CUT_FACE_TO%FN,CC_CUTFACE_TYPE,FN,(from FROM=CUT_FACE_FROM%FN)
geom.f90,22318,COMPLEX_GEOMETRY_GRID::CUT_FACE_MOVE,MOVE_ALLOC,CUT_FACE_TO%FN_B,CC_CUTFACE_TYPE,FN_B,(from FROM=CUT_FACE_FROM%FN_B)
geom.f90,22319,COMPLEX_GEOMETRY_GRID::CUT_FACE_MOVE,MOVE_ALLOC,CUT_FACE_TO%VEL_SAVE,CC_CUTFACE_TYPE,VEL_SAVE,(from FROM=CUT_FACE_FROM%VEL_SAVE)
geom.f90,22320,COMPLEX_GEOMETRY_GRID::CUT_FACE_MOVE,MOVE_ALLOC,CUT_FACE_TO%VEL_LNK,CC_CUTFACE_TYPE,VEL_LNK,(from FROM=CUT_FACE_FROM%VEL_LNK)
geom.f90,22321,COMPLEX_GEOMETRY_GRID::CUT_FACE_MOVE,MOVE_ALLOC,CUT_FACE_TO%VEL_OMESH,CC_CUTFACE_TYPE,VEL_OMESH,(from FROM=CUT_FACE_FROM%VEL_OMESH)
geom.f90,22322,COMPLEX_GEOMETRY_GRID::CUT_FACE_MOVE,MOVE_ALLOC,CUT_FACE_TO%VELS_OMESH,CC_CUTFACE_TYPE,VELS_OMESH,(from FROM=CUT_FACE_FROM%VELS_OMESH)
geom.f90,22323,COMPLEX_GEOMETRY_GRID::CUT_FACE_MOVE,MOVE_ALLOC,CUT_FACE_TO%VEL_LNK_OMESH,CC_CUTFACE_TYPE,VEL_LNK_OMESH,(from FROM=CUT_FACE_FROM%VEL_LNK_OMESH)
geom.f90,22324,COMPLEX_GEOMETRY_GRID::CUT_FACE_MOVE,MOVE_ALLOC,CUT_FACE_TO%FN_OMESH,CC_CUTFACE_TYPE,FN_OMESH,(from FROM=CUT_FACE_FROM%FN_OMESH)
geom.f90,22325,COMPLEX_GEOMETRY_GRID::CUT_FACE_MOVE,MOVE_ALLOC,CUT_FACE_TO%JDH,CC_CUTFACE_TYPE,JDH,(from FROM=CUT_FACE_FROM%JDH)
geom.f90,22326,COMPLEX_GEOMETRY_GRID::CUT_FACE_MOVE,MOVE_ALLOC,CUT_FACE_TO%EDGE_LIST,CC_CUTFACE_TYPE,EDGE_LIST,(from FROM=CUT_FACE_FROM%EDGE_LIST)
geom.f90,22327,COMPLEX_GEOMETRY_GRID::CUT_FACE_MOVE,MOVE_ALLOC,CUT_FACE_TO%CELL_LIST,CC_CUTFACE_TYPE,CELL_LIST,(from FROM=CUT_FACE_FROM%CELL_LIST)
geom.f90,22329,COMPLEX_GEOMETRY_GRID::CUT_FACE_MOVE,MOVE_ALLOC,CUT_FACE_TO%INT_IJK,CC_CUTFACE_TYPE,INT_IJK,(from FROM=CUT_FACE_FROM%INT_IJK)
geom.f90,22330,COMPLEX_GEOMETRY_GRID::CUT_FACE_MOVE,MOVE_ALLOC,CUT_FACE_TO%INT_COEF,CC_CUTFACE_TYPE,INT_COEF,(from FROM=CUT_FACE_FROM%INT_COEF)
geom.f90,22331,COMPLEX_GEOMETRY_GRID::CUT_FACE_MOVE,MOVE_ALLOC,CUT_FACE_TO%INT_DCOEF,CC_CUTFACE_TYPE,INT_DCOEF,(from FROM=CUT_FACE_FROM%INT_DCOEF)
geom.f90,22332,COMPLEX_GEOMETRY_GRID::CUT_FACE_MOVE,MOVE_ALLOC,CUT_FACE_TO%INT_XYZBF,CC_CUTFACE_TYPE,INT_XYZBF,(from FROM=CUT_FACE_FROM%INT_XYZBF)
geom.f90,22333,COMPLEX_GEOMETRY_GRID::CUT_FACE_MOVE,MOVE_ALLOC,CUT_FACE_TO%INT_NOUT,CC_CUTFACE_TYPE,INT_NOUT,(from FROM=CUT_FACE_FROM%INT_NOUT)
geom.f90,22334,COMPLEX_GEOMETRY_GRID::CUT_FACE_MOVE,MOVE_ALLOC,CUT_FACE_TO%INT_INBFC,CC_CUTFACE_TYPE,INT_INBFC,(from FROM=CUT_FACE_FROM%INT_INBFC)
geom.f90,22335,COMPLEX_GEOMETRY_GRID::CUT_FACE_MOVE,MOVE_ALLOC,CUT_FACE_TO%INT_NPE,CC_CUTFACE_TYPE,INT_NPE,(from FROM=CUT_FACE_FROM%INT_NPE)
geom.f90,22336,COMPLEX_GEOMETRY_GRID::CUT_FACE_MOVE,MOVE_ALLOC,CUT_FACE_TO%INT_XN,CC_CUTFACE_TYPE,INT_XN,(from FROM=CUT_FACE_FROM%INT_XN)
geom.f90,22337,COMPLEX_GEOMETRY_GRID::CUT_FACE_MOVE,MOVE_ALLOC,CUT_FACE_TO%INT_CN,CC_CUTFACE_TYPE,INT_CN,(from FROM=CUT_FACE_FROM%INT_CN)
geom.f90,22338,COMPLEX_GEOMETRY_GRID::CUT_FACE_MOVE,MOVE_ALLOC,CUT_FACE_TO%INT_FVARS,CC_CUTFACE_TYPE,INT_FVARS,(from FROM=CUT_FACE_FROM%INT_FVARS)
geom.f90,22339,COMPLEX_GEOMETRY_GRID::CUT_FACE_MOVE,MOVE_ALLOC,CUT_FACE_TO%INT_NOMIND,CC_CUTFACE_TYPE,INT_NOMIND,(from FROM=CUT_FACE_FROM%INT_NOMIND)
geom.f90,22341,COMPLEX_GEOMETRY_GRID::CUT_FACE_MOVE,MOVE_ALLOC,CUT_FACE_TO%INT_CVARS,CC_CUTFACE_TYPE,INT_CVARS,(from FROM=CUT_FACE_FROM%INT_CVARS)
geom.f90,22342,COMPLEX_GEOMETRY_GRID::CUT_FACE_MOVE,MOVE_ALLOC,CUT_FACE_TO%UNKF,CC_CUTFACE_TYPE,UNKF,(from FROM=CUT_FACE_FROM%UNKF)
geom.f90,22343,COMPLEX_GEOMETRY_GRID::CUT_FACE_MOVE,MOVE_ALLOC,CUT_FACE_TO%CFACE_INDEX,CC_CUTFACE_TYPE,CFACE_INDEX,(from FROM=CUT_FACE_FROM%CFACE_INDEX)
geom.f90,22344,COMPLEX_GEOMETRY_GRID::CUT_FACE_MOVE,MOVE_ALLOC,CUT_FACE_TO%SURF_INDEX,CC_CUTFACE_TYPE,SURF_INDEX,(from FROM=CUT_FACE_FROM%SURF_INDEX)
geom.f90,22345,COMPLEX_GEOMETRY_GRID::CUT_FACE_MOVE,MOVE_ALLOC,CUT_FACE_TO%NOMICF,CC_CUTFACE_TYPE,NOMICF,(from FROM=CUT_FACE_FROM%NOMICF)
geom.f90,22400,COMPLEX_GEOMETRY_GRID::NEW_FACE_ALLOC,ALLOCATE,"MESHES(NM)%CUT_FACE(ICF)%XYZVERT(IAXIS:KAXIS,1:NVERT)",CC_CUTFACE_TYPE,XYZVERT,"IAXIS:KAXIS,1:NVERT"
geom.f90,22403,COMPLEX_GEOMETRY_GRID::NEW_FACE_ALLOC,ALLOCATE,"MESHES(NM)%CUT_FACE(ICF)%CFELEM(1:NVERTFACE,1:NFACE)",CC_CUTFACE_TYPE,CFELEM,"1:NVERTFACE,1:NFACE"
geom.f90,22404,COMPLEX_GEOMETRY_GRID::NEW_FACE_ALLOC,ALLOCATE,MESHES(NM)%CUT_FACE(ICF)%AREA(1:NFACE),CC_CUTFACE_TYPE,AREA,1:NFACE
geom.f90,22405,COMPLEX_GEOMETRY_GRID::NEW_FACE_ALLOC,ALLOCATE,"MESHES(NM)%CUT_FACE(ICF)%XYZCEN(IAXIS:KAXIS,1:NFACE)",CC_CUTFACE_TYPE,XYZCEN,"IAXIS:KAXIS,1:NFACE"
geom.f90,22406,COMPLEX_GEOMETRY_GRID::NEW_FACE_ALLOC,ALLOCATE,MESHES(NM)%CUT_FACE(ICF)%SHARED(1:NFACE),CC_CUTFACE_TYPE,SHARED,1:NFACE
geom.f90,22407,COMPLEX_GEOMETRY_GRID::NEW_FACE_ALLOC,ALLOCATE,MESHES(NM)%CUT_FACE(ICF)%BLK_TAG(1:NFACE),CC_CUTFACE_TYPE,BLK_TAG,1:NFACE
geom.f90,22408,COMPLEX_GEOMETRY_GRID::NEW_FACE_ALLOC,ALLOCATE,MESHES(NM)%CUT_FACE(ICF)%LINK_LEV(1:NFACE),CC_CUTFACE_TYPE,LINK_LEV,1:NFACE
geom.f90,22411,COMPLEX_GEOMETRY_GRID::NEW_FACE_ALLOC,ALLOCATE,MESHES(NM)%CUT_FACE(ICF)%INXAREA(1:NFACE),CC_CUTFACE_TYPE,INXAREA,1:NFACE
geom.f90,22412,COMPLEX_GEOMETRY_GRID::NEW_FACE_ALLOC,ALLOCATE,MESHES(NM)%CUT_FACE(ICF)%INXSQAREA(1:NFACE),CC_CUTFACE_TYPE,INXSQAREA,1:NFACE
geom.f90,22413,COMPLEX_GEOMETRY_GRID::NEW_FACE_ALLOC,ALLOCATE,MESHES(NM)%CUT_FACE(ICF)%JNYSQAREA(1:NFACE),CC_CUTFACE_TYPE,JNYSQAREA,1:NFACE
geom.f90,22414,COMPLEX_GEOMETRY_GRID::NEW_FACE_ALLOC,ALLOCATE,MESHES(NM)%CUT_FACE(ICF)%KNZSQAREA(1:NFACE),CC_CUTFACE_TYPE,KNZSQAREA,1:NFACE
geom.f90,22416,COMPLEX_GEOMETRY_GRID::NEW_FACE_ALLOC,ALLOCATE,"MESHES(NM)%CUT_FACE(ICF)%BODTRI(1:2,1:NFACE)",CC_CUTFACE_TYPE,BODTRI,"1:2,1:NFACE"
geom.f90,22418,COMPLEX_GEOMETRY_GRID::NEW_FACE_ALLOC,ALLOCATE,"MESHES(NM)%CUT_FACE(ICF)%UNKZ(LOW_IND:HIGH_IND,1:NFACE)",CC_CUTFACE_TYPE,UNKZ,"LOW_IND:HIGH_IND,1:NFACE"
geom.f90,22420,COMPLEX_GEOMETRY_GRID::NEW_FACE_ALLOC,ALLOCATE,"MESHES(NM)%CUT_FACE(ICF)%XCENLOW(IAXIS:KAXIS,1:NFACE)",CC_CUTFACE_TYPE,XCENLOW,"IAXIS:KAXIS,1:NFACE"
geom.f90,22421,COMPLEX_GEOMETRY_GRID::NEW_FACE_ALLOC,ALLOCATE,"MESHES(NM)%CUT_FACE(ICF)%XCENHIGH(IAXIS:KAXIS,1:NFACE)",CC_CUTFACE_TYPE,XCENHIGH,"IAXIS:KAXIS,1:NFACE"
geom.f90,22422,COMPLEX_GEOMETRY_GRID::NEW_FACE_ALLOC,ALLOCATE,"MESHES(NM)%CUT_FACE(ICF)%CELL_LIST(MAX_DIM+1,LOW_IND:HIGH_IND,1:NFACE)",CC_CUTFACE_TYPE,CELL_LIST,"MAX_DIM+1,LOW_IND:HIGH_IND,1:NFACE"
geom.f90,22426,COMPLEX_GEOMETRY_GRID::NEW_FACE_ALLOC,ALLOCATE,MESHES(NM)%CUT_FACE(ICF)%AREA_ADJUST(1:NFACE),CC_CUTFACE_TYPE,AREA_ADJUST,1:NFACE
geom.f90,22427,COMPLEX_GEOMETRY_GRID::NEW_FACE_ALLOC,ALLOCATE,MESHES(NM)%CUT_FACE(ICF)%CFACE_ORIGIN(1:NFACE),CC_CUTFACE_TYPE,CFACE_ORIGIN,1:NFACE
geom.f90,22433,COMPLEX_GEOMETRY_GRID::NEW_FACE_ALLOC,ALLOCATE,MESHES(NM)%CUT_FACE(ICF)%SURF_INDEX(1:NFACE),CC_CUTFACE_TYPE,SURF_INDEX,1:NFACE
geom.f90,22453,COMPLEX_GEOMETRY_GRID::ALLOC_FACE_STATE_VARS,ALLOCATE,"MESHES(NM)%CUT_FACE(ICF)%UNKH(LOW_IND:HIGH_IND,1:NFACE)",CC_CUTFACE_TYPE,UNKH,"LOW_IND:HIGH_IND,1:NFACE"
geom.f90,22454,COMPLEX_GEOMETRY_GRID::ALLOC_FACE_STATE_VARS,ALLOCATE,"MESHES(NM)%CUT_FACE(ICF)%RHO_D_DZDN(1:N_TOTAL_SCALARS,1:NFACE)",CC_CUTFACE_TYPE,RHO_D_DZDN,"1:N_TOTAL_SCALARS,1:NFACE"
geom.f90,22455,COMPLEX_GEOMETRY_GRID::ALLOC_FACE_STATE_VARS,ALLOCATE,"MESHES(NM)%CUT_FACE(ICF)%H_RHO_D_DZDN(1:N_TOTAL_SCALARS,1:NFACE)",CC_CUTFACE_TYPE,H_RHO_D_DZDN,"1:N_TOTAL_SCALARS,1:NFACE"
geom.f90,22459,COMPLEX_GEOMETRY_GRID::ALLOC_FACE_STATE_VARS,ALLOCATE,"MESHES(NM)%CUT_FACE(ICF)%ZZ_FACE(1:N_TOTAL_SCALARS,1:NFACE)",CC_CUTFACE_TYPE,ZZ_FACE,"1:N_TOTAL_SCALARS,1:NFACE"
geom.f90,22460,COMPLEX_GEOMETRY_GRID::ALLOC_FACE_STATE_VARS,ALLOCATE,MESHES(NM)%CUT_FACE(ICF)%TMP_FACE(1:NFACE),CC_CUTFACE_TYPE,TMP_FACE,1:NFACE
geom.f90,22462,COMPLEX_GEOMETRY_GRID::ALLOC_FACE_STATE_VARS,ALLOCATE,MESHES(NM)%CUT_FACE(ICF)%VEL(1:NFACE),CC_CUTFACE_TYPE,VEL,1:NFACE
geom.f90,22462,COMPLEX_GEOMETRY_GRID::ALLOC_FACE_STATE_VARS,ALLOCATE,MESHES(NM)%CUT_FACE(ICF)%VELS(1:NFACE),CC_CUTFACE_TYPE,VELS,1:NFACE
geom.f90,22463,COMPLEX_GEOMETRY_GRID::ALLOC_FACE_STATE_VARS,ALLOCATE,MESHES(NM)%CUT_FACE(ICF)%FN(1:NFACE),CC_CUTFACE_TYPE,FN,1:NFACE
geom.f90,22463,COMPLEX_GEOMETRY_GRID::ALLOC_FACE_STATE_VARS,ALLOCATE,MESHES(NM)%CUT_FACE(ICF)%FN_B(1:NFACE),CC_CUTFACE_TYPE,FN_B,1:NFACE
geom.f90,22464,COMPLEX_GEOMETRY_GRID::ALLOC_FACE_STATE_VARS,ALLOCATE,MESHES(NM)%CUT_FACE(ICF)%VEL_SAVE(1:NFACE),CC_CUTFACE_TYPE,VEL_SAVE,1:NFACE
geom.f90,22469,COMPLEX_GEOMETRY_GRID::ALLOC_FACE_STATE_VARS,ALLOCATE,"MESHES(NM)%CUT_FACE(ICF)%JDH(1:2,1:2,1:NFACE)",CC_CUTFACE_TYPE,JDH,"1:2,1:2,1:NFACE"
geom.f90,22470,COMPLEX_GEOMETRY_GRID::ALLOC_FACE_STATE_VARS,ALLOCATE,MESHES(NM)%CUT_FACE(ICF)%UNKF(1:NFACE),CC_CUTFACE_TYPE,UNKF,1:NFACE
geom.f90,22477,COMPLEX_GEOMETRY_GRID::ALLOC_FACE_STATE_VARS,ALLOCATE,MESHES(NM)%CUT_FACE(ICF)%CFACE_INDEX(1:NFACE),CC_CUTFACE_TYPE,CFACE_INDEX,1:NFACE
geom.f90,22535,COMPLEX_GEOMETRY_GRID::GET_CARTCELL_CUTEDGES,ALLOCATE,BODINT_CELL_EDGE%SVAR(CC_DELTA_NBCROSS),BODINT_CELL_EDGE_TYPE,SVAR,CC_DELTA_NBCROSS
geom.f90,22566,COMPLEX_GEOMETRY_GRID::GET_CARTCELL_CUTEDGES,ALLOCATE,X1FACE(ISTR:IEND),(variable:host:COMPLEX_GEOMETRY_GRID),X1FACE,ISTR:IEND
geom.f90,22567,COMPLEX_GEOMETRY_GRID::GET_CARTCELL_CUTEDGES,ALLOCATE,DX1FACE(ISTR:IEND),(variable:host:COMPLEX_GEOMETRY_GRID),DX1FACE,ISTR:IEND
geom.f90,22571,COMPLEX_GEOMETRY_GRID::GET_CARTCELL_CUTEDGES,ALLOCATE,X1FACE(JSTR:JEND),(variable:host:COMPLEX_GEOMETRY_GRID),X1FACE,JSTR:JEND
geom.f90,22572,COMPLEX_GEOMETRY_GRID::GET_CARTCELL_CUTEDGES,ALLOCATE,DX1FACE(JSTR:JEND),(variable:host:COMPLEX_GEOMETRY_GRID),DX1FACE,JSTR:JEND
geom.f90,22576,COMPLEX_GEOMETRY_GRID::GET_CARTCELL_CUTEDGES,ALLOCATE,X1FACE(KSTR:KEND),(variable:host:COMPLEX_GEOMETRY_GRID),X1FACE,KSTR:KEND
geom.f90,22577,COMPLEX_GEOMETRY_GRID::GET_CARTCELL_CUTEDGES,ALLOCATE,DX1FACE(KSTR:KEND),(variable:host:COMPLEX_GEOMETRY_GRID),DX1FACE,KSTR:KEND
geom.f90,22666,COMPLEX_GEOMETRY_GRID::GET_CARTCELL_CUTEDGES,ALLOCATE,X1FACE(ISTR:IEND),(variable:host:COMPLEX_GEOMETRY_GRID),X1FACE,ISTR:IEND
geom.f90,22667,COMPLEX_GEOMETRY_GRID::GET_CARTCELL_CUTEDGES,ALLOCATE,DX1FACE(ISTR:IEND),(variable:host:COMPLEX_GEOMETRY_GRID),DX1FACE,ISTR:IEND
geom.f90,22671,COMPLEX_GEOMETRY_GRID::GET_CARTCELL_CUTEDGES,ALLOCATE,X1FACE(JSTR:JEND),(variable:host:COMPLEX_GEOMETRY_GRID),X1FACE,JSTR:JEND
geom.f90,22672,COMPLEX_GEOMETRY_GRID::GET_CARTCELL_CUTEDGES,ALLOCATE,DX1FACE(JSTR:JEND),(variable:host:COMPLEX_GEOMETRY_GRID),DX1FACE,JSTR:JEND
geom.f90,22676,COMPLEX_GEOMETRY_GRID::GET_CARTCELL_CUTEDGES,ALLOCATE,X1FACE(KSTR:KEND),(variable:host:COMPLEX_GEOMETRY_GRID),X1FACE,KSTR:KEND
geom.f90,22677,COMPLEX_GEOMETRY_GRID::GET_CARTCELL_CUTEDGES,ALLOCATE,DX1FACE(KSTR:KEND),(variable:host:COMPLEX_GEOMETRY_GRID),DX1FACE,KSTR:KEND
geom.f90,22720,COMPLEX_GEOMETRY_GRID::GET_CARTCELL_CUTEDGES,ALLOCATE,SVAR_AUX(NWCROSS_SVAR+CC_DELTA_NBCROSS),(variable:local),SVAR_AUX,NWCROSS_SVAR+CC_DELTA_NBCROSS
geom.f90,22722,COMPLEX_GEOMETRY_GRID::GET_CARTCELL_CUTEDGES,MOVE_ALLOC,BODINT_CELL_EDGE%SVAR,BODINT_CELL_EDGE_TYPE,SVAR,(from FROM=SVAR_AUX)
geom.f90,22907,COMPLEX_GEOMETRY_GRID::GET_CARTCELL_CUTEDGES,ALLOCATE,SOLID_EDGE(1:NEDGE),(variable:local),SOLID_EDGE,1:NEDGE
geom.f90,23116,COMPLEX_GEOMETRY_GRID::GET_CARTCELL_CUTFACES,ALLOCATE,"SEG_CELL(1:NOD2+CC_MAX_WSTRIANG_SEG+5,1:SIZE_CEELEM_SEG_CELL)",(variable:local),SEG_CELL,"1:NOD2+CC_MAX_WSTRIANG_SEG+5,1:SIZE_CEELEM_SEG_CELL"
geom.f90,23116,COMPLEX_GEOMETRY_GRID::GET_CARTCELL_CUTFACES,ALLOCATE,SEG_POS(1:SIZE_CEELEM_SEG_CELL),(variable:local),SEG_POS,1:SIZE_CEELEM_SEG_CELL
geom.f90,23120,COMPLEX_GEOMETRY_GRID::GET_CARTCELL_CUTFACES,ALLOCATE,"MESHES(NM)%SPCELL_LIST(IAXIS:KAXIS,DELTA_CELL)",MESH_TYPE,SPCELL_LIST,"IAXIS:KAXIS,DELTA_CELL"
geom.f90,23121,COMPLEX_GEOMETRY_GRID::GET_CARTCELL_CUTFACES,ALLOCATE,"IJK_COUNTED(ISTR:IEND,JSTR:JEND,KSTR:KEND)",(variable:local),IJK_COUNTED,"ISTR:IEND,JSTR:JEND,KSTR:KEND"
geom.f90,23122,COMPLEX_GEOMETRY_GRID::GET_CARTCELL_CUTFACES,ALLOCATE,"IJK_COUNTF(ISTR:IEND,JSTR:JEND,KSTR:KEND,MAX_DIM)",(variable:local),IJK_COUNTF,"ISTR:IEND,JSTR:JEND,KSTR:KEND,MAX_DIM"
geom.f90,23198,COMPLEX_GEOMETRY_GRID::GET_CARTCELL_CUTFACES,ALLOCATE,X1FACE(ISTR:IEND),(variable:host:COMPLEX_GEOMETRY_GRID),X1FACE,ISTR:IEND
geom.f90,23198,COMPLEX_GEOMETRY_GRID::GET_CARTCELL_CUTFACES,ALLOCATE,DX1FACE(ISTR:IEND),(variable:host:COMPLEX_GEOMETRY_GRID),DX1FACE,ISTR:IEND
geom.f90,23200,COMPLEX_GEOMETRY_GRID::GET_CARTCELL_CUTFACES,ALLOCATE,X2FACE(JSTR:JEND),(variable:host:COMPLEX_GEOMETRY_GRID),X2FACE,JSTR:JEND
geom.f90,23200,COMPLEX_GEOMETRY_GRID::GET_CARTCELL_CUTFACES,ALLOCATE,DX2FACE(JSTR:JEND),(variable:host:COMPLEX_GEOMETRY_GRID),DX2FACE,JSTR:JEND
geom.f90,23202,COMPLEX_GEOMETRY_GRID::GET_CARTCELL_CUTFACES,ALLOCATE,X3FACE(KSTR:KEND),(variable:host:COMPLEX_GEOMETRY_GRID),X3FACE,KSTR:KEND
geom.f90,23202,COMPLEX_GEOMETRY_GRID::GET_CARTCELL_CUTFACES,ALLOCATE,DX3FACE(KSTR:KEND),(variable:host:COMPLEX_GEOMETRY_GRID),DX3FACE,KSTR:KEND
geom.f90,23207,COMPLEX_GEOMETRY_GRID::GET_CARTCELL_CUTFACES,ALLOCATE,X2CELL(JSTR:JEND),(variable:host:COMPLEX_GEOMETRY_GRID),X2CELL,JSTR:JEND
geom.f90,23207,COMPLEX_GEOMETRY_GRID::GET_CARTCELL_CUTFACES,ALLOCATE,DX2CELL(JSTR:JEND),(variable:host:COMPLEX_GEOMETRY_GRID),DX2CELL,JSTR:JEND
geom.f90,23212,COMPLEX_GEOMETRY_GRID::GET_CARTCELL_CUTFACES,ALLOCATE,X3CELL(KSTR:KEND),(variable:host:COMPLEX_GEOMETRY_GRID),X3CELL,KSTR:KEND
geom.f90,23212,COMPLEX_GEOMETRY_GRID::GET_CARTCELL_CUTFACES,ALLOCATE,DX3CELL(KSTR:KEND),(variable:host:COMPLEX_GEOMETRY_GRID),DX3CELL,KSTR:KEND
geom.f90,23230,COMPLEX_GEOMETRY_GRID::GET_CARTCELL_CUTFACES,ALLOCATE,X1FACE(JSTR:JEND),(variable:host:COMPLEX_GEOMETRY_GRID),X1FACE,JSTR:JEND
geom.f90,23230,COMPLEX_GEOMETRY_GRID::GET_CARTCELL_CUTFACES,ALLOCATE,DX1FACE(JSTR:JEND),(variable:host:COMPLEX_GEOMETRY_GRID),DX1FACE,JSTR:JEND
geom.f90,23232,COMPLEX_GEOMETRY_GRID::GET_CARTCELL_CUTFACES,ALLOCATE,X2FACE(KSTR:KEND),(variable:host:COMPLEX_GEOMETRY_GRID),X2FACE,KSTR:KEND
geom.f90,23232,COMPLEX_GEOMETRY_GRID::GET_CARTCELL_CUTFACES,ALLOCATE,DX2FACE(KSTR:KEND),(variable:host:COMPLEX_GEOMETRY_GRID),DX2FACE,KSTR:KEND
geom.f90,23234,COMPLEX_GEOMETRY_GRID::GET_CARTCELL_CUTFACES,ALLOCATE,X3FACE(ISTR:IEND),(variable:host:COMPLEX_GEOMETRY_GRID),X3FACE,ISTR:IEND
geom.f90,23234,COMPLEX_GEOMETRY_GRID::GET_CARTCELL_CUTFACES,ALLOCATE,DX3FACE(ISTR:IEND),(variable:host:COMPLEX_GEOMETRY_GRID),DX3FACE,ISTR:IEND
geom.f90,23239,COMPLEX_GEOMETRY_GRID::GET_CARTCELL_CUTFACES,ALLOCATE,X2CELL(KSTR:KEND),(variable:host:COMPLEX_GEOMETRY_GRID),X2CELL,KSTR:KEND
geom.f90,23239,COMPLEX_GEOMETRY_GRID::GET_CARTCELL_CUTFACES,ALLOCATE,DX2CELL(KSTR:KEND),(variable:host:COMPLEX_GEOMETRY_GRID),DX2CELL,KSTR:KEND
geom.f90,23244,COMPLEX_GEOMETRY_GRID::GET_CARTCELL_CUTFACES,ALLOCATE,X3CELL(ISTR:IEND),(variable:host:COMPLEX_GEOMETRY_GRID),X3CELL,ISTR:IEND
geom.f90,23244,COMPLEX_GEOMETRY_GRID::GET_CARTCELL_CUTFACES,ALLOCATE,DX3CELL(ISTR:IEND),(variable:host:COMPLEX_GEOMETRY_GRID),DX3CELL,ISTR:IEND
geom.f90,23262,COMPLEX_GEOMETRY_GRID::GET_CARTCELL_CUTFACES,ALLOCATE,X1FACE(KSTR:KEND),(variable:host:COMPLEX_GEOMETRY_GRID),X1FACE,KSTR:KEND
geom.f90,23262,COMPLEX_GEOMETRY_GRID::GET_CARTCELL_CUTFACES,ALLOCATE,DX1FACE(KSTR:KEND),(variable:host:COMPLEX_GEOMETRY_GRID),DX1FACE,KSTR:KEND
geom.f90,23264,COMPLEX_GEOMETRY_GRID::GET_CARTCELL_CUTFACES,ALLOCATE,X2FACE(ISTR:IEND),(variable:host:COMPLEX_GEOMETRY_GRID),X2FACE,ISTR:IEND
geom.f90,23264,COMPLEX_GEOMETRY_GRID::GET_CARTCELL_CUTFACES,ALLOCATE,DX2FACE(ISTR:IEND),(variable:host:COMPLEX_GEOMETRY_GRID),DX2FACE,ISTR:IEND
geom.f90,23266,COMPLEX_GEOMETRY_GRID::GET_CARTCELL_CUTFACES,ALLOCATE,X3FACE(JSTR:JEND),(variable:host:COMPLEX_GEOMETRY_GRID),X3FACE,JSTR:JEND
geom.f90,23266,COMPLEX_GEOMETRY_GRID::GET_CARTCELL_CUTFACES,ALLOCATE,DX3FACE(JSTR:JEND),(variable:host:COMPLEX_GEOMETRY_GRID),DX3FACE,JSTR:JEND
geom.f90,23271,COMPLEX_GEOMETRY_GRID::GET_CARTCELL_CUTFACES,ALLOCATE,X2CELL(ISTR:IEND),(variable:host:COMPLEX_GEOMETRY_GRID),X2CELL,ISTR:IEND
geom.f90,23271,COMPLEX_GEOMETRY_GRID::GET_CARTCELL_CUTFACES,ALLOCATE,DX2CELL(ISTR:IEND),(variable:host:COMPLEX_GEOMETRY_GRID),DX2CELL,ISTR:IEND
geom.f90,23276,COMPLEX_GEOMETRY_GRID::GET_CARTCELL_CUTFACES,ALLOCATE,X3CELL(JSTR:JEND),(variable:host:COMPLEX_GEOMETRY_GRID),X3CELL,JSTR:JEND
geom.f90,23276,COMPLEX_GEOMETRY_GRID::GET_CARTCELL_CUTFACES,ALLOCATE,DX3CELL(JSTR:JEND),(variable:host:COMPLEX_GEOMETRY_GRID),DX3CELL,JSTR:JEND
geom.f90,23308,COMPLEX_GEOMETRY_GRID::GET_CARTCELL_CUTFACES,ALLOCATE,BODINT_PLANE%X1NVEC(1:BODINT_PLANE%NTRIS),BODINT_PLANE_TYPE,X1NVEC,1:BODINT_PLANE%NTRIS
geom.f90,23309,COMPLEX_GEOMETRY_GRID::GET_CARTCELL_CUTFACES,ALLOCATE,"BODINT_PLANE%AINV(1:2,1:2,1:BODINT_PLANE%NTRIS)",BODINT_PLANE_TYPE,AINV,"1:2,1:2,1:BODINT_PLANE%NTRIS"
geom.f90,23385,COMPLEX_GEOMETRY_GRID::GET_CARTCELL_CUTFACES,ALLOCATE,SOLID_EDGE(1:FNEDGE),(variable:local),SOLID_EDGE,1:FNEDGE
geom.f90,23670,COMPLEX_GEOMETRY_GRID::GET_CARTCELL_CUTFACES,ALLOCATE,VERT_SEGS(1:NVERT),(variable:local),VERT_SEGS,1:NVERT
geom.f90,23676,COMPLEX_GEOMETRY_GRID::GET_CARTCELL_CUTFACES,ALLOCATE,"SEG_CELL_AUX(SIZE(SEG_CELL,DIM=1),SIZE(SEG_CELL,DIM=2))",(variable:local),SEG_CELL_AUX,"SIZE(SEG_CELL,DIM=1),SIZE(SEG_CELL,DIM=2)"
geom.f90,23769,COMPLEX_GEOMETRY_GRID::GET_CARTCELL_CUTFACES,ALLOCATE,"CF%EDGE_LIST(3,NSEG)",CC_CUTFACE_TYPE,EDGE_LIST,"3,NSEG"
geom.f90,23771,COMPLEX_GEOMETRY_GRID::GET_CARTCELL_CUTFACES,ALLOCATE,"CF%CEDGES(SIZE(CF%CFELEM,DIM=1),SIZE(CF%CFELEM,DIM=2))",CC_CUTFACE_TYPE,CEDGES,"SIZE(CF%CFELEM,DIM=1),SIZE(CF%CFELEM,DIM=2)"
geom.f90,23838,COMPLEX_GEOMETRY_GRID::GET_CARTCELL_CUTFACES,ALLOCATE,"SPCELL_LIST(IAXIS:KAXIS,NSPCELL_LIST)",(variable:local),SPCELL_LIST,"IAXIS:KAXIS,NSPCELL_LIST"
geom.f90,23840,COMPLEX_GEOMETRY_GRID::GET_CARTCELL_CUTFACES,ALLOCATE,"MESHES(NM)%SPCELL_LIST(IAXIS:KAXIS,NSPCELL_LIST+DELTA_CELL)",MESH_TYPE,SPCELL_LIST,"IAXIS:KAXIS,NSPCELL_LIST+DELTA_CELL"
geom.f90,23961,COMPLEX_GEOMETRY_GRID::GET_CARTCELL_CUTFACES,ALLOCATE,"CFELEM(1:NP+1+DELTA_VERT,1:NBODTRI)",(variable:local),CFELEM,"1:NP+1+DELTA_VERT,1:NBODTRI"
geom.f90,23963,COMPLEX_GEOMETRY_GRID::GET_CARTCELL_CUTFACES,MOVE_ALLOC,CF%CFELEM,CC_CUTFACE_TYPE,CFELEM,(from FROM=CFELEM)
geom.f90,23964,COMPLEX_GEOMETRY_GRID::GET_CARTCELL_CUTFACES,ALLOCATE,"CFELEM(1:NP+1+DELTA_VERT,1:NBODTRI)",(variable:local),CFELEM,"1:NP+1+DELTA_VERT,1:NBODTRI"
geom.f90,23966,COMPLEX_GEOMETRY_GRID::GET_CARTCELL_CUTFACES,MOVE_ALLOC,CF%CEDGES,CC_CUTFACE_TYPE,CEDGES,(from FROM=CFELEM)
geom.f90,24255,COMPLEX_GEOMETRY_GRID::GET_CARTCELL_CUTFACES,ALLOCATE,VERT_SEGS(1:NVERT),(variable:local),VERT_SEGS,1:NVERT
geom.f90,24260,COMPLEX_GEOMETRY_GRID::GET_CARTCELL_CUTFACES,ALLOCATE,"SEG_CELL_AUX(SIZE(SEG_CELL,DIM=1),SIZE(SEG_CELL,DIM=2))",(variable:local),SEG_CELL_AUX,"SIZE(SEG_CELL,DIM=1),SIZE(SEG_CELL,DIM=2)"
geom.f90,24311,COMPLEX_GEOMETRY_GRID::GET_CARTCELL_CUTFACES,ALLOCATE,"SPCELL_LIST(IAXIS:KAXIS,NSPCELL_LIST)",(variable:local),SPCELL_LIST,"IAXIS:KAXIS,NSPCELL_LIST"
geom.f90,24313,COMPLEX_GEOMETRY_GRID::GET_CARTCELL_CUTFACES,ALLOCATE,"MESHES(NM)%SPCELL_LIST(IAXIS:KAXIS,NSPCELL_LIST+DELTA_CELL)",MESH_TYPE,SPCELL_LIST,"IAXIS:KAXIS,NSPCELL_LIST+DELTA_CELL"
geom.f90,24323,COMPLEX_GEOMETRY_GRID::GET_CARTCELL_CUTFACES,ALLOCATE,SPCELLS_TO_BLOCK_AUX(COUNT+GLOBAL_DELTA_CELL),(variable:host:COMPLEX_GEOMETRY_GRID),SPCELLS_TO_BLOCK_AUX,COUNT+GLOBAL_DELTA_CELL
geom.f90,24325,COMPLEX_GEOMETRY_GRID::GET_CARTCELL_CUTFACES,MOVE_ALLOC,SPCELLS_TO_BLOCK,(variable:host:COMPLEX_GEOMETRY_GRID),SPCELLS_TO_BLOCK,(from FROM=SPCELLS_TO_BLOCK_AUX)
geom.f90,24333,COMPLEX_GEOMETRY_GRID::GET_CARTCELL_CUTFACES,ALLOCATE,"CFELEM(4,3*NSEG)",(variable:local),CFELEM,"4,3*NSEG"
geom.f90,24334,COMPLEX_GEOMETRY_GRID::GET_CARTCELL_CUTFACES,ALLOCATE,"CEDGES(4,3*NSEG)",(variable:local),CEDGES,"4,3*NSEG"
geom.f90,24335,COMPLEX_GEOMETRY_GRID::GET_CARTCELL_CUTFACES,ALLOCATE,"SEG_CELL_AUX(1:NOD2+CC_MAX_WSTRIANG_SEG+5,1:3*NSEG)",(variable:local),SEG_CELL_AUX,"1:NOD2+CC_MAX_WSTRIANG_SEG+5,1:3*NSEG"
geom.f90,24357,COMPLEX_GEOMETRY_GRID::GET_CARTCELL_CUTFACES,ALLOCATE,"CF%EDGE_LIST(3,CT_EDGES)",CC_CUTFACE_TYPE,EDGE_LIST,"3,CT_EDGES"
geom.f90,24357,COMPLEX_GEOMETRY_GRID::GET_CARTCELL_CUTFACES,ALLOCATE,"CF%CEDGES(NOD3+1,NFACE)",CC_CUTFACE_TYPE,CEDGES,"NOD3+1,NFACE"
geom.f90,24617,COMPLEX_GEOMETRY_GRID::GET_CARTCELL_CUTFACES::REALLOCATE_SEG_CELL,ALLOCATE,"SEG_CELL_AUX(1:NOD2+CC_MAX_WSTRIANG_SEG+5,1:SIZE_CEELEM_SEG_CELL+DELTA_EDGE)",(variable:host:GET_CARTCELL_CUTFACES),SEG_CELL_AUX,"1:NOD2+CC_MAX_WSTRIANG_SEG+5,1:SIZE_CEELEM_SEG_CELL+DELTA_EDGE"
geom.f90,24620,COMPLEX_GEOMETRY_GRID::GET_CARTCELL_CUTFACES::REALLOCATE_SEG_CELL,ALLOCATE,"SEG_CELL(1:NOD2+CC_MAX_WSTRIANG_SEG+5,1:SIZE_CEELEM_SEG_CELL+DELTA_EDGE)",(variable:host:GET_CARTCELL_CUTFACES),SEG_CELL,"1:NOD2+CC_MAX_WSTRIANG_SEG+5,1:SIZE_CEELEM_SEG_CELL+DELTA_EDGE"
geom.f90,24624,COMPLEX_GEOMETRY_GRID::GET_CARTCELL_CUTFACES::REALLOCATE_SEG_CELL,ALLOCATE,SEG_POS(1:SIZE_CEELEM_SEG_CELL+DELTA_EDGE),(variable:host:GET_CARTCELL_CUTFACES),SEG_POS,1:SIZE_CEELEM_SEG_CELL+DELTA_EDGE
geom.f90,24654,COMPLEX_GEOMETRY_GRID::GET_CLOSED_POLYLINES,ALLOCATE,"SEG_CELL2(1:NOD2+CC_MAX_WSTRIANG_SEG+5,1:NSEG)",(variable:local),SEG_CELL2,"1:NOD2+CC_MAX_WSTRIANG_SEG+5,1:NSEG"
geom.f90,24654,COMPLEX_GEOMETRY_GRID::GET_CLOSED_POLYLINES,ALLOCATE,SEG_POS2(1:NSEG),(variable:local),SEG_POS2,1:NSEG
geom.f90,24654,COMPLEX_GEOMETRY_GRID::GET_CLOSED_POLYLINES,ALLOCATE,COUNTED(1:NSEG),(variable:local),COUNTED,1:NSEG
geom.f90,24655,COMPLEX_GEOMETRY_GRID::GET_CLOSED_POLYLINES,ALLOCATE,BOD(1:N_GEOMETRY),(variable:local),BOD,1:N_GEOMETRY
geom.f90,24655,COMPLEX_GEOMETRY_GRID::GET_CLOSED_POLYLINES,ALLOCATE,SEG_POLY(1:NSEG),(variable:local),SEG_POLY,1:NSEG
geom.f90,24674,COMPLEX_GEOMETRY_GRID::GET_CLOSED_POLYLINES,ALLOCATE,CTBOD(1:NBOD),(variable:local),CTBOD,1:NBOD
geom.f90,24858,COMPLEX_GEOMETRY_GRID::EAR_CLIP_CFACES,ALLOCATE,LEN_SEG(1:3*NSEG),(variable:local),LEN_SEG,1:3*NSEG
geom.f90,24859,COMPLEX_GEOMETRY_GRID::EAR_CLIP_CFACES,ALLOCATE,"N(IAXIS:KAXIS,1:3*NSEG)",(variable:local),N,"IAXIS:KAXIS,1:3*NSEG"
geom.f90,24860,COMPLEX_GEOMETRY_GRID::EAR_CLIP_CFACES,ALLOCATE,"SEG_CELL2(1:NOD2+CC_MAX_WSTRIANG_SEG+5,1:3*NSEG)",(variable:local),SEG_CELL2,"1:NOD2+CC_MAX_WSTRIANG_SEG+5,1:3*NSEG"
geom.f90,25071,COMPLEX_GEOMETRY_GRID::GET_CARTCELL_CUTCELLS,ALLOCATE,"EDGFAC_CELL(1:SIZE_CFELEM_EDGFAC,1:SIZE_CEELEM_EDGFAC)",(variable:local),EDGFAC_CELL,"1:SIZE_CFELEM_EDGFAC,1:SIZE_CEELEM_EDGFAC"
geom.f90,25072,COMPLEX_GEOMETRY_GRID::GET_CARTCELL_CUTCELLS,ALLOCATE,"SEG_CELL(NOD1:NOD2,1:SIZE_CEELEM_EDGFAC)",(variable:local),SEG_CELL,"NOD1:NOD2,1:SIZE_CEELEM_EDGFAC"
geom.f90,25076,COMPLEX_GEOMETRY_GRID::GET_CARTCELL_CUTCELLS,ALLOCATE,"FACEDG_CELL(1:SIZE_CEELEM_FACEDG,1:SIZE_CFELEM_FACEDG)",(variable:local),FACEDG_CELL,"1:SIZE_CEELEM_FACEDG,1:SIZE_CFELEM_FACEDG"
geom.f90,25077,COMPLEX_GEOMETRY_GRID::GET_CARTCELL_CUTCELLS,ALLOCATE,IPTS(1:SIZE_CEELEM_FACEDG+1),(variable:local),IPTS,1:SIZE_CEELEM_FACEDG+1
geom.f90,25082,COMPLEX_GEOMETRY_GRID::GET_CARTCELL_CUTCELLS,ALLOCATE,"FACE_CELL(1:SIZE_VERTS_FC,1:SIZE_CFELEM_FC)",(variable:local),FACE_CELL,"1:SIZE_VERTS_FC,1:SIZE_CFELEM_FC"
geom.f90,25083,COMPLEX_GEOMETRY_GRID::GET_CARTCELL_CUTCELLS,ALLOCATE,"FACE_LIST(1:CC_NPARAM_CCFACE,1:SIZE_CFELEM_FC)",(variable:local),FACE_LIST,"1:CC_NPARAM_CCFACE,1:SIZE_CFELEM_FC"
geom.f90,25084,COMPLEX_GEOMETRY_GRID::GET_CARTCELL_CUTCELLS,ALLOCATE,"AREAVARS(1:MAX_DIM+1,1:SIZE_CFELEM_FC)",(variable:local),AREAVARS,"1:MAX_DIM+1,1:SIZE_CFELEM_FC"
geom.f90,25085,COMPLEX_GEOMETRY_GRID::GET_CARTCELL_CUTCELLS,ALLOCATE,FACECELL_NUM(1:SIZE_CFELEM_FC),(variable:local),FACECELL_NUM,1:SIZE_CFELEM_FC
geom.f90,25086,COMPLEX_GEOMETRY_GRID::GET_CARTCELL_CUTCELLS,ALLOCATE,FACE_CELL_DUM(1:SIZE_VERTS_FC),(variable:local),FACE_CELL_DUM,1:SIZE_VERTS_FC
geom.f90,25090,COMPLEX_GEOMETRY_GRID::GET_CARTCELL_CUTCELLS,ALLOCATE,"CCELEM(1:SIZE_FACE_CCELEM+1,1:SIZE_CELL_CCELEM)",(variable:local),CCELEM,"1:SIZE_FACE_CCELEM+1,1:SIZE_CELL_CCELEM"
geom.f90,25091,COMPLEX_GEOMETRY_GRID::GET_CARTCELL_CUTCELLS,ALLOCATE,NOADVANCE(1:SIZE_CELL_CCELEM),(variable:local),NOADVANCE,1:SIZE_CELL_CCELEM
geom.f90,25091,COMPLEX_GEOMETRY_GRID::GET_CARTCELL_CUTCELLS,ALLOCATE,VOL(1:SIZE_CELL_CCELEM),(variable:local),VOL,1:SIZE_CELL_CCELEM
geom.f90,25091,COMPLEX_GEOMETRY_GRID::GET_CARTCELL_CUTCELLS,ALLOCATE,"XYZCEN(IAXIS:KAXIS,1:SIZE_CELL_CCELEM)",(variable:local),XYZCEN,"IAXIS:KAXIS,1:SIZE_CELL_CCELEM"
geom.f90,25109,COMPLEX_GEOMETRY_GRID::GET_CARTCELL_CUTCELLS,ALLOCATE,"IJK_COUNT(ILO_CELL-NGUARD:IHI_CELL+NGUARD,JLO_CELL-NGUARD:JHI_CELL+NGUARD,KLO_CELL-NGUARD:KHI_CELL+NGUARD)",(variable:local),IJK_COUNT,"ILO_CELL-NGUARD:IHI_CELL+NGUARD,JLO_CELL-NGUARD:JHI_CELL+NGUARD,KLO_CELL-NGUARD:KHI_CELL+NGUARD"
geom.f90,25336,COMPLEX_GEOMETRY_GRID::GET_CARTCELL_CUTCELLS,ALLOCATE,"FACEDG_CELL_AUX(1:SIZE_CEELEM_FACEDG,1:SIZE_CFELEM_FACEDG+DFCT*DELTA_FACE)",(variable:local),FACEDG_CELL_AUX,"1:SIZE_CEELEM_FACEDG,1:SIZE_CFELEM_FACEDG+DFCT*DELTA_FACE"
geom.f90,25343,COMPLEX_GEOMETRY_GRID::GET_CARTCELL_CUTCELLS,ALLOCATE,"FACEDG_CELL(1:SIZE_CEELEM_FACEDG,1:SIZE_CFELEM_FACEDG)",(variable:local),FACEDG_CELL,"1:SIZE_CEELEM_FACEDG,1:SIZE_CFELEM_FACEDG"
geom.f90,25356,COMPLEX_GEOMETRY_GRID::GET_CARTCELL_CUTCELLS,ALLOCATE,"FACEDG_CELL_AUX(1:SIZE_CEELEM_FACEDG+DFCT*DELTA_EDGE,1:SIZE_CFELEM_FACEDG)",(variable:local),FACEDG_CELL_AUX,"1:SIZE_CEELEM_FACEDG+DFCT*DELTA_EDGE,1:SIZE_CFELEM_FACEDG"
geom.f90,25363,COMPLEX_GEOMETRY_GRID::GET_CARTCELL_CUTCELLS,ALLOCATE,"FACEDG_CELL(1:SIZE_CEELEM_FACEDG,1:SIZE_CFELEM_FACEDG)",(variable:local),FACEDG_CELL,"1:SIZE_CEELEM_FACEDG,1:SIZE_CFELEM_FACEDG"
geom.f90,25368,COMPLEX_GEOMETRY_GRID::GET_CARTCELL_CUTCELLS,ALLOCATE,IPTS(1:SIZE_CEELEM_FACEDG+1),(variable:local),IPTS,1:SIZE_CEELEM_FACEDG+1
geom.f90,25390,COMPLEX_GEOMETRY_GRID::GET_CARTCELL_CUTCELLS,ALLOCATE,"EDGFAC_CELL_AUX(1:SIZE_CFELEM_EDGFAC,1:SIZE_CEELEM_EDGFAC+DELTA_EDGE)",(variable:local),EDGFAC_CELL_AUX,"1:SIZE_CFELEM_EDGFAC,1:SIZE_CEELEM_EDGFAC+DELTA_EDGE"
geom.f90,25396,COMPLEX_GEOMETRY_GRID::GET_CARTCELL_CUTCELLS,ALLOCATE,"SEG_CELL_AUX(NOD1:NOD2,1:SIZE_CEELEM_EDGFAC+DELTA_EDGE)",(variable:local),SEG_CELL_AUX,"NOD1:NOD2,1:SIZE_CEELEM_EDGFAC+DELTA_EDGE"
geom.f90,25404,COMPLEX_GEOMETRY_GRID::GET_CARTCELL_CUTCELLS,ALLOCATE,"EDGFAC_CELL(1:SIZE_CFELEM_EDGFAC,1:SIZE_CEELEM_EDGFAC)",(variable:local),EDGFAC_CELL,"1:SIZE_CFELEM_EDGFAC,1:SIZE_CEELEM_EDGFAC"
geom.f90,25410,COMPLEX_GEOMETRY_GRID::GET_CARTCELL_CUTCELLS,ALLOCATE,"SEG_CELL(NOD1:NOD2,1:SIZE_CEELEM_EDGFAC)",(variable:local),SEG_CELL,"NOD1:NOD2,1:SIZE_CEELEM_EDGFAC"
geom.f90,25424,COMPLEX_GEOMETRY_GRID::GET_CARTCELL_CUTCELLS,ALLOCATE,"EDGFAC_CELL_AUX(1:SIZE_CFELEM_EDGFAC+DELTA_FACE,1:SIZE_CEELEM_EDGFAC)",(variable:local),EDGFAC_CELL_AUX,"1:SIZE_CFELEM_EDGFAC+DELTA_FACE,1:SIZE_CEELEM_EDGFAC"
geom.f90,25431,COMPLEX_GEOMETRY_GRID::GET_CARTCELL_CUTCELLS,ALLOCATE,"EDGFAC_CELL(1:SIZE_CFELEM_EDGFAC,1:SIZE_CEELEM_EDGFAC)",(variable:local),EDGFAC_CELL,"1:SIZE_CFELEM_EDGFAC,1:SIZE_CEELEM_EDGFAC"
geom.f90,25450,COMPLEX_GEOMETRY_GRID::GET_CARTCELL_CUTCELLS,ALLOCATE,FACECELL_NUM(1:NFACE_CELL+DFCT*DELTA_FACE),(variable:local),FACECELL_NUM,1:NFACE_CELL+DFCT*DELTA_FACE
geom.f90,25551,COMPLEX_GEOMETRY_GRID::GET_CARTCELL_CUTCELLS,ALLOCATE,"SPCELL_LIST(IAXIS:KAXIS,NSPCELL_LIST)",(variable:local),SPCELL_LIST,"IAXIS:KAXIS,NSPCELL_LIST"
geom.f90,25553,COMPLEX_GEOMETRY_GRID::GET_CARTCELL_CUTCELLS,ALLOCATE,"MESHES(NM)%SPCELL_LIST(IAXIS:KAXIS,NSPCELL_LIST+DELTA_CELL)",MESH_TYPE,SPCELL_LIST,"IAXIS:KAXIS,NSPCELL_LIST+DELTA_CELL"
geom.f90,25563,COMPLEX_GEOMETRY_GRID::GET_CARTCELL_CUTCELLS,ALLOCATE,SPCELLS_TO_BLOCK_AUX(CTVAL+GLOBAL_DELTA_CELL),(variable:host:COMPLEX_GEOMETRY_GRID),SPCELLS_TO_BLOCK_AUX,CTVAL+GLOBAL_DELTA_CELL
geom.f90,25565,COMPLEX_GEOMETRY_GRID::GET_CARTCELL_CUTCELLS,MOVE_ALLOC,SPCELLS_TO_BLOCK,(variable:host:COMPLEX_GEOMETRY_GRID),SPCELLS_TO_BLOCK,(from FROM=SPCELLS_TO_BLOCK_AUX)
geom.f90,25675,COMPLEX_GEOMETRY_GRID::GET_CARTCELL_CUTCELLS,ALLOCATE,"CCELEM(1:SIZE_FACE_CCELEM+1,1:SIZE_CELL_CCELEM)",(variable:local),CCELEM,"1:SIZE_FACE_CCELEM+1,1:SIZE_CELL_CCELEM"
geom.f90,25691,COMPLEX_GEOMETRY_GRID::GET_CARTCELL_CUTCELLS,ALLOCATE,"CCELEM(1:SIZE_FACE_CCELEM+1,1:SIZE_CELL_CCELEM)",(variable:local),CCELEM,"1:SIZE_FACE_CCELEM+1,1:SIZE_CELL_CCELEM"
geom.f90,25697,COMPLEX_GEOMETRY_GRID::GET_CARTCELL_CUTCELLS,ALLOCATE,"CCELEM(1:SIZE_FACE_CCELEM+1,1:SIZE_CELL_CCELEM)",(variable:local),CCELEM,"1:SIZE_FACE_CCELEM+1,1:SIZE_CELL_CCELEM"
geom.f90,25698,COMPLEX_GEOMETRY_GRID::GET_CARTCELL_CUTCELLS,ALLOCATE,NOADVANCE(1:SIZE_CELL_CCELEM),(variable:local),NOADVANCE,1:SIZE_CELL_CCELEM
geom.f90,25698,COMPLEX_GEOMETRY_GRID::GET_CARTCELL_CUTCELLS,ALLOCATE,VOL(1:SIZE_CELL_CCELEM),(variable:local),VOL,1:SIZE_CELL_CCELEM
geom.f90,25698,COMPLEX_GEOMETRY_GRID::GET_CARTCELL_CUTCELLS,ALLOCATE,"XYZCEN(IAXIS:KAXIS,1:SIZE_CELL_CCELEM)",(variable:local),XYZCEN,"IAXIS:KAXIS,1:SIZE_CELL_CCELEM"
geom.f90,25850,COMPLEX_GEOMETRY_GRID::GET_CARTCELL_CUTCELLS::REALLOCATE_LOCAL_FC_VARS,ALLOCATE,"FACE_LIST_AUX(1:CC_NPARAM_CCFACE,1:SIZE_CFELEM_FC+DELTA_FACE)",(variable:host:GET_CARTCELL_CUTCELLS),FACE_LIST_AUX,"1:CC_NPARAM_CCFACE,1:SIZE_CFELEM_FC+DELTA_FACE"
geom.f90,25852,COMPLEX_GEOMETRY_GRID::GET_CARTCELL_CUTCELLS::REALLOCATE_LOCAL_FC_VARS,ALLOCATE,"AREAVARS_AUX(1:MAX_DIM+1,1:SIZE_CFELEM_FC+DELTA_FACE)",(variable:host:GET_CARTCELL_CUTCELLS),AREAVARS_AUX,"1:MAX_DIM+1,1:SIZE_CFELEM_FC+DELTA_FACE"
geom.f90,25853,COMPLEX_GEOMETRY_GRID::GET_CARTCELL_CUTCELLS::REALLOCATE_LOCAL_FC_VARS,ALLOCATE,"FACE_CELL_AUX(1:SIZE_VERTS_FC,1:SIZE_CFELEM_FC+DELTA_FACE)",(variable:host:GET_CARTCELL_CUTCELLS),FACE_CELL_AUX,"1:SIZE_VERTS_FC,1:SIZE_CFELEM_FC+DELTA_FACE"
geom.f90,25864,COMPLEX_GEOMETRY_GRID::GET_CARTCELL_CUTCELLS::REALLOCATE_LOCAL_FC_VARS,ALLOCATE,"FACE_LIST(1:CC_NPARAM_CCFACE,1:SIZE_CFELEM_FC)",(variable:host:GET_CARTCELL_CUTCELLS),FACE_LIST,"1:CC_NPARAM_CCFACE,1:SIZE_CFELEM_FC"
geom.f90,25865,COMPLEX_GEOMETRY_GRID::GET_CARTCELL_CUTCELLS::REALLOCATE_LOCAL_FC_VARS,ALLOCATE,"AREAVARS(1:MAX_DIM+1,1:SIZE_CFELEM_FC)",(variable:host:GET_CARTCELL_CUTCELLS),AREAVARS,"1:MAX_DIM+1,1:SIZE_CFELEM_FC"
geom.f90,25866,COMPLEX_GEOMETRY_GRID::GET_CARTCELL_CUTCELLS::REALLOCATE_LOCAL_FC_VARS,ALLOCATE,"FACE_CELL(1:SIZE_VERTS_FC,1:SIZE_CFELEM_FC)",(variable:host:GET_CARTCELL_CUTCELLS),FACE_CELL,"1:SIZE_VERTS_FC,1:SIZE_CFELEM_FC"
geom.f90,25880,COMPLEX_GEOMETRY_GRID::GET_CARTCELL_CUTCELLS::REALLOCATE_FACE_CELL_VERTS,ALLOCATE,"FACE_CELL_AUX(1:SIZE_VERTS_FC+DFCT*DELTA_VERT,1:SIZE_CFELEM_FC)",(variable:host:GET_CARTCELL_CUTCELLS),FACE_CELL_AUX,"1:SIZE_VERTS_FC+DFCT*DELTA_VERT,1:SIZE_CFELEM_FC"
geom.f90,25887,COMPLEX_GEOMETRY_GRID::GET_CARTCELL_CUTCELLS::REALLOCATE_FACE_CELL_VERTS,ALLOCATE,"FACE_CELL(1:SIZE_VERTS_FC,1:SIZE_CFELEM_FC)",(variable:host:GET_CARTCELL_CUTCELLS),FACE_CELL,"1:SIZE_VERTS_FC,1:SIZE_CFELEM_FC"
geom.f90,25891,COMPLEX_GEOMETRY_GRID::GET_CARTCELL_CUTCELLS::REALLOCATE_FACE_CELL_VERTS,ALLOCATE,FACE_CELL_DUM(1:SIZE_VERTS_FC),(variable:host:GET_CARTCELL_CUTCELLS),FACE_CELL_DUM,1:SIZE_VERTS_FC
geom.f90,25942,COMPLEX_GEOMETRY_GRID::GET_TRIANG_FACE_INT,ALLOCATE,"X2X3VERT(IAXIS:JAXIS,1:SIZE_X2X3VERT)",(variable:local),X2X3VERT,"IAXIS:JAXIS,1:SIZE_X2X3VERT"
geom.f90,25954,COMPLEX_GEOMETRY_GRID::GET_TRIANG_FACE_INT,ALLOCATE,"X2X3VERT(IAXIS:JAXIS,1:SIZE_X2X3VERT)",(variable:local),X2X3VERT,"IAXIS:JAXIS,1:SIZE_X2X3VERT"
geom.f90,26013,COMPLEX_GEOMETRY_GRID::GET_TRIANG_FACE_INT,ALLOCATE,"FVERT_IN_TRIANG(1:NFVERT,BODINT_PLANE%NTRIS)",(variable:local),FVERT_IN_TRIANG,"1:NFVERT,BODINT_PLANE%NTRIS"
geom.f90,26014,COMPLEX_GEOMETRY_GRID::GET_TRIANG_FACE_INT,ALLOCATE,"TRIVERT_IN_FACE(1:NTVERT,BODINT_PLANE%NTRIS)",(variable:local),TRIVERT_IN_FACE,"1:NTVERT,BODINT_PLANE%NTRIS"
geom.f90,26518,COMPLEX_GEOMETRY_GRID::INSERT_POINT_2D,ALLOCATE,"XYVERT_AUX(IAXIS:JAXIS,1:SIZE_XYVERT)",(variable:local),XYVERT_AUX,"IAXIS:JAXIS,1:SIZE_XYVERT"
geom.f90,26519,COMPLEX_GEOMETRY_GRID::INSERT_POINT_2D,ALLOCATE,"XYVERT(IAXIS:JAXIS,SIZE_XYVERT+DELTA_VERT)",(variable:local),XYVERT,"IAXIS:JAXIS,SIZE_XYVERT+DELTA_VERT"
geom.f90,26567,COMPLEX_GEOMETRY_GRID::CC_GRID_ALLOCATE_BUILD_SCRATCH_WORK,ALLOCATE,CC_SVAR_CRS(CC_MAXCROSS_X2),(variable:host:COMPLEX_GEOMETRY_GRID),CC_SVAR_CRS,CC_MAXCROSS_X2
geom.f90,26567,COMPLEX_GEOMETRY_GRID::CC_GRID_ALLOCATE_BUILD_SCRATCH_WORK,ALLOCATE,CC_IS_CRS(CC_MAXCROSS_X2),(variable:host:COMPLEX_GEOMETRY_GRID),CC_IS_CRS,CC_MAXCROSS_X2
geom.f90,26567,COMPLEX_GEOMETRY_GRID::CC_GRID_ALLOCATE_BUILD_SCRATCH_WORK,ALLOCATE,CC_SEG_CRS(CC_MAXCROSS_X2),(variable:host:COMPLEX_GEOMETRY_GRID),CC_SEG_CRS,CC_MAXCROSS_X2
geom.f90,26568,COMPLEX_GEOMETRY_GRID::CC_GRID_ALLOCATE_BUILD_SCRATCH_WORK,ALLOCATE,CC_BDNUM_CRS(0:CC_MAXCROSS_X2),(variable:host:COMPLEX_GEOMETRY_GRID),CC_BDNUM_CRS,0:CC_MAXCROSS_X2
geom.f90,26568,COMPLEX_GEOMETRY_GRID::CC_GRID_ALLOCATE_BUILD_SCRATCH_WORK,ALLOCATE,CC_BDNUM_CRS_AUX(0:CC_MAXCROSS_X2),(variable:host:COMPLEX_GEOMETRY_GRID),CC_BDNUM_CRS_AUX,0:CC_MAXCROSS_X2
geom.f90,26569,COMPLEX_GEOMETRY_GRID::CC_GRID_ALLOCATE_BUILD_SCRATCH_WORK,ALLOCATE,"CC_IS_CRS2(LOW_IND:HIGH_IND+1,CC_MAXCROSS_X2)",(variable:host:COMPLEX_GEOMETRY_GRID),CC_IS_CRS2,"LOW_IND:HIGH_IND+1,CC_MAXCROSS_X2"
geom.f90,26569,COMPLEX_GEOMETRY_GRID::CC_GRID_ALLOCATE_BUILD_SCRATCH_WORK,ALLOCATE,"CC_SEG_TAN(IAXIS:JAXIS,CC_MAXCROSS_X2)",(variable:host:COMPLEX_GEOMETRY_GRID),CC_SEG_TAN,"IAXIS:JAXIS,CC_MAXCROSS_X2"
geom.f90,26590,COMPLEX_GEOMETRY_GRID::CC_GRID_ALLOCATE_CELLRT,ALLOCATE,"CELLRT(ISTR:IEND,JSTR:JEND,KSTR:KEND)",(variable:host:COMPLEX_GEOMETRY_GRID),CELLRT,"ISTR:IEND,JSTR:JEND,KSTR:KEND"
geom.f90,26649,COMPLEX_GEOMETRY_GRID::CC_GRID_BUILD_CUTCELL_MESH_WORK,ALLOCATE,X1FACE(ISTR:IEND),(variable:host:COMPLEX_GEOMETRY_GRID),X1FACE,ISTR:IEND
geom.f90,26649,COMPLEX_GEOMETRY_GRID::CC_GRID_BUILD_CUTCELL_MESH_WORK,ALLOCATE,DX1FACE(ISTR:IEND),(variable:host:COMPLEX_GEOMETRY_GRID),DX1FACE,ISTR:IEND
geom.f90,26651,COMPLEX_GEOMETRY_GRID::CC_GRID_BUILD_CUTCELL_MESH_WORK,ALLOCATE,X2FACE(JSTR:JEND),(variable:host:COMPLEX_GEOMETRY_GRID),X2FACE,JSTR:JEND
geom.f90,26651,COMPLEX_GEOMETRY_GRID::CC_GRID_BUILD_CUTCELL_MESH_WORK,ALLOCATE,DX2FACE(JSTR:JEND),(variable:host:COMPLEX_GEOMETRY_GRID),DX2FACE,JSTR:JEND
geom.f90,26653,COMPLEX_GEOMETRY_GRID::CC_GRID_BUILD_CUTCELL_MESH_WORK,ALLOCATE,X3FACE(KSTR:KEND),(variable:host:COMPLEX_GEOMETRY_GRID),X3FACE,KSTR:KEND
geom.f90,26653,COMPLEX_GEOMETRY_GRID::CC_GRID_BUILD_CUTCELL_MESH_WORK,ALLOCATE,DX3FACE(KSTR:KEND),(variable:host:COMPLEX_GEOMETRY_GRID),DX3FACE,KSTR:KEND
geom.f90,26658,COMPLEX_GEOMETRY_GRID::CC_GRID_BUILD_CUTCELL_MESH_WORK,ALLOCATE,X2CELL(JSTR:JEND),(variable:host:COMPLEX_GEOMETRY_GRID),X2CELL,JSTR:JEND
geom.f90,26658,COMPLEX_GEOMETRY_GRID::CC_GRID_BUILD_CUTCELL_MESH_WORK,ALLOCATE,DX2CELL(JSTR:JEND),(variable:host:COMPLEX_GEOMETRY_GRID),DX2CELL,JSTR:JEND
geom.f90,26663,COMPLEX_GEOMETRY_GRID::CC_GRID_BUILD_CUTCELL_MESH_WORK,ALLOCATE,X3CELL(KSTR:KEND),(variable:host:COMPLEX_GEOMETRY_GRID),X3CELL,KSTR:KEND
geom.f90,26663,COMPLEX_GEOMETRY_GRID::CC_GRID_BUILD_CUTCELL_MESH_WORK,ALLOCATE,DX3CELL(KSTR:KEND),(variable:host:COMPLEX_GEOMETRY_GRID),DX3CELL,KSTR:KEND
geom.f90,26681,COMPLEX_GEOMETRY_GRID::CC_GRID_BUILD_CUTCELL_MESH_WORK,ALLOCATE,X1FACE(JSTR:JEND),(variable:host:COMPLEX_GEOMETRY_GRID),X1FACE,JSTR:JEND
geom.f90,26681,COMPLEX_GEOMETRY_GRID::CC_GRID_BUILD_CUTCELL_MESH_WORK,ALLOCATE,DX1FACE(JSTR:JEND),(variable:host:COMPLEX_GEOMETRY_GRID),DX1FACE,JSTR:JEND
geom.f90,26683,COMPLEX_GEOMETRY_GRID::CC_GRID_BUILD_CUTCELL_MESH_WORK,ALLOCATE,X2FACE(KSTR:KEND),(variable:host:COMPLEX_GEOMETRY_GRID),X2FACE,KSTR:KEND
geom.f90,26683,COMPLEX_GEOMETRY_GRID::CC_GRID_BUILD_CUTCELL_MESH_WORK,ALLOCATE,DX2FACE(KSTR:KEND),(variable:host:COMPLEX_GEOMETRY_GRID),DX2FACE,KSTR:KEND
geom.f90,26685,COMPLEX_GEOMETRY_GRID::CC_GRID_BUILD_CUTCELL_MESH_WORK,ALLOCATE,X3FACE(ISTR:IEND),(variable:host:COMPLEX_GEOMETRY_GRID),X3FACE,ISTR:IEND
geom.f90,26685,COMPLEX_GEOMETRY_GRID::CC_GRID_BUILD_CUTCELL_MESH_WORK,ALLOCATE,DX3FACE(ISTR:IEND),(variable:host:COMPLEX_GEOMETRY_GRID),DX3FACE,ISTR:IEND
geom.f90,26690,COMPLEX_GEOMETRY_GRID::CC_GRID_BUILD_CUTCELL_MESH_WORK,ALLOCATE,X2CELL(KSTR:KEND),(variable:host:COMPLEX_GEOMETRY_GRID),X2CELL,KSTR:KEND
geom.f90,26690,COMPLEX_GEOMETRY_GRID::CC_GRID_BUILD_CUTCELL_MESH_WORK,ALLOCATE,DX2CELL(KSTR:KEND),(variable:host:COMPLEX_GEOMETRY_GRID),DX2CELL,KSTR:KEND
geom.f90,26695,COMPLEX_GEOMETRY_GRID::CC_GRID_BUILD_CUTCELL_MESH_WORK,ALLOCATE,X3CELL(ISTR:IEND),(variable:host:COMPLEX_GEOMETRY_GRID),X3CELL,ISTR:IEND
geom.f90,26695,COMPLEX_GEOMETRY_GRID::CC_GRID_BUILD_CUTCELL_MESH_WORK,ALLOCATE,DX3CELL(ISTR:IEND),(variable:host:COMPLEX_GEOMETRY_GRID),DX3CELL,ISTR:IEND
geom.f90,26713,COMPLEX_GEOMETRY_GRID::CC_GRID_BUILD_CUTCELL_MESH_WORK,ALLOCATE,X1FACE(KSTR:KEND),(variable:host:COMPLEX_GEOMETRY_GRID),X1FACE,KSTR:KEND
geom.f90,26713,COMPLEX_GEOMETRY_GRID::CC_GRID_BUILD_CUTCELL_MESH_WORK,ALLOCATE,DX1FACE(KSTR:KEND),(variable:host:COMPLEX_GEOMETRY_GRID),DX1FACE,KSTR:KEND
geom.f90,26715,COMPLEX_GEOMETRY_GRID::CC_GRID_BUILD_CUTCELL_MESH_WORK,ALLOCATE,X2FACE(ISTR:IEND),(variable:host:COMPLEX_GEOMETRY_GRID),X2FACE,ISTR:IEND
geom.f90,26715,COMPLEX_GEOMETRY_GRID::CC_GRID_BUILD_CUTCELL_MESH_WORK,ALLOCATE,DX2FACE(ISTR:IEND),(variable:host:COMPLEX_GEOMETRY_GRID),DX2FACE,ISTR:IEND
geom.f90,26717,COMPLEX_GEOMETRY_GRID::CC_GRID_BUILD_CUTCELL_MESH_WORK,ALLOCATE,X3FACE(JSTR:JEND),(variable:host:COMPLEX_GEOMETRY_GRID),X3FACE,JSTR:JEND
geom.f90,26717,COMPLEX_GEOMETRY_GRID::CC_GRID_BUILD_CUTCELL_MESH_WORK,ALLOCATE,DX3FACE(JSTR:JEND),(variable:host:COMPLEX_GEOMETRY_GRID),DX3FACE,JSTR:JEND
geom.f90,26722,COMPLEX_GEOMETRY_GRID::CC_GRID_BUILD_CUTCELL_MESH_WORK,ALLOCATE,X2CELL(ISTR:IEND),(variable:host:COMPLEX_GEOMETRY_GRID),X2CELL,ISTR:IEND
geom.f90,26722,COMPLEX_GEOMETRY_GRID::CC_GRID_BUILD_CUTCELL_MESH_WORK,ALLOCATE,DX2CELL(ISTR:IEND),(variable:host:COMPLEX_GEOMETRY_GRID),DX2CELL,ISTR:IEND
geom.f90,26727,COMPLEX_GEOMETRY_GRID::CC_GRID_BUILD_CUTCELL_MESH_WORK,ALLOCATE,X3CELL(JSTR:JEND),(variable:host:COMPLEX_GEOMETRY_GRID),X3CELL,JSTR:JEND
geom.f90,26727,COMPLEX_GEOMETRY_GRID::CC_GRID_BUILD_CUTCELL_MESH_WORK,ALLOCATE,DX3CELL(JSTR:JEND),(variable:host:COMPLEX_GEOMETRY_GRID),DX3CELL,JSTR:JEND
geom.f90,26734,COMPLEX_GEOMETRY_GRID::CC_GRID_BUILD_CUTCELL_MESH_WORK,ALLOCATE,"FACERT(X2LO_CELL:X2HI_CELL,X3LO_CELL:X3HI_CELL)",(variable:host:COMPLEX_GEOMETRY_GRID),FACERT,"X2LO_CELL:X2HI_CELL,X3LO_CELL:X3HI_CELL"
geom.f90,26913,COMPLEX_GEOMETRY_GRID::CC_GRID_GET_REGULAR_CUTCELLS_BOX,ALLOCATE,"GEOMFACE(ISTR:IEND,JSTR:JEND,KSTR:KEND,MAX_DIM)",(variable:local),GEOMFACE,"ISTR:IEND,JSTR:JEND,KSTR:KEND,MAX_DIM"
geom.f90,26914,COMPLEX_GEOMETRY_GRID::CC_GRID_GET_REGULAR_CUTCELLS_BOX,ALLOCATE,"GEOMCELL(ISTR:IEND,JSTR:JEND,KSTR:KEND)",(variable:local),GEOMCELL,"ISTR:IEND,JSTR:JEND,KSTR:KEND"
geom.f90,27057,COMPLEX_GEOMETRY_GRID::CC_GRID_GET_REGULAR_CUTCELLS_BOX,ALLOCATE,"IJK_COUNTED(ISTR:IEND,JSTR:JEND,KSTR:KEND,IAXIS:KAXIS)",(variable:local),IJK_COUNTED,"ISTR:IEND,JSTR:JEND,KSTR:KEND,IAXIS:KAXIS"
geom.f90,27095,COMPLEX_GEOMETRY_GRID::CC_GRID_GET_REGULAR_CUTCELLS_BOX,ALLOCATE,X1FACE(ISTR:IEND),(variable:host:COMPLEX_GEOMETRY_GRID),X1FACE,ISTR:IEND
geom.f90,27096,COMPLEX_GEOMETRY_GRID::CC_GRID_GET_REGULAR_CUTCELLS_BOX,ALLOCATE,X2FACE(JSTR:JEND),(variable:host:COMPLEX_GEOMETRY_GRID),X2FACE,JSTR:JEND
geom.f90,27097,COMPLEX_GEOMETRY_GRID::CC_GRID_GET_REGULAR_CUTCELLS_BOX,ALLOCATE,X3FACE(KSTR:KEND),(variable:host:COMPLEX_GEOMETRY_GRID),X3FACE,KSTR:KEND
geom.f90,27123,COMPLEX_GEOMETRY_GRID::CC_GRID_GET_REGULAR_CUTCELLS_BOX,ALLOCATE,X1FACE(JSTR:JEND),(variable:host:COMPLEX_GEOMETRY_GRID),X1FACE,JSTR:JEND
geom.f90,27124,COMPLEX_GEOMETRY_GRID::CC_GRID_GET_REGULAR_CUTCELLS_BOX,ALLOCATE,X2FACE(KSTR:KEND),(variable:host:COMPLEX_GEOMETRY_GRID),X2FACE,KSTR:KEND
geom.f90,27125,COMPLEX_GEOMETRY_GRID::CC_GRID_GET_REGULAR_CUTCELLS_BOX,ALLOCATE,X3FACE(ISTR:IEND),(variable:host:COMPLEX_GEOMETRY_GRID),X3FACE,ISTR:IEND
geom.f90,27151,COMPLEX_GEOMETRY_GRID::CC_GRID_GET_REGULAR_CUTCELLS_BOX,ALLOCATE,X1FACE(KSTR:KEND),(variable:host:COMPLEX_GEOMETRY_GRID),X1FACE,KSTR:KEND
geom.f90,27152,COMPLEX_GEOMETRY_GRID::CC_GRID_GET_REGULAR_CUTCELLS_BOX,ALLOCATE,X2FACE(ISTR:IEND),(variable:host:COMPLEX_GEOMETRY_GRID),X2FACE,ISTR:IEND
geom.f90,27153,COMPLEX_GEOMETRY_GRID::CC_GRID_GET_REGULAR_CUTCELLS_BOX,ALLOCATE,X3FACE(JSTR:JEND),(variable:host:COMPLEX_GEOMETRY_GRID),X3FACE,JSTR:JEND
geom.f90,27267,COMPLEX_GEOMETRY_GRID::CC_GRID_GET_REGULAR_CUTCELLS_BOX,ALLOCATE,"IJK_COUNTED2(ISTR:IEND,JSTR:JEND,KSTR:KEND)",(variable:local),IJK_COUNTED2,"ISTR:IEND,JSTR:JEND,KSTR:KEND"
geom.f90,27461,COMPLEX_GEOMETRY_GRID::CC_GRID_GET_REGULAR_CUTCELLS_BOX,ALLOCATE,"IJK_COUNT(ILO_CELL-NGUARD:IHI_CELL+NGUARD,JLO_CELL-NGUARD:JHI_CELL+NGUARD,KLO_CELL-NGUARD:KHI_CELL+NGUARD)",(variable:local),IJK_COUNT,"ILO_CELL-NGUARD:IHI_CELL+NGUARD,JLO_CELL-NGUARD:JHI_CELL+NGUARD,KLO_CELL-NGUARD:KHI_CELL+NGUARD"
geom.f90,27702,COMPLEX_GEOMETRY_GRID::POINT_IN_CFACE,ALLOCATE,CFELEM(1:VERT_CUTFACE),(variable:local),CFELEM,1:VERT_CUTFACE
gsmv.f90,283,BOXTETRA_ROUTINES::GET_VERTTYPE,ALLOCATE,"VERT_TRILIST(NVERTS,MAXCOUNT+1)",(variable:local),VERT_TRILIST,"NVERTS,MAXCOUNT+1"
hvac.f90,209,HVAC_ROUTINES::READ_HVAC,ALLOCATE,"LEAK_PATH(0:N_ZONE,0:N_ZONE)",(variable:host:HVAC_ROUTINES),LEAK_PATH,"0:N_ZONE,0:N_ZONE"
hvac.f90,228,HVAC_ROUTINES::READ_HVAC,ALLOCATE,DUCT(N_DUCTS),(variable:use:MESH_POINTERS),DUCT,N_DUCTS
hvac.f90,230,HVAC_ROUTINES::READ_HVAC,ALLOCATE,DUCT_DR(N_DUCTS),(variable:use:GLOBAL_CONSTANTS),DUCT_DR,N_DUCTS
hvac.f90,233,HVAC_ROUTINES::READ_HVAC,ALLOCATE,DUCTNODE(N_DUCTNODES),(variable:use:MESH_POINTERS),DUCTNODE,N_DUCTNODES
hvac.f90,235,HVAC_ROUTINES::READ_HVAC,ALLOCATE,DUCTNODE_DR(N_DUCTNODES),(variable:use:GLOBAL_CONSTANTS),DUCTNODE_DR,N_DUCTNODES
hvac.f90,238,HVAC_ROUTINES::READ_HVAC,ALLOCATE,FILTER(N_FILTERS),(variable:use:MESH_POINTERS),FILTER,N_FILTERS
hvac.f90,240,HVAC_ROUTINES::READ_HVAC,ALLOCATE,FAN(N_FANS),(variable:use:MESH_POINTERS),FAN,N_FANS
hvac.f90,242,HVAC_ROUTINES::READ_HVAC,ALLOCATE,AIRCOIL(N_AIRCOILS),(variable:use:MESH_POINTERS),AIRCOIL,N_AIRCOILS
hvac.f90,246,HVAC_ROUTINES::READ_HVAC,ALLOCATE,"DUCT_NODE_A(N_DUCTS,2)",(variable:host:HVAC_ROUTINES),DUCT_NODE_A,"N_DUCTS,2"
hvac.f90,248,HVAC_ROUTINES::READ_HVAC,ALLOCATE,"NODE_DUCT_A(N_DUCTNODES,MAX_DUCTS)",(variable:host:HVAC_ROUTINES),NODE_DUCT_A,"N_DUCTNODES,MAX_DUCTS"
hvac.f90,250,HVAC_ROUTINES::READ_HVAC,ALLOCATE,NODE_FILTER_A(N_DUCTNODES),(variable:host:HVAC_ROUTINES),NODE_FILTER_A,N_DUCTNODES
hvac.f90,252,HVAC_ROUTINES::READ_HVAC,ALLOCATE,DUCT_FAN_A(N_DUCTS),(variable:host:HVAC_ROUTINES),DUCT_FAN_A,N_DUCTS
hvac.f90,254,HVAC_ROUTINES::READ_HVAC,ALLOCATE,DUCT_AIRCOIL_A(N_DUCTS),(variable:host:HVAC_ROUTINES),DUCT_AIRCOIL_A,N_DUCTS
hvac.f90,330,HVAC_ROUTINES::READ_HVAC,ALLOCATE,DU%ZZ(N_TRACKED_SPECIES),DUCT_TYPE,ZZ,N_TRACKED_SPECIES
hvac.f90,332,HVAC_ROUTINES::READ_HVAC,ALLOCATE,DU%ZZ_OLD(N_TRACKED_SPECIES),DUCT_TYPE,ZZ_OLD,N_TRACKED_SPECIES
hvac.f90,413,HVAC_ROUTINES::READ_HVAC,ALLOCATE,"DU%WAYPOINT_XYZ(DU%N_WAYPOINTS,3)",DUCT_TYPE,WAYPOINT_XYZ,"DU%N_WAYPOINTS,3"
hvac.f90,491,HVAC_ROUTINES::READ_HVAC,ALLOCATE,"DN%LOSS_ARRAY(MAX(2,DN%N_DUCTS),MAX(2,DN%N_DUCTS))",DUCTNODE_TYPE,LOSS_ARRAY,"MAX(2,DN%N_DUCTS),MAX(2,DN%N_DUCTS)"
hvac.f90,559,HVAC_ROUTINES::READ_HVAC,ALLOCATE,FILTER(I_FILTER)%EFFICIENCY(1:N_TRACKED_SPECIES),FILTER_TYPE,EFFICIENCY,1:N_TRACKED_SPECIES
hvac.f90,561,HVAC_ROUTINES::READ_HVAC,ALLOCATE,FILTER(I_FILTER)%MULTIPLIER(1:N_TRACKED_SPECIES),FILTER_TYPE,MULTIPLIER,1:N_TRACKED_SPECIES
hvac.f90,563,HVAC_ROUTINES::READ_HVAC,ALLOCATE,FILTER(I_FILTER)%INITIAL_LOADING(1:N_TRACKED_SPECIES),FILTER_TYPE,INITIAL_LOADING,1:N_TRACKED_SPECIES
hvac.f90,633,HVAC_ROUTINES::READ_HVAC,ALLOCATE,"DN%LOSS_ARRAY(2,2)",DUCTNODE_TYPE,LOSS_ARRAY,"2,2"
hvac.f90,673,HVAC_ROUTINES::READ_HVAC,ALLOCATE,"DN%LOSS_ARRAY(2,2)",DUCTNODE_TYPE,LOSS_ARRAY,"2,2"
hvac.f90,692,HVAC_ROUTINES::READ_HVAC,ALLOCATE,DU%ZZ(N_TRACKED_SPECIES),DUCT_TYPE,ZZ,N_TRACKED_SPECIES
hvac.f90,694,HVAC_ROUTINES::READ_HVAC,ALLOCATE,DU%ZZ_OLD(N_TRACKED_SPECIES),DUCT_TYPE,ZZ_OLD,N_TRACKED_SPECIES
hvac.f90,725,HVAC_ROUTINES::READ_HVAC,ALLOCATE,DUCT_QUANTITY_ARRAY(N_DUCT_QUANTITY),(variable:host:HVAC_ROUTINES),DUCT_QUANTITY_ARRAY,N_DUCT_QUANTITY
hvac.f90,743,HVAC_ROUTINES::READ_HVAC,ALLOCATE,NODE_QUANTITY_ARRAY(N_NODE_QUANTITY),(variable:host:HVAC_ROUTINES),NODE_QUANTITY_ARRAY,N_NODE_QUANTITY
hvac.f90,947,HVAC_ROUTINES::PROC_HVAC,ALLOCATE,LAGRANGIAN_PARTICLE_CLASS(N_LAGRANGIAN_CLASSES),(variable:use:MESH_POINTERS),LAGRANGIAN_PARTICLE_CLASS,N_LAGRANGIAN_CLASSES
hvac.f90,957,HVAC_ROUTINES::PROC_HVAC,ALLOCATE,TEMPALLOC(N_LAGRANGIAN_CLASSES),(variable:local),TEMPALLOC,N_LAGRANGIAN_CLASSES
hvac.f90,960,HVAC_ROUTINES::PROC_HVAC,ALLOCATE,LAGRANGIAN_PARTICLE_CLASS(N_LAGRANGIAN_CLASSES+1),(variable:use:MESH_POINTERS),LAGRANGIAN_PARTICLE_CLASS,N_LAGRANGIAN_CLASSES+1
hvac.f90,983,HVAC_ROUTINES::PROC_HVAC,ALLOCATE,DN%ZZ(N_TRACKED_SPECIES),DUCTNODE_TYPE,ZZ,N_TRACKED_SPECIES
hvac.f90,985,HVAC_ROUTINES::PROC_HVAC,ALLOCATE,DN%ZZ_OLD(N_TRACKED_SPECIES),DUCTNODE_TYPE,ZZ_OLD,N_TRACKED_SPECIES
hvac.f90,987,HVAC_ROUTINES::PROC_HVAC,ALLOCATE,DN%ZZ0(N_TRACKED_SPECIES),DUCTNODE_TYPE,ZZ0,N_TRACKED_SPECIES
hvac.f90,988,HVAC_ROUTINES::PROC_HVAC,ALLOCATE,DN%ZZ_V(N_TRACKED_SPECIES),DUCTNODE_TYPE,ZZ_V,N_TRACKED_SPECIES
hvac.f90,992,HVAC_ROUTINES::PROC_HVAC,ALLOCATE,DN%ZZ_SUM(N_TRACKED_SPECIES),DUCTNODE_TYPE,ZZ_SUM,N_TRACKED_SPECIES
hvac.f90,1147,HVAC_ROUTINES::PROC_HVAC,ALLOCATE,DN%DUCT_INDEX(DN%N_DUCTS),DUCTNODE_TYPE,DUCT_INDEX,DN%N_DUCTS
hvac.f90,1148,HVAC_ROUTINES::PROC_HVAC,ALLOCATE,DN%DIR(DN%N_DUCTS),DUCTNODE_TYPE,DIR,DN%N_DUCTS
hvac.f90,1188,HVAC_ROUTINES::PROC_HVAC,ALLOCATE,"DN%FILTER_LOADING(1:N_TRACKED_SPECIES,3)",DUCTNODE_TYPE,FILTER_LOADING,"1:N_TRACKED_SPECIES,3"
hvac.f90,1202,HVAC_ROUTINES::PROC_HVAC,ALLOCATE,"NODE_PROPERTIES(N_DUCTNODES,8+N_TRACKED_SPECIES)",(variable:host:HVAC_ROUTINES),NODE_PROPERTIES,"N_DUCTNODES,8+N_TRACKED_SPECIES"
hvac.f90,1213,HVAC_ROUTINES::PROC_HVAC,ALLOCATE,NODE_ZONE(1:N_DUCTNODES),(variable:host:HVAC_ROUTINES),NODE_ZONE,1:N_DUCTNODES
hvac.f90,1215,HVAC_ROUTINES::PROC_HVAC,ALLOCATE,NODE_TMP_EX(1:N_DUCTNODES),(variable:host:HVAC_ROUTINES),NODE_TMP_EX,1:N_DUCTNODES
hvac.f90,1216,HVAC_ROUTINES::PROC_HVAC,ALLOCATE,NODE_AREA_EX(1:N_DUCTNODES),(variable:host:HVAC_ROUTINES),NODE_AREA_EX,1:N_DUCTNODES
hvac.f90,1217,HVAC_ROUTINES::PROC_HVAC,ALLOCATE,"NODE_ZZ_EX(1:N_DUCTNODES,1:N_TRACKED_SPECIES)",(variable:host:HVAC_ROUTINES),NODE_ZZ_EX,"1:N_DUCTNODES,1:N_TRACKED_SPECIES"
hvac.f90,1223,HVAC_ROUTINES::PROC_HVAC,ALLOCATE,DUCT_MF(1:N_DUCTS),(variable:host:HVAC_ROUTINES),DUCT_MF,1:N_DUCTS
hvac.f90,1228,HVAC_ROUTINES::PROC_HVAC,ALLOCATE,"LHS(N_DUCTS+N_DUCTNODES,N_DUCTS+N_DUCTNODES)",(variable:host:HVAC_ROUTINES),LHS,"N_DUCTS+N_DUCTNODES,N_DUCTS+N_DUCTNODES"
hvac.f90,1229,HVAC_ROUTINES::PROC_HVAC,ALLOCATE,RHS(N_DUCTS+N_DUCTNODES),(variable:host:HVAC_ROUTINES),RHS,N_DUCTS+N_DUCTNODES
hvac.f90,1231,HVAC_ROUTINES::PROC_HVAC,ALLOCATE,NETWORK%DUCT_INDEX(N_DUCTS),NETWORK_TYPE,DUCT_INDEX,N_DUCTS
hvac.f90,1232,HVAC_ROUTINES::PROC_HVAC,ALLOCATE,NETWORK%NODE_INDEX(N_DUCTNODES),NETWORK_TYPE,NODE_INDEX,N_DUCTNODES
hvac.f90,1233,HVAC_ROUTINES::PROC_HVAC,ALLOCATE,NETWORK%MATRIX_INDEX(N_DUCTS+N_DUCTNODES),NETWORK_TYPE,MATRIX_INDEX,N_DUCTS+N_DUCTNODES
hvac.f90,1411,HVAC_ROUTINES::HVAC_CALC,ALLOCATE,DPSTAR(0:N_ZONE),(variable:host:HVAC_ROUTINES),DPSTAR,0:N_ZONE
hvac.f90,1565,HVAC_ROUTINES::MATRIX_SOLVE,ALLOCATE,"LHS_GAUSSJ(1:NE%N_MATRIX,1:NE%N_MATRIX)",(variable:local),LHS_GAUSSJ,"1:NE%N_MATRIX,1:NE%N_MATRIX"
hvac.f90,1567,HVAC_ROUTINES::MATRIX_SOLVE,ALLOCATE,RHS_GAUSSJ(1:NE%N_MATRIX),(variable:local),RHS_GAUSSJ,1:NE%N_MATRIX
hvac.f90,2737,HVAC_ROUTINES::FIND_NETWORKS,ALLOCATE,P_ZONE(NZ)%NODE_INDEX(N_DUCTNODES),P_ZONE_TYPE,NODE_INDEX,N_DUCTNODES
hvac.f90,3279,HVAC_ROUTINES::SET_INIT_HVAC,ALLOCATE,DU%RHO_C(DU%N_CELLS),DUCT_TYPE,RHO_C,DU%N_CELLS
hvac.f90,3280,HVAC_ROUTINES::SET_INIT_HVAC,ALLOCATE,DU%TMP_C(DU%N_CELLS),DUCT_TYPE,TMP_C,DU%N_CELLS
hvac.f90,3281,HVAC_ROUTINES::SET_INIT_HVAC,ALLOCATE,DU%CP_C(DU%N_CELLS),DUCT_TYPE,CP_C,DU%N_CELLS
hvac.f90,3282,HVAC_ROUTINES::SET_INIT_HVAC,ALLOCATE,"DU%ZZ_C(DU%N_CELLS,N_TRACKED_SPECIES)",DUCT_TYPE,ZZ_C,"DU%N_CELLS,N_TRACKED_SPECIES"
hvac.f90,3289,HVAC_ROUTINES::SET_INIT_HVAC,ALLOCATE,DU%RHO_C_OLD(DU%N_CELLS),DUCT_TYPE,RHO_C_OLD,DU%N_CELLS
hvac.f90,3290,HVAC_ROUTINES::SET_INIT_HVAC,ALLOCATE,DU%TMP_C_OLD(DU%N_CELLS),DUCT_TYPE,TMP_C_OLD,DU%N_CELLS
hvac.f90,3291,HVAC_ROUTINES::SET_INIT_HVAC,ALLOCATE,DU%CP_C_OLD(DU%N_CELLS),DUCT_TYPE,CP_C_OLD,DU%N_CELLS
hvac.f90,3292,HVAC_ROUTINES::SET_INIT_HVAC,ALLOCATE,"DU%ZZ_C_OLD(DU%N_CELLS,N_TRACKED_SPECIES)",DUCT_TYPE,ZZ_C_OLD,"DU%N_CELLS,N_TRACKED_SPECIES"
hvac.f90,3299,HVAC_ROUTINES::SET_INIT_HVAC,ALLOCATE,PSUM_TOT(N_ZONE),(variable:host:HVAC_ROUTINES),PSUM_TOT,N_ZONE
hvac.f90,3389,HVAC_ROUTINES::LEAKAGE_HVAC,ALLOCATE,DU%ZZ(N_TRACKED_SPECIES),DUCT_TYPE,ZZ,N_TRACKED_SPECIES
hvac.f90,3396,HVAC_ROUTINES::LEAKAGE_HVAC,ALLOCATE,DN1%DUCT_INDEX(1),DUCTNODE_TYPE,DUCT_INDEX,1
hvac.f90,3397,HVAC_ROUTINES::LEAKAGE_HVAC,ALLOCATE,DN1%DIR(1),DUCTNODE_TYPE,DIR,1
hvac.f90,3398,HVAC_ROUTINES::LEAKAGE_HVAC,ALLOCATE,"DN1%LOSS_ARRAY(2,2)",DUCTNODE_TYPE,LOSS_ARRAY,"2,2"
hvac.f90,3412,HVAC_ROUTINES::LEAKAGE_HVAC,ALLOCATE,DN2%DUCT_INDEX(1),DUCTNODE_TYPE,DUCT_INDEX,1
hvac.f90,3413,HVAC_ROUTINES::LEAKAGE_HVAC,ALLOCATE,DN2%DIR(1),DUCTNODE_TYPE,DIR,1
hvac.f90,3414,HVAC_ROUTINES::LEAKAGE_HVAC,ALLOCATE,"DN2%LOSS_ARRAY(2,2)",DUCTNODE_TYPE,LOSS_ARRAY,"2,2"
hvac.f90,3629,HVAC_ROUTINES::UPDATE_HVAC_MASS_TRANSPORT,ALLOCATE,"ZZ_F(0:MAX_CELLS,N_TRACKED_SPECIES)",(variable:local),ZZ_F,"0:MAX_CELLS,N_TRACKED_SPECIES"
hvac.f90,3630,HVAC_ROUTINES::UPDATE_HVAC_MASS_TRANSPORT,ALLOCATE,CPT_F(0:MAX_CELLS),(variable:local),CPT_F,0:MAX_CELLS
hvac.f90,3631,HVAC_ROUTINES::UPDATE_HVAC_MASS_TRANSPORT,ALLOCATE,CPT_C(MAX_CELLS),(variable:local),CPT_C,MAX_CELLS
hvac.f90,3632,HVAC_ROUTINES::UPDATE_HVAC_MASS_TRANSPORT,ALLOCATE,RHOCPT_C(MAX_CELLS),(variable:local),RHOCPT_C,MAX_CELLS
hvac.f90,3633,HVAC_ROUTINES::UPDATE_HVAC_MASS_TRANSPORT,ALLOCATE,"RHOZZ_C(MAX_CELLS,N_TRACKED_SPECIES)",(variable:local),RHOZZ_C,"MAX_CELLS,N_TRACKED_SPECIES"
hvac.f90,3716,HVAC_ROUTINES::EXAMINE_LOSSES,ALLOCATE,N_LOSS(N_DUCTNODES),(variable:local),N_LOSS,N_DUCTNODES
hvac.f90,3724,HVAC_ROUTINES::EXAMINE_LOSSES,ALLOCATE,"N_LOSS(NN)%LOSS(1,2)",N_LOSS_TEMP,LOSS,"1,2"
hvac.f90,3729,HVAC_ROUTINES::EXAMINE_LOSSES,ALLOCATE,"N_LOSS(NN)%LOSS(DN%N_DUCTS,DN%N_DUCTS)",N_LOSS_TEMP,LOSS,"DN%N_DUCTS,DN%N_DUCTS"
hvac.f90,4238,HVAC_ROUTINES::FIND_DUCTRUNS,ALLOCATE,DUCTRUN(N_DUCTRUNS),(variable:use:MESH_POINTERS),DUCTRUN,N_DUCTRUNS
hvac.f90,4246,HVAC_ROUTINES::FIND_DUCTRUNS,ALLOCATE,DUCTRUN(NR)%DUCT_INDEX(DUCTRUN(NR)%N_DUCTS),DUCTRUN_TYPE,DUCT_INDEX,DUCTRUN(NR)%N_DUCTS
hvac.f90,4247,HVAC_ROUTINES::FIND_DUCTRUNS,ALLOCATE,DUCTRUN(NR)%NODE_INDEX(DUCTRUN(NR)%N_DUCTNODES),DUCTRUN_TYPE,NODE_INDEX,DUCTRUN(NR)%N_DUCTNODES
hvac.f90,4287,HVAC_ROUTINES::FIND_DUCTRUNS,ALLOCATE,DUCTRUN(NR)%DUCT_M_INDEX(DUCTRUN(NR)%N_M_DUCTS),DUCTRUN_TYPE,DUCT_M_INDEX,DUCTRUN(NR)%N_M_DUCTS
hvac.f90,4298,HVAC_ROUTINES::FIND_DUCTRUNS,ALLOCATE,DUCTRUN(NR)%NODE_M_INDEX(DUCTRUN(NR)%N_M_DUCTNODES),DUCTRUN_TYPE,NODE_M_INDEX,DUCTRUN(NR)%N_M_DUCTNODES
hvac.f90,4311,HVAC_ROUTINES::FIND_DUCTRUNS,ALLOCATE,DUCTRUN(NR)%FAN_OPERATING(DUCTRUN(NR)%N_QFANS),DUCTRUN_TYPE,FAN_OPERATING,DUCTRUN(NR)%N_QFANS
hvac.f90,4313,HVAC_ROUTINES::FIND_DUCTRUNS,ALLOCATE,DUCTRUN(NR)%FAN_INDEX(DUCTRUN(NR)%N_QFANS),DUCTRUN_TYPE,FAN_INDEX,DUCTRUN(NR)%N_QFANS
hvac.f90,4319,HVAC_ROUTINES::FIND_DUCTRUNS,ALLOCATE,"DUCTRUN(NR)%RHO_D(DUCTRUN(NR)%N_DUCTS,0:DUCTRUN(NR)%N_QFANS)",DUCTRUN_TYPE,RHO_D,"DUCTRUN(NR)%N_DUCTS,0:DUCTRUN(NR)%N_QFANS"
hvac.f90,4320,HVAC_ROUTINES::FIND_DUCTRUNS,ALLOCATE,"DUCTRUN(NR)%TMP_D(DUCTRUN(NR)%N_DUCTS,0:DUCTRUN(NR)%N_QFANS)",DUCTRUN_TYPE,TMP_D,"DUCTRUN(NR)%N_DUCTS,0:DUCTRUN(NR)%N_QFANS"
hvac.f90,4321,HVAC_ROUTINES::FIND_DUCTRUNS,ALLOCATE,"DUCTRUN(NR)%CP_D(DUCTRUN(NR)%N_DUCTS,0:DUCTRUN(NR)%N_QFANS)",DUCTRUN_TYPE,CP_D,"DUCTRUN(NR)%N_DUCTS,0:DUCTRUN(NR)%N_QFANS"
hvac.f90,4322,HVAC_ROUTINES::FIND_DUCTRUNS,ALLOCATE,"DUCTRUN(NR)%ZZ_D(DUCTRUN(NR)%N_DUCTS,0:DUCTRUN(NR)%N_QFANS,N_TRACKED_SPECIES)",DUCTRUN_TYPE,ZZ_D,"DUCTRUN(NR)%N_DUCTS,0:DUCTRUN(NR)%N_QFANS,N_TRACKED_SPECIES"
hvac.f90,4323,HVAC_ROUTINES::FIND_DUCTRUNS,ALLOCATE,"DUCTRUN(NR)%LOSS(DUCTRUN(NR)%N_DUCTS,0:DUCTRUN(NR)%N_QFANS)",DUCTRUN_TYPE,LOSS,"DUCTRUN(NR)%N_DUCTS,0:DUCTRUN(NR)%N_QFANS"
hvac.f90,4324,HVAC_ROUTINES::FIND_DUCTRUNS,ALLOCATE,"DUCTRUN(NR)%VEL(DUCTRUN(NR)%N_M_DUCTS,0:DUCTRUN(NR)%N_QFANS,4)",DUCTRUN_TYPE,VEL,"DUCTRUN(NR)%N_M_DUCTS,0:DUCTRUN(NR)%N_QFANS,4"
hvac.f90,4338,HVAC_ROUTINES::FIND_DUCTRUNS,ALLOCATE,"DUCTRUN(NR)%P(DUCTRUN(NR)%N_M_DUCTNODES,0:DUCTRUN(NR)%N_QFANS,2)",DUCTRUN_TYPE,P,"DUCTRUN(NR)%N_M_DUCTNODES,0:DUCTRUN(NR)%N_QFANS,2"
hvac.f90,4339,HVAC_ROUTINES::FIND_DUCTRUNS,ALLOCATE,"DUCTRUN(NR)%RHO_N(DUCTRUN(NR)%N_DUCTNODES,0:DUCTRUN(NR)%N_QFANS)",DUCTRUN_TYPE,RHO_N,"DUCTRUN(NR)%N_DUCTNODES,0:DUCTRUN(NR)%N_QFANS"
hvac.f90,4340,HVAC_ROUTINES::FIND_DUCTRUNS,ALLOCATE,"DUCTRUN(NR)%TMP_N(DUCTRUN(NR)%N_DUCTNODES,0:DUCTRUN(NR)%N_QFANS)",DUCTRUN_TYPE,TMP_N,"DUCTRUN(NR)%N_DUCTNODES,0:DUCTRUN(NR)%N_QFANS"
hvac.f90,4341,HVAC_ROUTINES::FIND_DUCTRUNS,ALLOCATE,"DUCTRUN(NR)%CP_N(DUCTRUN(NR)%N_DUCTNODES,0:DUCTRUN(NR)%N_QFANS)",DUCTRUN_TYPE,CP_N,"DUCTRUN(NR)%N_DUCTNODES,0:DUCTRUN(NR)%N_QFANS"
hvac.f90,4342,HVAC_ROUTINES::FIND_DUCTRUNS,ALLOCATE,"DUCTRUN(NR)%ZZ_N(DUCTRUN(NR)%N_DUCTNODES,0:DUCTRUN(NR)%N_QFANS,N_TRACKED_SPECIES)",DUCTRUN_TYPE,ZZ_N,"DUCTRUN(NR)%N_DUCTNODES,0:DUCTRUN(NR)%N_QFANS,N_TRACKED_SPECIES"
hvac.f90,4405,HVAC_ROUTINES::MATRIX_SOLVE_QFAN,ALLOCATE,"LHS_GAUSSJ(1:DR%N_M_DUCTS+DR%N_M_DUCTNODES,1:DR%N_M_DUCTS+DR%N_M_DUCTNODES)",(variable:local),LHS_GAUSSJ,"1:DR%N_M_DUCTS+DR%N_M_DUCTNODES,1:DR%N_M_DUCTS+DR%N_M_DUCTNODES"
hvac.f90,4408,HVAC_ROUTINES::MATRIX_SOLVE_QFAN,ALLOCATE,RHS_GAUSSJ(1:DR%N_M_DUCTS+DR%N_M_DUCTNODES),(variable:local),RHS_GAUSSJ,1:DR%N_M_DUCTS+DR%N_M_DUCTNODES
init.f90,38,INIT::INITIALIZE_WALL_ARRAY,ALLOCATE,M%EXTERNAL_WALL(M%N_EXTERNAL_WALL_CELLS),MESH_TYPE,EXTERNAL_WALL,M%N_EXTERNAL_WALL_CELLS
init.f90,48,INIT::INITIALIZE_WALL_ARRAY,ALLOCATE,M%WALL(0:M%N_WALL_CELLS_DIM),MESH_TYPE,WALL,0:M%N_WALL_CELLS_DIM
init.f90,49,INIT::INITIALIZE_WALL_ARRAY,ALLOCATE,M%THIN_WALL(0:M%N_THIN_WALL_CELLS_DIM),MESH_TYPE,THIN_WALL,0:M%N_THIN_WALL_CELLS_DIM
init.f90,62,INIT::INITIALIZE_WALL_ARRAY,ALLOCATE,M%BOUNDARY_COORD_OCCUPANCY(M%N_BOUNDARY_COORD_DIM),MESH_TYPE,BOUNDARY_COORD_OCCUPANCY,M%N_BOUNDARY_COORD_DIM
init.f90,63,INIT::INITIALIZE_WALL_ARRAY,ALLOCATE,M%BOUNDARY_PROP1_OCCUPANCY(M%N_BOUNDARY_PROP1_DIM),MESH_TYPE,BOUNDARY_PROP1_OCCUPANCY,M%N_BOUNDARY_PROP1_DIM
init.f90,64,INIT::INITIALIZE_WALL_ARRAY,ALLOCATE,M%BOUNDARY_PROP2_OCCUPANCY(M%N_BOUNDARY_PROP2_DIM),MESH_TYPE,BOUNDARY_PROP2_OCCUPANCY,M%N_BOUNDARY_PROP2_DIM
init.f90,65,INIT::INITIALIZE_WALL_ARRAY,ALLOCATE,M%BOUNDARY_RADIA_OCCUPANCY(M%N_BOUNDARY_RADIA_DIM),MESH_TYPE,BOUNDARY_RADIA_OCCUPANCY,M%N_BOUNDARY_RADIA_DIM
init.f90,67,INIT::INITIALIZE_WALL_ARRAY,ALLOCATE,M%BOUNDARY_COORD(M%N_BOUNDARY_COORD_DIM),MESH_TYPE,BOUNDARY_COORD,M%N_BOUNDARY_COORD_DIM
init.f90,68,INIT::INITIALIZE_WALL_ARRAY,ALLOCATE,M%BOUNDARY_PROP1(M%N_BOUNDARY_PROP1_DIM),MESH_TYPE,BOUNDARY_PROP1,M%N_BOUNDARY_PROP1_DIM
init.f90,69,INIT::INITIALIZE_WALL_ARRAY,ALLOCATE,M%BOUNDARY_PROP2(M%N_BOUNDARY_PROP2_DIM),MESH_TYPE,BOUNDARY_PROP2,M%N_BOUNDARY_PROP2_DIM
init.f90,70,INIT::INITIALIZE_WALL_ARRAY,ALLOCATE,M%BOUNDARY_RADIA(M%N_BOUNDARY_RADIA_DIM),MESH_TYPE,BOUNDARY_RADIA,M%N_BOUNDARY_RADIA_DIM
init.f90,449,INIT::INITIALIZE_ATMOSPHERE,ALLOCATE,M%P_0(0:M%KBP1),MESH_TYPE,P_0,0:M%KBP1
init.f90,450,INIT::INITIALIZE_ATMOSPHERE,ALLOCATE,M%TMP_0(0:M%KBP1),MESH_TYPE,TMP_0,0:M%KBP1
init.f90,451,INIT::INITIALIZE_ATMOSPHERE,ALLOCATE,M%RHO_0(0:M%KBP1),MESH_TYPE,RHO_0,0:M%KBP1
init.f90,524,INIT::INITIALIZE_MESH_VARIABLES_1,ALLOCATE,"M%TMP(-1:IBP1+1,-1:JBP1+1,-1:KBP1+1)",MESH_TYPE,TMP,"-1:IBP1+1,-1:JBP1+1,-1:KBP1+1"
init.f90,525,INIT::INITIALIZE_MESH_VARIABLES_1,ALLOCATE,"M%RHO(-1:IBP1+1,-1:JBP1+1,-1:KBP1+1)",MESH_TYPE,RHO,"-1:IBP1+1,-1:JBP1+1,-1:KBP1+1"
init.f90,526,INIT::INITIALIZE_MESH_VARIABLES_1,ALLOCATE,"M%RHOS(-1:IBP1+1,-1:JBP1+1,-1:KBP1+1)",MESH_TYPE,RHOS,"-1:IBP1+1,-1:JBP1+1,-1:KBP1+1"
init.f90,527,INIT::INITIALIZE_MESH_VARIABLES_1,ALLOCATE,"M%ZZ(-1:IBP1+1,-1:JBP1+1,-1:KBP1+1,N_TOTAL_SCALARS)",MESH_TYPE,ZZ,"-1:IBP1+1,-1:JBP1+1,-1:KBP1+1,N_TOTAL_SCALARS"
init.f90,528,INIT::INITIALIZE_MESH_VARIABLES_1,ALLOCATE,"M%ZZS(-1:IBP1+1,-1:JBP1+1,-1:KBP1+1,N_TOTAL_SCALARS)",MESH_TYPE,ZZS,"-1:IBP1+1,-1:JBP1+1,-1:KBP1+1,N_TOTAL_SCALARS"
init.f90,529,INIT::INITIALIZE_MESH_VARIABLES_1,ALLOCATE,"M%WORK_PAD(-1:IBP1+1,-1:JBP1+1,-1:KBP1+1)",MESH_TYPE,WORK_PAD,"-1:IBP1+1,-1:JBP1+1,-1:KBP1+1"
init.f90,533,INIT::INITIALIZE_MESH_VARIABLES_1,ALLOCATE,"M%U(-1:IBP1,0:JBP1,0:KBP1)",MESH_TYPE,U,"-1:IBP1,0:JBP1,0:KBP1"
init.f90,534,INIT::INITIALIZE_MESH_VARIABLES_1,ALLOCATE,"M%V(0:IBP1,-1:JBP1,0:KBP1)",MESH_TYPE,V,"0:IBP1,-1:JBP1,0:KBP1"
init.f90,535,INIT::INITIALIZE_MESH_VARIABLES_1,ALLOCATE,"M%W(0:IBP1,0:JBP1,-1:KBP1)",MESH_TYPE,W,"0:IBP1,0:JBP1,-1:KBP1"
init.f90,536,INIT::INITIALIZE_MESH_VARIABLES_1,ALLOCATE,"M%US(-1:IBP1,0:JBP1,0:KBP1)",MESH_TYPE,US,"-1:IBP1,0:JBP1,0:KBP1"
init.f90,537,INIT::INITIALIZE_MESH_VARIABLES_1,ALLOCATE,"M%VS(0:IBP1,-1:JBP1,0:KBP1)",MESH_TYPE,VS,"0:IBP1,-1:JBP1,0:KBP1"
init.f90,538,INIT::INITIALIZE_MESH_VARIABLES_1,ALLOCATE,"M%WS(0:IBP1,0:JBP1,-1:KBP1)",MESH_TYPE,WS,"0:IBP1,0:JBP1,-1:KBP1"
init.f90,539,INIT::INITIALIZE_MESH_VARIABLES_1,ALLOCATE,"M%WORK_U(-1:IBP1,0:JBP1,0:KBP1)",MESH_TYPE,WORK_U,"-1:IBP1,0:JBP1,0:KBP1"
init.f90,540,INIT::INITIALIZE_MESH_VARIABLES_1,ALLOCATE,"M%WORK_V(0:IBP1,-1:JBP1,0:KBP1)",MESH_TYPE,WORK_V,"0:IBP1,-1:JBP1,0:KBP1"
init.f90,541,INIT::INITIALIZE_MESH_VARIABLES_1,ALLOCATE,"M%WORK_W(0:IBP1,0:JBP1,-1:KBP1)",MESH_TYPE,WORK_W,"0:IBP1,0:JBP1,-1:KBP1"
init.f90,543,INIT::INITIALIZE_MESH_VARIABLES_1,ALLOCATE,"M%FVX(0:IBP1,0:JBP1,0:KBP1)",MESH_TYPE,FVX,"0:IBP1,0:JBP1,0:KBP1"
init.f90,544,INIT::INITIALIZE_MESH_VARIABLES_1,ALLOCATE,"M%FVY(0:IBP1,0:JBP1,0:KBP1)",MESH_TYPE,FVY,"0:IBP1,0:JBP1,0:KBP1"
init.f90,545,INIT::INITIALIZE_MESH_VARIABLES_1,ALLOCATE,"M%FVZ(0:IBP1,0:JBP1,0:KBP1)",MESH_TYPE,FVZ,"0:IBP1,0:JBP1,0:KBP1"
init.f90,546,INIT::INITIALIZE_MESH_VARIABLES_1,ALLOCATE,"M%FVX_B(0:IBP1,0:JBP1,0:KBP1)",MESH_TYPE,FVX_B,"0:IBP1,0:JBP1,0:KBP1"
init.f90,547,INIT::INITIALIZE_MESH_VARIABLES_1,ALLOCATE,"M%FVY_B(0:IBP1,0:JBP1,0:KBP1)",MESH_TYPE,FVY_B,"0:IBP1,0:JBP1,0:KBP1"
init.f90,548,INIT::INITIALIZE_MESH_VARIABLES_1,ALLOCATE,"M%FVZ_B(0:IBP1,0:JBP1,0:KBP1)",MESH_TYPE,FVZ_B,"0:IBP1,0:JBP1,0:KBP1"
init.f90,551,INIT::INITIALIZE_MESH_VARIABLES_1,ALLOCATE,"M%FVX_D(0:IBP1,0:JBP1,0:KBP1)",MESH_TYPE,FVX_D,"0:IBP1,0:JBP1,0:KBP1"
init.f90,552,INIT::INITIALIZE_MESH_VARIABLES_1,ALLOCATE,"M%FVY_D(0:IBP1,0:JBP1,0:KBP1)",MESH_TYPE,FVY_D,"0:IBP1,0:JBP1,0:KBP1"
init.f90,553,INIT::INITIALIZE_MESH_VARIABLES_1,ALLOCATE,"M%FVZ_D(0:IBP1,0:JBP1,0:KBP1)",MESH_TYPE,FVZ_D,"0:IBP1,0:JBP1,0:KBP1"
init.f90,556,INIT::INITIALIZE_MESH_VARIABLES_1,ALLOCATE,"M%H(0:IBP1,0:JBP1,0:KBP1)",MESH_TYPE,H,"0:IBP1,0:JBP1,0:KBP1"
init.f90,557,INIT::INITIALIZE_MESH_VARIABLES_1,ALLOCATE,"M%HS(0:IBP1,0:JBP1,0:KBP1)",MESH_TYPE,HS,"0:IBP1,0:JBP1,0:KBP1"
init.f90,558,INIT::INITIALIZE_MESH_VARIABLES_1,ALLOCATE,"M%KRES(0:IBP1,0:JBP1,0:KBP1)",MESH_TYPE,KRES,"0:IBP1,0:JBP1,0:KBP1"
init.f90,559,INIT::INITIALIZE_MESH_VARIABLES_1,ALLOCATE,"M%DDDT(0:IBP1,0:JBP1,0:KBP1)",MESH_TYPE,DDDT,"0:IBP1,0:JBP1,0:KBP1"
init.f90,560,INIT::INITIALIZE_MESH_VARIABLES_1,ALLOCATE,"M%D(0:IBP1,0:JBP1,0:KBP1)",MESH_TYPE,D,"0:IBP1,0:JBP1,0:KBP1"
init.f90,561,INIT::INITIALIZE_MESH_VARIABLES_1,ALLOCATE,"M%DS(0:IBP1,0:JBP1,0:KBP1)",MESH_TYPE,DS,"0:IBP1,0:JBP1,0:KBP1"
init.f90,562,INIT::INITIALIZE_MESH_VARIABLES_1,ALLOCATE,"M%MU(0:IBP1,0:JBP1,0:KBP1)",MESH_TYPE,MU,"0:IBP1,0:JBP1,0:KBP1"
init.f90,563,INIT::INITIALIZE_MESH_VARIABLES_1,ALLOCATE,"M%MU_DNS(0:IBP1,0:JBP1,0:KBP1)",MESH_TYPE,MU_DNS,"0:IBP1,0:JBP1,0:KBP1"
init.f90,566,INIT::INITIALIZE_MESH_VARIABLES_1,ALLOCATE,"M%D_Z_MAX(0:IBP1,0:JBP1,0:KBP1)",MESH_TYPE,D_Z_MAX,"0:IBP1,0:JBP1,0:KBP1"
init.f90,569,INIT::INITIALIZE_MESH_VARIABLES_1,ALLOCATE,"M%STRAIN_RATE(0:IBP1,0:JBP1,0:KBP1)",MESH_TYPE,STRAIN_RATE,"0:IBP1,0:JBP1,0:KBP1"
init.f90,572,INIT::INITIALIZE_MESH_VARIABLES_1,ALLOCATE,"M%CSD2(0:IBP1,0:JBP1,0:KBP1)",MESH_TYPE,CSD2,"0:IBP1,0:JBP1,0:KBP1"
init.f90,575,INIT::INITIALIZE_MESH_VARIABLES_1,ALLOCATE,"M%CHEM_SUBIT(0:IBP1,0:JBP1,0:KBP1)",MESH_TYPE,CHEM_SUBIT,"0:IBP1,0:JBP1,0:KBP1"
init.f90,578,INIT::INITIALIZE_MESH_VARIABLES_1,ALLOCATE,"M%CHEM_ACTIVE_CELLS(IBP1*JBP1*KBP1,4)",MESH_TYPE,CHEM_ACTIVE_CELLS,"IBP1*JBP1*KBP1,4"
init.f90,581,INIT::INITIALIZE_MESH_VARIABLES_1,ALLOCATE,"M%Q(0:IBP1,0:JBP1,0:KBP1)",MESH_TYPE,Q,"0:IBP1,0:JBP1,0:KBP1"
init.f90,582,INIT::INITIALIZE_MESH_VARIABLES_1,ALLOCATE,"M%MIX_TIME(0:IBP1,0:JBP1,0:KBP1)",MESH_TYPE,MIX_TIME,"0:IBP1,0:JBP1,0:KBP1"
init.f90,586,INIT::INITIALIZE_MESH_VARIABLES_1,ALLOCATE,"M%PRESSURE_ZONE(0:IBP1,0:JBP1,0:KBP1)",MESH_TYPE,PRESSURE_ZONE,"0:IBP1,0:JBP1,0:KBP1"
init.f90,590,INIT::INITIALIZE_MESH_VARIABLES_1,ALLOCATE,"M%DEL_RHO_D_DEL_Z(0:IBP1,0:JBP1,0:KBP1,N_TOTAL_SCALARS)",MESH_TYPE,DEL_RHO_D_DEL_Z,"0:IBP1,0:JBP1,0:KBP1,N_TOTAL_SCALARS"
init.f90,594,INIT::INITIALIZE_MESH_VARIABLES_1,ALLOCATE,"M%REAC_SOURCE_TERM(0:IBP1,0:JBP1,0:KBP1,N_TRACKED_SPECIES)",MESH_TYPE,REAC_SOURCE_TERM,"0:IBP1,0:JBP1,0:KBP1,N_TRACKED_SPECIES"
init.f90,596,INIT::INITIALIZE_MESH_VARIABLES_1,ALLOCATE,"M%Q_REAC(0:IBP1,0:JBP1,0:KBP1,N_REACTIONS)",MESH_TYPE,Q_REAC,"0:IBP1,0:JBP1,0:KBP1,N_REACTIONS"
init.f90,599,INIT::INITIALIZE_MESH_VARIABLES_1,ALLOCATE,"M%RSUM(0:IBP1,0:JBP1,0:KBP1)",MESH_TYPE,RSUM,"0:IBP1,0:JBP1,0:KBP1"
init.f90,611,INIT::INITIALIZE_MESH_VARIABLES_1,ALLOCATE,"M%FX(0:IBP1,0:JBP1,0:KBP1,N_LOWER_SCALARS:N_TOTAL_SCALARS)",MESH_TYPE,FX,"0:IBP1,0:JBP1,0:KBP1,N_LOWER_SCALARS:N_TOTAL_SCALARS"
init.f90,612,INIT::INITIALIZE_MESH_VARIABLES_1,ALLOCATE,"M%FY(0:IBP1,0:JBP1,0:KBP1,N_LOWER_SCALARS:N_TOTAL_SCALARS)",MESH_TYPE,FY,"0:IBP1,0:JBP1,0:KBP1,N_LOWER_SCALARS:N_TOTAL_SCALARS"
init.f90,613,INIT::INITIALIZE_MESH_VARIABLES_1,ALLOCATE,"M%FZ(0:IBP1,0:JBP1,0:KBP1,N_LOWER_SCALARS:N_TOTAL_SCALARS)",MESH_TYPE,FZ,"0:IBP1,0:JBP1,0:KBP1,N_LOWER_SCALARS:N_TOTAL_SCALARS"
init.f90,618,INIT::INITIALIZE_MESH_VARIABLES_1,ALLOCATE,"M%ADV_FX(0:IBP1,0:JBP1,0:KBP1,1:N_TOTAL_SCALARS)",MESH_TYPE,ADV_FX,"0:IBP1,0:JBP1,0:KBP1,1:N_TOTAL_SCALARS"
init.f90,619,INIT::INITIALIZE_MESH_VARIABLES_1,ALLOCATE,"M%ADV_FY(0:IBP1,0:JBP1,0:KBP1,1:N_TOTAL_SCALARS)",MESH_TYPE,ADV_FY,"0:IBP1,0:JBP1,0:KBP1,1:N_TOTAL_SCALARS"
init.f90,620,INIT::INITIALIZE_MESH_VARIABLES_1,ALLOCATE,"M%ADV_FZ(0:IBP1,0:JBP1,0:KBP1,1:N_TOTAL_SCALARS)",MESH_TYPE,ADV_FZ,"0:IBP1,0:JBP1,0:KBP1,1:N_TOTAL_SCALARS"
init.f90,621,INIT::INITIALIZE_MESH_VARIABLES_1,ALLOCATE,"M%DIF_FX(0:IBP1,0:JBP1,0:KBP1,1:N_TOTAL_SCALARS)",MESH_TYPE,DIF_FX,"0:IBP1,0:JBP1,0:KBP1,1:N_TOTAL_SCALARS"
init.f90,622,INIT::INITIALIZE_MESH_VARIABLES_1,ALLOCATE,"M%DIF_FY(0:IBP1,0:JBP1,0:KBP1,1:N_TOTAL_SCALARS)",MESH_TYPE,DIF_FY,"0:IBP1,0:JBP1,0:KBP1,1:N_TOTAL_SCALARS"
init.f90,623,INIT::INITIALIZE_MESH_VARIABLES_1,ALLOCATE,"M%DIF_FZ(0:IBP1,0:JBP1,0:KBP1,1:N_TOTAL_SCALARS)",MESH_TYPE,DIF_FZ,"0:IBP1,0:JBP1,0:KBP1,1:N_TOTAL_SCALARS"
init.f90,624,INIT::INITIALIZE_MESH_VARIABLES_1,ALLOCATE,"M%DIF_FXS(0:IBP1,0:JBP1,0:KBP1,1:N_TOTAL_SCALARS)",MESH_TYPE,DIF_FXS,"0:IBP1,0:JBP1,0:KBP1,1:N_TOTAL_SCALARS"
init.f90,625,INIT::INITIALIZE_MESH_VARIABLES_1,ALLOCATE,"M%DIF_FYS(0:IBP1,0:JBP1,0:KBP1,1:N_TOTAL_SCALARS)",MESH_TYPE,DIF_FYS,"0:IBP1,0:JBP1,0:KBP1,1:N_TOTAL_SCALARS"
init.f90,626,INIT::INITIALIZE_MESH_VARIABLES_1,ALLOCATE,"M%DIF_FZS(0:IBP1,0:JBP1,0:KBP1,1:N_TOTAL_SCALARS)",MESH_TYPE,DIF_FZS,"0:IBP1,0:JBP1,0:KBP1,1:N_TOTAL_SCALARS"
init.f90,641,INIT::INITIALIZE_MESH_VARIABLES_1,ALLOCATE,"M%PP_RESIDUAL(0:IBP1,0:JBP1,0:KBP1)",MESH_TYPE,PP_RESIDUAL,"0:IBP1,0:JBP1,0:KBP1"
init.f90,647,INIT::INITIALIZE_MESH_VARIABLES_1,ALLOCATE,"M%CCVELDIV(0:IBP1,0:JBP1,0:KBP1)",MESH_TYPE,CCVELDIV,"0:IBP1,0:JBP1,0:KBP1"
init.f90,651,INIT::INITIALIZE_MESH_VARIABLES_1,ALLOCATE,"M%CARTVELDIV(0:IBP1,0:JBP1,0:KBP1)",MESH_TYPE,CARTVELDIV,"0:IBP1,0:JBP1,0:KBP1"
init.f90,657,INIT::INITIALIZE_MESH_VARIABLES_1,ALLOCATE,"M%QR_W(0:IBP1,0:JBP1,0:KBP1)",MESH_TYPE,QR_W,"0:IBP1,0:JBP1,0:KBP1"
init.f90,658,INIT::INITIALIZE_MESH_VARIABLES_1,ALLOCATE,"M%AVG_DROP_DEN(0:IBP1,0:JBP1,0:KBP1,N_LP_ARRAY_INDICES)",MESH_TYPE,AVG_DROP_DEN,"0:IBP1,0:JBP1,0:KBP1,N_LP_ARRAY_INDICES"
init.f90,659,INIT::INITIALIZE_MESH_VARIABLES_1,ALLOCATE,"M%AVG_DROP_AREA(0:IBP1,0:JBP1,0:KBP1,N_LP_ARRAY_INDICES)",MESH_TYPE,AVG_DROP_AREA,"0:IBP1,0:JBP1,0:KBP1,N_LP_ARRAY_INDICES"
init.f90,660,INIT::INITIALIZE_MESH_VARIABLES_1,ALLOCATE,"M%AVG_DROP_TMP(0:IBP1,0:JBP1,0:KBP1,N_LP_ARRAY_INDICES)",MESH_TYPE,AVG_DROP_TMP,"0:IBP1,0:JBP1,0:KBP1,N_LP_ARRAY_INDICES"
init.f90,661,INIT::INITIALIZE_MESH_VARIABLES_1,ALLOCATE,"M%AVG_DROP_RAD(0:IBP1,0:JBP1,0:KBP1,N_LP_ARRAY_INDICES)",MESH_TYPE,AVG_DROP_RAD,"0:IBP1,0:JBP1,0:KBP1,N_LP_ARRAY_INDICES"
init.f90,670,INIT::INITIALIZE_MESH_VARIABLES_1,ALLOCATE,"M%D_SOURCE(0:IBP1,0:JBP1,0:KBP1)",MESH_TYPE,D_SOURCE,"0:IBP1,0:JBP1,0:KBP1"
init.f90,671,INIT::INITIALIZE_MESH_VARIABLES_1,ALLOCATE,"M%M_DOT_PPP(0:IBP1,0:JBP1,0:KBP1,1:N_TRACKED_SPECIES)",MESH_TYPE,M_DOT_PPP,"0:IBP1,0:JBP1,0:KBP1,1:N_TRACKED_SPECIES"
init.f90,677,INIT::INITIALIZE_MESH_VARIABLES_1,ALLOCATE,"M%CHI_R(0:IBP1,0:JBP1,0:KBP1)",MESH_TYPE,CHI_R,"0:IBP1,0:JBP1,0:KBP1"
init.f90,678,INIT::INITIALIZE_MESH_VARIABLES_1,ALLOCATE,"M%QR(0:IBP1,0:JBP1,0:KBP1)",MESH_TYPE,QR,"0:IBP1,0:JBP1,0:KBP1"
init.f90,679,INIT::INITIALIZE_MESH_VARIABLES_1,ALLOCATE,"M%KAPPA_GAS(0:IBP1,0:JBP1,0:KBP1)",MESH_TYPE,KAPPA_GAS,"0:IBP1,0:JBP1,0:KBP1"
init.f90,680,INIT::INITIALIZE_MESH_VARIABLES_1,ALLOCATE,"M%UII(0:IBP1,0:JBP1,0:KBP1)",MESH_TYPE,UII,"0:IBP1,0:JBP1,0:KBP1"
init.f90,683,INIT::INITIALIZE_MESH_VARIABLES_1,ALLOCATE,"M%RADIATION_EMISSION(0:IBP1,0:JBP1,0:KBP1)",MESH_TYPE,RADIATION_EMISSION,"0:IBP1,0:JBP1,0:KBP1"
init.f90,685,INIT::INITIALIZE_MESH_VARIABLES_1,ALLOCATE,"M%RADIATION_ABSORPTION(0:IBP1,0:JBP1,0:KBP1)",MESH_TYPE,RADIATION_ABSORPTION,"0:IBP1,0:JBP1,0:KBP1"
init.f90,691,INIT::INITIALIZE_MESH_VARIABLES_1,ALLOCATE,"M%WORK1(0:IBP1,0:JBP1,0:KBP1)",MESH_TYPE,WORK1,"0:IBP1,0:JBP1,0:KBP1"
init.f90,692,INIT::INITIALIZE_MESH_VARIABLES_1,ALLOCATE,"M%WORK2(0:IBP1,0:JBP1,0:KBP1)",MESH_TYPE,WORK2,"0:IBP1,0:JBP1,0:KBP1"
init.f90,693,INIT::INITIALIZE_MESH_VARIABLES_1,ALLOCATE,"M%WORK3(0:IBP1,0:JBP1,0:KBP1)",MESH_TYPE,WORK3,"0:IBP1,0:JBP1,0:KBP1"
init.f90,694,INIT::INITIALIZE_MESH_VARIABLES_1,ALLOCATE,"M%WORK4(0:IBP1,0:JBP1,0:KBP1)",MESH_TYPE,WORK4,"0:IBP1,0:JBP1,0:KBP1"
init.f90,695,INIT::INITIALIZE_MESH_VARIABLES_1,ALLOCATE,"M%WORK5(0:IBP1,0:JBP1,0:KBP1)",MESH_TYPE,WORK5,"0:IBP1,0:JBP1,0:KBP1"
init.f90,696,INIT::INITIALIZE_MESH_VARIABLES_1,ALLOCATE,"M%WORK6(0:IBP1,0:JBP1,0:KBP1)",MESH_TYPE,WORK6,"0:IBP1,0:JBP1,0:KBP1"
init.f90,697,INIT::INITIALIZE_MESH_VARIABLES_1,ALLOCATE,"M%WORK7(0:IBP1,0:JBP1,0:KBP1)",MESH_TYPE,WORK7,"0:IBP1,0:JBP1,0:KBP1"
init.f90,698,INIT::INITIALIZE_MESH_VARIABLES_1,ALLOCATE,"M%WORK8(0:IBP1,0:JBP1,0:KBP1)",MESH_TYPE,WORK8,"0:IBP1,0:JBP1,0:KBP1"
init.f90,699,INIT::INITIALIZE_MESH_VARIABLES_1,ALLOCATE,"M%WORK9(0:IBP1,0:JBP1,0:KBP1)",MESH_TYPE,WORK9,"0:IBP1,0:JBP1,0:KBP1"
init.f90,701,INIT::INITIALIZE_MESH_VARIABLES_1,ALLOCATE,"M%IWORK1(0:IBP1,0:JBP1,0:KBP1)",MESH_TYPE,IWORK1,"0:IBP1,0:JBP1,0:KBP1"
init.f90,702,INIT::INITIALIZE_MESH_VARIABLES_1,ALLOCATE,"M%SWORK1(0:IBP1,0:JBP1,0:KBP1,N_LOWER_SCALARS:N_TOTAL_SCALARS)",MESH_TYPE,SWORK1,"0:IBP1,0:JBP1,0:KBP1,N_LOWER_SCALARS:N_TOTAL_SCALARS"
init.f90,703,INIT::INITIALIZE_MESH_VARIABLES_1,ALLOCATE,"M%SWORK2(0:IBP1,0:JBP1,0:KBP1,N_LOWER_SCALARS:N_TOTAL_SCALARS)",MESH_TYPE,SWORK2,"0:IBP1,0:JBP1,0:KBP1,N_LOWER_SCALARS:N_TOTAL_SCALARS"
init.f90,704,INIT::INITIALIZE_MESH_VARIABLES_1,ALLOCATE,"M%SWORK3(0:IBP1,0:JBP1,0:KBP1,N_LOWER_SCALARS:N_TOTAL_SCALARS)",MESH_TYPE,SWORK3,"0:IBP1,0:JBP1,0:KBP1,N_LOWER_SCALARS:N_TOTAL_SCALARS"
init.f90,705,INIT::INITIALIZE_MESH_VARIABLES_1,ALLOCATE,"M%SWORK4(0:IBP1,0:JBP1,0:KBP1,1:N_TOTAL_SCALARS)",MESH_TYPE,SWORK4,"0:IBP1,0:JBP1,0:KBP1,1:N_TOTAL_SCALARS"
init.f90,718,INIT::INITIALIZE_MESH_VARIABLES_1,ALLOCATE,M%U_WIND(0:M%KBP1),MESH_TYPE,U_WIND,0:M%KBP1
init.f90,719,INIT::INITIALIZE_MESH_VARIABLES_1,ALLOCATE,M%V_WIND(0:M%KBP1),MESH_TYPE,V_WIND,0:M%KBP1
init.f90,720,INIT::INITIALIZE_MESH_VARIABLES_1,ALLOCATE,M%W_WIND(0:M%KBP1),MESH_TYPE,W_WIND,0:M%KBP1
init.f90,799,INIT::INITIALIZE_MESH_VARIABLES_1,ALLOCATE,"M%LES_FILTER_WIDTH(0:IBP1,0:JBP1,0:KBP1)",MESH_TYPE,LES_FILTER_WIDTH,"0:IBP1,0:JBP1,0:KBP1"
init.f90,854,INIT::INITIALIZE_MESH_VARIABLES_1,ALLOCATE,"M%UIID(0:M%IBP1,0:M%JBP1,0:M%KBP1,1:UIIDIM)",MESH_TYPE,UIID,"0:M%IBP1,0:M%JBP1,0:M%KBP1,1:UIIDIM"
init.f90,925,INIT::INITIALIZE_MESH_VARIABLES_1,ALLOCATE,M%PARTICLE_LAST(N_LAGRANGIAN_CLASSES),MESH_TYPE,PARTICLE_LAST,N_LAGRANGIAN_CLASSES
init.f90,930,INIT::INITIALIZE_MESH_VARIABLES_1,ALLOCATE,M%LAGRANGIAN_PARTICLE(M%NLPDIM),MESH_TYPE,LAGRANGIAN_PARTICLE,M%NLPDIM
init.f90,940,INIT::INITIALIZE_MESH_VARIABLES_1,ALLOCATE,"VT%U_EDDY(VT%J1+1:VT%J2,VT%K1+1:VT%K2)",VENTS_TYPE,U_EDDY,"VT%J1+1:VT%J2,VT%K1+1:VT%K2"
init.f90,941,INIT::INITIALIZE_MESH_VARIABLES_1,ALLOCATE,"VT%V_EDDY(VT%J1+1:VT%J2,VT%K1+1:VT%K2)",VENTS_TYPE,V_EDDY,"VT%J1+1:VT%J2,VT%K1+1:VT%K2"
init.f90,942,INIT::INITIALIZE_MESH_VARIABLES_1,ALLOCATE,"VT%W_EDDY(VT%J1+1:VT%J2,VT%K1+1:VT%K2)",VENTS_TYPE,W_EDDY,"VT%J1+1:VT%J2,VT%K1+1:VT%K2"
init.f90,944,INIT::INITIALIZE_MESH_VARIABLES_1,ALLOCATE,"VT%U_EDDY(VT%I1+1:VT%I2,VT%K1+1:VT%K2)",VENTS_TYPE,U_EDDY,"VT%I1+1:VT%I2,VT%K1+1:VT%K2"
init.f90,945,INIT::INITIALIZE_MESH_VARIABLES_1,ALLOCATE,"VT%V_EDDY(VT%I1+1:VT%I2,VT%K1+1:VT%K2)",VENTS_TYPE,V_EDDY,"VT%I1+1:VT%I2,VT%K1+1:VT%K2"
init.f90,946,INIT::INITIALIZE_MESH_VARIABLES_1,ALLOCATE,"VT%W_EDDY(VT%I1+1:VT%I2,VT%K1+1:VT%K2)",VENTS_TYPE,W_EDDY,"VT%I1+1:VT%I2,VT%K1+1:VT%K2"
init.f90,948,INIT::INITIALIZE_MESH_VARIABLES_1,ALLOCATE,"VT%U_EDDY(VT%I1+1:VT%I2,VT%J1+1:VT%J2)",VENTS_TYPE,U_EDDY,"VT%I1+1:VT%I2,VT%J1+1:VT%J2"
init.f90,949,INIT::INITIALIZE_MESH_VARIABLES_1,ALLOCATE,"VT%V_EDDY(VT%I1+1:VT%I2,VT%J1+1:VT%J2)",VENTS_TYPE,V_EDDY,"VT%I1+1:VT%I2,VT%J1+1:VT%J2"
init.f90,950,INIT::INITIALIZE_MESH_VARIABLES_1,ALLOCATE,"VT%W_EDDY(VT%I1+1:VT%I2,VT%J1+1:VT%J2)",VENTS_TYPE,W_EDDY,"VT%I1+1:VT%I2,VT%J1+1:VT%J2"
init.f90,952,INIT::INITIALIZE_MESH_VARIABLES_1,ALLOCATE,VT%X_EDDY(VT%N_EDDY),VENTS_TYPE,X_EDDY,VT%N_EDDY
init.f90,953,INIT::INITIALIZE_MESH_VARIABLES_1,ALLOCATE,VT%Y_EDDY(VT%N_EDDY),VENTS_TYPE,Y_EDDY,VT%N_EDDY
init.f90,954,INIT::INITIALIZE_MESH_VARIABLES_1,ALLOCATE,VT%Z_EDDY(VT%N_EDDY),VENTS_TYPE,Z_EDDY,VT%N_EDDY
init.f90,955,INIT::INITIALIZE_MESH_VARIABLES_1,ALLOCATE,VT%CU_EDDY(VT%N_EDDY),VENTS_TYPE,CU_EDDY,VT%N_EDDY
init.f90,956,INIT::INITIALIZE_MESH_VARIABLES_1,ALLOCATE,VT%CV_EDDY(VT%N_EDDY),VENTS_TYPE,CV_EDDY,VT%N_EDDY
init.f90,957,INIT::INITIALIZE_MESH_VARIABLES_1,ALLOCATE,VT%CW_EDDY(VT%N_EDDY),VENTS_TYPE,CW_EDDY,VT%N_EDDY
init.f90,972,INIT::INITIALIZE_MESH_VARIABLES_1,ALLOCATE,M%UVW_SAVE(M%N_EXTERNAL_WALL_CELLS),MESH_TYPE,UVW_SAVE,M%N_EXTERNAL_WALL_CELLS
init.f90,974,INIT::INITIALIZE_MESH_VARIABLES_1,ALLOCATE,M%U_GHOST(M%N_EXTERNAL_WALL_CELLS),MESH_TYPE,U_GHOST,M%N_EXTERNAL_WALL_CELLS
init.f90,975,INIT::INITIALIZE_MESH_VARIABLES_1,ALLOCATE,M%V_GHOST(M%N_EXTERNAL_WALL_CELLS),MESH_TYPE,V_GHOST,M%N_EXTERNAL_WALL_CELLS
init.f90,976,INIT::INITIALIZE_MESH_VARIABLES_1,ALLOCATE,M%W_GHOST(M%N_EXTERNAL_WALL_CELLS),MESH_TYPE,W_GHOST,M%N_EXTERNAL_WALL_CELLS
init.f90,1034,INIT::INITIALIZE_MESH_VARIABLES_2,ALLOCATE,M%WALL_WORK1(M%N_WALL_CELLS),MESH_TYPE,WALL_WORK1,M%N_WALL_CELLS
init.f90,1038,INIT::INITIALIZE_MESH_VARIABLES_2,ALLOCATE,M%WALL_WORK2(M%N_WALL_CELLS),MESH_TYPE,WALL_WORK2,M%N_WALL_CELLS
init.f90,1044,INIT::INITIALIZE_MESH_VARIABLES_2,ALLOCATE,"M%PBAR(0:KBP1,0:N_ZONE)",MESH_TYPE,PBAR,"0:KBP1,0:N_ZONE"
init.f90,1045,INIT::INITIALIZE_MESH_VARIABLES_2,ALLOCATE,"M%PBAR_S(0:KBP1,0:N_ZONE)",MESH_TYPE,PBAR_S,"0:KBP1,0:N_ZONE"
init.f90,1046,INIT::INITIALIZE_MESH_VARIABLES_2,ALLOCATE,"M%R_PBAR(0:KBP1,0:N_ZONE)",MESH_TYPE,R_PBAR,"0:KBP1,0:N_ZONE"
init.f90,1047,INIT::INITIALIZE_MESH_VARIABLES_2,ALLOCATE,M%D_PBAR_DT(0:N_ZONE),MESH_TYPE,D_PBAR_DT,0:N_ZONE
init.f90,1048,INIT::INITIALIZE_MESH_VARIABLES_2,ALLOCATE,M%D_PBAR_DT_S(0:N_ZONE),MESH_TYPE,D_PBAR_DT_S,0:N_ZONE
init.f90,1049,INIT::INITIALIZE_MESH_VARIABLES_2,ALLOCATE,M%U_LEAK(0:N_ZONE),MESH_TYPE,U_LEAK,0:N_ZONE
init.f90,1197,INIT::INITIALIZE_MESH_VARIABLES_2,ALLOCATE,M%STRING(M%N_STRINGS_MAX),MESH_TYPE,STRING,M%N_STRINGS_MAX
init.f90,1216,INIT::INITIALIZE_MESH_VARIABLES_2,ALLOCATE,M%FIRE_ARRIVAL_TIME(1:M%N_INTERNAL_WALL_CELLS+M%N_EXTERNAL_WALL_CELLS+M%N_INTERNAL_CFACE_CELLS),MESH_TYPE,FIRE_ARRIVAL_TIME,1:M%N_INTERNAL_WALL_CELLS+M%N_EXTERNAL_WALL_CELLS+M%N_INTERNAL_CFACE_CELLS
init.f90,1220,INIT::INITIALIZE_MESH_VARIABLES_2,ALLOCATE,M%FIRE_RESIDENCE_TIME(1:M%N_INTERNAL_WALL_CELLS+M%N_EXTERNAL_WALL_CELLS+M%N_INTERNAL_CFACE_CELLS),MESH_TYPE,FIRE_RESIDENCE_TIME,1:M%N_INTERNAL_WALL_CELLS+M%N_EXTERNAL_WALL_CELLS+M%N_INTERNAL_CFACE_CELLS
init.f90,1224,INIT::INITIALIZE_MESH_VARIABLES_2,ALLOCATE,M%LS_SPREAD_RATE(1:M%N_INTERNAL_WALL_CELLS+M%N_EXTERNAL_WALL_CELLS+M%N_INTERNAL_CFACE_CELLS),MESH_TYPE,LS_SPREAD_RATE,1:M%N_INTERNAL_WALL_CELLS+M%N_EXTERNAL_WALL_CELLS+M%N_INTERNAL_CFACE_CELLS
init.f90,1569,INIT::INITIALIZE_MESH_VARIABLES_2::INITIALIZE_INTERPOLATION,ALLOCATE,"M%INTERPOLATED_MESH(1:M%IBAR,1:M%JBAR,1:M%KBAR)",MESH_TYPE,INTERPOLATED_MESH,"1:M%IBAR,1:M%JBAR,1:M%KBAR"
init.f90,1686,INIT::REALLOCATE_ONE_D_ARRAYS,ALLOCATE,ONE_D%MIN_DIFFUSIVITY(1:ONE_D%N_LAYERS),BOUNDARY_ONE_D_TYPE,MIN_DIFFUSIVITY,1:ONE_D%N_LAYERS
init.f90,1692,INIT::REALLOCATE_ONE_D_ARRAYS,ALLOCATE,LAYER_DENSITY(ONE_D%N_LAYERS),(variable:local),LAYER_DENSITY,ONE_D%N_LAYERS
init.f90,1738,INIT::REALLOCATE_ONE_D_ARRAYS,ALLOCATE,LAYER_INDEX(0:ONE_D%N_CELLS_MAX+1),(variable:local),LAYER_INDEX,0:ONE_D%N_CELLS_MAX+1
init.f90,1747,INIT::REALLOCATE_ONE_D_ARRAYS,ALLOCATE,ONE_D%M_DOT_S_PP(0:ONE_D%N_MATL),BOUNDARY_ONE_D_TYPE,M_DOT_S_PP,0:ONE_D%N_MATL
init.f90,1748,INIT::REALLOCATE_ONE_D_ARRAYS,ALLOCATE,ONE_D%X(0:ONE_D%N_CELLS_MAX),BOUNDARY_ONE_D_TYPE,X,0:ONE_D%N_CELLS_MAX
init.f90,1749,INIT::REALLOCATE_ONE_D_ARRAYS,ALLOCATE,ONE_D%TMP(0:ONE_D%N_CELLS_MAX+1),BOUNDARY_ONE_D_TYPE,TMP,0:ONE_D%N_CELLS_MAX+1
init.f90,1750,INIT::REALLOCATE_ONE_D_ARRAYS,ALLOCATE,ONE_D%DELTA_TMP(0:ONE_D%N_CELLS_MAX+1),BOUNDARY_ONE_D_TYPE,DELTA_TMP,0:ONE_D%N_CELLS_MAX+1
init.f90,1752,INIT::REALLOCATE_ONE_D_ARRAYS,ALLOCATE,ONE_D%RHO_C_S(ONE_D%N_CELLS_MAX),BOUNDARY_ONE_D_TYPE,RHO_C_S,ONE_D%N_CELLS_MAX
init.f90,1753,INIT::REALLOCATE_ONE_D_ARRAYS,ALLOCATE,ONE_D%K_S(0:ONE_D%N_CELLS_MAX+1),BOUNDARY_ONE_D_TYPE,K_S,0:ONE_D%N_CELLS_MAX+1
init.f90,1756,INIT::REALLOCATE_ONE_D_ARRAYS,ALLOCATE,ONE_D%MATL_COMP(NN)%RHO(0:ONE_D%N_CELLS_MAX+1),MATL_COMP_TYPE,RHO,0:ONE_D%N_CELLS_MAX+1
init.f90,1761,INIT::REALLOCATE_ONE_D_ARRAYS,ALLOCATE,X_S_OLD(0:1),(variable:local),X_S_OLD,0:1
init.f90,1762,INIT::REALLOCATE_ONE_D_ARRAYS,ALLOCATE,N_LAYER_CELLS_OLD(ONE_D%N_LAYERS),(variable:local),N_LAYER_CELLS_OLD,ONE_D%N_LAYERS
init.f90,1763,INIT::REALLOCATE_ONE_D_ARRAYS,ALLOCATE,REMESH_LAYER(ONE_D%N_LAYERS),(variable:local),REMESH_LAYER,ONE_D%N_LAYERS
init.f90,1769,INIT::REALLOCATE_ONE_D_ARRAYS,ALLOCATE,ONE_D%DX_OLD(ONE_D%N_CELLS_MAX),BOUNDARY_ONE_D_TYPE,DX_OLD,ONE_D%N_CELLS_MAX
init.f90,1869,INIT::INITIALIZE_HT3D_WALL_CELLS,ALLOCATE,LAYER_INDEX(0:ONE_D%N_CELLS_MAX+1),(variable:local),LAYER_INDEX,0:ONE_D%N_CELLS_MAX+1
init.f90,1878,INIT::INITIALIZE_HT3D_WALL_CELLS,ALLOCATE,M%BOUNDARY_THR_D(WC%TD_INDEX)%NODE(NWP),BOUNDARY_THR_D_TYPE,NODE,NWP
init.f90,1884,INIT::INITIALIZE_HT3D_WALL_CELLS,ALLOCATE,THR_D%NODE(I)%ALTERNATE_WALL_INDEX(8),INTERNAL_NODE_TYPE,ALTERNATE_WALL_INDEX,8
init.f90,1885,INIT::INITIALIZE_HT3D_WALL_CELLS,ALLOCATE,THR_D%NODE(I)%ALTERNATE_WALL_NODE(8),INTERNAL_NODE_TYPE,ALTERNATE_WALL_NODE,8
init.f90,1886,INIT::INITIALIZE_HT3D_WALL_CELLS,ALLOCATE,THR_D%NODE(I)%ALTERNATE_WALL_MESH(8),INTERNAL_NODE_TYPE,ALTERNATE_WALL_MESH,8
init.f90,1887,INIT::INITIALIZE_HT3D_WALL_CELLS,ALLOCATE,THR_D%NODE(I)%ALTERNATE_WALL_TYPE(8),INTERNAL_NODE_TYPE,ALTERNATE_WALL_TYPE,8
init.f90,1888,INIT::INITIALIZE_HT3D_WALL_CELLS,ALLOCATE,THR_D%NODE(I)%ALTERNATE_WALL_IOR(8),INTERNAL_NODE_TYPE,ALTERNATE_WALL_IOR,8
init.f90,1889,INIT::INITIALIZE_HT3D_WALL_CELLS,ALLOCATE,THR_D%NODE(I)%ALTERNATE_WALL_WEIGHT(8),INTERNAL_NODE_TYPE,ALTERNATE_WALL_WEIGHT,8
init.f90,2053,INIT::INITIALIZE_HT3D_WALL_CELLS,ALLOCATE,M%BOUNDARY_THR_D(TW%TD_INDEX)%NODE(NWP),BOUNDARY_THR_D_TYPE,NODE,NWP
init.f90,2056,INIT::INITIALIZE_HT3D_WALL_CELLS,ALLOCATE,THR_D%NODE(I)%ALTERNATE_WALL_INDEX(8),INTERNAL_NODE_TYPE,ALTERNATE_WALL_INDEX,8
init.f90,2057,INIT::INITIALIZE_HT3D_WALL_CELLS,ALLOCATE,THR_D%NODE(I)%ALTERNATE_WALL_NODE(8),INTERNAL_NODE_TYPE,ALTERNATE_WALL_NODE,8
init.f90,2058,INIT::INITIALIZE_HT3D_WALL_CELLS,ALLOCATE,THR_D%NODE(I)%ALTERNATE_WALL_MESH(8),INTERNAL_NODE_TYPE,ALTERNATE_WALL_MESH,8
init.f90,2059,INIT::INITIALIZE_HT3D_WALL_CELLS,ALLOCATE,THR_D%NODE(I)%ALTERNATE_WALL_TYPE(8),INTERNAL_NODE_TYPE,ALTERNATE_WALL_TYPE,8
init.f90,2060,INIT::INITIALIZE_HT3D_WALL_CELLS,ALLOCATE,THR_D%NODE(I)%ALTERNATE_WALL_IOR(8),INTERNAL_NODE_TYPE,ALTERNATE_WALL_IOR,8
init.f90,2061,INIT::INITIALIZE_HT3D_WALL_CELLS,ALLOCATE,THR_D%NODE(I)%ALTERNATE_WALL_WEIGHT(8),INTERNAL_NODE_TYPE,ALTERNATE_WALL_WEIGHT,8
init.f90,2256,INIT::INITIALIZE_HT3D_WALL_CELLS::REALLOCATE_ALTERNATE,ALLOCATE,INTEGER_DUMMY(DM+8),(variable:host:INITIALIZE_HT3D_WALL_CELLS),INTEGER_DUMMY,DM+8
init.f90,2258,INIT::INITIALIZE_HT3D_WALL_CELLS::REALLOCATE_ALTERNATE,MOVE_ALLOC,THR_D%NODE(I)%ALTERNATE_WALL_MESH,INTERNAL_NODE_TYPE,ALTERNATE_WALL_MESH,(from INTEGER_DUMMY)
init.f90,2260,INIT::INITIALIZE_HT3D_WALL_CELLS::REALLOCATE_ALTERNATE,ALLOCATE,INTEGER_DUMMY(DM+8),(variable:host:INITIALIZE_HT3D_WALL_CELLS),INTEGER_DUMMY,DM+8
init.f90,2262,INIT::INITIALIZE_HT3D_WALL_CELLS::REALLOCATE_ALTERNATE,MOVE_ALLOC,THR_D%NODE(I)%ALTERNATE_WALL_IOR,INTERNAL_NODE_TYPE,ALTERNATE_WALL_IOR,(from INTEGER_DUMMY)
init.f90,2264,INIT::INITIALIZE_HT3D_WALL_CELLS::REALLOCATE_ALTERNATE,ALLOCATE,INTEGER_DUMMY(DM+8),(variable:host:INITIALIZE_HT3D_WALL_CELLS),INTEGER_DUMMY,DM+8
init.f90,2266,INIT::INITIALIZE_HT3D_WALL_CELLS::REALLOCATE_ALTERNATE,MOVE_ALLOC,THR_D%NODE(I)%ALTERNATE_WALL_TYPE,INTERNAL_NODE_TYPE,ALTERNATE_WALL_TYPE,(from INTEGER_DUMMY)
init.f90,2268,INIT::INITIALIZE_HT3D_WALL_CELLS::REALLOCATE_ALTERNATE,ALLOCATE,INTEGER_DUMMY(DM+8),(variable:host:INITIALIZE_HT3D_WALL_CELLS),INTEGER_DUMMY,DM+8
init.f90,2270,INIT::INITIALIZE_HT3D_WALL_CELLS::REALLOCATE_ALTERNATE,MOVE_ALLOC,THR_D%NODE(I)%ALTERNATE_WALL_INDEX,INTERNAL_NODE_TYPE,ALTERNATE_WALL_INDEX,(from INTEGER_DUMMY)
init.f90,2272,INIT::INITIALIZE_HT3D_WALL_CELLS::REALLOCATE_ALTERNATE,ALLOCATE,INTEGER_DUMMY(DM+8),(variable:host:INITIALIZE_HT3D_WALL_CELLS),INTEGER_DUMMY,DM+8
init.f90,2274,INIT::INITIALIZE_HT3D_WALL_CELLS::REALLOCATE_ALTERNATE,MOVE_ALLOC,THR_D%NODE(I)%ALTERNATE_WALL_NODE,INTERNAL_NODE_TYPE,ALTERNATE_WALL_NODE,(from INTEGER_DUMMY)
init.f90,2275,INIT::INITIALIZE_HT3D_WALL_CELLS::REALLOCATE_ALTERNATE,ALLOCATE,REAL_DUMMY(DM+8),(variable:host:INITIALIZE_HT3D_WALL_CELLS),REAL_DUMMY,DM+8
init.f90,2277,INIT::INITIALIZE_HT3D_WALL_CELLS::REALLOCATE_ALTERNATE,MOVE_ALLOC,THR_D%NODE(I)%ALTERNATE_WALL_WEIGHT,INTERNAL_NODE_TYPE,ALTERNATE_WALL_WEIGHT,(from REAL_DUMMY)
init.f90,2308,INIT::INITIALIZE_MESH_VARIABLES_3,ALLOCATE,M%CFACE_STORAGE%REALS(N_REALS),STORAGE_TYPE,REALS,N_REALS
init.f90,2309,INIT::INITIALIZE_MESH_VARIABLES_3,ALLOCATE,M%CFACE_STORAGE%INTEGERS(N_INTEGERS),STORAGE_TYPE,INTEGERS,N_INTEGERS
init.f90,2310,INIT::INITIALIZE_MESH_VARIABLES_3,ALLOCATE,M%CFACE_STORAGE%LOGICALS(N_LOGICALS),STORAGE_TYPE,LOGICALS,N_LOGICALS
init.f90,2391,INIT::INITIALIZE_POISSON_SOLVER,ALLOCATE,"M%BZST(JBP1,IBP1)",MESH_TYPE,BZST,"JBP1,IBP1"
init.f90,2393,INIT::INITIALIZE_POISSON_SOLVER,ALLOCATE,"M%BZFT(JBP1,IBP1)",MESH_TYPE,BZFT,"JBP1,IBP1"
init.f90,2402,INIT::INITIALIZE_POISSON_SOLVER,ALLOCATE,"M%BXST(KBP1,JTRN)",MESH_TYPE,BXST,"KBP1,JTRN"
init.f90,2404,INIT::INITIALIZE_POISSON_SOLVER,ALLOCATE,"M%BXFT(KBP1,JTRN)",MESH_TYPE,BXFT,"KBP1,JTRN"
init.f90,2406,INIT::INITIALIZE_POISSON_SOLVER,ALLOCATE,"M%BYST(KBP1,IBP1)",MESH_TYPE,BYST,"KBP1,IBP1"
init.f90,2408,INIT::INITIALIZE_POISSON_SOLVER,ALLOCATE,"M%BYFT(KBP1,IBP1)",MESH_TYPE,BYFT,"KBP1,IBP1"
init.f90,2410,INIT::INITIALIZE_POISSON_SOLVER,ALLOCATE,"M%BZST(JTRN,IBP1)",MESH_TYPE,BZST,"JTRN,IBP1"
init.f90,2412,INIT::INITIALIZE_POISSON_SOLVER,ALLOCATE,"M%BZFT(JTRN,IBP1)",MESH_TYPE,BZFT,"JTRN,IBP1"
init.f90,2420,INIT::INITIALIZE_POISSON_SOLVER,ALLOCATE,"M%BXST(KBP1,JBP1)",MESH_TYPE,BXST,"KBP1,JBP1"
init.f90,2422,INIT::INITIALIZE_POISSON_SOLVER,ALLOCATE,"M%BXFT(KBP1,JBP1)",MESH_TYPE,BXFT,"KBP1,JBP1"
init.f90,2443,INIT::INITIALIZE_POISSON_SOLVER,ALLOCATE,M%SAVE1(-3:M%LSAVE),MESH_TYPE,SAVE1,-3:M%LSAVE
init.f90,2444,INIT::INITIALIZE_POISSON_SOLVER,ALLOCATE,M%WORK(M%LWORK),MESH_TYPE,WORK,M%LWORK
init.f90,2445,INIT::INITIALIZE_POISSON_SOLVER,ALLOCATE,"M%PRHS(ITRN,JTRN,KTRN)",MESH_TYPE,PRHS,"ITRN,JTRN,KTRN"
init.f90,2448,INIT::INITIALIZE_POISSON_SOLVER,ALLOCATE,"M%BXS(JDIM,KBP1)",MESH_TYPE,BXS,"JDIM,KBP1"
init.f90,2449,INIT::INITIALIZE_POISSON_SOLVER,ALLOCATE,"M%BXF(JDIM,KBP1)",MESH_TYPE,BXF,"JDIM,KBP1"
init.f90,2450,INIT::INITIALIZE_POISSON_SOLVER,ALLOCATE,"M%BYS(IBP1,KBP1)",MESH_TYPE,BYS,"IBP1,KBP1"
init.f90,2451,INIT::INITIALIZE_POISSON_SOLVER,ALLOCATE,"M%BYF(IBP1,KBP1)",MESH_TYPE,BYF,"IBP1,KBP1"
init.f90,2452,INIT::INITIALIZE_POISSON_SOLVER,ALLOCATE,"M%BZS(IBP1,JDIM)",MESH_TYPE,BZS,"IBP1,JDIM"
init.f90,2453,INIT::INITIALIZE_POISSON_SOLVER,ALLOCATE,"M%BZF(IBP1,JDIM)",MESH_TYPE,BZF,"IBP1,JDIM"
init.f90,2938,INIT::INITIALIZE_GLOBAL_VARIABLES,ALLOCATE,ENTHALPY_SUM(NMESHES),(variable:use:OUTPUT_DATA),ENTHALPY_SUM,NMESHES
init.f90,2941,INIT::INITIALIZE_GLOBAL_VARIABLES,ALLOCATE,Q_DOT(N_Q_DOT),(variable:use:OUTPUT_DATA),Q_DOT,N_Q_DOT
init.f90,2942,INIT::INITIALIZE_GLOBAL_VARIABLES,ALLOCATE,Q_DOT_SUM(N_Q_DOT),(variable:use:OUTPUT_DATA),Q_DOT_SUM,N_Q_DOT
init.f90,2943,INIT::INITIALIZE_GLOBAL_VARIABLES,ALLOCATE,M_DOT(N_TRACKED_SPECIES),(variable:use:OUTPUT_DATA),M_DOT,N_TRACKED_SPECIES
init.f90,2944,INIT::INITIALIZE_GLOBAL_VARIABLES,ALLOCATE,M_DOT_SUM(N_TRACKED_SPECIES),(variable:use:OUTPUT_DATA),M_DOT_SUM,N_TRACKED_SPECIES
init.f90,2945,INIT::INITIALIZE_GLOBAL_VARIABLES,ALLOCATE,MASS_DT(0:N_SPECIES+N_TRACKED_SPECIES),(variable:use:OUTPUT_DATA),MASS_DT,0:N_SPECIES+N_TRACKED_SPECIES
init.f90,2947,INIT::INITIALIZE_GLOBAL_VARIABLES,ALLOCATE,PRESSURE_ERROR_MAX(NMESHES),(variable:use:GLOBAL_CONSTANTS),PRESSURE_ERROR_MAX,NMESHES
init.f90,2949,INIT::INITIALIZE_GLOBAL_VARIABLES,ALLOCATE,"PRESSURE_ERROR_MAX_LOC(3,NMESHES)",(variable:use:GLOBAL_CONSTANTS),PRESSURE_ERROR_MAX_LOC,"3,NMESHES"
init.f90,2954,INIT::INITIALIZE_GLOBAL_VARIABLES,ALLOCATE,VELOCITY_ERROR_MAX(NMESHES),(variable:use:GLOBAL_CONSTANTS),VELOCITY_ERROR_MAX,NMESHES
init.f90,2956,INIT::INITIALIZE_GLOBAL_VARIABLES,ALLOCATE,"VELOCITY_ERROR_MAX_LOC(3,NMESHES)",(variable:use:GLOBAL_CONSTANTS),VELOCITY_ERROR_MAX_LOC,"3,NMESHES"
init.f90,3808,INIT::FIND_WALL_BACK_INDICES,ALLOCATE,OS%ITEM_INDEX(1:OS%N_ITEMS_DIM),STORAGE_TYPE,ITEM_INDEX,1:OS%N_ITEMS_DIM
init.f90,3809,INIT::FIND_WALL_BACK_INDICES,ALLOCATE,OS%SURF_INDEX(1:OS%N_ITEMS_DIM),STORAGE_TYPE,SURF_INDEX,1:OS%N_ITEMS_DIM
init.f90,3810,INIT::FIND_WALL_BACK_INDICES,ALLOCATE,OS%SAVE_FLAG(1:OS%N_ITEMS_DIM),STORAGE_TYPE,SAVE_FLAG,1:OS%N_ITEMS_DIM
init.f90,4097,INIT::FIND_WALL_BACK_INDEX,ALLOCATE,OS%ITEM_INDEX(1:OS%N_ITEMS_DIM),STORAGE_TYPE,ITEM_INDEX,1:OS%N_ITEMS_DIM
init.f90,4098,INIT::FIND_WALL_BACK_INDEX,ALLOCATE,OS%SURF_INDEX(1:OS%N_ITEMS_DIM),STORAGE_TYPE,SURF_INDEX,1:OS%N_ITEMS_DIM
init.f90,4099,INIT::FIND_WALL_BACK_INDEX,ALLOCATE,OS%SAVE_FLAG(1:OS%N_ITEMS_DIM),STORAGE_TYPE,SAVE_FLAG,1:OS%N_ITEMS_DIM
init.f90,4242,INIT::FIND_WALL_BACK_INDEX,ALLOCATE,ONE_D%MATL_COMP(ONE_D%N_MATL),BOUNDARY_ONE_D_TYPE,MATL_COMP,ONE_D%N_MATL
init.f90,4243,INIT::FIND_WALL_BACK_INDEX,ALLOCATE,ONE_D%MATL_INDEX(ONE_D%N_MATL),BOUNDARY_ONE_D_TYPE,MATL_INDEX,ONE_D%N_MATL
init.f90,4244,INIT::FIND_WALL_BACK_INDEX,ALLOCATE,ONE_D%LAYER_THICKNESS(ONE_D%N_LAYERS),BOUNDARY_ONE_D_TYPE,LAYER_THICKNESS,ONE_D%N_LAYERS
init.f90,4245,INIT::FIND_WALL_BACK_INDEX,ALLOCATE,ONE_D%MIN_LAYER_THICKNESS(ONE_D%N_LAYERS),BOUNDARY_ONE_D_TYPE,MIN_LAYER_THICKNESS,ONE_D%N_LAYERS
init.f90,4246,INIT::FIND_WALL_BACK_INDEX,ALLOCATE,ONE_D%MIN_LAYER_MASS(ONE_D%N_LAYERS),BOUNDARY_ONE_D_TYPE,MIN_LAYER_MASS,ONE_D%N_LAYERS
init.f90,4247,INIT::FIND_WALL_BACK_INDEX,ALLOCATE,ONE_D%HT3D_LAYER(ONE_D%N_LAYERS),BOUNDARY_ONE_D_TYPE,HT3D_LAYER,ONE_D%N_LAYERS
init.f90,4252,INIT::FIND_WALL_BACK_INDEX,ALLOCATE,ONE_D%MATL_COMP(NN)%MASS_FRACTION(ONE_D%N_LAYERS),MATL_COMP_TYPE,MASS_FRACTION,ONE_D%N_LAYERS
init.f90,4264,INIT::FIND_WALL_BACK_INDEX,ALLOCATE,ONE_D%HEAT_SOURCE(ONE_D%N_LAYERS),BOUNDARY_ONE_D_TYPE,HEAT_SOURCE,ONE_D%N_LAYERS
init.f90,4265,INIT::FIND_WALL_BACK_INDEX,ALLOCATE,ONE_D%RAMP_IHS_INDEX(ONE_D%N_LAYERS),BOUNDARY_ONE_D_TYPE,RAMP_IHS_INDEX,ONE_D%N_LAYERS
init.f90,4266,INIT::FIND_WALL_BACK_INDEX,ALLOCATE,ONE_D%STRETCH_FACTOR(ONE_D%N_LAYERS),BOUNDARY_ONE_D_TYPE,STRETCH_FACTOR,ONE_D%N_LAYERS
init.f90,4267,INIT::FIND_WALL_BACK_INDEX,ALLOCATE,ONE_D%CELL_SIZE(ONE_D%N_LAYERS),BOUNDARY_ONE_D_TYPE,CELL_SIZE,ONE_D%N_LAYERS
init.f90,4268,INIT::FIND_WALL_BACK_INDEX,ALLOCATE,ONE_D%CELL_SIZE_FACTOR(ONE_D%N_LAYERS),BOUNDARY_ONE_D_TYPE,CELL_SIZE_FACTOR,ONE_D%N_LAYERS
init.f90,4269,INIT::FIND_WALL_BACK_INDEX,ALLOCATE,ONE_D%N_LAYER_CELLS_MAX(ONE_D%N_LAYERS),BOUNDARY_ONE_D_TYPE,N_LAYER_CELLS_MAX,ONE_D%N_LAYERS
init.f90,4408,INIT::FIND_THIN_WALL_BACK_INDEX,ALLOCATE,OS%ITEM_INDEX(1:OS%N_ITEMS_DIM),STORAGE_TYPE,ITEM_INDEX,1:OS%N_ITEMS_DIM
init.f90,4409,INIT::FIND_THIN_WALL_BACK_INDEX,ALLOCATE,OS%SURF_INDEX(1:OS%N_ITEMS_DIM),STORAGE_TYPE,SURF_INDEX,1:OS%N_ITEMS_DIM
init.f90,4410,INIT::FIND_THIN_WALL_BACK_INDEX,ALLOCATE,OS%SAVE_FLAG(1:OS%N_ITEMS_DIM),STORAGE_TYPE,SAVE_FLAG,1:OS%N_ITEMS_DIM
init.f90,4452,INIT::FIND_THIN_WALL_BACK_INDEX,ALLOCATE,ONE_D%MATL_COMP(ONE_D%N_MATL),BOUNDARY_ONE_D_TYPE,MATL_COMP,ONE_D%N_MATL
init.f90,4453,INIT::FIND_THIN_WALL_BACK_INDEX,ALLOCATE,ONE_D%MATL_INDEX(ONE_D%N_MATL),BOUNDARY_ONE_D_TYPE,MATL_INDEX,ONE_D%N_MATL
init.f90,4455,INIT::FIND_THIN_WALL_BACK_INDEX,ALLOCATE,ONE_D%MATL_COMP(NN)%MASS_FRACTION(ONE_D%N_LAYERS),MATL_COMP_TYPE,MASS_FRACTION,ONE_D%N_LAYERS
init.f90,5246,INIT::INITIAL_NOISE,ALLOCATE,SEED_RND(SIZE_RND),(variable:local),SEED_RND,SIZE_RND
main.f90,130,FDS,ALLOCATE,T_USED(N_TIMERS),(variable:use:GLOBAL_CONSTANTS),T_USED,N_TIMERS
main.f90,354,FDS,ALLOCATE,MESHES_PER_PROCESS(N_MPI_PROCESSES),(variable:local),MESHES_PER_PROCESS,N_MPI_PROCESSES
main.f90,1283,FDS::MPI_INITIALIZATION_CHORES,ALLOCATE,REAL_BUFFER_DUCT((2+N_TRACKED_SPECIES)*N_DUCTNODES+N_DUCTS),(variable:host:FDS),REAL_BUFFER_DUCT,(2+N_TRACKED_SPECIES)*N_DUCTNODES+N_DUCTS
main.f90,1284,FDS::MPI_INITIALIZATION_CHORES,ALLOCATE,"REAL_BUFFER_10(10,NMESHES)",(variable:host:FDS),REAL_BUFFER_10,"10,NMESHES"
main.f90,1285,FDS::MPI_INITIALIZATION_CHORES,ALLOCATE,"REAL_BUFFER_20(20,NMESHES)",(variable:host:FDS),REAL_BUFFER_20,"20,NMESHES"
main.f90,1288,FDS::MPI_INITIALIZATION_CHORES,ALLOCATE,REAL_BUFFER_EXTERNAL(N_RAMP),(variable:host:FDS),REAL_BUFFER_EXTERNAL,N_RAMP
main.f90,1289,FDS::MPI_INITIALIZATION_CHORES,ALLOCATE,LOGICAL_BUFFER_EXTERNAL(N_CTRL),(variable:host:FDS),LOGICAL_BUFFER_EXTERNAL,N_CTRL
main.f90,1292,FDS::MPI_INITIALIZATION_CHORES,ALLOCATE,COUNTS(0:N_MPI_PROCESSES-1),(variable:use:GLOBAL_CONSTANTS),COUNTS,0:N_MPI_PROCESSES-1
main.f90,1293,FDS::MPI_INITIALIZATION_CHORES,ALLOCATE,COUNTS_10(0:N_MPI_PROCESSES-1),(variable:use:GLOBAL_CONSTANTS),COUNTS_10,0:N_MPI_PROCESSES-1
main.f90,1294,FDS::MPI_INITIALIZATION_CHORES,ALLOCATE,COUNTS_20(0:N_MPI_PROCESSES-1),(variable:use:GLOBAL_CONSTANTS),COUNTS_20,0:N_MPI_PROCESSES-1
main.f90,1295,FDS::MPI_INITIALIZATION_CHORES,ALLOCATE,COUNTS_TP(0:N_MPI_PROCESSES-1),(variable:use:GLOBAL_CONSTANTS),COUNTS_TP,0:N_MPI_PROCESSES-1
main.f90,1297,FDS::MPI_INITIALIZATION_CHORES,ALLOCATE,DISPLS(0:N_MPI_PROCESSES-1),(variable:use:GLOBAL_CONSTANTS),DISPLS,0:N_MPI_PROCESSES-1
main.f90,1298,FDS::MPI_INITIALIZATION_CHORES,ALLOCATE,DISPLS_10(0:N_MPI_PROCESSES-1),(variable:use:GLOBAL_CONSTANTS),DISPLS_10,0:N_MPI_PROCESSES-1
main.f90,1299,FDS::MPI_INITIALIZATION_CHORES,ALLOCATE,DISPLS_20(0:N_MPI_PROCESSES-1),(variable:use:GLOBAL_CONSTANTS),DISPLS_20,0:N_MPI_PROCESSES-1
main.f90,1300,FDS::MPI_INITIALIZATION_CHORES,ALLOCATE,DISPLS_TP(0:N_MPI_PROCESSES-1),(variable:use:GLOBAL_CONSTANTS),DISPLS_TP,0:N_MPI_PROCESSES-1
main.f90,1301,FDS::MPI_INITIALIZATION_CHORES,ALLOCATE,I_OFFSET(NMESHES),(variable:use:GLOBAL_CONSTANTS),I_OFFSET,NMESHES
main.f90,1334,FDS::MPI_INITIALIZATION_CHORES,ALLOCATE,DT_NEW(NMESHES),(variable:host:FDS),DT_NEW,NMESHES
main.f90,1338,FDS::MPI_INITIALIZATION_CHORES,ALLOCATE,STATE_ARRAY(2*N_DEVC),(variable:host:FDS),STATE_ARRAY,2*N_DEVC
main.f90,1339,FDS::MPI_INITIALIZATION_CHORES,ALLOCATE,TC_ARRAY(4*N_DEVC),(variable:host:FDS),TC_ARRAY,4*N_DEVC
main.f90,1340,FDS::MPI_INITIALIZATION_CHORES,ALLOCATE,"TC2_ARRAY(2,N_DEVC)",(variable:host:FDS),TC2_ARRAY,"2,N_DEVC"
main.f90,1355,FDS::MPI_INITIALIZATION_CHORES,ALLOCATE,"M4%PRESSURE_ZONE(0:M4%IBP1,0:M4%JBP1,0:M4%KBP1)",MESH_TYPE,PRESSURE_ZONE,"0:M4%IBP1,0:M4%JBP1,0:M4%KBP1"
main.f90,1366,FDS::MPI_INITIALIZATION_CHORES,ALLOCATE,MPI_COMM_NEIGHBORS(NMESHES),(variable:use:GLOBAL_CONSTANTS),MPI_COMM_NEIGHBORS,NMESHES
main.f90,1367,FDS::MPI_INITIALIZATION_CHORES,ALLOCATE,MPI_COMM_NEIGHBORS_ROOT(NMESHES),(variable:use:GLOBAL_CONSTANTS),MPI_COMM_NEIGHBORS_ROOT,NMESHES
main.f90,1401,FDS::MPI_INITIALIZATION_CHORES,ALLOCATE,REQ(N_COMMUNICATIONS*40),(variable:host:FDS),REQ,N_COMMUNICATIONS*40
main.f90,1402,FDS::MPI_INITIALIZATION_CHORES,ALLOCATE,REQ1(N_COMMUNICATIONS*4),(variable:host:FDS),REQ1,N_COMMUNICATIONS*4
main.f90,1403,FDS::MPI_INITIALIZATION_CHORES,ALLOCATE,REQ2(N_COMMUNICATIONS*12),(variable:host:FDS),REQ2,N_COMMUNICATIONS*12
main.f90,1404,FDS::MPI_INITIALIZATION_CHORES,ALLOCATE,REQ3(N_COMMUNICATIONS*4),(variable:host:FDS),REQ3,N_COMMUNICATIONS*4
main.f90,1405,FDS::MPI_INITIALIZATION_CHORES,ALLOCATE,REQ4(N_COMMUNICATIONS*4),(variable:host:FDS),REQ4,N_COMMUNICATIONS*4
main.f90,1406,FDS::MPI_INITIALIZATION_CHORES,ALLOCATE,REQ5(N_COMMUNICATIONS*4),(variable:host:FDS),REQ5,N_COMMUNICATIONS*4
main.f90,1407,FDS::MPI_INITIALIZATION_CHORES,ALLOCATE,REQ6(N_COMMUNICATIONS*12),(variable:host:FDS),REQ6,N_COMMUNICATIONS*12
main.f90,1408,FDS::MPI_INITIALIZATION_CHORES,ALLOCATE,REQ7(N_COMMUNICATIONS*4),(variable:host:FDS),REQ7,N_COMMUNICATIONS*4
main.f90,1409,FDS::MPI_INITIALIZATION_CHORES,ALLOCATE,REQ14(N_COMMUNICATIONS*4),(variable:host:FDS),REQ14,N_COMMUNICATIONS*4
main.f90,1410,FDS::MPI_INITIALIZATION_CHORES,ALLOCATE,REQ15(N_COMMUNICATIONS*4),(variable:host:FDS),REQ15,N_COMMUNICATIONS*4
main.f90,1427,FDS::MPI_INITIALIZATION_CHORES,ALLOCATE,REQ0(NMESHES),(variable:local),REQ0,NMESHES
main.f90,1435,FDS::MPI_INITIALIZATION_CHORES,ALLOCATE,"REQ0DUM(SIZE(REQ0,DIM=1)+NMESHES)",(variable:local),REQ0DUM,"SIZE(REQ0,DIM=1)+NMESHES"
main.f90,1437,FDS::MPI_INITIALIZATION_CHORES,MOVE_ALLOC,REQ0,(variable:local),REQ0,(from REQ0DUM)
main.f90,1469,FDS::MPI_INITIALIZATION_CHORES,ALLOCATE,"REQ0DUM(SIZE(REQ0,DIM=1)+NMESHES)",(variable:local),REQ0DUM,"SIZE(REQ0,DIM=1)+NMESHES"
main.f90,1471,FDS::MPI_INITIALIZATION_CHORES,MOVE_ALLOC,REQ0,(variable:local),REQ0,(from REQ0DUM)
main.f90,1520,FDS::MPI_INITIALIZATION_CHORES,ALLOCATE,M2%IIO_S(M2%NIC_S),OMESH_TYPE,IIO_S,M2%NIC_S
main.f90,1521,FDS::MPI_INITIALIZATION_CHORES,ALLOCATE,M2%JJO_S(M2%NIC_S),OMESH_TYPE,JJO_S,M2%NIC_S
main.f90,1522,FDS::MPI_INITIALIZATION_CHORES,ALLOCATE,M2%KKO_S(M2%NIC_S),OMESH_TYPE,KKO_S,M2%NIC_S
main.f90,1523,FDS::MPI_INITIALIZATION_CHORES,ALLOCATE,M2%IOR_S(M2%NIC_S),OMESH_TYPE,IOR_S,M2%NIC_S
main.f90,1573,FDS::MPI_INITIALIZATION_CHORES,ALLOCATE,"CONNECTED_ZONES(0:N_ZONE,0:N_ZONE)",(variable:use:GLOBAL_CONSTANTS),CONNECTED_ZONES,"0:N_ZONE,0:N_ZONE"
main.f90,1581,FDS::MPI_INITIALIZATION_CHORES,ALLOCATE,DSUM(N_ZONE),(variable:use:GLOBAL_CONSTANTS),DSUM,N_ZONE
main.f90,1582,FDS::MPI_INITIALIZATION_CHORES,ALLOCATE,PSUM(N_ZONE),(variable:use:GLOBAL_CONSTANTS),PSUM,N_ZONE
main.f90,1583,FDS::MPI_INITIALIZATION_CHORES,ALLOCATE,USUM(N_ZONE),(variable:use:GLOBAL_CONSTANTS),USUM,N_ZONE
main.f90,2077,FDS::INITIALIZE_MESH_EXCHANGE_1,ALLOCATE,MESHES(NM)%OMESH(NMESHES),MESH_TYPE,OMESH,NMESHES
main.f90,2079,FDS::INITIALIZE_MESH_EXCHANGE_1,ALLOCATE,M%CONNECTED_MESH(NMESHES),MESH_TYPE,CONNECTED_MESH,NMESHES
main.f90,2144,FDS::INITIALIZE_MESH_EXCHANGE_1,ALLOCATE,OM%IIO_R(OM%NIC_R),OMESH_TYPE,IIO_R,OM%NIC_R
main.f90,2145,FDS::INITIALIZE_MESH_EXCHANGE_1,ALLOCATE,OM%JJO_R(OM%NIC_R),OMESH_TYPE,JJO_R,OM%NIC_R
main.f90,2146,FDS::INITIALIZE_MESH_EXCHANGE_1,ALLOCATE,OM%KKO_R(OM%NIC_R),OMESH_TYPE,KKO_R,OM%NIC_R
main.f90,2147,FDS::INITIALIZE_MESH_EXCHANGE_1,ALLOCATE,OM%IOR_R(OM%NIC_R),OMESH_TYPE,IOR_R,OM%NIC_R
main.f90,2203,FDS::INITIALIZE_MESH_EXCHANGE_1,ALLOCATE,"OM%RHO(IMIN:IMAX,JMIN:JMAX,KMIN:KMAX)",OMESH_TYPE,RHO,"IMIN:IMAX,JMIN:JMAX,KMIN:KMAX"
main.f90,2204,FDS::INITIALIZE_MESH_EXCHANGE_1,ALLOCATE,"OM%RHOS(IMIN:IMAX,JMIN:JMAX,KMIN:KMAX)",OMESH_TYPE,RHOS,"IMIN:IMAX,JMIN:JMAX,KMIN:KMAX"
main.f90,2207,FDS::INITIALIZE_MESH_EXCHANGE_1,ALLOCATE,"OM%D(IMIN:IMAX,JMIN:JMAX,KMIN:KMAX)",OMESH_TYPE,D,"IMIN:IMAX,JMIN:JMAX,KMIN:KMAX"
main.f90,2208,FDS::INITIALIZE_MESH_EXCHANGE_1,ALLOCATE,"OM%DS(IMIN:IMAX,JMIN:JMAX,KMIN:KMAX)",OMESH_TYPE,DS,"IMIN:IMAX,JMIN:JMAX,KMIN:KMAX"
main.f90,2211,FDS::INITIALIZE_MESH_EXCHANGE_1,ALLOCATE,"OM%MU(IMIN:IMAX,JMIN:JMAX,KMIN:KMAX)",OMESH_TYPE,MU,"IMIN:IMAX,JMIN:JMAX,KMIN:KMAX"
main.f90,2213,FDS::INITIALIZE_MESH_EXCHANGE_1,ALLOCATE,"OM%H(IMIN:IMAX,JMIN:JMAX,KMIN:KMAX)",OMESH_TYPE,H,"IMIN:IMAX,JMIN:JMAX,KMIN:KMAX"
main.f90,2214,FDS::INITIALIZE_MESH_EXCHANGE_1,ALLOCATE,"OM%HS(IMIN:IMAX,JMIN:JMAX,KMIN:KMAX)",OMESH_TYPE,HS,"IMIN:IMAX,JMIN:JMAX,KMIN:KMAX"
main.f90,2217,FDS::INITIALIZE_MESH_EXCHANGE_1,ALLOCATE,"OM%U(IMIN:IMAX,JMIN:JMAX,KMIN:KMAX)",OMESH_TYPE,U,"IMIN:IMAX,JMIN:JMAX,KMIN:KMAX"
main.f90,2218,FDS::INITIALIZE_MESH_EXCHANGE_1,ALLOCATE,"OM%US(IMIN:IMAX,JMIN:JMAX,KMIN:KMAX)",OMESH_TYPE,US,"IMIN:IMAX,JMIN:JMAX,KMIN:KMAX"
main.f90,2221,FDS::INITIALIZE_MESH_EXCHANGE_1,ALLOCATE,"OM%V(IMIN:IMAX,JMIN:JMAX,KMIN:KMAX)",OMESH_TYPE,V,"IMIN:IMAX,JMIN:JMAX,KMIN:KMAX"
main.f90,2222,FDS::INITIALIZE_MESH_EXCHANGE_1,ALLOCATE,"OM%VS(IMIN:IMAX,JMIN:JMAX,KMIN:KMAX)",OMESH_TYPE,VS,"IMIN:IMAX,JMIN:JMAX,KMIN:KMAX"
main.f90,2225,FDS::INITIALIZE_MESH_EXCHANGE_1,ALLOCATE,"OM%W(IMIN:IMAX,JMIN:JMAX,KMIN:KMAX)",OMESH_TYPE,W,"IMIN:IMAX,JMIN:JMAX,KMIN:KMAX"
main.f90,2226,FDS::INITIALIZE_MESH_EXCHANGE_1,ALLOCATE,"OM%WS(IMIN:IMAX,JMIN:JMAX,KMIN:KMAX)",OMESH_TYPE,WS,"IMIN:IMAX,JMIN:JMAX,KMIN:KMAX"
main.f90,2229,FDS::INITIALIZE_MESH_EXCHANGE_1,ALLOCATE,"OM%FVX(IMIN:IMAX,JMIN:JMAX,KMIN:KMAX)",OMESH_TYPE,FVX,"IMIN:IMAX,JMIN:JMAX,KMIN:KMAX"
main.f90,2230,FDS::INITIALIZE_MESH_EXCHANGE_1,ALLOCATE,"OM%FVY(IMIN:IMAX,JMIN:JMAX,KMIN:KMAX)",OMESH_TYPE,FVY,"IMIN:IMAX,JMIN:JMAX,KMIN:KMAX"
main.f90,2231,FDS::INITIALIZE_MESH_EXCHANGE_1,ALLOCATE,"OM%FVZ(IMIN:IMAX,JMIN:JMAX,KMIN:KMAX)",OMESH_TYPE,FVZ,"IMIN:IMAX,JMIN:JMAX,KMIN:KMAX"
main.f90,2236,FDS::INITIALIZE_MESH_EXCHANGE_1,ALLOCATE,"OM%FVX_D(IMIN:IMAX,JMIN:JMAX,KMIN:KMAX)",OMESH_TYPE,FVX_D,"IMIN:IMAX,JMIN:JMAX,KMIN:KMAX"
main.f90,2237,FDS::INITIALIZE_MESH_EXCHANGE_1,ALLOCATE,"OM%FVY_D(IMIN:IMAX,JMIN:JMAX,KMIN:KMAX)",OMESH_TYPE,FVY_D,"IMIN:IMAX,JMIN:JMAX,KMIN:KMAX"
main.f90,2238,FDS::INITIALIZE_MESH_EXCHANGE_1,ALLOCATE,"OM%FVZ_D(IMIN:IMAX,JMIN:JMAX,KMIN:KMAX)",OMESH_TYPE,FVZ_D,"IMIN:IMAX,JMIN:JMAX,KMIN:KMAX"
main.f90,2243,FDS::INITIALIZE_MESH_EXCHANGE_1,ALLOCATE,"OM%KRES(IMIN:IMAX,JMIN:JMAX,KMIN:KMAX)",OMESH_TYPE,KRES,"IMIN:IMAX,JMIN:JMAX,KMIN:KMAX"
main.f90,2245,FDS::INITIALIZE_MESH_EXCHANGE_1,ALLOCATE,"OM%Q(IMIN:IMAX,JMIN:JMAX,KMIN:KMAX)",OMESH_TYPE,Q,"IMIN:IMAX,JMIN:JMAX,KMIN:KMAX"
main.f90,2248,FDS::INITIALIZE_MESH_EXCHANGE_1,ALLOCATE,"OM%ZZ(IMIN:IMAX,JMIN:JMAX,KMIN:KMAX,N_TOTAL_SCALARS)",OMESH_TYPE,ZZ,"IMIN:IMAX,JMIN:JMAX,KMIN:KMAX,N_TOTAL_SCALARS"
main.f90,2249,FDS::INITIALIZE_MESH_EXCHANGE_1,ALLOCATE,"OM%ZZS(IMIN:IMAX,JMIN:JMAX,KMIN:KMAX,N_TOTAL_SCALARS)",OMESH_TYPE,ZZS,"IMIN:IMAX,JMIN:JMAX,KMIN:KMAX,N_TOTAL_SCALARS"
main.f90,2260,FDS::INITIALIZE_MESH_EXCHANGE_1,ALLOCATE,"OM%PHI_LS(IMIN:IMAX,JMIN:JMAX)",OMESH_TYPE,PHI_LS,"IMIN:IMAX,JMIN:JMAX"
main.f90,2261,FDS::INITIALIZE_MESH_EXCHANGE_1,ALLOCATE,"OM%PHI1_LS(IMIN:IMAX,JMIN:JMAX)",OMESH_TYPE,PHI1_LS,"IMIN:IMAX,JMIN:JMAX"
main.f90,2262,FDS::INITIALIZE_MESH_EXCHANGE_1,ALLOCATE,"OM%U_LS(IMIN:IMAX,JMIN:JMAX)",OMESH_TYPE,U_LS,"IMIN:IMAX,JMIN:JMAX"
main.f90,2263,FDS::INITIALIZE_MESH_EXCHANGE_1,ALLOCATE,"OM%V_LS(IMIN:IMAX,JMIN:JMAX)",OMESH_TYPE,V_LS,"IMIN:IMAX,JMIN:JMAX"
main.f90,2264,FDS::INITIALIZE_MESH_EXCHANGE_1,ALLOCATE,"OM%Z_LS(IMIN:IMAX,JMIN:JMAX)",OMESH_TYPE,Z_LS,"IMIN:IMAX,JMIN:JMAX"
main.f90,2279,FDS::INITIALIZE_MESH_EXCHANGE_1,ALLOCATE,LPC%PARTICLE_STORAGE%REALS(LPC%N_REALS),STORAGE_TYPE,REALS,LPC%N_REALS
main.f90,2280,FDS::INITIALIZE_MESH_EXCHANGE_1,ALLOCATE,LPC%PARTICLE_STORAGE%INTEGERS(LPC%N_INTEGERS),STORAGE_TYPE,INTEGERS,LPC%N_INTEGERS
main.f90,2281,FDS::INITIALIZE_MESH_EXCHANGE_1,ALLOCATE,LPC%PARTICLE_STORAGE%LOGICALS(LPC%N_LOGICALS),STORAGE_TYPE,LOGICALS,LPC%N_LOGICALS
main.f90,2291,FDS::INITIALIZE_MESH_EXCHANGE_1,ALLOCATE,OM%PARTICLE_SEND_BUFFER%REALS(100),STORAGE_TYPE,REALS,100
main.f90,2292,FDS::INITIALIZE_MESH_EXCHANGE_1,ALLOCATE,OM%PARTICLE_SEND_BUFFER%INTEGERS(100),STORAGE_TYPE,INTEGERS,100
main.f90,2293,FDS::INITIALIZE_MESH_EXCHANGE_1,ALLOCATE,OM%PARTICLE_SEND_BUFFER%LOGICALS(100),STORAGE_TYPE,LOGICALS,100
main.f90,2294,FDS::INITIALIZE_MESH_EXCHANGE_1,ALLOCATE,OM%PARTICLE_RECV_BUFFER%REALS(100),STORAGE_TYPE,REALS,100
main.f90,2295,FDS::INITIALIZE_MESH_EXCHANGE_1,ALLOCATE,OM%PARTICLE_RECV_BUFFER%INTEGERS(100),STORAGE_TYPE,INTEGERS,100
main.f90,2296,FDS::INITIALIZE_MESH_EXCHANGE_1,ALLOCATE,OM%PARTICLE_RECV_BUFFER%LOGICALS(100),STORAGE_TYPE,LOGICALS,100
main.f90,2321,FDS::INITIALIZE_RADIATION_EXCHANGE,ALLOCATE,"M%OMESH(NOM)%IL_S(M%OMESH(NOM)%NIC_S,NUMBER_RADIATION_ANGLES,NUMBER_SPECTRAL_BANDS)",OMESH_TYPE,IL_S,"M%OMESH(NOM)%NIC_S,NUMBER_RADIATION_ANGLES,NUMBER_SPECTRAL_BANDS"
main.f90,2325,FDS::INITIALIZE_RADIATION_EXCHANGE,ALLOCATE,"M%OMESH(NOM)%IL_R(M%OMESH(NOM)%NIC_R,NUMBER_RADIATION_ANGLES,NUMBER_SPECTRAL_BANDS)",OMESH_TYPE,IL_R,"M%OMESH(NOM)%NIC_R,NUMBER_RADIATION_ANGLES,NUMBER_SPECTRAL_BANDS"
main.f90,2326,FDS::INITIALIZE_RADIATION_EXCHANGE,ALLOCATE,"M%OMESH(NOM)%IL_R_OLD(M%OMESH(NOM)%NIC_R,NUMBER_RADIATION_ANGLES,NUMBER_SPECTRAL_BANDS)",OMESH_TYPE,IL_R_OLD,"M%OMESH(NOM)%NIC_R,NUMBER_RADIATION_ANGLES,NUMBER_SPECTRAL_BANDS"
main.f90,2381,FDS::INITIALIZE_BACK_WALL_EXCHANGE,ALLOCATE,OS%ITEM_INDEX(OS%N_ITEMS_DIM),STORAGE_TYPE,ITEM_INDEX,OS%N_ITEMS_DIM
main.f90,2382,FDS::INITIALIZE_BACK_WALL_EXCHANGE,ALLOCATE,OS%SURF_INDEX(OS%N_ITEMS_DIM),STORAGE_TYPE,SURF_INDEX,OS%N_ITEMS_DIM
main.f90,2386,FDS::INITIALIZE_BACK_WALL_EXCHANGE,ALLOCATE,OS%ITEM_INDEX(OS%N_ITEMS_DIM),STORAGE_TYPE,ITEM_INDEX,OS%N_ITEMS_DIM
main.f90,2387,FDS::INITIALIZE_BACK_WALL_EXCHANGE,ALLOCATE,OS%SURF_INDEX(OS%N_ITEMS_DIM),STORAGE_TYPE,SURF_INDEX,OS%N_ITEMS_DIM
main.f90,2416,FDS::INITIALIZE_BACK_WALL_EXCHANGE,ALLOCATE,OS%REALS(OS%N_REALS_DIM),STORAGE_TYPE,REALS,OS%N_REALS_DIM
main.f90,2417,FDS::INITIALIZE_BACK_WALL_EXCHANGE,ALLOCATE,OS%INTEGERS(OS%N_INTEGERS_DIM),STORAGE_TYPE,INTEGERS,OS%N_INTEGERS_DIM
main.f90,2418,FDS::INITIALIZE_BACK_WALL_EXCHANGE,ALLOCATE,OS%LOGICALS(OS%N_LOGICALS_DIM),STORAGE_TYPE,LOGICALS,OS%N_LOGICALS_DIM
main.f90,2444,FDS::INITIALIZE_BACK_WALL_EXCHANGE,ALLOCATE,OS%REALS(OS%N_REALS_DIM),STORAGE_TYPE,REALS,OS%N_REALS_DIM
main.f90,2445,FDS::INITIALIZE_BACK_WALL_EXCHANGE,ALLOCATE,OS%INTEGERS(OS%N_INTEGERS_DIM),STORAGE_TYPE,INTEGERS,OS%N_INTEGERS_DIM
main.f90,2446,FDS::INITIALIZE_BACK_WALL_EXCHANGE,ALLOCATE,OS%LOGICALS(OS%N_LOGICALS_DIM),STORAGE_TYPE,LOGICALS,OS%N_LOGICALS_DIM
main.f90,2468,FDS::INITIALIZE_BACK_WALL_EXCHANGE,ALLOCATE,OS%REALS(OS%N_REALS_DIM),STORAGE_TYPE,REALS,OS%N_REALS_DIM
main.f90,2469,FDS::INITIALIZE_BACK_WALL_EXCHANGE,ALLOCATE,OS%INTEGERS(OS%N_INTEGERS_DIM),STORAGE_TYPE,INTEGERS,OS%N_INTEGERS_DIM
main.f90,2470,FDS::INITIALIZE_BACK_WALL_EXCHANGE,ALLOCATE,OS%LOGICALS(OS%N_LOGICALS_DIM),STORAGE_TYPE,LOGICALS,OS%N_LOGICALS_DIM
main.f90,2497,FDS::INITIALIZE_BACK_WALL_EXCHANGE,ALLOCATE,MESHES(NOM)%WALL(0:MESHES(NOM)%N_WALL_CELLS_DIM),MESH_TYPE,WALL,0:MESHES(NOM)%N_WALL_CELLS_DIM
main.f90,2501,FDS::INITIALIZE_BACK_WALL_EXCHANGE,ALLOCATE,OS%REALS(OS%N_REALS_DIM),STORAGE_TYPE,REALS,OS%N_REALS_DIM
main.f90,2502,FDS::INITIALIZE_BACK_WALL_EXCHANGE,ALLOCATE,OS%INTEGERS(OS%N_INTEGERS_DIM),STORAGE_TYPE,INTEGERS,OS%N_INTEGERS_DIM
main.f90,2503,FDS::INITIALIZE_BACK_WALL_EXCHANGE,ALLOCATE,OS%LOGICALS(OS%N_LOGICALS_DIM),STORAGE_TYPE,LOGICALS,OS%N_LOGICALS_DIM
main.f90,2528,FDS::INITIALIZE_BACK_WALL_EXCHANGE,ALLOCATE,MESHES(NOM)%THIN_WALL(0:MESHES(NOM)%N_THIN_WALL_CELLS_DIM),MESH_TYPE,THIN_WALL,0:MESHES(NOM)%N_THIN_WALL_CELLS_DIM
main.f90,2532,FDS::INITIALIZE_BACK_WALL_EXCHANGE,ALLOCATE,OS%REALS(OS%N_REALS_DIM),STORAGE_TYPE,REALS,OS%N_REALS_DIM
main.f90,2533,FDS::INITIALIZE_BACK_WALL_EXCHANGE,ALLOCATE,OS%INTEGERS(OS%N_INTEGERS_DIM),STORAGE_TYPE,INTEGERS,OS%N_INTEGERS_DIM
main.f90,2534,FDS::INITIALIZE_BACK_WALL_EXCHANGE,ALLOCATE,OS%LOGICALS(OS%N_LOGICALS_DIM),STORAGE_TYPE,LOGICALS,OS%N_LOGICALS_DIM
main.f90,2576,FDS::INITIALIZE_BACK_WALL_EXCHANGE,ALLOCATE,DUMMY,(variable:local),DUMMY,
main.f90,2578,FDS::INITIALIZE_BACK_WALL_EXCHANGE,ALLOCATE,DUMMY%ITEM_INDEX(OS%N_ITEMS),STORAGE_TYPE,ITEM_INDEX,OS%N_ITEMS
main.f90,2579,FDS::INITIALIZE_BACK_WALL_EXCHANGE,ALLOCATE,DUMMY%SURF_INDEX(OS%N_ITEMS),STORAGE_TYPE,SURF_INDEX,OS%N_ITEMS
main.f90,2580,FDS::INITIALIZE_BACK_WALL_EXCHANGE,ALLOCATE,DUMMY%SAVE_FLAG(OS%N_ITEMS),STORAGE_TYPE,SAVE_FLAG,OS%N_ITEMS
main.f90,2582,FDS::INITIALIZE_BACK_WALL_EXCHANGE,ALLOCATE,OS%ITEM_INDEX(TRUE_COUNT),STORAGE_TYPE,ITEM_INDEX,TRUE_COUNT
main.f90,2583,FDS::INITIALIZE_BACK_WALL_EXCHANGE,ALLOCATE,OS%SURF_INDEX(TRUE_COUNT),STORAGE_TYPE,SURF_INDEX,TRUE_COUNT
main.f90,2584,FDS::INITIALIZE_BACK_WALL_EXCHANGE,ALLOCATE,OS%SAVE_FLAG(TRUE_COUNT),STORAGE_TYPE,SAVE_FLAG,TRUE_COUNT
main.f90,2712,FDS::INITIALIZE_PRESSURE_ZONES,ALLOCATE,REAL_BUFFER(N_ZONE),(variable:local),REAL_BUFFER,N_ZONE
main.f90,2713,FDS::INITIALIZE_PRESSURE_ZONES,ALLOCATE,INTEGER_BUFFER(N_ZONE),(variable:local),INTEGER_BUFFER,N_ZONE
main.f90,2714,FDS::INITIALIZE_PRESSURE_ZONES,ALLOCATE,INTEGER_BUFFER_4(4*N_ZONE),(variable:local),INTEGER_BUFFER_4,4*N_ZONE
main.f90,2789,FDS::INITIALIZE_PRESSURE_ZONES,ALLOCATE,NEW_ZONE_INDEX(N_ZONE_ORIG),(variable:local),NEW_ZONE_INDEX,N_ZONE_ORIG
main.f90,2976,FDS::POST_RECEIVES,ALLOCATE,M3%REAL_RECV_PKG1(M3%NIC_R*(6+2*N_TOTAL_SCALARS)),OMESH_TYPE,REAL_RECV_PKG1,M3%NIC_R*(6+2*N_TOTAL_SCALARS)
main.f90,2977,FDS::POST_RECEIVES,ALLOCATE,M3%REAL_RECV_PKG3(IJK_SIZE*4),OMESH_TYPE,REAL_RECV_PKG3,IJK_SIZE*4
main.f90,2978,FDS::POST_RECEIVES,ALLOCATE,M3%REAL_RECV_PKG4(M3%NIC_R),OMESH_TYPE,REAL_RECV_PKG4,M3%NIC_R
main.f90,2979,FDS::POST_RECEIVES,ALLOCATE,M3%REAL_RECV_PKG7(M3%NIC_R*3),OMESH_TYPE,REAL_RECV_PKG7,M3%NIC_R*3
main.f90,2980,FDS::POST_RECEIVES,ALLOCATE,M3%REAL_RECV_PKG8(M3%NIC_R*2),OMESH_TYPE,REAL_RECV_PKG8,M3%NIC_R*2
main.f90,2982,FDS::POST_RECEIVES,ALLOCATE,M3%REAL_RECV_PKG14(5*M3%NIC_R),OMESH_TYPE,REAL_RECV_PKG14,5*M3%NIC_R
main.f90,3170,FDS::MESH_EXCHANGE,ALLOCATE,M3%REAL_SEND_PKG1(M3%NIC_S*(6+2*N_TOTAL_SCALARS)),OMESH_TYPE,REAL_SEND_PKG1,M3%NIC_S*(6+2*N_TOTAL_SCALARS)
main.f90,3171,FDS::MESH_EXCHANGE,ALLOCATE,M3%REAL_SEND_PKG3(IJK_SIZE*4),OMESH_TYPE,REAL_SEND_PKG3,IJK_SIZE*4
main.f90,3172,FDS::MESH_EXCHANGE,ALLOCATE,M3%REAL_SEND_PKG4(M3%NIC_S),OMESH_TYPE,REAL_SEND_PKG4,M3%NIC_S
main.f90,3173,FDS::MESH_EXCHANGE,ALLOCATE,M3%REAL_SEND_PKG7(M3%NIC_S*3),OMESH_TYPE,REAL_SEND_PKG7,M3%NIC_S*3
main.f90,3175,FDS::MESH_EXCHANGE,ALLOCATE,M3%REAL_SEND_PKG14(5*M3%NIC_S),OMESH_TYPE,REAL_SEND_PKG14,5*M3%NIC_S
main.f90,3181,FDS::MESH_EXCHANGE,ALLOCATE,M3%REAL_SEND_PKG8(M3%NIC_S*2),OMESH_TYPE,REAL_SEND_PKG8,M3%NIC_S*2
main.f90,4008,FDS::ALLOCATE_RADIATION_RECV_PKG,ALLOCATE,M3%REAL_RECV_PKG5(NRA_MAX*NUMBER_SPECTRAL_BANDS*M3%NIC_R),OMESH_TYPE,REAL_RECV_PKG5,NRA_MAX*NUMBER_SPECTRAL_BANDS*M3%NIC_R
main.f90,4049,FDS::ALLOCATE_RADIATION_SEND_PKG,ALLOCATE,M3%REAL_SEND_PKG5(NRA_MAX*NUMBER_SPECTRAL_BANDS*M3%NIC_S),OMESH_TYPE,REAL_SEND_PKG5,NRA_MAX*NUMBER_SPECTRAL_BANDS*M3%NIC_S
main.f90,4177,FDS::WRITE_STRINGS,ALLOCATE,STRING_BUF,(variable:local),STRING_BUF,
main.f90,4200,FDS::WRITE_STRINGS,ALLOCATE,STRING_BUF,(variable:local),STRING_BUF,
main.f90,4204,FDS::WRITE_STRINGS,ALLOCATE,STRING_DUM(N_STRINGS_DUM),(variable:local),STRING_DUM,N_STRINGS_DUM
main.f90,4215,FDS::WRITE_STRINGS,ALLOCATE,STRING_DUM(N_STRINGS_DUM),(variable:local),STRING_DUM,N_STRINGS_DUM
main.f90,4814,FDS::EXCHANGE_NSLICE_INFO,ALLOCATE,EMPTY_UNIQUE_SLICE(MESHES(1)%N_UNIQUE_SLCF),(variable:local),EMPTY_UNIQUE_SLICE,MESHES(1)%N_UNIQUE_SLCF
main.f90,4815,FDS::EXCHANGE_NSLICE_INFO,ALLOCATE,ALL_SLICE_QUANTITIES(MESHES(1)%N_SLCF_O*3),(variable:local),ALL_SLICE_QUANTITIES,MESHES(1)%N_SLCF_O*3
main.f90,4852,FDS::EXCHANGE_NSLICE_INFO,ALLOCATE,MESHES(1)%UNIQUE_SLICE_IN_DOMAIN(MESHES(1)%N_UNIQUE_SLCF),MESH_TYPE,UNIQUE_SLICE_IN_DOMAIN,MESHES(1)%N_UNIQUE_SLCF
main.f90,4854,FDS::EXCHANGE_NSLICE_INFO,ALLOCATE,UNIQUE_SLICE_IN_DOMAIN(MESHES(1)%N_UNIQUE_SLCF),(variable:local),UNIQUE_SLICE_IN_DOMAIN,MESHES(1)%N_UNIQUE_SLCF
main.f90,4868,FDS::EXCHANGE_NSLICE_INFO,ALLOCATE,MESHES(1)%UNIQUE_SLICE_IS_SL3D(MESHES(1)%N_UNIQUE_SLCF),MESH_TYPE,UNIQUE_SLICE_IS_SL3D,MESHES(1)%N_UNIQUE_SLCF
main.f90,4870,FDS::EXCHANGE_NSLICE_INFO,ALLOCATE,UNIQUE_SLICE_IS_SL3D(MESHES(1)%N_UNIQUE_SLCF),(variable:local),UNIQUE_SLICE_IS_SL3D,MESHES(1)%N_UNIQUE_SLCF
main.f90,4884,FDS::EXCHANGE_NSLICE_INFO,ALLOCATE,STRING_BUF,(variable:local),STRING_BUF,
main.f90,4894,FDS::EXCHANGE_NSLICE_INFO,ALLOCATE,STRING_BUF,(variable:local),STRING_BUF,
main.f90,4908,FDS::EXCHANGE_NSLICE_INFO,ALLOCATE,STRING_BUF,(variable:local),STRING_BUF,
main.f90,4916,FDS::EXCHANGE_NSLICE_INFO,ALLOCATE,STRING_BUF,(variable:local),STRING_BUF,
main.f90,5133,FDS::DEFINE_RS_COMM_INFO,ALLOCATE,MASTERS_RS(0:N_MPI_RS_MASTERS-1),(variable:use:GLOBAL_CONSTANTS),MASTERS_RS,0:N_MPI_RS_MASTERS-1
mass.f90,522,MASS::DENSITY,ALLOCATE,ZZ_GET(1:N_TOTAL_SCALARS),(variable:local),ZZ_GET,1:N_TOTAL_SCALARS
mass.f90,704,MASS::DENSITY,ALLOCATE,ZZ_GET(1:N_TOTAL_SCALARS),(variable:local),ZZ_GET,1:N_TOTAL_SCALARS
part.f90,388,PART::INSERT_ALL_PARTICLES::INSERT_SPRAY_PARTICLES,ALLOCATE,LP_INDEX_LOOKUP(N_INSERT),(variable:host:INSERT_ALL_PARTICLES),LP_INDEX_LOOKUP,N_INSERT
part.f90,722,PART::INSERT_ALL_PARTICLES::PARTICLE_FACE_INSERT,ALLOCATE,LP_INDEX_LOOKUP(NPPC),(variable:host:INSERT_ALL_PARTICLES),LP_INDEX_LOOKUP,NPPC
part.f90,1163,PART::INSERT_ALL_PARTICLES::INSERT_VOLUMETRIC_PARTICLES,ALLOCATE,LP_INDEX_LOOKUP(N_PARTICLES_INSERT),(variable:host:INSERT_ALL_PARTICLES),LP_INDEX_LOOKUP,N_PARTICLES_INSERT
part.f90,1306,PART::INSERT_ALL_PARTICLES::INSERT_VOLUMETRIC_PARTICLES,ALLOCATE,LP_INDEX_LOOKUP(N_INSERT),(variable:host:INSERT_ALL_PARTICLES),LP_INDEX_LOOKUP,N_INSERT
part.f90,3647,PART::PARTICLE_MASS_ENERGY_TRANSFER,ALLOCATE,PART_WARNING(NLP),(variable:local),PART_WARNING,NLP
pres.f90,1205,LOCMAT_SOLVER::ULMAT_SOLVER_SETUP,ALLOCATE,M%ZONE_MESH(0:N_ZONE),MESH_TYPE,ZONE_MESH,0:N_ZONE
pres.f90,1287,LOCMAT_SOLVER::ULMAT_SOLVER_SETUP,ALLOCATE,"M%PRHS(ITRN,JTRN,KTRN)",MESH_TYPE,PRHS,"ITRN,JTRN,KTRN"
pres.f90,1290,LOCMAT_SOLVER::ULMAT_SOLVER_SETUP,ALLOCATE,"M%BXS(JDIM,KBP1)",MESH_TYPE,BXS,"JDIM,KBP1"
pres.f90,1291,LOCMAT_SOLVER::ULMAT_SOLVER_SETUP,ALLOCATE,"M%BXF(JDIM,KBP1)",MESH_TYPE,BXF,"JDIM,KBP1"
pres.f90,1292,LOCMAT_SOLVER::ULMAT_SOLVER_SETUP,ALLOCATE,"M%BYS(IBP1,KBP1)",MESH_TYPE,BYS,"IBP1,KBP1"
pres.f90,1293,LOCMAT_SOLVER::ULMAT_SOLVER_SETUP,ALLOCATE,"M%BYF(IBP1,KBP1)",MESH_TYPE,BYF,"IBP1,KBP1"
pres.f90,1294,LOCMAT_SOLVER::ULMAT_SOLVER_SETUP,ALLOCATE,"M%BZS(IBP1,JDIM)",MESH_TYPE,BZS,"IBP1,JDIM"
pres.f90,1295,LOCMAT_SOLVER::ULMAT_SOLVER_SETUP,ALLOCATE,"M%BZF(IBP1,JDIM)",MESH_TYPE,BZF,"IBP1,JDIM"
pres.f90,1315,LOCMAT_SOLVER::ULMAT_SOLVER_SETUP,ALLOCATE,"M%MUNKH(0:IBAR+1,0:JBAR+1,0:KBAR+1)",MESH_TYPE,MUNKH,"0:IBAR+1,0:JBAR+1,0:KBAR+1"
pres.f90,1351,LOCMAT_SOLVER::ULMAT_SOLVER_SETUP,ALLOCATE,"ZM%MESH_IJK(1:3,1:ZM%NCVLH)",ZONE_MESH_TYPE,MESH_IJK,"1:3,1:ZM%NCVLH"
pres.f90,2026,LOCMAT_SOLVER::ULMAT_GET_H_REGFACES,ALLOCATE,"IJKBUFFER(IAXIS:KAXIS,1:(IBAR+1)*(JBAR+1)*(KBAR+1))",(variable:local),IJKBUFFER,"IAXIS:KAXIS,1:(IBAR+1)*(JBAR+1)*(KBAR+1)"
pres.f90,2030,LOCMAT_SOLVER::ULMAT_GET_H_REGFACES,ALLOCATE,"LOG_INTWC(0:IBAR,0:JBAR,0:KBAR,IAXIS:KAXIS)",(variable:local),LOG_INTWC,"0:IBAR,0:JBAR,0:KBAR,IAXIS:KAXIS"
pres.f90,2073,LOCMAT_SOLVER::ULMAT_GET_H_REGFACES,ALLOCATE,M%REGFACE_IAXIS_H(IREG),MESH_TYPE,REGFACE_IAXIS_H,IREG
pres.f90,2102,LOCMAT_SOLVER::ULMAT_GET_H_REGFACES,ALLOCATE,M%REGFACE_JAXIS_H(IREG),MESH_TYPE,REGFACE_JAXIS_H,IREG
pres.f90,2132,LOCMAT_SOLVER::ULMAT_GET_H_REGFACES,ALLOCATE,M%REGFACE_KAXIS_H(IREG),MESH_TYPE,REGFACE_KAXIS_H,IREG
pres.f90,2169,LOCMAT_SOLVER::ULMAT_MATRIXGRAPH_H,ALLOCATE,NNZ_H_MAT(1:NUNKH),(variable:host:LOCMAT_SOLVER),NNZ_H_MAT,1:NUNKH
pres.f90,2172,LOCMAT_SOLVER::ULMAT_MATRIXGRAPH_H,ALLOCATE,"JD_H_MAT(1:NNZ_STENCIL_H,1:NUNKH)",(variable:host:LOCMAT_SOLVER),JD_H_MAT,"1:NNZ_STENCIL_H,1:NUNKH"
pres.f90,2542,LOCMAT_SOLVER::ULMAT_H_MATRIX,ALLOCATE,"D_H_MAT(1:NNZ_STENCIL_H,1:NUNKH)",(variable:host:LOCMAT_SOLVER),D_H_MAT,"1:NNZ_STENCIL_H,1:NUNKH"
pres.f90,2798,LOCMAT_SOLVER::ULMAT_DEFINE_IPARM,ALLOCATE,IPARM(64),(variable:host:LOCMAT_SOLVER),IPARM,64
pres.f90,2860,LOCMAT_SOLVER::ULMAT_H_MATRIX_SOLVER_SETUP,ALLOCATE,ZM%X_H(ZM%NUNKH),ZONE_MESH_TYPE,X_H,ZM%NUNKH
pres.f90,2860,LOCMAT_SOLVER::ULMAT_H_MATRIX_SOLVER_SETUP,ALLOCATE,ZM%F_H(ZM%NUNKH),ZONE_MESH_TYPE,F_H,ZM%NUNKH
pres.f90,2870,LOCMAT_SOLVER::ULMAT_H_MATRIX_SOLVER_SETUP,ALLOCATE,ZM%A_H(TOT_NNZ_H),ZONE_MESH_TYPE,A_H,TOT_NNZ_H
pres.f90,2870,LOCMAT_SOLVER::ULMAT_H_MATRIX_SOLVER_SETUP,ALLOCATE,ZM%IA_H(ZM%NUNKH+1),ZONE_MESH_TYPE,IA_H,ZM%NUNKH+1
pres.f90,2870,LOCMAT_SOLVER::ULMAT_H_MATRIX_SOLVER_SETUP,ALLOCATE,ZM%JA_H(TOT_NNZ_H),ZONE_MESH_TYPE,JA_H,TOT_NNZ_H
pres.f90,2907,LOCMAT_SOLVER::ULMAT_H_MATRIX_SOLVER_SETUP,ALLOCATE,ZM%PT_H(64),ZONE_MESH_TYPE,PT_H,64
pres.f90,2957,LOCMAT_SOLVER::ULMAT_H_MATRIX_SOLVER_SETUP,ALLOCATE,ZM%HYPRE_ZM%INDICES(ZM%NUNKH),HYPRE_ZM_TYPE,INDICES,ZM%NUNKH
pres.f90,2968,LOCMAT_SOLVER::ULMAT_H_MATRIX_SOLVER_SETUP,ALLOCATE,"JD_H_MAT(1,1)",(variable:host:LOCMAT_SOLVER),JD_H_MAT,"1,1"
pres.f90,2969,LOCMAT_SOLVER::ULMAT_H_MATRIX_SOLVER_SETUP,ALLOCATE,"D_H_MAT(1,1)",(variable:host:LOCMAT_SOLVER),D_H_MAT,"1,1"
pres.f90,3267,GLOBMAT_SOLVER::SAVE_HS_FOR_SETUP,ALLOCATE,H_RESTORE_MESHES(LOWER_MESH_INDEX:UPPER_MESH_INDEX),(variable:host:GLOBMAT_SOLVER),H_RESTORE_MESHES,LOWER_MESH_INDEX:UPPER_MESH_INDEX
pres.f90,3269,GLOBMAT_SOLVER::SAVE_HS_FOR_SETUP,ALLOCATE,"H_RESTORE_MESHES(NM)%H_RESTORE(LBOUND(MESHES(NM)%HS,1):UBOUND(MESHES(NM)%HS,1),LBOUND(MESHES(NM)%HS,2):UBOUND(MESHES(NM)%HS,2),LBOUND(MESHES(NM)%HS,3):UBOUND(MESHES(NM)%HS,3))",H_RESTORE_TYPE,H_RESTORE,"LBOUND(MESHES(NM)%HS,1):UBOUND(MESHES(NM)%HS,1),LBOUND(MESHES(NM)%HS,2):UBOUND(MESHES(NM)%HS,2),LBOUND(MESHES(NM)%HS,3):UBOUND(MESHES(NM)%HS,3)"
pres.f90,3412,GLOBMAT_SOLVER::GLMAT_SOLVER,ALLOCATE,DISPL(0:N_MPI_RS-1),(variable:local),DISPL,0:N_MPI_RS-1
pres.f90,3940,GLOBMAT_SOLVER::CHECK_UNSUPPORTED_MESH,ALLOCATE,"MESH_GRAPH(1:6,NMESHES)",(variable:local),MESH_GRAPH,"1:6,NMESHES"
pres.f90,3954,GLOBMAT_SOLVER::CHECK_UNSUPPORTED_MESH,ALLOCATE,COUNTED(NMESHES),(variable:local),COUNTED,NMESHES
pres.f90,3955,GLOBMAT_SOLVER::CHECK_UNSUPPORTED_MESH,ALLOCATE,"DSETS(2,NMESHES)",(variable:local),DSETS,"2,NMESHES"
pres.f90,3956,GLOBMAT_SOLVER::CHECK_UNSUPPORTED_MESH,ALLOCATE,MESH_LIST(NMESHES),(variable:local),MESH_LIST,NMESHES
pres.f90,4011,GLOBMAT_SOLVER::CHECK_UNSUPPORTED_MESH,ALLOCATE,DIRI_SET(NSETS),(variable:local),DIRI_SET,NSETS
pres.f90,4226,GLOBMAT_SOLVER::COPY_HS_IN_CCVAR,ALLOCATE,"OMESH(NOM)%GSCH(LBOUND(OMESH(NOM)%HS,1):UBOUND(OMESH(NOM)%HS,1),LBOUND(OMESH(NOM)%HS,2):UBOUND(OMESH(NOM)%HS,2),LBOUND(OMESH(NOM)%HS,3):UBOUND(OMESH(NOM)%HS,3))",OMESH_TYPE,GSCH,"LBOUND(OMESH(NOM)%HS,1):UBOUND(OMESH(NOM)%HS,1),LBOUND(OMESH(NOM)%HS,2):UBOUND(OMESH(NOM)%HS,2),LBOUND(OMESH(NOM)%HS,3):UBOUND(OMESH(NOM)%HS,3)"
pres.f90,4233,GLOBMAT_SOLVER::COPY_HS_IN_CCVAR,ALLOCATE,"OMESH(NOM)%MUNKH(LBOUND(OMESH(NOM)%HS,1):UBOUND(OMESH(NOM)%HS,1),LBOUND(OMESH(NOM)%HS,2):UBOUND(OMESH(NOM)%HS,2),LBOUND(OMESH(NOM)%HS,3):UBOUND(OMESH(NOM)%HS,3))",OMESH_TYPE,MUNKH,"LBOUND(OMESH(NOM)%HS,1):UBOUND(OMESH(NOM)%HS,1),LBOUND(OMESH(NOM)%HS,2):UBOUND(OMESH(NOM)%HS,2),LBOUND(OMESH(NOM)%HS,3):UBOUND(OMESH(NOM)%HS,3)"
pres.f90,4240,GLOBMAT_SOLVER::COPY_HS_IN_CCVAR,ALLOCATE,"OMESH(NOM)%EWC_TYPE(LBOUND(OMESH(NOM)%HS,1):UBOUND(OMESH(NOM)%HS,1),LBOUND(OMESH(NOM)%HS,2):UBOUND(OMESH(NOM)%HS,2),LBOUND(OMESH(NOM)%HS,3):UBOUND(OMESH(NOM)%HS,3))",OMESH_TYPE,EWC_TYPE,"LBOUND(OMESH(NOM)%HS,1):UBOUND(OMESH(NOM)%HS,1),LBOUND(OMESH(NOM)%HS,2):UBOUND(OMESH(NOM)%HS,2),LBOUND(OMESH(NOM)%HS,3):UBOUND(OMESH(NOM)%HS,3)"
pres.f90,4442,GLOBMAT_SOLVER::GET_H_MATRIX_LUDCMP,ALLOCATE,ZSL_COMM(0:N_ZONE_GLOBMAT),(variable:host:GLOBMAT_SOLVER),ZSL_COMM,0:N_ZONE_GLOBMAT
pres.f90,4453,GLOBMAT_SOLVER::GET_H_MATRIX_LUDCMP,ALLOCATE,"NNZ_ROW_H(1:MAX(1,ZSL%NUNKH_LOCAL))",(variable:local),NNZ_ROW_H,"1:MAX(1,ZSL%NUNKH_LOCAL)"
pres.f90,4472,GLOBMAT_SOLVER::GET_H_MATRIX_LUDCMP,ALLOCATE,ZSL%NUNKH_LOC_RS(0:N_MPI_RS-1),ZONE_SOLVE_TYPE,NUNKH_LOC_RS,0:N_MPI_RS-1
pres.f90,4473,GLOBMAT_SOLVER::GET_H_MATRIX_LUDCMP,ALLOCATE,ZSL%UNKH_IND_RS(0:N_MPI_RS-1),ZONE_SOLVE_TYPE,UNKH_IND_RS,0:N_MPI_RS-1
pres.f90,4486,GLOBMAT_SOLVER::GET_H_MATRIX_LUDCMP,ALLOCATE,"NNZ_ROW_H_RS(1:MAX(1,ZSL%NUNKH_LOCAL_RS))",(variable:local),NNZ_ROW_H_RS,"1:MAX(1,ZSL%NUNKH_LOCAL_RS)"
pres.f90,4487,GLOBMAT_SOLVER::GET_H_MATRIX_LUDCMP,ALLOCATE,"ROW_H_RS(1:MAX(1,ZSL%NUNKH_LOCAL_RS))",(variable:local),ROW_H_RS,"1:MAX(1,ZSL%NUNKH_LOCAL_RS)"
pres.f90,4496,GLOBMAT_SOLVER::GET_H_MATRIX_LUDCMP,ALLOCATE,"ZSL%X_H(MAX(ZSL%NUNKH_LOCAL_RS,1))",ZONE_SOLVE_TYPE,X_H,"MAX(ZSL%NUNKH_LOCAL_RS,1)"
pres.f90,4496,GLOBMAT_SOLVER::GET_H_MATRIX_LUDCMP,ALLOCATE,"ZSL%F_H(MAX(ZSL%NUNKH_LOCAL_RS,1))",ZONE_SOLVE_TYPE,F_H,"MAX(ZSL%NUNKH_LOCAL_RS,1)"
pres.f90,4498,GLOBMAT_SOLVER::GET_H_MATRIX_LUDCMP,ALLOCATE,NNZ_ROW_H_RS(1),(variable:local),NNZ_ROW_H_RS,1
pres.f90,4498,GLOBMAT_SOLVER::GET_H_MATRIX_LUDCMP,ALLOCATE,ROW_H_RS(1),(variable:local),ROW_H_RS,1
pres.f90,4500,GLOBMAT_SOLVER::GET_H_MATRIX_LUDCMP,ALLOCATE,"ZSL%X_H(MAX(ZSL%NUNKH_LOCAL,1))",ZONE_SOLVE_TYPE,X_H,"MAX(ZSL%NUNKH_LOCAL,1)"
pres.f90,4500,GLOBMAT_SOLVER::GET_H_MATRIX_LUDCMP,ALLOCATE,"ZSL%F_H(MAX(ZSL%NUNKH_LOCAL,1))",ZONE_SOLVE_TYPE,F_H,"MAX(ZSL%NUNKH_LOCAL,1)"
pres.f90,4506,GLOBMAT_SOLVER::GET_H_MATRIX_LUDCMP,ALLOCATE,DISPL(0:N_MPI_RS-1),(variable:local),DISPL,0:N_MPI_RS-1
pres.f90,4507,GLOBMAT_SOLVER::GET_H_MATRIX_LUDCMP,ALLOCATE,SIZEV(0:N_MPI_RS-1),(variable:local),SIZEV,0:N_MPI_RS-1
pres.f90,4543,GLOBMAT_SOLVER::GET_H_MATRIX_LUDCMP,ALLOCATE,"JD_1D(MAX(IROW,1))",(variable:local),JD_1D,"MAX(IROW,1)"
pres.f90,4543,GLOBMAT_SOLVER::GET_H_MATRIX_LUDCMP,ALLOCATE,"D_1D(MAX(IROW,1))",(variable:local),D_1D,"MAX(IROW,1)"
pres.f90,4564,GLOBMAT_SOLVER::GET_H_MATRIX_LUDCMP,ALLOCATE,JD_1D_RS(ZSL%TOT_NNZ_H_RS),(variable:local),JD_1D_RS,ZSL%TOT_NNZ_H_RS
pres.f90,4564,GLOBMAT_SOLVER::GET_H_MATRIX_LUDCMP,ALLOCATE,D_1D_RS(ZSL%TOT_NNZ_H_RS),(variable:local),D_1D_RS,ZSL%TOT_NNZ_H_RS
pres.f90,4566,GLOBMAT_SOLVER::GET_H_MATRIX_LUDCMP,ALLOCATE,JD_1D_RS(1),(variable:local),JD_1D_RS,1
pres.f90,4566,GLOBMAT_SOLVER::GET_H_MATRIX_LUDCMP,ALLOCATE,D_1D_RS(1),(variable:local),D_1D_RS,1
pres.f90,4580,GLOBMAT_SOLVER::GET_H_MATRIX_LUDCMP,ALLOCATE,ROW_H_RS(I)%JD(NNZ_ROW_H_RS(I)),H_ROW_TYPE,JD,NNZ_ROW_H_RS(I)
pres.f90,4581,GLOBMAT_SOLVER::GET_H_MATRIX_LUDCMP,ALLOCATE,ROW_H_RS(I)%D(NNZ_ROW_H_RS(I)),H_ROW_TYPE,D,NNZ_ROW_H_RS(I)
pres.f90,4593,GLOBMAT_SOLVER::GET_H_MATRIX_LUDCMP,MOVE_ALLOC,ZSL%ROW_H,ZONE_SOLVE_TYPE,ROW_H,(from FROM=ROW_H_RS)
pres.f90,4620,GLOBMAT_SOLVER::GET_H_MATRIX_LUDCMP,ALLOCATE,ZSL%A_H(ZSL%TOT_NNZ_H_RS),ZONE_SOLVE_TYPE,A_H,ZSL%TOT_NNZ_H_RS
pres.f90,4620,GLOBMAT_SOLVER::GET_H_MATRIX_LUDCMP,ALLOCATE,"ZSL%IA_H(MAX(ZSL%NUNKH_LOCAL_RS,1)+1)",ZONE_SOLVE_TYPE,IA_H,"MAX(ZSL%NUNKH_LOCAL_RS,1)+1"
pres.f90,4620,GLOBMAT_SOLVER::GET_H_MATRIX_LUDCMP,ALLOCATE,ZSL%JA_H(ZSL%TOT_NNZ_H_RS),ZONE_SOLVE_TYPE,JA_H,ZSL%TOT_NNZ_H_RS
pres.f90,4645,GLOBMAT_SOLVER::GET_H_MATRIX_LUDCMP,ALLOCATE,"ZSL%F_H_FB(1:MAX(ZSL%NUNKH_LOCAL_RS,1))",ZONE_SOLVE_TYPE,F_H_FB,"1:MAX(ZSL%NUNKH_LOCAL_RS,1)"
pres.f90,4646,GLOBMAT_SOLVER::GET_H_MATRIX_LUDCMP,ALLOCATE,"ZSL%X_H_FB(1:MAX(ZSL%NUNKH_LOCAL_RS,1))",ZONE_SOLVE_TYPE,X_H_FB,"1:MAX(ZSL%NUNKH_LOCAL_RS,1)"
pres.f90,4647,GLOBMAT_SOLVER::GET_H_MATRIX_LUDCMP,ALLOCATE,ZSL%A_H_FB(ZSL%TOT_NNZ_H_RS),ZONE_SOLVE_TYPE,A_H_FB,ZSL%TOT_NNZ_H_RS
pres.f90,4655,GLOBMAT_SOLVER::GET_H_MATRIX_LUDCMP,ALLOCATE,ZSL%PT_H(64),ZONE_SOLVE_TYPE,PT_H,64
pres.f90,4686,GLOBMAT_SOLVER::GET_H_MATRIX_LUDCMP,ALLOCATE,"MB_FACTOR(2,0:N_MPI_PROCESSES-1)",(variable:local),MB_FACTOR,"2,0:N_MPI_PROCESSES-1"
pres.f90,4730,GLOBMAT_SOLVER::GET_H_MATRIX_LUDCMP,ALLOCATE,"ZSL%HYPRE_ZSL%INDICES(MAX(1,ZSL%NUNKH_LOCAL_RS))",HYPRE_ZM_TYPE,INDICES,"MAX(1,ZSL%NUNKH_LOCAL_RS)"
pres.f90,4747,GLOBMAT_SOLVER::GET_H_MATRIX_LUDCMP,ALLOCATE,COLS0(NII2),(variable:local),COLS0,NII2
pres.f90,4747,GLOBMAT_SOLVER::GET_H_MATRIX_LUDCMP,ALLOCATE,VALS(NII2),(variable:local),VALS,NII2
pres.f90,4752,GLOBMAT_SOLVER::GET_H_MATRIX_LUDCMP,ALLOCATE,COLS0(1),(variable:local),COLS0,1
pres.f90,4752,GLOBMAT_SOLVER::GET_H_MATRIX_LUDCMP,ALLOCATE,VALS(1),(variable:local),VALS,1
pres.f90,4884,GLOBMAT_SOLVER::SET_CLUSTER_SOLVER_IPARM,ALLOCATE,IPARM(64),(variable:host:GLOBMAT_SOLVER),IPARM,64
pres.f90,5333,GLOBMAT_SOLVER::GET_MATRIXGRAPH_H_WHLDOM,ALLOCATE,ZSL%ROW_H(1:ZSL%NUNKH_LOCAL),ZONE_SOLVE_TYPE,ROW_H,1:ZSL%NUNKH_LOCAL
pres.f90,5335,GLOBMAT_SOLVER::GET_MATRIXGRAPH_H_WHLDOM,ALLOCATE,ZSL%ROW_H(1:1),ZONE_SOLVE_TYPE,ROW_H,1:1
pres.f90,5574,GLOBMAT_SOLVER::GET_H_REGFACES,ALLOCATE,"IJKBUFFER(IAXIS:KAXIS,1:(IBAR+1)*(JBAR+1)*(KBAR+1))",(variable:local),IJKBUFFER,"IAXIS:KAXIS,1:(IBAR+1)*(JBAR+1)*(KBAR+1)"
pres.f90,5576,GLOBMAT_SOLVER::GET_H_REGFACES,ALLOCATE,"LOG_INTWC(ILO_FACE:IHI_FACE,JLO_FACE:JHI_FACE,KLO_FACE:KHI_FACE,IAXIS:KAXIS)",(variable:local),LOG_INTWC,"ILO_FACE:IHI_FACE,JLO_FACE:JHI_FACE,KLO_FACE:KHI_FACE,IAXIS:KAXIS"
pres.f90,5625,GLOBMAT_SOLVER::GET_H_REGFACES,ALLOCATE,MESHES(NM)%REGFACE_IAXIS_H(IREG),MESH_TYPE,REGFACE_IAXIS_H,IREG
pres.f90,5652,GLOBMAT_SOLVER::GET_H_REGFACES,ALLOCATE,MESHES(NM)%REGFACE_JAXIS_H(IREG),MESH_TYPE,REGFACE_JAXIS_H,IREG
pres.f90,5679,GLOBMAT_SOLVER::GET_H_REGFACES,ALLOCATE,MESHES(NM)%REGFACE_KAXIS_H(IREG),MESH_TYPE,REGFACE_KAXIS_H,IREG
pres.f90,5712,GLOBMAT_SOLVER::GET_MATRIX_INDEXES_H,ALLOCATE,ZONE_SOLVE(0:N_ZONE),(variable:use:MESH_POINTERS),ZONE_SOLVE,0:N_ZONE
pres.f90,5731,GLOBMAT_SOLVER::GET_MATRIX_INDEXES_H,ALLOCATE,ZSL%NUNKH_LOC(LOWER_MESH_INDEX:UPPER_MESH_INDEX),ZONE_SOLVE_TYPE,NUNKH_LOC,LOWER_MESH_INDEX:UPPER_MESH_INDEX
pres.f90,5734,GLOBMAT_SOLVER::GET_MATRIX_INDEXES_H,ALLOCATE,ZSL%UNKH_IND(LOWER_MESH_INDEX:UPPER_MESH_INDEX),ZONE_SOLVE_TYPE,UNKH_IND,LOWER_MESH_INDEX:UPPER_MESH_INDEX
pres.f90,5767,GLOBMAT_SOLVER::GET_MATRIX_INDEXES_H,ALLOCATE,NUNKH_TOT(1:NMESHES),(variable:local),NUNKH_TOT,1:NMESHES
pres.f90,5852,GLOBMAT_SOLVER::SET_CCVAR_CGSC_H,ALLOCATE,"MESHES(NM)%CCVAR(ISTR:IEND,JSTR:JEND,KSTR:KEND,NCVARS)",MESH_TYPE,CCVAR,"ISTR:IEND,JSTR:JEND,KSTR:KEND,NCVARS"
radi.f90,414,MIEV::MEAN_CROSS_SECTIONS,ALLOCATE,RDMIE(1:NRDMIE),(variable:host:MIEV),RDMIE,1:NRDMIE
radi.f90,450,MIEV::MEAN_CROSS_SECTIONS,ALLOCATE,"QSCA(1:NRDMIE,1:NLMBDMIE)",(variable:host:MIEV),QSCA,"1:NRDMIE,1:NLMBDMIE"
radi.f90,452,MIEV::MEAN_CROSS_SECTIONS,ALLOCATE,"QABS(1:NRDMIE,1:NLMBDMIE)",(variable:host:MIEV),QABS,"1:NRDMIE,1:NLMBDMIE"
radi.f90,454,MIEV::MEAN_CROSS_SECTIONS,ALLOCATE,"CHI_F(1:NRDMIE,1:NLMBDMIE)",(variable:host:MIEV),CHI_F,"1:NRDMIE,1:NLMBDMIE"
radi.f90,457,MIEV::MEAN_CROSS_SECTIONS,ALLOCATE,LMBDMIE(1:NLMBDMIE),(variable:host:MIEV),LMBDMIE,1:NLMBDMIE
radi.f90,459,MIEV::MEAN_CROSS_SECTIONS,ALLOCATE,LMBDWGHT(1:NLMBDMIE),(variable:host:MIEV),LMBDWGHT,1:NLMBDMIE
radi.f90,461,MIEV::MEAN_CROSS_SECTIONS,ALLOCATE,REAL_REF_INDX(1:NLMBDMIE),(variable:host:MIEV),REAL_REF_INDX,1:NLMBDMIE
radi.f90,463,MIEV::MEAN_CROSS_SECTIONS,ALLOCATE,CMPLX_REF_INDX(1:NLMBDMIE),(variable:host:MIEV),CMPLX_REF_INDX,1:NLMBDMIE
radi.f90,517,MIEV::MEAN_CROSS_SECTIONS,ALLOCATE,"WQABS(0:MIE_NDG,1:NUMBER_SPECTRAL_BANDS)",(variable:local),WQABS,"0:MIE_NDG,1:NUMBER_SPECTRAL_BANDS"
radi.f90,520,MIEV::MEAN_CROSS_SECTIONS,ALLOCATE,"WQSCA(0:MIE_NDG,1:NUMBER_SPECTRAL_BANDS)",(variable:local),WQSCA,"0:MIE_NDG,1:NUMBER_SPECTRAL_BANDS"
radi.f90,523,MIEV::MEAN_CROSS_SECTIONS,ALLOCATE,R50(0:MIE_NDG),(variable:local),R50,0:MIE_NDG
radi.f90,661,MIEV::MIE_SCATTERING,ALLOCATE,XXX(1:NRDMIE),(variable:local),XXX,1:NRDMIE
radi.f90,663,MIEV::MIE_SCATTERING,ALLOCATE,S1(1:NMIEANG2),(variable:local),S1,1:NMIEANG2
radi.f90,665,MIEV::MIE_SCATTERING,ALLOCATE,S2(1:NMIEANG2),(variable:local),S2,1:NMIEANG2
radi.f90,667,MIEV::MIE_SCATTERING,ALLOCATE,XMU1(1:NMIEANG),(variable:local),XMU1,1:NMIEANG
radi.f90,669,MIEV::MIE_SCATTERING,ALLOCATE,XNU1(1:NMIEANG),(variable:local),XNU1,1:NMIEANG
radi.f90,671,MIEV::MIE_SCATTERING,ALLOCATE,XMU2(1:NMIEANG2),(variable:local),XMU2,1:NMIEANG2
radi.f90,673,MIEV::MIE_SCATTERING,ALLOCATE,MUD(1:NMIEANG2),(variable:local),MUD,1:NMIEANG2
radi.f90,675,MIEV::MIE_SCATTERING,ALLOCATE,MUDX(1:NMIEANG2),(variable:local),MUDX,1:NMIEANG2
radi.f90,677,MIEV::MIE_SCATTERING,ALLOCATE,PWGHT(1:NMIEANG2),(variable:local),PWGHT,1:NMIEANG2
radi.f90,679,MIEV::MIE_SCATTERING,ALLOCATE,ANGLE1(1:NMIEANG),(variable:local),ANGLE1,1:NMIEANG
radi.f90,681,MIEV::MIE_SCATTERING,ALLOCATE,ANGLE2(1:NMIEANG2),(variable:local),ANGLE2,1:NMIEANG2
radi.f90,683,MIEV::MIE_SCATTERING,ALLOCATE,PHSFUN(1:NMIEANG2),(variable:local),PHSFUN,1:NMIEANG2
radi.f90,685,MIEV::MIE_SCATTERING,ALLOCATE,"PFOR(1:NMIEANG,1:NMIEANG)",(variable:local),PFOR,"1:NMIEANG,1:NMIEANG"
radi.f90,687,MIEV::MIE_SCATTERING,ALLOCATE,"MUD0(1:NMIEANG,1:NMIEANG)",(variable:local),MUD0,"1:NMIEANG,1:NMIEANG"
radi.f90,689,MIEV::MIE_SCATTERING,ALLOCATE,"MUDPI(1:NMIEANG,1:NMIEANG)",(variable:local),MUDPI,"1:NMIEANG,1:NMIEANG"
radi.f90,1198,MIEV::MIEV0,ALLOCATE,PIN(1:NUMANG),(variable:local),PIN,1:NUMANG
radi.f90,1199,MIEV::MIEV0,ALLOCATE,PINM1(1:NUMANG),(variable:local),PINM1,1:NUMANG
radi.f90,1200,MIEV::MIEV0,ALLOCATE,SM(1:NUMANG),(variable:local),SM,1:NUMANG
radi.f90,1201,MIEV::MIEV0,ALLOCATE,SMS(1:(NUMANG+1)/2),(variable:local),SMS,1:(NUMANG+1)/2
radi.f90,1202,MIEV::MIEV0,ALLOCATE,SP(1:NUMANG),(variable:local),SP,1:NUMANG
radi.f90,1203,MIEV::MIEV0,ALLOCATE,SPS(1:(NUMANG+1)/2),(variable:local),SPS,1:(NUMANG+1)/2
radi.f90,2827,RAD::INIT_RADIATION,ALLOCATE,RSA(1:NRA),(variable:use:MIEV),RSA,1:NRA
radi.f90,2829,RAD::INIT_RADIATION,ALLOCATE,DLX(1:NRA),(variable:use:MIEV),DLX,1:NRA
radi.f90,2831,RAD::INIT_RADIATION,ALLOCATE,DLY(1:NRA),(variable:use:MIEV),DLY,1:NRA
radi.f90,2833,RAD::INIT_RADIATION,ALLOCATE,DLZ(1:NRA),(variable:use:MIEV),DLZ,1:NRA
radi.f90,2835,RAD::INIT_RADIATION,ALLOCATE,MERI_COMP(1:NRA),(variable:use:MIEV),MERI_COMP,1:NRA
radi.f90,2837,RAD::INIT_RADIATION,ALLOCATE,AZIM_COMP(1:NRA),(variable:use:MIEV),AZIM_COMP,1:NRA
radi.f90,2839,RAD::INIT_RADIATION,ALLOCATE,AXIS_COMP(1:NRA),(variable:use:MIEV),AXIS_COMP,1:NRA
radi.f90,2842,RAD::INIT_RADIATION,ALLOCATE,DLB(1:NRA),(variable:use:MIEV),DLB,1:NRA
radi.f90,2844,RAD::INIT_RADIATION,ALLOCATE,DLB_COMP(1:NRA),(variable:use:MIEV),DLB_COMP,1:NRA
radi.f90,2847,RAD::INIT_RADIATION,ALLOCATE,"DLN(-3:3,1:NRA)",(variable:use:MIEV),DLN,"-3:3,1:NRA"
radi.f90,2849,RAD::INIT_RADIATION,ALLOCATE,"DLM(1:NRA,3)",(variable:use:MIEV),DLM,"1:NRA,3"
radi.f90,2851,RAD::INIT_RADIATION,ALLOCATE,"DLANG(3,1:NRA)",(variable:use:MIEV),DLANG,"3,1:NRA"
radi.f90,2853,RAD::INIT_RADIATION,ALLOCATE,"DLANG_OLD(3,1:NRA)",(variable:use:MIEV),DLANG_OLD,"3,1:NRA"
radi.f90,2855,RAD::INIT_RADIATION,ALLOCATE,"DLANG_LOCAL(3,1:NRA)",(variable:use:MIEV),DLANG_LOCAL,"3,1:NRA"
radi.f90,2857,RAD::INIT_RADIATION,ALLOCATE,"DLO_ORIENTATION(1:N_ORIENTATION_VECTOR,1:NRA)",(variable:use:MIEV),DLO_ORIENTATION,"1:N_ORIENTATION_VECTOR,1:NRA"
radi.f90,2885,RAD::INIT_RADIATION,ALLOCATE,BBFRAC(0:NLAMBDAT),(variable:use:MIEV),BBFRAC,0:NLAMBDAT
radi.f90,2906,RAD::INIT_RADIATION,ALLOCATE,WL_LOW(1:NSB),(variable:use:MIEV),WL_LOW,1:NSB
radi.f90,2908,RAD::INIT_RADIATION,ALLOCATE,WL_HIGH(1:NSB),(variable:use:MIEV),WL_HIGH,1:NSB
radi.f90,3104,RAD::INIT_RADIATION,ALLOCATE,"Y2RADCAL_SPECIES(N_RADCAL_ARRAY_SIZE,1:N_SPECIES)",(variable:host:RAD),Y2RADCAL_SPECIES,"N_RADCAL_ARRAY_SIZE,1:N_SPECIES"
radi.f90,3108,RAD::INIT_RADIATION,ALLOCATE,KAPPA_COND(N_TRACKED_SPECIES),(variable:host:RAD),KAPPA_COND,N_TRACKED_SPECIES
radi.f90,3137,RAD::INIT_RADIATION,ALLOCATE,SEGMENT_LENGTH_M(1),(variable:use:RADCAL_CALC),SEGMENT_LENGTH_M,1
radi.f90,3138,RAD::INIT_RADIATION,ALLOCATE,TOTAL_PRESSURE_ATM(1),(variable:use:RADCAL_CALC),TOTAL_PRESSURE_ATM,1
radi.f90,3139,RAD::INIT_RADIATION,ALLOCATE,TEMP_GAS(1),(variable:use:RADCAL_CALC),TEMP_GAS,1
radi.f90,3140,RAD::INIT_RADIATION,ALLOCATE,"PARTIAL_PRESSURES_ATM(16,1)",(variable:use:RADCAL_CALC),PARTIAL_PRESSURES_ATM,"16,1"
radi.f90,3150,RAD::INIT_RADIATION,ALLOCATE,"RADCAL_SPECIES2KAPPA(N_RADCAL_ARRAY_SIZE,0:N_KAPPA_X,0:N_KAPPA_T,NSB)",(variable:host:RAD),RADCAL_SPECIES2KAPPA,"N_RADCAL_ARRAY_SIZE,0:N_KAPPA_X,0:N_KAPPA_T,NSB"
radi.f90,3226,RAD::INIT_RADIATION,ALLOCATE,"WSGG_B1_ARRAY(1:4,0:4)",(variable:use:WSGG_ARRAYS),WSGG_B1_ARRAY,"1:4,0:4"
radi.f90,3227,RAD::INIT_RADIATION,ALLOCATE,"WSGG_B2_ARRAY(1:4,0:4)",(variable:use:WSGG_ARRAYS),WSGG_B2_ARRAY,"1:4,0:4"
radi.f90,3228,RAD::INIT_RADIATION,ALLOCATE,"WSGG_C_ARRAY(1:4,0:4,0:4)",(variable:use:WSGG_ARRAYS),WSGG_C_ARRAY,"1:4,0:4,0:4"
radi.f90,3229,RAD::INIT_RADIATION,ALLOCATE,"WSGG_D_ARRAY(1:4,0:4)",(variable:use:WSGG_ARRAYS),WSGG_D_ARRAY,"1:4,0:4"
radi.f90,3230,RAD::INIT_RADIATION,ALLOCATE,WSGG_KAPPAP1_ARRAY(1:5),(variable:use:WSGG_ARRAYS),WSGG_KAPPAP1_ARRAY,1:5
radi.f90,3231,RAD::INIT_RADIATION,ALLOCATE,WSGG_KAPPAP2_ARRAY(1:5),(variable:use:WSGG_ARRAYS),WSGG_KAPPAP2_ARRAY,1:5
radi.f90,3292,RAD::INIT_RADIATION,ALLOCATE,"RF%IL_SAVE(RF%I1:RF%I2,RF%J1:RF%J2,RF%K1:RF%K2,NUMBER_RADIATION_ANGLES)",RAD_FILE_TYPE,IL_SAVE,"RF%I1:RF%I2,RF%J1:RF%J2,RF%K1:RF%K2,NUMBER_RADIATION_ANGLES"
radi.f90,3578,RAD::CALCULATE_DIRECTION_COEFFICIENTS,ALLOCATE,NEAREST_RADIATION_ANGLE(N_ORIENTATION_VECTOR),(variable:use:GLOBAL_CONSTANTS),NEAREST_RADIATION_ANGLE,N_ORIENTATION_VECTOR
radi.f90,3579,RAD::CALCULATE_DIRECTION_COEFFICIENTS,ALLOCATE,VIEW_ANGLE_FACTOR(N_ORIENTATION_VECTOR),(variable:use:GLOBAL_CONSTANTS),VIEW_ANGLE_FACTOR,N_ORIENTATION_VECTOR
radi.f90,3821,RAD::COMPUTE_RADIATION::RADIATION_FVM,ALLOCATE,Z_ARRAY(N_TRACKED_SPECIES),(variable:local),Z_ARRAY,N_TRACKED_SPECIES
radi.f90,3823,RAD::COMPUTE_RADIATION::RADIATION_FVM,ALLOCATE,"IJK_SLICE(3,IBAR*KBAR)",(variable:local),IJK_SLICE,"3,IBAR*KBAR"
radi.f90,3826,RAD::COMPUTE_RADIATION::RADIATION_FVM,ALLOCATE,"ILDX(0:IBP1,0:JBP1,0:KBP1)",(variable:local),ILDX,"0:IBP1,0:JBP1,0:KBP1"
radi.f90,3827,RAD::COMPUTE_RADIATION::RADIATION_FVM,ALLOCATE,"ILDY(0:IBP1,0:JBP1,0:KBP1)",(variable:local),ILDY,"0:IBP1,0:JBP1,0:KBP1"
radi.f90,3828,RAD::COMPUTE_RADIATION::RADIATION_FVM,ALLOCATE,"ILDZ(0:IBP1,0:JBP1,0:KBP1)",(variable:local),ILDZ,"0:IBP1,0:JBP1,0:KBP1"
radi.f90,4002,RAD::COMPUTE_RADIATION::RADIATION_FVM,ALLOCATE,ZZ_GET(1:N_TRACKED_SPECIES),(variable:local),ZZ_GET,1:N_TRACKED_SPECIES
rcal.f90,223,RADCAL_CALC::INIT_RADCAL,ALLOCATE,INCIDENT_RADIANCE(NOM),(variable:use:RADCAL_VAR),INCIDENT_RADIANCE,NOM
rcal.f90,224,RADCAL_CALC::INIT_RADCAL,ALLOCATE,"TTAU(0:NPT,NOM)",(variable:use:RADCAL_VAR),TTAU,"0:NPT,NOM"
rcal.f90,226,RADCAL_CALC::INIT_RADCAL,ALLOCATE,LAMBDA(NOM),(variable:use:RADCAL_VAR),LAMBDA,NOM
rcal.f90,227,RADCAL_CALC::INIT_RADCAL,ALLOCATE,AB(NOM),(variable:use:RADCAL_VAR),AB,NOM
rcal.f90,228,RADCAL_CALC::INIT_RADCAL,ALLOCATE,WAVE_NUMBER(NOM),(variable:use:RADCAL_VAR),WAVE_NUMBER,NOM
rcal.f90,312,RADCAL_CALC::SUB_RADCAL,ALLOCATE,"CURTIS_XSTAR(1:N_RADCAL_SPECIES,0:NPT)",(variable:local),CURTIS_XSTAR,"1:N_RADCAL_SPECIES,0:NPT"
rcal.f90,315,RADCAL_CALC::SUB_RADCAL,ALLOCATE,"CURTIS_ACOLLISION(1:N_RADCAL_SPECIES,0:NPT)",(variable:local),CURTIS_ACOLLISION,"1:N_RADCAL_SPECIES,0:NPT"
rcal.f90,318,RADCAL_CALC::SUB_RADCAL,ALLOCATE,"CURTIS_ADOPPLER(1:N_RADCAL_SPECIES,0:NPT)",(variable:local),CURTIS_ADOPPLER,"1:N_RADCAL_SPECIES,0:NPT"
rcal.f90,321,RADCAL_CALC::SUB_RADCAL,ALLOCATE,"OPTICAL_THICKNESS(1:N_RADCAL_SPECIES,1:NPT)",(variable:local),OPTICAL_THICKNESS,"1:N_RADCAL_SPECIES,1:NPT"
rcal.f90,324,RADCAL_CALC::SUB_RADCAL,ALLOCATE,"OPTICAL_DEPTH(1:N_RADCAL_SPECIES,0:NPT)",(variable:local),OPTICAL_DEPTH,"1:N_RADCAL_SPECIES,0:NPT"
rcal.f90,327,RADCAL_CALC::SUB_RADCAL,ALLOCATE,"GC(1:N_RADCAL_SPECIES,1:NPT)",(variable:local),GC,"1:N_RADCAL_SPECIES,1:NPT"
rcal.f90,330,RADCAL_CALC::SUB_RADCAL,ALLOCATE,PATH_LENGTH_CM(1:NPT),(variable:local),PATH_LENGTH_CM,1:NPT
rcal.f90,334,RADCAL_CALC::SUB_RADCAL,ALLOCATE,BB_WALL(NOM),(variable:local),BB_WALL,NOM
rcal.f90,337,RADCAL_CALC::SUB_RADCAL,ALLOCATE,BB_GAS(NOM),(variable:local),BB_GAS,NOM
rcal.f90,344,RADCAL_CALC::SUB_RADCAL,ALLOCATE,AZOTEMP(1:NPT),(variable:local),AZOTEMP,1:NPT
rcal.f90,460,RADCAL_CALC::SUB_RADCAL,ALLOCATE,TAUL(0:NPT),(variable:local),TAUL,0:NPT
rcal.f90,463,RADCAL_CALC::SUB_RADCAL,ALLOCATE,X_PARTICLE(NPT),(variable:local),X_PARTICLE,NPT
rcal.f90,494,RADCAL_CALC::SUB_RADCAL,ALLOCATE,TAUS(0:NPT),(variable:local),TAUS,0:NPT
rcal.f90,497,RADCAL_CALC::SUB_RADCAL,ALLOCATE,X_PARTICLE(NPT),(variable:local),X_PARTICLE,NPT
rcal.f90,558,RADCAL_CALC::SUB_RADCAL,ALLOCATE,AB_PLANCK(NOM),(variable:local),AB_PLANCK,NOM
rcal.f90,582,RADCAL_CALC::SUB_RADCAL,ALLOCATE,AB_TAU(NOM),(variable:local),AB_TAU,NOM
rcal.f90,585,RADCAL_CALC::SUB_RADCAL,ALLOCATE,BB_SPECT(NOM),(variable:local),BB_SPECT,NOM
rcal.f90,648,RADCAL_CALC::COLLISION_BROADENING,ALLOCATE,GC(N_RADCAL_SPECIES),(variable:local),GC,N_RADCAL_SPECIES
rcal.f90,1141,RADCAL_CALC::APPROX_VIB_ROT,ALLOCATE,TRANSITION_WN(N_VIBRATIONS),(variable:local),TRANSITION_WN,N_VIBRATIONS
rcal.f90,1146,RADCAL_CALC::APPROX_VIB_ROT,ALLOCATE,ATOT(N_VIBRATIONS),(variable:local),ATOT,N_VIBRATIONS
rcal.f90,1245,RADCAL_CALC::CO2,ALLOCATE,LINE_STRENGTH(3),(variable:local),LINE_STRENGTH,3
rcal.f90,1248,RADCAL_CALC::CO2,ALLOCATE,OM(3),(variable:local),OM,3
rcal.f90,3381,RADCAL_CALC::RCALLOC,ALLOCATE,"GAMMA(4,7)",(variable:use:RADCAL_VAR),GAMMA,"4,7"
rcal.f90,3382,RADCAL_CALC::RCALLOC,ALLOCATE,"SD15(6,80)",(variable:use:RADCAL_VAR),SD15,"6,80"
rcal.f90,3383,RADCAL_CALC::RCALLOC,ALLOCATE,"SD(6,376)",(variable:use:RADCAL_VAR),SD,"6,376"
rcal.f90,3384,RADCAL_CALC::RCALLOC,ALLOCATE,"SD7(3,16)",(variable:use:RADCAL_VAR),SD7,"3,16"
rcal.f90,3385,RADCAL_CALC::RCALLOC,ALLOCATE,"SD3(3,32)",(variable:use:RADCAL_VAR),SD3,"3,32"
rcal.f90,3396,RADCAL_CALC::RCALLOC,ALLOCATE,SD_CH4_TEMP(N_TEMP_CH4),(variable:use:RADCAL_VAR),SD_CH4_TEMP,N_TEMP_CH4
rcal.f90,3405,RADCAL_CALC::RCALLOC,ALLOCATE,"OM_BND_CH4(N_BAND_CH4,3)",(variable:use:RADCAL_VAR),OM_BND_CH4,"N_BAND_CH4,3"
rcal.f90,3418,RADCAL_CALC::RCALLOC,ALLOCATE,"SD1_CH4(N_TEMP_CH4,19)",(variable:use:RADCAL_VAR),SD1_CH4,"N_TEMP_CH4,19"
rcal.f90,3504,RADCAL_CALC::RCALLOC,ALLOCATE,"SD2_CH4(N_TEMP_CH4,23)",(variable:use:RADCAL_VAR),SD2_CH4,"N_TEMP_CH4,23"
rcal.f90,3615,RADCAL_CALC::RCALLOC,ALLOCATE,SD_C2H6_TEMP(N_TEMP_C2H6),(variable:use:RADCAL_VAR),SD_C2H6_TEMP,N_TEMP_C2H6
rcal.f90,3624,RADCAL_CALC::RCALLOC,ALLOCATE,"OM_BND_C2H6(N_BAND_C2H6,3)",(variable:use:RADCAL_VAR),OM_BND_C2H6,"N_BAND_C2H6,3"
rcal.f90,3625,RADCAL_CALC::RCALLOC,ALLOCATE,BE_C2H6(N_BAND_C2H6),(variable:use:RADCAL_VAR),BE_C2H6,N_BAND_C2H6
rcal.f90,3640,RADCAL_CALC::RCALLOC,ALLOCATE,"SD1_C2H6(N_TEMP_C2H6,74)",(variable:use:RADCAL_VAR),SD1_C2H6,"N_TEMP_C2H6,74"
rcal.f90,3754,RADCAL_CALC::RCALLOC,ALLOCATE,"GAMMAD1_C2H6(N_TEMP_C2H6,74)",(variable:use:RADCAL_VAR),GAMMAD1_C2H6,"N_TEMP_C2H6,74"
rcal.f90,3870,RADCAL_CALC::RCALLOC,ALLOCATE,"SD2_C2H6(N_TEMP_C2H6,19)",(variable:use:RADCAL_VAR),SD2_C2H6,"N_TEMP_C2H6,19"
rcal.f90,3908,RADCAL_CALC::RCALLOC,ALLOCATE,"GAMMAD2_C2H6(N_TEMP_C2H6,19)",(variable:use:RADCAL_VAR),GAMMAD2_C2H6,"N_TEMP_C2H6,19"
rcal.f90,3948,RADCAL_CALC::RCALLOC,ALLOCATE,"SD3_C2H6(N_TEMP_C2H6,34)",(variable:use:RADCAL_VAR),SD3_C2H6,"N_TEMP_C2H6,34"
rcal.f90,4007,RADCAL_CALC::RCALLOC,ALLOCATE,"GAMMAD3_C2H6(N_TEMP_C2H6,34)",(variable:use:RADCAL_VAR),GAMMAD3_C2H6,"N_TEMP_C2H6,34"
rcal.f90,4077,RADCAL_CALC::RCALLOC,ALLOCATE,SD_C2H4_TEMP(N_TEMP_C2H4),(variable:use:RADCAL_VAR),SD_C2H4_TEMP,N_TEMP_C2H4
rcal.f90,4086,RADCAL_CALC::RCALLOC,ALLOCATE,"OM_BND_C2H4(N_BAND_C2H4,3)",(variable:use:RADCAL_VAR),OM_BND_C2H4,"N_BAND_C2H4,3"
rcal.f90,4087,RADCAL_CALC::RCALLOC,ALLOCATE,BE_C2H4(N_BAND_C2H4),(variable:use:RADCAL_VAR),BE_C2H4,N_BAND_C2H4
rcal.f90,4102,RADCAL_CALC::RCALLOC,ALLOCATE,"SD1_C2H4(N_TEMP_C2H4,77)",(variable:use:RADCAL_VAR),SD1_C2H4,"N_TEMP_C2H4,77"
rcal.f90,4219,RADCAL_CALC::RCALLOC,ALLOCATE,"GAMMAD1_C2H4(N_TEMP_C2H4,77)",(variable:use:RADCAL_VAR),GAMMAD1_C2H4,"N_TEMP_C2H4,77"
rcal.f90,4338,RADCAL_CALC::RCALLOC,ALLOCATE,"SD2_C2H4(N_TEMP_C2H4,13)",(variable:use:RADCAL_VAR),SD2_C2H4,"N_TEMP_C2H4,13"
rcal.f90,4367,RADCAL_CALC::RCALLOC,ALLOCATE,"GAMMAD2_C2H4(N_TEMP_C2H4,13)",(variable:use:RADCAL_VAR),GAMMAD2_C2H4,"N_TEMP_C2H4,13"
rcal.f90,4398,RADCAL_CALC::RCALLOC,ALLOCATE,"SD3_C2H4(N_TEMP_C2H4,14)",(variable:use:RADCAL_VAR),SD3_C2H4,"N_TEMP_C2H4,14"
rcal.f90,4428,RADCAL_CALC::RCALLOC,ALLOCATE,"GAMMAD3_C2H4(N_TEMP_C2H4,14)",(variable:use:RADCAL_VAR),GAMMAD3_C2H4,"N_TEMP_C2H4,14"
rcal.f90,4460,RADCAL_CALC::RCALLOC,ALLOCATE,"SD4_C2H4(N_TEMP_C2H4,25)",(variable:use:RADCAL_VAR),SD4_C2H4,"N_TEMP_C2H4,25"
rcal.f90,4507,RADCAL_CALC::RCALLOC,ALLOCATE,"GAMMAD4_C2H4(N_TEMP_C2H4,25)",(variable:use:RADCAL_VAR),GAMMAD4_C2H4,"N_TEMP_C2H4,25"
rcal.f90,4563,RADCAL_CALC::RCALLOC,ALLOCATE,SD_C7H16_TEMP(N_TEMP_C7H16),(variable:use:RADCAL_VAR),SD_C7H16_TEMP,N_TEMP_C7H16
rcal.f90,4572,RADCAL_CALC::RCALLOC,ALLOCATE,"OM_BND_C7H16(N_BAND_C7H16,3)",(variable:use:RADCAL_VAR),OM_BND_C7H16,"N_BAND_C7H16,3"
rcal.f90,4573,RADCAL_CALC::RCALLOC,ALLOCATE,BE_C7H16(N_BAND_C7H16),(variable:use:RADCAL_VAR),BE_C7H16,N_BAND_C7H16
rcal.f90,4588,RADCAL_CALC::RCALLOC,ALLOCATE,"SD1_C7H16(N_TEMP_C7H16,29)",(variable:use:RADCAL_VAR),SD1_C7H16,"N_TEMP_C7H16,29"
rcal.f90,4639,RADCAL_CALC::RCALLOC,ALLOCATE,"GAMMAD1_C7H16(N_TEMP_C7H16,29)",(variable:use:RADCAL_VAR),GAMMAD1_C7H16,"N_TEMP_C7H16,29"
rcal.f90,4692,RADCAL_CALC::RCALLOC,ALLOCATE,"SD2_C7H16(N_TEMP_C7H16,30)",(variable:use:RADCAL_VAR),SD2_C7H16,"N_TEMP_C7H16,30"
rcal.f90,4744,RADCAL_CALC::RCALLOC,ALLOCATE,"GAMMAD2_C7H16(N_TEMP_C7H16,30)",(variable:use:RADCAL_VAR),GAMMAD2_C7H16,"N_TEMP_C7H16,30"
rcal.f90,4807,RADCAL_CALC::RCALLOC,ALLOCATE,SD_CH3OH_TEMP(N_TEMP_CH3OH),(variable:use:RADCAL_VAR),SD_CH3OH_TEMP,N_TEMP_CH3OH
rcal.f90,4816,RADCAL_CALC::RCALLOC,ALLOCATE,"OM_BND_CH3OH(N_BAND_CH3OH,3)",(variable:use:RADCAL_VAR),OM_BND_CH3OH,"N_BAND_CH3OH,3"
rcal.f90,4817,RADCAL_CALC::RCALLOC,ALLOCATE,BE_CH3OH(N_BAND_CH3OH),(variable:use:RADCAL_VAR),BE_CH3OH,N_BAND_CH3OH
rcal.f90,4832,RADCAL_CALC::RCALLOC,ALLOCATE,"SD1_CH3OH(N_TEMP_CH3OH,58)",(variable:use:RADCAL_VAR),SD1_CH3OH,"N_TEMP_CH3OH,58"
rcal.f90,4924,RADCAL_CALC::RCALLOC,ALLOCATE,"GAMMAD1_CH3OH(N_TEMP_CH3OH,58)",(variable:use:RADCAL_VAR),GAMMAD1_CH3OH,"N_TEMP_CH3OH,58"
rcal.f90,5018,RADCAL_CALC::RCALLOC,ALLOCATE,"SD2_CH3OH(N_TEMP_CH3OH,24)",(variable:use:RADCAL_VAR),SD2_CH3OH,"N_TEMP_CH3OH,24"
rcal.f90,5061,RADCAL_CALC::RCALLOC,ALLOCATE,"GAMMAD2_CH3OH(N_TEMP_CH3OH,24)",(variable:use:RADCAL_VAR),GAMMAD2_CH3OH,"N_TEMP_CH3OH,24"
rcal.f90,5106,RADCAL_CALC::RCALLOC,ALLOCATE,"SD3_CH3OH(N_TEMP_CH3OH,26)",(variable:use:RADCAL_VAR),SD3_CH3OH,"N_TEMP_CH3OH,26"
rcal.f90,5154,RADCAL_CALC::RCALLOC,ALLOCATE,"GAMMAD3_CH3OH(N_TEMP_CH3OH,26)",(variable:use:RADCAL_VAR),GAMMAD3_CH3OH,"N_TEMP_CH3OH,26"
rcal.f90,5204,RADCAL_CALC::RCALLOC,ALLOCATE,"SD4_CH3OH(N_TEMP_CH3OH,14)",(variable:use:RADCAL_VAR),SD4_CH3OH,"N_TEMP_CH3OH,14"
rcal.f90,5234,RADCAL_CALC::RCALLOC,ALLOCATE,"GAMMAD4_CH3OH(N_TEMP_CH3OH,14)",(variable:use:RADCAL_VAR),GAMMAD4_CH3OH,"N_TEMP_CH3OH,14"
rcal.f90,5277,RADCAL_CALC::RCALLOC,ALLOCATE,SD_C5H8O2_TEMP(N_TEMP_C5H8O2),(variable:use:RADCAL_VAR),SD_C5H8O2_TEMP,N_TEMP_C5H8O2
rcal.f90,5286,RADCAL_CALC::RCALLOC,ALLOCATE,"OM_BND_C5H8O2(N_BAND_C5H8O2,3)",(variable:use:RADCAL_VAR),OM_BND_C5H8O2,"N_BAND_C5H8O2,3"
rcal.f90,5287,RADCAL_CALC::RCALLOC,ALLOCATE,BE_C5H8O2(N_BAND_C5H8O2),(variable:use:RADCAL_VAR),BE_C5H8O2,N_BAND_C5H8O2
rcal.f90,5302,RADCAL_CALC::RCALLOC,ALLOCATE,"SD1_C5H8O2(N_TEMP_C5H8O2,27)",(variable:use:RADCAL_VAR),SD1_C5H8O2,"N_TEMP_C5H8O2,27"
rcal.f90,5351,RADCAL_CALC::RCALLOC,ALLOCATE,"GAMMAD1_C5H8O2(N_TEMP_C5H8O2,27)",(variable:use:RADCAL_VAR),GAMMAD1_C5H8O2,"N_TEMP_C5H8O2,27"
rcal.f90,5402,RADCAL_CALC::RCALLOC,ALLOCATE,"SD2_C5H8O2(N_TEMP_C5H8O2,37)",(variable:use:RADCAL_VAR),SD2_C5H8O2,"N_TEMP_C5H8O2,37"
rcal.f90,5464,RADCAL_CALC::RCALLOC,ALLOCATE,"GAMMAD2_C5H8O2(N_TEMP_C5H8O2,37)",(variable:use:RADCAL_VAR),GAMMAD2_C5H8O2,"N_TEMP_C5H8O2,37"
rcal.f90,5528,RADCAL_CALC::RCALLOC,ALLOCATE,"SD3_C5H8O2(N_TEMP_C5H8O2,18)",(variable:use:RADCAL_VAR),SD3_C5H8O2,"N_TEMP_C5H8O2,18"
rcal.f90,5565,RADCAL_CALC::RCALLOC,ALLOCATE,"GAMMAD3_C5H8O2(N_TEMP_C5H8O2,18)",(variable:use:RADCAL_VAR),GAMMAD3_C5H8O2,"N_TEMP_C5H8O2,18"
rcal.f90,5604,RADCAL_CALC::RCALLOC,ALLOCATE,"SD4_C5H8O2(N_TEMP_C5H8O2,14)",(variable:use:RADCAL_VAR),SD4_C5H8O2,"N_TEMP_C5H8O2,14"
rcal.f90,5634,RADCAL_CALC::RCALLOC,ALLOCATE,"GAMMAD4_C5H8O2(N_TEMP_C5H8O2,14)",(variable:use:RADCAL_VAR),GAMMAD4_C5H8O2,"N_TEMP_C5H8O2,14"
rcal.f90,5666,RADCAL_CALC::RCALLOC,ALLOCATE,"SD5_C5H8O2(N_TEMP_C5H8O2,18)",(variable:use:RADCAL_VAR),SD5_C5H8O2,"N_TEMP_C5H8O2,18"
rcal.f90,5703,RADCAL_CALC::RCALLOC,ALLOCATE,"GAMMAD5_C5H8O2(N_TEMP_C5H8O2,18)",(variable:use:RADCAL_VAR),GAMMAD5_C5H8O2,"N_TEMP_C5H8O2,18"
rcal.f90,5742,RADCAL_CALC::RCALLOC,ALLOCATE,"SD6_C5H8O2(N_TEMP_C5H8O2,26)",(variable:use:RADCAL_VAR),SD6_C5H8O2,"N_TEMP_C5H8O2,26"
rcal.f90,5790,RADCAL_CALC::RCALLOC,ALLOCATE,"GAMMAD6_C5H8O2(N_TEMP_C5H8O2,26)",(variable:use:RADCAL_VAR),GAMMAD6_C5H8O2,"N_TEMP_C5H8O2,26"
rcal.f90,5847,RADCAL_CALC::RCALLOC,ALLOCATE,SD_C3H8_TEMP(N_TEMP_C3H8),(variable:use:RADCAL_VAR),SD_C3H8_TEMP,N_TEMP_C3H8
rcal.f90,5856,RADCAL_CALC::RCALLOC,ALLOCATE,"OM_BND_C3H8(N_BAND_C3H8,3)",(variable:use:RADCAL_VAR),OM_BND_C3H8,"N_BAND_C3H8,3"
rcal.f90,5857,RADCAL_CALC::RCALLOC,ALLOCATE,BE_C3H8(N_BAND_C3H8),(variable:use:RADCAL_VAR),BE_C3H8,N_BAND_C3H8
rcal.f90,5872,RADCAL_CALC::RCALLOC,ALLOCATE,"SD1_C3H8(N_TEMP_C3H8,21)",(variable:use:RADCAL_VAR),SD1_C3H8,"N_TEMP_C3H8,21"
rcal.f90,5912,RADCAL_CALC::RCALLOC,ALLOCATE,"GAMMAD1_C3H8(N_TEMP_C3H8,21)",(variable:use:RADCAL_VAR),GAMMAD1_C3H8,"N_TEMP_C3H8,21"
rcal.f90,5954,RADCAL_CALC::RCALLOC,ALLOCATE,"SD2_C3H8(N_TEMP_C3H8,34)",(variable:use:RADCAL_VAR),SD2_C3H8,"N_TEMP_C3H8,34"
rcal.f90,6013,RADCAL_CALC::RCALLOC,ALLOCATE,"GAMMAD2_C3H8(N_TEMP_C3H8,34)",(variable:use:RADCAL_VAR),GAMMAD2_C3H8,"N_TEMP_C3H8,34"
rcal.f90,6082,RADCAL_CALC::RCALLOC,ALLOCATE,SD_C3H6_TEMP(N_TEMP_C3H6),(variable:use:RADCAL_VAR),SD_C3H6_TEMP,N_TEMP_C3H6
rcal.f90,6091,RADCAL_CALC::RCALLOC,ALLOCATE,"OM_BND_C3H6(N_BAND_C3H6,3)",(variable:use:RADCAL_VAR),OM_BND_C3H6,"N_BAND_C3H6,3"
rcal.f90,6092,RADCAL_CALC::RCALLOC,ALLOCATE,BE_C3H6(N_BAND_C3H6),(variable:use:RADCAL_VAR),BE_C3H6,N_BAND_C3H6
rcal.f90,6107,RADCAL_CALC::RCALLOC,ALLOCATE,"SD1_C3H6(N_TEMP_C3H6,68)",(variable:use:RADCAL_VAR),SD1_C3H6,"N_TEMP_C3H6,68"
rcal.f90,6212,RADCAL_CALC::RCALLOC,ALLOCATE,"GAMMAD1_C3H6(N_TEMP_C3H6,68)",(variable:use:RADCAL_VAR),GAMMAD1_C3H6,"N_TEMP_C3H6,68"
rcal.f90,6319,RADCAL_CALC::RCALLOC,ALLOCATE,"SD2_C3H6(N_TEMP_C3H6,31)",(variable:use:RADCAL_VAR),SD2_C3H6,"N_TEMP_C3H6,31"
rcal.f90,6372,RADCAL_CALC::RCALLOC,ALLOCATE,"GAMMAD2_C3H6(N_TEMP_C3H6,31)",(variable:use:RADCAL_VAR),GAMMAD2_C3H6,"N_TEMP_C3H6,31"
rcal.f90,6427,RADCAL_CALC::RCALLOC,ALLOCATE,"SD3_C3H6(N_TEMP_C3H6,26)",(variable:use:RADCAL_VAR),SD3_C3H6,"N_TEMP_C3H6,26"
rcal.f90,6475,RADCAL_CALC::RCALLOC,ALLOCATE,"GAMMAD3_C3H6(N_TEMP_C3H6,26)",(variable:use:RADCAL_VAR),GAMMAD3_C3H6,"N_TEMP_C3H6,26"
rcal.f90,6536,RADCAL_CALC::RCALLOC,ALLOCATE,SD_C7H8_TEMP(N_TEMP_C7H8),(variable:use:RADCAL_VAR),SD_C7H8_TEMP,N_TEMP_C7H8
rcal.f90,6545,RADCAL_CALC::RCALLOC,ALLOCATE,"OM_BND_C7H8(N_BAND_C7H8,3)",(variable:use:RADCAL_VAR),OM_BND_C7H8,"N_BAND_C7H8,3"
rcal.f90,6546,RADCAL_CALC::RCALLOC,ALLOCATE,BE_C7H8(N_BAND_C7H8),(variable:use:RADCAL_VAR),BE_C7H8,N_BAND_C7H8
rcal.f90,6561,RADCAL_CALC::RCALLOC,ALLOCATE,"SD1_C7H8(N_TEMP_C7H8,22)",(variable:use:RADCAL_VAR),SD1_C7H8,"N_TEMP_C7H8,22"
rcal.f90,6602,RADCAL_CALC::RCALLOC,ALLOCATE,"GAMMAD1_C7H8(N_TEMP_C7H8,22)",(variable:use:RADCAL_VAR),GAMMAD1_C7H8,"N_TEMP_C7H8,22"
rcal.f90,6645,RADCAL_CALC::RCALLOC,ALLOCATE,"SD2_C7H8(N_TEMP_C7H8,29)",(variable:use:RADCAL_VAR),SD2_C7H8,"N_TEMP_C7H8,29"
rcal.f90,6696,RADCAL_CALC::RCALLOC,ALLOCATE,"GAMMAD2_C7H8(N_TEMP_C7H8,29)",(variable:use:RADCAL_VAR),GAMMAD2_C7H8,"N_TEMP_C7H8,29"
rcal.f90,6749,RADCAL_CALC::RCALLOC,ALLOCATE,"SD3_C7H8(N_TEMP_C7H8,17)",(variable:use:RADCAL_VAR),SD3_C7H8,"N_TEMP_C7H8,17"
rcal.f90,6785,RADCAL_CALC::RCALLOC,ALLOCATE,"GAMMAD3_C7H8(N_TEMP_C7H8,17)",(variable:use:RADCAL_VAR),GAMMAD3_C7H8,"N_TEMP_C7H8,17"
rcal.f90,6823,RADCAL_CALC::RCALLOC,ALLOCATE,"SD4_C7H8(N_TEMP_C7H8,18)",(variable:use:RADCAL_VAR),SD4_C7H8,"N_TEMP_C7H8,18"
rcal.f90,6860,RADCAL_CALC::RCALLOC,ALLOCATE,"GAMMAD4_C7H8(N_TEMP_C7H8,18)",(variable:use:RADCAL_VAR),GAMMAD4_C7H8,"N_TEMP_C7H8,18"
rcal.f90,6899,RADCAL_CALC::RCALLOC,ALLOCATE,"SD5_C7H8(N_TEMP_C7H8,23)",(variable:use:RADCAL_VAR),SD5_C7H8,"N_TEMP_C7H8,23"
rcal.f90,6941,RADCAL_CALC::RCALLOC,ALLOCATE,"GAMMAD5_C7H8(N_TEMP_C7H8,23)",(variable:use:RADCAL_VAR),GAMMAD5_C7H8,"N_TEMP_C7H8,23"
read.f90,103,READ_INPUT::READ_DATA,ALLOCATE,"ORIENTATION_VECTOR(3,0:10)",(variable:use:GLOBAL_CONSTANTS),ORIENTATION_VECTOR,"3,0:10"
read.f90,104,READ_INPUT::READ_DATA,ALLOCATE,COS_HALF_VIEW_ANGLE(0:10),(variable:use:GLOBAL_CONSTANTS),COS_HALF_VIEW_ANGLE,0:10
read.f90,579,READ_INPUT::READ_MESH,ALLOCATE,MESHES(NMESHES),(variable:use:MESH_POINTERS),MESHES,NMESHES
read.f90,580,READ_INPUT::READ_MESH,ALLOCATE,PROCESS(NMESHES),(variable:use:GLOBAL_CONSTANTS),PROCESS,NMESHES
read.f90,581,READ_INPUT::READ_MESH,ALLOCATE,MESH_NAME(NMESHES),(variable:use:GLOBAL_CONSTANTS),MESH_NAME,NMESHES
read.f90,582,READ_INPUT::READ_MESH,ALLOCATE,CHANGE_TIME_STEP_INDEX(NMESHES),(variable:use:GLOBAL_CONSTANTS),CHANGE_TIME_STEP_INDEX,NMESHES
read.f90,584,READ_INPUT::READ_MESH,ALLOCATE,MAX_CELL_ASPECT_RATIO(NMESHES),(variable:use:GLOBAL_CONSTANTS),MAX_CELL_ASPECT_RATIO,NMESHES
read.f90,586,READ_INPUT::READ_MESH,ALLOCATE,SETUP_PRESSURE_ZONES_INDEX(NMESHES),(variable:use:GLOBAL_CONSTANTS),SETUP_PRESSURE_ZONES_INDEX,NMESHES
read.f90,588,READ_INPUT::READ_MESH,ALLOCATE,RADIATION_COMPLETED(NMESHES),(variable:use:GLOBAL_CONSTANTS),RADIATION_COMPLETED,NMESHES
read.f90,734,READ_INPUT::READ_MESH,ALLOCATE,M%RGB(3),MESH_TYPE,RGB,3
read.f90,851,READ_INPUT::PROC_MESH,ALLOCATE,HT3D_OBST(100),(variable:host:READ_INPUT),HT3D_OBST,100
read.f90,889,READ_INPUT::PROC_MESH,ALLOCATE,MESH_COMM(N_GROUPS),(variable:local),MESH_COMM,N_GROUPS
read.f90,895,READ_INPUT::PROC_MESH,ALLOCATE,MC%LIST(NMESHES),MESH_COMM_TYPE,LIST,NMESHES
read.f90,925,READ_INPUT::PROC_MESH,ALLOCATE,NEIGHBOR_LIST(10000),(variable:local),NEIGHBOR_LIST,10000
read.f90,975,READ_INPUT::PROC_MESH,ALLOCATE,M%NEIGHBORING_MESH(M%N_NEIGHBORING_MESHES),MESH_TYPE,NEIGHBORING_MESH,M%N_NEIGHBORING_MESHES
read.f90,1006,READ_INPUT::READ_TRAN,ALLOCATE,TRANS(NMESHES),(variable:use:TRAN),TRANS,NMESHES
read.f90,1068,READ_INPUT::READ_TRAN,ALLOCATE,"A(T%NOCMAX+1,T%NOCMAX+1)",(variable:local),A,"T%NOCMAX+1,T%NOCMAX+1"
read.f90,1069,READ_INPUT::READ_TRAN,ALLOCATE,"XX(T%NOCMAX+1,3)",(variable:local),XX,"T%NOCMAX+1,3"
read.f90,1070,READ_INPUT::READ_TRAN,ALLOCATE,"ND(T%NOCMAX+1,3)",(variable:local),ND,"T%NOCMAX+1,3"
read.f90,1071,READ_INPUT::READ_TRAN,ALLOCATE,"T%C1(0:T%NOCMAX+1,3)",TRAN_TYPE,C1,"0:T%NOCMAX+1,3"
read.f90,1074,READ_INPUT::READ_TRAN,ALLOCATE,"T%C2(0:T%NOCMAX+1,3)",TRAN_TYPE,C2,"0:T%NOCMAX+1,3"
read.f90,1075,READ_INPUT::READ_TRAN,ALLOCATE,"T%C3(0:T%NOCMAX+1,3)",TRAN_TYPE,C3,"0:T%NOCMAX+1,3"
read.f90,1076,READ_INPUT::READ_TRAN,ALLOCATE,"T%CCSTORE(T%NOCMAX,3)",TRAN_TYPE,CCSTORE,"T%NOCMAX,3"
read.f90,1077,READ_INPUT::READ_TRAN,ALLOCATE,"T%PCSTORE(T%NOCMAX,3)",TRAN_TYPE,PCSTORE,"T%NOCMAX,3"
read.f90,1078,READ_INPUT::READ_TRAN,ALLOCATE,"T%IDERIVSTORE(T%NOCMAX,3)",TRAN_TYPE,IDERIVSTORE,"T%NOCMAX,3"
read.f90,1227,READ_INPUT::READ_TRAN,ALLOCATE,M%R(0:M%IBAR),MESH_TYPE,R,0:M%IBAR
read.f90,1229,READ_INPUT::READ_TRAN,ALLOCATE,M%RC(0:M%IBAR+1),MESH_TYPE,RC,0:M%IBAR+1
read.f90,1232,READ_INPUT::READ_TRAN,ALLOCATE,M%RRN(0:M%IBP1),MESH_TYPE,RRN,0:M%IBP1
read.f90,1235,READ_INPUT::READ_TRAN,ALLOCATE,M%X(0:M%IBAR),MESH_TYPE,X,0:M%IBAR
read.f90,1237,READ_INPUT::READ_TRAN,ALLOCATE,M%XC(0:M%IBP1),MESH_TYPE,XC,0:M%IBP1
read.f90,1239,READ_INPUT::READ_TRAN,ALLOCATE,M%HX(0:M%IBP1),MESH_TYPE,HX,0:M%IBP1
read.f90,1241,READ_INPUT::READ_TRAN,ALLOCATE,M%DX(0:M%IBP1),MESH_TYPE,DX,0:M%IBP1
read.f90,1243,READ_INPUT::READ_TRAN,ALLOCATE,M%RDX(0:M%IBP1),MESH_TYPE,RDX,0:M%IBP1
read.f90,1245,READ_INPUT::READ_TRAN,ALLOCATE,M%DXN(0:M%IBAR),MESH_TYPE,DXN,0:M%IBAR
read.f90,1247,READ_INPUT::READ_TRAN,ALLOCATE,M%RDXN(0:M%IBAR),MESH_TYPE,RDXN,0:M%IBAR
read.f90,1249,READ_INPUT::READ_TRAN,ALLOCATE,M%Y(0:M%JBAR),MESH_TYPE,Y,0:M%JBAR
read.f90,1251,READ_INPUT::READ_TRAN,ALLOCATE,M%YC(0:M%JBP1),MESH_TYPE,YC,0:M%JBP1
read.f90,1253,READ_INPUT::READ_TRAN,ALLOCATE,M%HY(0:M%JBP1),MESH_TYPE,HY,0:M%JBP1
read.f90,1255,READ_INPUT::READ_TRAN,ALLOCATE,M%DY(0:M%JBP1),MESH_TYPE,DY,0:M%JBP1
read.f90,1257,READ_INPUT::READ_TRAN,ALLOCATE,M%RDY(0:M%JBP1),MESH_TYPE,RDY,0:M%JBP1
read.f90,1259,READ_INPUT::READ_TRAN,ALLOCATE,M%DYN(0:M%JBAR),MESH_TYPE,DYN,0:M%JBAR
read.f90,1261,READ_INPUT::READ_TRAN,ALLOCATE,M%RDYN(0:M%JBAR),MESH_TYPE,RDYN,0:M%JBAR
read.f90,1263,READ_INPUT::READ_TRAN,ALLOCATE,M%Z(0:M%KBAR),MESH_TYPE,Z,0:M%KBAR
read.f90,1265,READ_INPUT::READ_TRAN,ALLOCATE,M%ZC(0:M%KBP1),MESH_TYPE,ZC,0:M%KBP1
read.f90,1267,READ_INPUT::READ_TRAN,ALLOCATE,M%HZ(0:M%KBP1),MESH_TYPE,HZ,0:M%KBP1
read.f90,1269,READ_INPUT::READ_TRAN,ALLOCATE,M%DZ(0:M%KBP1),MESH_TYPE,DZ,0:M%KBP1
read.f90,1271,READ_INPUT::READ_TRAN,ALLOCATE,M%RDZ(0:M%KBP1),MESH_TYPE,RDZ,0:M%KBP1
read.f90,1273,READ_INPUT::READ_TRAN,ALLOCATE,M%DZN(0:M%KBAR),MESH_TYPE,DZN,0:M%KBAR
read.f90,1275,READ_INPUT::READ_TRAN,ALLOCATE,M%RDZN(0:M%KBAR),MESH_TYPE,RDZN,0:M%KBAR
read.f90,1421,READ_INPUT::READ_TRAN,ALLOCATE,M%CELLSI(-NIPXS:NIPX+NIPXF),MESH_TYPE,CELLSI,-NIPXS:NIPX+NIPXF
read.f90,1423,READ_INPUT::READ_TRAN,ALLOCATE,M%CELLSJ(-NIPYS:NIPY+NIPYF),MESH_TYPE,CELLSJ,-NIPYS:NIPY+NIPYF
read.f90,1425,READ_INPUT::READ_TRAN,ALLOCATE,M%CELLSK(-NIPZS:NIPZ+NIPZF),MESH_TYPE,CELLSK,-NIPZS:NIPZ+NIPZF
read.f90,1562,READ_INPUT::READ_MOVE,ALLOCATE,MOVEMENT(N_MOVE),(variable:use:MESH_POINTERS),MOVEMENT,N_MOVE
read.f90,1640,READ_INPUT::READ_MULT,ALLOCATE,MULTIPLIER(0:N_MULT),(variable:use:MESH_POINTERS),MULTIPLIER,0:N_MULT
read.f90,1715,READ_INPUT::READ_MULT,ALLOCATE,"MR%SKIP(MR%I_LOWER:MR%I_UPPER,MR%J_LOWER:MR%J_UPPER,MR%K_LOWER:MR%K_UPPER)",MULTIPLIER_TYPE,SKIP,"MR%I_LOWER:MR%I_UPPER,MR%J_LOWER:MR%J_UPPER,MR%K_LOWER:MR%K_UPPER"
read.f90,1846,READ_INPUT::READ_MISC,ALLOCATE,H_V_H2O(0:I_MAX_TEMP),(variable:use:GLOBAL_CONSTANTS),H_V_H2O,0:I_MAX_TEMP
read.f90,1925,READ_INPUT::READ_MISC,ALLOCATE,RAMP_ID(MAX_RAMPS),(variable:use:GLOBAL_CONSTANTS),RAMP_ID,MAX_RAMPS
read.f90,1927,READ_INPUT::READ_MISC,ALLOCATE,RAMP_TYPE(MAX_RAMPS),(variable:use:GLOBAL_CONSTANTS),RAMP_TYPE,MAX_RAMPS
read.f90,2237,READ_INPUT::READ_WIND,ALLOCATE,RRP%INDEPENDENT_DATA(2),RESERVED_RAMPS_TYPE,INDEPENDENT_DATA,2
read.f90,2238,READ_INPUT::READ_WIND,ALLOCATE,RRP%DEPENDENT_DATA(2),RESERVED_RAMPS_TYPE,DEPENDENT_DATA,2
read.f90,2256,READ_INPUT::READ_WIND,ALLOCATE,RRP%INDEPENDENT_DATA(N_MO_PTS),RESERVED_RAMPS_TYPE,INDEPENDENT_DATA,N_MO_PTS
read.f90,2257,READ_INPUT::READ_WIND,ALLOCATE,RRP%DEPENDENT_DATA(N_MO_PTS),RESERVED_RAMPS_TYPE,DEPENDENT_DATA,N_MO_PTS
read.f90,2258,READ_INPUT::READ_WIND,ALLOCATE,RRPX%INDEPENDENT_DATA(N_MO_PTS),RESERVED_RAMPS_TYPE,INDEPENDENT_DATA,N_MO_PTS
read.f90,2259,READ_INPUT::READ_WIND,ALLOCATE,RRPX%DEPENDENT_DATA(N_MO_PTS),RESERVED_RAMPS_TYPE,DEPENDENT_DATA,N_MO_PTS
read.f90,2305,READ_INPUT::READ_WIND,ALLOCATE,RRP%INDEPENDENT_DATA(2),RESERVED_RAMPS_TYPE,INDEPENDENT_DATA,2
read.f90,2306,READ_INPUT::READ_WIND,ALLOCATE,RRP%DEPENDENT_DATA(2),RESERVED_RAMPS_TYPE,DEPENDENT_DATA,2
read.f90,2810,READ_INPUT::READ_SPEC,ALLOCATE,SPEC_ID_READ(N_SPEC_READ),(variable:local),SPEC_ID_READ,N_SPEC_READ
read.f90,2901,READ_INPUT::READ_SPEC,ALLOCATE,PREDEFINED_SPEC_ID(N_PREDEFINED),(variable:local),PREDEFINED_SPEC_ID,N_PREDEFINED
read.f90,2945,READ_INPUT::READ_SPEC,ALLOCATE,PREDEFINED_SPEC_ID(N_PREDEFINED),(variable:local),PREDEFINED_SPEC_ID,N_PREDEFINED
read.f90,2977,READ_INPUT::READ_SPEC,ALLOCATE,PREDEFINED_SMIX_ID(N_PREDEFINED_SMIX),(variable:local),PREDEFINED_SMIX_ID,N_PREDEFINED_SMIX
read.f90,3017,READ_INPUT::READ_SPEC,ALLOCATE,PREDEFINED_SMIX_ID(N_PREDEFINED_SMIX),(variable:local),PREDEFINED_SMIX_ID,N_PREDEFINED_SMIX
read.f90,3036,READ_INPUT::READ_SPEC,ALLOCATE,SPECIES(N_SPECIES),(variable:use:MESH_POINTERS),SPECIES,N_SPECIES
read.f90,3038,READ_INPUT::READ_SPEC,ALLOCATE,Y_INDEX(N_SPECIES),(variable:local),Y_INDEX,N_SPECIES
read.f90,3039,READ_INPUT::READ_SPEC,ALLOCATE,N_DEFINE(N_TRACKED_SPECIES),(variable:local),N_DEFINE,N_TRACKED_SPECIES
read.f90,3040,READ_INPUT::READ_SPEC,ALLOCATE,SPECIES_MIXTURE(N_TOTAL_SCALARS),(variable:use:MESH_POINTERS),SPECIES_MIXTURE,N_TOTAL_SCALARS
read.f90,3044,READ_INPUT::READ_SPEC,ALLOCATE,N_PARTICLE_BINS(N_AGGLOMERATION_SPECIES),(variable:use:GLOBAL_CONSTANTS),N_PARTICLE_BINS,N_AGGLOMERATION_SPECIES
read.f90,3045,READ_INPUT::READ_SPEC,ALLOCATE,AGGLOMERATION_SPEC_INDEX(N_AGGLOMERATION_SPECIES),(variable:use:GLOBAL_CONSTANTS),AGGLOMERATION_SPEC_INDEX,N_AGGLOMERATION_SPECIES
read.f90,3047,READ_INPUT::READ_SPEC,ALLOCATE,AGGLOMERATION_SMIX_INDEX(N_AGGLOMERATION_SPECIES),(variable:use:GLOBAL_CONSTANTS),AGGLOMERATION_SMIX_INDEX,N_AGGLOMERATION_SPECIES
read.f90,3049,READ_INPUT::READ_SPEC,ALLOCATE,MIN_PARTICLE_DIAMETER(N_AGGLOMERATION_SPECIES),(variable:use:GLOBAL_CONSTANTS),MIN_PARTICLE_DIAMETER,N_AGGLOMERATION_SPECIES
read.f90,3050,READ_INPUT::READ_SPEC,ALLOCATE,MAX_PARTICLE_DIAMETER(N_AGGLOMERATION_SPECIES),(variable:use:GLOBAL_CONSTANTS),MAX_PARTICLE_DIAMETER,N_AGGLOMERATION_SPECIES
read.f90,3519,READ_INPUT::READ_SPEC,ALLOCATE,"Z2Y(N_SPECIES,N_TRACKED_SPECIES)",(variable:use:GLOBAL_CONSTANTS),Z2Y,"N_SPECIES,N_TRACKED_SPECIES"
read.f90,3532,READ_INPUT::READ_SPEC,ALLOCATE,MWR_Z(N_TRACKED_SPECIES),(variable:use:GLOBAL_CONSTANTS),MWR_Z,N_TRACKED_SPECIES
read.f90,3537,READ_INPUT::READ_SPEC,ALLOCATE,ZZ_GET(N_TRACKED_SPECIES),(variable:local),ZZ_GET,N_TRACKED_SPECIES
read.f90,3604,READ_INPUT::READ_SPEC,ALLOCATE,NU_SOOT_OX(1:N_TRACKED_SPECIES),(variable:use:GLOBAL_CONSTANTS),NU_SOOT_OX,1:N_TRACKED_SPECIES
read.f90,3719,READ_INPUT::READ_SPEC::DEFINE_MIXTURE,ALLOCATE,SM%SPEC_ID(N_SPECIES),SPECIES_MIXTURE_TYPE,SPEC_ID,N_SPECIES
read.f90,3720,READ_INPUT::READ_SPEC::DEFINE_MIXTURE,ALLOCATE,SM%VOLUME_FRACTION(N_SPECIES),SPECIES_MIXTURE_TYPE,VOLUME_FRACTION,N_SPECIES
read.f90,3721,READ_INPUT::READ_SPEC::DEFINE_MIXTURE,ALLOCATE,SM%MASS_FRACTION(N_SPECIES),SPECIES_MIXTURE_TYPE,MASS_FRACTION,N_SPECIES
read.f90,4187,READ_INPUT::PROC_SPEC_1,ALLOCATE,"SS_CP(N_SPECIES,0:I_MAX_TEMP)",(variable:host:READ_INPUT),SS_CP,"N_SPECIES,0:I_MAX_TEMP"
read.f90,4189,READ_INPUT::PROC_SPEC_1,ALLOCATE,"SS_D(N_SPECIES,0:I_MAX_TEMP)",(variable:host:READ_INPUT),SS_D,"N_SPECIES,0:I_MAX_TEMP"
read.f90,4191,READ_INPUT::PROC_SPEC_1,ALLOCATE,"SS_G_F(N_SPECIES,0:I_MAX_TEMP)",(variable:host:READ_INPUT),SS_G_F,"N_SPECIES,0:I_MAX_TEMP"
read.f90,4194,READ_INPUT::PROC_SPEC_1,ALLOCATE,SPECIES(N)%H_G(0:I_MAX_TEMP),SPECIES_TYPE,H_G,0:I_MAX_TEMP
read.f90,4196,READ_INPUT::PROC_SPEC_1,ALLOCATE,SPECIES(N)%G_F(0:I_MAX_TEMP),SPECIES_TYPE,G_F,0:I_MAX_TEMP
read.f90,4199,READ_INPUT::PROC_SPEC_1,ALLOCATE,"SS_K(N_SPECIES,0:I_MAX_TEMP)",(variable:host:READ_INPUT),SS_K,"N_SPECIES,0:I_MAX_TEMP"
read.f90,4201,READ_INPUT::PROC_SPEC_1,ALLOCATE,"SS_MU(N_SPECIES,0:I_MAX_TEMP)",(variable:host:READ_INPUT),SS_MU,"N_SPECIES,0:I_MAX_TEMP"
read.f90,4203,READ_INPUT::PROC_SPEC_1,ALLOCATE,"SS_S(N_SPECIES,0:I_MAX_TEMP)",(variable:host:READ_INPUT),SS_S,"N_SPECIES,0:I_MAX_TEMP"
read.f90,4348,READ_INPUT::PROC_SPEC_1,ALLOCATE,SS%C_P_L(0:I_MAX_TEMP),SPECIES_TYPE,C_P_L,0:I_MAX_TEMP
read.f90,4351,READ_INPUT::PROC_SPEC_1,ALLOCATE,SS%C_P_L_BAR(0:I_MAX_TEMP),SPECIES_TYPE,C_P_L_BAR,0:I_MAX_TEMP
read.f90,4353,READ_INPUT::PROC_SPEC_1,ALLOCATE,SS%H_L(0:I_MAX_TEMP),SPECIES_TYPE,H_L,0:I_MAX_TEMP
read.f90,4355,READ_INPUT::PROC_SPEC_1,ALLOCATE,SS%H_V(0:I_MAX_TEMP),SPECIES_TYPE,H_V,0:I_MAX_TEMP
read.f90,4409,READ_INPUT::PROC_SMIX,ALLOCATE,RSQ_MW_Z(N_TRACKED_SPECIES),(variable:use:GLOBAL_CONSTANTS),RSQ_MW_Z,N_TRACKED_SPECIES
read.f90,4414,READ_INPUT::PROC_SMIX,ALLOCATE,RSQ_MW_Y(N_SPECIES),(variable:local),RSQ_MW_Y,N_SPECIES
read.f90,4419,READ_INPUT::PROC_SMIX,ALLOCATE,"CPBAR_Z(0:I_MAX_TEMP,N_TOTAL_SCALARS)",(variable:use:GLOBAL_CONSTANTS),CPBAR_Z,"0:I_MAX_TEMP,N_TOTAL_SCALARS"
read.f90,4423,READ_INPUT::PROC_SMIX,ALLOCATE,"H_SENS_Z(0:I_MAX_TEMP,N_TOTAL_SCALARS)",(variable:use:GLOBAL_CONSTANTS),H_SENS_Z,"0:I_MAX_TEMP,N_TOTAL_SCALARS"
read.f90,4427,READ_INPUT::PROC_SMIX,ALLOCATE,"K_RSQMW_Z(0:I_MAX_TEMP,N_TOTAL_SCALARS)",(variable:use:GLOBAL_CONSTANTS),K_RSQMW_Z,"0:I_MAX_TEMP,N_TOTAL_SCALARS"
read.f90,4431,READ_INPUT::PROC_SMIX,ALLOCATE,"MU_RSQMW_Z(0:I_MAX_TEMP,N_TOTAL_SCALARS)",(variable:use:GLOBAL_CONSTANTS),MU_RSQMW_Z,"0:I_MAX_TEMP,N_TOTAL_SCALARS"
read.f90,4435,READ_INPUT::PROC_SMIX,ALLOCATE,"CP_Z(0:I_MAX_TEMP,N_TOTAL_SCALARS)",(variable:use:GLOBAL_CONSTANTS),CP_Z,"0:I_MAX_TEMP,N_TOTAL_SCALARS"
read.f90,4439,READ_INPUT::PROC_SMIX,ALLOCATE,"D_Z(0:I_MAX_TEMP,N_TOTAL_SCALARS)",(variable:use:GLOBAL_CONSTANTS),D_Z,"0:I_MAX_TEMP,N_TOTAL_SCALARS"
read.f90,4443,READ_INPUT::PROC_SMIX,ALLOCATE,"G_F_Z(0:I_MAX_TEMP,N_TOTAL_SCALARS)",(variable:use:GLOBAL_CONSTANTS),G_F_Z,"0:I_MAX_TEMP,N_TOTAL_SCALARS"
read.f90,4447,READ_INPUT::PROC_SMIX,ALLOCATE,"S_Z(0:I_MAX_TEMP,N_TOTAL_SCALARS)",(variable:use:GLOBAL_CONSTANTS),S_Z,"0:I_MAX_TEMP,N_TOTAL_SCALARS"
read.f90,4620,READ_INPUT::PROC_SPEC_2,ALLOCATE,"SM%WQABS(0:MIE_NDG,1:NUMBER_SPECTRAL_BANDS)",SPECIES_MIXTURE_TYPE,WQABS,"0:MIE_NDG,1:NUMBER_SPECTRAL_BANDS"
read.f90,4623,READ_INPUT::PROC_SPEC_2,ALLOCATE,"SM%WQSCA(0:MIE_NDG,1:NUMBER_SPECTRAL_BANDS)",SPECIES_MIXTURE_TYPE,WQSCA,"0:MIE_NDG,1:NUMBER_SPECTRAL_BANDS"
read.f90,4626,READ_INPUT::PROC_SPEC_2,ALLOCATE,SM%R50(0:MIE_NDG),SPECIES_MIXTURE_TYPE,R50,0:MIE_NDG
read.f90,4786,READ_INPUT::READ_REAC,ALLOCATE,REACTION(N_REACTIONS+N_REVERSE),(variable:use:MESH_POINTERS),REACTION,N_REACTIONS+N_REVERSE
read.f90,4787,READ_INPUT::READ_REAC,ALLOCATE,SIMPLE_FUEL_DEFINED(N_REACTIONS),(variable:host:READ_INPUT),SIMPLE_FUEL_DEFINED,N_REACTIONS
read.f90,5027,READ_INPUT::READ_REAC,ALLOCATE,RN%THIRD_EFF_READ(RN%N_THIRD),REACTION_TYPE,THIRD_EFF_READ,RN%N_THIRD
read.f90,5029,READ_INPUT::READ_REAC,ALLOCATE,RN%THIRD_EFF_ID_READ(RN%N_THIRD),REACTION_TYPE,THIRD_EFF_ID_READ,RN%N_THIRD
read.f90,5035,READ_INPUT::READ_REAC,ALLOCATE,RN%N_S_READ(RN%N_SPEC_READ),REACTION_TYPE,N_S_READ,RN%N_SPEC_READ
read.f90,5037,READ_INPUT::READ_REAC,ALLOCATE,RN%SPEC_ID_N_S_READ(RN%N_SPEC_READ),REACTION_TYPE,SPEC_ID_N_S_READ,RN%N_SPEC_READ
read.f90,5041,READ_INPUT::READ_REAC,ALLOCATE,RN%NU_READ(RN%N_SMIX),REACTION_TYPE,NU_READ,RN%N_SMIX
read.f90,5043,READ_INPUT::READ_REAC,ALLOCATE,RN%SPEC_ID_NU_READ(RN%N_SMIX),REACTION_TYPE,SPEC_ID_NU_READ,RN%N_SMIX
read.f90,5050,READ_INPUT::READ_REAC,ALLOCATE,RN%NU_READ(RN%N_SMIX),REACTION_TYPE,NU_READ,RN%N_SMIX
read.f90,5051,READ_INPUT::READ_REAC,ALLOCATE,RN%SPEC_ID_NU_READ(RN%N_SMIX),REACTION_TYPE,SPEC_ID_NU_READ,RN%N_SMIX
read.f90,5068,READ_INPUT::READ_REAC,ALLOCATE,REAC_TEMP(N_REACTIONS+NEW_REAC-1),(variable:local),REAC_TEMP,N_REACTIONS+NEW_REAC-1
read.f90,5072,READ_INPUT::READ_REAC,ALLOCATE,REACTION(N_REACTIONS+NEW_REAC),(variable:use:MESH_POINTERS),REACTION,N_REACTIONS+NEW_REAC
read.f90,5128,READ_INPUT::READ_REAC,ALLOCATE,DUPLICATE_FUEL(1:N_REACTIONS),(variable:host:READ_INPUT),DUPLICATE_FUEL,1:N_REACTIONS
read.f90,5130,READ_INPUT::READ_REAC,ALLOCATE,REAC_FUEL(1:N_REACTIONS),(variable:host:READ_INPUT),REAC_FUEL,1:N_REACTIONS
read.f90,5131,READ_INPUT::READ_REAC,ALLOCATE,REAC_FUEL_2(1:N_REACTIONS),(variable:local),REAC_FUEL_2,1:N_REACTIONS
read.f90,5284,READ_INPUT::PROC_REAC_1,ALLOCATE,RN%NU(1:N_TRACKED_SPECIES),REACTION_TYPE,NU,1:N_TRACKED_SPECIES
read.f90,5285,READ_INPUT::PROC_REAC_1,ALLOCATE,RN%NU_MW_O_MW_F(1:N_TRACKED_SPECIES),REACTION_TYPE,NU_MW_O_MW_F,1:N_TRACKED_SPECIES
read.f90,5326,READ_INPUT::PROC_REAC_1,ALLOCATE,RN%NU_MW_O_MW_F_FR(RN%N_SMIX_FR),REACTION_TYPE,NU_MW_O_MW_F_FR,RN%N_SMIX_FR
read.f90,5327,READ_INPUT::PROC_REAC_1,ALLOCATE,RN%NU_INDEX(RN%N_SMIX_FR),REACTION_TYPE,NU_INDEX,RN%N_SMIX_FR
read.f90,5328,READ_INPUT::PROC_REAC_1,ALLOCATE,RN%REACTANT_INDEX(RN%N_SMIX_R),REACTION_TYPE,REACTANT_INDEX,RN%N_SMIX_R
read.f90,5412,READ_INPUT::PROC_REAC_1,ALLOCATE,RN%N_S_INDEX(RN%N_SPEC),REACTION_TYPE,N_S_INDEX,RN%N_SPEC
read.f90,5413,READ_INPUT::PROC_REAC_1,ALLOCATE,RN%N_S(RN%N_SPEC),REACTION_TYPE,N_S,RN%N_SPEC
read.f90,5414,READ_INPUT::PROC_REAC_1,ALLOCATE,RN%N_S_INT(RN%N_SPEC),REACTION_TYPE,N_S_INT,RN%N_SPEC
read.f90,5415,READ_INPUT::PROC_REAC_1,ALLOCATE,RN%N_S_FLAG(RN%N_SPEC),REACTION_TYPE,N_S_FLAG,RN%N_SPEC
read.f90,5491,READ_INPUT::PROC_REAC_1,ALLOCATE,RN%NU_SPECIES(N_SPECIES),REACTION_TYPE,NU_SPECIES,N_SPECIES
read.f90,5569,READ_INPUT::PROC_REAC_1,ALLOCATE,RN%THIRD_EFF(N_SPECIES),REACTION_TYPE,THIRD_EFF,N_SPECIES
read.f90,5609,READ_INPUT::PROC_REAC_1,ALLOCATE,YP2ZZ(N_SPECIES),(variable:use:CHEMCONS),YP2ZZ,N_SPECIES
read.f90,5854,READ_INPUT::PROC_REAC_2,ALLOCATE,RN%DELTA_G(0:I_MAX_TEMP),REACTION_TYPE,DELTA_G,0:I_MAX_TEMP
read.f90,5855,READ_INPUT::PROC_REAC_2,ALLOCATE,RN%DELTA_S(0:I_MAX_TEMP),REACTION_TYPE,DELTA_S,0:I_MAX_TEMP
read.f90,5973,READ_INPUT::READ_PART,ALLOCATE,LAGRANGIAN_PARTICLE_CLASS(N_LAGRANGIAN_CLASSES),(variable:use:MESH_POINTERS),LAGRANGIAN_PARTICLE_CLASS,N_LAGRANGIAN_CLASSES
read.f90,6131,READ_INPUT::READ_PART,ALLOCATE,LPC%CNF(0:NDC),LAGRANGIAN_PARTICLE_CLASS_TYPE,CNF,0:NDC
read.f90,6133,READ_INPUT::READ_PART,ALLOCATE,LPC%CVF(0:NDC),LAGRANGIAN_PARTICLE_CLASS_TYPE,CVF,0:NDC
read.f90,6135,READ_INPUT::READ_PART,ALLOCATE,LPC%R_CNF(0:NDC),LAGRANGIAN_PARTICLE_CLASS_TYPE,R_CNF,0:NDC
read.f90,6137,READ_INPUT::READ_PART,ALLOCATE,LPC%STRATUM_INDEX_LOWER(LPC%N_STRATA),LAGRANGIAN_PARTICLE_CLASS_TYPE,STRATUM_INDEX_LOWER,LPC%N_STRATA
read.f90,6139,READ_INPUT::READ_PART,ALLOCATE,LPC%STRATUM_INDEX_UPPER(LPC%N_STRATA),LAGRANGIAN_PARTICLE_CLASS_TYPE,STRATUM_INDEX_UPPER,LPC%N_STRATA
read.f90,6141,READ_INPUT::READ_PART,ALLOCATE,LPC%W_CNF(LPC%N_STRATA),LAGRANGIAN_PARTICLE_CLASS_TYPE,W_CNF,LPC%N_STRATA
read.f90,6148,READ_INPUT::READ_PART,ALLOCATE,LPC%BREAKUP_CNF(0:NDC),LAGRANGIAN_PARTICLE_CLASS_TYPE,BREAKUP_CNF,0:NDC
read.f90,6150,READ_INPUT::READ_PART,ALLOCATE,LPC%BREAKUP_R_CNF(0:NDC),LAGRANGIAN_PARTICLE_CLASS_TYPE,BREAKUP_R_CNF,0:NDC
read.f90,6152,READ_INPUT::READ_PART,ALLOCATE,LPC%BREAKUP_CVF(0:NDC),LAGRANGIAN_PARTICLE_CLASS_TYPE,BREAKUP_CVF,0:NDC
read.f90,6380,READ_INPUT::READ_PART,ALLOCATE,"LPC%WQABS(0:MIE_NDG,1:NUMBER_SPECTRAL_BANDS)",LAGRANGIAN_PARTICLE_CLASS_TYPE,WQABS,"0:MIE_NDG,1:NUMBER_SPECTRAL_BANDS"
read.f90,6383,READ_INPUT::READ_PART,ALLOCATE,"LPC%WQSCA(0:MIE_NDG,1:NUMBER_SPECTRAL_BANDS)",LAGRANGIAN_PARTICLE_CLASS_TYPE,WQSCA,"0:MIE_NDG,1:NUMBER_SPECTRAL_BANDS"
read.f90,6386,READ_INPUT::READ_PART,ALLOCATE,LPC%R50(0:MIE_NDG),LAGRANGIAN_PARTICLE_CLASS_TYPE,R50,0:MIE_NDG
read.f90,6691,READ_INPUT::READ_PROP,ALLOCATE,PROPERTY(0:N_PROP),(variable:use:DEVICE_VARIABLES),PROPERTY,0:N_PROP
read.f90,6719,READ_INPUT::READ_PROP,ALLOCATE,PY%SPECIFIC_HEAT(0:I_MAX_TEMP),PROPERTY_TYPE,SPECIFIC_HEAT,0:I_MAX_TEMP
read.f90,6789,READ_INPUT::READ_PROP,ALLOCATE,PY%SPRAY_LON_CDF(0:NDC2),PROPERTY_TYPE,SPRAY_LON_CDF,0:NDC2
read.f90,6789,READ_INPUT::READ_PROP,ALLOCATE,PY%SPRAY_LON(0:NDC2),PROPERTY_TYPE,SPRAY_LON,0:NDC2
read.f90,6789,READ_INPUT::READ_PROP,ALLOCATE,PY%SPRAY_LAT(0:NDC2),PROPERTY_TYPE,SPRAY_LAT,0:NDC2
read.f90,6789,READ_INPUT::READ_PROP,ALLOCATE,"PY%SPRAY_LAT_CDF(0:NDC2,0:NDC2)",PROPERTY_TYPE,SPRAY_LAT_CDF,"0:NDC2,0:NDC2"
read.f90,7096,READ_INPUT::PROC_PROP,ALLOCATE,PY%TABLE_ROW(1:TA%NUMBER_ROWS),PROPERTY_TYPE,TABLE_ROW,1:TA%NUMBER_ROWS
read.f90,7133,READ_INPUT::PROC_PROP,ALLOCATE,PY%V_FACTOR(1:N_V_FACTORS),PROPERTY_TYPE,V_FACTOR,1:N_V_FACTORS
read.f90,7213,READ_INPUT::READ_MATL,ALLOCATE,SEARCH_PHRASE(N_MATL_RESERVED),(variable:local),SEARCH_PHRASE,N_MATL_RESERVED
read.f90,7213,READ_INPUT::READ_MATL,ALLOCATE,MATL_NAME_RESERVED(N_MATL_RESERVED),(variable:local),MATL_NAME_RESERVED,N_MATL_RESERVED
read.f90,7235,READ_INPUT::READ_MATL,ALLOCATE,MATERIAL(1:N_MATL),(variable:use:MESH_POINTERS),MATERIAL,1:N_MATL
read.f90,7330,READ_INPUT::READ_MATL,ALLOCATE,ML%A(N_REACTIONS),MATERIAL_TYPE,A,N_REACTIONS
read.f90,7333,READ_INPUT::READ_MATL,ALLOCATE,"ML%ADJUST_BURN_RATE(N_TRACKED_SPECIES,MAX(1,N_REACTIONS))",MATERIAL_TYPE,ADJUST_BURN_RATE,"N_TRACKED_SPECIES,MAX(1,N_REACTIONS)"
read.f90,7336,READ_INPUT::READ_MATL,ALLOCATE,"ML%ADJUST_BURN_RATE_P(N_SPECIES,MAX(1,N_REACTIONS))",MATERIAL_TYPE,ADJUST_BURN_RATE_P,"N_SPECIES,MAX(1,N_REACTIONS)"
read.f90,7342,READ_INPUT::READ_MATL,ALLOCATE,ML%C_S(0:I_MAX_TEMP),MATERIAL_TYPE,C_S,0:I_MAX_TEMP
read.f90,7345,READ_INPUT::READ_MATL,ALLOCATE,ML%E(N_REACTIONS),MATERIAL_TYPE,E,N_REACTIONS
read.f90,7350,READ_INPUT::READ_MATL,ALLOCATE,ML%GAS_DIFFUSION_DEPTH(N_REACTIONS),MATERIAL_TYPE,GAS_DIFFUSION_DEPTH,N_REACTIONS
read.f90,7354,READ_INPUT::READ_MATL,ALLOCATE,"ML%H_R(N_REACTIONS,0:I_MAX_TEMP)",MATERIAL_TYPE,H_R,"N_REACTIONS,0:I_MAX_TEMP"
read.f90,7361,READ_INPUT::READ_MATL,ALLOCATE,ML%K_S(0:I_MAX_TEMP),MATERIAL_TYPE,K_S,0:I_MAX_TEMP
read.f90,7364,READ_INPUT::READ_MATL,ALLOCATE,ML%MAX_REACTION_RATE(N_REACTIONS),MATERIAL_TYPE,MAX_REACTION_RATE,N_REACTIONS
read.f90,7369,READ_INPUT::READ_MATL,ALLOCATE,ML%N_O2(N_REACTIONS),MATERIAL_TYPE,N_O2,N_REACTIONS
read.f90,7372,READ_INPUT::READ_MATL,ALLOCATE,ML%N_S(N_REACTIONS),MATERIAL_TYPE,N_S,N_REACTIONS
read.f90,7375,READ_INPUT::READ_MATL,ALLOCATE,ML%N_T(N_REACTIONS),MATERIAL_TYPE,N_T,N_REACTIONS
read.f90,7387,READ_INPUT::READ_MATL,ALLOCATE,ML%HEATING_RATE(N_REACTIONS),MATERIAL_TYPE,HEATING_RATE,N_REACTIONS
read.f90,7390,READ_INPUT::READ_MATL,ALLOCATE,ML%PYROLYSIS_RANGE(N_REACTIONS),MATERIAL_TYPE,PYROLYSIS_RANGE,N_REACTIONS
read.f90,7394,READ_INPUT::READ_MATL,ALLOCATE,ML%TMP_REF(N_REACTIONS),MATERIAL_TYPE,TMP_REF,N_REACTIONS
read.f90,7397,READ_INPUT::READ_MATL,ALLOCATE,ML%RATE_REF(N_REACTIONS),MATERIAL_TYPE,RATE_REF,N_REACTIONS
read.f90,7400,READ_INPUT::READ_MATL,ALLOCATE,"ML%NU_GAS(N_TRACKED_SPECIES,N_REACTIONS)",MATERIAL_TYPE,NU_GAS,"N_TRACKED_SPECIES,N_REACTIONS"
read.f90,7403,READ_INPUT::READ_MATL,ALLOCATE,"ML%NU_GAS_P(N_SPECIES,N_REACTIONS)",MATERIAL_TYPE,NU_GAS_P,"N_SPECIES,N_REACTIONS"
read.f90,7406,READ_INPUT::READ_MATL,ALLOCATE,"ML%NU_GAS_M(N_SPECIES,N_REACTIONS)",MATERIAL_TYPE,NU_GAS_M,"N_SPECIES,N_REACTIONS"
read.f90,7409,READ_INPUT::READ_MATL,ALLOCATE,ML%N_RESIDUE(N_REACTIONS),MATERIAL_TYPE,N_RESIDUE,N_REACTIONS
read.f90,7412,READ_INPUT::READ_MATL,ALLOCATE,ML%N_LPC(N_REACTIONS),MATERIAL_TYPE,N_LPC,N_REACTIONS
read.f90,7489,READ_INPUT::READ_MATL,ALLOCATE,"ML%RESIDUE_MATL_INDEX(MAXVAL(ML%N_RESIDUE),ML%N_REACTIONS)",MATERIAL_TYPE,RESIDUE_MATL_INDEX,"MAXVAL(ML%N_RESIDUE),ML%N_REACTIONS"
read.f90,7491,READ_INPUT::READ_MATL,ALLOCATE,"ML%NU_RESIDUE(MAXVAL(ML%N_RESIDUE),ML%N_REACTIONS)",MATERIAL_TYPE,NU_RESIDUE,"MAXVAL(ML%N_RESIDUE),ML%N_REACTIONS"
read.f90,7510,READ_INPUT::READ_MATL,ALLOCATE,"ML%LPC_INDEX(MAXVAL(ML%N_LPC),ML%N_REACTIONS)",MATERIAL_TYPE,LPC_INDEX,"MAXVAL(ML%N_LPC),ML%N_REACTIONS"
read.f90,7512,READ_INPUT::READ_MATL,ALLOCATE,"ML%NU_LPC(MAXVAL(ML%N_LPC),ML%N_REACTIONS)",MATERIAL_TYPE,NU_LPC,"MAXVAL(ML%N_LPC),ML%N_REACTIONS"
read.f90,7558,READ_INPUT::READ_MATL,ALLOCATE,MATERIAL(N)%CHILD_MATL(N_MATL),MATERIAL_TYPE,CHILD_MATL,N_MATL
read.f90,7732,READ_INPUT::PROC_MATL,ALLOCATE,ML%H(0:I_MAX_TEMP),MATERIAL_TYPE,H,0:I_MAX_TEMP
read.f90,7776,READ_INPUT::PROC_MATL,ALLOCATE,MATL_MATRIX_POINTER(N_MATL),(variable:local),MATL_MATRIX_POINTER,N_MATL
read.f90,7818,READ_INPUT::PROC_MATL,ALLOCATE,"MATL_COEF_MATRIX(SUM(MATERIAL%N_REACTIONS),MATL_MATRIX_SIZE)",(variable:local),MATL_COEF_MATRIX,"SUM(MATERIAL%N_REACTIONS),MATL_MATRIX_SIZE"
read.f90,7819,READ_INPUT::PROC_MATL,ALLOCATE,MATL_COEF_VECTOR(SUM(MATERIAL%N_REACTIONS)),(variable:local),MATL_COEF_VECTOR,SUM(MATERIAL%N_REACTIONS)
read.f90,7858,READ_INPUT::PROC_MATL,ALLOCATE,RHO_H(SF%N_MATL),(variable:local),RHO_H,SF%N_MATL
read.f90,7860,READ_INPUT::PROC_MATL,ALLOCATE,RHO(SF%N_MATL),(variable:local),RHO,SF%N_MATL
read.f90,7893,READ_INPUT::PROC_MATL,ALLOCATE,MATL_SOLUTION_VECTOR(MATL_MATRIX_SIZE),(variable:local),MATL_SOLUTION_VECTOR,MATL_MATRIX_SIZE
read.f90,8102,READ_INPUT::READ_SURF,ALLOCATE,SURFACE(0:N_SURF+N_SURF_RESERVED),(variable:use:MESH_POINTERS),SURFACE,0:N_SURF+N_SURF_RESERVED
read.f90,8162,READ_INPUT::READ_SURF,ALLOCATE,SF%MASS_FRACTION(1:N_TRACKED_SPECIES),SURFACE_TYPE,MASS_FRACTION,1:N_TRACKED_SPECIES
read.f90,8164,READ_INPUT::READ_SURF,ALLOCATE,SF%MASS_FLUX(1:N_TRACKED_SPECIES),SURFACE_TYPE,MASS_FLUX,1:N_TRACKED_SPECIES
read.f90,8166,READ_INPUT::READ_SURF,ALLOCATE,SF%RAMP(-N_SURF_RAMPS:N_TRACKED_SPECIES),SURFACE_TYPE,RAMP,-N_SURF_RAMPS:N_TRACKED_SPECIES
read.f90,8522,READ_INPUT::READ_SURF,ALLOCATE,SF%REFERENCE_HEAT_FLUX(SF%N_QDOTPP_REF),SURFACE_TYPE,REFERENCE_HEAT_FLUX,SF%N_QDOTPP_REF
read.f90,8526,READ_INPUT::READ_SURF,ALLOCATE,SF%SPYRO_TH_FACTOR(SF%N_THICK_REF),SURFACE_TYPE,SPYRO_TH_FACTOR,SF%N_THICK_REF
read.f90,8527,READ_INPUT::READ_SURF,ALLOCATE,"SF%THICK2QREF(SF%N_THICK_REF,0:SF%N_QDOTPP_REF)",SURFACE_TYPE,THICK2QREF,"SF%N_THICK_REF,0:SF%N_QDOTPP_REF"
read.f90,8670,READ_INPUT::READ_SURF,ALLOCATE,SF%PARTICLE_INSERT_CLOCK(NMESHES),SURFACE_TYPE,PARTICLE_INSERT_CLOCK,NMESHES
read.f90,8889,READ_INPUT::READ_SURF,ALLOCATE,SF%LAYER_THICKNESS(MAX_LAYERS),SURFACE_TYPE,LAYER_THICKNESS,MAX_LAYERS
read.f90,8890,READ_INPUT::READ_SURF,ALLOCATE,SF%HT3D_LAYER(MAX_LAYERS),SURFACE_TYPE,HT3D_LAYER,MAX_LAYERS
read.f90,8891,READ_INPUT::READ_SURF,ALLOCATE,SF%MIN_DIFFUSIVITY(MAX_LAYERS),SURFACE_TYPE,MIN_DIFFUSIVITY,MAX_LAYERS
read.f90,8892,READ_INPUT::READ_SURF,ALLOCATE,SF%DDSUM(MAX_LAYERS),SURFACE_TYPE,DDSUM,MAX_LAYERS
read.f90,8893,READ_INPUT::READ_SURF,ALLOCATE,SF%STRETCH_FACTOR(MAX_LAYERS),SURFACE_TYPE,STRETCH_FACTOR,MAX_LAYERS
read.f90,8894,READ_INPUT::READ_SURF,ALLOCATE,SF%CELL_SIZE(MAX_LAYERS),SURFACE_TYPE,CELL_SIZE,MAX_LAYERS
read.f90,8895,READ_INPUT::READ_SURF,ALLOCATE,SF%CELL_SIZE_FACTOR(MAX_LAYERS),SURFACE_TYPE,CELL_SIZE_FACTOR,MAX_LAYERS
read.f90,8896,READ_INPUT::READ_SURF,ALLOCATE,SF%N_LAYER_CELLS_MAX(MAX_LAYERS),SURFACE_TYPE,N_LAYER_CELLS_MAX,MAX_LAYERS
read.f90,8897,READ_INPUT::READ_SURF,ALLOCATE,SF%SMALLEST_CELL_SIZE(MAX_LAYERS),SURFACE_TYPE,SMALLEST_CELL_SIZE,MAX_LAYERS
read.f90,8898,READ_INPUT::READ_SURF,ALLOCATE,SF%HEAT_SOURCE(MAX_LAYERS),SURFACE_TYPE,HEAT_SOURCE,MAX_LAYERS
read.f90,8899,READ_INPUT::READ_SURF,ALLOCATE,SF%RAMP_IHS_INDEX(MAX_LAYERS),SURFACE_TYPE,RAMP_IHS_INDEX,MAX_LAYERS
read.f90,8900,READ_INPUT::READ_SURF,ALLOCATE,SF%MIN_LAYER_THICKNESS(MAX_LAYERS),SURFACE_TYPE,MIN_LAYER_THICKNESS,MAX_LAYERS
read.f90,8901,READ_INPUT::READ_SURF,ALLOCATE,SF%MIN_LAYER_MASS(MAX_LAYERS),SURFACE_TYPE,MIN_LAYER_MASS,MAX_LAYERS
read.f90,8902,READ_INPUT::READ_SURF,ALLOCATE,SF%SWELL_RATIO(MAX_LAYERS),SURFACE_TYPE,SWELL_RATIO,MAX_LAYERS
read.f90,8946,READ_INPUT::READ_SURF,ALLOCATE,SF%N_CHILD_MATL(SF%N_LAYERS),SURFACE_TYPE,N_CHILD_MATL,SF%N_LAYERS
read.f90,8948,READ_INPUT::READ_SURF,ALLOCATE,"SF%LAYER_CHILD_INDEX(SF%N_LAYERS,MAX_MATERIALS)",SURFACE_TYPE,LAYER_CHILD_INDEX,"SF%N_LAYERS,MAX_MATERIALS"
read.f90,8974,READ_INPUT::READ_SURF,ALLOCATE,SF%MATL_INDEX(SF%N_MATL),SURFACE_TYPE,MATL_INDEX,SF%N_MATL
read.f90,8975,READ_INPUT::READ_SURF,ALLOCATE,SF%MATL_NAME(SF%N_MATL),SURFACE_TYPE,MATL_NAME,SF%N_MATL
read.f90,9022,READ_INPUT::READ_SURF,ALLOCATE,SF%N_LAYER_CELLS(SF%N_LAYERS),SURFACE_TYPE,N_LAYER_CELLS,SF%N_LAYERS
read.f90,9130,READ_INPUT::READ_SURF,ALLOCATE,DUPLICATE(N_RAMP+N_SURF*(N_TRACKED_SPECIES+N_SURF_RAMPS)),(variable:local),DUPLICATE,N_RAMP+N_SURF*(N_TRACKED_SPECIES+N_SURF_RAMPS)
read.f90,9678,READ_INPUT::PROC_SURF_2,ALLOCATE,SF%HRRPUA_INT_INDEX(SF%N_QDOTPP_REF),SURFACE_TYPE,HRRPUA_INT_INDEX,SF%N_QDOTPP_REF
read.f90,9679,READ_INPUT::PROC_SURF_2,ALLOCATE,SF%QREF_INDEX(SF%N_QDOTPP_REF),SURFACE_TYPE,QREF_INDEX,SF%N_QDOTPP_REF
read.f90,9680,READ_INPUT::PROC_SURF_2,ALLOCATE,SF%E2T_INDEX(SF%N_QDOTPP_REF),SURFACE_TYPE,E2T_INDEX,SF%N_QDOTPP_REF
read.f90,9722,READ_INPUT::PROC_SURF_2,ALLOCATE,Q_REF_INT(0:RP%NUMBER_INTERPOLATION_POINTS),(variable:local),Q_REF_INT,0:RP%NUMBER_INTERPOLATION_POINTS
read.f90,9748,READ_INPUT::PROC_SURF_2,ALLOCATE,RP_E2T%INTERPOLATED_DATA(0:RP_E2T%NUMBER_INTERPOLATION_POINTS),RAMPS_TYPE,INTERPOLATED_DATA,0:RP_E2T%NUMBER_INTERPOLATION_POINTS
read.f90,9880,READ_INPUT::PROC_SURF_2,ALLOCATE,SF%N_LAYER_CELLS(SF%N_LAYERS),SURFACE_TYPE,N_LAYER_CELLS,SF%N_LAYERS
read.f90,9881,READ_INPUT::PROC_SURF_2,ALLOCATE,SF%X_S(0:SF%N_CELLS_MAX),SURFACE_TYPE,X_S,0:SF%N_CELLS_MAX
read.f90,9884,READ_INPUT::PROC_SURF_2,ALLOCATE,"SF%RHO_0(0:SF%N_CELLS_MAX+1,SF%N_MATL)",SURFACE_TYPE,RHO_0,"0:SF%N_CELLS_MAX+1,SF%N_MATL"
read.f90,9906,READ_INPUT::PROC_SURF_2,ALLOCATE,SF%MATL_PART_INDEX(SF%N_LPC),SURFACE_TYPE,MATL_PART_INDEX,SF%N_LPC
read.f90,10005,READ_INPUT::PROC_WALL,ALLOCATE,SF%DX(1:SF%N_CELLS_MAX),SURFACE_TYPE,DX,1:SF%N_CELLS_MAX
read.f90,10006,READ_INPUT::PROC_WALL,ALLOCATE,SF%RDX(0:SF%N_CELLS_MAX+1),SURFACE_TYPE,RDX,0:SF%N_CELLS_MAX+1
read.f90,10007,READ_INPUT::PROC_WALL,ALLOCATE,SF%RDXN(0:SF%N_CELLS_MAX),SURFACE_TYPE,RDXN,0:SF%N_CELLS_MAX
read.f90,10008,READ_INPUT::PROC_WALL,ALLOCATE,SF%DX_WGT(0:SF%N_CELLS_MAX),SURFACE_TYPE,DX_WGT,0:SF%N_CELLS_MAX
read.f90,10009,READ_INPUT::PROC_WALL,ALLOCATE,SF%X_S(0:SF%N_CELLS_MAX),SURFACE_TYPE,X_S,0:SF%N_CELLS_MAX
read.f90,10010,READ_INPUT::PROC_WALL,ALLOCATE,SF%LAYER_INDEX(0:SF%N_CELLS_MAX+1),SURFACE_TYPE,LAYER_INDEX,0:SF%N_CELLS_MAX+1
read.f90,10011,READ_INPUT::PROC_WALL,ALLOCATE,SF%MF_FRAC(1:SF%N_CELLS_MAX),SURFACE_TYPE,MF_FRAC,1:SF%N_CELLS_MAX
read.f90,10012,READ_INPUT::PROC_WALL,ALLOCATE,"SF%RHO_0(0:SF%N_CELLS_MAX+1,SF%N_MATL)",SURFACE_TYPE,RHO_0,"0:SF%N_CELLS_MAX+1,SF%N_MATL"
read.f90,10017,READ_INPUT::PROC_WALL,ALLOCATE,X_S_OLD(0:SF%N_CELLS_MAX),(variable:local),X_S_OLD,0:SF%N_CELLS_MAX
read.f90,10189,READ_INPUT::READ_PRES,ALLOCATE,TP_AA(TUNNEL_NXP),(variable:use:GLOBAL_CONSTANTS),TP_AA,TUNNEL_NXP
read.f90,10190,READ_INPUT::READ_PRES,ALLOCATE,TP_BB(TUNNEL_NXP),(variable:use:GLOBAL_CONSTANTS),TP_BB,TUNNEL_NXP
read.f90,10191,READ_INPUT::READ_PRES,ALLOCATE,TP_CC(TUNNEL_NXP),(variable:use:GLOBAL_CONSTANTS),TP_CC,TUNNEL_NXP
read.f90,10192,READ_INPUT::READ_PRES,ALLOCATE,TP_DD(TUNNEL_NXP),(variable:use:GLOBAL_CONSTANTS),TP_DD,TUNNEL_NXP
read.f90,10193,READ_INPUT::READ_PRES,ALLOCATE,TP_RDXN(0:TUNNEL_NXP),(variable:use:GLOBAL_CONSTANTS),TP_RDXN,0:TUNNEL_NXP
read.f90,10194,READ_INPUT::READ_PRES,ALLOCATE,H_BAR(0:TUNNEL_NXP+1),(variable:use:GLOBAL_CONSTANTS),H_BAR,0:TUNNEL_NXP+1
read.f90,10314,READ_INPUT::READ_RADI,ALLOCATE,WL_HIGH(1:NUMBER_SPECTRAL_BANDS),(variable:use:RADCONS),WL_HIGH,1:NUMBER_SPECTRAL_BANDS
read.f90,10315,READ_INPUT::READ_RADI,ALLOCATE,WL_LOW(1:NUMBER_SPECTRAL_BANDS),(variable:use:RADCONS),WL_LOW,1:NUMBER_SPECTRAL_BANDS
read.f90,10349,READ_INPUT::READ_RADI,ALLOCATE,NRP(1:NRT),(variable:use:RADCONS),NRP,1:NRT
read.f90,10424,READ_INPUT::READ_RAMP,ALLOCATE,RAMPS(N_RAMP+N_CONE_RAMP),(variable:use:MESH_POINTERS),RAMPS,N_RAMP+N_CONE_RAMP
read.f90,10501,READ_INPUT::READ_RAMP,ALLOCATE,RP%INDEPENDENT_DATA(1:RP%NUMBER_DATA_POINTS),RAMPS_TYPE,INDEPENDENT_DATA,1:RP%NUMBER_DATA_POINTS
read.f90,10502,READ_INPUT::READ_RAMP,ALLOCATE,RP%DEPENDENT_DATA(1:RP%NUMBER_DATA_POINTS),RAMPS_TYPE,DEPENDENT_DATA,1:RP%NUMBER_DATA_POINTS
read.f90,10598,READ_INPUT::READ_RAMP,ALLOCATE,RAMPS(N)%INTERPOLATED_DATA(0:RP%NUMBER_INTERPOLATION_POINTS+1),RAMPS_TYPE,INTERPOLATED_DATA,0:RP%NUMBER_INTERPOLATION_POINTS+1
read.f90,10630,READ_INPUT::READ_RAMP,ALLOCATE,EXTERNAL_RAMP(N_RAMP),(variable:use:GLOBAL_CONSTANTS),EXTERNAL_RAMP,N_RAMP
read.f90,10648,READ_INPUT::READ_TABL,ALLOCATE,TABLES(N_TABLE),(variable:use:MESH_POINTERS),TABLES,N_TABLE
read.f90,10723,READ_INPUT::READ_TABL,ALLOCATE,"TA%TABLE_DATA(TA%NUMBER_ROWS,TA%NUMBER_COLUMNS)",TABLES_TYPE,TABLE_DATA,"TA%NUMBER_ROWS,TA%NUMBER_COLUMNS"
read.f90,10860,READ_INPUT::READ_OBST,ALLOCATE,M%OBSTRUCTION(0:N_OBST_DIM),MESH_TYPE,OBSTRUCTION,0:N_OBST_DIM
read.f90,11546,READ_INPUT::READ_OBST,ALLOCATE,TEMP_OBSTRUCTION(N_NEW_OBST),(variable:local),TEMP_OBSTRUCTION,N_NEW_OBST
read.f90,11592,READ_INPUT::READ_OBST,ALLOCATE,CELL_COUNT(NMESHES),(variable:use:GLOBAL_CONSTANTS),CELL_COUNT,NMESHES
read.f90,11593,READ_INPUT::READ_OBST,ALLOCATE,CELL_COUNT_INTEGERS(NMESHES),(variable:use:GLOBAL_CONSTANTS),CELL_COUNT_INTEGERS,NMESHES
read.f90,11594,READ_INPUT::READ_OBST,ALLOCATE,CELL_COUNT_LOGICALS(NMESHES),(variable:use:GLOBAL_CONSTANTS),CELL_COUNT_LOGICALS,NMESHES
read.f90,11596,READ_INPUT::READ_OBST,ALLOCATE,EDGE_COUNT(NMESHES),(variable:use:GLOBAL_CONSTANTS),EDGE_COUNT,NMESHES
read.f90,11622,READ_INPUT::READ_OBST,ALLOCATE,"M%CELL_INDEX(0:IBP1,0:JBP1,0:KBP1)",MESH_TYPE,CELL_INDEX,"0:IBP1,0:JBP1,0:KBP1"
read.f90,11744,READ_INPUT::READ_HOLE,ALLOCATE,TEMP_OBST(0:6),(variable:local),TEMP_OBST,0:6
read.f90,11777,READ_INPUT::READ_HOLE,ALLOCATE,"TEMP_XB(N_HOLE_O,6)",(variable:local),TEMP_XB,"N_HOLE_O,6"
read.f90,11779,READ_INPUT::READ_HOLE,ALLOCATE,CONTROLLED(N_HOLE_O),(variable:local),CONTROLLED,N_HOLE_O
read.f90,12097,READ_INPUT::RE_ALLOCATE_OBST,ALLOCATE,DUMMY(0:N_OBST),(variable:local),DUMMY,0:N_OBST
read.f90,12100,READ_INPUT::RE_ALLOCATE_OBST,ALLOCATE,M%OBSTRUCTION(0:N_OBST+NDO),MESH_TYPE,OBSTRUCTION,0:N_OBST+NDO
read.f90,12154,READ_INPUT::READ_VENT,ALLOCATE,MESHES(NM)%VENTS(N_VENT),MESH_TYPE,VENTS,N_VENT
read.f90,12155,READ_INPUT::READ_VENT,ALLOCATE,VENT_TOTAL_AREA(N_VENT_TOTAL),(variable:use:GLOBAL_CONSTANTS),VENT_TOTAL_AREA,N_VENT_TOTAL
read.f90,12157,READ_INPUT::READ_VENT,ALLOCATE,ORIGINAL_VENTS(N_ORIGINAL_VENTS),(variable:use:MESH_POINTERS),ORIGINAL_VENTS,N_ORIGINAL_VENTS
read.f90,12915,READ_INPUT::READ_VENT::DEFINE_IMPLICIT_VENTS,ALLOCATE,IMPLICIT_VENT(3),(variable:host:READ_VENT),IMPLICIT_VENT,3
read.f90,13007,READ_INPUT::READ_INIT,ALLOCATE,INITIALIZATION(N_INIT),(variable:use:MESH_POINTERS),INITIALIZATION,N_INIT
read.f90,13187,READ_INPUT::READ_INIT,ALLOCATE,IN%VOLUME_ADJUST(NMESHES),INITIALIZATION_TYPE,VOLUME_ADJUST,NMESHES
read.f90,13213,READ_INPUT::READ_INIT,ALLOCATE,IN%MASS_FRACTION(N_TRACKED_SPECIES),INITIALIZATION_TYPE,MASS_FRACTION,N_TRACKED_SPECIES
read.f90,13214,READ_INPUT::READ_INIT,ALLOCATE,IN%RAMP_MF_Z_INDEX(N_TRACKED_SPECIES),INITIALIZATION_TYPE,RAMP_MF_Z_INDEX,N_TRACKED_SPECIES
read.f90,13246,READ_INPUT::READ_INIT,ALLOCATE,IN%VOLUME_FRACTION(N_TRACKED_SPECIES),INITIALIZATION_TYPE,VOLUME_FRACTION,N_TRACKED_SPECIES
read.f90,13247,READ_INPUT::READ_INIT,ALLOCATE,IN%RAMP_VF_Z_INDEX(N_TRACKED_SPECIES),INITIALIZATION_TYPE,RAMP_VF_Z_INDEX,N_TRACKED_SPECIES
read.f90,13279,READ_INPUT::READ_INIT,ALLOCATE,IN%MASS_FRACTION(N_TRACKED_SPECIES),INITIALIZATION_TYPE,MASS_FRACTION,N_TRACKED_SPECIES
read.f90,13343,READ_INPUT::READ_INIT,ALLOCATE,IN%PARTICLE_INSERT_CLOCK(NMESHES),INITIALIZATION_TYPE,PARTICLE_INSERT_CLOCK,NMESHES
read.f90,13347,READ_INPUT::READ_INIT,ALLOCATE,IN%ALREADY_INSERTED(NMESHES),INITIALIZATION_TYPE,ALREADY_INSERTED,NMESHES
read.f90,13618,READ_INPUT::READ_ZONE,ALLOCATE,LEAK_AREA(0:MAX_LEAK_PATHS),(variable:local),LEAK_AREA,0:MAX_LEAK_PATHS
read.f90,13619,READ_INPUT::READ_ZONE,ALLOCATE,LEAK_REFERENCE_PRESSURE(0:MAX_LEAK_PATHS),(variable:local),LEAK_REFERENCE_PRESSURE,0:MAX_LEAK_PATHS
read.f90,13620,READ_INPUT::READ_ZONE,ALLOCATE,LEAK_PRESSURE_EXPONENT(0:MAX_LEAK_PATHS),(variable:local),LEAK_PRESSURE_EXPONENT,0:MAX_LEAK_PATHS
read.f90,13621,READ_INPUT::READ_ZONE,ALLOCATE,DISCHARGE_COEFFICIENT(0:MAX_LEAK_PATHS),(variable:local),DISCHARGE_COEFFICIENT,0:MAX_LEAK_PATHS
read.f90,13641,READ_INPUT::READ_ZONE,ALLOCATE,COUNTS(0:N_MPI_PROCESSES-1),(variable:local),COUNTS,0:N_MPI_PROCESSES-1
read.f90,13642,READ_INPUT::READ_ZONE,ALLOCATE,DISPLS(0:N_MPI_PROCESSES-1),(variable:local),DISPLS,0:N_MPI_PROCESSES-1
read.f90,13656,READ_INPUT::READ_ZONE,ALLOCATE,P_ZONE(N_ZONE),(variable:use:MESH_POINTERS),P_ZONE,N_ZONE
read.f90,13663,READ_INPUT::READ_ZONE,ALLOCATE,P_ZONE(N)%LEAK_AREA(0:N_ZONE),P_ZONE_TYPE,LEAK_AREA,0:N_ZONE
read.f90,13665,READ_INPUT::READ_ZONE,ALLOCATE,P_ZONE(N)%DISCHARGE_COEFFICIENT(0:N_ZONE),P_ZONE_TYPE,DISCHARGE_COEFFICIENT,0:N_ZONE
read.f90,13667,READ_INPUT::READ_ZONE,ALLOCATE,P_ZONE(N)%LEAK_PRESSURE_EXPONENT(0:N_ZONE),P_ZONE_TYPE,LEAK_PRESSURE_EXPONENT,0:N_ZONE
read.f90,13669,READ_INPUT::READ_ZONE,ALLOCATE,P_ZONE(N)%LEAK_REFERENCE_PRESSURE(0:N_ZONE),P_ZONE_TYPE,LEAK_REFERENCE_PRESSURE,0:N_ZONE
read.f90,13805,READ_INPUT::READ_DEVC,ALLOCATE,DEVICE(N_DEVC),(variable:use:DEVICE_VARIABLES),DEVICE,N_DEVC
read.f90,13809,READ_INPUT::READ_DEVC,ALLOCATE,INIT_RESERVED(N_DEVC),(variable:use:MESH_POINTERS),INIT_RESERVED,N_DEVC
read.f90,13814,READ_INPUT::READ_DEVC,ALLOCATE,"MESH_DEVICE_ARRAY(NMESHES,N_DEVC)",(variable:local),MESH_DEVICE_ARRAY,"NMESHES,N_DEVC"
read.f90,13815,READ_INPUT::READ_DEVC,ALLOCATE,MESH_DEVICE(NMESHES),(variable:local),MESH_DEVICE,NMESHES
read.f90,14271,READ_INPUT::READ_DEVC,ALLOCATE,DV%QUANTITY(DV%N_QUANTITY),DEVICE_TYPE,QUANTITY,DV%N_QUANTITY
read.f90,14272,READ_INPUT::READ_DEVC,ALLOCATE,DV%QUANTITY_INDEX(DV%N_QUANTITY),DEVICE_TYPE,QUANTITY_INDEX,DV%N_QUANTITY
read.f90,14273,READ_INPUT::READ_DEVC,ALLOCATE,DV%I(DV%N_QUANTITY),DEVICE_TYPE,I,DV%N_QUANTITY
read.f90,14274,READ_INPUT::READ_DEVC,ALLOCATE,DV%J(DV%N_QUANTITY),DEVICE_TYPE,J,DV%N_QUANTITY
read.f90,14275,READ_INPUT::READ_DEVC,ALLOCATE,DV%K(DV%N_QUANTITY),DEVICE_TYPE,K,DV%N_QUANTITY
read.f90,14451,READ_INPUT::READ_DEVC,ALLOCATE,DV%TIME_MIN_VALUE(DV%N_INTERVALS),DEVICE_TYPE,TIME_MIN_VALUE,DV%N_INTERVALS
read.f90,14454,READ_INPUT::READ_DEVC,ALLOCATE,DV%TIME_MAX_VALUE(DV%N_INTERVALS),DEVICE_TYPE,TIME_MAX_VALUE,DV%N_INTERVALS
read.f90,14463,READ_INPUT::READ_DEVC,ALLOCATE,DEVC_PIPE_OPERATING(MAXVAL(DEVICE%PIPE_INDEX)),(variable:use:DEVICE_VARIABLES),DEVC_PIPE_OPERATING,MAXVAL(DEVICE%PIPE_INDEX)
read.f90,14473,READ_INPUT::READ_DEVC,ALLOCATE,DV%SUBDEVICE_INDEX(NMESHES),DEVICE_TYPE,SUBDEVICE_INDEX,NMESHES
read.f90,14478,READ_INPUT::READ_DEVC,ALLOCATE,DV%SUBDEVICE(DV%N_SUBDEVICES),DEVICE_TYPE,SUBDEVICE,DV%N_SUBDEVICES
read.f90,14738,READ_INPUT::READ_CTRL,ALLOCATE,CONTROL(N_CTRL),(variable:use:CONTROL_VARIABLES),CONTROL,N_CTRL
read.f90,14879,READ_INPUT::READ_CTRL,ALLOCATE,EXTERNAL_CTRL(N_CTRL),(variable:use:GLOBAL_CONSTANTS),EXTERNAL_CTRL,N_CTRL
read.f90,14974,READ_INPUT::PROC_CTRL,ALLOCATE,CF%INPUT(CF%N_INPUTS),CONTROL_TYPE,INPUT,CF%N_INPUTS
read.f90,14976,READ_INPUT::PROC_CTRL,ALLOCATE,CF%INPUT_TYPE(CF%N_INPUTS),CONTROL_TYPE,INPUT_TYPE,CF%N_INPUTS
read.f90,15035,READ_INPUT::PROC_CTRL,ALLOCATE,CF%PSUM(0:DV%N_POINTS),CONTROL_TYPE,PSUM,0:DV%N_POINTS
read.f90,15036,READ_INPUT::PROC_CTRL,ALLOCATE,CF%LSUM(0:DV%N_POINTS),CONTROL_TYPE,LSUM,0:DV%N_POINTS
read.f90,15037,READ_INPUT::PROC_CTRL,ALLOCATE,CF%DL(1:DV%N_POINTS),CONTROL_TYPE,DL,1:DV%N_POINTS
read.f90,15401,READ_INPUT::PROC_DEVC,ALLOCATE,DV%HISTOGRAM_COUNTS(PROPERTY(DV%PROP_INDEX)%HISTOGRAM_NBINS),DEVICE_TYPE,HISTOGRAM_COUNTS,PROPERTY(DV%PROP_INDEX)%HISTOGRAM_NBINS
read.f90,15425,READ_INPUT::PROC_DEVC,ALLOCATE,DV%T_E(0:1000),DEVICE_TYPE,T_E,0:1000
read.f90,15426,READ_INPUT::PROC_DEVC,ALLOCATE,DV%Y_E(0:1000),DEVICE_TYPE,Y_E,0:1000
read.f90,15538,READ_INPUT::PROC_DEVC,ALLOCATE,SDV%I_PATH(0:MAXCELLS),SUBDEVICE_TYPE,I_PATH,0:MAXCELLS
read.f90,15539,READ_INPUT::PROC_DEVC,ALLOCATE,SDV%J_PATH(0:MAXCELLS),SUBDEVICE_TYPE,J_PATH,0:MAXCELLS
read.f90,15540,READ_INPUT::PROC_DEVC,ALLOCATE,SDV%K_PATH(0:MAXCELLS),SUBDEVICE_TYPE,K_PATH,0:MAXCELLS
read.f90,15541,READ_INPUT::PROC_DEVC,ALLOCATE,SDV%D_PATH(MAXCELLS),SUBDEVICE_TYPE,D_PATH,MAXCELLS
read.f90,15621,READ_INPUT::PROC_DEVC,ALLOCATE,DV%DEVC_INDEX(NNN),DEVICE_TYPE,DEVC_INDEX,NNN
read.f90,15624,READ_INPUT::PROC_DEVC,ALLOCATE,"DV%YY_SOOT(NNN,0:100)",DEVICE_TYPE,YY_SOOT,"NNN,0:100"
read.f90,15627,READ_INPUT::PROC_DEVC,ALLOCATE,DV%TIME_ARRAY(0:100),DEVICE_TYPE,TIME_ARRAY,0:100
read.f90,15661,READ_INPUT::PROC_DEVC,ALLOCATE,DV%DEVC_INDEX(1),DEVICE_TYPE,DEVC_INDEX,1
read.f90,15725,READ_INPUT::READ_PROF,ALLOCATE,PROFILE(N_PROF),(variable:use:MESH_POINTERS),PROFILE,N_PROF
read.f90,15897,READ_INPUT::READ_ISOF,ALLOCATE,ISOSURFACE_FILE(N_ISOF),(variable:use:MESH_POINTERS),ISOSURFACE_FILE,N_ISOF
read.f90,15996,READ_INPUT::READ_SLCF,ALLOCATE,UNIQUE_SLICE_NAMES(N_SLCF_O*4),(variable:local),UNIQUE_SLICE_NAMES,N_SLCF_O*4
read.f90,15998,READ_INPUT::READ_SLCF,ALLOCATE,AGL_SLICES(N_SLCF_O*4),(variable:local),AGL_SLICES,N_SLCF_O*4
read.f90,16003,READ_INPUT::READ_SLCF,ALLOCATE,MESHES(1)%UNIQUE_SLICE_IN_DOMAIN(N_UNIQUE_SLCF),MESH_TYPE,UNIQUE_SLICE_IN_DOMAIN,N_UNIQUE_SLCF
read.f90,16006,READ_INPUT::READ_SLCF,ALLOCATE,M%UNIQUE_SLICE_NAMES(N_UNIQUE_SLCF),MESH_TYPE,UNIQUE_SLICE_NAMES,N_UNIQUE_SLCF
read.f90,16007,READ_INPUT::READ_SLCF,ALLOCATE,M%EMPTY_UNIQUE_SLICE(N_UNIQUE_SLCF),MESH_TYPE,EMPTY_UNIQUE_SLICE,N_UNIQUE_SLCF
read.f90,16008,READ_INPUT::READ_SLCF,ALLOCATE,M%UNIQUE_SLICE_IS_SL3D(N_UNIQUE_SLCF),MESH_TYPE,UNIQUE_SLICE_IS_SL3D,N_UNIQUE_SLCF
read.f90,16011,READ_INPUT::READ_SLCF,ALLOCATE,MESHES(1)%ALL_SLICE_NAMES(N_SLCF_O*4),MESH_TYPE,ALL_SLICE_NAMES,N_SLCF_O*4
read.f90,16012,READ_INPUT::READ_SLCF,ALLOCATE,MESHES(1)%ALL_SLICE_QUANTITIES(N_SLCF_O*4),MESH_TYPE,ALL_SLICE_QUANTITIES,N_SLCF_O*4
read.f90,16013,READ_INPUT::READ_SLCF,ALLOCATE,MESHES(1)%ALL_SLICE_TOPOLOGIES(N_SLCF_O*4),MESH_TYPE,ALL_SLICE_TOPOLOGIES,N_SLCF_O*4
read.f90,16023,READ_INPUT::READ_SLCF,ALLOCATE,MESHES(1)%UNIQUE_SLCF_AGL(N_UNIQUE_SLCF),MESH_TYPE,UNIQUE_SLCF_AGL,N_UNIQUE_SLCF
read.f90,16028,READ_INPUT::READ_SLCF,ALLOCATE,M%SLICE(N_SLCF),MESH_TYPE,SLICE,N_SLCF
read.f90,16333,READ_INPUT::READ_SLCF,ALLOCATE,"M%K_AGL_SLICE(0:IBP1,0:JBP1,N_TERRAIN_SLCF)",MESH_TYPE,K_AGL_SLICE,"0:IBP1,0:JBP1,N_TERRAIN_SLCF"
read.f90,16354,READ_INPUT::READ_SLCF,ALLOCATE,MESHES(1)%UNIQUE_SLICE_NAMES(N_UNIQUE_SLCF),MESH_TYPE,UNIQUE_SLICE_NAMES,N_UNIQUE_SLCF
read.f90,16539,READ_INPUT::READ_RADF,ALLOCATE,M%RAD_FILE(N_RADF),MESH_TYPE,RAD_FILE,N_RADF
read.f90,16629,READ_INPUT::READ_BNDF,ALLOCATE,BOUNDARY_FILE(N_BNDF),(variable:use:MESH_POINTERS),BOUNDARY_FILE,N_BNDF
read.f90,16733,READ_INPUT::READ_SM3D,ALLOCATE,SMOKE3D_FILE(N_SMOKE3D),(variable:use:OUTPUT_DATA),SMOKE3D_FILE,N_SMOKE3D
read.f90,17348,READ_INPUT::READ_CSVF,ALLOCATE,CSVFINFO(NMESHES),(variable:use:MESH_POINTERS),CSVFINFO,NMESHES
read.f90,17460,READ_INPUT::REALLOCATE_HT3D_OBST,ALLOCATE,DUMMY(1:N2),(variable:local),DUMMY,1:N2
read.f90,17462,READ_INPUT::REALLOCATE_HT3D_OBST,MOVE_ALLOC,HT3D_OBST,(variable:host:READ_INPUT),HT3D_OBST,(from DUMMY)
smvv.f90,58,ISOSMOKE::ISO_TO_FILE,ALLOCATE,LEVEL_INDICES(NTRIANGLES),(variable:local),LEVEL_INDICES,NTRIANGLES
smvv.f90,98,ISOSMOKE::ISO_TO_FILE,ALLOCATE,VALVERTS_ALL(NXYZVERTS_ALL),(variable:local),VALVERTS_ALL,NXYZVERTS_ALL
smvv.f90,190,ISOSMOKE::REMOVE_DUPLICATE_ISO_VERTS,ALLOCATE,MAPVERTS(NVERTS),(variable:local),MAPVERTS,NVERTS
smvv.f90,250,ISOSMOKE::ISO_TO_GEOM,ALLOCATE,XYZVERTS(3*NXYZVERTS_MAX),(variable:local),XYZVERTS,3*NXYZVERTS_MAX
smvv.f90,251,ISOSMOKE::ISO_TO_GEOM,ALLOCATE,TRIANGLES(3*NTRIANGLES_MAX),(variable:local),TRIANGLES,3*NTRIANGLES_MAX
smvv.f90,836,ISOSMOKE::REALLOCATE_I,ALLOCATE,VALS_TEMP(OLDSIZE),(variable:local),VALS_TEMP,OLDSIZE
smvv.f90,840,ISOSMOKE::REALLOCATE_I,ALLOCATE,VALS(NEWSIZE),(variable:local),VALS,NEWSIZE
smvv.f90,858,ISOSMOKE::REALLOCATE_F,ALLOCATE,VALS_TEMP(OLDSIZE),(variable:local),VALS_TEMP,OLDSIZE
smvv.f90,862,ISOSMOKE::REALLOCATE_F,ALLOCATE,VALS(NEWSIZE),(variable:local),VALS,NEWSIZE
smvv.f90,894,ISOSMOKE::SLICE_TO_RLEFILE,ALLOCATE,BUFFER_IN(NVALS),(variable:local),BUFFER_IN,NVALS
smvv.f90,895,ISOSMOKE::SLICE_TO_RLEFILE,ALLOCATE,BUFFER_OUT(NVALS),(variable:local),BUFFER_OUT,NVALS
smvv.f90,941,ISOSMOKE::SMOKE3D_TO_FILE,ALLOCATE,BUFFER_IN(NVALS),(variable:local),BUFFER_IN,NVALS
smvv.f90,942,ISOSMOKE::SMOKE3D_TO_FILE,ALLOCATE,BUFFER_OUT(NVALS),(variable:local),BUFFER_OUT,NVALS
soot.f90,184,SOOT_ROUTINES::INITIALIZE_AGGLOMERATION,ALLOCATE,BIN_S(N_AGGLOMERATION_SPECIES),(variable:host:SOOT_ROUTINES),BIN_S,N_AGGLOMERATION_SPECIES
soot.f90,185,SOOT_ROUTINES::INITIALIZE_AGGLOMERATION,ALLOCATE,"BIN_M(N_AGGLOMERATION_SPECIES,0:MAXVAL(N_PARTICLE_BINS))",(variable:host:SOOT_ROUTINES),BIN_M,"N_AGGLOMERATION_SPECIES,0:MAXVAL(N_PARTICLE_BINS)"
soot.f90,186,SOOT_ROUTINES::INITIALIZE_AGGLOMERATION,ALLOCATE,"BIN_X(N_AGGLOMERATION_SPECIES,1:MAXVAL(N_PARTICLE_BINS))",(variable:host:SOOT_ROUTINES),BIN_X,"N_AGGLOMERATION_SPECIES,1:MAXVAL(N_PARTICLE_BINS)"
soot.f90,187,SOOT_ROUTINES::INITIALIZE_AGGLOMERATION,ALLOCATE,"BIN_ETA(N_AGGLOMERATION_SPECIES,MAXVAL(N_PARTICLE_BINS),MAXVAL(N_PARTICLE_BINS),2)",(variable:host:SOOT_ROUTINES),BIN_ETA,"N_AGGLOMERATION_SPECIES,MAXVAL(N_PARTICLE_BINS),MAXVAL(N_PARTICLE_BINS),2"
soot.f90,188,SOOT_ROUTINES::INITIALIZE_AGGLOMERATION,ALLOCATE,"BIN_ETA_INDEX(N_AGGLOMERATION_SPECIES,MAXVAL(N_PARTICLE_BINS),MAXVAL(N_PARTICLE_BINS),2)",(variable:host:SOOT_ROUTINES),BIN_ETA_INDEX,"N_AGGLOMERATION_SPECIES,MAXVAL(N_PARTICLE_BINS),MAXVAL(N_PARTICLE_BINS),2"
soot.f90,192,SOOT_ROUTINES::INITIALIZE_AGGLOMERATION,ALLOCATE,"PHI_B_FAC(N_AGGLOMERATION_SPECIES,MAXVAL(N_PARTICLE_BINS),MAXVAL(N_PARTICLE_BINS))",(variable:host:SOOT_ROUTINES),PHI_B_FAC,"N_AGGLOMERATION_SPECIES,MAXVAL(N_PARTICLE_BINS),MAXVAL(N_PARTICLE_BINS)"
soot.f90,193,SOOT_ROUTINES::INITIALIZE_AGGLOMERATION,ALLOCATE,"PARTICLE_MASS(N_AGGLOMERATION_SPECIES,MAXVAL(N_PARTICLE_BINS),MAXVAL(N_PARTICLE_BINS))",(variable:host:SOOT_ROUTINES),PARTICLE_MASS,"N_AGGLOMERATION_SPECIES,MAXVAL(N_PARTICLE_BINS),MAXVAL(N_PARTICLE_BINS)"
soot.f90,194,SOOT_ROUTINES::INITIALIZE_AGGLOMERATION,ALLOCATE,"PHI_G_FAC(N_AGGLOMERATION_SPECIES,MAXVAL(N_PARTICLE_BINS),MAXVAL(N_PARTICLE_BINS))",(variable:host:SOOT_ROUTINES),PHI_G_FAC,"N_AGGLOMERATION_SPECIES,MAXVAL(N_PARTICLE_BINS),MAXVAL(N_PARTICLE_BINS)"
soot.f90,195,SOOT_ROUTINES::INITIALIZE_AGGLOMERATION,ALLOCATE,"PHI_S_FAC(N_AGGLOMERATION_SPECIES,MAXVAL(N_PARTICLE_BINS),MAXVAL(N_PARTICLE_BINS))",(variable:host:SOOT_ROUTINES),PHI_S_FAC,"N_AGGLOMERATION_SPECIES,MAXVAL(N_PARTICLE_BINS),MAXVAL(N_PARTICLE_BINS)"
soot.f90,196,SOOT_ROUTINES::INITIALIZE_AGGLOMERATION,ALLOCATE,"PHI_I_FAC(N_AGGLOMERATION_SPECIES,MAXVAL(N_PARTICLE_BINS),MAXVAL(N_PARTICLE_BINS))",(variable:host:SOOT_ROUTINES),PHI_I_FAC,"N_AGGLOMERATION_SPECIES,MAXVAL(N_PARTICLE_BINS),MAXVAL(N_PARTICLE_BINS)"
soot.f90,197,SOOT_ROUTINES::INITIALIZE_AGGLOMERATION,ALLOCATE,"FU1_FAC(N_AGGLOMERATION_SPECIES,MAXVAL(N_PARTICLE_BINS),MAXVAL(N_PARTICLE_BINS))",(variable:host:SOOT_ROUTINES),FU1_FAC,"N_AGGLOMERATION_SPECIES,MAXVAL(N_PARTICLE_BINS),MAXVAL(N_PARTICLE_BINS)"
soot.f90,198,SOOT_ROUTINES::INITIALIZE_AGGLOMERATION,ALLOCATE,"FU2_FAC(N_AGGLOMERATION_SPECIES,MAXVAL(N_PARTICLE_BINS),MAXVAL(N_PARTICLE_BINS))",(variable:host:SOOT_ROUTINES),FU2_FAC,"N_AGGLOMERATION_SPECIES,MAXVAL(N_PARTICLE_BINS),MAXVAL(N_PARTICLE_BINS)"
soot.f90,199,SOOT_ROUTINES::INITIALIZE_AGGLOMERATION,ALLOCATE,"MOBILITY_FAC(N_AGGLOMERATION_SPECIES,MAXVAL(N_PARTICLE_BINS))",(variable:host:SOOT_ROUTINES),MOBILITY_FAC,"N_AGGLOMERATION_SPECIES,MAXVAL(N_PARTICLE_BINS)"
soot.f90,200,SOOT_ROUTINES::INITIALIZE_AGGLOMERATION,ALLOCATE,"A_FAC(N_AGGLOMERATION_SPECIES,MAXVAL(N_PARTICLE_BINS))",(variable:host:SOOT_ROUTINES),A_FAC,"N_AGGLOMERATION_SPECIES,MAXVAL(N_PARTICLE_BINS)"
soot.f90,201,SOOT_ROUTINES::INITIALIZE_AGGLOMERATION,ALLOCATE,"PARTICLE_RADIUS(N_AGGLOMERATION_SPECIES,1:MAXVAL(N_PARTICLE_BINS))",(variable:host:SOOT_ROUTINES),PARTICLE_RADIUS,"N_AGGLOMERATION_SPECIES,1:MAXVAL(N_PARTICLE_BINS)"
turb.f90,53,TURBULENCE::INIT_TURB_ARRAYS,ALLOCATE,"M%TURB_WORK1(0:IBP1,0:JBP1,0:KBP1)",MESH_TYPE,TURB_WORK1,"0:IBP1,0:JBP1,0:KBP1"
turb.f90,56,TURBULENCE::INIT_TURB_ARRAYS,ALLOCATE,"M%TURB_WORK2(0:IBP1,0:JBP1,0:KBP1)",MESH_TYPE,TURB_WORK2,"0:IBP1,0:JBP1,0:KBP1"
turb.f90,59,TURBULENCE::INIT_TURB_ARRAYS,ALLOCATE,"M%TURB_WORK3(0:IBP1,0:JBP1,0:KBP1)",MESH_TYPE,TURB_WORK3,"0:IBP1,0:JBP1,0:KBP1"
turb.f90,62,TURBULENCE::INIT_TURB_ARRAYS,ALLOCATE,"M%TURB_WORK4(0:IBP1,0:JBP1,0:KBP1)",MESH_TYPE,TURB_WORK4,"0:IBP1,0:JBP1,0:KBP1"
turb.f90,66,TURBULENCE::INIT_TURB_ARRAYS,ALLOCATE,"M%TURB_WORK5(0:IBP1,0:JBP1,0:KBP1)",MESH_TYPE,TURB_WORK5,"0:IBP1,0:JBP1,0:KBP1"
turb.f90,69,TURBULENCE::INIT_TURB_ARRAYS,ALLOCATE,"M%TURB_WORK6(0:IBP1,0:JBP1,0:KBP1)",MESH_TYPE,TURB_WORK6,"0:IBP1,0:JBP1,0:KBP1"
turb.f90,72,TURBULENCE::INIT_TURB_ARRAYS,ALLOCATE,"M%TURB_WORK7(0:IBP1,0:JBP1,0:KBP1)",MESH_TYPE,TURB_WORK7,"0:IBP1,0:JBP1,0:KBP1"
turb.f90,75,TURBULENCE::INIT_TURB_ARRAYS,ALLOCATE,"M%TURB_WORK8(0:IBP1,0:JBP1,0:KBP1)",MESH_TYPE,TURB_WORK8,"0:IBP1,0:JBP1,0:KBP1"
turb.f90,79,TURBULENCE::INIT_TURB_ARRAYS,ALLOCATE,"M%TURB_WORK9(0:IBP1,0:JBP1,0:KBP1)",MESH_TYPE,TURB_WORK9,"0:IBP1,0:JBP1,0:KBP1"
turb.f90,82,TURBULENCE::INIT_TURB_ARRAYS,ALLOCATE,"M%TURB_WORK10(0:IBP1,0:JBP1,0:KBP1)",MESH_TYPE,TURB_WORK10,"0:IBP1,0:JBP1,0:KBP1"
turb.f90,1716,TURBULENCE::SYNTHETIC_TURBULENCE,ALLOCATE,"VENT_VEL(3,N_VENT_TOTAL)",(variable:local),VENT_VEL,"3,N_VENT_TOTAL"
turb.f90,1717,TURBULENCE::SYNTHETIC_TURBULENCE,ALLOCATE,VENT_VEL_SET(N_VENT_TOTAL),(variable:local),VENT_VEL_SET,N_VENT_TOTAL
turb.f90,1867,TURBULENCE::SYNTHETIC_TURBULENCE,ALLOCATE,VENT_MEAN_SUM(N_VENT_TOTAL),(variable:local),VENT_MEAN_SUM,N_VENT_TOTAL
turb.f90,1868,TURBULENCE::SYNTHETIC_TURBULENCE,ALLOCATE,VENT_MEAN_CNT(N_VENT_TOTAL),(variable:local),VENT_MEAN_CNT,N_VENT_TOTAL
turb.f90,2319,TURBULENCE::INIT_SPECTRAL_DATA,ALLOCATE,"M%PWORK1(NX,NX,NX)",MESH_TYPE,PWORK1,"NX,NX,NX"
turb.f90,2322,TURBULENCE::INIT_SPECTRAL_DATA,ALLOCATE,"M%PWORK2(NX,NX,NX)",MESH_TYPE,PWORK2,"NX,NX,NX"
turb.f90,2325,TURBULENCE::INIT_SPECTRAL_DATA,ALLOCATE,"M%PWORK3(NX,NX,NX)",MESH_TYPE,PWORK3,"NX,NX,NX"
turb.f90,2330,TURBULENCE::INIT_SPECTRAL_DATA,ALLOCATE,"M%PWORK5(NX,NX,NX)",MESH_TYPE,PWORK5,"NX,NX,NX"
turb.f90,2333,TURBULENCE::INIT_SPECTRAL_DATA,ALLOCATE,"M%PWORK6(NX,NX,NX)",MESH_TYPE,PWORK6,"NX,NX,NX"
turb.f90,2336,TURBULENCE::INIT_SPECTRAL_DATA,ALLOCATE,"M%PWORK7(NX,NX,NX)",MESH_TYPE,PWORK7,"NX,NX,NX"
turb.f90,2339,TURBULENCE::INIT_SPECTRAL_DATA,ALLOCATE,"M%PWORK8(NX,NX,NX)",MESH_TYPE,PWORK8,"NX,NX,NX"
vege.f90,67,VEGE::INITIALIZE_LEVEL_SET_FIRESPREAD_1,ALLOCATE,"M%PHI_LS(-1:IBAR+2,-1:JBAR+2)",MESH_TYPE,PHI_LS,"-1:IBAR+2,-1:JBAR+2"
vege.f90,69,VEGE::INITIALIZE_LEVEL_SET_FIRESPREAD_1,ALLOCATE,"M%PHI1_LS(-1:IBAR+2,-1:JBAR+2)",MESH_TYPE,PHI1_LS,"-1:IBAR+2,-1:JBAR+2"
vege.f90,74,VEGE::INITIALIZE_LEVEL_SET_FIRESPREAD_1,ALLOCATE,"M%U_LS(0:IBP1,0:JBP1)",MESH_TYPE,U_LS,"0:IBP1,0:JBP1"
vege.f90,75,VEGE::INITIALIZE_LEVEL_SET_FIRESPREAD_1,ALLOCATE,"M%V_LS(0:IBP1,0:JBP1)",MESH_TYPE,V_LS,"0:IBP1,0:JBP1"
vege.f90,79,VEGE::INITIALIZE_LEVEL_SET_FIRESPREAD_1,ALLOCATE,"M%Z_LS(0:IBP1,0:JBP1)",MESH_TYPE,Z_LS,"0:IBP1,0:JBP1"
vege.f90,80,VEGE::INITIALIZE_LEVEL_SET_FIRESPREAD_1,ALLOCATE,"M%K_LS(0:IBP1,0:JBP1)",MESH_TYPE,K_LS,"0:IBP1,0:JBP1"
vege.f90,81,VEGE::INITIALIZE_LEVEL_SET_FIRESPREAD_1,ALLOCATE,"M%LS_SURF_INDEX(0:IBP1,0:JBP1)",MESH_TYPE,LS_SURF_INDEX,"0:IBP1,0:JBP1"
vege.f90,86,VEGE::INITIALIZE_LEVEL_SET_FIRESPREAD_1,ALLOCATE,"MAX_AREA(0:IBP1,0:JBP1)",(variable:local),MAX_AREA,"0:IBP1,0:JBP1"
vege.f90,87,VEGE::INITIALIZE_LEVEL_SET_FIRESPREAD_1,ALLOCATE,"SUM_AREA(0:IBP1,0:JBP1)",(variable:local),SUM_AREA,"0:IBP1,0:JBP1"
vege.f90,88,VEGE::INITIALIZE_LEVEL_SET_FIRESPREAD_1,ALLOCATE,"M%LS_KLO_TERRAIN(0:IBP1,0:JBP1)",MESH_TYPE,LS_KLO_TERRAIN,"0:IBP1,0:JBP1"
vege.f90,90,VEGE::INITIALIZE_LEVEL_SET_FIRESPREAD_1,ALLOCATE,"M%LS_KHI_TERRAIN(0:IBP1,0:JBP1)",MESH_TYPE,LS_KHI_TERRAIN,"0:IBP1,0:JBP1"
vege.f90,190,VEGE::INITIALIZE_LEVEL_SET_FIRESPREAD_2,ALLOCATE,"M%LS_WORK1(0:IBAR,0:JBAR)",MESH_TYPE,LS_WORK1,"0:IBAR,0:JBAR"
vege.f90,191,VEGE::INITIALIZE_LEVEL_SET_FIRESPREAD_2,ALLOCATE,"M%LS_WORK2(0:IBAR,0:JBAR)",MESH_TYPE,LS_WORK2,"0:IBAR,0:JBAR"
vege.f90,195,VEGE::INITIALIZE_LEVEL_SET_FIRESPREAD_2,ALLOCATE,"M%ROS_HEAD(IBAR,JBAR)",MESH_TYPE,ROS_HEAD,"IBAR,JBAR"
vege.f90,211,VEGE::INITIALIZE_LEVEL_SET_FIRESPREAD_2,ALLOCATE,"M%FLUX0_LS(IBAR,JBAR)",MESH_TYPE,FLUX0_LS,"IBAR,JBAR"
vege.f90,212,VEGE::INITIALIZE_LEVEL_SET_FIRESPREAD_2,ALLOCATE,"M%FLUX1_LS(IBAR,JBAR)",MESH_TYPE,FLUX1_LS,"IBAR,JBAR"
vege.f90,216,VEGE::INITIALIZE_LEVEL_SET_FIRESPREAD_2,ALLOCATE,"M%DZTDX(IBAR,JBAR)",MESH_TYPE,DZTDX,"IBAR,JBAR"
vege.f90,217,VEGE::INITIALIZE_LEVEL_SET_FIRESPREAD_2,ALLOCATE,"M%DZTDY(IBAR,JBAR)",MESH_TYPE,DZTDY,"IBAR,JBAR"
vege.f90,218,VEGE::INITIALIZE_LEVEL_SET_FIRESPREAD_2,ALLOCATE,"M%MAG_ZT(IBAR,JBAR)",MESH_TYPE,MAG_ZT,"IBAR,JBAR"
vege.f90,222,VEGE::INITIALIZE_LEVEL_SET_FIRESPREAD_2,ALLOCATE,"M%PHI_WS(IBAR,JBAR)",MESH_TYPE,PHI_WS,"IBAR,JBAR"
vege.f90,223,VEGE::INITIALIZE_LEVEL_SET_FIRESPREAD_2,ALLOCATE,"M%PHI_S_X(IBAR,JBAR)",MESH_TYPE,PHI_S_X,"IBAR,JBAR"
vege.f90,224,VEGE::INITIALIZE_LEVEL_SET_FIRESPREAD_2,ALLOCATE,"M%PHI_S_Y(IBAR,JBAR)",MESH_TYPE,PHI_S_Y,"IBAR,JBAR"
vege.f90,228,VEGE::INITIALIZE_LEVEL_SET_FIRESPREAD_2,ALLOCATE,"M%UMF(IBAR,JBAR)",MESH_TYPE,UMF,"IBAR,JBAR"
vege.f90,229,VEGE::INITIALIZE_LEVEL_SET_FIRESPREAD_2,ALLOCATE,"M%THETA_ELPS(IBAR,JBAR)",MESH_TYPE,THETA_ELPS,"IBAR,JBAR"
vege.f90,234,VEGE::INITIALIZE_LEVEL_SET_FIRESPREAD_2,ALLOCATE,"M%SR_X_LS(IBAR,JBAR)",MESH_TYPE,SR_X_LS,"IBAR,JBAR"
vege.f90,235,VEGE::INITIALIZE_LEVEL_SET_FIRESPREAD_2,ALLOCATE,"M%SR_Y_LS(IBAR,JBAR)",MESH_TYPE,SR_Y_LS,"IBAR,JBAR"
velo.f90,78,VELO::COMPUTE_VISCOSITY,ALLOCATE,ZZ_GET(1:N_TRACKED_SPECIES),(variable:local),ZZ_GET,1:N_TRACKED_SPECIES
velo.f90,3344,VELO::WALL_VELOCITY_NO_GRADH,ALLOCATE,UN_WALLS(1:N_EXTERNAL_WALL_CELLS+N_INTERNAL_WALL_CELLS_AUX),(variable:local),UN_WALLS,1:N_EXTERNAL_WALL_CELLS+N_INTERNAL_WALL_CELLS_AUX
vtkf.f90,54,VTK_FDS_INTERFACE::BUILD_VTK_GAS_PHASE_GEOMETRY,ALLOCATE,X_PTS(NP),(variable:local),X_PTS,NP
vtkf.f90,55,VTK_FDS_INTERFACE::BUILD_VTK_GAS_PHASE_GEOMETRY,ALLOCATE,Y_PTS(NP),(variable:local),Y_PTS,NP
vtkf.f90,56,VTK_FDS_INTERFACE::BUILD_VTK_GAS_PHASE_GEOMETRY,ALLOCATE,Z_PTS(NP),(variable:local),Z_PTS,NP
vtkf.f90,70,VTK_FDS_INTERFACE::BUILD_VTK_GAS_PHASE_GEOMETRY,ALLOCATE,CONNECT(NC*8),(variable:local),CONNECT,NC*8
vtkf.f90,89,VTK_FDS_INTERFACE::BUILD_VTK_GAS_PHASE_GEOMETRY,ALLOCATE,OFFSETS(NC),(variable:local),OFFSETS,NC
vtkf.f90,90,VTK_FDS_INTERFACE::BUILD_VTK_GAS_PHASE_GEOMETRY,ALLOCATE,VTKC_TYPE(NC),(variable:local),VTKC_TYPE,NC
vtkf.f90,117,VTK_FDS_INTERFACE::BUILD_VTK_GAS_PHASE_GEOMETRY2,ALLOCATE,"VERTICES(3,NP)",(variable:local),VERTICES,"3,NP"
vtkf.f90,131,VTK_FDS_INTERFACE::BUILD_VTK_GAS_PHASE_GEOMETRY2,ALLOCATE,CONNECT(NC*8),(variable:local),CONNECT,NC*8
vtkf.f90,150,VTK_FDS_INTERFACE::BUILD_VTK_GAS_PHASE_GEOMETRY2,ALLOCATE,OFFSETS(NC+1),(variable:local),OFFSETS,NC+1
vtkf.f90,151,VTK_FDS_INTERFACE::BUILD_VTK_GAS_PHASE_GEOMETRY2,ALLOCATE,VTKC_TYPE(NC),(variable:local),VTKC_TYPE,NC
vtkf.f90,189,VTK_FDS_INTERFACE::BUILD_VTK_SLICE_GEOMETRY,ALLOCATE,X_PTS(NP),(variable:local),X_PTS,NP
vtkf.f90,190,VTK_FDS_INTERFACE::BUILD_VTK_SLICE_GEOMETRY,ALLOCATE,Y_PTS(NP),(variable:local),Y_PTS,NP
vtkf.f90,191,VTK_FDS_INTERFACE::BUILD_VTK_SLICE_GEOMETRY,ALLOCATE,Z_PTS(NP),(variable:local),Z_PTS,NP
vtkf.f90,237,VTK_FDS_INTERFACE::BUILD_VTK_SLICE_GEOMETRY,ALLOCATE,OFFSETS(NC),(variable:local),OFFSETS,NC
vtkf.f90,238,VTK_FDS_INTERFACE::BUILD_VTK_SLICE_GEOMETRY,ALLOCATE,VTKC_TYPE(NC),(variable:local),VTKC_TYPE,NC
vtkf.f90,241,VTK_FDS_INTERFACE::BUILD_VTK_SLICE_GEOMETRY,ALLOCATE,CONNECT(NC*4),(variable:local),CONNECT,NC*4
vtkf.f90,272,VTK_FDS_INTERFACE::BUILD_VTK_SLICE_GEOMETRY,ALLOCATE,CONNECT(NC*8),(variable:local),CONNECT,NC*8
vtkf.f90,327,VTK_FDS_INTERFACE::BUILD_VTK_SLICE_GEOMETRY2,ALLOCATE,"VERTICES(3,NP)",(variable:local),VERTICES,"3,NP"
vtkf.f90,378,VTK_FDS_INTERFACE::BUILD_VTK_SLICE_GEOMETRY2,ALLOCATE,OFFSETS(NC+1),(variable:local),OFFSETS,NC+1
vtkf.f90,379,VTK_FDS_INTERFACE::BUILD_VTK_SLICE_GEOMETRY2,ALLOCATE,VTKC_TYPE(NC),(variable:local),VTKC_TYPE,NC
vtkf.f90,382,VTK_FDS_INTERFACE::BUILD_VTK_SLICE_GEOMETRY2,ALLOCATE,CONNECT(NC*4),(variable:local),CONNECT,NC*4
vtkf.f90,413,VTK_FDS_INTERFACE::BUILD_VTK_SLICE_GEOMETRY2,ALLOCATE,CONNECT(NC*8),(variable:local),CONNECT,NC*8
vtkf.f90,461,VTK_FDS_INTERFACE::BUILD_VTK_SOLID_PHASE_GEOMETRY,ALLOCATE,X_PTS(NPOINTS),(variable:local),X_PTS,NPOINTS
vtkf.f90,462,VTK_FDS_INTERFACE::BUILD_VTK_SOLID_PHASE_GEOMETRY,ALLOCATE,Y_PTS(NPOINTS),(variable:local),Y_PTS,NPOINTS
vtkf.f90,463,VTK_FDS_INTERFACE::BUILD_VTK_SOLID_PHASE_GEOMETRY,ALLOCATE,Z_PTS(NPOINTS),(variable:local),Z_PTS,NPOINTS
vtkf.f90,464,VTK_FDS_INTERFACE::BUILD_VTK_SOLID_PHASE_GEOMETRY,ALLOCATE,CONNECT(NCELLS*4),(variable:local),CONNECT,NCELLS*4
vtkf.f90,465,VTK_FDS_INTERFACE::BUILD_VTK_SOLID_PHASE_GEOMETRY,ALLOCATE,OFFSETS(NCELLS),(variable:local),OFFSETS,NCELLS
vtkf.f90,466,VTK_FDS_INTERFACE::BUILD_VTK_SOLID_PHASE_GEOMETRY,ALLOCATE,VTKC_TYPE(NCELLS),(variable:local),VTKC_TYPE,NCELLS
vtkf.f90,536,VTK_FDS_INTERFACE::BUILD_VTK_GEOM_GEOMETRY,ALLOCATE,X_PTS(NPOINTS),(variable:local),X_PTS,NPOINTS
vtkf.f90,537,VTK_FDS_INTERFACE::BUILD_VTK_GEOM_GEOMETRY,ALLOCATE,Y_PTS(NPOINTS),(variable:local),Y_PTS,NPOINTS
vtkf.f90,538,VTK_FDS_INTERFACE::BUILD_VTK_GEOM_GEOMETRY,ALLOCATE,Z_PTS(NPOINTS),(variable:local),Z_PTS,NPOINTS
vtkf.f90,539,VTK_FDS_INTERFACE::BUILD_VTK_GEOM_GEOMETRY,ALLOCATE,CONNECT(NCELLS*3),(variable:local),CONNECT,NCELLS*3
vtkf.f90,540,VTK_FDS_INTERFACE::BUILD_VTK_GEOM_GEOMETRY,ALLOCATE,OFFSETS(NCELLS),(variable:local),OFFSETS,NCELLS
vtkf.f90,541,VTK_FDS_INTERFACE::BUILD_VTK_GEOM_GEOMETRY,ALLOCATE,VTKC_TYPE(NCELLS),(variable:local),VTKC_TYPE,NCELLS
vtkf.f90,1268,VTK_FDS_INTERFACE::WRITE_VTKHDF_RECT_GAS_FILE,ALLOCATE,CONNECT(NCELLS),(variable:local),CONNECT,NCELLS
vtkf.f90,1269,VTK_FDS_INTERFACE::WRITE_VTKHDF_RECT_GAS_FILE,ALLOCATE,OFFSETS(NCELLS),(variable:local),OFFSETS,NCELLS
vtkf.f90,1270,VTK_FDS_INTERFACE::WRITE_VTKHDF_RECT_GAS_FILE,ALLOCATE,"VERTICES(3,NCELLS)",(variable:local),VERTICES,"3,NCELLS"
vtkf.f90,1271,VTK_FDS_INTERFACE::WRITE_VTKHDF_RECT_GAS_FILE,ALLOCATE,VTKC_TYPE(NCELLS),(variable:local),VTKC_TYPE,NCELLS
vtkf.f90,1654,VTK_FDS_INTERFACE::WRITE_VTKHDF_GEOM_FILE,ALLOCATE,NCELLS_VTK(1:2*NMESHES),(variable:use:GLOBAL_CONSTANTS),NCELLS_VTK,1:2*NMESHES
vtkf.f90,1655,VTK_FDS_INTERFACE::WRITE_VTKHDF_GEOM_FILE,ALLOCATE,NPOINTS_VTK(1:2*NMESHES),(variable:use:GLOBAL_CONSTANTS),NPOINTS_VTK,1:2*NMESHES
vtkf.f90,1656,VTK_FDS_INTERFACE::WRITE_VTKHDF_GEOM_FILE,ALLOCATE,NCONNECTIONS_VTK(1:2*NMESHES),(variable:use:GLOBAL_CONSTANTS),NCONNECTIONS_VTK,1:2*NMESHES
vtkf.f90,1740,VTK_FDS_INTERFACE::WRITE_VTKHDF_GEOM_FILE,ALLOCATE,VERTS(3*NVERTS),(variable:local),VERTS,3*NVERTS
vtkf.f90,1741,VTK_FDS_INTERFACE::WRITE_VTKHDF_GEOM_FILE,ALLOCATE,FACES(3*NFACES),(variable:local),FACES,3*NFACES
vtkf.f90,1742,VTK_FDS_INTERFACE::WRITE_VTKHDF_GEOM_FILE,ALLOCATE,LOCATIONS(NFACES),(variable:local),LOCATIONS,NFACES
vtkf.f90,1743,VTK_FDS_INTERFACE::WRITE_VTKHDF_GEOM_FILE,ALLOCATE,SURFIND(NFACES),(variable:local),SURFIND,NFACES
vtkf.f90,1744,VTK_FDS_INTERFACE::WRITE_VTKHDF_GEOM_FILE,ALLOCATE,GEOMIND(NFACES),(variable:local),GEOMIND,NFACES
vtkf.f90,1901,VTK_FDS_INTERFACE::WRITE_VTKHDF_GEOM_FILE,ALLOCATE,"ALL_VERTICES(3,NPOINTS_VTK(NM1))",(variable:local),ALL_VERTICES,"3,NPOINTS_VTK(NM1)"
vtkf.f90,1902,VTK_FDS_INTERFACE::WRITE_VTKHDF_GEOM_FILE,ALLOCATE,ALL_CONNECT(NCONNECTIONS_VTK(NM1)),(variable:local),ALL_CONNECT,NCONNECTIONS_VTK(NM1)
vtkf.f90,1903,VTK_FDS_INTERFACE::WRITE_VTKHDF_GEOM_FILE,ALLOCATE,ALL_OFFSETS(NCELLS_VTK(NM1)+1),(variable:local),ALL_OFFSETS,NCELLS_VTK(NM1)+1
vtkf.f90,1904,VTK_FDS_INTERFACE::WRITE_VTKHDF_GEOM_FILE,ALLOCATE,ALL_VTKC_TYPE(NCELLS_VTK(NM1)),(variable:local),ALL_VTKC_TYPE,NCELLS_VTK(NM1)
vtkf.f90,1905,VTK_FDS_INTERFACE::WRITE_VTKHDF_GEOM_FILE,ALLOCATE,"ALL_COLORS(3,NCELLS_VTK(NM1))",(variable:local),ALL_COLORS,"3,NCELLS_VTK(NM1)"
vtkf.f90,1939,VTK_FDS_INTERFACE::WRITE_VTKHDF_GEOM_FILE,ALLOCATE,"VERTICES(3,PA_NPOINTS)",(variable:local),VERTICES,"3,PA_NPOINTS"
vtkf.f90,1943,VTK_FDS_INTERFACE::WRITE_VTKHDF_GEOM_FILE,ALLOCATE,"COLORS(3,PA_NCELLS)",(variable:local),COLORS,"3,PA_NCELLS"
vtkf.f90,2006,VTK_FDS_INTERFACE::WRITE_VTKHDF_GEOM_FILE,ALLOCATE,ALL_OFFSETS(NCELLS_VTK(NM2)+1),(variable:local),ALL_OFFSETS,NCELLS_VTK(NM2)+1
vtkf.f90,2007,VTK_FDS_INTERFACE::WRITE_VTKHDF_GEOM_FILE,ALLOCATE,VERTS(3*NVERTS),(variable:local),VERTS,3*NVERTS
vtkf.f90,2008,VTK_FDS_INTERFACE::WRITE_VTKHDF_GEOM_FILE,ALLOCATE,FACES(3*NFACES),(variable:local),FACES,3*NFACES
vtkf.f90,2009,VTK_FDS_INTERFACE::WRITE_VTKHDF_GEOM_FILE,ALLOCATE,LOCATIONS(NFACES),(variable:local),LOCATIONS,NFACES
vtkf.f90,2010,VTK_FDS_INTERFACE::WRITE_VTKHDF_GEOM_FILE,ALLOCATE,SURFIND(NFACES),(variable:local),SURFIND,NFACES
vtkf.f90,2011,VTK_FDS_INTERFACE::WRITE_VTKHDF_GEOM_FILE,ALLOCATE,GEOMIND(NFACES),(variable:local),GEOMIND,NFACES
vtkf.f90,2015,VTK_FDS_INTERFACE::WRITE_VTKHDF_GEOM_FILE,ALLOCATE,"VERTICES(3,PA_NPOINTS)",(variable:local),VERTICES,"3,PA_NPOINTS"
vtkf.f90,2019,VTK_FDS_INTERFACE::WRITE_VTKHDF_GEOM_FILE,ALLOCATE,"COLORS(3,PA_NCELLS)",(variable:local),COLORS,"3,PA_NCELLS"
vtkf.f90,2289,VTK_FDS_INTERFACE::INITIALIZE_VTKHDF_BNDF_STEP1,ALLOCATE,VERTS(3*NVERTS),(variable:local),VERTS,3*NVERTS
vtkf.f90,2290,VTK_FDS_INTERFACE::INITIALIZE_VTKHDF_BNDF_STEP1,ALLOCATE,FACES(3*NFACES),(variable:local),FACES,3*NFACES
vtkf.f90,2291,VTK_FDS_INTERFACE::INITIALIZE_VTKHDF_BNDF_STEP1,ALLOCATE,LOCATIONS(NFACES),(variable:local),LOCATIONS,NFACES
vtkf.f90,2292,VTK_FDS_INTERFACE::INITIALIZE_VTKHDF_BNDF_STEP1,ALLOCATE,SURFIND(NFACES),(variable:local),SURFIND,NFACES
vtkf.f90,2293,VTK_FDS_INTERFACE::INITIALIZE_VTKHDF_BNDF_STEP1,ALLOCATE,GEOMIND(NFACES),(variable:local),GEOMIND,NFACES
vtkf.f90,2521,VTK_FDS_INTERFACE::INITIALIZE_VTKHDF_BNDF_STEP2,ALLOCATE,"ALL_VERTICES(3,NPOINTS_VTK(NM1))",(variable:local),ALL_VERTICES,"3,NPOINTS_VTK(NM1)"
vtkf.f90,2522,VTK_FDS_INTERFACE::INITIALIZE_VTKHDF_BNDF_STEP2,ALLOCATE,ALL_CONNECT(NCONNECTIONS_VTK(NM1)),(variable:local),ALL_CONNECT,NCONNECTIONS_VTK(NM1)
vtkf.f90,2523,VTK_FDS_INTERFACE::INITIALIZE_VTKHDF_BNDF_STEP2,ALLOCATE,ALL_OFFSETS(NCELLS_VTK(NM1)+1),(variable:local),ALL_OFFSETS,NCELLS_VTK(NM1)+1
vtkf.f90,2524,VTK_FDS_INTERFACE::INITIALIZE_VTKHDF_BNDF_STEP2,ALLOCATE,ALL_VTKC_TYPE(NCELLS_VTK(NM1)),(variable:local),ALL_VTKC_TYPE,NCELLS_VTK(NM1)
vtkf.f90,2532,VTK_FDS_INTERFACE::INITIALIZE_VTKHDF_BNDF_STEP2,ALLOCATE,"VERTICES(3,PA_NPOINTS)",(variable:local),VERTICES,"3,PA_NPOINTS"
vtkf.f90,2587,VTK_FDS_INTERFACE::INITIALIZE_VTKHDF_BNDF_STEP2,ALLOCATE,ALL_OFFSETS(NCELLS_VTK(NM2)+1),(variable:local),ALL_OFFSETS,NCELLS_VTK(NM2)+1
vtkf.f90,2588,VTK_FDS_INTERFACE::INITIALIZE_VTKHDF_BNDF_STEP2,ALLOCATE,VERTS(3*NVERTS),(variable:local),VERTS,3*NVERTS
vtkf.f90,2589,VTK_FDS_INTERFACE::INITIALIZE_VTKHDF_BNDF_STEP2,ALLOCATE,FACES(3*NFACES),(variable:local),FACES,3*NFACES
vtkf.f90,2590,VTK_FDS_INTERFACE::INITIALIZE_VTKHDF_BNDF_STEP2,ALLOCATE,LOCATIONS(NFACES),(variable:local),LOCATIONS,NFACES
vtkf.f90,2591,VTK_FDS_INTERFACE::INITIALIZE_VTKHDF_BNDF_STEP2,ALLOCATE,SURFIND(NFACES),(variable:local),SURFIND,NFACES
vtkf.f90,2592,VTK_FDS_INTERFACE::INITIALIZE_VTKHDF_BNDF_STEP2,ALLOCATE,GEOMIND(NFACES),(variable:local),GEOMIND,NFACES
vtkf.f90,2596,VTK_FDS_INTERFACE::INITIALIZE_VTKHDF_BNDF_STEP2,ALLOCATE,"VERTICES(3,PA_NPOINTS)",(variable:local),VERTICES,"3,PA_NPOINTS"
vtkf.f90,2767,VTK_FDS_INTERFACE::WRITE_VTKHDF_BNDF_CELL_FILE,ALLOCATE,ALL_CONNECT(NCONNECTIONS(NM)),(variable:local),ALL_CONNECT,NCONNECTIONS(NM)
vtkf.f90,2768,VTK_FDS_INTERFACE::WRITE_VTKHDF_BNDF_CELL_FILE,ALLOCATE,ALL_OFFSETS(NCELLS(NM)+1),(variable:local),ALL_OFFSETS,NCELLS(NM)+1
vtkf.f90,2769,VTK_FDS_INTERFACE::WRITE_VTKHDF_BNDF_CELL_FILE,ALLOCATE,"ALL_VERTICES(3,NPOINTS(NM))",(variable:local),ALL_VERTICES,"3,NPOINTS(NM)"
vtkf.f90,2770,VTK_FDS_INTERFACE::WRITE_VTKHDF_BNDF_CELL_FILE,ALLOCATE,ALL_VTKC_TYPE(NCELLS(NM)),(variable:local),ALL_VTKC_TYPE,NCELLS(NM)
vtkf.f90,2783,VTK_FDS_INTERFACE::WRITE_VTKHDF_BNDF_CELL_FILE,ALLOCATE,"VERTICES(3,NCELLS(NM))",(variable:local),VERTICES,"3,NCELLS(NM)"
vtkf.f90,2784,VTK_FDS_INTERFACE::WRITE_VTKHDF_BNDF_CELL_FILE,ALLOCATE,OFFSETS(NCELLS(NM)),(variable:local),OFFSETS,NCELLS(NM)
vtkf.f90,2785,VTK_FDS_INTERFACE::WRITE_VTKHDF_BNDF_CELL_FILE,ALLOCATE,VTKC_TYPE(NCELLS(NM)),(variable:local),VTKC_TYPE,NCELLS(NM)
vtkf.f90,2786,VTK_FDS_INTERFACE::WRITE_VTKHDF_BNDF_CELL_FILE,ALLOCATE,CONNECT(NCONNECTIONS(NM)),(variable:local),CONNECT,NCONNECTIONS(NM)
vtkf.f90,3226,VTK_FDS_INTERFACE::GET_GEOMINFO_DUP,ALLOCATE,LOCTYPE(NVF-2),(variable:local),LOCTYPE,NVF-2
vtkf.f90,3290,VTK_FDS_INTERFACE::GET_GEOMINFO_DUP,ALLOCATE,LOCTYPE(NVF-2),(variable:local),LOCTYPE,NVF-2
vtkf.f90,3351,VTK_FDS_INTERFACE::GET_GEOMINFO_DUP,ALLOCATE,LOCTYPE(NVF-2),(variable:local),LOCTYPE,NVF-2
vtkf.f90,3409,VTK_FDS_INTERFACE::GET_GEOMINFO_DUP,ALLOCATE,LOCTYPE(NVF-2),(variable:local),LOCTYPE,NVF-2
vtkf.f90,3499,VTK_FDS_INTERFACE::GET_GEOMINFO_DUP,ALLOCATE,LOCTYPE(NVF-2),(variable:local),LOCTYPE,NVF-2
vtkf.f90,3525,VTK_FDS_INTERFACE::GET_GEOMINFO_DUP,ALLOCATE,LOCTYPE(NVF-2),(variable:local),LOCTYPE,NVF-2
vtkf.f90,3731,VTK_FDS_INTERFACE::WRITE_VTKHDF_SLICE_CELL_FILE,ALLOCATE,"VERTICES(3,NCELLS(NM))",(variable:local),VERTICES,"3,NCELLS(NM)"
vtkf.f90,3732,VTK_FDS_INTERFACE::WRITE_VTKHDF_SLICE_CELL_FILE,ALLOCATE,OFFSETS(NCELLS(NM)),(variable:local),OFFSETS,NCELLS(NM)
vtkf.f90,3733,VTK_FDS_INTERFACE::WRITE_VTKHDF_SLICE_CELL_FILE,ALLOCATE,VTKC_TYPE(NCELLS(NM)),(variable:local),VTKC_TYPE,NCELLS(NM)
vtkf.f90,3734,VTK_FDS_INTERFACE::WRITE_VTKHDF_SLICE_CELL_FILE,ALLOCATE,CONNECT(NCELLS(NM)*NCONNECTIONS),(variable:local),CONNECT,NCELLS(NM)*NCONNECTIONS
wall.f90,2017,WALL_ROUTINES::SOLID_HEAT_TRANSFER,ALLOCATE,"RHO_DOT(ONE_D%N_MATL,NWP_MAX)",(variable:local),RHO_DOT,"ONE_D%N_MATL,NWP_MAX"
wall.f90,2737,WALL_ROUTINES::SOLID_HEAT_TRANSFER,ALLOCATE,"INT_WGT(NWP_NEW,NWP)",(variable:local),INT_WGT,"NWP_NEW,NWP"
wall.f90,3750,WALL_ROUTINES::TGA_ANALYSIS,ALLOCATE,SURF_DEN(0:SF%N_MATL),(variable:local),SURF_DEN,0:SF%N_MATL
