file,routine,phase,exchange_routine,kind,chain,via,field,field_type,access,n_refs,first_line,lines
ccib.f90,CC_SCALARS::CC_RHO0W_INTERP,runtime+setup,no,all_meshes,MESHES(NM),direct,N_CUTCELL_MESH,MESH_TYPE,read,1,6995,6995
ccib.f90,CC_SCALARS::CC_SET_DATA,setup,no,all_meshes,MESHES(NM),direct,XS,MESH_TYPE,arg,1,7209,7209
ccib.f90,CC_SCALARS::CC_SET_DATA,setup,no,all_meshes,MESHES(NM),direct,YS,MESH_TYPE,arg,1,7210,7210
ccib.f90,CC_SCALARS::CC_SET_DATA,setup,no,all_meshes,MESHES(NM),direct,ZS,MESH_TYPE,arg,1,7211,7211
ccib.f90,CC_SCALARS::CC_SET_DATA,setup,no,all_meshes,MESHES(NM),direct,XF,MESH_TYPE,arg,1,7212,7212
ccib.f90,CC_SCALARS::CC_SET_DATA,setup,no,all_meshes,MESHES(NM),direct,YF,MESH_TYPE,arg,1,7213,7213
ccib.f90,CC_SCALARS::CC_SET_DATA,setup,no,all_meshes,MESHES(NM),direct,ZF,MESH_TYPE,arg,1,7214,7214
ccib.f90,CC_SCALARS::FILL_IJKO_INTERP_STENCILS,setup,no,all_meshes,MESHES(NM),direct,N_NEIGHBORING_MESHES,MESH_TYPE,read,1,18955,18955
ccib.f90,CC_SCALARS::FILL_IJKO_INTERP_STENCILS,setup,no,all_meshes,MESHES(NM),direct,NEIGHBORING_MESH,MESH_TYPE,read,1,18956,18956
ccib.f90,CC_SCALARS::FILL_IJKO_INTERP_STENCILS,setup,no,all_meshes,MESHES(NOM),direct,N_NEIGHBORING_MESHES,MESH_TYPE,read,1,18979,18979
ccib.f90,CC_SCALARS::FILL_IJKO_INTERP_STENCILS,setup,no,all_meshes,MESHES(NOM),direct,NEIGHBORING_MESH,MESH_TYPE,read,1,18980,18980
ccib.f90,CC_SCALARS::FILL_UNKZ_GUARDCELLS,setup,no,all_meshes,MESHES(NOM),direct,CCVAR,MESH_TYPE,read,2,19870,19870;19891
ccib.f90,CC_SCALARS::FILL_UNKZ_GUARDCELLS,setup,no,all_meshes,MESHES(NOM),direct,FCVAR,MESH_TYPE,read,7,19919,19919;19920;19921;19922;19923;19924;19965
ccib.f90,CC_SCALARS::FILL_UNKZ_GUARDCELLS,setup,no,all_meshes,MESHES(NOM),direct,CUT_FACE,MESH_TYPE,read,1,19929,19929
ccib.f90,CC_SCALARS::FILL_UNKZ_GUARDCELLS,setup,no,all_meshes,MESHES(NOM),direct,CUT_FACE,MESH_TYPE,ptr_target,1,19969,19969
ccib.f90,CC_SCALARS::FILL_UNKZ_GUARDCELLS,setup,no,all_meshes,MESHES(NM),direct,CONNECTED_MESH,MESH_TYPE,read,6,20027,20027;20029;20123;20153;20211;20213
ccib.f90,CC_SCALARS::FILL_UNKZ_GUARDCELLS,setup,no,all_meshes,MESHES(NOM),M,(whole),MESH_TYPE,ptr_bind,3,20186,20186;20256;20290
ccib.f90,CC_SCALARS::FILL_UNKZ_GUARDCELLS,setup,no,all_meshes,MESHES(NOM),M,CCVAR,MESH_TYPE,read,1,20191,20191
ccib.f90,CC_SCALARS::FILL_UNKZ_GUARDCELLS,setup,no,all_meshes,MESHES(NOM),M,FCVAR,MESH_TYPE,read,2,20261,20261;20295
ccib.f90,CC_SCALARS::FILL_UNKZ_GUARDCELLS,setup,no,all_meshes,MESHES(NOM),direct,CUT_CELL,MESH_TYPE,read,1,20380,20380
ccib.f90,CC_SCALARS::FILL_UNKZ_GUARDCELLS,setup,no,all_meshes,MESHES(NOM),direct,CUT_CELL,MESH_TYPE,write_component,1,20382,20382
ccib.f90,CC_SCALARS::FILL_UNKZ_GUARDCELLS,setup,no,all_meshes,MESHES(NM),M,(whole),MESH_TYPE,ptr_bind,1,20393,20393
ccib.f90,CC_SCALARS::FILL_UNKZ_GUARDCELLS,setup,no,all_meshes,MESHES(NM),M,IBAR,MESH_TYPE,read,1,20396,20396
ccib.f90,CC_SCALARS::FILL_UNKZ_GUARDCELLS,setup,no,all_meshes,MESHES(NM),M,JBAR,MESH_TYPE,read,1,20402,20402
ccib.f90,CC_SCALARS::FILL_UNKZ_GUARDCELLS,setup,no,all_meshes,MESHES(NM),M,KBAR,MESH_TYPE,read,1,20408,20408
ccib.f90,CC_SCALARS::FILL_UNKZ_GUARDCELLS,setup,no,all_meshes,MESHES(NM),M,CCVAR,MESH_TYPE,inquiry,1,20413,20413
ccib.f90,CC_SCALARS::FILL_UNKZ_GUARDCELLS,setup,no,all_meshes,MESHES(NM),M,CCVAR,MESH_TYPE,alloc,1,20413,20413
ccib.f90,CC_SCALARS::FILL_UNKZ_GUARDCELLS,setup,no,all_meshes,MESHES(NM),M,CCVAR,MESH_TYPE,arg,1,20415,20415
ccib.f90,CC_SCALARS::FILL_UNKZ_GUARDCELLS,setup,no,all_meshes,MESHES(NM),M,CCVAR,MESH_TYPE,dealloc,1,20416,20416
ccib.f90,CC_SCALARS::INITIALIZE_BACK_CFACE_EXCHANGE,setup,yes,all_meshes,MESHES(NOM),direct,CFACE,MESH_TYPE,read,3,184,184;253;287
ccib.f90,CC_SCALARS::INITIALIZE_BACK_CFACE_EXCHANGE,setup,yes,all_meshes,MESHES(NOM),direct,N_CFACE_CELLS_DIM,MESH_TYPE,read,2,256,256;283
ccib.f90,CC_SCALARS::INITIALIZE_BACK_CFACE_EXCHANGE,setup,yes,all_meshes,MESHES(NOM),direct,CFACE,MESH_TYPE,inquiry,2,281,281;285
ccib.f90,CC_SCALARS::INITIALIZE_BACK_CFACE_EXCHANGE,setup,yes,all_meshes,MESHES(NOM),direct,N_CFACE_CELLS_DIM,MESH_TYPE,write,1,282,282
ccib.f90,CC_SCALARS::INITIALIZE_BACK_CFACE_EXCHANGE,setup,yes,all_meshes,MESHES(NOM),direct,CFACE,MESH_TYPE,alloc,1,283,283
ccib.f90,CC_SCALARS::MESH_CC_EXCHANGE,runtime+setup,yes,all_meshes,MESHES(NOM),M1,(whole),MESH_TYPE,ptr_bind,1,4171,4171
ccib.f90,CC_SCALARS::MESH_CC_EXCHANGE,runtime+setup,yes,all_meshes,MESHES(NOM),M1,CUT_FACE,MESH_TYPE,read,4,4231,4231;4329;4435;4608
ccib.f90,CC_SCALARS::MESH_CC_EXCHANGE,runtime+setup,yes,all_meshes,MESHES(NOM),M1,CUT_FACE,MESH_TYPE,write_component,22,4235,4235;4236;4237;4238;4239;4240;4241;4243;4336;4338;4340;4439;4440;4441;4442;4443;4444;4445;4447;4615;4617;4619
ccib.f90,CC_SCALARS::MESH_CC_EXCHANGE,runtime+setup,yes,all_meshes,MESHES(NOM),M1,CC_RCEDGE,MESH_TYPE,read,2,4347,4347;4626
ccib.f90,CC_SCALARS::MESH_CC_EXCHANGE,runtime+setup,yes,all_meshes,MESHES(NOM),M1,CC_RCEDGE,MESH_TYPE,write_component,6,4354,4354;4356;4358;4633;4635;4637
ccib.f90,CC_SCALARS::MESH_CC_EXCHANGE,runtime+setup,yes,all_meshes,MESHES(NOM),M1,CC_IBEDGE,MESH_TYPE,read,2,4364,4364;4643
ccib.f90,CC_SCALARS::MESH_CC_EXCHANGE,runtime+setup,yes,all_meshes,MESHES(NOM),M1,CC_IBEDGE,MESH_TYPE,write_component,6,4371,4371;4373;4375;4650;4652;4654
ccib.f90,CC_SCALARS::MESH_CC_EXCHANGE,runtime+setup,yes,all_meshes,MESHES(NM),direct,CUT_CELL,MESH_TYPE,read,2,4774,4774;4884
ccib.f90,CC_SCALARS::MESH_CC_EXCHANGE,runtime+setup,yes,all_meshes,MESHES(NM),direct,CUT_CELL,MESH_TYPE,write_component,18,4776,4776;4777;4778;4779;4781;4820;4821;4823;4824;4867;4868;4886;4887;4888;4889;4891;4933;4934
ccib.f90,CC_SCALARS::MESH_CC_EXCHANGE,runtime+setup,yes,all_meshes,MESHES(NM),direct,CUT_FACE,MESH_TYPE,ptr_target,3,4813,4813;4860;4926
dump.f90,DUMP::ASSIGN_FILE_NAMES,setup,no,all_meshes,MESHES(NM),M,(whole),MESH_TYPE,ptr_bind,1,457,457
dump.f90,DUMP::ASSIGN_FILE_NAMES,setup,no,all_meshes,MESHES(NM),M,N_SLCF,MESH_TYPE,read,1,495,495
dump.f90,DUMP::ASSIGN_FILE_NAMES,setup,no,all_meshes,MESHES(NM),M,N_RADF,MESH_TYPE,read,1,509,509
dump.f90,DUMP::ASSIGN_FILE_NAMES,setup,no,all_meshes,MESHES(NM),M,BNDF_DUMP,MESH_TYPE,arg,1,516,516
dump.f90,DUMP::INITIALIZE_DIAGNOSTIC_FILE,setup,no,all_meshes,MESHES(NM),M,(whole),MESH_TYPE,ptr_bind,3,3086,3086;3092;3783
dump.f90,DUMP::INITIALIZE_DIAGNOSTIC_FILE,setup,no,all_meshes,MESHES(NM),M,IBAR,MESH_TYPE,read,3,3087,3087;3094;3097
dump.f90,DUMP::INITIALIZE_DIAGNOSTIC_FILE,setup,no,all_meshes,MESHES(NM),M,JBAR,MESH_TYPE,read,3,3087,3087;3095;3097
dump.f90,DUMP::INITIALIZE_DIAGNOSTIC_FILE,setup,no,all_meshes,MESHES(NM),M,KBAR,MESH_TYPE,read,3,3087,3087;3096;3097
dump.f90,DUMP::INITIALIZE_DIAGNOSTIC_FILE,setup,no,all_meshes,MESHES(NM),M,XF,MESH_TYPE,read,1,3099,3099
dump.f90,DUMP::INITIALIZE_DIAGNOSTIC_FILE,setup,no,all_meshes,MESHES(NM),M,XS,MESH_TYPE,read,1,3099,3099
dump.f90,DUMP::INITIALIZE_DIAGNOSTIC_FILE,setup,no,all_meshes,MESHES(NM),M,YF,MESH_TYPE,read,1,3100,3100
dump.f90,DUMP::INITIALIZE_DIAGNOSTIC_FILE,setup,no,all_meshes,MESHES(NM),M,YS,MESH_TYPE,read,1,3100,3100
dump.f90,DUMP::INITIALIZE_DIAGNOSTIC_FILE,setup,no,all_meshes,MESHES(NM),M,ZF,MESH_TYPE,read,1,3101,3101
dump.f90,DUMP::INITIALIZE_DIAGNOSTIC_FILE,setup,no,all_meshes,MESHES(NM),M,ZS,MESH_TYPE,read,1,3101,3101
dump.f90,DUMP::INITIALIZE_DIAGNOSTIC_FILE,setup,no,all_meshes,MESHES(NM),M,N_SLCF,MESH_TYPE,read,2,3784,3784;3786
dump.f90,DUMP::INITIALIZE_DIAGNOSTIC_FILE,setup,no,all_meshes,MESHES(NM),M,SLICE,MESH_TYPE,ptr_target,1,3787,3787
dump.f90,DUMP::WRITE_DIAGNOSTICS,runtime+setup,no,all_meshes,MESHES(NM),M,(whole),MESH_TYPE,ptr_bind,2,4387,4387;4463
dump.f90,DUMP::WRITE_DIAGNOSTICS,runtime+setup,no,all_meshes,MESHES(NM),M,CFL,MESH_TYPE,read,2,4388,4388;4464
dump.f90,DUMP::WRITE_DIAGNOSTICS,runtime+setup,no,all_meshes,MESHES(NM),M,CFL,MESH_TYPE,arg,1,4389,4389
dump.f90,DUMP::WRITE_DIAGNOSTICS,runtime+setup,no,all_meshes,MESHES(NM),M,ICFL,MESH_TYPE,read,2,4391,4391;4464
dump.f90,DUMP::WRITE_DIAGNOSTICS,runtime+setup,no,all_meshes,MESHES(NM),M,JCFL,MESH_TYPE,read,2,4391,4391;4464
dump.f90,DUMP::WRITE_DIAGNOSTICS,runtime+setup,no,all_meshes,MESHES(NM),M,KCFL,MESH_TYPE,read,2,4391,4391;4464
dump.f90,DUMP::WRITE_DIAGNOSTICS,runtime+setup,no,all_meshes,MESHES(NM),M,VN,MESH_TYPE,read,2,4393,4393;4468
dump.f90,DUMP::WRITE_DIAGNOSTICS,runtime+setup,no,all_meshes,MESHES(NM),M,VN,MESH_TYPE,arg,1,4394,4394
dump.f90,DUMP::WRITE_DIAGNOSTICS,runtime+setup,no,all_meshes,MESHES(NM),M,I_VN,MESH_TYPE,read,2,4396,4396;4468
dump.f90,DUMP::WRITE_DIAGNOSTICS,runtime+setup,no,all_meshes,MESHES(NM),M,J_VN,MESH_TYPE,read,2,4396,4396;4468
dump.f90,DUMP::WRITE_DIAGNOSTICS,runtime+setup,no,all_meshes,MESHES(NM),M,K_VN,MESH_TYPE,read,2,4396,4396;4468
dump.f90,DUMP::WRITE_DIAGNOSTICS,runtime+setup,no,all_meshes,MESHES(NM),M,DIVMX,MESH_TYPE,read,1,4464,4464
dump.f90,DUMP::WRITE_DIAGNOSTICS,runtime+setup,no,all_meshes,MESHES(NM),M,IMX,MESH_TYPE,read,1,4464,4464
dump.f90,DUMP::WRITE_DIAGNOSTICS,runtime+setup,no,all_meshes,MESHES(NM),M,JMX,MESH_TYPE,read,1,4464,4464
dump.f90,DUMP::WRITE_DIAGNOSTICS,runtime+setup,no,all_meshes,MESHES(NM),M,KMX,MESH_TYPE,read,1,4464,4464
dump.f90,DUMP::WRITE_DIAGNOSTICS,runtime+setup,no,all_meshes,MESHES(NM),M,DIVMN,MESH_TYPE,read,1,4464,4464
dump.f90,DUMP::WRITE_DIAGNOSTICS,runtime+setup,no,all_meshes,MESHES(NM),M,IMN,MESH_TYPE,read,1,4464,4464
dump.f90,DUMP::WRITE_DIAGNOSTICS,runtime+setup,no,all_meshes,MESHES(NM),M,JMN,MESH_TYPE,read,1,4464,4464
dump.f90,DUMP::WRITE_DIAGNOSTICS,runtime+setup,no,all_meshes,MESHES(NM),M,KMN,MESH_TYPE,read,1,4464,4464
dump.f90,DUMP::WRITE_DIAGNOSTICS,runtime+setup,no,all_meshes,MESHES(NM),M,RESMAX,MESH_TYPE,arg,1,4465,4465
dump.f90,DUMP::WRITE_DIAGNOSTICS,runtime+setup,no,all_meshes,MESHES(NM),M,RESMAX,MESH_TYPE,read,1,4465,4465
dump.f90,DUMP::WRITE_DIAGNOSTICS,runtime+setup,no,all_meshes,MESHES(NM),M,IRM,MESH_TYPE,read,1,4465,4465
dump.f90,DUMP::WRITE_DIAGNOSTICS,runtime+setup,no,all_meshes,MESHES(NM),M,JRM,MESH_TYPE,read,1,4465,4465
dump.f90,DUMP::WRITE_DIAGNOSTICS,runtime+setup,no,all_meshes,MESHES(NM),M,KRM,MESH_TYPE,read,1,4465,4465
dump.f90,DUMP::WRITE_DIAGNOSTICS,runtime+setup,no,all_meshes,MESHES(NM),M,POIS_PTB,MESH_TYPE,arg,1,4466,4466
dump.f90,DUMP::WRITE_DIAGNOSTICS,runtime+setup,no,all_meshes,MESHES(NM),M,POIS_PTB,MESH_TYPE,read,1,4466,4466
dump.f90,DUMP::WRITE_DIAGNOSTICS,runtime+setup,no,all_meshes,MESHES(NM),M,POIS_ERR,MESH_TYPE,read,1,4467,4467
dump.f90,DUMP::WRITE_DIAGNOSTICS,runtime+setup,no,all_meshes,MESHES(NM),M,NLP,MESH_TYPE,read,1,4469,4469
dump.f90,DUMP::WRITE_DIAGNOSTICS,runtime+setup,no,all_meshes,MESHES(NM),M,DT_RESTRICT_STORE,MESH_TYPE,read,2,4470,4470;4471
dump.f90,DUMP::WRITE_DIAGNOSTICS,runtime+setup,no,all_meshes,MESHES(NM),M,DT_RESTRICT_STORE,MESH_TYPE,write,1,4472,4472
dump.f90,DUMP::WRITE_SMOKEVIEW_FILE,setup,no,all_meshes,MESHES(NM),M,(whole),MESH_TYPE,ptr_bind,1,2461,2461
dump.f90,DUMP::WRITE_SMOKEVIEW_FILE,setup,no,all_meshes,MESHES(NM),M,JBAR,MESH_TYPE,read,8,2480,2480;2481;2482;2483;2484;2485;2500;2525
dump.f90,DUMP::WRITE_SMOKEVIEW_FILE,setup,no,all_meshes,MESHES(NM),M,KBAR,MESH_TYPE,read,8,2480,2480;2481;2482;2483;2484;2485;2500;2534
dump.f90,DUMP::WRITE_SMOKEVIEW_FILE,setup,no,all_meshes,MESHES(NM),M,IBAR,MESH_TYPE,read,6,2482,2482;2483;2484;2485;2500;2516
dump.f90,DUMP::WRITE_SMOKEVIEW_FILE,setup,no,all_meshes,MESHES(NM),M,EXTERNAL_WALL,MESH_TYPE,read,2,2487,2487;2489
dump.f90,DUMP::WRITE_SMOKEVIEW_FILE,setup,no,all_meshes,MESHES(NM),M,XS,MESH_TYPE,read,1,2506,2506
dump.f90,DUMP::WRITE_SMOKEVIEW_FILE,setup,no,all_meshes,MESHES(NM),M,XF,MESH_TYPE,read,1,2506,2506
dump.f90,DUMP::WRITE_SMOKEVIEW_FILE,setup,no,all_meshes,MESHES(NM),M,YS,MESH_TYPE,read,1,2506,2506
dump.f90,DUMP::WRITE_SMOKEVIEW_FILE,setup,no,all_meshes,MESHES(NM),M,YF,MESH_TYPE,read,1,2506,2506
dump.f90,DUMP::WRITE_SMOKEVIEW_FILE,setup,no,all_meshes,MESHES(NM),M,ZS,MESH_TYPE,read,1,2506,2506
dump.f90,DUMP::WRITE_SMOKEVIEW_FILE,setup,no,all_meshes,MESHES(NM),M,ZF,MESH_TYPE,read,1,2506,2506
dump.f90,DUMP::WRITE_SMOKEVIEW_FILE,setup,no,all_meshes,MESHES(NM),M,RGB,MESH_TYPE,arg,1,2506,2506
dump.f90,DUMP::WRITE_SMOKEVIEW_FILE,setup,no,all_meshes,MESHES(NM),M,X,MESH_TYPE,read,2,2517,2517;2609
dump.f90,DUMP::WRITE_SMOKEVIEW_FILE,setup,no,all_meshes,MESHES(NM),M,Y,MESH_TYPE,read,2,2526,2526;2609
dump.f90,DUMP::WRITE_SMOKEVIEW_FILE,setup,no,all_meshes,MESHES(NM),M,Z,MESH_TYPE,read,2,2535,2535;2610
dump.f90,DUMP::WRITE_SMOKEVIEW_FILE,setup,no,all_meshes,MESHES(NM),M,N_OBST,MESH_TYPE,read,3,2542,2542;2543;2561
dump.f90,DUMP::WRITE_SMOKEVIEW_FILE,setup,no,all_meshes,MESHES(NM),M,OBSTRUCTION,MESH_TYPE,ptr_target,2,2544,2544;2562
dump.f90,DUMP::WRITE_SMOKEVIEW_FILE,setup,no,all_meshes,MESHES(NM),M,N_VENT,MESH_TYPE,read,7,2587,2587;2596;2598;2610;2613;2653;2660
dump.f90,DUMP::WRITE_SMOKEVIEW_FILE,setup,no,all_meshes,MESHES(NM),M,VENTS,MESH_TYPE,ptr_target,5,2588,2588;2599;2614;2654;2661
dump.f90,DUMP::WRITE_SMOKEVIEW_FILE,setup,no,all_meshes,MESHES(NM),M,N_EXTERIOR_PATCH,MESH_TYPE,read,3,2596,2596;2605;2633
dump.f90,DUMP::WRITE_SMOKEVIEW_FILE,setup,no,all_meshes,MESHES(NM),M,EXTERIOR_PATCH,MESH_TYPE,ptr_target,2,2607,2607;2637
dump.f90,DUMP::WRITE_SMOKEVIEW_FILE,setup,no,all_meshes,MESHES(NM),M,VENTS,MESH_TYPE,read,2,2608,2608;2638
dump.f90,DUMP::WRITE_SMOKEVIEW_FILE,setup,no,all_meshes,MESHES(NM),M,IBAR,MESH_TYPE,arg,4,2622,2622;2626;2666;2670
dump.f90,DUMP::WRITE_SMOKEVIEW_FILE,setup,no,all_meshes,MESHES(NM),M,JBAR,MESH_TYPE,arg,4,2623,2623;2627;2667;2671
dump.f90,DUMP::WRITE_SMOKEVIEW_FILE,setup,no,all_meshes,MESHES(NM),M,KBAR,MESH_TYPE,arg,4,2624,2624;2628;2668;2672
dump.f90,DUMP::WRITE_SMOKEVIEW_FILE::ADD_EXTERIOR_VENTS,setup,no,all_meshes,MESHES(NM),M,(whole),MESH_TYPE,ptr_bind,1,2846,2846
dump.f90,DUMP::WRITE_SMOKEVIEW_FILE::ADD_EXTERIOR_VENTS,setup,no,all_meshes,MESHES(NM),M,EXTERIOR_PATCH,MESH_TYPE,alloc,1,2848,2848
dump.f90,DUMP::WRITE_SMOKEVIEW_FILE::ADD_EXTERIOR_VENTS,setup,no,all_meshes,MESHES(NM),M,N_EXTERIOR_PATCH,MESH_TYPE,write,1,2848,2848
dump.f90,DUMP::WRITE_SMOKEVIEW_FILE::ADD_EXTERIOR_VENTS,setup,no,all_meshes,MESHES(NM),M,IBAR,MESH_TYPE,arg,9,2849,2849;2876;2881;2914;2919;2987;2988;2989;2990
dump.f90,DUMP::WRITE_SMOKEVIEW_FILE::ADD_EXTERIOR_VENTS,setup,no,all_meshes,MESHES(NM),M,JBAR,MESH_TYPE,arg,9,2849,2849;2871;2883;2909;2921;2985;2986;2989;2990
dump.f90,DUMP::WRITE_SMOKEVIEW_FILE::ADD_EXTERIOR_VENTS,setup,no,all_meshes,MESHES(NM),M,KBAR,MESH_TYPE,arg,9,2849,2849;2873;2878;2911;2916;2985;2986;2987;2988
dump.f90,DUMP::WRITE_SMOKEVIEW_FILE::ADD_EXTERIOR_VENTS,setup,no,all_meshes,MESHES(NM),M,N_OBST,MESH_TYPE,read,1,2854,2854
dump.f90,DUMP::WRITE_SMOKEVIEW_FILE::ADD_EXTERIOR_VENTS,setup,no,all_meshes,MESHES(NM),M,OBSTRUCTION,MESH_TYPE,ptr_target,1,2856,2856
dump.f90,DUMP::WRITE_SMOKEVIEW_FILE::ADD_EXTERIOR_VENTS,setup,no,all_meshes,MESHES(NM),M,IBAR,MESH_TYPE,read,5,2860,2860;2898;2951;2958;2971
dump.f90,DUMP::WRITE_SMOKEVIEW_FILE::ADD_EXTERIOR_VENTS,setup,no,all_meshes,MESHES(NM),M,JBAR,MESH_TYPE,read,5,2862,2862;2900;2945;2964;2970
dump.f90,DUMP::WRITE_SMOKEVIEW_FILE::ADD_EXTERIOR_VENTS,setup,no,all_meshes,MESHES(NM),M,KBAR,MESH_TYPE,read,5,2864,2864;2902;2944;2957;2977
dump.f90,DUMP::WRITE_SMOKEVIEW_FILE::ADD_EXTERIOR_VENTS,setup,no,all_meshes,MESHES(NM),M,N_VENT,MESH_TYPE,read,1,2890,2890
dump.f90,DUMP::WRITE_SMOKEVIEW_FILE::ADD_EXTERIOR_VENTS,setup,no,all_meshes,MESHES(NM),M,VENTS,MESH_TYPE,ptr_target,1,2892,2892
dump.f90,DUMP::WRITE_SMOKEVIEW_FILE::ADD_EXTERIOR_VENTS,setup,no,all_meshes,MESHES(NM),M,Y,MESH_TYPE,read,4,2946,2946;2961;2964;2973
dump.f90,DUMP::WRITE_SMOKEVIEW_FILE::ADD_EXTERIOR_VENTS,setup,no,all_meshes,MESHES(NM),M,Z,MESH_TYPE,read,4,2947,2947;2960;2974;2977
dump.f90,DUMP::WRITE_SMOKEVIEW_FILE::ADD_EXTERIOR_VENTS,setup,no,all_meshes,MESHES(NM),M,X,MESH_TYPE,read,4,2948,2948;2951;2959;2972
dump.f90,DUMP::WRITE_SMOKEVIEW_FILE::ADD_EXTERIOR_VENTS,setup,no,all_meshes,MESHES(NM),M,DX,MESH_TYPE,read,2,2948,2948;2951
dump.f90,DUMP::WRITE_SMOKEVIEW_FILE::ADD_EXTERIOR_VENTS,setup,no,all_meshes,MESHES(NM),M,DY,MESH_TYPE,read,2,2961,2961;2964
dump.f90,DUMP::WRITE_SMOKEVIEW_FILE::ADD_EXTERIOR_VENTS,setup,no,all_meshes,MESHES(NM),M,DZ,MESH_TYPE,read,2,2974,2974;2977
dump.f90,DUMP::WRITE_SMOKEVIEW_FILE::DUMMY_VENTS,setup,no,all_meshes,MESHES(NM),M,N_EXTERIOR_PATCH,MESH_TYPE,write,1,2804,2804
dump.f90,DUMP::WRITE_SMOKEVIEW_FILE::DUMMY_VENTS,setup,no,all_meshes,MESHES(NM),M,N_EXTERIOR_PATCH,MESH_TYPE,read,2,2804,2804;2805
dump.f90,DUMP::WRITE_SMOKEVIEW_FILE::DUMMY_VENTS,setup,no,all_meshes,MESHES(NM),M,EXTERIOR_PATCH,MESH_TYPE,inquiry,2,2805,2805;2806
dump.f90,DUMP::WRITE_SMOKEVIEW_FILE::DUMMY_VENTS,setup,no,all_meshes,MESHES(NM),M,EXTERIOR_PATCH,MESH_TYPE,ptr_target,1,2807,2807
dump.f90,DUMP::WRITE_SMOKEVIEW_FILE::DUMMY_VENTS,setup,no,all_meshes,MESHES(NM),M,N_EXTERIOR_PATCH,MESH_TYPE,ptr_target,1,2807,2807
dump.f90,DUMP::WRITE_SMOKEVIEW_FILE::DUMMY_VENTS,setup,no,all_meshes,MESHES(NM),M,IBAR,MESH_TYPE,read,1,2811,2811
dump.f90,DUMP::WRITE_SMOKEVIEW_FILE::DUMMY_VENTS,setup,no,all_meshes,MESHES(NM),M,JBAR,MESH_TYPE,read,1,2815,2815
dump.f90,DUMP::WRITE_SMOKEVIEW_FILE::DUMMY_VENTS,setup,no,all_meshes,MESHES(NM),M,KBAR,MESH_TYPE,read,1,2819,2819
dump.f90,DUMP::WRITE_STL_FILE,setup,no,all_meshes,MESHES(NM),M,(whole),MESH_TYPE,ptr_bind,2,1616,1616;1628
dump.f90,DUMP::WRITE_STL_FILE,setup,no,all_meshes,MESHES(NM),M,N_OBST,MESH_TYPE,read,2,1617,1617;1629
dump.f90,DUMP::WRITE_STL_FILE,setup,no,all_meshes,MESHES(NM),M,OBSTRUCTION,MESH_TYPE,ptr_target,1,1630,1630
func.f90,GEOMETRY_FUNCTIONS::INTERIOR,setup,no,all_meshes,MESHES(NM),direct,XS,MESH_TYPE,read,1,5542,5542
func.f90,GEOMETRY_FUNCTIONS::INTERIOR,setup,no,all_meshes,MESHES(NM),direct,XF,MESH_TYPE,read,1,5542,5542
func.f90,GEOMETRY_FUNCTIONS::INTERIOR,setup,no,all_meshes,MESHES(NM),direct,YS,MESH_TYPE,read,1,5543,5543
func.f90,GEOMETRY_FUNCTIONS::INTERIOR,setup,no,all_meshes,MESHES(NM),direct,YF,MESH_TYPE,read,1,5543,5543
func.f90,GEOMETRY_FUNCTIONS::INTERIOR,setup,no,all_meshes,MESHES(NM),direct,ZS,MESH_TYPE,read,1,5544,5544
func.f90,GEOMETRY_FUNCTIONS::INTERIOR,setup,no,all_meshes,MESHES(NM),direct,ZF,MESH_TYPE,read,1,5544,5544
func.f90,GEOMETRY_FUNCTIONS::SEARCH_OTHER_MESHES,runtime+setup,no,all_meshes,MESHES(NOM),M2,(whole),MESH_TYPE,ptr_bind,1,5423,5423
func.f90,GEOMETRY_FUNCTIONS::SEARCH_OTHER_MESHES,runtime+setup,no,all_meshes,MESHES(NOM),M2,XS,MESH_TYPE,read,2,5424,5424;5426
func.f90,GEOMETRY_FUNCTIONS::SEARCH_OTHER_MESHES,runtime+setup,no,all_meshes,MESHES(NOM),M2,XF,MESH_TYPE,read,1,5424,5424
func.f90,GEOMETRY_FUNCTIONS::SEARCH_OTHER_MESHES,runtime+setup,no,all_meshes,MESHES(NOM),M2,YS,MESH_TYPE,read,2,5424,5424;5427
func.f90,GEOMETRY_FUNCTIONS::SEARCH_OTHER_MESHES,runtime+setup,no,all_meshes,MESHES(NOM),M2,YF,MESH_TYPE,read,1,5424,5424
func.f90,GEOMETRY_FUNCTIONS::SEARCH_OTHER_MESHES,runtime+setup,no,all_meshes,MESHES(NOM),M2,ZS,MESH_TYPE,read,2,5424,5424;5428
func.f90,GEOMETRY_FUNCTIONS::SEARCH_OTHER_MESHES,runtime+setup,no,all_meshes,MESHES(NOM),M2,ZF,MESH_TYPE,read,1,5424,5424
func.f90,GEOMETRY_FUNCTIONS::SEARCH_OTHER_MESHES,runtime+setup,no,all_meshes,MESHES(NOM),M2,CELLSI,MESH_TYPE,inquiry,1,5425,5425
func.f90,GEOMETRY_FUNCTIONS::SEARCH_OTHER_MESHES,runtime+setup,no,all_meshes,MESHES(NOM),M2,IBP1,MESH_TYPE,arg,1,5426,5426
func.f90,GEOMETRY_FUNCTIONS::SEARCH_OTHER_MESHES,runtime+setup,no,all_meshes,MESHES(NOM),M2,CELLSI,MESH_TYPE,read,1,5426,5426
func.f90,GEOMETRY_FUNCTIONS::SEARCH_OTHER_MESHES,runtime+setup,no,all_meshes,MESHES(NOM),M2,RDXINT,MESH_TYPE,read,1,5426,5426
func.f90,GEOMETRY_FUNCTIONS::SEARCH_OTHER_MESHES,runtime+setup,no,all_meshes,MESHES(NOM),M2,JBP1,MESH_TYPE,arg,1,5427,5427
func.f90,GEOMETRY_FUNCTIONS::SEARCH_OTHER_MESHES,runtime+setup,no,all_meshes,MESHES(NOM),M2,CELLSJ,MESH_TYPE,read,1,5427,5427
func.f90,GEOMETRY_FUNCTIONS::SEARCH_OTHER_MESHES,runtime+setup,no,all_meshes,MESHES(NOM),M2,RDYINT,MESH_TYPE,read,1,5427,5427
func.f90,GEOMETRY_FUNCTIONS::SEARCH_OTHER_MESHES,runtime+setup,no,all_meshes,MESHES(NOM),M2,KBP1,MESH_TYPE,arg,1,5428,5428
func.f90,GEOMETRY_FUNCTIONS::SEARCH_OTHER_MESHES,runtime+setup,no,all_meshes,MESHES(NOM),M2,CELLSK,MESH_TYPE,read,1,5428,5428
func.f90,GEOMETRY_FUNCTIONS::SEARCH_OTHER_MESHES,runtime+setup,no,all_meshes,MESHES(NOM),M2,RDZINT,MESH_TYPE,read,1,5428,5428
func.f90,MEMORY_FUNCTIONS::EXCHANGE_GEOMETRY_INFO,runtime+setup,yes,all_meshes,MESHES(NM),M,(whole),MESH_TYPE,ptr_bind,1,5366,5366
func.f90,MEMORY_FUNCTIONS::EXCHANGE_GEOMETRY_INFO,runtime+setup,yes,all_meshes,MESHES(NM),M,CELL_INDEX,MESH_TYPE,arg,1,5367,5367
func.f90,MEMORY_FUNCTIONS::EXCHANGE_GEOMETRY_INFO,runtime+setup,yes,all_meshes,MESHES(NM),M,CELL_INDEX,MESH_TYPE,inquiry,1,5367,5367
func.f90,MEMORY_FUNCTIONS::EXCHANGE_GEOMETRY_INFO,runtime+setup,yes,all_meshes,MESHES(NM),M,CELL_INTEGERS,MESH_TYPE,arg,1,5368,5368
func.f90,MEMORY_FUNCTIONS::EXCHANGE_GEOMETRY_INFO,runtime+setup,yes,all_meshes,MESHES(NM),M,CELL_INTEGERS,MESH_TYPE,inquiry,1,5368,5368
func.f90,MEMORY_FUNCTIONS::EXCHANGE_GEOMETRY_INFO,runtime+setup,yes,all_meshes,MESHES(NM),M,CELL_LOGICALS,MESH_TYPE,arg,1,5369,5369
func.f90,MEMORY_FUNCTIONS::EXCHANGE_GEOMETRY_INFO,runtime+setup,yes,all_meshes,MESHES(NM),M,CELL_LOGICALS,MESH_TYPE,inquiry,1,5369,5369
geom.f90,COMPLEX_GEOMETRY::READ_GEOM,setup,no,all_meshes,MESHES(NM),direct,XS,MESH_TYPE,arg,2,1416,1416;1769
geom.f90,COMPLEX_GEOMETRY::READ_GEOM,setup,no,all_meshes,MESHES(NM),direct,XF,MESH_TYPE,arg,2,1417,1417;1770
geom.f90,COMPLEX_GEOMETRY::READ_GEOM,setup,no,all_meshes,MESHES(NM),direct,YS,MESH_TYPE,arg,2,1418,1418;1771
geom.f90,COMPLEX_GEOMETRY::READ_GEOM,setup,no,all_meshes,MESHES(NM),direct,YF,MESH_TYPE,arg,2,1419,1419;1772
geom.f90,COMPLEX_GEOMETRY::READ_GEOM,setup,no,all_meshes,MESHES(NM),direct,ZS,MESH_TYPE,read,3,1431,1431;1786;1787
geom.f90,COMPLEX_GEOMETRY::READ_GEOM,setup,no,all_meshes,MESHES(NM),direct,KBAR,MESH_TYPE,arg,3,1431,1431;1786;1787
geom.f90,COMPLEX_GEOMETRY::READ_GEOM,setup,no,all_meshes,MESHES(NM),direct,ZF,MESH_TYPE,read,3,1431,1431;1786;1787
geom.f90,COMPLEX_GEOMETRY::SEARCH_OTHER_MESHES_FACE,setup,no,all_meshes,MESHES(NOM),M2,(whole),MESH_TYPE,ptr_bind,3,217,217;239;261
geom.f90,COMPLEX_GEOMETRY::SEARCH_OTHER_MESHES_FACE,setup,no,all_meshes,MESHES(NOM),M2,XS,MESH_TYPE,read,5,218,218;240;252;262;274
geom.f90,COMPLEX_GEOMETRY::SEARCH_OTHER_MESHES_FACE,setup,no,all_meshes,MESHES(NOM),M2,XF,MESH_TYPE,read,3,218,218;240;262
geom.f90,COMPLEX_GEOMETRY::SEARCH_OTHER_MESHES_FACE,setup,no,all_meshes,MESHES(NOM),M2,YS,MESH_TYPE,read,5,218,218;230;240;262;275
geom.f90,COMPLEX_GEOMETRY::SEARCH_OTHER_MESHES_FACE,setup,no,all_meshes,MESHES(NOM),M2,YF,MESH_TYPE,read,3,218,218;240;262
geom.f90,COMPLEX_GEOMETRY::SEARCH_OTHER_MESHES_FACE,setup,no,all_meshes,MESHES(NOM),M2,ZS,MESH_TYPE,read,5,218,218;231;240;253;262
geom.f90,COMPLEX_GEOMETRY::SEARCH_OTHER_MESHES_FACE,setup,no,all_meshes,MESHES(NOM),M2,ZF,MESH_TYPE,read,3,218,218;240;262
geom.f90,COMPLEX_GEOMETRY::SEARCH_OTHER_MESHES_FACE,setup,no,all_meshes,MESHES(NOM),M2,X,MESH_TYPE,inquiry,1,219,219
geom.f90,COMPLEX_GEOMETRY::SEARCH_OTHER_MESHES_FACE,setup,no,all_meshes,MESHES(NOM),M2,IBAR,MESH_TYPE,read,2,224,224;229
geom.f90,COMPLEX_GEOMETRY::SEARCH_OTHER_MESHES_FACE,setup,no,all_meshes,MESHES(NOM),M2,X,MESH_TYPE,read,3,225,225;226;227
geom.f90,COMPLEX_GEOMETRY::SEARCH_OTHER_MESHES_FACE,setup,no,all_meshes,MESHES(NOM),M2,DX,MESH_TYPE,read,2,226,226;227
geom.f90,COMPLEX_GEOMETRY::SEARCH_OTHER_MESHES_FACE,setup,no,all_meshes,MESHES(NOM),M2,JBAR,MESH_TYPE,arg,2,230,230;275
geom.f90,COMPLEX_GEOMETRY::SEARCH_OTHER_MESHES_FACE,setup,no,all_meshes,MESHES(NOM),M2,CELLSJ,MESH_TYPE,read,2,230,230;275
geom.f90,COMPLEX_GEOMETRY::SEARCH_OTHER_MESHES_FACE,setup,no,all_meshes,MESHES(NOM),M2,RDYINT,MESH_TYPE,read,2,230,230;275
geom.f90,COMPLEX_GEOMETRY::SEARCH_OTHER_MESHES_FACE,setup,no,all_meshes,MESHES(NOM),M2,KBAR,MESH_TYPE,arg,2,231,231;253
geom.f90,COMPLEX_GEOMETRY::SEARCH_OTHER_MESHES_FACE,setup,no,all_meshes,MESHES(NOM),M2,CELLSK,MESH_TYPE,read,2,231,231;253
geom.f90,COMPLEX_GEOMETRY::SEARCH_OTHER_MESHES_FACE,setup,no,all_meshes,MESHES(NOM),M2,RDZINT,MESH_TYPE,read,2,231,231;253
geom.f90,COMPLEX_GEOMETRY::SEARCH_OTHER_MESHES_FACE,setup,no,all_meshes,MESHES(NOM),M2,Y,MESH_TYPE,inquiry,1,241,241
geom.f90,COMPLEX_GEOMETRY::SEARCH_OTHER_MESHES_FACE,setup,no,all_meshes,MESHES(NOM),M2,JBAR,MESH_TYPE,read,2,246,246;251
geom.f90,COMPLEX_GEOMETRY::SEARCH_OTHER_MESHES_FACE,setup,no,all_meshes,MESHES(NOM),M2,Y,MESH_TYPE,read,3,247,247;248;249
geom.f90,COMPLEX_GEOMETRY::SEARCH_OTHER_MESHES_FACE,setup,no,all_meshes,MESHES(NOM),M2,DY,MESH_TYPE,read,2,248,248;249
geom.f90,COMPLEX_GEOMETRY::SEARCH_OTHER_MESHES_FACE,setup,no,all_meshes,MESHES(NOM),M2,IBAR,MESH_TYPE,arg,2,252,252;274
geom.f90,COMPLEX_GEOMETRY::SEARCH_OTHER_MESHES_FACE,setup,no,all_meshes,MESHES(NOM),M2,CELLSI,MESH_TYPE,read,2,252,252;274
geom.f90,COMPLEX_GEOMETRY::SEARCH_OTHER_MESHES_FACE,setup,no,all_meshes,MESHES(NOM),M2,RDXINT,MESH_TYPE,read,2,252,252;274
geom.f90,COMPLEX_GEOMETRY::SEARCH_OTHER_MESHES_FACE,setup,no,all_meshes,MESHES(NOM),M2,Z,MESH_TYPE,inquiry,1,263,263
geom.f90,COMPLEX_GEOMETRY::SEARCH_OTHER_MESHES_FACE,setup,no,all_meshes,MESHES(NOM),M2,KBAR,MESH_TYPE,read,2,268,268;273
geom.f90,COMPLEX_GEOMETRY::SEARCH_OTHER_MESHES_FACE,setup,no,all_meshes,MESHES(NOM),M2,Z,MESH_TYPE,read,3,269,269;270;271
geom.f90,COMPLEX_GEOMETRY::SEARCH_OTHER_MESHES_FACE,setup,no,all_meshes,MESHES(NOM),M2,DZ,MESH_TYPE,read,2,270,270;271
geom.f90,COMPLEX_GEOMETRY_GRID::ADD_NEIGHBOR_BLOCKED_CELLS,setup,no,all_meshes,MESHES(NM),M,(whole),MESH_TYPE,ptr_bind,1,13026,13026
geom.f90,COMPLEX_GEOMETRY_GRID::ADD_NEIGHBOR_BLOCKED_CELLS,setup,no,all_meshes,MESHES(NM),M,XF,MESH_TYPE,read,1,13030,13030
geom.f90,COMPLEX_GEOMETRY_GRID::ADD_NEIGHBOR_BLOCKED_CELLS,setup,no,all_meshes,MESHES(NM),M,XS,MESH_TYPE,read,1,13030,13030
geom.f90,COMPLEX_GEOMETRY_GRID::ADD_NEIGHBOR_BLOCKED_CELLS,setup,no,all_meshes,MESHES(NM),M,YF,MESH_TYPE,read,1,13030,13030
geom.f90,COMPLEX_GEOMETRY_GRID::ADD_NEIGHBOR_BLOCKED_CELLS,setup,no,all_meshes,MESHES(NM),M,YS,MESH_TYPE,read,1,13030,13030
geom.f90,COMPLEX_GEOMETRY_GRID::ADD_NEIGHBOR_BLOCKED_CELLS,setup,no,all_meshes,MESHES(NM),M,ZF,MESH_TYPE,read,1,13030,13030
geom.f90,COMPLEX_GEOMETRY_GRID::ADD_NEIGHBOR_BLOCKED_CELLS,setup,no,all_meshes,MESHES(NM),M,ZS,MESH_TYPE,read,1,13030,13030
geom.f90,COMPLEX_GEOMETRY_GRID::ADD_NEIGHBOR_BLOCKED_CELLS,setup,no,all_meshes,MESHES(NM),M,IBAR,MESH_TYPE,read,1,13030,13030
geom.f90,COMPLEX_GEOMETRY_GRID::ADD_NEIGHBOR_BLOCKED_CELLS,setup,no,all_meshes,MESHES(NM),M,JBAR,MESH_TYPE,read,1,13030,13030
geom.f90,COMPLEX_GEOMETRY_GRID::ADD_NEIGHBOR_BLOCKED_CELLS,setup,no,all_meshes,MESHES(NM),M,KBAR,MESH_TYPE,read,1,13030,13030
geom.f90,COMPLEX_GEOMETRY_GRID::ADD_NEIGHBOR_BLOCKED_CELLS,setup,no,all_meshes,MESHES(NM),M,N_NEIGHBORING_MESHES,MESH_TYPE,read,1,13033,13033
geom.f90,COMPLEX_GEOMETRY_GRID::ADD_NEIGHBOR_BLOCKED_CELLS,setup,no,all_meshes,MESHES(NM),M,NEIGHBORING_MESH,MESH_TYPE,read,1,13034,13034
geom.f90,COMPLEX_GEOMETRY_GRID::ADD_NEIGHBOR_BLOCKED_CELLS,setup,no,all_meshes,MESHES(NM),M,(whole),MESH_TYPE,arg,1,13036,13036
geom.f90,COMPLEX_GEOMETRY_GRID::APPLY_OWN_BLOCKED_TO_REPLICAS,setup,no,all_meshes,MESHES(NM_LOC),direct,XYZ_CC_BLOCKED,MESH_TYPE,inquiry,1,9019,9019
geom.f90,COMPLEX_GEOMETRY_GRID::APPLY_OWN_BLOCKED_TO_REPLICAS,setup,no,all_meshes,MESHES(NM_LOC),direct,N_CC_BLOCKED,MESH_TYPE,read,2,9020,9020;9021
geom.f90,COMPLEX_GEOMETRY_GRID::APPLY_OWN_BLOCKED_TO_REPLICAS,setup,no,all_meshes,MESHES(NM_LOC),direct,JBT_CC_BLOCKED,MESH_TYPE,read,4,9022,9022;9023;9034;9035
geom.f90,COMPLEX_GEOMETRY_GRID::APPLY_OWN_BLOCKED_TO_REPLICAS,setup,no,all_meshes,MESHES(NM_LOC),direct,XYZ_CC_BLOCKED,MESH_TYPE,read,3,9024,9024;9025;9026
geom.f90,COMPLEX_GEOMETRY_GRID::APPLY_OWN_BLOCKED_TO_REPLICAS,setup,no,all_meshes,MESHES(NM_LOC),direct,IBAR,MESH_TYPE,read,1,9028,9028
geom.f90,COMPLEX_GEOMETRY_GRID::APPLY_OWN_BLOCKED_TO_REPLICAS,setup,no,all_meshes,MESHES(NM_LOC),direct,JBAR,MESH_TYPE,read,1,9028,9028
geom.f90,COMPLEX_GEOMETRY_GRID::APPLY_OWN_BLOCKED_TO_REPLICAS,setup,no,all_meshes,MESHES(NM_LOC),direct,KBAR,MESH_TYPE,read,1,9029,9029
geom.f90,COMPLEX_GEOMETRY_GRID::APPLY_OWN_BLOCKED_TO_REPLICAS,setup,no,all_meshes,MESHES(NM_LOC),direct,CCVAR,MESH_TYPE,read,1,9030,9030
geom.f90,COMPLEX_GEOMETRY_GRID::APPLY_OWN_BLOCKED_TO_REPLICAS,setup,no,all_meshes,MESHES(NM_LOC),direct,CUT_CELL,MESH_TYPE,read,1,9032,9032
geom.f90,COMPLEX_GEOMETRY_GRID::APPLY_OWN_BLOCKED_TO_REPLICAS,setup,no,all_meshes,MESHES(NM_LOC),direct,CUT_CELL,MESH_TYPE,write_component,2,9033,9033;9035
geom.f90,COMPLEX_GEOMETRY_GRID::CC_GRID_EXCHANGE_REBLOCK_PASS,setup,yes,all_meshes,MESHES(NM),direct,N_CC_ELIMINATED,MESH_TYPE,write,1,12791,12791
geom.f90,COMPLEX_GEOMETRY_GRID::CC_GRID_GLOBAL_INIT,setup,no,all_meshes,MESHES(NM),direct,IBAR,MESH_TYPE,read,1,15176,15176
geom.f90,COMPLEX_GEOMETRY_GRID::CC_GRID_GLOBAL_INIT,setup,no,all_meshes,MESHES(NM),direct,JBAR,MESH_TYPE,read,1,15177,15177
geom.f90,COMPLEX_GEOMETRY_GRID::CC_GRID_GLOBAL_INIT,setup,no,all_meshes,MESHES(NM),direct,KBAR,MESH_TYPE,read,1,15178,15178
geom.f90,COMPLEX_GEOMETRY_GRID::CC_GRID_GLOBAL_INIT,setup,no,all_meshes,MESHES(NM),direct,X,MESH_TYPE,read,2,15180,15180;15184
geom.f90,COMPLEX_GEOMETRY_GRID::CC_GRID_GLOBAL_INIT,setup,no,all_meshes,MESHES(NM),direct,Y,MESH_TYPE,read,2,15181,15181;15187
geom.f90,COMPLEX_GEOMETRY_GRID::CC_GRID_GLOBAL_INIT,setup,no,all_meshes,MESHES(NM),direct,Z,MESH_TYPE,read,2,15182,15182;15190
geom.f90,COMPLEX_GEOMETRY_GRID::CC_GRID_GLOBAL_INIT,setup,no,all_meshes,MESHES(NM),direct,XC,MESH_TYPE,read,1,15184,15184
geom.f90,COMPLEX_GEOMETRY_GRID::CC_GRID_GLOBAL_INIT,setup,no,all_meshes,MESHES(NM),direct,DXN,MESH_TYPE,read,1,15184,15184
geom.f90,COMPLEX_GEOMETRY_GRID::CC_GRID_GLOBAL_INIT,setup,no,all_meshes,MESHES(NM),direct,DX,MESH_TYPE,read,1,15184,15184
geom.f90,COMPLEX_GEOMETRY_GRID::CC_GRID_GLOBAL_INIT,setup,no,all_meshes,MESHES(NM),direct,YC,MESH_TYPE,read,1,15187,15187
geom.f90,COMPLEX_GEOMETRY_GRID::CC_GRID_GLOBAL_INIT,setup,no,all_meshes,MESHES(NM),direct,DYN,MESH_TYPE,read,1,15187,15187
geom.f90,COMPLEX_GEOMETRY_GRID::CC_GRID_GLOBAL_INIT,setup,no,all_meshes,MESHES(NM),direct,DY,MESH_TYPE,read,1,15187,15187
geom.f90,COMPLEX_GEOMETRY_GRID::CC_GRID_GLOBAL_INIT,setup,no,all_meshes,MESHES(NM),direct,ZC,MESH_TYPE,read,1,15190,15190
geom.f90,COMPLEX_GEOMETRY_GRID::CC_GRID_GLOBAL_INIT,setup,no,all_meshes,MESHES(NM),direct,DZN,MESH_TYPE,read,1,15190,15190
geom.f90,COMPLEX_GEOMETRY_GRID::CC_GRID_GLOBAL_INIT,setup,no,all_meshes,MESHES(NM),direct,DZ,MESH_TYPE,read,1,15190,15190
geom.f90,COMPLEX_GEOMETRY_GRID::EXCHANGE_CC_BLOCKED_LISTS,setup,yes,all_meshes,MESHES(NM),direct,N_NEIGHBORING_MESHES,MESH_TYPE,read,2,5686,5686;5727
geom.f90,COMPLEX_GEOMETRY_GRID::EXCHANGE_CC_BLOCKED_LISTS,setup,yes,all_meshes,MESHES(NM),direct,NEIGHBORING_MESH,MESH_TYPE,read,2,5687,5687;5728
geom.f90,COMPLEX_GEOMETRY_GRID::EXCHANGE_CC_BLOCKED_LISTS,setup,yes,all_meshes,MESHES(NM),direct,N_CC_BLOCKED,MESH_TYPE,arg,3,5691,5691;5716;5717
geom.f90,COMPLEX_GEOMETRY_GRID::EXCHANGE_CC_BLOCKED_LISTS,setup,yes,all_meshes,MESHES(NOM),direct,N_NEIGHBORING_MESHES,MESH_TYPE,read,2,5699,5699;5744
geom.f90,COMPLEX_GEOMETRY_GRID::EXCHANGE_CC_BLOCKED_LISTS,setup,yes,all_meshes,MESHES(NOM),direct,NEIGHBORING_MESH,MESH_TYPE,read,2,5700,5700;5745
geom.f90,COMPLEX_GEOMETRY_GRID::EXCHANGE_CC_BLOCKED_LISTS,setup,yes,all_meshes,MESHES(NM),direct,N_CC_BLOCKED,MESH_TYPE,read,4,5713,5713;5728;5732;5735
geom.f90,COMPLEX_GEOMETRY_GRID::EXCHANGE_CC_BLOCKED_LISTS,setup,yes,all_meshes,MESHES(NM),direct,XYZ_CC_BLOCKED,MESH_TYPE,inquiry,1,5714,5714
geom.f90,COMPLEX_GEOMETRY_GRID::EXCHANGE_CC_BLOCKED_LISTS,setup,yes,all_meshes,MESHES(NM),direct,XYZ_CC_BLOCKED,MESH_TYPE,dealloc,1,5714,5714
geom.f90,COMPLEX_GEOMETRY_GRID::EXCHANGE_CC_BLOCKED_LISTS,setup,yes,all_meshes,MESHES(NM),direct,JBT_CC_BLOCKED,MESH_TYPE,inquiry,1,5715,5715
geom.f90,COMPLEX_GEOMETRY_GRID::EXCHANGE_CC_BLOCKED_LISTS,setup,yes,all_meshes,MESHES(NM),direct,JBT_CC_BLOCKED,MESH_TYPE,dealloc,1,5715,5715
geom.f90,COMPLEX_GEOMETRY_GRID::EXCHANGE_CC_BLOCKED_LISTS,setup,yes,all_meshes,MESHES(NM),direct,XYZ_CC_BLOCKED,MESH_TYPE,alloc,1,5716,5716
geom.f90,COMPLEX_GEOMETRY_GRID::EXCHANGE_CC_BLOCKED_LISTS,setup,yes,all_meshes,MESHES(NM),direct,JBT_CC_BLOCKED,MESH_TYPE,alloc,1,5717,5717
geom.f90,COMPLEX_GEOMETRY_GRID::EXCHANGE_CC_BLOCKED_LISTS,setup,yes,all_meshes,MESHES(NM),direct,XYZ_CC_BLOCKED,MESH_TYPE,arg,1,5732,5732
geom.f90,COMPLEX_GEOMETRY_GRID::EXCHANGE_CC_BLOCKED_LISTS,setup,yes,all_meshes,MESHES(NM),direct,JBT_CC_BLOCKED,MESH_TYPE,arg,1,5735,5735
geom.f90,COMPLEX_GEOMETRY_GRID::GET_GEOM_TRIBIN,setup,no,all_meshes,MESHES(NOM),direct,IBAR,MESH_TYPE,read,1,15567,15567
geom.f90,COMPLEX_GEOMETRY_GRID::GET_GEOM_TRIBIN,setup,no,all_meshes,MESHES(NOM),direct,XS,MESH_TYPE,read,1,15568,15568
geom.f90,COMPLEX_GEOMETRY_GRID::GET_GEOM_TRIBIN,setup,no,all_meshes,MESHES(NOM),direct,DX,MESH_TYPE,read,2,15568,15568;15569
geom.f90,COMPLEX_GEOMETRY_GRID::GET_GEOM_TRIBIN,setup,no,all_meshes,MESHES(NOM),direct,XF,MESH_TYPE,read,1,15569,15569
geom.f90,COMPLEX_GEOMETRY_GRID::GET_GEOM_TRIBIN,setup,no,all_meshes,MESHES(NOM),direct,JBAR,MESH_TYPE,read,1,15570,15570
geom.f90,COMPLEX_GEOMETRY_GRID::GET_GEOM_TRIBIN,setup,no,all_meshes,MESHES(NOM),direct,YS,MESH_TYPE,read,1,15571,15571
geom.f90,COMPLEX_GEOMETRY_GRID::GET_GEOM_TRIBIN,setup,no,all_meshes,MESHES(NOM),direct,DY,MESH_TYPE,read,2,15571,15571;15572
geom.f90,COMPLEX_GEOMETRY_GRID::GET_GEOM_TRIBIN,setup,no,all_meshes,MESHES(NOM),direct,YF,MESH_TYPE,read,1,15572,15572
geom.f90,COMPLEX_GEOMETRY_GRID::GET_GEOM_TRIBIN,setup,no,all_meshes,MESHES(NOM),direct,KBAR,MESH_TYPE,read,1,15573,15573
geom.f90,COMPLEX_GEOMETRY_GRID::GET_GEOM_TRIBIN,setup,no,all_meshes,MESHES(NOM),direct,ZS,MESH_TYPE,read,1,15574,15574
geom.f90,COMPLEX_GEOMETRY_GRID::GET_GEOM_TRIBIN,setup,no,all_meshes,MESHES(NOM),direct,DZ,MESH_TYPE,read,2,15574,15574;15575
geom.f90,COMPLEX_GEOMETRY_GRID::GET_GEOM_TRIBIN,setup,no,all_meshes,MESHES(NOM),direct,ZF,MESH_TYPE,read,1,15575,15575
geom.f90,COMPLEX_GEOMETRY_GRID::PROMOTE_REFINEMENT_FOOTPRINTS_FROM_BLOCKED_FINE,setup,no,all_meshes,MESHES(NM_COARSE),MC,(whole),MESH_TYPE,ptr_bind,1,8977,8977
geom.f90,COMPLEX_GEOMETRY_GRID::PROMOTE_REFINEMENT_FOOTPRINTS_FROM_BLOCKED_FINE,setup,no,all_meshes,MESHES(NM_COARSE),MC,N_EXTERNAL_WALL_CELLS,MESH_TYPE,read,1,8978,8978
geom.f90,COMPLEX_GEOMETRY_GRID::PROMOTE_REFINEMENT_FOOTPRINTS_FROM_BLOCKED_FINE,setup,no,all_meshes,MESHES(NM_COARSE),MC,WALL,MESH_TYPE,ptr_target,1,8979,8979
geom.f90,COMPLEX_GEOMETRY_GRID::PROMOTE_REFINEMENT_FOOTPRINTS_FROM_BLOCKED_FINE,setup,no,all_meshes,MESHES(NM_COARSE),MC,EXTERNAL_WALL,MESH_TYPE,ptr_target,1,8980,8980
geom.f90,COMPLEX_GEOMETRY_GRID::PROMOTE_REFINEMENT_FOOTPRINTS_FROM_BLOCKED_FINE,setup,no,all_meshes,MESHES(NM_COARSE),MC,BOUNDARY_COORD,MESH_TYPE,ptr_target,1,8984,8984
geom.f90,COMPLEX_GEOMETRY_GRID::SNAP_GEOM_NODES,setup,no,all_meshes,MESHES(NM),M,(whole),MESH_TYPE,ptr_bind,1,15724,15724
hvac.f90,HVAC_ROUTINES::PROC_HVAC,setup,no,all_meshes,MESHES(NM),direct,N_VENT,MESH_TYPE,read,1,1018,1018
hvac.f90,HVAC_ROUTINES::PROC_HVAC,setup,no,all_meshes,MESHES(NM),direct,VENTS,MESH_TYPE,read,9,1019,1019;1021;1026;1032;1037;1043;1060;1061;1062
hvac.f90,HVAC_ROUTINES::PROC_HVAC,setup,no,all_meshes,MESHES(NM),direct,VENTS,MESH_TYPE,arg,6,1023,1023;1028;1033;1038;1048;1053
hvac.f90,HVAC_ROUTINES::PROC_HVAC,setup,no,all_meshes,MESHES(NM),direct,VENTS,MESH_TYPE,ptr_target,1,1044,1044
hvac.f90,HVAC_ROUTINES::PROC_HVAC,setup,no,all_meshes,MESHES(NM),direct,VENTS,MESH_TYPE,write_component,1,1057,1057
init.f90,INIT::INITIALIZE_HT3D_WALL_CELLS::SEARCH_FOR_ALTERNATE_WALL_CELLS,setup,no,all_meshes,MESHES(NOM),M2,(whole),MESH_TYPE,ptr_bind,1,2188,2188
init.f90,INIT::INITIALIZE_HT3D_WALL_CELLS::SEARCH_FOR_ALTERNATE_WALL_CELLS,setup,no,all_meshes,MESHES(NOM),M2,WALL,MESH_TYPE,ptr_target,1,2193,2193
init.f90,INIT::INITIALIZE_HT3D_WALL_CELLS::SEARCH_FOR_ALTERNATE_WALL_CELLS,setup,no,all_meshes,MESHES(NOM),M2,BOUNDARY_COORD,MESH_TYPE,ptr_target,2,2196,2196;2202
init.f90,INIT::INITIALIZE_HT3D_WALL_CELLS::SEARCH_FOR_ALTERNATE_WALL_CELLS,setup,no,all_meshes,MESHES(NOM),M2,BOUNDARY_ONE_D,MESH_TYPE,ptr_target,2,2197,2197;2203
init.f90,INIT::INITIALIZE_HT3D_WALL_CELLS::SEARCH_FOR_ALTERNATE_WALL_CELLS,setup,no,all_meshes,MESHES(NOM),M2,THIN_WALL,MESH_TYPE,ptr_target,1,2200,2200
init.f90,INIT::INITIALIZE_HT3D_WALL_CELLS::SEARCH_FOR_ALTERNATE_WALL_CELLS,setup,no,all_meshes,MESHES(NOM),M2,IBP1,MESH_TYPE,read,1,2207,2207
init.f90,INIT::INITIALIZE_HT3D_WALL_CELLS::SEARCH_FOR_ALTERNATE_WALL_CELLS,setup,no,all_meshes,MESHES(NOM),M2,JBP1,MESH_TYPE,read,1,2208,2208
init.f90,INIT::INITIALIZE_HT3D_WALL_CELLS::SEARCH_FOR_ALTERNATE_WALL_CELLS,setup,no,all_meshes,MESHES(NOM),M2,KBP1,MESH_TYPE,read,1,2209,2209
main.f90,FDS::EXCHANGE_DIAGNOSTICS,runtime+setup,yes,all_meshes,MESHES(NOM),direct,CFL,MESH_TYPE,write,1,4343,4343
main.f90,FDS::EXCHANGE_DIAGNOSTICS,runtime+setup,yes,all_meshes,MESHES(NOM),direct,DIVMX,MESH_TYPE,write,1,4344,4344
main.f90,FDS::EXCHANGE_DIAGNOSTICS,runtime+setup,yes,all_meshes,MESHES(NOM),direct,DIVMN,MESH_TYPE,write,1,4345,4345
main.f90,FDS::EXCHANGE_DIAGNOSTICS,runtime+setup,yes,all_meshes,MESHES(NOM),direct,RESMAX,MESH_TYPE,write,1,4346,4346
main.f90,FDS::EXCHANGE_DIAGNOSTICS,runtime+setup,yes,all_meshes,MESHES(NOM),direct,POIS_PTB,MESH_TYPE,write,1,4347,4347
main.f90,FDS::EXCHANGE_DIAGNOSTICS,runtime+setup,yes,all_meshes,MESHES(NOM),direct,POIS_ERR,MESH_TYPE,write,1,4348,4348
main.f90,FDS::EXCHANGE_DIAGNOSTICS,runtime+setup,yes,all_meshes,MESHES(NOM),direct,VN,MESH_TYPE,write,1,4349,4349
main.f90,FDS::EXCHANGE_DIAGNOSTICS,runtime+setup,yes,all_meshes,MESHES(NOM),direct,ICFL,MESH_TYPE,write,1,4350,4350
main.f90,FDS::EXCHANGE_DIAGNOSTICS,runtime+setup,yes,all_meshes,MESHES(NOM),direct,JCFL,MESH_TYPE,write,1,4351,4351
main.f90,FDS::EXCHANGE_DIAGNOSTICS,runtime+setup,yes,all_meshes,MESHES(NOM),direct,KCFL,MESH_TYPE,write,1,4352,4352
main.f90,FDS::EXCHANGE_DIAGNOSTICS,runtime+setup,yes,all_meshes,MESHES(NOM),direct,IMX,MESH_TYPE,write,1,4353,4353
main.f90,FDS::EXCHANGE_DIAGNOSTICS,runtime+setup,yes,all_meshes,MESHES(NOM),direct,JMX,MESH_TYPE,write,1,4354,4354
main.f90,FDS::EXCHANGE_DIAGNOSTICS,runtime+setup,yes,all_meshes,MESHES(NOM),direct,KMX,MESH_TYPE,write,1,4355,4355
main.f90,FDS::EXCHANGE_DIAGNOSTICS,runtime+setup,yes,all_meshes,MESHES(NOM),direct,IMN,MESH_TYPE,write,1,4356,4356
main.f90,FDS::EXCHANGE_DIAGNOSTICS,runtime+setup,yes,all_meshes,MESHES(NOM),direct,JMN,MESH_TYPE,write,1,4357,4357
main.f90,FDS::EXCHANGE_DIAGNOSTICS,runtime+setup,yes,all_meshes,MESHES(NOM),direct,KMN,MESH_TYPE,write,1,4358,4358
main.f90,FDS::EXCHANGE_DIAGNOSTICS,runtime+setup,yes,all_meshes,MESHES(NOM),direct,IRM,MESH_TYPE,write,1,4359,4359
main.f90,FDS::EXCHANGE_DIAGNOSTICS,runtime+setup,yes,all_meshes,MESHES(NOM),direct,JRM,MESH_TYPE,write,1,4360,4360
main.f90,FDS::EXCHANGE_DIAGNOSTICS,runtime+setup,yes,all_meshes,MESHES(NOM),direct,KRM,MESH_TYPE,write,1,4361,4361
main.f90,FDS::EXCHANGE_DIAGNOSTICS,runtime+setup,yes,all_meshes,MESHES(NOM),direct,I_VN,MESH_TYPE,write,1,4362,4362
main.f90,FDS::EXCHANGE_DIAGNOSTICS,runtime+setup,yes,all_meshes,MESHES(NOM),direct,J_VN,MESH_TYPE,write,1,4363,4363
main.f90,FDS::EXCHANGE_DIAGNOSTICS,runtime+setup,yes,all_meshes,MESHES(NOM),direct,K_VN,MESH_TYPE,write,1,4364,4364
main.f90,FDS::EXCHANGE_DIAGNOSTICS,runtime+setup,yes,all_meshes,MESHES(NOM),direct,NLP,MESH_TYPE,write,1,4365,4365
main.f90,FDS::EXCHANGE_NOBST_INFO,setup,yes,all_meshes,MESHES(NM),direct,NP,MESH_TYPE,write,4,4730,4730;4746;4753;4766
main.f90,FDS::EXCHANGE_NOBST_INFO,setup,yes,all_meshes,MESHES(NM),direct,NC,MESH_TYPE,write,4,4731,4731;4747;4754;4767
main.f90,FDS::EXCHANGE_NOBST_INFO,setup,yes,all_meshes,MESHES(NM),direct,N_OBST,MESH_TYPE,read,3,4741,4741;4752;4770
main.f90,FDS::EXCHANGE_NOBST_INFO,setup,yes,all_meshes,MESHES(NM),direct,N_OBST,MESH_TYPE,write,2,4752,4752;4765
main.f90,FDS::EXCHANGE_NOBST_INFO,setup,yes,all_meshes,MESHES(NM),direct,NP,MESH_TYPE,read,2,4753,4753;4770
main.f90,FDS::EXCHANGE_NOBST_INFO,setup,yes,all_meshes,MESHES(NM),direct,NC,MESH_TYPE,read,2,4754,4754;4770
main.f90,FDS::EXCHANGE_NPATCH_INFO,setup,yes,all_meshes,MESHES(NM),direct,N_PATCH,MESH_TYPE,arg,1,4954,4954
main.f90,FDS::EXCHANGE_NPATCH_INFO,setup,yes,all_meshes,MESHES(NM),direct,N_PATCH,MESH_TYPE,write,1,4960,4960
main.f90,FDS::EXCHANGE_NSLICE_INFO,setup,yes,all_meshes,MESHES(NM),direct,EMPTY_UNIQUE_SLICE,MESH_TYPE,arg,1,4823,4823
main.f90,FDS::EXCHANGE_NSLICE_INFO,setup,yes,all_meshes,MESHES(NM),direct,EMPTY_UNIQUE_SLICE,MESH_TYPE,write,1,4829,4829
main.f90,FDS::EXCHANGE_NSLICE_INFO,setup,yes,all_meshes,MESHES(NM),direct,EMPTY_UNIQUE_SLICE,MESH_TYPE,read,1,4837,4837
main.f90,FDS::INITIALIZE_BACK_WALL_EXCHANGE,setup,yes,all_meshes,MESHES(NM),M,(whole),MESH_TYPE,ptr_bind,2,2484,2484;2515
main.f90,FDS::INITIALIZE_BACK_WALL_EXCHANGE,setup,yes,all_meshes,MESHES(NM),M,N_WALL_CELLS_DIM,MESH_TYPE,arg,1,2485,2485
main.f90,FDS::INITIALIZE_BACK_WALL_EXCHANGE,setup,yes,all_meshes,MESHES(NOM),direct,WALL,MESH_TYPE,inquiry,1,2497,2497
main.f90,FDS::INITIALIZE_BACK_WALL_EXCHANGE,setup,yes,all_meshes,MESHES(NOM),direct,WALL,MESH_TYPE,alloc,1,2497,2497
main.f90,FDS::INITIALIZE_BACK_WALL_EXCHANGE,setup,yes,all_meshes,MESHES(NOM),direct,N_WALL_CELLS_DIM,MESH_TYPE,read,1,2497,2497
main.f90,FDS::INITIALIZE_BACK_WALL_EXCHANGE,setup,yes,all_meshes,MESHES(NM),M,N_THIN_WALL_CELLS_DIM,MESH_TYPE,arg,1,2516,2516
main.f90,FDS::INITIALIZE_BACK_WALL_EXCHANGE,setup,yes,all_meshes,MESHES(NOM),direct,THIN_WALL,MESH_TYPE,inquiry,1,2528,2528
main.f90,FDS::INITIALIZE_BACK_WALL_EXCHANGE,setup,yes,all_meshes,MESHES(NOM),direct,THIN_WALL,MESH_TYPE,alloc,1,2528,2528
main.f90,FDS::INITIALIZE_BACK_WALL_EXCHANGE,setup,yes,all_meshes,MESHES(NOM),direct,N_THIN_WALL_CELLS_DIM,MESH_TYPE,read,1,2528,2528
main.f90,FDS::INITIALIZE_MESH_EXCHANGE_1,setup,yes,all_meshes,MESHES(NOM),M2,(whole),MESH_TYPE,ptr_bind,1,2084,2084
main.f90,FDS::INITIALIZE_MESH_EXCHANGE_1,setup,yes,all_meshes,MESHES(NOM),M2,IBP1,MESH_TYPE,read,2,2087,2087;2170
main.f90,FDS::INITIALIZE_MESH_EXCHANGE_1,setup,yes,all_meshes,MESHES(NOM),M2,JBP1,MESH_TYPE,read,2,2089,2089;2171
main.f90,FDS::INITIALIZE_MESH_EXCHANGE_1,setup,yes,all_meshes,MESHES(NOM),M2,KBP1,MESH_TYPE,read,2,2091,2091;2172
main.f90,FDS::INITIALIZE_MESH_EXCHANGE_1,setup,yes,all_meshes,MESHES(NOM),M2,Y,MESH_TYPE,read,2,2133,2133;2137
main.f90,FDS::INITIALIZE_MESH_EXCHANGE_1,setup,yes,all_meshes,MESHES(NOM),M2,Z,MESH_TYPE,read,2,2133,2133;2135
main.f90,FDS::INITIALIZE_MESH_EXCHANGE_1,setup,yes,all_meshes,MESHES(NOM),M2,X,MESH_TYPE,read,2,2135,2135;2137
main.f90,FDS::INITIALIZE_MESH_EXCHANGE_1,setup,yes,all_meshes,MESHES(NOM),M2,XS,MESH_TYPE,read,1,2177,2177
main.f90,FDS::INITIALIZE_MESH_EXCHANGE_1,setup,yes,all_meshes,MESHES(NOM),M2,XF,MESH_TYPE,read,1,2177,2177
main.f90,FDS::INITIALIZE_MESH_EXCHANGE_1,setup,yes,all_meshes,MESHES(NOM),M2,YS,MESH_TYPE,read,1,2177,2177
main.f90,FDS::INITIALIZE_MESH_EXCHANGE_1,setup,yes,all_meshes,MESHES(NOM),M2,YF,MESH_TYPE,read,1,2177,2177
main.f90,FDS::INITIALIZE_MESH_EXCHANGE_1,setup,yes,all_meshes,MESHES(NOM),M2,ZS,MESH_TYPE,read,1,2177,2177
main.f90,FDS::INITIALIZE_MESH_EXCHANGE_1,setup,yes,all_meshes,MESHES(NOM),M2,ZF,MESH_TYPE,read,1,2177,2177
main.f90,FDS::INITIALIZE_PRESSURE_ZONES,setup,no,all_meshes,MESHES(NM),M,(whole),MESH_TYPE,ptr_bind,1,2661,2661
main.f90,FDS::INITIALIZE_PRESSURE_ZONES,setup,no,all_meshes,MESHES(NM),M,KBAR,MESH_TYPE,read,1,2662,2662
main.f90,FDS::INITIALIZE_PRESSURE_ZONES,setup,no,all_meshes,MESHES(NM),M,JBAR,MESH_TYPE,read,1,2663,2663
main.f90,FDS::INITIALIZE_PRESSURE_ZONES,setup,no,all_meshes,MESHES(NM),M,IBAR,MESH_TYPE,read,1,2664,2664
main.f90,FDS::INITIALIZE_PRESSURE_ZONES,setup,no,all_meshes,MESHES(NM),M,CCVAR,MESH_TYPE,read,1,2666,2666
main.f90,FDS::INITIALIZE_PRESSURE_ZONES,setup,no,all_meshes,MESHES(NM),M,PRESSURE_ZONE,MESH_TYPE,read,1,2668,2668
main.f90,FDS::INITIALIZE_PRESSURE_ZONES,setup,no,all_meshes,MESHES(NM),M,CELL,MESH_TYPE,read,1,2668,2668
main.f90,FDS::INITIALIZE_PRESSURE_ZONES,setup,no,all_meshes,MESHES(NM),M,CELL_INDEX,MESH_TYPE,read,1,2668,2668
main.f90,FDS::MPI_INITIALIZATION_CHORES,setup,yes,all_meshes,MESHES(NM),direct,IBAR,MESH_TYPE,read,1,1309,1309
main.f90,FDS::MPI_INITIALIZATION_CHORES,setup,yes,all_meshes,MESHES(NM),M,(whole),MESH_TYPE,ptr_bind,1,1372,1372
main.f90,FDS::MPI_INITIALIZATION_CHORES,setup,yes,all_meshes,MESHES(NM),M,N_NEIGHBORING_MESHES,MESH_TYPE,read,1,1374,1374
main.f90,FDS::MPI_INITIALIZATION_CHORES,setup,yes,all_meshes,MESHES(NM),M,NEIGHBORING_MESH,MESH_TYPE,read,1,1375,1375
main.f90,FDS::WRITE_STRINGS,runtime+setup,no,all_meshes,MESHES(NOM),direct,N_STRINGS,MESH_TYPE,read,1,4213,4213
main.f90,FDS::WRITE_STRINGS,runtime+setup,no,all_meshes,MESHES(NOM),direct,STRING,MESH_TYPE,read,1,4216,4216
main.f90,FDS::ZONE_BOUNDARY_EXCHANGE,setup,yes,all_meshes,MESHES(NM),M,(whole),MESH_TYPE,ptr_bind,1,2852,2852
main.f90,FDS::ZONE_BOUNDARY_EXCHANGE,setup,yes,all_meshes,MESHES(NM),M,PRESSURE_ZONE,MESH_TYPE,arg,1,2853,2853
main.f90,FDS::ZONE_BOUNDARY_EXCHANGE,setup,yes,all_meshes,MESHES(NM),M,PRESSURE_ZONE,MESH_TYPE,inquiry,1,2853,2853
read.f90,READ_INPUT::PROC_MESH,setup,no,all_meshes,MESHES(NM),M,(whole),MESH_TYPE,ptr_bind,2,898,898;929
read.f90,READ_INPUT::PROC_MESH,setup,no,all_meshes,MESHES(NM),M,XF,MESH_TYPE,read,3,899,899;941;944
read.f90,READ_INPUT::PROC_MESH,setup,no,all_meshes,MESHES(NM),M,XS,MESH_TYPE,read,3,899,899;941;945
read.f90,READ_INPUT::PROC_MESH,setup,no,all_meshes,MESHES(NM),M,YF,MESH_TYPE,read,3,899,899;942;947
read.f90,READ_INPUT::PROC_MESH,setup,no,all_meshes,MESHES(NM),M,YS,MESH_TYPE,read,3,899,899;942;948
read.f90,READ_INPUT::PROC_MESH,setup,no,all_meshes,MESHES(NM),M,ZF,MESH_TYPE,read,3,899,899;943;950
read.f90,READ_INPUT::PROC_MESH,setup,no,all_meshes,MESHES(NM),M,ZS,MESH_TYPE,read,3,899,899;943;951
read.f90,READ_INPUT::PROC_MESH,setup,no,all_meshes,MESHES(NM),M,N_NEIGHBORING_MESHES,MESH_TYPE,write,3,930,930;955;967
read.f90,READ_INPUT::PROC_MESH,setup,no,all_meshes,MESHES(NM2),M2,(whole),MESH_TYPE,ptr_bind,1,936,936
read.f90,READ_INPUT::PROC_MESH,setup,no,all_meshes,MESHES(NM2),M2,XS,MESH_TYPE,read,2,941,941;944
read.f90,READ_INPUT::PROC_MESH,setup,no,all_meshes,MESHES(NM2),M2,XF,MESH_TYPE,read,2,941,941;945
read.f90,READ_INPUT::PROC_MESH,setup,no,all_meshes,MESHES(NM2),M2,YS,MESH_TYPE,read,2,942,942;947
read.f90,READ_INPUT::PROC_MESH,setup,no,all_meshes,MESHES(NM2),M2,YF,MESH_TYPE,read,2,942,942;948
read.f90,READ_INPUT::PROC_MESH,setup,no,all_meshes,MESHES(NM2),M2,ZS,MESH_TYPE,read,2,943,943;950
read.f90,READ_INPUT::PROC_MESH,setup,no,all_meshes,MESHES(NM2),M2,ZF,MESH_TYPE,read,2,943,943;951
read.f90,READ_INPUT::PROC_MESH,setup,no,all_meshes,MESHES(NM),M,N_NEIGHBORING_MESHES,MESH_TYPE,read,6,955,955;956;967;968;975;976
read.f90,READ_INPUT::PROC_MESH,setup,no,all_meshes,MESHES(NM),M,NEIGHBORING_MESH,MESH_TYPE,alloc,1,975,975
read.f90,READ_INPUT::PROC_MESH,setup,no,all_meshes,MESHES(NM),M,NEIGHBORING_MESH,MESH_TYPE,write,1,977,977
read.f90,READ_INPUT::PROC_OBST,setup,no,all_meshes,MESHES(NM),M,(whole),MESH_TYPE,ptr_bind,1,15078,15078
read.f90,READ_INPUT::READ_DEVC,setup,no,all_meshes,MESHES(NM),M,(whole),MESH_TYPE,ptr_bind,5,14084,14084;14129;14148;14164;14491
read.f90,READ_INPUT::READ_DEVC,setup,no,all_meshes,MESHES(NM),M,XF,MESH_TYPE,read,3,14088,14088;14169;14177
read.f90,READ_INPUT::READ_DEVC,setup,no,all_meshes,MESHES(NM),M,XS,MESH_TYPE,read,6,14088,14088;14104;14169;14170;14500;14501
read.f90,READ_INPUT::READ_DEVC,setup,no,all_meshes,MESHES(NM),M,XF,MESH_TYPE,arg,2,14089,14089;14495
read.f90,READ_INPUT::READ_DEVC,setup,no,all_meshes,MESHES(NM),M,XS,MESH_TYPE,arg,2,14089,14089;14494
read.f90,READ_INPUT::READ_DEVC,setup,no,all_meshes,MESHES(NM),M,YF,MESH_TYPE,read,3,14091,14091;14169;14191
read.f90,READ_INPUT::READ_DEVC,setup,no,all_meshes,MESHES(NM),M,YS,MESH_TYPE,read,6,14091,14091;14108;14169;14184;14502;14503
read.f90,READ_INPUT::READ_DEVC,setup,no,all_meshes,MESHES(NM),M,YF,MESH_TYPE,arg,2,14092,14092;14497
read.f90,READ_INPUT::READ_DEVC,setup,no,all_meshes,MESHES(NM),M,YS,MESH_TYPE,arg,2,14092,14092;14496
read.f90,READ_INPUT::READ_DEVC,setup,no,all_meshes,MESHES(NM),M,ZF,MESH_TYPE,read,3,14094,14094;14169;14205
read.f90,READ_INPUT::READ_DEVC,setup,no,all_meshes,MESHES(NM),M,ZS,MESH_TYPE,read,6,14094,14094;14112;14169;14198;14504;14505
read.f90,READ_INPUT::READ_DEVC,setup,no,all_meshes,MESHES(NM),M,ZF,MESH_TYPE,arg,2,14095,14095;14499
read.f90,READ_INPUT::READ_DEVC,setup,no,all_meshes,MESHES(NM),M,ZS,MESH_TYPE,arg,2,14095,14095;14498
read.f90,READ_INPUT::READ_DEVC,setup,no,all_meshes,MESHES(NM),M,X,MESH_TYPE,read,4,14130,14130;14131;14149;14150
read.f90,READ_INPUT::READ_DEVC,setup,no,all_meshes,MESHES(NM),M,DX,MESH_TYPE,read,2,14130,14130;14131
read.f90,READ_INPUT::READ_DEVC,setup,no,all_meshes,MESHES(NM),M,Y,MESH_TYPE,read,4,14132,14132;14133;14151;14152
read.f90,READ_INPUT::READ_DEVC,setup,no,all_meshes,MESHES(NM),M,DY,MESH_TYPE,read,2,14132,14132;14133
read.f90,READ_INPUT::READ_DEVC,setup,no,all_meshes,MESHES(NM),M,Z,MESH_TYPE,read,4,14134,14134;14135;14153;14154
read.f90,READ_INPUT::READ_DEVC,setup,no,all_meshes,MESHES(NM),M,DZ,MESH_TYPE,read,2,14134,14134;14135
read.f90,READ_INPUT::READ_DEVC,setup,no,all_meshes,MESHES(NM),M,DXI,MESH_TYPE,read,2,14174,14174;14181
read.f90,READ_INPUT::READ_DEVC,setup,no,all_meshes,MESHES(NM),M,DETA,MESH_TYPE,read,2,14188,14188;14195
read.f90,READ_INPUT::READ_DEVC,setup,no,all_meshes,MESHES(NM),M,DZETA,MESH_TYPE,read,2,14202,14202;14209
read.f90,READ_INPUT::READ_DEVC,setup,no,all_meshes,MESHES(NM),M,RDXI,MESH_TYPE,read,2,14500,14500;14501
read.f90,READ_INPUT::READ_DEVC,setup,no,all_meshes,MESHES(NM),M,RDETA,MESH_TYPE,read,2,14502,14502;14503
read.f90,READ_INPUT::READ_DEVC,setup,no,all_meshes,MESHES(NM),M,RDZETA,MESH_TYPE,read,2,14504,14504;14505
read.f90,READ_INPUT::READ_HOLE,setup,no,all_meshes,MESHES(NM),M,(whole),MESH_TYPE,ptr_bind,1,11828,11828
read.f90,READ_INPUT::READ_HOLE,setup,no,all_meshes,MESHES(NM),M,OBSTRUCTION,MESH_TYPE,ptr_target,1,12014,12014
read.f90,READ_INPUT::READ_INIT,setup,no,all_meshes,MESHES(NM),M,(whole),MESH_TYPE,ptr_bind,2,13076,13076;13189
read.f90,READ_INPUT::READ_INIT,setup,no,all_meshes,MESHES(NM),M,XS,MESH_TYPE,read,2,13077,13077;13078
read.f90,READ_INPUT::READ_INIT,setup,no,all_meshes,MESHES(NM),M,XF,MESH_TYPE,read,2,13077,13077;13079
read.f90,READ_INPUT::READ_INIT,setup,no,all_meshes,MESHES(NM),M,YS,MESH_TYPE,read,2,13077,13077;13080
read.f90,READ_INPUT::READ_INIT,setup,no,all_meshes,MESHES(NM),M,YF,MESH_TYPE,read,2,13077,13077;13081
read.f90,READ_INPUT::READ_INIT,setup,no,all_meshes,MESHES(NM),M,ZS,MESH_TYPE,read,2,13077,13077;13082
read.f90,READ_INPUT::READ_INIT,setup,no,all_meshes,MESHES(NM),M,ZF,MESH_TYPE,read,2,13077,13077;13083
read.f90,READ_INPUT::READ_INIT,setup,no,all_meshes,MESHES(NM),M,DXI,MESH_TYPE,read,2,13078,13078;13079
read.f90,READ_INPUT::READ_INIT,setup,no,all_meshes,MESHES(NM),M,DETA,MESH_TYPE,read,2,13080,13080;13081
read.f90,READ_INPUT::READ_INIT,setup,no,all_meshes,MESHES(NM),M,DZETA,MESH_TYPE,read,2,13082,13082;13083
read.f90,READ_INPUT::READ_INIT,setup,no,all_meshes,MESHES(NM),direct,XF,MESH_TYPE,read,1,13450,13450
read.f90,READ_INPUT::READ_INIT,setup,no,all_meshes,MESHES(NM),direct,XS,MESH_TYPE,read,1,13450,13450
read.f90,READ_INPUT::READ_INIT,setup,no,all_meshes,MESHES(NM),direct,YF,MESH_TYPE,read,1,13450,13450
read.f90,READ_INPUT::READ_INIT,setup,no,all_meshes,MESHES(NM),direct,YS,MESH_TYPE,read,1,13450,13450
read.f90,READ_INPUT::READ_INIT,setup,no,all_meshes,MESHES(NM),direct,ZF,MESH_TYPE,read,1,13451,13451
read.f90,READ_INPUT::READ_INIT,setup,no,all_meshes,MESHES(NM),direct,ZS,MESH_TYPE,read,1,13451,13451
read.f90,READ_INPUT::READ_OBST,setup,no,all_meshes,MESHES(NM),M,(whole),MESH_TYPE,ptr_bind,3,10772,10772;11530;11602
read.f90,READ_INPUT::READ_OBST,setup,no,all_meshes,MESHES(NM),M,XF,MESH_TYPE,read,1,10842,10842
read.f90,READ_INPUT::READ_OBST,setup,no,all_meshes,MESHES(NM),M,DX,MESH_TYPE,read,1,10842,10842
read.f90,READ_INPUT::READ_OBST,setup,no,all_meshes,MESHES(NM),M,IBAR,MESH_TYPE,read,1,10842,10842
read.f90,READ_INPUT::READ_OBST,setup,no,all_meshes,MESHES(NM),M,XS,MESH_TYPE,read,1,10842,10842
read.f90,READ_INPUT::READ_OBST,setup,no,all_meshes,MESHES(NM),M,YF,MESH_TYPE,read,1,10843,10843
read.f90,READ_INPUT::READ_OBST,setup,no,all_meshes,MESHES(NM),M,DY,MESH_TYPE,read,1,10843,10843
read.f90,READ_INPUT::READ_OBST,setup,no,all_meshes,MESHES(NM),M,JBAR,MESH_TYPE,read,1,10843,10843
read.f90,READ_INPUT::READ_OBST,setup,no,all_meshes,MESHES(NM),M,YS,MESH_TYPE,read,1,10843,10843
read.f90,READ_INPUT::READ_OBST,setup,no,all_meshes,MESHES(NM),M,ZF,MESH_TYPE,read,1,10844,10844
read.f90,READ_INPUT::READ_OBST,setup,no,all_meshes,MESHES(NM),M,DZ,MESH_TYPE,read,1,10844,10844
read.f90,READ_INPUT::READ_OBST,setup,no,all_meshes,MESHES(NM),M,KBAR,MESH_TYPE,read,1,10844,10844
read.f90,READ_INPUT::READ_OBST,setup,no,all_meshes,MESHES(NM),M,ZS,MESH_TYPE,read,1,10844,10844
read.f90,READ_INPUT::READ_OBST,setup,no,all_meshes,MESHES(NM),M,OBSTRUCTION,MESH_TYPE,alloc,1,10860,10860
read.f90,READ_INPUT::READ_OBST,setup,no,all_meshes,MESHES(NM),M,OBSTRUCTION,MESH_TYPE,ptr_target,2,10862,10862;11578
read.f90,READ_INPUT::READ_OBST,setup,no,all_meshes,MESHES(NM),M,XS,MESH_TYPE,arg,1,10962,10962
read.f90,READ_INPUT::READ_OBST,setup,no,all_meshes,MESHES(NM),M,XF,MESH_TYPE,arg,1,10962,10962
read.f90,READ_INPUT::READ_OBST,setup,no,all_meshes,MESHES(NM),M,YS,MESH_TYPE,arg,1,10962,10962
read.f90,READ_INPUT::READ_OBST,setup,no,all_meshes,MESHES(NM),M,YF,MESH_TYPE,arg,1,10962,10962
read.f90,READ_INPUT::READ_OBST,setup,no,all_meshes,MESHES(NM),M,X,MESH_TYPE,read,2,11562,11562;11563
read.f90,READ_INPUT::READ_OBST,setup,no,all_meshes,MESHES(NM),M,Y,MESH_TYPE,read,2,11564,11564;11565
read.f90,READ_INPUT::READ_OBST,setup,no,all_meshes,MESHES(NM),M,Z,MESH_TYPE,read,2,11566,11566;11567
read.f90,READ_INPUT::READ_OBST,setup,no,all_meshes,MESHES(NM),M,CELL_INDEX,MESH_TYPE,alloc,1,11622,11622
read.f90,READ_INPUT::READ_OBST,setup,no,all_meshes,MESHES(NM),M,CELL_INDEX,MESH_TYPE,ptr_target,1,11623,11623
read.f90,READ_INPUT::READ_OBST,setup,no,all_meshes,MESHES(NM),M,CELL,MESH_TYPE,ptr_target,1,11693,11693
read.f90,READ_INPUT::READ_PRES,setup,no,all_meshes,MESHES(NM),direct,YS,MESH_TYPE,read,1,10182,10182
read.f90,READ_INPUT::READ_PRES,setup,no,all_meshes,MESHES(NM),direct,YF,MESH_TYPE,read,1,10182,10182
read.f90,READ_INPUT::READ_PRES,setup,no,all_meshes,MESHES(NM),direct,ZS,MESH_TYPE,read,1,10183,10183
read.f90,READ_INPUT::READ_PRES,setup,no,all_meshes,MESHES(NM),direct,ZF,MESH_TYPE,read,1,10183,10183
read.f90,READ_INPUT::READ_PRES,setup,no,all_meshes,MESHES(NM),direct,IBAR,MESH_TYPE,read,1,10187,10187
read.f90,READ_INPUT::READ_PROF,setup,no,all_meshes,MESHES(NM),M,(whole),MESH_TYPE,ptr_bind,1,15795,15795
read.f90,READ_INPUT::READ_PROF,setup,no,all_meshes,MESHES(NM),M,XS,MESH_TYPE,read,4,15796,15796;15797;15798;15801
read.f90,READ_INPUT::READ_PROF,setup,no,all_meshes,MESHES(NM),M,XF,MESH_TYPE,read,4,15796,15796;15798;15800;15801
read.f90,READ_INPUT::READ_PROF,setup,no,all_meshes,MESHES(NM),M,YS,MESH_TYPE,read,4,15796,15796;15803;15804;15807
read.f90,READ_INPUT::READ_PROF,setup,no,all_meshes,MESHES(NM),M,YF,MESH_TYPE,read,4,15796,15796;15804;15806;15807
read.f90,READ_INPUT::READ_PROF,setup,no,all_meshes,MESHES(NM),M,ZS,MESH_TYPE,read,4,15796,15796;15809;15810;15813
read.f90,READ_INPUT::READ_PROF,setup,no,all_meshes,MESHES(NM),M,ZF,MESH_TYPE,read,4,15796,15796;15810;15812;15813
read.f90,READ_INPUT::READ_PROF,setup,no,all_meshes,MESHES(NM),M,IBAR,MESH_TYPE,arg,2,15798,15798;15801
read.f90,READ_INPUT::READ_PROF,setup,no,all_meshes,MESHES(NM),M,JBAR,MESH_TYPE,arg,2,15804,15804;15807
read.f90,READ_INPUT::READ_PROF,setup,no,all_meshes,MESHES(NM),M,KBAR,MESH_TYPE,arg,2,15810,15810;15813
read.f90,READ_INPUT::READ_RADF,setup,no,all_meshes,MESHES(NM),M,(whole),MESH_TYPE,ptr_bind,1,16520,16520
read.f90,READ_INPUT::READ_RADF,setup,no,all_meshes,MESHES(NM),M,RAD_FILE,MESH_TYPE,alloc,1,16539,16539
read.f90,READ_INPUT::READ_SLCF,setup,no,all_meshes,MESHES(NM),M,(whole),MESH_TYPE,ptr_bind,1,15970,15970
read.f90,READ_INPUT::READ_SLCF,setup,no,all_meshes,MESHES(NM),M,N_UNIQUE_SLCF,MESH_TYPE,write,1,16000,16000
read.f90,READ_INPUT::READ_SLCF,setup,no,all_meshes,MESHES(NM),M,UNIQUE_SLICE_NAMES,MESH_TYPE,alloc,1,16006,16006
read.f90,READ_INPUT::READ_SLCF,setup,no,all_meshes,MESHES(NM),M,EMPTY_UNIQUE_SLICE,MESH_TYPE,alloc,1,16007,16007
read.f90,READ_INPUT::READ_SLCF,setup,no,all_meshes,MESHES(NM),M,UNIQUE_SLICE_IS_SL3D,MESH_TYPE,alloc,1,16008,16008
read.f90,READ_INPUT::READ_SLCF,setup,no,all_meshes,MESHES(NM),M,SLICE,MESH_TYPE,alloc,1,16028,16028
read.f90,READ_INPUT::READ_SLCF,setup,no,all_meshes,MESHES(NM),M,UNIQUE_SLICE_NAMES,MESH_TYPE,write,1,16033,16033
read.f90,READ_INPUT::READ_SLCF,setup,no,all_meshes,MESHES(NM),M,EMPTY_UNIQUE_SLICE,MESH_TYPE,write,2,16035,16035;16349
read.f90,READ_INPUT::READ_SLCF,setup,no,all_meshes,MESHES(NM),M,N_SLCF_O,MESH_TYPE,write,1,16041,16041
read.f90,READ_INPUT::READ_SLCF,setup,no,all_meshes,MESHES(NM),M,UNIQUE_SLICE_IS_SL3D,MESH_TYPE,write,2,16172,16172;16174
read.f90,READ_INPUT::READ_SLCF,setup,no,all_meshes,MESHES(NM),M,K_AGL_SLICE,MESH_TYPE,alloc,1,16333,16333
read.f90,READ_INPUT::READ_SLCF,setup,no,all_meshes,MESHES(NM),M,K_AGL_SLICE,MESH_TYPE,write,3,16335,16335;16343;16345
read.f90,READ_INPUT::READ_SLCF,setup,no,all_meshes,MESHES(NM),M,RDZ,MESH_TYPE,read,1,16343,16343
read.f90,READ_INPUT::READ_SLCF,setup,no,all_meshes,MESHES(NM),M,K_AGL_SLICE,MESH_TYPE,read,1,16345,16345
read.f90,READ_INPUT::READ_SLCF,setup,no,all_meshes,MESHES(NM),M,UNIQUE_SLICE_NAMES,MESH_TYPE,read,1,16355,16355
read.f90,READ_INPUT::READ_TRAN,setup,no,all_meshes,MESHES(NM),M,(whole),MESH_TYPE,ptr_bind,1,1010,1010
read.f90,READ_INPUT::READ_TRAN,setup,no,all_meshes,MESHES(NM),M,N_NEIGHBORING_MESHES,MESH_TYPE,read,1,1016,1016
read.f90,READ_INPUT::READ_TRAN,setup,no,all_meshes,MESHES(NM),M,NEIGHBORING_MESH,MESH_TYPE,read,1,1017,1017
read.f90,READ_INPUT::READ_TRAN,setup,no,all_meshes,MESHES(NM),M,TRNX_ID,MESH_TYPE,arg,2,1037,1037;1096
read.f90,READ_INPUT::READ_TRAN,setup,no,all_meshes,MESHES(NM),M,TRNY_ID,MESH_TYPE,arg,2,1047,1047;1108
read.f90,READ_INPUT::READ_TRAN,setup,no,all_meshes,MESHES(NM),M,TRNZ_ID,MESH_TYPE,arg,2,1057,1057;1120
read.f90,READ_INPUT::READ_TRAN,setup,no,all_meshes,MESHES(NM),M,XF,MESH_TYPE,read,9,1144,1144;1145;1201;1202;1302;1317;1411;1412;1417
read.f90,READ_INPUT::READ_TRAN,setup,no,all_meshes,MESHES(NM),M,XS,MESH_TYPE,read,14,1144,1144;1145;1156;1159;1189;1192;1201;1202;1284;1301;1316;1411;1412;1417
read.f90,READ_INPUT::READ_TRAN,setup,no,all_meshes,MESHES(NM),M,YF,MESH_TYPE,read,9,1147,1147;1148;1204;1205;1347;1362;1413;1414;1418
read.f90,READ_INPUT::READ_TRAN,setup,no,all_meshes,MESHES(NM),M,YS,MESH_TYPE,read,14,1147,1147;1148;1157;1160;1190;1193;1204;1205;1334;1346;1361;1413;1414;1418
read.f90,READ_INPUT::READ_TRAN,setup,no,all_meshes,MESHES(NM),M,ZF,MESH_TYPE,read,9,1150,1150;1151;1207;1208;1383;1398;1415;1416;1419
read.f90,READ_INPUT::READ_TRAN,setup,no,all_meshes,MESHES(NM),M,ZS,MESH_TYPE,read,14,1150,1150;1151;1158;1161;1191;1194;1207;1208;1370;1382;1397;1415;1416;1419
read.f90,READ_INPUT::READ_TRAN,setup,no,all_meshes,MESHES(NM),M,R,MESH_TYPE,alloc,1,1227,1227
read.f90,READ_INPUT::READ_TRAN,setup,no,all_meshes,MESHES(NM),M,IBAR,MESH_TYPE,read,15,1227,1227;1229;1235;1245;1247;1282;1302;1304;1307;1309;1311;1320;1325;1408;1459
read.f90,READ_INPUT::READ_TRAN,setup,no,all_meshes,MESHES(NM),M,RC,MESH_TYPE,alloc,1,1229,1229
read.f90,READ_INPUT::READ_TRAN,setup,no,all_meshes,MESHES(NM),M,RC,MESH_TYPE,write,2,1231,1231;1322
read.f90,READ_INPUT::READ_TRAN,setup,no,all_meshes,MESHES(NM),M,RRN,MESH_TYPE,alloc,1,1232,1232
read.f90,READ_INPUT::READ_TRAN,setup,no,all_meshes,MESHES(NM),M,IBP1,MESH_TYPE,read,11,1232,1232;1237;1239;1241;1243;1304;1307;1309;1317;1325;1412
read.f90,READ_INPUT::READ_TRAN,setup,no,all_meshes,MESHES(NM),M,RRN,MESH_TYPE,write,4,1234,1234;1321;1324;1325
read.f90,READ_INPUT::READ_TRAN,setup,no,all_meshes,MESHES(NM),M,X,MESH_TYPE,alloc,1,1235,1235
read.f90,READ_INPUT::READ_TRAN,setup,no,all_meshes,MESHES(NM),M,XC,MESH_TYPE,alloc,1,1237,1237
read.f90,READ_INPUT::READ_TRAN,setup,no,all_meshes,MESHES(NM),M,HX,MESH_TYPE,alloc,1,1239,1239
read.f90,READ_INPUT::READ_TRAN,setup,no,all_meshes,MESHES(NM),M,DX,MESH_TYPE,alloc,1,1241,1241
read.f90,READ_INPUT::READ_TRAN,setup,no,all_meshes,MESHES(NM),M,RDX,MESH_TYPE,alloc,1,1243,1243
read.f90,READ_INPUT::READ_TRAN,setup,no,all_meshes,MESHES(NM),M,DXN,MESH_TYPE,alloc,1,1245,1245
read.f90,READ_INPUT::READ_TRAN,setup,no,all_meshes,MESHES(NM),M,RDXN,MESH_TYPE,alloc,1,1247,1247
read.f90,READ_INPUT::READ_TRAN,setup,no,all_meshes,MESHES(NM),M,Y,MESH_TYPE,alloc,1,1249,1249
read.f90,READ_INPUT::READ_TRAN,setup,no,all_meshes,MESHES(NM),M,JBAR,MESH_TYPE,read,11,1249,1249;1259;1261;1332;1347;1349;1352;1354;1356;1409;1458
read.f90,READ_INPUT::READ_TRAN,setup,no,all_meshes,MESHES(NM),M,YC,MESH_TYPE,alloc,1,1251,1251
read.f90,READ_INPUT::READ_TRAN,setup,no,all_meshes,MESHES(NM),M,JBP1,MESH_TYPE,read,9,1251,1251;1253;1255;1257;1349;1352;1354;1362;1414
read.f90,READ_INPUT::READ_TRAN,setup,no,all_meshes,MESHES(NM),M,HY,MESH_TYPE,alloc,1,1253,1253
read.f90,READ_INPUT::READ_TRAN,setup,no,all_meshes,MESHES(NM),M,DY,MESH_TYPE,alloc,1,1255,1255
read.f90,READ_INPUT::READ_TRAN,setup,no,all_meshes,MESHES(NM),M,RDY,MESH_TYPE,alloc,1,1257,1257
read.f90,READ_INPUT::READ_TRAN,setup,no,all_meshes,MESHES(NM),M,DYN,MESH_TYPE,alloc,1,1259,1259
read.f90,READ_INPUT::READ_TRAN,setup,no,all_meshes,MESHES(NM),M,RDYN,MESH_TYPE,alloc,1,1261,1261
read.f90,READ_INPUT::READ_TRAN,setup,no,all_meshes,MESHES(NM),M,Z,MESH_TYPE,alloc,1,1263,1263
read.f90,READ_INPUT::READ_TRAN,setup,no,all_meshes,MESHES(NM),M,KBAR,MESH_TYPE,read,11,1263,1263;1273;1275;1368;1383;1385;1388;1390;1392;1410;1457
read.f90,READ_INPUT::READ_TRAN,setup,no,all_meshes,MESHES(NM),M,ZC,MESH_TYPE,alloc,1,1265,1265
read.f90,READ_INPUT::READ_TRAN,setup,no,all_meshes,MESHES(NM),M,KBP1,MESH_TYPE,read,10,1265,1265;1267;1269;1271;1385;1388;1390;1398;1400;1416
read.f90,READ_INPUT::READ_TRAN,setup,no,all_meshes,MESHES(NM),M,HZ,MESH_TYPE,alloc,1,1267,1267
read.f90,READ_INPUT::READ_TRAN,setup,no,all_meshes,MESHES(NM),M,DZ,MESH_TYPE,alloc,1,1269,1269
read.f90,READ_INPUT::READ_TRAN,setup,no,all_meshes,MESHES(NM),M,RDZ,MESH_TYPE,alloc,1,1271,1271
read.f90,READ_INPUT::READ_TRAN,setup,no,all_meshes,MESHES(NM),M,DZN,MESH_TYPE,alloc,1,1273,1273
read.f90,READ_INPUT::READ_TRAN,setup,no,all_meshes,MESHES(NM),M,RDZN,MESH_TYPE,alloc,1,1275,1275
read.f90,READ_INPUT::READ_TRAN,setup,no,all_meshes,MESHES(NM),M,DXMIN,MESH_TYPE,write,2,1280,1280;1293
read.f90,READ_INPUT::READ_TRAN,setup,no,all_meshes,MESHES(NM),M,DXI,MESH_TYPE,read,2,1283,1283;1292
read.f90,READ_INPUT::READ_TRAN,setup,no,all_meshes,MESHES(NM),M,X,MESH_TYPE,write,3,1284,1284;1301;1302
read.f90,READ_INPUT::READ_TRAN,setup,no,all_meshes,MESHES(NM),M,R,MESH_TYPE,write,2,1286,1286;1288
read.f90,READ_INPUT::READ_TRAN,setup,no,all_meshes,MESHES(NM),M,X,MESH_TYPE,read,3,1286,1286;1291;1314
read.f90,READ_INPUT::READ_TRAN,setup,no,all_meshes,MESHES(NM),M,DX,MESH_TYPE,write,3,1291,1291;1306;1307
read.f90,READ_INPUT::READ_TRAN,setup,no,all_meshes,MESHES(NM),M,HX,MESH_TYPE,write,4,1292,1292;1303;1304;1305
read.f90,READ_INPUT::READ_TRAN,setup,no,all_meshes,MESHES(NM),M,DX,MESH_TYPE,read,11,1292,1292;1298;1306;1307;1308;1309;1312;1316;1317;1411;1412
read.f90,READ_INPUT::READ_TRAN,setup,no,all_meshes,MESHES(NM),M,DXMIN,MESH_TYPE,arg,1,1293,1293
read.f90,READ_INPUT::READ_TRAN,setup,no,all_meshes,MESHES(NM),M,DX,MESH_TYPE,arg,2,1293,1293;1460
read.f90,READ_INPUT::READ_TRAN,setup,no,all_meshes,MESHES(NM),M,HX,MESH_TYPE,read,3,1294,1294;1303;1304
read.f90,READ_INPUT::READ_TRAN,setup,no,all_meshes,MESHES(NM),M,RDX,MESH_TYPE,write,3,1298,1298;1308;1309
read.f90,READ_INPUT::READ_TRAN,setup,no,all_meshes,MESHES(NM),M,DXN,MESH_TYPE,write,1,1312,1312
read.f90,READ_INPUT::READ_TRAN,setup,no,all_meshes,MESHES(NM),M,RDXN,MESH_TYPE,write,1,1313,1313
read.f90,READ_INPUT::READ_TRAN,setup,no,all_meshes,MESHES(NM),M,DXN,MESH_TYPE,read,1,1313,1313
read.f90,READ_INPUT::READ_TRAN,setup,no,all_meshes,MESHES(NM),M,XC,MESH_TYPE,write,3,1314,1314;1316;1317
read.f90,READ_INPUT::READ_TRAN,setup,no,all_meshes,MESHES(NM),M,R,MESH_TYPE,read,2,1321,1321;1322
read.f90,READ_INPUT::READ_TRAN,setup,no,all_meshes,MESHES(NM),M,RRN,MESH_TYPE,read,2,1324,1324;1325
read.f90,READ_INPUT::READ_TRAN,setup,no,all_meshes,MESHES(NM),M,DYMIN,MESH_TYPE,write,2,1330,1330;1338
read.f90,READ_INPUT::READ_TRAN,setup,no,all_meshes,MESHES(NM),M,DETA,MESH_TYPE,read,2,1333,1333;1337
read.f90,READ_INPUT::READ_TRAN,setup,no,all_meshes,MESHES(NM),M,Y,MESH_TYPE,write,3,1334,1334;1346;1347
read.f90,READ_INPUT::READ_TRAN,setup,no,all_meshes,MESHES(NM),M,DY,MESH_TYPE,write,3,1336,1336;1351;1352
read.f90,READ_INPUT::READ_TRAN,setup,no,all_meshes,MESHES(NM),M,Y,MESH_TYPE,read,2,1336,1336;1359
read.f90,READ_INPUT::READ_TRAN,setup,no,all_meshes,MESHES(NM),M,HY,MESH_TYPE,write,4,1337,1337;1348;1349;1350
read.f90,READ_INPUT::READ_TRAN,setup,no,all_meshes,MESHES(NM),M,DY,MESH_TYPE,read,11,1337,1337;1343;1351;1352;1353;1354;1357;1361;1362;1413;1414
read.f90,READ_INPUT::READ_TRAN,setup,no,all_meshes,MESHES(NM),M,DYMIN,MESH_TYPE,arg,1,1338,1338
read.f90,READ_INPUT::READ_TRAN,setup,no,all_meshes,MESHES(NM),M,DY,MESH_TYPE,arg,2,1338,1338;1460
read.f90,READ_INPUT::READ_TRAN,setup,no,all_meshes,MESHES(NM),M,HY,MESH_TYPE,read,3,1339,1339;1348;1349
read.f90,READ_INPUT::READ_TRAN,setup,no,all_meshes,MESHES(NM),M,RDY,MESH_TYPE,write,3,1343,1343;1353;1354
read.f90,READ_INPUT::READ_TRAN,setup,no,all_meshes,MESHES(NM),M,DYN,MESH_TYPE,write,1,1357,1357
read.f90,READ_INPUT::READ_TRAN,setup,no,all_meshes,MESHES(NM),M,RDYN,MESH_TYPE,write,1,1358,1358
read.f90,READ_INPUT::READ_TRAN,setup,no,all_meshes,MESHES(NM),M,DYN,MESH_TYPE,read,1,1358,1358
read.f90,READ_INPUT::READ_TRAN,setup,no,all_meshes,MESHES(NM),M,YC,MESH_TYPE,write,3,1359,1359;1361;1362
read.f90,READ_INPUT::READ_TRAN,setup,no,all_meshes,MESHES(NM),M,DZMIN,MESH_TYPE,write,2,1366,1366;1374
read.f90,READ_INPUT::READ_TRAN,setup,no,all_meshes,MESHES(NM),M,DZETA,MESH_TYPE,read,2,1369,1369;1373
read.f90,READ_INPUT::READ_TRAN,setup,no,all_meshes,MESHES(NM),M,Z,MESH_TYPE,write,3,1370,1370;1382;1383
read.f90,READ_INPUT::READ_TRAN,setup,no,all_meshes,MESHES(NM),M,DZ,MESH_TYPE,write,3,1372,1372;1387;1388
read.f90,READ_INPUT::READ_TRAN,setup,no,all_meshes,MESHES(NM),M,Z,MESH_TYPE,read,2,1372,1372;1395
read.f90,READ_INPUT::READ_TRAN,setup,no,all_meshes,MESHES(NM),M,HZ,MESH_TYPE,write,4,1373,1373;1384;1385;1386
read.f90,READ_INPUT::READ_TRAN,setup,no,all_meshes,MESHES(NM),M,DZ,MESH_TYPE,read,12,1373,1373;1379;1387;1388;1389;1390;1393;1397;1398;1404;1415;1416
read.f90,READ_INPUT::READ_TRAN,setup,no,all_meshes,MESHES(NM),M,DZMIN,MESH_TYPE,arg,1,1374,1374
read.f90,READ_INPUT::READ_TRAN,setup,no,all_meshes,MESHES(NM),M,DZ,MESH_TYPE,arg,4,1374,1374;1399;1400;1460
read.f90,READ_INPUT::READ_TRAN,setup,no,all_meshes,MESHES(NM),M,HZ,MESH_TYPE,read,3,1375,1375;1384;1385
read.f90,READ_INPUT::READ_TRAN,setup,no,all_meshes,MESHES(NM),M,RDZ,MESH_TYPE,write,3,1379,1379;1389;1390
read.f90,READ_INPUT::READ_TRAN,setup,no,all_meshes,MESHES(NM),M,DZN,MESH_TYPE,write,1,1393,1393
read.f90,READ_INPUT::READ_TRAN,setup,no,all_meshes,MESHES(NM),M,RDZN,MESH_TYPE,write,1,1394,1394
read.f90,READ_INPUT::READ_TRAN,setup,no,all_meshes,MESHES(NM),M,DZN,MESH_TYPE,read,1,1394,1394
read.f90,READ_INPUT::READ_TRAN,setup,no,all_meshes,MESHES(NM),M,ZC,MESH_TYPE,write,3,1395,1395;1397;1398
read.f90,READ_INPUT::READ_TRAN,setup,no,all_meshes,MESHES(NM),M,RDXINT,MESH_TYPE,write,1,1417,1417
read.f90,READ_INPUT::READ_TRAN,setup,no,all_meshes,MESHES(NM),M,RDYINT,MESH_TYPE,write,1,1418,1418
read.f90,READ_INPUT::READ_TRAN,setup,no,all_meshes,MESHES(NM),M,RDZINT,MESH_TYPE,write,1,1419,1419
read.f90,READ_INPUT::READ_TRAN,setup,no,all_meshes,MESHES(NM),M,CELLSI,MESH_TYPE,alloc,1,1421,1421
read.f90,READ_INPUT::READ_TRAN,setup,no,all_meshes,MESHES(NM),M,CELLSJ,MESH_TYPE,alloc,1,1423,1423
read.f90,READ_INPUT::READ_TRAN,setup,no,all_meshes,MESHES(NM),M,CELLSK,MESH_TYPE,alloc,1,1425,1425
read.f90,READ_INPUT::READ_TRAN,setup,no,all_meshes,MESHES(NM),M,CELLSI_LO,MESH_TYPE,write,1,1428,1428
read.f90,READ_INPUT::READ_TRAN,setup,no,all_meshes,MESHES(NM),M,CELLSI_HI,MESH_TYPE,write,1,1429,1429
read.f90,READ_INPUT::READ_TRAN,setup,no,all_meshes,MESHES(NM),M,CELLSI_LO,MESH_TYPE,read,1,1430,1430
read.f90,READ_INPUT::READ_TRAN,setup,no,all_meshes,MESHES(NM),M,CELLSI_HI,MESH_TYPE,read,1,1430,1430
read.f90,READ_INPUT::READ_TRAN,setup,no,all_meshes,MESHES(NM),M,CELLSI,MESH_TYPE,write,4,1431,1431;1432;1433;1434
read.f90,READ_INPUT::READ_TRAN,setup,no,all_meshes,MESHES(NM),M,RDXINT,MESH_TYPE,read,1,1431,1431
read.f90,READ_INPUT::READ_TRAN,setup,no,all_meshes,MESHES(NM),M,RDXI,MESH_TYPE,read,1,1431,1431
read.f90,READ_INPUT::READ_TRAN,setup,no,all_meshes,MESHES(NM),M,CELLSI,MESH_TYPE,read,1,1432,1432
read.f90,READ_INPUT::READ_TRAN,setup,no,all_meshes,MESHES(NM),M,CELLSI,MESH_TYPE,arg,3,1432,1432;1433;1434
read.f90,READ_INPUT::READ_TRAN,setup,no,all_meshes,MESHES(NM),M,IBAR,MESH_TYPE,arg,1,1434,1434
read.f90,READ_INPUT::READ_TRAN,setup,no,all_meshes,MESHES(NM),M,CELLSJ_LO,MESH_TYPE,write,1,1437,1437
read.f90,READ_INPUT::READ_TRAN,setup,no,all_meshes,MESHES(NM),M,CELLSJ_HI,MESH_TYPE,write,1,1438,1438
read.f90,READ_INPUT::READ_TRAN,setup,no,all_meshes,MESHES(NM),M,CELLSJ_LO,MESH_TYPE,read,1,1439,1439
read.f90,READ_INPUT::READ_TRAN,setup,no,all_meshes,MESHES(NM),M,CELLSJ_HI,MESH_TYPE,read,1,1439,1439
read.f90,READ_INPUT::READ_TRAN,setup,no,all_meshes,MESHES(NM),M,CELLSJ,MESH_TYPE,write,4,1440,1440;1441;1442;1443
read.f90,READ_INPUT::READ_TRAN,setup,no,all_meshes,MESHES(NM),M,RDYINT,MESH_TYPE,read,1,1440,1440
read.f90,READ_INPUT::READ_TRAN,setup,no,all_meshes,MESHES(NM),M,RDETA,MESH_TYPE,read,1,1440,1440
read.f90,READ_INPUT::READ_TRAN,setup,no,all_meshes,MESHES(NM),M,CELLSJ,MESH_TYPE,read,1,1441,1441
read.f90,READ_INPUT::READ_TRAN,setup,no,all_meshes,MESHES(NM),M,CELLSJ,MESH_TYPE,arg,3,1441,1441;1442;1443
read.f90,READ_INPUT::READ_TRAN,setup,no,all_meshes,MESHES(NM),M,JBAR,MESH_TYPE,arg,1,1443,1443
read.f90,READ_INPUT::READ_TRAN,setup,no,all_meshes,MESHES(NM),M,CELLSK_LO,MESH_TYPE,write,1,1446,1446
read.f90,READ_INPUT::READ_TRAN,setup,no,all_meshes,MESHES(NM),M,CELLSK_HI,MESH_TYPE,write,1,1447,1447
read.f90,READ_INPUT::READ_TRAN,setup,no,all_meshes,MESHES(NM),M,CELLSK_LO,MESH_TYPE,read,1,1448,1448
read.f90,READ_INPUT::READ_TRAN,setup,no,all_meshes,MESHES(NM),M,CELLSK_HI,MESH_TYPE,read,1,1448,1448
read.f90,READ_INPUT::READ_TRAN,setup,no,all_meshes,MESHES(NM),M,CELLSK,MESH_TYPE,write,4,1449,1449;1450;1451;1452
read.f90,READ_INPUT::READ_TRAN,setup,no,all_meshes,MESHES(NM),M,RDZINT,MESH_TYPE,read,1,1449,1449
read.f90,READ_INPUT::READ_TRAN,setup,no,all_meshes,MESHES(NM),M,RDZETA,MESH_TYPE,read,1,1449,1449
read.f90,READ_INPUT::READ_TRAN,setup,no,all_meshes,MESHES(NM),M,CELLSK,MESH_TYPE,read,1,1450,1450
read.f90,READ_INPUT::READ_TRAN,setup,no,all_meshes,MESHES(NM),M,CELLSK,MESH_TYPE,arg,3,1450,1450;1451;1452
read.f90,READ_INPUT::READ_TRAN,setup,no,all_meshes,MESHES(NM),M,KBAR,MESH_TYPE,arg,1,1452,1452
read.f90,READ_INPUT::READ_VENT,setup,no,all_meshes,MESHES(NM),direct,VENTS,MESH_TYPE,alloc,1,12154,12154
read.f90,READ_INPUT::READ_VENT,setup,no,all_meshes,MESHES(NM),direct,VENTS,MESH_TYPE,ptr_target,1,12154,12154
read.f90,READ_INPUT::READ_VENT,setup,no,all_meshes,MESHES(NM),M,N_OBST,MESH_TYPE,read,1,12748,12748
read.f90,READ_INPUT::READ_VENT,setup,no,all_meshes,MESHES(NM),direct,OBSTRUCTION,MESH_TYPE,ptr_target,1,12749,12749
turb.f90,TURBULENCE::SANDIA_DAT,setup,no,all_meshes,MESHES(IM),M,(whole),MESH_TYPE,ptr_bind,4,2207,2207;2243;2261;2271
turb.f90,TURBULENCE::SANDIA_DAT,setup,no,all_meshes,MESHES(IM),M,U,MESH_TYPE,write,4,2208,2208;2245;2262;2293
turb.f90,TURBULENCE::SANDIA_DAT,setup,no,all_meshes,MESHES(IM),M,V,MESH_TYPE,write,4,2209,2209;2245;2263;2295
turb.f90,TURBULENCE::SANDIA_DAT,setup,no,all_meshes,MESHES(IM),M,W,MESH_TYPE,write,4,2210,2210;2245;2264;2297
turb.f90,TURBULENCE::SANDIA_DAT,setup,no,all_meshes,MESHES(IM),M,U,MESH_TYPE,read,2,2247,2247;2262
turb.f90,TURBULENCE::SANDIA_DAT,setup,no,all_meshes,MESHES(IM),M,V,MESH_TYPE,read,2,2248,2248;2263
turb.f90,TURBULENCE::SANDIA_DAT,setup,no,all_meshes,MESHES(IM),M,W,MESH_TYPE,read,2,2249,2249;2264
turb.f90,TURBULENCE::SANDIA_DAT,setup,no,all_meshes,MESHES(IM),M,N_EXTERNAL_WALL_CELLS,MESH_TYPE,read,1,2273,2273
turb.f90,TURBULENCE::SANDIA_DAT,setup,no,all_meshes,MESHES(IM),M,WALL,MESH_TYPE,ptr_target,1,2275,2275
turb.f90,TURBULENCE::SANDIA_DAT,setup,no,all_meshes,MESHES(IM),M,BOUNDARY_COORD,MESH_TYPE,ptr_target,1,2276,2276
turb.f90,TURBULENCE::SANDIA_DAT,setup,no,all_meshes,MESHES(IM),M,EXTERNAL_WALL,MESH_TYPE,ptr_target,1,2277,2277
turb.f90,TURBULENCE::SANDIA_OUT,runtime+setup,no,all_meshes,MESHES(IM),M,(whole),MESH_TYPE,ptr_bind,1,2428,2428
turb.f90,TURBULENCE::SANDIA_OUT,runtime+setup,no,all_meshes,MESHES(IM),M,KBAR,MESH_TYPE,read,1,2430,2430
turb.f90,TURBULENCE::SANDIA_OUT,runtime+setup,no,all_meshes,MESHES(IM),M,ZS,MESH_TYPE,read,1,2431,2431
turb.f90,TURBULENCE::SANDIA_OUT,runtime+setup,no,all_meshes,MESHES(IM),M,DZ,MESH_TYPE,read,1,2431,2431
turb.f90,TURBULENCE::SANDIA_OUT,runtime+setup,no,all_meshes,MESHES(IM),M,JBAR,MESH_TYPE,read,1,2432,2432
turb.f90,TURBULENCE::SANDIA_OUT,runtime+setup,no,all_meshes,MESHES(IM),M,YS,MESH_TYPE,read,1,2433,2433
turb.f90,TURBULENCE::SANDIA_OUT,runtime+setup,no,all_meshes,MESHES(IM),M,DY,MESH_TYPE,read,1,2433,2433
turb.f90,TURBULENCE::SANDIA_OUT,runtime+setup,no,all_meshes,MESHES(IM),M,IBAR,MESH_TYPE,read,1,2434,2434
turb.f90,TURBULENCE::SANDIA_OUT,runtime+setup,no,all_meshes,MESHES(IM),M,XS,MESH_TYPE,read,1,2435,2435
turb.f90,TURBULENCE::SANDIA_OUT,runtime+setup,no,all_meshes,MESHES(IM),M,DX,MESH_TYPE,read,1,2435,2435
turb.f90,TURBULENCE::SANDIA_OUT,runtime+setup,no,all_meshes,MESHES(IM),M,U,MESH_TYPE,read,1,2437,2437
turb.f90,TURBULENCE::SANDIA_OUT,runtime+setup,no,all_meshes,MESHES(IM),M,V,MESH_TYPE,read,1,2438,2438
turb.f90,TURBULENCE::SANDIA_OUT,runtime+setup,no,all_meshes,MESHES(IM),M,W,MESH_TYPE,read,1,2439,2439
turb.f90,TURBULENCE::SPECTRAL_OUTPUT,unreached,no,all_meshes,MESHES(IM),M,(whole),MESH_TYPE,ptr_bind,1,2369,2369
turb.f90,TURBULENCE::SPECTRAL_OUTPUT,unreached,no,all_meshes,MESHES(IM),M,KBAR,MESH_TYPE,read,1,2371,2371
turb.f90,TURBULENCE::SPECTRAL_OUTPUT,unreached,no,all_meshes,MESHES(IM),M,ZS,MESH_TYPE,read,1,2372,2372
turb.f90,TURBULENCE::SPECTRAL_OUTPUT,unreached,no,all_meshes,MESHES(IM),M,DZ,MESH_TYPE,read,1,2372,2372
turb.f90,TURBULENCE::SPECTRAL_OUTPUT,unreached,no,all_meshes,MESHES(IM),M,JBAR,MESH_TYPE,read,1,2373,2373
turb.f90,TURBULENCE::SPECTRAL_OUTPUT,unreached,no,all_meshes,MESHES(IM),M,YS,MESH_TYPE,read,1,2374,2374
turb.f90,TURBULENCE::SPECTRAL_OUTPUT,unreached,no,all_meshes,MESHES(IM),M,DY,MESH_TYPE,read,1,2374,2374
turb.f90,TURBULENCE::SPECTRAL_OUTPUT,unreached,no,all_meshes,MESHES(IM),M,IBAR,MESH_TYPE,read,1,2375,2375
turb.f90,TURBULENCE::SPECTRAL_OUTPUT,unreached,no,all_meshes,MESHES(IM),M,XS,MESH_TYPE,read,1,2376,2376
turb.f90,TURBULENCE::SPECTRAL_OUTPUT,unreached,no,all_meshes,MESHES(IM),M,DX,MESH_TYPE,read,1,2376,2376
turb.f90,TURBULENCE::SPECTRAL_OUTPUT,unreached,no,all_meshes,MESHES(IM),M,U,MESH_TYPE,read,1,2378,2378
turb.f90,TURBULENCE::SPECTRAL_OUTPUT,unreached,no,all_meshes,MESHES(IM),M,V,MESH_TYPE,read,1,2379,2379
turb.f90,TURBULENCE::SPECTRAL_OUTPUT,unreached,no,all_meshes,MESHES(IM),M,W,MESH_TYPE,read,1,2380,2380
vtkf.f90,VTK_FDS_INTERFACE::ADD_1F32_DATA_TO_VTKHDF_RECT_GAS_FILE,unreached,no,all_meshes,MESHES(NM),direct,NC,MESH_TYPE,read,2,948,948;971
vtkf.f90,VTK_FDS_INTERFACE::ADD_1F32_DATA_TO_VTKHDF_RECT_GAS_FILE,unreached,no,all_meshes,MESHES(NM),direct,NP,MESH_TYPE,read,2,949,949;972
vtkf.f90,VTK_FDS_INTERFACE::ADD_3F32_DATA_TO_VTKHDF_RECT_GAS_FILE,unreached,no,all_meshes,MESHES(NM),direct,NP,MESH_TYPE,read,2,845,845;868
vtkf.f90,VTK_FDS_INTERFACE::ADD_3F32_DATA_TO_VTKHDF_RECT_GAS_FILE,unreached,no,all_meshes,MESHES(NM),direct,NC,MESH_TYPE,read,2,846,846;867
vtkf.f90,VTK_FDS_INTERFACE::ADD_DATA_TO_SMOKE3D_VTKHDF_FILE,runtime+setup,no,all_meshes,MESHES(NM),direct,NC,MESH_TYPE,read,2,1056,1056;1080
vtkf.f90,VTK_FDS_INTERFACE::ADD_DATA_TO_SMOKE3D_VTKHDF_FILE,runtime+setup,no,all_meshes,MESHES(NM),direct,NP,MESH_TYPE,read,2,1057,1057;1081
vtkf.f90,VTK_FDS_INTERFACE::INITIALIZE_VTKHDF_BNDF_STEP1,runtime+setup,no,all_meshes,MESHES(NM),direct,N_PATCH,MESH_TYPE,read,1,2248,2248
vtkf.f90,VTK_FDS_INTERFACE::INITIALIZE_VTKHDF_BNDF_STEP1,runtime+setup,no,all_meshes,MESHES(NM),direct,N_INTERNAL_CFACE_CELLS,MESH_TYPE,read,1,2286,2286
vtkf.f90,VTK_FDS_INTERFACE::INITIALIZE_VTKHDF_BNDF_STEP2,runtime+setup,no,all_meshes,MESHES(NM),direct,N_PATCH,MESH_TYPE,read,1,2520,2520
vtkf.f90,VTK_FDS_INTERFACE::INITIALIZE_VTKHDF_BNDF_STEP2,runtime+setup,no,all_meshes,MESHES(NM),direct,N_INTERNAL_CFACE_CELLS,MESH_TYPE,read,1,2580,2580
vtkf.f90,VTK_FDS_INTERFACE::INITIALIZE_VTKHDF_SLCF,runtime+setup,no,all_meshes,MESHES(NM),direct,EMPTY_UNIQUE_SLICE,MESH_TYPE,arg,1,1429,1429
vtkf.f90,VTK_FDS_INTERFACE::WRITE_PARAVIEW_STATE_FILE,setup,no,all_meshes,MESHES(NM),M,(whole),MESH_TYPE,ptr_bind,1,4008,4008
vtkf.f90,VTK_FDS_INTERFACE::WRITE_PARAVIEW_STATE_FILE,setup,no,all_meshes,MESHES(NM),M,XF,MESH_TYPE,arg,1,4009,4009
vtkf.f90,VTK_FDS_INTERFACE::WRITE_PARAVIEW_STATE_FILE,setup,no,all_meshes,MESHES(NM),M,XS,MESH_TYPE,arg,1,4010,4010
vtkf.f90,VTK_FDS_INTERFACE::WRITE_PARAVIEW_STATE_FILE,setup,no,all_meshes,MESHES(NM),M,YF,MESH_TYPE,arg,1,4011,4011
vtkf.f90,VTK_FDS_INTERFACE::WRITE_PARAVIEW_STATE_FILE,setup,no,all_meshes,MESHES(NM),M,YS,MESH_TYPE,arg,1,4012,4012
vtkf.f90,VTK_FDS_INTERFACE::WRITE_PARAVIEW_STATE_FILE,setup,no,all_meshes,MESHES(NM),M,ZF,MESH_TYPE,arg,1,4013,4013
vtkf.f90,VTK_FDS_INTERFACE::WRITE_PARAVIEW_STATE_FILE,setup,no,all_meshes,MESHES(NM),M,ZS,MESH_TYPE,arg,1,4014,4014
vtkf.f90,VTK_FDS_INTERFACE::WRITE_VTKHDF_GEOM_FILE,setup,no,all_meshes,MESHES(NM),M,(whole),MESH_TYPE,ptr_bind,2,1691,1691;1910
vtkf.f90,VTK_FDS_INTERFACE::WRITE_VTKHDF_GEOM_FILE,setup,no,all_meshes,MESHES(NM),direct,N_PATCH,MESH_TYPE,read,2,1701,1701;1900
vtkf.f90,VTK_FDS_INTERFACE::WRITE_VTKHDF_GEOM_FILE,setup,no,all_meshes,MESHES(NM),direct,N_INTERNAL_CFACE_CELLS,MESH_TYPE,read,2,1737,1737;1999
vtkf.f90,VTK_FDS_INTERFACE::WRITE_VTKHDF_GEOM_FILE,setup,no,all_meshes,MESHES(NM),M,OBSTRUCTION,MESH_TYPE,inquiry,1,1911,1911
vtkf.f90,VTK_FDS_INTERFACE::WRITE_VTKHDF_GEOM_FILE,setup,no,all_meshes,MESHES(NM),M,OBSTRUCTION,MESH_TYPE,ptr_target,1,1915,1915
vtkf.f90,VTK_FDS_INTERFACE::WRITE_VTKHDF_RECT_GAS_FILE,runtime+setup,no,all_meshes,MESHES(NM),direct,NC,MESH_TYPE,read,2,1165,1165;1201
vtkf.f90,VTK_FDS_INTERFACE::WRITE_VTKHDF_RECT_GAS_FILE,runtime+setup,no,all_meshes,MESHES(NM),direct,NP,MESH_TYPE,read,2,1166,1166;1202
vtkf.f90,VTK_FDS_INTERFACE::WRITE_VTKHDF_RECT_GAS_FILE,runtime+setup,no,all_meshes,MESHES(NM),M,(whole),MESH_TYPE,ptr_bind,1,1212,1212
ccib.f90,CC_SCALARS::CC_SET_DATA,setup,no,literal_mesh,MESHES(1),direct,XS,MESH_TYPE,read,1,7206,7206
ccib.f90,CC_SCALARS::CC_SET_DATA,setup,no,literal_mesh,MESHES(1),direct,YS,MESH_TYPE,read,1,7206,7206
ccib.f90,CC_SCALARS::CC_SET_DATA,setup,no,literal_mesh,MESHES(1),direct,ZS,MESH_TYPE,read,1,7206,7206
ccib.f90,CC_SCALARS::CC_SET_DATA,setup,no,literal_mesh,MESHES(1),direct,XF,MESH_TYPE,read,1,7207,7207
ccib.f90,CC_SCALARS::CC_SET_DATA,setup,no,literal_mesh,MESHES(1),direct,YF,MESH_TYPE,read,1,7207,7207
ccib.f90,CC_SCALARS::CC_SET_DATA,setup,no,literal_mesh,MESHES(1),direct,ZF,MESH_TYPE,read,1,7207,7207
dump.f90,DUMP::ASSIGN_FILE_NAMES,setup,no,literal_mesh,MESHES(1),direct,N_UNIQUE_SLCF,MESH_TYPE,read,1,446,446
dump.f90,DUMP::DUMP_HRR,runtime+setup,no,literal_mesh,MESHES(1),direct,PBAR,MESH_TYPE,read,1,11851,11851
dump.f90,DUMP::DUMP_SLCF_VTK,runtime+setup,no,literal_mesh,MESHES(1),direct,N_UNIQUE_SLCF,MESH_TYPE,read,2,7373,7373;7446
dump.f90,DUMP::DUMP_SLCF_VTK,runtime+setup,no,literal_mesh,MESHES(1),direct,UNIQUE_SLICE_IN_DOMAIN,MESH_TYPE,read,2,7375,7375;7447
dump.f90,DUMP::DUMP_SLCF_VTK,runtime+setup,no,literal_mesh,MESHES(1),direct,UNIQUE_SLICE_IS_SL3D,MESH_TYPE,read,2,7376,7376;7448
dump.f90,DUMP::DUMP_SLCF_VTK,runtime+setup,no,literal_mesh,MESHES(1),direct,UNIQUE_SLICE_NAMES,MESH_TYPE,read,2,7378,7378;7450
dump.f90,DUMP::DUMP_SLCF_VTK,runtime+setup,no,literal_mesh,MESHES(1),direct,N_SLCF_VTK,MESH_TYPE,read,4,7385,7385;7444;7454;7468
dump.f90,DUMP::DUMP_SLCF_VTK,runtime+setup,no,literal_mesh,MESHES(1),direct,ALL_SLICE_NAMES,MESH_TYPE,arg,2,7386,7386;7455
dump.f90,DUMP::DUMP_SLCF_VTK,runtime+setup,no,literal_mesh,MESHES(1),direct,UNIQUE_SLICE_NAMES,MESH_TYPE,arg,2,7386,7386;7455
dump.f90,DUMP::DUMP_SLCF_VTK,runtime+setup,no,literal_mesh,MESHES(1),direct,ALL_SLICE_QUANTITIES,MESH_TYPE,read,2,7387,7387;7456
dump.f90,DUMP::DUMP_SLCF_VTK,runtime+setup,no,literal_mesh,MESHES(1),direct,UNIQUE_SLCF_AGL,MESH_TYPE,read,1,7449,7449
dump.f90,DUMP::DUMP_SLCF_VTK,runtime+setup,no,literal_mesh,MESHES(1),direct,ALL_SLICE_QUANTITIES,MESH_TYPE,arg,1,7471,7471
dump.f90,DUMP::INITIALIZE_DIAGNOSTIC_FILE,setup,no,literal_mesh,MESHES(1),direct,KBAR,MESH_TYPE,read,1,3194,3194
dump.f90,DUMP::INITIALIZE_DIAGNOSTIC_FILE,setup,no,literal_mesh,MESHES(1),direct,ZC,MESH_TYPE,read,1,3195,3195
dump.f90,DUMP::INITIALIZE_DIAGNOSTIC_FILE,setup,no,literal_mesh,MESHES(1),direct,P_0,MESH_TYPE,read,1,3195,3195
dump.f90,DUMP::INITIALIZE_DIAGNOSTIC_FILE,setup,no,literal_mesh,MESHES(1),direct,TMP_0,MESH_TYPE,read,1,3195,3195
geom.f90,COMPLEX_GEOMETRY::READ_GEOM,setup,no,literal_mesh,MESHES(1),M,(whole),MESH_TYPE,ptr_bind,1,2078,2078
geom.f90,COMPLEX_GEOMETRY::READ_GEOM,setup,no,literal_mesh,MESHES(1),M,DXMIN,MESH_TYPE,read,1,2079,2079
main.f90,FDS::EXCHANGE_NSLICE_INFO,setup,yes,literal_mesh,MESHES(1),direct,N_UNIQUE_SLCF,MESH_TYPE,read,7,4814,4814;4817;4834;4852;4854;4868;4870
main.f90,FDS::EXCHANGE_NSLICE_INFO,setup,yes,literal_mesh,MESHES(1),direct,N_SLCF_O,MESH_TYPE,read,13,4815,4815;4884;4885;4888;4894;4895;4896;4908;4909;4910;4916;4917;4920
main.f90,FDS::EXCHANGE_NSLICE_INFO,setup,yes,literal_mesh,MESHES(1),direct,N_UNIQUE_SLCF,MESH_TYPE,arg,6,4823,4823;4828;4855;4860;4871;4876
main.f90,FDS::EXCHANGE_NSLICE_INFO,setup,yes,literal_mesh,MESHES(1),direct,UNIQUE_SLICE_IN_DOMAIN,MESH_TYPE,write,2,4843,4843;4856
main.f90,FDS::EXCHANGE_NSLICE_INFO,setup,yes,literal_mesh,MESHES(1),direct,UNIQUE_SLICE_IN_DOMAIN,MESH_TYPE,inquiry,1,4851,4851
main.f90,FDS::EXCHANGE_NSLICE_INFO,setup,yes,literal_mesh,MESHES(1),direct,UNIQUE_SLICE_IN_DOMAIN,MESH_TYPE,alloc,1,4852,4852
main.f90,FDS::EXCHANGE_NSLICE_INFO,setup,yes,literal_mesh,MESHES(1),direct,UNIQUE_SLICE_IN_DOMAIN,MESH_TYPE,arg,1,4860,4860
main.f90,FDS::EXCHANGE_NSLICE_INFO,setup,yes,literal_mesh,MESHES(1),direct,UNIQUE_SLICE_IS_SL3D,MESH_TYPE,inquiry,1,4867,4867
main.f90,FDS::EXCHANGE_NSLICE_INFO,setup,yes,literal_mesh,MESHES(1),direct,UNIQUE_SLICE_IS_SL3D,MESH_TYPE,alloc,1,4868,4868
main.f90,FDS::EXCHANGE_NSLICE_INFO,setup,yes,literal_mesh,MESHES(1),direct,UNIQUE_SLICE_IS_SL3D,MESH_TYPE,write,1,4872,4872
main.f90,FDS::EXCHANGE_NSLICE_INFO,setup,yes,literal_mesh,MESHES(1),direct,UNIQUE_SLICE_IS_SL3D,MESH_TYPE,arg,1,4876,4876
main.f90,FDS::EXCHANGE_NSLICE_INFO,setup,yes,literal_mesh,MESHES(1),direct,ALL_SLICE_QUANTITIES,MESH_TYPE,read,2,4886,4886;4918
main.f90,FDS::EXCHANGE_NSLICE_INFO,setup,yes,literal_mesh,MESHES(1),direct,ALL_SLICE_QUANTITIES,MESH_TYPE,write,2,4899,4899;4912
main.f90,FDS::WRITE_STRINGS,runtime+setup,no,literal_mesh,MESHES(1),direct,N_STRINGS,MESH_TYPE,read,1,4193,4193
main.f90,FDS::WRITE_STRINGS,runtime+setup,no,literal_mesh,MESHES(1),direct,STRING,MESH_TYPE,arg,1,4194,4194
read.f90,READ_INPUT::READ_DEVC,setup,no,literal_mesh,MESHES(1),direct,XS,MESH_TYPE,read,1,14229,14229
read.f90,READ_INPUT::READ_DEVC,setup,no,literal_mesh,MESHES(1),direct,YS,MESH_TYPE,read,1,14230,14230
read.f90,READ_INPUT::READ_DEVC,setup,no,literal_mesh,MESHES(1),direct,ZS,MESH_TYPE,read,1,14231,14231
read.f90,READ_INPUT::READ_SLCF,setup,no,literal_mesh,MESHES(1),direct,N_UNIQUE_SLCF,MESH_TYPE,write,1,16001,16001
read.f90,READ_INPUT::READ_SLCF,setup,no,literal_mesh,MESHES(1),direct,UNIQUE_SLICE_IN_DOMAIN,MESH_TYPE,inquiry,1,16002,16002
read.f90,READ_INPUT::READ_SLCF,setup,no,literal_mesh,MESHES(1),direct,UNIQUE_SLICE_IN_DOMAIN,MESH_TYPE,alloc,1,16003,16003
read.f90,READ_INPUT::READ_SLCF,setup,no,literal_mesh,MESHES(1),direct,ALL_SLICE_NAMES,MESH_TYPE,inquiry,1,16010,16010
read.f90,READ_INPUT::READ_SLCF,setup,no,literal_mesh,MESHES(1),direct,ALL_SLICE_NAMES,MESH_TYPE,alloc,1,16011,16011
read.f90,READ_INPUT::READ_SLCF,setup,no,literal_mesh,MESHES(1),direct,ALL_SLICE_QUANTITIES,MESH_TYPE,alloc,1,16012,16012
read.f90,READ_INPUT::READ_SLCF,setup,no,literal_mesh,MESHES(1),direct,ALL_SLICE_TOPOLOGIES,MESH_TYPE,alloc,1,16013,16013
read.f90,READ_INPUT::READ_SLCF,setup,no,literal_mesh,MESHES(1),direct,ALL_SLICE_NAMES,MESH_TYPE,write,2,16015,16015;16145
read.f90,READ_INPUT::READ_SLCF,setup,no,literal_mesh,MESHES(1),direct,ALL_SLICE_QUANTITIES,MESH_TYPE,write,2,16016,16016;16164
read.f90,READ_INPUT::READ_SLCF,setup,no,literal_mesh,MESHES(1),direct,ALL_SLICE_TOPOLOGIES,MESH_TYPE,write,4,16017,16017;16148;16150;16152
read.f90,READ_INPUT::READ_SLCF,setup,no,literal_mesh,MESHES(1),direct,N_SLCF_O,MESH_TYPE,write,1,16019,16019
read.f90,READ_INPUT::READ_SLCF,setup,no,literal_mesh,MESHES(1),direct,UNIQUE_SLCF_AGL,MESH_TYPE,inquiry,1,16022,16022
read.f90,READ_INPUT::READ_SLCF,setup,no,literal_mesh,MESHES(1),direct,UNIQUE_SLCF_AGL,MESH_TYPE,alloc,1,16023,16023
read.f90,READ_INPUT::READ_SLCF,setup,no,literal_mesh,MESHES(1),direct,UNIQUE_SLCF_AGL,MESH_TYPE,write,1,16024,16024
read.f90,READ_INPUT::READ_SLCF,setup,no,literal_mesh,MESHES(1),direct,N_SLCF_VTK,MESH_TYPE,write,1,16166,16166
read.f90,READ_INPUT::READ_SLCF,setup,no,literal_mesh,MESHES(1),direct,UNIQUE_SLICE_IN_DOMAIN,MESH_TYPE,write,1,16169,16169
read.f90,READ_INPUT::READ_SLCF,setup,no,literal_mesh,MESHES(1),direct,ALL_SLICE_TOPOLOGIES,MESH_TYPE,read,1,16171,16171
read.f90,READ_INPUT::READ_SLCF,setup,no,literal_mesh,MESHES(1),direct,UNIQUE_SLICE_NAMES,MESH_TYPE,inquiry,1,16353,16353
read.f90,READ_INPUT::READ_SLCF,setup,no,literal_mesh,MESHES(1),direct,UNIQUE_SLICE_NAMES,MESH_TYPE,alloc,1,16354,16354
read.f90,READ_INPUT::READ_SLCF,setup,no,literal_mesh,MESHES(1),direct,UNIQUE_SLICE_NAMES,MESH_TYPE,write,1,16355,16355
vtkf.f90,VTK_FDS_INTERFACE::INITIALIZE_VTKHDF_FILES,runtime+setup,no,literal_mesh,MESHES(1),direct,N_UNIQUE_SLCF,MESH_TYPE,read,1,1334,1334
vtkf.f90,VTK_FDS_INTERFACE::INITIALIZE_VTKHDF_FILES,runtime+setup,no,literal_mesh,MESHES(1),direct,UNIQUE_SLICE_IN_DOMAIN,MESH_TYPE,arg,1,1335,1335
vtkf.f90,VTK_FDS_INTERFACE::INITIALIZE_VTKHDF_SLCF,runtime+setup,no,literal_mesh,MESHES(1),direct,UNIQUE_SLICE_NAMES,MESH_TYPE,arg,1,1399,1399
vtkf.f90,VTK_FDS_INTERFACE::INITIALIZE_VTKHDF_SLCF,runtime+setup,no,literal_mesh,MESHES(1),direct,N_UNIQUE_SLCF,MESH_TYPE,read,1,1421,1421
vtkf.f90,VTK_FDS_INTERFACE::INITIALIZE_VTKHDF_SLCF,runtime+setup,no,literal_mesh,MESHES(1),direct,N_SLCF_VTK,MESH_TYPE,read,1,1434,1434
vtkf.f90,VTK_FDS_INTERFACE::INITIALIZE_VTKHDF_SLCF,runtime+setup,no,literal_mesh,MESHES(1),direct,UNIQUE_SLCF_AGL,MESH_TYPE,read,1,1442,1442
vtkf.f90,VTK_FDS_INTERFACE::WRITE_VTKHDF_SLICE_CELL_FILE,runtime+setup,no,literal_mesh,MESHES(1),direct,N_SLCF_VTK,MESH_TYPE,read,1,3718,3718
ccib.f90,CC_SCALARS::FILL_IJKO_INTERP_STENCILS,setup,no,neighbour_omesh,MESHES(NOM)%OMESH(NM),M2,(whole),OMESH_TYPE,ptr_bind,3,18988,18988;19066;19118
ccib.f90,CC_SCALARS::FILL_IJKO_INTERP_STENCILS,setup,no,neighbour_omesh,MESHES(NOM)%OMESH(NM),M2,NFCC_S,OMESH_TYPE,write,1,18989,18989
ccib.f90,CC_SCALARS::FILL_IJKO_INTERP_STENCILS,setup,no,neighbour_omesh,MESHES(NOM)%OMESH(NM),M2,IIO_FC_S,OMESH_TYPE,write,1,19067,19067
ccib.f90,CC_SCALARS::FILL_IJKO_INTERP_STENCILS,setup,no,neighbour_omesh,MESHES(NOM)%OMESH(NM),M2,NFCC_S,OMESH_TYPE,read,7,19067,19067;19068;19069;19070;19119;19120;19121
ccib.f90,CC_SCALARS::FILL_IJKO_INTERP_STENCILS,setup,no,neighbour_omesh,MESHES(NOM)%OMESH(NM),M2,JJO_FC_S,OMESH_TYPE,write,1,19068,19068
ccib.f90,CC_SCALARS::FILL_IJKO_INTERP_STENCILS,setup,no,neighbour_omesh,MESHES(NOM)%OMESH(NM),M2,KKO_FC_S,OMESH_TYPE,write,1,19069,19069
ccib.f90,CC_SCALARS::FILL_IJKO_INTERP_STENCILS,setup,no,neighbour_omesh,MESHES(NOM)%OMESH(NM),M2,AXS_FC_S,OMESH_TYPE,write,1,19070,19070
ccib.f90,CC_SCALARS::FILL_IJKO_INTERP_STENCILS,setup,no,neighbour_omesh,MESHES(NOM)%OMESH(NM),M2,IIO_CC_S,OMESH_TYPE,write,1,19119,19119
ccib.f90,CC_SCALARS::FILL_IJKO_INTERP_STENCILS,setup,no,neighbour_omesh,MESHES(NOM)%OMESH(NM),M2,JJO_CC_S,OMESH_TYPE,write,1,19120,19120
ccib.f90,CC_SCALARS::FILL_IJKO_INTERP_STENCILS,setup,no,neighbour_omesh,MESHES(NOM)%OMESH(NM),M2,KKO_CC_S,OMESH_TYPE,write,1,19121,19121
ccib.f90,CC_SCALARS::FILL_UNKZ_GUARDCELLS,setup,no,neighbour_omesh,MESHES(NM)%OMESH(NOM),M3,(whole),OMESH_TYPE,ptr_bind,4,20028,20028;20124;20154;20212
ccib.f90,CC_SCALARS::FILL_UNKZ_GUARDCELLS,setup,no,neighbour_omesh,MESHES(NM)%OMESH(NOM),M3,NICC_R,OMESH_TYPE,arg,1,20031,20031
ccib.f90,CC_SCALARS::FILL_UNKZ_GUARDCELLS,setup,no,neighbour_omesh,MESHES(NOM)%OMESH(),direct,(whole),OMESH_TYPE,inquiry,4,20034,20034;20130;20160;20218
ccib.f90,CC_SCALARS::FILL_UNKZ_GUARDCELLS,setup,no,neighbour_omesh,MESHES(NOM)%OMESH(NM),M2,(whole),OMESH_TYPE,ptr_bind,7,20035,20035;20079;20131;20161;20219;20253;20348
ccib.f90,CC_SCALARS::FILL_UNKZ_GUARDCELLS,setup,no,neighbour_omesh,MESHES(NOM)%OMESH(NM),M2,NICC_S,OMESH_TYPE,write,1,20036,20036
ccib.f90,CC_SCALARS::FILL_UNKZ_GUARDCELLS,setup,no,neighbour_omesh,MESHES(NM)%OMESH(NOM),M3,NICC_R,OMESH_TYPE,read,1,20036,20036
ccib.f90,CC_SCALARS::FILL_UNKZ_GUARDCELLS,setup,no,neighbour_omesh,MESHES(NOM)%OMESH(NM),M2,ICC_UNKZ_CC_S,OMESH_TYPE,write,1,20080,20080
ccib.f90,CC_SCALARS::FILL_UNKZ_GUARDCELLS,setup,no,neighbour_omesh,MESHES(NOM)%OMESH(NM),M2,NICC_S,OMESH_TYPE,read,2,20080,20080;20349
ccib.f90,CC_SCALARS::FILL_UNKZ_GUARDCELLS,setup,no,neighbour_omesh,MESHES(NM)%OMESH(NOM),M3,ICC_UNKZ_CC_S,OMESH_TYPE,inquiry,2,20125,20125;20155
ccib.f90,CC_SCALARS::FILL_UNKZ_GUARDCELLS,setup,no,neighbour_omesh,MESHES(NM)%OMESH(NOM),M3,NICC_S,OMESH_TYPE,arg,1,20128,20128
ccib.f90,CC_SCALARS::FILL_UNKZ_GUARDCELLS,setup,no,neighbour_omesh,MESHES(NOM)%OMESH(NM),M2,NICC_R,OMESH_TYPE,write,1,20132,20132
ccib.f90,CC_SCALARS::FILL_UNKZ_GUARDCELLS,setup,no,neighbour_omesh,MESHES(NM)%OMESH(NOM),M3,NICC_S,OMESH_TYPE,read,3,20132,20132;20158;20162
ccib.f90,CC_SCALARS::FILL_UNKZ_GUARDCELLS,setup,no,neighbour_omesh,MESHES(NM)%OMESH(NOM),M3,ICC_UNKZ_CC_S,OMESH_TYPE,arg,1,20158,20158
ccib.f90,CC_SCALARS::FILL_UNKZ_GUARDCELLS,setup,no,neighbour_omesh,MESHES(NOM)%OMESH(NM),M2,NICC_R,OMESH_TYPE,read,1,20162,20162
ccib.f90,CC_SCALARS::FILL_UNKZ_GUARDCELLS,setup,no,neighbour_omesh,MESHES(NOM)%OMESH(NM),M2,ICC_UNKZ_CC_R,OMESH_TYPE,write,1,20162,20162
ccib.f90,CC_SCALARS::FILL_UNKZ_GUARDCELLS,setup,no,neighbour_omesh,MESHES(NM)%OMESH(NOM),M3,ICC_UNKZ_CC_S,OMESH_TYPE,read,1,20162,20162
ccib.f90,CC_SCALARS::FILL_UNKZ_GUARDCELLS,setup,no,neighbour_omesh,MESHES(NM)%OMESH(NOM),M3,NICF_R,OMESH_TYPE,arg,1,20215,20215
ccib.f90,CC_SCALARS::FILL_UNKZ_GUARDCELLS,setup,no,neighbour_omesh,MESHES(NOM)%OMESH(NM),M2,NICF_S,OMESH_TYPE,write,1,20220,20220
ccib.f90,CC_SCALARS::FILL_UNKZ_GUARDCELLS,setup,no,neighbour_omesh,MESHES(NM)%OMESH(NOM),M3,NICF_R,OMESH_TYPE,read,1,20220,20220
ccib.f90,CC_SCALARS::FILL_UNKZ_GUARDCELLS,setup,no,neighbour_omesh,MESHES(NOM)%OMESH(NM),M2,ICF_UFFB_CF_S,OMESH_TYPE,write,2,20254,20254;20261
ccib.f90,CC_SCALARS::FILL_UNKZ_GUARDCELLS,setup,no,neighbour_omesh,MESHES(NOM)%OMESH(NM),M2,NICF_S,OMESH_TYPE,read,3,20254,20254;20256;20263
ccib.f90,CC_SCALARS::FILL_UNKZ_GUARDCELLS,setup,no,neighbour_omesh,MESHES(NOM)%OMESH(NM),M2,ICF_UFFB_CF_S,OMESH_TYPE,read,5,20257,20257;20258;20259;20260;20263
ccib.f90,CC_SCALARS::FILL_UNKZ_GUARDCELLS,setup,no,neighbour_omesh,MESHES(NOM)%OMESH(NM),M2,ICF_UFFB_CF_S,OMESH_TYPE,arg,1,20264,20264
ccib.f90,CC_SCALARS::FILL_UNKZ_GUARDCELLS,setup,no,neighbour_omesh,MESHES(NOM)%OMESH(NM),M2,UNKZ_CC_S,OMESH_TYPE,read,1,20349,20349
ccib.f90,CC_SCALARS::MESH_CC_EXCHANGE,runtime+setup,yes,neighbour_omesh,MESHES(NOM)%OMESH(NM),M2,(whole),OMESH_TYPE,ptr_bind,7,4227,4227;4325;4431;4550;4604;4677;4708
ccib.f90,CC_SCALARS::MESH_CC_EXCHANGE,runtime+setup,yes,neighbour_omesh,MESHES(NOM)%OMESH(NM),M2,NFEP_R,OMESH_TYPE,read,8,4228,4228;4326;4344;4361;4432;4605;4623;4640
ccib.f90,CC_SCALARS::MESH_CC_EXCHANGE,runtime+setup,yes,neighbour_omesh,MESHES(NOM)%OMESH(NM),M2,IFEP_R_2,OMESH_TYPE,read,4,4229,4229;4230;4433;4434
ccib.f90,CC_SCALARS::MESH_CC_EXCHANGE,runtime+setup,yes,neighbour_omesh,MESHES(NOM)%OMESH(NM),M2,IFEP_R_1,OMESH_TYPE,read,4,4327,4327;4328;4606;4607
ccib.f90,CC_SCALARS::MESH_CC_EXCHANGE,runtime+setup,yes,neighbour_omesh,MESHES(NOM)%OMESH(NM),M2,IFEP_R_3,OMESH_TYPE,read,4,4345,4345;4346;4624;4625
ccib.f90,CC_SCALARS::MESH_CC_EXCHANGE,runtime+setup,yes,neighbour_omesh,MESHES(NOM)%OMESH(NM),M2,IFEP_R_4,OMESH_TYPE,read,4,4362,4362;4363;4641;4642
ccib.f90,CC_SCALARS::MESH_CC_EXCHANGE,runtime+setup,yes,neighbour_omesh,MESHES(NOM)%OMESH(NM),M2,U_LNK,OMESH_TYPE,ptr_target,1,4551,4551
ccib.f90,CC_SCALARS::MESH_CC_EXCHANGE,runtime+setup,yes,neighbour_omesh,MESHES(NOM)%OMESH(NM),M2,V_LNK,OMESH_TYPE,ptr_target,1,4551,4551
ccib.f90,CC_SCALARS::MESH_CC_EXCHANGE,runtime+setup,yes,neighbour_omesh,MESHES(NOM)%OMESH(NM),M2,W_LNK,OMESH_TYPE,ptr_target,1,4551,4551
ccib.f90,CC_SCALARS::MESH_CC_EXCHANGE,runtime+setup,yes,neighbour_omesh,MESHES(NOM)%OMESH(NM),M2,REAL_RECV_PKG13,OMESH_TYPE,write,8,4683,4683;4684;4685;4686;4714;4715;4716;4717
main.f90,FDS::MESH_EXCHANGE,runtime+setup,yes,neighbour_omesh,MESHES(NOM)%OMESH(NM),M2,(whole),OMESH_TYPE,ptr_bind,12,3237,3237;3335;3384;3414;3445;3507;3515;3534;3573;3589;3599;3609
main.f90,FDS::MESH_EXCHANGE,runtime+setup,yes,neighbour_omesh,MESHES(NOM)%OMESH(NM),M2,WALL_SEND_BUFFER,OMESH_TYPE,write_component,2,3238,3238;3239
main.f90,FDS::MESH_EXCHANGE,runtime+setup,yes,neighbour_omesh,MESHES(NOM)%OMESH(NM),M2,THIN_WALL_SEND_BUFFER,OMESH_TYPE,write_component,2,3240,3240;3241
main.f90,FDS::MESH_EXCHANGE,runtime+setup,yes,neighbour_omesh,MESHES(NOM)%OMESH(NM),direct,WALL_RECV_BUFFER,OMESH_TYPE,ptr_target,1,3264,3264
main.f90,FDS::MESH_EXCHANGE,runtime+setup,yes,neighbour_omesh,MESHES(NOM)%OMESH(NM),direct,THIN_WALL_RECV_BUFFER,OMESH_TYPE,ptr_target,1,3278,3278
main.f90,FDS::MESH_EXCHANGE,runtime+setup,yes,neighbour_omesh,MESHES(NOM)%OMESH(NM),M2,RHOS,OMESH_TYPE,ptr_target,1,3337,3337
main.f90,FDS::MESH_EXCHANGE,runtime+setup,yes,neighbour_omesh,MESHES(NOM)%OMESH(NM),M2,D,OMESH_TYPE,ptr_target,1,3337,3337
main.f90,FDS::MESH_EXCHANGE,runtime+setup,yes,neighbour_omesh,MESHES(NOM)%OMESH(NM),M2,ZZS,OMESH_TYPE,ptr_target,1,3337,3337
main.f90,FDS::MESH_EXCHANGE,runtime+setup,yes,neighbour_omesh,MESHES(NOM)%OMESH(NM),M2,RHO,OMESH_TYPE,ptr_target,1,3339,3339
main.f90,FDS::MESH_EXCHANGE,runtime+setup,yes,neighbour_omesh,MESHES(NOM)%OMESH(NM),M2,DS,OMESH_TYPE,ptr_target,1,3339,3339
main.f90,FDS::MESH_EXCHANGE,runtime+setup,yes,neighbour_omesh,MESHES(NOM)%OMESH(NM),M2,ZZ,OMESH_TYPE,ptr_target,1,3339,3339
main.f90,FDS::MESH_EXCHANGE,runtime+setup,yes,neighbour_omesh,MESHES(NOM)%OMESH(NM),M2,MU,OMESH_TYPE,write,1,3342,3342
main.f90,FDS::MESH_EXCHANGE,runtime+setup,yes,neighbour_omesh,MESHES(NOM)%OMESH(NM),M2,KRES,OMESH_TYPE,write,1,3343,3343
main.f90,FDS::MESH_EXCHANGE,runtime+setup,yes,neighbour_omesh,MESHES(NOM)%OMESH(NM),M2,Q,OMESH_TYPE,write,1,3344,3344
main.f90,FDS::MESH_EXCHANGE,runtime+setup,yes,neighbour_omesh,MESHES(NOM)%OMESH(NM),M2,H,OMESH_TYPE,ptr_target,2,3386,3386;3449
main.f90,FDS::MESH_EXCHANGE,runtime+setup,yes,neighbour_omesh,MESHES(NOM)%OMESH(NM),M2,HS,OMESH_TYPE,ptr_target,2,3388,3388;3447
main.f90,FDS::MESH_EXCHANGE,runtime+setup,yes,neighbour_omesh,MESHES(NOM)%OMESH(NM),M2,FVX,OMESH_TYPE,write,1,3390,3390
main.f90,FDS::MESH_EXCHANGE,runtime+setup,yes,neighbour_omesh,MESHES(NOM)%OMESH(NM),M2,FVY,OMESH_TYPE,write,1,3391,3391
main.f90,FDS::MESH_EXCHANGE,runtime+setup,yes,neighbour_omesh,MESHES(NOM)%OMESH(NM),M2,FVZ,OMESH_TYPE,write,1,3392,3392
main.f90,FDS::MESH_EXCHANGE,runtime+setup,yes,neighbour_omesh,MESHES(NOM)%OMESH(NM),M2,FVX_D,OMESH_TYPE,write,1,3415,3415
main.f90,FDS::MESH_EXCHANGE,runtime+setup,yes,neighbour_omesh,MESHES(NOM)%OMESH(NM),M2,FVY_D,OMESH_TYPE,write,1,3416,3416
main.f90,FDS::MESH_EXCHANGE,runtime+setup,yes,neighbour_omesh,MESHES(NOM)%OMESH(NM),M2,FVZ_D,OMESH_TYPE,write,1,3417,3417
main.f90,FDS::MESH_EXCHANGE,runtime+setup,yes,neighbour_omesh,MESHES(NOM)%OMESH(NM),M2,US,OMESH_TYPE,ptr_target,1,3447,3447
main.f90,FDS::MESH_EXCHANGE,runtime+setup,yes,neighbour_omesh,MESHES(NOM)%OMESH(NM),M2,VS,OMESH_TYPE,ptr_target,1,3447,3447
main.f90,FDS::MESH_EXCHANGE,runtime+setup,yes,neighbour_omesh,MESHES(NOM)%OMESH(NM),M2,WS,OMESH_TYPE,ptr_target,1,3447,3447
main.f90,FDS::MESH_EXCHANGE,runtime+setup,yes,neighbour_omesh,MESHES(NOM)%OMESH(NM),M2,U,OMESH_TYPE,ptr_target,1,3449,3449
main.f90,FDS::MESH_EXCHANGE,runtime+setup,yes,neighbour_omesh,MESHES(NOM)%OMESH(NM),M2,V,OMESH_TYPE,ptr_target,1,3449,3449
main.f90,FDS::MESH_EXCHANGE,runtime+setup,yes,neighbour_omesh,MESHES(NOM)%OMESH(NM),M2,W,OMESH_TYPE,ptr_target,1,3449,3449
main.f90,FDS::MESH_EXCHANGE,runtime+setup,yes,neighbour_omesh,MESHES(NOM)%OMESH(NM),M2,IL_R,OMESH_TYPE,write,1,3508,3508
main.f90,FDS::MESH_EXCHANGE,runtime+setup,yes,neighbour_omesh,MESHES(NOM)%OMESH(NM),M2,PARTICLE_RECV_BUFFER,OMESH_TYPE,ptr_target,1,3516,3516
main.f90,FDS::MESH_EXCHANGE,runtime+setup,yes,neighbour_omesh,MESHES(NOM)%OMESH(NM),M2,PARTICLE_RECV_BUFFER,OMESH_TYPE,write_component,3,3535,3535;3536;3537
main.f90,FDS::MESH_EXCHANGE,runtime+setup,yes,neighbour_omesh,MESHES(NOM)%OMESH(NM),M2,PHI1_LS,OMESH_TYPE,write,1,3575,3575
main.f90,FDS::MESH_EXCHANGE,runtime+setup,yes,neighbour_omesh,MESHES(NOM)%OMESH(NM),M2,PHI_LS,OMESH_TYPE,write,1,3577,3577
main.f90,FDS::MESH_EXCHANGE,runtime+setup,yes,neighbour_omesh,MESHES(NOM)%OMESH(NM),M2,U_LS,OMESH_TYPE,write,1,3579,3579
main.f90,FDS::MESH_EXCHANGE,runtime+setup,yes,neighbour_omesh,MESHES(NOM)%OMESH(NM),M2,V_LS,OMESH_TYPE,write,1,3580,3580
main.f90,FDS::MESH_EXCHANGE,runtime+setup,yes,neighbour_omesh,MESHES(NOM)%OMESH(NM),M2,Z_LS,OMESH_TYPE,write,1,3581,3581
main.f90,FDS::MESH_EXCHANGE,runtime+setup,yes,neighbour_omesh,MESHES(NOM)%OMESH(NM),M2,N_INTERNAL_OBST,OMESH_TYPE,write,1,3590,3590
main.f90,FDS::MESH_EXCHANGE,runtime+setup,yes,neighbour_omesh,MESHES(NOM)%OMESH(NM),M2,REAL_RECV_PKG8,OMESH_TYPE,write,2,3600,3600;3610
main.f90,FDS::MPI_INITIALIZATION_CHORES,setup,yes,neighbour_omesh,MESHES(NOM)%OMESH(NM),M2,(whole),OMESH_TYPE,ptr_bind,2,1475,1475;1554
main.f90,FDS::MPI_INITIALIZATION_CHORES,setup,yes,neighbour_omesh,MESHES(NOM)%OMESH(NM),M2,I_MIN_S,OMESH_TYPE,write,1,1476,1476
main.f90,FDS::MPI_INITIALIZATION_CHORES,setup,yes,neighbour_omesh,MESHES(NOM)%OMESH(NM),M2,I_MAX_S,OMESH_TYPE,write,1,1477,1477
main.f90,FDS::MPI_INITIALIZATION_CHORES,setup,yes,neighbour_omesh,MESHES(NOM)%OMESH(NM),M2,J_MIN_S,OMESH_TYPE,write,1,1478,1478
main.f90,FDS::MPI_INITIALIZATION_CHORES,setup,yes,neighbour_omesh,MESHES(NOM)%OMESH(NM),M2,J_MAX_S,OMESH_TYPE,write,1,1479,1479
main.f90,FDS::MPI_INITIALIZATION_CHORES,setup,yes,neighbour_omesh,MESHES(NOM)%OMESH(NM),M2,K_MIN_S,OMESH_TYPE,write,1,1480,1480
main.f90,FDS::MPI_INITIALIZATION_CHORES,setup,yes,neighbour_omesh,MESHES(NOM)%OMESH(NM),M2,K_MAX_S,OMESH_TYPE,write,1,1481,1481
main.f90,FDS::MPI_INITIALIZATION_CHORES,setup,yes,neighbour_omesh,MESHES(NOM)%OMESH(NM),M2,NIC_S,OMESH_TYPE,write,1,1482,1482
main.f90,FDS::MPI_INITIALIZATION_CHORES,setup,yes,neighbour_omesh,MESHES(NOM)%OMESH(NM),M2,IIO_S,OMESH_TYPE,write,1,1555,1555
main.f90,FDS::MPI_INITIALIZATION_CHORES,setup,yes,neighbour_omesh,MESHES(NOM)%OMESH(NM),M2,JJO_S,OMESH_TYPE,write,1,1556,1556
main.f90,FDS::MPI_INITIALIZATION_CHORES,setup,yes,neighbour_omesh,MESHES(NOM)%OMESH(NM),M2,KKO_S,OMESH_TYPE,write,1,1557,1557
main.f90,FDS::MPI_INITIALIZATION_CHORES,setup,yes,neighbour_omesh,MESHES(NOM)%OMESH(NM),M2,IOR_S,OMESH_TYPE,write,1,1558,1558
ccib.f90,CC_SCALARS::CC_COMPUTE_VELOCITY_ERROR,runtime,no,omesh_copy,MESHES(NM)%OMESH(EWC%NOM),OM,(whole),OMESH_TYPE,ptr_bind,1,15683,15683
ccib.f90,CC_SCALARS::CC_COMPUTE_VELOCITY_ERROR,runtime,no,omesh_copy,MESHES(NM)%OMESH(EWC%NOM),OM,H,OMESH_TYPE,read,12,15803,15803;15813;15832;15842;15861;15871;15890;15900;15919;15929;15948;15958
ccib.f90,CC_SCALARS::CC_COMPUTE_VELOCITY_ERROR,runtime,no,omesh_copy,MESHES(NM)%OMESH(EWC%NOM),OM,FVX,OMESH_TYPE,read,4,15813,15813;15842;15991;16022
ccib.f90,CC_SCALARS::CC_COMPUTE_VELOCITY_ERROR,runtime,no,omesh_copy,MESHES(NM)%OMESH(EWC%NOM),OM,U,OMESH_TYPE,read,4,15814,15814;15843;15993;16024
ccib.f90,CC_SCALARS::CC_COMPUTE_VELOCITY_ERROR,runtime,no,omesh_copy,MESHES(NM)%OMESH(EWC%NOM),OM,FVY,OMESH_TYPE,read,4,15871,15871;15900;16053;16084
ccib.f90,CC_SCALARS::CC_COMPUTE_VELOCITY_ERROR,runtime,no,omesh_copy,MESHES(NM)%OMESH(EWC%NOM),OM,V,OMESH_TYPE,read,4,15872,15872;15901;16055;16086
ccib.f90,CC_SCALARS::CC_COMPUTE_VELOCITY_ERROR,runtime,no,omesh_copy,MESHES(NM)%OMESH(EWC%NOM),OM,FVZ,OMESH_TYPE,read,4,15929,15929;15958;16115;16146
ccib.f90,CC_SCALARS::CC_COMPUTE_VELOCITY_ERROR,runtime,no,omesh_copy,MESHES(NM)%OMESH(EWC%NOM),OM,W,OMESH_TYPE,read,4,15930,15930;15959;16117;16148
ccib.f90,CC_SCALARS::CC_COMPUTE_VELOCITY_ERROR,runtime,no,omesh_copy,MESHES(NM)%OMESH(EWC%NOM),OM,HS,OMESH_TYPE,read,12,15980,15980;15991;16011;16022;16042;16053;16073;16084;16104;16115;16135;16146
ccib.f90,CC_SCALARS::CC_COMPUTE_VELOCITY_ERROR,runtime,no,omesh_copy,MESHES(NM)%OMESH(EWC%NOM),OM,US,OMESH_TYPE,read,2,15993,15993;16024
ccib.f90,CC_SCALARS::CC_COMPUTE_VELOCITY_ERROR,runtime,no,omesh_copy,MESHES(NM)%OMESH(EWC%NOM),OM,VS,OMESH_TYPE,read,2,16055,16055;16086
ccib.f90,CC_SCALARS::CC_COMPUTE_VELOCITY_ERROR,runtime,no,omesh_copy,MESHES(NM)%OMESH(EWC%NOM),OM,WS,OMESH_TYPE,read,2,16117,16117;16148
ccib.f90,CC_SCALARS::CC_COMPUTE_VELOCITY_ERROR,runtime,no,omesh_copy,MESHES(NM)%OMESH(EWC%NOM),OM,NIC_R,OMESH_TYPE,read,1,16167,16167
ccib.f90,CC_SCALARS::CC_COMPUTE_VELOCITY_ERROR,runtime,no,omesh_copy,MESHES(NM)%OMESH(EWC%NOM),OM,NIC_S,OMESH_TYPE,read,1,16167,16167
ccib.f90,CC_SCALARS::CC_EXCHANGE_UNPACKING_ARRAYS,setup,yes,omesh_copy,MESHES(NOM)%OMESH(NM),M2,(whole),OMESH_TYPE,ptr_bind,1,3814,3814
ccib.f90,CC_SCALARS::CC_EXCHANGE_UNPACKING_ARRAYS,setup,yes,omesh_copy,MESHES(NOM)%OMESH(NM),M2,NFCC_R,OMESH_TYPE,read,2,3817,3817;3896
ccib.f90,CC_SCALARS::CC_EXCHANGE_UNPACKING_ARRAYS,setup,yes,omesh_copy,MESHES(NOM)%OMESH(NM),M2,NFEP_R,OMESH_TYPE,write,3,3827,3827;3864;3908
ccib.f90,CC_SCALARS::CC_EXCHANGE_UNPACKING_ARRAYS,setup,yes,omesh_copy,MESHES(NOM)%OMESH(NM),M2,NFEP_R,OMESH_TYPE,read,6,3827,3827;3832;3864;3870;3908;3913
ccib.f90,CC_SCALARS::CC_EXCHANGE_UNPACKING_ARRAYS,setup,yes,omesh_copy,MESHES(NOM)%OMESH(NM),M2,IFEP_R_3,OMESH_TYPE,inquiry,1,3834,3834
ccib.f90,CC_SCALARS::CC_EXCHANGE_UNPACKING_ARRAYS,setup,yes,omesh_copy,MESHES(NOM)%OMESH(NM),M2,IFEP_R_3,OMESH_TYPE,dealloc,1,3834,3834
ccib.f90,CC_SCALARS::CC_EXCHANGE_UNPACKING_ARRAYS,setup,yes,omesh_copy,MESHES(NOM)%OMESH(NM),M2,IFEP_R_3,OMESH_TYPE,alloc,1,3835,3835
ccib.f90,CC_SCALARS::CC_EXCHANGE_UNPACKING_ARRAYS,setup,yes,omesh_copy,MESHES(NOM)%OMESH(NM),M2,NFEP_R,OMESH_TYPE,arg,3,3835,3835;3873;3916
ccib.f90,CC_SCALARS::CC_EXCHANGE_UNPACKING_ARRAYS,setup,yes,omesh_copy,MESHES(NOM)%OMESH(NM),M2,IFEP_R_3,OMESH_TYPE,write,2,3835,3835;3846
ccib.f90,CC_SCALARS::CC_EXCHANGE_UNPACKING_ARRAYS,setup,yes,omesh_copy,MESHES(NOM)%OMESH(NM),M2,IFEP_R_4,OMESH_TYPE,inquiry,1,3872,3872
ccib.f90,CC_SCALARS::CC_EXCHANGE_UNPACKING_ARRAYS,setup,yes,omesh_copy,MESHES(NOM)%OMESH(NM),M2,IFEP_R_4,OMESH_TYPE,dealloc,1,3872,3872
ccib.f90,CC_SCALARS::CC_EXCHANGE_UNPACKING_ARRAYS,setup,yes,omesh_copy,MESHES(NOM)%OMESH(NM),M2,IFEP_R_4,OMESH_TYPE,alloc,1,3873,3873
ccib.f90,CC_SCALARS::CC_EXCHANGE_UNPACKING_ARRAYS,setup,yes,omesh_copy,MESHES(NOM)%OMESH(NM),M2,IFEP_R_4,OMESH_TYPE,write,2,3873,3873;3886
ccib.f90,CC_SCALARS::CC_EXCHANGE_UNPACKING_ARRAYS,setup,yes,omesh_copy,MESHES(NOM)%OMESH(NM),M2,IFEP_R_5,OMESH_TYPE,inquiry,1,3915,3915
ccib.f90,CC_SCALARS::CC_EXCHANGE_UNPACKING_ARRAYS,setup,yes,omesh_copy,MESHES(NOM)%OMESH(NM),M2,IFEP_R_5,OMESH_TYPE,dealloc,1,3915,3915
ccib.f90,CC_SCALARS::CC_EXCHANGE_UNPACKING_ARRAYS,setup,yes,omesh_copy,MESHES(NOM)%OMESH(NM),M2,IFEP_R_5,OMESH_TYPE,alloc,1,3916,3916
ccib.f90,CC_SCALARS::CC_EXCHANGE_UNPACKING_ARRAYS,setup,yes,omesh_copy,MESHES(NOM)%OMESH(NM),M2,IFEP_R_5,OMESH_TYPE,write,2,3916,3916;3928
ccib.f90,CC_SCALARS::CC_MATCH_VELOCITY,runtime+setup,no,omesh_copy,MESHES(NM)%OMESH(NOM),OM,(whole),OMESH_TYPE,ptr_bind,1,5419,5419
ccib.f90,CC_SCALARS::CC_MATCH_VELOCITY,runtime+setup,no,omesh_copy,MESHES(NM)%OMESH(NOM),OM,US,OMESH_TYPE,ptr_target,3,5431,5431;5494;5827
ccib.f90,CC_SCALARS::CC_MATCH_VELOCITY,runtime+setup,no,omesh_copy,MESHES(NM)%OMESH(NOM),OM,U,OMESH_TYPE,ptr_target,3,5431,5431;5494;5827
ccib.f90,CC_SCALARS::CC_MATCH_VELOCITY,runtime+setup,no,omesh_copy,MESHES(NM)%OMESH(NOM),OM,U_LNK,OMESH_TYPE,read,6,5470,5470;5476;5479;5532;5537;5540
ccib.f90,CC_SCALARS::CC_MATCH_VELOCITY,runtime+setup,no,omesh_copy,MESHES(NM)%OMESH(NOM),OM,U_LNK,OMESH_TYPE,write,4,5476,5476;5479;5537;5540
ccib.f90,CC_SCALARS::CC_MATCH_VELOCITY,runtime+setup,no,omesh_copy,MESHES(NM)%OMESH(NOM),OM,VS,OMESH_TYPE,ptr_target,3,5555,5555;5617;5828
ccib.f90,CC_SCALARS::CC_MATCH_VELOCITY,runtime+setup,no,omesh_copy,MESHES(NM)%OMESH(NOM),OM,V,OMESH_TYPE,ptr_target,3,5555,5555;5617;5828
ccib.f90,CC_SCALARS::CC_MATCH_VELOCITY,runtime+setup,no,omesh_copy,MESHES(NM)%OMESH(NOM),OM,V_LNK,OMESH_TYPE,read,6,5594,5594;5599;5602;5655;5660;5663
ccib.f90,CC_SCALARS::CC_MATCH_VELOCITY,runtime+setup,no,omesh_copy,MESHES(NM)%OMESH(NOM),OM,V_LNK,OMESH_TYPE,write,4,5599,5599;5602;5660;5663
ccib.f90,CC_SCALARS::CC_MATCH_VELOCITY,runtime+setup,no,omesh_copy,MESHES(NM)%OMESH(NOM),OM,WS,OMESH_TYPE,ptr_target,3,5678,5678;5739;5829
ccib.f90,CC_SCALARS::CC_MATCH_VELOCITY,runtime+setup,no,omesh_copy,MESHES(NM)%OMESH(NOM),OM,W,OMESH_TYPE,ptr_target,3,5678,5678;5739;5829
ccib.f90,CC_SCALARS::CC_MATCH_VELOCITY,runtime+setup,no,omesh_copy,MESHES(NM)%OMESH(NOM),OM,W_LNK,OMESH_TYPE,read,6,5716,5716;5721;5724;5777;5782;5785
ccib.f90,CC_SCALARS::CC_MATCH_VELOCITY,runtime+setup,no,omesh_copy,MESHES(NM)%OMESH(NOM),OM,W_LNK,OMESH_TYPE,write,4,5721,5721;5724;5782;5785
ccib.f90,CC_SCALARS::CC_MATCH_VELOCITY_FLUX,runtime,no,omesh_copy,MESHES(NM)%OMESH(NOM),OM,(whole),OMESH_TYPE,ptr_bind,1,5181,5181
ccib.f90,CC_SCALARS::CC_MATCH_VELOCITY_FLUX,runtime,no,omesh_copy,MESHES(NM)%OMESH(NOM),OM,FVX,OMESH_TYPE,read,2,5211,5211;5237
ccib.f90,CC_SCALARS::CC_MATCH_VELOCITY_FLUX,runtime,no,omesh_copy,MESHES(NM)%OMESH(NOM),OM,FVY,OMESH_TYPE,read,2,5263,5263;5289
ccib.f90,CC_SCALARS::CC_MATCH_VELOCITY_FLUX,runtime,no,omesh_copy,MESHES(NM)%OMESH(NOM),OM,FVZ,OMESH_TYPE,read,2,5316,5316;5342
ccib.f90,CC_SCALARS::CC_RESCALE_OMESH_STAGGERED_TO_CUTFACE,runtime+setup,no,omesh_copy,MESHES(NM)%OMESH(NOM),MR,NIC_R,OMESH_TYPE,read,1,13868,13868
ccib.f90,CC_SCALARS::CC_RESCALE_OMESH_STAGGERED_TO_CUTFACE,runtime+setup,no,omesh_copy,MESHES(NM)%OMESH(NOM),OM,(whole),OMESH_TYPE,ptr_bind,1,13869,13869
ccib.f90,CC_SCALARS::CC_RESCALE_OMESH_STAGGERED_TO_CUTFACE,runtime+setup,no,omesh_copy,MESHES(NM)%OMESH(NOM),OM,U,OMESH_TYPE,inquiry,1,13870,13870
ccib.f90,CC_SCALARS::CC_RESCALE_OMESH_STAGGERED_TO_CUTFACE,runtime+setup,no,omesh_copy,MESHES(NM)%OMESH(NOM),OM,I_MAX_R,OMESH_TYPE,read,2,13870,13870;13873
ccib.f90,CC_SCALARS::CC_RESCALE_OMESH_STAGGERED_TO_CUTFACE,runtime+setup,no,omesh_copy,MESHES(NM)%OMESH(NOM),OM,I_MIN_R,OMESH_TYPE,read,2,13870,13870;13873
ccib.f90,CC_SCALARS::CC_RESCALE_OMESH_STAGGERED_TO_CUTFACE,runtime+setup,no,omesh_copy,MESHES(NM)%OMESH(NOM),OM,K_MIN_R,OMESH_TYPE,read,1,13871,13871
ccib.f90,CC_SCALARS::CC_RESCALE_OMESH_STAGGERED_TO_CUTFACE,runtime+setup,no,omesh_copy,MESHES(NM)%OMESH(NOM),OM,K_MAX_R,OMESH_TYPE,read,1,13871,13871
ccib.f90,CC_SCALARS::CC_RESCALE_OMESH_STAGGERED_TO_CUTFACE,runtime+setup,no,omesh_copy,MESHES(NM)%OMESH(NOM),OM,J_MIN_R,OMESH_TYPE,read,1,13872,13872
ccib.f90,CC_SCALARS::CC_RESCALE_OMESH_STAGGERED_TO_CUTFACE,runtime+setup,no,omesh_copy,MESHES(NM)%OMESH(NOM),OM,J_MAX_R,OMESH_TYPE,read,1,13872,13872
ccib.f90,CC_SCALARS::CC_RESCALE_OMESH_STAGGERED_TO_CUTFACE,runtime+setup,no,omesh_copy,MESHES(NM)%OMESH(NOM),OM,US,OMESH_TYPE,write,1,13875,13875
ccib.f90,CC_SCALARS::CC_RESCALE_OMESH_STAGGERED_TO_CUTFACE,runtime+setup,no,omesh_copy,MESHES(NM)%OMESH(NOM),OM,US,OMESH_TYPE,read,1,13875,13875
ccib.f90,CC_SCALARS::CC_RESCALE_OMESH_STAGGERED_TO_CUTFACE,runtime+setup,no,omesh_copy,MESHES(NM)%OMESH(NOM),OM,VS,OMESH_TYPE,write,1,13876,13876
ccib.f90,CC_SCALARS::CC_RESCALE_OMESH_STAGGERED_TO_CUTFACE,runtime+setup,no,omesh_copy,MESHES(NM)%OMESH(NOM),OM,VS,OMESH_TYPE,read,1,13876,13876
ccib.f90,CC_SCALARS::CC_RESCALE_OMESH_STAGGERED_TO_CUTFACE,runtime+setup,no,omesh_copy,MESHES(NM)%OMESH(NOM),OM,WS,OMESH_TYPE,write,1,13877,13877
ccib.f90,CC_SCALARS::CC_RESCALE_OMESH_STAGGERED_TO_CUTFACE,runtime+setup,no,omesh_copy,MESHES(NM)%OMESH(NOM),OM,WS,OMESH_TYPE,read,1,13877,13877
ccib.f90,CC_SCALARS::CC_RESCALE_OMESH_STAGGERED_TO_CUTFACE,runtime+setup,no,omesh_copy,MESHES(NM)%OMESH(NOM),OM,U,OMESH_TYPE,write,1,13879,13879
ccib.f90,CC_SCALARS::CC_RESCALE_OMESH_STAGGERED_TO_CUTFACE,runtime+setup,no,omesh_copy,MESHES(NM)%OMESH(NOM),OM,U,OMESH_TYPE,read,1,13879,13879
ccib.f90,CC_SCALARS::CC_RESCALE_OMESH_STAGGERED_TO_CUTFACE,runtime+setup,no,omesh_copy,MESHES(NM)%OMESH(NOM),OM,V,OMESH_TYPE,write,1,13880,13880
ccib.f90,CC_SCALARS::CC_RESCALE_OMESH_STAGGERED_TO_CUTFACE,runtime+setup,no,omesh_copy,MESHES(NM)%OMESH(NOM),OM,V,OMESH_TYPE,read,1,13880,13880
ccib.f90,CC_SCALARS::CC_RESCALE_OMESH_STAGGERED_TO_CUTFACE,runtime+setup,no,omesh_copy,MESHES(NM)%OMESH(NOM),OM,W,OMESH_TYPE,write,1,13881,13881
ccib.f90,CC_SCALARS::CC_RESCALE_OMESH_STAGGERED_TO_CUTFACE,runtime+setup,no,omesh_copy,MESHES(NM)%OMESH(NOM),OM,W,OMESH_TYPE,read,1,13881,13881
ccib.f90,CC_SCALARS::COPY_CC_MUNKH_TO_UNKH,runtime+setup,no,omesh_copy,MESHES(NM)%OMESH(NOM),OM,(whole),OMESH_TYPE,ptr_bind,2,22880,22880;22918
ccib.f90,CC_SCALARS::COPY_CC_MUNKH_TO_UNKH,runtime+setup,no,omesh_copy,MESHES(NM)%OMESH(NOM),OM,MUNKH,OMESH_TYPE,read,4,22887,22887;22889;22902;22905
ccib.f90,CC_SCALARS::COPY_CC_MUNKH_TO_UNKH,runtime+setup,no,omesh_copy,MESHES(NM)%OMESH(NOM),OM,HS,OMESH_TYPE,write,1,22922,22922
ccib.f90,CC_SCALARS::FILL_IJKO_INTERP_STENCILS,setup,no,omesh_copy,MESHES(NOM)%OMESH(NM),M2,(whole),OMESH_TYPE,ptr_bind,4,18959,18959;19013;19039;19095
ccib.f90,CC_SCALARS::FILL_IJKO_INTERP_STENCILS,setup,no,omesh_copy,MESHES(NOM)%OMESH(NM),M2,NFCC_S,OMESH_TYPE,arg,15,18961,18961;19015;19016;19017;19018;19021;19022;19023;19042;19044;19046;19048;19098;19100;19102
ccib.f90,CC_SCALARS::FILL_IJKO_INTERP_STENCILS,setup,no,omesh_copy,MESHES(NM)%OMESH(NOM),M3,(whole),OMESH_TYPE,ptr_bind,3,18983,18983;19054;19108
ccib.f90,CC_SCALARS::FILL_IJKO_INTERP_STENCILS,setup,no,omesh_copy,MESHES(NM)%OMESH(NOM),M3,NFCC_R,OMESH_TYPE,arg,8,18986,18986;19058;19060;19062;19064;19112;19114;19116
ccib.f90,CC_SCALARS::FILL_IJKO_INTERP_STENCILS,setup,no,omesh_copy,MESHES(NM)%OMESH(NOM),M3,NFCC_R,OMESH_TYPE,read,10,18989,18989;19055;19067;19068;19069;19070;19109;19119;19120;19121
ccib.f90,CC_SCALARS::FILL_IJKO_INTERP_STENCILS,setup,no,omesh_copy,MESHES(NOM)%OMESH(NM),M2,NFCC_S,OMESH_TYPE,read,4,19014,19014;19020;19040;19096
ccib.f90,CC_SCALARS::FILL_IJKO_INTERP_STENCILS,setup,no,omesh_copy,MESHES(NOM)%OMESH(NM),M2,IIO_FC_S,OMESH_TYPE,alloc,1,19015,19015
ccib.f90,CC_SCALARS::FILL_IJKO_INTERP_STENCILS,setup,no,omesh_copy,MESHES(NOM)%OMESH(NM),M2,JJO_FC_S,OMESH_TYPE,alloc,1,19016,19016
ccib.f90,CC_SCALARS::FILL_IJKO_INTERP_STENCILS,setup,no,omesh_copy,MESHES(NOM)%OMESH(NM),M2,KKO_FC_S,OMESH_TYPE,alloc,1,19017,19017
ccib.f90,CC_SCALARS::FILL_IJKO_INTERP_STENCILS,setup,no,omesh_copy,MESHES(NOM)%OMESH(NM),M2,AXS_FC_S,OMESH_TYPE,alloc,1,19018,19018
ccib.f90,CC_SCALARS::FILL_IJKO_INTERP_STENCILS,setup,no,omesh_copy,MESHES(NOM)%OMESH(NM),M2,IIO_CC_S,OMESH_TYPE,alloc,1,19021,19021
ccib.f90,CC_SCALARS::FILL_IJKO_INTERP_STENCILS,setup,no,omesh_copy,MESHES(NOM)%OMESH(NM),M2,JJO_CC_S,OMESH_TYPE,alloc,1,19022,19022
ccib.f90,CC_SCALARS::FILL_IJKO_INTERP_STENCILS,setup,no,omesh_copy,MESHES(NOM)%OMESH(NM),M2,KKO_CC_S,OMESH_TYPE,alloc,1,19023,19023
ccib.f90,CC_SCALARS::FILL_IJKO_INTERP_STENCILS,setup,no,omesh_copy,MESHES(NOM)%OMESH(NM),M2,IIO_FC_S,OMESH_TYPE,arg,1,19042,19042
ccib.f90,CC_SCALARS::FILL_IJKO_INTERP_STENCILS,setup,no,omesh_copy,MESHES(NOM)%OMESH(NM),M2,JJO_FC_S,OMESH_TYPE,arg,1,19044,19044
ccib.f90,CC_SCALARS::FILL_IJKO_INTERP_STENCILS,setup,no,omesh_copy,MESHES(NOM)%OMESH(NM),M2,KKO_FC_S,OMESH_TYPE,arg,1,19046,19046
ccib.f90,CC_SCALARS::FILL_IJKO_INTERP_STENCILS,setup,no,omesh_copy,MESHES(NOM)%OMESH(NM),M2,AXS_FC_S,OMESH_TYPE,arg,1,19048,19048
ccib.f90,CC_SCALARS::FILL_IJKO_INTERP_STENCILS,setup,no,omesh_copy,MESHES(NM)%OMESH(NOM),M3,IIO_FC_R,OMESH_TYPE,arg,1,19058,19058
ccib.f90,CC_SCALARS::FILL_IJKO_INTERP_STENCILS,setup,no,omesh_copy,MESHES(NM)%OMESH(NOM),M3,JJO_FC_R,OMESH_TYPE,arg,1,19060,19060
ccib.f90,CC_SCALARS::FILL_IJKO_INTERP_STENCILS,setup,no,omesh_copy,MESHES(NM)%OMESH(NOM),M3,KKO_FC_R,OMESH_TYPE,arg,1,19062,19062
ccib.f90,CC_SCALARS::FILL_IJKO_INTERP_STENCILS,setup,no,omesh_copy,MESHES(NM)%OMESH(NOM),M3,AXS_FC_R,OMESH_TYPE,arg,1,19064,19064
ccib.f90,CC_SCALARS::FILL_IJKO_INTERP_STENCILS,setup,no,omesh_copy,MESHES(NM)%OMESH(NOM),M3,IIO_FC_R,OMESH_TYPE,read,1,19067,19067
ccib.f90,CC_SCALARS::FILL_IJKO_INTERP_STENCILS,setup,no,omesh_copy,MESHES(NM)%OMESH(NOM),M3,JJO_FC_R,OMESH_TYPE,read,1,19068,19068
ccib.f90,CC_SCALARS::FILL_IJKO_INTERP_STENCILS,setup,no,omesh_copy,MESHES(NM)%OMESH(NOM),M3,KKO_FC_R,OMESH_TYPE,read,1,19069,19069
ccib.f90,CC_SCALARS::FILL_IJKO_INTERP_STENCILS,setup,no,omesh_copy,MESHES(NM)%OMESH(NOM),M3,AXS_FC_R,OMESH_TYPE,read,1,19070,19070
ccib.f90,CC_SCALARS::FILL_IJKO_INTERP_STENCILS,setup,no,omesh_copy,MESHES(NOM)%OMESH(NM),M2,IIO_CC_S,OMESH_TYPE,arg,1,19098,19098
ccib.f90,CC_SCALARS::FILL_IJKO_INTERP_STENCILS,setup,no,omesh_copy,MESHES(NOM)%OMESH(NM),M2,JJO_CC_S,OMESH_TYPE,arg,1,19100,19100
ccib.f90,CC_SCALARS::FILL_IJKO_INTERP_STENCILS,setup,no,omesh_copy,MESHES(NOM)%OMESH(NM),M2,KKO_CC_S,OMESH_TYPE,arg,1,19102,19102
ccib.f90,CC_SCALARS::FILL_IJKO_INTERP_STENCILS,setup,no,omesh_copy,MESHES(NM)%OMESH(NOM),M3,IIO_CC_R,OMESH_TYPE,arg,1,19112,19112
ccib.f90,CC_SCALARS::FILL_IJKO_INTERP_STENCILS,setup,no,omesh_copy,MESHES(NM)%OMESH(NOM),M3,JJO_CC_R,OMESH_TYPE,arg,1,19114,19114
ccib.f90,CC_SCALARS::FILL_IJKO_INTERP_STENCILS,setup,no,omesh_copy,MESHES(NM)%OMESH(NOM),M3,KKO_CC_R,OMESH_TYPE,arg,1,19116,19116
ccib.f90,CC_SCALARS::FILL_IJKO_INTERP_STENCILS,setup,no,omesh_copy,MESHES(NM)%OMESH(NOM),M3,IIO_CC_R,OMESH_TYPE,read,1,19119,19119
ccib.f90,CC_SCALARS::FILL_IJKO_INTERP_STENCILS,setup,no,omesh_copy,MESHES(NM)%OMESH(NOM),M3,JJO_CC_R,OMESH_TYPE,read,1,19120,19120
ccib.f90,CC_SCALARS::FILL_IJKO_INTERP_STENCILS,setup,no,omesh_copy,MESHES(NM)%OMESH(NOM),M3,KKO_CC_R,OMESH_TYPE,read,1,19121,19121
ccib.f90,CC_SCALARS::FILL_UNKZ_GUARDCELLS,setup,no,omesh_copy,MESHES(NM)%OMESH(NOM),direct,NIC_R,OMESH_TYPE,read,2,19847,19847;19990
ccib.f90,CC_SCALARS::FILL_UNKZ_GUARDCELLS,setup,no,omesh_copy,MESHES(NM)%OMESH(NOM),M3,(whole),OMESH_TYPE,ptr_bind,14,19848,19848;19852;19936;19991;20002;20073;20089;20172;20184;20247;20288;20305;20342;20372
ccib.f90,CC_SCALARS::FILL_UNKZ_GUARDCELLS,setup,no,omesh_copy,MESHES(NM)%OMESH(NOM),M3,UNKZ_CT_R,OMESH_TYPE,alloc,1,19849,19849
ccib.f90,CC_SCALARS::FILL_UNKZ_GUARDCELLS,setup,no,omesh_copy,MESHES(NM)%OMESH(NOM),M3,NIC_R,OMESH_TYPE,arg,1,19849,19849
ccib.f90,CC_SCALARS::FILL_UNKZ_GUARDCELLS,setup,no,omesh_copy,MESHES(NM)%OMESH(NOM),direct,NICC_R,OMESH_TYPE,read,1,19851,19851
ccib.f90,CC_SCALARS::FILL_UNKZ_GUARDCELLS,setup,no,omesh_copy,MESHES(NM)%OMESH(NOM),M3,ICC_UNKZ_CC_R,OMESH_TYPE,alloc,1,19853,19853
ccib.f90,CC_SCALARS::FILL_UNKZ_GUARDCELLS,setup,no,omesh_copy,MESHES(NM)%OMESH(NOM),M3,NICC_R,OMESH_TYPE,read,10,19853,19853;20074;20077;20080;20185;20187;20343;20349;20373;20377
ccib.f90,CC_SCALARS::FILL_UNKZ_GUARDCELLS,setup,no,omesh_copy,MESHES(NM)%OMESH(NOM),M3,ICC_UNKZ_CC_R,OMESH_TYPE,write,4,19853,19853;19873;19893;20191
ccib.f90,CC_SCALARS::FILL_UNKZ_GUARDCELLS,setup,no,omesh_copy,MESHES(NM)%OMESH(NOM),M3,UNKZ_CC_R,OMESH_TYPE,alloc,1,19854,19854
ccib.f90,CC_SCALARS::FILL_UNKZ_GUARDCELLS,setup,no,omesh_copy,MESHES(NM)%OMESH(NOM),M3,NICC_R,OMESH_TYPE,arg,2,19854,19854;20346
ccib.f90,CC_SCALARS::FILL_UNKZ_GUARDCELLS,setup,no,omesh_copy,MESHES(NM)%OMESH(NOM),direct,NICF_R,OMESH_TYPE,write,4,19899,19899;19900;19927;19928
ccib.f90,CC_SCALARS::FILL_UNKZ_GUARDCELLS,setup,no,omesh_copy,MESHES(NM)%OMESH(NOM),direct,NICF_R,OMESH_TYPE,read,3,19927,19927;19928;19935
ccib.f90,CC_SCALARS::FILL_UNKZ_GUARDCELLS,setup,no,omesh_copy,MESHES(NM)%OMESH(NOM),M3,ICF_UFFB_CF_R,OMESH_TYPE,alloc,1,19937,19937
ccib.f90,CC_SCALARS::FILL_UNKZ_GUARDCELLS,setup,no,omesh_copy,MESHES(NM)%OMESH(NOM),M3,NICF_R,OMESH_TYPE,read,7,19937,19937;20248;20251;20254;20289;20290;20297
ccib.f90,CC_SCALARS::FILL_UNKZ_GUARDCELLS,setup,no,omesh_copy,MESHES(NM)%OMESH(NOM),M3,ICF_UFFB_CF_R,OMESH_TYPE,write,2,19968,19968;20295
ccib.f90,CC_SCALARS::FILL_UNKZ_GUARDCELLS,setup,no,omesh_copy,MESHES(NM)%OMESH(NOM),M3,NLKF_R,OMESH_TYPE,write,1,19992,19992
ccib.f90,CC_SCALARS::FILL_UNKZ_GUARDCELLS,setup,no,omesh_copy,MESHES(NM)%OMESH(NOM),M3,I_MAX_R,OMESH_TYPE,read,4,19992,19992;19996;19997;19998
ccib.f90,CC_SCALARS::FILL_UNKZ_GUARDCELLS,setup,no,omesh_copy,MESHES(NM)%OMESH(NOM),M3,I_MIN_R,OMESH_TYPE,read,4,19992,19992;19996;19997;19998
ccib.f90,CC_SCALARS::FILL_UNKZ_GUARDCELLS,setup,no,omesh_copy,MESHES(NM)%OMESH(NOM),M3,J_MAX_R,OMESH_TYPE,read,4,19992,19992;19996;19997;19998
ccib.f90,CC_SCALARS::FILL_UNKZ_GUARDCELLS,setup,no,omesh_copy,MESHES(NM)%OMESH(NOM),M3,J_MIN_R,OMESH_TYPE,read,4,19992,19992;19996;19997;19998
ccib.f90,CC_SCALARS::FILL_UNKZ_GUARDCELLS,setup,no,omesh_copy,MESHES(NM)%OMESH(NOM),M3,K_MAX_R,OMESH_TYPE,read,4,19992,19992;19996;19997;19998
ccib.f90,CC_SCALARS::FILL_UNKZ_GUARDCELLS,setup,no,omesh_copy,MESHES(NM)%OMESH(NOM),M3,K_MIN_R,OMESH_TYPE,read,4,19992,19992;19996;19997;19998
ccib.f90,CC_SCALARS::FILL_UNKZ_GUARDCELLS,setup,no,omesh_copy,MESHES(NM)%OMESH(NOM),M3,U_LNK,OMESH_TYPE,inquiry,1,19993,19993
ccib.f90,CC_SCALARS::FILL_UNKZ_GUARDCELLS,setup,no,omesh_copy,MESHES(NM)%OMESH(NOM),M3,U_LNK,OMESH_TYPE,dealloc,1,19993,19993
ccib.f90,CC_SCALARS::FILL_UNKZ_GUARDCELLS,setup,no,omesh_copy,MESHES(NM)%OMESH(NOM),M3,V_LNK,OMESH_TYPE,inquiry,1,19994,19994
ccib.f90,CC_SCALARS::FILL_UNKZ_GUARDCELLS,setup,no,omesh_copy,MESHES(NM)%OMESH(NOM),M3,V_LNK,OMESH_TYPE,dealloc,1,19994,19994
ccib.f90,CC_SCALARS::FILL_UNKZ_GUARDCELLS,setup,no,omesh_copy,MESHES(NM)%OMESH(NOM),M3,W_LNK,OMESH_TYPE,inquiry,1,19995,19995
ccib.f90,CC_SCALARS::FILL_UNKZ_GUARDCELLS,setup,no,omesh_copy,MESHES(NM)%OMESH(NOM),M3,W_LNK,OMESH_TYPE,dealloc,1,19995,19995
ccib.f90,CC_SCALARS::FILL_UNKZ_GUARDCELLS,setup,no,omesh_copy,MESHES(NM)%OMESH(NOM),M3,U_LNK,OMESH_TYPE,alloc,1,19996,19996
ccib.f90,CC_SCALARS::FILL_UNKZ_GUARDCELLS,setup,no,omesh_copy,MESHES(NM)%OMESH(NOM),M3,V_LNK,OMESH_TYPE,alloc,1,19997,19997
ccib.f90,CC_SCALARS::FILL_UNKZ_GUARDCELLS,setup,no,omesh_copy,MESHES(NM)%OMESH(NOM),M3,W_LNK,OMESH_TYPE,alloc,1,19998,19998
ccib.f90,CC_SCALARS::FILL_UNKZ_GUARDCELLS,setup,no,omesh_copy,MESHES(NM)%OMESH(NOM),M3,U_LNK,OMESH_TYPE,write,1,19999,19999
ccib.f90,CC_SCALARS::FILL_UNKZ_GUARDCELLS,setup,no,omesh_copy,MESHES(NM)%OMESH(NOM),M3,V_LNK,OMESH_TYPE,write,1,19999,19999
ccib.f90,CC_SCALARS::FILL_UNKZ_GUARDCELLS,setup,no,omesh_copy,MESHES(NM)%OMESH(NOM),M3,W_LNK,OMESH_TYPE,write,1,19999,19999
ccib.f90,CC_SCALARS::FILL_UNKZ_GUARDCELLS,setup,no,omesh_copy,MESHES(NM)%OMESH(NOM),direct,NIC_S,OMESH_TYPE,read,1,20001,20001
ccib.f90,CC_SCALARS::FILL_UNKZ_GUARDCELLS,setup,no,omesh_copy,MESHES(NM)%OMESH(NOM),M3,NLKF_S,OMESH_TYPE,write,1,20003,20003
ccib.f90,CC_SCALARS::FILL_UNKZ_GUARDCELLS,setup,no,omesh_copy,MESHES(NM)%OMESH(NOM),M3,I_MAX_S,OMESH_TYPE,read,1,20003,20003
ccib.f90,CC_SCALARS::FILL_UNKZ_GUARDCELLS,setup,no,omesh_copy,MESHES(NM)%OMESH(NOM),M3,I_MIN_S,OMESH_TYPE,read,1,20003,20003
ccib.f90,CC_SCALARS::FILL_UNKZ_GUARDCELLS,setup,no,omesh_copy,MESHES(NM)%OMESH(NOM),M3,J_MAX_S,OMESH_TYPE,read,1,20003,20003
ccib.f90,CC_SCALARS::FILL_UNKZ_GUARDCELLS,setup,no,omesh_copy,MESHES(NM)%OMESH(NOM),M3,J_MIN_S,OMESH_TYPE,read,1,20003,20003
ccib.f90,CC_SCALARS::FILL_UNKZ_GUARDCELLS,setup,no,omesh_copy,MESHES(NM)%OMESH(NOM),M3,K_MAX_S,OMESH_TYPE,read,1,20003,20003
ccib.f90,CC_SCALARS::FILL_UNKZ_GUARDCELLS,setup,no,omesh_copy,MESHES(NM)%OMESH(NOM),M3,K_MIN_S,OMESH_TYPE,read,1,20003,20003
ccib.f90,CC_SCALARS::FILL_UNKZ_GUARDCELLS,setup,no,omesh_copy,MESHES(NOM)%OMESH(NM),M2,(whole),OMESH_TYPE,ptr_bind,12,20016,20016;20048;20053;20064;20112;20142;20201;20230;20238;20271;20322;20355
ccib.f90,CC_SCALARS::FILL_UNKZ_GUARDCELLS,setup,no,omesh_copy,MESHES(NOM)%OMESH(NM),M2,NICC_S,OMESH_TYPE,arg,3,20018,20018;20055;20358
ccib.f90,CC_SCALARS::FILL_UNKZ_GUARDCELLS,setup,no,omesh_copy,MESHES(NOM)%OMESH(NM),direct,NIC_S,OMESH_TYPE,read,1,20047,20047
ccib.f90,CC_SCALARS::FILL_UNKZ_GUARDCELLS,setup,no,omesh_copy,MESHES(NOM)%OMESH(NM),M2,UNKZ_CT_S,OMESH_TYPE,alloc,1,20049,20049
ccib.f90,CC_SCALARS::FILL_UNKZ_GUARDCELLS,setup,no,omesh_copy,MESHES(NOM)%OMESH(NM),M2,NIC_S,OMESH_TYPE,arg,1,20049,20049
ccib.f90,CC_SCALARS::FILL_UNKZ_GUARDCELLS,setup,no,omesh_copy,MESHES(NOM)%OMESH(NM),direct,NICC_S,OMESH_TYPE,read,1,20052,20052
ccib.f90,CC_SCALARS::FILL_UNKZ_GUARDCELLS,setup,no,omesh_copy,MESHES(NOM)%OMESH(NM),M2,ICC_UNKZ_CC_S,OMESH_TYPE,alloc,1,20054,20054
ccib.f90,CC_SCALARS::FILL_UNKZ_GUARDCELLS,setup,no,omesh_copy,MESHES(NOM)%OMESH(NM),M2,NICC_S,OMESH_TYPE,read,6,20054,20054;20065;20067;20323;20326;20356
ccib.f90,CC_SCALARS::FILL_UNKZ_GUARDCELLS,setup,no,omesh_copy,MESHES(NOM)%OMESH(NM),M2,ICC_UNKZ_CC_S,OMESH_TYPE,write,1,20054,20054
ccib.f90,CC_SCALARS::FILL_UNKZ_GUARDCELLS,setup,no,omesh_copy,MESHES(NOM)%OMESH(NM),M2,UNKZ_CC_S,OMESH_TYPE,alloc,1,20055,20055
ccib.f90,CC_SCALARS::FILL_UNKZ_GUARDCELLS,setup,no,omesh_copy,MESHES(NOM)%OMESH(NM),M2,ICC_UNKZ_CC_S,OMESH_TYPE,arg,1,20067,20067
ccib.f90,CC_SCALARS::FILL_UNKZ_GUARDCELLS,setup,no,omesh_copy,MESHES(NM)%OMESH(NOM),M3,ICC_UNKZ_CC_R,OMESH_TYPE,arg,1,20077,20077
ccib.f90,CC_SCALARS::FILL_UNKZ_GUARDCELLS,setup,no,omesh_copy,MESHES(NM)%OMESH(NOM),M3,ICC_UNKZ_CC_R,OMESH_TYPE,read,5,20080,20080;20188;20189;20190;20378
ccib.f90,CC_SCALARS::FILL_UNKZ_GUARDCELLS,setup,no,omesh_copy,MESHES(NM)%OMESH(NOM),M3,ICC_UNKZ_CC_S,OMESH_TYPE,inquiry,1,20090,20090
ccib.f90,CC_SCALARS::FILL_UNKZ_GUARDCELLS,setup,no,omesh_copy,MESHES(NM)%OMESH(NOM),M3,NICC_S,OMESH_TYPE,read,3,20093,20093;20173;20174
ccib.f90,CC_SCALARS::FILL_UNKZ_GUARDCELLS,setup,no,omesh_copy,MESHES(NM)%OMESH(NOM),M3,ICC_UNKZ_CC_S,OMESH_TYPE,read,6,20094,20094;20095;20096;20175;20176;20177
ccib.f90,CC_SCALARS::FILL_UNKZ_GUARDCELLS,setup,no,omesh_copy,MESHES(NM)%OMESH(NOM),M3,ICC_UNKZ_CC_S,OMESH_TYPE,write,2,20100,20100;20178
ccib.f90,CC_SCALARS::FILL_UNKZ_GUARDCELLS,setup,no,omesh_copy,MESHES(NM)%OMESH(NOM),M3,NICC_S,OMESH_TYPE,write,2,20103,20103;20104
ccib.f90,CC_SCALARS::FILL_UNKZ_GUARDCELLS,setup,no,omesh_copy,MESHES(NOM)%OMESH(NM),M2,NICC_R,OMESH_TYPE,read,2,20113,20113;20145
ccib.f90,CC_SCALARS::FILL_UNKZ_GUARDCELLS,setup,no,omesh_copy,MESHES(NOM)%OMESH(NM),M2,NICC_R,OMESH_TYPE,arg,1,20115,20115
ccib.f90,CC_SCALARS::FILL_UNKZ_GUARDCELLS,setup,no,omesh_copy,MESHES(NOM)%OMESH(NM),M2,ICC_UNKZ_CC_R,OMESH_TYPE,inquiry,1,20143,20143
ccib.f90,CC_SCALARS::FILL_UNKZ_GUARDCELLS,setup,no,omesh_copy,MESHES(NOM)%OMESH(NM),M2,ICC_UNKZ_CC_R,OMESH_TYPE,arg,1,20145,20145
ccib.f90,CC_SCALARS::FILL_UNKZ_GUARDCELLS,setup,no,omesh_copy,MESHES(NOM)%OMESH(NM),M2,NICF_S,OMESH_TYPE,arg,1,20203,20203
ccib.f90,CC_SCALARS::FILL_UNKZ_GUARDCELLS,setup,no,omesh_copy,MESHES(NOM)%OMESH(NM),direct,NICF_S,OMESH_TYPE,read,1,20229,20229
ccib.f90,CC_SCALARS::FILL_UNKZ_GUARDCELLS,setup,no,omesh_copy,MESHES(NOM)%OMESH(NM),M2,ICF_UFFB_CF_S,OMESH_TYPE,alloc,1,20231,20231
ccib.f90,CC_SCALARS::FILL_UNKZ_GUARDCELLS,setup,no,omesh_copy,MESHES(NOM)%OMESH(NM),M2,NICF_S,OMESH_TYPE,read,6,20231,20231;20239;20241;20272;20274;20281
ccib.f90,CC_SCALARS::FILL_UNKZ_GUARDCELLS,setup,no,omesh_copy,MESHES(NOM)%OMESH(NM),M2,ICF_UFFB_CF_S,OMESH_TYPE,arg,2,20241,20241;20282
ccib.f90,CC_SCALARS::FILL_UNKZ_GUARDCELLS,setup,no,omesh_copy,MESHES(NM)%OMESH(NOM),M3,ICF_UFFB_CF_R,OMESH_TYPE,arg,2,20251,20251;20298
ccib.f90,CC_SCALARS::FILL_UNKZ_GUARDCELLS,setup,no,omesh_copy,MESHES(NM)%OMESH(NOM),M3,ICF_UFFB_CF_R,OMESH_TYPE,read,6,20254,20254;20291;20292;20293;20294;20297
ccib.f90,CC_SCALARS::FILL_UNKZ_GUARDCELLS,setup,no,omesh_copy,MESHES(NOM)%OMESH(NM),M2,ICF_UFFB_CF_S,OMESH_TYPE,read,5,20275,20275;20276;20277;20278;20281
ccib.f90,CC_SCALARS::FILL_UNKZ_GUARDCELLS,setup,no,omesh_copy,MESHES(NOM)%OMESH(NM),M2,ICF_UFFB_CF_S,OMESH_TYPE,write,1,20279,20279
ccib.f90,CC_SCALARS::FILL_UNKZ_GUARDCELLS,setup,no,omesh_copy,MESHES(NM)%OMESH(NOM),M3,NICF_S,OMESH_TYPE,read,2,20306,20306;20307
ccib.f90,CC_SCALARS::FILL_UNKZ_GUARDCELLS,setup,no,omesh_copy,MESHES(NM)%OMESH(NOM),M3,ICF_UFFB_CF_S,OMESH_TYPE,read,1,20308,20308
ccib.f90,CC_SCALARS::FILL_UNKZ_GUARDCELLS,setup,no,omesh_copy,MESHES(NOM)%OMESH(NM),M2,ICC_UNKZ_CC_S,OMESH_TYPE,read,1,20327,20327
ccib.f90,CC_SCALARS::FILL_UNKZ_GUARDCELLS,setup,no,omesh_copy,MESHES(NOM)%OMESH(NM),M2,UNKZ_CC_S,OMESH_TYPE,write,1,20331,20331
ccib.f90,CC_SCALARS::FILL_UNKZ_GUARDCELLS,setup,no,omesh_copy,MESHES(NM)%OMESH(NOM),M3,UNKZ_CC_R,OMESH_TYPE,arg,1,20346,20346
ccib.f90,CC_SCALARS::FILL_UNKZ_GUARDCELLS,setup,no,omesh_copy,MESHES(NM)%OMESH(NOM),M3,UNKZ_CC_R,OMESH_TYPE,write,1,20349,20349
ccib.f90,CC_SCALARS::FILL_UNKZ_GUARDCELLS,setup,no,omesh_copy,MESHES(NOM)%OMESH(NM),M2,UNKZ_CC_S,OMESH_TYPE,arg,1,20358,20358
ccib.f90,CC_SCALARS::FILL_UNKZ_GUARDCELLS,setup,no,omesh_copy,MESHES(NM)%OMESH(NOM),M3,UNKZ_CC_R,OMESH_TYPE,read,1,20382,20382
ccib.f90,CC_SCALARS::GET_CC_MATRIXGRAPH_H,runtime+setup,no,omesh_copy,MESHES(NM)%OMESH(NOM),OMESH(ptr),MUNKH,OMESH_TYPE,read,2,20970,20970;21032
ccib.f90,CC_SCALARS::GET_CRTCFCC_INT_STENCILS,setup,no,omesh_copy,MESHES(NM)%OMESH(NOM),direct,IIO_FC_R,OMESH_TYPE,alloc,1,17767,17767
ccib.f90,CC_SCALARS::GET_CRTCFCC_INT_STENCILS,setup,no,omesh_copy,MESHES(NM)%OMESH(NOM),direct,JJO_FC_R,OMESH_TYPE,alloc,1,17768,17768
ccib.f90,CC_SCALARS::GET_CRTCFCC_INT_STENCILS,setup,no,omesh_copy,MESHES(NM)%OMESH(NOM),direct,KKO_FC_R,OMESH_TYPE,alloc,1,17769,17769
ccib.f90,CC_SCALARS::GET_CRTCFCC_INT_STENCILS,setup,no,omesh_copy,MESHES(NM)%OMESH(NOM),direct,AXS_FC_R,OMESH_TYPE,alloc,1,17770,17770
ccib.f90,CC_SCALARS::GET_CRTCFCC_INT_STENCILS,setup,no,omesh_copy,MESHES(NM)%OMESH(NOM),direct,IIO_CC_R,OMESH_TYPE,alloc,1,17772,17772
ccib.f90,CC_SCALARS::GET_CRTCFCC_INT_STENCILS,setup,no,omesh_copy,MESHES(NM)%OMESH(NOM),direct,JJO_CC_R,OMESH_TYPE,alloc,1,17773,17773
ccib.f90,CC_SCALARS::GET_CRTCFCC_INT_STENCILS,setup,no,omesh_copy,MESHES(NM)%OMESH(NOM),direct,KKO_CC_R,OMESH_TYPE,alloc,1,17774,17774
ccib.f90,CC_SCALARS::GET_CRTCFCC_INT_STENCILS,setup,no,omesh_copy,MESHES(NM)%OMESH(NOM),OMESH(ptr),NCC_INT_R,OMESH_TYPE,write,1,18001,18001
ccib.f90,CC_SCALARS::GET_CRTCFCC_INT_STENCILS,setup,no,omesh_copy,MESHES(NM)%OMESH(NOM),OMESH(ptr),NFCC_R,OMESH_TYPE,read,3,18001,18001;18021;18023
ccib.f90,CC_SCALARS::GET_CRTCFCC_INT_STENCILS,setup,no,omesh_copy,MESHES(NM)%OMESH(NOM),OMESH(ptr),NFCC_R,OMESH_TYPE,write,1,18021,18021
ccib.f90,CC_SCALARS::GET_CRTCFCC_INT_STENCILS,setup,no,omesh_copy,MESHES(NM)%OMESH(NOM),OMESH(ptr),IIO_CC_R,OMESH_TYPE,inquiry,1,18022,18022
ccib.f90,CC_SCALARS::GET_CRTCFCC_INT_STENCILS,setup,no,omesh_copy,MESHES(NM)%OMESH(NOM),OMESH(ptr),IIO_CC_R,OMESH_TYPE,read,1,18025,18025
ccib.f90,CC_SCALARS::GET_CRTCFCC_INT_STENCILS,setup,no,omesh_copy,MESHES(NM)%OMESH(NOM),OMESH(ptr),JJO_CC_R,OMESH_TYPE,read,1,18026,18026
ccib.f90,CC_SCALARS::GET_CRTCFCC_INT_STENCILS,setup,no,omesh_copy,MESHES(NM)%OMESH(NOM),OMESH(ptr),KKO_CC_R,OMESH_TYPE,read,1,18027,18027
ccib.f90,CC_SCALARS::GET_CRTCFCC_INT_STENCILS,setup,no,omesh_copy,MESHES(NM)%OMESH(NOM),OMESH(ptr),IIO_CC_R,OMESH_TYPE,dealloc,1,18028,18028
ccib.f90,CC_SCALARS::GET_CRTCFCC_INT_STENCILS,setup,no,omesh_copy,MESHES(NM)%OMESH(NOM),OMESH(ptr),IIO_CC_R,OMESH_TYPE,alloc,1,18028,18028
ccib.f90,CC_SCALARS::GET_CRTCFCC_INT_STENCILS,setup,no,omesh_copy,MESHES(NM)%OMESH(NOM),OMESH(ptr),IIO_CC_R,OMESH_TYPE,write,2,18029,18029;18036
ccib.f90,CC_SCALARS::GET_CRTCFCC_INT_STENCILS,setup,no,omesh_copy,MESHES(NM)%OMESH(NOM),OMESH(ptr),JJO_CC_R,OMESH_TYPE,dealloc,1,18030,18030
ccib.f90,CC_SCALARS::GET_CRTCFCC_INT_STENCILS,setup,no,omesh_copy,MESHES(NM)%OMESH(NOM),OMESH(ptr),JJO_CC_R,OMESH_TYPE,alloc,1,18030,18030
ccib.f90,CC_SCALARS::GET_CRTCFCC_INT_STENCILS,setup,no,omesh_copy,MESHES(NM)%OMESH(NOM),OMESH(ptr),JJO_CC_R,OMESH_TYPE,write,2,18031,18031;18037
ccib.f90,CC_SCALARS::GET_CRTCFCC_INT_STENCILS,setup,no,omesh_copy,MESHES(NM)%OMESH(NOM),OMESH(ptr),KKO_CC_R,OMESH_TYPE,dealloc,1,18032,18032
ccib.f90,CC_SCALARS::GET_CRTCFCC_INT_STENCILS,setup,no,omesh_copy,MESHES(NM)%OMESH(NOM),OMESH(ptr),KKO_CC_R,OMESH_TYPE,alloc,1,18032,18032
ccib.f90,CC_SCALARS::GET_CRTCFCC_INT_STENCILS,setup,no,omesh_copy,MESHES(NM)%OMESH(NOM),OMESH(ptr),KKO_CC_R,OMESH_TYPE,write,2,18033,18033;18038
ccib.f90,CC_SCALARS::GET_CRTCFCC_INT_STENCILS,setup,no,omesh_copy,MESHES(NM)%OMESH(NOM),OMESH(ptr),NFCC_R,OMESH_TYPE,arg,3,18036,18036;18037;18038
ccib.f90,CC_SCALARS::GET_CRTCFCC_INT_STENCILS::ASSIGN_TO_CC_R,setup,no,omesh_copy,MESHES(NM)%OMESH(NOM),OMESH(ptr),NFCC_R,OMESH_TYPE,write,1,18534,18534
ccib.f90,CC_SCALARS::GET_CRTCFCC_INT_STENCILS::ASSIGN_TO_CC_R,setup,no,omesh_copy,MESHES(NM)%OMESH(NOM),OMESH(ptr),NFCC_R,OMESH_TYPE,read,3,18534,18534;18536;18552
ccib.f90,CC_SCALARS::GET_CRTCFCC_INT_STENCILS::ASSIGN_TO_CC_R,setup,no,omesh_copy,MESHES(NM)%OMESH(NOM),OMESH(ptr),IIO_CC_R,OMESH_TYPE,inquiry,1,18535,18535
ccib.f90,CC_SCALARS::GET_CRTCFCC_INT_STENCILS::ASSIGN_TO_CC_R,setup,no,omesh_copy,MESHES(NM)%OMESH(NOM),OMESH(ptr),IIO_CC_R,OMESH_TYPE,read,1,18538,18538
ccib.f90,CC_SCALARS::GET_CRTCFCC_INT_STENCILS::ASSIGN_TO_CC_R,setup,no,omesh_copy,MESHES(NM)%OMESH(NOM),OMESH(ptr),JJO_CC_R,OMESH_TYPE,read,1,18539,18539
ccib.f90,CC_SCALARS::GET_CRTCFCC_INT_STENCILS::ASSIGN_TO_CC_R,setup,no,omesh_copy,MESHES(NM)%OMESH(NOM),OMESH(ptr),KKO_CC_R,OMESH_TYPE,read,1,18540,18540
ccib.f90,CC_SCALARS::GET_CRTCFCC_INT_STENCILS::ASSIGN_TO_CC_R,setup,no,omesh_copy,MESHES(NM)%OMESH(NOM),OMESH(ptr),IIO_CC_R,OMESH_TYPE,dealloc,1,18541,18541
ccib.f90,CC_SCALARS::GET_CRTCFCC_INT_STENCILS::ASSIGN_TO_CC_R,setup,no,omesh_copy,MESHES(NM)%OMESH(NOM),OMESH(ptr),IIO_CC_R,OMESH_TYPE,alloc,1,18541,18541
ccib.f90,CC_SCALARS::GET_CRTCFCC_INT_STENCILS::ASSIGN_TO_CC_R,setup,no,omesh_copy,MESHES(NM)%OMESH(NOM),OMESH(ptr),IIO_CC_R,OMESH_TYPE,write,2,18542,18542;18549
ccib.f90,CC_SCALARS::GET_CRTCFCC_INT_STENCILS::ASSIGN_TO_CC_R,setup,no,omesh_copy,MESHES(NM)%OMESH(NOM),OMESH(ptr),JJO_CC_R,OMESH_TYPE,dealloc,1,18543,18543
ccib.f90,CC_SCALARS::GET_CRTCFCC_INT_STENCILS::ASSIGN_TO_CC_R,setup,no,omesh_copy,MESHES(NM)%OMESH(NOM),OMESH(ptr),JJO_CC_R,OMESH_TYPE,alloc,1,18543,18543
ccib.f90,CC_SCALARS::GET_CRTCFCC_INT_STENCILS::ASSIGN_TO_CC_R,setup,no,omesh_copy,MESHES(NM)%OMESH(NOM),OMESH(ptr),JJO_CC_R,OMESH_TYPE,write,2,18544,18544;18550
ccib.f90,CC_SCALARS::GET_CRTCFCC_INT_STENCILS::ASSIGN_TO_CC_R,setup,no,omesh_copy,MESHES(NM)%OMESH(NOM),OMESH(ptr),KKO_CC_R,OMESH_TYPE,dealloc,1,18545,18545
ccib.f90,CC_SCALARS::GET_CRTCFCC_INT_STENCILS::ASSIGN_TO_CC_R,setup,no,omesh_copy,MESHES(NM)%OMESH(NOM),OMESH(ptr),KKO_CC_R,OMESH_TYPE,alloc,1,18545,18545
ccib.f90,CC_SCALARS::GET_CRTCFCC_INT_STENCILS::ASSIGN_TO_CC_R,setup,no,omesh_copy,MESHES(NM)%OMESH(NOM),OMESH(ptr),KKO_CC_R,OMESH_TYPE,write,2,18546,18546;18551
ccib.f90,CC_SCALARS::GET_CRTCFCC_INT_STENCILS::ASSIGN_TO_CC_R,setup,no,omesh_copy,MESHES(NM)%OMESH(NOM),OMESH(ptr),NFCC_R,OMESH_TYPE,arg,3,18549,18549;18550;18551
ccib.f90,CC_SCALARS::GET_CRTCFCC_INT_STENCILS::ASSIGN_TO_FC_R,setup,no,omesh_copy,MESHES(NM)%OMESH(NOM),OMESH(ptr),NFCC_R,OMESH_TYPE,write,1,18564,18564
ccib.f90,CC_SCALARS::GET_CRTCFCC_INT_STENCILS::ASSIGN_TO_FC_R,setup,no,omesh_copy,MESHES(NM)%OMESH(NOM),OMESH(ptr),NFCC_R,OMESH_TYPE,read,3,18564,18564;18566;18587
ccib.f90,CC_SCALARS::GET_CRTCFCC_INT_STENCILS::ASSIGN_TO_FC_R,setup,no,omesh_copy,MESHES(NM)%OMESH(NOM),OMESH(ptr),IIO_FC_R,OMESH_TYPE,inquiry,1,18565,18565
ccib.f90,CC_SCALARS::GET_CRTCFCC_INT_STENCILS::ASSIGN_TO_FC_R,setup,no,omesh_copy,MESHES(NM)%OMESH(NOM),OMESH(ptr),IIO_FC_R,OMESH_TYPE,read,1,18569,18569
ccib.f90,CC_SCALARS::GET_CRTCFCC_INT_STENCILS::ASSIGN_TO_FC_R,setup,no,omesh_copy,MESHES(NM)%OMESH(NOM),OMESH(ptr),JJO_FC_R,OMESH_TYPE,read,1,18570,18570
ccib.f90,CC_SCALARS::GET_CRTCFCC_INT_STENCILS::ASSIGN_TO_FC_R,setup,no,omesh_copy,MESHES(NM)%OMESH(NOM),OMESH(ptr),KKO_FC_R,OMESH_TYPE,read,1,18571,18571
ccib.f90,CC_SCALARS::GET_CRTCFCC_INT_STENCILS::ASSIGN_TO_FC_R,setup,no,omesh_copy,MESHES(NM)%OMESH(NOM),OMESH(ptr),AXS_FC_R,OMESH_TYPE,read,1,18572,18572
ccib.f90,CC_SCALARS::GET_CRTCFCC_INT_STENCILS::ASSIGN_TO_FC_R,setup,no,omesh_copy,MESHES(NM)%OMESH(NOM),OMESH(ptr),IIO_FC_R,OMESH_TYPE,dealloc,1,18573,18573
ccib.f90,CC_SCALARS::GET_CRTCFCC_INT_STENCILS::ASSIGN_TO_FC_R,setup,no,omesh_copy,MESHES(NM)%OMESH(NOM),OMESH(ptr),IIO_FC_R,OMESH_TYPE,alloc,1,18573,18573
ccib.f90,CC_SCALARS::GET_CRTCFCC_INT_STENCILS::ASSIGN_TO_FC_R,setup,no,omesh_copy,MESHES(NM)%OMESH(NOM),OMESH(ptr),IIO_FC_R,OMESH_TYPE,write,2,18574,18574;18583
ccib.f90,CC_SCALARS::GET_CRTCFCC_INT_STENCILS::ASSIGN_TO_FC_R,setup,no,omesh_copy,MESHES(NM)%OMESH(NOM),OMESH(ptr),JJO_FC_R,OMESH_TYPE,dealloc,1,18575,18575
ccib.f90,CC_SCALARS::GET_CRTCFCC_INT_STENCILS::ASSIGN_TO_FC_R,setup,no,omesh_copy,MESHES(NM)%OMESH(NOM),OMESH(ptr),JJO_FC_R,OMESH_TYPE,alloc,1,18575,18575
ccib.f90,CC_SCALARS::GET_CRTCFCC_INT_STENCILS::ASSIGN_TO_FC_R,setup,no,omesh_copy,MESHES(NM)%OMESH(NOM),OMESH(ptr),JJO_FC_R,OMESH_TYPE,write,2,18576,18576;18584
ccib.f90,CC_SCALARS::GET_CRTCFCC_INT_STENCILS::ASSIGN_TO_FC_R,setup,no,omesh_copy,MESHES(NM)%OMESH(NOM),OMESH(ptr),KKO_FC_R,OMESH_TYPE,dealloc,1,18577,18577
ccib.f90,CC_SCALARS::GET_CRTCFCC_INT_STENCILS::ASSIGN_TO_FC_R,setup,no,omesh_copy,MESHES(NM)%OMESH(NOM),OMESH(ptr),KKO_FC_R,OMESH_TYPE,alloc,1,18577,18577
ccib.f90,CC_SCALARS::GET_CRTCFCC_INT_STENCILS::ASSIGN_TO_FC_R,setup,no,omesh_copy,MESHES(NM)%OMESH(NOM),OMESH(ptr),KKO_FC_R,OMESH_TYPE,write,2,18578,18578;18585
ccib.f90,CC_SCALARS::GET_CRTCFCC_INT_STENCILS::ASSIGN_TO_FC_R,setup,no,omesh_copy,MESHES(NM)%OMESH(NOM),OMESH(ptr),AXS_FC_R,OMESH_TYPE,dealloc,1,18579,18579
ccib.f90,CC_SCALARS::GET_CRTCFCC_INT_STENCILS::ASSIGN_TO_FC_R,setup,no,omesh_copy,MESHES(NM)%OMESH(NOM),OMESH(ptr),AXS_FC_R,OMESH_TYPE,alloc,1,18579,18579
ccib.f90,CC_SCALARS::GET_CRTCFCC_INT_STENCILS::ASSIGN_TO_FC_R,setup,no,omesh_copy,MESHES(NM)%OMESH(NOM),OMESH(ptr),AXS_FC_R,OMESH_TYPE,write,2,18580,18580;18586
ccib.f90,CC_SCALARS::GET_CRTCFCC_INT_STENCILS::ASSIGN_TO_FC_R,setup,no,omesh_copy,MESHES(NM)%OMESH(NOM),OMESH(ptr),NFCC_R,OMESH_TYPE,arg,4,18583,18583;18584;18585;18586
ccib.f90,CC_SCALARS::GET_H_GUARD_CUTCELL,runtime,no,omesh_copy,MESHES(NM)%OMESH(NOM),OM,(whole),OMESH_TYPE,ptr_bind,1,548,548
ccib.f90,CC_SCALARS::GET_H_GUARD_CUTCELL,runtime,no,omesh_copy,MESHES(NM)%OMESH(NOM),OM,H,OMESH_TYPE,read,1,611,611
ccib.f90,CC_SCALARS::GET_H_GUARD_CUTCELL,runtime,no,omesh_copy,MESHES(NM)%OMESH(NOM),OM,HS,OMESH_TYPE,read,1,612,612
ccib.f90,CC_SCALARS::GET_H_GUARD_CUTCELL,runtime,no,omesh_copy,MESHES(NM)%OMESH(NOM),OM,MUNKH,OMESH_TYPE,inquiry,1,635,635
ccib.f90,CC_SCALARS::GET_H_GUARD_CUTCELL,runtime,no,omesh_copy,MESHES(NM)%OMESH(NOM),OM,MUNKH,OMESH_TYPE,read,1,635,635
ccib.f90,CC_SCALARS::GET_H_MATRIX_CC,runtime+setup,no,omesh_copy,MESHES(NM)%OMESH(NOM),OMESH(ptr),MUNKH,OMESH_TYPE,read,2,20679,20679;20822
ccib.f90,CC_SCALARS::GET_LINKED_VELOCITIES,runtime+setup,no,omesh_copy,MESHES(NM)%OMESH(NOM),OM,(whole),OMESH_TYPE,ptr_bind,2,3229,3229;3405
ccib.f90,CC_SCALARS::GET_LINKED_VELOCITIES,runtime+setup,no,omesh_copy,MESHES(NM)%OMESH(NOM),OM,US,OMESH_TYPE,write,2,3268,3268;3284
ccib.f90,CC_SCALARS::GET_LINKED_VELOCITIES,runtime+setup,no,omesh_copy,MESHES(NM)%OMESH(NOM),OM,U_LNK,OMESH_TYPE,read,4,3268,3268;3284;3445;3461
ccib.f90,CC_SCALARS::GET_LINKED_VELOCITIES,runtime+setup,no,omesh_copy,MESHES(NM)%OMESH(NOM),OM,VS,OMESH_TYPE,write,2,3300,3300;3316
ccib.f90,CC_SCALARS::GET_LINKED_VELOCITIES,runtime+setup,no,omesh_copy,MESHES(NM)%OMESH(NOM),OM,V_LNK,OMESH_TYPE,read,4,3300,3300;3316;3477;3493
ccib.f90,CC_SCALARS::GET_LINKED_VELOCITIES,runtime+setup,no,omesh_copy,MESHES(NM)%OMESH(NOM),OM,WS,OMESH_TYPE,write,2,3332,3332;3348
ccib.f90,CC_SCALARS::GET_LINKED_VELOCITIES,runtime+setup,no,omesh_copy,MESHES(NM)%OMESH(NOM),OM,W_LNK,OMESH_TYPE,read,4,3332,3332;3348;3509;3525
ccib.f90,CC_SCALARS::GET_LINKED_VELOCITIES,runtime+setup,no,omesh_copy,MESHES(NM)%OMESH(NOM),OM,U,OMESH_TYPE,write,2,3445,3445;3461
ccib.f90,CC_SCALARS::GET_LINKED_VELOCITIES,runtime+setup,no,omesh_copy,MESHES(NM)%OMESH(NOM),OM,V,OMESH_TYPE,write,2,3477,3477;3493
ccib.f90,CC_SCALARS::GET_LINKED_VELOCITIES,runtime+setup,no,omesh_copy,MESHES(NM)%OMESH(NOM),OM,W,OMESH_TYPE,write,2,3509,3509;3525
ccib.f90,CC_SCALARS::GET_PRES_CFACE_BCS,runtime,no,omesh_copy,MESHES(NM)%OMESH(NOM),OMESH(ptr),H,OMESH_TYPE,read,6,2351,2351;2381;2411;2441;2471;2501
ccib.f90,CC_SCALARS::GET_PRES_CFACE_BCS,runtime,no,omesh_copy,MESHES(NM)%OMESH(NOM),OMESH(ptr),HS,OMESH_TYPE,read,6,2352,2352;2382;2412;2442;2472;2502
ccib.f90,CC_SCALARS::INITIALIZE_BACK_CFACE_EXCHANGE,setup,yes,omesh_copy,MESHES(NM)%OMESH(NOM),direct,N_CFACE_QUERY,OMESH_TYPE,read,2,169,169;226
ccib.f90,CC_SCALARS::INITIALIZE_BACK_CFACE_EXCHANGE,setup,yes,omesh_copy,MESHES(NM)%OMESH(NOM),direct,CFACE_QUERY_XYZ,OMESH_TYPE,read,2,173,173;232
ccib.f90,CC_SCALARS::INITIALIZE_BACK_CFACE_EXCHANGE,setup,yes,omesh_copy,MESHES(NM)%OMESH(NOM),direct,CFACE_QUERY_NBACK,OMESH_TYPE,read,2,174,174;233
ccib.f90,CC_SCALARS::INITIALIZE_BACK_CFACE_EXCHANGE,setup,yes,omesh_copy,MESHES(NM)%OMESH(NOM),direct,CFACE_QUERY_FRONT,OMESH_TYPE,read,2,179,179;235
ccib.f90,CC_SCALARS::MESH_CC_EXCHANGE,runtime+setup,yes,omesh_copy,MESHES(NM)%OMESH(NOM),M3,(whole),OMESH_TYPE,ptr_bind,13,3990,3990;4002;4013;4024;4039;4055;4069;4083;4105;4118;4132;4146;4172
ccib.f90,CC_SCALARS::MESH_CC_EXCHANGE,runtime+setup,yes,omesh_copy,MESHES(NM)%OMESH(NOM),M3,NICC_S,OMESH_TYPE,read,7,3991,3991;4108;4109;4179;4183;4383;4387
ccib.f90,CC_SCALARS::MESH_CC_EXCHANGE,runtime+setup,yes,omesh_copy,MESHES(NM)%OMESH(NOM),M3,NICC_R,OMESH_TYPE,read,4,3991,3991;4040;4042;4044
ccib.f90,CC_SCALARS::MESH_CC_EXCHANGE,runtime+setup,yes,omesh_copy,MESHES(NM)%OMESH(NOM),M3,NICF_S,OMESH_TYPE,read,17,4003,4003;4119;4122;4123;4250;4254;4266;4278;4282;4295;4455;4459;4471;4483;4487;4500;4517
ccib.f90,CC_SCALARS::MESH_CC_EXCHANGE,runtime+setup,yes,omesh_copy,MESHES(NM)%OMESH(NOM),M3,NICF_R,OMESH_TYPE,read,3,4003,4003;4056;4059
ccib.f90,CC_SCALARS::MESH_CC_EXCHANGE,runtime+setup,yes,omesh_copy,MESHES(NM)%OMESH(NOM),M3,NLKF_S,OMESH_TYPE,read,5,4003,4003;4119;4122;4123;4510
ccib.f90,CC_SCALARS::MESH_CC_EXCHANGE,runtime+setup,yes,omesh_copy,MESHES(NM)%OMESH(NOM),M3,NLKF_R,OMESH_TYPE,read,3,4003,4003;4056;4059
ccib.f90,CC_SCALARS::MESH_CC_EXCHANGE,runtime+setup,yes,omesh_copy,MESHES(NM)%OMESH(NOM),M3,NFCC_S,OMESH_TYPE,read,22,4014,4014;4025;4133;4136;4137;4147;4150;4151;4204;4208;4305;4309;4408;4412;4584;4588;4662;4666;4678;4693;4697;4709
ccib.f90,CC_SCALARS::MESH_CC_EXCHANGE,runtime+setup,yes,omesh_copy,MESHES(NM)%OMESH(NOM),M3,NFCC_R,OMESH_TYPE,read,6,4014,4014;4025;4070;4073;4084;4087
ccib.f90,CC_SCALARS::MESH_CC_EXCHANGE,runtime+setup,yes,omesh_copy,MESHES(NM)%OMESH(NOM),M3,REAL_RECV_PKG11,OMESH_TYPE,alloc,1,4044,4044
ccib.f90,CC_SCALARS::MESH_CC_EXCHANGE,runtime+setup,yes,omesh_copy,MESHES(NM)%OMESH(NOM),M3,REAL_RECV_PKG11,OMESH_TYPE,arg,1,4047,4047
ccib.f90,CC_SCALARS::MESH_CC_EXCHANGE,runtime+setup,yes,omesh_copy,MESHES(NM)%OMESH(NOM),M3,REAL_RECV_PKG11,OMESH_TYPE,inquiry,1,4047,4047
ccib.f90,CC_SCALARS::MESH_CC_EXCHANGE,runtime+setup,yes,omesh_copy,MESHES(NM)%OMESH(NOM),M3,REAL_RECV_PKG112,OMESH_TYPE,alloc,1,4059,4059
ccib.f90,CC_SCALARS::MESH_CC_EXCHANGE,runtime+setup,yes,omesh_copy,MESHES(NM)%OMESH(NOM),M3,REAL_RECV_PKG112,OMESH_TYPE,arg,1,4062,4062
ccib.f90,CC_SCALARS::MESH_CC_EXCHANGE,runtime+setup,yes,omesh_copy,MESHES(NM)%OMESH(NOM),M3,REAL_RECV_PKG112,OMESH_TYPE,inquiry,1,4062,4062
ccib.f90,CC_SCALARS::MESH_CC_EXCHANGE,runtime+setup,yes,omesh_copy,MESHES(NM)%OMESH(NOM),M3,REAL_RECV_PKG12,OMESH_TYPE,alloc,1,4073,4073
ccib.f90,CC_SCALARS::MESH_CC_EXCHANGE,runtime+setup,yes,omesh_copy,MESHES(NM)%OMESH(NOM),M3,REAL_RECV_PKG12,OMESH_TYPE,arg,1,4076,4076
ccib.f90,CC_SCALARS::MESH_CC_EXCHANGE,runtime+setup,yes,omesh_copy,MESHES(NM)%OMESH(NOM),M3,REAL_RECV_PKG12,OMESH_TYPE,inquiry,1,4076,4076
ccib.f90,CC_SCALARS::MESH_CC_EXCHANGE,runtime+setup,yes,omesh_copy,MESHES(NM)%OMESH(NOM),M3,REAL_RECV_PKG13,OMESH_TYPE,alloc,1,4087,4087
ccib.f90,CC_SCALARS::MESH_CC_EXCHANGE,runtime+setup,yes,omesh_copy,MESHES(NM)%OMESH(NOM),M3,REAL_RECV_PKG13,OMESH_TYPE,arg,1,4090,4090
ccib.f90,CC_SCALARS::MESH_CC_EXCHANGE,runtime+setup,yes,omesh_copy,MESHES(NM)%OMESH(NOM),M3,REAL_RECV_PKG13,OMESH_TYPE,inquiry,1,4090,4090
ccib.f90,CC_SCALARS::MESH_CC_EXCHANGE,runtime+setup,yes,omesh_copy,MESHES(NM)%OMESH(NOM),M3,REAL_SEND_PKG11,OMESH_TYPE,alloc,1,4109,4109
ccib.f90,CC_SCALARS::MESH_CC_EXCHANGE,runtime+setup,yes,omesh_copy,MESHES(NM)%OMESH(NOM),M3,REAL_SEND_PKG11,OMESH_TYPE,arg,1,4111,4111
ccib.f90,CC_SCALARS::MESH_CC_EXCHANGE,runtime+setup,yes,omesh_copy,MESHES(NM)%OMESH(NOM),M3,REAL_SEND_PKG11,OMESH_TYPE,inquiry,1,4111,4111
ccib.f90,CC_SCALARS::MESH_CC_EXCHANGE,runtime+setup,yes,omesh_copy,MESHES(NM)%OMESH(NOM),M3,REAL_SEND_PKG112,OMESH_TYPE,alloc,1,4123,4123
ccib.f90,CC_SCALARS::MESH_CC_EXCHANGE,runtime+setup,yes,omesh_copy,MESHES(NM)%OMESH(NOM),M3,REAL_SEND_PKG112,OMESH_TYPE,arg,1,4125,4125
ccib.f90,CC_SCALARS::MESH_CC_EXCHANGE,runtime+setup,yes,omesh_copy,MESHES(NM)%OMESH(NOM),M3,REAL_SEND_PKG112,OMESH_TYPE,inquiry,1,4125,4125
ccib.f90,CC_SCALARS::MESH_CC_EXCHANGE,runtime+setup,yes,omesh_copy,MESHES(NM)%OMESH(NOM),M3,REAL_SEND_PKG12,OMESH_TYPE,alloc,1,4137,4137
ccib.f90,CC_SCALARS::MESH_CC_EXCHANGE,runtime+setup,yes,omesh_copy,MESHES(NM)%OMESH(NOM),M3,REAL_SEND_PKG12,OMESH_TYPE,arg,1,4139,4139
ccib.f90,CC_SCALARS::MESH_CC_EXCHANGE,runtime+setup,yes,omesh_copy,MESHES(NM)%OMESH(NOM),M3,REAL_SEND_PKG12,OMESH_TYPE,inquiry,1,4139,4139
ccib.f90,CC_SCALARS::MESH_CC_EXCHANGE,runtime+setup,yes,omesh_copy,MESHES(NM)%OMESH(NOM),M3,REAL_SEND_PKG13,OMESH_TYPE,alloc,1,4151,4151
ccib.f90,CC_SCALARS::MESH_CC_EXCHANGE,runtime+setup,yes,omesh_copy,MESHES(NM)%OMESH(NOM),M3,REAL_SEND_PKG13,OMESH_TYPE,arg,1,4153,4153
ccib.f90,CC_SCALARS::MESH_CC_EXCHANGE,runtime+setup,yes,omesh_copy,MESHES(NM)%OMESH(NOM),M3,REAL_SEND_PKG13,OMESH_TYPE,inquiry,1,4153,4153
ccib.f90,CC_SCALARS::MESH_CC_EXCHANGE,runtime+setup,yes,omesh_copy,MESHES(NM)%OMESH(NOM),M3,ICC_UNKZ_CC_S,OMESH_TYPE,read,2,4184,4184;4388
ccib.f90,CC_SCALARS::MESH_CC_EXCHANGE,runtime+setup,yes,omesh_copy,MESHES(NM)%OMESH(NOM),M3,REAL_SEND_PKG11,OMESH_TYPE,write,10,4191,4191;4192;4193;4194;4196;4395;4396;4397;4398;4400
ccib.f90,CC_SCALARS::MESH_CC_EXCHANGE,runtime+setup,yes,omesh_copy,MESHES(NM)%OMESH(NOM),M3,IIO_CC_S,OMESH_TYPE,read,8,4209,4209;4232;4413;4436;4667;4679;4698;4710
ccib.f90,CC_SCALARS::MESH_CC_EXCHANGE,runtime+setup,yes,omesh_copy,MESHES(NM)%OMESH(NOM),M3,JJO_CC_S,OMESH_TYPE,read,8,4210,4210;4233;4414;4437;4668;4680;4699;4711
ccib.f90,CC_SCALARS::MESH_CC_EXCHANGE,runtime+setup,yes,omesh_copy,MESHES(NM)%OMESH(NOM),M3,KKO_CC_S,OMESH_TYPE,read,8,4211,4211;4234;4415;4438;4669;4681;4700;4712
ccib.f90,CC_SCALARS::MESH_CC_EXCHANGE,runtime+setup,yes,omesh_copy,MESHES(NM)%OMESH(NOM),M3,REAL_SEND_PKG13,OMESH_TYPE,write,28,4213,4213;4214;4215;4216;4217;4218;4219;4220;4221;4223;4417;4418;4419;4420;4421;4422;4423;4424;4425;4427;4671;4672;4673;4674;4702;4703;4704;4705
ccib.f90,CC_SCALARS::MESH_CC_EXCHANGE,runtime+setup,yes,omesh_copy,MESHES(NM)%OMESH(NOM),M3,ICF_UFFB_CF_S,OMESH_TYPE,read,8,4255,4255;4267;4283;4296;4460;4472;4488;4501
ccib.f90,CC_SCALARS::MESH_CC_EXCHANGE,runtime+setup,yes,omesh_copy,MESHES(NM)%OMESH(NOM),M3,REAL_SEND_PKG112,OMESH_TYPE,write,23,4258,4258;4260;4262;4286;4287;4289;4291;4463;4465;4467;4491;4492;4494;4496;4522;4524;4527;4530;4532;4535;4538;4540;4543
ccib.f90,CC_SCALARS::MESH_CC_EXCHANGE,runtime+setup,yes,omesh_copy,MESHES(NM)%OMESH(NOM),M3,IIO_FC_S,OMESH_TYPE,read,8,4310,4310;4330;4348;4365;4589;4609;4627;4644
ccib.f90,CC_SCALARS::MESH_CC_EXCHANGE,runtime+setup,yes,omesh_copy,MESHES(NM)%OMESH(NOM),M3,JJO_FC_S,OMESH_TYPE,read,8,4311,4311;4331;4349;4366;4590;4610;4628;4645
ccib.f90,CC_SCALARS::MESH_CC_EXCHANGE,runtime+setup,yes,omesh_copy,MESHES(NM)%OMESH(NOM),M3,KKO_FC_S,OMESH_TYPE,read,8,4312,4312;4332;4350;4367;4591;4611;4629;4646
ccib.f90,CC_SCALARS::MESH_CC_EXCHANGE,runtime+setup,yes,omesh_copy,MESHES(NM)%OMESH(NOM),M3,AXS_FC_S,OMESH_TYPE,read,8,4313,4313;4333;4351;4368;4592;4612;4630;4647
ccib.f90,CC_SCALARS::MESH_CC_EXCHANGE,runtime+setup,yes,omesh_copy,MESHES(NM)%OMESH(NOM),M3,REAL_SEND_PKG12,OMESH_TYPE,write,6,4317,4317;4319;4321;4596;4598;4600
ccib.f90,CC_SCALARS::MESH_CC_EXCHANGE,runtime+setup,yes,omesh_copy,MESHES(NM)%OMESH(NOM),M3,K_MIN_S,OMESH_TYPE,read,2,4518,4518;4552
ccib.f90,CC_SCALARS::MESH_CC_EXCHANGE,runtime+setup,yes,omesh_copy,MESHES(NM)%OMESH(NOM),M3,K_MAX_S,OMESH_TYPE,read,2,4518,4518;4552
ccib.f90,CC_SCALARS::MESH_CC_EXCHANGE,runtime+setup,yes,omesh_copy,MESHES(NM)%OMESH(NOM),M3,J_MIN_S,OMESH_TYPE,read,2,4519,4519;4553
ccib.f90,CC_SCALARS::MESH_CC_EXCHANGE,runtime+setup,yes,omesh_copy,MESHES(NM)%OMESH(NOM),M3,J_MAX_S,OMESH_TYPE,read,2,4519,4519;4553
ccib.f90,CC_SCALARS::MESH_CC_EXCHANGE,runtime+setup,yes,omesh_copy,MESHES(NM)%OMESH(NOM),M3,I_MIN_S,OMESH_TYPE,read,2,4520,4520;4554
ccib.f90,CC_SCALARS::MESH_CC_EXCHANGE,runtime+setup,yes,omesh_copy,MESHES(NM)%OMESH(NOM),M3,I_MAX_S,OMESH_TYPE,read,2,4520,4520;4554
ccib.f90,CC_SCALARS::MESH_CC_EXCHANGE,runtime+setup,yes,omesh_copy,MESHES(NOM)%OMESH(NM),M2,(whole),OMESH_TYPE,ptr_bind,1,4757,4757
ccib.f90,CC_SCALARS::MESH_CC_EXCHANGE,runtime+setup,yes,omesh_copy,MESHES(NOM)%OMESH(NM),M2,NICC_R,OMESH_TYPE,read,4,4766,4766;4771;4876;4881
ccib.f90,CC_SCALARS::MESH_CC_EXCHANGE,runtime+setup,yes,omesh_copy,MESHES(NOM)%OMESH(NM),M2,ICC_UNKZ_CC_R,OMESH_TYPE,read,2,4772,4772;4882
ccib.f90,CC_SCALARS::MESH_CC_EXCHANGE,runtime+setup,yes,omesh_copy,MESHES(NOM)%OMESH(NM),M2,REAL_RECV_PKG11,OMESH_TYPE,read,10,4776,4776;4777;4778;4779;4781;4886;4887;4888;4889;4891
ccib.f90,CC_SCALARS::MESH_CC_EXCHANGE,runtime+setup,yes,omesh_copy,MESHES(NOM)%OMESH(NM),M2,NFCC_R,OMESH_TYPE,read,4,4787,4787;4831;4897;4958
ccib.f90,CC_SCALARS::MESH_CC_EXCHANGE,runtime+setup,yes,omesh_copy,MESHES(NOM)%OMESH(NM),M2,NFEP_R,OMESH_TYPE,read,8,4789,4789;4834;4841;4847;4900;4907;4913;4978
ccib.f90,CC_SCALARS::MESH_CC_EXCHANGE,runtime+setup,yes,omesh_copy,MESHES(NOM)%OMESH(NM),M2,IFEP_R_2,OMESH_TYPE,read,2,4790,4790;4791
ccib.f90,CC_SCALARS::MESH_CC_EXCHANGE,runtime+setup,yes,omesh_copy,MESHES(NOM)%OMESH(NM),M2,REAL_RECV_PKG13,OMESH_TYPE,read,12,4793,4793;4794;4795;4796;4797;4798;4799;4801;4970;4971;4972;4982
ccib.f90,CC_SCALARS::MESH_CC_EXCHANGE,runtime+setup,yes,omesh_copy,MESHES(NOM)%OMESH(NM),M2,NICF_R,OMESH_TYPE,read,7,4807,4807;4810;4854;4857;4920;4923;4941
ccib.f90,CC_SCALARS::MESH_CC_EXCHANGE,runtime+setup,yes,omesh_copy,MESHES(NOM)%OMESH(NM),M2,ICF_UFFB_CF_R,OMESH_TYPE,read,3,4811,4811;4858;4924
ccib.f90,CC_SCALARS::MESH_CC_EXCHANGE,runtime+setup,yes,omesh_copy,MESHES(NOM)%OMESH(NM),M2,REAL_RECV_PKG112,OMESH_TYPE,read,16,4816,4816;4820;4821;4823;4824;4863;4864;4867;4868;4929;4930;4933;4934;4945;4946;4947
ccib.f90,CC_SCALARS::MESH_CC_EXCHANGE,runtime+setup,yes,omesh_copy,MESHES(NOM)%OMESH(NM),M2,IFEP_R_1,OMESH_TYPE,read,4,4835,4835;4836;4901;4902
ccib.f90,CC_SCALARS::MESH_CC_EXCHANGE,runtime+setup,yes,omesh_copy,MESHES(NOM)%OMESH(NM),M2,REAL_RECV_PKG12,OMESH_TYPE,read,6,4838,4838;4845;4851;4904;4911;4917
ccib.f90,CC_SCALARS::MESH_CC_EXCHANGE,runtime+setup,yes,omesh_copy,MESHES(NOM)%OMESH(NM),M2,IFEP_R_3,OMESH_TYPE,read,4,4842,4842;4843;4908;4909
ccib.f90,CC_SCALARS::MESH_CC_EXCHANGE,runtime+setup,yes,omesh_copy,MESHES(NOM)%OMESH(NM),M2,IFEP_R_4,OMESH_TYPE,read,4,4848,4848;4849;4914;4915
ccib.f90,CC_SCALARS::MESH_CC_EXCHANGE,runtime+setup,yes,omesh_copy,MESHES(NOM)%OMESH(NM),M2,NLKF_R,OMESH_TYPE,read,1,4939,4939
ccib.f90,CC_SCALARS::MESH_CC_EXCHANGE,runtime+setup,yes,omesh_copy,MESHES(NOM)%OMESH(NM),M2,U_LNK,OMESH_TYPE,ptr_target,1,4940,4940
ccib.f90,CC_SCALARS::MESH_CC_EXCHANGE,runtime+setup,yes,omesh_copy,MESHES(NOM)%OMESH(NM),M2,V_LNK,OMESH_TYPE,ptr_target,1,4940,4940
ccib.f90,CC_SCALARS::MESH_CC_EXCHANGE,runtime+setup,yes,omesh_copy,MESHES(NOM)%OMESH(NM),M2,W_LNK,OMESH_TYPE,ptr_target,1,4940,4940
ccib.f90,CC_SCALARS::MESH_CC_EXCHANGE,runtime+setup,yes,omesh_copy,MESHES(NOM)%OMESH(NM),M2,K_MIN_R,OMESH_TYPE,read,1,4942,4942
ccib.f90,CC_SCALARS::MESH_CC_EXCHANGE,runtime+setup,yes,omesh_copy,MESHES(NOM)%OMESH(NM),M2,K_MAX_R,OMESH_TYPE,read,1,4942,4942
ccib.f90,CC_SCALARS::MESH_CC_EXCHANGE,runtime+setup,yes,omesh_copy,MESHES(NOM)%OMESH(NM),M2,J_MIN_R,OMESH_TYPE,read,1,4943,4943
ccib.f90,CC_SCALARS::MESH_CC_EXCHANGE,runtime+setup,yes,omesh_copy,MESHES(NOM)%OMESH(NM),M2,J_MAX_R,OMESH_TYPE,read,1,4943,4943
ccib.f90,CC_SCALARS::MESH_CC_EXCHANGE,runtime+setup,yes,omesh_copy,MESHES(NOM)%OMESH(NM),M2,I_MIN_R,OMESH_TYPE,read,1,4944,4944
ccib.f90,CC_SCALARS::MESH_CC_EXCHANGE,runtime+setup,yes,omesh_copy,MESHES(NOM)%OMESH(NM),M2,I_MAX_R,OMESH_TYPE,read,1,4944,4944
ccib.f90,CC_SCALARS::MESH_CC_EXCHANGE,runtime+setup,yes,omesh_copy,MESHES(NOM)%OMESH(NM),M2,IFEP_R_5,OMESH_TYPE,read,2,4979,4979;4980
ccib.f90,CC_SCALARS::MESH_CC_EXCHANGE::FILL_GCCUTCELL_SPECIES,runtime+setup,no,omesh_copy,MESHES(NM)%OMESH(NOM),direct,ICC_UNKZ_CC_R,OMESH_TYPE,inquiry,1,5035,5035
ccib.f90,CC_SCALARS::MESH_CC_EXCHANGE::FILL_GCCUTCELL_SPECIES,runtime+setup,no,omesh_copy,MESHES(NM)%OMESH(NOM),direct,NICC_R,OMESH_TYPE,read,1,5036,5036
ccib.f90,CC_SCALARS::MESH_CC_EXCHANGE::FILL_GCCUTCELL_SPECIES,runtime+setup,no,omesh_copy,MESHES(NM)%OMESH(NOM),direct,ICC_UNKZ_CC_R,OMESH_TYPE,read,1,5037,5037
dump.f90,DUMP::DUMP_RESTART,runtime,no,omesh_copy,MESHES(NM)%OMESH(NOM),M2,(whole),OMESH_TYPE,ptr_bind,1,4018,4018
dump.f90,DUMP::DUMP_RESTART,runtime,no,omesh_copy,MESHES(NM)%OMESH(NOM),M2,NIC_R,OMESH_TYPE,read,1,4019,4019
dump.f90,DUMP::DUMP_RESTART,runtime,no,omesh_copy,MESHES(NM)%OMESH(NOM),M2,RHO,OMESH_TYPE,read,1,4020,4020
dump.f90,DUMP::DUMP_RESTART,runtime,no,omesh_copy,MESHES(NM)%OMESH(NOM),M2,RHOS,OMESH_TYPE,read,1,4020,4020
dump.f90,DUMP::DUMP_RESTART,runtime,no,omesh_copy,MESHES(NM)%OMESH(NOM),M2,U,OMESH_TYPE,read,1,4020,4020
dump.f90,DUMP::DUMP_RESTART,runtime,no,omesh_copy,MESHES(NM)%OMESH(NOM),M2,V,OMESH_TYPE,read,1,4020,4020
dump.f90,DUMP::DUMP_RESTART,runtime,no,omesh_copy,MESHES(NM)%OMESH(NOM),M2,W,OMESH_TYPE,read,1,4020,4020
dump.f90,DUMP::DUMP_RESTART,runtime,no,omesh_copy,MESHES(NM)%OMESH(NOM),M2,H,OMESH_TYPE,read,1,4020,4020
dump.f90,DUMP::DUMP_RESTART,runtime,no,omesh_copy,MESHES(NM)%OMESH(NOM),M2,ZZ,OMESH_TYPE,read,1,4021,4021
dump.f90,DUMP::DUMP_RESTART,runtime,no,omesh_copy,MESHES(NM)%OMESH(NOM),M2,ZZS,OMESH_TYPE,read,1,4021,4021
dump.f90,DUMP::READ_RESTART,setup,no,omesh_copy,MESHES(NM)%OMESH(NOM),M2,(whole),OMESH_TYPE,ptr_bind,1,4251,4251
dump.f90,DUMP::READ_RESTART,setup,no,omesh_copy,MESHES(NM)%OMESH(NOM),M2,NIC_R,OMESH_TYPE,read,1,4252,4252
dump.f90,DUMP::READ_RESTART,setup,no,omesh_copy,MESHES(NM)%OMESH(NOM),M2,RHO,OMESH_TYPE,write,1,4253,4253
dump.f90,DUMP::READ_RESTART,setup,no,omesh_copy,MESHES(NM)%OMESH(NOM),M2,RHOS,OMESH_TYPE,write,1,4253,4253
dump.f90,DUMP::READ_RESTART,setup,no,omesh_copy,MESHES(NM)%OMESH(NOM),M2,U,OMESH_TYPE,write,1,4253,4253
dump.f90,DUMP::READ_RESTART,setup,no,omesh_copy,MESHES(NM)%OMESH(NOM),M2,V,OMESH_TYPE,write,1,4253,4253
dump.f90,DUMP::READ_RESTART,setup,no,omesh_copy,MESHES(NM)%OMESH(NOM),M2,W,OMESH_TYPE,write,1,4253,4253
dump.f90,DUMP::READ_RESTART,setup,no,omesh_copy,MESHES(NM)%OMESH(NOM),M2,H,OMESH_TYPE,write,1,4253,4253
dump.f90,DUMP::READ_RESTART,setup,no,omesh_copy,MESHES(NM)%OMESH(NOM),M2,ZZ,OMESH_TYPE,write,1,4254,4254
dump.f90,DUMP::READ_RESTART,setup,no,omesh_copy,MESHES(NM)%OMESH(NOM),M2,ZZS,OMESH_TYPE,write,1,4254,4254
fire.f90,FIRE::COMBUSTION_BC,runtime,no,omesh_copy,MESHES(NM)%OMESH(NOM),OMESH(ptr),Q,OMESH_TYPE,read,1,1912,1912
geom.f90,COMPLEX_GEOMETRY_GRID::GET_GEOM_TRIBIN,setup,no,omesh_copy,MESHES(NM)%OMESH(NOM),direct,NIC_R,OMESH_TYPE,read,1,15564,15564
geom.f90,COMPLEX_GEOMETRY_GRID::SET_GC_CUTCELLS_3D,setup,no,omesh_copy,MESHES(NM)%OMESH(NOM),direct,NICC_R,OMESH_TYPE,write,4,12574,12574;12575;12617;12618
geom.f90,COMPLEX_GEOMETRY_GRID::SET_GC_CUTCELLS_3D,setup,no,omesh_copy,MESHES(NM)%OMESH(NOM),direct,NICC_R,OMESH_TYPE,read,4,12574,12574;12575;12617;12618
init.f90,INIT::FIND_THIN_WALL_BACK_INDEX,setup,no,omesh_copy,MESHES(NM)%OMESH(NOM),M,THIN_WALL_RECV_BUFFER,OMESH_TYPE,ptr_target,1,4405,4405
init.f90,INIT::FIND_WALL_BACK_INDEX,setup,no,omesh_copy,MESHES(NM)%OMESH(NOM),M,WALL_RECV_BUFFER,OMESH_TYPE,ptr_target,1,4094,4094
init.f90,INIT::FIND_WALL_BACK_INDICES,setup,no,omesh_copy,MESHES(NM)%OMESH(NOM),M,WALL_RECV_BUFFER,OMESH_TYPE,ptr_target,1,3794,3794
init.f90,INIT::FIND_WALL_BACK_INDICES,setup,no,omesh_copy,MESHES(NM)%OMESH(NOM),M,THIN_WALL_RECV_BUFFER,OMESH_TYPE,ptr_target,1,3839,3839
init.f90,INIT::INITIALIZE_HT3D_WALL_CELLS,setup,no,omesh_copy,MESHES(NM)%OMESH(NOM),M,WALL_RECV_BUFFER,OMESH_TYPE,ptr_target,2,1971,1971;2092
init.f90,INIT::INITIALIZE_HT3D_WALL_CELLS,setup,no,omesh_copy,MESHES(NM)%OMESH(NOM),M,THIN_WALL_RECV_BUFFER,OMESH_TYPE,ptr_target,2,1989,1989;2098
init.f90,INIT::REASSIGN_WALL_CELLS::GET_BOUNDARY_TYPE,runtime+setup,no,omesh_copy,MESHES(NM)%OMESH(ONE_D_OLD%BACK_MESH),OMESH(ptr),WALL_SEND_BUFFER,OMESH_TYPE,ptr_target,1,5195,5195
main.f90,FDS::ALLOCATE_RADIATION_RECV_PKG,runtime+setup,no,omesh_copy,MESHES(NM)%OMESH(NOM),M3,(whole),OMESH_TYPE,ptr_bind,1,3994,3994
main.f90,FDS::ALLOCATE_RADIATION_RECV_PKG,runtime+setup,no,omesh_copy,MESHES(NM)%OMESH(NOM),M3,NIC_R,OMESH_TYPE,read,3,3995,3995;3998;4008
main.f90,FDS::ALLOCATE_RADIATION_RECV_PKG,runtime+setup,no,omesh_copy,MESHES(NM)%OMESH(NOM),M3,IOR_R,OMESH_TYPE,read,1,4001,4001
main.f90,FDS::ALLOCATE_RADIATION_RECV_PKG,runtime+setup,no,omesh_copy,MESHES(NM)%OMESH(NOM),M3,REAL_RECV_PKG5,OMESH_TYPE,inquiry,2,4007,4007;4012
main.f90,FDS::ALLOCATE_RADIATION_RECV_PKG,runtime+setup,no,omesh_copy,MESHES(NM)%OMESH(NOM),M3,REAL_RECV_PKG5,OMESH_TYPE,dealloc,1,4007,4007
main.f90,FDS::ALLOCATE_RADIATION_RECV_PKG,runtime+setup,no,omesh_copy,MESHES(NM)%OMESH(NOM),M3,REAL_RECV_PKG5,OMESH_TYPE,alloc,1,4008,4008
main.f90,FDS::ALLOCATE_RADIATION_RECV_PKG,runtime+setup,no,omesh_copy,MESHES(NM)%OMESH(NOM),M3,REAL_RECV_PKG5,OMESH_TYPE,arg,1,4012,4012
main.f90,FDS::ALLOCATE_RADIATION_SEND_PKG,runtime+setup,no,omesh_copy,MESHES(NM)%OMESH(NOM),M3,(whole),OMESH_TYPE,ptr_bind,1,4034,4034
main.f90,FDS::ALLOCATE_RADIATION_SEND_PKG,runtime+setup,no,omesh_copy,MESHES(NM)%OMESH(NOM),M3,NIC_S,OMESH_TYPE,read,4,4035,4035;4037;4040;4049
main.f90,FDS::ALLOCATE_RADIATION_SEND_PKG,runtime+setup,no,omesh_copy,MESHES(NM)%OMESH(NOM),M3,IOR_S,OMESH_TYPE,read,1,4043,4043
main.f90,FDS::ALLOCATE_RADIATION_SEND_PKG,runtime+setup,no,omesh_copy,MESHES(NM)%OMESH(NOM),M3,REAL_SEND_PKG5,OMESH_TYPE,inquiry,2,4048,4048;4052
main.f90,FDS::ALLOCATE_RADIATION_SEND_PKG,runtime+setup,no,omesh_copy,MESHES(NM)%OMESH(NOM),M3,REAL_SEND_PKG5,OMESH_TYPE,dealloc,1,4048,4048
main.f90,FDS::ALLOCATE_RADIATION_SEND_PKG,runtime+setup,no,omesh_copy,MESHES(NM)%OMESH(NOM),M3,REAL_SEND_PKG5,OMESH_TYPE,alloc,1,4049,4049
main.f90,FDS::ALLOCATE_RADIATION_SEND_PKG,runtime+setup,no,omesh_copy,MESHES(NM)%OMESH(NOM),M3,REAL_SEND_PKG5,OMESH_TYPE,arg,1,4052,4052
main.f90,FDS::INITIALIZE_BACK_WALL_EXCHANGE,setup,yes,omesh_copy,MESHES(NM)%OMESH(NOM),direct,WALL_SEND_BUFFER,OMESH_TYPE,ptr_target,1,2378,2378
main.f90,FDS::INITIALIZE_BACK_WALL_EXCHANGE,setup,yes,omesh_copy,MESHES(NM)%OMESH(NOM),direct,THIN_WALL_SEND_BUFFER,OMESH_TYPE,ptr_target,1,2383,2383
main.f90,FDS::INITIALIZE_BACK_WALL_EXCHANGE,setup,yes,omesh_copy,MESHES(NM)%OMESH(NOM),M3,(whole),OMESH_TYPE,ptr_bind,2,2429,2429;2456
main.f90,FDS::INITIALIZE_BACK_WALL_EXCHANGE,setup,yes,omesh_copy,MESHES(NM)%OMESH(NOM),M3,WALL_SEND_BUFFER,OMESH_TYPE,ptr_target,1,2430,2430
main.f90,FDS::INITIALIZE_BACK_WALL_EXCHANGE,setup,yes,omesh_copy,MESHES(NM)%OMESH(NOM),M3,THIN_WALL_SEND_BUFFER,OMESH_TYPE,ptr_target,1,2457,2457
main.f90,FDS::INITIALIZE_BACK_WALL_EXCHANGE,setup,yes,omesh_copy,MESHES(NM)%OMESH(NOM),M,WALL_RECV_BUFFER,OMESH_TYPE,ptr_target,2,2495,2495;2574
main.f90,FDS::INITIALIZE_BACK_WALL_EXCHANGE,setup,yes,omesh_copy,MESHES(NM)%OMESH(NOM),M,THIN_WALL_RECV_BUFFER,OMESH_TYPE,ptr_target,1,2526,2526
main.f90,FDS::INITIALIZE_MESH_EXCHANGE_1,setup,yes,omesh_copy,MESHES(NM)%OMESH(NMESHES),direct,(whole),OMESH_TYPE,alloc,1,2077,2077
main.f90,FDS::INITIALIZE_MESH_EXCHANGE_1,setup,yes,omesh_copy,MESHES(NM)%OMESH(NOM),OM,(whole),OMESH_TYPE,ptr_bind,1,2083,2083
main.f90,FDS::INITIALIZE_MESH_EXCHANGE_1,setup,yes,omesh_copy,MESHES(NM)%OMESH(NOM),OM,NIC_R,OMESH_TYPE,write,2,2101,2101;2112
main.f90,FDS::INITIALIZE_MESH_EXCHANGE_1,setup,yes,omesh_copy,MESHES(NM)%OMESH(NOM),OM,NIC_R,OMESH_TYPE,read,4,2110,2110;2112;2113;2143
main.f90,FDS::INITIALIZE_MESH_EXCHANGE_1,setup,yes,omesh_copy,MESHES(NM)%OMESH(NOM),OM,IIO_R,OMESH_TYPE,alloc,1,2144,2144
main.f90,FDS::INITIALIZE_MESH_EXCHANGE_1,setup,yes,omesh_copy,MESHES(NM)%OMESH(NOM),OM,NIC_R,OMESH_TYPE,arg,4,2144,2144;2145;2146;2147
main.f90,FDS::INITIALIZE_MESH_EXCHANGE_1,setup,yes,omesh_copy,MESHES(NM)%OMESH(NOM),OM,JJO_R,OMESH_TYPE,alloc,1,2145,2145
main.f90,FDS::INITIALIZE_MESH_EXCHANGE_1,setup,yes,omesh_copy,MESHES(NM)%OMESH(NOM),OM,KKO_R,OMESH_TYPE,alloc,1,2146,2146
main.f90,FDS::INITIALIZE_MESH_EXCHANGE_1,setup,yes,omesh_copy,MESHES(NM)%OMESH(NOM),OM,IOR_R,OMESH_TYPE,alloc,1,2147,2147
main.f90,FDS::INITIALIZE_MESH_EXCHANGE_1,setup,yes,omesh_copy,MESHES(NM)%OMESH(NOM),OM,IIO_R,OMESH_TYPE,write,1,2157,2157
main.f90,FDS::INITIALIZE_MESH_EXCHANGE_1,setup,yes,omesh_copy,MESHES(NM)%OMESH(NOM),OM,JJO_R,OMESH_TYPE,write,1,2158,2158
main.f90,FDS::INITIALIZE_MESH_EXCHANGE_1,setup,yes,omesh_copy,MESHES(NM)%OMESH(NOM),OM,KKO_R,OMESH_TYPE,write,1,2159,2159
main.f90,FDS::INITIALIZE_MESH_EXCHANGE_1,setup,yes,omesh_copy,MESHES(NM)%OMESH(NOM),OM,IOR_R,OMESH_TYPE,write,1,2160,2160
main.f90,FDS::INITIALIZE_MESH_EXCHANGE_1,setup,yes,omesh_copy,MESHES(NM)%OMESH(NOM),OM,I_MIN_R,OMESH_TYPE,write,1,2194,2194
main.f90,FDS::INITIALIZE_MESH_EXCHANGE_1,setup,yes,omesh_copy,MESHES(NM)%OMESH(NOM),OM,I_MAX_R,OMESH_TYPE,write,1,2195,2195
main.f90,FDS::INITIALIZE_MESH_EXCHANGE_1,setup,yes,omesh_copy,MESHES(NM)%OMESH(NOM),OM,J_MIN_R,OMESH_TYPE,write,1,2196,2196
main.f90,FDS::INITIALIZE_MESH_EXCHANGE_1,setup,yes,omesh_copy,MESHES(NM)%OMESH(NOM),OM,J_MAX_R,OMESH_TYPE,write,1,2197,2197
main.f90,FDS::INITIALIZE_MESH_EXCHANGE_1,setup,yes,omesh_copy,MESHES(NM)%OMESH(NOM),OM,K_MIN_R,OMESH_TYPE,write,1,2198,2198
main.f90,FDS::INITIALIZE_MESH_EXCHANGE_1,setup,yes,omesh_copy,MESHES(NM)%OMESH(NOM),OM,K_MAX_R,OMESH_TYPE,write,1,2199,2199
main.f90,FDS::INITIALIZE_MESH_EXCHANGE_1,setup,yes,omesh_copy,MESHES(NM)%OMESH(NOM),OM,RHO,OMESH_TYPE,alloc,1,2203,2203
main.f90,FDS::INITIALIZE_MESH_EXCHANGE_1,setup,yes,omesh_copy,MESHES(NM)%OMESH(NOM),OM,RHOS,OMESH_TYPE,alloc,1,2204,2204
main.f90,FDS::INITIALIZE_MESH_EXCHANGE_1,setup,yes,omesh_copy,MESHES(NM)%OMESH(NOM),OM,RHO,OMESH_TYPE,write,1,2205,2205
main.f90,FDS::INITIALIZE_MESH_EXCHANGE_1,setup,yes,omesh_copy,MESHES(NM)%OMESH(NOM),OM,RHOS,OMESH_TYPE,write,1,2206,2206
main.f90,FDS::INITIALIZE_MESH_EXCHANGE_1,setup,yes,omesh_copy,MESHES(NM)%OMESH(NOM),OM,D,OMESH_TYPE,alloc,1,2207,2207
main.f90,FDS::INITIALIZE_MESH_EXCHANGE_1,setup,yes,omesh_copy,MESHES(NM)%OMESH(NOM),OM,DS,OMESH_TYPE,alloc,1,2208,2208
main.f90,FDS::INITIALIZE_MESH_EXCHANGE_1,setup,yes,omesh_copy,MESHES(NM)%OMESH(NOM),OM,D,OMESH_TYPE,write,1,2209,2209
main.f90,FDS::INITIALIZE_MESH_EXCHANGE_1,setup,yes,omesh_copy,MESHES(NM)%OMESH(NOM),OM,DS,OMESH_TYPE,write,1,2210,2210
main.f90,FDS::INITIALIZE_MESH_EXCHANGE_1,setup,yes,omesh_copy,MESHES(NM)%OMESH(NOM),OM,MU,OMESH_TYPE,alloc,1,2211,2211
main.f90,FDS::INITIALIZE_MESH_EXCHANGE_1,setup,yes,omesh_copy,MESHES(NM)%OMESH(NOM),OM,MU,OMESH_TYPE,write,1,2212,2212
main.f90,FDS::INITIALIZE_MESH_EXCHANGE_1,setup,yes,omesh_copy,MESHES(NM)%OMESH(NOM),OM,H,OMESH_TYPE,alloc,1,2213,2213
main.f90,FDS::INITIALIZE_MESH_EXCHANGE_1,setup,yes,omesh_copy,MESHES(NM)%OMESH(NOM),OM,HS,OMESH_TYPE,alloc,1,2214,2214
main.f90,FDS::INITIALIZE_MESH_EXCHANGE_1,setup,yes,omesh_copy,MESHES(NM)%OMESH(NOM),OM,H,OMESH_TYPE,write,1,2215,2215
main.f90,FDS::INITIALIZE_MESH_EXCHANGE_1,setup,yes,omesh_copy,MESHES(NM)%OMESH(NOM),OM,HS,OMESH_TYPE,write,1,2216,2216
main.f90,FDS::INITIALIZE_MESH_EXCHANGE_1,setup,yes,omesh_copy,MESHES(NM)%OMESH(NOM),OM,U,OMESH_TYPE,alloc,1,2217,2217
main.f90,FDS::INITIALIZE_MESH_EXCHANGE_1,setup,yes,omesh_copy,MESHES(NM)%OMESH(NOM),OM,US,OMESH_TYPE,alloc,1,2218,2218
main.f90,FDS::INITIALIZE_MESH_EXCHANGE_1,setup,yes,omesh_copy,MESHES(NM)%OMESH(NOM),OM,U,OMESH_TYPE,write,1,2219,2219
main.f90,FDS::INITIALIZE_MESH_EXCHANGE_1,setup,yes,omesh_copy,MESHES(NM)%OMESH(NOM),OM,US,OMESH_TYPE,write,1,2220,2220
main.f90,FDS::INITIALIZE_MESH_EXCHANGE_1,setup,yes,omesh_copy,MESHES(NM)%OMESH(NOM),OM,V,OMESH_TYPE,alloc,1,2221,2221
main.f90,FDS::INITIALIZE_MESH_EXCHANGE_1,setup,yes,omesh_copy,MESHES(NM)%OMESH(NOM),OM,VS,OMESH_TYPE,alloc,1,2222,2222
main.f90,FDS::INITIALIZE_MESH_EXCHANGE_1,setup,yes,omesh_copy,MESHES(NM)%OMESH(NOM),OM,V,OMESH_TYPE,write,1,2223,2223
main.f90,FDS::INITIALIZE_MESH_EXCHANGE_1,setup,yes,omesh_copy,MESHES(NM)%OMESH(NOM),OM,VS,OMESH_TYPE,write,1,2224,2224
main.f90,FDS::INITIALIZE_MESH_EXCHANGE_1,setup,yes,omesh_copy,MESHES(NM)%OMESH(NOM),OM,W,OMESH_TYPE,alloc,1,2225,2225
main.f90,FDS::INITIALIZE_MESH_EXCHANGE_1,setup,yes,omesh_copy,MESHES(NM)%OMESH(NOM),OM,WS,OMESH_TYPE,alloc,1,2226,2226
main.f90,FDS::INITIALIZE_MESH_EXCHANGE_1,setup,yes,omesh_copy,MESHES(NM)%OMESH(NOM),OM,W,OMESH_TYPE,write,1,2227,2227
main.f90,FDS::INITIALIZE_MESH_EXCHANGE_1,setup,yes,omesh_copy,MESHES(NM)%OMESH(NOM),OM,WS,OMESH_TYPE,write,1,2228,2228
main.f90,FDS::INITIALIZE_MESH_EXCHANGE_1,setup,yes,omesh_copy,MESHES(NM)%OMESH(NOM),OM,FVX,OMESH_TYPE,alloc,1,2229,2229
main.f90,FDS::INITIALIZE_MESH_EXCHANGE_1,setup,yes,omesh_copy,MESHES(NM)%OMESH(NOM),OM,FVY,OMESH_TYPE,alloc,1,2230,2230
main.f90,FDS::INITIALIZE_MESH_EXCHANGE_1,setup,yes,omesh_copy,MESHES(NM)%OMESH(NOM),OM,FVZ,OMESH_TYPE,alloc,1,2231,2231
main.f90,FDS::INITIALIZE_MESH_EXCHANGE_1,setup,yes,omesh_copy,MESHES(NM)%OMESH(NOM),OM,FVX,OMESH_TYPE,write,1,2232,2232
main.f90,FDS::INITIALIZE_MESH_EXCHANGE_1,setup,yes,omesh_copy,MESHES(NM)%OMESH(NOM),OM,FVY,OMESH_TYPE,write,1,2233,2233
main.f90,FDS::INITIALIZE_MESH_EXCHANGE_1,setup,yes,omesh_copy,MESHES(NM)%OMESH(NOM),OM,FVZ,OMESH_TYPE,write,1,2234,2234
main.f90,FDS::INITIALIZE_MESH_EXCHANGE_1,setup,yes,omesh_copy,MESHES(NM)%OMESH(NOM),OM,FVX_D,OMESH_TYPE,alloc,1,2236,2236
main.f90,FDS::INITIALIZE_MESH_EXCHANGE_1,setup,yes,omesh_copy,MESHES(NM)%OMESH(NOM),OM,FVY_D,OMESH_TYPE,alloc,1,2237,2237
main.f90,FDS::INITIALIZE_MESH_EXCHANGE_1,setup,yes,omesh_copy,MESHES(NM)%OMESH(NOM),OM,FVZ_D,OMESH_TYPE,alloc,1,2238,2238
main.f90,FDS::INITIALIZE_MESH_EXCHANGE_1,setup,yes,omesh_copy,MESHES(NM)%OMESH(NOM),OM,FVX_D,OMESH_TYPE,write,1,2239,2239
main.f90,FDS::INITIALIZE_MESH_EXCHANGE_1,setup,yes,omesh_copy,MESHES(NM)%OMESH(NOM),OM,FVY_D,OMESH_TYPE,write,1,2240,2240
main.f90,FDS::INITIALIZE_MESH_EXCHANGE_1,setup,yes,omesh_copy,MESHES(NM)%OMESH(NOM),OM,FVZ_D,OMESH_TYPE,write,1,2241,2241
main.f90,FDS::INITIALIZE_MESH_EXCHANGE_1,setup,yes,omesh_copy,MESHES(NM)%OMESH(NOM),OM,KRES,OMESH_TYPE,alloc,1,2243,2243
main.f90,FDS::INITIALIZE_MESH_EXCHANGE_1,setup,yes,omesh_copy,MESHES(NM)%OMESH(NOM),OM,KRES,OMESH_TYPE,write,1,2244,2244
main.f90,FDS::INITIALIZE_MESH_EXCHANGE_1,setup,yes,omesh_copy,MESHES(NM)%OMESH(NOM),OM,Q,OMESH_TYPE,alloc,1,2245,2245
main.f90,FDS::INITIALIZE_MESH_EXCHANGE_1,setup,yes,omesh_copy,MESHES(NM)%OMESH(NOM),OM,Q,OMESH_TYPE,write,1,2246,2246
main.f90,FDS::INITIALIZE_MESH_EXCHANGE_1,setup,yes,omesh_copy,MESHES(NM)%OMESH(NOM),OM,ZZ,OMESH_TYPE,alloc,1,2248,2248
main.f90,FDS::INITIALIZE_MESH_EXCHANGE_1,setup,yes,omesh_copy,MESHES(NM)%OMESH(NOM),OM,ZZS,OMESH_TYPE,alloc,1,2249,2249
main.f90,FDS::INITIALIZE_MESH_EXCHANGE_1,setup,yes,omesh_copy,MESHES(NM)%OMESH(NOM),OM,ZZ,OMESH_TYPE,write,2,2251,2251;2255
main.f90,FDS::INITIALIZE_MESH_EXCHANGE_1,setup,yes,omesh_copy,MESHES(NM)%OMESH(NOM),OM,ZZS,OMESH_TYPE,write,2,2252,2252;2256
main.f90,FDS::INITIALIZE_MESH_EXCHANGE_1,setup,yes,omesh_copy,MESHES(NM)%OMESH(NOM),OM,PHI_LS,OMESH_TYPE,alloc,1,2260,2260
main.f90,FDS::INITIALIZE_MESH_EXCHANGE_1,setup,yes,omesh_copy,MESHES(NM)%OMESH(NOM),OM,PHI_LS,OMESH_TYPE,write,1,2260,2260
main.f90,FDS::INITIALIZE_MESH_EXCHANGE_1,setup,yes,omesh_copy,MESHES(NM)%OMESH(NOM),OM,PHI1_LS,OMESH_TYPE,alloc,1,2261,2261
main.f90,FDS::INITIALIZE_MESH_EXCHANGE_1,setup,yes,omesh_copy,MESHES(NM)%OMESH(NOM),OM,PHI1_LS,OMESH_TYPE,write,1,2261,2261
main.f90,FDS::INITIALIZE_MESH_EXCHANGE_1,setup,yes,omesh_copy,MESHES(NM)%OMESH(NOM),OM,U_LS,OMESH_TYPE,alloc,1,2262,2262
main.f90,FDS::INITIALIZE_MESH_EXCHANGE_1,setup,yes,omesh_copy,MESHES(NM)%OMESH(NOM),OM,U_LS,OMESH_TYPE,write,1,2262,2262
main.f90,FDS::INITIALIZE_MESH_EXCHANGE_1,setup,yes,omesh_copy,MESHES(NM)%OMESH(NOM),OM,V_LS,OMESH_TYPE,alloc,1,2263,2263
main.f90,FDS::INITIALIZE_MESH_EXCHANGE_1,setup,yes,omesh_copy,MESHES(NM)%OMESH(NOM),OM,V_LS,OMESH_TYPE,write,1,2263,2263
main.f90,FDS::INITIALIZE_MESH_EXCHANGE_1,setup,yes,omesh_copy,MESHES(NM)%OMESH(NOM),OM,Z_LS,OMESH_TYPE,alloc,1,2264,2264
main.f90,FDS::INITIALIZE_MESH_EXCHANGE_1,setup,yes,omesh_copy,MESHES(NM)%OMESH(NOM),OM,Z_LS,OMESH_TYPE,write,1,2264,2264
main.f90,FDS::INITIALIZE_MESH_EXCHANGE_1,setup,yes,omesh_copy,MESHES(NM)%OMESH(M%NEIGHBORING_MESH(N)),OM,(whole),OMESH_TYPE,ptr_bind,1,2290,2290
main.f90,FDS::INITIALIZE_MESH_EXCHANGE_1,setup,yes,omesh_copy,MESHES(NM)%OMESH(M%NEIGHBORING_MESH(N)),OM,PARTICLE_SEND_BUFFER,OMESH_TYPE,alloc,3,2291,2291;2292;2293
main.f90,FDS::INITIALIZE_MESH_EXCHANGE_1,setup,yes,omesh_copy,MESHES(NM)%OMESH(M%NEIGHBORING_MESH(N)),OM,PARTICLE_RECV_BUFFER,OMESH_TYPE,alloc,3,2294,2294;2295;2296
main.f90,FDS::INITIALIZE_RADIATION_EXCHANGE,setup,yes,omesh_copy,MESHES(NM)%OMESH(NOM),M,NIC_S,OMESH_TYPE,read,1,2320,2320
main.f90,FDS::INITIALIZE_RADIATION_EXCHANGE,setup,yes,omesh_copy,MESHES(NM)%OMESH(NOM),M,IL_S,OMESH_TYPE,alloc,1,2321,2321
main.f90,FDS::INITIALIZE_RADIATION_EXCHANGE,setup,yes,omesh_copy,MESHES(NM)%OMESH(NOM),M,NIC_S,OMESH_TYPE,arg,1,2321,2321
main.f90,FDS::INITIALIZE_RADIATION_EXCHANGE,setup,yes,omesh_copy,MESHES(NM)%OMESH(NOM),M,IL_S,OMESH_TYPE,write,1,2322,2322
main.f90,FDS::INITIALIZE_RADIATION_EXCHANGE,setup,yes,omesh_copy,MESHES(NM)%OMESH(NOM),M,NIC_R,OMESH_TYPE,read,1,2324,2324
main.f90,FDS::INITIALIZE_RADIATION_EXCHANGE,setup,yes,omesh_copy,MESHES(NM)%OMESH(NOM),M,IL_R,OMESH_TYPE,alloc,1,2325,2325
main.f90,FDS::INITIALIZE_RADIATION_EXCHANGE,setup,yes,omesh_copy,MESHES(NM)%OMESH(NOM),M,NIC_R,OMESH_TYPE,arg,2,2325,2325;2326
main.f90,FDS::INITIALIZE_RADIATION_EXCHANGE,setup,yes,omesh_copy,MESHES(NM)%OMESH(NOM),M,IL_R_OLD,OMESH_TYPE,alloc,1,2326,2326
main.f90,FDS::INITIALIZE_RADIATION_EXCHANGE,setup,yes,omesh_copy,MESHES(NM)%OMESH(NOM),M,IL_R,OMESH_TYPE,write,1,2327,2327
main.f90,FDS::MESH_EXCHANGE,runtime+setup,yes,omesh_copy,MESHES(NM)%OMESH(NOM),M3,(whole),OMESH_TYPE,ptr_bind,1,3147,3147
main.f90,FDS::MESH_EXCHANGE,runtime+setup,yes,omesh_copy,MESHES(NM)%OMESH(NOM),M3,NIC_S,OMESH_TYPE,read,18,3148,3148;3165;3170;3173;3175;3181;3193;3301;3310;3352;3360;3399;3402;3423;3486;3495;3547;3556
main.f90,FDS::MESH_EXCHANGE,runtime+setup,yes,omesh_copy,MESHES(NM)%OMESH(NOM),M3,I_MIN_S,OMESH_TYPE,read,3,3153,3153;3169;3434
main.f90,FDS::MESH_EXCHANGE,runtime+setup,yes,omesh_copy,MESHES(NM)%OMESH(NOM),M3,I_MAX_S,OMESH_TYPE,read,3,3154,3154;3169;3434
main.f90,FDS::MESH_EXCHANGE,runtime+setup,yes,omesh_copy,MESHES(NM)%OMESH(NOM),M3,J_MIN_S,OMESH_TYPE,read,3,3155,3155;3169;3433
main.f90,FDS::MESH_EXCHANGE,runtime+setup,yes,omesh_copy,MESHES(NM)%OMESH(NOM),M3,J_MAX_S,OMESH_TYPE,read,3,3156,3156;3169;3433
main.f90,FDS::MESH_EXCHANGE,runtime+setup,yes,omesh_copy,MESHES(NM)%OMESH(NOM),M3,K_MIN_S,OMESH_TYPE,read,3,3157,3157;3169;3432
main.f90,FDS::MESH_EXCHANGE,runtime+setup,yes,omesh_copy,MESHES(NM)%OMESH(NOM),M3,K_MAX_S,OMESH_TYPE,read,3,3158,3158;3169;3432
main.f90,FDS::MESH_EXCHANGE,runtime+setup,yes,omesh_copy,MESHES(NM)%OMESH(NOM),M3,REAL_SEND_PKG1,OMESH_TYPE,alloc,1,3170,3170
main.f90,FDS::MESH_EXCHANGE,runtime+setup,yes,omesh_copy,MESHES(NM)%OMESH(NOM),M3,REAL_SEND_PKG3,OMESH_TYPE,alloc,1,3171,3171
main.f90,FDS::MESH_EXCHANGE,runtime+setup,yes,omesh_copy,MESHES(NM)%OMESH(NOM),M3,REAL_SEND_PKG4,OMESH_TYPE,alloc,1,3172,3172
main.f90,FDS::MESH_EXCHANGE,runtime+setup,yes,omesh_copy,MESHES(NM)%OMESH(NOM),M3,NIC_S,OMESH_TYPE,arg,1,3172,3172
main.f90,FDS::MESH_EXCHANGE,runtime+setup,yes,omesh_copy,MESHES(NM)%OMESH(NOM),M3,REAL_SEND_PKG7,OMESH_TYPE,alloc,1,3173,3173
main.f90,FDS::MESH_EXCHANGE,runtime+setup,yes,omesh_copy,MESHES(NM)%OMESH(NOM),M3,REAL_SEND_PKG14,OMESH_TYPE,alloc,1,3175,3175
main.f90,FDS::MESH_EXCHANGE,runtime+setup,yes,omesh_copy,MESHES(NM)%OMESH(NOM),M3,REAL_SEND_PKG8,OMESH_TYPE,alloc,1,3181,3181
main.f90,FDS::MESH_EXCHANGE,runtime+setup,yes,omesh_copy,MESHES(NM)%OMESH(NOM),M3,PARTICLE_SEND_BUFFER,OMESH_TYPE,ptr_target,2,3186,3186;3526
main.f90,FDS::MESH_EXCHANGE,runtime+setup,yes,omesh_copy,MESHES(NM)%OMESH(NOM),M3,REAL_SEND_PKG1,OMESH_TYPE,arg,1,3196,3196
main.f90,FDS::MESH_EXCHANGE,runtime+setup,yes,omesh_copy,MESHES(NM)%OMESH(NOM),M3,REAL_SEND_PKG1,OMESH_TYPE,inquiry,1,3196,3196
main.f90,FDS::MESH_EXCHANGE,runtime+setup,yes,omesh_copy,MESHES(NM)%OMESH(NOM),M3,N_EXTERNAL_OBST,OMESH_TYPE,arg,1,3201,3201
main.f90,FDS::MESH_EXCHANGE,runtime+setup,yes,omesh_copy,MESHES(NM)%OMESH(NOM),M3,REAL_SEND_PKG3,OMESH_TYPE,arg,1,3205,3205
main.f90,FDS::MESH_EXCHANGE,runtime+setup,yes,omesh_copy,MESHES(NM)%OMESH(NOM),M3,REAL_SEND_PKG3,OMESH_TYPE,inquiry,1,3205,3205
main.f90,FDS::MESH_EXCHANGE,runtime+setup,yes,omesh_copy,MESHES(NM)%OMESH(NOM),M3,REAL_SEND_PKG4,OMESH_TYPE,arg,1,3209,3209
main.f90,FDS::MESH_EXCHANGE,runtime+setup,yes,omesh_copy,MESHES(NM)%OMESH(NOM),M3,REAL_SEND_PKG4,OMESH_TYPE,inquiry,1,3209,3209
main.f90,FDS::MESH_EXCHANGE,runtime+setup,yes,omesh_copy,MESHES(NM)%OMESH(NOM),M3,REAL_SEND_PKG7,OMESH_TYPE,arg,1,3213,3213
main.f90,FDS::MESH_EXCHANGE,runtime+setup,yes,omesh_copy,MESHES(NM)%OMESH(NOM),M3,REAL_SEND_PKG7,OMESH_TYPE,inquiry,1,3213,3213
main.f90,FDS::MESH_EXCHANGE,runtime+setup,yes,omesh_copy,MESHES(NM)%OMESH(NOM),M3,REAL_SEND_PKG14,OMESH_TYPE,arg,1,3218,3218
main.f90,FDS::MESH_EXCHANGE,runtime+setup,yes,omesh_copy,MESHES(NM)%OMESH(NOM),M3,REAL_SEND_PKG14,OMESH_TYPE,inquiry,1,3218,3218
main.f90,FDS::MESH_EXCHANGE,runtime+setup,yes,omesh_copy,MESHES(NM)%OMESH(NOM),M3,WALL_RECV_BUFFER,OMESH_TYPE,ptr_target,2,3230,3230;3245
main.f90,FDS::MESH_EXCHANGE,runtime+setup,yes,omesh_copy,MESHES(NM)%OMESH(NOM),M3,THIN_WALL_RECV_BUFFER,OMESH_TYPE,ptr_target,2,3233,3233;3251
main.f90,FDS::MESH_EXCHANGE,runtime+setup,yes,omesh_copy,MESHES(NM)%OMESH(NOM),M3,WALL_RECV_BUFFER,OMESH_TYPE,read,2,3238,3238;3239
main.f90,FDS::MESH_EXCHANGE,runtime+setup,yes,omesh_copy,MESHES(NM)%OMESH(NOM),M3,THIN_WALL_RECV_BUFFER,OMESH_TYPE,read,2,3240,3240;3241
main.f90,FDS::MESH_EXCHANGE,runtime+setup,yes,omesh_copy,MESHES(NM)%OMESH(NOM),M3,WALL_SEND_BUFFER,OMESH_TYPE,ptr_target,3,3257,3257;3285;3460
main.f90,FDS::MESH_EXCHANGE,runtime+setup,yes,omesh_copy,MESHES(NM)%OMESH(NOM),M3,THIN_WALL_SEND_BUFFER,OMESH_TYPE,ptr_target,3,3271,3271;3292;3472
main.f90,FDS::MESH_EXCHANGE,runtime+setup,yes,omesh_copy,MESHES(NM)%OMESH(NOM),M3,IIO_S,OMESH_TYPE,read,26,3311,3311;3362;3363;3364;3365;3366;3367;3368;3369;3370;3371;3372;3373;3374;3375;3376;3377;3378;3379;3404;3405;3406;3407;3408;3409;3557
main.f90,FDS::MESH_EXCHANGE,runtime+setup,yes,omesh_copy,MESHES(NM)%OMESH(NOM),M3,JJO_S,OMESH_TYPE,read,26,3312,3312;3362;3363;3364;3365;3366;3367;3368;3369;3370;3371;3372;3373;3374;3375;3376;3377;3378;3379;3404;3405;3406;3407;3408;3409;3558
main.f90,FDS::MESH_EXCHANGE,runtime+setup,yes,omesh_copy,MESHES(NM)%OMESH(NOM),M3,KKO_S,OMESH_TYPE,read,25,3313,3313;3362;3363;3364;3365;3366;3367;3368;3369;3370;3371;3372;3373;3374;3375;3376;3377;3378;3379;3404;3405;3406;3407;3408;3409
main.f90,FDS::MESH_EXCHANGE,runtime+setup,yes,omesh_copy,MESHES(NM)%OMESH(NOM),M3,IOR_S,OMESH_TYPE,arg,4,3314,3314;3361;3403;3559
main.f90,FDS::MESH_EXCHANGE,runtime+setup,yes,omesh_copy,MESHES(NM)%OMESH(NOM),M3,REAL_SEND_PKG1,OMESH_TYPE,write,8,3322,3322;3323;3324;3325;3326;3327;3329;3330
main.f90,FDS::MESH_EXCHANGE,runtime+setup,yes,omesh_copy,MESHES(NM)%OMESH(NOM),M3,REAL_SEND_PKG7,OMESH_TYPE,write,18,3362,3362;3363;3364;3365;3366;3367;3368;3369;3370;3371;3372;3373;3374;3375;3376;3377;3378;3379
main.f90,FDS::MESH_EXCHANGE,runtime+setup,yes,omesh_copy,MESHES(NM)%OMESH(NOM),M3,REAL_SEND_PKG4,OMESH_TYPE,write,6,3404,3404;3405;3406;3407;3408;3409
main.f90,FDS::MESH_EXCHANGE,runtime+setup,yes,omesh_copy,MESHES(NM)%OMESH(NOM),M3,REAL_SEND_PKG3,OMESH_TYPE,write,4,3435,3435;3436;3437;3438
main.f90,FDS::MESH_EXCHANGE,runtime+setup,yes,omesh_copy,MESHES(NM)%OMESH(NOM),M3,IOR_S,OMESH_TYPE,read,1,3496,3496
main.f90,FDS::MESH_EXCHANGE,runtime+setup,yes,omesh_copy,MESHES(NM)%OMESH(NOM),M3,REAL_SEND_PKG5,OMESH_TYPE,write,1,3501,3501
main.f90,FDS::MESH_EXCHANGE,runtime+setup,yes,omesh_copy,MESHES(NM)%OMESH(NOM),M3,IL_S,OMESH_TYPE,read,2,3501,3501;3508
main.f90,FDS::MESH_EXCHANGE,runtime+setup,yes,omesh_copy,MESHES(NM)%OMESH(NOM),M3,PARTICLE_SEND_BUFFER,OMESH_TYPE,read,5,3517,3517;3518;3519;3520;3525
main.f90,FDS::MESH_EXCHANGE,runtime+setup,yes,omesh_copy,MESHES(NM)%OMESH(NOM),M3,REAL_SEND_PKG14,OMESH_TYPE,write,5,3565,3565;3566;3567;3568;3569
main.f90,FDS::MESH_EXCHANGE,runtime+setup,yes,omesh_copy,MESHES(NM)%OMESH(NOM),M3,N_EXTERNAL_OBST,OMESH_TYPE,read,3,3590,3590;3594;3597
main.f90,FDS::MESH_EXCHANGE,runtime+setup,yes,omesh_copy,MESHES(NM)%OMESH(NOM),M3,REAL_SEND_PKG8,OMESH_TYPE,arg,2,3597,3597;3607
main.f90,FDS::MESH_EXCHANGE,runtime+setup,yes,omesh_copy,MESHES(NM)%OMESH(NOM),M3,REAL_SEND_PKG8,OMESH_TYPE,read,2,3600,3600;3610
main.f90,FDS::MESH_EXCHANGE,runtime+setup,yes,omesh_copy,MESHES(NM)%OMESH(NOM),M3,N_INTERNAL_OBST,OMESH_TYPE,read,2,3604,3604;3607
main.f90,FDS::MESH_EXCHANGE,runtime+setup,yes,omesh_copy,MESHES(NM)%OMESH(NOM),M2,(whole),OMESH_TYPE,ptr_bind,1,3697,3697
main.f90,FDS::MESH_EXCHANGE,runtime+setup,yes,omesh_copy,MESHES(NM)%OMESH(NOM),M2,NIC_R,OMESH_TYPE,read,12,3698,3698;3704;3712;3740;3747;3774;3776;3791;3815;3823;3913;3921
main.f90,FDS::MESH_EXCHANGE,runtime+setup,yes,omesh_copy,MESHES(NM)%OMESH(NOM),M2,RHOS,OMESH_TYPE,ptr_target,1,3708,3708
main.f90,FDS::MESH_EXCHANGE,runtime+setup,yes,omesh_copy,MESHES(NM)%OMESH(NOM),M2,D,OMESH_TYPE,ptr_target,1,3708,3708
main.f90,FDS::MESH_EXCHANGE,runtime+setup,yes,omesh_copy,MESHES(NM)%OMESH(NOM),M2,ZZS,OMESH_TYPE,ptr_target,1,3708,3708
main.f90,FDS::MESH_EXCHANGE,runtime+setup,yes,omesh_copy,MESHES(NM)%OMESH(NOM),M2,RHO,OMESH_TYPE,ptr_target,1,3710,3710
main.f90,FDS::MESH_EXCHANGE,runtime+setup,yes,omesh_copy,MESHES(NM)%OMESH(NOM),M2,DS,OMESH_TYPE,ptr_target,1,3710,3710
main.f90,FDS::MESH_EXCHANGE,runtime+setup,yes,omesh_copy,MESHES(NM)%OMESH(NOM),M2,ZZ,OMESH_TYPE,ptr_target,1,3710,3710
main.f90,FDS::MESH_EXCHANGE,runtime+setup,yes,omesh_copy,MESHES(NM)%OMESH(NOM),M2,IIO_R,OMESH_TYPE,read,26,3713,3713;3749;3750;3751;3752;3753;3754;3755;3756;3757;3758;3759;3760;3761;3762;3763;3764;3765;3766;3778;3779;3780;3781;3782;3783;3922
main.f90,FDS::MESH_EXCHANGE,runtime+setup,yes,omesh_copy,MESHES(NM)%OMESH(NOM),M2,JJO_R,OMESH_TYPE,read,26,3714,3714;3749;3750;3751;3752;3753;3754;3755;3756;3757;3758;3759;3760;3761;3762;3763;3764;3765;3766;3778;3779;3780;3781;3782;3783;3923
main.f90,FDS::MESH_EXCHANGE,runtime+setup,yes,omesh_copy,MESHES(NM)%OMESH(NOM),M2,KKO_R,OMESH_TYPE,read,25,3715,3715;3749;3750;3751;3752;3753;3754;3755;3756;3757;3758;3759;3760;3761;3762;3763;3764;3765;3766;3778;3779;3780;3781;3782;3783
main.f90,FDS::MESH_EXCHANGE,runtime+setup,yes,omesh_copy,MESHES(NM)%OMESH(NOM),M2,IOR_R,OMESH_TYPE,arg,4,3716,3716;3748;3777;3924
main.f90,FDS::MESH_EXCHANGE,runtime+setup,yes,omesh_copy,MESHES(NM)%OMESH(NOM),M2,REAL_RECV_PKG1,OMESH_TYPE,read,8,3724,3724;3725;3726;3727;3728;3729;3731;3732
main.f90,FDS::MESH_EXCHANGE,runtime+setup,yes,omesh_copy,MESHES(NM)%OMESH(NOM),M2,MU,OMESH_TYPE,write,1,3726,3726
main.f90,FDS::MESH_EXCHANGE,runtime+setup,yes,omesh_copy,MESHES(NM)%OMESH(NOM),M2,KRES,OMESH_TYPE,write,1,3727,3727
main.f90,FDS::MESH_EXCHANGE,runtime+setup,yes,omesh_copy,MESHES(NM)%OMESH(NOM),M2,Q,OMESH_TYPE,write,1,3729,3729
main.f90,FDS::MESH_EXCHANGE,runtime+setup,yes,omesh_copy,MESHES(NM)%OMESH(NOM),M2,H,OMESH_TYPE,ptr_target,2,3743,3743;3796
main.f90,FDS::MESH_EXCHANGE,runtime+setup,yes,omesh_copy,MESHES(NM)%OMESH(NOM),M2,HS,OMESH_TYPE,ptr_target,2,3745,3745;3794
main.f90,FDS::MESH_EXCHANGE,runtime+setup,yes,omesh_copy,MESHES(NM)%OMESH(NOM),M2,FVX,OMESH_TYPE,write,2,3749,3749;3752
main.f90,FDS::MESH_EXCHANGE,runtime+setup,yes,omesh_copy,MESHES(NM)%OMESH(NOM),M2,REAL_RECV_PKG7,OMESH_TYPE,read,18,3749,3749;3750;3751;3752;3753;3754;3755;3756;3757;3758;3759;3760;3761;3762;3763;3764;3765;3766
main.f90,FDS::MESH_EXCHANGE,runtime+setup,yes,omesh_copy,MESHES(NM)%OMESH(NOM),M2,FVY,OMESH_TYPE,write,2,3755,3755;3758
main.f90,FDS::MESH_EXCHANGE,runtime+setup,yes,omesh_copy,MESHES(NM)%OMESH(NOM),M2,FVZ,OMESH_TYPE,write,2,3761,3761;3764
main.f90,FDS::MESH_EXCHANGE,runtime+setup,yes,omesh_copy,MESHES(NM)%OMESH(NOM),M2,FVX_D,OMESH_TYPE,write,2,3778,3778;3779
main.f90,FDS::MESH_EXCHANGE,runtime+setup,yes,omesh_copy,MESHES(NM)%OMESH(NOM),M2,REAL_RECV_PKG4,OMESH_TYPE,read,6,3778,3778;3779;3780;3781;3782;3783
main.f90,FDS::MESH_EXCHANGE,runtime+setup,yes,omesh_copy,MESHES(NM)%OMESH(NOM),M2,FVY_D,OMESH_TYPE,write,2,3780,3780;3781
main.f90,FDS::MESH_EXCHANGE,runtime+setup,yes,omesh_copy,MESHES(NM)%OMESH(NOM),M2,FVZ_D,OMESH_TYPE,write,2,3782,3782;3783
main.f90,FDS::MESH_EXCHANGE,runtime+setup,yes,omesh_copy,MESHES(NM)%OMESH(NOM),M2,US,OMESH_TYPE,ptr_target,1,3794,3794
main.f90,FDS::MESH_EXCHANGE,runtime+setup,yes,omesh_copy,MESHES(NM)%OMESH(NOM),M2,VS,OMESH_TYPE,ptr_target,1,3794,3794
main.f90,FDS::MESH_EXCHANGE,runtime+setup,yes,omesh_copy,MESHES(NM)%OMESH(NOM),M2,WS,OMESH_TYPE,ptr_target,1,3794,3794
main.f90,FDS::MESH_EXCHANGE,runtime+setup,yes,omesh_copy,MESHES(NM)%OMESH(NOM),M2,U,OMESH_TYPE,ptr_target,1,3796,3796
main.f90,FDS::MESH_EXCHANGE,runtime+setup,yes,omesh_copy,MESHES(NM)%OMESH(NOM),M2,V,OMESH_TYPE,ptr_target,1,3796,3796
main.f90,FDS::MESH_EXCHANGE,runtime+setup,yes,omesh_copy,MESHES(NM)%OMESH(NOM),M2,W,OMESH_TYPE,ptr_target,1,3796,3796
main.f90,FDS::MESH_EXCHANGE,runtime+setup,yes,omesh_copy,MESHES(NM)%OMESH(NOM),M2,K_MIN_R,OMESH_TYPE,read,1,3799,3799
main.f90,FDS::MESH_EXCHANGE,runtime+setup,yes,omesh_copy,MESHES(NM)%OMESH(NOM),M2,K_MAX_R,OMESH_TYPE,read,1,3799,3799
main.f90,FDS::MESH_EXCHANGE,runtime+setup,yes,omesh_copy,MESHES(NM)%OMESH(NOM),M2,J_MIN_R,OMESH_TYPE,read,1,3800,3800
main.f90,FDS::MESH_EXCHANGE,runtime+setup,yes,omesh_copy,MESHES(NM)%OMESH(NOM),M2,J_MAX_R,OMESH_TYPE,read,1,3800,3800
main.f90,FDS::MESH_EXCHANGE,runtime+setup,yes,omesh_copy,MESHES(NM)%OMESH(NOM),M2,I_MIN_R,OMESH_TYPE,read,1,3801,3801
main.f90,FDS::MESH_EXCHANGE,runtime+setup,yes,omesh_copy,MESHES(NM)%OMESH(NOM),M2,I_MAX_R,OMESH_TYPE,read,1,3801,3801
main.f90,FDS::MESH_EXCHANGE,runtime+setup,yes,omesh_copy,MESHES(NM)%OMESH(NOM),M2,REAL_RECV_PKG3,OMESH_TYPE,read,4,3802,3802;3803;3804;3805
main.f90,FDS::MESH_EXCHANGE,runtime+setup,yes,omesh_copy,MESHES(NM)%OMESH(NOM),M2,IOR_R,OMESH_TYPE,read,1,3824,3824
main.f90,FDS::MESH_EXCHANGE,runtime+setup,yes,omesh_copy,MESHES(NM)%OMESH(NOM),M2,IL_R,OMESH_TYPE,write,1,3829,3829
main.f90,FDS::MESH_EXCHANGE,runtime+setup,yes,omesh_copy,MESHES(NM)%OMESH(NOM),M2,REAL_RECV_PKG5,OMESH_TYPE,read,1,3829,3829
main.f90,FDS::MESH_EXCHANGE,runtime+setup,yes,omesh_copy,MESHES(NM)%OMESH(NOM),M2,WALL_RECV_BUFFER,OMESH_TYPE,ptr_target,1,3838,3838
main.f90,FDS::MESH_EXCHANGE,runtime+setup,yes,omesh_copy,MESHES(NM)%OMESH(NOM),M2,THIN_WALL_RECV_BUFFER,OMESH_TYPE,ptr_target,1,3851,3851
main.f90,FDS::MESH_EXCHANGE,runtime+setup,yes,omesh_copy,MESHES(NM)%OMESH(NOM),M2,PARTICLE_RECV_BUFFER,OMESH_TYPE,ptr_target,2,3866,3866;3884
main.f90,FDS::MESH_EXCHANGE,runtime+setup,yes,omesh_copy,MESHES(NM)%OMESH(NOM),M2,PHI1_LS,OMESH_TYPE,ptr_target,1,3917,3917
main.f90,FDS::MESH_EXCHANGE,runtime+setup,yes,omesh_copy,MESHES(NM)%OMESH(NOM),M2,PHI_LS,OMESH_TYPE,ptr_target,1,3919,3919
main.f90,FDS::MESH_EXCHANGE,runtime+setup,yes,omesh_copy,MESHES(NM)%OMESH(NOM),M2,REAL_RECV_PKG14,OMESH_TYPE,read,5,3930,3930;3931;3932;3933;3934
main.f90,FDS::MESH_EXCHANGE,runtime+setup,yes,omesh_copy,MESHES(NM)%OMESH(NOM),M2,U_LS,OMESH_TYPE,write,1,3932,3932
main.f90,FDS::MESH_EXCHANGE,runtime+setup,yes,omesh_copy,MESHES(NM)%OMESH(NOM),M2,V_LS,OMESH_TYPE,write,1,3933,3933
main.f90,FDS::MESH_EXCHANGE,runtime+setup,yes,omesh_copy,MESHES(NM)%OMESH(NOM),M2,Z_LS,OMESH_TYPE,write,1,3934,3934
main.f90,FDS::MESH_EXCHANGE,runtime+setup,yes,omesh_copy,MESHES(NM)%OMESH(NOM),M2,N_INTERNAL_OBST,OMESH_TYPE,read,4,3945,3945;3946;3952;3953
main.f90,FDS::MESH_EXCHANGE,runtime+setup,yes,omesh_copy,MESHES(NM)%OMESH(NOM),M2,REAL_RECV_PKG8,OMESH_TYPE,arg,3,3947,3947;3954;3963
main.f90,FDS::MESH_EXCHANGE,runtime+setup,yes,omesh_copy,MESHES(NM)%OMESH(NOM),M2,REAL_RECV_PKG8,OMESH_TYPE,read,2,3948,3948;3964
main.f90,FDS::MESH_EXCHANGE,runtime+setup,yes,omesh_copy,MESHES(NM)%OMESH(NOM),M2,REAL_SEND_PKG8,OMESH_TYPE,write,2,3955,3955;3956
main.f90,FDS::MESH_EXCHANGE,runtime+setup,yes,omesh_copy,MESHES(NM)%OMESH(NOM),M2,N_EXTERNAL_OBST,OMESH_TYPE,read,2,3960,3960;3962
main.f90,FDS::MESH_EXCHANGE,runtime+setup,yes,omesh_copy,MESHES(NM)%OMESH(NOM),M2,N_EXTERNAL_OBST,OMESH_TYPE,write,1,3966,3966
main.f90,FDS::MESH_EXCHANGE,runtime+setup,yes,omesh_copy,MESHES(NM)%OMESH(NOM),M2,REAL_RECV_PKG8,OMESH_TYPE,write,1,3967,3967
main.f90,FDS::MPI_INITIALIZATION_CHORES,setup,yes,omesh_copy,MESHES(NOM)%OMESH(NM),M2,(whole),OMESH_TYPE,ptr_bind,4,1432,1432;1494;1519;1532
main.f90,FDS::MPI_INITIALIZATION_CHORES,setup,yes,omesh_copy,MESHES(NOM)%OMESH(NM),M2,INTEGER_RECV_BUFFER,OMESH_TYPE,arg,1,1439,1439
main.f90,FDS::MPI_INITIALIZATION_CHORES,setup,yes,omesh_copy,MESHES(NM)%OMESH(NOM),M3,(whole),OMESH_TYPE,ptr_bind,2,1458,1458;1545
main.f90,FDS::MPI_INITIALIZATION_CHORES,setup,yes,omesh_copy,MESHES(NM)%OMESH(NOM),M3,INTEGER_SEND_BUFFER,OMESH_TYPE,write,7,1460,1460;1461;1462;1463;1464;1465;1466
main.f90,FDS::MPI_INITIALIZATION_CHORES,setup,yes,omesh_copy,MESHES(NM)%OMESH(NOM),M3,I_MIN_R,OMESH_TYPE,read,2,1460,1460;1476
main.f90,FDS::MPI_INITIALIZATION_CHORES,setup,yes,omesh_copy,MESHES(NM)%OMESH(NOM),M3,I_MAX_R,OMESH_TYPE,read,2,1461,1461;1477
main.f90,FDS::MPI_INITIALIZATION_CHORES,setup,yes,omesh_copy,MESHES(NM)%OMESH(NOM),M3,J_MIN_R,OMESH_TYPE,read,2,1462,1462;1478
main.f90,FDS::MPI_INITIALIZATION_CHORES,setup,yes,omesh_copy,MESHES(NM)%OMESH(NOM),M3,J_MAX_R,OMESH_TYPE,read,2,1463,1463;1479
main.f90,FDS::MPI_INITIALIZATION_CHORES,setup,yes,omesh_copy,MESHES(NM)%OMESH(NOM),M3,K_MIN_R,OMESH_TYPE,read,2,1464,1464;1480
main.f90,FDS::MPI_INITIALIZATION_CHORES,setup,yes,omesh_copy,MESHES(NM)%OMESH(NOM),M3,K_MAX_R,OMESH_TYPE,read,2,1465,1465;1481
main.f90,FDS::MPI_INITIALIZATION_CHORES,setup,yes,omesh_copy,MESHES(NM)%OMESH(NOM),M3,NIC_R,OMESH_TYPE,read,3,1466,1466;1482;1546
main.f90,FDS::MPI_INITIALIZATION_CHORES,setup,yes,omesh_copy,MESHES(NM)%OMESH(NOM),M3,INTEGER_SEND_BUFFER,OMESH_TYPE,arg,1,1473,1473
main.f90,FDS::MPI_INITIALIZATION_CHORES,setup,yes,omesh_copy,MESHES(NOM)%OMESH(NM),M2,I_MIN_S,OMESH_TYPE,write,1,1495,1495
main.f90,FDS::MPI_INITIALIZATION_CHORES,setup,yes,omesh_copy,MESHES(NOM)%OMESH(NM),M2,INTEGER_RECV_BUFFER,OMESH_TYPE,read,7,1495,1495;1496;1497;1498;1499;1500;1501
main.f90,FDS::MPI_INITIALIZATION_CHORES,setup,yes,omesh_copy,MESHES(NOM)%OMESH(NM),M2,I_MAX_S,OMESH_TYPE,write,1,1496,1496
main.f90,FDS::MPI_INITIALIZATION_CHORES,setup,yes,omesh_copy,MESHES(NOM)%OMESH(NM),M2,J_MIN_S,OMESH_TYPE,write,1,1497,1497
main.f90,FDS::MPI_INITIALIZATION_CHORES,setup,yes,omesh_copy,MESHES(NOM)%OMESH(NM),M2,J_MAX_S,OMESH_TYPE,write,1,1498,1498
main.f90,FDS::MPI_INITIALIZATION_CHORES,setup,yes,omesh_copy,MESHES(NOM)%OMESH(NM),M2,K_MIN_S,OMESH_TYPE,write,1,1499,1499
main.f90,FDS::MPI_INITIALIZATION_CHORES,setup,yes,omesh_copy,MESHES(NOM)%OMESH(NM),M2,K_MAX_S,OMESH_TYPE,write,1,1500,1500
main.f90,FDS::MPI_INITIALIZATION_CHORES,setup,yes,omesh_copy,MESHES(NOM)%OMESH(NM),M2,NIC_S,OMESH_TYPE,write,1,1501,1501
main.f90,FDS::MPI_INITIALIZATION_CHORES,setup,yes,omesh_copy,MESHES(NOM)%OMESH(NM),direct,NIC_S,OMESH_TYPE,read,1,1518,1518
main.f90,FDS::MPI_INITIALIZATION_CHORES,setup,yes,omesh_copy,MESHES(NOM)%OMESH(NM),M2,IIO_S,OMESH_TYPE,alloc,1,1520,1520
main.f90,FDS::MPI_INITIALIZATION_CHORES,setup,yes,omesh_copy,MESHES(NOM)%OMESH(NM),M2,NIC_S,OMESH_TYPE,arg,8,1520,1520;1521;1522;1523;1534;1535;1536;1537
main.f90,FDS::MPI_INITIALIZATION_CHORES,setup,yes,omesh_copy,MESHES(NOM)%OMESH(NM),M2,JJO_S,OMESH_TYPE,alloc,1,1521,1521
main.f90,FDS::MPI_INITIALIZATION_CHORES,setup,yes,omesh_copy,MESHES(NOM)%OMESH(NM),M2,KKO_S,OMESH_TYPE,alloc,1,1522,1522
main.f90,FDS::MPI_INITIALIZATION_CHORES,setup,yes,omesh_copy,MESHES(NOM)%OMESH(NM),M2,IOR_S,OMESH_TYPE,alloc,1,1523,1523
main.f90,FDS::MPI_INITIALIZATION_CHORES,setup,yes,omesh_copy,MESHES(NOM)%OMESH(NM),M2,NIC_S,OMESH_TYPE,read,1,1533,1533
main.f90,FDS::MPI_INITIALIZATION_CHORES,setup,yes,omesh_copy,MESHES(NOM)%OMESH(NM),M2,IIO_S,OMESH_TYPE,arg,1,1534,1534
main.f90,FDS::MPI_INITIALIZATION_CHORES,setup,yes,omesh_copy,MESHES(NOM)%OMESH(NM),M2,JJO_S,OMESH_TYPE,arg,1,1535,1535
main.f90,FDS::MPI_INITIALIZATION_CHORES,setup,yes,omesh_copy,MESHES(NOM)%OMESH(NM),M2,KKO_S,OMESH_TYPE,arg,1,1536,1536
main.f90,FDS::MPI_INITIALIZATION_CHORES,setup,yes,omesh_copy,MESHES(NOM)%OMESH(NM),M2,IOR_S,OMESH_TYPE,arg,1,1537,1537
main.f90,FDS::MPI_INITIALIZATION_CHORES,setup,yes,omesh_copy,MESHES(NM)%OMESH(NOM),M3,IIO_R,OMESH_TYPE,arg,1,1548,1548
main.f90,FDS::MPI_INITIALIZATION_CHORES,setup,yes,omesh_copy,MESHES(NM)%OMESH(NOM),M3,NIC_R,OMESH_TYPE,arg,4,1548,1548;1549;1550;1551
main.f90,FDS::MPI_INITIALIZATION_CHORES,setup,yes,omesh_copy,MESHES(NM)%OMESH(NOM),M3,JJO_R,OMESH_TYPE,arg,1,1549,1549
main.f90,FDS::MPI_INITIALIZATION_CHORES,setup,yes,omesh_copy,MESHES(NM)%OMESH(NOM),M3,KKO_R,OMESH_TYPE,arg,1,1550,1550
main.f90,FDS::MPI_INITIALIZATION_CHORES,setup,yes,omesh_copy,MESHES(NM)%OMESH(NOM),M3,IOR_R,OMESH_TYPE,arg,1,1551,1551
main.f90,FDS::MPI_INITIALIZATION_CHORES,setup,yes,omesh_copy,MESHES(NM)%OMESH(NOM),M3,IIO_R,OMESH_TYPE,read,1,1555,1555
main.f90,FDS::MPI_INITIALIZATION_CHORES,setup,yes,omesh_copy,MESHES(NM)%OMESH(NOM),M3,JJO_R,OMESH_TYPE,read,1,1556,1556
main.f90,FDS::MPI_INITIALIZATION_CHORES,setup,yes,omesh_copy,MESHES(NM)%OMESH(NOM),M3,KKO_R,OMESH_TYPE,read,1,1557,1557
main.f90,FDS::MPI_INITIALIZATION_CHORES,setup,yes,omesh_copy,MESHES(NM)%OMESH(NOM),M3,IOR_R,OMESH_TYPE,read,1,1558,1558
main.f90,FDS::POST_RECEIVES,runtime+setup,yes,omesh_copy,MESHES(NM)%OMESH(NOM),M3,(whole),OMESH_TYPE,ptr_bind,1,2965,2965
main.f90,FDS::POST_RECEIVES,runtime+setup,yes,omesh_copy,MESHES(NM)%OMESH(NOM),M3,NIC_R,OMESH_TYPE,read,6,2971,2971;2976;2979;2980;2982;2996
main.f90,FDS::POST_RECEIVES,runtime+setup,yes,omesh_copy,MESHES(NM)%OMESH(NOM),M3,I_MAX_R,OMESH_TYPE,read,1,2975,2975
main.f90,FDS::POST_RECEIVES,runtime+setup,yes,omesh_copy,MESHES(NM)%OMESH(NOM),M3,I_MIN_R,OMESH_TYPE,read,1,2975,2975
main.f90,FDS::POST_RECEIVES,runtime+setup,yes,omesh_copy,MESHES(NM)%OMESH(NOM),M3,J_MAX_R,OMESH_TYPE,read,1,2975,2975
main.f90,FDS::POST_RECEIVES,runtime+setup,yes,omesh_copy,MESHES(NM)%OMESH(NOM),M3,J_MIN_R,OMESH_TYPE,read,1,2975,2975
main.f90,FDS::POST_RECEIVES,runtime+setup,yes,omesh_copy,MESHES(NM)%OMESH(NOM),M3,K_MAX_R,OMESH_TYPE,read,1,2975,2975
main.f90,FDS::POST_RECEIVES,runtime+setup,yes,omesh_copy,MESHES(NM)%OMESH(NOM),M3,K_MIN_R,OMESH_TYPE,read,1,2975,2975
main.f90,FDS::POST_RECEIVES,runtime+setup,yes,omesh_copy,MESHES(NM)%OMESH(NOM),M3,REAL_RECV_PKG1,OMESH_TYPE,alloc,1,2976,2976
main.f90,FDS::POST_RECEIVES,runtime+setup,yes,omesh_copy,MESHES(NM)%OMESH(NOM),M3,REAL_RECV_PKG3,OMESH_TYPE,alloc,1,2977,2977
main.f90,FDS::POST_RECEIVES,runtime+setup,yes,omesh_copy,MESHES(NM)%OMESH(NOM),M3,REAL_RECV_PKG4,OMESH_TYPE,alloc,1,2978,2978
main.f90,FDS::POST_RECEIVES,runtime+setup,yes,omesh_copy,MESHES(NM)%OMESH(NOM),M3,NIC_R,OMESH_TYPE,arg,1,2978,2978
main.f90,FDS::POST_RECEIVES,runtime+setup,yes,omesh_copy,MESHES(NM)%OMESH(NOM),M3,REAL_RECV_PKG7,OMESH_TYPE,alloc,1,2979,2979
main.f90,FDS::POST_RECEIVES,runtime+setup,yes,omesh_copy,MESHES(NM)%OMESH(NOM),M3,REAL_RECV_PKG8,OMESH_TYPE,alloc,1,2980,2980
main.f90,FDS::POST_RECEIVES,runtime+setup,yes,omesh_copy,MESHES(NM)%OMESH(NOM),M3,REAL_RECV_PKG14,OMESH_TYPE,alloc,1,2982,2982
main.f90,FDS::POST_RECEIVES,runtime+setup,yes,omesh_copy,MESHES(NM)%OMESH(NOM),M3,PARTICLE_RECV_BUFFER,OMESH_TYPE,ptr_target,2,2989,2989;3088
main.f90,FDS::POST_RECEIVES,runtime+setup,yes,omesh_copy,MESHES(NM)%OMESH(NOM),M3,REAL_RECV_PKG1,OMESH_TYPE,arg,1,2999,2999
main.f90,FDS::POST_RECEIVES,runtime+setup,yes,omesh_copy,MESHES(NM)%OMESH(NOM),M3,REAL_RECV_PKG1,OMESH_TYPE,inquiry,1,2999,2999
main.f90,FDS::POST_RECEIVES,runtime+setup,yes,omesh_copy,MESHES(NM)%OMESH(NOM),M3,N_INTERNAL_OBST,OMESH_TYPE,arg,1,3004,3004
main.f90,FDS::POST_RECEIVES,runtime+setup,yes,omesh_copy,MESHES(NM)%OMESH(NOM),M3,REAL_RECV_PKG3,OMESH_TYPE,arg,1,3008,3008
main.f90,FDS::POST_RECEIVES,runtime+setup,yes,omesh_copy,MESHES(NM)%OMESH(NOM),M3,REAL_RECV_PKG3,OMESH_TYPE,inquiry,1,3008,3008
main.f90,FDS::POST_RECEIVES,runtime+setup,yes,omesh_copy,MESHES(NM)%OMESH(NOM),M3,REAL_RECV_PKG4,OMESH_TYPE,arg,1,3012,3012
main.f90,FDS::POST_RECEIVES,runtime+setup,yes,omesh_copy,MESHES(NM)%OMESH(NOM),M3,REAL_RECV_PKG4,OMESH_TYPE,inquiry,1,3012,3012
main.f90,FDS::POST_RECEIVES,runtime+setup,yes,omesh_copy,MESHES(NM)%OMESH(NOM),M3,REAL_RECV_PKG7,OMESH_TYPE,arg,1,3016,3016
main.f90,FDS::POST_RECEIVES,runtime+setup,yes,omesh_copy,MESHES(NM)%OMESH(NOM),M3,REAL_RECV_PKG7,OMESH_TYPE,inquiry,1,3016,3016
main.f90,FDS::POST_RECEIVES,runtime+setup,yes,omesh_copy,MESHES(NM)%OMESH(NOM),M3,REAL_RECV_PKG14,OMESH_TYPE,arg,1,3021,3021
main.f90,FDS::POST_RECEIVES,runtime+setup,yes,omesh_copy,MESHES(NM)%OMESH(NOM),M3,REAL_RECV_PKG14,OMESH_TYPE,inquiry,1,3021,3021
main.f90,FDS::POST_RECEIVES,runtime+setup,yes,omesh_copy,MESHES(NM)%OMESH(NOM),M3,WALL_SEND_BUFFER,OMESH_TYPE,ptr_target,2,3032,3032;3040
main.f90,FDS::POST_RECEIVES,runtime+setup,yes,omesh_copy,MESHES(NM)%OMESH(NOM),M3,THIN_WALL_SEND_BUFFER,OMESH_TYPE,ptr_target,2,3035,3035;3046
main.f90,FDS::POST_RECEIVES,runtime+setup,yes,omesh_copy,MESHES(NM)%OMESH(NOM),M3,WALL_RECV_BUFFER,OMESH_TYPE,ptr_target,2,3052,3052;3066
main.f90,FDS::POST_RECEIVES,runtime+setup,yes,omesh_copy,MESHES(NM)%OMESH(NOM),M3,THIN_WALL_RECV_BUFFER,OMESH_TYPE,ptr_target,2,3059,3059;3076
main.f90,FDS::POST_RECEIVES,runtime+setup,yes,omesh_copy,MESHES(NM)%OMESH(NOM),M3,N_INTERNAL_OBST,OMESH_TYPE,read,2,3097,3097;3099
main.f90,FDS::POST_RECEIVES,runtime+setup,yes,omesh_copy,MESHES(NM)%OMESH(NOM),M3,REAL_RECV_PKG8,OMESH_TYPE,arg,2,3099,3099;3103
main.f90,FDS::POST_RECEIVES,runtime+setup,yes,omesh_copy,MESHES(NM)%OMESH(NOM),M3,N_EXTERNAL_OBST,OMESH_TYPE,read,2,3101,3101;3103
mesh.f90,MESH_POINTERS::POINT_TO_MESH,runtime+setup,no,omesh_copy,MESHES(NM)%OMESH(),OMESH,(whole),OMESH_TYPE,ptr_bind,1,833,833
part.f90,PART::INSERT_ALL_PARTICLES,runtime+setup,no,omesh_copy,MESHES(NM)%OMESH(NEIGHBORING_MESH(N)),OMESH(ptr),PARTICLE_SEND_BUFFER,OMESH_TYPE,read,1,301,301
part.f90,PART::PARTICLE_MOMENTUM_TRANSFER,runtime,no,omesh_copy,MESHES(NM)%OMESH(NOM),OM,(whole),OMESH_TYPE,ptr_bind,1,4655,4655
part.f90,PART::PARTICLE_MOMENTUM_TRANSFER,runtime,no,omesh_copy,MESHES(NM)%OMESH(NOM),OM,FVX_D,OMESH_TYPE,read,2,4695,4695;4707
part.f90,PART::PARTICLE_MOMENTUM_TRANSFER,runtime,no,omesh_copy,MESHES(NM)%OMESH(NOM),OM,FVY_D,OMESH_TYPE,read,2,4719,4719;4731
part.f90,PART::PARTICLE_MOMENTUM_TRANSFER,runtime,no,omesh_copy,MESHES(NM)%OMESH(NOM),OM,FVZ_D,OMESH_TYPE,read,2,4743,4743;4755
part.f90,PART::REMOVE_PARTICLES::ADD_TO_PARTICLE_SEND_BUFFER,runtime+setup,no,omesh_copy,MESHES(NM)%OMESH(NOM),OMESH(ptr),PARTICLE_SEND_BUFFER,OMESH_TYPE,ptr_target,1,4912,4912
pres.f90,GLOBMAT_SOLVER::COPY_HS_IN_CCVAR,runtime+setup,no,omesh_copy,MESHES(NM)%OMESH(NOM),OMESH(ptr),HS,OMESH_TYPE,inquiry,10,4222,4222;4226;4227;4228;4233;4234;4235;4240;4241;4242
pres.f90,GLOBMAT_SOLVER::COPY_HS_IN_CCVAR,runtime+setup,no,omesh_copy,MESHES(NM)%OMESH(NOM),OMESH(ptr),GSCH,OMESH_TYPE,inquiry,2,4225,4225;4246
pres.f90,GLOBMAT_SOLVER::COPY_HS_IN_CCVAR,runtime+setup,no,omesh_copy,MESHES(NM)%OMESH(NOM),OMESH(ptr),GSCH,OMESH_TYPE,alloc,1,4226,4226
pres.f90,GLOBMAT_SOLVER::COPY_HS_IN_CCVAR,runtime+setup,no,omesh_copy,MESHES(NM)%OMESH(NOM),OMESH(ptr),MUNKH,OMESH_TYPE,inquiry,2,4232,4232;4248
pres.f90,GLOBMAT_SOLVER::COPY_HS_IN_CCVAR,runtime+setup,no,omesh_copy,MESHES(NM)%OMESH(NOM),OMESH(ptr),MUNKH,OMESH_TYPE,alloc,1,4233,4233
pres.f90,GLOBMAT_SOLVER::COPY_HS_IN_CCVAR,runtime+setup,no,omesh_copy,MESHES(NM)%OMESH(NOM),OMESH(ptr),EWC_TYPE,OMESH_TYPE,inquiry,2,4239,4239;4250
pres.f90,GLOBMAT_SOLVER::COPY_HS_IN_CCVAR,runtime+setup,no,omesh_copy,MESHES(NM)%OMESH(NOM),OMESH(ptr),EWC_TYPE,OMESH_TYPE,alloc,1,4240,4240
pres.f90,GLOBMAT_SOLVER::COPY_HS_IN_CCVAR,runtime+setup,no,omesh_copy,MESHES(NM)%OMESH(NOM),OMESH(ptr),GSCH,OMESH_TYPE,write,1,4247,4247
pres.f90,GLOBMAT_SOLVER::COPY_HS_IN_CCVAR,runtime+setup,no,omesh_copy,MESHES(NM)%OMESH(NOM),OMESH(ptr),HS,OMESH_TYPE,arg,3,4247,4247;4249;4251
pres.f90,GLOBMAT_SOLVER::COPY_HS_IN_CCVAR,runtime+setup,no,omesh_copy,MESHES(NM)%OMESH(NOM),OMESH(ptr),MUNKH,OMESH_TYPE,write,1,4249,4249
pres.f90,GLOBMAT_SOLVER::COPY_HS_IN_CCVAR,runtime+setup,no,omesh_copy,MESHES(NM)%OMESH(NOM),OMESH(ptr),EWC_TYPE,OMESH_TYPE,write,1,4251,4251
pres.f90,GLOBMAT_SOLVER::COPY_H_OMESH_TO_MESH,runtime,no,omesh_copy,MESHES(NM)%OMESH(NOM),OM,(whole),OMESH_TYPE,ptr_bind,2,4100,4100;4166
pres.f90,GLOBMAT_SOLVER::COPY_H_OMESH_TO_MESH,runtime,no,omesh_copy,MESHES(NM)%OMESH(NOM),OM,MUNKH,OMESH_TYPE,read,2,4112,4112;4178
pres.f90,GLOBMAT_SOLVER::COPY_H_OMESH_TO_MESH,runtime,no,omesh_copy,MESHES(NM)%OMESH(NOM),OM,EWC_TYPE,OMESH_TYPE,read,2,4116,4116;4182
pres.f90,GLOBMAT_SOLVER::COPY_H_OMESH_TO_MESH,runtime,no,omesh_copy,MESHES(NM)%OMESH(NOM),OM,H,OMESH_TYPE,read,1,4117,4117
pres.f90,GLOBMAT_SOLVER::COPY_H_OMESH_TO_MESH,runtime,no,omesh_copy,MESHES(NM)%OMESH(NOM),OM,HS,OMESH_TYPE,read,1,4183,4183
pres.f90,GLOBMAT_SOLVER::FINISH_GLMAT_SOLVER,runtime+setup,no,omesh_copy,MESHES(NM)%OMESH(NOM),OMESH(ptr),GSCH,OMESH_TYPE,inquiry,1,6103,6103
pres.f90,GLOBMAT_SOLVER::FINISH_GLMAT_SOLVER,runtime+setup,no,omesh_copy,MESHES(NM)%OMESH(NOM),OMESH(ptr),GSCH,OMESH_TYPE,dealloc,1,6103,6103
pres.f90,GLOBMAT_SOLVER::FINISH_GLMAT_SOLVER,runtime+setup,no,omesh_copy,MESHES(NM)%OMESH(NOM),OMESH(ptr),MUNKH,OMESH_TYPE,inquiry,1,6104,6104
pres.f90,GLOBMAT_SOLVER::FINISH_GLMAT_SOLVER,runtime+setup,no,omesh_copy,MESHES(NM)%OMESH(NOM),OMESH(ptr),MUNKH,OMESH_TYPE,dealloc,1,6104,6104
pres.f90,GLOBMAT_SOLVER::FINISH_GLMAT_SOLVER,runtime+setup,no,omesh_copy,MESHES(NM)%OMESH(NOM),OMESH(ptr),EWC_TYPE,OMESH_TYPE,inquiry,1,6105,6105
pres.f90,GLOBMAT_SOLVER::FINISH_GLMAT_SOLVER,runtime+setup,no,omesh_copy,MESHES(NM)%OMESH(NOM),OMESH(ptr),EWC_TYPE,OMESH_TYPE,dealloc,1,6105,6105
pres.f90,GLOBMAT_SOLVER::GET_H_MATRIX,runtime+setup,no,omesh_copy,MESHES(NM)%OMESH(NOM),OM,(whole),OMESH_TYPE,ptr_bind,1,5164,5164
pres.f90,GLOBMAT_SOLVER::GET_H_MATRIX,runtime+setup,no,omesh_copy,MESHES(NM)%OMESH(NOM),OM,MUNKH,OMESH_TYPE,read,1,5172,5172
pres.f90,GLOBMAT_SOLVER::GET_H_MATRIX,runtime+setup,no,omesh_copy,MESHES(NM)%OMESH(NOM),OM,EWC_TYPE,OMESH_TYPE,inquiry,1,5182,5182
pres.f90,GLOBMAT_SOLVER::GET_H_MATRIX,runtime+setup,no,omesh_copy,MESHES(NM)%OMESH(NOM),OM,EWC_TYPE,OMESH_TYPE,read,1,5183,5183
pres.f90,GLOBMAT_SOLVER::GET_MATRIXGRAPH_H_WHLDOM,runtime+setup,no,omesh_copy,MESHES(NM)%OMESH(NOM),OMESH(ptr),MUNKH,OMESH_TYPE,read,2,5429,5429;5442
pres.f90,GLOBMAT_SOLVER::GET_MATRIXGRAPH_H_WHLDOM,runtime+setup,no,omesh_copy,MESHES(NM)%OMESH(NOM),OMESH(ptr),EWC_TYPE,OMESH_TYPE,inquiry,1,5436,5436
pres.f90,GLOBMAT_SOLVER::GET_MATRIXGRAPH_H_WHLDOM,runtime+setup,no,omesh_copy,MESHES(NM)%OMESH(NOM),OMESH(ptr),EWC_TYPE,OMESH_TYPE,read,1,5437,5437
pres.f90,GLOBMAT_SOLVER::GLMAT_SOLVER_SETUP,runtime+setup,no,omesh_copy,MESHES(NM)%OMESH(EWC%NOM),OMESH(ptr),EWC_TYPE,OMESH_TYPE,inquiry,3,3734,3734;3788;3802
pres.f90,GLOBMAT_SOLVER::GLMAT_SOLVER_SETUP,runtime+setup,no,omesh_copy,MESHES(NM)%OMESH(EWC%NOM),OMESH(ptr),EWC_TYPE,OMESH_TYPE,read,3,3743,3743;3795;3823
pres.f90,GLOBMAT_SOLVER::GLMAT_SOLVER_SETUP,runtime+setup,no,omesh_copy,MESHES(NM)%OMESH(EWC%NOM),OMESH(ptr),EWC_TYPE,OMESH_TYPE,write,1,3796,3796
pres.f90,GLOBMAT_SOLVER::WRITE_EWC_TYPE_DIAGNOSTIC,runtime+setup,no,omesh_copy,MESHES(NM)%OMESH(NOM),OMESH(ptr),EWC_TYPE,OMESH_TYPE,inquiry,1,4303,4303
pres.f90,GLOBMAT_SOLVER::WRITE_EWC_TYPE_DIAGNOSTIC,runtime+setup,no,omesh_copy,MESHES(NM)%OMESH(NOM),OMESH(ptr),EWC_TYPE,OMESH_TYPE,read,1,4316,4316
pres.f90,PRES::COMPUTE_VELOCITY_ERROR,runtime,no,omesh_copy,MESHES(NM)%OMESH(EWC%NOM),OM,(whole),OMESH_TYPE,ptr_bind,1,849,849
pres.f90,PRES::COMPUTE_VELOCITY_ERROR,runtime,no,omesh_copy,MESHES(NM)%OMESH(EWC%NOM),OM,FVX,OMESH_TYPE,read,4,927,927;936;984;993
pres.f90,PRES::COMPUTE_VELOCITY_ERROR,runtime,no,omesh_copy,MESHES(NM)%OMESH(EWC%NOM),OM,H,OMESH_TYPE,read,6,927,927;936;945;954;963;972
pres.f90,PRES::COMPUTE_VELOCITY_ERROR,runtime,no,omesh_copy,MESHES(NM)%OMESH(EWC%NOM),OM,U,OMESH_TYPE,read,4,928,928;937;985;994
pres.f90,PRES::COMPUTE_VELOCITY_ERROR,runtime,no,omesh_copy,MESHES(NM)%OMESH(EWC%NOM),OM,FVY,OMESH_TYPE,read,4,945,945;954;1002;1011
pres.f90,PRES::COMPUTE_VELOCITY_ERROR,runtime,no,omesh_copy,MESHES(NM)%OMESH(EWC%NOM),OM,V,OMESH_TYPE,read,4,946,946;955;1003;1012
pres.f90,PRES::COMPUTE_VELOCITY_ERROR,runtime,no,omesh_copy,MESHES(NM)%OMESH(EWC%NOM),OM,FVZ,OMESH_TYPE,read,4,963,963;972;1020;1029
pres.f90,PRES::COMPUTE_VELOCITY_ERROR,runtime,no,omesh_copy,MESHES(NM)%OMESH(EWC%NOM),OM,W,OMESH_TYPE,read,4,964,964;973;1021;1030
pres.f90,PRES::COMPUTE_VELOCITY_ERROR,runtime,no,omesh_copy,MESHES(NM)%OMESH(EWC%NOM),OM,HS,OMESH_TYPE,read,6,984,984;993;1002;1011;1020;1029
pres.f90,PRES::COMPUTE_VELOCITY_ERROR,runtime,no,omesh_copy,MESHES(NM)%OMESH(EWC%NOM),OM,US,OMESH_TYPE,read,2,985,985;994
pres.f90,PRES::COMPUTE_VELOCITY_ERROR,runtime,no,omesh_copy,MESHES(NM)%OMESH(EWC%NOM),OM,VS,OMESH_TYPE,read,2,1003,1003;1012
pres.f90,PRES::COMPUTE_VELOCITY_ERROR,runtime,no,omesh_copy,MESHES(NM)%OMESH(EWC%NOM),OM,WS,OMESH_TYPE,read,2,1021,1021;1030
radi.f90,RAD::COMPUTE_RADIATION::RADIATION_FVM,runtime+setup,no,omesh_copy,MESHES(NM)%OMESH(NOM),OMESH(ptr),IL_R,OMESH_TYPE,read,1,4351,4351
radi.f90,RAD::COMPUTE_RADIATION::RADIATION_FVM,runtime+setup,no,omesh_copy,MESHES(NM)%OMESH(NOM),M2,(whole),OMESH_TYPE,ptr_bind,1,4826,4826
radi.f90,RAD::COMPUTE_RADIATION::RADIATION_FVM,runtime+setup,no,omesh_copy,MESHES(NM)%OMESH(NOM),M2,NIC_S,OMESH_TYPE,read,2,4827,4827;4828
radi.f90,RAD::COMPUTE_RADIATION::RADIATION_FVM,runtime+setup,no,omesh_copy,MESHES(NM)%OMESH(NOM),M2,IL_S,OMESH_TYPE,write,4,4829,4829;4833;4835;4837
radi.f90,RAD::COMPUTE_RADIATION::RADIATION_FVM,runtime+setup,no,omesh_copy,MESHES(NM)%OMESH(NOM),M2,IIO_S,OMESH_TYPE,read,4,4829,4829;4833;4835;4837
radi.f90,RAD::COMPUTE_RADIATION::RADIATION_FVM,runtime+setup,no,omesh_copy,MESHES(NM)%OMESH(NOM),M2,JJO_S,OMESH_TYPE,read,4,4829,4829;4833;4835;4837
radi.f90,RAD::COMPUTE_RADIATION::RADIATION_FVM,runtime+setup,no,omesh_copy,MESHES(NM)%OMESH(NOM),M2,KKO_S,OMESH_TYPE,read,4,4829,4829;4833;4835;4837
radi.f90,RAD::COMPUTE_RADIATION::RADIATION_FVM,runtime+setup,no,omesh_copy,MESHES(NM)%OMESH(NOM),M2,IOR_S,OMESH_TYPE,arg,1,4831,4831
radi.f90,RAD::INTERPOLATE_IL,runtime+setup,no,omesh_copy,MESHES(NM)%OMESH(NOM),M2,(whole),OMESH_TYPE,ptr_bind,1,3700,3700
radi.f90,RAD::INTERPOLATE_IL,runtime+setup,no,omesh_copy,MESHES(NM)%OMESH(NOM),M2,NIC_R,OMESH_TYPE,read,2,3701,3701;3704
radi.f90,RAD::INTERPOLATE_IL,runtime+setup,no,omesh_copy,MESHES(NM)%OMESH(NOM),M2,IL_R_OLD,OMESH_TYPE,write,1,3702,3702
radi.f90,RAD::INTERPOLATE_IL,runtime+setup,no,omesh_copy,MESHES(NM)%OMESH(NOM),M2,IL_R,OMESH_TYPE,read,3,3702,3702;3707;3709
radi.f90,RAD::INTERPOLATE_IL,runtime+setup,no,omesh_copy,MESHES(NM)%OMESH(NOM),M2,IL_R,OMESH_TYPE,write,3,3703,3703;3707;3709
radi.f90,RAD::INTERPOLATE_IL,runtime+setup,no,omesh_copy,MESHES(NM)%OMESH(NOM),M2,IL_R_OLD,OMESH_TYPE,read,1,3707,3707
vege.f90,VEGE::GET_BOUNDARY_VALUES::FILL_BOUNDARY_VALUES,runtime+setup,no,omesh_copy,MESHES(NM)%OMESH(NOM),OMESH(ptr),PHI_LS,OMESH_TYPE,read,2,689,689;690
vege.f90,VEGE::GET_BOUNDARY_VALUES::FILL_BOUNDARY_VALUES,runtime+setup,no,omesh_copy,MESHES(NM)%OMESH(NOM),OMESH(ptr),PHI1_LS,OMESH_TYPE,read,2,692,692;693
vege.f90,VEGE::GET_BOUNDARY_VALUES::FILL_BOUNDARY_VALUES,runtime+setup,no,omesh_copy,MESHES(NM)%OMESH(NOM),OMESH(ptr),U_LS,OMESH_TYPE,read,1,695,695
vege.f90,VEGE::GET_BOUNDARY_VALUES::FILL_BOUNDARY_VALUES,runtime+setup,no,omesh_copy,MESHES(NM)%OMESH(NOM),OMESH(ptr),V_LS,OMESH_TYPE,read,1,696,696
vege.f90,VEGE::GET_BOUNDARY_VALUES::FILL_BOUNDARY_VALUES,runtime+setup,no,omesh_copy,MESHES(NM)%OMESH(NOM),OMESH(ptr),Z_LS,OMESH_TYPE,read,1,697,697
velo.f90,VELO::MATCH_VELOCITY,runtime+setup,no,omesh_copy,MESHES(NM)%OMESH(NOM),OM,(whole),OMESH_TYPE,ptr_bind,1,2677,2677
velo.f90,VELO::MATCH_VELOCITY,runtime+setup,no,omesh_copy,MESHES(NM)%OMESH(NOM),OM,US,OMESH_TYPE,ptr_target,2,2686,2686;2813
velo.f90,VELO::MATCH_VELOCITY,runtime+setup,no,omesh_copy,MESHES(NM)%OMESH(NOM),OM,U,OMESH_TYPE,ptr_target,2,2687,2687;2814
velo.f90,VELO::MATCH_VELOCITY,runtime+setup,no,omesh_copy,MESHES(NM)%OMESH(NOM),OM,VS,OMESH_TYPE,ptr_target,2,2696,2696;2815
velo.f90,VELO::MATCH_VELOCITY,runtime+setup,no,omesh_copy,MESHES(NM)%OMESH(NOM),OM,V,OMESH_TYPE,ptr_target,2,2697,2697;2816
velo.f90,VELO::MATCH_VELOCITY,runtime+setup,no,omesh_copy,MESHES(NM)%OMESH(NOM),OM,WS,OMESH_TYPE,ptr_target,2,2706,2706;2817
velo.f90,VELO::MATCH_VELOCITY,runtime+setup,no,omesh_copy,MESHES(NM)%OMESH(NOM),OM,W,OMESH_TYPE,ptr_target,2,2707,2707;2818
velo.f90,VELO::MATCH_VELOCITY_FLUX,runtime,no,omesh_copy,MESHES(NM)%OMESH(NOM),OM,(whole),OMESH_TYPE,ptr_bind,1,2903,2903
velo.f90,VELO::MATCH_VELOCITY_FLUX,runtime,no,omesh_copy,MESHES(NM)%OMESH(NOM),OM,FVX,OMESH_TYPE,read,2,2947,2947;2959
velo.f90,VELO::MATCH_VELOCITY_FLUX,runtime,no,omesh_copy,MESHES(NM)%OMESH(NOM),OM,FVY,OMESH_TYPE,read,2,2971,2971;2983
velo.f90,VELO::MATCH_VELOCITY_FLUX,runtime,no,omesh_copy,MESHES(NM)%OMESH(NOM),OM,FVZ,OMESH_TYPE,read,2,2995,2995;3007
velo.f90,VELO::NO_FLUX,runtime,no,omesh_copy,MESHES(NM)%OMESH(NOM),OMESH(ptr),H,OMESH_TYPE,ptr_target,1,1382,1382
velo.f90,VELO::NO_FLUX,runtime,no,omesh_copy,MESHES(NM)%OMESH(NOM),OMESH(ptr),HS,OMESH_TYPE,ptr_target,1,1384,1384
velo.f90,VELO::VELOCITY_BC,runtime+setup,no,omesh_copy,MESHES(NM)%OMESH(EWC%NOM),OMESH(ptr),US,OMESH_TYPE,ptr_target,1,1863,1863
velo.f90,VELO::VELOCITY_BC,runtime+setup,no,omesh_copy,MESHES(NM)%OMESH(EWC%NOM),OMESH(ptr),VS,OMESH_TYPE,ptr_target,1,1864,1864
velo.f90,VELO::VELOCITY_BC,runtime+setup,no,omesh_copy,MESHES(NM)%OMESH(EWC%NOM),OMESH(ptr),WS,OMESH_TYPE,ptr_target,1,1865,1865
velo.f90,VELO::VELOCITY_BC,runtime+setup,no,omesh_copy,MESHES(NM)%OMESH(EWC%NOM),OMESH(ptr),U,OMESH_TYPE,ptr_target,1,1867,1867
velo.f90,VELO::VELOCITY_BC,runtime+setup,no,omesh_copy,MESHES(NM)%OMESH(EWC%NOM),OMESH(ptr),V,OMESH_TYPE,ptr_target,1,1868,1868
velo.f90,VELO::VELOCITY_BC,runtime+setup,no,omesh_copy,MESHES(NM)%OMESH(EWC%NOM),OMESH(ptr),W,OMESH_TYPE,ptr_target,1,1869,1869
velo.f90,VELO::VELOCITY_BC,runtime+setup,no,omesh_copy,MESHES(NM)%OMESH(ABS(NOM(ICD))),OM,(whole),OMESH_TYPE,ptr_bind,1,2407,2407
velo.f90,VELO::VELOCITY_BC,runtime+setup,no,omesh_copy,MESHES(NM)%OMESH(ABS(NOM(ICD))),OM,WS,OMESH_TYPE,ptr_target,2,2413,2413;2421
velo.f90,VELO::VELOCITY_BC,runtime+setup,no,omesh_copy,MESHES(NM)%OMESH(ABS(NOM(ICD))),OM,VS,OMESH_TYPE,ptr_target,2,2415,2415;2425
velo.f90,VELO::VELOCITY_BC,runtime+setup,no,omesh_copy,MESHES(NM)%OMESH(ABS(NOM(ICD))),OM,US,OMESH_TYPE,ptr_target,2,2419,2419;2427
velo.f90,VELO::VELOCITY_BC,runtime+setup,no,omesh_copy,MESHES(NM)%OMESH(ABS(NOM(ICD))),OM,W,OMESH_TYPE,ptr_target,2,2434,2434;2442
velo.f90,VELO::VELOCITY_BC,runtime+setup,no,omesh_copy,MESHES(NM)%OMESH(ABS(NOM(ICD))),OM,V,OMESH_TYPE,ptr_target,2,2436,2436;2446
velo.f90,VELO::VELOCITY_BC,runtime+setup,no,omesh_copy,MESHES(NM)%OMESH(ABS(NOM(ICD))),OM,U,OMESH_TYPE,ptr_target,2,2440,2440;2448
velo.f90,VELO::VELOCITY_BC,runtime+setup,no,omesh_copy,MESHES(NM)%OMESH(ABS(NOM(ICD))),OM,U,OMESH_TYPE,read,8,2485,2485;2486;2487;2488;2489;2490;2491;2492
velo.f90,VELO::VELOCITY_BC,runtime+setup,no,omesh_copy,MESHES(NM)%OMESH(ABS(NOM(ICD))),OM,V,OMESH_TYPE,read,8,2494,2494;2495;2496;2497;2498;2499;2500;2501
velo.f90,VELO::VELOCITY_BC,runtime+setup,no,omesh_copy,MESHES(NM)%OMESH(ABS(NOM(ICD))),OM,W,OMESH_TYPE,read,8,2503,2503;2504;2505;2506;2507;2508;2509;2510
velo.f90,VELO::VISCOSITY_BC,runtime+setup,no,omesh_copy,MESHES(NM)%OMESH(NOM),OMESH(ptr),MU,OMESH_TYPE,read,1,529,529
velo.f90,VELO::VISCOSITY_BC,runtime+setup,no,omesh_copy,MESHES(NM)%OMESH(NOM),OMESH(ptr),KRES,OMESH_TYPE,read,1,530,530
velo.f90,VELO::VISCOSITY_BC,runtime+setup,no,omesh_copy,MESHES(NM)%OMESH(NOM),OMESH(ptr),DS,OMESH_TYPE,read,1,532,532
velo.f90,VELO::VISCOSITY_BC,runtime+setup,no,omesh_copy,MESHES(NM)%OMESH(NOM),OMESH(ptr),D,OMESH_TYPE,read,1,534,534
wall.f90,WALL_ROUTINES::ASSIGN_GHOST_VALUE,runtime+setup,no,omesh_copy,MESHES(NM)%OMESH(EWC%NOM),OM,(whole),OMESH_TYPE,ptr_bind,1,303,303
wall.f90,WALL_ROUTINES::ASSIGN_GHOST_VALUE,runtime+setup,no,omesh_copy,MESHES(NM)%OMESH(EWC%NOM),OM,RHOS,OMESH_TYPE,ptr_target,1,305,305
wall.f90,WALL_ROUTINES::ASSIGN_GHOST_VALUE,runtime+setup,no,omesh_copy,MESHES(NM)%OMESH(EWC%NOM),OM,ZZS,OMESH_TYPE,ptr_target,1,306,306
wall.f90,WALL_ROUTINES::ASSIGN_GHOST_VALUE,runtime+setup,no,omesh_copy,MESHES(NM)%OMESH(EWC%NOM),OM,RHO,OMESH_TYPE,ptr_target,1,308,308
wall.f90,WALL_ROUTINES::ASSIGN_GHOST_VALUE,runtime+setup,no,omesh_copy,MESHES(NM)%OMESH(EWC%NOM),OM,ZZ,OMESH_TYPE,ptr_target,1,309,309
wall.f90,WALL_ROUTINES::CALCULATE_ZZ_F,runtime+setup,no,omesh_copy,MESHES(NM)%OMESH(EWC%NOM),OMESH(ptr),N_EXTERNAL_OBST,OMESH_TYPE,write,1,1381,1381
wall.f90,WALL_ROUTINES::CALCULATE_ZZ_F,runtime+setup,no,omesh_copy,MESHES(NM)%OMESH(EWC%NOM),OMESH(ptr),N_EXTERNAL_OBST,OMESH_TYPE,read,2,1381,1381;1382
wall.f90,WALL_ROUTINES::CALCULATE_ZZ_F,runtime+setup,no,omesh_copy,MESHES(NM)%OMESH(EWC%NOM),OMESH(ptr),REAL_SEND_PKG8,OMESH_TYPE,write,2,1383,1383;1384
wall.f90,WALL_ROUTINES::SURFACE_HEAT_TRANSFER,runtime+setup,no,omesh_copy,MESHES(NM)%OMESH(EWC%NOM),OM,(whole),OMESH_TYPE,ptr_bind,1,824,824
wall.f90,WALL_ROUTINES::SURFACE_HEAT_TRANSFER,runtime+setup,no,omesh_copy,MESHES(NM)%OMESH(EWC%NOM),OM,RHOS,OMESH_TYPE,ptr_target,1,827,827
wall.f90,WALL_ROUTINES::SURFACE_HEAT_TRANSFER,runtime+setup,no,omesh_copy,MESHES(NM)%OMESH(EWC%NOM),OM,ZZS,OMESH_TYPE,ptr_target,1,828,828
wall.f90,WALL_ROUTINES::SURFACE_HEAT_TRANSFER,runtime+setup,no,omesh_copy,MESHES(NM)%OMESH(EWC%NOM),OM,RHO,OMESH_TYPE,ptr_target,1,830,830
wall.f90,WALL_ROUTINES::SURFACE_HEAT_TRANSFER,runtime+setup,no,omesh_copy,MESHES(NM)%OMESH(EWC%NOM),OM,ZZ,OMESH_TYPE,ptr_target,1,831,831
wall.f90,WALL_ROUTINES::SURFACE_HEAT_TRANSFER,runtime+setup,no,omesh_copy,MESHES(NM)%OMESH(EWC%NOM),OM,MU,OMESH_TYPE,ptr_target,1,887,887
ccib.f90,CC_SCALARS::CC_COMPUTE_VELOCITY_ERROR,runtime,no,other_mesh,MESHES(EWC%NOM),M2,(whole),MESH_TYPE,ptr_bind,1,15684,15684
ccib.f90,CC_SCALARS::CC_COMPUTE_VELOCITY_ERROR,runtime,no,other_mesh,MESHES(EWC%NOM),M2,CELL,MESH_TYPE,arg,12,15794,15794;15823;15852;15881;15910;15939;15971;16002;16033;16064;16095;16126
ccib.f90,CC_SCALARS::CC_COMPUTE_VELOCITY_ERROR,runtime,no,other_mesh,MESHES(EWC%NOM),M2,CELL_INDEX,MESH_TYPE,read,12,15794,15794;15823;15852;15881;15910;15939;15971;16002;16033;16064;16095;16126
ccib.f90,CC_SCALARS::CC_COMPUTE_VELOCITY_ERROR,runtime,no,other_mesh,MESHES(EWC%NOM),M2,FCVAR,MESH_TYPE,read,24,15795,15795;15797;15824;15826;15853;15855;15882;15884;15911;15913;15940;15942;15972;15974;16003;16005;16034;16036;16065;16067;16096;16098;16127;16129
ccib.f90,CC_SCALARS::CC_COMPUTE_VELOCITY_ERROR,runtime,no,other_mesh,MESHES(EWC%NOM),M2,CUT_FACE,MESH_TYPE,ptr_target,12,15799,15799;15828;15857;15886;15915;15944;15976;16007;16038;16069;16100;16131
ccib.f90,CC_SCALARS::CC_COMPUTE_VELOCITY_ERROR,runtime,no,other_mesh,MESHES(EWC%NOM),M2,RDXN,MESH_TYPE,read,4,15799,15799;15828;15976;16007
ccib.f90,CC_SCALARS::CC_COMPUTE_VELOCITY_ERROR,runtime,no,other_mesh,MESHES(EWC%NOM),M2,DY,MESH_TYPE,read,8,15807,15807;15836;15923;15952;15985;16016;16109;16140
ccib.f90,CC_SCALARS::CC_COMPUTE_VELOCITY_ERROR,runtime,no,other_mesh,MESHES(EWC%NOM),M2,DZ,MESH_TYPE,read,8,15807,15807;15836;15865;15894;15985;16016;16047;16078
ccib.f90,CC_SCALARS::CC_COMPUTE_VELOCITY_ERROR,runtime,no,other_mesh,MESHES(EWC%NOM),M2,CCVAR,MESH_TYPE,read,12,15809,15809;15838;15867;15896;15925;15954;15987;16018;16049;16080;16111;16142
ccib.f90,CC_SCALARS::CC_COMPUTE_VELOCITY_ERROR,runtime,no,other_mesh,MESHES(EWC%NOM),M2,CUT_CELL,MESH_TYPE,read,24,15810,15810;15811;15839;15840;15868;15869;15897;15898;15926;15927;15955;15956;15988;15989;16019;16020;16050;16051;16081;16082;16112;16113;16143;16144
ccib.f90,CC_SCALARS::CC_COMPUTE_VELOCITY_ERROR,runtime,no,other_mesh,MESHES(EWC%NOM),M2,XC,MESH_TYPE,read,8,15810,15810;15811;15839;15840;15988;15989;16019;16020
ccib.f90,CC_SCALARS::CC_COMPUTE_VELOCITY_ERROR,runtime,no,other_mesh,MESHES(EWC%NOM),M2,RDYN,MESH_TYPE,read,4,15857,15857;15886;16038;16069
ccib.f90,CC_SCALARS::CC_COMPUTE_VELOCITY_ERROR,runtime,no,other_mesh,MESHES(EWC%NOM),M2,DX,MESH_TYPE,read,8,15865,15865;15894;15923;15952;16047;16078;16109;16140
ccib.f90,CC_SCALARS::CC_COMPUTE_VELOCITY_ERROR,runtime,no,other_mesh,MESHES(EWC%NOM),M2,YC,MESH_TYPE,read,8,15868,15868;15869;15897;15898;16050;16051;16081;16082
ccib.f90,CC_SCALARS::CC_COMPUTE_VELOCITY_ERROR,runtime,no,other_mesh,MESHES(EWC%NOM),M2,RDZN,MESH_TYPE,read,4,15915,15915;15944;16100;16131
ccib.f90,CC_SCALARS::CC_COMPUTE_VELOCITY_ERROR,runtime,no,other_mesh,MESHES(EWC%NOM),M2,ZC,MESH_TYPE,read,8,15926,15926;15927;15955;15956;16112;16113;16143;16144
ccib.f90,CC_SCALARS::CC_MATCH_VELOCITY,runtime+setup,no,other_mesh,MESHES(NOM),M2,(whole),MESH_TYPE,ptr_bind,1,5420,5420
ccib.f90,CC_SCALARS::CC_MATCH_VELOCITY,runtime+setup,no,other_mesh,MESHES(NOM),M2,CELL,MESH_TYPE,arg,6,5438,5438;5500;5561;5623;5684;5745
ccib.f90,CC_SCALARS::CC_MATCH_VELOCITY,runtime+setup,no,other_mesh,MESHES(NOM),M2,CELL_INDEX,MESH_TYPE,read,6,5438,5438;5500;5561;5623;5684;5745
ccib.f90,CC_SCALARS::CC_MATCH_VELOCITY,runtime+setup,no,other_mesh,MESHES(NOM),M2,FCVAR,MESH_TYPE,read,18,5439,5439;5441;5501;5503;5562;5564;5624;5626;5685;5687;5746;5748;5834;5835;5836;5837;5838;5839
ccib.f90,CC_SCALARS::CC_MATCH_VELOCITY,runtime+setup,no,other_mesh,MESHES(NOM),M2,CUT_FACE,MESH_TYPE,ptr_target,6,5443,5443;5505;5566;5628;5689;5750
ccib.f90,CC_SCALARS::CC_MATCH_VELOCITY,runtime+setup,no,other_mesh,MESHES(NOM),M2,DY,MESH_TYPE,read,12,5468,5468;5469;5470;5530;5531;5532;5714;5715;5716;5775;5776;5777
ccib.f90,CC_SCALARS::CC_MATCH_VELOCITY,runtime+setup,no,other_mesh,MESHES(NOM),M2,DZ,MESH_TYPE,read,12,5468,5468;5469;5470;5530;5531;5532;5592;5593;5594;5653;5654;5655
ccib.f90,CC_SCALARS::CC_MATCH_VELOCITY,runtime+setup,no,other_mesh,MESHES(NOM),M2,DX,MESH_TYPE,read,12,5592,5592;5593;5594;5653;5654;5655;5714;5715;5716;5775;5776;5777
ccib.f90,CC_SCALARS::CC_MATCH_VELOCITY,runtime+setup,no,other_mesh,MESHES(NOM),M2,CUT_FACE,MESH_TYPE,read,6,5834,5834;5835;5836;5837;5838;5839
ccib.f90,CC_SCALARS::CC_MATCH_VELOCITY_FLUX,runtime,no,other_mesh,MESHES(NOM),M2,(whole),MESH_TYPE,ptr_bind,1,5182,5182
ccib.f90,CC_SCALARS::CC_MATCH_VELOCITY_FLUX,runtime,no,other_mesh,MESHES(NOM),M2,CELL,MESH_TYPE,arg,6,5200,5200;5225;5251;5277;5304;5330
ccib.f90,CC_SCALARS::CC_MATCH_VELOCITY_FLUX,runtime,no,other_mesh,MESHES(NOM),M2,CELL_INDEX,MESH_TYPE,read,6,5200,5200;5225;5251;5277;5304;5330
ccib.f90,CC_SCALARS::CC_MATCH_VELOCITY_FLUX,runtime,no,other_mesh,MESHES(NOM),M2,FCVAR,MESH_TYPE,read,12,5201,5201;5202;5226;5228;5252;5254;5278;5280;5305;5307;5331;5333
ccib.f90,CC_SCALARS::CC_MATCH_VELOCITY_FLUX,runtime,no,other_mesh,MESHES(NOM),M2,CUT_FACE,MESH_TYPE,ptr_target,6,5204,5204;5230;5256;5282;5309;5335
ccib.f90,CC_SCALARS::CC_MATCH_VELOCITY_FLUX,runtime,no,other_mesh,MESHES(NOM),M2,DY,MESH_TYPE,read,8,5210,5210;5211;5236;5237;5315;5316;5341;5342
ccib.f90,CC_SCALARS::CC_MATCH_VELOCITY_FLUX,runtime,no,other_mesh,MESHES(NOM),M2,DZ,MESH_TYPE,read,8,5210,5210;5211;5236;5237;5262;5263;5288;5289
ccib.f90,CC_SCALARS::CC_MATCH_VELOCITY_FLUX,runtime,no,other_mesh,MESHES(NOM),M2,DX,MESH_TYPE,read,8,5262,5262;5263;5288;5289;5315;5316;5341;5342
ccib.f90,CC_SCALARS::CC_RESCALE_OMESH_STAGGERED_TO_CUTFACE,runtime+setup,no,other_mesh,MESHES(NOM),MS,(whole),MESH_TYPE,ptr_bind,1,13870,13870
ccib.f90,CC_SCALARS::CC_RESCALE_OMESH_STAGGERED_TO_CUTFACE,runtime+setup,no,other_mesh,MESHES(NOM),MS,FCVAR,MESH_TYPE,inquiry,1,13870,13870
ccib.f90,CC_SCALARS::CC_RESCALE_OMESH_STAGGERED_TO_CUTFACE,runtime+setup,no,other_mesh,MESHES(NOM),MS,(whole),MESH_TYPE,arg,6,13875,13875;13876;13877;13879;13880;13881
ccib.f90,CC_SCALARS::COPY_CC_MUNKH_TO_UNKH,runtime+setup,no,other_mesh,MESHES(NOM),direct,CCVAR,MESH_TYPE,read,1,22899,22899
ccib.f90,CC_SCALARS::COPY_CC_MUNKH_TO_UNKH,runtime+setup,no,other_mesh,MESHES(NOM),direct,CUT_CELL,MESH_TYPE,write_component,1,22902,22902
ccib.f90,CC_SCALARS::COPY_CC_MUNKH_TO_UNKH,runtime+setup,no,other_mesh,MESHES(NOM),direct,CCVAR,MESH_TYPE,write,1,22905,22905
ccib.f90,CC_SCALARS::EXCHANGE_BACK_CFACE_DATA,runtime+setup,yes,other_mesh,MESHES(NOM),direct,CFACE,MESH_TYPE,read,2,342,342;356
ccib.f90,CC_SCALARS::EXCHANGE_BACK_CFACE_DATA,runtime+setup,yes,other_mesh,MESHES(NOM),direct,BOUNDARY_PROP1,MESH_TYPE,read,3,344,344;345;346
ccib.f90,CC_SCALARS::EXCHANGE_BACK_CFACE_DATA,runtime+setup,yes,other_mesh,MESHES(NOM),direct,BOUNDARY_PROP1,MESH_TYPE,write_component,3,358,358;359;360
ccib.f90,CC_SCALARS::GET_H_GUARD_CUTCELL,runtime,no,other_mesh,MESHES(NOM),direct,CCVAR,MESH_TYPE,read,1,610,610
ccib.f90,CC_SCALARS::GET_H_GUARD_CUTCELL,runtime,no,other_mesh,MESHES(NOM),direct,DY,MESH_TYPE,read,2,618,618;628
ccib.f90,CC_SCALARS::GET_H_GUARD_CUTCELL,runtime,no,other_mesh,MESHES(NOM),direct,DZ,MESH_TYPE,read,2,618,618;623
ccib.f90,CC_SCALARS::GET_H_GUARD_CUTCELL,runtime,no,other_mesh,MESHES(NOM),direct,X,MESH_TYPE,read,1,618,618
ccib.f90,CC_SCALARS::GET_H_GUARD_CUTCELL,runtime,no,other_mesh,MESHES(NOM),direct,CUT_CELL,MESH_TYPE,read,3,619,619;624;629
ccib.f90,CC_SCALARS::GET_H_GUARD_CUTCELL,runtime,no,other_mesh,MESHES(NOM),direct,XC,MESH_TYPE,read,1,620,620
ccib.f90,CC_SCALARS::GET_H_GUARD_CUTCELL,runtime,no,other_mesh,MESHES(NOM),direct,DX,MESH_TYPE,read,2,623,623;628
ccib.f90,CC_SCALARS::GET_H_GUARD_CUTCELL,runtime,no,other_mesh,MESHES(NOM),direct,Y,MESH_TYPE,read,1,623,623
ccib.f90,CC_SCALARS::GET_H_GUARD_CUTCELL,runtime,no,other_mesh,MESHES(NOM),direct,YC,MESH_TYPE,read,1,625,625
ccib.f90,CC_SCALARS::GET_H_GUARD_CUTCELL,runtime,no,other_mesh,MESHES(NOM),direct,Z,MESH_TYPE,read,1,628,628
ccib.f90,CC_SCALARS::GET_H_GUARD_CUTCELL,runtime,no,other_mesh,MESHES(NOM),direct,ZC,MESH_TYPE,read,1,630,630
ccib.f90,CC_SCALARS::GET_H_GUARD_CUTCELL,runtime,no,other_mesh,MESHES(NOM),direct,FCVAR,MESH_TYPE,read,2,636,636;638
ccib.f90,CC_SCALARS::GET_H_GUARD_CUTCELL,runtime,no,other_mesh,MESHES(NOM),direct,CUT_FACE,MESH_TYPE,arg,1,639,639
ccib.f90,CC_SCALARS::GET_H_GUARD_CUTCELL,runtime,no,other_mesh,MESHES(NOM),direct,CUT_FACE,MESH_TYPE,read,1,639,639
ccib.f90,CC_SCALARS::GET_H_MATRIX_CC,runtime+setup,no,other_mesh,MESHES(NOM),direct,CCVAR,MESH_TYPE,read,2,20678,20678;20821
ccib.f90,CC_SCALARS::GET_H_MATRIX_CC,runtime+setup,no,other_mesh,MESHES(NOM),direct,DY,MESH_TYPE,read,4,20684,20684;20690;20827;20833
ccib.f90,CC_SCALARS::GET_H_MATRIX_CC,runtime+setup,no,other_mesh,MESHES(NOM),direct,DZ,MESH_TYPE,read,4,20684,20684;20687;20827;20830
ccib.f90,CC_SCALARS::GET_H_MATRIX_CC,runtime+setup,no,other_mesh,MESHES(NOM),direct,X,MESH_TYPE,read,2,20685,20685;20828
ccib.f90,CC_SCALARS::GET_H_MATRIX_CC,runtime+setup,no,other_mesh,MESHES(NOM),direct,XC,MESH_TYPE,read,2,20685,20685;20828
ccib.f90,CC_SCALARS::GET_H_MATRIX_CC,runtime+setup,no,other_mesh,MESHES(NOM),direct,DX,MESH_TYPE,read,4,20687,20687;20690;20830;20833
ccib.f90,CC_SCALARS::GET_H_MATRIX_CC,runtime+setup,no,other_mesh,MESHES(NOM),direct,Y,MESH_TYPE,read,2,20688,20688;20831
ccib.f90,CC_SCALARS::GET_H_MATRIX_CC,runtime+setup,no,other_mesh,MESHES(NOM),direct,YC,MESH_TYPE,read,2,20688,20688;20831
ccib.f90,CC_SCALARS::GET_H_MATRIX_CC,runtime+setup,no,other_mesh,MESHES(NOM),direct,Z,MESH_TYPE,read,2,20691,20691;20834
ccib.f90,CC_SCALARS::GET_H_MATRIX_CC,runtime+setup,no,other_mesh,MESHES(NOM),direct,ZC,MESH_TYPE,read,2,20691,20691;20834
ccib.f90,CC_SCALARS::GET_H_MATRIX_CC,runtime+setup,no,other_mesh,MESHES(NOM),direct,CUT_CELL,MESH_TYPE,read,2,20696,20696;20839
ccib.f90,CC_SCALARS::GET_H_MATRIX_CC,runtime+setup,no,other_mesh,MESHES(NOM),direct,FCVAR,MESH_TYPE,read,4,20702,20702;20704;20845;20847
ccib.f90,CC_SCALARS::GET_H_MATRIX_CC,runtime+setup,no,other_mesh,MESHES(NOM),direct,CUT_FACE,MESH_TYPE,arg,2,20705,20705;20848
ccib.f90,CC_SCALARS::GET_H_MATRIX_CC,runtime+setup,no,other_mesh,MESHES(NOM),direct,CUT_FACE,MESH_TYPE,read,2,20705,20705;20848
ccib.f90,CC_SCALARS::GET_LINKED_VELOCITIES,runtime+setup,no,other_mesh,MESHES(NOM),M2,(whole),MESH_TYPE,ptr_bind,2,3230,3230;3406
ccib.f90,CC_SCALARS::GET_LINKED_VELOCITIES,runtime+setup,no,other_mesh,MESHES(NOM),M2,CELL,MESH_TYPE,arg,12,3261,3261;3277;3293;3309;3325;3341;3438;3454;3470;3486;3502;3518
ccib.f90,CC_SCALARS::GET_LINKED_VELOCITIES,runtime+setup,no,other_mesh,MESHES(NOM),M2,CELL_INDEX,MESH_TYPE,read,12,3261,3261;3277;3293;3309;3325;3341;3438;3454;3470;3486;3502;3518
ccib.f90,CC_SCALARS::GET_LINKED_VELOCITIES,runtime+setup,no,other_mesh,MESHES(NOM),M2,FCVAR,MESH_TYPE,read,24,3262,3262;3263;3278;3279;3294;3295;3310;3311;3326;3327;3342;3343;3439;3440;3455;3456;3471;3472;3487;3488;3503;3504;3519;3520
ccib.f90,CC_SCALARS::GET_LINKED_VELOCITIES,runtime+setup,no,other_mesh,MESHES(NOM),M2,CUT_FACE,MESH_TYPE,ptr_target,12,3265,3265;3281;3297;3313;3329;3345;3442;3458;3474;3490;3506;3522
ccib.f90,CC_SCALARS::GET_PRES_CFACE_BCS,runtime,no,other_mesh,MESHES(NOM),M2,(whole),MESH_TYPE,ptr_bind,1,2325,2325
ccib.f90,CC_SCALARS::GET_PRES_CFACE_BCS,runtime,no,other_mesh,MESHES(NOM),M2,CELL,MESH_TYPE,arg,6,2335,2335;2365;2395;2425;2455;2485
ccib.f90,CC_SCALARS::GET_PRES_CFACE_BCS,runtime,no,other_mesh,MESHES(NOM),M2,CELL_INDEX,MESH_TYPE,read,6,2335,2335;2365;2395;2425;2455;2485
ccib.f90,CC_SCALARS::GET_PRES_CFACE_BCS,runtime,no,other_mesh,MESHES(NOM),M2,FCVAR,MESH_TYPE,read,12,2336,2336;2338;2366;2368;2396;2398;2426;2428;2456;2458;2486;2488
ccib.f90,CC_SCALARS::GET_PRES_CFACE_BCS,runtime,no,other_mesh,MESHES(NOM),M2,CUT_FACE,MESH_TYPE,ptr_target,6,2340,2340;2370;2400;2430;2460;2490
ccib.f90,CC_SCALARS::GET_PRES_CFACE_BCS,runtime,no,other_mesh,MESHES(NOM),M2,DY,MESH_TYPE,read,6,2347,2347;2377;2408;2438;2467;2497
ccib.f90,CC_SCALARS::GET_PRES_CFACE_BCS,runtime,no,other_mesh,MESHES(NOM),M2,DZ,MESH_TYPE,read,6,2347,2347;2377;2407;2437;2468;2498
ccib.f90,CC_SCALARS::GET_PRES_CFACE_BCS,runtime,no,other_mesh,MESHES(NOM),M2,DX,MESH_TYPE,read,6,2348,2348;2378;2407;2437;2467;2497
dump.f90,DUMP::DUMP_SLCF,runtime+setup,no,other_mesh,MESHES(NOM),M2,(whole),MESH_TYPE,ptr_bind,1,6793,6793
dump.f90,DUMP::DUMP_SLCF,runtime+setup,no,other_mesh,MESHES(NOM),M2,CELL_INDEX,MESH_TYPE,read,1,6794,6794
dump.f90,DUMP::DUMP_SLCF,runtime+setup,no,other_mesh,MESHES(NOM),M2,CELL,MESH_TYPE,arg,1,6795,6795
dump.f90,DUMP::DUMP_SLCF_VTK,runtime+setup,no,other_mesh,MESHES(NOM),M2,(whole),MESH_TYPE,ptr_bind,1,7412,7412
dump.f90,DUMP::DUMP_SLCF_VTK,runtime+setup,no,other_mesh,MESHES(NOM),M2,CELL_INDEX,MESH_TYPE,read,1,7413,7413
dump.f90,DUMP::DUMP_SLCF_VTK,runtime+setup,no,other_mesh,MESHES(NOM),M2,CELL,MESH_TYPE,arg,1,7414,7414
dump.f90,DUMP::INITIALIZE_MESH_DUMPS,setup,no,other_mesh,MESHES(NOM),M4,(whole),MESH_TYPE,ptr_bind,1,1390,1390
dump.f90,DUMP::INITIALIZE_MESH_DUMPS,setup,no,other_mesh,MESHES(NOM),M4,N_OBST,MESH_TYPE,read,1,1391,1391
dump.f90,DUMP::INITIALIZE_MESH_DUMPS,setup,no,other_mesh,MESHES(NOM),M4,OBSTRUCTION,MESH_TYPE,ptr_target,1,1393,1393
dump.f90,DUMP::WRITE_SMOKEVIEW_FILE,setup,no,other_mesh,MESHES(INT((N+1)/2)),M,(whole),MESH_TYPE,ptr_bind,1,2071,2071
dump.f90,DUMP::WRITE_SMOKEVIEW_FILE,setup,no,other_mesh,MESHES(INT((N+1)/2)),M,XS,MESH_TYPE,read,1,2072,2072
dump.f90,DUMP::WRITE_SMOKEVIEW_FILE,setup,no,other_mesh,MESHES(INT((N+1)/2)),M,XF,MESH_TYPE,read,1,2073,2073
dump.f90,DUMP::WRITE_SMOKEVIEW_FILE,setup,no,other_mesh,MESHES(INT((N+1)/2)),M,YS,MESH_TYPE,read,1,2074,2074
dump.f90,DUMP::WRITE_SMOKEVIEW_FILE,setup,no,other_mesh,MESHES(INT((N+1)/2)),M,YF,MESH_TYPE,read,1,2075,2075
dump.f90,DUMP::WRITE_SMOKEVIEW_FILE,setup,no,other_mesh,MESHES(INT((N+1)/2)),M,ZS,MESH_TYPE,read,1,2076,2076
dump.f90,DUMP::WRITE_SMOKEVIEW_FILE,setup,no,other_mesh,MESHES(INT((N+1)/2)),M,ZF,MESH_TYPE,read,1,2077,2077
dump.f90,DUMP::WRITE_SMOKEVIEW_FILE,setup,no,other_mesh,MESHES(INT((NX+1)/2)),MX,(whole),MESH_TYPE,ptr_bind,2,2103,2103;2151
dump.f90,DUMP::WRITE_SMOKEVIEW_FILE,setup,no,other_mesh,MESHES(INT((NX+1)/2)),MX,XS,MESH_TYPE,read,2,2104,2104;2152
dump.f90,DUMP::WRITE_SMOKEVIEW_FILE,setup,no,other_mesh,MESHES(INT((NX+1)/2)),MX,XF,MESH_TYPE,read,2,2105,2105;2153
dump.f90,DUMP::WRITE_SMOKEVIEW_FILE,setup,no,other_mesh,MESHES(INT((NY+1)/2)),MY,(whole),MESH_TYPE,ptr_bind,2,2107,2107;2203
dump.f90,DUMP::WRITE_SMOKEVIEW_FILE,setup,no,other_mesh,MESHES(INT((NY+1)/2)),MY,YS,MESH_TYPE,read,2,2108,2108;2204
dump.f90,DUMP::WRITE_SMOKEVIEW_FILE,setup,no,other_mesh,MESHES(INT((NY+1)/2)),MY,YF,MESH_TYPE,read,2,2109,2109;2205
dump.f90,DUMP::WRITE_SMOKEVIEW_FILE,setup,no,other_mesh,MESHES(INT((NY+1)/2)),MY,XS,MESH_TYPE,read,1,2110,2110
dump.f90,DUMP::WRITE_SMOKEVIEW_FILE,setup,no,other_mesh,MESHES(INT((NY+1)/2)),MY,XF,MESH_TYPE,read,1,2110,2110
dump.f90,DUMP::WRITE_SMOKEVIEW_FILE,setup,no,other_mesh,MESHES(INT((NX+1)/2)),MX,YS,MESH_TYPE,read,1,2110,2110
dump.f90,DUMP::WRITE_SMOKEVIEW_FILE,setup,no,other_mesh,MESHES(INT((NX+1)/2)),MX,YF,MESH_TYPE,read,1,2110,2110
dump.f90,DUMP::WRITE_SMOKEVIEW_FILE,setup,no,other_mesh,MESHES(INT((NX+1)/2)),MX,ZS,MESH_TYPE,arg,1,2111,2111
dump.f90,DUMP::WRITE_SMOKEVIEW_FILE,setup,no,other_mesh,MESHES(INT((NY+1)/2)),MY,ZS,MESH_TYPE,arg,1,2111,2111
dump.f90,DUMP::WRITE_SMOKEVIEW_FILE,setup,no,other_mesh,MESHES(INT((NX+1)/2)),MX,ZF,MESH_TYPE,arg,1,2112,2112
dump.f90,DUMP::WRITE_SMOKEVIEW_FILE,setup,no,other_mesh,MESHES(INT((NY+1)/2)),MY,ZF,MESH_TYPE,arg,1,2112,2112
dump.f90,DUMP::WRITE_SMOKEVIEW_FILE,setup,no,other_mesh,MESHES(INT((NZ+1)/2)),MZ,(whole),MESH_TYPE,ptr_bind,2,2155,2155;2199
dump.f90,DUMP::WRITE_SMOKEVIEW_FILE,setup,no,other_mesh,MESHES(INT((NZ+1)/2)),MZ,ZS,MESH_TYPE,read,2,2156,2156;2200
dump.f90,DUMP::WRITE_SMOKEVIEW_FILE,setup,no,other_mesh,MESHES(INT((NZ+1)/2)),MZ,ZF,MESH_TYPE,read,2,2157,2157;2201
dump.f90,DUMP::WRITE_SMOKEVIEW_FILE,setup,no,other_mesh,MESHES(INT((NZ+1)/2)),MZ,XS,MESH_TYPE,read,1,2158,2158
dump.f90,DUMP::WRITE_SMOKEVIEW_FILE,setup,no,other_mesh,MESHES(INT((NZ+1)/2)),MZ,XF,MESH_TYPE,read,1,2158,2158
dump.f90,DUMP::WRITE_SMOKEVIEW_FILE,setup,no,other_mesh,MESHES(INT((NX+1)/2)),MX,ZS,MESH_TYPE,read,1,2158,2158
dump.f90,DUMP::WRITE_SMOKEVIEW_FILE,setup,no,other_mesh,MESHES(INT((NX+1)/2)),MX,ZF,MESH_TYPE,read,1,2158,2158
dump.f90,DUMP::WRITE_SMOKEVIEW_FILE,setup,no,other_mesh,MESHES(INT((NX+1)/2)),MX,YS,MESH_TYPE,arg,1,2159,2159
dump.f90,DUMP::WRITE_SMOKEVIEW_FILE,setup,no,other_mesh,MESHES(INT((NZ+1)/2)),MZ,YS,MESH_TYPE,arg,1,2159,2159
dump.f90,DUMP::WRITE_SMOKEVIEW_FILE,setup,no,other_mesh,MESHES(INT((NX+1)/2)),MX,YF,MESH_TYPE,arg,1,2160,2160
dump.f90,DUMP::WRITE_SMOKEVIEW_FILE,setup,no,other_mesh,MESHES(INT((NZ+1)/2)),MZ,YF,MESH_TYPE,arg,1,2160,2160
dump.f90,DUMP::WRITE_SMOKEVIEW_FILE,setup,no,other_mesh,MESHES(INT((NY+1)/2)),MY,ZS,MESH_TYPE,read,1,2206,2206
dump.f90,DUMP::WRITE_SMOKEVIEW_FILE,setup,no,other_mesh,MESHES(INT((NY+1)/2)),MY,ZF,MESH_TYPE,read,1,2206,2206
dump.f90,DUMP::WRITE_SMOKEVIEW_FILE,setup,no,other_mesh,MESHES(INT((NZ+1)/2)),MZ,YS,MESH_TYPE,read,1,2206,2206
dump.f90,DUMP::WRITE_SMOKEVIEW_FILE,setup,no,other_mesh,MESHES(INT((NZ+1)/2)),MZ,YF,MESH_TYPE,read,1,2206,2206
dump.f90,DUMP::WRITE_SMOKEVIEW_FILE,setup,no,other_mesh,MESHES(INT((NZ+1)/2)),MZ,XS,MESH_TYPE,arg,1,2207,2207
dump.f90,DUMP::WRITE_SMOKEVIEW_FILE,setup,no,other_mesh,MESHES(INT((NY+1)/2)),MY,XS,MESH_TYPE,arg,1,2207,2207
dump.f90,DUMP::WRITE_SMOKEVIEW_FILE,setup,no,other_mesh,MESHES(INT((NZ+1)/2)),MZ,XF,MESH_TYPE,arg,1,2208,2208
dump.f90,DUMP::WRITE_SMOKEVIEW_FILE,setup,no,other_mesh,MESHES(INT((NY+1)/2)),MY,XF,MESH_TYPE,arg,1,2208,2208
func.f90,GEOMETRY_FUNCTIONS::FIND_WALL_INDEX,setup,no,other_mesh,MESHES(NNN),direct,IBAR,MESH_TYPE,read,1,5463,5463
func.f90,GEOMETRY_FUNCTIONS::FIND_WALL_INDEX,setup,no,other_mesh,MESHES(NNN),direct,JBAR,MESH_TYPE,read,1,5465,5465
func.f90,GEOMETRY_FUNCTIONS::FIND_WALL_INDEX,setup,no,other_mesh,MESHES(NNN),direct,KBAR,MESH_TYPE,read,1,5467,5467
func.f90,GEOMETRY_FUNCTIONS::FIND_WALL_INDEX,setup,no,other_mesh,MESHES(NNN),direct,XC,MESH_TYPE,read,1,5472,5472
func.f90,GEOMETRY_FUNCTIONS::FIND_WALL_INDEX,setup,no,other_mesh,MESHES(NNN),direct,YC,MESH_TYPE,read,1,5473,5473
func.f90,GEOMETRY_FUNCTIONS::FIND_WALL_INDEX,setup,no,other_mesh,MESHES(NNN),direct,ZC,MESH_TYPE,read,1,5474,5474
func.f90,GEOMETRY_FUNCTIONS::FIND_WALL_INDEX,setup,no,other_mesh,MESHES(NNN),direct,CELL_INDEX,MESH_TYPE,read,1,5478,5478
func.f90,GEOMETRY_FUNCTIONS::FIND_WALL_INDEX,setup,no,other_mesh,MESHES(NNN),direct,CELL,MESH_TYPE,arg,1,5479,5479
func.f90,GEOMETRY_FUNCTIONS::FIND_WALL_INDEX,setup,no,other_mesh,MESHES(NNN),direct,CELL,MESH_TYPE,read,1,5480,5480
func.f90,MEMORY_FUNCTIONS::EXCHANGE_GEOMETRY_INFO,runtime+setup,yes,other_mesh,MESHES(NOM),M4,(whole),MESH_TYPE,ptr_bind,1,5356,5356
func.f90,MEMORY_FUNCTIONS::EXCHANGE_GEOMETRY_INFO,runtime+setup,yes,other_mesh,MESHES(NOM),M4,CELL_INDEX,MESH_TYPE,inquiry,1,5357,5357
func.f90,MEMORY_FUNCTIONS::EXCHANGE_GEOMETRY_INFO,runtime+setup,yes,other_mesh,MESHES(NOM),M4,CELL_INDEX,MESH_TYPE,alloc,1,5357,5357
func.f90,MEMORY_FUNCTIONS::EXCHANGE_GEOMETRY_INFO,runtime+setup,yes,other_mesh,MESHES(NOM),M4,IBP1,MESH_TYPE,read,1,5357,5357
func.f90,MEMORY_FUNCTIONS::EXCHANGE_GEOMETRY_INFO,runtime+setup,yes,other_mesh,MESHES(NOM),M4,JBP1,MESH_TYPE,read,1,5357,5357
func.f90,MEMORY_FUNCTIONS::EXCHANGE_GEOMETRY_INFO,runtime+setup,yes,other_mesh,MESHES(NOM),M4,KBP1,MESH_TYPE,read,1,5357,5357
func.f90,MEMORY_FUNCTIONS::EXCHANGE_GEOMETRY_INFO,runtime+setup,yes,other_mesh,MESHES(NOM),M4,CELL,MESH_TYPE,inquiry,1,5358,5358
geom.f90,COMPLEX_GEOMETRY_GRID::ADD_NEIGHBOR_BLOCKED_CELLS,setup,no,other_mesh,MESHES(NOM),M2,(whole),MESH_TYPE,ptr_bind,1,13035,13035
geom.f90,COMPLEX_GEOMETRY_GRID::ADD_NEIGHBOR_BLOCKED_CELLS,setup,no,other_mesh,MESHES(NOM),M2,(whole),MESH_TYPE,arg,1,13036,13036
geom.f90,COMPLEX_GEOMETRY_GRID::CC_GRID_TAG_BLOCK_COARSE_CELL_CASE,setup,no,other_mesh,MESHES(NOM),M2,(whole),MESH_TYPE,ptr_bind,1,13492,13492
geom.f90,COMPLEX_GEOMETRY_GRID::CC_GRID_TAG_BLOCK_COARSE_CELL_CASE,setup,no,other_mesh,MESHES(NOM),M2,CCVAR,MESH_TYPE,read,3,13498,13498;13501;13502
geom.f90,COMPLEX_GEOMETRY_GRID::CC_GRID_TAG_BLOCK_FINE_CELL_CASE,setup,no,other_mesh,MESHES(NOM),M2,(whole),MESH_TYPE,ptr_bind,1,13453,13453
geom.f90,COMPLEX_GEOMETRY_GRID::CC_GRID_TAG_BLOCK_FINE_CELL_CASE,setup,no,other_mesh,MESHES(NOM),M2,CCVAR,MESH_TYPE,read,3,13455,13455;13457;13468
geom.f90,COMPLEX_GEOMETRY_GRID::CC_GRID_TAG_NONRAY_MULTI_COVER_WALL,setup,no,other_mesh,MESHES(NOM),M2,(whole),MESH_TYPE,ptr_bind,2,13306,13306;13339
geom.f90,COMPLEX_GEOMETRY_GRID::CC_GRID_TAG_NONRAY_MULTI_COVER_WALL,setup,no,other_mesh,MESHES(NOM),M2,FCVAR,MESH_TYPE,read,1,13334,13334
geom.f90,COMPLEX_GEOMETRY_GRID::CC_GRID_TAG_NONRAY_MULTI_COVER_WALL,setup,no,other_mesh,MESHES(NOM),M2,CCVAR,MESH_TYPE,read,3,13337,13337;13340;13342
geom.f90,COMPLEX_GEOMETRY_GRID::CC_GRID_TAG_NONRAY_MULTI_COVER_WALL,setup,no,other_mesh,MESHES(NOM),M2,CUT_CELL,MESH_TYPE,ptr_target,1,13343,13343
geom.f90,COMPLEX_GEOMETRY_GRID::CC_GRID_TAG_NONRAY_SINGLE_COVER_WALL,setup,no,other_mesh,MESHES(NOM),M2,(whole),MESH_TYPE,ptr_bind,1,13260,13260
geom.f90,COMPLEX_GEOMETRY_GRID::CC_GRID_TAG_NONRAY_SINGLE_COVER_WALL,setup,no,other_mesh,MESHES(NOM),M2,FCVAR,MESH_TYPE,read,1,13270,13270
geom.f90,COMPLEX_GEOMETRY_GRID::CC_GRID_TAG_RAYTRACE_MULTI_COVER_WALL,setup,no,other_mesh,MESHES(NOM),M2,(whole),MESH_TYPE,ptr_bind,1,13139,13139
geom.f90,COMPLEX_GEOMETRY_GRID::CC_GRID_TAG_RAYTRACE_MULTI_COVER_WALL,setup,no,other_mesh,MESHES(NOM),M2,KBAR,MESH_TYPE,read,1,13162,13162
geom.f90,COMPLEX_GEOMETRY_GRID::CC_GRID_TAG_RAYTRACE_MULTI_COVER_WALL,setup,no,other_mesh,MESHES(NOM),M2,IBAR,MESH_TYPE,read,1,13170,13170
geom.f90,COMPLEX_GEOMETRY_GRID::CC_GRID_TAG_RAYTRACE_MULTI_COVER_WALL,setup,no,other_mesh,MESHES(NOM),M2,JBAR,MESH_TYPE,read,1,13178,13178
geom.f90,COMPLEX_GEOMETRY_GRID::CELL_HAS_BLOCKED_CUTCELL,setup,no,other_mesh,MESHES(NM_LOC),direct,CCVAR,MESH_TYPE,read,1,8751,8751
geom.f90,COMPLEX_GEOMETRY_GRID::CELL_HAS_BLOCKED_CUTCELL,setup,no,other_mesh,MESHES(NM_LOC),direct,CUT_CELL,MESH_TYPE,read,1,8752,8752
geom.f90,COMPLEX_GEOMETRY_GRID::CHECK_WALL_CELL_PLANE_MATCH,setup,no,other_mesh,MESHES(NOM),M2,(whole),MESH_TYPE,ptr_bind,1,5529,5529
geom.f90,COMPLEX_GEOMETRY_GRID::CHECK_WALL_CELL_PLANE_MATCH,setup,no,other_mesh,MESHES(NOM),M2,X,MESH_TYPE,read,2,5531,5531;5532
geom.f90,COMPLEX_GEOMETRY_GRID::CHECK_WALL_CELL_PLANE_MATCH,setup,no,other_mesh,MESHES(NOM),M2,IBAR,MESH_TYPE,read,1,5531,5531
geom.f90,COMPLEX_GEOMETRY_GRID::CHECK_WALL_CELL_PLANE_MATCH,setup,no,other_mesh,MESHES(NOM),M2,Y,MESH_TYPE,read,2,5533,5533;5534
geom.f90,COMPLEX_GEOMETRY_GRID::CHECK_WALL_CELL_PLANE_MATCH,setup,no,other_mesh,MESHES(NOM),M2,JBAR,MESH_TYPE,read,1,5533,5533
geom.f90,COMPLEX_GEOMETRY_GRID::CHECK_WALL_CELL_PLANE_MATCH,setup,no,other_mesh,MESHES(NOM),M2,Z,MESH_TYPE,read,2,5535,5535;5536
geom.f90,COMPLEX_GEOMETRY_GRID::CHECK_WALL_CELL_PLANE_MATCH,setup,no,other_mesh,MESHES(NOM),M2,KBAR,MESH_TYPE,read,1,5535,5535
geom.f90,COMPLEX_GEOMETRY_GRID::FACE_INDEX_IN_BOUNDS,setup,no,other_mesh,MESHES(NM_LOC),direct,FCVAR,MESH_TYPE,inquiry,4,8852,8852;8853;8854;8855
geom.f90,COMPLEX_GEOMETRY_GRID::GET_BACK_CFACE_INDEX,setup,no,other_mesh,MESHES(NOM),direct,CCVAR,MESH_TYPE,inquiry,1,6809,6809
geom.f90,COMPLEX_GEOMETRY_GRID::GET_BACK_CFACE_INDEX,setup,no,other_mesh,MESHES(NOM),direct,IBAR,MESH_TYPE,arg,1,6821,6821
geom.f90,COMPLEX_GEOMETRY_GRID::GET_BACK_CFACE_INDEX,setup,no,other_mesh,MESHES(NOM),direct,JBAR,MESH_TYPE,arg,1,6822,6822
geom.f90,COMPLEX_GEOMETRY_GRID::GET_BACK_CFACE_INDEX,setup,no,other_mesh,MESHES(NOM),direct,KBAR,MESH_TYPE,arg,1,6823,6823
geom.f90,COMPLEX_GEOMETRY_GRID::GET_BACK_CFACE_INDEX,setup,no,other_mesh,MESHES(NOM),direct,CCVAR,MESH_TYPE,read,1,6832,6832
geom.f90,COMPLEX_GEOMETRY_GRID::GET_BACK_CFACE_INDEX,setup,no,other_mesh,MESHES(NOM),direct,CUT_FACE,MESH_TYPE,read,9,6835,6835;6837;6838;6839;6844;6845;6872;6873;6875
geom.f90,COMPLEX_GEOMETRY_GRID::GET_BACK_CFACE_INDEX,setup,no,other_mesh,MESHES(NOM),direct,CUT_FACE,MESH_TYPE,inquiry,1,6843,6843
geom.f90,COMPLEX_GEOMETRY_GRID::GET_BACK_CFACE_INDEX,setup,no,other_mesh,MESHES(NOM),direct,N_CUTFACE_MESH,MESH_TYPE,read,1,6871,6871
geom.f90,COMPLEX_GEOMETRY_GRID::GET_BLOCKING_CUTCELL_DONOR,setup,no,other_mesh,MESHES(NM_LOC),MT,(whole),MESH_TYPE,ptr_bind,1,8675,8675
geom.f90,COMPLEX_GEOMETRY_GRID::GET_BLOCKING_CUTCELL_DONOR,setup,no,other_mesh,MESHES(NM_LOC),MT,CUT_CELL,MESH_TYPE,read,18,8676,8676;8677;8683;8684;8685;8686;8687;8697;8698;8699;8704;8705;8719;8720;8721;8722;8723;8724
geom.f90,COMPLEX_GEOMETRY_GRID::GET_BLOCKING_CUTCELL_DONOR,setup,no,other_mesh,MESHES(NM_LOC),MT,CUT_CELL,MESH_TYPE,arg,1,8680,8680
geom.f90,COMPLEX_GEOMETRY_GRID::GET_BLOCKING_CUTCELL_DONOR,setup,no,other_mesh,MESHES(NM_LOC),MT,N_CUTFACE_MESH,MESH_TYPE,read,2,8688,8688;8725
geom.f90,COMPLEX_GEOMETRY_GRID::GET_BLOCKING_CUTCELL_DONOR,setup,no,other_mesh,MESHES(NM_LOC),MT,N_GCCUTFACE_MESH,MESH_TYPE,read,2,8688,8688;8725
geom.f90,COMPLEX_GEOMETRY_GRID::GET_BLOCKING_CUTCELL_DONOR,setup,no,other_mesh,MESHES(NM_LOC),MT,CUT_FACE,MESH_TYPE,inquiry,4,8689,8689;8690;8726;8727
geom.f90,COMPLEX_GEOMETRY_GRID::GET_BLOCKING_CUTCELL_DONOR,setup,no,other_mesh,MESHES(NM_LOC),MT,CUT_FACE,MESH_TYPE,arg,2,8691,8691;8728
geom.f90,COMPLEX_GEOMETRY_GRID::GET_BLOCKING_CUTCELL_DONOR,setup,no,other_mesh,MESHES(NM_LOC),MT,CCVAR,MESH_TYPE,read,2,8703,8703;8718
geom.f90,COMPLEX_GEOMETRY_GRID::GET_BLOCKING_CUTCELL_DONOR,setup,no,other_mesh,MESHES(NM_LOC),MT,CUT_CELL,MESH_TYPE,write_component,1,8740,8740
geom.f90,COMPLEX_GEOMETRY_GRID::GET_REFINEMENT_CELL_DONOR,setup,no,other_mesh,MESHES(NM_LOC),MT,(whole),MESH_TYPE,ptr_bind,1,8778,8778
geom.f90,COMPLEX_GEOMETRY_GRID::GET_REFINEMENT_CELL_DONOR,setup,no,other_mesh,MESHES(NM_LOC),MT,CCVAR,MESH_TYPE,read,3,8783,8783;8798;8811
geom.f90,COMPLEX_GEOMETRY_GRID::GET_REFINEMENT_CELL_DONOR,setup,no,other_mesh,MESHES(NM_LOC),MT,CUT_CELL,MESH_TYPE,read,12,8784,8784;8785;8786;8787;8799;8800;8812;8813;8814;8815;8816;8817
geom.f90,COMPLEX_GEOMETRY_GRID::GET_REFINEMENT_CELL_DONOR,setup,no,other_mesh,MESHES(NM_LOC),MT,N_CUTFACE_MESH,MESH_TYPE,read,1,8818,8818
geom.f90,COMPLEX_GEOMETRY_GRID::GET_REFINEMENT_CELL_DONOR,setup,no,other_mesh,MESHES(NM_LOC),MT,N_GCCUTFACE_MESH,MESH_TYPE,read,1,8818,8818
geom.f90,COMPLEX_GEOMETRY_GRID::GET_REFINEMENT_CELL_DONOR,setup,no,other_mesh,MESHES(NM_LOC),MT,CUT_FACE,MESH_TYPE,inquiry,2,8819,8819;8820
geom.f90,COMPLEX_GEOMETRY_GRID::GET_REFINEMENT_CELL_DONOR,setup,no,other_mesh,MESHES(NM_LOC),MT,CUT_FACE,MESH_TYPE,arg,1,8821,8821
geom.f90,COMPLEX_GEOMETRY_GRID::SET_GC_CUTCELLS_3D,setup,no,other_mesh,MESHES(NOM),direct,N_CUTFACE_MESH,MESH_TYPE,read,2,12411,12411;12488
geom.f90,COMPLEX_GEOMETRY_GRID::SET_GC_CUTCELLS_3D,setup,no,other_mesh,MESHES(NOM),direct,DY,MESH_TYPE,read,4,12420,12420;12422;12428;12430
geom.f90,COMPLEX_GEOMETRY_GRID::SET_GC_CUTCELLS_3D,setup,no,other_mesh,MESHES(NOM),direct,DZ,MESH_TYPE,read,4,12420,12420;12422;12424;12426
geom.f90,COMPLEX_GEOMETRY_GRID::SET_GC_CUTCELLS_3D,setup,no,other_mesh,MESHES(NOM),direct,DX,MESH_TYPE,read,4,12424,12424;12426;12428;12430
geom.f90,COMPLEX_GEOMETRY_GRID::SET_GC_CUTCELLS_3D,setup,no,other_mesh,MESHES(NOM),direct,FCVAR,MESH_TYPE,read,3,12432,12432;12435;12436
geom.f90,COMPLEX_GEOMETRY_GRID::SET_GC_CUTCELLS_3D,setup,no,other_mesh,MESHES(NOM),direct,CUT_FACE,MESH_TYPE,arg,1,12437,12437
geom.f90,COMPLEX_GEOMETRY_GRID::SET_GC_CUTCELLS_3D,setup,no,other_mesh,MESHES(NOM),direct,CUT_FACE,MESH_TYPE,read,1,12437,12437
geom.f90,COMPLEX_GEOMETRY_GRID::SET_GC_CUTCELLS_3D,setup,no,other_mesh,MESHES(NOM),direct,CCVAR,MESH_TYPE,read,6,12517,12517;12552;12568;12569;12608;12609
geom.f90,COMPLEX_GEOMETRY_GRID::SET_GC_CUTCELLS_3D,setup,no,other_mesh,MESHES(NOM),direct,XS,MESH_TYPE,read,2,12529,12529;12532
geom.f90,COMPLEX_GEOMETRY_GRID::SET_GC_CUTCELLS_3D,setup,no,other_mesh,MESHES(NOM),direct,XF,MESH_TYPE,read,2,12529,12529;12532
geom.f90,COMPLEX_GEOMETRY_GRID::SET_GC_CUTCELLS_3D,setup,no,other_mesh,MESHES(NOM),direct,YS,MESH_TYPE,read,2,12535,12535;12538
geom.f90,COMPLEX_GEOMETRY_GRID::SET_GC_CUTCELLS_3D,setup,no,other_mesh,MESHES(NOM),direct,YF,MESH_TYPE,read,2,12535,12535;12538
geom.f90,COMPLEX_GEOMETRY_GRID::SET_GC_CUTCELLS_3D,setup,no,other_mesh,MESHES(NOM),direct,ZS,MESH_TYPE,read,2,12541,12541;12544
geom.f90,COMPLEX_GEOMETRY_GRID::SET_GC_CUTCELLS_3D,setup,no,other_mesh,MESHES(NOM),direct,ZF,MESH_TYPE,read,2,12541,12541;12544
geom.f90,COMPLEX_GEOMETRY_GRID::SET_GC_CUTCELLS_3D,setup,no,other_mesh,MESHES(NOM),direct,CUT_CELL,MESH_TYPE,read,2,12572,12572;12615
geom.f90,COMPLEX_GEOMETRY_GRID::SET_REFINEMENT_CUTCELL_DONOR,setup,no,other_mesh,MESHES(NM_LOC),direct,CUT_CELL,MESH_TYPE,write_component,1,8841,8841
geom.f90,COMPLEX_GEOMETRY_GRID::TAG_CELL_BLOCKED_BY_REFINEMENT_FOOTPRINT,setup,no,other_mesh,MESHES(NM_LOC),MT,(whole),MESH_TYPE,ptr_bind,2,8873,8873;8919
geom.f90,COMPLEX_GEOMETRY_GRID::TAG_CELL_BLOCKED_BY_REFINEMENT_FOOTPRINT,setup,no,other_mesh,MESHES(NM_LOC),MT,CCVAR,MESH_TYPE,arg,1,8875,8875
geom.f90,COMPLEX_GEOMETRY_GRID::TAG_CELL_BLOCKED_BY_REFINEMENT_FOOTPRINT,setup,no,other_mesh,MESHES(NM_LOC),MT,CCVAR,MESH_TYPE,read,1,8879,8879
geom.f90,COMPLEX_GEOMETRY_GRID::TAG_CELL_BLOCKED_BY_REFINEMENT_FOOTPRINT,setup,no,other_mesh,MESHES(NM_LOC),MT,CUT_CELL,MESH_TYPE,read,2,8881,8881;8882
geom.f90,COMPLEX_GEOMETRY_GRID::TAG_CELL_BLOCKED_BY_REFINEMENT_FOOTPRINT,setup,no,other_mesh,MESHES(NM_LOC),MT,CUT_CELL,MESH_TYPE,write_component,3,8883,8883;8921;8922
geom.f90,COMPLEX_GEOMETRY_GRID::TAG_CELL_BLOCKED_BY_REFINEMENT_FOOTPRINT,setup,no,other_mesh,MESHES(NM_LOC),MT,DX,MESH_TYPE,read,1,8893,8893
geom.f90,COMPLEX_GEOMETRY_GRID::TAG_CELL_BLOCKED_BY_REFINEMENT_FOOTPRINT,setup,no,other_mesh,MESHES(NM_LOC),MT,DY,MESH_TYPE,read,1,8893,8893
geom.f90,COMPLEX_GEOMETRY_GRID::TAG_CELL_BLOCKED_BY_REFINEMENT_FOOTPRINT,setup,no,other_mesh,MESHES(NM_LOC),MT,DZ,MESH_TYPE,read,1,8893,8893
geom.f90,COMPLEX_GEOMETRY_GRID::TAG_CELL_BLOCKED_BY_REFINEMENT_FOOTPRINT,setup,no,other_mesh,MESHES(NM_LOC),MT,XC,MESH_TYPE,read,1,8895,8895
geom.f90,COMPLEX_GEOMETRY_GRID::TAG_CELL_BLOCKED_BY_REFINEMENT_FOOTPRINT,setup,no,other_mesh,MESHES(NM_LOC),MT,YC,MESH_TYPE,read,1,8895,8895
geom.f90,COMPLEX_GEOMETRY_GRID::TAG_CELL_BLOCKED_BY_REFINEMENT_FOOTPRINT,setup,no,other_mesh,MESHES(NM_LOC),MT,ZC,MESH_TYPE,read,1,8895,8895
geom.f90,COMPLEX_GEOMETRY_GRID::TAG_CELL_BLOCKED_BY_REFINEMENT_FOOTPRINT,setup,no,other_mesh,MESHES(NM_LOC),MT,FCVAR,MESH_TYPE,read,2,8902,8902;8909
geom.f90,COMPLEX_GEOMETRY_GRID::TAG_CELL_BLOCKED_BY_REFINEMENT_FOOTPRINT,setup,no,other_mesh,MESHES(NM_LOC),MT,CUT_CELL,MESH_TYPE,arg,5,8923,8923;8924;8925;8926;8927
geom.f90,COMPLEX_GEOMETRY_GRID::TAG_FINE_CELLS_IN_COARSE_CELL_VOLUME,setup,no,other_mesh,MESHES(NM_COARSE),MC,(whole),MESH_TYPE,ptr_bind,1,8941,8941
geom.f90,COMPLEX_GEOMETRY_GRID::TAG_FINE_CELLS_IN_COARSE_CELL_VOLUME,setup,no,other_mesh,MESHES(NM_FINE),MF,(whole),MESH_TYPE,ptr_bind,1,8942,8942
geom.f90,COMPLEX_GEOMETRY_GRID::TAG_FINE_CELLS_IN_COARSE_CELL_VOLUME,setup,no,other_mesh,MESHES(NM_COARSE),MC,X,MESH_TYPE,read,1,8943,8943
geom.f90,COMPLEX_GEOMETRY_GRID::TAG_FINE_CELLS_IN_COARSE_CELL_VOLUME,setup,no,other_mesh,MESHES(NM_COARSE),MC,Y,MESH_TYPE,read,1,8944,8944
geom.f90,COMPLEX_GEOMETRY_GRID::TAG_FINE_CELLS_IN_COARSE_CELL_VOLUME,setup,no,other_mesh,MESHES(NM_COARSE),MC,Z,MESH_TYPE,read,1,8945,8945
geom.f90,COMPLEX_GEOMETRY_GRID::TAG_FINE_CELLS_IN_COARSE_CELL_VOLUME,setup,no,other_mesh,MESHES(NM_FINE),MF,KBP1,MESH_TYPE,read,1,8947,8947
geom.f90,COMPLEX_GEOMETRY_GRID::TAG_FINE_CELLS_IN_COARSE_CELL_VOLUME,setup,no,other_mesh,MESHES(NM_FINE),MF,ZC,MESH_TYPE,read,1,8948,8948
geom.f90,COMPLEX_GEOMETRY_GRID::TAG_FINE_CELLS_IN_COARSE_CELL_VOLUME,setup,no,other_mesh,MESHES(NM_FINE),MF,JBP1,MESH_TYPE,read,1,8949,8949
geom.f90,COMPLEX_GEOMETRY_GRID::TAG_FINE_CELLS_IN_COARSE_CELL_VOLUME,setup,no,other_mesh,MESHES(NM_FINE),MF,YC,MESH_TYPE,read,1,8950,8950
geom.f90,COMPLEX_GEOMETRY_GRID::TAG_FINE_CELLS_IN_COARSE_CELL_VOLUME,setup,no,other_mesh,MESHES(NM_FINE),MF,IBP1,MESH_TYPE,read,1,8951,8951
geom.f90,COMPLEX_GEOMETRY_GRID::TAG_FINE_CELLS_IN_COARSE_CELL_VOLUME,setup,no,other_mesh,MESHES(NM_FINE),MF,IBAR,MESH_TYPE,read,1,8952,8952
geom.f90,COMPLEX_GEOMETRY_GRID::TAG_FINE_CELLS_IN_COARSE_CELL_VOLUME,setup,no,other_mesh,MESHES(NM_FINE),MF,JBAR,MESH_TYPE,read,1,8953,8953
geom.f90,COMPLEX_GEOMETRY_GRID::TAG_FINE_CELLS_IN_COARSE_CELL_VOLUME,setup,no,other_mesh,MESHES(NM_FINE),MF,KBAR,MESH_TYPE,read,1,8954,8954
geom.f90,COMPLEX_GEOMETRY_GRID::TAG_FINE_CELLS_IN_COARSE_CELL_VOLUME,setup,no,other_mesh,MESHES(NM_FINE),MF,XC,MESH_TYPE,read,1,8955,8955
geom.f90,COMPLEX_GEOMETRY_GRID::TEST_CC_FOR_BLOCKING,setup,no,other_mesh,MESHES(NOM),M2,(whole),MESH_TYPE,ptr_bind,1,13549,13549
geom.f90,COMPLEX_GEOMETRY_GRID::TEST_CC_FOR_BLOCKING,setup,no,other_mesh,MESHES(NOM),M2,CCVAR,MESH_TYPE,read,1,13552,13552
geom.f90,COMPLEX_GEOMETRY_GRID::TEST_CC_FOR_BLOCKING,setup,no,other_mesh,MESHES(NOM),M2,CUT_CELL,MESH_TYPE,ptr_target,1,13555,13555
geom.f90,COMPLEX_GEOMETRY_GRID::TEST_CC_FOR_BLOCKING,setup,no,other_mesh,MESHES(NOM),M2,CUT_FACE,MESH_TYPE,ptr_target,1,13556,13556
geom.f90,COMPLEX_GEOMETRY_GRID::TEST_CC_FOR_BLOCKING,setup,no,other_mesh,MESHES(NOM),M2,FCVAR,MESH_TYPE,arg,6,13563,13563;13572;13582;13592;13602;13612
geom.f90,COMPLEX_GEOMETRY_GRID::TEST_CC_FOR_BLOCKING,setup,no,other_mesh,MESHES(NOM),M2,X,MESH_TYPE,read,6,13566,13566;13569;13575;13578;13645;13646
geom.f90,COMPLEX_GEOMETRY_GRID::TEST_CC_FOR_BLOCKING,setup,no,other_mesh,MESHES(NOM),M2,DX,MESH_TYPE,read,6,13566,13566;13569;13575;13578;13645;13646
geom.f90,COMPLEX_GEOMETRY_GRID::TEST_CC_FOR_BLOCKING,setup,no,other_mesh,MESHES(NOM),M2,IBP1,MESH_TYPE,read,3,13575,13575;13578;13646
geom.f90,COMPLEX_GEOMETRY_GRID::TEST_CC_FOR_BLOCKING,setup,no,other_mesh,MESHES(NOM),M2,Y,MESH_TYPE,read,6,13585,13585;13588;13595;13598;13647;13648
geom.f90,COMPLEX_GEOMETRY_GRID::TEST_CC_FOR_BLOCKING,setup,no,other_mesh,MESHES(NOM),M2,DY,MESH_TYPE,read,6,13585,13585;13588;13595;13598;13647;13648
geom.f90,COMPLEX_GEOMETRY_GRID::TEST_CC_FOR_BLOCKING,setup,no,other_mesh,MESHES(NOM),M2,JBP1,MESH_TYPE,read,3,13595,13595;13598;13648
geom.f90,COMPLEX_GEOMETRY_GRID::TEST_CC_FOR_BLOCKING,setup,no,other_mesh,MESHES(NOM),M2,Z,MESH_TYPE,read,6,13605,13605;13608;13615;13618;13649;13650
geom.f90,COMPLEX_GEOMETRY_GRID::TEST_CC_FOR_BLOCKING,setup,no,other_mesh,MESHES(NOM),M2,DZ,MESH_TYPE,read,6,13605,13605;13608;13615;13618;13649;13650
geom.f90,COMPLEX_GEOMETRY_GRID::TEST_CC_FOR_BLOCKING,setup,no,other_mesh,MESHES(NOM),M2,KBP1,MESH_TYPE,read,3,13615,13615;13618;13650
init.f90,INIT::FIND_THIN_WALL_BACK_INDEX,setup,no,other_mesh,MESHES(NOM),OM,(whole),MESH_TYPE,ptr_bind,2,4342,4342;4392
init.f90,INIT::FIND_THIN_WALL_BACK_INDEX,setup,no,other_mesh,MESHES(NOM),OM,IBAR,MESH_TYPE,read,2,4380,4380;4385
init.f90,INIT::FIND_THIN_WALL_BACK_INDEX,setup,no,other_mesh,MESHES(NOM),OM,JBAR,MESH_TYPE,read,2,4381,4381;4387
init.f90,INIT::FIND_THIN_WALL_BACK_INDEX,setup,no,other_mesh,MESHES(NOM),OM,KBAR,MESH_TYPE,read,2,4382,4382;4389
init.f90,INIT::FIND_THIN_WALL_BACK_INDEX,setup,no,other_mesh,MESHES(NOM),OM,XC,MESH_TYPE,read,1,4383,4383
init.f90,INIT::FIND_THIN_WALL_BACK_INDEX,setup,no,other_mesh,MESHES(NOM),OM,YC,MESH_TYPE,read,1,4383,4383
init.f90,INIT::FIND_THIN_WALL_BACK_INDEX,setup,no,other_mesh,MESHES(NOM),OM,ZC,MESH_TYPE,read,1,4383,4383
init.f90,INIT::FIND_THIN_WALL_BACK_INDEX,setup,no,other_mesh,MESHES(NOM),OM,X,MESH_TYPE,read,2,4384,4384;4385
init.f90,INIT::FIND_THIN_WALL_BACK_INDEX,setup,no,other_mesh,MESHES(NOM),OM,Y,MESH_TYPE,read,2,4386,4386;4387
init.f90,INIT::FIND_THIN_WALL_BACK_INDEX,setup,no,other_mesh,MESHES(NOM),OM,Z,MESH_TYPE,read,2,4388,4388;4389
init.f90,INIT::FIND_THIN_WALL_BACK_INDEX,setup,no,other_mesh,MESHES(NOM),OM,CELL_INDEX,MESH_TYPE,read,1,4397,4397
init.f90,INIT::FIND_THIN_WALL_BACK_INDEX,setup,no,other_mesh,MESHES(NOM),OM,CELL,MESH_TYPE,read,3,4398,4398;4400;4402
init.f90,INIT::FIND_WALL_BACK_INDEX,setup,no,other_mesh,MESHES(NOM),OM,(whole),MESH_TYPE,ptr_bind,2,3918,3918;3955
init.f90,INIT::FIND_WALL_BACK_INDEX,setup,no,other_mesh,MESHES(NOM),OM_PREV,(whole),MESH_TYPE,ptr_bind,2,3919,3919;3942
init.f90,INIT::FIND_WALL_BACK_INDEX,setup,no,other_mesh,MESHES(NOM),OM,IBP1,MESH_TYPE,read,2,3944,3944;3947
init.f90,INIT::FIND_WALL_BACK_INDEX,setup,no,other_mesh,MESHES(NOM),OM,JBP1,MESH_TYPE,read,2,3944,3944;3949
init.f90,INIT::FIND_WALL_BACK_INDEX,setup,no,other_mesh,MESHES(NOM),OM,KBP1,MESH_TYPE,read,2,3944,3944;3951
init.f90,INIT::FIND_WALL_BACK_INDEX,setup,no,other_mesh,MESHES(NOM),OM,XC,MESH_TYPE,read,1,3945,3945
init.f90,INIT::FIND_WALL_BACK_INDEX,setup,no,other_mesh,MESHES(NOM),OM,YC,MESH_TYPE,read,1,3945,3945
init.f90,INIT::FIND_WALL_BACK_INDEX,setup,no,other_mesh,MESHES(NOM),OM,ZC,MESH_TYPE,read,1,3945,3945
init.f90,INIT::FIND_WALL_BACK_INDEX,setup,no,other_mesh,MESHES(NOM),OM,X,MESH_TYPE,read,4,3946,3946;3947;3966;3967
init.f90,INIT::FIND_WALL_BACK_INDEX,setup,no,other_mesh,MESHES(NOM),OM,Y,MESH_TYPE,read,4,3948,3948;3949;3968;3969
init.f90,INIT::FIND_WALL_BACK_INDEX,setup,no,other_mesh,MESHES(NOM),OM,Z,MESH_TYPE,read,4,3950,3950;3951;3970;3971
init.f90,INIT::FIND_WALL_BACK_INDEX,setup,no,other_mesh,MESHES(NOM),OM,CELL_INDEX,MESH_TYPE,read,1,3974,3974
init.f90,INIT::FIND_WALL_BACK_INDEX,setup,no,other_mesh,MESHES(NOM),OM,CELL,MESH_TYPE,read,4,3984,3984;4084;4085;4087
init.f90,INIT::FIND_WALL_BACK_INDEX,setup,no,other_mesh,MESHES(NOM),OM,N_OBST,MESH_TYPE,read,1,3990,3990
init.f90,INIT::FIND_WALL_BACK_INDEX,setup,no,other_mesh,MESHES(NOM),OM,OBSTRUCTION,MESH_TYPE,ptr_target,2,3991,3991;4006
init.f90,INIT::FIND_WALL_BACK_INDEX,setup,no,other_mesh,MESHES(NOM),OM_PREV,OBSTRUCTION,MESH_TYPE,ptr_target,1,4047,4047
init.f90,INIT::FIND_WALL_BACK_INDICES,setup,no,other_mesh,MESHES(NOM),M4,(whole),MESH_TYPE,ptr_bind,2,3790,3790;3838
init.f90,INIT::FIND_WALL_BACK_INDICES,setup,no,other_mesh,MESHES(NOM),M4,XF,MESH_TYPE,read,2,3791,3791;3800
init.f90,INIT::FIND_WALL_BACK_INDICES,setup,no,other_mesh,MESHES(NOM),M4,XS,MESH_TYPE,read,2,3791,3791;3801
init.f90,INIT::FIND_WALL_BACK_INDICES,setup,no,other_mesh,MESHES(NOM),M4,YF,MESH_TYPE,read,2,3792,3792;3802
init.f90,INIT::FIND_WALL_BACK_INDICES,setup,no,other_mesh,MESHES(NOM),M4,YS,MESH_TYPE,read,2,3792,3792;3803
init.f90,INIT::FIND_WALL_BACK_INDICES,setup,no,other_mesh,MESHES(NOM),M4,ZF,MESH_TYPE,read,2,3793,3793;3804
init.f90,INIT::FIND_WALL_BACK_INDICES,setup,no,other_mesh,MESHES(NOM),M4,ZS,MESH_TYPE,read,2,3793,3793;3805
init.f90,INIT::FIND_WALL_BACK_INDICES,setup,no,other_mesh,MESHES(NOM),M4,CELL,MESH_TYPE,arg,1,3796,3796
init.f90,INIT::FIND_WALL_BACK_INDICES,setup,no,other_mesh,MESHES(NOM),M4,CELL,MESH_TYPE,read,8,3799,3799;3812;3820;3821;3844;3846;3855;3856
init.f90,INIT::INITIALIZE_HT3D_WALL_CELLS,setup,no,other_mesh,MESHES(NN),direct,CELL_INDEX,MESH_TYPE,read,1,1922,1922
init.f90,INIT::INITIALIZE_HT3D_WALL_CELLS,setup,no,other_mesh,MESHES(NN),direct,CELL,MESH_TYPE,arg,1,1923,1923
init.f90,INIT::INITIALIZE_MESH_VARIABLES_2,setup,no,other_mesh,MESHES(M%EXTERNAL_WALL(IW)%NOM),OM,(whole),MESH_TYPE,ptr_bind,1,1091,1091
init.f90,INIT::INITIALIZE_MESH_VARIABLES_2,setup,no,other_mesh,MESHES(M%EXTERNAL_WALL(IW)%NOM),OM,CELL_INDEX,MESH_TYPE,read,1,1092,1092
init.f90,INIT::INITIALIZE_MESH_VARIABLES_2,setup,no,other_mesh,MESHES(M%EXTERNAL_WALL(IW)%NOM),OM,CELL,MESH_TYPE,read,1,1093,1093
init.f90,INIT::INITIALIZE_MESH_VARIABLES_2::DEFINE_EDGE,setup,no,other_mesh,MESHES(NOM),MM,(whole),MESH_TYPE,ptr_bind,6,1463,1463;1472;1501;1509;1538;1547
init.f90,INIT::INITIALIZE_MESH_VARIABLES_2::DEFINE_EDGE,setup,no,other_mesh,MESHES(NOM),MM,KBAR,MESH_TYPE,arg,4,1464,1464;1465;1502;1503
init.f90,INIT::INITIALIZE_MESH_VARIABLES_2::DEFINE_EDGE,setup,no,other_mesh,MESHES(NOM),MM,CELLSK,MESH_TYPE,read,2,1464,1464;1502
init.f90,INIT::INITIALIZE_MESH_VARIABLES_2::DEFINE_EDGE,setup,no,other_mesh,MESHES(NOM),MM,ZS,MESH_TYPE,read,2,1464,1464;1502
init.f90,INIT::INITIALIZE_MESH_VARIABLES_2::DEFINE_EDGE,setup,no,other_mesh,MESHES(NOM),MM,RDZINT,MESH_TYPE,read,2,1464,1464;1502
init.f90,INIT::INITIALIZE_MESH_VARIABLES_2::DEFINE_EDGE,setup,no,other_mesh,MESHES(NOM),MM,JBAR,MESH_TYPE,arg,4,1473,1473;1474;1539;1540
init.f90,INIT::INITIALIZE_MESH_VARIABLES_2::DEFINE_EDGE,setup,no,other_mesh,MESHES(NOM),MM,CELLSJ,MESH_TYPE,read,2,1473,1473;1539
init.f90,INIT::INITIALIZE_MESH_VARIABLES_2::DEFINE_EDGE,setup,no,other_mesh,MESHES(NOM),MM,YS,MESH_TYPE,read,2,1473,1473;1539
init.f90,INIT::INITIALIZE_MESH_VARIABLES_2::DEFINE_EDGE,setup,no,other_mesh,MESHES(NOM),MM,RDYINT,MESH_TYPE,read,2,1473,1473;1539
init.f90,INIT::INITIALIZE_MESH_VARIABLES_2::DEFINE_EDGE,setup,no,other_mesh,MESHES(NOM),MM,IBAR,MESH_TYPE,arg,4,1510,1510;1511;1548;1549
init.f90,INIT::INITIALIZE_MESH_VARIABLES_2::DEFINE_EDGE,setup,no,other_mesh,MESHES(NOM),MM,CELLSI,MESH_TYPE,read,2,1510,1510;1548
init.f90,INIT::INITIALIZE_MESH_VARIABLES_2::DEFINE_EDGE,setup,no,other_mesh,MESHES(NOM),MM,XS,MESH_TYPE,read,2,1510,1510;1548
init.f90,INIT::INITIALIZE_MESH_VARIABLES_2::DEFINE_EDGE,setup,no,other_mesh,MESHES(NOM),MM,RDXINT,MESH_TYPE,read,2,1510,1510;1548
init.f90,INIT::INITIALIZE_MESH_VARIABLES_2::INITIALIZE_INTERPOLATION,setup,no,other_mesh,MESHES(NOM),M2,(whole),MESH_TYPE,ptr_bind,1,1577,1577
init.f90,INIT::INITIALIZE_MESH_VARIABLES_2::INITIALIZE_INTERPOLATION,setup,no,other_mesh,MESHES(NOM),M2,XS,MESH_TYPE,read,1,1578,1578
init.f90,INIT::INITIALIZE_MESH_VARIABLES_2::INITIALIZE_INTERPOLATION,setup,no,other_mesh,MESHES(NOM),M2,XF,MESH_TYPE,read,1,1578,1578
init.f90,INIT::INITIALIZE_MESH_VARIABLES_2::INITIALIZE_INTERPOLATION,setup,no,other_mesh,MESHES(NOM),M2,YS,MESH_TYPE,read,1,1579,1579
init.f90,INIT::INITIALIZE_MESH_VARIABLES_2::INITIALIZE_INTERPOLATION,setup,no,other_mesh,MESHES(NOM),M2,YF,MESH_TYPE,read,1,1579,1579
init.f90,INIT::INITIALIZE_MESH_VARIABLES_2::INITIALIZE_INTERPOLATION,setup,no,other_mesh,MESHES(NOM),M2,ZS,MESH_TYPE,read,1,1580,1580
init.f90,INIT::INITIALIZE_MESH_VARIABLES_2::INITIALIZE_INTERPOLATION,setup,no,other_mesh,MESHES(NOM),M2,ZF,MESH_TYPE,read,1,1580,1580
init.f90,INIT::INIT_WALL_CELL,runtime+setup,no,other_mesh,MESHES(NOM),MM,(whole),MESH_TYPE,ptr_bind,1,3192,3192
init.f90,INIT::INIT_WALL_CELL,runtime+setup,no,other_mesh,MESHES(NOM),MM,DX,MESH_TYPE,read,6,3194,3194;3195;3215;3216;3218;3219
init.f90,INIT::INIT_WALL_CELL,runtime+setup,no,other_mesh,MESHES(NOM),MM,X,MESH_TYPE,read,1,3195,3195
init.f90,INIT::INIT_WALL_CELL,runtime+setup,no,other_mesh,MESHES(NOM),MM,DY,MESH_TYPE,read,6,3197,3197;3198;3212;3213;3218;3219
init.f90,INIT::INIT_WALL_CELL,runtime+setup,no,other_mesh,MESHES(NOM),MM,Y,MESH_TYPE,read,1,3198,3198
init.f90,INIT::INIT_WALL_CELL,runtime+setup,no,other_mesh,MESHES(NOM),MM,DZ,MESH_TYPE,read,6,3200,3200;3201;3212;3213;3215;3216
init.f90,INIT::INIT_WALL_CELL,runtime+setup,no,other_mesh,MESHES(NOM),MM,Z,MESH_TYPE,read,1,3201,3201
init.f90,INIT::INIT_WALL_CELL,runtime+setup,no,other_mesh,MESHES(NOM),MM,CELL_INDEX,MESH_TYPE,read,1,3249,3249
init.f90,INIT::INIT_WALL_CELL,runtime+setup,no,other_mesh,MESHES(NOM),MM,CELL,MESH_TYPE,read,3,3252,3252;3256;3268
init.f90,INIT::INIT_WALL_CELL,runtime+setup,no,other_mesh,MESHES(NOM),MM,CELL,MESH_TYPE,arg,3,3257,3257;3258;3269
init.f90,INIT::INIT_WALL_CELL,runtime+setup,no,other_mesh,MESHES(NOM),MM,OBSTRUCTION,MESH_TYPE,read,2,3258,3258;3269
init.f90,INIT::REASSIGN_WALL_CELLS,runtime+setup,no,other_mesh,MESHES(NOM),MM,(whole),MESH_TYPE,ptr_bind,1,4923,4923
init.f90,INIT::REASSIGN_WALL_CELLS,runtime+setup,no,other_mesh,MESHES(NOM),MM,CELL,MESH_TYPE,read,1,4927,4927
init.f90,INIT::REASSIGN_WALL_CELLS,runtime+setup,no,other_mesh,MESHES(NOM),MM,CELL_INDEX,MESH_TYPE,read,1,4927,4927
init.f90,INIT::REASSIGN_WALL_CELLS::GET_BOUNDARY_TYPE,runtime+setup,no,other_mesh,MESHES(NOM),direct,WALL,MESH_TYPE,inquiry,1,5163,5163
init.f90,INIT::REASSIGN_WALL_CELLS::GET_BOUNDARY_TYPE,runtime+setup,no,other_mesh,MESHES(NOM),direct,CELL_INDEX,MESH_TYPE,read,1,5167,5167
init.f90,INIT::REASSIGN_WALL_CELLS::GET_BOUNDARY_TYPE,runtime+setup,no,other_mesh,MESHES(NOM),direct,CELL,MESH_TYPE,read,2,5168,5168;5185
init.f90,INIT::REASSIGN_WALL_CELLS::GET_BOUNDARY_TYPE,runtime+setup,no,other_mesh,MESHES(NOM),direct,CELL,MESH_TYPE,arg,1,5178,5178
init.f90,INIT::REASSIGN_WALL_CELLS::GET_BOUNDARY_TYPE,runtime+setup,no,other_mesh,MESHES(NOM),direct,WALL,MESH_TYPE,ptr_target,1,5179,5179
init.f90,INIT::REASSIGN_WALL_CELLS::GET_BOUNDARY_TYPE,runtime+setup,no,other_mesh,MESHES(NOM),direct,BOUNDARY_PROP1,MESH_TYPE,ptr_target,1,5183,5183
init.f90,INIT::REASSIGN_WALL_CELLS::GET_BOUNDARY_TYPE,runtime+setup,no,other_mesh,MESHES(NOM),direct,BOUNDARY_ONE_D,MESH_TYPE,read,1,5188,5188
init.f90,INIT::REASSIGN_WALL_CELLS::GET_BOUNDARY_TYPE,runtime+setup,no,other_mesh,MESHES(NOM),direct,BOUNDARY_ONE_D,MESH_TYPE,ptr_target,1,5193,5193
main.f90,FDS,setup(program body),no,other_mesh,MESHES(LOWER_MESH_INDEX),direct,RAD_CALL_COUNTER,MESH_TYPE,arg,1,492,492
main.f90,FDS,runtime(MAIN_LOOP),no,other_mesh,MESHES(LOWER_MESH_INDEX),direct,RAD_CALL_COUNTER,MESH_TYPE,read,1,1024,1024
main.f90,FDS::EXCHANGE_GLOBAL_OUTPUTS,runtime+setup,yes,other_mesh,MESHES(DV%MESH),M,(whole),MESH_TYPE,ptr_bind,1,4572,4572
main.f90,FDS::EXCHANGE_GLOBAL_OUTPUTS,runtime+setup,yes,other_mesh,MESHES(DV%MESH),M,N_STRINGS,MESH_TYPE,read,5,4573,4573;4576;4577;4578;4579
main.f90,FDS::EXCHANGE_GLOBAL_OUTPUTS,runtime+setup,yes,other_mesh,MESHES(DV%MESH),M,N_STRINGS_MAX,MESH_TYPE,read,1,4573,4573
main.f90,FDS::EXCHANGE_GLOBAL_OUTPUTS,runtime+setup,yes,other_mesh,MESHES(DV%MESH),M,N_STRINGS,MESH_TYPE,write,2,4576,4576;4578
main.f90,FDS::EXCHANGE_GLOBAL_OUTPUTS,runtime+setup,yes,other_mesh,MESHES(DV%MESH),M,STRING,MESH_TYPE,arg,2,4577,4577;4579
main.f90,FDS::MESH_EXCHANGE,runtime+setup,yes,other_mesh,MESHES(NOM),direct,WALL,MESH_TYPE,ptr_target,1,3844,3844
main.f90,FDS::MESH_EXCHANGE,runtime+setup,yes,other_mesh,MESHES(NOM),direct,THIN_WALL,MESH_TYPE,ptr_target,1,3857,3857
main.f90,FDS::MESH_EXCHANGE,runtime+setup,yes,other_mesh,MESHES(NOM),M4,(whole),MESH_TYPE,ptr_bind,1,3961,3961
main.f90,FDS::MESH_EXCHANGE,runtime+setup,yes,other_mesh,MESHES(NOM),M4,OBSTRUCTION,MESH_TYPE,write_component,1,3964,3964
main.f90,FDS::MPI_INITIALIZATION_CHORES,setup,yes,other_mesh,MESHES(NM-1),direct,IBAR,MESH_TYPE,read,1,1316,1316
main.f90,FDS::MPI_INITIALIZATION_CHORES,setup,yes,other_mesh,MESHES(NOM),M4,(whole),MESH_TYPE,ptr_bind,1,1353,1353
main.f90,FDS::MPI_INITIALIZATION_CHORES,setup,yes,other_mesh,MESHES(NOM),M4,PRESSURE_ZONE,MESH_TYPE,inquiry,1,1354,1354
main.f90,FDS::MPI_INITIALIZATION_CHORES,setup,yes,other_mesh,MESHES(NOM),M4,PRESSURE_ZONE,MESH_TYPE,alloc,1,1355,1355
main.f90,FDS::MPI_INITIALIZATION_CHORES,setup,yes,other_mesh,MESHES(NOM),M4,IBP1,MESH_TYPE,read,1,1355,1355
main.f90,FDS::MPI_INITIALIZATION_CHORES,setup,yes,other_mesh,MESHES(NOM),M4,JBP1,MESH_TYPE,read,1,1355,1355
main.f90,FDS::MPI_INITIALIZATION_CHORES,setup,yes,other_mesh,MESHES(NOM),M4,KBP1,MESH_TYPE,read,1,1355,1355
main.f90,FDS::MPI_INITIALIZATION_CHORES,setup,yes,other_mesh,MESHES(NOM),M4,PRESSURE_ZONE,MESH_TYPE,write,1,1356,1356
main.f90,FDS::ZONE_BOUNDARY_EXCHANGE,setup,yes,other_mesh,MESHES(NOM),OM,(whole),MESH_TYPE,ptr_bind,1,2893,2893
main.f90,FDS::ZONE_BOUNDARY_EXCHANGE,setup,yes,other_mesh,MESHES(NOM),OM,PRESSURE_ZONE,MESH_TYPE,read,5,2895,2895;2896;2903;2907;2913
main.f90,FDS::ZONE_BOUNDARY_EXCHANGE,setup,yes,other_mesh,MESHES(NOM),OM,PRESSURE_ZONE,MESH_TYPE,arg,1,2904,2904
part.f90,PART::PARTICLE_MOMENTUM_TRANSFER,runtime,no,other_mesh,MESHES(NOM),M2,(whole),MESH_TYPE,ptr_bind,1,4656,4656
part.f90,PART::PARTICLE_MOMENTUM_TRANSFER,runtime,no,other_mesh,MESHES(NOM),M2,DY,MESH_TYPE,read,6,4665,4665;4681;4695;4707;4743;4755
part.f90,PART::PARTICLE_MOMENTUM_TRANSFER,runtime,no,other_mesh,MESHES(NOM),M2,DZ,MESH_TYPE,read,6,4665,4665;4673;4695;4707;4719;4731
part.f90,PART::PARTICLE_MOMENTUM_TRANSFER,runtime,no,other_mesh,MESHES(NOM),M2,DX,MESH_TYPE,read,6,4673,4673;4681;4719;4731;4743;4755
part.f90,PART::REMOVE_PARTICLES::ADD_TO_PARTICLE_SEND_BUFFER,runtime+setup,no,other_mesh,MESHES(NEIGHBORING_MESH(MM)),M2,(whole),MESH_TYPE,ptr_bind,1,4864,4864
part.f90,PART::REMOVE_PARTICLES::ADD_TO_PARTICLE_SEND_BUFFER,runtime+setup,no,other_mesh,MESHES(NEIGHBORING_MESH(MM)),M2,XS,MESH_TYPE,read,1,4865,4865
part.f90,PART::REMOVE_PARTICLES::ADD_TO_PARTICLE_SEND_BUFFER,runtime+setup,no,other_mesh,MESHES(NEIGHBORING_MESH(MM)),M2,XF,MESH_TYPE,read,1,4865,4865
part.f90,PART::REMOVE_PARTICLES::ADD_TO_PARTICLE_SEND_BUFFER,runtime+setup,no,other_mesh,MESHES(NEIGHBORING_MESH(MM)),M2,YS,MESH_TYPE,read,1,4866,4866
part.f90,PART::REMOVE_PARTICLES::ADD_TO_PARTICLE_SEND_BUFFER,runtime+setup,no,other_mesh,MESHES(NEIGHBORING_MESH(MM)),M2,YF,MESH_TYPE,read,1,4866,4866
part.f90,PART::REMOVE_PARTICLES::ADD_TO_PARTICLE_SEND_BUFFER,runtime+setup,no,other_mesh,MESHES(NEIGHBORING_MESH(MM)),M2,ZS,MESH_TYPE,read,1,4867,4867
part.f90,PART::REMOVE_PARTICLES::ADD_TO_PARTICLE_SEND_BUFFER,runtime+setup,no,other_mesh,MESHES(NEIGHBORING_MESH(MM)),M2,ZF,MESH_TYPE,read,1,4867,4867
pres.f90,GLOBMAT_SOLVER::GET_H_MATRIX,runtime+setup,no,other_mesh,MESHES(NOM),M2,(whole),MESH_TYPE,ptr_bind,1,5163,5163
pres.f90,GLOBMAT_SOLVER::GET_H_MATRIX,runtime+setup,no,other_mesh,MESHES(NOM),M2,DY,MESH_TYPE,read,4,5208,5208;5210;5216;5218
pres.f90,GLOBMAT_SOLVER::GET_H_MATRIX,runtime+setup,no,other_mesh,MESHES(NOM),M2,R,MESH_TYPE,read,1,5208,5208
pres.f90,GLOBMAT_SOLVER::GET_H_MATRIX,runtime+setup,no,other_mesh,MESHES(NOM),M2,DZ,MESH_TYPE,read,3,5208,5208;5210;5213
pres.f90,GLOBMAT_SOLVER::GET_H_MATRIX,runtime+setup,no,other_mesh,MESHES(NOM),M2,DX,MESH_TYPE,read,3,5213,5213;5216;5218
pres.f90,GLOBMAT_SOLVER::GET_H_MATRIX,runtime+setup,no,other_mesh,MESHES(NOM),M2,RC,MESH_TYPE,read,1,5216,5216
pres.f90,GLOBMAT_SOLVER::REG_INTERP_WALL_DISTANCES,runtime+setup,no,other_mesh,MESHES(NOM),M2,(whole),MESH_TYPE,ptr_bind,1,3247,3247
pres.f90,GLOBMAT_SOLVER::REG_INTERP_WALL_DISTANCES,runtime+setup,no,other_mesh,MESHES(NOM),M2,X,MESH_TYPE,read,1,3251,3251
pres.f90,GLOBMAT_SOLVER::REG_INTERP_WALL_DISTANCES,runtime+setup,no,other_mesh,MESHES(NOM),M2,XC,MESH_TYPE,read,1,3251,3251
pres.f90,GLOBMAT_SOLVER::REG_INTERP_WALL_DISTANCES,runtime+setup,no,other_mesh,MESHES(NOM),M2,Y,MESH_TYPE,read,1,3252,3252
pres.f90,GLOBMAT_SOLVER::REG_INTERP_WALL_DISTANCES,runtime+setup,no,other_mesh,MESHES(NOM),M2,YC,MESH_TYPE,read,1,3252,3252
pres.f90,GLOBMAT_SOLVER::REG_INTERP_WALL_DISTANCES,runtime+setup,no,other_mesh,MESHES(NOM),M2,Z,MESH_TYPE,read,1,3253,3253
pres.f90,GLOBMAT_SOLVER::REG_INTERP_WALL_DISTANCES,runtime+setup,no,other_mesh,MESHES(NOM),M2,ZC,MESH_TYPE,read,1,3253,3253
pres.f90,GLOBMAT_SOLVER::REG_INTERP_WALL_DISTANCES,runtime+setup,no,other_mesh,MESHES(NOM),M2,CCVAR,MESH_TYPE,read,1,3256,3256
pres.f90,GLOBMAT_SOLVER::REG_INTERP_WALL_DISTANCES,runtime+setup,no,other_mesh,MESHES(NOM),M2,CUT_CELL,MESH_TYPE,read,1,3257,3257
pres.f90,PRES::COMPUTE_VELOCITY_ERROR,runtime,no,other_mesh,MESHES(EWC%NOM),M2,(whole),MESH_TYPE,ptr_bind,1,850,850
pres.f90,PRES::COMPUTE_VELOCITY_ERROR,runtime,no,other_mesh,MESHES(EWC%NOM),M2,RDXN,MESH_TYPE,read,4,927,927;936;984;993
pres.f90,PRES::COMPUTE_VELOCITY_ERROR,runtime,no,other_mesh,MESHES(EWC%NOM),M2,RDYN,MESH_TYPE,read,4,945,945;954;1002;1011
pres.f90,PRES::COMPUTE_VELOCITY_ERROR,runtime,no,other_mesh,MESHES(EWC%NOM),M2,RDZN,MESH_TYPE,read,4,963,963;972;1020;1029
pres.f90,PRES::PRESSURE_SOLVER_COMPUTE_RHS,runtime,no,other_mesh,MESHES(NOM),direct,DX,MESH_TYPE,read,2,124,124;127
pres.f90,PRES::PRESSURE_SOLVER_COMPUTE_RHS,runtime,no,other_mesh,MESHES(NOM),direct,DY,MESH_TYPE,read,2,130,130;133
pres.f90,PRES::PRESSURE_SOLVER_COMPUTE_RHS,runtime,no,other_mesh,MESHES(NOM),direct,DZ,MESH_TYPE,read,2,136,136;139
pres.f90,PRES::TUNNEL_POISSON_SOLVER,runtime,no,other_mesh,MESHES(NM-1),direct,DX,MESH_TYPE,read,2,541,541;686
pres.f90,PRES::TUNNEL_POISSON_SOLVER,runtime,no,other_mesh,MESHES(NM-1),direct,IBAR,MESH_TYPE,read,2,541,541;686
pres.f90,PRES::TUNNEL_POISSON_SOLVER,runtime,no,other_mesh,MESHES(NM+1),direct,DX,MESH_TYPE,read,2,542,542;690
read.f90,READ_INPUT::PROC_DEVC,setup,no,other_mesh,MESHES(DV%MESH),M,(whole),MESH_TYPE,ptr_bind,4,15219,15219;15248;15372;15508
read.f90,READ_INPUT::PROC_DEVC,setup,no,other_mesh,MESHES(DV%MESH),M,X,MESH_TYPE,read,4,15224,15224;15225;15250;15251
read.f90,READ_INPUT::PROC_DEVC,setup,no,other_mesh,MESHES(DV%MESH),M,Y,MESH_TYPE,read,4,15226,15226;15227;15252;15253
read.f90,READ_INPUT::PROC_DEVC,setup,no,other_mesh,MESHES(DV%MESH),M,Z,MESH_TYPE,read,4,15228,15228;15229;15254;15255
read.f90,READ_INPUT::PROC_DEVC,setup,no,other_mesh,MESHES(DV%MESH),M,IBAR,MESH_TYPE,arg,1,15376,15376
read.f90,READ_INPUT::PROC_DEVC,setup,no,other_mesh,MESHES(DV%MESH),M,JBAR,MESH_TYPE,arg,1,15377,15377
read.f90,READ_INPUT::PROC_DEVC,setup,no,other_mesh,MESHES(DV%MESH),M,KBAR,MESH_TYPE,arg,1,15378,15378
read.f90,READ_INPUT::PROC_DEVC,setup,no,other_mesh,MESHES(SDV%MESH),M,(whole),MESH_TYPE,ptr_bind,1,15536,15536
read.f90,READ_INPUT::PROC_DEVC,setup,no,other_mesh,MESHES(SDV%MESH),M,IBAR,MESH_TYPE,arg,1,15537,15537
read.f90,READ_INPUT::PROC_DEVC,setup,no,other_mesh,MESHES(SDV%MESH),M,JBAR,MESH_TYPE,arg,1,15537,15537
read.f90,READ_INPUT::PROC_DEVC,setup,no,other_mesh,MESHES(SDV%MESH),M,KBAR,MESH_TYPE,arg,1,15537,15537
read.f90,READ_INPUT::READ_MESH,setup,no,other_mesh,MESHES(NMESHES),direct,(whole),MESH_TYPE,alloc,1,579,579
read.f90,READ_INPUT::READ_OBST,setup,no,other_mesh,MESHES(NOM),direct,DX,MESH_TYPE,read,2,11045,11045;11059
read.f90,READ_INPUT::READ_OBST,setup,no,other_mesh,MESHES(NOM),direct,DY,MESH_TYPE,read,2,11073,11073;11087
read.f90,READ_INPUT::READ_OBST,setup,no,other_mesh,MESHES(NOM),direct,DZ,MESH_TYPE,read,2,11101,11101;11115
read.f90,READ_INPUT::READ_OBST,setup,no,other_mesh,MESHES(NOM),direct,XS,MESH_TYPE,read,1,11462,11462
read.f90,READ_INPUT::READ_OBST,setup,no,other_mesh,MESHES(NOM),direct,XF,MESH_TYPE,read,1,11462,11462
read.f90,READ_INPUT::READ_OBST,setup,no,other_mesh,MESHES(NOM),direct,YS,MESH_TYPE,read,1,11463,11463
read.f90,READ_INPUT::READ_OBST,setup,no,other_mesh,MESHES(NOM),direct,YF,MESH_TYPE,read,1,11463,11463
read.f90,READ_INPUT::READ_OBST,setup,no,other_mesh,MESHES(NOM),direct,ZS,MESH_TYPE,read,1,11464,11464
read.f90,READ_INPUT::READ_OBST,setup,no,other_mesh,MESHES(NOM),direct,ZF,MESH_TYPE,read,1,11464,11464
read.f90,READ_INPUT::READ_PRES,setup,no,other_mesh,MESHES(NM-1),direct,YS,MESH_TYPE,read,1,10182,10182
read.f90,READ_INPUT::READ_PRES,setup,no,other_mesh,MESHES(NM-1),direct,YF,MESH_TYPE,read,1,10182,10182
read.f90,READ_INPUT::READ_PRES,setup,no,other_mesh,MESHES(NM-1),direct,ZS,MESH_TYPE,read,1,10183,10183
read.f90,READ_INPUT::READ_PRES,setup,no,other_mesh,MESHES(NM-1),direct,ZF,MESH_TYPE,read,1,10183,10183
read.f90,READ_INPUT::READ_ZONE,setup,no,other_mesh,MESHES(LOWER_MESH_INDEX),M,(whole),MESH_TYPE,ptr_bind,1,13696,13696
read.f90,READ_INPUT::READ_ZONE,setup,no,other_mesh,MESHES(LOWER_MESH_INDEX),M,KBAR,MESH_TYPE,read,1,13697,13697
read.f90,READ_INPUT::READ_ZONE,setup,no,other_mesh,MESHES(LOWER_MESH_INDEX),M,JBAR,MESH_TYPE,read,1,13698,13698
read.f90,READ_INPUT::READ_ZONE,setup,no,other_mesh,MESHES(LOWER_MESH_INDEX),M,IBAR,MESH_TYPE,read,1,13699,13699
read.f90,READ_INPUT::READ_ZONE,setup,no,other_mesh,MESHES(LOWER_MESH_INDEX),M,CELL,MESH_TYPE,arg,1,13700,13700
read.f90,READ_INPUT::READ_ZONE,setup,no,other_mesh,MESHES(LOWER_MESH_INDEX),M,CELL_INDEX,MESH_TYPE,read,1,13700,13700
read.f90,READ_INPUT::READ_ZONE,setup,no,other_mesh,MESHES(LOWER_MESH_INDEX),M,XC,MESH_TYPE,read,1,13701,13701
read.f90,READ_INPUT::READ_ZONE,setup,no,other_mesh,MESHES(LOWER_MESH_INDEX),M,YC,MESH_TYPE,read,1,13702,13702
read.f90,READ_INPUT::READ_ZONE,setup,no,other_mesh,MESHES(LOWER_MESH_INDEX),M,ZC,MESH_TYPE,read,1,13703,13703
turb.f90,TURBULENCE::SANDIA_DAT,setup,no,other_mesh,MESHES(EXTERNAL_WALL(IW)%NOM),M2,(whole),MESH_TYPE,ptr_bind,1,2288,2288
turb.f90,TURBULENCE::SANDIA_DAT,setup,no,other_mesh,MESHES(EXTERNAL_WALL(IW)%NOM),M2,U,MESH_TYPE,read,1,2293,2293
turb.f90,TURBULENCE::SANDIA_DAT,setup,no,other_mesh,MESHES(EXTERNAL_WALL(IW)%NOM),M2,V,MESH_TYPE,read,1,2295,2295
turb.f90,TURBULENCE::SANDIA_DAT,setup,no,other_mesh,MESHES(EXTERNAL_WALL(IW)%NOM),M2,W,MESH_TYPE,read,1,2297,2297
velo.f90,VELO::MATCH_VELOCITY,runtime+setup,no,other_mesh,MESHES(NOM),M2,(whole),MESH_TYPE,ptr_bind,1,2678,2678
velo.f90,VELO::MATCH_VELOCITY,runtime+setup,no,other_mesh,MESHES(NOM),M2,DY,MESH_TYPE,read,6,2691,2691;2711;2727;2741;2783;2797
velo.f90,VELO::MATCH_VELOCITY,runtime+setup,no,other_mesh,MESHES(NOM),M2,DZ,MESH_TYPE,read,6,2691,2691;2701;2727;2741;2755;2769
velo.f90,VELO::MATCH_VELOCITY,runtime+setup,no,other_mesh,MESHES(NOM),M2,DX,MESH_TYPE,read,6,2701,2701;2711;2755;2769;2783;2797
velo.f90,VELO::MATCH_VELOCITY,runtime+setup,no,other_mesh,MESHES(NOM),M2,FCVAR,MESH_TYPE,read,6,2824,2824;2825;2826;2827;2828;2829
velo.f90,VELO::MATCH_VELOCITY,runtime+setup,no,other_mesh,MESHES(NOM),M2,CUT_FACE,MESH_TYPE,read,6,2824,2824;2825;2826;2827;2828;2829
velo.f90,VELO::MATCH_VELOCITY_FLUX,runtime,no,other_mesh,MESHES(NOM),M2,(whole),MESH_TYPE,ptr_bind,1,2904,2904
velo.f90,VELO::MATCH_VELOCITY_FLUX,runtime,no,other_mesh,MESHES(NOM),M2,DY,MESH_TYPE,read,6,2915,2915;2931;2947;2959;2995;3007
velo.f90,VELO::MATCH_VELOCITY_FLUX,runtime,no,other_mesh,MESHES(NOM),M2,DZ,MESH_TYPE,read,6,2915,2915;2923;2947;2959;2971;2983
velo.f90,VELO::MATCH_VELOCITY_FLUX,runtime,no,other_mesh,MESHES(NOM),M2,DX,MESH_TYPE,read,6,2923,2923;2931;2971;2983;2995;3007
wall.f90,WALL_ROUTINES::ASSIGN_GHOST_VALUE,runtime+setup,no,other_mesh,MESHES(EWC%NOM),MM,(whole),MESH_TYPE,ptr_bind,1,311,311
wall.f90,WALL_ROUTINES::ASSIGN_GHOST_VALUE,runtime+setup,no,other_mesh,MESHES(EWC%NOM),MM,DY,MESH_TYPE,read,4,324,324;325;328;329
wall.f90,WALL_ROUTINES::ASSIGN_GHOST_VALUE,runtime+setup,no,other_mesh,MESHES(EWC%NOM),MM,DZ,MESH_TYPE,read,4,324,324;325;326;327
wall.f90,WALL_ROUTINES::ASSIGN_GHOST_VALUE,runtime+setup,no,other_mesh,MESHES(EWC%NOM),MM,DX,MESH_TYPE,read,4,326,326;327;328;329
wall.f90,WALL_ROUTINES::ASSIGN_GHOST_VALUE,runtime+setup,no,other_mesh,MESHES(EWC%NOM),MM,CELL_INDEX,MESH_TYPE,read,6,361,361;362;363;364;365;366
wall.f90,WALL_ROUTINES::ASSIGN_GHOST_VALUE,runtime+setup,no,other_mesh,MESHES(EWC%NOM),MM,CELL,MESH_TYPE,read,1,371,371
wall.f90,WALL_ROUTINES::CALCULATE_ZZ_F,runtime+setup,no,other_mesh,MESHES(EWC%NOM),direct,CELL,MESH_TYPE,read,1,1374,1374
wall.f90,WALL_ROUTINES::CALCULATE_ZZ_F,runtime+setup,no,other_mesh,MESHES(EWC%NOM),direct,CELL_INDEX,MESH_TYPE,read,1,1374,1374
wall.f90,WALL_ROUTINES::CALCULATE_ZZ_F,runtime+setup,no,other_mesh,MESHES(EWC%NOM),direct,OBSTRUCTION,MESH_TYPE,read,1,1379,1379
wall.f90,WALL_ROUTINES::CALCULATE_ZZ_F,runtime+setup,no,other_mesh,MESHES(EWC%NOM),direct,OBSTRUCTION,MESH_TYPE,arg,1,1380,1380
wall.f90,WALL_ROUTINES::HT3D_TEMPERATURE_EXCHANGE,runtime,yes,other_mesh,MESHES(NM2),direct,WALL,MESH_TYPE,ptr_target,2,3658,3658;3702
wall.f90,WALL_ROUTINES::HT3D_TEMPERATURE_EXCHANGE,runtime,yes,other_mesh,MESHES(NM2),direct,BOUNDARY_COORD,MESH_TYPE,ptr_target,4,3659,3659;3663;3703;3707
wall.f90,WALL_ROUTINES::HT3D_TEMPERATURE_EXCHANGE,runtime,yes,other_mesh,MESHES(NM2),direct,BOUNDARY_ONE_D,MESH_TYPE,ptr_target,4,3660,3660;3664;3704;3708
wall.f90,WALL_ROUTINES::HT3D_TEMPERATURE_EXCHANGE,runtime,yes,other_mesh,MESHES(NM2),direct,THIN_WALL,MESH_TYPE,ptr_target,2,3662,3662;3706
wall.f90,WALL_ROUTINES::SOLID_HEAT_TRANSFER,runtime+setup,no,other_mesh,MESHES(BACK_MESH),direct,WALL,MESH_TYPE,ptr_target,2,1880,1880;1927
wall.f90,WALL_ROUTINES::SOLID_HEAT_TRANSFER,runtime+setup,no,other_mesh,MESHES(BACK_MESH),direct,BOUNDARY_PROP1,MESH_TYPE,ptr_target,4,1881,1881;1923;1927;1953
wall.f90,WALL_ROUTINES::SOLID_HEAT_TRANSFER,runtime+setup,no,other_mesh,MESHES(BACK_MESH),direct,BOUNDARY_PROP2,MESH_TYPE,ptr_target,2,1882,1882;1954
wall.f90,WALL_ROUTINES::SOLID_HEAT_TRANSFER,runtime+setup,no,other_mesh,MESHES(BACK_MESH),direct,BOUNDARY_COORD,MESH_TYPE,ptr_target,3,1883,1883;1924;1955
wall.f90,WALL_ROUTINES::SOLID_HEAT_TRANSFER,runtime+setup,no,other_mesh,MESHES(BACK_MESH),direct,THIN_WALL,MESH_TYPE,read,4,1913,1913;1914;1915;1916
wall.f90,WALL_ROUTINES::SOLID_HEAT_TRANSFER,runtime+setup,no,other_mesh,MESHES(BACK_MESH),direct,THIN_WALL,MESH_TYPE,ptr_target,1,1922,1922
wall.f90,WALL_ROUTINES::SOLID_HEAT_TRANSFER,runtime+setup,no,other_mesh,MESHES(BACK_MESH),direct,CFACE,MESH_TYPE,ptr_target,1,1952,1952
wall.f90,WALL_ROUTINES::SURFACE_HEAT_TRANSFER,runtime+setup,no,other_mesh,MESHES(EWC%NOM),MM,(whole),MESH_TYPE,ptr_bind,1,825,825
wall.f90,WALL_ROUTINES::SURFACE_HEAT_TRANSFER,runtime+setup,no,other_mesh,MESHES(EWC%NOM),MM,DZ,MESH_TYPE,read,6,841,841;842;922;925;928;931
wall.f90,WALL_ROUTINES::SURFACE_HEAT_TRANSFER,runtime+setup,no,other_mesh,MESHES(EWC%NOM),MM,ZC,MESH_TYPE,arg,1,908,908
wall.f90,WALL_ROUTINES::SURFACE_HEAT_TRANSFER,runtime+setup,no,other_mesh,MESHES(EWC%NOM),MM,DY,MESH_TYPE,read,4,922,922;925;934;937
wall.f90,WALL_ROUTINES::SURFACE_HEAT_TRANSFER,runtime+setup,no,other_mesh,MESHES(EWC%NOM),MM,RDXN,MESH_TYPE,read,2,923,923;926
wall.f90,WALL_ROUTINES::SURFACE_HEAT_TRANSFER,runtime+setup,no,other_mesh,MESHES(EWC%NOM),MM,DX,MESH_TYPE,read,4,928,928;931;934;937
wall.f90,WALL_ROUTINES::SURFACE_HEAT_TRANSFER,runtime+setup,no,other_mesh,MESHES(EWC%NOM),MM,RDYN,MESH_TYPE,read,2,929,929;932
wall.f90,WALL_ROUTINES::SURFACE_HEAT_TRANSFER,runtime+setup,no,other_mesh,MESHES(EWC%NOM),MM,RDZN,MESH_TYPE,read,2,935,935;938
