loop_id,routine,class,file,line,n_sites_in_loop_for_class,detail
L0001,CC_SCALARS::ADD_CUTCELL_D_PBAR_DT,dt_alloc_component,ccib.f90,695,4,CC_CUTCELL_TYPE%UNKZ
L0001,CC_SCALARS::ADD_CUTCELL_D_PBAR_DT,dt_alloc_component,ccib.f90,696,4,CC_CUTCELL_TYPE%DS
L0001,CC_SCALARS::ADD_CUTCELL_D_PBAR_DT,dt_alloc_component,ccib.f90,696,4,CC_CUTCELL_TYPE%DS
L0001,CC_SCALARS::ADD_CUTCELL_D_PBAR_DT,dt_alloc_component,ccib.f90,696,4,CC_CUTCELL_TYPE%RTRM
L0002,CC_SCALARS::ADD_CUTCELL_D_PBAR_DT,dt_alloc_component,ccib.f90,700,4,CC_CUTCELL_TYPE%UNKZ
L0002,CC_SCALARS::ADD_CUTCELL_D_PBAR_DT,dt_alloc_component,ccib.f90,701,4,CC_CUTCELL_TYPE%D
L0002,CC_SCALARS::ADD_CUTCELL_D_PBAR_DT,dt_alloc_component,ccib.f90,701,4,CC_CUTCELL_TYPE%D
L0002,CC_SCALARS::ADD_CUTCELL_D_PBAR_DT,dt_alloc_component,ccib.f90,701,4,CC_CUTCELL_TYPE%RTRM
L0003,CC_SCALARS::ADD_CUTCELL_PSUM,dt_alloc_component,ccib.f90,738,3,CC_CUTCELL_TYPE%UNKZ
L0003,CC_SCALARS::ADD_CUTCELL_PSUM,dt_alloc_component,ccib.f90,739,3,CC_CUTCELL_TYPE%VOLUME
L0003,CC_SCALARS::ADD_CUTCELL_PSUM,dt_alloc_component,ccib.f90,739,3,CC_CUTCELL_TYPE%RTRM
L0003,CC_SCALARS::ADD_CUTCELL_PSUM,reduction_accum,ccib.f90,739,1,PSUM_CV = PSUM_CV ...
L0005,CC_SCALARS::ADD_Q_DOT_CUTCELLS,dt_alloc_component,ccib.f90,5964,8,CC_CUTCELL_TYPE%Q
L0005,CC_SCALARS::ADD_Q_DOT_CUTCELLS,dt_alloc_component,ccib.f90,5964,8,CC_CUTCELL_TYPE%VOLUME
L0005,CC_SCALARS::ADD_Q_DOT_CUTCELLS,dt_alloc_component,ccib.f90,5965,8,CC_CUTCELL_TYPE%QR
L0005,CC_SCALARS::ADD_Q_DOT_CUTCELLS,dt_alloc_component,ccib.f90,5965,8,CC_CUTCELL_TYPE%VOLUME
L0005,CC_SCALARS::ADD_Q_DOT_CUTCELLS,reduction_accum,ccib.f90,5962,4,QPRES = QPRES ...
L0005,CC_SCALARS::ADD_Q_DOT_CUTCELLS,reduction_accum,ccib.f90,5964,4,QCOMB = QCOMB ...
L0005,CC_SCALARS::ADD_Q_DOT_CUTCELLS,reduction_accum,ccib.f90,5965,4,QRAD = QRAD ...
L0005,CC_SCALARS::ADD_Q_DOT_CUTCELLS,reduction_accum,ccib.f90,5968,4,SP_ENTH = SP_ENTH ...
L0006,CC_SCALARS::CCCOMPUTE_RADIATION,dt_alloc_component,ccib.f90,7141,3,CC_CUTCELL_TYPE%QR
L0006,CC_SCALARS::CCCOMPUTE_RADIATION,dt_alloc_component,ccib.f90,7141,3,CC_CUTCELL_TYPE%CHI_R
L0006,CC_SCALARS::CCCOMPUTE_RADIATION,dt_alloc_component,ccib.f90,7141,3,CC_CUTCELL_TYPE%Q
L0007,CC_SCALARS::CCCOMPUTE_RADIATION,dt_alloc_component,ccib.f90,7153,1,CC_CUTCELL_TYPE%QR
L0008,CC_SCALARS::CC_BAROCLINIC_CORRECTION,dt_alloc_component,ccib.f90,1684,3,CC_CUTFACE_TYPE%FN
L0008,CC_SCALARS::CC_BAROCLINIC_CORRECTION,dt_alloc_component,ccib.f90,1684,3,CC_CUTFACE_TYPE%FN
L0008,CC_SCALARS::CC_BAROCLINIC_CORRECTION,dt_alloc_component,ccib.f90,1684,3,CC_CUTFACE_TYPE%FN_B
L0008,CC_SCALARS::CC_BAROCLINIC_CORRECTION,pointer_reassign,ccib.f90,1683,1,CF
L0009,CC_SCALARS::CC_BAROCLINIC_CORRECTION,alloc_ptr_local,ccib.f90,1712,1,HP
L0009,CC_SCALARS::CC_BAROCLINIC_CORRECTION,dt_alloc_component,ccib.f90,1711,4,CC_CUTFACE_TYPE%UNKF
L0009,CC_SCALARS::CC_BAROCLINIC_CORRECTION,dt_alloc_component,ccib.f90,1712,4,CC_CUTFACE_TYPE%FN_B
L0009,CC_SCALARS::CC_BAROCLINIC_CORRECTION,dt_alloc_component,ccib.f90,1714,4,CC_CUTFACE_TYPE%FN_B
L0009,CC_SCALARS::CC_BAROCLINIC_CORRECTION,dt_alloc_component,ccib.f90,1714,4,CC_CUTFACE_TYPE%AREA
L0009,CC_SCALARS::CC_BAROCLINIC_CORRECTION,reduction_intrinsic,ccib.f90,1695,4,ANY
L0009,CC_SCALARS::CC_BAROCLINIC_CORRECTION,reduction_intrinsic,ccib.f90,1697,4,ANY
L0009,CC_SCALARS::CC_BAROCLINIC_CORRECTION,reduction_intrinsic,ccib.f90,1699,4,ANY
L0009,CC_SCALARS::CC_BAROCLINIC_CORRECTION,reduction_intrinsic,ccib.f90,1714,4,DOT_PRODUCT
L0009,CC_SCALARS::CC_BAROCLINIC_CORRECTION,pointer_reassign,ccib.f90,1692,1,CF
L0010,CC_SCALARS::CC_BAROCLINIC_CORRECTION,alloc_ptr_local,ccib.f90,1735,2,HP
L0010,CC_SCALARS::CC_BAROCLINIC_CORRECTION,alloc_ptr_local,ccib.f90,1735,2,RHOP
L0010,CC_SCALARS::CC_BAROCLINIC_CORRECTION,write_missing_outer_index,ccib.f90,1721,6,"FVX_B(RCF%IJK(IAXIS),RCF%IJK(JAXIS),RCF%IJK(KAXIS))"
L0010,CC_SCALARS::CC_BAROCLINIC_CORRECTION,write_missing_outer_index,ccib.f90,1722,6,"FVY_B(RCF%IJK(IAXIS),RCF%IJK(JAXIS),RCF%IJK(KAXIS))"
L0010,CC_SCALARS::CC_BAROCLINIC_CORRECTION,write_missing_outer_index,ccib.f90,1723,6,"FVZ_B(RCF%IJK(IAXIS),RCF%IJK(JAXIS),RCF%IJK(KAXIS))"
L0010,CC_SCALARS::CC_BAROCLINIC_CORRECTION,write_missing_outer_index,ccib.f90,1739,6,"FVX_B(RCF%IJK(IAXIS),RCF%IJK(JAXIS),RCF%IJK(KAXIS))"
L0010,CC_SCALARS::CC_BAROCLINIC_CORRECTION,reduction_intrinsic,ccib.f90,1729,3,ANY
L0010,CC_SCALARS::CC_BAROCLINIC_CORRECTION,reduction_intrinsic,ccib.f90,1731,3,ANY
L0010,CC_SCALARS::CC_BAROCLINIC_CORRECTION,reduction_intrinsic,ccib.f90,1732,3,ANY
L0010,CC_SCALARS::CC_BAROCLINIC_CORRECTION,pointer_reassign,ccib.f90,1719,1,RCF
L0011,CC_SCALARS::CC_BAROCLINIC_CORRECTION,dt_alloc_component,ccib.f90,1757,3,CC_CUTFACE_TYPE%FN
L0011,CC_SCALARS::CC_BAROCLINIC_CORRECTION,dt_alloc_component,ccib.f90,1757,3,CC_CUTFACE_TYPE%FN
L0011,CC_SCALARS::CC_BAROCLINIC_CORRECTION,dt_alloc_component,ccib.f90,1757,3,CC_CUTFACE_TYPE%FN_B
L0011,CC_SCALARS::CC_BAROCLINIC_CORRECTION,pointer_reassign,ccib.f90,1756,1,CF
L0012,CC_SCALARS::CC_CHECK_DIVERGENCE,alloc_ptr_local,ccib.f90,16321,27,UP
L0012,CC_SCALARS::CC_CHECK_DIVERGENCE,alloc_ptr_local,ccib.f90,16321,27,UP
L0012,CC_SCALARS::CC_CHECK_DIVERGENCE,alloc_ptr_local,ccib.f90,16321,27,VP
L0012,CC_SCALARS::CC_CHECK_DIVERGENCE,alloc_ptr_local,ccib.f90,16321,27,VP
L0012,CC_SCALARS::CC_CHECK_DIVERGENCE,write_derived_index,ccib.f90,16326,15,RESMAXV(NM)
L0012,CC_SCALARS::CC_CHECK_DIVERGENCE,write_derived_index,ccib.f90,16327,15,"IJKRM(IAXIS:KAXIS,NM)"
L0012,CC_SCALARS::CC_CHECK_DIVERGENCE,write_derived_index,ccib.f90,16328,15,RESVOLMX(NM)
L0012,CC_SCALARS::CC_CHECK_DIVERGENCE,write_derived_index,ccib.f90,16331,15,"DIVMNX(HIGH_IND,NM)"
L0013,CC_SCALARS::CC_CHECK_DIVERGENCE,alloc_ptr_local,ccib.f90,16376,31,UP
L0013,CC_SCALARS::CC_CHECK_DIVERGENCE,alloc_ptr_local,ccib.f90,16376,31,UP
L0013,CC_SCALARS::CC_CHECK_DIVERGENCE,alloc_ptr_local,ccib.f90,16376,31,VP
L0013,CC_SCALARS::CC_CHECK_DIVERGENCE,alloc_ptr_local,ccib.f90,16376,31,VP
L0013,CC_SCALARS::CC_CHECK_DIVERGENCE,dt_alloc_component,ccib.f90,16367,5,CC_CUTCELL_TYPE%VOLUME
L0013,CC_SCALARS::CC_CHECK_DIVERGENCE,dt_alloc_component,ccib.f90,16369,5,CC_CUTCELL_TYPE%VOLUME
L0013,CC_SCALARS::CC_CHECK_DIVERGENCE,dt_alloc_component,ccib.f90,16371,5,CC_CUTCELL_TYPE%D
L0013,CC_SCALARS::CC_CHECK_DIVERGENCE,dt_alloc_component,ccib.f90,16371,5,CC_CUTCELL_TYPE%DS
L0013,CC_SCALARS::CC_CHECK_DIVERGENCE,write_derived_index,ccib.f90,16380,21,"CCVELDIV(I,J,K)"
L0013,CC_SCALARS::CC_CHECK_DIVERGENCE,write_derived_index,ccib.f90,16383,21,RESMAXV(NM)
L0013,CC_SCALARS::CC_CHECK_DIVERGENCE,write_derived_index,ccib.f90,16384,21,"IJKRM(IAXIS:KAXIS,NM)"
L0013,CC_SCALARS::CC_CHECK_DIVERGENCE,write_derived_index,ccib.f90,16385,21,"RESICJCMX(1:2,NM)"
L0015,CC_SCALARS::CC_CHECK_MASS_DENSITY,dt_alloc_component,ccib.f90,12548,3,CC_CUTCELL_TYPE%DELTA_RHO
L0015,CC_SCALARS::CC_CHECK_MASS_DENSITY,dt_alloc_component,ccib.f90,12549,3,CC_CUTCELL_TYPE%RHOS
L0015,CC_SCALARS::CC_CHECK_MASS_DENSITY,dt_alloc_component,ccib.f90,12549,3,CC_CUTCELL_TYPE%ZZS
L0015,CC_SCALARS::CC_CHECK_MASS_DENSITY,reduction_intrinsic,ccib.f90,12549,1,SUM
L0015,CC_SCALARS::CC_CHECK_MASS_DENSITY,pointer_reassign,ccib.f90,12546,1,CC
L0016,CC_SCALARS::CC_CHECK_MASS_DENSITY,dt_alloc_component,ccib.f90,12559,3,CC_CUTCELL_TYPE%DELTA_RHO
L0016,CC_SCALARS::CC_CHECK_MASS_DENSITY,dt_alloc_component,ccib.f90,12560,3,CC_CUTCELL_TYPE%RHO
L0016,CC_SCALARS::CC_CHECK_MASS_DENSITY,dt_alloc_component,ccib.f90,12560,3,CC_CUTCELL_TYPE%ZZ
L0016,CC_SCALARS::CC_CHECK_MASS_DENSITY,reduction_intrinsic,ccib.f90,12560,1,SUM
L0016,CC_SCALARS::CC_CHECK_MASS_DENSITY,pointer_reassign,ccib.f90,12557,1,CC
L0017,CC_SCALARS::CC_CHECK_MASS_DENSITY,alloc_ptr_local,ccib.f90,12572,5,RHO_ZZ
L0017,CC_SCALARS::CC_CHECK_MASS_DENSITY,alloc_ptr_local,ccib.f90,12572,5,RHO_ZZ
L0017,CC_SCALARS::CC_CHECK_MASS_DENSITY,alloc_ptr_local,ccib.f90,12572,5,RHOP
L0017,CC_SCALARS::CC_CHECK_MASS_DENSITY,alloc_ptr_local,ccib.f90,12574,5,RHOP
L0017,CC_SCALARS::CC_CHECK_MASS_DENSITY,dt_alloc_component,ccib.f90,12570,1,MESH_TYPE%CCVAR
L0017,CC_SCALARS::CC_CHECK_MASS_DENSITY,reduction_intrinsic,ccib.f90,12574,1,SUM
L0018,CC_SCALARS::CC_CHECK_MASS_DENSITY,alloc_ptr_local,ccib.f90,12625,3,RHOP
L0018,CC_SCALARS::CC_CHECK_MASS_DENSITY,alloc_ptr_local,ccib.f90,12663,3,DELTA_RHO
L0018,CC_SCALARS::CC_CHECK_MASS_DENSITY,alloc_ptr_local,ccib.f90,12663,3,DELTA_RHO
L0018,CC_SCALARS::CC_CHECK_MASS_DENSITY,dt_alloc_component,ccib.f90,12587,38,CC_CUTCELL_TYPE%RHOS
L0018,CC_SCALARS::CC_CHECK_MASS_DENSITY,dt_alloc_component,ccib.f90,12587,38,CC_CUTCELL_TYPE%RHO
L0018,CC_SCALARS::CC_CHECK_MASS_DENSITY,dt_alloc_component,ccib.f90,12598,38,CC_CUTCELL_TYPE%VOLUME
L0018,CC_SCALARS::CC_CHECK_MASS_DENSITY,dt_alloc_component,ccib.f90,12602,38,CC_CUTCELL_TYPE%CCELEM
L0018,CC_SCALARS::CC_CHECK_MASS_DENSITY,write_derived_index,ccib.f90,12613,10,RHO_CELL(NCELL)
L0018,CC_SCALARS::CC_CHECK_MASS_DENSITY,write_derived_index,ccib.f90,12614,10,VOL(NCELL)
L0018,CC_SCALARS::CC_CHECK_MASS_DENSITY,write_derived_index,ccib.f90,12625,10,RHO_CELL(NCELL)
L0018,CC_SCALARS::CC_CHECK_MASS_DENSITY,write_derived_index,ccib.f90,12625,10,VOL(NCELL)
L0018,CC_SCALARS::CC_CHECK_MASS_DENSITY,reduction_intrinsic,ccib.f90,12636,1,SUM
L0018,CC_SCALARS::CC_CHECK_MASS_DENSITY,pointer_reassign,ccib.f90,12584,1,CC
L0019,CC_SCALARS::CC_CHECK_MASS_DENSITY,alloc_ptr_local,ccib.f90,12677,12,RHOP
L0019,CC_SCALARS::CC_CHECK_MASS_DENSITY,alloc_ptr_local,ccib.f90,12677,12,RHOP
L0019,CC_SCALARS::CC_CHECK_MASS_DENSITY,alloc_ptr_local,ccib.f90,12678,12,RHOP
L0019,CC_SCALARS::CC_CHECK_MASS_DENSITY,alloc_ptr_local,ccib.f90,12687,12,RHOP
L0019,CC_SCALARS::CC_CHECK_MASS_DENSITY,dt_alloc_component,ccib.f90,12676,6,MESH_TYPE%CCVAR
L0019,CC_SCALARS::CC_CHECK_MASS_DENSITY,dt_alloc_component,ccib.f90,12707,6,CC_CUTCELL_TYPE%RHOS
L0019,CC_SCALARS::CC_CHECK_MASS_DENSITY,dt_alloc_component,ccib.f90,12707,6,CC_CUTCELL_TYPE%RHO
L0019,CC_SCALARS::CC_CHECK_MASS_DENSITY,dt_alloc_component,ccib.f90,12708,6,CC_CUTCELL_TYPE%VOLUME
L0019,CC_SCALARS::CC_CHECK_MASS_DENSITY,write_derived_index,ccib.f90,12704,10,RHO_CELL(NCELL)
L0019,CC_SCALARS::CC_CHECK_MASS_DENSITY,write_derived_index,ccib.f90,12704,10,VOL(NCELL)
L0019,CC_SCALARS::CC_CHECK_MASS_DENSITY,write_derived_index,ccib.f90,12707,10,RHO_CELL(NCELL)
L0019,CC_SCALARS::CC_CHECK_MASS_DENSITY,write_derived_index,ccib.f90,12708,10,VOL(NCELL)
L0019,CC_SCALARS::CC_CHECK_MASS_DENSITY,reduction_intrinsic,ccib.f90,12717,1,SUM
L0020,CC_SCALARS::CC_CHECK_MASS_DENSITY,dt_alloc_component,ccib.f90,12756,3,CC_CUTCELL_TYPE%RHOS
L0020,CC_SCALARS::CC_CHECK_MASS_DENSITY,dt_alloc_component,ccib.f90,12756,3,CC_CUTCELL_TYPE%RHOS
L0020,CC_SCALARS::CC_CHECK_MASS_DENSITY,dt_alloc_component,ccib.f90,12756,3,CC_CUTCELL_TYPE%DELTA_RHO
L0020,CC_SCALARS::CC_CHECK_MASS_DENSITY,pointer_reassign,ccib.f90,12754,1,CC
L0021,CC_SCALARS::CC_CHECK_MASS_DENSITY,dt_alloc_component,ccib.f90,12762,3,CC_CUTCELL_TYPE%RHO
L0021,CC_SCALARS::CC_CHECK_MASS_DENSITY,dt_alloc_component,ccib.f90,12762,3,CC_CUTCELL_TYPE%RHO
L0021,CC_SCALARS::CC_CHECK_MASS_DENSITY,dt_alloc_component,ccib.f90,12762,3,CC_CUTCELL_TYPE%DELTA_RHO
L0021,CC_SCALARS::CC_CHECK_MASS_DENSITY,pointer_reassign,ccib.f90,12760,1,CC
L0022,CC_SCALARS::CC_CHECK_MASS_DENSITY,dt_alloc_component,ccib.f90,12778,2,CC_CUTCELL_TYPE%ZZS
L0022,CC_SCALARS::CC_CHECK_MASS_DENSITY,dt_alloc_component,ccib.f90,12778,2,CC_CUTCELL_TYPE%RHOS
L0022,CC_SCALARS::CC_CHECK_MASS_DENSITY,pointer_reassign,ccib.f90,12776,1,CC
L0023,CC_SCALARS::CC_CHECK_MASS_DENSITY,dt_alloc_component,ccib.f90,12784,2,CC_CUTCELL_TYPE%ZZ
L0023,CC_SCALARS::CC_CHECK_MASS_DENSITY,dt_alloc_component,ccib.f90,12784,2,CC_CUTCELL_TYPE%RHO
L0023,CC_SCALARS::CC_CHECK_MASS_DENSITY,pointer_reassign,ccib.f90,12782,1,CC
L0024,CC_SCALARS::CC_CHECK_MASS_DENSITY,alloc_ptr_local,ccib.f90,12793,3,RHO_ZZ
L0024,CC_SCALARS::CC_CHECK_MASS_DENSITY,alloc_ptr_local,ccib.f90,12793,3,RHO_ZZ
L0024,CC_SCALARS::CC_CHECK_MASS_DENSITY,alloc_ptr_local,ccib.f90,12793,3,RHOP
L0024,CC_SCALARS::CC_CHECK_MASS_DENSITY,dt_alloc_component,ccib.f90,12793,1,MESH_TYPE%CCVAR
L0025,CC_SCALARS::CC_CHECK_MASS_DENSITY,alloc_ptr_local,ccib.f90,12808,21,DELTA_RHO_ZZ
L0025,CC_SCALARS::CC_CHECK_MASS_DENSITY,alloc_ptr_local,ccib.f90,12857,21,RHO_ZZ
L0025,CC_SCALARS::CC_CHECK_MASS_DENSITY,alloc_ptr_local,ccib.f90,12895,21,DELTA_RHO_ZZ
L0025,CC_SCALARS::CC_CHECK_MASS_DENSITY,alloc_ptr_local,ccib.f90,12895,21,DELTA_RHO_ZZ
L0025,CC_SCALARS::CC_CHECK_MASS_DENSITY,dt_alloc_component,ccib.f90,12810,55,CC_CUTCELL_TYPE%DELTA_RHO_ZZ
L0025,CC_SCALARS::CC_CHECK_MASS_DENSITY,dt_alloc_component,ccib.f90,12819,55,CC_CUTCELL_TYPE%RHOS
L0025,CC_SCALARS::CC_CHECK_MASS_DENSITY,dt_alloc_component,ccib.f90,12819,55,CC_CUTCELL_TYPE%RHO
L0025,CC_SCALARS::CC_CHECK_MASS_DENSITY,dt_alloc_component,ccib.f90,12820,55,CC_CUTCELL_TYPE%ZZS
L0025,CC_SCALARS::CC_CHECK_MASS_DENSITY,write_derived_index,ccib.f90,12845,20,RHO_CELL(NCELL)
L0025,CC_SCALARS::CC_CHECK_MASS_DENSITY,write_derived_index,ccib.f90,12846,20,VOL(NCELL)
L0025,CC_SCALARS::CC_CHECK_MASS_DENSITY,write_derived_index,ccib.f90,12857,20,RHO_CELL(NCELL)
L0025,CC_SCALARS::CC_CHECK_MASS_DENSITY,write_derived_index,ccib.f90,12857,20,VOL(NCELL)
L0025,CC_SCALARS::CC_CHECK_MASS_DENSITY,write_missing_outer_index,ccib.f90,12810,1,CUT_CELL(ICC)%DELTA_RHO_ZZ
L0025,CC_SCALARS::CC_CHECK_MASS_DENSITY,reduction_accum,ccib.f90,12950,1,"DELTA_RHO_ZZ(I,J,K)"
L0025,CC_SCALARS::CC_CHECK_MASS_DENSITY,reduction_intrinsic,ccib.f90,12868,2,SUM
L0025,CC_SCALARS::CC_CHECK_MASS_DENSITY,reduction_intrinsic,ccib.f90,12948,2,SUM
L0025,CC_SCALARS::CC_CHECK_MASS_DENSITY,pointer_reassign,ccib.f90,12816,3,CC
L0025,CC_SCALARS::CC_CHECK_MASS_DENSITY,pointer_reassign,ccib.f90,12990,3,CC
L0025,CC_SCALARS::CC_CHECK_MASS_DENSITY,pointer_reassign,ccib.f90,12996,3,CC
L0026,CC_SCALARS::CC_CHECK_MASS_DENSITY,alloc_ptr_local,ccib.f90,13018,3,RHO_ZZ
L0026,CC_SCALARS::CC_CHECK_MASS_DENSITY,alloc_ptr_local,ccib.f90,13018,3,RHO_ZZ
L0026,CC_SCALARS::CC_CHECK_MASS_DENSITY,alloc_ptr_local,ccib.f90,13018,3,RHOP
L0026,CC_SCALARS::CC_CHECK_MASS_DENSITY,dt_alloc_component,ccib.f90,13018,1,MESH_TYPE%CCVAR
L0027,CC_SCALARS::CC_CHECK_MASS_DENSITY,dt_alloc_component,ccib.f90,13032,9,CC_CUTCELL_TYPE%ZZS
L0027,CC_SCALARS::CC_CHECK_MASS_DENSITY,dt_alloc_component,ccib.f90,13033,9,CC_CUTCELL_TYPE%ZZS
L0027,CC_SCALARS::CC_CHECK_MASS_DENSITY,dt_alloc_component,ccib.f90,13034,9,CC_CUTCELL_TYPE%ZZS
L0027,CC_SCALARS::CC_CHECK_MASS_DENSITY,dt_alloc_component,ccib.f90,13034,9,CC_CUTCELL_TYPE%RHOS
L0027,CC_SCALARS::CC_CHECK_MASS_DENSITY,reduction_intrinsic,ccib.f90,13032,2,SUM
L0027,CC_SCALARS::CC_CHECK_MASS_DENSITY,reduction_intrinsic,ccib.f90,13033,2,MAXLOC
L0027,CC_SCALARS::CC_CHECK_MASS_DENSITY,pointer_reassign,ccib.f90,13029,1,CC
L0028,CC_SCALARS::CC_CHECK_MASS_DENSITY,dt_alloc_component,ccib.f90,13047,9,CC_CUTCELL_TYPE%ZZ
L0028,CC_SCALARS::CC_CHECK_MASS_DENSITY,dt_alloc_component,ccib.f90,13048,9,CC_CUTCELL_TYPE%ZZ
L0028,CC_SCALARS::CC_CHECK_MASS_DENSITY,dt_alloc_component,ccib.f90,13049,9,CC_CUTCELL_TYPE%ZZ
L0028,CC_SCALARS::CC_CHECK_MASS_DENSITY,dt_alloc_component,ccib.f90,13049,9,CC_CUTCELL_TYPE%RHO
L0028,CC_SCALARS::CC_CHECK_MASS_DENSITY,reduction_intrinsic,ccib.f90,13047,2,SUM
L0028,CC_SCALARS::CC_CHECK_MASS_DENSITY,reduction_intrinsic,ccib.f90,13048,2,MAXLOC
L0028,CC_SCALARS::CC_CHECK_MASS_DENSITY,pointer_reassign,ccib.f90,13044,1,CC
L0029,CC_SCALARS::CC_CHECK_MASS_DENSITY,alloc_ptr_local,ccib.f90,13062,9,RHO_ZZ
L0029,CC_SCALARS::CC_CHECK_MASS_DENSITY,alloc_ptr_local,ccib.f90,13063,9,RHO_ZZ
L0029,CC_SCALARS::CC_CHECK_MASS_DENSITY,alloc_ptr_local,ccib.f90,13064,9,RHO_ZZ
L0029,CC_SCALARS::CC_CHECK_MASS_DENSITY,alloc_ptr_local,ccib.f90,13064,9,RHOP
L0029,CC_SCALARS::CC_CHECK_MASS_DENSITY,write_derived_index,ccib.f90,13068,1,"RHO_ZZ(I,J,K,N)"
L0029,CC_SCALARS::CC_CHECK_MASS_DENSITY,reduction_intrinsic,ccib.f90,13062,2,SUM
L0029,CC_SCALARS::CC_CHECK_MASS_DENSITY,reduction_intrinsic,ccib.f90,13063,2,MAXLOC
L0030,CC_SCALARS::CC_CHECK_MASS_DENSITY,alloc_ptr_local,ccib.f90,13081,3,RHO_ZZ
L0030,CC_SCALARS::CC_CHECK_MASS_DENSITY,alloc_ptr_local,ccib.f90,13081,3,RHO_ZZ
L0030,CC_SCALARS::CC_CHECK_MASS_DENSITY,alloc_ptr_local,ccib.f90,13081,3,RHOP
L0030,CC_SCALARS::CC_CHECK_MASS_DENSITY,dt_alloc_component,ccib.f90,13081,1,MESH_TYPE%CCVAR
L0031,CC_SCALARS::CC_CHECK_MASS_DENSITY::CC_CV_RHOZZ_AVERAGE,write_derived_index,ccib.f90,13103,1,RZ_ZS(IROW_LOC)
L0032,CC_SCALARS::CC_CHECK_MASS_DENSITY::CC_CV_RHOZZ_AVERAGE,dt_alloc_component,ccib.f90,13110,2,CC_CUTCELL_TYPE%UNKZ
L0032,CC_SCALARS::CC_CHECK_MASS_DENSITY::CC_CV_RHOZZ_AVERAGE,dt_alloc_component,ccib.f90,13111,2,CC_CUTCELL_TYPE%VOLUME
L0032,CC_SCALARS::CC_CHECK_MASS_DENSITY::CC_CV_RHOZZ_AVERAGE,write_derived_index,ccib.f90,13111,1,RZ_ZS(IROW_LOC)
L0032,CC_SCALARS::CC_CHECK_MASS_DENSITY::CC_CV_RHOZZ_AVERAGE,pointer_reassign,ccib.f90,13108,1,CC
L0033,CC_SCALARS::CC_CHECK_MASS_DENSITY::CC_CV_RHOZZ_AVERAGE,dt_alloc_component,ccib.f90,13133,10,CC_CUTCELL_TYPE%UNKZ
L0033,CC_SCALARS::CC_CHECK_MASS_DENSITY::CC_CV_RHOZZ_AVERAGE,dt_alloc_component,ccib.f90,13134,10,CC_CUTCELL_TYPE%ZZS
L0033,CC_SCALARS::CC_CHECK_MASS_DENSITY::CC_CV_RHOZZ_AVERAGE,dt_alloc_component,ccib.f90,13134,10,CC_CUTCELL_TYPE%VOLUME
L0033,CC_SCALARS::CC_CHECK_MASS_DENSITY::CC_CV_RHOZZ_AVERAGE,dt_alloc_component,ccib.f90,13141,10,CC_CUTCELL_TYPE%UNKZ
L0033,CC_SCALARS::CC_CHECK_MASS_DENSITY::CC_CV_RHOZZ_AVERAGE,write_derived_index,ccib.f90,13125,3,RZ_Z(IROW_LOC)
L0033,CC_SCALARS::CC_CHECK_MASS_DENSITY::CC_CV_RHOZZ_AVERAGE,write_derived_index,ccib.f90,13134,3,RZ_Z(IROW_LOC)
L0033,CC_SCALARS::CC_CHECK_MASS_DENSITY::CC_CV_RHOZZ_AVERAGE,write_derived_index,ccib.f90,13142,3,RZ_Z(IROW_LOC)
L0033,CC_SCALARS::CC_CHECK_MASS_DENSITY::CC_CV_RHOZZ_AVERAGE,write_missing_outer_index,ccib.f90,13118,1,RZ_Z(:)
L0033,CC_SCALARS::CC_CHECK_MASS_DENSITY::CC_CV_RHOZZ_AVERAGE,reduction_accum,ccib.f90,13149,1,RZ_Z(IROW_LOC)
L0033,CC_SCALARS::CC_CHECK_MASS_DENSITY::CC_CV_RHOZZ_AVERAGE,pointer_reassign,ccib.f90,13131,4,CC
L0033,CC_SCALARS::CC_CHECK_MASS_DENSITY::CC_CV_RHOZZ_AVERAGE,pointer_reassign,ccib.f90,13139,4,CC
L0033,CC_SCALARS::CC_CHECK_MASS_DENSITY::CC_CV_RHOZZ_AVERAGE,pointer_reassign,ccib.f90,13163,4,CC
L0033,CC_SCALARS::CC_CHECK_MASS_DENSITY::CC_CV_RHOZZ_AVERAGE,pointer_reassign,ccib.f90,13168,4,CC
L0034,CC_SCALARS::CC_COMPUTE_KRES,dt_alloc_component,ccib.f90,3713,5,CC_CUTCELL_TYPE%KRES
L0034,CC_SCALARS::CC_COMPUTE_KRES,dt_alloc_component,ccib.f90,3725,5,CC_CUTCELL_TYPE%KRES
L0034,CC_SCALARS::CC_COMPUTE_KRES,dt_alloc_component,ccib.f90,3728,5,CC_CUTCELL_TYPE%KRES
L0034,CC_SCALARS::CC_COMPUTE_KRES,dt_alloc_component,ccib.f90,3728,5,CC_CUTCELL_TYPE%VOLUME
L0034,CC_SCALARS::CC_COMPUTE_KRES,write_derived_index,ccib.f90,3728,1,"KRES(I,J,K)"
L0034,CC_SCALARS::CC_COMPUTE_KRES,reduction_intrinsic,ccib.f90,3728,2,DOT_PRODUCT
L0034,CC_SCALARS::CC_COMPUTE_KRES,reduction_intrinsic,ccib.f90,3728,2,SUM
L0034,CC_SCALARS::CC_COMPUTE_KRES,pointer_reassign,ccib.f90,3709,1,CC
L0035,CC_SCALARS::CC_COMPUTE_VELOCITY_ERROR,alloc_ptr_local,ccib.f90,15670,412,WC
L0035,CC_SCALARS::CC_COMPUTE_VELOCITY_ERROR,alloc_ptr_local,ccib.f90,15671,412,WC
L0035,CC_SCALARS::CC_COMPUTE_VELOCITY_ERROR,alloc_ptr_local,ccib.f90,15671,412,WC
L0035,CC_SCALARS::CC_COMPUTE_VELOCITY_ERROR,alloc_ptr_local,ccib.f90,15673,412,BC
L0035,CC_SCALARS::CC_COMPUTE_VELOCITY_ERROR,dt_alloc_component,ccib.f90,15702,388,CC_CUTFACE_TYPE%XCENHIGH
L0035,CC_SCALARS::CC_COMPUTE_VELOCITY_ERROR,dt_alloc_component,ccib.f90,15702,388,CC_CUTFACE_TYPE%XCENLOW
L0035,CC_SCALARS::CC_COMPUTE_VELOCITY_ERROR,dt_alloc_component,ccib.f90,15703,388,CC_CUTFACE_TYPE%VEL
L0035,CC_SCALARS::CC_COMPUTE_VELOCITY_ERROR,dt_alloc_component,ccib.f90,15703,388,CC_CUTFACE_TYPE%FN
L0035,CC_SCALARS::CC_COMPUTE_VELOCITY_ERROR,write_derived_index,ccib.f90,16171,4,"VELOCITY_ERROR_MAX_LOC(1,NM)"
L0035,CC_SCALARS::CC_COMPUTE_VELOCITY_ERROR,write_derived_index,ccib.f90,16172,4,"VELOCITY_ERROR_MAX_LOC(2,NM)"
L0035,CC_SCALARS::CC_COMPUTE_VELOCITY_ERROR,write_derived_index,ccib.f90,16173,4,"VELOCITY_ERROR_MAX_LOC(3,NM)"
L0035,CC_SCALARS::CC_COMPUTE_VELOCITY_ERROR,write_derived_index,ccib.f90,16174,4,VELOCITY_ERROR_MAX(NM)
L0035,CC_SCALARS::CC_COMPUTE_VELOCITY_ERROR,reduction_intrinsic,ccib.f90,15679,2,ALL
L0035,CC_SCALARS::CC_COMPUTE_VELOCITY_ERROR,reduction_intrinsic,ccib.f90,15736,2,SUM
L0035,CC_SCALARS::CC_COMPUTE_VELOCITY_ERROR,pointer_reassign,ccib.f90,15670,20,WC
L0035,CC_SCALARS::CC_COMPUTE_VELOCITY_ERROR,pointer_reassign,ccib.f90,15673,20,BC
L0035,CC_SCALARS::CC_COMPUTE_VELOCITY_ERROR,pointer_reassign,ccib.f90,15681,20,EWC
L0035,CC_SCALARS::CC_COMPUTE_VELOCITY_ERROR,pointer_reassign,ccib.f90,15683,20,OM
L0036,CC_SCALARS::CC_COMPUTE_VISCOSITY,alloc_ptr_local,ccib.f90,5910,31,UU
L0036,CC_SCALARS::CC_COMPUTE_VISCOSITY,alloc_ptr_local,ccib.f90,5910,31,UU
L0036,CC_SCALARS::CC_COMPUTE_VISCOSITY,alloc_ptr_local,ccib.f90,5911,31,VV
L0036,CC_SCALARS::CC_COMPUTE_VISCOSITY,alloc_ptr_local,ccib.f90,5911,31,VV
L0037,CC_SCALARS::CC_CUTCELL_VELOCITY,dt_alloc_component,ccib.f90,3755,18,CC_CUTCELL_TYPE%CCELEM
L0037,CC_SCALARS::CC_CUTCELL_VELOCITY,dt_alloc_component,ccib.f90,3756,18,CC_CUTCELL_TYPE%CCELEM
L0037,CC_SCALARS::CC_CUTCELL_VELOCITY,dt_alloc_component,ccib.f90,3757,18,CC_CUTCELL_TYPE%FACE_LIST
L0037,CC_SCALARS::CC_CUTCELL_VELOCITY,dt_alloc_component,ccib.f90,3759,18,CC_CUTCELL_TYPE%FACE_LIST
L0037,CC_SCALARS::CC_CUTCELL_VELOCITY,write_derived_index,ccib.f90,3767,4,ATOTV(X1AXIS)
L0037,CC_SCALARS::CC_CUTCELL_VELOCITY,write_derived_index,ccib.f90,3768,4,UVWAV(X1AXIS)
L0037,CC_SCALARS::CC_CUTCELL_VELOCITY,write_derived_index,ccib.f90,3776,4,ATOTV(X1AXIS)
L0037,CC_SCALARS::CC_CUTCELL_VELOCITY,write_derived_index,ccib.f90,3777,4,UVWAV(X1AXIS)
L0037,CC_SCALARS::CC_CUTCELL_VELOCITY,reduction_accum,ccib.f90,3789,2,ATOTV(X1AXIS)
L0037,CC_SCALARS::CC_CUTCELL_VELOCITY,reduction_accum,ccib.f90,3790,2,UVWAV(X1AXIS)
L0037,CC_SCALARS::CC_CUTCELL_VELOCITY,pointer_reassign,ccib.f90,3786,1,BC
L0040,CC_SCALARS::CC_DENSITY,dt_alloc_component,ccib.f90,11799,14,CC_CUTCELL_TYPE%ZZS
L0040,CC_SCALARS::CC_DENSITY,dt_alloc_component,ccib.f90,11800,14,CC_CUTCELL_TYPE%RSUM
L0040,CC_SCALARS::CC_DENSITY,dt_alloc_component,ccib.f90,11803,14,CC_CUTCELL_TYPE%UNKZ
L0040,CC_SCALARS::CC_DENSITY,dt_alloc_component,ccib.f90,11804,14,CC_CUTCELL_TYPE%TMP
L0040,CC_SCALARS::CC_DENSITY,write_derived_index,ccib.f90,11796,12,"TMP(I,J,K)"
L0040,CC_SCALARS::CC_DENSITY,write_derived_index,ccib.f90,11796,12,"RHOS(I,J,K)"
L0040,CC_SCALARS::CC_DENSITY,write_derived_index,ccib.f90,11796,12,"ZZS(I,J,K,1:N_TRACKED_SPECIES)"
L0040,CC_SCALARS::CC_DENSITY,write_derived_index,ccib.f90,11796,12,"RSUM(I,J,K)"
L0040,CC_SCALARS::CC_DENSITY,pointer_reassign,ccib.f90,11794,1,CC
L0043,CC_SCALARS::CC_DENSITY,dt_alloc_component,ccib.f90,11860,14,CC_CUTCELL_TYPE%ZZ
L0043,CC_SCALARS::CC_DENSITY,dt_alloc_component,ccib.f90,11861,14,CC_CUTCELL_TYPE%RSUM
L0043,CC_SCALARS::CC_DENSITY,dt_alloc_component,ccib.f90,11864,14,CC_CUTCELL_TYPE%UNKZ
L0043,CC_SCALARS::CC_DENSITY,dt_alloc_component,ccib.f90,11865,14,CC_CUTCELL_TYPE%TMP
L0043,CC_SCALARS::CC_DENSITY,write_derived_index,ccib.f90,11857,12,"TMP(I,J,K)"
L0043,CC_SCALARS::CC_DENSITY,write_derived_index,ccib.f90,11857,12,"RHO(I,J,K)"
L0043,CC_SCALARS::CC_DENSITY,write_derived_index,ccib.f90,11857,12,"ZZ(I,J,K,1:N_TRACKED_SPECIES)"
L0043,CC_SCALARS::CC_DENSITY,write_derived_index,ccib.f90,11857,12,"RSUM(I,J,K)"
L0043,CC_SCALARS::CC_DENSITY,pointer_reassign,ccib.f90,11855,1,CC
L0046,CC_SCALARS::CC_DIFFUSIVE_MASS_FLUXES,alloc_ptr_local,ccib.f90,11235,1,N_ZZ_MAX_V
L0046,CC_SCALARS::CC_DIFFUSIVE_MASS_FLUXES,dt_alloc_component,ccib.f90,11235,1,BOUNDARY_PROP1_TYPE%ZZ_F
L0046,CC_SCALARS::CC_DIFFUSIVE_MASS_FLUXES,reduction_intrinsic,ccib.f90,11235,1,MAXLOC
L0046,CC_SCALARS::CC_DIFFUSIVE_MASS_FLUXES,pointer_reassign,ccib.f90,11233,2,CFA
L0046,CC_SCALARS::CC_DIFFUSIVE_MASS_FLUXES,pointer_reassign,ccib.f90,11234,2,B1
L0047,CC_SCALARS::CC_DIFFUSIVE_MASS_FLUXES,alloc_ptr_local,ccib.f90,11270,17,RHOP
L0047,CC_SCALARS::CC_DIFFUSIVE_MASS_FLUXES,alloc_ptr_local,ccib.f90,11271,17,ZZP
L0047,CC_SCALARS::CC_DIFFUSIVE_MASS_FLUXES,alloc_ptr_local,ccib.f90,11298,17,RHOP
L0047,CC_SCALARS::CC_DIFFUSIVE_MASS_FLUXES,alloc_ptr_local,ccib.f90,11299,17,ZZP
L0047,CC_SCALARS::CC_DIFFUSIVE_MASS_FLUXES,dt_alloc_component,ccib.f90,11262,72,MESH_TYPE%X
L0047,CC_SCALARS::CC_DIFFUSIVE_MASS_FLUXES,dt_alloc_component,ccib.f90,11279,72,CC_CUTCELL_TYPE%TMP
L0047,CC_SCALARS::CC_DIFFUSIVE_MASS_FLUXES,dt_alloc_component,ccib.f90,11280,72,CC_CUTCELL_TYPE%RHO
L0047,CC_SCALARS::CC_DIFFUSIVE_MASS_FLUXES,dt_alloc_component,ccib.f90,11280,72,CC_CUTCELL_TYPE%RHOS
L0047,CC_SCALARS::CC_DIFFUSIVE_MASS_FLUXES,write_missing_outer_index,ccib.f90,11353,6,RC_FACE(IFACE)%TMP_FACE
L0047,CC_SCALARS::CC_DIFFUSIVE_MASS_FLUXES,write_missing_outer_index,ccib.f90,11413,6,CUT_FACE(ICF)%TMP_FACE(IFACE)
L0047,CC_SCALARS::CC_DIFFUSIVE_MASS_FLUXES,write_missing_outer_index,ccib.f90,11439,6,CUT_FACE(CFA%CUT_FACE_IND1)%TMP_FACE(CFA%CUT_FACE_IND2)
L0047,CC_SCALARS::CC_DIFFUSIVE_MASS_FLUXES,write_missing_outer_index,ccib.f90,11495,6,RC_FACE(IFACE)%TMP_FACE
L0047,CC_SCALARS::CC_DIFFUSIVE_MASS_FLUXES,write_missing_inner_index,ccib.f90,11437,2,"CUT_FACE(CFA%CUT_FACE_IND1)%RHO_D_DZDN(N,CFA%CUT_FACE_IND2)"
L0047,CC_SCALARS::CC_DIFFUSIVE_MASS_FLUXES,write_missing_inner_index,ccib.f90,11438,2,"CUT_FACE(CFA%CUT_FACE_IND1)%ZZ_FACE(N,CFA%CUT_FACE_IND2)"
L0047,CC_SCALARS::CC_DIFFUSIVE_MASS_FLUXES,reduction_intrinsic,ccib.f90,11432,1,SUM
L0047,CC_SCALARS::CC_DIFFUSIVE_MASS_FLUXES,pointer_reassign,ccib.f90,11423,2,CFA
L0047,CC_SCALARS::CC_DIFFUSIVE_MASS_FLUXES,pointer_reassign,ccib.f90,11424,2,B1
L0048,CC_SCALARS::CC_DIVERGENCE_PART_1,alloc_ptr_local,ccib.f90,8387,1,DPVOL
L0049,CC_SCALARS::CC_DIVERGENCE_PART_1,dt_alloc_component,ccib.f90,8393,2,CC_CUTCELL_TYPE%DVOL
L0049,CC_SCALARS::CC_DIVERGENCE_PART_1,dt_alloc_component,ccib.f90,8394,2,CC_CUTCELL_TYPE%DEL_RHO_D_DEL_Z_VOL
L0049,CC_SCALARS::CC_DIVERGENCE_PART_1,write_indirect,ccib.f90,8393,2,CUT_CELL(ICC)%DVOL(1:CUT_CELL(ICC)%NCELL)
L0049,CC_SCALARS::CC_DIVERGENCE_PART_1,write_indirect,ccib.f90,8394,2,"CUT_CELL(ICC)%DEL_RHO_D_DEL_Z_VOL(1:N_TOTAL_SCALARS,1:CUT_CE"
L0050,CC_SCALARS::CC_DIVERGENCE_PART_1,dt_alloc_component,ccib.f90,8407,5,CC_CUTCELL_TYPE%VOLUME
L0050,CC_SCALARS::CC_DIVERGENCE_PART_1,dt_alloc_component,ccib.f90,8409,5,CC_CUTCELL_TYPE%D_SOURCE
L0050,CC_SCALARS::CC_DIVERGENCE_PART_1,dt_alloc_component,ccib.f90,8409,5,CC_CUTCELL_TYPE%D_SOURCE
L0050,CC_SCALARS::CC_DIVERGENCE_PART_1,dt_alloc_component,ccib.f90,8410,5,CC_CUTCELL_TYPE%M_DOT_PPP
L0050,CC_SCALARS::CC_DIVERGENCE_PART_1,reduction_intrinsic,ccib.f90,8407,1,SUM
L0052,CC_SCALARS::CC_DIVERGENCE_PART_1,alloc_ptr_local,ccib.f90,8474,2,DPVOL
L0052,CC_SCALARS::CC_DIVERGENCE_PART_1,alloc_ptr_local,ccib.f90,8474,2,DPVOL
L0053,CC_SCALARS::CC_DIVERGENCE_PART_1,dt_alloc_component,ccib.f90,8482,5,CC_CUTCELL_TYPE%DVOL
L0053,CC_SCALARS::CC_DIVERGENCE_PART_1,dt_alloc_component,ccib.f90,8482,5,CC_CUTCELL_TYPE%DVOL
L0053,CC_SCALARS::CC_DIVERGENCE_PART_1,dt_alloc_component,ccib.f90,8482,5,CC_CUTCELL_TYPE%Q
L0053,CC_SCALARS::CC_DIVERGENCE_PART_1,dt_alloc_component,ccib.f90,8482,5,CC_CUTCELL_TYPE%QR
L0054,CC_SCALARS::CC_DIVERGENCE_PART_1,alloc_ptr_local,ccib.f90,8517,12,ZZ_GET
L0054,CC_SCALARS::CC_DIVERGENCE_PART_1,alloc_ptr_local,ccib.f90,8517,12,ZZP
L0054,CC_SCALARS::CC_DIVERGENCE_PART_1,alloc_ptr_local,ccib.f90,8518,12,ZZ_GET
L0054,CC_SCALARS::CC_DIVERGENCE_PART_1,alloc_ptr_local,ccib.f90,8518,12,CP
L0055,CC_SCALARS::CC_DIVERGENCE_PART_1,alloc_ptr_local,ccib.f90,8531,2,ZZ_GET
L0055,CC_SCALARS::CC_DIVERGENCE_PART_1,alloc_ptr_local,ccib.f90,8532,2,ZZ_GET
L0055,CC_SCALARS::CC_DIVERGENCE_PART_1,dt_alloc_component,ccib.f90,8530,11,CC_CUTCELL_TYPE%TMP
L0055,CC_SCALARS::CC_DIVERGENCE_PART_1,dt_alloc_component,ccib.f90,8531,11,CC_CUTCELL_TYPE%ZZ
L0055,CC_SCALARS::CC_DIVERGENCE_PART_1,dt_alloc_component,ccib.f90,8531,11,CC_CUTCELL_TYPE%ZZS
L0055,CC_SCALARS::CC_DIVERGENCE_PART_1,dt_alloc_component,ccib.f90,8533,11,CC_CUTCELL_TYPE%R_H_G
L0055,CC_SCALARS::CC_DIVERGENCE_PART_1,pointer_reassign,ccib.f90,8528,1,CC
L0056,CC_SCALARS::CC_DIVERGENCE_PART_1,alloc_ptr_local,ccib.f90,8550,9,SM
L0056,CC_SCALARS::CC_DIVERGENCE_PART_1,alloc_ptr_local,ccib.f90,8559,9,DPVOL
L0056,CC_SCALARS::CC_DIVERGENCE_PART_1,alloc_ptr_local,ccib.f90,8559,9,DPVOL
L0056,CC_SCALARS::CC_DIVERGENCE_PART_1,alloc_ptr_local,ccib.f90,8559,9,SM
L0056,CC_SCALARS::CC_DIVERGENCE_PART_1,dt_alloc_component,ccib.f90,8573,16,CC_CUTCELL_TYPE%TMP
L0056,CC_SCALARS::CC_DIVERGENCE_PART_1,dt_alloc_component,ccib.f90,8575,16,CC_CUTCELL_TYPE%DVOL
L0056,CC_SCALARS::CC_DIVERGENCE_PART_1,dt_alloc_component,ccib.f90,8575,16,CC_CUTCELL_TYPE%DVOL
L0056,CC_SCALARS::CC_DIVERGENCE_PART_1,dt_alloc_component,ccib.f90,8575,16,CC_CUTCELL_TYPE%RSUM
L0056,CC_SCALARS::CC_DIVERGENCE_PART_1,reduction_accum,ccib.f90,8559,1,"DPVOL(I,J,K)"
L0056,CC_SCALARS::CC_DIVERGENCE_PART_1,pointer_reassign,ccib.f90,8550,3,SM
L0056,CC_SCALARS::CC_DIVERGENCE_PART_1,pointer_reassign,ccib.f90,8571,3,CC
L0056,CC_SCALARS::CC_DIVERGENCE_PART_1,pointer_reassign,ccib.f90,8581,3,CC
L0057,CC_SCALARS::CC_DIVERGENCE_PART_1,alloc_ptr_local,ccib.f90,8604,2,DPVOL
L0057,CC_SCALARS::CC_DIVERGENCE_PART_1,alloc_ptr_local,ccib.f90,8604,2,DPVOL
L0058,CC_SCALARS::CC_DIVERGENCE_PART_1,dt_alloc_component,ccib.f90,8613,4,CC_CUTCELL_TYPE%DVOL
L0058,CC_SCALARS::CC_DIVERGENCE_PART_1,dt_alloc_component,ccib.f90,8613,4,CC_CUTCELL_TYPE%DVOL
L0058,CC_SCALARS::CC_DIVERGENCE_PART_1,dt_alloc_component,ccib.f90,8613,4,CC_CUTCELL_TYPE%D_SOURCE
L0058,CC_SCALARS::CC_DIVERGENCE_PART_1,dt_alloc_component,ccib.f90,8613,4,CC_CUTCELL_TYPE%VOLUME
L0058,CC_SCALARS::CC_DIVERGENCE_PART_1,pointer_reassign,ccib.f90,8611,1,CC
L0059,CC_SCALARS::CC_DIVERGENCE_PART_1,alloc_ptr_local,ccib.f90,8627,5,DPVOL
L0059,CC_SCALARS::CC_DIVERGENCE_PART_1,alloc_ptr_local,ccib.f90,8627,5,DPVOL
L0059,CC_SCALARS::CC_DIVERGENCE_PART_1,alloc_ptr_local,ccib.f90,8627,5,RTRM
L0059,CC_SCALARS::CC_DIVERGENCE_PART_1,alloc_ptr_local,ccib.f90,8627,5,WW
L0060,CC_SCALARS::CC_DIVERGENCE_PART_1,dt_alloc_component,ccib.f90,8637,6,CC_CUTCELL_TYPE%DVOL
L0060,CC_SCALARS::CC_DIVERGENCE_PART_1,dt_alloc_component,ccib.f90,8637,6,CC_CUTCELL_TYPE%DVOL
L0060,CC_SCALARS::CC_DIVERGENCE_PART_1,dt_alloc_component,ccib.f90,8637,6,CC_CUTCELL_TYPE%RTRM
L0060,CC_SCALARS::CC_DIVERGENCE_PART_1,dt_alloc_component,ccib.f90,8637,6,CC_CUTCELL_TYPE%WVEL
L0060,CC_SCALARS::CC_DIVERGENCE_PART_1,pointer_reassign,ccib.f90,8634,1,CC
L0061,CC_SCALARS::CC_DIVERGENCE_PART_1,alloc_ptr_local,ccib.f90,8656,6,SM
L0061,CC_SCALARS::CC_DIVERGENCE_PART_1,alloc_ptr_local,ccib.f90,8662,6,DPVOL
L0061,CC_SCALARS::CC_DIVERGENCE_PART_1,alloc_ptr_local,ccib.f90,8662,6,DPVOL
L0061,CC_SCALARS::CC_DIVERGENCE_PART_1,alloc_ptr_local,ccib.f90,8662,6,SM
L0061,CC_SCALARS::CC_DIVERGENCE_PART_1,write_missing_inner_index,ccib.f90,8662,1,"DPVOL(I,J,K)"
L0061,CC_SCALARS::CC_DIVERGENCE_PART_1,pointer_reassign,ccib.f90,8656,1,SM
L0062,CC_SCALARS::CC_DIVERGENCE_PART_1,alloc_ptr_local,ccib.f90,8676,2,SM
L0062,CC_SCALARS::CC_DIVERGENCE_PART_1,alloc_ptr_local,ccib.f90,8682,2,SM
L0062,CC_SCALARS::CC_DIVERGENCE_PART_1,dt_alloc_component,ccib.f90,8672,9,CC_CUTCELL_TYPE%XYZCEN
L0062,CC_SCALARS::CC_DIVERGENCE_PART_1,dt_alloc_component,ccib.f90,8673,9,CC_CUTCELL_TYPE%XYZCEN
L0062,CC_SCALARS::CC_DIVERGENCE_PART_1,dt_alloc_component,ccib.f90,8674,9,CC_CUTCELL_TYPE%TMP
L0062,CC_SCALARS::CC_DIVERGENCE_PART_1,dt_alloc_component,ccib.f90,8682,9,CC_CUTCELL_TYPE%DVOL
L0062,CC_SCALARS::CC_DIVERGENCE_PART_1,write_missing_inner_index,ccib.f90,8682,1,CUT_CELL(ICC)%DVOL(JCC)
L0062,CC_SCALARS::CC_DIVERGENCE_PART_1,pointer_reassign,ccib.f90,8676,1,SM
L0063,CC_SCALARS::CC_DIVERGENCE_PART_1,alloc_ptr_local,ccib.f90,8696,2,SM
L0063,CC_SCALARS::CC_DIVERGENCE_PART_1,alloc_ptr_local,ccib.f90,8702,2,SM
L0063,CC_SCALARS::CC_DIVERGENCE_PART_1,dt_alloc_component,ccib.f90,8692,9,CC_CUTCELL_TYPE%XYZCEN
L0063,CC_SCALARS::CC_DIVERGENCE_PART_1,dt_alloc_component,ccib.f90,8693,9,CC_CUTCELL_TYPE%XYZCEN
L0063,CC_SCALARS::CC_DIVERGENCE_PART_1,dt_alloc_component,ccib.f90,8694,9,CC_CUTCELL_TYPE%TMP
L0063,CC_SCALARS::CC_DIVERGENCE_PART_1,dt_alloc_component,ccib.f90,8702,9,CC_CUTCELL_TYPE%DVOL
L0063,CC_SCALARS::CC_DIVERGENCE_PART_1,write_missing_inner_index,ccib.f90,8702,1,CUT_CELL(ICC)%DVOL(JCC)
L0063,CC_SCALARS::CC_DIVERGENCE_PART_1,pointer_reassign,ccib.f90,8696,1,SM
L0064,CC_SCALARS::CC_DIVERGENCE_PART_1,alloc_ptr_local,ccib.f90,8726,8,DIVRG_VEC
L0064,CC_SCALARS::CC_DIVERGENCE_PART_1,alloc_ptr_local,ccib.f90,8726,8,DIVRG_VEC
L0064,CC_SCALARS::CC_DIVERGENCE_PART_1,alloc_ptr_local,ccib.f90,8726,8,DPVOL
L0064,CC_SCALARS::CC_DIVERGENCE_PART_1,alloc_ptr_local,ccib.f90,8727,8,RTRM_VEC
L0064,CC_SCALARS::CC_DIVERGENCE_PART_1,write_derived_index,ccib.f90,8726,3,DIVRG_VEC(INDZ)
L0064,CC_SCALARS::CC_DIVERGENCE_PART_1,write_derived_index,ccib.f90,8727,3,RTRM_VEC(INDZ)
L0064,CC_SCALARS::CC_DIVERGENCE_PART_1,write_derived_index,ccib.f90,8728,3,VOLDVRG(INDZ)
L0065,CC_SCALARS::CC_DIVERGENCE_PART_1,alloc_ptr_local,ccib.f90,8741,6,DIVRG_VEC
L0065,CC_SCALARS::CC_DIVERGENCE_PART_1,alloc_ptr_local,ccib.f90,8741,6,DIVRG_VEC
L0065,CC_SCALARS::CC_DIVERGENCE_PART_1,alloc_ptr_local,ccib.f90,8742,6,RTRM_VEC
L0065,CC_SCALARS::CC_DIVERGENCE_PART_1,alloc_ptr_local,ccib.f90,8742,6,RTRM_VEC
L0065,CC_SCALARS::CC_DIVERGENCE_PART_1,dt_alloc_component,ccib.f90,8740,5,CC_CUTCELL_TYPE%UNKZ
L0065,CC_SCALARS::CC_DIVERGENCE_PART_1,dt_alloc_component,ccib.f90,8741,5,CC_CUTCELL_TYPE%DVOL
L0065,CC_SCALARS::CC_DIVERGENCE_PART_1,dt_alloc_component,ccib.f90,8742,5,CC_CUTCELL_TYPE%RTRM
L0065,CC_SCALARS::CC_DIVERGENCE_PART_1,dt_alloc_component,ccib.f90,8742,5,CC_CUTCELL_TYPE%VOLUME
L0065,CC_SCALARS::CC_DIVERGENCE_PART_1,write_derived_index,ccib.f90,8741,3,DIVRG_VEC(INDZ)
L0065,CC_SCALARS::CC_DIVERGENCE_PART_1,write_derived_index,ccib.f90,8742,3,RTRM_VEC(INDZ)
L0065,CC_SCALARS::CC_DIVERGENCE_PART_1,write_derived_index,ccib.f90,8743,3,VOLDVRG(INDZ)
L0066,CC_SCALARS::CC_DIVERGENCE_PART_1,alloc_ptr_local,ccib.f90,8754,6,DIVRG_VEC
L0066,CC_SCALARS::CC_DIVERGENCE_PART_1,alloc_ptr_local,ccib.f90,8754,6,DIVRG_VEC
L0066,CC_SCALARS::CC_DIVERGENCE_PART_1,alloc_ptr_local,ccib.f90,8755,6,RTRM_VEC
L0066,CC_SCALARS::CC_DIVERGENCE_PART_1,alloc_ptr_local,ccib.f90,8755,6,RTRM_VEC
L0066,CC_SCALARS::CC_DIVERGENCE_PART_1,dt_alloc_component,ccib.f90,8753,5,CC_CUTCELL_TYPE%UNKZ
L0066,CC_SCALARS::CC_DIVERGENCE_PART_1,dt_alloc_component,ccib.f90,8754,5,CC_CUTCELL_TYPE%DVOL
L0066,CC_SCALARS::CC_DIVERGENCE_PART_1,dt_alloc_component,ccib.f90,8755,5,CC_CUTCELL_TYPE%RTRM
L0066,CC_SCALARS::CC_DIVERGENCE_PART_1,dt_alloc_component,ccib.f90,8755,5,CC_CUTCELL_TYPE%VOLUME
L0066,CC_SCALARS::CC_DIVERGENCE_PART_1,write_derived_index,ccib.f90,8754,3,DIVRG_VEC(INDZ)
L0066,CC_SCALARS::CC_DIVERGENCE_PART_1,write_derived_index,ccib.f90,8755,3,RTRM_VEC(INDZ)
L0066,CC_SCALARS::CC_DIVERGENCE_PART_1,write_derived_index,ccib.f90,8756,3,VOLDVRG(INDZ)
L0068,CC_SCALARS::CC_DIVERGENCE_PART_1,alloc_ptr_local,ccib.f90,8777,4,DP
L0068,CC_SCALARS::CC_DIVERGENCE_PART_1,alloc_ptr_local,ccib.f90,8777,4,DIVRG_VEC
L0068,CC_SCALARS::CC_DIVERGENCE_PART_1,alloc_ptr_local,ccib.f90,8778,4,RTRM
L0068,CC_SCALARS::CC_DIVERGENCE_PART_1,alloc_ptr_local,ccib.f90,8778,4,RTRM_VEC
L0069,CC_SCALARS::CC_DIVERGENCE_PART_1,alloc_ptr_local,ccib.f90,8795,5,DIVRG_VEC
L0069,CC_SCALARS::CC_DIVERGENCE_PART_1,alloc_ptr_local,ccib.f90,8796,5,DIVRG_VEC
L0069,CC_SCALARS::CC_DIVERGENCE_PART_1,alloc_ptr_local,ccib.f90,8797,5,RTRM_VEC
L0069,CC_SCALARS::CC_DIVERGENCE_PART_1,alloc_ptr_local,ccib.f90,8804,5,DP
L0069,CC_SCALARS::CC_DIVERGENCE_PART_1,dt_alloc_component,ccib.f90,8794,9,CC_CUTCELL_TYPE%UNKZ
L0069,CC_SCALARS::CC_DIVERGENCE_PART_1,dt_alloc_component,ccib.f90,8795,9,CC_CUTCELL_TYPE%DVOL
L0069,CC_SCALARS::CC_DIVERGENCE_PART_1,dt_alloc_component,ccib.f90,8795,9,CC_CUTCELL_TYPE%VOLUME
L0069,CC_SCALARS::CC_DIVERGENCE_PART_1,dt_alloc_component,ccib.f90,8796,9,CC_CUTCELL_TYPE%DS
L0069,CC_SCALARS::CC_DIVERGENCE_PART_1,write_derived_index,ccib.f90,8804,2,"DP(I,J,K)"
L0069,CC_SCALARS::CC_DIVERGENCE_PART_1,write_derived_index,ccib.f90,8805,2,"RTRM(I,J,K)"
L0070,CC_SCALARS::CC_DIVERGENCE_PART_1,alloc_ptr_local,ccib.f90,8818,5,DIVRG_VEC
L0070,CC_SCALARS::CC_DIVERGENCE_PART_1,alloc_ptr_local,ccib.f90,8819,5,DIVRG_VEC
L0070,CC_SCALARS::CC_DIVERGENCE_PART_1,alloc_ptr_local,ccib.f90,8820,5,RTRM_VEC
L0070,CC_SCALARS::CC_DIVERGENCE_PART_1,alloc_ptr_local,ccib.f90,8827,5,DP
L0070,CC_SCALARS::CC_DIVERGENCE_PART_1,dt_alloc_component,ccib.f90,8817,9,CC_CUTCELL_TYPE%UNKZ
L0070,CC_SCALARS::CC_DIVERGENCE_PART_1,dt_alloc_component,ccib.f90,8818,9,CC_CUTCELL_TYPE%DVOL
L0070,CC_SCALARS::CC_DIVERGENCE_PART_1,dt_alloc_component,ccib.f90,8818,9,CC_CUTCELL_TYPE%VOLUME
L0070,CC_SCALARS::CC_DIVERGENCE_PART_1,dt_alloc_component,ccib.f90,8819,9,CC_CUTCELL_TYPE%D
L0070,CC_SCALARS::CC_DIVERGENCE_PART_1,write_derived_index,ccib.f90,8827,2,"DP(I,J,K)"
L0070,CC_SCALARS::CC_DIVERGENCE_PART_1,write_derived_index,ccib.f90,8828,2,"RTRM(I,J,K)"
L0071,CC_SCALARS::CC_DIVERGENCE_PART_1::CCENTHALPY_ADVECTION,alloc_ptr_local,ccib.f90,9522,8,REGFACE_Z
L0071,CC_SCALARS::CC_DIVERGENCE_PART_1::CCENTHALPY_ADVECTION,alloc_ptr_local,ccib.f90,9525,8,REGFACE_Z
L0071,CC_SCALARS::CC_DIVERGENCE_PART_1::CCENTHALPY_ADVECTION,alloc_ptr_local,ccib.f90,9526,8,REGFACE_Z
L0071,CC_SCALARS::CC_DIVERGENCE_PART_1::CCENTHALPY_ADVECTION,alloc_ptr_local,ccib.f90,9527,8,REGFACE_Z
L0071,CC_SCALARS::CC_DIVERGENCE_PART_1::CCENTHALPY_ADVECTION,write_derived_index,ccib.f90,9542,2,"DPVOL(I,J,K)"
L0071,CC_SCALARS::CC_DIVERGENCE_PART_1::CCENTHALPY_ADVECTION,write_derived_index,ccib.f90,9543,2,"DPVOL(I+1,J,K)"
L0071,CC_SCALARS::CC_DIVERGENCE_PART_1::CCENTHALPY_ADVECTION,write_missing_outer_index,ccib.f90,9530,3,RHOPV(-1:0)
L0071,CC_SCALARS::CC_DIVERGENCE_PART_1::CCENTHALPY_ADVECTION,write_missing_outer_index,ccib.f90,9531,3,TMPV(-1:0)
L0071,CC_SCALARS::CC_DIVERGENCE_PART_1::CCENTHALPY_ADVECTION,write_missing_outer_index,ccib.f90,9535,3,ZZ_GET(1:N_TRACKED_SPECIES)
L0072,CC_SCALARS::CC_DIVERGENCE_PART_1::CCENTHALPY_ADVECTION,alloc_ptr_local,ccib.f90,9550,8,REGFACE_Z
L0072,CC_SCALARS::CC_DIVERGENCE_PART_1::CCENTHALPY_ADVECTION,alloc_ptr_local,ccib.f90,9553,8,REGFACE_Z
L0072,CC_SCALARS::CC_DIVERGENCE_PART_1::CCENTHALPY_ADVECTION,alloc_ptr_local,ccib.f90,9554,8,REGFACE_Z
L0072,CC_SCALARS::CC_DIVERGENCE_PART_1::CCENTHALPY_ADVECTION,alloc_ptr_local,ccib.f90,9555,8,REGFACE_Z
L0072,CC_SCALARS::CC_DIVERGENCE_PART_1::CCENTHALPY_ADVECTION,write_derived_index,ccib.f90,9570,2,"DPVOL(I,J,K)"
L0072,CC_SCALARS::CC_DIVERGENCE_PART_1::CCENTHALPY_ADVECTION,write_derived_index,ccib.f90,9571,2,"DPVOL(I,J+1,K)"
L0072,CC_SCALARS::CC_DIVERGENCE_PART_1::CCENTHALPY_ADVECTION,write_missing_outer_index,ccib.f90,9558,3,RHOPV(-1:0)
L0072,CC_SCALARS::CC_DIVERGENCE_PART_1::CCENTHALPY_ADVECTION,write_missing_outer_index,ccib.f90,9559,3,TMPV(-1:0)
L0072,CC_SCALARS::CC_DIVERGENCE_PART_1::CCENTHALPY_ADVECTION,write_missing_outer_index,ccib.f90,9563,3,ZZ_GET(1:N_TRACKED_SPECIES)
L0073,CC_SCALARS::CC_DIVERGENCE_PART_1::CCENTHALPY_ADVECTION,alloc_ptr_local,ccib.f90,9578,8,REGFACE_Z
L0073,CC_SCALARS::CC_DIVERGENCE_PART_1::CCENTHALPY_ADVECTION,alloc_ptr_local,ccib.f90,9581,8,REGFACE_Z
L0073,CC_SCALARS::CC_DIVERGENCE_PART_1::CCENTHALPY_ADVECTION,alloc_ptr_local,ccib.f90,9582,8,REGFACE_Z
L0073,CC_SCALARS::CC_DIVERGENCE_PART_1::CCENTHALPY_ADVECTION,alloc_ptr_local,ccib.f90,9583,8,REGFACE_Z
L0073,CC_SCALARS::CC_DIVERGENCE_PART_1::CCENTHALPY_ADVECTION,write_derived_index,ccib.f90,9598,2,"DPVOL(I,J,K)"
L0073,CC_SCALARS::CC_DIVERGENCE_PART_1::CCENTHALPY_ADVECTION,write_derived_index,ccib.f90,9599,2,"DPVOL(I,J,K+1)"
L0073,CC_SCALARS::CC_DIVERGENCE_PART_1::CCENTHALPY_ADVECTION,write_missing_outer_index,ccib.f90,9586,3,RHOPV(-1:0)
L0073,CC_SCALARS::CC_DIVERGENCE_PART_1::CCENTHALPY_ADVECTION,write_missing_outer_index,ccib.f90,9587,3,TMPV(-1:0)
L0073,CC_SCALARS::CC_DIVERGENCE_PART_1::CCENTHALPY_ADVECTION,write_missing_outer_index,ccib.f90,9591,3,ZZ_GET(1:N_TRACKED_SPECIES)
L0074,CC_SCALARS::CC_DIVERGENCE_PART_1::CCENTHALPY_ADVECTION,dt_alloc_component,ccib.f90,9624,21,CC_CUTCELL_TYPE%TMP
L0074,CC_SCALARS::CC_DIVERGENCE_PART_1::CCENTHALPY_ADVECTION,dt_alloc_component,ccib.f90,9625,21,CC_CUTCELL_TYPE%RHO
L0074,CC_SCALARS::CC_DIVERGENCE_PART_1::CCENTHALPY_ADVECTION,dt_alloc_component,ccib.f90,9625,21,CC_CUTCELL_TYPE%RHOS
L0074,CC_SCALARS::CC_DIVERGENCE_PART_1::CCENTHALPY_ADVECTION,dt_alloc_component,ccib.f90,9626,21,CC_CUTCELL_TYPE%ZZ
L0074,CC_SCALARS::CC_DIVERGENCE_PART_1::CCENTHALPY_ADVECTION,write_derived_index,ccib.f90,9635,18,RHO_H_S_PV(ISIDE)
L0074,CC_SCALARS::CC_DIVERGENCE_PART_1::CCENTHALPY_ADVECTION,write_derived_index,ccib.f90,9639,18,RHO_H_S_PV(ISIDE)
L0074,CC_SCALARS::CC_DIVERGENCE_PART_1::CCENTHALPY_ADVECTION,write_derived_index,ccib.f90,9644,18,RHO_H_S_PV(ISIDE)
L0074,CC_SCALARS::CC_DIVERGENCE_PART_1::CCENTHALPY_ADVECTION,write_derived_index,ccib.f90,9648,18,RHO_H_S_PV(ISIDE)
L0074,CC_SCALARS::CC_DIVERGENCE_PART_1::CCENTHALPY_ADVECTION,write_missing_outer_index,ccib.f90,9614,30,RHOPV(-1:0)
L0074,CC_SCALARS::CC_DIVERGENCE_PART_1::CCENTHALPY_ADVECTION,write_missing_outer_index,ccib.f90,9615,30,TMPV(-1:0)
L0074,CC_SCALARS::CC_DIVERGENCE_PART_1::CCENTHALPY_ADVECTION,write_missing_outer_index,ccib.f90,9620,30,ZZ_GET(1:N_TRACKED_SPECIES)
L0074,CC_SCALARS::CC_DIVERGENCE_PART_1::CCENTHALPY_ADVECTION,write_missing_outer_index,ccib.f90,9624,30,TMPV(ISIDE)
L0075,CC_SCALARS::CC_DIVERGENCE_PART_1::CCENTHALPY_ADVECTION,dt_alloc_component,ccib.f90,9801,16,CC_CUTFACE_TYPE%AREA
L0075,CC_SCALARS::CC_DIVERGENCE_PART_1::CCENTHALPY_ADVECTION,dt_alloc_component,ccib.f90,9807,16,CC_CUTFACE_TYPE%CELL_LIST
L0075,CC_SCALARS::CC_DIVERGENCE_PART_1::CCENTHALPY_ADVECTION,dt_alloc_component,ccib.f90,9809,16,CC_CUTFACE_TYPE%CELL_LIST
L0075,CC_SCALARS::CC_DIVERGENCE_PART_1::CCENTHALPY_ADVECTION,dt_alloc_component,ccib.f90,9810,16,CC_CUTFACE_TYPE%CELL_LIST
L0075,CC_SCALARS::CC_DIVERGENCE_PART_1::CCENTHALPY_ADVECTION,write_derived_index,ccib.f90,9824,13,RHO_H_S_PV(ISIDE)
L0075,CC_SCALARS::CC_DIVERGENCE_PART_1::CCENTHALPY_ADVECTION,write_derived_index,ccib.f90,9828,13,RHO_H_S_PV(ISIDE)
L0075,CC_SCALARS::CC_DIVERGENCE_PART_1::CCENTHALPY_ADVECTION,write_derived_index,ccib.f90,9833,13,RHO_H_S_PV(ISIDE)
L0075,CC_SCALARS::CC_DIVERGENCE_PART_1::CCENTHALPY_ADVECTION,write_derived_index,ccib.f90,9837,13,RHO_H_S_PV(ISIDE)
L0075,CC_SCALARS::CC_DIVERGENCE_PART_1::CCENTHALPY_ADVECTION,write_missing_outer_index,ccib.f90,9802,13,RHOPV(-1:0)
L0075,CC_SCALARS::CC_DIVERGENCE_PART_1::CCENTHALPY_ADVECTION,write_missing_outer_index,ccib.f90,9803,13,TMPV(-1:0)
L0075,CC_SCALARS::CC_DIVERGENCE_PART_1::CCENTHALPY_ADVECTION,write_missing_outer_index,ccib.f90,9811,13,TMPV(ISIDE)
L0075,CC_SCALARS::CC_DIVERGENCE_PART_1::CCENTHALPY_ADVECTION,write_missing_outer_index,ccib.f90,9812,13,RHOPV(ISIDE)
L0076,CC_SCALARS::CC_DIVERGENCE_PART_1::CCENTHALPY_ADVECTION,alloc_ptr_local,ccib.f90,9909,6,B1
L0076,CC_SCALARS::CC_DIVERGENCE_PART_1::CCENTHALPY_ADVECTION,alloc_ptr_local,ccib.f90,9924,6,B1
L0076,CC_SCALARS::CC_DIVERGENCE_PART_1::CCENTHALPY_ADVECTION,alloc_ptr_local,ccib.f90,9924,6,B1
L0076,CC_SCALARS::CC_DIVERGENCE_PART_1::CCENTHALPY_ADVECTION,alloc_ptr_local,ccib.f90,9925,6,B1
L0076,CC_SCALARS::CC_DIVERGENCE_PART_1::CCENTHALPY_ADVECTION,dt_alloc_component,ccib.f90,9930,1,BOUNDARY_PROP1_TYPE%ZZ_F
L0076,CC_SCALARS::CC_DIVERGENCE_PART_1::CCENTHALPY_ADVECTION,write_derived_index,ccib.f90,9915,4,RHOPV(ISIDE)
L0076,CC_SCALARS::CC_DIVERGENCE_PART_1::CCENTHALPY_ADVECTION,write_derived_index,ccib.f90,9916,4,TMPV(ISIDE)
L0076,CC_SCALARS::CC_DIVERGENCE_PART_1::CCENTHALPY_ADVECTION,write_derived_index,ccib.f90,9920,4,RHO_H_S_PV(ISIDE)
L0076,CC_SCALARS::CC_DIVERGENCE_PART_1::CCENTHALPY_ADVECTION,write_derived_index,ccib.f90,9935,4,"DPVOL(I+1+ISIDE,J,K)"
L0076,CC_SCALARS::CC_DIVERGENCE_PART_1::CCENTHALPY_ADVECTION,write_missing_outer_index,ccib.f90,9918,2,ZZ_GET(1:N_TRACKED_SPECIES)
L0076,CC_SCALARS::CC_DIVERGENCE_PART_1::CCENTHALPY_ADVECTION,write_missing_outer_index,ccib.f90,9930,2,ZZ_GET(1:N_TRACKED_SPECIES)
L0076,CC_SCALARS::CC_DIVERGENCE_PART_1::CCENTHALPY_ADVECTION,pointer_reassign,ccib.f90,9908,3,WC
L0076,CC_SCALARS::CC_DIVERGENCE_PART_1::CCENTHALPY_ADVECTION,pointer_reassign,ccib.f90,9909,3,B1
L0076,CC_SCALARS::CC_DIVERGENCE_PART_1::CCENTHALPY_ADVECTION,pointer_reassign,ccib.f90,9910,3,BC
L0077,CC_SCALARS::CC_DIVERGENCE_PART_1::CCENTHALPY_ADVECTION,alloc_ptr_local,ccib.f90,9949,6,B1
L0077,CC_SCALARS::CC_DIVERGENCE_PART_1::CCENTHALPY_ADVECTION,alloc_ptr_local,ccib.f90,9964,6,B1
L0077,CC_SCALARS::CC_DIVERGENCE_PART_1::CCENTHALPY_ADVECTION,alloc_ptr_local,ccib.f90,9964,6,B1
L0077,CC_SCALARS::CC_DIVERGENCE_PART_1::CCENTHALPY_ADVECTION,alloc_ptr_local,ccib.f90,9965,6,B1
L0077,CC_SCALARS::CC_DIVERGENCE_PART_1::CCENTHALPY_ADVECTION,dt_alloc_component,ccib.f90,9970,1,BOUNDARY_PROP1_TYPE%ZZ_F
L0077,CC_SCALARS::CC_DIVERGENCE_PART_1::CCENTHALPY_ADVECTION,write_derived_index,ccib.f90,9955,4,RHOPV(ISIDE)
L0077,CC_SCALARS::CC_DIVERGENCE_PART_1::CCENTHALPY_ADVECTION,write_derived_index,ccib.f90,9956,4,TMPV(ISIDE)
L0077,CC_SCALARS::CC_DIVERGENCE_PART_1::CCENTHALPY_ADVECTION,write_derived_index,ccib.f90,9960,4,RHO_H_S_PV(ISIDE)
L0077,CC_SCALARS::CC_DIVERGENCE_PART_1::CCENTHALPY_ADVECTION,write_derived_index,ccib.f90,9975,4,"DPVOL(I,J+1+ISIDE,K)"
L0077,CC_SCALARS::CC_DIVERGENCE_PART_1::CCENTHALPY_ADVECTION,write_missing_outer_index,ccib.f90,9958,2,ZZ_GET(1:N_TRACKED_SPECIES)
L0077,CC_SCALARS::CC_DIVERGENCE_PART_1::CCENTHALPY_ADVECTION,write_missing_outer_index,ccib.f90,9970,2,ZZ_GET(1:N_TRACKED_SPECIES)
L0077,CC_SCALARS::CC_DIVERGENCE_PART_1::CCENTHALPY_ADVECTION,pointer_reassign,ccib.f90,9948,3,WC
L0077,CC_SCALARS::CC_DIVERGENCE_PART_1::CCENTHALPY_ADVECTION,pointer_reassign,ccib.f90,9949,3,B1
L0077,CC_SCALARS::CC_DIVERGENCE_PART_1::CCENTHALPY_ADVECTION,pointer_reassign,ccib.f90,9950,3,BC
L0078,CC_SCALARS::CC_DIVERGENCE_PART_1::CCENTHALPY_ADVECTION,alloc_ptr_local,ccib.f90,9989,6,B1
L0078,CC_SCALARS::CC_DIVERGENCE_PART_1::CCENTHALPY_ADVECTION,alloc_ptr_local,ccib.f90,10004,6,B1
L0078,CC_SCALARS::CC_DIVERGENCE_PART_1::CCENTHALPY_ADVECTION,alloc_ptr_local,ccib.f90,10004,6,B1
L0078,CC_SCALARS::CC_DIVERGENCE_PART_1::CCENTHALPY_ADVECTION,alloc_ptr_local,ccib.f90,10005,6,B1
L0078,CC_SCALARS::CC_DIVERGENCE_PART_1::CCENTHALPY_ADVECTION,dt_alloc_component,ccib.f90,10010,1,BOUNDARY_PROP1_TYPE%ZZ_F
L0078,CC_SCALARS::CC_DIVERGENCE_PART_1::CCENTHALPY_ADVECTION,write_derived_index,ccib.f90,9995,4,RHOPV(ISIDE)
L0078,CC_SCALARS::CC_DIVERGENCE_PART_1::CCENTHALPY_ADVECTION,write_derived_index,ccib.f90,9996,4,TMPV(ISIDE)
L0078,CC_SCALARS::CC_DIVERGENCE_PART_1::CCENTHALPY_ADVECTION,write_derived_index,ccib.f90,10000,4,RHO_H_S_PV(ISIDE)
L0078,CC_SCALARS::CC_DIVERGENCE_PART_1::CCENTHALPY_ADVECTION,write_derived_index,ccib.f90,10015,4,"DPVOL(I,J,K+1+ISIDE)"
L0078,CC_SCALARS::CC_DIVERGENCE_PART_1::CCENTHALPY_ADVECTION,write_missing_outer_index,ccib.f90,9998,2,ZZ_GET(1:N_TRACKED_SPECIES)
L0078,CC_SCALARS::CC_DIVERGENCE_PART_1::CCENTHALPY_ADVECTION,write_missing_outer_index,ccib.f90,10010,2,ZZ_GET(1:N_TRACKED_SPECIES)
L0078,CC_SCALARS::CC_DIVERGENCE_PART_1::CCENTHALPY_ADVECTION,pointer_reassign,ccib.f90,9988,3,WC
L0078,CC_SCALARS::CC_DIVERGENCE_PART_1::CCENTHALPY_ADVECTION,pointer_reassign,ccib.f90,9989,3,B1
L0078,CC_SCALARS::CC_DIVERGENCE_PART_1::CCENTHALPY_ADVECTION,pointer_reassign,ccib.f90,9990,3,BC
L0079,CC_SCALARS::CC_DIVERGENCE_PART_1::CCENTHALPY_ADVECTION,alloc_ptr_local,ccib.f90,10027,6,B1
L0079,CC_SCALARS::CC_DIVERGENCE_PART_1::CCENTHALPY_ADVECTION,alloc_ptr_local,ccib.f90,10091,6,B1
L0079,CC_SCALARS::CC_DIVERGENCE_PART_1::CCENTHALPY_ADVECTION,alloc_ptr_local,ccib.f90,10091,6,B1
L0079,CC_SCALARS::CC_DIVERGENCE_PART_1::CCENTHALPY_ADVECTION,alloc_ptr_local,ccib.f90,10092,6,B1
L0079,CC_SCALARS::CC_DIVERGENCE_PART_1::CCENTHALPY_ADVECTION,dt_alloc_component,ccib.f90,10047,18,CC_CUTCELL_TYPE%TMP
L0079,CC_SCALARS::CC_DIVERGENCE_PART_1::CCENTHALPY_ADVECTION,dt_alloc_component,ccib.f90,10048,18,CC_CUTCELL_TYPE%RHO
L0079,CC_SCALARS::CC_DIVERGENCE_PART_1::CCENTHALPY_ADVECTION,dt_alloc_component,ccib.f90,10048,18,CC_CUTCELL_TYPE%RHOS
L0079,CC_SCALARS::CC_DIVERGENCE_PART_1::CCENTHALPY_ADVECTION,dt_alloc_component,ccib.f90,10049,18,CC_CUTCELL_TYPE%ZZ
L0079,CC_SCALARS::CC_DIVERGENCE_PART_1::CCENTHALPY_ADVECTION,write_derived_index,ccib.f90,10039,17,RHOPV(ISIDE)
L0079,CC_SCALARS::CC_DIVERGENCE_PART_1::CCENTHALPY_ADVECTION,write_derived_index,ccib.f90,10040,17,TMPV(ISIDE)
L0079,CC_SCALARS::CC_DIVERGENCE_PART_1::CCENTHALPY_ADVECTION,write_derived_index,ccib.f90,10047,17,TMPV(ISIDE)
L0079,CC_SCALARS::CC_DIVERGENCE_PART_1::CCENTHALPY_ADVECTION,write_derived_index,ccib.f90,10048,17,RHOPV(ISIDE)
L0079,CC_SCALARS::CC_DIVERGENCE_PART_1::CCENTHALPY_ADVECTION,write_missing_outer_index,ccib.f90,10043,7,ZZ_GET(1:N_TRACKED_SPECIES)
L0079,CC_SCALARS::CC_DIVERGENCE_PART_1::CCENTHALPY_ADVECTION,write_missing_outer_index,ccib.f90,10049,7,ZZ_GET(1:N_TRACKED_SPECIES)
L0079,CC_SCALARS::CC_DIVERGENCE_PART_1::CCENTHALPY_ADVECTION,write_missing_outer_index,ccib.f90,10059,7,ZZ_GET(1:N_TRACKED_SPECIES)
L0079,CC_SCALARS::CC_DIVERGENCE_PART_1::CCENTHALPY_ADVECTION,write_missing_outer_index,ccib.f90,10065,7,ZZ_GET(1:N_TRACKED_SPECIES)
L0079,CC_SCALARS::CC_DIVERGENCE_PART_1::CCENTHALPY_ADVECTION,pointer_reassign,ccib.f90,10026,3,WC
L0079,CC_SCALARS::CC_DIVERGENCE_PART_1::CCENTHALPY_ADVECTION,pointer_reassign,ccib.f90,10027,3,B1
L0079,CC_SCALARS::CC_DIVERGENCE_PART_1::CCENTHALPY_ADVECTION,pointer_reassign,ccib.f90,10028,3,BC
L0080,CC_SCALARS::CC_DIVERGENCE_PART_1::CCENTHALPY_ADVECTION,alloc_ptr_local,ccib.f90,10135,9,B1
L0080,CC_SCALARS::CC_DIVERGENCE_PART_1::CCENTHALPY_ADVECTION,alloc_ptr_local,ccib.f90,10140,9,B1
L0080,CC_SCALARS::CC_DIVERGENCE_PART_1::CCENTHALPY_ADVECTION,alloc_ptr_local,ccib.f90,10140,9,B1
L0080,CC_SCALARS::CC_DIVERGENCE_PART_1::CCENTHALPY_ADVECTION,alloc_ptr_local,ccib.f90,10141,9,B1
L0080,CC_SCALARS::CC_DIVERGENCE_PART_1::CCENTHALPY_ADVECTION,dt_alloc_component,ccib.f90,10131,17,MESH_TYPE%CUT_FACE
L0080,CC_SCALARS::CC_DIVERGENCE_PART_1::CCENTHALPY_ADVECTION,dt_alloc_component,ccib.f90,10143,17,BOUNDARY_PROP1_TYPE%ZZ_F
L0080,CC_SCALARS::CC_DIVERGENCE_PART_1::CCENTHALPY_ADVECTION,dt_alloc_component,ccib.f90,10151,17,CC_CUTFACE_TYPE%AREA
L0080,CC_SCALARS::CC_DIVERGENCE_PART_1::CCENTHALPY_ADVECTION,dt_alloc_component,ccib.f90,10154,17,CC_CUTFACE_TYPE%CFACE_INDEX
L0080,CC_SCALARS::CC_DIVERGENCE_PART_1::CCENTHALPY_ADVECTION,write_derived_index,ccib.f90,10168,4,TMPV(ISIDE)
L0080,CC_SCALARS::CC_DIVERGENCE_PART_1::CCENTHALPY_ADVECTION,write_derived_index,ccib.f90,10169,4,RHOPV(ISIDE)
L0080,CC_SCALARS::CC_DIVERGENCE_PART_1::CCENTHALPY_ADVECTION,write_derived_index,ccib.f90,10173,4,RHO_H_S_PV(ISIDE)
L0080,CC_SCALARS::CC_DIVERGENCE_PART_1::CCENTHALPY_ADVECTION,write_derived_index,ccib.f90,10180,4,CUT_CELL(ICC)%DVOL(JCC)
L0080,CC_SCALARS::CC_DIVERGENCE_PART_1::CCENTHALPY_ADVECTION,write_missing_outer_index,ccib.f90,10143,2,ZZ_GET(1:N_TRACKED_SPECIES)
L0080,CC_SCALARS::CC_DIVERGENCE_PART_1::CCENTHALPY_ADVECTION,write_missing_outer_index,ccib.f90,10170,2,ZZ_GET(1:N_TRACKED_SPECIES)
L0080,CC_SCALARS::CC_DIVERGENCE_PART_1::CCENTHALPY_ADVECTION,pointer_reassign,ccib.f90,10134,4,WC
L0080,CC_SCALARS::CC_DIVERGENCE_PART_1::CCENTHALPY_ADVECTION,pointer_reassign,ccib.f90,10135,4,B1
L0080,CC_SCALARS::CC_DIVERGENCE_PART_1::CCENTHALPY_ADVECTION,pointer_reassign,ccib.f90,10136,4,BC
L0080,CC_SCALARS::CC_DIVERGENCE_PART_1::CCENTHALPY_ADVECTION,pointer_reassign,ccib.f90,10154,4,B1
L0081,CC_SCALARS::CC_DIVERGENCE_PART_1::CCENTHALPY_ADVECTION,alloc_ptr_local,ccib.f90,10189,7,B1
L0081,CC_SCALARS::CC_DIVERGENCE_PART_1::CCENTHALPY_ADVECTION,alloc_ptr_local,ccib.f90,10196,7,B1
L0081,CC_SCALARS::CC_DIVERGENCE_PART_1::CCENTHALPY_ADVECTION,alloc_ptr_local,ccib.f90,10196,7,B1
L0081,CC_SCALARS::CC_DIVERGENCE_PART_1::CCENTHALPY_ADVECTION,alloc_ptr_local,ccib.f90,10197,7,B1
L0081,CC_SCALARS::CC_DIVERGENCE_PART_1::CCENTHALPY_ADVECTION,dt_alloc_component,ccib.f90,10193,10,CC_CUTFACE_TYPE%CELL_LIST
L0081,CC_SCALARS::CC_DIVERGENCE_PART_1::CCENTHALPY_ADVECTION,dt_alloc_component,ccib.f90,10194,10,CC_CUTFACE_TYPE%CELL_LIST
L0081,CC_SCALARS::CC_DIVERGENCE_PART_1::CCENTHALPY_ADVECTION,dt_alloc_component,ccib.f90,10199,10,BOUNDARY_PROP1_TYPE%ZZ_F
L0081,CC_SCALARS::CC_DIVERGENCE_PART_1::CCENTHALPY_ADVECTION,dt_alloc_component,ccib.f90,10203,10,CC_CUTCELL_TYPE%TMP
L0081,CC_SCALARS::CC_DIVERGENCE_PART_1::CCENTHALPY_ADVECTION,write_derived_index,ccib.f90,10203,4,TMPV(ISIDE)
L0081,CC_SCALARS::CC_DIVERGENCE_PART_1::CCENTHALPY_ADVECTION,write_derived_index,ccib.f90,10204,4,RHOPV(ISIDE)
L0081,CC_SCALARS::CC_DIVERGENCE_PART_1::CCENTHALPY_ADVECTION,write_derived_index,ccib.f90,10208,4,RHO_H_S_PV(ISIDE)
L0081,CC_SCALARS::CC_DIVERGENCE_PART_1::CCENTHALPY_ADVECTION,write_derived_index,ccib.f90,10209,4,CUT_CELL(ICC)%DVOL(JCC)
L0081,CC_SCALARS::CC_DIVERGENCE_PART_1::CCENTHALPY_ADVECTION,write_missing_outer_index,ccib.f90,10199,2,ZZ_GET(1:N_TRACKED_SPECIES)
L0081,CC_SCALARS::CC_DIVERGENCE_PART_1::CCENTHALPY_ADVECTION,write_missing_outer_index,ccib.f90,10205,2,ZZ_GET(1:N_TRACKED_SPECIES)
L0081,CC_SCALARS::CC_DIVERGENCE_PART_1::CCENTHALPY_ADVECTION,pointer_reassign,ccib.f90,10188,2,CFA
L0081,CC_SCALARS::CC_DIVERGENCE_PART_1::CCENTHALPY_ADVECTION,pointer_reassign,ccib.f90,10189,2,B1
L0082,CC_SCALARS::CC_DIVERGENCE_PART_1::CCSPECIES_ADVECTION,dt_alloc_component,ccib.f90,8975,1,CC_CUTCELL_TYPE%U_DOT_DEL_RHO_Z_VOL
L0082,CC_SCALARS::CC_DIVERGENCE_PART_1::CCSPECIES_ADVECTION,pointer_reassign,ccib.f90,8975,1,CC
L0083,CC_SCALARS::CC_DIVERGENCE_PART_1::CCSPECIES_ADVECTION,alloc_ptr_local,ccib.f90,8981,13,RGF
L0083,CC_SCALARS::CC_DIVERGENCE_PART_1::CCSPECIES_ADVECTION,alloc_ptr_local,ccib.f90,8981,13,RGF
L0083,CC_SCALARS::CC_DIVERGENCE_PART_1::CCSPECIES_ADVECTION,alloc_ptr_local,ccib.f90,8981,13,RGF
L0083,CC_SCALARS::CC_DIVERGENCE_PART_1::CCSPECIES_ADVECTION,alloc_ptr_local,ccib.f90,8981,13,RGF
L0083,CC_SCALARS::CC_DIVERGENCE_PART_1::CCSPECIES_ADVECTION,dt_alloc_component,ccib.f90,8991,3,BOUNDARY_PROP1_TYPE%ZZ_F
L0083,CC_SCALARS::CC_DIVERGENCE_PART_1::CCSPECIES_ADVECTION,dt_alloc_component,ccib.f90,9007,3,CC_REGFACEZ_TYPE%FN_ZZ
L0083,CC_SCALARS::CC_DIVERGENCE_PART_1::CCSPECIES_ADVECTION,dt_alloc_component,ccib.f90,9009,3,CC_REGFACEZ_TYPE%FN_ZZ
L0083,CC_SCALARS::CC_DIVERGENCE_PART_1::CCSPECIES_ADVECTION,write_derived_index,ccib.f90,8989,5,RHOPV(ISIDE)
L0083,CC_SCALARS::CC_DIVERGENCE_PART_1::CCSPECIES_ADVECTION,write_derived_index,ccib.f90,8990,5,RHO_Z_PV(ISIDE)
L0083,CC_SCALARS::CC_DIVERGENCE_PART_1::CCSPECIES_ADVECTION,write_derived_index,ccib.f90,9000,5,"U_DOT_DEL_RHO_Z_VOL(I+1+ISIDE,J,K)"
L0083,CC_SCALARS::CC_DIVERGENCE_PART_1::CCSPECIES_ADVECTION,write_derived_index,ccib.f90,9007,5,"U_DOT_DEL_RHO_Z_VOL(I,J,K)"
L0083,CC_SCALARS::CC_DIVERGENCE_PART_1::CCSPECIES_ADVECTION,reduction_intrinsic,ccib.f90,8982,1,ANY
L0083,CC_SCALARS::CC_DIVERGENCE_PART_1::CCSPECIES_ADVECTION,pointer_reassign,ccib.f90,8983,2,WC
L0083,CC_SCALARS::CC_DIVERGENCE_PART_1::CCSPECIES_ADVECTION,pointer_reassign,ccib.f90,8984,2,B1
L0084,CC_SCALARS::CC_DIVERGENCE_PART_1::CCSPECIES_ADVECTION,alloc_ptr_local,ccib.f90,9017,13,RGF
L0084,CC_SCALARS::CC_DIVERGENCE_PART_1::CCSPECIES_ADVECTION,alloc_ptr_local,ccib.f90,9017,13,RGF
L0084,CC_SCALARS::CC_DIVERGENCE_PART_1::CCSPECIES_ADVECTION,alloc_ptr_local,ccib.f90,9017,13,RGF
L0084,CC_SCALARS::CC_DIVERGENCE_PART_1::CCSPECIES_ADVECTION,alloc_ptr_local,ccib.f90,9017,13,RGF
L0084,CC_SCALARS::CC_DIVERGENCE_PART_1::CCSPECIES_ADVECTION,dt_alloc_component,ccib.f90,9028,3,BOUNDARY_PROP1_TYPE%ZZ_F
L0084,CC_SCALARS::CC_DIVERGENCE_PART_1::CCSPECIES_ADVECTION,dt_alloc_component,ccib.f90,9044,3,CC_REGFACEZ_TYPE%FN_ZZ
L0084,CC_SCALARS::CC_DIVERGENCE_PART_1::CCSPECIES_ADVECTION,dt_alloc_component,ccib.f90,9046,3,CC_REGFACEZ_TYPE%FN_ZZ
L0084,CC_SCALARS::CC_DIVERGENCE_PART_1::CCSPECIES_ADVECTION,write_derived_index,ccib.f90,9026,5,RHOPV(ISIDE)
L0084,CC_SCALARS::CC_DIVERGENCE_PART_1::CCSPECIES_ADVECTION,write_derived_index,ccib.f90,9027,5,RHO_Z_PV(ISIDE)
L0084,CC_SCALARS::CC_DIVERGENCE_PART_1::CCSPECIES_ADVECTION,write_derived_index,ccib.f90,9037,5,"U_DOT_DEL_RHO_Z_VOL(I,J+1+ISIDE,K)"
L0084,CC_SCALARS::CC_DIVERGENCE_PART_1::CCSPECIES_ADVECTION,write_derived_index,ccib.f90,9044,5,"U_DOT_DEL_RHO_Z_VOL(I,J,K)"
L0084,CC_SCALARS::CC_DIVERGENCE_PART_1::CCSPECIES_ADVECTION,reduction_intrinsic,ccib.f90,9018,1,ANY
L0084,CC_SCALARS::CC_DIVERGENCE_PART_1::CCSPECIES_ADVECTION,pointer_reassign,ccib.f90,9019,3,WC
L0084,CC_SCALARS::CC_DIVERGENCE_PART_1::CCSPECIES_ADVECTION,pointer_reassign,ccib.f90,9020,3,B1
L0084,CC_SCALARS::CC_DIVERGENCE_PART_1::CCSPECIES_ADVECTION,pointer_reassign,ccib.f90,9021,3,BC
L0085,CC_SCALARS::CC_DIVERGENCE_PART_1::CCSPECIES_ADVECTION,alloc_ptr_local,ccib.f90,9054,13,RGF
L0085,CC_SCALARS::CC_DIVERGENCE_PART_1::CCSPECIES_ADVECTION,alloc_ptr_local,ccib.f90,9054,13,RGF
L0085,CC_SCALARS::CC_DIVERGENCE_PART_1::CCSPECIES_ADVECTION,alloc_ptr_local,ccib.f90,9054,13,RGF
L0085,CC_SCALARS::CC_DIVERGENCE_PART_1::CCSPECIES_ADVECTION,alloc_ptr_local,ccib.f90,9054,13,RGF
L0085,CC_SCALARS::CC_DIVERGENCE_PART_1::CCSPECIES_ADVECTION,dt_alloc_component,ccib.f90,9064,3,BOUNDARY_PROP1_TYPE%ZZ_F
L0085,CC_SCALARS::CC_DIVERGENCE_PART_1::CCSPECIES_ADVECTION,dt_alloc_component,ccib.f90,9080,3,CC_REGFACEZ_TYPE%FN_ZZ
L0085,CC_SCALARS::CC_DIVERGENCE_PART_1::CCSPECIES_ADVECTION,dt_alloc_component,ccib.f90,9082,3,CC_REGFACEZ_TYPE%FN_ZZ
L0085,CC_SCALARS::CC_DIVERGENCE_PART_1::CCSPECIES_ADVECTION,write_derived_index,ccib.f90,9062,5,RHOPV(ISIDE)
L0085,CC_SCALARS::CC_DIVERGENCE_PART_1::CCSPECIES_ADVECTION,write_derived_index,ccib.f90,9063,5,RHO_Z_PV(ISIDE)
L0085,CC_SCALARS::CC_DIVERGENCE_PART_1::CCSPECIES_ADVECTION,write_derived_index,ccib.f90,9073,5,"U_DOT_DEL_RHO_Z_VOL(I,J,K+1+ISIDE)"
L0085,CC_SCALARS::CC_DIVERGENCE_PART_1::CCSPECIES_ADVECTION,write_derived_index,ccib.f90,9080,5,"U_DOT_DEL_RHO_Z_VOL(I,J,K)"
L0085,CC_SCALARS::CC_DIVERGENCE_PART_1::CCSPECIES_ADVECTION,reduction_intrinsic,ccib.f90,9055,1,ANY
L0085,CC_SCALARS::CC_DIVERGENCE_PART_1::CCSPECIES_ADVECTION,pointer_reassign,ccib.f90,9056,2,WC
L0085,CC_SCALARS::CC_DIVERGENCE_PART_1::CCSPECIES_ADVECTION,pointer_reassign,ccib.f90,9057,2,B1
L0086,CC_SCALARS::CC_DIVERGENCE_PART_1::CCSPECIES_ADVECTION,alloc_ptr_local,ccib.f90,9093,5,B1
L0086,CC_SCALARS::CC_DIVERGENCE_PART_1::CCSPECIES_ADVECTION,alloc_ptr_local,ccib.f90,9142,5,B1
L0086,CC_SCALARS::CC_DIVERGENCE_PART_1::CCSPECIES_ADVECTION,alloc_ptr_local,ccib.f90,9142,5,B1
L0086,CC_SCALARS::CC_DIVERGENCE_PART_1::CCSPECIES_ADVECTION,alloc_ptr_local,ccib.f90,9147,5,B1
L0086,CC_SCALARS::CC_DIVERGENCE_PART_1::CCSPECIES_ADVECTION,dt_alloc_component,ccib.f90,9111,33,CC_CUTCELL_TYPE%RHO
L0086,CC_SCALARS::CC_DIVERGENCE_PART_1::CCSPECIES_ADVECTION,dt_alloc_component,ccib.f90,9111,33,CC_CUTCELL_TYPE%RHOS
L0086,CC_SCALARS::CC_DIVERGENCE_PART_1::CCSPECIES_ADVECTION,dt_alloc_component,ccib.f90,9112,33,CC_CUTCELL_TYPE%ZZ
L0086,CC_SCALARS::CC_DIVERGENCE_PART_1::CCSPECIES_ADVECTION,dt_alloc_component,ccib.f90,9112,33,CC_CUTCELL_TYPE%ZZS
L0086,CC_SCALARS::CC_DIVERGENCE_PART_1::CCSPECIES_ADVECTION,write_derived_index,ccib.f90,9104,29,RHOPV(ISIDE)
L0086,CC_SCALARS::CC_DIVERGENCE_PART_1::CCSPECIES_ADVECTION,write_derived_index,ccib.f90,9111,29,RHOPV(ISIDE)
L0086,CC_SCALARS::CC_DIVERGENCE_PART_1::CCSPECIES_ADVECTION,write_derived_index,ccib.f90,9117,29,RHOPV(ISIDE)
L0086,CC_SCALARS::CC_DIVERGENCE_PART_1::CCSPECIES_ADVECTION,write_derived_index,ccib.f90,9124,29,RHOPV(ISIDE)
L0086,CC_SCALARS::CC_DIVERGENCE_PART_1::CCSPECIES_ADVECTION,write_missing_outer_index,ccib.f90,9180,12,RHOPV(-2:1)
L0086,CC_SCALARS::CC_DIVERGENCE_PART_1::CCSPECIES_ADVECTION,write_missing_outer_index,ccib.f90,9189,12,RHOPV(ISIDE)
L0086,CC_SCALARS::CC_DIVERGENCE_PART_1::CCSPECIES_ADVECTION,write_missing_outer_index,ccib.f90,9213,12,"Z_TEMP(0:3,1,1)"
L0086,CC_SCALARS::CC_DIVERGENCE_PART_1::CCSPECIES_ADVECTION,write_missing_outer_index,ccib.f90,9214,12,"U_TEMP(1,1,1)"
L0086,CC_SCALARS::CC_DIVERGENCE_PART_1::CCSPECIES_ADVECTION,pointer_reassign,ccib.f90,9089,3,RCF
L0086,CC_SCALARS::CC_DIVERGENCE_PART_1::CCSPECIES_ADVECTION,pointer_reassign,ccib.f90,9092,3,WC
L0086,CC_SCALARS::CC_DIVERGENCE_PART_1::CCSPECIES_ADVECTION,pointer_reassign,ccib.f90,9093,3,B1
L0087,CC_SCALARS::CC_DIVERGENCE_PART_1::CCSPECIES_ADVECTION,alloc_ptr_local,ccib.f90,9347,6,B1
L0087,CC_SCALARS::CC_DIVERGENCE_PART_1::CCSPECIES_ADVECTION,alloc_ptr_local,ccib.f90,9349,6,B1
L0087,CC_SCALARS::CC_DIVERGENCE_PART_1::CCSPECIES_ADVECTION,alloc_ptr_local,ccib.f90,9349,6,B1
L0087,CC_SCALARS::CC_DIVERGENCE_PART_1::CCSPECIES_ADVECTION,alloc_ptr_local,ccib.f90,9358,6,B1
L0087,CC_SCALARS::CC_DIVERGENCE_PART_1::CCSPECIES_ADVECTION,dt_alloc_component,ccib.f90,9349,30,BOUNDARY_PROP1_TYPE%ZZ_F
L0087,CC_SCALARS::CC_DIVERGENCE_PART_1::CCSPECIES_ADVECTION,dt_alloc_component,ccib.f90,9355,30,CC_CUTFACE_TYPE%AREA
L0087,CC_SCALARS::CC_DIVERGENCE_PART_1::CCSPECIES_ADVECTION,dt_alloc_component,ccib.f90,9358,30,CC_CUTFACE_TYPE%CFACE_INDEX
L0087,CC_SCALARS::CC_DIVERGENCE_PART_1::CCSPECIES_ADVECTION,dt_alloc_component,ccib.f90,9361,30,CC_CUTFACE_TYPE%VEL_SAVE
L0087,CC_SCALARS::CC_DIVERGENCE_PART_1::CCSPECIES_ADVECTION,write_derived_index,ccib.f90,9370,16,RHOPV(ISIDE)
L0087,CC_SCALARS::CC_DIVERGENCE_PART_1::CCSPECIES_ADVECTION,write_derived_index,ccib.f90,9372,16,RHO_Z_PV(ISIDE)
L0087,CC_SCALARS::CC_DIVERGENCE_PART_1::CCSPECIES_ADVECTION,write_derived_index,ccib.f90,9377,16,"CUT_CELL(ICC)%U_DOT_DEL_RHO_Z_VOL(N,JCC)"
L0087,CC_SCALARS::CC_DIVERGENCE_PART_1::CCSPECIES_ADVECTION,write_derived_index,ccib.f90,9402,16,RHO_Z_PV(ISIDE)
L0087,CC_SCALARS::CC_DIVERGENCE_PART_1::CCSPECIES_ADVECTION,write_missing_outer_index,ccib.f90,9385,4,RHOPV(-1:0)
L0087,CC_SCALARS::CC_DIVERGENCE_PART_1::CCSPECIES_ADVECTION,write_missing_outer_index,ccib.f90,9392,4,RHOPV(ISIDE)
L0087,CC_SCALARS::CC_DIVERGENCE_PART_1::CCSPECIES_ADVECTION,write_missing_outer_index,ccib.f90,9452,4,"Z_TEMP(0:3,1,1)"
L0087,CC_SCALARS::CC_DIVERGENCE_PART_1::CCSPECIES_ADVECTION,write_missing_outer_index,ccib.f90,9453,4,"U_TEMP(1,1,1)"
L0087,CC_SCALARS::CC_DIVERGENCE_PART_1::CCSPECIES_ADVECTION,pointer_reassign,ccib.f90,9342,4,CF
L0087,CC_SCALARS::CC_DIVERGENCE_PART_1::CCSPECIES_ADVECTION,pointer_reassign,ccib.f90,9346,4,WC
L0087,CC_SCALARS::CC_DIVERGENCE_PART_1::CCSPECIES_ADVECTION,pointer_reassign,ccib.f90,9347,4,B1
L0087,CC_SCALARS::CC_DIVERGENCE_PART_1::CCSPECIES_ADVECTION,pointer_reassign,ccib.f90,9358,4,B1
L0088,CC_SCALARS::CC_DIVERGENCE_PART_1::CCSPECIES_ADVECTION,alloc_ptr_local,ccib.f90,9476,5,B1
L0088,CC_SCALARS::CC_DIVERGENCE_PART_1::CCSPECIES_ADVECTION,alloc_ptr_local,ccib.f90,9483,5,B1
L0088,CC_SCALARS::CC_DIVERGENCE_PART_1::CCSPECIES_ADVECTION,alloc_ptr_local,ccib.f90,9483,5,B1
L0088,CC_SCALARS::CC_DIVERGENCE_PART_1::CCSPECIES_ADVECTION,alloc_ptr_local,ccib.f90,9485,5,B1
L0088,CC_SCALARS::CC_DIVERGENCE_PART_1::CCSPECIES_ADVECTION,dt_alloc_component,ccib.f90,9480,9,CC_CUTFACE_TYPE%CELL_LIST
L0088,CC_SCALARS::CC_DIVERGENCE_PART_1::CCSPECIES_ADVECTION,dt_alloc_component,ccib.f90,9481,9,CC_CUTFACE_TYPE%CELL_LIST
L0088,CC_SCALARS::CC_DIVERGENCE_PART_1::CCSPECIES_ADVECTION,dt_alloc_component,ccib.f90,9485,9,BOUNDARY_PROP1_TYPE%ZZ_F
L0088,CC_SCALARS::CC_DIVERGENCE_PART_1::CCSPECIES_ADVECTION,dt_alloc_component,ccib.f90,9486,9,CC_CUTCELL_TYPE%RHO
L0088,CC_SCALARS::CC_DIVERGENCE_PART_1::CCSPECIES_ADVECTION,write_derived_index,ccib.f90,9486,3,RHOPV(ISIDE)
L0088,CC_SCALARS::CC_DIVERGENCE_PART_1::CCSPECIES_ADVECTION,write_derived_index,ccib.f90,9489,3,RHO_Z_PV(ISIDE)
L0088,CC_SCALARS::CC_DIVERGENCE_PART_1::CCSPECIES_ADVECTION,write_derived_index,ccib.f90,9491,3,"CUT_CELL(ICC)%U_DOT_DEL_RHO_Z_VOL(N,JCC)"
L0088,CC_SCALARS::CC_DIVERGENCE_PART_1::CCSPECIES_ADVECTION,pointer_reassign,ccib.f90,9475,2,CFA
L0088,CC_SCALARS::CC_DIVERGENCE_PART_1::CCSPECIES_ADVECTION,pointer_reassign,ccib.f90,9476,2,B1
L0089,CC_SCALARS::CC_DIVERGENCE_PART_1::CC_CONDUCTION_HEAT_FLUX,write_derived_index,ccib.f90,10670,2,"DPVOL(I,J,K)"
L0089,CC_SCALARS::CC_DIVERGENCE_PART_1::CC_CONDUCTION_HEAT_FLUX,write_derived_index,ccib.f90,10671,2,"DPVOL(I+1,J,K)"
L0089,CC_SCALARS::CC_DIVERGENCE_PART_1::CC_CONDUCTION_HEAT_FLUX,write_missing_outer_index,ccib.f90,10659,2,TMPV(-1:0)
L0089,CC_SCALARS::CC_DIVERGENCE_PART_1::CC_CONDUCTION_HEAT_FLUX,write_missing_outer_index,ccib.f90,10662,2,ZZ_GET(1:N_TRACKED_SPECIES)
L0089,CC_SCALARS::CC_DIVERGENCE_PART_1::CC_CONDUCTION_HEAT_FLUX,save_var,ccib.f90,10663,6,KPV
L0089,CC_SCALARS::CC_DIVERGENCE_PART_1::CC_CONDUCTION_HEAT_FLUX,save_var,ccib.f90,10666,6,KPDTDN
L0089,CC_SCALARS::CC_DIVERGENCE_PART_1::CC_CONDUCTION_HEAT_FLUX,save_var,ccib.f90,10666,6,KPV
L0089,CC_SCALARS::CC_DIVERGENCE_PART_1::CC_CONDUCTION_HEAT_FLUX,save_var,ccib.f90,10666,6,KPV
L0090,CC_SCALARS::CC_DIVERGENCE_PART_1::CC_CONDUCTION_HEAT_FLUX,write_derived_index,ccib.f90,10698,2,"DPVOL(I,J,K)"
L0090,CC_SCALARS::CC_DIVERGENCE_PART_1::CC_CONDUCTION_HEAT_FLUX,write_derived_index,ccib.f90,10699,2,"DPVOL(I,J+1,K)"
L0090,CC_SCALARS::CC_DIVERGENCE_PART_1::CC_CONDUCTION_HEAT_FLUX,write_missing_outer_index,ccib.f90,10687,2,TMPV(-1:0)
L0090,CC_SCALARS::CC_DIVERGENCE_PART_1::CC_CONDUCTION_HEAT_FLUX,write_missing_outer_index,ccib.f90,10690,2,ZZ_GET(1:N_TRACKED_SPECIES)
L0090,CC_SCALARS::CC_DIVERGENCE_PART_1::CC_CONDUCTION_HEAT_FLUX,save_var,ccib.f90,10691,6,KPV
L0090,CC_SCALARS::CC_DIVERGENCE_PART_1::CC_CONDUCTION_HEAT_FLUX,save_var,ccib.f90,10694,6,KPDTDN
L0090,CC_SCALARS::CC_DIVERGENCE_PART_1::CC_CONDUCTION_HEAT_FLUX,save_var,ccib.f90,10694,6,KPV
L0090,CC_SCALARS::CC_DIVERGENCE_PART_1::CC_CONDUCTION_HEAT_FLUX,save_var,ccib.f90,10694,6,KPV
L0091,CC_SCALARS::CC_DIVERGENCE_PART_1::CC_CONDUCTION_HEAT_FLUX,write_derived_index,ccib.f90,10726,2,"DPVOL(I,J,K)"
L0091,CC_SCALARS::CC_DIVERGENCE_PART_1::CC_CONDUCTION_HEAT_FLUX,write_derived_index,ccib.f90,10727,2,"DPVOL(I,J,K+1)"
L0091,CC_SCALARS::CC_DIVERGENCE_PART_1::CC_CONDUCTION_HEAT_FLUX,write_missing_outer_index,ccib.f90,10715,2,TMPV(-1:0)
L0091,CC_SCALARS::CC_DIVERGENCE_PART_1::CC_CONDUCTION_HEAT_FLUX,write_missing_outer_index,ccib.f90,10718,2,ZZ_GET(1:N_TRACKED_SPECIES)
L0091,CC_SCALARS::CC_DIVERGENCE_PART_1::CC_CONDUCTION_HEAT_FLUX,save_var,ccib.f90,10719,6,KPV
L0091,CC_SCALARS::CC_DIVERGENCE_PART_1::CC_CONDUCTION_HEAT_FLUX,save_var,ccib.f90,10722,6,KPDTDN
L0091,CC_SCALARS::CC_DIVERGENCE_PART_1::CC_CONDUCTION_HEAT_FLUX,save_var,ccib.f90,10722,6,KPV
L0091,CC_SCALARS::CC_DIVERGENCE_PART_1::CC_CONDUCTION_HEAT_FLUX,save_var,ccib.f90,10722,6,KPV
L0092,CC_SCALARS::CC_DIVERGENCE_PART_1::CC_CONDUCTION_HEAT_FLUX,dt_alloc_component,ccib.f90,10746,18,MESH_TYPE%X
L0092,CC_SCALARS::CC_DIVERGENCE_PART_1::CC_CONDUCTION_HEAT_FLUX,dt_alloc_component,ccib.f90,10762,18,CC_CUTCELL_TYPE%TMP
L0092,CC_SCALARS::CC_DIVERGENCE_PART_1::CC_CONDUCTION_HEAT_FLUX,dt_alloc_component,ccib.f90,10763,18,CC_CUTCELL_TYPE%ZZ
L0092,CC_SCALARS::CC_DIVERGENCE_PART_1::CC_CONDUCTION_HEAT_FLUX,dt_alloc_component,ccib.f90,10763,18,CC_CUTCELL_TYPE%ZZS
L0092,CC_SCALARS::CC_DIVERGENCE_PART_1::CC_CONDUCTION_HEAT_FLUX,write_derived_index,ccib.f90,10780,6,"DPVOL(I+1+ISIDE,J,K)"
L0092,CC_SCALARS::CC_DIVERGENCE_PART_1::CC_CONDUCTION_HEAT_FLUX,write_derived_index,ccib.f90,10785,6,CUT_CELL(ICC)%DVOL(JCC)
L0092,CC_SCALARS::CC_DIVERGENCE_PART_1::CC_CONDUCTION_HEAT_FLUX,write_derived_index,ccib.f90,10825,6,"DPVOL(I,J+1+ISIDE,K)"
L0092,CC_SCALARS::CC_DIVERGENCE_PART_1::CC_CONDUCTION_HEAT_FLUX,write_derived_index,ccib.f90,10830,6,CUT_CELL(ICC)%DVOL(JCC)
L0092,CC_SCALARS::CC_DIVERGENCE_PART_1::CC_CONDUCTION_HEAT_FLUX,write_missing_outer_index,ccib.f90,10753,12,TMPV(-1:0)
L0092,CC_SCALARS::CC_DIVERGENCE_PART_1::CC_CONDUCTION_HEAT_FLUX,write_missing_outer_index,ccib.f90,10758,12,ZZ_GET(1:N_TRACKED_SPECIES)
L0092,CC_SCALARS::CC_DIVERGENCE_PART_1::CC_CONDUCTION_HEAT_FLUX,write_missing_outer_index,ccib.f90,10762,12,TMPV(ISIDE)
L0092,CC_SCALARS::CC_DIVERGENCE_PART_1::CC_CONDUCTION_HEAT_FLUX,write_missing_outer_index,ccib.f90,10763,12,ZZ_GET(1:N_TRACKED_SPECIES)
L0092,CC_SCALARS::CC_DIVERGENCE_PART_1::CC_CONDUCTION_HEAT_FLUX,save_var,ccib.f90,10768,18,KPV
L0092,CC_SCALARS::CC_DIVERGENCE_PART_1::CC_CONDUCTION_HEAT_FLUX,save_var,ccib.f90,10772,18,KPDTDN
L0092,CC_SCALARS::CC_DIVERGENCE_PART_1::CC_CONDUCTION_HEAT_FLUX,save_var,ccib.f90,10772,18,KPV
L0092,CC_SCALARS::CC_DIVERGENCE_PART_1::CC_CONDUCTION_HEAT_FLUX,save_var,ccib.f90,10772,18,KPV
L0093,CC_SCALARS::CC_DIVERGENCE_PART_1::CC_CONDUCTION_HEAT_FLUX,dt_alloc_component,ccib.f90,10906,17,CC_CUTFACE_TYPE%AREA
L0093,CC_SCALARS::CC_DIVERGENCE_PART_1::CC_CONDUCTION_HEAT_FLUX,dt_alloc_component,ccib.f90,10907,17,CC_CUTFACE_TYPE%XYZCEN
L0093,CC_SCALARS::CC_DIVERGENCE_PART_1::CC_CONDUCTION_HEAT_FLUX,dt_alloc_component,ccib.f90,10908,17,CC_CUTFACE_TYPE%XCENHIGH
L0093,CC_SCALARS::CC_DIVERGENCE_PART_1::CC_CONDUCTION_HEAT_FLUX,dt_alloc_component,ccib.f90,10908,17,CC_CUTFACE_TYPE%XCENLOW
L0093,CC_SCALARS::CC_DIVERGENCE_PART_1::CC_CONDUCTION_HEAT_FLUX,write_derived_index,ccib.f90,10937,1,CUT_CELL(ICC)%DVOL(JCC)
L0093,CC_SCALARS::CC_DIVERGENCE_PART_1::CC_CONDUCTION_HEAT_FLUX,write_missing_outer_index,ccib.f90,10896,9,MUV(-1:0)
L0093,CC_SCALARS::CC_DIVERGENCE_PART_1::CC_CONDUCTION_HEAT_FLUX,write_missing_outer_index,ccib.f90,10897,9,MU_DNSV(-1:0)
L0093,CC_SCALARS::CC_DIVERGENCE_PART_1::CC_CONDUCTION_HEAT_FLUX,write_missing_outer_index,ccib.f90,10899,9,MUV(-1:0)
L0093,CC_SCALARS::CC_DIVERGENCE_PART_1::CC_CONDUCTION_HEAT_FLUX,write_missing_outer_index,ccib.f90,10900,9,MU_DNSV(-1:0)
L0093,CC_SCALARS::CC_DIVERGENCE_PART_1::CC_CONDUCTION_HEAT_FLUX,save_var,ccib.f90,10926,5,KPV
L0093,CC_SCALARS::CC_DIVERGENCE_PART_1::CC_CONDUCTION_HEAT_FLUX,save_var,ccib.f90,10928,5,KPDTDN
L0093,CC_SCALARS::CC_DIVERGENCE_PART_1::CC_CONDUCTION_HEAT_FLUX,save_var,ccib.f90,10928,5,KPV
L0093,CC_SCALARS::CC_DIVERGENCE_PART_1::CC_CONDUCTION_HEAT_FLUX,save_var,ccib.f90,10928,5,KPV
L0094,CC_SCALARS::CC_DIVERGENCE_PART_1::CC_CONDUCTION_HEAT_FLUX,write_derived_index,ccib.f90,10959,1,"DPVOL(IIG,JJG,KKG)"
L0094,CC_SCALARS::CC_DIVERGENCE_PART_1::CC_CONDUCTION_HEAT_FLUX,pointer_reassign,ccib.f90,10951,3,WC
L0094,CC_SCALARS::CC_DIVERGENCE_PART_1::CC_CONDUCTION_HEAT_FLUX,pointer_reassign,ccib.f90,10952,3,B1
L0094,CC_SCALARS::CC_DIVERGENCE_PART_1::CC_CONDUCTION_HEAT_FLUX,pointer_reassign,ccib.f90,10953,3,BC
L0095,CC_SCALARS::CC_DIVERGENCE_PART_1::CC_CONDUCTION_HEAT_FLUX,write_derived_index,ccib.f90,10977,1,"DPVOL(IIG,JJG,KKG)"
L0095,CC_SCALARS::CC_DIVERGENCE_PART_1::CC_CONDUCTION_HEAT_FLUX,pointer_reassign,ccib.f90,10969,3,WC
L0095,CC_SCALARS::CC_DIVERGENCE_PART_1::CC_CONDUCTION_HEAT_FLUX,pointer_reassign,ccib.f90,10970,3,B1
L0095,CC_SCALARS::CC_DIVERGENCE_PART_1::CC_CONDUCTION_HEAT_FLUX,pointer_reassign,ccib.f90,10971,3,BC
L0096,CC_SCALARS::CC_DIVERGENCE_PART_1::CC_CONDUCTION_HEAT_FLUX,write_derived_index,ccib.f90,10995,1,"DPVOL(IIG,JJG,KKG)"
L0096,CC_SCALARS::CC_DIVERGENCE_PART_1::CC_CONDUCTION_HEAT_FLUX,pointer_reassign,ccib.f90,10987,3,WC
L0096,CC_SCALARS::CC_DIVERGENCE_PART_1::CC_CONDUCTION_HEAT_FLUX,pointer_reassign,ccib.f90,10988,3,B1
L0096,CC_SCALARS::CC_DIVERGENCE_PART_1::CC_CONDUCTION_HEAT_FLUX,pointer_reassign,ccib.f90,10989,3,BC
L0097,CC_SCALARS::CC_DIVERGENCE_PART_1::CC_CONDUCTION_HEAT_FLUX,dt_alloc_component,ccib.f90,11031,3,CC_CUTCELL_TYPE%DVOL
L0097,CC_SCALARS::CC_DIVERGENCE_PART_1::CC_CONDUCTION_HEAT_FLUX,dt_alloc_component,ccib.f90,11031,3,CC_CUTCELL_TYPE%DVOL
L0097,CC_SCALARS::CC_DIVERGENCE_PART_1::CC_CONDUCTION_HEAT_FLUX,dt_alloc_component,ccib.f90,11031,3,CC_CUTCELL_TYPE%VOLUME
L0097,CC_SCALARS::CC_DIVERGENCE_PART_1::CC_CONDUCTION_HEAT_FLUX,write_derived_index,ccib.f90,11026,2,"DPVOL(IIG,JJG,KKG)"
L0097,CC_SCALARS::CC_DIVERGENCE_PART_1::CC_CONDUCTION_HEAT_FLUX,write_derived_index,ccib.f90,11031,2,CUT_CELL(ICC)%DVOL(JCC)
L0097,CC_SCALARS::CC_DIVERGENCE_PART_1::CC_CONDUCTION_HEAT_FLUX,pointer_reassign,ccib.f90,11005,3,WC
L0097,CC_SCALARS::CC_DIVERGENCE_PART_1::CC_CONDUCTION_HEAT_FLUX,pointer_reassign,ccib.f90,11006,3,B1
L0097,CC_SCALARS::CC_DIVERGENCE_PART_1::CC_CONDUCTION_HEAT_FLUX,pointer_reassign,ccib.f90,11007,3,BC
L0098,CC_SCALARS::CC_DIVERGENCE_PART_1::CC_CONDUCTION_HEAT_FLUX,dt_alloc_component,ccib.f90,11039,21,MESH_TYPE%CUT_FACE
L0098,CC_SCALARS::CC_DIVERGENCE_PART_1::CC_CONDUCTION_HEAT_FLUX,dt_alloc_component,ccib.f90,11040,21,MESH_TYPE%CUT_FACE
L0098,CC_SCALARS::CC_DIVERGENCE_PART_1::CC_CONDUCTION_HEAT_FLUX,dt_alloc_component,ccib.f90,11059,21,CC_CUTFACE_TYPE%CELL_LIST
L0098,CC_SCALARS::CC_DIVERGENCE_PART_1::CC_CONDUCTION_HEAT_FLUX,dt_alloc_component,ccib.f90,11061,21,CC_CUTFACE_TYPE%AREA
L0098,CC_SCALARS::CC_DIVERGENCE_PART_1::CC_CONDUCTION_HEAT_FLUX,write_derived_index,ccib.f90,11089,3,TMPV(ISIDE)
L0098,CC_SCALARS::CC_DIVERGENCE_PART_1::CC_CONDUCTION_HEAT_FLUX,write_derived_index,ccib.f90,11094,3,CUT_CELL(ICC)%DVOL(JCC)
L0098,CC_SCALARS::CC_DIVERGENCE_PART_1::CC_CONDUCTION_HEAT_FLUX,write_derived_index,ccib.f90,11107,3,CUT_CELL(ICC)%DVOL(JCC)
L0098,CC_SCALARS::CC_DIVERGENCE_PART_1::CC_CONDUCTION_HEAT_FLUX,write_missing_outer_index,ccib.f90,11071,10,MUV(-1:0)
L0098,CC_SCALARS::CC_DIVERGENCE_PART_1::CC_CONDUCTION_HEAT_FLUX,write_missing_outer_index,ccib.f90,11072,10,MU_DNSV(-1:0)
L0098,CC_SCALARS::CC_DIVERGENCE_PART_1::CC_CONDUCTION_HEAT_FLUX,write_missing_outer_index,ccib.f90,11074,10,TMPV(-1:0)
L0098,CC_SCALARS::CC_DIVERGENCE_PART_1::CC_CONDUCTION_HEAT_FLUX,write_missing_outer_index,ccib.f90,11076,10,MUV(-1:0)
L0098,CC_SCALARS::CC_DIVERGENCE_PART_1::CC_CONDUCTION_HEAT_FLUX,save_var,ccib.f90,11073,8,KPV
L0098,CC_SCALARS::CC_DIVERGENCE_PART_1::CC_CONDUCTION_HEAT_FLUX,save_var,ccib.f90,11078,8,KPV
L0098,CC_SCALARS::CC_DIVERGENCE_PART_1::CC_CONDUCTION_HEAT_FLUX,save_var,ccib.f90,11083,8,KPV
L0098,CC_SCALARS::CC_DIVERGENCE_PART_1::CC_CONDUCTION_HEAT_FLUX,save_var,ccib.f90,11092,8,KPV
L0098,CC_SCALARS::CC_DIVERGENCE_PART_1::CC_CONDUCTION_HEAT_FLUX,pointer_reassign,ccib.f90,11049,2,WC
L0098,CC_SCALARS::CC_DIVERGENCE_PART_1::CC_CONDUCTION_HEAT_FLUX,pointer_reassign,ccib.f90,11050,2,B1
L0099,CC_SCALARS::CC_DIVERGENCE_PART_1::CC_CONDUCTION_HEAT_FLUX,dt_alloc_component,ccib.f90,11121,5,CC_CUTFACE_TYPE%CELL_LIST
L0099,CC_SCALARS::CC_DIVERGENCE_PART_1::CC_CONDUCTION_HEAT_FLUX,dt_alloc_component,ccib.f90,11121,5,CC_CUTFACE_TYPE%CELL_LIST
L0099,CC_SCALARS::CC_DIVERGENCE_PART_1::CC_CONDUCTION_HEAT_FLUX,dt_alloc_component,ccib.f90,11122,5,CC_CUTCELL_TYPE%DVOL
L0099,CC_SCALARS::CC_DIVERGENCE_PART_1::CC_CONDUCTION_HEAT_FLUX,dt_alloc_component,ccib.f90,11122,5,CC_CUTCELL_TYPE%DVOL
L0099,CC_SCALARS::CC_DIVERGENCE_PART_1::CC_CONDUCTION_HEAT_FLUX,write_derived_index,ccib.f90,11122,1,CUT_CELL(ICC)%DVOL(JCC)
L0099,CC_SCALARS::CC_DIVERGENCE_PART_1::CC_CONDUCTION_HEAT_FLUX,pointer_reassign,ccib.f90,11118,2,CFA
L0099,CC_SCALARS::CC_DIVERGENCE_PART_1::CC_CONDUCTION_HEAT_FLUX,pointer_reassign,ccib.f90,11119,2,B1
L0100,CC_SCALARS::CC_DIVERGENCE_PART_1::CC_CONDUCTION_HEAT_FLUX,dt_alloc_component,ccib.f90,11129,5,CC_CUTFACE_TYPE%CELL_LIST
L0100,CC_SCALARS::CC_DIVERGENCE_PART_1::CC_CONDUCTION_HEAT_FLUX,dt_alloc_component,ccib.f90,11129,5,CC_CUTFACE_TYPE%CELL_LIST
L0100,CC_SCALARS::CC_DIVERGENCE_PART_1::CC_CONDUCTION_HEAT_FLUX,dt_alloc_component,ccib.f90,11130,5,CC_CUTCELL_TYPE%DVOL
L0100,CC_SCALARS::CC_DIVERGENCE_PART_1::CC_CONDUCTION_HEAT_FLUX,dt_alloc_component,ccib.f90,11130,5,CC_CUTCELL_TYPE%DVOL
L0100,CC_SCALARS::CC_DIVERGENCE_PART_1::CC_CONDUCTION_HEAT_FLUX,write_derived_index,ccib.f90,11130,1,CUT_CELL(ICC)%DVOL(JCC)
L0100,CC_SCALARS::CC_DIVERGENCE_PART_1::CC_CONDUCTION_HEAT_FLUX,pointer_reassign,ccib.f90,11126,2,CFA
L0100,CC_SCALARS::CC_DIVERGENCE_PART_1::CC_CONDUCTION_HEAT_FLUX,pointer_reassign,ccib.f90,11127,2,B1
L0101,CC_SCALARS::CC_DIVERGENCE_PART_1::CC_DIFFUSIVE_HEAT_FLUXES,dt_alloc_component,ccib.f90,10244,18,CC_REGFACEZ_TYPE%H_RHO_D_DZDN
L0101,CC_SCALARS::CC_DIVERGENCE_PART_1::CC_DIFFUSIVE_HEAT_FLUXES,dt_alloc_component,ccib.f90,10244,18,CC_REGFACEZ_TYPE%RHO_D_DZDN
L0101,CC_SCALARS::CC_DIVERGENCE_PART_1::CC_DIFFUSIVE_HEAT_FLUXES,dt_alloc_component,ccib.f90,10249,18,CC_REGFACEZ_TYPE%H_RHO_D_DZDN
L0101,CC_SCALARS::CC_DIVERGENCE_PART_1::CC_DIFFUSIVE_HEAT_FLUXES,dt_alloc_component,ccib.f90,10250,18,CC_REGFACEZ_TYPE%RHO_D_DZDN
L0101,CC_SCALARS::CC_DIVERGENCE_PART_1::CC_DIFFUSIVE_HEAT_FLUXES,write_derived_index,ccib.f90,10249,12,"DPVOL(I,J,K)"
L0101,CC_SCALARS::CC_DIVERGENCE_PART_1::CC_DIFFUSIVE_HEAT_FLUXES,write_derived_index,ccib.f90,10250,12,"DEL_RHO_D_DEL_Z(I,J,K,N)"
L0101,CC_SCALARS::CC_DIVERGENCE_PART_1::CC_DIFFUSIVE_HEAT_FLUXES,write_derived_index,ccib.f90,10253,12,"DPVOL(I+1,J,K)"
L0101,CC_SCALARS::CC_DIVERGENCE_PART_1::CC_DIFFUSIVE_HEAT_FLUXES,write_derived_index,ccib.f90,10254,12,"DEL_RHO_D_DEL_Z(I+1,J,K,N)"
L0102,CC_SCALARS::CC_DIVERGENCE_PART_1::CC_DIFFUSIVE_HEAT_FLUXES,dt_alloc_component,ccib.f90,10335,30,CC_RCFACE_TYPE%H_RHO_D_DZDN
L0102,CC_SCALARS::CC_DIVERGENCE_PART_1::CC_DIFFUSIVE_HEAT_FLUXES,dt_alloc_component,ccib.f90,10335,30,CC_RCFACE_TYPE%RHO_D_DZDN
L0102,CC_SCALARS::CC_DIVERGENCE_PART_1::CC_DIFFUSIVE_HEAT_FLUXES,dt_alloc_component,ccib.f90,10343,30,CC_RCFACE_TYPE%H_RHO_D_DZDN
L0102,CC_SCALARS::CC_DIVERGENCE_PART_1::CC_DIFFUSIVE_HEAT_FLUXES,dt_alloc_component,ccib.f90,10346,30,CC_RCFACE_TYPE%RHO_D_DZDN
L0102,CC_SCALARS::CC_DIVERGENCE_PART_1::CC_DIFFUSIVE_HEAT_FLUXES,write_derived_index,ccib.f90,10343,12,"DPVOL(I+1+ISIDE,J,K)"
L0102,CC_SCALARS::CC_DIVERGENCE_PART_1::CC_DIFFUSIVE_HEAT_FLUXES,write_derived_index,ccib.f90,10346,12,"DEL_RHO_D_DEL_Z(I+1+ISIDE,J,K,N)"
L0102,CC_SCALARS::CC_DIVERGENCE_PART_1::CC_DIFFUSIVE_HEAT_FLUXES,write_derived_index,ccib.f90,10352,12,CUT_CELL(ICC)%DVOL(JCC)
L0102,CC_SCALARS::CC_DIVERGENCE_PART_1::CC_DIFFUSIVE_HEAT_FLUXES,write_derived_index,ccib.f90,10353,12,"CUT_CELL(ICC)%DEL_RHO_D_DEL_Z_VOL(1:N_TOTAL_SCALARS,JCC)"
L0102,CC_SCALARS::CC_DIVERGENCE_PART_1::CC_DIFFUSIVE_HEAT_FLUXES,reduction_intrinsic,ccib.f90,10343,6,SUM
L0102,CC_SCALARS::CC_DIVERGENCE_PART_1::CC_DIFFUSIVE_HEAT_FLUXES,reduction_intrinsic,ccib.f90,10352,6,SUM
L0102,CC_SCALARS::CC_DIVERGENCE_PART_1::CC_DIFFUSIVE_HEAT_FLUXES,reduction_intrinsic,ccib.f90,10370,6,SUM
L0102,CC_SCALARS::CC_DIVERGENCE_PART_1::CC_DIFFUSIVE_HEAT_FLUXES,reduction_intrinsic,ccib.f90,10379,6,SUM
L0103,CC_SCALARS::CC_DIVERGENCE_PART_1::CC_DIFFUSIVE_HEAT_FLUXES,dt_alloc_component,ccib.f90,10426,13,CC_CUTFACE_TYPE%AREA
L0103,CC_SCALARS::CC_DIVERGENCE_PART_1::CC_DIFFUSIVE_HEAT_FLUXES,dt_alloc_component,ccib.f90,10428,13,CC_CUTFACE_TYPE%TMP_FACE
L0103,CC_SCALARS::CC_DIVERGENCE_PART_1::CC_DIFFUSIVE_HEAT_FLUXES,dt_alloc_component,ccib.f90,10431,13,CC_CUTFACE_TYPE%H_RHO_D_DZDN
L0103,CC_SCALARS::CC_DIVERGENCE_PART_1::CC_DIFFUSIVE_HEAT_FLUXES,dt_alloc_component,ccib.f90,10431,13,CC_CUTFACE_TYPE%RHO_D_DZDN
L0103,CC_SCALARS::CC_DIVERGENCE_PART_1::CC_DIFFUSIVE_HEAT_FLUXES,write_derived_index,ccib.f90,10441,2,CUT_CELL(ICC)%DVOL(JCC)
L0103,CC_SCALARS::CC_DIVERGENCE_PART_1::CC_DIFFUSIVE_HEAT_FLUXES,write_derived_index,ccib.f90,10442,2,"CUT_CELL(ICC)%DEL_RHO_D_DEL_Z_VOL(1:N_TOTAL_SCALARS,JCC)"
L0103,CC_SCALARS::CC_DIVERGENCE_PART_1::CC_DIFFUSIVE_HEAT_FLUXES,reduction_intrinsic,ccib.f90,10441,1,SUM
L0104,CC_SCALARS::CC_DIVERGENCE_PART_1::CC_DIFFUSIVE_HEAT_FLUXES,dt_alloc_component,ccib.f90,10457,10,CC_CUTFACE_TYPE%CELL_LIST
L0104,CC_SCALARS::CC_DIVERGENCE_PART_1::CC_DIFFUSIVE_HEAT_FLUXES,dt_alloc_component,ccib.f90,10457,10,CC_CUTFACE_TYPE%CELL_LIST
L0104,CC_SCALARS::CC_DIVERGENCE_PART_1::CC_DIFFUSIVE_HEAT_FLUXES,dt_alloc_component,ccib.f90,10464,10,CC_CUTFACE_TYPE%H_RHO_D_DZDN
L0104,CC_SCALARS::CC_DIVERGENCE_PART_1::CC_DIFFUSIVE_HEAT_FLUXES,dt_alloc_component,ccib.f90,10464,10,BOUNDARY_PROP1_TYPE%RHO_D_DZDN_F
L0104,CC_SCALARS::CC_DIVERGENCE_PART_1::CC_DIFFUSIVE_HEAT_FLUXES,write_derived_index,ccib.f90,10464,3,"CUT_FACE(IND1)%H_RHO_D_DZDN(N,IND2)"
L0104,CC_SCALARS::CC_DIVERGENCE_PART_1::CC_DIFFUSIVE_HEAT_FLUXES,write_derived_index,ccib.f90,10468,3,CUT_CELL(ICC)%DVOL(JCC)
L0104,CC_SCALARS::CC_DIVERGENCE_PART_1::CC_DIFFUSIVE_HEAT_FLUXES,write_derived_index,ccib.f90,10469,3,"CUT_CELL(ICC)%DEL_RHO_D_DEL_Z_VOL(1:N_TOTAL_SCALARS,JCC)"
L0104,CC_SCALARS::CC_DIVERGENCE_PART_1::CC_DIFFUSIVE_HEAT_FLUXES,reduction_intrinsic,ccib.f90,10468,1,SUM
L0104,CC_SCALARS::CC_DIVERGENCE_PART_1::CC_DIFFUSIVE_HEAT_FLUXES,pointer_reassign,ccib.f90,10454,2,CFA
L0104,CC_SCALARS::CC_DIVERGENCE_PART_1::CC_DIFFUSIVE_HEAT_FLUXES,pointer_reassign,ccib.f90,10455,2,B1
L0105,CC_SCALARS::CC_DIVERGENCE_PART_1::CC_DIFFUSIVE_HEAT_FLUXES,dt_alloc_component,ccib.f90,10491,18,CC_REGFACEZ_TYPE%H_RHO_D_DZDN
L0105,CC_SCALARS::CC_DIVERGENCE_PART_1::CC_DIFFUSIVE_HEAT_FLUXES,dt_alloc_component,ccib.f90,10491,18,CC_REGFACEZ_TYPE%RHO_D_DZDN
L0105,CC_SCALARS::CC_DIVERGENCE_PART_1::CC_DIFFUSIVE_HEAT_FLUXES,dt_alloc_component,ccib.f90,10498,18,CC_REGFACEZ_TYPE%H_RHO_D_DZDN
L0105,CC_SCALARS::CC_DIVERGENCE_PART_1::CC_DIFFUSIVE_HEAT_FLUXES,dt_alloc_component,ccib.f90,10499,18,CC_REGFACEZ_TYPE%RHO_D_DZDN
L0105,CC_SCALARS::CC_DIVERGENCE_PART_1::CC_DIFFUSIVE_HEAT_FLUXES,write_derived_index,ccib.f90,10498,12,"DPVOL(I,J,K)"
L0105,CC_SCALARS::CC_DIVERGENCE_PART_1::CC_DIFFUSIVE_HEAT_FLUXES,write_derived_index,ccib.f90,10499,12,"DEL_RHO_D_DEL_Z(I,J,K,N)"
L0105,CC_SCALARS::CC_DIVERGENCE_PART_1::CC_DIFFUSIVE_HEAT_FLUXES,write_derived_index,ccib.f90,10502,12,"DPVOL(I+1,J,K)"
L0105,CC_SCALARS::CC_DIVERGENCE_PART_1::CC_DIFFUSIVE_HEAT_FLUXES,write_derived_index,ccib.f90,10503,12,"DEL_RHO_D_DEL_Z(I+1,J,K,N)"
L0105,CC_SCALARS::CC_DIVERGENCE_PART_1::CC_DIFFUSIVE_HEAT_FLUXES,reduction_intrinsic,ccib.f90,10480,3,ANY
L0105,CC_SCALARS::CC_DIVERGENCE_PART_1::CC_DIFFUSIVE_HEAT_FLUXES,reduction_intrinsic,ccib.f90,10511,3,ANY
L0105,CC_SCALARS::CC_DIVERGENCE_PART_1::CC_DIFFUSIVE_HEAT_FLUXES,reduction_intrinsic,ccib.f90,10542,3,ANY
L0105,CC_SCALARS::CC_DIVERGENCE_PART_1::CC_DIFFUSIVE_HEAT_FLUXES,pointer_reassign,ccib.f90,10479,9,WC
L0105,CC_SCALARS::CC_DIVERGENCE_PART_1::CC_DIFFUSIVE_HEAT_FLUXES,pointer_reassign,ccib.f90,10484,9,B1
L0105,CC_SCALARS::CC_DIVERGENCE_PART_1::CC_DIFFUSIVE_HEAT_FLUXES,pointer_reassign,ccib.f90,10485,9,BC
L0105,CC_SCALARS::CC_DIVERGENCE_PART_1::CC_DIFFUSIVE_HEAT_FLUXES,pointer_reassign,ccib.f90,10510,9,WC
L0106,CC_SCALARS::CC_DIVERGENCE_PART_1::CC_DIFFUSIVE_HEAT_FLUXES,dt_alloc_component,ccib.f90,10581,10,CC_RCFACE_TYPE%H_RHO_D_DZDN
L0106,CC_SCALARS::CC_DIVERGENCE_PART_1::CC_DIFFUSIVE_HEAT_FLUXES,dt_alloc_component,ccib.f90,10581,10,CC_RCFACE_TYPE%RHO_D_DZDN
L0106,CC_SCALARS::CC_DIVERGENCE_PART_1::CC_DIFFUSIVE_HEAT_FLUXES,dt_alloc_component,ccib.f90,10594,10,CC_RCFACE_TYPE%H_RHO_D_DZDN
L0106,CC_SCALARS::CC_DIVERGENCE_PART_1::CC_DIFFUSIVE_HEAT_FLUXES,dt_alloc_component,ccib.f90,10596,10,CC_RCFACE_TYPE%RHO_D_DZDN
L0106,CC_SCALARS::CC_DIVERGENCE_PART_1::CC_DIFFUSIVE_HEAT_FLUXES,write_derived_index,ccib.f90,10594,4,"DPVOL(IIG,JJG,KKG)"
L0106,CC_SCALARS::CC_DIVERGENCE_PART_1::CC_DIFFUSIVE_HEAT_FLUXES,write_derived_index,ccib.f90,10596,4,"DEL_RHO_D_DEL_Z(IIG,JJG,KKG,N)"
L0106,CC_SCALARS::CC_DIVERGENCE_PART_1::CC_DIFFUSIVE_HEAT_FLUXES,write_derived_index,ccib.f90,10600,4,CUT_CELL(ICC)%DVOL(JCC)
L0106,CC_SCALARS::CC_DIVERGENCE_PART_1::CC_DIFFUSIVE_HEAT_FLUXES,write_derived_index,ccib.f90,10601,4,"CUT_CELL(ICC)%DEL_RHO_D_DEL_Z_VOL(1:N_TOTAL_SCALARS,JCC)"
L0106,CC_SCALARS::CC_DIVERGENCE_PART_1::CC_DIFFUSIVE_HEAT_FLUXES,reduction_intrinsic,ccib.f90,10574,3,ANY
L0106,CC_SCALARS::CC_DIVERGENCE_PART_1::CC_DIFFUSIVE_HEAT_FLUXES,reduction_intrinsic,ccib.f90,10594,3,SUM
L0106,CC_SCALARS::CC_DIVERGENCE_PART_1::CC_DIFFUSIVE_HEAT_FLUXES,reduction_intrinsic,ccib.f90,10600,3,SUM
L0106,CC_SCALARS::CC_DIVERGENCE_PART_1::CC_DIFFUSIVE_HEAT_FLUXES,pointer_reassign,ccib.f90,10573,3,RCF
L0106,CC_SCALARS::CC_DIVERGENCE_PART_1::CC_DIFFUSIVE_HEAT_FLUXES,pointer_reassign,ccib.f90,10573,3,WC
L0106,CC_SCALARS::CC_DIVERGENCE_PART_1::CC_DIFFUSIVE_HEAT_FLUXES,pointer_reassign,ccib.f90,10576,3,BC
L0107,CC_SCALARS::CC_DIVERGENCE_PART_1::CC_DIFFUSIVE_HEAT_FLUXES,dt_alloc_component,ccib.f90,10617,13,CC_CUTFACE_TYPE%AREA
L0107,CC_SCALARS::CC_DIVERGENCE_PART_1::CC_DIFFUSIVE_HEAT_FLUXES,dt_alloc_component,ccib.f90,10619,13,CC_CUTFACE_TYPE%TMP_FACE
L0107,CC_SCALARS::CC_DIVERGENCE_PART_1::CC_DIFFUSIVE_HEAT_FLUXES,dt_alloc_component,ccib.f90,10622,13,CC_CUTFACE_TYPE%H_RHO_D_DZDN
L0107,CC_SCALARS::CC_DIVERGENCE_PART_1::CC_DIFFUSIVE_HEAT_FLUXES,dt_alloc_component,ccib.f90,10622,13,CC_CUTFACE_TYPE%RHO_D_DZDN
L0107,CC_SCALARS::CC_DIVERGENCE_PART_1::CC_DIFFUSIVE_HEAT_FLUXES,write_derived_index,ccib.f90,10629,2,CUT_CELL(ICC)%DVOL(JCC)
L0107,CC_SCALARS::CC_DIVERGENCE_PART_1::CC_DIFFUSIVE_HEAT_FLUXES,write_derived_index,ccib.f90,10630,2,"CUT_CELL(ICC)%DEL_RHO_D_DEL_Z_VOL(1:N_TOTAL_SCALARS,JCC)"
L0107,CC_SCALARS::CC_DIVERGENCE_PART_1::CC_DIFFUSIVE_HEAT_FLUXES,reduction_intrinsic,ccib.f90,10610,2,ANY
L0107,CC_SCALARS::CC_DIVERGENCE_PART_1::CC_DIFFUSIVE_HEAT_FLUXES,reduction_intrinsic,ccib.f90,10629,2,SUM
L0107,CC_SCALARS::CC_DIVERGENCE_PART_1::CC_DIFFUSIVE_HEAT_FLUXES,pointer_reassign,ccib.f90,10608,2,CF
L0107,CC_SCALARS::CC_DIVERGENCE_PART_1::CC_DIFFUSIVE_HEAT_FLUXES,pointer_reassign,ccib.f90,10609,2,WC
L0108,CC_SCALARS::CC_DIVERGENCE_PART_1::FIX_CC_DIFF_MASS_FLUXES,dt_alloc_component,ccib.f90,8864,3,CC_REGFACEZ_TYPE%RHO_D_DZDN
L0108,CC_SCALARS::CC_DIVERGENCE_PART_1::FIX_CC_DIFF_MASS_FLUXES,dt_alloc_component,ccib.f90,8864,3,CC_REGFACEZ_TYPE%RHO_D_DZDN
L0108,CC_SCALARS::CC_DIVERGENCE_PART_1::FIX_CC_DIFF_MASS_FLUXES,dt_alloc_component,ccib.f90,8864,3,CC_REGFACEZ_TYPE%RHO_D_DZDN
L0108,CC_SCALARS::CC_DIVERGENCE_PART_1::FIX_CC_DIFF_MASS_FLUXES,write_derived_index,ccib.f90,8864,1,CC_REGFACE_IAXIS_Z(IFACE)%RHO_D_DZDN(N)
L0108,CC_SCALARS::CC_DIVERGENCE_PART_1::FIX_CC_DIFF_MASS_FLUXES,reduction_intrinsic,ccib.f90,8862,2,MAXLOC
L0108,CC_SCALARS::CC_DIVERGENCE_PART_1::FIX_CC_DIFF_MASS_FLUXES,reduction_intrinsic,ccib.f90,8864,2,SUM
L0109,CC_SCALARS::CC_DIVERGENCE_PART_1::FIX_CC_DIFF_MASS_FLUXES,dt_alloc_component,ccib.f90,8886,3,CC_REGFACEZ_TYPE%RHO_D_DZDN
L0109,CC_SCALARS::CC_DIVERGENCE_PART_1::FIX_CC_DIFF_MASS_FLUXES,dt_alloc_component,ccib.f90,8886,3,CC_REGFACEZ_TYPE%RHO_D_DZDN
L0109,CC_SCALARS::CC_DIVERGENCE_PART_1::FIX_CC_DIFF_MASS_FLUXES,dt_alloc_component,ccib.f90,8886,3,CC_REGFACEZ_TYPE%RHO_D_DZDN
L0109,CC_SCALARS::CC_DIVERGENCE_PART_1::FIX_CC_DIFF_MASS_FLUXES,write_derived_index,ccib.f90,8886,1,CC_REGFACE_JAXIS_Z(IFACE)%RHO_D_DZDN(N)
L0109,CC_SCALARS::CC_DIVERGENCE_PART_1::FIX_CC_DIFF_MASS_FLUXES,reduction_intrinsic,ccib.f90,8884,2,MAXLOC
L0109,CC_SCALARS::CC_DIVERGENCE_PART_1::FIX_CC_DIFF_MASS_FLUXES,reduction_intrinsic,ccib.f90,8886,2,SUM
L0110,CC_SCALARS::CC_DIVERGENCE_PART_1::FIX_CC_DIFF_MASS_FLUXES,dt_alloc_component,ccib.f90,8908,3,CC_REGFACEZ_TYPE%RHO_D_DZDN
L0110,CC_SCALARS::CC_DIVERGENCE_PART_1::FIX_CC_DIFF_MASS_FLUXES,dt_alloc_component,ccib.f90,8908,3,CC_REGFACEZ_TYPE%RHO_D_DZDN
L0110,CC_SCALARS::CC_DIVERGENCE_PART_1::FIX_CC_DIFF_MASS_FLUXES,dt_alloc_component,ccib.f90,8908,3,CC_REGFACEZ_TYPE%RHO_D_DZDN
L0110,CC_SCALARS::CC_DIVERGENCE_PART_1::FIX_CC_DIFF_MASS_FLUXES,write_derived_index,ccib.f90,8908,1,CC_REGFACE_KAXIS_Z(IFACE)%RHO_D_DZDN(N)
L0110,CC_SCALARS::CC_DIVERGENCE_PART_1::FIX_CC_DIFF_MASS_FLUXES,reduction_intrinsic,ccib.f90,8906,2,MAXLOC
L0110,CC_SCALARS::CC_DIVERGENCE_PART_1::FIX_CC_DIFF_MASS_FLUXES,reduction_intrinsic,ccib.f90,8908,2,SUM
L0111,CC_SCALARS::CC_DIVERGENCE_PART_1::FIX_CC_DIFF_MASS_FLUXES,dt_alloc_component,ccib.f90,8915,5,MESH_TYPE%RC_FACE
L0111,CC_SCALARS::CC_DIVERGENCE_PART_1::FIX_CC_DIFF_MASS_FLUXES,dt_alloc_component,ccib.f90,8921,5,CC_RCFACE_TYPE%ZZ_FACE
L0111,CC_SCALARS::CC_DIVERGENCE_PART_1::FIX_CC_DIFF_MASS_FLUXES,dt_alloc_component,ccib.f90,8924,5,CC_RCFACE_TYPE%RHO_D_DZDN
L0111,CC_SCALARS::CC_DIVERGENCE_PART_1::FIX_CC_DIFF_MASS_FLUXES,dt_alloc_component,ccib.f90,8924,5,CC_RCFACE_TYPE%RHO_D_DZDN
L0111,CC_SCALARS::CC_DIVERGENCE_PART_1::FIX_CC_DIFF_MASS_FLUXES,write_derived_index,ccib.f90,8924,1,RC_FACE(IFACE)%RHO_D_DZDN(N)
L0111,CC_SCALARS::CC_DIVERGENCE_PART_1::FIX_CC_DIFF_MASS_FLUXES,reduction_accum,ccib.f90,8921,1,ZZ_FACE(1:N_TRACKED_SPECIES)
L0111,CC_SCALARS::CC_DIVERGENCE_PART_1::FIX_CC_DIFF_MASS_FLUXES,reduction_intrinsic,ccib.f90,8922,2,MAXLOC
L0111,CC_SCALARS::CC_DIVERGENCE_PART_1::FIX_CC_DIFF_MASS_FLUXES,reduction_intrinsic,ccib.f90,8924,2,SUM
L0112,CC_SCALARS::CC_DIVERGENCE_PART_1::FIX_CC_DIFF_MASS_FLUXES,dt_alloc_component,ccib.f90,8933,5,MESH_TYPE%CUT_FACE
L0112,CC_SCALARS::CC_DIVERGENCE_PART_1::FIX_CC_DIFF_MASS_FLUXES,dt_alloc_component,ccib.f90,8940,5,CC_CUTFACE_TYPE%ZZ_FACE
L0112,CC_SCALARS::CC_DIVERGENCE_PART_1::FIX_CC_DIFF_MASS_FLUXES,dt_alloc_component,ccib.f90,8943,5,CC_CUTFACE_TYPE%RHO_D_DZDN
L0112,CC_SCALARS::CC_DIVERGENCE_PART_1::FIX_CC_DIFF_MASS_FLUXES,dt_alloc_component,ccib.f90,8943,5,CC_CUTFACE_TYPE%RHO_D_DZDN
L0112,CC_SCALARS::CC_DIVERGENCE_PART_1::FIX_CC_DIFF_MASS_FLUXES,write_derived_index,ccib.f90,8943,1,"CUT_FACE(ICF)%RHO_D_DZDN(N,IFACE)"
L0112,CC_SCALARS::CC_DIVERGENCE_PART_1::FIX_CC_DIFF_MASS_FLUXES,reduction_intrinsic,ccib.f90,8942,2,MAXLOC
L0112,CC_SCALARS::CC_DIVERGENCE_PART_1::FIX_CC_DIFF_MASS_FLUXES,reduction_intrinsic,ccib.f90,8943,2,SUM
L0113,CC_SCALARS::CC_H_INTERP,alloc_ptr_local,ccib.f90,7083,4,HP
L0113,CC_SCALARS::CC_H_INTERP,alloc_ptr_local,ccib.f90,7085,4,HP
L0113,CC_SCALARS::CC_H_INTERP,alloc_ptr_local,ccib.f90,7093,4,HP
L0113,CC_SCALARS::CC_H_INTERP,alloc_ptr_local,ccib.f90,7095,4,HP
L0113,CC_SCALARS::CC_H_INTERP,dt_alloc_component,ccib.f90,7080,5,CC_CUTCELL_TYPE%VOLUME
L0113,CC_SCALARS::CC_H_INTERP,dt_alloc_component,ccib.f90,7083,5,CC_CUTCELL_TYPE%H
L0113,CC_SCALARS::CC_H_INTERP,dt_alloc_component,ccib.f90,7085,5,CC_CUTCELL_TYPE%HS
L0113,CC_SCALARS::CC_H_INTERP,dt_alloc_component,ccib.f90,7093,5,CC_CUTCELL_TYPE%H
L0113,CC_SCALARS::CC_H_INTERP,write_derived_index,ccib.f90,7083,4,CUT_CELL(ICC)%H(1:NCELL)
L0113,CC_SCALARS::CC_H_INTERP,write_derived_index,ccib.f90,7085,4,CUT_CELL(ICC)%HS(1:NCELL)
L0113,CC_SCALARS::CC_H_INTERP,write_derived_index,ccib.f90,7093,4,CUT_CELL(ICC)%H(1:NCELL)
L0113,CC_SCALARS::CC_H_INTERP,write_derived_index,ccib.f90,7095,4,CUT_CELL(ICC)%HS(1:NCELL)
L0114,CC_SCALARS::CC_MATCH_VELOCITY,alloc_ptr_local,ccib.f90,5419,338,OM
L0114,CC_SCALARS::CC_MATCH_VELOCITY,alloc_ptr_local,ccib.f90,5420,338,M2
L0114,CC_SCALARS::CC_MATCH_VELOCITY,alloc_ptr_local,ccib.f90,5431,338,OM_UU
L0114,CC_SCALARS::CC_MATCH_VELOCITY,alloc_ptr_local,ccib.f90,5431,338,OM
L0114,CC_SCALARS::CC_MATCH_VELOCITY,dt_alloc_component,ccib.f90,5431,280,OMESH_TYPE%US
L0114,CC_SCALARS::CC_MATCH_VELOCITY,dt_alloc_component,ccib.f90,5431,280,OMESH_TYPE%U
L0114,CC_SCALARS::CC_MATCH_VELOCITY,dt_alloc_component,ccib.f90,5438,280,MESH_TYPE%CELL
L0114,CC_SCALARS::CC_MATCH_VELOCITY,dt_alloc_component,ccib.f90,5438,280,MESH_TYPE%CELL_INDEX
L0114,CC_SCALARS::CC_MATCH_VELOCITY,write_derived_index,ccib.f90,5488,6,"UU(0,JJ,KK)"
L0114,CC_SCALARS::CC_MATCH_VELOCITY,write_derived_index,ccib.f90,5549,6,"UU(IBAR,JJ,KK)"
L0114,CC_SCALARS::CC_MATCH_VELOCITY,write_derived_index,ccib.f90,5611,6,"VV(II,0,KK)"
L0114,CC_SCALARS::CC_MATCH_VELOCITY,write_derived_index,ccib.f90,5672,6,"VV(II,JBAR,KK)"
L0114,CC_SCALARS::CC_MATCH_VELOCITY,write_missing_inner_index,ccib.f90,5840,3,U_GHOST(IW)
L0114,CC_SCALARS::CC_MATCH_VELOCITY,write_missing_inner_index,ccib.f90,5841,3,V_GHOST(IW)
L0114,CC_SCALARS::CC_MATCH_VELOCITY,write_missing_inner_index,ccib.f90,5842,3,W_GHOST(IW)
L0114,CC_SCALARS::CC_MATCH_VELOCITY,pointer_reassign,ccib.f90,5407,30,WC
L0114,CC_SCALARS::CC_MATCH_VELOCITY,pointer_reassign,ccib.f90,5408,30,EWC
L0114,CC_SCALARS::CC_MATCH_VELOCITY,pointer_reassign,ccib.f90,5413,30,BC
L0114,CC_SCALARS::CC_MATCH_VELOCITY,pointer_reassign,ccib.f90,5419,30,OM
L0115,CC_SCALARS::CC_MATCH_VELOCITY_FLUX,alloc_ptr_local,ccib.f90,5181,92,OM
L0115,CC_SCALARS::CC_MATCH_VELOCITY_FLUX,alloc_ptr_local,ccib.f90,5182,92,M2
L0115,CC_SCALARS::CC_MATCH_VELOCITY_FLUX,alloc_ptr_local,ccib.f90,5200,92,M2
L0115,CC_SCALARS::CC_MATCH_VELOCITY_FLUX,alloc_ptr_local,ccib.f90,5200,92,M2
L0115,CC_SCALARS::CC_MATCH_VELOCITY_FLUX,dt_alloc_component,ccib.f90,5200,83,MESH_TYPE%CELL
L0115,CC_SCALARS::CC_MATCH_VELOCITY_FLUX,dt_alloc_component,ccib.f90,5200,83,MESH_TYPE%CELL_INDEX
L0115,CC_SCALARS::CC_MATCH_VELOCITY_FLUX,dt_alloc_component,ccib.f90,5201,83,MESH_TYPE%FCVAR
L0115,CC_SCALARS::CC_MATCH_VELOCITY_FLUX,dt_alloc_component,ccib.f90,5202,83,MESH_TYPE%FCVAR
L0115,CC_SCALARS::CC_MATCH_VELOCITY_FLUX,write_derived_index,ccib.f90,5216,6,"FVX(0,JJ,KK)"
L0115,CC_SCALARS::CC_MATCH_VELOCITY_FLUX,write_derived_index,ccib.f90,5242,6,"FVX(IBAR,JJ,KK)"
L0115,CC_SCALARS::CC_MATCH_VELOCITY_FLUX,write_derived_index,ccib.f90,5268,6,"FVY(II,0,KK)"
L0115,CC_SCALARS::CC_MATCH_VELOCITY_FLUX,write_derived_index,ccib.f90,5294,6,"FVY(II,JBAR,KK)"
L0115,CC_SCALARS::CC_MATCH_VELOCITY_FLUX,reduction_intrinsic,ccib.f90,5357,2,DOT_PRODUCT
L0115,CC_SCALARS::CC_MATCH_VELOCITY_FLUX,reduction_intrinsic,ccib.f90,5357,2,SUM
L0115,CC_SCALARS::CC_MATCH_VELOCITY_FLUX,pointer_reassign,ccib.f90,5171,12,WC
L0115,CC_SCALARS::CC_MATCH_VELOCITY_FLUX,pointer_reassign,ccib.f90,5172,12,EWC
L0115,CC_SCALARS::CC_MATCH_VELOCITY_FLUX,pointer_reassign,ccib.f90,5175,12,BC
L0115,CC_SCALARS::CC_MATCH_VELOCITY_FLUX,pointer_reassign,ccib.f90,5181,12,OM
L0116,CC_SCALARS::CC_NO_FLUX,alloc_ptr_local,ccib.f90,15478,6,HP
L0116,CC_SCALARS::CC_NO_FLUX,alloc_ptr_local,ccib.f90,15478,6,HP
L0116,CC_SCALARS::CC_NO_FLUX,alloc_ptr_local,ccib.f90,15489,6,HP
L0116,CC_SCALARS::CC_NO_FLUX,alloc_ptr_local,ccib.f90,15489,6,HP
L0116,CC_SCALARS::CC_NO_FLUX,dt_alloc_component,ccib.f90,15472,27,CC_CUTFACE_TYPE%FN
L0116,CC_SCALARS::CC_NO_FLUX,dt_alloc_component,ccib.f90,15472,27,CC_CUTFACE_TYPE%FN_B
L0116,CC_SCALARS::CC_NO_FLUX,dt_alloc_component,ccib.f90,15475,27,CC_CUTFACE_TYPE%VEL
L0116,CC_SCALARS::CC_NO_FLUX,dt_alloc_component,ccib.f90,15476,27,CC_CUTFACE_TYPE%VEL
L0116,CC_SCALARS::CC_NO_FLUX,pointer_reassign,ccib.f90,15464,1,CF
L0117,CC_SCALARS::CC_NO_FLUX,alloc_ptr_local,ccib.f90,15511,9,CFA
L0117,CC_SCALARS::CC_NO_FLUX,alloc_ptr_local,ccib.f90,15512,9,CFA
L0117,CC_SCALARS::CC_NO_FLUX,alloc_ptr_local,ccib.f90,15513,9,CFA
L0117,CC_SCALARS::CC_NO_FLUX,alloc_ptr_local,ccib.f90,15514,9,CFA
L0117,CC_SCALARS::CC_NO_FLUX,dt_alloc_component,ccib.f90,15529,4,CC_CUTFACE_TYPE%VEL
L0117,CC_SCALARS::CC_NO_FLUX,dt_alloc_component,ccib.f90,15532,4,CC_CUTFACE_TYPE%VEL
L0117,CC_SCALARS::CC_NO_FLUX,dt_alloc_component,ccib.f90,15532,4,CC_CUTFACE_TYPE%VELS
L0117,CC_SCALARS::CC_NO_FLUX,dt_alloc_component,ccib.f90,15534,4,CC_CUTFACE_TYPE%FN
L0117,CC_SCALARS::CC_NO_FLUX,write_derived_index,ccib.f90,15534,1,CUT_FACE(IFACE)%FN(JFACE)
L0117,CC_SCALARS::CC_NO_FLUX,reduction_intrinsic,ccib.f90,15524,1,ANY
L0117,CC_SCALARS::CC_NO_FLUX,pointer_reassign,ccib.f90,15511,3,CFA
L0117,CC_SCALARS::CC_NO_FLUX,pointer_reassign,ccib.f90,15515,3,BC
L0117,CC_SCALARS::CC_NO_FLUX,pointer_reassign,ccib.f90,15523,3,B1
L0118,CC_SCALARS::CC_NO_FLUX,alloc_ptr_local,ccib.f90,15542,5,WC
L0118,CC_SCALARS::CC_NO_FLUX,alloc_ptr_local,ccib.f90,15543,5,WC
L0118,CC_SCALARS::CC_NO_FLUX,alloc_ptr_local,ccib.f90,15543,5,WC
L0118,CC_SCALARS::CC_NO_FLUX,alloc_ptr_local,ccib.f90,15544,5,EWC
L0118,CC_SCALARS::CC_NO_FLUX,pointer_reassign,ccib.f90,15542,3,WC
L0118,CC_SCALARS::CC_NO_FLUX,pointer_reassign,ccib.f90,15544,3,EWC
L0118,CC_SCALARS::CC_NO_FLUX,pointer_reassign,ccib.f90,15546,3,BC
L0119,CC_SCALARS::CC_PROJECT_VELOCITY,dt_alloc_component,ccib.f90,2727,3,CC_CUTFACE_TYPE%VELS
L0119,CC_SCALARS::CC_PROJECT_VELOCITY,dt_alloc_component,ccib.f90,2727,3,CC_CUTFACE_TYPE%VEL
L0119,CC_SCALARS::CC_PROJECT_VELOCITY,dt_alloc_component,ccib.f90,2727,3,CC_CUTFACE_TYPE%FN
L0119,CC_SCALARS::CC_PROJECT_VELOCITY,pointer_reassign,ccib.f90,2726,1,CF
L0120,CC_SCALARS::CC_PROJECT_VELOCITY,dt_alloc_component,ccib.f90,2740,18,CC_CUTFACE_TYPE%XCENHIGH
L0120,CC_SCALARS::CC_PROJECT_VELOCITY,dt_alloc_component,ccib.f90,2740,18,CC_CUTFACE_TYPE%XCENLOW
L0120,CC_SCALARS::CC_PROJECT_VELOCITY,dt_alloc_component,ccib.f90,2741,18,CC_CUTCELL_TYPE%H
L0120,CC_SCALARS::CC_PROJECT_VELOCITY,dt_alloc_component,ccib.f90,2741,18,CC_CUTFACE_TYPE%CELL_LIST
L0120,CC_SCALARS::CC_PROJECT_VELOCITY,reduction_intrinsic,ccib.f90,2736,2,ANY
L0120,CC_SCALARS::CC_PROJECT_VELOCITY,reduction_intrinsic,ccib.f90,2751,2,DOT_PRODUCT
L0120,CC_SCALARS::CC_PROJECT_VELOCITY,pointer_reassign,ccib.f90,2735,1,CF
L0121,CC_SCALARS::CC_PROJECT_VELOCITY,dt_alloc_component,ccib.f90,2768,18,CC_CUTFACE_TYPE%XCENHIGH
L0121,CC_SCALARS::CC_PROJECT_VELOCITY,dt_alloc_component,ccib.f90,2768,18,CC_CUTFACE_TYPE%XCENLOW
L0121,CC_SCALARS::CC_PROJECT_VELOCITY,dt_alloc_component,ccib.f90,2769,18,CC_CUTCELL_TYPE%H
L0121,CC_SCALARS::CC_PROJECT_VELOCITY,dt_alloc_component,ccib.f90,2769,18,CC_CUTFACE_TYPE%CELL_LIST
L0121,CC_SCALARS::CC_PROJECT_VELOCITY,reduction_intrinsic,ccib.f90,2764,2,ANY
L0121,CC_SCALARS::CC_PROJECT_VELOCITY,reduction_intrinsic,ccib.f90,2779,2,DOT_PRODUCT
L0121,CC_SCALARS::CC_PROJECT_VELOCITY,pointer_reassign,ccib.f90,2763,1,CF
L0122,CC_SCALARS::CC_PROJECT_VELOCITY,dt_alloc_component,ccib.f90,2795,18,CC_CUTFACE_TYPE%XCENHIGH
L0122,CC_SCALARS::CC_PROJECT_VELOCITY,dt_alloc_component,ccib.f90,2795,18,CC_CUTFACE_TYPE%XCENLOW
L0122,CC_SCALARS::CC_PROJECT_VELOCITY,dt_alloc_component,ccib.f90,2796,18,CC_CUTCELL_TYPE%H
L0122,CC_SCALARS::CC_PROJECT_VELOCITY,dt_alloc_component,ccib.f90,2796,18,CC_CUTFACE_TYPE%CELL_LIST
L0122,CC_SCALARS::CC_PROJECT_VELOCITY,reduction_intrinsic,ccib.f90,2791,2,ANY
L0122,CC_SCALARS::CC_PROJECT_VELOCITY,reduction_intrinsic,ccib.f90,2806,2,DOT_PRODUCT
L0122,CC_SCALARS::CC_PROJECT_VELOCITY,pointer_reassign,ccib.f90,2790,1,CF
L0123,CC_SCALARS::CC_PROJECT_VELOCITY,dt_alloc_component,ccib.f90,2814,1,MESH_TYPE%RCF_H
L0123,CC_SCALARS::CC_PROJECT_VELOCITY,write_derived_index,ccib.f90,2821,3,"US(I,J,K)"
L0123,CC_SCALARS::CC_PROJECT_VELOCITY,write_derived_index,ccib.f90,2823,3,"VS(I,J,K)"
L0123,CC_SCALARS::CC_PROJECT_VELOCITY,write_derived_index,ccib.f90,2825,3,"WS(I,J,K)"
L0123,CC_SCALARS::CC_PROJECT_VELOCITY,reduction_intrinsic,ccib.f90,2815,1,ANY
L0123,CC_SCALARS::CC_PROJECT_VELOCITY,pointer_reassign,ccib.f90,2814,1,RCF
L0124,CC_SCALARS::CC_PROJECT_VELOCITY,write_derived_index,ccib.f90,2845,3,"US(I,J,K)"
L0124,CC_SCALARS::CC_PROJECT_VELOCITY,write_derived_index,ccib.f90,2846,3,"VS(I,J,K)"
L0124,CC_SCALARS::CC_PROJECT_VELOCITY,write_derived_index,ccib.f90,2847,3,"WS(I,J,K)"
L0124,CC_SCALARS::CC_PROJECT_VELOCITY,pointer_reassign,ccib.f90,2831,2,WC
L0124,CC_SCALARS::CC_PROJECT_VELOCITY,pointer_reassign,ccib.f90,2834,2,BC
L0125,CC_SCALARS::CC_PROJECT_VELOCITY,dt_alloc_component,ccib.f90,2860,4,CC_CUTFACE_TYPE%VEL
L0125,CC_SCALARS::CC_PROJECT_VELOCITY,dt_alloc_component,ccib.f90,2860,4,CC_CUTFACE_TYPE%VEL
L0125,CC_SCALARS::CC_PROJECT_VELOCITY,dt_alloc_component,ccib.f90,2860,4,CC_CUTFACE_TYPE%VELS
L0125,CC_SCALARS::CC_PROJECT_VELOCITY,dt_alloc_component,ccib.f90,2860,4,CC_CUTFACE_TYPE%FN
L0125,CC_SCALARS::CC_PROJECT_VELOCITY,pointer_reassign,ccib.f90,2859,1,CF
L0126,CC_SCALARS::CC_PROJECT_VELOCITY,dt_alloc_component,ccib.f90,2873,20,CC_CUTFACE_TYPE%XCENHIGH
L0126,CC_SCALARS::CC_PROJECT_VELOCITY,dt_alloc_component,ccib.f90,2873,20,CC_CUTFACE_TYPE%XCENLOW
L0126,CC_SCALARS::CC_PROJECT_VELOCITY,dt_alloc_component,ccib.f90,2874,20,CC_CUTCELL_TYPE%HS
L0126,CC_SCALARS::CC_PROJECT_VELOCITY,dt_alloc_component,ccib.f90,2874,20,CC_CUTFACE_TYPE%CELL_LIST
L0126,CC_SCALARS::CC_PROJECT_VELOCITY,reduction_intrinsic,ccib.f90,2869,2,ANY
L0126,CC_SCALARS::CC_PROJECT_VELOCITY,reduction_intrinsic,ccib.f90,2886,2,DOT_PRODUCT
L0126,CC_SCALARS::CC_PROJECT_VELOCITY,pointer_reassign,ccib.f90,2868,1,CF
L0127,CC_SCALARS::CC_PROJECT_VELOCITY,dt_alloc_component,ccib.f90,2902,20,CC_CUTFACE_TYPE%XCENHIGH
L0127,CC_SCALARS::CC_PROJECT_VELOCITY,dt_alloc_component,ccib.f90,2902,20,CC_CUTFACE_TYPE%XCENLOW
L0127,CC_SCALARS::CC_PROJECT_VELOCITY,dt_alloc_component,ccib.f90,2903,20,CC_CUTCELL_TYPE%HS
L0127,CC_SCALARS::CC_PROJECT_VELOCITY,dt_alloc_component,ccib.f90,2903,20,CC_CUTFACE_TYPE%CELL_LIST
L0127,CC_SCALARS::CC_PROJECT_VELOCITY,reduction_intrinsic,ccib.f90,2898,2,ANY
L0127,CC_SCALARS::CC_PROJECT_VELOCITY,reduction_intrinsic,ccib.f90,2915,2,DOT_PRODUCT
L0127,CC_SCALARS::CC_PROJECT_VELOCITY,pointer_reassign,ccib.f90,2897,1,CF
L0128,CC_SCALARS::CC_PROJECT_VELOCITY,dt_alloc_component,ccib.f90,2931,20,CC_CUTFACE_TYPE%XCENHIGH
L0128,CC_SCALARS::CC_PROJECT_VELOCITY,dt_alloc_component,ccib.f90,2931,20,CC_CUTFACE_TYPE%XCENLOW
L0128,CC_SCALARS::CC_PROJECT_VELOCITY,dt_alloc_component,ccib.f90,2932,20,CC_CUTCELL_TYPE%HS
L0128,CC_SCALARS::CC_PROJECT_VELOCITY,dt_alloc_component,ccib.f90,2932,20,CC_CUTFACE_TYPE%CELL_LIST
L0128,CC_SCALARS::CC_PROJECT_VELOCITY,reduction_intrinsic,ccib.f90,2927,2,ANY
L0128,CC_SCALARS::CC_PROJECT_VELOCITY,reduction_intrinsic,ccib.f90,2944,2,DOT_PRODUCT
L0128,CC_SCALARS::CC_PROJECT_VELOCITY,pointer_reassign,ccib.f90,2926,1,CF
L0129,CC_SCALARS::CC_PROJECT_VELOCITY,alloc_ptr_local,ccib.f90,2959,3,U_STORE
L0129,CC_SCALARS::CC_PROJECT_VELOCITY,alloc_ptr_local,ccib.f90,2962,3,V_STORE
L0129,CC_SCALARS::CC_PROJECT_VELOCITY,alloc_ptr_local,ccib.f90,2965,3,W_STORE
L0129,CC_SCALARS::CC_PROJECT_VELOCITY,dt_alloc_component,ccib.f90,2952,1,MESH_TYPE%RCF_H
L0129,CC_SCALARS::CC_PROJECT_VELOCITY,write_derived_index,ccib.f90,2959,3,"U(I,J,K)"
L0129,CC_SCALARS::CC_PROJECT_VELOCITY,write_derived_index,ccib.f90,2962,3,"V(I,J,K)"
L0129,CC_SCALARS::CC_PROJECT_VELOCITY,write_derived_index,ccib.f90,2965,3,"W(I,J,K)"
L0129,CC_SCALARS::CC_PROJECT_VELOCITY,reduction_intrinsic,ccib.f90,2953,1,ANY
L0129,CC_SCALARS::CC_PROJECT_VELOCITY,save_var,ccib.f90,2959,3,U_STORE
L0129,CC_SCALARS::CC_PROJECT_VELOCITY,save_var,ccib.f90,2962,3,V_STORE
L0129,CC_SCALARS::CC_PROJECT_VELOCITY,save_var,ccib.f90,2965,3,W_STORE
L0129,CC_SCALARS::CC_PROJECT_VELOCITY,pointer_reassign,ccib.f90,2952,1,RCF
L0130,CC_SCALARS::CC_PROJECT_VELOCITY,alloc_ptr_local,ccib.f90,2985,3,U_STORE
L0130,CC_SCALARS::CC_PROJECT_VELOCITY,alloc_ptr_local,ccib.f90,2986,3,V_STORE
L0130,CC_SCALARS::CC_PROJECT_VELOCITY,alloc_ptr_local,ccib.f90,2987,3,W_STORE
L0130,CC_SCALARS::CC_PROJECT_VELOCITY,write_derived_index,ccib.f90,2985,3,"U(I,J,K)"
L0130,CC_SCALARS::CC_PROJECT_VELOCITY,write_derived_index,ccib.f90,2986,3,"V(I,J,K)"
L0130,CC_SCALARS::CC_PROJECT_VELOCITY,write_derived_index,ccib.f90,2987,3,"W(I,J,K)"
L0130,CC_SCALARS::CC_PROJECT_VELOCITY,save_var,ccib.f90,2985,3,U_STORE
L0130,CC_SCALARS::CC_PROJECT_VELOCITY,save_var,ccib.f90,2986,3,V_STORE
L0130,CC_SCALARS::CC_PROJECT_VELOCITY,save_var,ccib.f90,2987,3,W_STORE
L0130,CC_SCALARS::CC_PROJECT_VELOCITY,pointer_reassign,ccib.f90,2971,2,WC
L0130,CC_SCALARS::CC_PROJECT_VELOCITY,pointer_reassign,ccib.f90,2974,2,BC
L0131,CC_SCALARS::CC_RESCALE_OMESH_STAGGERED_TO_CUTFACE,alloc_ptr_local,ccib.f90,13867,34,MR
L0131,CC_SCALARS::CC_RESCALE_OMESH_STAGGERED_TO_CUTFACE,alloc_ptr_local,ccib.f90,13868,34,MR
L0131,CC_SCALARS::CC_RESCALE_OMESH_STAGGERED_TO_CUTFACE,alloc_ptr_local,ccib.f90,13868,34,MR
L0131,CC_SCALARS::CC_RESCALE_OMESH_STAGGERED_TO_CUTFACE,alloc_ptr_local,ccib.f90,13869,34,OM
L0131,CC_SCALARS::CC_RESCALE_OMESH_STAGGERED_TO_CUTFACE,dt_alloc_component,ccib.f90,13868,17,MESH_TYPE%NEIGHBORING_MESH
L0131,CC_SCALARS::CC_RESCALE_OMESH_STAGGERED_TO_CUTFACE,dt_alloc_component,ccib.f90,13868,17,MESH_TYPE%OMESH
L0131,CC_SCALARS::CC_RESCALE_OMESH_STAGGERED_TO_CUTFACE,dt_alloc_component,ccib.f90,13869,17,MESH_TYPE%OMESH
L0131,CC_SCALARS::CC_RESCALE_OMESH_STAGGERED_TO_CUTFACE,dt_alloc_component,ccib.f90,13870,17,MESH_TYPE%FCVAR
L0131,CC_SCALARS::CC_RESCALE_OMESH_STAGGERED_TO_CUTFACE,pointer_reassign,ccib.f90,13869,2,OM
L0131,CC_SCALARS::CC_RESCALE_OMESH_STAGGERED_TO_CUTFACE,pointer_reassign,ccib.f90,13870,2,MS
L0132,CC_SCALARS::CC_RESTORE_UVW_UNLINKED,reduction_accum,ccib.f90,3564,3,COUNT = COUNT ...
L0132,CC_SCALARS::CC_RESTORE_UVW_UNLINKED,reduction_accum,ccib.f90,3567,3,COUNT = COUNT ...
L0132,CC_SCALARS::CC_RESTORE_UVW_UNLINKED,reduction_accum,ccib.f90,3570,3,COUNT = COUNT ...
L0133,CC_SCALARS::CC_RESTORE_UVW_UNLINKED,write_derived_index,ccib.f90,3580,3,"U(I,J,K)"
L0133,CC_SCALARS::CC_RESTORE_UVW_UNLINKED,write_derived_index,ccib.f90,3581,3,"V(I,J,K)"
L0133,CC_SCALARS::CC_RESTORE_UVW_UNLINKED,write_derived_index,ccib.f90,3582,3,"W(I,J,K)"
L0133,CC_SCALARS::CC_RESTORE_UVW_UNLINKED,reduction_accum,ccib.f90,3580,3,COUNT = COUNT ...
L0133,CC_SCALARS::CC_RESTORE_UVW_UNLINKED,reduction_accum,ccib.f90,3581,3,COUNT = COUNT ...
L0133,CC_SCALARS::CC_RESTORE_UVW_UNLINKED,reduction_accum,ccib.f90,3582,3,COUNT = COUNT ...
L0134,CC_SCALARS::CC_RESTORE_UVW_UNLINKED,dt_alloc_component,ccib.f90,3590,2,CC_CUTFACE_TYPE%UNKF
L0134,CC_SCALARS::CC_RESTORE_UVW_UNLINKED,dt_alloc_component,ccib.f90,3591,2,CC_CUTFACE_TYPE%VEL
L0134,CC_SCALARS::CC_RESTORE_UVW_UNLINKED,reduction_accum,ccib.f90,3591,1,COUNT = COUNT ...
L0134,CC_SCALARS::CC_RESTORE_UVW_UNLINKED,pointer_reassign,ccib.f90,3586,1,CF
L0135,CC_SCALARS::CC_RESTORE_UVW_UNLINKED,dt_alloc_component,ccib.f90,3608,7,CC_CUTFACE_TYPE%VEL
L0135,CC_SCALARS::CC_RESTORE_UVW_UNLINKED,dt_alloc_component,ccib.f90,3611,7,CC_CUTFACE_TYPE%VEL
L0135,CC_SCALARS::CC_RESTORE_UVW_UNLINKED,dt_alloc_component,ccib.f90,3611,7,CC_CUTFACE_TYPE%AREA
L0135,CC_SCALARS::CC_RESTORE_UVW_UNLINKED,dt_alloc_component,ccib.f90,3612,7,CC_CUTFACE_TYPE%VEL
L0135,CC_SCALARS::CC_RESTORE_UVW_UNLINKED,write_derived_index,ccib.f90,3611,6,"U(I,J,K)"
L0135,CC_SCALARS::CC_RESTORE_UVW_UNLINKED,write_derived_index,ccib.f90,3612,6,"V(I,J,K)"
L0135,CC_SCALARS::CC_RESTORE_UVW_UNLINKED,write_derived_index,ccib.f90,3613,6,"W(I,J,K)"
L0135,CC_SCALARS::CC_RESTORE_UVW_UNLINKED,write_derived_index,ccib.f90,3618,6,"U(I,J,K)"
L0135,CC_SCALARS::CC_RESTORE_UVW_UNLINKED,reduction_accum,ccib.f90,3608,2,COUNT = COUNT ...
L0135,CC_SCALARS::CC_RESTORE_UVW_UNLINKED,reduction_accum,ccib.f90,3616,2,COUNT = COUNT ...
L0135,CC_SCALARS::CC_RESTORE_UVW_UNLINKED,reduction_intrinsic,ccib.f90,3611,3,DOT_PRODUCT
L0135,CC_SCALARS::CC_RESTORE_UVW_UNLINKED,reduction_intrinsic,ccib.f90,3612,3,DOT_PRODUCT
L0135,CC_SCALARS::CC_RESTORE_UVW_UNLINKED,reduction_intrinsic,ccib.f90,3613,3,DOT_PRODUCT
L0135,CC_SCALARS::CC_RESTORE_UVW_UNLINKED,pointer_reassign,ccib.f90,3595,4,WC
L0135,CC_SCALARS::CC_RESTORE_UVW_UNLINKED,pointer_reassign,ccib.f90,3597,4,EWC
L0135,CC_SCALARS::CC_RESTORE_UVW_UNLINKED,pointer_reassign,ccib.f90,3598,4,BC
L0135,CC_SCALARS::CC_RESTORE_UVW_UNLINKED,pointer_reassign,ccib.f90,3606,4,CF
L0136,CC_SCALARS::CC_RESTORE_UVW_UNLINKED,write_derived_index,ccib.f90,3631,3,UN_ULNK(COUNT)
L0136,CC_SCALARS::CC_RESTORE_UVW_UNLINKED,write_derived_index,ccib.f90,3634,3,UN_ULNK(COUNT)
L0136,CC_SCALARS::CC_RESTORE_UVW_UNLINKED,write_derived_index,ccib.f90,3637,3,UN_ULNK(COUNT)
L0136,CC_SCALARS::CC_RESTORE_UVW_UNLINKED,reduction_accum,ccib.f90,3631,3,COUNT = COUNT ...
L0136,CC_SCALARS::CC_RESTORE_UVW_UNLINKED,reduction_accum,ccib.f90,3634,3,COUNT = COUNT ...
L0136,CC_SCALARS::CC_RESTORE_UVW_UNLINKED,reduction_accum,ccib.f90,3637,3,COUNT = COUNT ...
L0137,CC_SCALARS::CC_RESTORE_UVW_UNLINKED,write_derived_index,ccib.f90,3647,3,UN_ULNK(COUNT)
L0137,CC_SCALARS::CC_RESTORE_UVW_UNLINKED,write_derived_index,ccib.f90,3648,3,UN_ULNK(COUNT)
L0137,CC_SCALARS::CC_RESTORE_UVW_UNLINKED,write_derived_index,ccib.f90,3649,3,UN_ULNK(COUNT)
L0137,CC_SCALARS::CC_RESTORE_UVW_UNLINKED,reduction_accum,ccib.f90,3647,3,COUNT = COUNT ...
L0137,CC_SCALARS::CC_RESTORE_UVW_UNLINKED,reduction_accum,ccib.f90,3648,3,COUNT = COUNT ...
L0137,CC_SCALARS::CC_RESTORE_UVW_UNLINKED,reduction_accum,ccib.f90,3649,3,COUNT = COUNT ...
L0138,CC_SCALARS::CC_RESTORE_UVW_UNLINKED,dt_alloc_component,ccib.f90,3657,2,CC_CUTFACE_TYPE%UNKF
L0138,CC_SCALARS::CC_RESTORE_UVW_UNLINKED,dt_alloc_component,ccib.f90,3658,2,CC_CUTFACE_TYPE%VEL
L0138,CC_SCALARS::CC_RESTORE_UVW_UNLINKED,write_derived_index,ccib.f90,3658,1,UN_ULNK(COUNT)
L0138,CC_SCALARS::CC_RESTORE_UVW_UNLINKED,reduction_accum,ccib.f90,3658,1,COUNT = COUNT ...
L0138,CC_SCALARS::CC_RESTORE_UVW_UNLINKED,pointer_reassign,ccib.f90,3653,1,CF
L0139,CC_SCALARS::CC_RESTORE_UVW_UNLINKED,dt_alloc_component,ccib.f90,3675,1,CC_CUTFACE_TYPE%VEL
L0139,CC_SCALARS::CC_RESTORE_UVW_UNLINKED,write_derived_index,ccib.f90,3675,4,UN_ULNK(COUNT)
L0139,CC_SCALARS::CC_RESTORE_UVW_UNLINKED,write_derived_index,ccib.f90,3680,4,UN_ULNK(COUNT)
L0139,CC_SCALARS::CC_RESTORE_UVW_UNLINKED,write_derived_index,ccib.f90,3681,4,UN_ULNK(COUNT)
L0139,CC_SCALARS::CC_RESTORE_UVW_UNLINKED,write_derived_index,ccib.f90,3682,4,UN_ULNK(COUNT)
L0139,CC_SCALARS::CC_RESTORE_UVW_UNLINKED,reduction_accum,ccib.f90,3675,2,COUNT = COUNT ...
L0139,CC_SCALARS::CC_RESTORE_UVW_UNLINKED,reduction_accum,ccib.f90,3678,2,COUNT = COUNT ...
L0139,CC_SCALARS::CC_RESTORE_UVW_UNLINKED,pointer_reassign,ccib.f90,3662,4,WC
L0139,CC_SCALARS::CC_RESTORE_UVW_UNLINKED,pointer_reassign,ccib.f90,3664,4,EWC
L0139,CC_SCALARS::CC_RESTORE_UVW_UNLINKED,pointer_reassign,ccib.f90,3665,4,BC
L0139,CC_SCALARS::CC_RESTORE_UVW_UNLINKED,pointer_reassign,ccib.f90,3673,4,CF
L0140,CC_SCALARS::CC_RHO0W_INTERP,dt_alloc_component,ccib.f90,7005,12,CC_CUTCELL_TYPE%INT_NPE
L0140,CC_SCALARS::CC_RHO0W_INTERP,dt_alloc_component,ccib.f90,7006,12,CC_CUTCELL_TYPE%INT_NPE
L0140,CC_SCALARS::CC_RHO0W_INTERP,dt_alloc_component,ccib.f90,7008,12,CC_CUTCELL_TYPE%INT_COEF
L0140,CC_SCALARS::CC_RHO0W_INTERP,dt_alloc_component,ccib.f90,7008,12,CC_CUTCELL_TYPE%INT_CCVARS
L0141,CC_SCALARS::CC_ROTATED_CUBE_RHS_ZZ,alloc_ptr_local,ccib.f90,6536,1,RHOP
L0141,CC_SCALARS::CC_ROTATED_CUBE_RHS_ZZ,write_derived_index,ccib.f90,6538,1,F_Z(IROW)
L0142,CC_SCALARS::CC_ROTATED_CUBE_RHS_ZZ,dt_alloc_component,ccib.f90,6545,7,CC_CUTCELL_TYPE%UNKZ
L0142,CC_SCALARS::CC_ROTATED_CUBE_RHS_ZZ,dt_alloc_component,ccib.f90,6547,7,CC_CUTCELL_TYPE%XYZCEN
L0142,CC_SCALARS::CC_ROTATED_CUBE_RHS_ZZ,dt_alloc_component,ccib.f90,6547,7,CC_CUTCELL_TYPE%XYZCEN
L0142,CC_SCALARS::CC_ROTATED_CUBE_RHS_ZZ,dt_alloc_component,ccib.f90,6552,7,CC_CUTCELL_TYPE%TMP
L0142,CC_SCALARS::CC_ROTATED_CUBE_RHS_ZZ,write_derived_index,ccib.f90,6555,1,F_Z(IROW)
L0145,CC_SCALARS::CC_VELOCITY_BC,alloc_ptr_local,ccib.f90,13955,3,UU
L0145,CC_SCALARS::CC_VELOCITY_BC,alloc_ptr_local,ccib.f90,13956,3,VV
L0145,CC_SCALARS::CC_VELOCITY_BC,alloc_ptr_local,ccib.f90,13957,3,WW
L0145,CC_SCALARS::CC_VELOCITY_BC,dt_alloc_component,ccib.f90,13965,2,CC_CUTFACE_TYPE%VELS
L0145,CC_SCALARS::CC_VELOCITY_BC,dt_alloc_component,ccib.f90,13966,2,CC_CUTFACE_TYPE%VEL
L0145,CC_SCALARS::CC_VELOCITY_BC,pointer_reassign,ccib.f90,13950,1,CF
L0157,CC_SCALARS::CC_VELOCITY_CUTFACES,alloc_ptr_local,ccib.f90,6939,30,CF
L0157,CC_SCALARS::CC_VELOCITY_CUTFACES,alloc_ptr_local,ccib.f90,6939,30,CF
L0157,CC_SCALARS::CC_VELOCITY_CUTFACES,alloc_ptr_local,ccib.f90,6940,30,CF
L0157,CC_SCALARS::CC_VELOCITY_CUTFACES,alloc_ptr_local,ccib.f90,6940,30,CF
L0157,CC_SCALARS::CC_VELOCITY_CUTFACES,dt_alloc_component,ccib.f90,6941,5,CC_CUTFACE_TYPE%AREA
L0157,CC_SCALARS::CC_VELOCITY_CUTFACES,dt_alloc_component,ccib.f90,6943,5,CC_CUTFACE_TYPE%VELS
L0157,CC_SCALARS::CC_VELOCITY_CUTFACES,dt_alloc_component,ccib.f90,6943,5,CC_CUTFACE_TYPE%AREA
L0157,CC_SCALARS::CC_VELOCITY_CUTFACES,dt_alloc_component,ccib.f90,6945,5,CC_CUTFACE_TYPE%VEL
L0157,CC_SCALARS::CC_VELOCITY_CUTFACES,write_derived_index,ccib.f90,6948,3,"UP(I,J,K)"
L0157,CC_SCALARS::CC_VELOCITY_CUTFACES,write_derived_index,ccib.f90,6949,3,"VP(I,J,K)"
L0157,CC_SCALARS::CC_VELOCITY_CUTFACES,write_derived_index,ccib.f90,6950,3,"WP(I,J,K)"
L0157,CC_SCALARS::CC_VELOCITY_CUTFACES,reduction_intrinsic,ccib.f90,6941,3,SUM
L0157,CC_SCALARS::CC_VELOCITY_CUTFACES,reduction_intrinsic,ccib.f90,6943,3,DOT_PRODUCT
L0157,CC_SCALARS::CC_VELOCITY_CUTFACES,reduction_intrinsic,ccib.f90,6945,3,DOT_PRODUCT
L0157,CC_SCALARS::CC_VELOCITY_CUTFACES,pointer_reassign,ccib.f90,6939,1,CF
L0158,CC_SCALARS::CC_VELOCITY_FLUX,alloc_ptr_dummy,ccib.f90,15089,6,RHOP
L0158,CC_SCALARS::CC_VELOCITY_FLUX,alloc_ptr_dummy,ccib.f90,15089,6,RHOP
L0158,CC_SCALARS::CC_VELOCITY_FLUX,alloc_ptr_dummy,ccib.f90,15092,6,RHOP
L0158,CC_SCALARS::CC_VELOCITY_FLUX,alloc_ptr_dummy,ccib.f90,15092,6,RHOP
L0158,CC_SCALARS::CC_VELOCITY_FLUX,dt_alloc_component,ccib.f90,15069,15,CC_CUTFACE_TYPE%XYZCEN
L0158,CC_SCALARS::CC_VELOCITY_FLUX,dt_alloc_component,ccib.f90,15070,15,CC_CUTFACE_TYPE%XCENHIGH
L0158,CC_SCALARS::CC_VELOCITY_FLUX,dt_alloc_component,ccib.f90,15070,15,CC_CUTFACE_TYPE%XCENLOW
L0158,CC_SCALARS::CC_VELOCITY_FLUX,dt_alloc_component,ccib.f90,15071,15,CC_CUTFACE_TYPE%XCENHIGH
L0158,CC_SCALARS::CC_VELOCITY_FLUX,write_derived_index,ccib.f90,15090,3,"FVX(I,J,K)"
L0158,CC_SCALARS::CC_VELOCITY_FLUX,write_derived_index,ccib.f90,15093,3,"FVY(I,J,K)"
L0158,CC_SCALARS::CC_VELOCITY_FLUX,write_derived_index,ccib.f90,15096,3,"FVZ(I,J,K)"
L0158,CC_SCALARS::CC_VELOCITY_FLUX,reduction_intrinsic,ccib.f90,15085,2,DOT_PRODUCT
L0158,CC_SCALARS::CC_VELOCITY_FLUX,reduction_intrinsic,ccib.f90,15085,2,SUM
L0158,CC_SCALARS::CC_VELOCITY_FLUX,pointer_reassign,ccib.f90,15065,2,CF
L0158,CC_SCALARS::CC_VELOCITY_FLUX,pointer_reassign,ccib.f90,15076,2,CC
L0159,CC_SCALARS::CC_VELOCITY_FLUX,alloc_ptr_dummy,ccib.f90,15108,9,RHOP
L0159,CC_SCALARS::CC_VELOCITY_FLUX,alloc_ptr_dummy,ccib.f90,15120,9,RHOP
L0159,CC_SCALARS::CC_VELOCITY_FLUX,alloc_ptr_dummy,ccib.f90,15120,9,RHOP
L0159,CC_SCALARS::CC_VELOCITY_FLUX,alloc_ptr_dummy,ccib.f90,15125,9,RHOP
L0159,CC_SCALARS::CC_VELOCITY_FLUX,dt_alloc_component,ccib.f90,15115,9,CC_CUTCELL_TYPE%RHOS
L0159,CC_SCALARS::CC_VELOCITY_FLUX,dt_alloc_component,ccib.f90,15115,9,CC_CUTCELL_TYPE%RHO
L0159,CC_SCALARS::CC_VELOCITY_FLUX,dt_alloc_component,ccib.f90,15116,9,CC_CUTCELL_TYPE%RHO_0
L0159,CC_SCALARS::CC_VELOCITY_FLUX,dt_alloc_component,ccib.f90,15132,9,CC_CUTCELL_TYPE%RHOS
L0159,CC_SCALARS::CC_VELOCITY_FLUX,write_derived_index,ccib.f90,15121,3,"FVX(I,J,K)"
L0159,CC_SCALARS::CC_VELOCITY_FLUX,write_derived_index,ccib.f90,15138,3,"FVY(I,J,K)"
L0159,CC_SCALARS::CC_VELOCITY_FLUX,write_derived_index,ccib.f90,15155,3,"FVZ(I,J,K)"
L0159,CC_SCALARS::CC_VELOCITY_FLUX,pointer_reassign,ccib.f90,15101,4,RCF
L0159,CC_SCALARS::CC_VELOCITY_FLUX,pointer_reassign,ccib.f90,15114,4,CC
L0159,CC_SCALARS::CC_VELOCITY_FLUX,pointer_reassign,ccib.f90,15131,4,CC
L0159,CC_SCALARS::CC_VELOCITY_FLUX,pointer_reassign,ccib.f90,15148,4,CC
L0160,CC_SCALARS::CC_VELOCITY_FLUX,alloc_ptr_dummy,ccib.f90,15166,3,RHOP
L0160,CC_SCALARS::CC_VELOCITY_FLUX,alloc_ptr_dummy,ccib.f90,15170,3,RHOP
L0160,CC_SCALARS::CC_VELOCITY_FLUX,alloc_ptr_dummy,ccib.f90,15170,3,RHOP
L0160,CC_SCALARS::CC_VELOCITY_FLUX,reduction_intrinsic,ccib.f90,15164,2,ANY
L0160,CC_SCALARS::CC_VELOCITY_FLUX,reduction_intrinsic,ccib.f90,15165,2,ALL
L0161,CC_SCALARS::CC_VELOCITY_FLUX,alloc_ptr_dummy,ccib.f90,15181,3,RHOP
L0161,CC_SCALARS::CC_VELOCITY_FLUX,alloc_ptr_dummy,ccib.f90,15185,3,RHOP
L0161,CC_SCALARS::CC_VELOCITY_FLUX,alloc_ptr_dummy,ccib.f90,15185,3,RHOP
L0161,CC_SCALARS::CC_VELOCITY_FLUX,reduction_intrinsic,ccib.f90,15179,2,ANY
L0161,CC_SCALARS::CC_VELOCITY_FLUX,reduction_intrinsic,ccib.f90,15180,2,ALL
L0162,CC_SCALARS::CC_VELOCITY_FLUX,alloc_ptr_dummy,ccib.f90,15196,3,RHOP
L0162,CC_SCALARS::CC_VELOCITY_FLUX,alloc_ptr_dummy,ccib.f90,15200,3,RHOP
L0162,CC_SCALARS::CC_VELOCITY_FLUX,alloc_ptr_dummy,ccib.f90,15200,3,RHOP
L0162,CC_SCALARS::CC_VELOCITY_FLUX,reduction_intrinsic,ccib.f90,15194,2,ANY
L0162,CC_SCALARS::CC_VELOCITY_FLUX,reduction_intrinsic,ccib.f90,15195,2,ALL
L0163,CC_SCALARS::CC_VELOCITY_FLUX,dt_alloc_component,ccib.f90,15213,1,CC_CUTFACE_TYPE%FN
L0163,CC_SCALARS::CC_VELOCITY_FLUX,write_indirect,ccib.f90,15213,1,CUT_FACE(ICF)%FN(1:CUT_FACE(ICF)%NFACE)
L0164,CC_SCALARS::CFACE_PREDICT_NORMAL_VELOCITY,alloc_ptr_local,ccib.f90,6016,6,SF
L0164,CC_SCALARS::CFACE_PREDICT_NORMAL_VELOCITY,alloc_ptr_local,ccib.f90,6018,6,SF
L0164,CC_SCALARS::CFACE_PREDICT_NORMAL_VELOCITY,alloc_ptr_local,ccib.f90,6018,6,SF
L0164,CC_SCALARS::CFACE_PREDICT_NORMAL_VELOCITY,alloc_ptr_local,ccib.f90,6023,6,SF
L0164,CC_SCALARS::CFACE_PREDICT_NORMAL_VELOCITY,dt_alloc_component,ccib.f90,6023,3,SURFACE_TYPE%RAMP
L0164,CC_SCALARS::CFACE_PREDICT_NORMAL_VELOCITY,dt_alloc_component,ccib.f90,6032,3,SURFACE_TYPE%RAMP
L0164,CC_SCALARS::CFACE_PREDICT_NORMAL_VELOCITY,dt_alloc_component,ccib.f90,6032,3,SURFACE_TYPE%RAMP
L0164,CC_SCALARS::CFACE_PREDICT_NORMAL_VELOCITY,reduction_intrinsic,ccib.f90,6018,1,ANY
L0164,CC_SCALARS::CFACE_PREDICT_NORMAL_VELOCITY,pointer_reassign,ccib.f90,6005,3,CFA
L0164,CC_SCALARS::CFACE_PREDICT_NORMAL_VELOCITY,pointer_reassign,ccib.f90,6006,3,B1
L0164,CC_SCALARS::CFACE_PREDICT_NORMAL_VELOCITY,pointer_reassign,ccib.f90,6016,3,SF
L0165,CC_SCALARS::CFACE_PREDICT_NORMAL_VELOCITY,pointer_reassign,ccib.f90,6050,2,CFA
L0165,CC_SCALARS::CFACE_PREDICT_NORMAL_VELOCITY,pointer_reassign,ccib.f90,6051,2,B1
L0166,CC_SCALARS::CFACE_PREDICT_NORMAL_VELOCITY,alloc_ptr_local,ccib.f90,6064,3,SF
L0166,CC_SCALARS::CFACE_PREDICT_NORMAL_VELOCITY,alloc_ptr_local,ccib.f90,6065,3,SF
L0166,CC_SCALARS::CFACE_PREDICT_NORMAL_VELOCITY,alloc_ptr_local,ccib.f90,6065,3,SF
L0166,CC_SCALARS::CFACE_PREDICT_NORMAL_VELOCITY,reduction_intrinsic,ccib.f90,6065,1,ANY
L0166,CC_SCALARS::CFACE_PREDICT_NORMAL_VELOCITY,pointer_reassign,ccib.f90,6061,3,CFA
L0166,CC_SCALARS::CFACE_PREDICT_NORMAL_VELOCITY,pointer_reassign,ccib.f90,6062,3,B1
L0166,CC_SCALARS::CFACE_PREDICT_NORMAL_VELOCITY,pointer_reassign,ccib.f90,6064,3,SF
L0167,CC_SCALARS::CFACE_PREDICT_NORMAL_VELOCITY,pointer_reassign,ccib.f90,6073,2,CFA
L0167,CC_SCALARS::CFACE_PREDICT_NORMAL_VELOCITY,pointer_reassign,ccib.f90,6074,2,B1
L0168,CC_SCALARS::CHECK_CFLVN_LINKED_CELLS,alloc_ptr_local,ccib.f90,880,19,UVWA
L0168,CC_SCALARS::CHECK_CFLVN_LINKED_CELLS,alloc_ptr_local,ccib.f90,880,19,UVWA
L0168,CC_SCALARS::CHECK_CFLVN_LINKED_CELLS,alloc_ptr_local,ccib.f90,881,19,MURA
L0168,CC_SCALARS::CHECK_CFLVN_LINKED_CELLS,alloc_ptr_local,ccib.f90,881,19,MURA
L0168,CC_SCALARS::CHECK_CFLVN_LINKED_CELLS,write_derived_index,ccib.f90,880,10,UVWA(IROW)
L0168,CC_SCALARS::CHECK_CFLVN_LINKED_CELLS,write_derived_index,ccib.f90,881,10,MURA(IROW)
L0168,CC_SCALARS::CHECK_CFLVN_LINKED_CELLS,write_derived_index,ccib.f90,893,10,UVWA(IROW)
L0168,CC_SCALARS::CHECK_CFLVN_LINKED_CELLS,write_derived_index,ccib.f90,894,10,MURA(IROW)
L0169,CC_SCALARS::CHECK_CFLVN_LINKED_CELLS,alloc_ptr_local,ccib.f90,959,19,UVWA
L0169,CC_SCALARS::CHECK_CFLVN_LINKED_CELLS,alloc_ptr_local,ccib.f90,959,19,UVWA
L0169,CC_SCALARS::CHECK_CFLVN_LINKED_CELLS,alloc_ptr_local,ccib.f90,960,19,MURA
L0169,CC_SCALARS::CHECK_CFLVN_LINKED_CELLS,alloc_ptr_local,ccib.f90,960,19,MURA
L0169,CC_SCALARS::CHECK_CFLVN_LINKED_CELLS,dt_alloc_component,ccib.f90,925,23,CC_CUTCELL_TYPE%UNKZ
L0169,CC_SCALARS::CHECK_CFLVN_LINKED_CELLS,dt_alloc_component,ccib.f90,926,23,CC_CUTCELL_TYPE%CCELEM
L0169,CC_SCALARS::CHECK_CFLVN_LINKED_CELLS,dt_alloc_component,ccib.f90,927,23,CC_CUTCELL_TYPE%CCELEM
L0169,CC_SCALARS::CHECK_CFLVN_LINKED_CELLS,dt_alloc_component,ccib.f90,928,23,CC_CUTCELL_TYPE%FACE_LIST
L0169,CC_SCALARS::CHECK_CFLVN_LINKED_CELLS,write_derived_index,ccib.f90,959,10,UVWA(IROW)
L0169,CC_SCALARS::CHECK_CFLVN_LINKED_CELLS,write_derived_index,ccib.f90,960,10,MURA(IROW)
L0169,CC_SCALARS::CHECK_CFLVN_LINKED_CELLS,write_derived_index,ccib.f90,971,10,UVWA(IROW)
L0169,CC_SCALARS::CHECK_CFLVN_LINKED_CELLS,write_derived_index,ccib.f90,972,10,MURA(IROW)
L0171,CC_SCALARS::CHECK_CFLVN_LINKED_CELLS,pointer_reassign,ccib.f90,1013,3,CFA
L0171,CC_SCALARS::CHECK_CFLVN_LINKED_CELLS,pointer_reassign,ccib.f90,1015,3,BC
L0171,CC_SCALARS::CHECK_CFLVN_LINKED_CELLS,pointer_reassign,ccib.f90,1016,3,B1
L0174,CC_SCALARS::COMPUTE_LINKED_CUTFACE_BAROCLINIC,alloc_ptr_dummy,ccib.f90,1878,24,P
L0174,CC_SCALARS::COMPUTE_LINKED_CUTFACE_BAROCLINIC,alloc_ptr_dummy,ccib.f90,1878,24,RHOP
L0174,CC_SCALARS::COMPUTE_LINKED_CUTFACE_BAROCLINIC,alloc_ptr_dummy,ccib.f90,1878,24,P
L0174,CC_SCALARS::COMPUTE_LINKED_CUTFACE_BAROCLINIC,alloc_ptr_dummy,ccib.f90,1878,24,RHOP
L0174,CC_SCALARS::COMPUTE_LINKED_CUTFACE_BAROCLINIC,write_indirect,ccib.f90,1880,6,"F_LINK(FCVAR(I,J,K,CC_UNKF,IAXIS))"
L0174,CC_SCALARS::COMPUTE_LINKED_CUTFACE_BAROCLINIC,write_indirect,ccib.f90,1881,6,"A_LINK(FCVAR(I,J,K,CC_UNKF,IAXIS))"
L0174,CC_SCALARS::COMPUTE_LINKED_CUTFACE_BAROCLINIC,write_indirect,ccib.f90,1887,6,"F_LINK(FCVAR(I,J,K,CC_UNKF,JAXIS))"
L0174,CC_SCALARS::COMPUTE_LINKED_CUTFACE_BAROCLINIC,write_indirect,ccib.f90,1888,6,"A_LINK(FCVAR(I,J,K,CC_UNKF,JAXIS))"
L0175,CC_SCALARS::COMPUTE_LINKED_CUTFACE_BAROCLINIC,alloc_ptr_dummy,ccib.f90,1914,2,HP
L0175,CC_SCALARS::COMPUTE_LINKED_CUTFACE_BAROCLINIC,alloc_ptr_dummy,ccib.f90,1914,2,RHOP
L0175,CC_SCALARS::COMPUTE_LINKED_CUTFACE_BAROCLINIC,write_indirect,ccib.f90,1919,6,F_LINK(RC_FACE(ICF)%UNKF)
L0175,CC_SCALARS::COMPUTE_LINKED_CUTFACE_BAROCLINIC,write_indirect,ccib.f90,1920,6,A_LINK(RC_FACE(ICF)%UNKF)
L0175,CC_SCALARS::COMPUTE_LINKED_CUTFACE_BAROCLINIC,write_indirect,ccib.f90,1922,6,F_LINK(RC_FACE(ICF)%UNKF)
L0175,CC_SCALARS::COMPUTE_LINKED_CUTFACE_BAROCLINIC,write_indirect,ccib.f90,1923,6,A_LINK(RC_FACE(ICF)%UNKF)
L0175,CC_SCALARS::COMPUTE_LINKED_CUTFACE_BAROCLINIC,reduction_intrinsic,ccib.f90,1908,3,ANY
L0175,CC_SCALARS::COMPUTE_LINKED_CUTFACE_BAROCLINIC,reduction_intrinsic,ccib.f90,1910,3,ANY
L0175,CC_SCALARS::COMPUTE_LINKED_CUTFACE_BAROCLINIC,reduction_intrinsic,ccib.f90,1911,3,ANY
L0176,CC_SCALARS::COMPUTE_LINKED_CUTFACE_BAROCLINIC,alloc_ptr_dummy,ccib.f90,1952,1,HP
L0176,CC_SCALARS::COMPUTE_LINKED_CUTFACE_BAROCLINIC,dt_alloc_component,ccib.f90,1938,10,CC_CUTFACE_TYPE%UNKF
L0176,CC_SCALARS::COMPUTE_LINKED_CUTFACE_BAROCLINIC,dt_alloc_component,ccib.f90,1938,10,CC_CUTFACE_TYPE%UNKF
L0176,CC_SCALARS::COMPUTE_LINKED_CUTFACE_BAROCLINIC,dt_alloc_component,ccib.f90,1938,10,CC_CUTFACE_TYPE%UNKF
L0176,CC_SCALARS::COMPUTE_LINKED_CUTFACE_BAROCLINIC,dt_alloc_component,ccib.f90,1951,10,CC_CUTFACE_TYPE%UNKF
L0176,CC_SCALARS::COMPUTE_LINKED_CUTFACE_BAROCLINIC,write_missing_outer_index,ccib.f90,1938,2,F_LINK(CF%UNKF(JCF))
L0176,CC_SCALARS::COMPUTE_LINKED_CUTFACE_BAROCLINIC,write_missing_outer_index,ccib.f90,1938,2,A_LINK(CF%UNKF(JCF))
L0176,CC_SCALARS::COMPUTE_LINKED_CUTFACE_BAROCLINIC,reduction_accum,ccib.f90,1953,2,F_LINK(CF%UNKF(JCF))
L0176,CC_SCALARS::COMPUTE_LINKED_CUTFACE_BAROCLINIC,reduction_accum,ccib.f90,1954,2,A_LINK(CF%UNKF(JCF))
L0176,CC_SCALARS::COMPUTE_LINKED_CUTFACE_BAROCLINIC,reduction_intrinsic,ccib.f90,1934,3,ANY
L0176,CC_SCALARS::COMPUTE_LINKED_CUTFACE_BAROCLINIC,reduction_intrinsic,ccib.f90,1936,3,ANY
L0176,CC_SCALARS::COMPUTE_LINKED_CUTFACE_BAROCLINIC,reduction_intrinsic,ccib.f90,1941,3,ANY
L0176,CC_SCALARS::COMPUTE_LINKED_CUTFACE_BAROCLINIC,pointer_reassign,ccib.f90,1931,1,CF
L0177,CC_SCALARS::COPY_CC_MUNKH_TO_UNKH,alloc_ptr_local,ccib.f90,22880,9,OM
L0177,CC_SCALARS::COPY_CC_MUNKH_TO_UNKH,alloc_ptr_local,ccib.f90,22882,9,BC
L0177,CC_SCALARS::COPY_CC_MUNKH_TO_UNKH,alloc_ptr_local,ccib.f90,22883,9,BC
L0177,CC_SCALARS::COPY_CC_MUNKH_TO_UNKH,alloc_ptr_local,ccib.f90,22883,9,BC
L0177,CC_SCALARS::COPY_CC_MUNKH_TO_UNKH,dt_alloc_component,ccib.f90,22887,9,CC_CUTCELL_TYPE%UNKH
L0177,CC_SCALARS::COPY_CC_MUNKH_TO_UNKH,dt_alloc_component,ccib.f90,22887,9,OMESH_TYPE%MUNKH
L0177,CC_SCALARS::COPY_CC_MUNKH_TO_UNKH,dt_alloc_component,ccib.f90,22889,9,OMESH_TYPE%MUNKH
L0177,CC_SCALARS::COPY_CC_MUNKH_TO_UNKH,dt_alloc_component,ccib.f90,22899,9,MESH_TYPE%CCVAR
L0177,CC_SCALARS::COPY_CC_MUNKH_TO_UNKH,write_derived_index,ccib.f90,22887,4,CUT_CELL(ICC)%UNKH(1)
L0177,CC_SCALARS::COPY_CC_MUNKH_TO_UNKH,write_derived_index,ccib.f90,22889,4,"CCVAR(II,JJ,KK,CC_UNKH)"
L0177,CC_SCALARS::COPY_CC_MUNKH_TO_UNKH,write_derived_index,ccib.f90,22902,4,MESHES(NOM)%CUT_CELL(ICC)%UNKH(1)
L0177,CC_SCALARS::COPY_CC_MUNKH_TO_UNKH,write_derived_index,ccib.f90,22905,4,"MESHES(NOM)%CCVAR(IIO,JJO,KKO,CC_UNKH)"
L0177,CC_SCALARS::COPY_CC_MUNKH_TO_UNKH,pointer_reassign,ccib.f90,22875,4,WC
L0177,CC_SCALARS::COPY_CC_MUNKH_TO_UNKH,pointer_reassign,ccib.f90,22876,4,EWC
L0177,CC_SCALARS::COPY_CC_MUNKH_TO_UNKH,pointer_reassign,ccib.f90,22880,4,OM
L0177,CC_SCALARS::COPY_CC_MUNKH_TO_UNKH,pointer_reassign,ccib.f90,22882,4,BC
L0178,CC_SCALARS::COPY_CC_MUNKH_TO_UNKH,alloc_ptr_local,ccib.f90,22918,2,OM
L0178,CC_SCALARS::COPY_CC_MUNKH_TO_UNKH,alloc_ptr_local,ccib.f90,22922,2,OM
L0178,CC_SCALARS::COPY_CC_MUNKH_TO_UNKH,dt_alloc_component,ccib.f90,22922,1,OMESH_TYPE%HS
L0178,CC_SCALARS::COPY_CC_MUNKH_TO_UNKH,pointer_reassign,ccib.f90,22915,3,WC
L0178,CC_SCALARS::COPY_CC_MUNKH_TO_UNKH,pointer_reassign,ccib.f90,22916,3,EWC
L0178,CC_SCALARS::COPY_CC_MUNKH_TO_UNKH,pointer_reassign,ccib.f90,22918,3,OM
L0179,CC_SCALARS::COPY_CC_UNKH_TO_HS,dt_alloc_component,ccib.f90,22941,5,MESH_TYPE%CUT_CELL
L0179,CC_SCALARS::COPY_CC_UNKH_TO_HS,dt_alloc_component,ccib.f90,22942,5,MESH_TYPE%CUT_CELL
L0179,CC_SCALARS::COPY_CC_UNKH_TO_HS,dt_alloc_component,ccib.f90,22943,5,MESH_TYPE%CUT_CELL
L0179,CC_SCALARS::COPY_CC_UNKH_TO_HS,dt_alloc_component,ccib.f90,22944,5,MESH_TYPE%CUT_CELL
L0179,CC_SCALARS::COPY_CC_UNKH_TO_HS,write_derived_index,ccib.f90,22944,1,"HS(I,J,K)"
L0180,CC_SCALARS::COPY_UNST_DM_TO_CART,dt_alloc_component,ccib.f90,381,5,MESH_TYPE%D_SOURCE
L0180,CC_SCALARS::COPY_UNST_DM_TO_CART,dt_alloc_component,ccib.f90,384,5,CC_CUTCELL_TYPE%D_SOURCE
L0180,CC_SCALARS::COPY_UNST_DM_TO_CART,dt_alloc_component,ccib.f90,384,5,CC_CUTCELL_TYPE%VOLUME
L0180,CC_SCALARS::COPY_UNST_DM_TO_CART,dt_alloc_component,ccib.f90,386,5,CC_CUTCELL_TYPE%M_DOT_PPP
L0180,CC_SCALARS::COPY_UNST_DM_TO_CART,write_derived_index,ccib.f90,382,6,"D_SOURCE(I,J,K)"
L0180,CC_SCALARS::COPY_UNST_DM_TO_CART,write_derived_index,ccib.f90,382,6,"M_DOT_PPP(I,J,K,1:N_TRACKED_SPECIES)"
L0180,CC_SCALARS::COPY_UNST_DM_TO_CART,write_derived_index,ccib.f90,384,6,"D_SOURCE(I,J,K)"
L0180,CC_SCALARS::COPY_UNST_DM_TO_CART,write_derived_index,ccib.f90,386,6,"M_DOT_PPP(I,J,K,NS)"
L0180,CC_SCALARS::COPY_UNST_DM_TO_CART,pointer_reassign,ccib.f90,376,1,CC
L0181,CC_SCALARS::CUTFACE_VELOCITIES,alloc_ptr_local,ccib.f90,762,9,CF
L0181,CC_SCALARS::CUTFACE_VELOCITIES,alloc_ptr_local,ccib.f90,762,9,CF
L0181,CC_SCALARS::CUTFACE_VELOCITIES,alloc_ptr_local,ccib.f90,763,9,CF
L0181,CC_SCALARS::CUTFACE_VELOCITIES,alloc_ptr_local,ccib.f90,764,9,CF
L0181,CC_SCALARS::CUTFACE_VELOCITIES,alloc_ptr_dummy,ccib.f90,768,3,UU
L0181,CC_SCALARS::CUTFACE_VELOCITIES,alloc_ptr_dummy,ccib.f90,769,3,VV
L0181,CC_SCALARS::CUTFACE_VELOCITIES,alloc_ptr_dummy,ccib.f90,770,3,WW
L0181,CC_SCALARS::CUTFACE_VELOCITIES,write_derived_index,ccib.f90,768,3,"UU(I,J,K)"
L0181,CC_SCALARS::CUTFACE_VELOCITIES,write_derived_index,ccib.f90,769,3,"VV(I,J,K)"
L0181,CC_SCALARS::CUTFACE_VELOCITIES,write_derived_index,ccib.f90,770,3,"WW(I,J,K)"
L0181,CC_SCALARS::CUTFACE_VELOCITIES,pointer_reassign,ccib.f90,762,1,CF
L0182,CC_SCALARS::CUTFACE_VELOCITIES,alloc_ptr_local,ccib.f90,777,17,CF
L0182,CC_SCALARS::CUTFACE_VELOCITIES,alloc_ptr_local,ccib.f90,777,17,CF
L0182,CC_SCALARS::CUTFACE_VELOCITIES,alloc_ptr_local,ccib.f90,778,17,CF
L0182,CC_SCALARS::CUTFACE_VELOCITIES,alloc_ptr_local,ccib.f90,778,17,CF
L0182,CC_SCALARS::CUTFACE_VELOCITIES,alloc_ptr_dummy,ccib.f90,792,6,UU
L0182,CC_SCALARS::CUTFACE_VELOCITIES,alloc_ptr_dummy,ccib.f90,793,6,UU
L0182,CC_SCALARS::CUTFACE_VELOCITIES,alloc_ptr_dummy,ccib.f90,794,6,VV
L0182,CC_SCALARS::CUTFACE_VELOCITIES,alloc_ptr_dummy,ccib.f90,795,6,VV
L0182,CC_SCALARS::CUTFACE_VELOCITIES,dt_alloc_component,ccib.f90,782,1,CC_CUTFACE_TYPE%CFACE_INDEX
L0182,CC_SCALARS::CUTFACE_VELOCITIES,write_derived_index,ccib.f90,792,6,"UU(I-1,J,K)"
L0182,CC_SCALARS::CUTFACE_VELOCITIES,write_derived_index,ccib.f90,793,6,"UU(I,J,K)"
L0182,CC_SCALARS::CUTFACE_VELOCITIES,write_derived_index,ccib.f90,794,6,"VV(I,J-1,K)"
L0182,CC_SCALARS::CUTFACE_VELOCITIES,write_derived_index,ccib.f90,795,6,"VV(I,J,K)"
L0182,CC_SCALARS::CUTFACE_VELOCITIES,pointer_reassign,ccib.f90,777,4,CF
L0182,CC_SCALARS::CUTFACE_VELOCITIES,pointer_reassign,ccib.f90,783,4,CFA
L0182,CC_SCALARS::CUTFACE_VELOCITIES,pointer_reassign,ccib.f90,784,4,BC
L0182,CC_SCALARS::CUTFACE_VELOCITIES,pointer_reassign,ccib.f90,785,4,B1
L0183,CC_SCALARS::CUTFACE_VELOCITIES,alloc_ptr_local,ccib.f90,802,9,CF
L0183,CC_SCALARS::CUTFACE_VELOCITIES,alloc_ptr_local,ccib.f90,802,9,CF
L0183,CC_SCALARS::CUTFACE_VELOCITIES,alloc_ptr_local,ccib.f90,803,9,CF
L0183,CC_SCALARS::CUTFACE_VELOCITIES,alloc_ptr_local,ccib.f90,804,9,CF
L0183,CC_SCALARS::CUTFACE_VELOCITIES,alloc_ptr_dummy,ccib.f90,808,3,UU
L0183,CC_SCALARS::CUTFACE_VELOCITIES,alloc_ptr_dummy,ccib.f90,809,3,VV
L0183,CC_SCALARS::CUTFACE_VELOCITIES,alloc_ptr_dummy,ccib.f90,810,3,WW
L0183,CC_SCALARS::CUTFACE_VELOCITIES,write_derived_index,ccib.f90,808,3,"UU(I,J,K)"
L0183,CC_SCALARS::CUTFACE_VELOCITIES,write_derived_index,ccib.f90,809,3,"VV(I,J,K)"
L0183,CC_SCALARS::CUTFACE_VELOCITIES,write_derived_index,ccib.f90,810,3,"WW(I,J,K)"
L0183,CC_SCALARS::CUTFACE_VELOCITIES,pointer_reassign,ccib.f90,802,1,CF
L0184,CC_SCALARS::CUTFACE_VELOCITIES,alloc_ptr_local,ccib.f90,815,5,CF
L0184,CC_SCALARS::CUTFACE_VELOCITIES,alloc_ptr_local,ccib.f90,815,5,CF
L0184,CC_SCALARS::CUTFACE_VELOCITIES,alloc_ptr_local,ccib.f90,816,5,CF
L0184,CC_SCALARS::CUTFACE_VELOCITIES,alloc_ptr_local,ccib.f90,816,5,CF
L0184,CC_SCALARS::CUTFACE_VELOCITIES,alloc_ptr_dummy,ccib.f90,817,3,UU
L0184,CC_SCALARS::CUTFACE_VELOCITIES,alloc_ptr_dummy,ccib.f90,818,3,VV
L0184,CC_SCALARS::CUTFACE_VELOCITIES,alloc_ptr_dummy,ccib.f90,819,3,WW
L0184,CC_SCALARS::CUTFACE_VELOCITIES,write_derived_index,ccib.f90,817,3,"UU(I-1:I,J,K)"
L0184,CC_SCALARS::CUTFACE_VELOCITIES,write_derived_index,ccib.f90,818,3,"VV(I,J-1:J,K)"
L0184,CC_SCALARS::CUTFACE_VELOCITIES,write_derived_index,ccib.f90,819,3,"WW(I,J,K-1:K)"
L0184,CC_SCALARS::CUTFACE_VELOCITIES,pointer_reassign,ccib.f90,815,1,CF
L0187,CC_SCALARS::GET_ADVDIFFVECTOR_SCALAR_3D,alloc_ptr_local,ccib.f90,13665,8,REGFACE_Z
L0187,CC_SCALARS::GET_ADVDIFFVECTOR_SCALAR_3D,alloc_ptr_local,ccib.f90,13669,8,REGFACE_Z
L0187,CC_SCALARS::GET_ADVDIFFVECTOR_SCALAR_3D,alloc_ptr_local,ccib.f90,13670,8,REGFACE_Z
L0187,CC_SCALARS::GET_ADVDIFFVECTOR_SCALAR_3D,alloc_ptr_local,ccib.f90,13671,8,REGFACE_Z
L0187,CC_SCALARS::GET_ADVDIFFVECTOR_SCALAR_3D,dt_alloc_component,ccib.f90,13679,2,CC_REGFACEZ_TYPE%RHOZZ_U
L0187,CC_SCALARS::GET_ADVDIFFVECTOR_SCALAR_3D,dt_alloc_component,ccib.f90,13680,2,CC_REGFACEZ_TYPE%RHOZZ_U
L0187,CC_SCALARS::GET_ADVDIFFVECTOR_SCALAR_3D,write_indirect,ccib.f90,13679,2,F_Z(IND_LOC(LOW_IND))
L0187,CC_SCALARS::GET_ADVDIFFVECTOR_SCALAR_3D,write_indirect,ccib.f90,13680,2,F_Z(IND_LOC(HIGH_IND))
L0187,CC_SCALARS::GET_ADVDIFFVECTOR_SCALAR_3D,pointer_reassign,ccib.f90,13665,1,WC
L0188,CC_SCALARS::GET_ADVDIFFVECTOR_SCALAR_3D,alloc_ptr_local,ccib.f90,13687,8,REGFACE_Z
L0188,CC_SCALARS::GET_ADVDIFFVECTOR_SCALAR_3D,alloc_ptr_local,ccib.f90,13691,8,REGFACE_Z
L0188,CC_SCALARS::GET_ADVDIFFVECTOR_SCALAR_3D,alloc_ptr_local,ccib.f90,13692,8,REGFACE_Z
L0188,CC_SCALARS::GET_ADVDIFFVECTOR_SCALAR_3D,alloc_ptr_local,ccib.f90,13693,8,REGFACE_Z
L0188,CC_SCALARS::GET_ADVDIFFVECTOR_SCALAR_3D,dt_alloc_component,ccib.f90,13701,2,CC_REGFACEZ_TYPE%RHOZZ_U
L0188,CC_SCALARS::GET_ADVDIFFVECTOR_SCALAR_3D,dt_alloc_component,ccib.f90,13702,2,CC_REGFACEZ_TYPE%RHOZZ_U
L0188,CC_SCALARS::GET_ADVDIFFVECTOR_SCALAR_3D,write_indirect,ccib.f90,13701,2,F_Z(IND_LOC(LOW_IND))
L0188,CC_SCALARS::GET_ADVDIFFVECTOR_SCALAR_3D,write_indirect,ccib.f90,13702,2,F_Z(IND_LOC(HIGH_IND))
L0188,CC_SCALARS::GET_ADVDIFFVECTOR_SCALAR_3D,pointer_reassign,ccib.f90,13687,1,WC
L0189,CC_SCALARS::GET_ADVDIFFVECTOR_SCALAR_3D,alloc_ptr_local,ccib.f90,13709,8,REGFACE_Z
L0189,CC_SCALARS::GET_ADVDIFFVECTOR_SCALAR_3D,alloc_ptr_local,ccib.f90,13713,8,REGFACE_Z
L0189,CC_SCALARS::GET_ADVDIFFVECTOR_SCALAR_3D,alloc_ptr_local,ccib.f90,13714,8,REGFACE_Z
L0189,CC_SCALARS::GET_ADVDIFFVECTOR_SCALAR_3D,alloc_ptr_local,ccib.f90,13715,8,REGFACE_Z
L0189,CC_SCALARS::GET_ADVDIFFVECTOR_SCALAR_3D,dt_alloc_component,ccib.f90,13723,2,CC_REGFACEZ_TYPE%RHOZZ_U
L0189,CC_SCALARS::GET_ADVDIFFVECTOR_SCALAR_3D,dt_alloc_component,ccib.f90,13724,2,CC_REGFACEZ_TYPE%RHOZZ_U
L0189,CC_SCALARS::GET_ADVDIFFVECTOR_SCALAR_3D,write_indirect,ccib.f90,13723,2,F_Z(IND_LOC(LOW_IND))
L0189,CC_SCALARS::GET_ADVDIFFVECTOR_SCALAR_3D,write_indirect,ccib.f90,13724,2,F_Z(IND_LOC(HIGH_IND))
L0189,CC_SCALARS::GET_ADVDIFFVECTOR_SCALAR_3D,pointer_reassign,ccib.f90,13709,1,WC
L0190,CC_SCALARS::GET_ADVDIFFVECTOR_SCALAR_3D,alloc_ptr_local,ccib.f90,13759,3,UP
L0190,CC_SCALARS::GET_ADVDIFFVECTOR_SCALAR_3D,alloc_ptr_local,ccib.f90,13762,3,VP
L0190,CC_SCALARS::GET_ADVDIFFVECTOR_SCALAR_3D,alloc_ptr_local,ccib.f90,13765,3,WP
L0190,CC_SCALARS::GET_ADVDIFFVECTOR_SCALAR_3D,dt_alloc_component,ccib.f90,13730,11,MESH_TYPE%RC_FACE
L0190,CC_SCALARS::GET_ADVDIFFVECTOR_SCALAR_3D,dt_alloc_component,ccib.f90,13735,11,MESH_TYPE%RC_FACE
L0190,CC_SCALARS::GET_ADVDIFFVECTOR_SCALAR_3D,dt_alloc_component,ccib.f90,13736,11,MESH_TYPE%RC_FACE
L0190,CC_SCALARS::GET_ADVDIFFVECTOR_SCALAR_3D,dt_alloc_component,ccib.f90,13737,11,MESH_TYPE%RC_FACE
L0190,CC_SCALARS::GET_ADVDIFFVECTOR_SCALAR_3D,write_derived_index,ccib.f90,13786,1,F_Z(IROW)
L0190,CC_SCALARS::GET_ADVDIFFVECTOR_SCALAR_3D,pointer_reassign,ccib.f90,13731,3,WC
L0190,CC_SCALARS::GET_ADVDIFFVECTOR_SCALAR_3D,pointer_reassign,ccib.f90,13732,3,B1
L0190,CC_SCALARS::GET_ADVDIFFVECTOR_SCALAR_3D,pointer_reassign,ccib.f90,13733,3,BC
L0191,CC_SCALARS::GET_ADVDIFFVECTOR_SCALAR_3D,dt_alloc_component,ccib.f90,13792,12,MESH_TYPE%CUT_FACE
L0191,CC_SCALARS::GET_ADVDIFFVECTOR_SCALAR_3D,dt_alloc_component,ccib.f90,13793,12,MESH_TYPE%CUT_FACE
L0191,CC_SCALARS::GET_ADVDIFFVECTOR_SCALAR_3D,dt_alloc_component,ccib.f90,13798,12,BOUNDARY_PROP1_TYPE%ZZ_F
L0191,CC_SCALARS::GET_ADVDIFFVECTOR_SCALAR_3D,dt_alloc_component,ccib.f90,13804,12,CC_CUTFACE_TYPE%AREA
L0191,CC_SCALARS::GET_ADVDIFFVECTOR_SCALAR_3D,write_derived_index,ccib.f90,13811,2,IND_LOC(ILOC)
L0191,CC_SCALARS::GET_ADVDIFFVECTOR_SCALAR_3D,write_derived_index,ccib.f90,13823,2,F_Z(IROW)
L0191,CC_SCALARS::GET_ADVDIFFVECTOR_SCALAR_3D,pointer_reassign,ccib.f90,13794,3,WC
L0191,CC_SCALARS::GET_ADVDIFFVECTOR_SCALAR_3D,pointer_reassign,ccib.f90,13795,3,B1
L0191,CC_SCALARS::GET_ADVDIFFVECTOR_SCALAR_3D,pointer_reassign,ccib.f90,13796,3,BC
L0192,CC_SCALARS::GET_ADVDIFFVECTOR_SCALAR_3D,dt_alloc_component,ccib.f90,13834,8,CC_CUTFACE_TYPE%CELL_LIST
L0192,CC_SCALARS::GET_ADVDIFFVECTOR_SCALAR_3D,dt_alloc_component,ccib.f90,13834,8,CC_CUTFACE_TYPE%CELL_LIST
L0192,CC_SCALARS::GET_ADVDIFFVECTOR_SCALAR_3D,dt_alloc_component,ccib.f90,13835,8,CC_CUTCELL_TYPE%UNKZ
L0192,CC_SCALARS::GET_ADVDIFFVECTOR_SCALAR_3D,dt_alloc_component,ccib.f90,13842,8,CC_CUTCELL_TYPE%RHO
L0192,CC_SCALARS::GET_ADVDIFFVECTOR_SCALAR_3D,write_derived_index,ccib.f90,13847,1,F_Z(IROW)
L0192,CC_SCALARS::GET_ADVDIFFVECTOR_SCALAR_3D,pointer_reassign,ccib.f90,13831,2,CFA
L0192,CC_SCALARS::GET_ADVDIFFVECTOR_SCALAR_3D,pointer_reassign,ccib.f90,13832,2,B1
L0195,CC_SCALARS::GET_CC_MATRIXGRAPH_H,dt_alloc_component,ccib.f90,20906,3,MESH_TYPE%RCF_H
L0195,CC_SCALARS::GET_CC_MATRIXGRAPH_H,dt_alloc_component,ccib.f90,20912,3,ZONE_SOLVE_TYPE%UNKH_IND
L0195,CC_SCALARS::GET_CC_MATRIXGRAPH_H,dt_alloc_component,ccib.f90,20913,3,ZONE_SOLVE_TYPE%UNKH_IND
L0195,CC_SCALARS::GET_CC_MATRIXGRAPH_H,pointer_reassign,ccib.f90,20906,1,RCF
L0196,CC_SCALARS::GET_CC_MATRIXGRAPH_H,dt_alloc_component,ccib.f90,20933,10,MESH_TYPE%CUT_FACE
L0196,CC_SCALARS::GET_CC_MATRIXGRAPH_H,dt_alloc_component,ccib.f90,20936,10,MESH_TYPE%WALL
L0196,CC_SCALARS::GET_CC_MATRIXGRAPH_H,dt_alloc_component,ccib.f90,20962,10,CC_CUTFACE_TYPE%UNKH
L0196,CC_SCALARS::GET_CC_MATRIXGRAPH_H,dt_alloc_component,ccib.f90,20963,10,ZONE_SOLVE_TYPE%UNKH_IND
L0196,CC_SCALARS::GET_CC_MATRIXGRAPH_H,pointer_reassign,ccib.f90,20933,3,CF
L0196,CC_SCALARS::GET_CC_MATRIXGRAPH_H,pointer_reassign,ccib.f90,20936,3,WC
L0196,CC_SCALARS::GET_CC_MATRIXGRAPH_H,pointer_reassign,ccib.f90,20958,3,EWC
L0197,CC_SCALARS::GET_CC_MATRIXGRAPH_H,dt_alloc_component,ccib.f90,21020,4,CC_CUTCELL_TYPE%UNKH
L0197,CC_SCALARS::GET_CC_MATRIXGRAPH_H,dt_alloc_component,ccib.f90,21024,4,ZONE_SOLVE_TYPE%UNKH_IND
L0197,CC_SCALARS::GET_CC_MATRIXGRAPH_H,dt_alloc_component,ccib.f90,21032,4,OMESH_TYPE%MUNKH
L0197,CC_SCALARS::GET_CC_MATRIXGRAPH_H,dt_alloc_component,ccib.f90,21035,4,ZONE_SOLVE_TYPE%UNKH_IND
L0197,CC_SCALARS::GET_CC_MATRIXGRAPH_H,pointer_reassign,ccib.f90,21001,3,WC
L0197,CC_SCALARS::GET_CC_MATRIXGRAPH_H,pointer_reassign,ccib.f90,21004,3,EWC
L0197,CC_SCALARS::GET_CC_MATRIXGRAPH_H,pointer_reassign,ccib.f90,21007,3,BC
L0198,CC_SCALARS::GET_CC_MATRIXGRAPH_H,dt_alloc_component,ccib.f90,21050,6,MESH_TYPE%RCF_H
L0198,CC_SCALARS::GET_CC_MATRIXGRAPH_H,dt_alloc_component,ccib.f90,21056,6,ZONE_SOLVE_TYPE%UNKH_IND
L0198,CC_SCALARS::GET_CC_MATRIXGRAPH_H,dt_alloc_component,ccib.f90,21057,6,ZONE_SOLVE_TYPE%UNKH_IND
L0198,CC_SCALARS::GET_CC_MATRIXGRAPH_H,dt_alloc_component,ccib.f90,21076,6,ZONE_SOLVE_TYPE%ROW_H
L0198,CC_SCALARS::GET_CC_MATRIXGRAPH_H,pointer_reassign,ccib.f90,21050,1,RCF
L0199,CC_SCALARS::GET_CC_MATRIXGRAPH_H,dt_alloc_component,ccib.f90,21089,11,MESH_TYPE%CUT_FACE
L0199,CC_SCALARS::GET_CC_MATRIXGRAPH_H,dt_alloc_component,ccib.f90,21092,11,MESH_TYPE%WALL
L0199,CC_SCALARS::GET_CC_MATRIXGRAPH_H,dt_alloc_component,ccib.f90,21110,11,CC_CUTFACE_TYPE%JDH
L0199,CC_SCALARS::GET_CC_MATRIXGRAPH_H,dt_alloc_component,ccib.f90,21113,11,CC_CUTFACE_TYPE%UNKH
L0199,CC_SCALARS::GET_CC_MATRIXGRAPH_H,pointer_reassign,ccib.f90,21089,2,CF
L0199,CC_SCALARS::GET_CC_MATRIXGRAPH_H,pointer_reassign,ccib.f90,21092,2,WC
L0200,CC_SCALARS::GET_CFACE_OPEN_BC_COEF,dt_alloc_component,ccib.f90,2060,3,CC_CUTFACE_TYPE%XCENHIGH
L0200,CC_SCALARS::GET_CFACE_OPEN_BC_COEF,dt_alloc_component,ccib.f90,2060,3,CC_CUTFACE_TYPE%XCENLOW
L0200,CC_SCALARS::GET_CFACE_OPEN_BC_COEF,dt_alloc_component,ccib.f90,2061,3,CC_CUTFACE_TYPE%AREA
L0200,CC_SCALARS::GET_CFACE_OPEN_BC_COEF,reduction_accum,ccib.f90,2061,1,BIJ = BIJ ...
L0201,CC_SCALARS::GET_CUTCELL_DDDT,dt_alloc_component,ccib.f90,2636,15,CC_CUTCELL_TYPE%DVOL_PR
L0201,CC_SCALARS::GET_CUTCELL_DDDT,dt_alloc_component,ccib.f90,2636,15,CC_CUTCELL_TYPE%VOLUME
L0201,CC_SCALARS::GET_CUTCELL_DDDT,dt_alloc_component,ccib.f90,2637,15,CC_CUTCELL_TYPE%DVOL_PR
L0201,CC_SCALARS::GET_CUTCELL_DDDT,dt_alloc_component,ccib.f90,2639,15,CC_CUTCELL_TYPE%D
L0202,CC_SCALARS::GET_CUTCELL_DDDT,dt_alloc_component,ccib.f90,2671,13,CC_CUTCELL_TYPE%D
L0202,CC_SCALARS::GET_CUTCELL_DDDT,dt_alloc_component,ccib.f90,2671,13,CC_CUTCELL_TYPE%DS
L0202,CC_SCALARS::GET_CUTCELL_DDDT,dt_alloc_component,ccib.f90,2671,13,CC_CUTCELL_TYPE%VOLUME
L0202,CC_SCALARS::GET_CUTCELL_DDDT,dt_alloc_component,ccib.f90,2672,13,CC_CUTCELL_TYPE%DDDTVOL
L0203,CC_SCALARS::GET_CUTCELL_FH,dt_alloc_component,ccib.f90,20534,4,CC_CUTCELL_TYPE%UNKH
L0203,CC_SCALARS::GET_CUTCELL_FH,dt_alloc_component,ccib.f90,20534,4,ZONE_SOLVE_TYPE%UNKH_IND
L0203,CC_SCALARS::GET_CUTCELL_FH,dt_alloc_component,ccib.f90,20539,4,CC_CUTCELL_TYPE%VOLUME
L0203,CC_SCALARS::GET_CUTCELL_FH,dt_alloc_component,ccib.f90,20542,4,CC_CUTCELL_TYPE%DDDTVOL
L0203,CC_SCALARS::GET_CUTCELL_FH,write_derived_index,ccib.f90,20542,1,F_H(IROW)
L0203,CC_SCALARS::GET_CUTCELL_FH,pointer_reassign,ccib.f90,20532,1,CC
L0204,CC_SCALARS::GET_CUTCELL_HP,alloc_ptr_dummy,ccib.f90,20497,1,HP
L0204,CC_SCALARS::GET_CUTCELL_HP,dt_alloc_component,ccib.f90,20491,6,MESH_TYPE%CUT_CELL
L0204,CC_SCALARS::GET_CUTCELL_HP,dt_alloc_component,ccib.f90,20493,6,CC_CUTCELL_TYPE%UNKH
L0204,CC_SCALARS::GET_CUTCELL_HP,dt_alloc_component,ccib.f90,20493,6,ZONE_SOLVE_TYPE%UNKH_IND
L0204,CC_SCALARS::GET_CUTCELL_HP,dt_alloc_component,ccib.f90,20495,6,CC_CUTCELL_TYPE%H
L0204,CC_SCALARS::GET_CUTCELL_HP,write_derived_index,ccib.f90,20497,1,"HP(I,J,K)"
L0204,CC_SCALARS::GET_CUTCELL_HP,pointer_reassign,ccib.f90,20491,1,CC
L0205,CC_SCALARS::GET_CUTCELL_HP,alloc_ptr_dummy,ccib.f90,20510,1,HP
L0205,CC_SCALARS::GET_CUTCELL_HP,dt_alloc_component,ccib.f90,20504,6,MESH_TYPE%CUT_CELL
L0205,CC_SCALARS::GET_CUTCELL_HP,dt_alloc_component,ccib.f90,20506,6,CC_CUTCELL_TYPE%UNKH
L0205,CC_SCALARS::GET_CUTCELL_HP,dt_alloc_component,ccib.f90,20506,6,ZONE_SOLVE_TYPE%UNKH_IND
L0205,CC_SCALARS::GET_CUTCELL_HP,dt_alloc_component,ccib.f90,20508,6,CC_CUTCELL_TYPE%HS
L0205,CC_SCALARS::GET_CUTCELL_HP,write_derived_index,ccib.f90,20510,1,"HP(I,J,K)"
L0205,CC_SCALARS::GET_CUTCELL_HP,pointer_reassign,ccib.f90,20504,1,CC
L0206,CC_SCALARS::GET_EXPLICIT_ADVDIFFVECTOR_SCALAR_3D,alloc_ptr_local,ccib.f90,12102,6,UU
L0206,CC_SCALARS::GET_EXPLICIT_ADVDIFFVECTOR_SCALAR_3D,alloc_ptr_local,ccib.f90,12103,6,UU
L0206,CC_SCALARS::GET_EXPLICIT_ADVDIFFVECTOR_SCALAR_3D,alloc_ptr_local,ccib.f90,12104,6,VV
L0206,CC_SCALARS::GET_EXPLICIT_ADVDIFFVECTOR_SCALAR_3D,alloc_ptr_local,ccib.f90,12105,6,VV
L0206,CC_SCALARS::GET_EXPLICIT_ADVDIFFVECTOR_SCALAR_3D,write_derived_index,ccib.f90,12102,6,"UU(IIG-1,JJG,KKG)"
L0206,CC_SCALARS::GET_EXPLICIT_ADVDIFFVECTOR_SCALAR_3D,write_derived_index,ccib.f90,12103,6,"UU(IIG,JJG,KKG)"
L0206,CC_SCALARS::GET_EXPLICIT_ADVDIFFVECTOR_SCALAR_3D,write_derived_index,ccib.f90,12104,6,"VV(IIG,JJG-1,KKG)"
L0206,CC_SCALARS::GET_EXPLICIT_ADVDIFFVECTOR_SCALAR_3D,write_derived_index,ccib.f90,12105,6,"VV(IIG,JJG,KKG)"
L0206,CC_SCALARS::GET_EXPLICIT_ADVDIFFVECTOR_SCALAR_3D,pointer_reassign,ccib.f90,12087,3,WC
L0206,CC_SCALARS::GET_EXPLICIT_ADVDIFFVECTOR_SCALAR_3D,pointer_reassign,ccib.f90,12089,3,B1
L0206,CC_SCALARS::GET_EXPLICIT_ADVDIFFVECTOR_SCALAR_3D,pointer_reassign,ccib.f90,12090,3,BC
L0207,CC_SCALARS::GET_EXPLICIT_ADVDIFFVECTOR_SCALAR_3D,alloc_ptr_local,ccib.f90,12134,6,UU
L0207,CC_SCALARS::GET_EXPLICIT_ADVDIFFVECTOR_SCALAR_3D,alloc_ptr_local,ccib.f90,12135,6,UU
L0207,CC_SCALARS::GET_EXPLICIT_ADVDIFFVECTOR_SCALAR_3D,alloc_ptr_local,ccib.f90,12136,6,VV
L0207,CC_SCALARS::GET_EXPLICIT_ADVDIFFVECTOR_SCALAR_3D,alloc_ptr_local,ccib.f90,12137,6,VV
L0207,CC_SCALARS::GET_EXPLICIT_ADVDIFFVECTOR_SCALAR_3D,write_derived_index,ccib.f90,12134,6,"UU(IIG-1,JJG,KKG)"
L0207,CC_SCALARS::GET_EXPLICIT_ADVDIFFVECTOR_SCALAR_3D,write_derived_index,ccib.f90,12135,6,"UU(IIG,JJG,KKG)"
L0207,CC_SCALARS::GET_EXPLICIT_ADVDIFFVECTOR_SCALAR_3D,write_derived_index,ccib.f90,12136,6,"VV(IIG,JJG-1,KKG)"
L0207,CC_SCALARS::GET_EXPLICIT_ADVDIFFVECTOR_SCALAR_3D,write_derived_index,ccib.f90,12137,6,"VV(IIG,JJG,KKG)"
L0207,CC_SCALARS::GET_EXPLICIT_ADVDIFFVECTOR_SCALAR_3D,pointer_reassign,ccib.f90,12119,3,WC
L0207,CC_SCALARS::GET_EXPLICIT_ADVDIFFVECTOR_SCALAR_3D,pointer_reassign,ccib.f90,12121,3,B1
L0207,CC_SCALARS::GET_EXPLICIT_ADVDIFFVECTOR_SCALAR_3D,pointer_reassign,ccib.f90,12122,3,BC
L0208,CC_SCALARS::GET_EXPLICIT_ADVDIFFVECTOR_SCALAR_3D,alloc_ptr_local,ccib.f90,12167,8,REGFACE_Z
L0208,CC_SCALARS::GET_EXPLICIT_ADVDIFFVECTOR_SCALAR_3D,alloc_ptr_local,ccib.f90,12171,8,REGFACE_Z
L0208,CC_SCALARS::GET_EXPLICIT_ADVDIFFVECTOR_SCALAR_3D,alloc_ptr_local,ccib.f90,12172,8,REGFACE_Z
L0208,CC_SCALARS::GET_EXPLICIT_ADVDIFFVECTOR_SCALAR_3D,alloc_ptr_local,ccib.f90,12173,8,REGFACE_Z
L0208,CC_SCALARS::GET_EXPLICIT_ADVDIFFVECTOR_SCALAR_3D,dt_alloc_component,ccib.f90,12181,2,CC_REGFACEZ_TYPE%RHOZZ_U
L0208,CC_SCALARS::GET_EXPLICIT_ADVDIFFVECTOR_SCALAR_3D,dt_alloc_component,ccib.f90,12182,2,CC_REGFACEZ_TYPE%RHOZZ_U
L0208,CC_SCALARS::GET_EXPLICIT_ADVDIFFVECTOR_SCALAR_3D,write_indirect,ccib.f90,12181,2,F_Z(IND_LOC(LOW_IND))
L0208,CC_SCALARS::GET_EXPLICIT_ADVDIFFVECTOR_SCALAR_3D,write_indirect,ccib.f90,12182,2,F_Z(IND_LOC(HIGH_IND))
L0209,CC_SCALARS::GET_EXPLICIT_ADVDIFFVECTOR_SCALAR_3D,alloc_ptr_local,ccib.f90,12189,8,REGFACE_Z
L0209,CC_SCALARS::GET_EXPLICIT_ADVDIFFVECTOR_SCALAR_3D,alloc_ptr_local,ccib.f90,12192,8,REGFACE_Z
L0209,CC_SCALARS::GET_EXPLICIT_ADVDIFFVECTOR_SCALAR_3D,alloc_ptr_local,ccib.f90,12193,8,REGFACE_Z
L0209,CC_SCALARS::GET_EXPLICIT_ADVDIFFVECTOR_SCALAR_3D,alloc_ptr_local,ccib.f90,12194,8,REGFACE_Z
L0209,CC_SCALARS::GET_EXPLICIT_ADVDIFFVECTOR_SCALAR_3D,dt_alloc_component,ccib.f90,12202,2,CC_REGFACEZ_TYPE%RHOZZ_U
L0209,CC_SCALARS::GET_EXPLICIT_ADVDIFFVECTOR_SCALAR_3D,dt_alloc_component,ccib.f90,12203,2,CC_REGFACEZ_TYPE%RHOZZ_U
L0209,CC_SCALARS::GET_EXPLICIT_ADVDIFFVECTOR_SCALAR_3D,write_indirect,ccib.f90,12202,2,F_Z(IND_LOC(LOW_IND))
L0209,CC_SCALARS::GET_EXPLICIT_ADVDIFFVECTOR_SCALAR_3D,write_indirect,ccib.f90,12203,2,F_Z(IND_LOC(HIGH_IND))
L0210,CC_SCALARS::GET_EXPLICIT_ADVDIFFVECTOR_SCALAR_3D,alloc_ptr_local,ccib.f90,12210,8,REGFACE_Z
L0210,CC_SCALARS::GET_EXPLICIT_ADVDIFFVECTOR_SCALAR_3D,alloc_ptr_local,ccib.f90,12213,8,REGFACE_Z
L0210,CC_SCALARS::GET_EXPLICIT_ADVDIFFVECTOR_SCALAR_3D,alloc_ptr_local,ccib.f90,12214,8,REGFACE_Z
L0210,CC_SCALARS::GET_EXPLICIT_ADVDIFFVECTOR_SCALAR_3D,alloc_ptr_local,ccib.f90,12215,8,REGFACE_Z
L0210,CC_SCALARS::GET_EXPLICIT_ADVDIFFVECTOR_SCALAR_3D,dt_alloc_component,ccib.f90,12223,2,CC_REGFACEZ_TYPE%RHOZZ_U
L0210,CC_SCALARS::GET_EXPLICIT_ADVDIFFVECTOR_SCALAR_3D,dt_alloc_component,ccib.f90,12224,2,CC_REGFACEZ_TYPE%RHOZZ_U
L0210,CC_SCALARS::GET_EXPLICIT_ADVDIFFVECTOR_SCALAR_3D,write_indirect,ccib.f90,12223,2,F_Z(IND_LOC(LOW_IND))
L0210,CC_SCALARS::GET_EXPLICIT_ADVDIFFVECTOR_SCALAR_3D,write_indirect,ccib.f90,12224,2,F_Z(IND_LOC(HIGH_IND))
L0211,CC_SCALARS::GET_EXPLICIT_ADVDIFFVECTOR_SCALAR_3D,alloc_ptr_local,ccib.f90,12250,15,RHOP
L0211,CC_SCALARS::GET_EXPLICIT_ADVDIFFVECTOR_SCALAR_3D,alloc_ptr_local,ccib.f90,12255,15,ZZP
L0211,CC_SCALARS::GET_EXPLICIT_ADVDIFFVECTOR_SCALAR_3D,alloc_ptr_local,ccib.f90,12269,15,ZZP
L0211,CC_SCALARS::GET_EXPLICIT_ADVDIFFVECTOR_SCALAR_3D,alloc_ptr_local,ccib.f90,12277,15,ZZP
L0211,CC_SCALARS::GET_EXPLICIT_ADVDIFFVECTOR_SCALAR_3D,dt_alloc_component,ccib.f90,12230,19,MESH_TYPE%RC_FACE
L0211,CC_SCALARS::GET_EXPLICIT_ADVDIFFVECTOR_SCALAR_3D,dt_alloc_component,ccib.f90,12232,19,MESH_TYPE%RC_FACE
L0211,CC_SCALARS::GET_EXPLICIT_ADVDIFFVECTOR_SCALAR_3D,dt_alloc_component,ccib.f90,12233,19,MESH_TYPE%RC_FACE
L0211,CC_SCALARS::GET_EXPLICIT_ADVDIFFVECTOR_SCALAR_3D,dt_alloc_component,ccib.f90,12234,19,MESH_TYPE%RC_FACE
L0211,CC_SCALARS::GET_EXPLICIT_ADVDIFFVECTOR_SCALAR_3D,write_derived_index,ccib.f90,12267,13,RHO_Z_PV(ISIDE)
L0211,CC_SCALARS::GET_EXPLICIT_ADVDIFFVECTOR_SCALAR_3D,write_derived_index,ccib.f90,12270,13,RHO_Z_PV(ISIDE)
L0211,CC_SCALARS::GET_EXPLICIT_ADVDIFFVECTOR_SCALAR_3D,write_derived_index,ccib.f90,12275,13,RHO_Z_PV(ISIDE)
L0211,CC_SCALARS::GET_EXPLICIT_ADVDIFFVECTOR_SCALAR_3D,write_derived_index,ccib.f90,12278,13,RHO_Z_PV(ISIDE)
L0211,CC_SCALARS::GET_EXPLICIT_ADVDIFFVECTOR_SCALAR_3D,write_missing_outer_index,ccib.f90,12283,6,"Z_TEMP(0:3,1,1)"
L0211,CC_SCALARS::GET_EXPLICIT_ADVDIFFVECTOR_SCALAR_3D,write_missing_outer_index,ccib.f90,12284,6,"U_TEMP(1,1,1)"
L0211,CC_SCALARS::GET_EXPLICIT_ADVDIFFVECTOR_SCALAR_3D,write_missing_outer_index,ccib.f90,12321,6,"Z_TEMP(0:3,1,1)"
L0211,CC_SCALARS::GET_EXPLICIT_ADVDIFFVECTOR_SCALAR_3D,write_missing_outer_index,ccib.f90,12322,6,"U_TEMP(1,1,1)"
L0212,CC_SCALARS::GET_EXPLICIT_ADVDIFFVECTOR_SCALAR_3D,alloc_ptr_local,ccib.f90,12422,12,ZZP
L0212,CC_SCALARS::GET_EXPLICIT_ADVDIFFVECTOR_SCALAR_3D,alloc_ptr_local,ccib.f90,12423,12,RHOP
L0212,CC_SCALARS::GET_EXPLICIT_ADVDIFFVECTOR_SCALAR_3D,alloc_ptr_local,ccib.f90,12430,12,ZZP
L0212,CC_SCALARS::GET_EXPLICIT_ADVDIFFVECTOR_SCALAR_3D,alloc_ptr_local,ccib.f90,12431,12,RHOP
L0212,CC_SCALARS::GET_EXPLICIT_ADVDIFFVECTOR_SCALAR_3D,dt_alloc_component,ccib.f90,12376,26,MESH_TYPE%CUT_FACE
L0212,CC_SCALARS::GET_EXPLICIT_ADVDIFFVECTOR_SCALAR_3D,dt_alloc_component,ccib.f90,12378,26,MESH_TYPE%CUT_FACE
L0212,CC_SCALARS::GET_EXPLICIT_ADVDIFFVECTOR_SCALAR_3D,dt_alloc_component,ccib.f90,12380,26,MESH_TYPE%CUT_FACE
L0212,CC_SCALARS::GET_EXPLICIT_ADVDIFFVECTOR_SCALAR_3D,dt_alloc_component,ccib.f90,12381,26,MESH_TYPE%CUT_FACE
L0212,CC_SCALARS::GET_EXPLICIT_ADVDIFFVECTOR_SCALAR_3D,write_derived_index,ccib.f90,12420,13,RHO_Z_PV(ISIDE)
L0212,CC_SCALARS::GET_EXPLICIT_ADVDIFFVECTOR_SCALAR_3D,write_derived_index,ccib.f90,12423,13,RHO_Z_PV(ISIDE)
L0212,CC_SCALARS::GET_EXPLICIT_ADVDIFFVECTOR_SCALAR_3D,write_derived_index,ccib.f90,12428,13,RHO_Z_PV(ISIDE)
L0212,CC_SCALARS::GET_EXPLICIT_ADVDIFFVECTOR_SCALAR_3D,write_derived_index,ccib.f90,12431,13,RHO_Z_PV(ISIDE)
L0212,CC_SCALARS::GET_EXPLICIT_ADVDIFFVECTOR_SCALAR_3D,write_missing_outer_index,ccib.f90,12470,2,"Z_TEMP(0:3,1,1)"
L0212,CC_SCALARS::GET_EXPLICIT_ADVDIFFVECTOR_SCALAR_3D,write_missing_outer_index,ccib.f90,12471,2,"U_TEMP(1,1,1)"
L0213,CC_SCALARS::GET_EXPLICIT_ADVDIFFVECTOR_SCALAR_3D,write_derived_index,ccib.f90,12494,1,F_Z(IROW)
L0214,CC_SCALARS::GET_EXPLICIT_ADVDIFFVECTOR_SCALAR_3D,dt_alloc_component,ccib.f90,12507,2,CC_CUTCELL_TYPE%UNKZ
L0214,CC_SCALARS::GET_EXPLICIT_ADVDIFFVECTOR_SCALAR_3D,dt_alloc_component,ccib.f90,12508,2,CC_CUTCELL_TYPE%DEL_RHO_D_DEL_Z_VOL
L0214,CC_SCALARS::GET_EXPLICIT_ADVDIFFVECTOR_SCALAR_3D,write_derived_index,ccib.f90,12508,1,F_Z(IROW)
L0215,CC_SCALARS::GET_FH_FROM_PRHS_AND_BCS,dt_alloc_component,ccib.f90,2093,1,ZONE_SOLVE_TYPE%UNKH_IND
L0215,CC_SCALARS::GET_FH_FROM_PRHS_AND_BCS,write_derived_index,ccib.f90,2096,1,F_H(IROW)
L0216,CC_SCALARS::GET_FH_FROM_PRHS_AND_BCS,alloc_ptr_local,ccib.f90,2107,12,CFA
L0216,CC_SCALARS::GET_FH_FROM_PRHS_AND_BCS,alloc_ptr_local,ccib.f90,2109,12,CFA
L0216,CC_SCALARS::GET_FH_FROM_PRHS_AND_BCS,alloc_ptr_local,ccib.f90,2111,12,CFA
L0216,CC_SCALARS::GET_FH_FROM_PRHS_AND_BCS,alloc_ptr_local,ccib.f90,2111,12,CFA
L0216,CC_SCALARS::GET_FH_FROM_PRHS_AND_BCS,dt_alloc_component,ccib.f90,2125,3,CC_CUTFACE_TYPE%XCENHIGH
L0216,CC_SCALARS::GET_FH_FROM_PRHS_AND_BCS,dt_alloc_component,ccib.f90,2125,3,CC_CUTFACE_TYPE%XCENLOW
L0216,CC_SCALARS::GET_FH_FROM_PRHS_AND_BCS,dt_alloc_component,ccib.f90,2130,3,ZONE_SOLVE_TYPE%UNKH_IND
L0216,CC_SCALARS::GET_FH_FROM_PRHS_AND_BCS,write_derived_index,ccib.f90,2135,1,F_H(IROW)
L0216,CC_SCALARS::GET_FH_FROM_PRHS_AND_BCS,pointer_reassign,ccib.f90,2107,4,CFA
L0216,CC_SCALARS::GET_FH_FROM_PRHS_AND_BCS,pointer_reassign,ccib.f90,2115,4,WC
L0216,CC_SCALARS::GET_FH_FROM_PRHS_AND_BCS,pointer_reassign,ccib.f90,2116,4,EWC
L0216,CC_SCALARS::GET_FH_FROM_PRHS_AND_BCS,pointer_reassign,ccib.f90,2122,4,BC
L0217,CC_SCALARS::GET_FH_FROM_PRHS_AND_BCS,alloc_ptr_local,ccib.f90,2144,11,WC
L0217,CC_SCALARS::GET_FH_FROM_PRHS_AND_BCS,alloc_ptr_local,ccib.f90,2145,11,EWC
L0217,CC_SCALARS::GET_FH_FROM_PRHS_AND_BCS,alloc_ptr_local,ccib.f90,2147,11,WC
L0217,CC_SCALARS::GET_FH_FROM_PRHS_AND_BCS,alloc_ptr_local,ccib.f90,2147,11,WC
L0217,CC_SCALARS::GET_FH_FROM_PRHS_AND_BCS,dt_alloc_component,ccib.f90,2177,2,ZONE_SOLVE_TYPE%UNKH_IND
L0217,CC_SCALARS::GET_FH_FROM_PRHS_AND_BCS,dt_alloc_component,ccib.f90,2223,2,ZONE_SOLVE_TYPE%UNKH_IND
L0217,CC_SCALARS::GET_FH_FROM_PRHS_AND_BCS,write_derived_index,ccib.f90,2184,2,F_H(IROW)
L0217,CC_SCALARS::GET_FH_FROM_PRHS_AND_BCS,write_derived_index,ccib.f90,2227,2,F_H(IROW)
L0217,CC_SCALARS::GET_FH_FROM_PRHS_AND_BCS,pointer_reassign,ccib.f90,2144,3,WC
L0217,CC_SCALARS::GET_FH_FROM_PRHS_AND_BCS,pointer_reassign,ccib.f90,2145,3,EWC
L0217,CC_SCALARS::GET_FH_FROM_PRHS_AND_BCS,pointer_reassign,ccib.f90,2149,3,BC
L0218,CC_SCALARS::GET_FN_DIVERGENCE_CUTCELL,dt_alloc_component,ccib.f90,16610,17,CC_CUTCELL_TYPE%CCELEM
L0218,CC_SCALARS::GET_FN_DIVERGENCE_CUTCELL,dt_alloc_component,ccib.f90,16611,17,CC_CUTCELL_TYPE%CCELEM
L0218,CC_SCALARS::GET_FN_DIVERGENCE_CUTCELL,dt_alloc_component,ccib.f90,16614,17,CC_CUTCELL_TYPE%FACE_LIST
L0218,CC_SCALARS::GET_FN_DIVERGENCE_CUTCELL,dt_alloc_component,ccib.f90,16616,17,CC_CUTCELL_TYPE%FACE_LIST
L0218,CC_SCALARS::GET_FN_DIVERGENCE_CUTCELL,reduction_accum,ccib.f90,16646,1,DIV_FN = DIV_FN ...
L0219,CC_SCALARS::GET_H_CUTFACES,dt_alloc_component,ccib.f90,21309,30,CC_CUTCELL_TYPE%CCELEM
L0219,CC_SCALARS::GET_H_CUTFACES,dt_alloc_component,ccib.f90,21310,30,CC_CUTCELL_TYPE%CCELEM
L0219,CC_SCALARS::GET_H_CUTFACES,dt_alloc_component,ccib.f90,21312,30,CC_CUTCELL_TYPE%FACE_LIST
L0219,CC_SCALARS::GET_H_CUTFACES,dt_alloc_component,ccib.f90,21315,30,CC_CUTCELL_TYPE%FACE_LIST
L0219,CC_SCALARS::GET_H_CUTFACES,write_derived_index,ccib.f90,21320,6,"CUT_FACE(ICF1)%UNKH(HIGH_IND,ICF2)"
L0219,CC_SCALARS::GET_H_CUTFACES,write_derived_index,ccib.f90,21322,6,"CUT_FACE(ICF1)%UNKH(LOW_IND,ICF2)"
L0219,CC_SCALARS::GET_H_CUTFACES,write_derived_index,ccib.f90,21381,6,"CUT_FACE(ICF1)%UNKH(HIGH_IND,ICF2)"
L0219,CC_SCALARS::GET_H_CUTFACES,write_derived_index,ccib.f90,21383,6,"CUT_FACE(ICF1)%UNKH(LOW_IND,ICF2)"
L0219,CC_SCALARS::GET_H_CUTFACES,pointer_reassign,ccib.f90,21332,2,WC
L0219,CC_SCALARS::GET_H_CUTFACES,pointer_reassign,ccib.f90,21335,2,BC
L0220,CC_SCALARS::GET_H_GUARD_CUTCELL,alloc_ptr_local,ccib.f90,531,15,WC
L0220,CC_SCALARS::GET_H_GUARD_CUTCELL,alloc_ptr_local,ccib.f90,531,15,BC
L0220,CC_SCALARS::GET_H_GUARD_CUTCELL,alloc_ptr_local,ccib.f90,531,15,WC
L0220,CC_SCALARS::GET_H_GUARD_CUTCELL,alloc_ptr_local,ccib.f90,531,15,BC
L0220,CC_SCALARS::GET_H_GUARD_CUTCELL,alloc_ptr_dummy,ccib.f90,534,2,HP
L0220,CC_SCALARS::GET_H_GUARD_CUTCELL,alloc_ptr_dummy,ccib.f90,536,2,HP
L0220,CC_SCALARS::GET_H_GUARD_CUTCELL,dt_alloc_component,ccib.f90,534,2,CC_CUTCELL_TYPE%H
L0220,CC_SCALARS::GET_H_GUARD_CUTCELL,dt_alloc_component,ccib.f90,536,2,CC_CUTCELL_TYPE%HS
L0220,CC_SCALARS::GET_H_GUARD_CUTCELL,write_indirect,ccib.f90,534,2,CUT_CELL(ICC)%H(1:CUT_CELL(ICC)%NCELL)
L0220,CC_SCALARS::GET_H_GUARD_CUTCELL,write_indirect,ccib.f90,536,2,CUT_CELL(ICC)%HS(1:CUT_CELL(ICC)%NCELL)
L0220,CC_SCALARS::GET_H_GUARD_CUTCELL,pointer_reassign,ccib.f90,531,2,WC
L0220,CC_SCALARS::GET_H_GUARD_CUTCELL,pointer_reassign,ccib.f90,531,2,BC
L0221,CC_SCALARS::GET_H_GUARD_CUTCELL,alloc_ptr_local,ccib.f90,544,31,WC
L0221,CC_SCALARS::GET_H_GUARD_CUTCELL,alloc_ptr_local,ccib.f90,544,31,BC
L0221,CC_SCALARS::GET_H_GUARD_CUTCELL,alloc_ptr_local,ccib.f90,544,31,WC
L0221,CC_SCALARS::GET_H_GUARD_CUTCELL,alloc_ptr_local,ccib.f90,545,31,WC
L0221,CC_SCALARS::GET_H_GUARD_CUTCELL,alloc_ptr_dummy,ccib.f90,562,2,HP
L0221,CC_SCALARS::GET_H_GUARD_CUTCELL,alloc_ptr_dummy,ccib.f90,650,2,HP
L0221,CC_SCALARS::GET_H_GUARD_CUTCELL,dt_alloc_component,ccib.f90,558,39,CC_CUTCELL_TYPE%H
L0221,CC_SCALARS::GET_H_GUARD_CUTCELL,dt_alloc_component,ccib.f90,559,39,CC_CUTCELL_TYPE%HS
L0221,CC_SCALARS::GET_H_GUARD_CUTCELL,dt_alloc_component,ccib.f90,568,39,CC_CUTFACE_TYPE%AREA
L0221,CC_SCALARS::GET_H_GUARD_CUTCELL,dt_alloc_component,ccib.f90,581,39,CC_CUTCELL_TYPE%XYZCEN
L0221,CC_SCALARS::GET_H_GUARD_CUTCELL,write_indirect,ccib.f90,652,2,CUT_CELL(ICC_GHOST)%H(1:CUT_CELL(ICC_GHOST)%NCELL)
L0221,CC_SCALARS::GET_H_GUARD_CUTCELL,write_indirect,ccib.f90,653,2,CUT_CELL(ICC_GHOST)%HS(1:CUT_CELL(ICC_GHOST)%NCELL)
L0221,CC_SCALARS::GET_H_GUARD_CUTCELL,write_derived_index,ccib.f90,615,2,ISHF(X1AXIS)
L0221,CC_SCALARS::GET_H_GUARD_CUTCELL,write_derived_index,ccib.f90,650,2,"HP(II,JJ,KK)"
L0221,CC_SCALARS::GET_H_GUARD_CUTCELL,reduction_intrinsic,ccib.f90,545,3,ALL
L0221,CC_SCALARS::GET_H_GUARD_CUTCELL,reduction_intrinsic,ccib.f90,568,3,SUM
L0221,CC_SCALARS::GET_H_GUARD_CUTCELL,reduction_intrinsic,ccib.f90,639,3,SUM
L0221,CC_SCALARS::GET_H_GUARD_CUTCELL,pointer_reassign,ccib.f90,544,5,WC
L0221,CC_SCALARS::GET_H_GUARD_CUTCELL,pointer_reassign,ccib.f90,544,5,BC
L0221,CC_SCALARS::GET_H_GUARD_CUTCELL,pointer_reassign,ccib.f90,546,5,EWC
L0221,CC_SCALARS::GET_H_GUARD_CUTCELL,pointer_reassign,ccib.f90,548,5,OM
L0222,CC_SCALARS::GET_H_MATRIX_CC,alloc_ptr_local,ccib.f90,20584,9,RCF
L0222,CC_SCALARS::GET_H_MATRIX_CC,alloc_ptr_local,ccib.f90,20585,9,RCF
L0222,CC_SCALARS::GET_H_MATRIX_CC,alloc_ptr_local,ccib.f90,20585,9,RCF
L0222,CC_SCALARS::GET_H_MATRIX_CC,alloc_ptr_local,ccib.f90,20585,9,RCF
L0222,CC_SCALARS::GET_H_MATRIX_CC,dt_alloc_component,ccib.f90,20584,10,MESH_TYPE%RCF_H
L0222,CC_SCALARS::GET_H_MATRIX_CC,dt_alloc_component,ccib.f90,20590,10,ZONE_SOLVE_TYPE%UNKH_IND
L0222,CC_SCALARS::GET_H_MATRIX_CC,dt_alloc_component,ccib.f90,20591,10,ZONE_SOLVE_TYPE%UNKH_IND
L0222,CC_SCALARS::GET_H_MATRIX_CC,dt_alloc_component,ccib.f90,20623,10,ZONE_SOLVE_TYPE%ROW_H
L0222,CC_SCALARS::GET_H_MATRIX_CC,write_derived_index,ccib.f90,20625,1,ZONE_SOLVE(IPZ)%ROW_H(IROW)%D(JCOL)
L0222,CC_SCALARS::GET_H_MATRIX_CC,pointer_reassign,ccib.f90,20584,1,RCF
L0223,CC_SCALARS::GET_H_MATRIX_CC,alloc_ptr_local,ccib.f90,20635,29,CF
L0223,CC_SCALARS::GET_H_MATRIX_CC,alloc_ptr_local,ccib.f90,20635,29,CF
L0223,CC_SCALARS::GET_H_MATRIX_CC,alloc_ptr_local,ccib.f90,20636,29,CF
L0223,CC_SCALARS::GET_H_MATRIX_CC,alloc_ptr_local,ccib.f90,20636,29,CF
L0223,CC_SCALARS::GET_H_MATRIX_CC,dt_alloc_component,ccib.f90,20635,56,MESH_TYPE%CUT_FACE
L0223,CC_SCALARS::GET_H_MATRIX_CC,dt_alloc_component,ccib.f90,20641,56,MESH_TYPE%WALL
L0223,CC_SCALARS::GET_H_MATRIX_CC,dt_alloc_component,ccib.f90,20664,56,CC_CUTFACE_TYPE%UNKH
L0223,CC_SCALARS::GET_H_MATRIX_CC,dt_alloc_component,ccib.f90,20665,56,ZONE_SOLVE_TYPE%UNKH_IND
L0223,CC_SCALARS::GET_H_MATRIX_CC,write_derived_index,ccib.f90,20681,4,ISHF(X1AXIS)
L0223,CC_SCALARS::GET_H_MATRIX_CC,write_derived_index,ccib.f90,20711,4,ZONE_SOLVE(IPZ)%ROW_H(IROW)%D(JCOL)
L0223,CC_SCALARS::GET_H_MATRIX_CC,write_derived_index,ccib.f90,20718,4,ZONE_SOLVE(IPZ)%ROW_H(IROW)%D(JCOL)
L0223,CC_SCALARS::GET_H_MATRIX_CC,write_derived_index,ccib.f90,20754,4,ZONE_SOLVE(IPZ)%ROW_H(IROW)%D(JCOL)
L0223,CC_SCALARS::GET_H_MATRIX_CC,reduction_intrinsic,ccib.f90,20705,1,SUM
L0223,CC_SCALARS::GET_H_MATRIX_CC,pointer_reassign,ccib.f90,20635,3,CF
L0223,CC_SCALARS::GET_H_MATRIX_CC,pointer_reassign,ccib.f90,20641,3,WC
L0223,CC_SCALARS::GET_H_MATRIX_CC,pointer_reassign,ccib.f90,20643,3,EWC
L0224,CC_SCALARS::GET_H_MATRIX_CC,alloc_ptr_local,ccib.f90,20771,21,EWC
L0224,CC_SCALARS::GET_H_MATRIX_CC,alloc_ptr_local,ccib.f90,20772,21,EWC
L0224,CC_SCALARS::GET_H_MATRIX_CC,alloc_ptr_local,ccib.f90,20775,21,BC
L0224,CC_SCALARS::GET_H_MATRIX_CC,alloc_ptr_local,ccib.f90,20776,21,BC
L0224,CC_SCALARS::GET_H_MATRIX_CC,dt_alloc_component,ccib.f90,20789,40,CC_CUTCELL_TYPE%UNKH
L0224,CC_SCALARS::GET_H_MATRIX_CC,dt_alloc_component,ccib.f90,20793,40,ZONE_SOLVE_TYPE%UNKH_IND
L0224,CC_SCALARS::GET_H_MATRIX_CC,dt_alloc_component,ccib.f90,20799,40,CC_CUTCELL_TYPE%XYZCEN
L0224,CC_SCALARS::GET_H_MATRIX_CC,dt_alloc_component,ccib.f90,20805,40,CC_CUTCELL_TYPE%XYZCEN
L0224,CC_SCALARS::GET_H_MATRIX_CC,write_derived_index,ccib.f90,20824,3,ISHF(X1AXIS)
L0224,CC_SCALARS::GET_H_MATRIX_CC,write_derived_index,ccib.f90,20854,3,ZONE_SOLVE(IPZ)%ROW_H(IROW)%D(JCOL)
L0224,CC_SCALARS::GET_H_MATRIX_CC,write_derived_index,ccib.f90,20861,3,ZONE_SOLVE(IPZ)%ROW_H(IROW)%D(JCOL)
L0224,CC_SCALARS::GET_H_MATRIX_CC,reduction_intrinsic,ccib.f90,20848,1,SUM
L0224,CC_SCALARS::GET_H_MATRIX_CC,pointer_reassign,ccib.f90,20767,3,WC
L0224,CC_SCALARS::GET_H_MATRIX_CC,pointer_reassign,ccib.f90,20771,3,EWC
L0224,CC_SCALARS::GET_H_MATRIX_CC,pointer_reassign,ccib.f90,20775,3,BC
L0225,CC_SCALARS::GET_LHS_CUTCELL,alloc_ptr_dummy,ccib.f90,1437,7,HP
L0225,CC_SCALARS::GET_LHS_CUTCELL,alloc_ptr_dummy,ccib.f90,1443,7,HP
L0225,CC_SCALARS::GET_LHS_CUTCELL,alloc_ptr_dummy,ccib.f90,1448,7,HP
L0225,CC_SCALARS::GET_LHS_CUTCELL,alloc_ptr_dummy,ccib.f90,1458,7,HP
L0225,CC_SCALARS::GET_LHS_CUTCELL,dt_alloc_component,ccib.f90,1427,41,CC_CUTCELL_TYPE%CCELEM
L0225,CC_SCALARS::GET_LHS_CUTCELL,dt_alloc_component,ccib.f90,1428,41,CC_CUTCELL_TYPE%CCELEM
L0225,CC_SCALARS::GET_LHS_CUTCELL,dt_alloc_component,ccib.f90,1431,41,CC_CUTCELL_TYPE%FACE_LIST
L0225,CC_SCALARS::GET_LHS_CUTCELL,dt_alloc_component,ccib.f90,1433,41,CC_CUTCELL_TYPE%FACE_LIST
L0225,CC_SCALARS::GET_LHS_CUTCELL,reduction_accum,ccib.f90,1521,1,LHSS_CC = LHSS_CC ...
L0225,CC_SCALARS::GET_LHS_CUTCELL,reduction_intrinsic,ccib.f90,1486,2,ANY
L0225,CC_SCALARS::GET_LHS_CUTCELL,reduction_intrinsic,ccib.f90,1495,2,ANY
L0226,CC_SCALARS::GET_LHS_CUTCELL,alloc_ptr_dummy,ccib.f90,1537,17,P
L0226,CC_SCALARS::GET_LHS_CUTCELL,alloc_ptr_dummy,ccib.f90,1546,17,P
L0226,CC_SCALARS::GET_LHS_CUTCELL,alloc_ptr_dummy,ccib.f90,1549,17,RHOP
L0226,CC_SCALARS::GET_LHS_CUTCELL,alloc_ptr_dummy,ccib.f90,1551,17,P
L0226,CC_SCALARS::GET_LHS_CUTCELL,dt_alloc_component,ccib.f90,1528,34,CC_CUTCELL_TYPE%CCELEM
L0226,CC_SCALARS::GET_LHS_CUTCELL,dt_alloc_component,ccib.f90,1529,34,CC_CUTCELL_TYPE%CCELEM
L0226,CC_SCALARS::GET_LHS_CUTCELL,dt_alloc_component,ccib.f90,1531,34,CC_CUTCELL_TYPE%FACE_LIST
L0226,CC_SCALARS::GET_LHS_CUTCELL,dt_alloc_component,ccib.f90,1533,34,CC_CUTCELL_TYPE%FACE_LIST
L0226,CC_SCALARS::GET_LHS_CUTCELL,reduction_accum,ccib.f90,1638,1,LHSS_CC = LHSS_CC ...
L0226,CC_SCALARS::GET_LHS_CUTCELL,reduction_intrinsic,ccib.f90,1588,2,ANY
L0226,CC_SCALARS::GET_LHS_CUTCELL,reduction_intrinsic,ccib.f90,1604,2,ANY
L0227,CC_SCALARS::GET_LINKED_FV,alloc_ptr_local,ccib.f90,15251,15,FLINK
L0227,CC_SCALARS::GET_LINKED_FV,alloc_ptr_local,ccib.f90,15251,15,FLINK
L0227,CC_SCALARS::GET_LINKED_FV,alloc_ptr_local,ccib.f90,15251,15,FVXP
L0227,CC_SCALARS::GET_LINKED_FV,alloc_ptr_local,ccib.f90,15252,15,ALINK
L0227,CC_SCALARS::GET_LINKED_FV,write_indirect,ccib.f90,15251,6,"FLINK(FCVAR(I,J,K,CC_UNKF,IAXIS))"
L0227,CC_SCALARS::GET_LINKED_FV,write_indirect,ccib.f90,15252,6,"ALINK(FCVAR(I,J,K,CC_UNKF,IAXIS))"
L0227,CC_SCALARS::GET_LINKED_FV,write_indirect,ccib.f90,15256,6,"FLINK(FCVAR(I,J,K,CC_UNKF,JAXIS))"
L0227,CC_SCALARS::GET_LINKED_FV,write_indirect,ccib.f90,15257,6,"ALINK(FCVAR(I,J,K,CC_UNKF,JAXIS))"
L0228,CC_SCALARS::GET_LINKED_FV,alloc_ptr_local,ccib.f90,15274,15,FLINK
L0228,CC_SCALARS::GET_LINKED_FV,alloc_ptr_local,ccib.f90,15274,15,FLINK
L0228,CC_SCALARS::GET_LINKED_FV,alloc_ptr_local,ccib.f90,15274,15,FVXP
L0228,CC_SCALARS::GET_LINKED_FV,alloc_ptr_local,ccib.f90,15275,15,ALINK
L0228,CC_SCALARS::GET_LINKED_FV,write_indirect,ccib.f90,15274,6,FLINK(RC_FACE(ICF)%UNKF)
L0228,CC_SCALARS::GET_LINKED_FV,write_indirect,ccib.f90,15275,6,ALINK(RC_FACE(ICF)%UNKF)
L0228,CC_SCALARS::GET_LINKED_FV,write_indirect,ccib.f90,15277,6,FLINK(RC_FACE(ICF)%UNKF)
L0228,CC_SCALARS::GET_LINKED_FV,write_indirect,ccib.f90,15278,6,ALINK(RC_FACE(ICF)%UNKF)
L0229,CC_SCALARS::GET_LINKED_FV,alloc_ptr_local,ccib.f90,15290,4,FLINK
L0229,CC_SCALARS::GET_LINKED_FV,alloc_ptr_local,ccib.f90,15290,4,FLINK
L0229,CC_SCALARS::GET_LINKED_FV,alloc_ptr_local,ccib.f90,15291,4,ALINK
L0229,CC_SCALARS::GET_LINKED_FV,alloc_ptr_local,ccib.f90,15291,4,ALINK
L0229,CC_SCALARS::GET_LINKED_FV,dt_alloc_component,ccib.f90,15290,7,CC_CUTFACE_TYPE%UNKF
L0229,CC_SCALARS::GET_LINKED_FV,dt_alloc_component,ccib.f90,15290,7,CC_CUTFACE_TYPE%UNKF
L0229,CC_SCALARS::GET_LINKED_FV,dt_alloc_component,ccib.f90,15290,7,CC_CUTFACE_TYPE%FN_B
L0229,CC_SCALARS::GET_LINKED_FV,dt_alloc_component,ccib.f90,15290,7,CC_CUTFACE_TYPE%AREA
L0229,CC_SCALARS::GET_LINKED_FV,reduction_accum,ccib.f90,15290,2,FLINK(CF%UNKF(JCF))
L0229,CC_SCALARS::GET_LINKED_FV,reduction_accum,ccib.f90,15291,2,ALINK(CF%UNKF(JCF))
L0229,CC_SCALARS::GET_LINKED_FV,pointer_reassign,ccib.f90,15287,1,CF
L0230,CC_SCALARS::GET_LINKED_FV,alloc_ptr_local,ccib.f90,15299,4,FLINK
L0230,CC_SCALARS::GET_LINKED_FV,alloc_ptr_local,ccib.f90,15299,4,FLINK
L0230,CC_SCALARS::GET_LINKED_FV,alloc_ptr_local,ccib.f90,15300,4,ALINK
L0230,CC_SCALARS::GET_LINKED_FV,alloc_ptr_local,ccib.f90,15300,4,ALINK
L0230,CC_SCALARS::GET_LINKED_FV,dt_alloc_component,ccib.f90,15299,7,CC_CUTFACE_TYPE%UNKF
L0230,CC_SCALARS::GET_LINKED_FV,dt_alloc_component,ccib.f90,15299,7,CC_CUTFACE_TYPE%UNKF
L0230,CC_SCALARS::GET_LINKED_FV,dt_alloc_component,ccib.f90,15299,7,CC_CUTFACE_TYPE%FN
L0230,CC_SCALARS::GET_LINKED_FV,dt_alloc_component,ccib.f90,15299,7,CC_CUTFACE_TYPE%AREA
L0230,CC_SCALARS::GET_LINKED_FV,reduction_accum,ccib.f90,15299,2,FLINK(CF%UNKF(JCF))
L0230,CC_SCALARS::GET_LINKED_FV,reduction_accum,ccib.f90,15300,2,ALINK(CF%UNKF(JCF))
L0230,CC_SCALARS::GET_LINKED_FV,pointer_reassign,ccib.f90,15296,1,CF
L0232,CC_SCALARS::GET_LINKED_FV,alloc_ptr_local,ccib.f90,15315,6,FVXP
L0232,CC_SCALARS::GET_LINKED_FV,alloc_ptr_local,ccib.f90,15315,6,FLINK
L0232,CC_SCALARS::GET_LINKED_FV,alloc_ptr_local,ccib.f90,15316,6,FVYP
L0232,CC_SCALARS::GET_LINKED_FV,alloc_ptr_local,ccib.f90,15316,6,FLINK
L0233,CC_SCALARS::GET_LINKED_FV,alloc_ptr_local,ccib.f90,15326,6,FVXP
L0233,CC_SCALARS::GET_LINKED_FV,alloc_ptr_local,ccib.f90,15326,6,FLINK
L0233,CC_SCALARS::GET_LINKED_FV,alloc_ptr_local,ccib.f90,15327,6,FVYP
L0233,CC_SCALARS::GET_LINKED_FV,alloc_ptr_local,ccib.f90,15327,6,FLINK
L0233,CC_SCALARS::GET_LINKED_FV,write_derived_index,ccib.f90,15326,3,"FVXP(I,J,K)"
L0233,CC_SCALARS::GET_LINKED_FV,write_derived_index,ccib.f90,15327,3,"FVYP(I,J,K)"
L0233,CC_SCALARS::GET_LINKED_FV,write_derived_index,ccib.f90,15328,3,"FVZP(I,J,K)"
L0234,CC_SCALARS::GET_LINKED_FV,alloc_ptr_local,ccib.f90,15336,4,FLINK
L0234,CC_SCALARS::GET_LINKED_FV,alloc_ptr_local,ccib.f90,15339,4,FVXP
L0234,CC_SCALARS::GET_LINKED_FV,alloc_ptr_local,ccib.f90,15340,4,FVYP
L0234,CC_SCALARS::GET_LINKED_FV,alloc_ptr_local,ccib.f90,15341,4,FVZP
L0234,CC_SCALARS::GET_LINKED_FV,dt_alloc_component,ccib.f90,15336,5,CC_CUTFACE_TYPE%FN_B
L0234,CC_SCALARS::GET_LINKED_FV,dt_alloc_component,ccib.f90,15336,5,CC_CUTFACE_TYPE%UNKF
L0234,CC_SCALARS::GET_LINKED_FV,dt_alloc_component,ccib.f90,15337,5,CC_CUTFACE_TYPE%FN_B
L0234,CC_SCALARS::GET_LINKED_FV,dt_alloc_component,ccib.f90,15337,5,CC_CUTFACE_TYPE%AREA
L0234,CC_SCALARS::GET_LINKED_FV,write_derived_index,ccib.f90,15339,3,"FVXP(I,J,K)"
L0234,CC_SCALARS::GET_LINKED_FV,write_derived_index,ccib.f90,15340,3,"FVYP(I,J,K)"
L0234,CC_SCALARS::GET_LINKED_FV,write_derived_index,ccib.f90,15341,3,"FVZP(I,J,K)"
L0234,CC_SCALARS::GET_LINKED_FV,reduction_intrinsic,ccib.f90,15337,2,DOT_PRODUCT
L0234,CC_SCALARS::GET_LINKED_FV,reduction_intrinsic,ccib.f90,15337,2,SUM
L0234,CC_SCALARS::GET_LINKED_FV,pointer_reassign,ccib.f90,15333,1,CF
L0235,CC_SCALARS::GET_LINKED_FV,alloc_ptr_local,ccib.f90,15349,4,FLINK
L0235,CC_SCALARS::GET_LINKED_FV,alloc_ptr_local,ccib.f90,15352,4,FVXP
L0235,CC_SCALARS::GET_LINKED_FV,alloc_ptr_local,ccib.f90,15353,4,FVYP
L0235,CC_SCALARS::GET_LINKED_FV,alloc_ptr_local,ccib.f90,15354,4,FVZP
L0235,CC_SCALARS::GET_LINKED_FV,dt_alloc_component,ccib.f90,15349,5,CC_CUTFACE_TYPE%FN
L0235,CC_SCALARS::GET_LINKED_FV,dt_alloc_component,ccib.f90,15349,5,CC_CUTFACE_TYPE%UNKF
L0235,CC_SCALARS::GET_LINKED_FV,dt_alloc_component,ccib.f90,15350,5,CC_CUTFACE_TYPE%FN
L0235,CC_SCALARS::GET_LINKED_FV,dt_alloc_component,ccib.f90,15350,5,CC_CUTFACE_TYPE%AREA
L0235,CC_SCALARS::GET_LINKED_FV,write_derived_index,ccib.f90,15352,3,"FVXP(I,J,K)"
L0235,CC_SCALARS::GET_LINKED_FV,write_derived_index,ccib.f90,15353,3,"FVYP(I,J,K)"
L0235,CC_SCALARS::GET_LINKED_FV,write_derived_index,ccib.f90,15354,3,"FVZP(I,J,K)"
L0235,CC_SCALARS::GET_LINKED_FV,reduction_intrinsic,ccib.f90,15350,2,DOT_PRODUCT
L0235,CC_SCALARS::GET_LINKED_FV,reduction_intrinsic,ccib.f90,15350,2,SUM
L0235,CC_SCALARS::GET_LINKED_FV,pointer_reassign,ccib.f90,15346,1,CF
L0236,CC_SCALARS::GET_LINKED_VELOCITIES,alloc_ptr_local,ccib.f90,3036,6,AREA_LNK
L0236,CC_SCALARS::GET_LINKED_VELOCITIES,alloc_ptr_local,ccib.f90,3036,6,AREA_LNK
L0236,CC_SCALARS::GET_LINKED_VELOCITIES,alloc_ptr_local,ccib.f90,3040,6,AREA_LNK
L0236,CC_SCALARS::GET_LINKED_VELOCITIES,alloc_ptr_local,ccib.f90,3040,6,AREA_LNK
L0236,CC_SCALARS::GET_LINKED_VELOCITIES,write_indirect,ccib.f90,3035,6,"UN_LNK(FCVAR(I,J,K,CC_UNKF,IAXIS))"
L0236,CC_SCALARS::GET_LINKED_VELOCITIES,write_indirect,ccib.f90,3036,6,"AREA_LNK(FCVAR(I,J,K,CC_UNKF,IAXIS))"
L0236,CC_SCALARS::GET_LINKED_VELOCITIES,write_indirect,ccib.f90,3039,6,"UN_LNK(FCVAR(I,J,K,CC_UNKF,JAXIS))"
L0236,CC_SCALARS::GET_LINKED_VELOCITIES,write_indirect,ccib.f90,3040,6,"AREA_LNK(FCVAR(I,J,K,CC_UNKF,JAXIS))"
L0237,CC_SCALARS::GET_LINKED_VELOCITIES,alloc_ptr_local,ccib.f90,3057,6,AREA_LNK
L0237,CC_SCALARS::GET_LINKED_VELOCITIES,alloc_ptr_local,ccib.f90,3057,6,AREA_LNK
L0237,CC_SCALARS::GET_LINKED_VELOCITIES,alloc_ptr_local,ccib.f90,3060,6,AREA_LNK
L0237,CC_SCALARS::GET_LINKED_VELOCITIES,alloc_ptr_local,ccib.f90,3060,6,AREA_LNK
L0237,CC_SCALARS::GET_LINKED_VELOCITIES,write_indirect,ccib.f90,3056,6,UN_LNK(RC_FACE(ICF)%UNKF)
L0237,CC_SCALARS::GET_LINKED_VELOCITIES,write_indirect,ccib.f90,3057,6,AREA_LNK(RC_FACE(ICF)%UNKF)
L0237,CC_SCALARS::GET_LINKED_VELOCITIES,write_indirect,ccib.f90,3059,6,UN_LNK(RC_FACE(ICF)%UNKF)
L0237,CC_SCALARS::GET_LINKED_VELOCITIES,write_indirect,ccib.f90,3060,6,AREA_LNK(RC_FACE(ICF)%UNKF)
L0238,CC_SCALARS::GET_LINKED_VELOCITIES,alloc_ptr_local,ccib.f90,3072,2,AREA_LNK
L0238,CC_SCALARS::GET_LINKED_VELOCITIES,alloc_ptr_local,ccib.f90,3072,2,AREA_LNK
L0238,CC_SCALARS::GET_LINKED_VELOCITIES,dt_alloc_component,ccib.f90,3071,7,CC_CUTFACE_TYPE%UNKF
L0238,CC_SCALARS::GET_LINKED_VELOCITIES,dt_alloc_component,ccib.f90,3071,7,CC_CUTFACE_TYPE%UNKF
L0238,CC_SCALARS::GET_LINKED_VELOCITIES,dt_alloc_component,ccib.f90,3071,7,CC_CUTFACE_TYPE%VELS
L0238,CC_SCALARS::GET_LINKED_VELOCITIES,dt_alloc_component,ccib.f90,3071,7,CC_CUTFACE_TYPE%AREA
L0238,CC_SCALARS::GET_LINKED_VELOCITIES,reduction_accum,ccib.f90,3071,2,UN_LNK(CF%UNKF(JCF))
L0238,CC_SCALARS::GET_LINKED_VELOCITIES,reduction_accum,ccib.f90,3072,2,AREA_LNK(CF%UNKF(JCF))
L0238,CC_SCALARS::GET_LINKED_VELOCITIES,pointer_reassign,ccib.f90,3068,1,CF
L0239,CC_SCALARS::GET_LINKED_VELOCITIES,alloc_ptr_local,ccib.f90,3084,6,AREA_LNK
L0239,CC_SCALARS::GET_LINKED_VELOCITIES,alloc_ptr_local,ccib.f90,3084,6,AREA_LNK
L0239,CC_SCALARS::GET_LINKED_VELOCITIES,alloc_ptr_local,ccib.f90,3088,6,AREA_LNK
L0239,CC_SCALARS::GET_LINKED_VELOCITIES,alloc_ptr_local,ccib.f90,3088,6,AREA_LNK
L0239,CC_SCALARS::GET_LINKED_VELOCITIES,write_indirect,ccib.f90,3083,6,"UN_LNK(FCVAR(I,J,K,CC_UNKF,IAXIS))"
L0239,CC_SCALARS::GET_LINKED_VELOCITIES,write_indirect,ccib.f90,3084,6,"AREA_LNK(FCVAR(I,J,K,CC_UNKF,IAXIS))"
L0239,CC_SCALARS::GET_LINKED_VELOCITIES,write_indirect,ccib.f90,3087,6,"UN_LNK(FCVAR(I,J,K,CC_UNKF,JAXIS))"
L0239,CC_SCALARS::GET_LINKED_VELOCITIES,write_indirect,ccib.f90,3088,6,"AREA_LNK(FCVAR(I,J,K,CC_UNKF,JAXIS))"
L0240,CC_SCALARS::GET_LINKED_VELOCITIES,alloc_ptr_local,ccib.f90,3105,6,AREA_LNK
L0240,CC_SCALARS::GET_LINKED_VELOCITIES,alloc_ptr_local,ccib.f90,3105,6,AREA_LNK
L0240,CC_SCALARS::GET_LINKED_VELOCITIES,alloc_ptr_local,ccib.f90,3108,6,AREA_LNK
L0240,CC_SCALARS::GET_LINKED_VELOCITIES,alloc_ptr_local,ccib.f90,3108,6,AREA_LNK
L0240,CC_SCALARS::GET_LINKED_VELOCITIES,write_indirect,ccib.f90,3104,6,UN_LNK(RC_FACE(ICF)%UNKF)
L0240,CC_SCALARS::GET_LINKED_VELOCITIES,write_indirect,ccib.f90,3105,6,AREA_LNK(RC_FACE(ICF)%UNKF)
L0240,CC_SCALARS::GET_LINKED_VELOCITIES,write_indirect,ccib.f90,3107,6,UN_LNK(RC_FACE(ICF)%UNKF)
L0240,CC_SCALARS::GET_LINKED_VELOCITIES,write_indirect,ccib.f90,3108,6,AREA_LNK(RC_FACE(ICF)%UNKF)
L0241,CC_SCALARS::GET_LINKED_VELOCITIES,alloc_ptr_local,ccib.f90,3120,2,AREA_LNK
L0241,CC_SCALARS::GET_LINKED_VELOCITIES,alloc_ptr_local,ccib.f90,3120,2,AREA_LNK
L0241,CC_SCALARS::GET_LINKED_VELOCITIES,dt_alloc_component,ccib.f90,3119,7,CC_CUTFACE_TYPE%UNKF
L0241,CC_SCALARS::GET_LINKED_VELOCITIES,dt_alloc_component,ccib.f90,3119,7,CC_CUTFACE_TYPE%UNKF
L0241,CC_SCALARS::GET_LINKED_VELOCITIES,dt_alloc_component,ccib.f90,3119,7,CC_CUTFACE_TYPE%VEL
L0241,CC_SCALARS::GET_LINKED_VELOCITIES,dt_alloc_component,ccib.f90,3119,7,CC_CUTFACE_TYPE%AREA
L0241,CC_SCALARS::GET_LINKED_VELOCITIES,reduction_accum,ccib.f90,3119,2,UN_LNK(CF%UNKF(JCF))
L0241,CC_SCALARS::GET_LINKED_VELOCITIES,reduction_accum,ccib.f90,3120,2,AREA_LNK(CF%UNKF(JCF))
L0241,CC_SCALARS::GET_LINKED_VELOCITIES,pointer_reassign,ccib.f90,3116,1,CF
L0242,CC_SCALARS::GET_LINKED_VELOCITIES,dt_alloc_component,ccib.f90,3167,7,CC_CUTFACE_TYPE%UNKF
L0242,CC_SCALARS::GET_LINKED_VELOCITIES,dt_alloc_component,ccib.f90,3168,7,CC_CUTFACE_TYPE%VEL_LNK
L0242,CC_SCALARS::GET_LINKED_VELOCITIES,dt_alloc_component,ccib.f90,3168,7,CC_CUTFACE_TYPE%UNKF
L0242,CC_SCALARS::GET_LINKED_VELOCITIES,dt_alloc_component,ccib.f90,3170,7,CC_CUTFACE_TYPE%VEL_LNK
L0242,CC_SCALARS::GET_LINKED_VELOCITIES,pointer_reassign,ccib.f90,3132,4,WC
L0242,CC_SCALARS::GET_LINKED_VELOCITIES,pointer_reassign,ccib.f90,3134,4,EWC
L0242,CC_SCALARS::GET_LINKED_VELOCITIES,pointer_reassign,ccib.f90,3135,4,BC
L0242,CC_SCALARS::GET_LINKED_VELOCITIES,pointer_reassign,ccib.f90,3165,4,CF
L0244,CC_SCALARS::GET_LINKED_VELOCITIES,write_derived_index,ccib.f90,3200,3,"US(I,J,K)"
L0244,CC_SCALARS::GET_LINKED_VELOCITIES,write_derived_index,ccib.f90,3201,3,"VS(I,J,K)"
L0244,CC_SCALARS::GET_LINKED_VELOCITIES,write_derived_index,ccib.f90,3202,3,"WS(I,J,K)"
L0245,CC_SCALARS::GET_LINKED_VELOCITIES,dt_alloc_component,ccib.f90,3210,9,CC_CUTFACE_TYPE%UNKF
L0245,CC_SCALARS::GET_LINKED_VELOCITIES,dt_alloc_component,ccib.f90,3211,9,CC_CUTFACE_TYPE%VELS
L0245,CC_SCALARS::GET_LINKED_VELOCITIES,dt_alloc_component,ccib.f90,3211,9,CC_CUTFACE_TYPE%UNKF
L0245,CC_SCALARS::GET_LINKED_VELOCITIES,dt_alloc_component,ccib.f90,3214,9,CC_CUTFACE_TYPE%VELS
L0245,CC_SCALARS::GET_LINKED_VELOCITIES,write_derived_index,ccib.f90,3214,3,"US(I,J,K)"
L0245,CC_SCALARS::GET_LINKED_VELOCITIES,write_derived_index,ccib.f90,3215,3,"VS(I,J,K)"
L0245,CC_SCALARS::GET_LINKED_VELOCITIES,write_derived_index,ccib.f90,3216,3,"WS(I,J,K)"
L0245,CC_SCALARS::GET_LINKED_VELOCITIES,reduction_intrinsic,ccib.f90,3214,3,DOT_PRODUCT
L0245,CC_SCALARS::GET_LINKED_VELOCITIES,reduction_intrinsic,ccib.f90,3215,3,DOT_PRODUCT
L0245,CC_SCALARS::GET_LINKED_VELOCITIES,reduction_intrinsic,ccib.f90,3216,3,DOT_PRODUCT
L0245,CC_SCALARS::GET_LINKED_VELOCITIES,pointer_reassign,ccib.f90,3206,1,CF
L0246,CC_SCALARS::GET_LINKED_VELOCITIES,alloc_ptr_local,ccib.f90,3229,74,OM
L0246,CC_SCALARS::GET_LINKED_VELOCITIES,alloc_ptr_local,ccib.f90,3230,74,M2
L0246,CC_SCALARS::GET_LINKED_VELOCITIES,alloc_ptr_local,ccib.f90,3261,74,M2
L0246,CC_SCALARS::GET_LINKED_VELOCITIES,alloc_ptr_local,ccib.f90,3261,74,M2
L0246,CC_SCALARS::GET_LINKED_VELOCITIES,dt_alloc_component,ccib.f90,3239,62,CC_CUTFACE_TYPE%VELS
L0246,CC_SCALARS::GET_LINKED_VELOCITIES,dt_alloc_component,ccib.f90,3239,62,CC_CUTFACE_TYPE%VEL_LNK
L0246,CC_SCALARS::GET_LINKED_VELOCITIES,dt_alloc_component,ccib.f90,3242,62,CC_CUTFACE_TYPE%VELS
L0246,CC_SCALARS::GET_LINKED_VELOCITIES,dt_alloc_component,ccib.f90,3242,62,CC_CUTFACE_TYPE%AREA
L0246,CC_SCALARS::GET_LINKED_VELOCITIES,write_derived_index,ccib.f90,3242,6,"US(I,J,K)"
L0246,CC_SCALARS::GET_LINKED_VELOCITIES,write_derived_index,ccib.f90,3243,6,"VS(I,J,K)"
L0246,CC_SCALARS::GET_LINKED_VELOCITIES,write_derived_index,ccib.f90,3244,6,"WS(I,J,K)"
L0246,CC_SCALARS::GET_LINKED_VELOCITIES,write_derived_index,ccib.f90,3248,6,"US(I,J,K)"
L0246,CC_SCALARS::GET_LINKED_VELOCITIES,reduction_intrinsic,ccib.f90,3242,3,DOT_PRODUCT
L0246,CC_SCALARS::GET_LINKED_VELOCITIES,reduction_intrinsic,ccib.f90,3243,3,DOT_PRODUCT
L0246,CC_SCALARS::GET_LINKED_VELOCITIES,reduction_intrinsic,ccib.f90,3244,3,DOT_PRODUCT
L0246,CC_SCALARS::GET_LINKED_VELOCITIES,pointer_reassign,ccib.f90,3222,12,WC
L0246,CC_SCALARS::GET_LINKED_VELOCITIES,pointer_reassign,ccib.f90,3224,12,EWC
L0246,CC_SCALARS::GET_LINKED_VELOCITIES,pointer_reassign,ccib.f90,3225,12,BC
L0246,CC_SCALARS::GET_LINKED_VELOCITIES,pointer_reassign,ccib.f90,3229,12,OM
L0248,CC_SCALARS::GET_LINKED_VELOCITIES,write_derived_index,ccib.f90,3376,3,"U(I,J,K)"
L0248,CC_SCALARS::GET_LINKED_VELOCITIES,write_derived_index,ccib.f90,3377,3,"V(I,J,K)"
L0248,CC_SCALARS::GET_LINKED_VELOCITIES,write_derived_index,ccib.f90,3378,3,"W(I,J,K)"
L0249,CC_SCALARS::GET_LINKED_VELOCITIES,dt_alloc_component,ccib.f90,3386,9,CC_CUTFACE_TYPE%UNKF
L0249,CC_SCALARS::GET_LINKED_VELOCITIES,dt_alloc_component,ccib.f90,3387,9,CC_CUTFACE_TYPE%VEL
L0249,CC_SCALARS::GET_LINKED_VELOCITIES,dt_alloc_component,ccib.f90,3387,9,CC_CUTFACE_TYPE%UNKF
L0249,CC_SCALARS::GET_LINKED_VELOCITIES,dt_alloc_component,ccib.f90,3390,9,CC_CUTFACE_TYPE%VEL
L0249,CC_SCALARS::GET_LINKED_VELOCITIES,write_derived_index,ccib.f90,3390,3,"U(I,J,K)"
L0249,CC_SCALARS::GET_LINKED_VELOCITIES,write_derived_index,ccib.f90,3391,3,"V(I,J,K)"
L0249,CC_SCALARS::GET_LINKED_VELOCITIES,write_derived_index,ccib.f90,3392,3,"W(I,J,K)"
L0249,CC_SCALARS::GET_LINKED_VELOCITIES,reduction_intrinsic,ccib.f90,3390,3,DOT_PRODUCT
L0249,CC_SCALARS::GET_LINKED_VELOCITIES,reduction_intrinsic,ccib.f90,3391,3,DOT_PRODUCT
L0249,CC_SCALARS::GET_LINKED_VELOCITIES,reduction_intrinsic,ccib.f90,3392,3,DOT_PRODUCT
L0249,CC_SCALARS::GET_LINKED_VELOCITIES,pointer_reassign,ccib.f90,3382,1,CF
L0250,CC_SCALARS::GET_LINKED_VELOCITIES,alloc_ptr_local,ccib.f90,3405,74,OM
L0250,CC_SCALARS::GET_LINKED_VELOCITIES,alloc_ptr_local,ccib.f90,3406,74,M2
L0250,CC_SCALARS::GET_LINKED_VELOCITIES,alloc_ptr_local,ccib.f90,3438,74,M2
L0250,CC_SCALARS::GET_LINKED_VELOCITIES,alloc_ptr_local,ccib.f90,3438,74,M2
L0250,CC_SCALARS::GET_LINKED_VELOCITIES,dt_alloc_component,ccib.f90,3415,62,CC_CUTFACE_TYPE%VEL
L0250,CC_SCALARS::GET_LINKED_VELOCITIES,dt_alloc_component,ccib.f90,3415,62,CC_CUTFACE_TYPE%VEL_LNK
L0250,CC_SCALARS::GET_LINKED_VELOCITIES,dt_alloc_component,ccib.f90,3418,62,CC_CUTFACE_TYPE%VEL
L0250,CC_SCALARS::GET_LINKED_VELOCITIES,dt_alloc_component,ccib.f90,3418,62,CC_CUTFACE_TYPE%AREA
L0250,CC_SCALARS::GET_LINKED_VELOCITIES,write_derived_index,ccib.f90,3418,6,"U(I,J,K)"
L0250,CC_SCALARS::GET_LINKED_VELOCITIES,write_derived_index,ccib.f90,3419,6,"V(I,J,K)"
L0250,CC_SCALARS::GET_LINKED_VELOCITIES,write_derived_index,ccib.f90,3420,6,"W(I,J,K)"
L0250,CC_SCALARS::GET_LINKED_VELOCITIES,write_derived_index,ccib.f90,3424,6,"U(I,J,K)"
L0250,CC_SCALARS::GET_LINKED_VELOCITIES,reduction_intrinsic,ccib.f90,3418,3,DOT_PRODUCT
L0250,CC_SCALARS::GET_LINKED_VELOCITIES,reduction_intrinsic,ccib.f90,3419,3,DOT_PRODUCT
L0250,CC_SCALARS::GET_LINKED_VELOCITIES,reduction_intrinsic,ccib.f90,3420,3,DOT_PRODUCT
L0250,CC_SCALARS::GET_LINKED_VELOCITIES,pointer_reassign,ccib.f90,3398,12,WC
L0250,CC_SCALARS::GET_LINKED_VELOCITIES,pointer_reassign,ccib.f90,3400,12,EWC
L0250,CC_SCALARS::GET_LINKED_VELOCITIES,pointer_reassign,ccib.f90,3401,12,BC
L0250,CC_SCALARS::GET_LINKED_VELOCITIES,pointer_reassign,ccib.f90,3405,12,OM
L0251,CC_SCALARS::GET_M_DOT_PPP_SCALAR_3D,write_derived_index,ccib.f90,12010,1,F_Z(IROW)
L0252,CC_SCALARS::GET_M_DOT_PPP_SCALAR_3D,dt_alloc_component,ccib.f90,12020,3,CC_CUTCELL_TYPE%UNKZ
L0252,CC_SCALARS::GET_M_DOT_PPP_SCALAR_3D,dt_alloc_component,ccib.f90,12021,3,CC_CUTCELL_TYPE%M_DOT_PPP
L0252,CC_SCALARS::GET_M_DOT_PPP_SCALAR_3D,dt_alloc_component,ccib.f90,12021,3,CC_CUTCELL_TYPE%VOLUME
L0252,CC_SCALARS::GET_M_DOT_PPP_SCALAR_3D,write_derived_index,ccib.f90,12021,1,F_Z(IROW)
L0253,CC_SCALARS::GET_M_DOT_PPP_SCALAR_3D,dt_alloc_component,ccib.f90,12030,1,CC_CUTCELL_TYPE%M_DOT_PPP
L0253,CC_SCALARS::GET_M_DOT_PPP_SCALAR_3D,write_derived_index,ccib.f90,12030,1,"CUT_CELL(ICC)%M_DOT_PPP(N,1:NCELL)"
L0254,CC_SCALARS::GET_M_DOT_PPP_SCALAR_3D,dt_alloc_component,ccib.f90,12036,1,CC_CUTCELL_TYPE%D_SOURCE
L0254,CC_SCALARS::GET_M_DOT_PPP_SCALAR_3D,write_derived_index,ccib.f90,12036,1,CUT_CELL(ICC)%D_SOURCE(1:NCELL)
L0255,CC_SCALARS::GET_PRES_CFACE_BCS,alloc_ptr_local,ccib.f90,2284,206,CFA
L0255,CC_SCALARS::GET_PRES_CFACE_BCS,alloc_ptr_local,ccib.f90,2285,206,CFA
L0255,CC_SCALARS::GET_PRES_CFACE_BCS,alloc_ptr_local,ccib.f90,2291,206,CFA
L0255,CC_SCALARS::GET_PRES_CFACE_BCS,alloc_ptr_local,ccib.f90,2292,206,CFA
L0255,CC_SCALARS::GET_PRES_CFACE_BCS,dt_alloc_component,ccib.f90,2310,90,CC_CUTFACE_TYPE%FN
L0255,CC_SCALARS::GET_PRES_CFACE_BCS,dt_alloc_component,ccib.f90,2328,90,CC_CUTFACE_TYPE%XCENHIGH
L0255,CC_SCALARS::GET_PRES_CFACE_BCS,dt_alloc_component,ccib.f90,2328,90,CC_CUTFACE_TYPE%XCENLOW
L0255,CC_SCALARS::GET_PRES_CFACE_BCS,dt_alloc_component,ccib.f90,2335,90,MESH_TYPE%CELL
L0255,CC_SCALARS::GET_PRES_CFACE_BCS,write_derived_index,ccib.f90,2359,12,"BXS(J,K)"
L0255,CC_SCALARS::GET_PRES_CFACE_BCS,write_derived_index,ccib.f90,2389,12,"BXF(J,K)"
L0255,CC_SCALARS::GET_PRES_CFACE_BCS,write_derived_index,ccib.f90,2419,12,"BYS(I,K)"
L0255,CC_SCALARS::GET_PRES_CFACE_BCS,write_derived_index,ccib.f90,2449,12,"BYF(I,K)"
L0255,CC_SCALARS::GET_PRES_CFACE_BCS,pointer_reassign,ccib.f90,2284,14,CFA
L0255,CC_SCALARS::GET_PRES_CFACE_BCS,pointer_reassign,ccib.f90,2285,14,BC
L0255,CC_SCALARS::GET_PRES_CFACE_BCS,pointer_reassign,ccib.f90,2317,14,WC
L0255,CC_SCALARS::GET_PRES_CFACE_BCS,pointer_reassign,ccib.f90,2318,14,EWC
L0257,CC_SCALARS::GET_RCFACES_H,alloc_ptr_local,ccib.f90,21604,12,M
L0257,CC_SCALARS::GET_RCFACES_H,alloc_ptr_local,ccib.f90,21605,12,M
L0257,CC_SCALARS::GET_RCFACES_H,alloc_ptr_local,ccib.f90,21640,12,M
L0257,CC_SCALARS::GET_RCFACES_H,alloc_ptr_local,ccib.f90,21641,12,M
L0257,CC_SCALARS::GET_RCFACES_H,dt_alloc_component,ccib.f90,21605,12,MESH_TYPE%CUT_CELL
L0257,CC_SCALARS::GET_RCFACES_H,dt_alloc_component,ccib.f90,21609,12,CC_CUTCELL_TYPE%CCELEM
L0257,CC_SCALARS::GET_RCFACES_H,dt_alloc_component,ccib.f90,21610,12,CC_CUTCELL_TYPE%CCELEM
L0257,CC_SCALARS::GET_RCFACES_H,dt_alloc_component,ccib.f90,21612,12,CC_CUTCELL_TYPE%FACE_LIST
L0257,CC_SCALARS::GET_RCFACES_H,write_derived_index,ccib.f90,21643,4,"IJKFACE(INFACE,JNFACE,KNFACE,X1AXIS)"
L0257,CC_SCALARS::GET_RCFACES_H,write_derived_index,ccib.f90,21645,4,"IJKFACE(INFACE,JNFACE,KNFACE,X1AXIS)"
L0257,CC_SCALARS::GET_RCFACES_H,write_derived_index,ccib.f90,21659,4,"IJKFACE(INFACE,JNFACE,KNFACE,X1AXIS)"
L0257,CC_SCALARS::GET_RCFACES_H,write_derived_index,ccib.f90,21661,4,"IJKFACE(INFACE,JNFACE,KNFACE,X1AXIS)"
L0257,CC_SCALARS::GET_RCFACES_H,reduction_accum,ccib.f90,21605,1,IJK(IAXIS:KAXIS)
L0257,CC_SCALARS::GET_RCFACES_H,pointer_reassign,ccib.f90,21605,1,CC
L0258,CC_SCALARS::GET_RCFACES_H,alloc_ptr_local,ccib.f90,21671,13,M
L0258,CC_SCALARS::GET_RCFACES_H,alloc_ptr_local,ccib.f90,21671,13,M
L0258,CC_SCALARS::GET_RCFACES_H,alloc_ptr_local,ccib.f90,21672,13,WC
L0258,CC_SCALARS::GET_RCFACES_H,alloc_ptr_local,ccib.f90,21672,13,M
L0258,CC_SCALARS::GET_RCFACES_H,dt_alloc_component,ccib.f90,21672,5,MESH_TYPE%WALL
L0258,CC_SCALARS::GET_RCFACES_H,dt_alloc_component,ccib.f90,21672,5,MESH_TYPE%BOUNDARY_COORD
L0258,CC_SCALARS::GET_RCFACES_H,dt_alloc_component,ccib.f90,21688,5,MESH_TYPE%FCVAR
L0258,CC_SCALARS::GET_RCFACES_H,dt_alloc_component,ccib.f90,21690,5,MESH_TYPE%CCVAR
L0258,CC_SCALARS::GET_RCFACES_H,write_derived_index,ccib.f90,21692,2,"IJKFACE(IIF,JJF,KKF,X1AXIS)"
L0258,CC_SCALARS::GET_RCFACES_H,write_derived_index,ccib.f90,21695,2,"IJKFACE(IIF,JJF,KKF,X1AXIS)"
L0258,CC_SCALARS::GET_RCFACES_H,reduction_intrinsic,ccib.f90,21684,1,ALL
L0258,CC_SCALARS::GET_RCFACES_H,pointer_reassign,ccib.f90,21672,2,WC
L0258,CC_SCALARS::GET_RCFACES_H,pointer_reassign,ccib.f90,21672,2,BC
L0259,CC_SCALARS::GET_RCFACES_H,alloc_ptr_local,ccib.f90,21723,46,M
L0259,CC_SCALARS::GET_RCFACES_H,alloc_ptr_local,ccib.f90,21724,46,M
L0259,CC_SCALARS::GET_RCFACES_H,alloc_ptr_local,ccib.f90,21756,46,IJKFACE
L0259,CC_SCALARS::GET_RCFACES_H,alloc_ptr_local,ccib.f90,21763,46,M
L0259,CC_SCALARS::GET_RCFACES_H,dt_alloc_component,ccib.f90,21724,54,MESH_TYPE%CUT_CELL
L0259,CC_SCALARS::GET_RCFACES_H,dt_alloc_component,ccib.f90,21728,54,CC_CUTCELL_TYPE%CCELEM
L0259,CC_SCALARS::GET_RCFACES_H,dt_alloc_component,ccib.f90,21729,54,CC_CUTCELL_TYPE%CCELEM
L0259,CC_SCALARS::GET_RCFACES_H,dt_alloc_component,ccib.f90,21731,54,CC_CUTCELL_TYPE%FACE_LIST
L0259,CC_SCALARS::GET_RCFACES_H,write_derived_index,ccib.f90,21768,12,M%RCF_H(IRC)
L0259,CC_SCALARS::GET_RCFACES_H,write_derived_index,ccib.f90,21770,12,M%RC_FACE(M%RCF_H(IRC))%UNKH(LOW_IND)
L0259,CC_SCALARS::GET_RCFACES_H,write_derived_index,ccib.f90,21772,12,M%RC_FACE(M%RCF_H(IRC))%UNKH(HIGH_IND)
L0259,CC_SCALARS::GET_RCFACES_H,write_derived_index,ccib.f90,21787,12,M%RC_FACE(M%RCF_H(IIFC))%UNKH(HIGH_IND)
L0259,CC_SCALARS::GET_RCFACES_H,reduction_accum,ccib.f90,21724,5,IJK(IAXIS:KAXIS)
L0259,CC_SCALARS::GET_RCFACES_H,reduction_accum,ccib.f90,21767,5,IRC = IRC ...
L0259,CC_SCALARS::GET_RCFACES_H,reduction_accum,ccib.f90,21791,5,IRC = IRC ...
L0259,CC_SCALARS::GET_RCFACES_H,reduction_accum,ccib.f90,21815,5,IRC = IRC ...
L0259,CC_SCALARS::GET_RCFACES_H,pointer_reassign,ccib.f90,21724,1,CC
L0260,CC_SCALARS::GET_RCFACES_H,alloc_ptr_local,ccib.f90,21852,26,M
L0260,CC_SCALARS::GET_RCFACES_H,alloc_ptr_local,ccib.f90,21853,26,WC
L0260,CC_SCALARS::GET_RCFACES_H,alloc_ptr_local,ccib.f90,21853,26,M
L0260,CC_SCALARS::GET_RCFACES_H,alloc_ptr_local,ccib.f90,21854,26,WC
L0260,CC_SCALARS::GET_RCFACES_H,dt_alloc_component,ccib.f90,21853,28,MESH_TYPE%WALL
L0260,CC_SCALARS::GET_RCFACES_H,dt_alloc_component,ccib.f90,21855,28,MESH_TYPE%BOUNDARY_COORD
L0260,CC_SCALARS::GET_RCFACES_H,dt_alloc_component,ccib.f90,21875,28,MESH_TYPE%FCVAR
L0260,CC_SCALARS::GET_RCFACES_H,dt_alloc_component,ccib.f90,21878,28,MESH_TYPE%CCVAR
L0260,CC_SCALARS::GET_RCFACES_H,write_derived_index,ccib.f90,21895,6,M%RCF_H(IRC)
L0260,CC_SCALARS::GET_RCFACES_H,write_derived_index,ccib.f90,21897,6,M%RC_FACE(M%RCF_H(IRC))%UNKH(LOW_IND)
L0260,CC_SCALARS::GET_RCFACES_H,write_derived_index,ccib.f90,21899,6,M%RC_FACE(M%RCF_H(IRC))%UNKH(HIGH_IND)
L0260,CC_SCALARS::GET_RCFACES_H,write_derived_index,ccib.f90,21903,6,M%RCF_H(IRC)
L0260,CC_SCALARS::GET_RCFACES_H,reduction_accum,ccib.f90,21894,2,IRC = IRC ...
L0260,CC_SCALARS::GET_RCFACES_H,reduction_accum,ccib.f90,21902,2,IRC = IRC ...
L0260,CC_SCALARS::GET_RCFACES_H,pointer_reassign,ccib.f90,21853,3,WC
L0260,CC_SCALARS::GET_RCFACES_H,pointer_reassign,ccib.f90,21855,3,BC
L0260,CC_SCALARS::GET_RCFACES_H,pointer_reassign,ccib.f90,21881,3,CC
L0261,CC_SCALARS::GET_RHOZZVECTOR_SCALAR_3D,write_derived_index,ccib.f90,13447,2,RZ_ZS(IROW_LOC)
L0261,CC_SCALARS::GET_RHOZZVECTOR_SCALAR_3D,write_derived_index,ccib.f90,13448,2,RZ_Z(IROW_LOC)
L0262,CC_SCALARS::GET_RHOZZVECTOR_SCALAR_3D,dt_alloc_component,ccib.f90,13456,5,CC_CUTCELL_TYPE%UNKZ
L0262,CC_SCALARS::GET_RHOZZVECTOR_SCALAR_3D,dt_alloc_component,ccib.f90,13457,5,CC_CUTCELL_TYPE%VOLUME
L0262,CC_SCALARS::GET_RHOZZVECTOR_SCALAR_3D,dt_alloc_component,ccib.f90,13458,5,CC_CUTCELL_TYPE%RHO
L0262,CC_SCALARS::GET_RHOZZVECTOR_SCALAR_3D,dt_alloc_component,ccib.f90,13458,5,CC_CUTCELL_TYPE%ZZ
L0262,CC_SCALARS::GET_RHOZZVECTOR_SCALAR_3D,write_derived_index,ccib.f90,13457,2,RZ_ZS(IROW_LOC)
L0262,CC_SCALARS::GET_RHOZZVECTOR_SCALAR_3D,write_derived_index,ccib.f90,13458,2,RZ_Z(IROW_LOC)
L0262,CC_SCALARS::GET_RHOZZVECTOR_SCALAR_3D,pointer_reassign,ccib.f90,13454,1,CC
L0264,CC_SCALARS::GET_RHOZZVECTOR_SCALAR_3D,dt_alloc_component,ccib.f90,13478,1,MESH_TYPE%RHO_ZZN
L0264,CC_SCALARS::GET_RHOZZVECTOR_SCALAR_3D,write_derived_index,ccib.f90,13478,2,RZ_Z(IROW_LOC)
L0264,CC_SCALARS::GET_RHOZZVECTOR_SCALAR_3D,write_derived_index,ccib.f90,13479,2,RZ_ZS(IROW_LOC)
L0265,CC_SCALARS::GET_RHOZZVECTOR_SCALAR_3D,dt_alloc_component,ccib.f90,13487,7,CC_CUTCELL_TYPE%UNKZ
L0265,CC_SCALARS::GET_RHOZZVECTOR_SCALAR_3D,dt_alloc_component,ccib.f90,13488,7,CC_CUTCELL_TYPE%RHO
L0265,CC_SCALARS::GET_RHOZZVECTOR_SCALAR_3D,dt_alloc_component,ccib.f90,13488,7,CC_CUTCELL_TYPE%ZZ
L0265,CC_SCALARS::GET_RHOZZVECTOR_SCALAR_3D,dt_alloc_component,ccib.f90,13488,7,CC_CUTCELL_TYPE%RHOS
L0265,CC_SCALARS::GET_RHOZZVECTOR_SCALAR_3D,write_derived_index,ccib.f90,13488,2,RZ_Z(IROW_LOC)
L0265,CC_SCALARS::GET_RHOZZVECTOR_SCALAR_3D,write_derived_index,ccib.f90,13489,2,RZ_ZS(IROW_LOC)
L0265,CC_SCALARS::GET_RHOZZVECTOR_SCALAR_3D,pointer_reassign,ccib.f90,13485,1,CC
L0266,CC_SCALARS::GET_RHOZZ_CC_3D,io,ccib.f90,13211,5,WRITE
L0266,CC_SCALARS::GET_RHOZZ_CC_3D,io,ccib.f90,13213,5,WRITE
L0266,CC_SCALARS::GET_RHOZZ_CC_3D,io,ccib.f90,13214,5,WRITE
L0266,CC_SCALARS::GET_RHOZZ_CC_3D,io,ccib.f90,13225,5,WRITE
L0266,CC_SCALARS::GET_RHOZZ_CC_3D,alloc_ptr_local,ccib.f90,13250,2,RHOP
L0266,CC_SCALARS::GET_RHOZZ_CC_3D,alloc_ptr_local,ccib.f90,13252,2,ZZP
L0266,CC_SCALARS::GET_RHOZZ_CC_3D,dt_alloc_component,ccib.f90,13206,26,CC_CUTCELL_TYPE%RHOS
L0266,CC_SCALARS::GET_RHOZZ_CC_3D,dt_alloc_component,ccib.f90,13206,26,CC_CUTCELL_TYPE%ZZS
L0266,CC_SCALARS::GET_RHOZZ_CC_3D,dt_alloc_component,ccib.f90,13210,26,CC_CUTCELL_TYPE%RHOS
L0266,CC_SCALARS::GET_RHOZZ_CC_3D,dt_alloc_component,ccib.f90,13210,26,CC_CUTCELL_TYPE%RHOS
L0266,CC_SCALARS::GET_RHOZZ_CC_3D,write_derived_index,ccib.f90,13250,2,"RHOP(I,J,K)"
L0266,CC_SCALARS::GET_RHOZZ_CC_3D,write_derived_index,ccib.f90,13252,2,"ZZP(I,J,K,N)"
L0266,CC_SCALARS::GET_RHOZZ_CC_3D,reduction_intrinsic,ccib.f90,13206,5,SUM
L0266,CC_SCALARS::GET_RHOZZ_CC_3D,reduction_intrinsic,ccib.f90,13232,5,MAXLOC
L0266,CC_SCALARS::GET_RHOZZ_CC_3D,reduction_intrinsic,ccib.f90,13249,5,SUM
L0266,CC_SCALARS::GET_RHOZZ_CC_3D,reduction_intrinsic,ccib.f90,13250,5,SUM
L0266,CC_SCALARS::GET_RHOZZ_CC_3D,pointer_reassign,ccib.f90,13202,1,CC
L0267,CC_SCALARS::GET_RHOZZ_CC_3D,io,ccib.f90,13272,4,WRITE
L0267,CC_SCALARS::GET_RHOZZ_CC_3D,io,ccib.f90,13274,4,WRITE
L0267,CC_SCALARS::GET_RHOZZ_CC_3D,io,ccib.f90,13285,4,WRITE
L0267,CC_SCALARS::GET_RHOZZ_CC_3D,io,ccib.f90,13286,4,WRITE
L0267,CC_SCALARS::GET_RHOZZ_CC_3D,alloc_ptr_local,ccib.f90,13309,2,RHOP
L0267,CC_SCALARS::GET_RHOZZ_CC_3D,alloc_ptr_local,ccib.f90,13311,2,ZZP
L0267,CC_SCALARS::GET_RHOZZ_CC_3D,dt_alloc_component,ccib.f90,13267,26,CC_CUTCELL_TYPE%RHO
L0267,CC_SCALARS::GET_RHOZZ_CC_3D,dt_alloc_component,ccib.f90,13267,26,CC_CUTCELL_TYPE%ZZ
L0267,CC_SCALARS::GET_RHOZZ_CC_3D,dt_alloc_component,ccib.f90,13271,26,CC_CUTCELL_TYPE%RHO
L0267,CC_SCALARS::GET_RHOZZ_CC_3D,dt_alloc_component,ccib.f90,13271,26,CC_CUTCELL_TYPE%RHO
L0267,CC_SCALARS::GET_RHOZZ_CC_3D,write_derived_index,ccib.f90,13309,2,"RHOP(I,J,K)"
L0267,CC_SCALARS::GET_RHOZZ_CC_3D,write_derived_index,ccib.f90,13311,2,"ZZP(I,J,K,N)"
L0267,CC_SCALARS::GET_RHOZZ_CC_3D,reduction_intrinsic,ccib.f90,13267,5,SUM
L0267,CC_SCALARS::GET_RHOZZ_CC_3D,reduction_intrinsic,ccib.f90,13292,5,MAXLOC
L0267,CC_SCALARS::GET_RHOZZ_CC_3D,reduction_intrinsic,ccib.f90,13308,5,SUM
L0267,CC_SCALARS::GET_RHOZZ_CC_3D,reduction_intrinsic,ccib.f90,13309,5,SUM
L0267,CC_SCALARS::GET_RHOZZ_CC_3D,pointer_reassign,ccib.f90,13263,1,CC
L0268,CC_SCALARS::GET_RHOZZ_CC_3D,io,ccib.f90,13332,4,WRITE
L0268,CC_SCALARS::GET_RHOZZ_CC_3D,io,ccib.f90,13333,4,WRITE
L0268,CC_SCALARS::GET_RHOZZ_CC_3D,io,ccib.f90,13344,4,WRITE
L0268,CC_SCALARS::GET_RHOZZ_CC_3D,io,ccib.f90,13345,4,WRITE
L0268,CC_SCALARS::GET_RHOZZ_CC_3D,alloc_ptr_local,ccib.f90,13327,19,RHOP
L0268,CC_SCALARS::GET_RHOZZ_CC_3D,alloc_ptr_local,ccib.f90,13327,19,ZZP
L0268,CC_SCALARS::GET_RHOZZ_CC_3D,alloc_ptr_local,ccib.f90,13331,19,RHOP
L0268,CC_SCALARS::GET_RHOZZ_CC_3D,alloc_ptr_local,ccib.f90,13331,19,RHOP
L0268,CC_SCALARS::GET_RHOZZ_CC_3D,dt_alloc_component,ccib.f90,13322,1,MESH_TYPE%CCVAR
L0268,CC_SCALARS::GET_RHOZZ_CC_3D,write_derived_index,ccib.f90,13355,1,"ZZP(I,J,K,NMX)"
L0268,CC_SCALARS::GET_RHOZZ_CC_3D,reduction_intrinsic,ccib.f90,13327,2,SUM
L0268,CC_SCALARS::GET_RHOZZ_CC_3D,reduction_intrinsic,ccib.f90,13351,2,MAXLOC
L0275,CC_SCALARS::GET_SHUNN3_QZ,reduction_accum,ccib.f90,6638,1,F_Z(IROW)
L0276,CC_SCALARS::GET_SHUNN3_QZ,dt_alloc_component,ccib.f90,6646,4,CC_CUTCELL_TYPE%UNKZ
L0276,CC_SCALARS::GET_SHUNN3_QZ,dt_alloc_component,ccib.f90,6648,4,CC_CUTCELL_TYPE%XYZCEN
L0276,CC_SCALARS::GET_SHUNN3_QZ,dt_alloc_component,ccib.f90,6649,4,CC_CUTCELL_TYPE%XYZCEN
L0276,CC_SCALARS::GET_SHUNN3_QZ,dt_alloc_component,ccib.f90,6651,4,CC_CUTCELL_TYPE%VOLUME
L0276,CC_SCALARS::GET_SHUNN3_QZ,reduction_accum,ccib.f90,6651,1,F_Z(IROW)
L0278,CC_SCALARS::GET_VELOC_DIVERGENCE_CUTCELL,dt_alloc_component,ccib.f90,16541,17,CC_CUTCELL_TYPE%CCELEM
L0278,CC_SCALARS::GET_VELOC_DIVERGENCE_CUTCELL,dt_alloc_component,ccib.f90,16542,17,CC_CUTCELL_TYPE%CCELEM
L0278,CC_SCALARS::GET_VELOC_DIVERGENCE_CUTCELL,dt_alloc_component,ccib.f90,16545,17,CC_CUTCELL_TYPE%FACE_LIST
L0278,CC_SCALARS::GET_VELOC_DIVERGENCE_CUTCELL,dt_alloc_component,ccib.f90,16547,17,CC_CUTCELL_TYPE%FACE_LIST
L0278,CC_SCALARS::GET_VELOC_DIVERGENCE_CUTCELL,reduction_accum,ccib.f90,16579,1,DIV_JCC = DIV_JCC ...
L0281,CC_SCALARS::MESH_CC_EXCHANGE,alloc_ptr_local,ccib.f90,4183,16,M3
L0281,CC_SCALARS::MESH_CC_EXCHANGE,alloc_ptr_local,ccib.f90,4184,16,M3
L0281,CC_SCALARS::MESH_CC_EXCHANGE,alloc_ptr_local,ccib.f90,4185,16,M
L0281,CC_SCALARS::MESH_CC_EXCHANGE,alloc_ptr_local,ccib.f90,4186,16,M
L0281,CC_SCALARS::MESH_CC_EXCHANGE,dt_alloc_component,ccib.f90,4184,20,OMESH_TYPE%ICC_UNKZ_CC_S
L0281,CC_SCALARS::MESH_CC_EXCHANGE,dt_alloc_component,ccib.f90,4185,20,MESH_TYPE%CUT_CELL
L0281,CC_SCALARS::MESH_CC_EXCHANGE,dt_alloc_component,ccib.f90,4186,20,MESH_TYPE%CUT_CELL
L0281,CC_SCALARS::MESH_CC_EXCHANGE,dt_alloc_component,ccib.f90,4187,20,MESH_TYPE%CUT_CELL
L0281,CC_SCALARS::MESH_CC_EXCHANGE,write_derived_index,ccib.f90,4191,5,M3%REAL_SEND_PKG11(NQT2*(LL-1)+1)
L0281,CC_SCALARS::MESH_CC_EXCHANGE,write_derived_index,ccib.f90,4192,5,M3%REAL_SEND_PKG11(NQT2*(LL-1)+2)
L0281,CC_SCALARS::MESH_CC_EXCHANGE,write_derived_index,ccib.f90,4193,5,M3%REAL_SEND_PKG11(NQT2*(LL-1)+3)
L0281,CC_SCALARS::MESH_CC_EXCHANGE,write_derived_index,ccib.f90,4194,5,M3%REAL_SEND_PKG11(NQT2*(LL-1)+4)
L0281,CC_SCALARS::MESH_CC_EXCHANGE,reduction_accum,ccib.f90,4190,1,LL = LL ...
L0282,CC_SCALARS::MESH_CC_EXCHANGE,alloc_ptr_local,ccib.f90,4208,27,M3
L0282,CC_SCALARS::MESH_CC_EXCHANGE,alloc_ptr_local,ccib.f90,4209,27,M3
L0282,CC_SCALARS::MESH_CC_EXCHANGE,alloc_ptr_local,ccib.f90,4210,27,M3
L0282,CC_SCALARS::MESH_CC_EXCHANGE,alloc_ptr_local,ccib.f90,4211,27,M3
L0282,CC_SCALARS::MESH_CC_EXCHANGE,dt_alloc_component,ccib.f90,4209,26,OMESH_TYPE%IIO_CC_S
L0282,CC_SCALARS::MESH_CC_EXCHANGE,dt_alloc_component,ccib.f90,4210,26,OMESH_TYPE%JJO_CC_S
L0282,CC_SCALARS::MESH_CC_EXCHANGE,dt_alloc_component,ccib.f90,4211,26,OMESH_TYPE%KKO_CC_S
L0282,CC_SCALARS::MESH_CC_EXCHANGE,dt_alloc_component,ccib.f90,4213,26,OMESH_TYPE%REAL_SEND_PKG13
L0282,CC_SCALARS::MESH_CC_EXCHANGE,write_derived_index,ccib.f90,4213,10,M3%REAL_SEND_PKG13(NQT2*(LL-1)+1)
L0282,CC_SCALARS::MESH_CC_EXCHANGE,write_derived_index,ccib.f90,4214,10,M3%REAL_SEND_PKG13(NQT2*(LL-1)+2)
L0282,CC_SCALARS::MESH_CC_EXCHANGE,write_derived_index,ccib.f90,4215,10,M3%REAL_SEND_PKG13(NQT2*(LL-1)+3)
L0282,CC_SCALARS::MESH_CC_EXCHANGE,write_derived_index,ccib.f90,4216,10,M3%REAL_SEND_PKG13(NQT2*(LL-1)+4)
L0282,CC_SCALARS::MESH_CC_EXCHANGE,reduction_accum,ccib.f90,4212,1,LL = LL ...
L0283,CC_SCALARS::MESH_CC_EXCHANGE,alloc_ptr_local,ccib.f90,4228,25,M2
L0283,CC_SCALARS::MESH_CC_EXCHANGE,alloc_ptr_local,ccib.f90,4229,25,M2
L0283,CC_SCALARS::MESH_CC_EXCHANGE,alloc_ptr_local,ccib.f90,4230,25,M2
L0283,CC_SCALARS::MESH_CC_EXCHANGE,alloc_ptr_local,ccib.f90,4231,25,M1
L0283,CC_SCALARS::MESH_CC_EXCHANGE,dt_alloc_component,ccib.f90,4229,33,OMESH_TYPE%IFEP_R_2
L0283,CC_SCALARS::MESH_CC_EXCHANGE,dt_alloc_component,ccib.f90,4230,33,OMESH_TYPE%IFEP_R_2
L0283,CC_SCALARS::MESH_CC_EXCHANGE,dt_alloc_component,ccib.f90,4231,33,MESH_TYPE%CUT_FACE
L0283,CC_SCALARS::MESH_CC_EXCHANGE,dt_alloc_component,ccib.f90,4231,33,CC_CUTFACE_TYPE%INT_NOMIND
L0283,CC_SCALARS::MESH_CC_EXCHANGE,write_derived_index,ccib.f90,4235,8,"M1%CUT_FACE(ICF)%INT_CVARS(INT_H_IND,INPE)"
L0283,CC_SCALARS::MESH_CC_EXCHANGE,write_derived_index,ccib.f90,4236,8,"M1%CUT_FACE(ICF)%INT_CVARS(INT_RHO_IND,INPE)"
L0283,CC_SCALARS::MESH_CC_EXCHANGE,write_derived_index,ccib.f90,4237,8,"M1%CUT_FACE(ICF)%INT_CVARS(INT_TMP_IND,INPE)"
L0283,CC_SCALARS::MESH_CC_EXCHANGE,write_derived_index,ccib.f90,4238,8,"M1%CUT_FACE(ICF)%INT_CVARS(INT_RSUM_IND,INPE)"
L0284,CC_SCALARS::MESH_CC_EXCHANGE,alloc_ptr_local,ccib.f90,4254,8,M3
L0284,CC_SCALARS::MESH_CC_EXCHANGE,alloc_ptr_local,ccib.f90,4255,8,M3
L0284,CC_SCALARS::MESH_CC_EXCHANGE,alloc_ptr_local,ccib.f90,4255,8,M
L0284,CC_SCALARS::MESH_CC_EXCHANGE,alloc_ptr_local,ccib.f90,4258,8,M3
L0284,CC_SCALARS::MESH_CC_EXCHANGE,dt_alloc_component,ccib.f90,4255,14,OMESH_TYPE%ICF_UFFB_CF_S
L0284,CC_SCALARS::MESH_CC_EXCHANGE,dt_alloc_component,ccib.f90,4255,14,MESH_TYPE%CUT_FACE
L0284,CC_SCALARS::MESH_CC_EXCHANGE,dt_alloc_component,ccib.f90,4258,14,OMESH_TYPE%REAL_SEND_PKG112
L0284,CC_SCALARS::MESH_CC_EXCHANGE,dt_alloc_component,ccib.f90,4258,14,CC_CUTFACE_TYPE%FN
L0284,CC_SCALARS::MESH_CC_EXCHANGE,write_derived_index,ccib.f90,4258,3,M3%REAL_SEND_PKG112(NQT2*(LL-1)+1)
L0284,CC_SCALARS::MESH_CC_EXCHANGE,write_derived_index,ccib.f90,4260,3,M3%REAL_SEND_PKG112(NQT2*(LL-1)+2)
L0284,CC_SCALARS::MESH_CC_EXCHANGE,write_derived_index,ccib.f90,4262,3,M3%REAL_SEND_PKG112(NQT2*(LL-1)+3)
L0284,CC_SCALARS::MESH_CC_EXCHANGE,reduction_accum,ccib.f90,4257,1,LL = LL ...
L0284,CC_SCALARS::MESH_CC_EXCHANGE,pointer_reassign,ccib.f90,4255,1,CF
L0285,CC_SCALARS::MESH_CC_EXCHANGE,alloc_ptr_local,ccib.f90,4266,3,M3
L0285,CC_SCALARS::MESH_CC_EXCHANGE,alloc_ptr_local,ccib.f90,4267,3,M3
L0285,CC_SCALARS::MESH_CC_EXCHANGE,alloc_ptr_local,ccib.f90,4267,3,M
L0285,CC_SCALARS::MESH_CC_EXCHANGE,dt_alloc_component,ccib.f90,4267,4,OMESH_TYPE%ICF_UFFB_CF_S
L0285,CC_SCALARS::MESH_CC_EXCHANGE,dt_alloc_component,ccib.f90,4267,4,MESH_TYPE%CUT_FACE
L0285,CC_SCALARS::MESH_CC_EXCHANGE,dt_alloc_component,ccib.f90,4269,4,CC_CUTFACE_TYPE%FN_OMESH
L0285,CC_SCALARS::MESH_CC_EXCHANGE,dt_alloc_component,ccib.f90,4269,4,CC_CUTFACE_TYPE%FN
L0285,CC_SCALARS::MESH_CC_EXCHANGE,pointer_reassign,ccib.f90,4267,1,CF
L0286,CC_SCALARS::MESH_CC_EXCHANGE,alloc_ptr_local,ccib.f90,4282,9,M3
L0286,CC_SCALARS::MESH_CC_EXCHANGE,alloc_ptr_local,ccib.f90,4283,9,M3
L0286,CC_SCALARS::MESH_CC_EXCHANGE,alloc_ptr_local,ccib.f90,4283,9,M
L0286,CC_SCALARS::MESH_CC_EXCHANGE,alloc_ptr_local,ccib.f90,4286,9,M3
L0286,CC_SCALARS::MESH_CC_EXCHANGE,dt_alloc_component,ccib.f90,4283,16,OMESH_TYPE%ICF_UFFB_CF_S
L0286,CC_SCALARS::MESH_CC_EXCHANGE,dt_alloc_component,ccib.f90,4283,16,MESH_TYPE%CUT_FACE
L0286,CC_SCALARS::MESH_CC_EXCHANGE,dt_alloc_component,ccib.f90,4286,16,OMESH_TYPE%REAL_SEND_PKG112
L0286,CC_SCALARS::MESH_CC_EXCHANGE,dt_alloc_component,ccib.f90,4286,16,CC_CUTFACE_TYPE%VELS
L0286,CC_SCALARS::MESH_CC_EXCHANGE,write_derived_index,ccib.f90,4286,4,M3%REAL_SEND_PKG112(NQT2*(LL-1)+1)
L0286,CC_SCALARS::MESH_CC_EXCHANGE,write_derived_index,ccib.f90,4287,4,M3%REAL_SEND_PKG112(NQT2*(LL-1)+2)
L0286,CC_SCALARS::MESH_CC_EXCHANGE,write_derived_index,ccib.f90,4289,4,M3%REAL_SEND_PKG112(NQT2*(LL-1)+3)
L0286,CC_SCALARS::MESH_CC_EXCHANGE,write_derived_index,ccib.f90,4291,4,M3%REAL_SEND_PKG112(NQT2*(LL-1)+4)
L0286,CC_SCALARS::MESH_CC_EXCHANGE,reduction_accum,ccib.f90,4285,1,LL = LL ...
L0286,CC_SCALARS::MESH_CC_EXCHANGE,pointer_reassign,ccib.f90,4283,1,CF
L0287,CC_SCALARS::MESH_CC_EXCHANGE,alloc_ptr_local,ccib.f90,4295,3,M3
L0287,CC_SCALARS::MESH_CC_EXCHANGE,alloc_ptr_local,ccib.f90,4296,3,M3
L0287,CC_SCALARS::MESH_CC_EXCHANGE,alloc_ptr_local,ccib.f90,4296,3,M
L0287,CC_SCALARS::MESH_CC_EXCHANGE,dt_alloc_component,ccib.f90,4296,6,OMESH_TYPE%ICF_UFFB_CF_S
L0287,CC_SCALARS::MESH_CC_EXCHANGE,dt_alloc_component,ccib.f90,4296,6,MESH_TYPE%CUT_FACE
L0287,CC_SCALARS::MESH_CC_EXCHANGE,dt_alloc_component,ccib.f90,4298,6,CC_CUTFACE_TYPE%VELS_OMESH
L0287,CC_SCALARS::MESH_CC_EXCHANGE,dt_alloc_component,ccib.f90,4298,6,CC_CUTFACE_TYPE%VELS
L0287,CC_SCALARS::MESH_CC_EXCHANGE,pointer_reassign,ccib.f90,4296,1,CF
L0288,CC_SCALARS::MESH_CC_EXCHANGE,alloc_ptr_local,ccib.f90,4309,11,M3
L0288,CC_SCALARS::MESH_CC_EXCHANGE,alloc_ptr_local,ccib.f90,4310,11,M3
L0288,CC_SCALARS::MESH_CC_EXCHANGE,alloc_ptr_local,ccib.f90,4311,11,M3
L0288,CC_SCALARS::MESH_CC_EXCHANGE,alloc_ptr_local,ccib.f90,4312,11,M3
L0288,CC_SCALARS::MESH_CC_EXCHANGE,dt_alloc_component,ccib.f90,4310,10,OMESH_TYPE%IIO_FC_S
L0288,CC_SCALARS::MESH_CC_EXCHANGE,dt_alloc_component,ccib.f90,4311,10,OMESH_TYPE%JJO_FC_S
L0288,CC_SCALARS::MESH_CC_EXCHANGE,dt_alloc_component,ccib.f90,4312,10,OMESH_TYPE%KKO_FC_S
L0288,CC_SCALARS::MESH_CC_EXCHANGE,dt_alloc_component,ccib.f90,4313,10,OMESH_TYPE%AXS_FC_S
L0288,CC_SCALARS::MESH_CC_EXCHANGE,write_derived_index,ccib.f90,4317,3,M3%REAL_SEND_PKG12(NQT2*(LL-1)+1)
L0288,CC_SCALARS::MESH_CC_EXCHANGE,write_derived_index,ccib.f90,4319,3,M3%REAL_SEND_PKG12(NQT2*(LL-1)+1)
L0288,CC_SCALARS::MESH_CC_EXCHANGE,write_derived_index,ccib.f90,4321,3,M3%REAL_SEND_PKG12(NQT2*(LL-1)+1)
L0288,CC_SCALARS::MESH_CC_EXCHANGE,reduction_accum,ccib.f90,4314,1,LL = LL ...
L0289,CC_SCALARS::MESH_CC_EXCHANGE,alloc_ptr_local,ccib.f90,4326,14,M2
L0289,CC_SCALARS::MESH_CC_EXCHANGE,alloc_ptr_local,ccib.f90,4327,14,M2
L0289,CC_SCALARS::MESH_CC_EXCHANGE,alloc_ptr_local,ccib.f90,4328,14,M2
L0289,CC_SCALARS::MESH_CC_EXCHANGE,alloc_ptr_local,ccib.f90,4329,14,M1
L0289,CC_SCALARS::MESH_CC_EXCHANGE,dt_alloc_component,ccib.f90,4327,17,OMESH_TYPE%IFEP_R_1
L0289,CC_SCALARS::MESH_CC_EXCHANGE,dt_alloc_component,ccib.f90,4328,17,OMESH_TYPE%IFEP_R_1
L0289,CC_SCALARS::MESH_CC_EXCHANGE,dt_alloc_component,ccib.f90,4329,17,MESH_TYPE%CUT_FACE
L0289,CC_SCALARS::MESH_CC_EXCHANGE,dt_alloc_component,ccib.f90,4329,17,CC_CUTFACE_TYPE%INT_NOMIND
L0289,CC_SCALARS::MESH_CC_EXCHANGE,write_derived_index,ccib.f90,4336,3,"M1%CUT_FACE(ICF)%INT_FVARS(INT_VELS_IND,INPE)"
L0289,CC_SCALARS::MESH_CC_EXCHANGE,write_derived_index,ccib.f90,4338,3,"M1%CUT_FACE(ICF)%INT_FVARS(INT_VELS_IND,INPE)"
L0289,CC_SCALARS::MESH_CC_EXCHANGE,write_derived_index,ccib.f90,4340,3,"M1%CUT_FACE(ICF)%INT_FVARS(INT_VELS_IND,INPE)"
L0290,CC_SCALARS::MESH_CC_EXCHANGE,alloc_ptr_local,ccib.f90,4344,14,M2
L0290,CC_SCALARS::MESH_CC_EXCHANGE,alloc_ptr_local,ccib.f90,4345,14,M2
L0290,CC_SCALARS::MESH_CC_EXCHANGE,alloc_ptr_local,ccib.f90,4346,14,M2
L0290,CC_SCALARS::MESH_CC_EXCHANGE,alloc_ptr_local,ccib.f90,4347,14,M1
L0290,CC_SCALARS::MESH_CC_EXCHANGE,dt_alloc_component,ccib.f90,4345,17,OMESH_TYPE%IFEP_R_3
L0290,CC_SCALARS::MESH_CC_EXCHANGE,dt_alloc_component,ccib.f90,4346,17,OMESH_TYPE%IFEP_R_3
L0290,CC_SCALARS::MESH_CC_EXCHANGE,dt_alloc_component,ccib.f90,4347,17,MESH_TYPE%CC_RCEDGE
L0290,CC_SCALARS::MESH_CC_EXCHANGE,dt_alloc_component,ccib.f90,4347,17,CC_EDGE_TYPE%INT_NOMIND
L0290,CC_SCALARS::MESH_CC_EXCHANGE,write_derived_index,ccib.f90,4354,3,"M1%CC_RCEDGE(IEDGE)%INT_FVARS(INT_VEL_IND,INPE)"
L0290,CC_SCALARS::MESH_CC_EXCHANGE,write_derived_index,ccib.f90,4356,3,"M1%CC_RCEDGE(IEDGE)%INT_FVARS(INT_VEL_IND,INPE)"
L0290,CC_SCALARS::MESH_CC_EXCHANGE,write_derived_index,ccib.f90,4358,3,"M1%CC_RCEDGE(IEDGE)%INT_FVARS(INT_VEL_IND,INPE)"
L0291,CC_SCALARS::MESH_CC_EXCHANGE,alloc_ptr_local,ccib.f90,4361,14,M2
L0291,CC_SCALARS::MESH_CC_EXCHANGE,alloc_ptr_local,ccib.f90,4362,14,M2
L0291,CC_SCALARS::MESH_CC_EXCHANGE,alloc_ptr_local,ccib.f90,4363,14,M2
L0291,CC_SCALARS::MESH_CC_EXCHANGE,alloc_ptr_local,ccib.f90,4364,14,M1
L0291,CC_SCALARS::MESH_CC_EXCHANGE,dt_alloc_component,ccib.f90,4362,17,OMESH_TYPE%IFEP_R_4
L0291,CC_SCALARS::MESH_CC_EXCHANGE,dt_alloc_component,ccib.f90,4363,17,OMESH_TYPE%IFEP_R_4
L0291,CC_SCALARS::MESH_CC_EXCHANGE,dt_alloc_component,ccib.f90,4364,17,MESH_TYPE%CC_IBEDGE
L0291,CC_SCALARS::MESH_CC_EXCHANGE,dt_alloc_component,ccib.f90,4364,17,CC_EDGE_TYPE%INT_NOMIND
L0291,CC_SCALARS::MESH_CC_EXCHANGE,write_derived_index,ccib.f90,4371,3,"M1%CC_IBEDGE(IEDGE)%INT_FVARS(INT_VEL_IND,INPE)"
L0291,CC_SCALARS::MESH_CC_EXCHANGE,write_derived_index,ccib.f90,4373,3,"M1%CC_IBEDGE(IEDGE)%INT_FVARS(INT_VEL_IND,INPE)"
L0291,CC_SCALARS::MESH_CC_EXCHANGE,write_derived_index,ccib.f90,4375,3,"M1%CC_IBEDGE(IEDGE)%INT_FVARS(INT_VEL_IND,INPE)"
L0292,CC_SCALARS::MESH_CC_EXCHANGE,alloc_ptr_local,ccib.f90,4387,16,M3
L0292,CC_SCALARS::MESH_CC_EXCHANGE,alloc_ptr_local,ccib.f90,4388,16,M3
L0292,CC_SCALARS::MESH_CC_EXCHANGE,alloc_ptr_local,ccib.f90,4389,16,M
L0292,CC_SCALARS::MESH_CC_EXCHANGE,alloc_ptr_local,ccib.f90,4390,16,M
L0292,CC_SCALARS::MESH_CC_EXCHANGE,dt_alloc_component,ccib.f90,4388,20,OMESH_TYPE%ICC_UNKZ_CC_S
L0292,CC_SCALARS::MESH_CC_EXCHANGE,dt_alloc_component,ccib.f90,4389,20,MESH_TYPE%CUT_CELL
L0292,CC_SCALARS::MESH_CC_EXCHANGE,dt_alloc_component,ccib.f90,4390,20,MESH_TYPE%CUT_CELL
L0292,CC_SCALARS::MESH_CC_EXCHANGE,dt_alloc_component,ccib.f90,4391,20,MESH_TYPE%CUT_CELL
L0292,CC_SCALARS::MESH_CC_EXCHANGE,write_derived_index,ccib.f90,4395,5,M3%REAL_SEND_PKG11(NQT2*(LL-1)+1)
L0292,CC_SCALARS::MESH_CC_EXCHANGE,write_derived_index,ccib.f90,4396,5,M3%REAL_SEND_PKG11(NQT2*(LL-1)+2)
L0292,CC_SCALARS::MESH_CC_EXCHANGE,write_derived_index,ccib.f90,4397,5,M3%REAL_SEND_PKG11(NQT2*(LL-1)+3)
L0292,CC_SCALARS::MESH_CC_EXCHANGE,write_derived_index,ccib.f90,4398,5,M3%REAL_SEND_PKG11(NQT2*(LL-1)+4)
L0292,CC_SCALARS::MESH_CC_EXCHANGE,reduction_accum,ccib.f90,4394,1,LL = LL ...
L0293,CC_SCALARS::MESH_CC_EXCHANGE,alloc_ptr_local,ccib.f90,4412,27,M3
L0293,CC_SCALARS::MESH_CC_EXCHANGE,alloc_ptr_local,ccib.f90,4413,27,M3
L0293,CC_SCALARS::MESH_CC_EXCHANGE,alloc_ptr_local,ccib.f90,4414,27,M3
L0293,CC_SCALARS::MESH_CC_EXCHANGE,alloc_ptr_local,ccib.f90,4415,27,M3
L0293,CC_SCALARS::MESH_CC_EXCHANGE,dt_alloc_component,ccib.f90,4413,26,OMESH_TYPE%IIO_CC_S
L0293,CC_SCALARS::MESH_CC_EXCHANGE,dt_alloc_component,ccib.f90,4414,26,OMESH_TYPE%JJO_CC_S
L0293,CC_SCALARS::MESH_CC_EXCHANGE,dt_alloc_component,ccib.f90,4415,26,OMESH_TYPE%KKO_CC_S
L0293,CC_SCALARS::MESH_CC_EXCHANGE,dt_alloc_component,ccib.f90,4417,26,OMESH_TYPE%REAL_SEND_PKG13
L0293,CC_SCALARS::MESH_CC_EXCHANGE,write_derived_index,ccib.f90,4417,10,M3%REAL_SEND_PKG13(NQT2*(LL-1)+1)
L0293,CC_SCALARS::MESH_CC_EXCHANGE,write_derived_index,ccib.f90,4418,10,M3%REAL_SEND_PKG13(NQT2*(LL-1)+2)
L0293,CC_SCALARS::MESH_CC_EXCHANGE,write_derived_index,ccib.f90,4419,10,M3%REAL_SEND_PKG13(NQT2*(LL-1)+3)
L0293,CC_SCALARS::MESH_CC_EXCHANGE,write_derived_index,ccib.f90,4420,10,M3%REAL_SEND_PKG13(NQT2*(LL-1)+4)
L0293,CC_SCALARS::MESH_CC_EXCHANGE,reduction_accum,ccib.f90,4416,1,LL = LL ...
L0294,CC_SCALARS::MESH_CC_EXCHANGE,alloc_ptr_local,ccib.f90,4432,25,M2
L0294,CC_SCALARS::MESH_CC_EXCHANGE,alloc_ptr_local,ccib.f90,4433,25,M2
L0294,CC_SCALARS::MESH_CC_EXCHANGE,alloc_ptr_local,ccib.f90,4434,25,M2
L0294,CC_SCALARS::MESH_CC_EXCHANGE,alloc_ptr_local,ccib.f90,4435,25,M1
L0294,CC_SCALARS::MESH_CC_EXCHANGE,dt_alloc_component,ccib.f90,4433,33,OMESH_TYPE%IFEP_R_2
L0294,CC_SCALARS::MESH_CC_EXCHANGE,dt_alloc_component,ccib.f90,4434,33,OMESH_TYPE%IFEP_R_2
L0294,CC_SCALARS::MESH_CC_EXCHANGE,dt_alloc_component,ccib.f90,4435,33,MESH_TYPE%CUT_FACE
L0294,CC_SCALARS::MESH_CC_EXCHANGE,dt_alloc_component,ccib.f90,4435,33,CC_CUTFACE_TYPE%INT_NOMIND
L0294,CC_SCALARS::MESH_CC_EXCHANGE,write_derived_index,ccib.f90,4439,8,"M1%CUT_FACE(ICF)%INT_CVARS(INT_H_IND,INPE)"
L0294,CC_SCALARS::MESH_CC_EXCHANGE,write_derived_index,ccib.f90,4440,8,"M1%CUT_FACE(ICF)%INT_CVARS(INT_RHO_IND,INPE)"
L0294,CC_SCALARS::MESH_CC_EXCHANGE,write_derived_index,ccib.f90,4441,8,"M1%CUT_FACE(ICF)%INT_CVARS(INT_TMP_IND,INPE)"
L0294,CC_SCALARS::MESH_CC_EXCHANGE,write_derived_index,ccib.f90,4442,8,"M1%CUT_FACE(ICF)%INT_CVARS(INT_RSUM_IND,INPE)"
L0295,CC_SCALARS::MESH_CC_EXCHANGE,alloc_ptr_local,ccib.f90,4459,8,M3
L0295,CC_SCALARS::MESH_CC_EXCHANGE,alloc_ptr_local,ccib.f90,4460,8,M3
L0295,CC_SCALARS::MESH_CC_EXCHANGE,alloc_ptr_local,ccib.f90,4460,8,M
L0295,CC_SCALARS::MESH_CC_EXCHANGE,alloc_ptr_local,ccib.f90,4463,8,M3
L0295,CC_SCALARS::MESH_CC_EXCHANGE,dt_alloc_component,ccib.f90,4460,14,OMESH_TYPE%ICF_UFFB_CF_S
L0295,CC_SCALARS::MESH_CC_EXCHANGE,dt_alloc_component,ccib.f90,4460,14,MESH_TYPE%CUT_FACE
L0295,CC_SCALARS::MESH_CC_EXCHANGE,dt_alloc_component,ccib.f90,4463,14,OMESH_TYPE%REAL_SEND_PKG112
L0295,CC_SCALARS::MESH_CC_EXCHANGE,dt_alloc_component,ccib.f90,4463,14,CC_CUTFACE_TYPE%FN
L0295,CC_SCALARS::MESH_CC_EXCHANGE,write_derived_index,ccib.f90,4463,3,M3%REAL_SEND_PKG112(NQT2*(LL-1)+1)
L0295,CC_SCALARS::MESH_CC_EXCHANGE,write_derived_index,ccib.f90,4465,3,M3%REAL_SEND_PKG112(NQT2*(LL-1)+2)
L0295,CC_SCALARS::MESH_CC_EXCHANGE,write_derived_index,ccib.f90,4467,3,M3%REAL_SEND_PKG112(NQT2*(LL-1)+3)
L0295,CC_SCALARS::MESH_CC_EXCHANGE,reduction_accum,ccib.f90,4462,1,LL = LL ...
L0295,CC_SCALARS::MESH_CC_EXCHANGE,pointer_reassign,ccib.f90,4460,1,CF
L0296,CC_SCALARS::MESH_CC_EXCHANGE,alloc_ptr_local,ccib.f90,4471,3,M3
L0296,CC_SCALARS::MESH_CC_EXCHANGE,alloc_ptr_local,ccib.f90,4472,3,M3
L0296,CC_SCALARS::MESH_CC_EXCHANGE,alloc_ptr_local,ccib.f90,4472,3,M
L0296,CC_SCALARS::MESH_CC_EXCHANGE,dt_alloc_component,ccib.f90,4472,4,OMESH_TYPE%ICF_UFFB_CF_S
L0296,CC_SCALARS::MESH_CC_EXCHANGE,dt_alloc_component,ccib.f90,4472,4,MESH_TYPE%CUT_FACE
L0296,CC_SCALARS::MESH_CC_EXCHANGE,dt_alloc_component,ccib.f90,4474,4,CC_CUTFACE_TYPE%FN_OMESH
L0296,CC_SCALARS::MESH_CC_EXCHANGE,dt_alloc_component,ccib.f90,4474,4,CC_CUTFACE_TYPE%FN
L0296,CC_SCALARS::MESH_CC_EXCHANGE,pointer_reassign,ccib.f90,4472,1,CF
L0297,CC_SCALARS::MESH_CC_EXCHANGE,alloc_ptr_local,ccib.f90,4487,9,M3
L0297,CC_SCALARS::MESH_CC_EXCHANGE,alloc_ptr_local,ccib.f90,4488,9,M3
L0297,CC_SCALARS::MESH_CC_EXCHANGE,alloc_ptr_local,ccib.f90,4488,9,M
L0297,CC_SCALARS::MESH_CC_EXCHANGE,alloc_ptr_local,ccib.f90,4491,9,M3
L0297,CC_SCALARS::MESH_CC_EXCHANGE,dt_alloc_component,ccib.f90,4488,16,OMESH_TYPE%ICF_UFFB_CF_S
L0297,CC_SCALARS::MESH_CC_EXCHANGE,dt_alloc_component,ccib.f90,4488,16,MESH_TYPE%CUT_FACE
L0297,CC_SCALARS::MESH_CC_EXCHANGE,dt_alloc_component,ccib.f90,4491,16,OMESH_TYPE%REAL_SEND_PKG112
L0297,CC_SCALARS::MESH_CC_EXCHANGE,dt_alloc_component,ccib.f90,4491,16,CC_CUTFACE_TYPE%VEL
L0297,CC_SCALARS::MESH_CC_EXCHANGE,write_derived_index,ccib.f90,4491,4,M3%REAL_SEND_PKG112(NQT2*(LL-1)+1)
L0297,CC_SCALARS::MESH_CC_EXCHANGE,write_derived_index,ccib.f90,4492,4,M3%REAL_SEND_PKG112(NQT2*(LL-1)+2)
L0297,CC_SCALARS::MESH_CC_EXCHANGE,write_derived_index,ccib.f90,4494,4,M3%REAL_SEND_PKG112(NQT2*(LL-1)+3)
L0297,CC_SCALARS::MESH_CC_EXCHANGE,write_derived_index,ccib.f90,4496,4,M3%REAL_SEND_PKG112(NQT2*(LL-1)+4)
L0297,CC_SCALARS::MESH_CC_EXCHANGE,reduction_accum,ccib.f90,4490,1,LL = LL ...
L0297,CC_SCALARS::MESH_CC_EXCHANGE,pointer_reassign,ccib.f90,4488,1,CF
L0298,CC_SCALARS::MESH_CC_EXCHANGE,alloc_ptr_local,ccib.f90,4500,3,M3
L0298,CC_SCALARS::MESH_CC_EXCHANGE,alloc_ptr_local,ccib.f90,4501,3,M3
L0298,CC_SCALARS::MESH_CC_EXCHANGE,alloc_ptr_local,ccib.f90,4501,3,M
L0298,CC_SCALARS::MESH_CC_EXCHANGE,dt_alloc_component,ccib.f90,4501,6,OMESH_TYPE%ICF_UFFB_CF_S
L0298,CC_SCALARS::MESH_CC_EXCHANGE,dt_alloc_component,ccib.f90,4501,6,MESH_TYPE%CUT_FACE
L0298,CC_SCALARS::MESH_CC_EXCHANGE,dt_alloc_component,ccib.f90,4503,6,CC_CUTFACE_TYPE%VEL_OMESH
L0298,CC_SCALARS::MESH_CC_EXCHANGE,dt_alloc_component,ccib.f90,4503,6,CC_CUTFACE_TYPE%VEL
L0298,CC_SCALARS::MESH_CC_EXCHANGE,pointer_reassign,ccib.f90,4501,1,CF
L0299,CC_SCALARS::MESH_CC_EXCHANGE,alloc_ptr_local,ccib.f90,4518,42,M3
L0299,CC_SCALARS::MESH_CC_EXCHANGE,alloc_ptr_local,ccib.f90,4518,42,M3
L0299,CC_SCALARS::MESH_CC_EXCHANGE,alloc_ptr_local,ccib.f90,4519,42,M3
L0299,CC_SCALARS::MESH_CC_EXCHANGE,alloc_ptr_local,ccib.f90,4519,42,M3
L0299,CC_SCALARS::MESH_CC_EXCHANGE,dt_alloc_component,ccib.f90,4522,33,OMESH_TYPE%REAL_SEND_PKG112
L0299,CC_SCALARS::MESH_CC_EXCHANGE,dt_alloc_component,ccib.f90,4523,33,MESH_TYPE%FCVAR
L0299,CC_SCALARS::MESH_CC_EXCHANGE,dt_alloc_component,ccib.f90,4524,33,OMESH_TYPE%REAL_SEND_PKG112
L0299,CC_SCALARS::MESH_CC_EXCHANGE,dt_alloc_component,ccib.f90,4524,33,MESH_TYPE%UN_LNK
L0299,CC_SCALARS::MESH_CC_EXCHANGE,write_derived_index,ccib.f90,4522,9,M3%REAL_SEND_PKG112(LL+1)
L0299,CC_SCALARS::MESH_CC_EXCHANGE,write_derived_index,ccib.f90,4524,9,M3%REAL_SEND_PKG112(LL+1)
L0299,CC_SCALARS::MESH_CC_EXCHANGE,write_derived_index,ccib.f90,4526,9,M3%REAL_SEND_PKG112(LL+1)
L0299,CC_SCALARS::MESH_CC_EXCHANGE,write_derived_index,ccib.f90,4530,9,M3%REAL_SEND_PKG112(LL+2)
L0299,CC_SCALARS::MESH_CC_EXCHANGE,reduction_accum,ccib.f90,4545,1,LL = LL ...
L0300,CC_SCALARS::MESH_CC_EXCHANGE,alloc_ptr_local,ccib.f90,4552,42,M3
L0300,CC_SCALARS::MESH_CC_EXCHANGE,alloc_ptr_local,ccib.f90,4552,42,M3
L0300,CC_SCALARS::MESH_CC_EXCHANGE,alloc_ptr_local,ccib.f90,4553,42,M3
L0300,CC_SCALARS::MESH_CC_EXCHANGE,alloc_ptr_local,ccib.f90,4553,42,M3
L0300,CC_SCALARS::MESH_CC_EXCHANGE,dt_alloc_component,ccib.f90,4557,24,MESH_TYPE%FCVAR
L0300,CC_SCALARS::MESH_CC_EXCHANGE,dt_alloc_component,ccib.f90,4558,24,MESH_TYPE%UN_LNK
L0300,CC_SCALARS::MESH_CC_EXCHANGE,dt_alloc_component,ccib.f90,4558,24,MESH_TYPE%FCVAR
L0300,CC_SCALARS::MESH_CC_EXCHANGE,dt_alloc_component,ccib.f90,4559,24,MESH_TYPE%FCVAR
L0301,CC_SCALARS::MESH_CC_EXCHANGE,alloc_ptr_local,ccib.f90,4588,11,M3
L0301,CC_SCALARS::MESH_CC_EXCHANGE,alloc_ptr_local,ccib.f90,4589,11,M3
L0301,CC_SCALARS::MESH_CC_EXCHANGE,alloc_ptr_local,ccib.f90,4590,11,M3
L0301,CC_SCALARS::MESH_CC_EXCHANGE,alloc_ptr_local,ccib.f90,4591,11,M3
L0301,CC_SCALARS::MESH_CC_EXCHANGE,dt_alloc_component,ccib.f90,4589,10,OMESH_TYPE%IIO_FC_S
L0301,CC_SCALARS::MESH_CC_EXCHANGE,dt_alloc_component,ccib.f90,4590,10,OMESH_TYPE%JJO_FC_S
L0301,CC_SCALARS::MESH_CC_EXCHANGE,dt_alloc_component,ccib.f90,4591,10,OMESH_TYPE%KKO_FC_S
L0301,CC_SCALARS::MESH_CC_EXCHANGE,dt_alloc_component,ccib.f90,4592,10,OMESH_TYPE%AXS_FC_S
L0301,CC_SCALARS::MESH_CC_EXCHANGE,write_derived_index,ccib.f90,4596,3,M3%REAL_SEND_PKG12(NQT2*(LL-1)+1)
L0301,CC_SCALARS::MESH_CC_EXCHANGE,write_derived_index,ccib.f90,4598,3,M3%REAL_SEND_PKG12(NQT2*(LL-1)+1)
L0301,CC_SCALARS::MESH_CC_EXCHANGE,write_derived_index,ccib.f90,4600,3,M3%REAL_SEND_PKG12(NQT2*(LL-1)+1)
L0301,CC_SCALARS::MESH_CC_EXCHANGE,reduction_accum,ccib.f90,4593,1,LL = LL ...
L0302,CC_SCALARS::MESH_CC_EXCHANGE,alloc_ptr_local,ccib.f90,4605,14,M2
L0302,CC_SCALARS::MESH_CC_EXCHANGE,alloc_ptr_local,ccib.f90,4606,14,M2
L0302,CC_SCALARS::MESH_CC_EXCHANGE,alloc_ptr_local,ccib.f90,4607,14,M2
L0302,CC_SCALARS::MESH_CC_EXCHANGE,alloc_ptr_local,ccib.f90,4608,14,M1
L0302,CC_SCALARS::MESH_CC_EXCHANGE,dt_alloc_component,ccib.f90,4606,17,OMESH_TYPE%IFEP_R_1
L0302,CC_SCALARS::MESH_CC_EXCHANGE,dt_alloc_component,ccib.f90,4607,17,OMESH_TYPE%IFEP_R_1
L0302,CC_SCALARS::MESH_CC_EXCHANGE,dt_alloc_component,ccib.f90,4608,17,MESH_TYPE%CUT_FACE
L0302,CC_SCALARS::MESH_CC_EXCHANGE,dt_alloc_component,ccib.f90,4608,17,CC_CUTFACE_TYPE%INT_NOMIND
L0302,CC_SCALARS::MESH_CC_EXCHANGE,write_derived_index,ccib.f90,4615,3,"M1%CUT_FACE(ICF)%INT_FVARS(INT_VEL_IND,INPE)"
L0302,CC_SCALARS::MESH_CC_EXCHANGE,write_derived_index,ccib.f90,4617,3,"M1%CUT_FACE(ICF)%INT_FVARS(INT_VEL_IND,INPE)"
L0302,CC_SCALARS::MESH_CC_EXCHANGE,write_derived_index,ccib.f90,4619,3,"M1%CUT_FACE(ICF)%INT_FVARS(INT_VEL_IND,INPE)"
L0303,CC_SCALARS::MESH_CC_EXCHANGE,alloc_ptr_local,ccib.f90,4623,14,M2
L0303,CC_SCALARS::MESH_CC_EXCHANGE,alloc_ptr_local,ccib.f90,4624,14,M2
L0303,CC_SCALARS::MESH_CC_EXCHANGE,alloc_ptr_local,ccib.f90,4625,14,M2
L0303,CC_SCALARS::MESH_CC_EXCHANGE,alloc_ptr_local,ccib.f90,4626,14,M1
L0303,CC_SCALARS::MESH_CC_EXCHANGE,dt_alloc_component,ccib.f90,4624,17,OMESH_TYPE%IFEP_R_3
L0303,CC_SCALARS::MESH_CC_EXCHANGE,dt_alloc_component,ccib.f90,4625,17,OMESH_TYPE%IFEP_R_3
L0303,CC_SCALARS::MESH_CC_EXCHANGE,dt_alloc_component,ccib.f90,4626,17,MESH_TYPE%CC_RCEDGE
L0303,CC_SCALARS::MESH_CC_EXCHANGE,dt_alloc_component,ccib.f90,4626,17,CC_EDGE_TYPE%INT_NOMIND
L0303,CC_SCALARS::MESH_CC_EXCHANGE,write_derived_index,ccib.f90,4633,3,"M1%CC_RCEDGE(IEDGE)%INT_FVARS(INT_VEL_IND,INPE)"
L0303,CC_SCALARS::MESH_CC_EXCHANGE,write_derived_index,ccib.f90,4635,3,"M1%CC_RCEDGE(IEDGE)%INT_FVARS(INT_VEL_IND,INPE)"
L0303,CC_SCALARS::MESH_CC_EXCHANGE,write_derived_index,ccib.f90,4637,3,"M1%CC_RCEDGE(IEDGE)%INT_FVARS(INT_VEL_IND,INPE)"
L0304,CC_SCALARS::MESH_CC_EXCHANGE,alloc_ptr_local,ccib.f90,4640,14,M2
L0304,CC_SCALARS::MESH_CC_EXCHANGE,alloc_ptr_local,ccib.f90,4641,14,M2
L0304,CC_SCALARS::MESH_CC_EXCHANGE,alloc_ptr_local,ccib.f90,4642,14,M2
L0304,CC_SCALARS::MESH_CC_EXCHANGE,alloc_ptr_local,ccib.f90,4643,14,M1
L0304,CC_SCALARS::MESH_CC_EXCHANGE,dt_alloc_component,ccib.f90,4641,17,OMESH_TYPE%IFEP_R_4
L0304,CC_SCALARS::MESH_CC_EXCHANGE,dt_alloc_component,ccib.f90,4642,17,OMESH_TYPE%IFEP_R_4
L0304,CC_SCALARS::MESH_CC_EXCHANGE,dt_alloc_component,ccib.f90,4643,17,MESH_TYPE%CC_IBEDGE
L0304,CC_SCALARS::MESH_CC_EXCHANGE,dt_alloc_component,ccib.f90,4643,17,CC_EDGE_TYPE%INT_NOMIND
L0304,CC_SCALARS::MESH_CC_EXCHANGE,write_derived_index,ccib.f90,4650,3,"M1%CC_IBEDGE(IEDGE)%INT_FVARS(INT_VEL_IND,INPE)"
L0304,CC_SCALARS::MESH_CC_EXCHANGE,write_derived_index,ccib.f90,4652,3,"M1%CC_IBEDGE(IEDGE)%INT_FVARS(INT_VEL_IND,INPE)"
L0304,CC_SCALARS::MESH_CC_EXCHANGE,write_derived_index,ccib.f90,4654,3,"M1%CC_IBEDGE(IEDGE)%INT_FVARS(INT_VEL_IND,INPE)"
L0305,CC_SCALARS::MESH_CC_EXCHANGE,alloc_ptr_local,ccib.f90,4666,13,M3
L0305,CC_SCALARS::MESH_CC_EXCHANGE,alloc_ptr_local,ccib.f90,4667,13,M3
L0305,CC_SCALARS::MESH_CC_EXCHANGE,alloc_ptr_local,ccib.f90,4668,13,M3
L0305,CC_SCALARS::MESH_CC_EXCHANGE,alloc_ptr_local,ccib.f90,4669,13,M3
L0305,CC_SCALARS::MESH_CC_EXCHANGE,dt_alloc_component,ccib.f90,4667,12,OMESH_TYPE%IIO_CC_S
L0305,CC_SCALARS::MESH_CC_EXCHANGE,dt_alloc_component,ccib.f90,4668,12,OMESH_TYPE%JJO_CC_S
L0305,CC_SCALARS::MESH_CC_EXCHANGE,dt_alloc_component,ccib.f90,4669,12,OMESH_TYPE%KKO_CC_S
L0305,CC_SCALARS::MESH_CC_EXCHANGE,dt_alloc_component,ccib.f90,4671,12,OMESH_TYPE%REAL_SEND_PKG13
L0305,CC_SCALARS::MESH_CC_EXCHANGE,write_derived_index,ccib.f90,4671,4,M3%REAL_SEND_PKG13(NQT2*(LL-1)+1)
L0305,CC_SCALARS::MESH_CC_EXCHANGE,write_derived_index,ccib.f90,4672,4,M3%REAL_SEND_PKG13(NQT2*(LL-1)+2)
L0305,CC_SCALARS::MESH_CC_EXCHANGE,write_derived_index,ccib.f90,4673,4,M3%REAL_SEND_PKG13(NQT2*(LL-1)+3)
L0305,CC_SCALARS::MESH_CC_EXCHANGE,write_derived_index,ccib.f90,4674,4,M3%REAL_SEND_PKG13(NQT2*(LL-1)+4)
L0305,CC_SCALARS::MESH_CC_EXCHANGE,reduction_accum,ccib.f90,4670,1,LL = LL ...
L0306,CC_SCALARS::MESH_CC_EXCHANGE,alloc_ptr_local,ccib.f90,4678,13,M3
L0306,CC_SCALARS::MESH_CC_EXCHANGE,alloc_ptr_local,ccib.f90,4679,13,M3
L0306,CC_SCALARS::MESH_CC_EXCHANGE,alloc_ptr_local,ccib.f90,4680,13,M3
L0306,CC_SCALARS::MESH_CC_EXCHANGE,alloc_ptr_local,ccib.f90,4681,13,M3
L0306,CC_SCALARS::MESH_CC_EXCHANGE,dt_alloc_component,ccib.f90,4679,12,OMESH_TYPE%IIO_CC_S
L0306,CC_SCALARS::MESH_CC_EXCHANGE,dt_alloc_component,ccib.f90,4680,12,OMESH_TYPE%JJO_CC_S
L0306,CC_SCALARS::MESH_CC_EXCHANGE,dt_alloc_component,ccib.f90,4681,12,OMESH_TYPE%KKO_CC_S
L0306,CC_SCALARS::MESH_CC_EXCHANGE,dt_alloc_component,ccib.f90,4683,12,OMESH_TYPE%REAL_RECV_PKG13
L0306,CC_SCALARS::MESH_CC_EXCHANGE,write_derived_index,ccib.f90,4683,4,M2%REAL_RECV_PKG13(NQT2*(LL-1)+1)
L0306,CC_SCALARS::MESH_CC_EXCHANGE,write_derived_index,ccib.f90,4684,4,M2%REAL_RECV_PKG13(NQT2*(LL-1)+2)
L0306,CC_SCALARS::MESH_CC_EXCHANGE,write_derived_index,ccib.f90,4685,4,M2%REAL_RECV_PKG13(NQT2*(LL-1)+3)
L0306,CC_SCALARS::MESH_CC_EXCHANGE,write_derived_index,ccib.f90,4686,4,M2%REAL_RECV_PKG13(NQT2*(LL-1)+4)
L0306,CC_SCALARS::MESH_CC_EXCHANGE,reduction_accum,ccib.f90,4682,1,LL = LL ...
L0307,CC_SCALARS::MESH_CC_EXCHANGE,alloc_ptr_local,ccib.f90,4697,13,M3
L0307,CC_SCALARS::MESH_CC_EXCHANGE,alloc_ptr_local,ccib.f90,4698,13,M3
L0307,CC_SCALARS::MESH_CC_EXCHANGE,alloc_ptr_local,ccib.f90,4699,13,M3
L0307,CC_SCALARS::MESH_CC_EXCHANGE,alloc_ptr_local,ccib.f90,4700,13,M3
L0307,CC_SCALARS::MESH_CC_EXCHANGE,dt_alloc_component,ccib.f90,4698,12,OMESH_TYPE%IIO_CC_S
L0307,CC_SCALARS::MESH_CC_EXCHANGE,dt_alloc_component,ccib.f90,4699,12,OMESH_TYPE%JJO_CC_S
L0307,CC_SCALARS::MESH_CC_EXCHANGE,dt_alloc_component,ccib.f90,4700,12,OMESH_TYPE%KKO_CC_S
L0307,CC_SCALARS::MESH_CC_EXCHANGE,dt_alloc_component,ccib.f90,4702,12,OMESH_TYPE%REAL_SEND_PKG13
L0307,CC_SCALARS::MESH_CC_EXCHANGE,write_derived_index,ccib.f90,4702,4,M3%REAL_SEND_PKG13(NQT2*(LL-1)+1)
L0307,CC_SCALARS::MESH_CC_EXCHANGE,write_derived_index,ccib.f90,4703,4,M3%REAL_SEND_PKG13(NQT2*(LL-1)+2)
L0307,CC_SCALARS::MESH_CC_EXCHANGE,write_derived_index,ccib.f90,4704,4,M3%REAL_SEND_PKG13(NQT2*(LL-1)+3)
L0307,CC_SCALARS::MESH_CC_EXCHANGE,write_derived_index,ccib.f90,4705,4,M3%REAL_SEND_PKG13(NQT2*(LL-1)+4)
L0307,CC_SCALARS::MESH_CC_EXCHANGE,reduction_accum,ccib.f90,4701,1,LL = LL ...
L0308,CC_SCALARS::MESH_CC_EXCHANGE,alloc_ptr_local,ccib.f90,4709,13,M3
L0308,CC_SCALARS::MESH_CC_EXCHANGE,alloc_ptr_local,ccib.f90,4710,13,M3
L0308,CC_SCALARS::MESH_CC_EXCHANGE,alloc_ptr_local,ccib.f90,4711,13,M3
L0308,CC_SCALARS::MESH_CC_EXCHANGE,alloc_ptr_local,ccib.f90,4712,13,M3
L0308,CC_SCALARS::MESH_CC_EXCHANGE,dt_alloc_component,ccib.f90,4710,12,OMESH_TYPE%IIO_CC_S
L0308,CC_SCALARS::MESH_CC_EXCHANGE,dt_alloc_component,ccib.f90,4711,12,OMESH_TYPE%JJO_CC_S
L0308,CC_SCALARS::MESH_CC_EXCHANGE,dt_alloc_component,ccib.f90,4712,12,OMESH_TYPE%KKO_CC_S
L0308,CC_SCALARS::MESH_CC_EXCHANGE,dt_alloc_component,ccib.f90,4714,12,OMESH_TYPE%REAL_RECV_PKG13
L0308,CC_SCALARS::MESH_CC_EXCHANGE,write_derived_index,ccib.f90,4714,4,M2%REAL_RECV_PKG13(NQT2*(LL-1)+1)
L0308,CC_SCALARS::MESH_CC_EXCHANGE,write_derived_index,ccib.f90,4715,4,M2%REAL_RECV_PKG13(NQT2*(LL-1)+2)
L0308,CC_SCALARS::MESH_CC_EXCHANGE,write_derived_index,ccib.f90,4716,4,M2%REAL_RECV_PKG13(NQT2*(LL-1)+3)
L0308,CC_SCALARS::MESH_CC_EXCHANGE,write_derived_index,ccib.f90,4717,4,M2%REAL_RECV_PKG13(NQT2*(LL-1)+4)
L0308,CC_SCALARS::MESH_CC_EXCHANGE,reduction_accum,ccib.f90,4713,1,LL = LL ...
L0309,CC_SCALARS::MESH_CC_EXCHANGE,alloc_ptr_local,ccib.f90,4771,7,M2
L0309,CC_SCALARS::MESH_CC_EXCHANGE,alloc_ptr_local,ccib.f90,4772,7,M2
L0309,CC_SCALARS::MESH_CC_EXCHANGE,alloc_ptr_local,ccib.f90,4776,7,M2
L0309,CC_SCALARS::MESH_CC_EXCHANGE,alloc_ptr_local,ccib.f90,4777,7,M2
L0309,CC_SCALARS::MESH_CC_EXCHANGE,dt_alloc_component,ccib.f90,4772,17,OMESH_TYPE%ICC_UNKZ_CC_R
L0309,CC_SCALARS::MESH_CC_EXCHANGE,dt_alloc_component,ccib.f90,4774,17,MESH_TYPE%CUT_CELL
L0309,CC_SCALARS::MESH_CC_EXCHANGE,dt_alloc_component,ccib.f90,4776,17,MESH_TYPE%CUT_CELL
L0309,CC_SCALARS::MESH_CC_EXCHANGE,dt_alloc_component,ccib.f90,4776,17,CC_CUTCELL_TYPE%RHOS
L0309,CC_SCALARS::MESH_CC_EXCHANGE,write_derived_index,ccib.f90,4776,5,MESHES(NM)%CUT_CELL(ICC)%RHOS(JCC)
L0309,CC_SCALARS::MESH_CC_EXCHANGE,write_derived_index,ccib.f90,4777,5,MESHES(NM)%CUT_CELL(ICC)%TMP(JCC)
L0309,CC_SCALARS::MESH_CC_EXCHANGE,write_derived_index,ccib.f90,4778,5,MESHES(NM)%CUT_CELL(ICC)%RSUM(JCC)
L0309,CC_SCALARS::MESH_CC_EXCHANGE,write_derived_index,ccib.f90,4779,5,MESHES(NM)%CUT_CELL(ICC)%D(JCC)
L0309,CC_SCALARS::MESH_CC_EXCHANGE,reduction_accum,ccib.f90,4775,1,LL = LL ...
L0310,CC_SCALARS::MESH_CC_EXCHANGE,alloc_ptr_local,ccib.f90,4789,20,M2
L0310,CC_SCALARS::MESH_CC_EXCHANGE,alloc_ptr_local,ccib.f90,4790,20,M2
L0310,CC_SCALARS::MESH_CC_EXCHANGE,alloc_ptr_local,ccib.f90,4791,20,M2
L0310,CC_SCALARS::MESH_CC_EXCHANGE,alloc_ptr_local,ccib.f90,4792,20,M
L0310,CC_SCALARS::MESH_CC_EXCHANGE,dt_alloc_component,ccib.f90,4790,28,OMESH_TYPE%IFEP_R_2
L0310,CC_SCALARS::MESH_CC_EXCHANGE,dt_alloc_component,ccib.f90,4791,28,OMESH_TYPE%IFEP_R_2
L0310,CC_SCALARS::MESH_CC_EXCHANGE,dt_alloc_component,ccib.f90,4792,28,MESH_TYPE%CUT_FACE
L0310,CC_SCALARS::MESH_CC_EXCHANGE,dt_alloc_component,ccib.f90,4792,28,CC_CUTFACE_TYPE%INT_NOMIND
L0310,CC_SCALARS::MESH_CC_EXCHANGE,write_derived_index,ccib.f90,4793,8,"M%CUT_FACE(ICF)%INT_CVARS(INT_H_IND,INPE)"
L0310,CC_SCALARS::MESH_CC_EXCHANGE,write_derived_index,ccib.f90,4794,8,"M%CUT_FACE(ICF)%INT_CVARS(INT_RHO_IND,INPE)"
L0310,CC_SCALARS::MESH_CC_EXCHANGE,write_derived_index,ccib.f90,4795,8,"M%CUT_FACE(ICF)%INT_CVARS(INT_TMP_IND,INPE)"
L0310,CC_SCALARS::MESH_CC_EXCHANGE,write_derived_index,ccib.f90,4796,8,"M%CUT_FACE(ICF)%INT_CVARS(INT_RSUM_IND,INPE)"
L0311,CC_SCALARS::MESH_CC_EXCHANGE,alloc_ptr_local,ccib.f90,4810,7,M2
L0311,CC_SCALARS::MESH_CC_EXCHANGE,alloc_ptr_local,ccib.f90,4811,7,M2
L0311,CC_SCALARS::MESH_CC_EXCHANGE,alloc_ptr_local,ccib.f90,4816,7,M2
L0311,CC_SCALARS::MESH_CC_EXCHANGE,alloc_ptr_local,ccib.f90,4820,7,M2
L0311,CC_SCALARS::MESH_CC_EXCHANGE,dt_alloc_component,ccib.f90,4811,20,OMESH_TYPE%ICF_UFFB_CF_R
L0311,CC_SCALARS::MESH_CC_EXCHANGE,dt_alloc_component,ccib.f90,4813,20,MESH_TYPE%CUT_FACE
L0311,CC_SCALARS::MESH_CC_EXCHANGE,dt_alloc_component,ccib.f90,4816,20,CC_CUTFACE_TYPE%FN_OMESH
L0311,CC_SCALARS::MESH_CC_EXCHANGE,dt_alloc_component,ccib.f90,4816,20,OMESH_TYPE%REAL_RECV_PKG112
L0311,CC_SCALARS::MESH_CC_EXCHANGE,write_derived_index,ccib.f90,4820,4,MESHES(NM)%CUT_CELL(ICC)%H(JCC)
L0311,CC_SCALARS::MESH_CC_EXCHANGE,write_derived_index,ccib.f90,4821,4,MESHES(NM)%CUT_CELL(ICC1)%H(JCC1)
L0311,CC_SCALARS::MESH_CC_EXCHANGE,write_derived_index,ccib.f90,4823,4,MESHES(NM)%CUT_CELL(ICC)%HS(JCC)
L0311,CC_SCALARS::MESH_CC_EXCHANGE,write_derived_index,ccib.f90,4824,4,MESHES(NM)%CUT_CELL(ICC1)%HS(JCC1)
L0311,CC_SCALARS::MESH_CC_EXCHANGE,reduction_accum,ccib.f90,4815,1,LL = LL ...
L0311,CC_SCALARS::MESH_CC_EXCHANGE,pointer_reassign,ccib.f90,4813,1,CF
L0312,CC_SCALARS::MESH_CC_EXCHANGE,alloc_ptr_local,ccib.f90,4834,6,M2
L0312,CC_SCALARS::MESH_CC_EXCHANGE,alloc_ptr_local,ccib.f90,4835,6,M2
L0312,CC_SCALARS::MESH_CC_EXCHANGE,alloc_ptr_local,ccib.f90,4836,6,M2
L0312,CC_SCALARS::MESH_CC_EXCHANGE,alloc_ptr_local,ccib.f90,4837,6,M
L0312,CC_SCALARS::MESH_CC_EXCHANGE,dt_alloc_component,ccib.f90,4835,7,OMESH_TYPE%IFEP_R_1
L0312,CC_SCALARS::MESH_CC_EXCHANGE,dt_alloc_component,ccib.f90,4836,7,OMESH_TYPE%IFEP_R_1
L0312,CC_SCALARS::MESH_CC_EXCHANGE,dt_alloc_component,ccib.f90,4837,7,MESH_TYPE%CUT_FACE
L0312,CC_SCALARS::MESH_CC_EXCHANGE,dt_alloc_component,ccib.f90,4837,7,CC_CUTFACE_TYPE%INT_NOMIND
L0312,CC_SCALARS::MESH_CC_EXCHANGE,write_derived_index,ccib.f90,4838,1,"M%CUT_FACE(ICF)%INT_FVARS(INT_VELS_IND,INPE)"
L0313,CC_SCALARS::MESH_CC_EXCHANGE,alloc_ptr_local,ccib.f90,4841,6,M2
L0313,CC_SCALARS::MESH_CC_EXCHANGE,alloc_ptr_local,ccib.f90,4842,6,M2
L0313,CC_SCALARS::MESH_CC_EXCHANGE,alloc_ptr_local,ccib.f90,4843,6,M2
L0313,CC_SCALARS::MESH_CC_EXCHANGE,alloc_ptr_local,ccib.f90,4844,6,M
L0313,CC_SCALARS::MESH_CC_EXCHANGE,dt_alloc_component,ccib.f90,4842,7,OMESH_TYPE%IFEP_R_3
L0313,CC_SCALARS::MESH_CC_EXCHANGE,dt_alloc_component,ccib.f90,4843,7,OMESH_TYPE%IFEP_R_3
L0313,CC_SCALARS::MESH_CC_EXCHANGE,dt_alloc_component,ccib.f90,4844,7,MESH_TYPE%CC_RCEDGE
L0313,CC_SCALARS::MESH_CC_EXCHANGE,dt_alloc_component,ccib.f90,4844,7,CC_EDGE_TYPE%INT_NOMIND
L0313,CC_SCALARS::MESH_CC_EXCHANGE,write_derived_index,ccib.f90,4845,1,"M%CC_RCEDGE(IEDGE)%INT_FVARS(INT_VEL_IND,INPE)"
L0314,CC_SCALARS::MESH_CC_EXCHANGE,alloc_ptr_local,ccib.f90,4847,6,M2
L0314,CC_SCALARS::MESH_CC_EXCHANGE,alloc_ptr_local,ccib.f90,4848,6,M2
L0314,CC_SCALARS::MESH_CC_EXCHANGE,alloc_ptr_local,ccib.f90,4849,6,M2
L0314,CC_SCALARS::MESH_CC_EXCHANGE,alloc_ptr_local,ccib.f90,4850,6,M
L0314,CC_SCALARS::MESH_CC_EXCHANGE,dt_alloc_component,ccib.f90,4848,7,OMESH_TYPE%IFEP_R_4
L0314,CC_SCALARS::MESH_CC_EXCHANGE,dt_alloc_component,ccib.f90,4849,7,OMESH_TYPE%IFEP_R_4
L0314,CC_SCALARS::MESH_CC_EXCHANGE,dt_alloc_component,ccib.f90,4850,7,MESH_TYPE%CC_IBEDGE
L0314,CC_SCALARS::MESH_CC_EXCHANGE,dt_alloc_component,ccib.f90,4850,7,CC_EDGE_TYPE%INT_NOMIND
L0314,CC_SCALARS::MESH_CC_EXCHANGE,write_derived_index,ccib.f90,4851,1,"M%CC_IBEDGE(IEDGE)%INT_FVARS(INT_VEL_IND,INPE)"
L0315,CC_SCALARS::MESH_CC_EXCHANGE,alloc_ptr_local,ccib.f90,4857,6,M2
L0315,CC_SCALARS::MESH_CC_EXCHANGE,alloc_ptr_local,ccib.f90,4858,6,M2
L0315,CC_SCALARS::MESH_CC_EXCHANGE,alloc_ptr_local,ccib.f90,4863,6,M2
L0315,CC_SCALARS::MESH_CC_EXCHANGE,alloc_ptr_local,ccib.f90,4864,6,M2
L0315,CC_SCALARS::MESH_CC_EXCHANGE,dt_alloc_component,ccib.f90,4858,16,OMESH_TYPE%ICF_UFFB_CF_R
L0315,CC_SCALARS::MESH_CC_EXCHANGE,dt_alloc_component,ccib.f90,4860,16,MESH_TYPE%CUT_FACE
L0315,CC_SCALARS::MESH_CC_EXCHANGE,dt_alloc_component,ccib.f90,4863,16,CC_CUTFACE_TYPE%VELS_OMESH
L0315,CC_SCALARS::MESH_CC_EXCHANGE,dt_alloc_component,ccib.f90,4863,16,OMESH_TYPE%REAL_RECV_PKG112
L0315,CC_SCALARS::MESH_CC_EXCHANGE,write_derived_index,ccib.f90,4867,2,MESHES(NM)%CUT_CELL(ICC)%H(JCC)
L0315,CC_SCALARS::MESH_CC_EXCHANGE,write_derived_index,ccib.f90,4868,2,MESHES(NM)%CUT_CELL(ICC1)%H(JCC1)
L0315,CC_SCALARS::MESH_CC_EXCHANGE,reduction_accum,ccib.f90,4862,1,LL = LL ...
L0315,CC_SCALARS::MESH_CC_EXCHANGE,pointer_reassign,ccib.f90,4860,1,CF
L0316,CC_SCALARS::MESH_CC_EXCHANGE,alloc_ptr_local,ccib.f90,4881,7,M2
L0316,CC_SCALARS::MESH_CC_EXCHANGE,alloc_ptr_local,ccib.f90,4882,7,M2
L0316,CC_SCALARS::MESH_CC_EXCHANGE,alloc_ptr_local,ccib.f90,4886,7,M2
L0316,CC_SCALARS::MESH_CC_EXCHANGE,alloc_ptr_local,ccib.f90,4887,7,M2
L0316,CC_SCALARS::MESH_CC_EXCHANGE,dt_alloc_component,ccib.f90,4882,17,OMESH_TYPE%ICC_UNKZ_CC_R
L0316,CC_SCALARS::MESH_CC_EXCHANGE,dt_alloc_component,ccib.f90,4884,17,MESH_TYPE%CUT_CELL
L0316,CC_SCALARS::MESH_CC_EXCHANGE,dt_alloc_component,ccib.f90,4886,17,MESH_TYPE%CUT_CELL
L0316,CC_SCALARS::MESH_CC_EXCHANGE,dt_alloc_component,ccib.f90,4886,17,CC_CUTCELL_TYPE%RHO
L0316,CC_SCALARS::MESH_CC_EXCHANGE,write_derived_index,ccib.f90,4886,5,MESHES(NM)%CUT_CELL(ICC)%RHO(JCC)
L0316,CC_SCALARS::MESH_CC_EXCHANGE,write_derived_index,ccib.f90,4887,5,MESHES(NM)%CUT_CELL(ICC)%TMP(JCC)
L0316,CC_SCALARS::MESH_CC_EXCHANGE,write_derived_index,ccib.f90,4888,5,MESHES(NM)%CUT_CELL(ICC)%RSUM(JCC)
L0316,CC_SCALARS::MESH_CC_EXCHANGE,write_derived_index,ccib.f90,4889,5,MESHES(NM)%CUT_CELL(ICC)%DS(JCC)
L0316,CC_SCALARS::MESH_CC_EXCHANGE,reduction_accum,ccib.f90,4885,1,LL = LL ...
L0317,CC_SCALARS::MESH_CC_EXCHANGE,alloc_ptr_local,ccib.f90,4900,6,M2
L0317,CC_SCALARS::MESH_CC_EXCHANGE,alloc_ptr_local,ccib.f90,4901,6,M2
L0317,CC_SCALARS::MESH_CC_EXCHANGE,alloc_ptr_local,ccib.f90,4902,6,M2
L0317,CC_SCALARS::MESH_CC_EXCHANGE,alloc_ptr_local,ccib.f90,4903,6,M
L0317,CC_SCALARS::MESH_CC_EXCHANGE,dt_alloc_component,ccib.f90,4901,7,OMESH_TYPE%IFEP_R_1
L0317,CC_SCALARS::MESH_CC_EXCHANGE,dt_alloc_component,ccib.f90,4902,7,OMESH_TYPE%IFEP_R_1
L0317,CC_SCALARS::MESH_CC_EXCHANGE,dt_alloc_component,ccib.f90,4903,7,MESH_TYPE%CUT_FACE
L0317,CC_SCALARS::MESH_CC_EXCHANGE,dt_alloc_component,ccib.f90,4903,7,CC_CUTFACE_TYPE%INT_NOMIND
L0317,CC_SCALARS::MESH_CC_EXCHANGE,write_derived_index,ccib.f90,4904,1,"M%CUT_FACE(ICF)%INT_FVARS(INT_VEL_IND,INPE)"
L0318,CC_SCALARS::MESH_CC_EXCHANGE,alloc_ptr_local,ccib.f90,4907,6,M2
L0318,CC_SCALARS::MESH_CC_EXCHANGE,alloc_ptr_local,ccib.f90,4908,6,M2
L0318,CC_SCALARS::MESH_CC_EXCHANGE,alloc_ptr_local,ccib.f90,4909,6,M2
L0318,CC_SCALARS::MESH_CC_EXCHANGE,alloc_ptr_local,ccib.f90,4910,6,M
L0318,CC_SCALARS::MESH_CC_EXCHANGE,dt_alloc_component,ccib.f90,4908,7,OMESH_TYPE%IFEP_R_3
L0318,CC_SCALARS::MESH_CC_EXCHANGE,dt_alloc_component,ccib.f90,4909,7,OMESH_TYPE%IFEP_R_3
L0318,CC_SCALARS::MESH_CC_EXCHANGE,dt_alloc_component,ccib.f90,4910,7,MESH_TYPE%CC_RCEDGE
L0318,CC_SCALARS::MESH_CC_EXCHANGE,dt_alloc_component,ccib.f90,4910,7,CC_EDGE_TYPE%INT_NOMIND
L0318,CC_SCALARS::MESH_CC_EXCHANGE,write_derived_index,ccib.f90,4911,1,"M%CC_RCEDGE(IEDGE)%INT_FVARS(INT_VEL_IND,INPE)"
L0319,CC_SCALARS::MESH_CC_EXCHANGE,alloc_ptr_local,ccib.f90,4913,6,M2
L0319,CC_SCALARS::MESH_CC_EXCHANGE,alloc_ptr_local,ccib.f90,4914,6,M2
L0319,CC_SCALARS::MESH_CC_EXCHANGE,alloc_ptr_local,ccib.f90,4915,6,M2
L0319,CC_SCALARS::MESH_CC_EXCHANGE,alloc_ptr_local,ccib.f90,4916,6,M
L0319,CC_SCALARS::MESH_CC_EXCHANGE,dt_alloc_component,ccib.f90,4914,7,OMESH_TYPE%IFEP_R_4
L0319,CC_SCALARS::MESH_CC_EXCHANGE,dt_alloc_component,ccib.f90,4915,7,OMESH_TYPE%IFEP_R_4
L0319,CC_SCALARS::MESH_CC_EXCHANGE,dt_alloc_component,ccib.f90,4916,7,MESH_TYPE%CC_IBEDGE
L0319,CC_SCALARS::MESH_CC_EXCHANGE,dt_alloc_component,ccib.f90,4916,7,CC_EDGE_TYPE%INT_NOMIND
L0319,CC_SCALARS::MESH_CC_EXCHANGE,write_derived_index,ccib.f90,4917,1,"M%CC_IBEDGE(IEDGE)%INT_FVARS(INT_VEL_IND,INPE)"
L0320,CC_SCALARS::MESH_CC_EXCHANGE,alloc_ptr_local,ccib.f90,4923,6,M2
L0320,CC_SCALARS::MESH_CC_EXCHANGE,alloc_ptr_local,ccib.f90,4924,6,M2
L0320,CC_SCALARS::MESH_CC_EXCHANGE,alloc_ptr_local,ccib.f90,4929,6,M2
L0320,CC_SCALARS::MESH_CC_EXCHANGE,alloc_ptr_local,ccib.f90,4930,6,M2
L0320,CC_SCALARS::MESH_CC_EXCHANGE,dt_alloc_component,ccib.f90,4924,16,OMESH_TYPE%ICF_UFFB_CF_R
L0320,CC_SCALARS::MESH_CC_EXCHANGE,dt_alloc_component,ccib.f90,4926,16,MESH_TYPE%CUT_FACE
L0320,CC_SCALARS::MESH_CC_EXCHANGE,dt_alloc_component,ccib.f90,4929,16,CC_CUTFACE_TYPE%VEL_OMESH
L0320,CC_SCALARS::MESH_CC_EXCHANGE,dt_alloc_component,ccib.f90,4929,16,OMESH_TYPE%REAL_RECV_PKG112
L0320,CC_SCALARS::MESH_CC_EXCHANGE,write_derived_index,ccib.f90,4933,2,MESHES(NM)%CUT_CELL(ICC)%HS(JCC)
L0320,CC_SCALARS::MESH_CC_EXCHANGE,write_derived_index,ccib.f90,4934,2,MESHES(NM)%CUT_CELL(ICC1)%HS(JCC1)
L0320,CC_SCALARS::MESH_CC_EXCHANGE,reduction_accum,ccib.f90,4928,1,LL = LL ...
L0320,CC_SCALARS::MESH_CC_EXCHANGE,pointer_reassign,ccib.f90,4926,1,CF
L0321,CC_SCALARS::MESH_CC_EXCHANGE,alloc_ptr_local,ccib.f90,4942,12,M2
L0321,CC_SCALARS::MESH_CC_EXCHANGE,alloc_ptr_local,ccib.f90,4942,12,M2
L0321,CC_SCALARS::MESH_CC_EXCHANGE,alloc_ptr_local,ccib.f90,4943,12,M2
L0321,CC_SCALARS::MESH_CC_EXCHANGE,alloc_ptr_local,ccib.f90,4943,12,M2
L0321,CC_SCALARS::MESH_CC_EXCHANGE,dt_alloc_component,ccib.f90,4945,3,OMESH_TYPE%REAL_RECV_PKG112
L0321,CC_SCALARS::MESH_CC_EXCHANGE,dt_alloc_component,ccib.f90,4946,3,OMESH_TYPE%REAL_RECV_PKG112
L0321,CC_SCALARS::MESH_CC_EXCHANGE,dt_alloc_component,ccib.f90,4947,3,OMESH_TYPE%REAL_RECV_PKG112
L0321,CC_SCALARS::MESH_CC_EXCHANGE,reduction_accum,ccib.f90,4948,1,LL = LL ...
L0322,CC_SCALARS::MESH_CC_EXCHANGE,alloc_ptr_local,ccib.f90,4962,12,M
L0322,CC_SCALARS::MESH_CC_EXCHANGE,alloc_ptr_local,ccib.f90,4963,12,M
L0322,CC_SCALARS::MESH_CC_EXCHANGE,alloc_ptr_local,ccib.f90,4965,12,M
L0322,CC_SCALARS::MESH_CC_EXCHANGE,alloc_ptr_local,ccib.f90,4966,12,M
L0322,CC_SCALARS::MESH_CC_EXCHANGE,dt_alloc_component,ccib.f90,4963,18,MESH_TYPE%CUT_CELL
L0322,CC_SCALARS::MESH_CC_EXCHANGE,dt_alloc_component,ccib.f90,4965,18,MESH_TYPE%CUT_CELL
L0322,CC_SCALARS::MESH_CC_EXCHANGE,dt_alloc_component,ccib.f90,4965,18,CC_CUTCELL_TYPE%INT_NPE
L0322,CC_SCALARS::MESH_CC_EXCHANGE,dt_alloc_component,ccib.f90,4966,18,MESH_TYPE%CUT_CELL
L0322,CC_SCALARS::MESH_CC_EXCHANGE,write_missing_inner_index,ccib.f90,4970,3,"M%CUT_CELL(ICC)%INT_CCVARS(INT_H_IND,INPE)"
L0322,CC_SCALARS::MESH_CC_EXCHANGE,write_missing_inner_index,ccib.f90,4971,3,"M%CUT_CELL(ICC)%INT_CCVARS(INT_RHO0_IND,INPE)"
L0322,CC_SCALARS::MESH_CC_EXCHANGE,write_missing_inner_index,ccib.f90,4972,3,"M%CUT_CELL(ICC)%INT_CCVARS(INT_WCEN_IND,INPE)"
L0323,CC_SCALARS::MESH_CC_EXCHANGE,alloc_ptr_local,ccib.f90,4978,6,M2
L0323,CC_SCALARS::MESH_CC_EXCHANGE,alloc_ptr_local,ccib.f90,4979,6,M2
L0323,CC_SCALARS::MESH_CC_EXCHANGE,alloc_ptr_local,ccib.f90,4980,6,M2
L0323,CC_SCALARS::MESH_CC_EXCHANGE,alloc_ptr_local,ccib.f90,4981,6,M
L0323,CC_SCALARS::MESH_CC_EXCHANGE,dt_alloc_component,ccib.f90,4979,7,OMESH_TYPE%IFEP_R_5
L0323,CC_SCALARS::MESH_CC_EXCHANGE,dt_alloc_component,ccib.f90,4980,7,OMESH_TYPE%IFEP_R_5
L0323,CC_SCALARS::MESH_CC_EXCHANGE,dt_alloc_component,ccib.f90,4981,7,MESH_TYPE%CC_IBEDGE
L0323,CC_SCALARS::MESH_CC_EXCHANGE,dt_alloc_component,ccib.f90,4981,7,CC_EDGE_TYPE%INT_NOMIND
L0323,CC_SCALARS::MESH_CC_EXCHANGE,write_derived_index,ccib.f90,4982,1,"M%CC_IBEDGE(IEDGE)%INT_CVARS(INT_MU_IND,INPE)"
L0325,CC_SCALARS::MESH_CC_EXCHANGE::FILL_GCCUTCELL_SPECIES,alloc_ptr_local,ccib.f90,5044,11,OCC
L0325,CC_SCALARS::MESH_CC_EXCHANGE::FILL_GCCUTCELL_SPECIES,alloc_ptr_local,ccib.f90,5045,11,OCC
L0325,CC_SCALARS::MESH_CC_EXCHANGE::FILL_GCCUTCELL_SPECIES,alloc_ptr_local,ccib.f90,5046,11,OCC
L0325,CC_SCALARS::MESH_CC_EXCHANGE::FILL_GCCUTCELL_SPECIES,alloc_ptr_local,ccib.f90,5047,11,OCC
L0325,CC_SCALARS::MESH_CC_EXCHANGE::FILL_GCCUTCELL_SPECIES,dt_alloc_component,ccib.f90,5029,31,MESH_TYPE%CELL
L0325,CC_SCALARS::MESH_CC_EXCHANGE::FILL_GCCUTCELL_SPECIES,dt_alloc_component,ccib.f90,5029,31,MESH_TYPE%CELL_INDEX
L0325,CC_SCALARS::MESH_CC_EXCHANGE::FILL_GCCUTCELL_SPECIES,dt_alloc_component,ccib.f90,5030,31,MESH_TYPE%CCVAR
L0325,CC_SCALARS::MESH_CC_EXCHANGE::FILL_GCCUTCELL_SPECIES,dt_alloc_component,ccib.f90,5035,31,MESH_TYPE%OMESH
L0325,CC_SCALARS::MESH_CC_EXCHANGE::FILL_GCCUTCELL_SPECIES,write_derived_index,ccib.f90,5089,9,CUT_CELL(ICC)%RHOS(JCC)
L0325,CC_SCALARS::MESH_CC_EXCHANGE::FILL_GCCUTCELL_SPECIES,write_derived_index,ccib.f90,5090,9,CUT_CELL(ICC)%TMP(JCC)
L0325,CC_SCALARS::MESH_CC_EXCHANGE::FILL_GCCUTCELL_SPECIES,write_derived_index,ccib.f90,5091,9,CUT_CELL(ICC)%RSUM(JCC)
L0325,CC_SCALARS::MESH_CC_EXCHANGE::FILL_GCCUTCELL_SPECIES,write_derived_index,ccib.f90,5092,9,CUT_CELL(ICC)%D(JCC)
L0325,CC_SCALARS::MESH_CC_EXCHANGE::FILL_GCCUTCELL_SPECIES,pointer_reassign,ccib.f90,5018,4,WC
L0325,CC_SCALARS::MESH_CC_EXCHANGE::FILL_GCCUTCELL_SPECIES,pointer_reassign,ccib.f90,5020,4,BC
L0325,CC_SCALARS::MESH_CC_EXCHANGE::FILL_GCCUTCELL_SPECIES,pointer_reassign,ccib.f90,5021,4,EWC
L0325,CC_SCALARS::MESH_CC_EXCHANGE::FILL_GCCUTCELL_SPECIES,pointer_reassign,ccib.f90,5044,4,OCC
L0326,CC_SCALARS::NUMBER_UNKH_CUTCELLS,dt_alloc_component,ccib.f90,22842,1,CC_CUTCELL_TYPE%UNKH
L0327,CC_SCALARS::NUMBER_UNKH_CUTCELLS,dt_alloc_component,ccib.f90,22849,1,CC_CUTCELL_TYPE%UNKH
L0327,CC_SCALARS::NUMBER_UNKH_CUTCELLS,write_derived_index,ccib.f90,22848,1,NUNKH_LC(NM)
L0327,CC_SCALARS::NUMBER_UNKH_CUTCELLS,pointer_reassign,ccib.f90,22846,1,CC
L0328,CC_SCALARS::NUMBER_UNKH_CUTCELLS,dt_alloc_component,ccib.f90,22856,3,CC_CUTCELL_TYPE%UNKH
L0328,CC_SCALARS::NUMBER_UNKH_CUTCELLS,dt_alloc_component,ccib.f90,22856,3,CC_CUTCELL_TYPE%UNKH
L0328,CC_SCALARS::NUMBER_UNKH_CUTCELLS,dt_alloc_component,ccib.f90,22856,3,ZONE_SOLVE_TYPE%UNKH_IND
L0328,CC_SCALARS::NUMBER_UNKH_CUTCELLS,pointer_reassign,ccib.f90,22853,1,CC
L0329,CC_SCALARS::PUT_RHOZZVECTOR_SCALAR_3D,dt_alloc_component,ccib.f90,13392,2,CC_CUTCELL_TYPE%UNKZ
L0329,CC_SCALARS::PUT_RHOZZVECTOR_SCALAR_3D,dt_alloc_component,ccib.f90,13393,2,CC_CUTCELL_TYPE%ZZS
L0329,CC_SCALARS::PUT_RHOZZVECTOR_SCALAR_3D,pointer_reassign,ccib.f90,13390,1,CC
L0330,CC_SCALARS::PUT_RHOZZVECTOR_SCALAR_3D,dt_alloc_component,ccib.f90,13401,2,CC_CUTCELL_TYPE%UNKZ
L0330,CC_SCALARS::PUT_RHOZZVECTOR_SCALAR_3D,dt_alloc_component,ccib.f90,13402,2,CC_CUTCELL_TYPE%ZZ
L0330,CC_SCALARS::PUT_RHOZZVECTOR_SCALAR_3D,pointer_reassign,ccib.f90,13399,1,CC
L0331,CC_SCALARS::PUT_RHOZZVECTOR_SCALAR_3D,alloc_ptr_local,ccib.f90,13413,1,ZZP
L0331,CC_SCALARS::PUT_RHOZZVECTOR_SCALAR_3D,write_derived_index,ccib.f90,13413,1,"ZZP(I,J,K,N)"
L0332,CC_SCALARS::ROTATED_CUBE_RHS_ZZ,alloc_ptr_local,ccib.f90,6456,5,RHOP
L0332,CC_SCALARS::ROTATED_CUBE_RHS_ZZ,alloc_ptr_local,ccib.f90,6461,5,ZZP
L0332,CC_SCALARS::ROTATED_CUBE_RHS_ZZ,alloc_ptr_local,ccib.f90,6461,5,ZZP
L0332,CC_SCALARS::ROTATED_CUBE_RHS_ZZ,alloc_ptr_local,ccib.f90,6462,5,ZZP
L0333,CC_SCALARS::ROTATED_CUBE_VELOCITY_FLUX,alloc_ptr_local,ccib.f90,6131,4,RHOP
L0333,CC_SCALARS::ROTATED_CUBE_VELOCITY_FLUX,alloc_ptr_local,ccib.f90,6131,4,RHOP
L0333,CC_SCALARS::ROTATED_CUBE_VELOCITY_FLUX,alloc_ptr_local,ccib.f90,6162,4,RHOP
L0333,CC_SCALARS::ROTATED_CUBE_VELOCITY_FLUX,alloc_ptr_local,ccib.f90,6162,4,RHOP
L0334,CC_SCALARS::ROTATED_CUBE_VELOCITY_FLUX,alloc_ptr_local,ccib.f90,6177,4,RHOP
L0334,CC_SCALARS::ROTATED_CUBE_VELOCITY_FLUX,alloc_ptr_local,ccib.f90,6177,4,RHOP
L0334,CC_SCALARS::ROTATED_CUBE_VELOCITY_FLUX,alloc_ptr_local,ccib.f90,6208,4,RHOP
L0334,CC_SCALARS::ROTATED_CUBE_VELOCITY_FLUX,alloc_ptr_local,ccib.f90,6208,4,RHOP
L0335,CC_SCALARS::SET_EXIMADVFLX_3D,alloc_ptr_local,ccib.f90,8016,10,REGFACE_Z
L0335,CC_SCALARS::SET_EXIMADVFLX_3D,alloc_ptr_local,ccib.f90,8018,10,REGFACE_Z
L0335,CC_SCALARS::SET_EXIMADVFLX_3D,alloc_ptr_local,ccib.f90,8020,10,REGFACE_Z
L0335,CC_SCALARS::SET_EXIMADVFLX_3D,alloc_ptr_local,ccib.f90,8023,10,REGFACE_Z
L0335,CC_SCALARS::SET_EXIMADVFLX_3D,alloc_ptr_dummy,ccib.f90,8030,3,UU
L0335,CC_SCALARS::SET_EXIMADVFLX_3D,alloc_ptr_dummy,ccib.f90,8032,3,VV
L0335,CC_SCALARS::SET_EXIMADVFLX_3D,alloc_ptr_dummy,ccib.f90,8034,3,WW
L0335,CC_SCALARS::SET_EXIMADVFLX_3D,dt_alloc_component,ccib.f90,8027,4,CC_REGFACEZ_TYPE%RHOZZ_U
L0335,CC_SCALARS::SET_EXIMADVFLX_3D,dt_alloc_component,ccib.f90,8030,4,CC_REGFACEZ_TYPE%RHOZZ_U
L0335,CC_SCALARS::SET_EXIMADVFLX_3D,dt_alloc_component,ccib.f90,8032,4,CC_REGFACEZ_TYPE%RHOZZ_U
L0335,CC_SCALARS::SET_EXIMADVFLX_3D,dt_alloc_component,ccib.f90,8034,4,CC_REGFACEZ_TYPE%RHOZZ_U
L0335,CC_SCALARS::SET_EXIMADVFLX_3D,pointer_reassign,ccib.f90,8016,3,REGFACE_Z
L0335,CC_SCALARS::SET_EXIMADVFLX_3D,pointer_reassign,ccib.f90,8018,3,REGFACE_Z
L0335,CC_SCALARS::SET_EXIMADVFLX_3D,pointer_reassign,ccib.f90,8020,3,REGFACE_Z
L0336,CC_SCALARS::SET_EXIMDIFFLX_3D,alloc_ptr_dummy,ccib.f90,8193,1,RHO_D_DZDX
L0336,CC_SCALARS::SET_EXIMDIFFLX_3D,dt_alloc_component,ccib.f90,8192,1,MESH_TYPE%FCVAR
L0337,CC_SCALARS::SET_EXIMDIFFLX_3D,alloc_ptr_dummy,ccib.f90,8203,1,RHO_D_DZDY
L0337,CC_SCALARS::SET_EXIMDIFFLX_3D,dt_alloc_component,ccib.f90,8202,1,MESH_TYPE%FCVAR
L0338,CC_SCALARS::SET_EXIMDIFFLX_3D,alloc_ptr_dummy,ccib.f90,8213,1,RHO_D_DZDZ
L0338,CC_SCALARS::SET_EXIMDIFFLX_3D,dt_alloc_component,ccib.f90,8212,1,MESH_TYPE%FCVAR
L0339,CC_SCALARS::SET_EXIMDIFFLX_3D,alloc_ptr_local,ccib.f90,8224,9,REGFACE_Z
L0339,CC_SCALARS::SET_EXIMDIFFLX_3D,alloc_ptr_local,ccib.f90,8226,9,REGFACE_Z
L0339,CC_SCALARS::SET_EXIMDIFFLX_3D,alloc_ptr_local,ccib.f90,8228,9,REGFACE_Z
L0339,CC_SCALARS::SET_EXIMDIFFLX_3D,alloc_ptr_local,ccib.f90,8231,9,REGFACE_Z
L0339,CC_SCALARS::SET_EXIMDIFFLX_3D,alloc_ptr_dummy,ccib.f90,8236,3,RHO_D_DZDX
L0339,CC_SCALARS::SET_EXIMDIFFLX_3D,alloc_ptr_dummy,ccib.f90,8238,3,RHO_D_DZDY
L0339,CC_SCALARS::SET_EXIMDIFFLX_3D,alloc_ptr_dummy,ccib.f90,8240,3,RHO_D_DZDZ
L0339,CC_SCALARS::SET_EXIMDIFFLX_3D,dt_alloc_component,ccib.f90,8236,3,CC_REGFACEZ_TYPE%RHO_D_DZDN
L0339,CC_SCALARS::SET_EXIMDIFFLX_3D,dt_alloc_component,ccib.f90,8238,3,CC_REGFACEZ_TYPE%RHO_D_DZDN
L0339,CC_SCALARS::SET_EXIMDIFFLX_3D,dt_alloc_component,ccib.f90,8240,3,CC_REGFACEZ_TYPE%RHO_D_DZDN
L0339,CC_SCALARS::SET_EXIMDIFFLX_3D,pointer_reassign,ccib.f90,8224,3,REGFACE_Z
L0339,CC_SCALARS::SET_EXIMDIFFLX_3D,pointer_reassign,ccib.f90,8226,3,REGFACE_Z
L0339,CC_SCALARS::SET_EXIMDIFFLX_3D,pointer_reassign,ccib.f90,8228,3,REGFACE_Z
L0340,CC_SCALARS::SET_EXIMRHOHSLIM_3D,alloc_ptr_local,ccib.f90,8125,17,REGFACE_Z
L0340,CC_SCALARS::SET_EXIMRHOHSLIM_3D,alloc_ptr_local,ccib.f90,8127,17,REGFACE_Z
L0340,CC_SCALARS::SET_EXIMRHOHSLIM_3D,alloc_ptr_local,ccib.f90,8129,17,REGFACE_Z
L0340,CC_SCALARS::SET_EXIMRHOHSLIM_3D,alloc_ptr_local,ccib.f90,8132,17,REGFACE_Z
L0340,CC_SCALARS::SET_EXIMRHOHSLIM_3D,dt_alloc_component,ccib.f90,8156,1,BOUNDARY_PROP1_TYPE%ZZ_F
L0340,CC_SCALARS::SET_EXIMRHOHSLIM_3D,pointer_reassign,ccib.f90,8125,6,REGFACE_Z
L0340,CC_SCALARS::SET_EXIMRHOHSLIM_3D,pointer_reassign,ccib.f90,8127,6,REGFACE_Z
L0340,CC_SCALARS::SET_EXIMRHOHSLIM_3D,pointer_reassign,ccib.f90,8129,6,REGFACE_Z
L0340,CC_SCALARS::SET_EXIMRHOHSLIM_3D,pointer_reassign,ccib.f90,8142,6,WC
L0341,CC_SCALARS::SET_EXIMRHOZZLIM_3D,alloc_ptr_local,ccib.f90,8065,17,REGFACE_Z
L0341,CC_SCALARS::SET_EXIMRHOZZLIM_3D,alloc_ptr_local,ccib.f90,8067,17,REGFACE_Z
L0341,CC_SCALARS::SET_EXIMRHOZZLIM_3D,alloc_ptr_local,ccib.f90,8069,17,REGFACE_Z
L0341,CC_SCALARS::SET_EXIMRHOZZLIM_3D,alloc_ptr_local,ccib.f90,8072,17,REGFACE_Z
L0341,CC_SCALARS::SET_EXIMRHOZZLIM_3D,dt_alloc_component,ccib.f90,8079,6,CC_REGFACEZ_TYPE%FN_ZZ
L0341,CC_SCALARS::SET_EXIMRHOZZLIM_3D,dt_alloc_component,ccib.f90,8084,6,CC_REGFACEZ_TYPE%FN_ZZ
L0341,CC_SCALARS::SET_EXIMRHOZZLIM_3D,dt_alloc_component,ccib.f90,8084,6,BOUNDARY_PROP1_TYPE%ZZ_F
L0341,CC_SCALARS::SET_EXIMRHOZZLIM_3D,dt_alloc_component,ccib.f90,8088,6,CC_REGFACEZ_TYPE%FN_ZZ
L0341,CC_SCALARS::SET_EXIMRHOZZLIM_3D,pointer_reassign,ccib.f90,8065,5,REGFACE_Z
L0341,CC_SCALARS::SET_EXIMRHOZZLIM_3D,pointer_reassign,ccib.f90,8067,5,REGFACE_Z
L0341,CC_SCALARS::SET_EXIMRHOZZLIM_3D,pointer_reassign,ccib.f90,8069,5,REGFACE_Z
L0341,CC_SCALARS::SET_EXIMRHOZZLIM_3D,pointer_reassign,ccib.f90,8081,5,WC
L0342,CC_SCALARS::UNSTRUCTURED_POISSON_RESIDUAL,alloc_ptr_dummy,ccib.f90,1339,3,HP
L0342,CC_SCALARS::UNSTRUCTURED_POISSON_RESIDUAL,alloc_ptr_dummy,ccib.f90,1339,3,RHOP
L0342,CC_SCALARS::UNSTRUCTURED_POISSON_RESIDUAL,alloc_ptr_dummy,ccib.f90,1339,3,P
L0342,CC_SCALARS::UNSTRUCTURED_POISSON_RESIDUAL,dt_alloc_component,ccib.f90,1342,2,CC_CUTCELL_TYPE%DDDTVOL
L0342,CC_SCALARS::UNSTRUCTURED_POISSON_RESIDUAL,dt_alloc_component,ccib.f90,1342,2,CC_CUTCELL_TYPE%VOLUME
L0342,CC_SCALARS::UNSTRUCTURED_POISSON_RESIDUAL,reduction_accum,ccib.f90,1343,1,RES = RES ...
L0343,CC_SCALARS::UNSTRUCTURED_POISSON_RESIDUAL,alloc_ptr_dummy,ccib.f90,1352,3,HP
L0343,CC_SCALARS::UNSTRUCTURED_POISSON_RESIDUAL,alloc_ptr_dummy,ccib.f90,1352,3,RHOP
L0343,CC_SCALARS::UNSTRUCTURED_POISSON_RESIDUAL,alloc_ptr_dummy,ccib.f90,1352,3,P
L0343,CC_SCALARS::UNSTRUCTURED_POISSON_RESIDUAL,dt_alloc_component,ccib.f90,1349,1,CC_CUTCELL_TYPE%VOLUME
L0343,CC_SCALARS::UNSTRUCTURED_POISSON_RESIDUAL,reduction_accum,ccib.f90,1349,2,DIV_FN_VOL = DIV_FN_VOL ...
L0343,CC_SCALARS::UNSTRUCTURED_POISSON_RESIDUAL,reduction_accum,ccib.f90,1353,2,LHSS = LHSS ...
L0344,CC_SCALARS::UNSTRUCTURED_POISSON_RESIDUAL,alloc_ptr_dummy,ccib.f90,1367,3,HP
L0344,CC_SCALARS::UNSTRUCTURED_POISSON_RESIDUAL,alloc_ptr_dummy,ccib.f90,1367,3,RHOP
L0344,CC_SCALARS::UNSTRUCTURED_POISSON_RESIDUAL,alloc_ptr_dummy,ccib.f90,1367,3,P
L0344,CC_SCALARS::UNSTRUCTURED_POISSON_RESIDUAL,dt_alloc_component,ccib.f90,1370,2,CC_CUTCELL_TYPE%DDDTVOL
L0344,CC_SCALARS::UNSTRUCTURED_POISSON_RESIDUAL,dt_alloc_component,ccib.f90,1370,2,CC_CUTCELL_TYPE%VOLUME
L0344,CC_SCALARS::UNSTRUCTURED_POISSON_RESIDUAL,reduction_accum,ccib.f90,1371,1,RES = RES ...
L0345,CC_SCALARS::UNSTRUCTURED_POISSON_RESIDUAL,alloc_ptr_dummy,ccib.f90,1380,3,HP
L0345,CC_SCALARS::UNSTRUCTURED_POISSON_RESIDUAL,alloc_ptr_dummy,ccib.f90,1380,3,RHOP
L0345,CC_SCALARS::UNSTRUCTURED_POISSON_RESIDUAL,alloc_ptr_dummy,ccib.f90,1380,3,P
L0345,CC_SCALARS::UNSTRUCTURED_POISSON_RESIDUAL,dt_alloc_component,ccib.f90,1377,1,CC_CUTCELL_TYPE%VOLUME
L0345,CC_SCALARS::UNSTRUCTURED_POISSON_RESIDUAL,reduction_accum,ccib.f90,1377,2,DIV_FN_VOL = DIV_FN_VOL ...
L0345,CC_SCALARS::UNSTRUCTURED_POISSON_RESIDUAL,reduction_accum,ccib.f90,1381,2,LHSS = LHSS ...
L0363,DIVG::CHECK_DIVERGENCE,alloc_ptr_local,divg.f90,1681,11,UU
L0363,DIVG::CHECK_DIVERGENCE,alloc_ptr_local,divg.f90,1681,11,UU
L0363,DIVG::CHECK_DIVERGENCE,alloc_ptr_local,divg.f90,1681,11,VV
L0363,DIVG::CHECK_DIVERGENCE,alloc_ptr_local,divg.f90,1681,11,VV
L0365,DIVG::DIVERGENCE_PART_1,alloc_ptr_local,divg.f90,131,120,RHO_D
L0365,DIVG::DIVERGENCE_PART_1,alloc_ptr_local,divg.f90,137,120,RHO_D
L0365,DIVG::DIVERGENCE_PART_1,alloc_ptr_local,divg.f90,144,120,SM
L0365,DIVG::DIVERGENCE_PART_1,alloc_ptr_local,divg.f90,145,120,SM
L0365,DIVG::DIVERGENCE_PART_1,dt_alloc_component,divg.f90,213,12,BOUNDARY_PROP1_TYPE%RHO_D_DZDN_F
L0365,DIVG::DIVERGENCE_PART_1,dt_alloc_component,divg.f90,214,12,BOUNDARY_PROP1_TYPE%RHO_D_DZDN_F
L0365,DIVG::DIVERGENCE_PART_1,dt_alloc_component,divg.f90,215,12,BOUNDARY_PROP1_TYPE%RHO_D_DZDN_F
L0365,DIVG::DIVERGENCE_PART_1,dt_alloc_component,divg.f90,216,12,BOUNDARY_PROP1_TYPE%RHO_D_DZDN_F
L0365,DIVG::DIVERGENCE_PART_1,write_derived_index,divg.f90,200,12,"RHO_D_DZDX(BC%IIG-1,BC%JJG,BC%KKG,N)"
L0365,DIVG::DIVERGENCE_PART_1,write_derived_index,divg.f90,201,12,"RHO_D_DZDX(BC%IIG,BC%JJG,BC%KKG,N)"
L0365,DIVG::DIVERGENCE_PART_1,write_derived_index,divg.f90,202,12,"RHO_D_DZDY(BC%IIG,BC%JJG-1,BC%KKG,N)"
L0365,DIVG::DIVERGENCE_PART_1,write_derived_index,divg.f90,203,12,"RHO_D_DZDY(BC%IIG,BC%JJG,BC%KKG,N)"
L0365,DIVG::DIVERGENCE_PART_1,write_missing_outer_index,divg.f90,137,1,"RHO_D(I,J,K)"
L0365,DIVG::DIVERGENCE_PART_1,reduction_accum,divg.f90,162,1,"D_Z_MAX(I,J,K)"
L0365,DIVG::DIVERGENCE_PART_1,pointer_reassign,divg.f90,144,5,SM
L0365,DIVG::DIVERGENCE_PART_1,pointer_reassign,divg.f90,193,5,WC
L0365,DIVG::DIVERGENCE_PART_1,pointer_reassign,divg.f90,195,5,BC
L0365,DIVG::DIVERGENCE_PART_1,pointer_reassign,divg.f90,208,5,B1
L0366,DIVG::DIVERGENCE_PART_1,alloc_ptr_local,divg.f90,249,9,RHO_D_DZDX
L0366,DIVG::DIVERGENCE_PART_1,alloc_ptr_local,divg.f90,249,9,RHO_D_DZDX
L0366,DIVG::DIVERGENCE_PART_1,alloc_ptr_local,divg.f90,249,9,RHO_D_DZDX
L0366,DIVG::DIVERGENCE_PART_1,alloc_ptr_local,divg.f90,252,9,RHO_D_DZDY
L0366,DIVG::DIVERGENCE_PART_1,write_derived_index,divg.f90,249,3,"RHO_D_DZDX(I,J,K,N)"
L0366,DIVG::DIVERGENCE_PART_1,write_derived_index,divg.f90,252,3,"RHO_D_DZDY(I,J,K,N)"
L0366,DIVG::DIVERGENCE_PART_1,write_derived_index,divg.f90,255,3,"RHO_D_DZDZ(I,J,K,N)"
L0366,DIVG::DIVERGENCE_PART_1,reduction_intrinsic,divg.f90,248,6,MAXLOC
L0366,DIVG::DIVERGENCE_PART_1,reduction_intrinsic,divg.f90,249,6,SUM
L0366,DIVG::DIVERGENCE_PART_1,reduction_intrinsic,divg.f90,251,6,MAXLOC
L0366,DIVG::DIVERGENCE_PART_1,reduction_intrinsic,divg.f90,252,6,SUM
L0369,DIVG::DIVERGENCE_PART_1,alloc_ptr_local,divg.f90,291,159,H_RHO_D_DZDX
L0369,DIVG::DIVERGENCE_PART_1,alloc_ptr_local,divg.f90,292,159,H_RHO_D_DZDY
L0369,DIVG::DIVERGENCE_PART_1,alloc_ptr_local,divg.f90,293,159,H_RHO_D_DZDZ
L0369,DIVG::DIVERGENCE_PART_1,alloc_ptr_local,divg.f90,303,159,H_RHO_D_DZDX
L0369,DIVG::DIVERGENCE_PART_1,dt_alloc_component,divg.f90,326,6,BOUNDARY_PROP1_TYPE%ZZ_F
L0369,DIVG::DIVERGENCE_PART_1,dt_alloc_component,divg.f90,327,6,BOUNDARY_PROP1_TYPE%RHO_D_F
L0369,DIVG::DIVERGENCE_PART_1,dt_alloc_component,divg.f90,327,6,BOUNDARY_PROP1_TYPE%ZZ_F
L0369,DIVG::DIVERGENCE_PART_1,dt_alloc_component,divg.f90,329,6,BOUNDARY_PROP1_TYPE%RHO_D_F
L0369,DIVG::DIVERGENCE_PART_1,write_derived_index,divg.f90,339,18,"DIF_FXS(BC%IIG,BC%JJG,BC%KKG,N)"
L0369,DIVG::DIVERGENCE_PART_1,write_derived_index,divg.f90,340,18,"DIF_FXS(BC%IIG-1,BC%JJG,BC%KKG,N)"
L0369,DIVG::DIVERGENCE_PART_1,write_derived_index,divg.f90,341,18,"DIF_FYS(BC%IIG,BC%JJG,BC%KKG,N)"
L0369,DIVG::DIVERGENCE_PART_1,write_derived_index,divg.f90,342,18,"DIF_FYS(BC%IIG,BC%JJG-1,BC%KKG,N)"
L0369,DIVG::DIVERGENCE_PART_1,reduction_accum,divg.f90,398,1,"DP(I,J,K)"
L0369,DIVG::DIVERGENCE_PART_1,reduction_intrinsic,divg.f90,326,2,MAXLOC
L0369,DIVG::DIVERGENCE_PART_1,reduction_intrinsic,divg.f90,330,2,SUM
L0369,DIVG::DIVERGENCE_PART_1,pointer_reassign,divg.f90,291,6,H_RHO_D_DZDX
L0369,DIVG::DIVERGENCE_PART_1,pointer_reassign,divg.f90,292,6,H_RHO_D_DZDY
L0369,DIVG::DIVERGENCE_PART_1,pointer_reassign,divg.f90,293,6,H_RHO_D_DZDZ
L0369,DIVG::DIVERGENCE_PART_1,pointer_reassign,divg.f90,319,6,WC
L0370,DIVG::DIVERGENCE_PART_1,alloc_ptr_local,divg.f90,438,5,ZZ_GET
L0370,DIVG::DIVERGENCE_PART_1,alloc_ptr_local,divg.f90,439,5,ZZ_GET
L0370,DIVG::DIVERGENCE_PART_1,alloc_ptr_local,divg.f90,439,5,CP
L0370,DIVG::DIVERGENCE_PART_1,alloc_ptr_local,divg.f90,440,5,R_H_G
L0371,DIVG::DIVERGENCE_PART_1,alloc_ptr_local,divg.f90,467,3,ZZ_GET
L0371,DIVG::DIVERGENCE_PART_1,alloc_ptr_local,divg.f90,468,3,ZZ_GET
L0371,DIVG::DIVERGENCE_PART_1,alloc_ptr_local,divg.f90,468,3,KP
L0372,DIVG::DIVERGENCE_PART_1,alloc_ptr_local,divg.f90,483,11,WC
L0372,DIVG::DIVERGENCE_PART_1,alloc_ptr_local,divg.f90,484,11,BC
L0372,DIVG::DIVERGENCE_PART_1,alloc_ptr_local,divg.f90,484,11,WC
L0372,DIVG::DIVERGENCE_PART_1,alloc_ptr_local,divg.f90,485,11,KP
L0372,DIVG::DIVERGENCE_PART_1,write_derived_index,divg.f90,485,1,"KP(BC%II,BC%JJ,BC%KK)"
L0372,DIVG::DIVERGENCE_PART_1,pointer_reassign,divg.f90,483,2,WC
L0372,DIVG::DIVERGENCE_PART_1,pointer_reassign,divg.f90,484,2,BC
L0373,DIVG::DIVERGENCE_PART_1,alloc_ptr_local,divg.f90,502,2,KP
L0373,DIVG::DIVERGENCE_PART_1,alloc_ptr_local,divg.f90,502,2,CP
L0374,DIVG::DIVERGENCE_PART_1,alloc_ptr_local,divg.f90,516,9,KDTDX
L0374,DIVG::DIVERGENCE_PART_1,alloc_ptr_local,divg.f90,516,9,KP
L0374,DIVG::DIVERGENCE_PART_1,alloc_ptr_local,divg.f90,516,9,KP
L0374,DIVG::DIVERGENCE_PART_1,alloc_ptr_local,divg.f90,518,9,KDTDY
L0375,DIVG::DIVERGENCE_PART_1,alloc_ptr_local,divg.f90,533,61,WC
L0375,DIVG::DIVERGENCE_PART_1,alloc_ptr_local,divg.f90,534,61,WC
L0375,DIVG::DIVERGENCE_PART_1,alloc_ptr_local,divg.f90,534,61,WC
L0375,DIVG::DIVERGENCE_PART_1,alloc_ptr_local,divg.f90,535,61,BC
L0375,DIVG::DIVERGENCE_PART_1,write_derived_index,divg.f90,544,7,"DP(BC%IIG,BC%JJG,BC%KKG)"
L0375,DIVG::DIVERGENCE_PART_1,write_derived_index,divg.f90,547,7,"KDTDX(BC%II,BC%JJ,BC%KK)"
L0375,DIVG::DIVERGENCE_PART_1,write_derived_index,divg.f90,548,7,"KDTDX(BC%II-1,BC%JJ,BC%KK)"
L0375,DIVG::DIVERGENCE_PART_1,write_derived_index,divg.f90,549,7,"KDTDY(BC%II,BC%JJ,BC%KK)"
L0375,DIVG::DIVERGENCE_PART_1,pointer_reassign,divg.f90,533,3,WC
L0375,DIVG::DIVERGENCE_PART_1,pointer_reassign,divg.f90,535,3,BC
L0375,DIVG::DIVERGENCE_PART_1,pointer_reassign,divg.f90,536,3,B1
L0376,DIVG::DIVERGENCE_PART_1,alloc_ptr_local,divg.f90,564,8,KDTDX
L0376,DIVG::DIVERGENCE_PART_1,alloc_ptr_local,divg.f90,564,8,KDTDX
L0376,DIVG::DIVERGENCE_PART_1,alloc_ptr_local,divg.f90,564,8,KDTDY
L0376,DIVG::DIVERGENCE_PART_1,alloc_ptr_local,divg.f90,564,8,KDTDY
L0377,DIVG::DIVERGENCE_PART_1,alloc_ptr_local,divg.f90,576,6,KDTDX
L0377,DIVG::DIVERGENCE_PART_1,alloc_ptr_local,divg.f90,576,6,KDTDX
L0377,DIVG::DIVERGENCE_PART_1,alloc_ptr_local,divg.f90,576,6,KDTDZ
L0377,DIVG::DIVERGENCE_PART_1,alloc_ptr_local,divg.f90,576,6,KDTDZ
L0378,DIVG::DIVERGENCE_PART_1,alloc_ptr_local,divg.f90,594,3,DP
L0378,DIVG::DIVERGENCE_PART_1,alloc_ptr_local,divg.f90,594,3,DP
L0378,DIVG::DIVERGENCE_PART_1,alloc_ptr_local,divg.f90,594,3,U_DOT_DEL_RHO_H_S
L0379,DIVG::DIVERGENCE_PART_1,alloc_ptr_local,divg.f90,612,4,RTRM
L0379,DIVG::DIVERGENCE_PART_1,alloc_ptr_local,divg.f90,613,4,DP
L0379,DIVG::DIVERGENCE_PART_1,alloc_ptr_local,divg.f90,613,4,RTRM
L0379,DIVG::DIVERGENCE_PART_1,alloc_ptr_local,divg.f90,613,4,DP
L0380,DIVG::DIVERGENCE_PART_1,alloc_ptr_local,divg.f90,625,5,RTRM
L0380,DIVG::DIVERGENCE_PART_1,alloc_ptr_local,divg.f90,625,5,R_H_G
L0380,DIVG::DIVERGENCE_PART_1,alloc_ptr_local,divg.f90,626,5,DP
L0380,DIVG::DIVERGENCE_PART_1,alloc_ptr_local,divg.f90,626,5,RTRM
L0381,DIVG::DIVERGENCE_PART_1,alloc_ptr_local,divg.f90,642,7,U_DOT_DEL_RHO_Z
L0381,DIVG::DIVERGENCE_PART_1,alloc_ptr_local,divg.f90,644,7,SM
L0381,DIVG::DIVERGENCE_PART_1,alloc_ptr_local,divg.f90,651,7,DP
L0381,DIVG::DIVERGENCE_PART_1,alloc_ptr_local,divg.f90,651,7,DP
L0381,DIVG::DIVERGENCE_PART_1,reduction_accum,divg.f90,651,1,"DP(I,J,K)"
L0381,DIVG::DIVERGENCE_PART_1,pointer_reassign,divg.f90,644,1,SM
L0382,DIVG::DIVERGENCE_PART_1,alloc_ptr_local,divg.f90,671,2,DP
L0382,DIVG::DIVERGENCE_PART_1,alloc_ptr_local,divg.f90,671,2,DP
L0383,DIVG::DIVERGENCE_PART_1,alloc_ptr_local,divg.f90,684,3,DP
L0383,DIVG::DIVERGENCE_PART_1,alloc_ptr_local,divg.f90,684,3,DP
L0383,DIVG::DIVERGENCE_PART_1,alloc_ptr_local,divg.f90,684,3,RTRM
L0384,DIVG::DIVERGENCE_PART_1,alloc_ptr_local,divg.f90,703,5,SM
L0384,DIVG::DIVERGENCE_PART_1,alloc_ptr_local,divg.f90,709,5,DP
L0384,DIVG::DIVERGENCE_PART_1,alloc_ptr_local,divg.f90,709,5,DP
L0384,DIVG::DIVERGENCE_PART_1,alloc_ptr_local,divg.f90,709,5,SM
L0384,DIVG::DIVERGENCE_PART_1,write_missing_inner_index,divg.f90,709,1,"DP(I,J,K)"
L0384,DIVG::DIVERGENCE_PART_1,pointer_reassign,divg.f90,703,1,SM
L0385,DIVG::DIVERGENCE_PART_1,alloc_ptr_local,divg.f90,739,5,DP
L0385,DIVG::DIVERGENCE_PART_1,alloc_ptr_local,divg.f90,745,5,PBAR_P
L0385,DIVG::DIVERGENCE_PART_1,alloc_ptr_local,divg.f90,747,5,PBAR_P
L0385,DIVG::DIVERGENCE_PART_1,alloc_ptr_local,divg.f90,747,5,RTRM
L0385,DIVG::DIVERGENCE_PART_1,write_derived_index,divg.f90,739,2,DSUM(IPZ)
L0385,DIVG::DIVERGENCE_PART_1,write_derived_index,divg.f90,750,2,PSUM(IPZ)
L0386,DIVG::DIVERGENCE_PART_1,alloc_ptr_local,divg.f90,758,14,WC
L0386,DIVG::DIVERGENCE_PART_1,alloc_ptr_local,divg.f90,759,14,BC
L0386,DIVG::DIVERGENCE_PART_1,alloc_ptr_local,divg.f90,759,14,WC
L0386,DIVG::DIVERGENCE_PART_1,alloc_ptr_local,divg.f90,760,14,BC
L0386,DIVG::DIVERGENCE_PART_1,write_derived_index,divg.f90,765,2,USUM(IPZ)
L0386,DIVG::DIVERGENCE_PART_1,write_derived_index,divg.f90,766,2,USUM(IPZ)
L0386,DIVG::DIVERGENCE_PART_1,pointer_reassign,divg.f90,758,3,WC
L0386,DIVG::DIVERGENCE_PART_1,pointer_reassign,divg.f90,759,3,BC
L0386,DIVG::DIVERGENCE_PART_1,pointer_reassign,divg.f90,761,3,B1
L0387,DIVG::DIVERGENCE_PART_1,alloc_ptr_local,divg.f90,771,10,CFA
L0387,DIVG::DIVERGENCE_PART_1,alloc_ptr_local,divg.f90,772,10,BC
L0387,DIVG::DIVERGENCE_PART_1,alloc_ptr_local,divg.f90,772,10,CFA
L0387,DIVG::DIVERGENCE_PART_1,alloc_ptr_local,divg.f90,773,10,B1
L0387,DIVG::DIVERGENCE_PART_1,write_derived_index,divg.f90,776,2,USUM(IPZ)
L0387,DIVG::DIVERGENCE_PART_1,write_derived_index,divg.f90,777,2,USUM(IPZ)
L0387,DIVG::DIVERGENCE_PART_1,pointer_reassign,divg.f90,771,3,CFA
L0387,DIVG::DIVERGENCE_PART_1,pointer_reassign,divg.f90,772,3,BC
L0387,DIVG::DIVERGENCE_PART_1,pointer_reassign,divg.f90,773,3,B1
L0391,DIVG::DIVERGENCE_PART_2,alloc_ptr_local,divg.f90,1535,10,PBAR_P
L0391,DIVG::DIVERGENCE_PART_2,alloc_ptr_local,divg.f90,1535,10,D_PBAR_DT_P
L0391,DIVG::DIVERGENCE_PART_2,alloc_ptr_local,divg.f90,1537,10,PBAR_P
L0391,DIVG::DIVERGENCE_PART_2,alloc_ptr_local,divg.f90,1537,10,D_PBAR_DT_P
L0393,DIVG::DIVERGENCE_PART_2,alloc_ptr_local,divg.f90,1564,1,DP
L0394,DIVG::DIVERGENCE_PART_2,alloc_ptr_local,divg.f90,1575,79,WC
L0394,DIVG::DIVERGENCE_PART_2,alloc_ptr_local,divg.f90,1576,79,WC
L0394,DIVG::DIVERGENCE_PART_2,alloc_ptr_local,divg.f90,1577,79,BC
L0394,DIVG::DIVERGENCE_PART_2,alloc_ptr_local,divg.f90,1577,79,WC
L0394,DIVG::DIVERGENCE_PART_2,write_derived_index,divg.f90,1589,7,"DP(BC%II,BC%JJ,BC%KK)"
L0394,DIVG::DIVERGENCE_PART_2,write_derived_index,divg.f90,1591,7,"DP(BC%II,BC%JJ,BC%KK)"
L0394,DIVG::DIVERGENCE_PART_2,write_derived_index,divg.f90,1593,7,"DP(BC%II,BC%JJ,BC%KK)"
L0394,DIVG::DIVERGENCE_PART_2,write_derived_index,divg.f90,1595,7,"DP(BC%II,BC%JJ,BC%KK)"
L0394,DIVG::DIVERGENCE_PART_2,pointer_reassign,divg.f90,1575,3,WC
L0394,DIVG::DIVERGENCE_PART_2,pointer_reassign,divg.f90,1577,3,BC
L0394,DIVG::DIVERGENCE_PART_2,pointer_reassign,divg.f90,1581,3,B1
L0395,DIVG::DIVERGENCE_PART_2,alloc_ptr_local,divg.f90,1614,1,DIV
L0396,DIVG::DIVERGENCE_PART_2,alloc_ptr_local,divg.f90,1624,1,DIV
L0397,DIVG::ENTHALPY_ADVECTION_NEW,alloc_ptr_local,divg.f90,817,3,ZZ_GET
L0397,DIVG::ENTHALPY_ADVECTION_NEW,alloc_ptr_local,divg.f90,818,3,ZZ_GET
L0397,DIVG::ENTHALPY_ADVECTION_NEW,alloc_ptr_local,divg.f90,819,3,RHO_H_S_P
L0398,DIVG::ENTHALPY_ADVECTION_NEW,alloc_ptr_local,divg.f90,837,227,WC
L0398,DIVG::ENTHALPY_ADVECTION_NEW,alloc_ptr_local,divg.f90,838,227,WC
L0398,DIVG::ENTHALPY_ADVECTION_NEW,alloc_ptr_local,divg.f90,839,227,BC
L0398,DIVG::ENTHALPY_ADVECTION_NEW,alloc_ptr_local,divg.f90,839,227,WC
L0398,DIVG::ENTHALPY_ADVECTION_NEW,alloc_ptr_dummy,divg.f90,937,2,U_DOT_DEL_RHO_H_S
L0398,DIVG::ENTHALPY_ADVECTION_NEW,alloc_ptr_dummy,divg.f90,937,2,U_DOT_DEL_RHO_H_S
L0398,DIVG::ENTHALPY_ADVECTION_NEW,dt_alloc_component,divg.f90,856,1,BOUNDARY_PROP1_TYPE%ZZ_F
L0398,DIVG::ENTHALPY_ADVECTION_NEW,write_derived_index,divg.f90,875,7,"FX_H_S(BC%II+1,BC%JJ,BC%KK)"
L0398,DIVG::ENTHALPY_ADVECTION_NEW,write_derived_index,divg.f90,885,7,"FX_H_S(BC%II-2,BC%JJ,BC%KK)"
L0398,DIVG::ENTHALPY_ADVECTION_NEW,write_derived_index,divg.f90,892,7,"FY_H_S(BC%II,BC%JJ+1,BC%KK)"
L0398,DIVG::ENTHALPY_ADVECTION_NEW,write_derived_index,divg.f90,899,7,"FY_H_S(BC%II,BC%JJ-2,BC%KK)"
L0398,DIVG::ENTHALPY_ADVECTION_NEW,pointer_reassign,divg.f90,837,6,WC
L0398,DIVG::ENTHALPY_ADVECTION_NEW,pointer_reassign,divg.f90,839,6,BC
L0398,DIVG::ENTHALPY_ADVECTION_NEW,pointer_reassign,divg.f90,840,6,B1
L0398,DIVG::ENTHALPY_ADVECTION_NEW,pointer_reassign,divg.f90,863,6,U_TEMP
L0399,DIVG::ENTHALPY_ADVECTION_NEW,alloc_ptr_local,divg.f90,957,12,FX_H_S
L0399,DIVG::ENTHALPY_ADVECTION_NEW,alloc_ptr_local,divg.f90,957,12,RHO_H_S_P
L0399,DIVG::ENTHALPY_ADVECTION_NEW,alloc_ptr_local,divg.f90,958,12,FX_H_S
L0399,DIVG::ENTHALPY_ADVECTION_NEW,alloc_ptr_local,divg.f90,958,12,RHO_H_S_P
L0399,DIVG::ENTHALPY_ADVECTION_NEW,alloc_ptr_dummy,divg.f90,963,2,U_DOT_DEL_RHO_H_S
L0399,DIVG::ENTHALPY_ADVECTION_NEW,alloc_ptr_dummy,divg.f90,963,2,U_DOT_DEL_RHO_H_S
L0400,DIVG::MERGE_PRESSURE_ZONES,alloc_ptr_local,divg.f90,1302,17,WC
L0400,DIVG::MERGE_PRESSURE_ZONES,alloc_ptr_local,divg.f90,1303,17,WC
L0400,DIVG::MERGE_PRESSURE_ZONES,alloc_ptr_local,divg.f90,1303,17,WC
L0400,DIVG::MERGE_PRESSURE_ZONES,alloc_ptr_local,divg.f90,1303,17,WC
L0400,DIVG::MERGE_PRESSURE_ZONES,write_derived_index,divg.f90,1309,6,"CONNECTED_ZONES(IOPZ,IPZ)"
L0400,DIVG::MERGE_PRESSURE_ZONES,write_derived_index,divg.f90,1310,6,"CONNECTED_ZONES(IPZ,IOPZ)"
L0400,DIVG::MERGE_PRESSURE_ZONES,write_derived_index,divg.f90,1313,6,"CONNECTED_ZONES(0,IPZ)"
L0400,DIVG::MERGE_PRESSURE_ZONES,write_derived_index,divg.f90,1314,6,"CONNECTED_ZONES(IPZ,0)"
L0400,DIVG::MERGE_PRESSURE_ZONES,pointer_reassign,divg.f90,1302,2,WC
L0400,DIVG::MERGE_PRESSURE_ZONES,pointer_reassign,divg.f90,1304,2,BC
L0401,DIVG::SPECIES_ADVECTION_PART_1_NEW,alloc_ptr_local,divg.f90,1001,202,RHO_Z_P
L0401,DIVG::SPECIES_ADVECTION_PART_1_NEW,alloc_ptr_local,divg.f90,1009,202,FX_P
L0401,DIVG::SPECIES_ADVECTION_PART_1_NEW,alloc_ptr_local,divg.f90,1009,202,FX_ZZ
L0401,DIVG::SPECIES_ADVECTION_PART_1_NEW,alloc_ptr_local,divg.f90,1009,202,FX_ZZ
L0401,DIVG::SPECIES_ADVECTION_PART_1_NEW,write_derived_index,divg.f90,1040,6,"FX_ZZ(BC%II+1,BC%JJ,BC%KK,N)"
L0401,DIVG::SPECIES_ADVECTION_PART_1_NEW,write_derived_index,divg.f90,1050,6,"FX_ZZ(BC%II-2,BC%JJ,BC%KK,N)"
L0401,DIVG::SPECIES_ADVECTION_PART_1_NEW,write_derived_index,divg.f90,1057,6,"FY_ZZ(BC%II,BC%JJ+1,BC%KK,N)"
L0401,DIVG::SPECIES_ADVECTION_PART_1_NEW,write_derived_index,divg.f90,1064,6,"FY_ZZ(BC%II,BC%JJ-2,BC%KK,N)"
L0401,DIVG::SPECIES_ADVECTION_PART_1_NEW,write_missing_outer_index,divg.f90,1001,1,"RHO_Z_P(I,J,K)"
L0401,DIVG::SPECIES_ADVECTION_PART_1_NEW,pointer_reassign,divg.f90,1009,9,FX_P
L0401,DIVG::SPECIES_ADVECTION_PART_1_NEW,pointer_reassign,divg.f90,1010,9,FY_P
L0401,DIVG::SPECIES_ADVECTION_PART_1_NEW,pointer_reassign,divg.f90,1011,9,FZ_P
L0401,DIVG::SPECIES_ADVECTION_PART_1_NEW,pointer_reassign,divg.f90,1017,9,U_TEMP
L0402,DIVG::SPECIES_ADVECTION_PART_1_NEW,alloc_ptr_local,divg.f90,1102,1,RHO_RMW
L0403,DIVG::SPECIES_ADVECTION_PART_1_NEW,alloc_ptr_local,divg.f90,1121,177,WC
L0403,DIVG::SPECIES_ADVECTION_PART_1_NEW,alloc_ptr_local,divg.f90,1122,177,WC
L0403,DIVG::SPECIES_ADVECTION_PART_1_NEW,alloc_ptr_local,divg.f90,1123,177,BC
L0403,DIVG::SPECIES_ADVECTION_PART_1_NEW,alloc_ptr_local,divg.f90,1123,177,WC
L0403,DIVG::SPECIES_ADVECTION_PART_1_NEW,write_derived_index,divg.f90,1139,6,"FX_ZZ(BC%II+1,BC%JJ,BC%KK,0)"
L0403,DIVG::SPECIES_ADVECTION_PART_1_NEW,write_derived_index,divg.f90,1149,6,"FX_ZZ(BC%II-2,BC%JJ,BC%KK,0)"
L0403,DIVG::SPECIES_ADVECTION_PART_1_NEW,write_derived_index,divg.f90,1156,6,"FY_ZZ(BC%II,BC%JJ+1,BC%KK,0)"
L0403,DIVG::SPECIES_ADVECTION_PART_1_NEW,write_derived_index,divg.f90,1163,6,"FY_ZZ(BC%II,BC%JJ-2,BC%KK,0)"
L0403,DIVG::SPECIES_ADVECTION_PART_1_NEW,write_missing_outer_index,divg.f90,1136,12,"Z_TEMP(0:2,1,1)"
L0403,DIVG::SPECIES_ADVECTION_PART_1_NEW,write_missing_outer_index,divg.f90,1137,12,"U_TEMP(1,1,1)"
L0403,DIVG::SPECIES_ADVECTION_PART_1_NEW,write_missing_outer_index,divg.f90,1146,12,"Z_TEMP(1:3,1,1)"
L0403,DIVG::SPECIES_ADVECTION_PART_1_NEW,write_missing_outer_index,divg.f90,1147,12,"U_TEMP(1,1,1)"
L0403,DIVG::SPECIES_ADVECTION_PART_1_NEW,pointer_reassign,divg.f90,1121,3,WC
L0403,DIVG::SPECIES_ADVECTION_PART_1_NEW,pointer_reassign,divg.f90,1123,3,BC
L0403,DIVG::SPECIES_ADVECTION_PART_1_NEW,pointer_reassign,divg.f90,1124,3,B1
L0404,DIVG::SPECIES_ADVECTION_PART_1_NEW,alloc_ptr_local,divg.f90,1194,15,FX_ZZ
L0404,DIVG::SPECIES_ADVECTION_PART_1_NEW,alloc_ptr_local,divg.f90,1196,15,FX_ZZ
L0404,DIVG::SPECIES_ADVECTION_PART_1_NEW,alloc_ptr_local,divg.f90,1196,15,FX_ZZ
L0404,DIVG::SPECIES_ADVECTION_PART_1_NEW,alloc_ptr_local,divg.f90,1196,15,FX_ZZ
L0404,DIVG::SPECIES_ADVECTION_PART_1_NEW,write_derived_index,divg.f90,1196,3,"FX_ZZ(I,J,K,N)"
L0404,DIVG::SPECIES_ADVECTION_PART_1_NEW,write_derived_index,divg.f90,1202,3,"FY_ZZ(I,J,K,N)"
L0404,DIVG::SPECIES_ADVECTION_PART_1_NEW,write_derived_index,divg.f90,1208,3,"FZ_ZZ(I,J,K,N)"
L0404,DIVG::SPECIES_ADVECTION_PART_1_NEW,reduction_intrinsic,divg.f90,1194,9,MAXLOC
L0404,DIVG::SPECIES_ADVECTION_PART_1_NEW,reduction_intrinsic,divg.f90,1196,9,SUM
L0404,DIVG::SPECIES_ADVECTION_PART_1_NEW,reduction_intrinsic,divg.f90,1196,9,SUM
L0404,DIVG::SPECIES_ADVECTION_PART_1_NEW,reduction_intrinsic,divg.f90,1200,9,MAXLOC
L0405,DIVG::SPECIES_ADVECTION_PART_2,alloc_ptr_local,divg.f90,1239,46,WC
L0405,DIVG::SPECIES_ADVECTION_PART_2,alloc_ptr_local,divg.f90,1240,46,WC
L0405,DIVG::SPECIES_ADVECTION_PART_2,alloc_ptr_local,divg.f90,1241,46,B1
L0405,DIVG::SPECIES_ADVECTION_PART_2,alloc_ptr_local,divg.f90,1241,46,WC
L0405,DIVG::SPECIES_ADVECTION_PART_2,alloc_ptr_dummy,divg.f90,1264,2,U_DOT_DEL_RHO_Z
L0405,DIVG::SPECIES_ADVECTION_PART_2,alloc_ptr_dummy,divg.f90,1264,2,U_DOT_DEL_RHO_Z
L0405,DIVG::SPECIES_ADVECTION_PART_2,dt_alloc_component,divg.f90,1263,1,BOUNDARY_PROP1_TYPE%ZZ_F
L0405,DIVG::SPECIES_ADVECTION_PART_2,write_derived_index,divg.f90,1264,1,"U_DOT_DEL_RHO_Z(BC%IIG,BC%JJG,BC%KKG)"
L0405,DIVG::SPECIES_ADVECTION_PART_2,pointer_reassign,divg.f90,1239,3,WC
L0405,DIVG::SPECIES_ADVECTION_PART_2,pointer_reassign,divg.f90,1241,3,B1
L0405,DIVG::SPECIES_ADVECTION_PART_2,pointer_reassign,divg.f90,1242,3,BC
L0406,DIVG::SPECIES_ADVECTION_PART_2,alloc_ptr_local,divg.f90,1280,6,FX_ZZ
L0406,DIVG::SPECIES_ADVECTION_PART_2,alloc_ptr_local,divg.f90,1281,6,FX_ZZ
L0406,DIVG::SPECIES_ADVECTION_PART_2,alloc_ptr_local,divg.f90,1282,6,FY_ZZ
L0406,DIVG::SPECIES_ADVECTION_PART_2,alloc_ptr_local,divg.f90,1283,6,FY_ZZ
L0406,DIVG::SPECIES_ADVECTION_PART_2,alloc_ptr_dummy,divg.f90,1286,2,U_DOT_DEL_RHO_Z
L0406,DIVG::SPECIES_ADVECTION_PART_2,alloc_ptr_dummy,divg.f90,1286,2,U_DOT_DEL_RHO_Z
L0407,DUMP::COMPUTE_PARTICLE_FLUXES,alloc_ptr_local,dump.f90,12728,41,LP
L0407,DUMP::COMPUTE_PARTICLE_FLUXES,alloc_ptr_local,dump.f90,12729,41,LPC
L0407,DUMP::COMPUTE_PARTICLE_FLUXES,alloc_ptr_local,dump.f90,12729,41,LP
L0407,DUMP::COMPUTE_PARTICLE_FLUXES,alloc_ptr_local,dump.f90,12730,41,BC
L0407,DUMP::COMPUTE_PARTICLE_FLUXES,write_derived_index,dump.f90,12739,3,"WFX(BC%IIG,BC%JJG,BC%KKG)"
L0407,DUMP::COMPUTE_PARTICLE_FLUXES,write_derived_index,dump.f90,12740,3,"WFY(BC%IIG,BC%JJG,BC%KKG)"
L0407,DUMP::COMPUTE_PARTICLE_FLUXES,write_derived_index,dump.f90,12741,3,"WFZ(BC%IIG,BC%JJG,BC%KKG)"
L0407,DUMP::COMPUTE_PARTICLE_FLUXES,pointer_reassign,dump.f90,12728,3,LP
L0407,DUMP::COMPUTE_PARTICLE_FLUXES,pointer_reassign,dump.f90,12729,3,LPC
L0407,DUMP::COMPUTE_PARTICLE_FLUXES,pointer_reassign,dump.f90,12730,3,BC
L0408,DUMP::COMPUTE_PARTICLE_FLUXES,alloc_ptr_local,dump.f90,12747,24,WC
L0408,DUMP::COMPUTE_PARTICLE_FLUXES,alloc_ptr_local,dump.f90,12748,24,BC
L0408,DUMP::COMPUTE_PARTICLE_FLUXES,alloc_ptr_local,dump.f90,12748,24,WC
L0408,DUMP::COMPUTE_PARTICLE_FLUXES,alloc_ptr_local,dump.f90,12749,24,BC
L0408,DUMP::COMPUTE_PARTICLE_FLUXES,write_derived_index,dump.f90,12751,3,"WFX(BC%II,BC%JJ,BC%KK)"
L0408,DUMP::COMPUTE_PARTICLE_FLUXES,write_derived_index,dump.f90,12752,3,"WFY(BC%II,BC%JJ,BC%KK)"
L0408,DUMP::COMPUTE_PARTICLE_FLUXES,write_derived_index,dump.f90,12753,3,"WFZ(BC%II,BC%JJ,BC%KK)"
L0408,DUMP::COMPUTE_PARTICLE_FLUXES,pointer_reassign,dump.f90,12747,2,WC
L0408,DUMP::COMPUTE_PARTICLE_FLUXES,pointer_reassign,dump.f90,12748,2,BC
L0417,DUMP::DUMP_CFACES_GEOM,alloc_ptr_local,dump.f90,6383,1,VERTS
L0417,DUMP::DUMP_CFACES_GEOM,dt_alloc_component,dump.f90,6382,1,CC_CUTFACE_TYPE%INT_XN
L0433,DUMP::DUMP_ISOF,alloc_ptr_local,dump.f90,4892,1,B
L0434,DUMP::DUMP_ISOF,alloc_ptr_local,dump.f90,4907,9,B
L0434,DUMP::DUMP_ISOF,alloc_ptr_local,dump.f90,4907,9,B
L0434,DUMP::DUMP_ISOF,alloc_ptr_local,dump.f90,4907,9,B
L0434,DUMP::DUMP_ISOF,alloc_ptr_local,dump.f90,4907,9,B
L0435,DUMP::DUMP_ISOF,io,dump.f90,5024,4,OPEN
L0435,DUMP::DUMP_ISOF,io,dump.f90,5025,4,OPEN
L0435,DUMP::DUMP_ISOF,io,dump.f90,5038,4,CLOSE
L0435,DUMP::DUMP_ISOF,io,dump.f90,5039,4,CLOSE
L0435,DUMP::DUMP_ISOF,alloc_ptr_local,dump.f90,4919,61,IS
L0435,DUMP::DUMP_ISOF,alloc_ptr_local,dump.f90,4926,61,IS
L0435,DUMP::DUMP_ISOF,alloc_ptr_local,dump.f90,4944,61,QUANTITY
L0435,DUMP::DUMP_ISOF,alloc_ptr_local,dump.f90,4944,61,IS
L0435,DUMP::DUMP_ISOF,write_derived_index,dump.f90,5012,1,"QQ2(I,J,K,1)"
L0435,DUMP::DUMP_ISOF,write_missing_outer_index,dump.f90,4934,4,"QQ(I,J,K,1)"
L0435,DUMP::DUMP_ISOF,write_missing_outer_index,dump.f90,4944,4,"QUANTITY(I,J,K)"
L0435,DUMP::DUMP_ISOF,write_missing_outer_index,dump.f90,4957,4,"QQ(I,J,K,1)"
L0435,DUMP::DUMP_ISOF,write_missing_outer_index,dump.f90,4986,4,"QQ2(I,J,K,1)"
L0435,DUMP::DUMP_ISOF,string_op,dump.f90,5024,2,FN_ISOF
L0435,DUMP::DUMP_ISOF,string_op,dump.f90,5025,2,FN_ISOF2
L0435,DUMP::DUMP_ISOF,pointer_reassign,dump.f90,4919,2,IS
L0435,DUMP::DUMP_ISOF,pointer_reassign,dump.f90,4972,2,QUANTITY2
L0452,DUMP::DUMP_MMS,io,dump.f90,13131,1,WRITE
L0452,DUMP::DUMP_MMS,string_op,dump.f90,13131,4,SEPARATOR
L0452,DUMP::DUMP_MMS,string_op,dump.f90,13131,4,SEPARATOR
L0452,DUMP::DUMP_MMS,string_op,dump.f90,13131,4,SEPARATOR
L0452,DUMP::DUMP_MMS,string_op,dump.f90,13131,4,SEPARATOR
L0453,DUMP::DUMP_PART,io,dump.f90,4565,7,WRITE
L0453,DUMP::DUMP_PART,io,dump.f90,4566,7,WRITE
L0453,DUMP::DUMP_PART,io,dump.f90,4567,7,WRITE
L0453,DUMP::DUMP_PART,io,dump.f90,4573,7,WRITE
L0453,DUMP::DUMP_PART,alloc,dump.f90,4538,10,ALLOCATE
L0453,DUMP::DUMP_PART,alloc,dump.f90,4539,10,ALLOCATE
L0453,DUMP::DUMP_PART,alloc,dump.f90,4540,10,ALLOCATE
L0453,DUMP::DUMP_PART,alloc,dump.f90,4541,10,ALLOCATE
L0453,DUMP::DUMP_PART,alloc_ptr_local,dump.f90,4526,49,LPC
L0453,DUMP::DUMP_PART,alloc_ptr_local,dump.f90,4532,49,LP
L0453,DUMP::DUMP_PART,alloc_ptr_local,dump.f90,4533,49,LP
L0453,DUMP::DUMP_PART,alloc_ptr_local,dump.f90,4533,49,LP
L0453,DUMP::DUMP_PART,write_derived_index,dump.f90,4553,5,TA(NPP)
L0453,DUMP::DUMP_PART,write_derived_index,dump.f90,4554,5,XP(NPP)
L0453,DUMP::DUMP_PART,write_derived_index,dump.f90,4555,5,YP(NPP)
L0453,DUMP::DUMP_PART,write_derived_index,dump.f90,4556,5,ZP(NPP)
L0453,DUMP::DUMP_PART,pointer_reassign,dump.f90,4526,4,LPC
L0453,DUMP::DUMP_PART,pointer_reassign,dump.f90,4532,4,LP
L0453,DUMP::DUMP_PART,pointer_reassign,dump.f90,4548,4,LP
L0453,DUMP::DUMP_PART,pointer_reassign,dump.f90,4549,4,BC
L0454,DUMP::DUMP_PART_VTKHDF,io,dump.f90,4673,1,WRITE
L0454,DUMP::DUMP_PART_VTKHDF,alloc,dump.f90,4761,8,ALLOCATE
L0454,DUMP::DUMP_PART_VTKHDF,alloc,dump.f90,4762,8,ALLOCATE
L0454,DUMP::DUMP_PART_VTKHDF,alloc,dump.f90,4763,8,ALLOCATE
L0454,DUMP::DUMP_PART_VTKHDF,alloc,dump.f90,4764,8,ALLOCATE
L0454,DUMP::DUMP_PART_VTKHDF,alloc_ptr_local,dump.f90,4671,43,LPC
L0454,DUMP::DUMP_PART_VTKHDF,alloc_ptr_local,dump.f90,4673,43,LPC
L0454,DUMP::DUMP_PART_VTKHDF,alloc_ptr_local,dump.f90,4721,43,LPC
L0454,DUMP::DUMP_PART_VTKHDF,alloc_ptr_local,dump.f90,4724,43,LPC
L0454,DUMP::DUMP_PART_VTKHDF,write_derived_index,dump.f90,4775,5,TA(NPP)
L0454,DUMP::DUMP_PART_VTKHDF,write_derived_index,dump.f90,4776,5,"VERTICES(:,NPP)"
L0454,DUMP::DUMP_PART_VTKHDF,write_derived_index,dump.f90,4778,5,"QP(NPP,NN)"
L0454,DUMP::DUMP_PART_VTKHDF,write_derived_index,dump.f90,4783,5,"COLORS(1:3,NPP)"
L0454,DUMP::DUMP_PART_VTKHDF,reduction_intrinsic,dump.f90,4684,9,MAXVAL
L0454,DUMP::DUMP_PART_VTKHDF,reduction_intrinsic,dump.f90,4690,9,SUM
L0454,DUMP::DUMP_PART_VTKHDF,reduction_intrinsic,dump.f90,4701,9,SUM
L0454,DUMP::DUMP_PART_VTKHDF,reduction_intrinsic,dump.f90,4711,9,SUM
L0454,DUMP::DUMP_PART_VTKHDF,string_op,dump.f90,4673,5,FILENAME
L0454,DUMP::DUMP_PART_VTKHDF,string_op,dump.f90,4673,5,VTK_DIR
L0454,DUMP::DUMP_PART_VTKHDF,string_op,dump.f90,4673,5,CHID
L0454,DUMP::DUMP_PART_VTKHDF,string_op,dump.f90,4673,5,//
L0454,DUMP::DUMP_PART_VTKHDF,pointer_reassign,dump.f90,4671,4,LPC
L0454,DUMP::DUMP_PART_VTKHDF,pointer_reassign,dump.f90,4755,4,LP
L0454,DUMP::DUMP_PART_VTKHDF,pointer_reassign,dump.f90,4769,4,LP
L0454,DUMP::DUMP_PART_VTKHDF,pointer_reassign,dump.f90,4770,4,BC
L0454,DUMP::DUMP_PART_VTKHDF,mpi_call,dump.f90,4734,2,MPI_BARRIER
L0454,DUMP::DUMP_PART_VTKHDF,mpi_call,dump.f90,4842,2,MPI_BARRIER
L0454,DUMP::DUMP_PART_VTKHDF,library_call,dump.f90,4679,15,H5DOPEN_F
L0454,DUMP::DUMP_PART_VTKHDF,library_call,dump.f90,4681,15,H5DREAD_F
L0454,DUMP::DUMP_PART_VTKHDF,library_call,dump.f90,4682,15,H5DCLOSE_F
L0454,DUMP::DUMP_PART_VTKHDF,library_call,dump.f90,4697,15,H5DCLOSE_F
L0461,DUMP::DUMP_RESTART,io,dump.f90,3982,2,WRITE
L0461,DUMP::DUMP_RESTART,io,dump.f90,3983,2,WRITE
L0461,DUMP::DUMP_RESTART,alloc_ptr_local,dump.f90,3979,9,WC
L0461,DUMP::DUMP_RESTART,alloc_ptr_local,dump.f90,3981,9,OS
L0461,DUMP::DUMP_RESTART,alloc_ptr_local,dump.f90,3981,9,WC
L0461,DUMP::DUMP_RESTART,alloc_ptr_local,dump.f90,3981,9,WC
L0461,DUMP::DUMP_RESTART,dt_alloc_component,dump.f90,3983,3,STORAGE_TYPE%REALS
L0461,DUMP::DUMP_RESTART,dt_alloc_component,dump.f90,3983,3,STORAGE_TYPE%INTEGERS
L0461,DUMP::DUMP_RESTART,dt_alloc_component,dump.f90,3983,3,STORAGE_TYPE%LOGICALS
L0461,DUMP::DUMP_RESTART,pointer_reassign,dump.f90,3979,1,WC
L0462,DUMP::DUMP_RESTART,io,dump.f90,3992,2,WRITE
L0462,DUMP::DUMP_RESTART,io,dump.f90,3993,2,WRITE
L0462,DUMP::DUMP_RESTART,alloc_ptr_local,dump.f90,3989,8,TW
L0462,DUMP::DUMP_RESTART,alloc_ptr_local,dump.f90,3991,8,OS
L0462,DUMP::DUMP_RESTART,alloc_ptr_local,dump.f90,3991,8,TW
L0462,DUMP::DUMP_RESTART,alloc_ptr_local,dump.f90,3991,8,TW
L0462,DUMP::DUMP_RESTART,dt_alloc_component,dump.f90,3993,3,STORAGE_TYPE%REALS
L0462,DUMP::DUMP_RESTART,dt_alloc_component,dump.f90,3993,3,STORAGE_TYPE%INTEGERS
L0462,DUMP::DUMP_RESTART,dt_alloc_component,dump.f90,3993,3,STORAGE_TYPE%LOGICALS
L0462,DUMP::DUMP_RESTART,pointer_reassign,dump.f90,3989,1,TW
L0463,DUMP::DUMP_RESTART,io,dump.f90,4002,2,WRITE
L0463,DUMP::DUMP_RESTART,io,dump.f90,4003,2,WRITE
L0463,DUMP::DUMP_RESTART,alloc_ptr_local,dump.f90,3999,8,CFA
L0463,DUMP::DUMP_RESTART,alloc_ptr_local,dump.f90,4001,8,OS
L0463,DUMP::DUMP_RESTART,alloc_ptr_local,dump.f90,4001,8,CFA
L0463,DUMP::DUMP_RESTART,alloc_ptr_local,dump.f90,4001,8,CFA
L0463,DUMP::DUMP_RESTART,dt_alloc_component,dump.f90,4003,3,STORAGE_TYPE%REALS
L0463,DUMP::DUMP_RESTART,dt_alloc_component,dump.f90,4003,3,STORAGE_TYPE%INTEGERS
L0463,DUMP::DUMP_RESTART,dt_alloc_component,dump.f90,4003,3,STORAGE_TYPE%LOGICALS
L0463,DUMP::DUMP_RESTART,pointer_reassign,dump.f90,3999,1,CFA
L0464,DUMP::DUMP_RESTART,io,dump.f90,4013,2,WRITE
L0464,DUMP::DUMP_RESTART,io,dump.f90,4014,2,WRITE
L0464,DUMP::DUMP_RESTART,alloc_ptr_local,dump.f90,4008,12,LP
L0464,DUMP::DUMP_RESTART,alloc_ptr_local,dump.f90,4009,12,LPC
L0464,DUMP::DUMP_RESTART,alloc_ptr_local,dump.f90,4009,12,LP
L0464,DUMP::DUMP_RESTART,alloc_ptr_local,dump.f90,4010,12,OS
L0464,DUMP::DUMP_RESTART,dt_alloc_component,dump.f90,4014,3,STORAGE_TYPE%REALS
L0464,DUMP::DUMP_RESTART,dt_alloc_component,dump.f90,4014,3,STORAGE_TYPE%INTEGERS
L0464,DUMP::DUMP_RESTART,dt_alloc_component,dump.f90,4014,3,STORAGE_TYPE%LOGICALS
L0464,DUMP::DUMP_RESTART,pointer_reassign,dump.f90,4008,3,LP
L0464,DUMP::DUMP_RESTART,pointer_reassign,dump.f90,4009,3,LPC
L0464,DUMP::DUMP_RESTART,pointer_reassign,dump.f90,4010,3,OS
L0467,DUMP::DUMP_ROTCUBE_MMS,reduction_accum,dump.f90,12915,1,NTOT_U = NTOT_U ...
L0468,DUMP::DUMP_ROTCUBE_MMS,reduction_accum,dump.f90,12924,1,NTOT_W = NTOT_W ...
L0469,DUMP::DUMP_ROTCUBE_MMS,reduction_accum,dump.f90,12934,2,NTOT_U = NTOT_U ...
L0469,DUMP::DUMP_ROTCUBE_MMS,reduction_accum,dump.f90,12936,2,NTOT_W = NTOT_W ...
L0470,DUMP::DUMP_ROTCUBE_MMS,reduction_accum,dump.f90,12945,1,NTOT_C = NTOT_C ...
L0471,DUMP::DUMP_ROTCUBE_MMS,reduction_accum,dump.f90,12950,1,NTOT_C = NTOT_C ...
L0472,DUMP::DUMP_ROTCUBE_MMS,io,dump.f90,12961,1,WRITE
L0473,DUMP::DUMP_ROTCUBE_MMS,io,dump.f90,12973,1,WRITE
L0473,DUMP::DUMP_ROTCUBE_MMS,dt_alloc_component,dump.f90,12973,4,CC_CUTFACE_TYPE%XYZCEN
L0473,DUMP::DUMP_ROTCUBE_MMS,dt_alloc_component,dump.f90,12973,4,CC_CUTFACE_TYPE%XYZCEN
L0473,DUMP::DUMP_ROTCUBE_MMS,dt_alloc_component,dump.f90,12973,4,CC_CUTFACE_TYPE%AREA
L0473,DUMP::DUMP_ROTCUBE_MMS,dt_alloc_component,dump.f90,12973,4,CC_CUTFACE_TYPE%VEL
L0474,DUMP::DUMP_ROTCUBE_MMS,io,dump.f90,12984,1,WRITE
L0475,DUMP::DUMP_ROTCUBE_MMS,io,dump.f90,12996,1,WRITE
L0475,DUMP::DUMP_ROTCUBE_MMS,dt_alloc_component,dump.f90,12996,4,CC_CUTFACE_TYPE%XYZCEN
L0475,DUMP::DUMP_ROTCUBE_MMS,dt_alloc_component,dump.f90,12996,4,CC_CUTFACE_TYPE%XYZCEN
L0475,DUMP::DUMP_ROTCUBE_MMS,dt_alloc_component,dump.f90,12996,4,CC_CUTFACE_TYPE%AREA
L0475,DUMP::DUMP_ROTCUBE_MMS,dt_alloc_component,dump.f90,12996,4,CC_CUTFACE_TYPE%VEL
L0476,DUMP::DUMP_ROTCUBE_MMS,io,dump.f90,13008,1,WRITE
L0477,DUMP::DUMP_ROTCUBE_MMS,io,dump.f90,13016,1,WRITE
L0477,DUMP::DUMP_ROTCUBE_MMS,dt_alloc_component,dump.f90,13016,7,CC_CUTCELL_TYPE%XYZCEN
L0477,DUMP::DUMP_ROTCUBE_MMS,dt_alloc_component,dump.f90,13016,7,CC_CUTCELL_TYPE%XYZCEN
L0477,DUMP::DUMP_ROTCUBE_MMS,dt_alloc_component,dump.f90,13016,7,CC_CUTCELL_TYPE%VOLUME
L0477,DUMP::DUMP_ROTCUBE_MMS,dt_alloc_component,dump.f90,13016,7,CC_CUTCELL_TYPE%ZZ
L0478,DUMP::DUMP_ROTCUBE_MMS,reduction_accum,dump.f90,13030,1,NTOT_U = NTOT_U ...
L0479,DUMP::DUMP_ROTCUBE_MMS,reduction_accum,dump.f90,13039,1,NTOT_W = NTOT_W ...
L0480,DUMP::DUMP_ROTCUBE_MMS,reduction_accum,dump.f90,13048,1,NTOT_C = NTOT_C ...
L0481,DUMP::DUMP_ROTCUBE_MMS,io,dump.f90,13061,1,WRITE
L0482,DUMP::DUMP_ROTCUBE_MMS,io,dump.f90,13071,1,WRITE
L0483,DUMP::DUMP_ROTCUBE_MMS,io,dump.f90,13081,1,WRITE
L0485,DUMP::DUMP_SLCF,alloc_ptr_local,dump.f90,6809,9,B
L0485,DUMP::DUMP_SLCF,alloc_ptr_local,dump.f90,6809,9,B
L0485,DUMP::DUMP_SLCF,alloc_ptr_local,dump.f90,6809,9,B
L0485,DUMP::DUMP_SLCF,alloc_ptr_local,dump.f90,6809,9,B
L0487,DUMP::DUMP_SLCF,io,dump.f90,7025,24,OPEN
L0487,DUMP::DUMP_SLCF,io,dump.f90,7026,24,WRITE
L0487,DUMP::DUMP_SLCF,io,dump.f90,7027,24,WRITE
L0487,DUMP::DUMP_SLCF,io,dump.f90,7031,24,WRITE
L0487,DUMP::DUMP_SLCF,alloc,dump.f90,7042,2,ALLOCATE
L0487,DUMP::DUMP_SLCF,alloc,dump.f90,7056,2,DEALLOCATE
L0487,DUMP::DUMP_SLCF,alloc_ptr_local,dump.f90,6887,50,SL
L0487,DUMP::DUMP_SLCF,alloc_ptr_local,dump.f90,6888,50,SL
L0487,DUMP::DUMP_SLCF,alloc_ptr_local,dump.f90,6889,50,SL
L0487,DUMP::DUMP_SLCF,alloc_ptr_local,dump.f90,6890,50,SL
L0487,DUMP::DUMP_SLCF,write_derived_index,dump.f90,6950,8,"QUANTITY(I,J,K1)"
L0487,DUMP::DUMP_SLCF,write_derived_index,dump.f90,6973,8,"QQ(I,J,K1,IQQ)"
L0487,DUMP::DUMP_SLCF,write_derived_index,dump.f90,6983,8,"QQ(I,J,K,IQQ)"
L0487,DUMP::DUMP_SLCF,write_derived_index,dump.f90,6995,8,"QQ(I,J,K,IQQ)"
L0487,DUMP::DUMP_SLCF,write_missing_outer_index,dump.f90,6940,1,"QUANTITY(I,J,K)"
L0487,DUMP::DUMP_SLCF,reduction_accum,dump.f90,6946,1,NTSL = NTSL ...
L0487,DUMP::DUMP_SLCF,string_op,dump.f90,7025,11,FN_SLCF
L0487,DUMP::DUMP_SLCF,string_op,dump.f90,7037,11,FN_SLCF
L0487,DUMP::DUMP_SLCF,string_op,dump.f90,7094,11,FN_SLCF
L0487,DUMP::DUMP_SLCF,string_op,dump.f90,7107,11,FN_SLCF
L0487,DUMP::DUMP_SLCF,pointer_reassign,dump.f90,6887,2,SL
L0487,DUMP::DUMP_SLCF,pointer_reassign,dump.f90,7022,2,SL
L0487,DUMP::DUMP_SLCF,module_global_write,dump.f90,6885,2,DRY
L0487,DUMP::DUMP_SLCF,module_global_write,dump.f90,6902,2,DRY
L0488,DUMP::DUMP_SLCF,io,dump.f90,7179,1,WRITE
L0489,DUMP::DUMP_SLCF,reduction_accum,dump.f90,7191,2,PLOT3D_MIN = PLOT3D_MIN ...
L0489,DUMP::DUMP_SLCF,reduction_accum,dump.f90,7192,2,PLOT3D_MAX = PLOT3D_MAX ...
L0492,DUMP::DUMP_SLCF_VTK,alloc_ptr_local,dump.f90,7428,9,B
L0492,DUMP::DUMP_SLCF_VTK,alloc_ptr_local,dump.f90,7428,9,B
L0492,DUMP::DUMP_SLCF_VTK,alloc_ptr_local,dump.f90,7428,9,B
L0492,DUMP::DUMP_SLCF_VTK,alloc_ptr_local,dump.f90,7428,9,B
L0493,DUMP::DUMP_SLCF_VTK,io,dump.f90,7451,1,WRITE
L0493,DUMP::DUMP_SLCF_VTK,alloc,dump.f90,7459,7,ALLOCATE
L0493,DUMP::DUMP_SLCF_VTK,alloc,dump.f90,7461,7,DEALLOCATE
L0493,DUMP::DUMP_SLCF_VTK,alloc,dump.f90,7478,7,ALLOCATE
L0493,DUMP::DUMP_SLCF_VTK,alloc,dump.f90,7480,7,DEALLOCATE
L0493,DUMP::DUMP_SLCF_VTK,alloc_ptr_local,dump.f90,7459,46,QQ_PACK
L0493,DUMP::DUMP_SLCF_VTK,alloc_ptr_local,dump.f90,7460,46,QQ_PACK
L0493,DUMP::DUMP_SLCF_VTK,alloc_ptr_local,dump.f90,7461,46,QQ_PACK
L0493,DUMP::DUMP_SLCF_VTK,alloc_ptr_local,dump.f90,7469,46,SL
L0493,DUMP::DUMP_SLCF_VTK,dt_alloc_component,dump.f90,7447,9,MESH_TYPE%UNIQUE_SLICE_IN_DOMAIN
L0493,DUMP::DUMP_SLCF_VTK,dt_alloc_component,dump.f90,7448,9,MESH_TYPE%UNIQUE_SLICE_IS_SL3D
L0493,DUMP::DUMP_SLCF_VTK,dt_alloc_component,dump.f90,7449,9,MESH_TYPE%UNIQUE_SLCF_AGL
L0493,DUMP::DUMP_SLCF_VTK,dt_alloc_component,dump.f90,7450,9,MESH_TYPE%UNIQUE_SLICE_NAMES
L0493,DUMP::DUMP_SLCF_VTK,write_derived_index,dump.f90,7532,9,"QUANTITY(I,J,K1)"
L0493,DUMP::DUMP_SLCF_VTK,write_derived_index,dump.f90,7542,9,"QUANTITY(I,J,K1)"
L0493,DUMP::DUMP_SLCF_VTK,write_derived_index,dump.f90,7565,9,"QQ(I,J,K1,IQQ)"
L0493,DUMP::DUMP_SLCF_VTK,write_derived_index,dump.f90,7575,9,"QQ(I,J,K,IQQ)"
L0493,DUMP::DUMP_SLCF_VTK,reduction_accum,dump.f90,7449,1,NTSL = NTSL ...
L0493,DUMP::DUMP_SLCF_VTK,string_op,dump.f90,7450,15,SLCFNAME
L0493,DUMP::DUMP_SLCF_VTK,string_op,dump.f90,7451,15,FILENAME
L0493,DUMP::DUMP_SLCF_VTK,string_op,dump.f90,7451,15,VTK_DIR
L0493,DUMP::DUMP_SLCF_VTK,string_op,dump.f90,7451,15,CHID
L0493,DUMP::DUMP_SLCF_VTK,pointer_reassign,dump.f90,7469,2,SL
L0493,DUMP::DUMP_SLCF_VTK,pointer_reassign,dump.f90,7485,2,SL
L0495,DUMP::DUMP_SMOKE3D,alloc,dump.f90,5108,2,ALLOCATE
L0495,DUMP::DUMP_SMOKE3D,alloc,dump.f90,5111,2,DEALLOCATE
L0495,DUMP::DUMP_SMOKE3D,alloc_ptr_local,dump.f90,5071,18,S3
L0495,DUMP::DUMP_SMOKE3D,alloc_ptr_local,dump.f90,5072,18,S3
L0495,DUMP::DUMP_SMOKE3D,alloc_ptr_local,dump.f90,5079,18,FF
L0495,DUMP::DUMP_SMOKE3D,alloc_ptr_local,dump.f90,5079,18,S3
L0495,DUMP::DUMP_SMOKE3D,dt_alloc_component,dump.f90,5099,1,MESH_TYPE%VERTVAR
L0495,DUMP::DUMP_SMOKE3D,write_missing_outer_index,dump.f90,5079,3,"FF(I,J,K)"
L0495,DUMP::DUMP_SMOKE3D,write_missing_outer_index,dump.f90,5089,3,"QQ(I,J,K,1)"
L0495,DUMP::DUMP_SMOKE3D,write_missing_outer_index,dump.f90,5100,3,"QQ(I,J,K,1)"
L0495,DUMP::DUMP_SMOKE3D,pointer_reassign,dump.f90,5071,1,S3
L0496,DUMP::DUMP_SMOKE3D_VTKHDF,io,dump.f90,5226,1,WRITE
L0496,DUMP::DUMP_SMOKE3D_VTKHDF,alloc,dump.f90,5215,6,ALLOCATE
L0496,DUMP::DUMP_SMOKE3D_VTKHDF,alloc,dump.f90,5217,6,DEALLOCATE
L0496,DUMP::DUMP_SMOKE3D_VTKHDF,alloc,dump.f90,5233,6,ALLOCATE
L0496,DUMP::DUMP_SMOKE3D_VTKHDF,alloc,dump.f90,5247,6,ALLOCATE
L0496,DUMP::DUMP_SMOKE3D_VTKHDF,alloc_ptr_local,dump.f90,5211,31,S3
L0496,DUMP::DUMP_SMOKE3D_VTKHDF,alloc_ptr_local,dump.f90,5212,31,S3
L0496,DUMP::DUMP_SMOKE3D_VTKHDF,alloc_ptr_local,dump.f90,5215,31,QQ_PACK
L0496,DUMP::DUMP_SMOKE3D_VTKHDF,alloc_ptr_local,dump.f90,5216,31,S3
L0496,DUMP::DUMP_SMOKE3D_VTKHDF,write_derived_index,dump.f90,5239,1,QQ_PACK(IFACT)
L0496,DUMP::DUMP_SMOKE3D_VTKHDF,save_var,dump.f90,5230,3,I1
L0496,DUMP::DUMP_SMOKE3D_VTKHDF,save_var,dump.f90,5231,3,J1
L0496,DUMP::DUMP_SMOKE3D_VTKHDF,save_var,dump.f90,5232,3,K1
L0496,DUMP::DUMP_SMOKE3D_VTKHDF,string_op,dump.f90,5216,6,FILENAME
L0496,DUMP::DUMP_SMOKE3D_VTKHDF,string_op,dump.f90,5226,6,FN_SMOKE3D_VTK
L0496,DUMP::DUMP_SMOKE3D_VTKHDF,string_op,dump.f90,5226,6,VTK_DIR
L0496,DUMP::DUMP_SMOKE3D_VTKHDF,string_op,dump.f90,5226,6,CHID
L0496,DUMP::DUMP_SMOKE3D_VTKHDF,pointer_reassign,dump.f90,5211,1,S3
L0497,DUMP::DUMP_SPEC,io,dump.f90,12867,1,WRITE
L0497,DUMP::DUMP_SPEC,string_op,dump.f90,12867,1,TCFORM
L0498,DUMP::DUMP_TMP,io,dump.f90,12838,1,WRITE
L0499,DUMP::DUMP_UVW,io,dump.f90,12810,1,WRITE
L0499,DUMP::DUMP_UVW,string_op,dump.f90,12810,1,TCFORM
L0524,DUMP::GAS_PHASE_OUTPUT,alloc_ptr_local,dump.f90,9711,73,LP
L0524,DUMP::GAS_PHASE_OUTPUT,alloc_ptr_local,dump.f90,9712,73,LPC
L0524,DUMP::GAS_PHASE_OUTPUT,alloc_ptr_local,dump.f90,9712,73,LP
L0524,DUMP::GAS_PHASE_OUTPUT,alloc_ptr_local,dump.f90,9713,73,PY
L0524,DUMP::GAS_PHASE_OUTPUT,dt_alloc_component,dump.f90,9729,3,SPECIES_TYPE%C_P_L_BAR
L0524,DUMP::GAS_PHASE_OUTPUT,dt_alloc_component,dump.f90,9729,3,SPECIES_TYPE%C_P_L_BAR
L0524,DUMP::GAS_PHASE_OUTPUT,dt_alloc_component,dump.f90,9766,3,DEVICE_TYPE%HISTOGRAM_COUNTS
L0524,DUMP::GAS_PHASE_OUTPUT,reduction_accum,dump.f90,9760,3,DV%PDPA_NUMER
L0524,DUMP::GAS_PHASE_OUTPUT,reduction_accum,dump.f90,9761,3,DV%PDPA_DENOM
L0524,DUMP::GAS_PHASE_OUTPUT,reduction_accum,dump.f90,9763,3,DV%PDPA_NUMER
L0524,DUMP::GAS_PHASE_OUTPUT,pointer_reassign,dump.f90,9711,6,LP
L0524,DUMP::GAS_PHASE_OUTPUT,pointer_reassign,dump.f90,9712,6,LPC
L0524,DUMP::GAS_PHASE_OUTPUT,pointer_reassign,dump.f90,9714,6,BC
L0524,DUMP::GAS_PHASE_OUTPUT,pointer_reassign,dump.f90,9717,6,B1
L0525,DUMP::GAS_PHASE_OUTPUT,dt_alloc_component,dump.f90,9966,37,CC_CUTCELL_TYPE%ZZ
L0525,DUMP::GAS_PHASE_OUTPUT,dt_alloc_component,dump.f90,9969,37,CC_CUTCELL_TYPE%ZZ
L0525,DUMP::GAS_PHASE_OUTPUT,dt_alloc_component,dump.f90,9974,37,CC_CUTCELL_TYPE%ZZ
L0525,DUMP::GAS_PHASE_OUTPUT,dt_alloc_component,dump.f90,9979,37,CC_CUTCELL_TYPE%VOLUME
L0525,DUMP::GAS_PHASE_OUTPUT,exit_out_of_nest,dump.f90,9982,1,EXIT CCVAR_IF
L0525,DUMP::GAS_PHASE_OUTPUT,return,dump.f90,10022,1,
L0525,DUMP::GAS_PHASE_OUTPUT,reduction_accum,dump.f90,9979,17,VC = VC ...
L0525,DUMP::GAS_PHASE_OUTPUT,reduction_accum,dump.f90,9984,17,GAS_PHASE_OUTPUT_CC = GAS_PHASE_OUTPUT_CC ...
L0525,DUMP::GAS_PHASE_OUTPUT,reduction_accum,dump.f90,9986,17,GAS_PHASE_OUTPUT_CC = GAS_PHASE_OUTPUT_CC ...
L0525,DUMP::GAS_PHASE_OUTPUT,reduction_accum,dump.f90,9988,17,GAS_PHASE_OUTPUT_CC = GAS_PHASE_OUTPUT_CC ...
L0525,DUMP::GAS_PHASE_OUTPUT,reduction_intrinsic,dump.f90,9996,1,DOT_PRODUCT
L0526,DUMP::GAS_PHASE_OUTPUT,dt_alloc_component,dump.f90,10044,10,CC_CUTFACE_TYPE%AREA
L0526,DUMP::GAS_PHASE_OUTPUT,dt_alloc_component,dump.f90,10050,10,CC_CUTFACE_TYPE%FN
L0526,DUMP::GAS_PHASE_OUTPUT,dt_alloc_component,dump.f90,10050,10,CC_CUTFACE_TYPE%AREA
L0526,DUMP::GAS_PHASE_OUTPUT,dt_alloc_component,dump.f90,10052,10,CC_CUTFACE_TYPE%VEL
L0526,DUMP::GAS_PHASE_OUTPUT,exit_out_of_nest,dump.f90,10048,1,EXIT FCVAR_IF
L0526,DUMP::GAS_PHASE_OUTPUT,return,dump.f90,10058,1,
L0526,DUMP::GAS_PHASE_OUTPUT,reduction_accum,dump.f90,10044,5,CFACE_AREA = CFACE_AREA ...
L0526,DUMP::GAS_PHASE_OUTPUT,reduction_accum,dump.f90,10050,5,GAS_PHASE_OUTPUT_CFA = GAS_PHASE_OUTPUT_CFA ...
L0526,DUMP::GAS_PHASE_OUTPUT,reduction_accum,dump.f90,10052,5,GAS_PHASE_OUTPUT_CFA = GAS_PHASE_OUTPUT_CFA ...
L0526,DUMP::GAS_PHASE_OUTPUT,reduction_accum,dump.f90,10054,5,GAS_PHASE_OUTPUT_CFA = GAS_PHASE_OUTPUT_CFA ...
L0528,DUMP::GET_GEOMINFO,write_missing_outer_index,dump.f90,5522,3,VERTS(3*IVERT-2)
L0528,DUMP::GET_GEOMINFO,write_missing_outer_index,dump.f90,5523,3,VERTS(3*IVERT-1)
L0528,DUMP::GET_GEOMINFO,write_missing_outer_index,dump.f90,5524,3,VERTS(3*IVERT)
L0530,DUMP::GET_GEOMINFO,write_missing_outer_index,dump.f90,5549,3,VERTS(3*IVERT-2)
L0530,DUMP::GET_GEOMINFO,write_missing_outer_index,dump.f90,5550,3,VERTS(3*IVERT-1)
L0530,DUMP::GET_GEOMINFO,write_missing_outer_index,dump.f90,5551,3,VERTS(3*IVERT)
L0532,DUMP::GET_GEOMINFO,write_missing_outer_index,dump.f90,5576,3,VERTS(3*IVERT-2)
L0532,DUMP::GET_GEOMINFO,write_missing_outer_index,dump.f90,5577,3,VERTS(3*IVERT-1)
L0532,DUMP::GET_GEOMINFO,write_missing_outer_index,dump.f90,5578,3,VERTS(3*IVERT)
L0534,DUMP::GET_GEOMINFO,write_missing_outer_index,dump.f90,5613,3,VERTS(3*IVERT-2)
L0534,DUMP::GET_GEOMINFO,write_missing_outer_index,dump.f90,5614,3,VERTS(3*IVERT-1)
L0534,DUMP::GET_GEOMINFO,write_missing_outer_index,dump.f90,5615,3,VERTS(3*IVERT)
L0535,DUMP::GET_GEOMINFO,alloc,dump.f90,5641,2,ALLOCATE
L0535,DUMP::GET_GEOMINFO,alloc,dump.f90,5654,2,DEALLOCATE
L0535,DUMP::GET_GEOMINFO,alloc_ptr_local,dump.f90,5638,9,FACEPTR
L0535,DUMP::GET_GEOMINFO,alloc_ptr_local,dump.f90,5639,9,VERTPTR
L0535,DUMP::GET_GEOMINFO,alloc_ptr_local,dump.f90,5641,9,LOCTYPE
L0535,DUMP::GET_GEOMINFO,alloc_ptr_local,dump.f90,5642,9,VERTPTR
L0535,DUMP::GET_GEOMINFO,dt_alloc_component,dump.f90,5625,3,CC_CUTFACE_TYPE%CFELEM
L0535,DUMP::GET_GEOMINFO,dt_alloc_component,dump.f90,5632,3,CC_CUTFACE_TYPE%CFELEM
L0535,DUMP::GET_GEOMINFO,dt_alloc_component,dump.f90,5633,3,CC_CUTFACE_TYPE%XYZVERT
L0535,DUMP::GET_GEOMINFO,write_missing_outer_index,dump.f90,5633,13,VERTS(3*IVERTCUT-2:3*IVERTCUT)
L0535,DUMP::GET_GEOMINFO,write_missing_outer_index,dump.f90,5647,13,LOCATIONS(IFACECUT)
L0535,DUMP::GET_GEOMINFO,write_missing_outer_index,dump.f90,5648,13,LOCATIONS(IFACECUT)
L0535,DUMP::GET_GEOMINFO,write_missing_outer_index,dump.f90,5658,13,LOCATIONS(IFACE)
L0535,DUMP::GET_GEOMINFO,reduction_intrinsic,dump.f90,5621,1,ANY
L0535,DUMP::GET_GEOMINFO,pointer_reassign,dump.f90,5638,2,FACEPTR
L0535,DUMP::GET_GEOMINFO,pointer_reassign,dump.f90,5639,2,VERTPTR
L0536,DUMP::GET_GEOMINFO,write_missing_outer_index,dump.f90,5678,3,VERTS(3*IVERT-2)
L0536,DUMP::GET_GEOMINFO,write_missing_outer_index,dump.f90,5679,3,VERTS(3*IVERT-1)
L0536,DUMP::GET_GEOMINFO,write_missing_outer_index,dump.f90,5680,3,VERTS(3*IVERT)
L0537,DUMP::GET_GEOMINFO,alloc,dump.f90,5705,2,ALLOCATE
L0537,DUMP::GET_GEOMINFO,alloc,dump.f90,5715,2,DEALLOCATE
L0537,DUMP::GET_GEOMINFO,alloc_ptr_local,dump.f90,5702,9,FACEPTR
L0537,DUMP::GET_GEOMINFO,alloc_ptr_local,dump.f90,5703,9,VERTPTR
L0537,DUMP::GET_GEOMINFO,alloc_ptr_local,dump.f90,5705,9,LOCTYPE
L0537,DUMP::GET_GEOMINFO,alloc_ptr_local,dump.f90,5706,9,VERTPTR
L0537,DUMP::GET_GEOMINFO,dt_alloc_component,dump.f90,5690,3,CC_CUTFACE_TYPE%CFELEM
L0537,DUMP::GET_GEOMINFO,dt_alloc_component,dump.f90,5697,3,CC_CUTFACE_TYPE%CFELEM
L0537,DUMP::GET_GEOMINFO,dt_alloc_component,dump.f90,5698,3,CC_CUTFACE_TYPE%XYZVERT
L0537,DUMP::GET_GEOMINFO,write_missing_outer_index,dump.f90,5698,13,VERTS(3*IVERTCUT-2:3*IVERTCUT)
L0537,DUMP::GET_GEOMINFO,write_missing_outer_index,dump.f90,5709,13,LOCATIONS(IFACECUT)
L0537,DUMP::GET_GEOMINFO,write_missing_outer_index,dump.f90,5710,13,LOCATIONS(IFACECUT)
L0537,DUMP::GET_GEOMINFO,write_missing_outer_index,dump.f90,5719,13,LOCATIONS(IFACE)
L0537,DUMP::GET_GEOMINFO,reduction_intrinsic,dump.f90,5686,1,ANY
L0537,DUMP::GET_GEOMINFO,pointer_reassign,dump.f90,5702,2,FACEPTR
L0537,DUMP::GET_GEOMINFO,pointer_reassign,dump.f90,5703,2,VERTPTR
L0538,DUMP::GET_GEOMINFO,write_missing_outer_index,dump.f90,5739,3,VERTS(3*IVERT-2)
L0538,DUMP::GET_GEOMINFO,write_missing_outer_index,dump.f90,5740,3,VERTS(3*IVERT-1)
L0538,DUMP::GET_GEOMINFO,write_missing_outer_index,dump.f90,5741,3,VERTS(3*IVERT)
L0539,DUMP::GET_GEOMINFO,alloc,dump.f90,5766,2,ALLOCATE
L0539,DUMP::GET_GEOMINFO,alloc,dump.f90,5776,2,DEALLOCATE
L0539,DUMP::GET_GEOMINFO,alloc_ptr_local,dump.f90,5763,9,FACEPTR
L0539,DUMP::GET_GEOMINFO,alloc_ptr_local,dump.f90,5764,9,VERTPTR
L0539,DUMP::GET_GEOMINFO,alloc_ptr_local,dump.f90,5766,9,LOCTYPE
L0539,DUMP::GET_GEOMINFO,alloc_ptr_local,dump.f90,5767,9,VERTPTR
L0539,DUMP::GET_GEOMINFO,dt_alloc_component,dump.f90,5751,3,CC_CUTFACE_TYPE%CFELEM
L0539,DUMP::GET_GEOMINFO,dt_alloc_component,dump.f90,5758,3,CC_CUTFACE_TYPE%CFELEM
L0539,DUMP::GET_GEOMINFO,dt_alloc_component,dump.f90,5759,3,CC_CUTFACE_TYPE%XYZVERT
L0539,DUMP::GET_GEOMINFO,write_missing_outer_index,dump.f90,5759,13,VERTS(3*IVERTCUT-2:3*IVERTCUT)
L0539,DUMP::GET_GEOMINFO,write_missing_outer_index,dump.f90,5770,13,LOCATIONS(IFACECUT)
L0539,DUMP::GET_GEOMINFO,write_missing_outer_index,dump.f90,5771,13,LOCATIONS(IFACECUT)
L0539,DUMP::GET_GEOMINFO,write_missing_outer_index,dump.f90,5780,13,LOCATIONS(IFACE)
L0539,DUMP::GET_GEOMINFO,reduction_intrinsic,dump.f90,5747,1,ANY
L0539,DUMP::GET_GEOMINFO,pointer_reassign,dump.f90,5763,2,FACEPTR
L0539,DUMP::GET_GEOMINFO,pointer_reassign,dump.f90,5764,2,VERTPTR
L0540,DUMP::GET_GEOMINFO,alloc,dump.f90,5824,2,ALLOCATE
L0540,DUMP::GET_GEOMINFO,alloc,dump.f90,5830,2,DEALLOCATE
L0540,DUMP::GET_GEOMINFO,alloc_ptr_local,dump.f90,5821,8,FACEPTR
L0540,DUMP::GET_GEOMINFO,alloc_ptr_local,dump.f90,5822,8,VERTPTR
L0540,DUMP::GET_GEOMINFO,alloc_ptr_local,dump.f90,5824,8,LOCTYPE
L0540,DUMP::GET_GEOMINFO,alloc_ptr_local,dump.f90,5825,8,VERTPTR
L0540,DUMP::GET_GEOMINFO,dt_alloc_component,dump.f90,5807,5,CC_CUTFACE_TYPE%CFELEM
L0540,DUMP::GET_GEOMINFO,dt_alloc_component,dump.f90,5814,5,CC_CUTFACE_TYPE%CFELEM
L0540,DUMP::GET_GEOMINFO,dt_alloc_component,dump.f90,5815,5,CC_CUTFACE_TYPE%XYZVERT
L0540,DUMP::GET_GEOMINFO,dt_alloc_component,dump.f90,5817,5,CC_CUTFACE_TYPE%SURF_INDEX
L0540,DUMP::GET_GEOMINFO,write_derived_index,dump.f90,5817,2,SURFIND(IFACECUT+1:IFACECUT+NVF-2)
L0540,DUMP::GET_GEOMINFO,write_derived_index,dump.f90,5818,2,GEOMIND(IFACECUT+1:IFACECUT+NVF-2)
L0540,DUMP::GET_GEOMINFO,write_missing_outer_index,dump.f90,5815,2,VERTS(3*IVERTCUT-2:3*IVERTCUT)
L0540,DUMP::GET_GEOMINFO,write_missing_outer_index,dump.f90,5828,2,LOCATIONS(IFACECUT)
L0540,DUMP::GET_GEOMINFO,pointer_reassign,dump.f90,5821,2,FACEPTR
L0540,DUMP::GET_GEOMINFO,pointer_reassign,dump.f90,5822,2,VERTPTR
L0541,DUMP::GET_GEOMINFO,alloc,dump.f90,5914,4,ALLOCATE
L0541,DUMP::GET_GEOMINFO,alloc,dump.f90,5921,4,DEALLOCATE
L0541,DUMP::GET_GEOMINFO,alloc,dump.f90,5940,4,ALLOCATE
L0541,DUMP::GET_GEOMINFO,alloc,dump.f90,5946,4,DEALLOCATE
L0541,DUMP::GET_GEOMINFO,alloc_ptr_local,dump.f90,5911,17,FACEPTR
L0541,DUMP::GET_GEOMINFO,alloc_ptr_local,dump.f90,5912,17,VERTPTR
L0541,DUMP::GET_GEOMINFO,alloc_ptr_local,dump.f90,5914,17,LOCTYPE
L0541,DUMP::GET_GEOMINFO,alloc_ptr_local,dump.f90,5915,17,VERTPTR
L0541,DUMP::GET_GEOMINFO,dt_alloc_component,dump.f90,5846,15,CC_CUTCELL_TYPE%CCELEM
L0541,DUMP::GET_GEOMINFO,dt_alloc_component,dump.f90,5849,15,CC_CUTCELL_TYPE%CCELEM
L0541,DUMP::GET_GEOMINFO,dt_alloc_component,dump.f90,5850,15,CC_CUTCELL_TYPE%FACE_LIST
L0541,DUMP::GET_GEOMINFO,dt_alloc_component,dump.f90,5852,15,CC_CUTCELL_TYPE%FACE_LIST
L0541,DUMP::GET_GEOMINFO,write_missing_outer_index,dump.f90,5862,18,VERTS(3*IVERTCUT-2)
L0541,DUMP::GET_GEOMINFO,write_missing_outer_index,dump.f90,5863,18,VERTS(3*IVERTCUT-1)
L0541,DUMP::GET_GEOMINFO,write_missing_outer_index,dump.f90,5864,18,VERTS(3*IVERTCUT)
L0541,DUMP::GET_GEOMINFO,write_missing_outer_index,dump.f90,5872,18,VERTS(3*IVERTCUT-2)
L0541,DUMP::GET_GEOMINFO,pointer_reassign,dump.f90,5911,4,FACEPTR
L0541,DUMP::GET_GEOMINFO,pointer_reassign,dump.f90,5912,4,VERTPTR
L0541,DUMP::GET_GEOMINFO,pointer_reassign,dump.f90,5937,4,FACEPTR
L0541,DUMP::GET_GEOMINFO,pointer_reassign,dump.f90,5938,4,VERTPTR
L0542,DUMP::GET_GEOMSIZES,dt_alloc_component,dump.f90,5376,1,CC_CUTFACE_TYPE%CFELEM
L0542,DUMP::GET_GEOMSIZES,reduction_accum,dump.f90,5377,3,NFACES_CUTCELLS = NFACES_CUTCELLS ...
L0542,DUMP::GET_GEOMSIZES,reduction_accum,dump.f90,5378,3,NVERTS_CUTCELLS = NVERTS_CUTCELLS ...
L0542,DUMP::GET_GEOMSIZES,reduction_accum,dump.f90,5381,3,NFACES = NFACES ...
L0542,DUMP::GET_GEOMSIZES,reduction_intrinsic,dump.f90,5372,1,ANY
L0543,DUMP::GET_GEOMSIZES,dt_alloc_component,dump.f90,5393,1,CC_CUTFACE_TYPE%CFELEM
L0543,DUMP::GET_GEOMSIZES,reduction_accum,dump.f90,5394,3,NFACES_CUTCELLS = NFACES_CUTCELLS ...
L0543,DUMP::GET_GEOMSIZES,reduction_accum,dump.f90,5395,3,NVERTS_CUTCELLS = NVERTS_CUTCELLS ...
L0543,DUMP::GET_GEOMSIZES,reduction_accum,dump.f90,5398,3,NFACES = NFACES ...
L0543,DUMP::GET_GEOMSIZES,reduction_intrinsic,dump.f90,5389,1,ANY
L0544,DUMP::GET_GEOMSIZES,dt_alloc_component,dump.f90,5410,1,CC_CUTFACE_TYPE%CFELEM
L0544,DUMP::GET_GEOMSIZES,reduction_accum,dump.f90,5411,3,NFACES_CUTCELLS = NFACES_CUTCELLS ...
L0544,DUMP::GET_GEOMSIZES,reduction_accum,dump.f90,5412,3,NVERTS_CUTCELLS = NVERTS_CUTCELLS ...
L0544,DUMP::GET_GEOMSIZES,reduction_accum,dump.f90,5415,3,NFACES = NFACES ...
L0544,DUMP::GET_GEOMSIZES,reduction_intrinsic,dump.f90,5406,1,ANY
L0545,DUMP::GET_GEOMSIZES,dt_alloc_component,dump.f90,5428,1,CC_CUTFACE_TYPE%CFELEM
L0545,DUMP::GET_GEOMSIZES,reduction_accum,dump.f90,5429,2,NFACES_CUTCELLS = NFACES_CUTCELLS ...
L0545,DUMP::GET_GEOMSIZES,reduction_accum,dump.f90,5430,2,NVERTS_CUTCELLS = NVERTS_CUTCELLS ...
L0546,DUMP::GET_GEOMSIZES,dt_alloc_component,dump.f90,5444,9,CC_CUTCELL_TYPE%CCELEM
L0546,DUMP::GET_GEOMSIZES,dt_alloc_component,dump.f90,5447,9,CC_CUTCELL_TYPE%CCELEM
L0546,DUMP::GET_GEOMSIZES,dt_alloc_component,dump.f90,5448,9,CC_CUTCELL_TYPE%FACE_LIST
L0546,DUMP::GET_GEOMSIZES,dt_alloc_component,dump.f90,5454,9,CC_CUTCELL_TYPE%FACE_LIST
L0546,DUMP::GET_GEOMSIZES,reduction_accum,dump.f90,5451,6,NFACES_CUTCELLS = NFACES_CUTCELLS ...
L0546,DUMP::GET_GEOMSIZES,reduction_accum,dump.f90,5452,6,NVERTS_CUTCELLS = NVERTS_CUTCELLS ...
L0546,DUMP::GET_GEOMSIZES,reduction_accum,dump.f90,5457,6,NFACES_CUTCELLS = NFACES_CUTCELLS ...
L0546,DUMP::GET_GEOMSIZES,reduction_accum,dump.f90,5458,6,NVERTS_CUTCELLS = NVERTS_CUTCELLS ...
L0547,DUMP::GET_GEOMVALS,write_derived_index,dump.f90,5995,2,VALS(IFACE)
L0547,DUMP::GET_GEOMVALS,write_derived_index,dump.f90,5998,2,VALS(IFACE)
L0547,DUMP::GET_GEOMVALS,reduction_accum,dump.f90,5994,2,IFACE = IFACE ...
L0547,DUMP::GET_GEOMVALS,reduction_accum,dump.f90,5997,2,IFACE = IFACE ...
L0548,DUMP::GET_GEOMVALS,write_derived_index,dump.f90,6005,2,VALS(IFACE)
L0548,DUMP::GET_GEOMVALS,write_derived_index,dump.f90,6008,2,VALS(IFACE)
L0548,DUMP::GET_GEOMVALS,reduction_accum,dump.f90,6004,2,IFACE = IFACE ...
L0548,DUMP::GET_GEOMVALS,reduction_accum,dump.f90,6007,2,IFACE = IFACE ...
L0549,DUMP::GET_GEOMVALS,write_derived_index,dump.f90,6015,2,VALS(IFACE)
L0549,DUMP::GET_GEOMVALS,write_derived_index,dump.f90,6018,2,VALS(IFACE)
L0549,DUMP::GET_GEOMVALS,reduction_accum,dump.f90,6014,2,IFACE = IFACE ...
L0549,DUMP::GET_GEOMVALS,reduction_accum,dump.f90,6017,2,IFACE = IFACE ...
L0550,DUMP::GET_GEOMVALS,dt_alloc_component,dump.f90,6036,2,CC_CUTFACE_TYPE%CFELEM
L0550,DUMP::GET_GEOMVALS,dt_alloc_component,dump.f90,6045,2,CC_CUTFACE_TYPE%CFELEM
L0550,DUMP::GET_GEOMVALS,write_derived_index,dump.f90,6039,8,VALS(IFACECUT)
L0550,DUMP::GET_GEOMVALS,write_derived_index,dump.f90,6048,8,VALS(IFACECUT)
L0550,DUMP::GET_GEOMVALS,write_derived_index,dump.f90,6055,8,VALS(IFACE)
L0550,DUMP::GET_GEOMVALS,write_derived_index,dump.f90,6058,8,VALS(IFACE)
L0550,DUMP::GET_GEOMVALS,reduction_accum,dump.f90,6038,8,IFACECUT = IFACECUT ...
L0550,DUMP::GET_GEOMVALS,reduction_accum,dump.f90,6047,8,IFACECUT = IFACECUT ...
L0550,DUMP::GET_GEOMVALS,reduction_accum,dump.f90,6054,8,IFACE = IFACE ...
L0550,DUMP::GET_GEOMVALS,reduction_accum,dump.f90,6057,8,IFACE = IFACE ...
L0550,DUMP::GET_GEOMVALS,reduction_intrinsic,dump.f90,6029,1,ANY
L0551,DUMP::GET_GEOMVALS,dt_alloc_component,dump.f90,6091,2,CC_CUTFACE_TYPE%CFELEM
L0551,DUMP::GET_GEOMVALS,dt_alloc_component,dump.f90,6100,2,CC_CUTFACE_TYPE%CFELEM
L0551,DUMP::GET_GEOMVALS,write_derived_index,dump.f90,6094,8,VALS(IFACECUT)
L0551,DUMP::GET_GEOMVALS,write_derived_index,dump.f90,6103,8,VALS(IFACECUT)
L0551,DUMP::GET_GEOMVALS,write_derived_index,dump.f90,6110,8,VALS(IFACE)
L0551,DUMP::GET_GEOMVALS,write_derived_index,dump.f90,6113,8,VALS(IFACE)
L0551,DUMP::GET_GEOMVALS,reduction_accum,dump.f90,6093,8,IFACECUT = IFACECUT ...
L0551,DUMP::GET_GEOMVALS,reduction_accum,dump.f90,6102,8,IFACECUT = IFACECUT ...
L0551,DUMP::GET_GEOMVALS,reduction_accum,dump.f90,6109,8,IFACE = IFACE ...
L0551,DUMP::GET_GEOMVALS,reduction_accum,dump.f90,6112,8,IFACE = IFACE ...
L0551,DUMP::GET_GEOMVALS,reduction_intrinsic,dump.f90,6084,1,ANY
L0552,DUMP::GET_GEOMVALS,dt_alloc_component,dump.f90,6145,2,CC_CUTFACE_TYPE%CFELEM
L0552,DUMP::GET_GEOMVALS,dt_alloc_component,dump.f90,6154,2,CC_CUTFACE_TYPE%CFELEM
L0552,DUMP::GET_GEOMVALS,write_derived_index,dump.f90,6148,8,VALS(IFACECUT)
L0552,DUMP::GET_GEOMVALS,write_derived_index,dump.f90,6157,8,VALS(IFACECUT)
L0552,DUMP::GET_GEOMVALS,write_derived_index,dump.f90,6164,8,VALS(IFACE)
L0552,DUMP::GET_GEOMVALS,write_derived_index,dump.f90,6167,8,VALS(IFACE)
L0552,DUMP::GET_GEOMVALS,reduction_accum,dump.f90,6147,8,IFACECUT = IFACECUT ...
L0552,DUMP::GET_GEOMVALS,reduction_accum,dump.f90,6156,8,IFACECUT = IFACECUT ...
L0552,DUMP::GET_GEOMVALS,reduction_accum,dump.f90,6163,8,IFACE = IFACE ...
L0552,DUMP::GET_GEOMVALS,reduction_accum,dump.f90,6166,8,IFACE = IFACE ...
L0552,DUMP::GET_GEOMVALS,reduction_intrinsic,dump.f90,6138,1,ANY
L0553,DUMP::GET_GEOMVALS,dt_alloc_component,dump.f90,6199,2,CC_CUTFACE_TYPE%CFACE_INDEX
L0553,DUMP::GET_GEOMVALS,dt_alloc_component,dump.f90,6201,2,CC_CUTFACE_TYPE%CFELEM
L0553,DUMP::GET_GEOMVALS,write_derived_index,dump.f90,6204,1,VALS(IFACECUT)
L0553,DUMP::GET_GEOMVALS,reduction_accum,dump.f90,6203,1,IFACECUT = IFACECUT ...
L0554,DUMP::GET_GEOMVALS,dt_alloc_component,dump.f90,6221,9,CC_CUTCELL_TYPE%CCELEM
L0554,DUMP::GET_GEOMVALS,dt_alloc_component,dump.f90,6224,9,CC_CUTCELL_TYPE%CCELEM
L0554,DUMP::GET_GEOMVALS,dt_alloc_component,dump.f90,6225,9,CC_CUTCELL_TYPE%FACE_LIST
L0554,DUMP::GET_GEOMVALS,dt_alloc_component,dump.f90,6233,9,CC_CUTCELL_TYPE%FACE_LIST
L0554,DUMP::GET_GEOMVALS,write_derived_index,dump.f90,6229,3,VALS(IFACECUT)
L0554,DUMP::GET_GEOMVALS,write_derived_index,dump.f90,6238,3,VALS(IFACECUT)
L0554,DUMP::GET_GEOMVALS,write_derived_index,dump.f90,6247,3,VALS(IFACECUT)
L0554,DUMP::GET_GEOMVALS,reduction_accum,dump.f90,6228,3,IFACECUT = IFACECUT ...
L0554,DUMP::GET_GEOMVALS,reduction_accum,dump.f90,6237,3,IFACECUT = IFACECUT ...
L0554,DUMP::GET_GEOMVALS,reduction_accum,dump.f90,6246,3,IFACECUT = IFACECUT ...
L0556,DUMP::GET_SMOKE3D_QQ,alloc_ptr_dummy,dump.f90,5131,4,FF
L0556,DUMP::GET_SMOKE3D_QQ,alloc_ptr_dummy,dump.f90,5131,4,S3
L0556,DUMP::GET_SMOKE3D_QQ,alloc_ptr_dummy,dump.f90,5131,4,S3
L0556,DUMP::GET_SMOKE3D_QQ,alloc_ptr_dummy,dump.f90,5131,4,S3
L0557,DUMP::GET_SMOKE3D_QQ,alloc_ptr_dummy,dump.f90,5147,9,QQ
L0557,DUMP::GET_SMOKE3D_QQ,alloc_ptr_dummy,dump.f90,5147,9,FF
L0557,DUMP::GET_SMOKE3D_QQ,alloc_ptr_dummy,dump.f90,5147,9,FF
L0557,DUMP::GET_SMOKE3D_QQ,alloc_ptr_dummy,dump.f90,5147,9,FF
L0558,DUMP::GET_SMOKE3D_QQ,alloc_ptr_dummy,dump.f90,5158,1,QQ
L0558,DUMP::GET_SMOKE3D_QQ,dt_alloc_component,dump.f90,5157,1,MESH_TYPE%VERTVAR
L0562,DUMP::SOLID_PHASE_OUTPUT,alloc_ptr_local,dump.f90,10224,1,BC
L0562,DUMP::SOLID_PHASE_OUTPUT,dt_alloc_component,dump.f90,10223,3,CC_CUTFACE_TYPE%AREA
L0562,DUMP::SOLID_PHASE_OUTPUT,dt_alloc_component,dump.f90,10224,3,CC_CUTFACE_TYPE%VEL
L0562,DUMP::SOLID_PHASE_OUTPUT,dt_alloc_component,dump.f90,10224,3,CC_CUTFACE_TYPE%AREA
L0562,DUMP::SOLID_PHASE_OUTPUT,reduction_accum,dump.f90,10223,2,CUT_FACE_AREA = CUT_FACE_AREA ...
L0562,DUMP::SOLID_PHASE_OUTPUT,reduction_accum,dump.f90,10224,2,SOLID_PHASE_OUTPUT_CTF = SOLID_PHASE_OUTPUT_CTF ...
L0580,DUMP::UPDATE_DEVICES_1,alloc_ptr_local,dump.f90,7799,294,DV
L0580,DUMP::UPDATE_DEVICES_1,alloc_ptr_local,dump.f90,7801,294,DV
L0580,DUMP::UPDATE_DEVICES_1,alloc_ptr_local,dump.f90,7802,294,DV
L0580,DUMP::UPDATE_DEVICES_1,alloc_ptr_local,dump.f90,7804,294,SDV
L0580,DUMP::UPDATE_DEVICES_1,dt_alloc_component,dump.f90,7802,29,DEVICE_TYPE%SUBDEVICE_INDEX
L0580,DUMP::UPDATE_DEVICES_1,dt_alloc_component,dump.f90,7804,29,DEVICE_TYPE%SUBDEVICE
L0580,DUMP::UPDATE_DEVICES_1,dt_alloc_component,dump.f90,7804,29,DEVICE_TYPE%SUBDEVICE_INDEX
L0580,DUMP::UPDATE_DEVICES_1,dt_alloc_component,dump.f90,7821,29,DEVICE_TYPE%I
L0580,DUMP::UPDATE_DEVICES_1,reduction_intrinsic,dump.f90,7991,2,SUM
L0580,DUMP::UPDATE_DEVICES_1,reduction_intrinsic,dump.f90,8000,2,SUM
L0580,DUMP::UPDATE_DEVICES_1,pointer_reassign,dump.f90,7799,18,DV
L0580,DUMP::UPDATE_DEVICES_1,pointer_reassign,dump.f90,7804,18,SDV
L0580,DUMP::UPDATE_DEVICES_1,pointer_reassign,dump.f90,7819,18,LP
L0580,DUMP::UPDATE_DEVICES_1,pointer_reassign,dump.f90,7820,18,BC
L0580,DUMP::UPDATE_DEVICES_1,module_global_write,dump.f90,7850,1,DRY
L0581,DUMP::UPDATE_DEVICES_1::SELECT_SPATIAL_STATISTIC,dt_alloc_component,dump.f90,8178,1,CC_CUTFACE_TYPE%AREA
L0581,DUMP::UPDATE_DEVICES_1::SELECT_SPATIAL_STATISTIC,reduction_accum,dump.f90,8178,1,AREA = AREA ...
L0583,DUMP::UPDATE_HRR,write_derived_index,dump.f90,11675,1,ENTHALPY_SUM(NM)
L0583,DUMP::UPDATE_HRR,reduction_accum,dump.f90,11670,3,Q_DOT(1)
L0583,DUMP::UPDATE_HRR,reduction_accum,dump.f90,11671,3,Q_DOT(3)
L0583,DUMP::UPDATE_HRR,reduction_accum,dump.f90,11672,3,Q_DOT(7)
L0584,DUMP::UPDATE_HRR,alloc_ptr_local,dump.f90,11692,22,WC
L0584,DUMP::UPDATE_HRR,alloc_ptr_local,dump.f90,11694,22,WC
L0584,DUMP::UPDATE_HRR,alloc_ptr_local,dump.f90,11694,22,WC
L0584,DUMP::UPDATE_HRR,alloc_ptr_local,dump.f90,11696,22,BC
L0584,DUMP::UPDATE_HRR,dt_alloc_component,dump.f90,11722,3,BOUNDARY_PROP1_TYPE%ZZ_F
L0584,DUMP::UPDATE_HRR,dt_alloc_component,dump.f90,11728,3,BOUNDARY_PROP1_TYPE%RHO_D_F
L0584,DUMP::UPDATE_HRR,dt_alloc_component,dump.f90,11728,3,BOUNDARY_PROP1_TYPE%ZZ_F
L0584,DUMP::UPDATE_HRR,reduction_accum,dump.f90,11734,4,Q_DOT(2)
L0584,DUMP::UPDATE_HRR,reduction_accum,dump.f90,11735,4,Q_DOT(4)
L0584,DUMP::UPDATE_HRR,reduction_accum,dump.f90,11736,4,Q_DOT(5)
L0584,DUMP::UPDATE_HRR,reduction_accum,dump.f90,11737,4,Q_DOT(6)
L0584,DUMP::UPDATE_HRR,pointer_reassign,dump.f90,11692,3,WC
L0584,DUMP::UPDATE_HRR,pointer_reassign,dump.f90,11696,3,BC
L0584,DUMP::UPDATE_HRR,pointer_reassign,dump.f90,11701,3,B1
L0585,DUMP::UPDATE_HRR,alloc_ptr_local,dump.f90,11742,19,CFA
L0585,DUMP::UPDATE_HRR,alloc_ptr_local,dump.f90,11744,19,CFA
L0585,DUMP::UPDATE_HRR,alloc_ptr_local,dump.f90,11746,19,BC
L0585,DUMP::UPDATE_HRR,alloc_ptr_local,dump.f90,11746,19,CFA
L0585,DUMP::UPDATE_HRR,dt_alloc_component,dump.f90,11752,6,CC_CUTFACE_TYPE%CELL_LIST
L0585,DUMP::UPDATE_HRR,dt_alloc_component,dump.f90,11752,6,CC_CUTFACE_TYPE%CELL_LIST
L0585,DUMP::UPDATE_HRR,dt_alloc_component,dump.f90,11754,6,BOUNDARY_PROP1_TYPE%ZZ_F
L0585,DUMP::UPDATE_HRR,dt_alloc_component,dump.f90,11760,6,BOUNDARY_PROP1_TYPE%RHO_D_F
L0585,DUMP::UPDATE_HRR,reduction_accum,dump.f90,11766,3,Q_DOT(4)
L0585,DUMP::UPDATE_HRR,reduction_accum,dump.f90,11767,3,Q_DOT(5)
L0585,DUMP::UPDATE_HRR,reduction_accum,dump.f90,11768,3,Q_DOT(6)
L0585,DUMP::UPDATE_HRR,pointer_reassign,dump.f90,11742,3,CFA
L0585,DUMP::UPDATE_HRR,pointer_reassign,dump.f90,11746,3,BC
L0585,DUMP::UPDATE_HRR,pointer_reassign,dump.f90,11747,3,B1
L0586,DUMP::UPDATE_HRR,alloc_ptr_local,dump.f90,11774,12,LP
L0586,DUMP::UPDATE_HRR,alloc_ptr_local,dump.f90,11775,12,LPC
L0586,DUMP::UPDATE_HRR,alloc_ptr_local,dump.f90,11775,12,LP
L0586,DUMP::UPDATE_HRR,alloc_ptr_local,dump.f90,11776,12,LPC
L0586,DUMP::UPDATE_HRR,reduction_accum,dump.f90,11782,1,Q_DOT(2)
L0586,DUMP::UPDATE_HRR,pointer_reassign,dump.f90,11774,4,LP
L0586,DUMP::UPDATE_HRR,pointer_reassign,dump.f90,11775,4,LPC
L0586,DUMP::UPDATE_HRR,pointer_reassign,dump.f90,11777,4,BC
L0586,DUMP::UPDATE_HRR,pointer_reassign,dump.f90,11778,4,B1
L0587,DUMP::UPDATE_HRR,alloc_ptr_local,dump.f90,11789,9,WC
L0587,DUMP::UPDATE_HRR,alloc_ptr_local,dump.f90,11790,9,WC
L0587,DUMP::UPDATE_HRR,alloc_ptr_local,dump.f90,11791,9,BC
L0587,DUMP::UPDATE_HRR,alloc_ptr_local,dump.f90,11791,9,WC
L0587,DUMP::UPDATE_HRR,dt_alloc_component,dump.f90,11797,1,BOUNDARY_PROP1_TYPE%M_DOT_G_PP_ADJUST
L0587,DUMP::UPDATE_HRR,reduction_accum,dump.f90,11797,1,M_DOT(N)
L0587,DUMP::UPDATE_HRR,pointer_reassign,dump.f90,11789,3,WC
L0587,DUMP::UPDATE_HRR,pointer_reassign,dump.f90,11791,3,BC
L0587,DUMP::UPDATE_HRR,pointer_reassign,dump.f90,11792,3,B1
L0588,DUMP::UPDATE_HRR,alloc_ptr_local,dump.f90,11802,10,CFA
L0588,DUMP::UPDATE_HRR,alloc_ptr_local,dump.f90,11803,10,CFA
L0588,DUMP::UPDATE_HRR,alloc_ptr_local,dump.f90,11804,10,BC
L0588,DUMP::UPDATE_HRR,alloc_ptr_local,dump.f90,11804,10,CFA
L0588,DUMP::UPDATE_HRR,dt_alloc_component,dump.f90,11810,1,BOUNDARY_PROP1_TYPE%M_DOT_G_PP_ADJUST
L0588,DUMP::UPDATE_HRR,reduction_accum,dump.f90,11810,1,M_DOT(N)
L0588,DUMP::UPDATE_HRR,pointer_reassign,dump.f90,11802,3,CFA
L0588,DUMP::UPDATE_HRR,pointer_reassign,dump.f90,11804,3,BC
L0588,DUMP::UPDATE_HRR,pointer_reassign,dump.f90,11805,3,B1
L0589,DUMP::UPDATE_MASS,dt_alloc_component,dump.f90,11898,5,CC_CUTCELL_TYPE%VOLUME
L0589,DUMP::UPDATE_MASS,dt_alloc_component,dump.f90,11899,5,CC_CUTCELL_TYPE%RHO
L0589,DUMP::UPDATE_MASS,dt_alloc_component,dump.f90,11900,5,CC_CUTCELL_TYPE%ZZ
L0589,DUMP::UPDATE_MASS,dt_alloc_component,dump.f90,11902,5,CC_CUTCELL_TYPE%RHO
L0589,DUMP::UPDATE_MASS,reduction_accum,dump.f90,11899,6,MASS_INTEGRAL(0)
L0589,DUMP::UPDATE_MASS,reduction_accum,dump.f90,11902,6,MASS_INTEGRAL(1:N_SPECIES)
L0589,DUMP::UPDATE_MASS,reduction_accum,dump.f90,11903,6,MASS_INTEGRAL(N_SPECIES+1:N_SPECIES+N_TRACKED_SPECIES)
L0589,DUMP::UPDATE_MASS,reduction_accum,dump.f90,11910,6,MASS_INTEGRAL(0)
L0596,FIRE::COMBUSTION_BC,alloc_ptr_local,fire.f90,1903,21,WC
L0596,FIRE::COMBUSTION_BC,alloc_ptr_local,fire.f90,1904,21,EWC
L0596,FIRE::COMBUSTION_BC,alloc_ptr_local,fire.f90,1905,21,EWC
L0596,FIRE::COMBUSTION_BC,alloc_ptr_local,fire.f90,1906,21,BC
L0596,FIRE::COMBUSTION_BC,dt_alloc_component,fire.f90,1912,1,OMESH_TYPE%Q
L0596,FIRE::COMBUSTION_BC,write_derived_index,fire.f90,1917,1,"Q(BC%II,BC%JJ,BC%KK)"
L0596,FIRE::COMBUSTION_BC,pointer_reassign,fire.f90,1903,3,WC
L0596,FIRE::COMBUSTION_BC,pointer_reassign,fire.f90,1904,3,EWC
L0596,FIRE::COMBUSTION_BC,pointer_reassign,fire.f90,1906,3,BC
L0597,FIRE::COMBUSTION_GENERAL_LOAD_BALANCED,return,fire.f90,129,1,
L0597,FIRE::COMBUSTION_GENERAL_LOAD_BALANCED,write_derived_index,fire.f90,133,2,"CHEM_ACTIVE_CELLS(NCHEM_ACTIVE_CELLS,1:3)"
L0597,FIRE::COMBUSTION_GENERAL_LOAD_BALANCED,write_derived_index,fire.f90,134,2,"CHEM_ACTIVE_CELLS(NCHEM_ACTIVE_CELLS,4)"
L0597,FIRE::COMBUSTION_GENERAL_LOAD_BALANCED,reduction_accum,fire.f90,131,2,NCHEM_ACTIVE_CELLS_AND_CC = NCHEM_ACTIVE_CELLS_AND_CC ...
L0597,FIRE::COMBUSTION_GENERAL_LOAD_BALANCED,reduction_accum,fire.f90,132,2,NCHEM_ACTIVE_CELLS = NCHEM_ACTIVE_CELLS ...
L0598,FIRE::COMBUSTION_GENERAL_LOAD_BALANCED,dt_alloc_component,fire.f90,145,1,CC_CUTCELL_TYPE%Q_REAC
L0599,FIRE::COMBUSTION_GENERAL_LOAD_BALANCED,alloc_ptr_local,fire.f90,155,5,CC
L0599,FIRE::COMBUSTION_GENERAL_LOAD_BALANCED,alloc_ptr_local,fire.f90,155,5,CC
L0599,FIRE::COMBUSTION_GENERAL_LOAD_BALANCED,alloc_ptr_local,fire.f90,155,5,CC
L0599,FIRE::COMBUSTION_GENERAL_LOAD_BALANCED,alloc_ptr_local,fire.f90,155,5,CC
L0599,FIRE::COMBUSTION_GENERAL_LOAD_BALANCED,dt_alloc_component,fire.f90,159,3,CC_CUTCELL_TYPE%VOLUME
L0599,FIRE::COMBUSTION_GENERAL_LOAD_BALANCED,dt_alloc_component,fire.f90,160,3,CC_CUTCELL_TYPE%ZZ
L0599,FIRE::COMBUSTION_GENERAL_LOAD_BALANCED,dt_alloc_component,fire.f90,162,3,CC_CUTCELL_TYPE%TMP
L0599,FIRE::COMBUSTION_GENERAL_LOAD_BALANCED,return,fire.f90,163,1,
L0599,FIRE::COMBUSTION_GENERAL_LOAD_BALANCED,write_derived_index,fire.f90,167,2,"CHEM_ACTIVE_CC(NCHEM_ACTIVE_CC,1:2)"
L0599,FIRE::COMBUSTION_GENERAL_LOAD_BALANCED,write_derived_index,fire.f90,168,2,"CHEM_ACTIVE_CC(NCHEM_ACTIVE_CC,3)"
L0599,FIRE::COMBUSTION_GENERAL_LOAD_BALANCED,reduction_accum,fire.f90,165,2,NCHEM_ACTIVE_CELLS_AND_CC = NCHEM_ACTIVE_CELLS_AND_CC ...
L0599,FIRE::COMBUSTION_GENERAL_LOAD_BALANCED,reduction_accum,fire.f90,166,2,NCHEM_ACTIVE_CC = NCHEM_ACTIVE_CC ...
L0599,FIRE::COMBUSTION_GENERAL_LOAD_BALANCED,pointer_reassign,fire.f90,155,1,CC
L0603,FIRE::COMBUSTION_GENERAL_LOAD_BALANCED,alloc_ptr_local,fire.f90,310,13,CC
L0603,FIRE::COMBUSTION_GENERAL_LOAD_BALANCED,alloc_ptr_local,fire.f90,310,13,CC
L0603,FIRE::COMBUSTION_GENERAL_LOAD_BALANCED,alloc_ptr_local,fire.f90,310,13,CC
L0603,FIRE::COMBUSTION_GENERAL_LOAD_BALANCED,alloc_ptr_local,fire.f90,310,13,CC
L0603,FIRE::COMBUSTION_GENERAL_LOAD_BALANCED,dt_alloc_component,fire.f90,314,7,CC_CUTCELL_TYPE%Q
L0603,FIRE::COMBUSTION_GENERAL_LOAD_BALANCED,dt_alloc_component,fire.f90,314,7,CC_CUTCELL_TYPE%VOLUME
L0603,FIRE::COMBUSTION_GENERAL_LOAD_BALANCED,dt_alloc_component,fire.f90,315,7,CC_CUTCELL_TYPE%CHI_R
L0603,FIRE::COMBUSTION_GENERAL_LOAD_BALANCED,dt_alloc_component,fire.f90,315,7,CC_CUTCELL_TYPE%Q
L0603,FIRE::COMBUSTION_GENERAL_LOAD_BALANCED,write_derived_index,fire.f90,314,7,"Q(I,J,K)"
L0603,FIRE::COMBUSTION_GENERAL_LOAD_BALANCED,write_derived_index,fire.f90,315,7,"CHI_R(I,J,K)"
L0603,FIRE::COMBUSTION_GENERAL_LOAD_BALANCED,write_derived_index,fire.f90,318,7,"CHI_R(I,J,K)"
L0603,FIRE::COMBUSTION_GENERAL_LOAD_BALANCED,write_derived_index,fire.f90,320,7,"CHI_R(I,J,K)"
L0603,FIRE::COMBUSTION_GENERAL_LOAD_BALANCED,pointer_reassign,fire.f90,310,1,CC
L0604,FIRE::COMBUSTION_LOAD_BALANCED,dt_alloc_component,fire.f90,65,1,CC_CUTCELL_TYPE%Q
L0608,FIRE::CONDENSATION_EVAPORATION,alloc_ptr_local,fire.f90,1958,4,WC
L0608,FIRE::CONDENSATION_EVAPORATION,alloc_ptr_local,fire.f90,1959,4,B1
L0608,FIRE::CONDENSATION_EVAPORATION,alloc_ptr_local,fire.f90,1959,4,WC
L0608,FIRE::CONDENSATION_EVAPORATION,alloc_ptr_local,fire.f90,1960,4,B1
L0608,FIRE::CONDENSATION_EVAPORATION,pointer_reassign,fire.f90,1958,2,WC
L0608,FIRE::CONDENSATION_EVAPORATION,pointer_reassign,fire.f90,1959,2,B1
L0609,FIRE::CONDENSATION_EVAPORATION,alloc_ptr_local,fire.f90,1964,126,SM
L0609,FIRE::CONDENSATION_EVAPORATION,alloc_ptr_local,fire.f90,1965,126,SM
L0609,FIRE::CONDENSATION_EVAPORATION,alloc_ptr_local,fire.f90,1966,126,SM
L0609,FIRE::CONDENSATION_EVAPORATION,alloc_ptr_local,fire.f90,1967,126,SM2
L0609,FIRE::CONDENSATION_EVAPORATION,dt_alloc_component,fire.f90,1970,35,SPECIES_TYPE%H_V
L0609,FIRE::CONDENSATION_EVAPORATION,dt_alloc_component,fire.f90,1970,35,SPECIES_TYPE%H_V
L0609,FIRE::CONDENSATION_EVAPORATION,dt_alloc_component,fire.f90,1993,35,SPECIES_TYPE%H_V
L0609,FIRE::CONDENSATION_EVAPORATION,dt_alloc_component,fire.f90,1993,35,SPECIES_TYPE%H_V
L0609,FIRE::CONDENSATION_EVAPORATION,write_derived_index,fire.f90,2073,9,"ZZ_INTERIM(I,J,K,Z_COND_INDEX)"
L0609,FIRE::CONDENSATION_EVAPORATION,write_derived_index,fire.f90,2076,9,"M_DOT_PPP(I,J,K,Z_COND_INDEX)"
L0609,FIRE::CONDENSATION_EVAPORATION,write_derived_index,fire.f90,2203,9,"ZZ_INTERIM(I,J,K,:)"
L0609,FIRE::CONDENSATION_EVAPORATION,write_derived_index,fire.f90,2212,9,"ZZ_INTERIM(I,J,K,NS)"
L0609,FIRE::CONDENSATION_EVAPORATION,reduction_accum,fire.f90,2074,2,"TMP_INTERIM(I,J,K)"
L0609,FIRE::CONDENSATION_EVAPORATION,reduction_accum,fire.f90,2077,2,"D_SOURCE(I,J,K)"
L0609,FIRE::CONDENSATION_EVAPORATION,reduction_intrinsic,fire.f90,2213,2,SUM
L0609,FIRE::CONDENSATION_EVAPORATION,reduction_intrinsic,fire.f90,2219,2,SUM
L0609,FIRE::CONDENSATION_EVAPORATION,pointer_reassign,fire.f90,1964,9,SM
L0609,FIRE::CONDENSATION_EVAPORATION,pointer_reassign,fire.f90,1967,9,SM2
L0609,FIRE::CONDENSATION_EVAPORATION,pointer_reassign,fire.f90,1969,9,SS
L0609,FIRE::CONDENSATION_EVAPORATION,pointer_reassign,fire.f90,2085,9,WC
L0609,FIRE::CONDENSATION_EVAPORATION,while_loop,fire.f90,2039,2,forever loop inside candidate nest
L0609,FIRE::CONDENSATION_EVAPORATION,while_loop,fire.f90,2175,2,forever loop inside candidate nest
L0630,GEOMETRY_FUNCTIONS::BLOCK_CELL,alloc_ptr_local,func.f90,5512,6,M
L0630,GEOMETRY_FUNCTIONS::BLOCK_CELL,alloc_ptr_local,func.f90,5515,6,M
L0630,GEOMETRY_FUNCTIONS::BLOCK_CELL,alloc_ptr_local,func.f90,5516,6,M
L0630,GEOMETRY_FUNCTIONS::BLOCK_CELL,alloc_ptr_local,func.f90,5518,6,M
L0630,GEOMETRY_FUNCTIONS::BLOCK_CELL,dt_alloc_component,func.f90,5512,6,MESH_TYPE%CELL_INDEX
L0630,GEOMETRY_FUNCTIONS::BLOCK_CELL,dt_alloc_component,func.f90,5515,6,MESH_TYPE%CELL
L0630,GEOMETRY_FUNCTIONS::BLOCK_CELL,dt_alloc_component,func.f90,5516,6,MESH_TYPE%CELL
L0630,GEOMETRY_FUNCTIONS::BLOCK_CELL,dt_alloc_component,func.f90,5518,6,MESH_TYPE%CELL
L0630,GEOMETRY_FUNCTIONS::BLOCK_CELL,write_derived_index,func.f90,5515,5,M%CELL(IC)%SOLID
L0630,GEOMETRY_FUNCTIONS::BLOCK_CELL,write_derived_index,func.f90,5516,5,M%CELL(IC)%OBST_INDEX
L0630,GEOMETRY_FUNCTIONS::BLOCK_CELL,write_derived_index,func.f90,5518,5,M%CELL(IC)%SOLID
L0630,GEOMETRY_FUNCTIONS::BLOCK_CELL,write_derived_index,func.f90,5519,5,M%CELL(IC)%OBST_INDEX
L0652,MATH_FUNCTIONS::GET_SCALAR_FACE_VALUE,alloc_ptr_dummy,func.f90,1351,3,F
L0652,MATH_FUNCTIONS::GET_SCALAR_FACE_VALUE,alloc_ptr_dummy,func.f90,1351,3,U
L0652,MATH_FUNCTIONS::GET_SCALAR_FACE_VALUE,alloc_ptr_dummy,func.f90,1351,3,U
L0653,MATH_FUNCTIONS::GET_SCALAR_FACE_VALUE,alloc_ptr_dummy,func.f90,1361,5,A
L0653,MATH_FUNCTIONS::GET_SCALAR_FACE_VALUE,alloc_ptr_dummy,func.f90,1362,5,F
L0653,MATH_FUNCTIONS::GET_SCALAR_FACE_VALUE,alloc_ptr_dummy,func.f90,1362,5,U
L0653,MATH_FUNCTIONS::GET_SCALAR_FACE_VALUE,alloc_ptr_dummy,func.f90,1364,5,F
L0654,MATH_FUNCTIONS::GET_SCALAR_FACE_VALUE,alloc_ptr_dummy,func.f90,1375,11,U
L0654,MATH_FUNCTIONS::GET_SCALAR_FACE_VALUE,alloc_ptr_dummy,func.f90,1375,11,U
L0654,MATH_FUNCTIONS::GET_SCALAR_FACE_VALUE,alloc_ptr_dummy,func.f90,1376,11,A
L0654,MATH_FUNCTIONS::GET_SCALAR_FACE_VALUE,alloc_ptr_dummy,func.f90,1377,11,U
L0655,MATH_FUNCTIONS::GET_SCALAR_FACE_VALUE,alloc_ptr_dummy,func.f90,1396,11,U
L0655,MATH_FUNCTIONS::GET_SCALAR_FACE_VALUE,alloc_ptr_dummy,func.f90,1396,11,U
L0655,MATH_FUNCTIONS::GET_SCALAR_FACE_VALUE,alloc_ptr_dummy,func.f90,1397,11,A
L0655,MATH_FUNCTIONS::GET_SCALAR_FACE_VALUE,alloc_ptr_dummy,func.f90,1398,11,U
L0656,MATH_FUNCTIONS::GET_SCALAR_FACE_VALUE,alloc_ptr_dummy,func.f90,1417,11,U
L0656,MATH_FUNCTIONS::GET_SCALAR_FACE_VALUE,alloc_ptr_dummy,func.f90,1417,11,U
L0656,MATH_FUNCTIONS::GET_SCALAR_FACE_VALUE,alloc_ptr_dummy,func.f90,1418,11,A
L0656,MATH_FUNCTIONS::GET_SCALAR_FACE_VALUE,alloc_ptr_dummy,func.f90,1419,11,U
L0657,MATH_FUNCTIONS::GET_SCALAR_FACE_VALUE,alloc_ptr_dummy,func.f90,1442,15,A
L0657,MATH_FUNCTIONS::GET_SCALAR_FACE_VALUE,alloc_ptr_dummy,func.f90,1443,15,U
L0657,MATH_FUNCTIONS::GET_SCALAR_FACE_VALUE,alloc_ptr_dummy,func.f90,1443,15,U
L0657,MATH_FUNCTIONS::GET_SCALAR_FACE_VALUE,alloc_ptr_dummy,func.f90,1443,15,U
L0668,MEMORY_FUNCTIONS::GET_LAGRANGIAN_PARTICLE_INDEX,dt_alloc_component,func.f90,5310,1,MESH_TYPE%LAGRANGIAN_PARTICLE
L0668,MEMORY_FUNCTIONS::GET_LAGRANGIAN_PARTICLE_INDEX,exit_out_of_nest,func.f90,5312,1,EXIT (innermost=candidate root)
L0677,MEMORY_FUNCTIONS::PACK_CELL,alloc_ptr_local,func.f90,5185,24,M
L0677,MEMORY_FUNCTIONS::PACK_CELL,alloc_ptr_local,func.f90,5185,24,M
L0677,MEMORY_FUNCTIONS::PACK_CELL,alloc_ptr_local,func.f90,5186,24,M
L0677,MEMORY_FUNCTIONS::PACK_CELL,alloc_ptr_local,func.f90,5186,24,M
L0677,MEMORY_FUNCTIONS::PACK_CELL,dt_alloc_component,func.f90,5185,24,MESH_TYPE%CELL_LOGICALS
L0677,MEMORY_FUNCTIONS::PACK_CELL,dt_alloc_component,func.f90,5185,24,MESH_TYPE%CELL
L0677,MEMORY_FUNCTIONS::PACK_CELL,dt_alloc_component,func.f90,5186,24,MESH_TYPE%CELL_LOGICALS
L0677,MEMORY_FUNCTIONS::PACK_CELL,dt_alloc_component,func.f90,5186,24,MESH_TYPE%CELL
L0677,MEMORY_FUNCTIONS::PACK_CELL,reduction_accum,func.f90,5185,12,LC = LC ...
L0677,MEMORY_FUNCTIONS::PACK_CELL,reduction_accum,func.f90,5186,12,LC = LC ...
L0677,MEMORY_FUNCTIONS::PACK_CELL,reduction_accum,func.f90,5188,12,IC = IC ...
L0677,MEMORY_FUNCTIONS::PACK_CELL,reduction_accum,func.f90,5189,12,IC = IC ...
L0680,PHYSICAL_FUNCTIONS::COMPUTE_WIND_COMPONENTS,alloc_ptr_local,func.f90,2845,5,M
L0680,PHYSICAL_FUNCTIONS::COMPUTE_WIND_COMPONENTS,alloc_ptr_local,func.f90,2846,5,M
L0680,PHYSICAL_FUNCTIONS::COMPUTE_WIND_COMPONENTS,alloc_ptr_local,func.f90,2846,5,M
L0680,PHYSICAL_FUNCTIONS::COMPUTE_WIND_COMPONENTS,alloc_ptr_local,func.f90,2846,5,M
L0680,PHYSICAL_FUNCTIONS::COMPUTE_WIND_COMPONENTS,dt_alloc_component,func.f90,2846,4,MESH_TYPE%ZC
L0680,PHYSICAL_FUNCTIONS::COMPUTE_WIND_COMPONENTS,dt_alloc_component,func.f90,2846,4,MESH_TYPE%U_WIND
L0680,PHYSICAL_FUNCTIONS::COMPUTE_WIND_COMPONENTS,dt_alloc_component,func.f90,2846,4,MESH_TYPE%V_WIND
L0680,PHYSICAL_FUNCTIONS::COMPUTE_WIND_COMPONENTS,dt_alloc_component,func.f90,2846,4,MESH_TYPE%W_WIND
L0719,COMPLEX_GEOMETRY::PROCESS_GEOM,io,geom.f90,3799,1,WRITE
L0719,COMPLEX_GEOMETRY::PROCESS_GEOM,alloc_ptr_local,geom.f90,3787,19,G
L0719,COMPLEX_GEOMETRY::PROCESS_GEOM,alloc_ptr_local,geom.f90,3788,19,G
L0719,COMPLEX_GEOMETRY::PROCESS_GEOM,alloc_ptr_local,geom.f90,3789,19,G
L0719,COMPLEX_GEOMETRY::PROCESS_GEOM,alloc_ptr_local,geom.f90,3791,19,G
L0719,COMPLEX_GEOMETRY::PROCESS_GEOM,dt_alloc_component,geom.f90,3803,8,GEOMETRY_TYPE%VERTS_BASE
L0719,COMPLEX_GEOMETRY::PROCESS_GEOM,dt_alloc_component,geom.f90,3805,8,GEOMETRY_TYPE%VERTS
L0719,COMPLEX_GEOMETRY::PROCESS_GEOM,dt_alloc_component,geom.f90,3811,8,GEOMETRY_TYPE%FACES
L0719,COMPLEX_GEOMETRY::PROCESS_GEOM,dt_alloc_component,geom.f90,3812,8,GEOMETRY_TYPE%FACES
L0719,COMPLEX_GEOMETRY::PROCESS_GEOM,return,geom.f90,3800,1,
L0719,COMPLEX_GEOMETRY::PROCESS_GEOM,shutdown_call,geom.f90,3800,1,SHUTDOWN
L0719,COMPLEX_GEOMETRY::PROCESS_GEOM,string_op,geom.f90,3799,2,MESSAGE
L0719,COMPLEX_GEOMETRY::PROCESS_GEOM,string_op,geom.f90,3800,2,MESSAGE
L0719,COMPLEX_GEOMETRY::PROCESS_GEOM,pointer_reassign,geom.f90,3787,2,G
L0719,COMPLEX_GEOMETRY::PROCESS_GEOM,pointer_reassign,geom.f90,3808,2,MV
L0775,HVAC_ROUTINES::HVAC_BC_IN,alloc_ptr_local,hvac.f90,2342,13,WC
L0775,HVAC_ROUTINES::HVAC_BC_IN,alloc_ptr_local,hvac.f90,2343,13,WC
L0775,HVAC_ROUTINES::HVAC_BC_IN,alloc_ptr_local,hvac.f90,2344,13,B1
L0775,HVAC_ROUTINES::HVAC_BC_IN,alloc_ptr_local,hvac.f90,2344,13,WC
L0775,HVAC_ROUTINES::HVAC_BC_IN,return,hvac.f90,2352,1,
L0775,HVAC_ROUTINES::HVAC_BC_IN,pointer_reassign,hvac.f90,2342,6,WC
L0775,HVAC_ROUTINES::HVAC_BC_IN,pointer_reassign,hvac.f90,2344,6,B1
L0775,HVAC_ROUTINES::HVAC_BC_IN,pointer_reassign,hvac.f90,2345,6,BC
L0775,HVAC_ROUTINES::HVAC_BC_IN,pointer_reassign,hvac.f90,2346,6,SF
L0776,HVAC_ROUTINES::HVAC_BC_IN,alloc_ptr_local,hvac.f90,2358,10,CFA
L0776,HVAC_ROUTINES::HVAC_BC_IN,alloc_ptr_local,hvac.f90,2359,10,B1
L0776,HVAC_ROUTINES::HVAC_BC_IN,alloc_ptr_local,hvac.f90,2359,10,CFA
L0776,HVAC_ROUTINES::HVAC_BC_IN,alloc_ptr_local,hvac.f90,2360,10,BC
L0776,HVAC_ROUTINES::HVAC_BC_IN,pointer_reassign,hvac.f90,2358,5,CFA
L0776,HVAC_ROUTINES::HVAC_BC_IN,pointer_reassign,hvac.f90,2359,5,B1
L0776,HVAC_ROUTINES::HVAC_BC_IN,pointer_reassign,hvac.f90,2360,5,BC
L0776,HVAC_ROUTINES::HVAC_BC_IN,pointer_reassign,hvac.f90,2361,5,SF
L0821,INIT::OPEN_AND_CLOSE,io,init.f90,4830,3,WRITE
L0821,INIT::OPEN_AND_CLOSE,io,init.f90,4832,3,WRITE
L0821,INIT::OPEN_AND_CLOSE,io,init.f90,4833,3,WRITE
L0821,INIT::OPEN_AND_CLOSE,alloc_ptr_local,init.f90,4732,46,VT
L0821,INIT::OPEN_AND_CLOSE,alloc_ptr_local,init.f90,4734,46,VT
L0821,INIT::OPEN_AND_CLOSE,alloc_ptr_local,init.f90,4745,46,VT
L0821,INIT::OPEN_AND_CLOSE,alloc_ptr_local,init.f90,4750,46,VT
L0821,INIT::OPEN_AND_CLOSE,dt_alloc_component,init.f90,4799,5,MESH_TYPE%BOUNDARY_PROP1
L0821,INIT::OPEN_AND_CLOSE,dt_alloc_component,init.f90,4799,5,MESH_TYPE%WALL
L0821,INIT::OPEN_AND_CLOSE,dt_alloc_component,init.f90,4800,5,MESH_TYPE%BOUNDARY_COORD
L0821,INIT::OPEN_AND_CLOSE,dt_alloc_component,init.f90,4800,5,MESH_TYPE%WALL
L0821,INIT::OPEN_AND_CLOSE,reduction_accum,init.f90,4735,4,CVENT_INDEX = CVENT_INDEX ...
L0821,INIT::OPEN_AND_CLOSE,reduction_accum,init.f90,4737,4,VENT_INDEX = VENT_INDEX ...
L0821,INIT::OPEN_AND_CLOSE,reduction_accum,init.f90,4829,4,N_STRINGS = N_STRINGS ...
L0821,INIT::OPEN_AND_CLOSE,reduction_accum,init.f90,4831,4,N_STRINGS = N_STRINGS ...
L0821,INIT::OPEN_AND_CLOSE,string_op,init.f90,4818,9,SV_LABEL
L0821,INIT::OPEN_AND_CLOSE,string_op,init.f90,4819,9,SV_LABEL
L0821,INIT::OPEN_AND_CLOSE,string_op,init.f90,4821,9,SV_LABEL
L0821,INIT::OPEN_AND_CLOSE,string_op,init.f90,4822,9,SV_LABEL
L0821,INIT::OPEN_AND_CLOSE,pointer_reassign,init.f90,4732,4,VT
L0821,INIT::OPEN_AND_CLOSE,pointer_reassign,init.f90,4799,4,B1
L0821,INIT::OPEN_AND_CLOSE,pointer_reassign,init.f90,4800,4,BC
L0821,INIT::OPEN_AND_CLOSE,pointer_reassign,init.f90,4827,4,STRING
L0822,INIT::REASSIGN_WALL_CELLS,alloc_ptr_local,init.f90,4918,19,EWC
L0822,INIT::REASSIGN_WALL_CELLS,alloc_ptr_local,init.f90,4919,19,EWC
L0822,INIT::REASSIGN_WALL_CELLS,alloc_ptr_local,init.f90,4921,19,WC
L0822,INIT::REASSIGN_WALL_CELLS,alloc_ptr_local,init.f90,4922,19,BC
L0822,INIT::REASSIGN_WALL_CELLS,dt_alloc_component,init.f90,4918,5,MESH_TYPE%EXTERNAL_WALL
L0822,INIT::REASSIGN_WALL_CELLS,dt_alloc_component,init.f90,4921,5,MESH_TYPE%WALL
L0822,INIT::REASSIGN_WALL_CELLS,dt_alloc_component,init.f90,4922,5,MESH_TYPE%BOUNDARY_COORD
L0822,INIT::REASSIGN_WALL_CELLS,dt_alloc_component,init.f90,4927,5,MESH_TYPE%CELL
L0822,INIT::REASSIGN_WALL_CELLS,pointer_reassign,init.f90,4918,4,EWC
L0822,INIT::REASSIGN_WALL_CELLS,pointer_reassign,init.f90,4921,4,WC
L0822,INIT::REASSIGN_WALL_CELLS,pointer_reassign,init.f90,4922,4,BC
L0822,INIT::REASSIGN_WALL_CELLS,pointer_reassign,init.f90,4923,4,MM
L0823,INIT::REASSIGN_WALL_CELLS,alloc_ptr_local,init.f90,4942,13,OB
L0823,INIT::REASSIGN_WALL_CELLS,alloc_ptr_local,init.f90,4944,13,OB
L0823,INIT::REASSIGN_WALL_CELLS,alloc_ptr_local,init.f90,4944,13,OB
L0823,INIT::REASSIGN_WALL_CELLS,alloc_ptr_local,init.f90,4947,13,OB
L0823,INIT::REASSIGN_WALL_CELLS,pointer_reassign,init.f90,4942,1,OB
L0848,FDS::MESH_EXCHANGE,alloc,main.f90,3170,6,ALLOCATE
L0848,FDS::MESH_EXCHANGE,alloc,main.f90,3171,6,ALLOCATE
L0848,FDS::MESH_EXCHANGE,alloc,main.f90,3172,6,ALLOCATE
L0848,FDS::MESH_EXCHANGE,alloc,main.f90,3173,6,ALLOCATE
L0848,FDS::MESH_EXCHANGE,alloc_ptr_local,main.f90,3186,173,OS
L0848,FDS::MESH_EXCHANGE,alloc_ptr_local,main.f90,3187,173,OS
L0848,FDS::MESH_EXCHANGE,alloc_ptr_local,main.f90,3188,173,OS
L0848,FDS::MESH_EXCHANGE,alloc_ptr_local,main.f90,3189,173,OS
L0848,FDS::MESH_EXCHANGE,dt_alloc_component,main.f90,3146,272,MESH_TYPE%NEIGHBORING_MESH
L0848,FDS::MESH_EXCHANGE,dt_alloc_component,main.f90,3147,272,MESH_TYPE%OMESH
L0848,FDS::MESH_EXCHANGE,dt_alloc_component,main.f90,3170,272,OMESH_TYPE%REAL_SEND_PKG1
L0848,FDS::MESH_EXCHANGE,dt_alloc_component,main.f90,3171,272,OMESH_TYPE%REAL_SEND_PKG3
L0848,FDS::MESH_EXCHANGE,reduction_accum,main.f90,3187,44,N_REQ2 = N_REQ2 ...
L0848,FDS::MESH_EXCHANGE,reduction_accum,main.f90,3188,44,N_REQ2 = N_REQ2 ...
L0848,FDS::MESH_EXCHANGE,reduction_accum,main.f90,3189,44,N_REQ2 = N_REQ2 ...
L0848,FDS::MESH_EXCHANGE,reduction_accum,main.f90,3190,44,N_REQ2 = N_REQ2 ...
L0848,FDS::MESH_EXCHANGE,pointer_reassign,main.f90,3147,64,M3
L0848,FDS::MESH_EXCHANGE,pointer_reassign,main.f90,3186,64,OS
L0848,FDS::MESH_EXCHANGE,pointer_reassign,main.f90,3230,64,OS
L0848,FDS::MESH_EXCHANGE,pointer_reassign,main.f90,3233,64,OS
L0848,FDS::MESH_EXCHANGE,mpi_call,main.f90,3187,35,MPI_SEND_INIT
L0848,FDS::MESH_EXCHANGE,mpi_call,main.f90,3188,35,MPI_SEND_INIT
L0848,FDS::MESH_EXCHANGE,mpi_call,main.f90,3189,35,MPI_SEND_INIT
L0848,FDS::MESH_EXCHANGE,mpi_call,main.f90,3190,35,MPI_SEND_INIT
L0848,FDS::MESH_EXCHANGE,module_global_write,main.f90,3187,35,N_REQ2
L0848,FDS::MESH_EXCHANGE,module_global_write,main.f90,3188,35,N_REQ2
L0848,FDS::MESH_EXCHANGE,module_global_write,main.f90,3189,35,N_REQ2
L0848,FDS::MESH_EXCHANGE,module_global_write,main.f90,3190,35,N_REQ2
L0849,FDS::MESH_EXCHANGE,alloc_ptr_local,main.f90,3708,113,RHOP
L0849,FDS::MESH_EXCHANGE,alloc_ptr_local,main.f90,3708,113,DP
L0849,FDS::MESH_EXCHANGE,alloc_ptr_local,main.f90,3708,113,ZZP
L0849,FDS::MESH_EXCHANGE,alloc_ptr_local,main.f90,3710,113,RHOP
L0849,FDS::MESH_EXCHANGE,dt_alloc_component,main.f90,3696,184,MESH_TYPE%NEIGHBORING_MESH
L0849,FDS::MESH_EXCHANGE,dt_alloc_component,main.f90,3697,184,MESH_TYPE%OMESH
L0849,FDS::MESH_EXCHANGE,dt_alloc_component,main.f90,3708,184,OMESH_TYPE%RHOS
L0849,FDS::MESH_EXCHANGE,dt_alloc_component,main.f90,3708,184,OMESH_TYPE%D
L0849,FDS::MESH_EXCHANGE,write_derived_index,main.f90,3948,1,M%OBSTRUCTION(OBST_INDEX)%MASS
L0849,FDS::MESH_EXCHANGE,write_missing_outer_index,main.f90,3902,2,DEVICE(NN)%LP_TAG
L0849,FDS::MESH_EXCHANGE,write_missing_outer_index,main.f90,3903,2,DEVICE(NN)%PART_CLASS_INDEX
L0849,FDS::MESH_EXCHANGE,reduction_accum,main.f90,3735,11,T_USED(12)
L0849,FDS::MESH_EXCHANGE,reduction_accum,main.f90,3769,11,T_USED(12)
L0849,FDS::MESH_EXCHANGE,reduction_accum,main.f90,3786,11,T_USED(12)
L0849,FDS::MESH_EXCHANGE,reduction_accum,main.f90,3810,11,T_USED(12)
L0849,FDS::MESH_EXCHANGE,pointer_reassign,main.f90,3697,28,M2
L0849,FDS::MESH_EXCHANGE,pointer_reassign,main.f90,3708,28,RHOP
L0849,FDS::MESH_EXCHANGE,pointer_reassign,main.f90,3708,28,DP
L0849,FDS::MESH_EXCHANGE,pointer_reassign,main.f90,3708,28,ZZP
L0858,MASS::DENSITY,alloc_ptr_local,mass.f90,425,29,WC
L0858,MASS::DENSITY,alloc_ptr_local,mass.f90,426,29,WC
L0858,MASS::DENSITY,alloc_ptr_local,mass.f90,427,29,BC
L0858,MASS::DENSITY,alloc_ptr_local,mass.f90,427,29,WC
L0858,MASS::DENSITY,write_derived_index,mass.f90,429,6,"UU(BC%IIG-1,BC%JJG,BC%KKG)"
L0858,MASS::DENSITY,write_derived_index,mass.f90,430,6,"UU(BC%IIG,BC%JJG,BC%KKG)"
L0858,MASS::DENSITY,write_derived_index,mass.f90,431,6,"VV(BC%IIG,BC%JJG-1,BC%KKG)"
L0858,MASS::DENSITY,write_derived_index,mass.f90,432,6,"VV(BC%IIG,BC%JJG,BC%KKG)"
L0858,MASS::DENSITY,pointer_reassign,mass.f90,425,2,WC
L0858,MASS::DENSITY,pointer_reassign,mass.f90,427,2,BC
L0859,MASS::DENSITY,alloc_ptr_local,mass.f90,447,7,DEL_RHO_D_DEL_Z__0
L0859,MASS::DENSITY,alloc_ptr_local,mass.f90,447,7,UU
L0859,MASS::DENSITY,alloc_ptr_local,mass.f90,447,7,UU
L0859,MASS::DENSITY,alloc_ptr_local,mass.f90,447,7,VV
L0860,MASS::DENSITY,alloc_ptr_local,mass.f90,466,3,UU
L0860,MASS::DENSITY,alloc_ptr_local,mass.f90,467,3,VV
L0860,MASS::DENSITY,alloc_ptr_local,mass.f90,468,3,WW
L0862,MASS::DENSITY,reduction_intrinsic,mass.f90,509,1,SUM
L0865,MASS::DENSITY,alloc_ptr_local,mass.f90,560,2,ZZ_GET
L0865,MASS::DENSITY,alloc_ptr_local,mass.f90,561,2,ZZ_GET
L0867,MASS::DENSITY,alloc_ptr_local,mass.f90,596,30,WC
L0867,MASS::DENSITY,alloc_ptr_local,mass.f90,597,30,EWC
L0867,MASS::DENSITY,alloc_ptr_local,mass.f90,598,30,EWC
L0867,MASS::DENSITY,alloc_ptr_local,mass.f90,599,30,BC
L0867,MASS::DENSITY,write_derived_index,mass.f90,601,6,"UU(BC%IIG-1,BC%JJG,BC%KKG)"
L0867,MASS::DENSITY,write_derived_index,mass.f90,602,6,"UU(BC%IIG,BC%JJG,BC%KKG)"
L0867,MASS::DENSITY,write_derived_index,mass.f90,603,6,"VV(BC%IIG,BC%JJG-1,BC%KKG)"
L0867,MASS::DENSITY,write_derived_index,mass.f90,604,6,"VV(BC%IIG,BC%JJG,BC%KKG)"
L0867,MASS::DENSITY,pointer_reassign,mass.f90,596,3,WC
L0867,MASS::DENSITY,pointer_reassign,mass.f90,597,3,EWC
L0867,MASS::DENSITY,pointer_reassign,mass.f90,599,3,BC
L0868,MASS::DENSITY,alloc_ptr_local,mass.f90,624,6,UU
L0868,MASS::DENSITY,alloc_ptr_local,mass.f90,624,6,UU
L0868,MASS::DENSITY,alloc_ptr_local,mass.f90,624,6,VV
L0868,MASS::DENSITY,alloc_ptr_local,mass.f90,624,6,VV
L0869,MASS::DENSITY,alloc_ptr_local,mass.f90,654,3,UU
L0869,MASS::DENSITY,alloc_ptr_local,mass.f90,655,3,VV
L0869,MASS::DENSITY,alloc_ptr_local,mass.f90,656,3,WW
L0871,MASS::DENSITY,reduction_intrinsic,mass.f90,691,1,SUM
L0874,MASS::DENSITY,alloc_ptr_local,mass.f90,742,2,ZZ_GET
L0874,MASS::DENSITY,alloc_ptr_local,mass.f90,743,2,ZZ_GET
L0876,MASS::DENSITY::CHECK_MASS_DENSITY,alloc_ptr_local,mass.f90,809,24,RHOP
L0876,MASS::DENSITY::CHECK_MASS_DENSITY,alloc_ptr_local,mass.f90,809,24,RHOP
L0876,MASS::DENSITY::CHECK_MASS_DENSITY,alloc_ptr_local,mass.f90,812,24,RHOP
L0876,MASS::DENSITY::CHECK_MASS_DENSITY,alloc_ptr_local,mass.f90,830,24,RHOP
L0876,MASS::DENSITY::CHECK_MASS_DENSITY,reduction_intrinsic,mass.f90,837,1,SUM
L0877,MASS::DENSITY::CHECK_MASS_DENSITY,alloc_ptr_local,mass.f90,870,31,DELTA_RHO_ZZ
L0877,MASS::DENSITY::CHECK_MASS_DENSITY,alloc_ptr_local,mass.f90,871,31,DELTA_RHO_ZZ
L0877,MASS::DENSITY::CHECK_MASS_DENSITY,alloc_ptr_local,mass.f90,887,31,RHOP
L0877,MASS::DENSITY::CHECK_MASS_DENSITY,alloc_ptr_local,mass.f90,888,31,RHO_ZZ
L0877,MASS::DENSITY::CHECK_MASS_DENSITY,reduction_intrinsic,mass.f90,913,1,SUM
L0877,MASS::DENSITY::CHECK_MASS_DENSITY,pointer_reassign,mass.f90,870,1,DELTA_RHO_ZZ
L0878,MASS::DENSITY::CHECK_MASS_DENSITY,alloc_ptr_local,mass.f90,951,9,RHO_ZZ
L0878,MASS::DENSITY::CHECK_MASS_DENSITY,alloc_ptr_local,mass.f90,952,9,RHO_ZZ
L0878,MASS::DENSITY::CHECK_MASS_DENSITY,alloc_ptr_local,mass.f90,953,9,RHO_ZZ
L0878,MASS::DENSITY::CHECK_MASS_DENSITY,alloc_ptr_local,mass.f90,953,9,RHOP
L0878,MASS::DENSITY::CHECK_MASS_DENSITY,write_derived_index,mass.f90,957,1,"RHO_ZZ(I,J,K,N)"
L0878,MASS::DENSITY::CHECK_MASS_DENSITY,reduction_intrinsic,mass.f90,951,2,SUM
L0878,MASS::DENSITY::CHECK_MASS_DENSITY,reduction_intrinsic,mass.f90,952,2,MAXLOC
L0879,MASS::DENSITY::CLIP_PASSIVE_SCALARS,alloc_ptr_local,mass.f90,984,2,ZZP
L0879,MASS::DENSITY::CLIP_PASSIVE_SCALARS,alloc_ptr_local,mass.f90,984,2,ZZP
L0880,MASS::MASS_FINITE_DIFFERENCES,alloc_ptr_local,mass.f90,67,108,RHO_Z_P
L0880,MASS::MASS_FINITE_DIFFERENCES,alloc_ptr_local,mass.f90,73,108,RHO_Z_P
L0880,MASS::MASS_FINITE_DIFFERENCES,alloc_ptr_local,mass.f90,73,108,RHOP
L0880,MASS::MASS_FINITE_DIFFERENCES,alloc_ptr_local,mass.f90,73,108,ZZP
L0880,MASS::MASS_FINITE_DIFFERENCES,dt_alloc_component,mass.f90,121,6,BOUNDARY_PROP1_TYPE%ZZ_F
L0880,MASS::MASS_FINITE_DIFFERENCES,dt_alloc_component,mass.f90,122,6,BOUNDARY_PROP1_TYPE%ZZ_F
L0880,MASS::MASS_FINITE_DIFFERENCES,dt_alloc_component,mass.f90,123,6,BOUNDARY_PROP1_TYPE%ZZ_F
L0880,MASS::MASS_FINITE_DIFFERENCES,dt_alloc_component,mass.f90,124,6,BOUNDARY_PROP1_TYPE%ZZ_F
L0880,MASS::MASS_FINITE_DIFFERENCES,write_derived_index,mass.f90,111,18,"FX(IIG-1,JJG,KKG,N)"
L0880,MASS::MASS_FINITE_DIFFERENCES,write_derived_index,mass.f90,112,18,"FX(IIG,JJG,KKG,N)"
L0880,MASS::MASS_FINITE_DIFFERENCES,write_derived_index,mass.f90,113,18,"FY(IIG,JJG-1,KKG,N)"
L0880,MASS::MASS_FINITE_DIFFERENCES,write_derived_index,mass.f90,114,18,"FY(IIG,JJG,KKG,N)"
L0880,MASS::MASS_FINITE_DIFFERENCES,pointer_reassign,mass.f90,67,10,RHO_Z_P
L0880,MASS::MASS_FINITE_DIFFERENCES,pointer_reassign,mass.f90,81,10,FX_P
L0880,MASS::MASS_FINITE_DIFFERENCES,pointer_reassign,mass.f90,82,10,FY_P
L0880,MASS::MASS_FINITE_DIFFERENCES,pointer_reassign,mass.f90,83,10,FZ_P
L0881,MASS::MASS_FINITE_DIFFERENCES,alloc_ptr_local,mass.f90,204,3,ZZP
L0881,MASS::MASS_FINITE_DIFFERENCES,alloc_ptr_local,mass.f90,206,3,RHO_RMW
L0881,MASS::MASS_FINITE_DIFFERENCES,alloc_ptr_local,mass.f90,206,3,RHOP
L0882,MASS::MASS_FINITE_DIFFERENCES,alloc_ptr_local,mass.f90,225,84,WC
L0882,MASS::MASS_FINITE_DIFFERENCES,alloc_ptr_local,mass.f90,226,84,WC
L0882,MASS::MASS_FINITE_DIFFERENCES,alloc_ptr_local,mass.f90,227,84,BC
L0882,MASS::MASS_FINITE_DIFFERENCES,alloc_ptr_local,mass.f90,227,84,WC
L0882,MASS::MASS_FINITE_DIFFERENCES,dt_alloc_component,mass.f90,250,1,BOUNDARY_PROP1_TYPE%ZZ_F
L0882,MASS::MASS_FINITE_DIFFERENCES,write_derived_index,mass.f90,241,18,"FX(IIG-1,JJG,KKG,0)"
L0882,MASS::MASS_FINITE_DIFFERENCES,write_derived_index,mass.f90,242,18,"FX(IIG,JJG,KKG,0)"
L0882,MASS::MASS_FINITE_DIFFERENCES,write_derived_index,mass.f90,243,18,"FY(IIG,JJG-1,KKG,0)"
L0882,MASS::MASS_FINITE_DIFFERENCES,write_derived_index,mass.f90,244,18,"FY(IIG,JJG,KKG,0)"
L0882,MASS::MASS_FINITE_DIFFERENCES,write_missing_outer_index,mass.f90,273,12,"Z_TEMP(0:3,1,1)"
L0882,MASS::MASS_FINITE_DIFFERENCES,write_missing_outer_index,mass.f90,274,12,"U_TEMP(1,1,1)"
L0882,MASS::MASS_FINITE_DIFFERENCES,write_missing_outer_index,mass.f90,283,12,"Z_TEMP(0:3,1,1)"
L0882,MASS::MASS_FINITE_DIFFERENCES,write_missing_outer_index,mass.f90,284,12,"U_TEMP(1,1,1)"
L0882,MASS::MASS_FINITE_DIFFERENCES,pointer_reassign,mass.f90,225,3,WC
L0882,MASS::MASS_FINITE_DIFFERENCES,pointer_reassign,mass.f90,227,3,BC
L0882,MASS::MASS_FINITE_DIFFERENCES,pointer_reassign,mass.f90,228,3,B1
L0883,MASS::MASS_FINITE_DIFFERENCES,write_derived_index,mass.f90,333,3,"FX(I,J,K,N)"
L0883,MASS::MASS_FINITE_DIFFERENCES,write_derived_index,mass.f90,339,3,"FY(I,J,K,N)"
L0883,MASS::MASS_FINITE_DIFFERENCES,write_derived_index,mass.f90,345,3,"FZ(I,J,K,N)"
L0883,MASS::MASS_FINITE_DIFFERENCES,reduction_intrinsic,mass.f90,331,9,MAXLOC
L0883,MASS::MASS_FINITE_DIFFERENCES,reduction_intrinsic,mass.f90,333,9,SUM
L0883,MASS::MASS_FINITE_DIFFERENCES,reduction_intrinsic,mass.f90,333,9,SUM
L0883,MASS::MASS_FINITE_DIFFERENCES,reduction_intrinsic,mass.f90,337,9,MAXLOC
L0884,PART::CLIP_PARTICLE_DRAG,alloc_ptr_local,part.f90,4609,3,UU
L0884,PART::CLIP_PARTICLE_DRAG,alloc_ptr_local,part.f90,4610,3,VV
L0884,PART::CLIP_PARTICLE_DRAG,alloc_ptr_local,part.f90,4611,3,WW
L0885,PART::INSERT_ALL_PARTICLES,io,part.f90,190,6,OPEN
L0885,PART::INSERT_ALL_PARTICLES,io,part.f90,193,6,READ
L0885,PART::INSERT_ALL_PARTICLES,io,part.f90,200,6,READ
L0885,PART::INSERT_ALL_PARTICLES,io,part.f90,202,6,READ
L0885,PART::INSERT_ALL_PARTICLES,alloc_ptr_local,part.f90,177,46,IN
L0885,PART::INSERT_ALL_PARTICLES,alloc_ptr_local,part.f90,178,46,IN
L0885,PART::INSERT_ALL_PARTICLES,alloc_ptr_local,part.f90,183,46,IN
L0885,PART::INSERT_ALL_PARTICLES,alloc_ptr_local,part.f90,186,46,IN
L0885,PART::INSERT_ALL_PARTICLES,dt_alloc_component,part.f90,186,15,INITIALIZATION_TYPE%ALREADY_INSERTED
L0885,PART::INSERT_ALL_PARTICLES,dt_alloc_component,part.f90,196,15,INITIALIZATION_TYPE%ALREADY_INSERTED
L0885,PART::INSERT_ALL_PARTICLES,dt_alloc_component,part.f90,208,15,INITIALIZATION_TYPE%ALREADY_INSERTED
L0885,PART::INSERT_ALL_PARTICLES,dt_alloc_component,part.f90,223,15,MESH_TYPE%WALL
L0885,PART::INSERT_ALL_PARTICLES,exit_out_of_nest,part.f90,280,1,EXIT OVERALL_INSERT_LOOP
L0885,PART::INSERT_ALL_PARTICLES,return,part.f90,212,1,
L0885,PART::INSERT_ALL_PARTICLES,shutdown_call,part.f90,212,1,SHUTDOWN
L0885,PART::INSERT_ALL_PARTICLES,string_op,part.f90,210,2,MESSAGE
L0885,PART::INSERT_ALL_PARTICLES,string_op,part.f90,212,2,MESSAGE
L0885,PART::INSERT_ALL_PARTICLES,pointer_reassign,part.f90,177,7,IN
L0885,PART::INSERT_ALL_PARTICLES,pointer_reassign,part.f90,223,7,WC
L0885,PART::INSERT_ALL_PARTICLES,pointer_reassign,part.f90,224,7,BC
L0885,PART::INSERT_ALL_PARTICLES,pointer_reassign,part.f90,225,7,SF
L0886,PART::INSERT_ALL_PARTICLES,alloc_ptr_local,part.f90,288,13,LP
L0886,PART::INSERT_ALL_PARTICLES,alloc_ptr_local,part.f90,289,13,LPC
L0886,PART::INSERT_ALL_PARTICLES,alloc_ptr_local,part.f90,289,13,LP
L0886,PART::INSERT_ALL_PARTICLES,alloc_ptr_local,part.f90,290,13,LPC
L0886,PART::INSERT_ALL_PARTICLES,dt_alloc_component,part.f90,288,2,MESH_TYPE%LAGRANGIAN_PARTICLE
L0886,PART::INSERT_ALL_PARTICLES,dt_alloc_component,part.f90,291,2,MESH_TYPE%BOUNDARY_COORD
L0886,PART::INSERT_ALL_PARTICLES,reduction_accum,part.f90,293,1,PART_UVWMAX = PART_UVWMAX ...
L0886,PART::INSERT_ALL_PARTICLES,pointer_reassign,part.f90,288,3,LP
L0886,PART::INSERT_ALL_PARTICLES,pointer_reassign,part.f90,289,3,LPC
L0886,PART::INSERT_ALL_PARTICLES,pointer_reassign,part.f90,291,3,BC
L0892,PART::INSERT_ALL_PARTICLES::INSERT_VOLUMETRIC_PARTICLES,alloc_ptr_local,part.f90,1235,6,CF
L0892,PART::INSERT_ALL_PARTICLES::INSERT_VOLUMETRIC_PARTICLES,alloc_ptr_local,part.f90,1237,6,CF
L0892,PART::INSERT_ALL_PARTICLES::INSERT_VOLUMETRIC_PARTICLES,alloc_ptr_local,part.f90,1238,6,CF
L0892,PART::INSERT_ALL_PARTICLES::INSERT_VOLUMETRIC_PARTICLES,alloc_ptr_local,part.f90,1238,6,CF
L0892,PART::INSERT_ALL_PARTICLES::INSERT_VOLUMETRIC_PARTICLES,dt_alloc_component,part.f90,1238,7,CC_CUTFACE_TYPE%XYZCEN
L0892,PART::INSERT_ALL_PARTICLES::INSERT_VOLUMETRIC_PARTICLES,dt_alloc_component,part.f90,1238,7,CC_CUTFACE_TYPE%XYZCEN
L0892,PART::INSERT_ALL_PARTICLES::INSERT_VOLUMETRIC_PARTICLES,dt_alloc_component,part.f90,1238,7,CC_CUTFACE_TYPE%XYZCEN
L0892,PART::INSERT_ALL_PARTICLES::INSERT_VOLUMETRIC_PARTICLES,dt_alloc_component,part.f90,1243,7,MESH_TYPE%BOUNDARY_COORD
L0892,PART::INSERT_ALL_PARTICLES::INSERT_VOLUMETRIC_PARTICLES,exit_out_of_nest,part.f90,1254,1,EXIT INSERT_PARTICLE_LOOP
L0892,PART::INSERT_ALL_PARTICLES::INSERT_VOLUMETRIC_PARTICLES,write_derived_index,part.f90,1264,2,LP_INDEX_LOOKUP(N_INSERT-1)
L0892,PART::INSERT_ALL_PARTICLES::INSERT_VOLUMETRIC_PARTICLES,write_derived_index,part.f90,1268,2,LP_INDEX_LOOKUP(N_INSERT)
L0892,PART::INSERT_ALL_PARTICLES::INSERT_VOLUMETRIC_PARTICLES,reduction_accum,part.f90,1258,3,N_INSERT = N_INSERT ...
L0892,PART::INSERT_ALL_PARTICLES::INSERT_VOLUMETRIC_PARTICLES,reduction_accum,part.f90,1266,3,NLP = NLP ...
L0892,PART::INSERT_ALL_PARTICLES::INSERT_VOLUMETRIC_PARTICLES,reduction_accum,part.f90,1275,3,PARTICLE_TAG = PARTICLE_TAG ...
L0892,PART::INSERT_ALL_PARTICLES::INSERT_VOLUMETRIC_PARTICLES,reduction_intrinsic,part.f90,1239,2,NORM2
L0892,PART::INSERT_ALL_PARTICLES::INSERT_VOLUMETRIC_PARTICLES,reduction_intrinsic,part.f90,1246,2,DOT_PRODUCT
L0892,PART::INSERT_ALL_PARTICLES::INSERT_VOLUMETRIC_PARTICLES,pointer_reassign,part.f90,1205,5,DV
L0892,PART::INSERT_ALL_PARTICLES::INSERT_VOLUMETRIC_PARTICLES,pointer_reassign,part.f90,1235,5,CF
L0892,PART::INSERT_ALL_PARTICLES::INSERT_VOLUMETRIC_PARTICLES,pointer_reassign,part.f90,1272,5,LAGRANGIAN_PARTICLE
L0892,PART::INSERT_ALL_PARTICLES::INSERT_VOLUMETRIC_PARTICLES,pointer_reassign,part.f90,1273,5,LP
L0892,PART::INSERT_ALL_PARTICLES::INSERT_VOLUMETRIC_PARTICLES,while_loop,part.f90,1175,1,forever loop inside candidate nest
L0893,PART::INSERT_ALL_PARTICLES::INSERT_VOLUMETRIC_PARTICLES,alloc_ptr_local,part.f90,1408,6,CF
L0893,PART::INSERT_ALL_PARTICLES::INSERT_VOLUMETRIC_PARTICLES,alloc_ptr_local,part.f90,1413,6,CF
L0893,PART::INSERT_ALL_PARTICLES::INSERT_VOLUMETRIC_PARTICLES,alloc_ptr_local,part.f90,1414,6,CF
L0893,PART::INSERT_ALL_PARTICLES::INSERT_VOLUMETRIC_PARTICLES,alloc_ptr_local,part.f90,1414,6,CF
L0893,PART::INSERT_ALL_PARTICLES::INSERT_VOLUMETRIC_PARTICLES,dt_alloc_component,part.f90,1340,14,CC_CUTCELL_TYPE%VOLUME
L0893,PART::INSERT_ALL_PARTICLES::INSERT_VOLUMETRIC_PARTICLES,dt_alloc_component,part.f90,1365,14,MESH_TYPE%LAGRANGIAN_PARTICLE
L0893,PART::INSERT_ALL_PARTICLES::INSERT_VOLUMETRIC_PARTICLES,dt_alloc_component,part.f90,1369,14,MESH_TYPE%BOUNDARY_COORD
L0893,PART::INSERT_ALL_PARTICLES::INSERT_VOLUMETRIC_PARTICLES,dt_alloc_component,part.f90,1396,14,CC_CUTCELL_TYPE%XYZCEN
L0893,PART::INSERT_ALL_PARTICLES::INSERT_VOLUMETRIC_PARTICLES,write_derived_index,part.f90,1357,2,LP_INDEX_LOOKUP(N_INSERT-1)
L0893,PART::INSERT_ALL_PARTICLES::INSERT_VOLUMETRIC_PARTICLES,write_derived_index,part.f90,1361,2,LP_INDEX_LOOKUP(N_INSERT)
L0893,PART::INSERT_ALL_PARTICLES::INSERT_VOLUMETRIC_PARTICLES,reduction_accum,part.f90,1336,9,SOLID_INIT_VOLUME = SOLID_INIT_VOLUME ...
L0893,PART::INSERT_ALL_PARTICLES::INSERT_VOLUMETRIC_PARTICLES,reduction_accum,part.f90,1341,9,SOLID_INIT_VOLUME = SOLID_INIT_VOLUME ...
L0893,PART::INSERT_ALL_PARTICLES::INSERT_VOLUMETRIC_PARTICLES,reduction_accum,part.f90,1342,9,FILLED_VOLUME = FILLED_VOLUME ...
L0893,PART::INSERT_ALL_PARTICLES::INSERT_VOLUMETRIC_PARTICLES,reduction_accum,part.f90,1344,9,FILLED_VOLUME = FILLED_VOLUME ...
L0893,PART::INSERT_ALL_PARTICLES::INSERT_VOLUMETRIC_PARTICLES,reduction_intrinsic,part.f90,1340,3,SUM
L0893,PART::INSERT_ALL_PARTICLES::INSERT_VOLUMETRIC_PARTICLES,reduction_intrinsic,part.f90,1417,3,NORM2
L0893,PART::INSERT_ALL_PARTICLES::INSERT_VOLUMETRIC_PARTICLES,reduction_intrinsic,part.f90,1424,3,DOT_PRODUCT
L0893,PART::INSERT_ALL_PARTICLES::INSERT_VOLUMETRIC_PARTICLES,pointer_reassign,part.f90,1365,5,LAGRANGIAN_PARTICLE
L0893,PART::INSERT_ALL_PARTICLES::INSERT_VOLUMETRIC_PARTICLES,pointer_reassign,part.f90,1366,5,LP
L0893,PART::INSERT_ALL_PARTICLES::INSERT_VOLUMETRIC_PARTICLES,pointer_reassign,part.f90,1369,5,BC
L0893,PART::INSERT_ALL_PARTICLES::INSERT_VOLUMETRIC_PARTICLES,pointer_reassign,part.f90,1408,5,CF
L0899,PART::MOVE_PARTICLES,alloc_ptr_local,part.f90,1877,485,LP
L0899,PART::MOVE_PARTICLES,alloc_ptr_local,part.f90,1878,485,LPC
L0899,PART::MOVE_PARTICLES,alloc_ptr_local,part.f90,1878,485,LP
L0899,PART::MOVE_PARTICLES,alloc_ptr_local,part.f90,1879,485,SF
L0899,PART::MOVE_PARTICLES,dt_alloc_component,part.f90,2051,8,CC_CUTFACE_TYPE%CFACE_INDEX
L0899,PART::MOVE_PARTICLES,dt_alloc_component,part.f90,2082,8,CC_CUTFACE_TYPE%CFACE_INDEX
L0899,PART::MOVE_PARTICLES,dt_alloc_component,part.f90,2093,8,CC_CUTFACE_TYPE%CFACE_INDEX
L0899,PART::MOVE_PARTICLES,dt_alloc_component,part.f90,2146,8,CC_CUTFACE_TYPE%CFACE_INDEX
L0899,PART::MOVE_PARTICLES,reduction_intrinsic,part.f90,2022,30,MAXLOC
L0899,PART::MOVE_PARTICLES,reduction_intrinsic,part.f90,2034,30,DOT_PRODUCT
L0899,PART::MOVE_PARTICLES,reduction_intrinsic,part.f90,2034,30,NORM2
L0899,PART::MOVE_PARTICLES,reduction_intrinsic,part.f90,2037,30,MAXLOC
L0899,PART::MOVE_PARTICLES,pointer_reassign,part.f90,1877,30,LP
L0899,PART::MOVE_PARTICLES,pointer_reassign,part.f90,1878,30,LPC
L0899,PART::MOVE_PARTICLES,pointer_reassign,part.f90,1879,30,SF
L0899,PART::MOVE_PARTICLES,pointer_reassign,part.f90,1880,30,BC
L0906,PART::PARTICLE_MASS_ENERGY_TRANSFER,alloc_ptr_local,part.f90,3655,7,WC
L0906,PART::PARTICLE_MASS_ENERGY_TRANSFER,alloc_ptr_local,part.f90,3656,7,B1
L0906,PART::PARTICLE_MASS_ENERGY_TRANSFER,alloc_ptr_local,part.f90,3656,7,WC
L0906,PART::PARTICLE_MASS_ENERGY_TRANSFER,alloc_ptr_local,part.f90,3657,7,B2
L0906,PART::PARTICLE_MASS_ENERGY_TRANSFER,pointer_reassign,part.f90,3655,3,WC
L0906,PART::PARTICLE_MASS_ENERGY_TRANSFER,pointer_reassign,part.f90,3656,3,B1
L0906,PART::PARTICLE_MASS_ENERGY_TRANSFER,pointer_reassign,part.f90,3657,3,B2
L0907,PART::PARTICLE_MASS_ENERGY_TRANSFER,alloc_ptr_local,part.f90,3661,7,CFA
L0907,PART::PARTICLE_MASS_ENERGY_TRANSFER,alloc_ptr_local,part.f90,3662,7,B1
L0907,PART::PARTICLE_MASS_ENERGY_TRANSFER,alloc_ptr_local,part.f90,3662,7,CFA
L0907,PART::PARTICLE_MASS_ENERGY_TRANSFER,alloc_ptr_local,part.f90,3663,7,B2
L0907,PART::PARTICLE_MASS_ENERGY_TRANSFER,pointer_reassign,part.f90,3661,3,CFA
L0907,PART::PARTICLE_MASS_ENERGY_TRANSFER,pointer_reassign,part.f90,3662,3,B1
L0907,PART::PARTICLE_MASS_ENERGY_TRANSFER,pointer_reassign,part.f90,3663,3,B2
L0908,PART::PARTICLE_MASS_ENERGY_TRANSFER,alloc_ptr_local,part.f90,3676,39,LPC
L0908,PART::PARTICLE_MASS_ENERGY_TRANSFER,alloc_ptr_local,part.f90,3677,39,LPC
L0908,PART::PARTICLE_MASS_ENERGY_TRANSFER,alloc_ptr_local,part.f90,3678,39,LPC
L0908,PART::PARTICLE_MASS_ENERGY_TRANSFER,alloc_ptr_local,part.f90,3680,39,WC
L0908,PART::PARTICLE_MASS_ENERGY_TRANSFER,dt_alloc_component,part.f90,3682,10,BOUNDARY_PROP2_TYPE%LP_TEMP
L0908,PART::PARTICLE_MASS_ENERGY_TRANSFER,dt_alloc_component,part.f90,3683,10,BOUNDARY_PROP2_TYPE%LP_CPUA
L0908,PART::PARTICLE_MASS_ENERGY_TRANSFER,dt_alloc_component,part.f90,3683,10,BOUNDARY_PROP2_TYPE%LP_CPUA
L0908,PART::PARTICLE_MASS_ENERGY_TRANSFER,dt_alloc_component,part.f90,3688,10,BOUNDARY_PROP2_TYPE%LP_TEMP
L0908,PART::PARTICLE_MASS_ENERGY_TRANSFER,pointer_reassign,part.f90,3676,9,LPC
L0908,PART::PARTICLE_MASS_ENERGY_TRANSFER,pointer_reassign,part.f90,3680,9,WC
L0908,PART::PARTICLE_MASS_ENERGY_TRANSFER,pointer_reassign,part.f90,3681,9,B2
L0908,PART::PARTICLE_MASS_ENERGY_TRANSFER,pointer_reassign,part.f90,3686,9,CFA
L0909,PART::PARTICLE_MASS_ENERGY_TRANSFER,io,part.f90,3860,6,WRITE
L0909,PART::PARTICLE_MASS_ENERGY_TRANSFER,io,part.f90,4216,6,WRITE
L0909,PART::PARTICLE_MASS_ENERGY_TRANSFER,io,part.f90,4233,6,WRITE
L0909,PART::PARTICLE_MASS_ENERGY_TRANSFER,io,part.f90,4255,6,WRITE
L0909,PART::PARTICLE_MASS_ENERGY_TRANSFER,alloc,part.f90,3863,1,DEALLOCATE
L0909,PART::PARTICLE_MASS_ENERGY_TRANSFER,alloc_ptr_local,part.f90,3722,284,SS
L0909,PART::PARTICLE_MASS_ENERGY_TRANSFER,alloc_ptr_local,part.f90,3723,284,SS
L0909,PART::PARTICLE_MASS_ENERGY_TRANSFER,alloc_ptr_local,part.f90,3724,284,SS
L0909,PART::PARTICLE_MASS_ENERGY_TRANSFER,alloc_ptr_local,part.f90,3725,284,SS
L0909,PART::PARTICLE_MASS_ENERGY_TRANSFER,dt_alloc_component,part.f90,3721,38,SPECIES_MIXTURE_TYPE%VOLUME_FRACTION
L0909,PART::PARTICLE_MASS_ENERGY_TRANSFER,dt_alloc_component,part.f90,3725,38,SPECIES_TYPE%H_V
L0909,PART::PARTICLE_MASS_ENERGY_TRANSFER,dt_alloc_component,part.f90,3725,38,SPECIES_TYPE%H_V
L0909,PART::PARTICLE_MASS_ENERGY_TRANSFER,dt_alloc_component,part.f90,3828,38,BOUNDARY_PROP1_TYPE%M_DOT_G_PP_ACTUAL
L0909,PART::PARTICLE_MASS_ENERGY_TRANSFER,return,part.f90,3864,1,
L0909,PART::PARTICLE_MASS_ENERGY_TRANSFER,shutdown_call,part.f90,3862,1,SHUTDOWN
L0909,PART::PARTICLE_MASS_ENERGY_TRANSFER,write_derived_index,part.f90,3938,11,"D_SOURCE(II,JJ,KK)"
L0909,PART::PARTICLE_MASS_ENERGY_TRANSFER,write_derived_index,part.f90,3939,11,"M_DOT_PPP(II,JJ,KK,Z_INDEX)"
L0909,PART::PARTICLE_MASS_ENERGY_TRANSFER,write_derived_index,part.f90,3948,11,M_DOT(LPC%Z_INDEX)
L0909,PART::PARTICLE_MASS_ENERGY_TRANSFER,write_derived_index,part.f90,3952,11,"MVAP_TOT(II,JJ,KK)"
L0909,PART::PARTICLE_MASS_ENERGY_TRANSFER,reduction_accum,part.f90,3881,15,H_G_OLD = H_G_OLD ...
L0909,PART::PARTICLE_MASS_ENERGY_TRANSFER,reduction_accum,part.f90,3944,15,Q_DOT(8)
L0909,PART::PARTICLE_MASS_ENERGY_TRANSFER,reduction_accum,part.f90,3945,15,Q_DOT(4)
L0909,PART::PARTICLE_MASS_ENERGY_TRANSFER,reduction_accum,part.f90,3946,15,Q_DOT(3)
L0909,PART::PARTICLE_MASS_ENERGY_TRANSFER,reduction_intrinsic,part.f90,3721,6,MAXVAL
L0909,PART::PARTICLE_MASS_ENERGY_TRANSFER,reduction_intrinsic,part.f90,3721,6,MAXLOC
L0909,PART::PARTICLE_MASS_ENERGY_TRANSFER,reduction_intrinsic,part.f90,3908,6,SUM
L0909,PART::PARTICLE_MASS_ENERGY_TRANSFER,reduction_intrinsic,part.f90,3909,6,SUM
L0909,PART::PARTICLE_MASS_ENERGY_TRANSFER,string_op,part.f90,3860,2,MESSAGE
L0909,PART::PARTICLE_MASS_ENERGY_TRANSFER,string_op,part.f90,3862,2,MESSAGE
L0909,PART::PARTICLE_MASS_ENERGY_TRANSFER,pointer_reassign,part.f90,3722,39,SS
L0909,PART::PARTICLE_MASS_ENERGY_TRANSFER,pointer_reassign,part.f90,3729,39,WC
L0909,PART::PARTICLE_MASS_ENERGY_TRANSFER,pointer_reassign,part.f90,3730,39,B2
L0909,PART::PARTICLE_MASS_ENERGY_TRANSFER,pointer_reassign,part.f90,3735,39,CFA
L0909,PART::PARTICLE_MASS_ENERGY_TRANSFER,while_loop,part.f90,3834,1,while loop inside candidate nest
L0910,PART::PARTICLE_MASS_ENERGY_TRANSFER::PARTICLE_RUNNING_AVERAGES,alloc_ptr_local,part.f90,4419,23,DROP_DEN
L0910,PART::PARTICLE_MASS_ENERGY_TRANSFER::PARTICLE_RUNNING_AVERAGES,alloc_ptr_local,part.f90,4420,23,DROP_TMP
L0910,PART::PARTICLE_MASS_ENERGY_TRANSFER::PARTICLE_RUNNING_AVERAGES,alloc_ptr_local,part.f90,4421,23,DROP_RAD
L0910,PART::PARTICLE_MASS_ENERGY_TRANSFER::PARTICLE_RUNNING_AVERAGES,alloc_ptr_local,part.f90,4422,23,DROP_AREA
L0910,PART::PARTICLE_MASS_ENERGY_TRANSFER::PARTICLE_RUNNING_AVERAGES,dt_alloc_component,part.f90,4479,12,BOUNDARY_PROP2_TYPE%LP_MPUA
L0910,PART::PARTICLE_MASS_ENERGY_TRANSFER::PARTICLE_RUNNING_AVERAGES,dt_alloc_component,part.f90,4479,12,BOUNDARY_PROP2_TYPE%LP_MPUA
L0910,PART::PARTICLE_MASS_ENERGY_TRANSFER::PARTICLE_RUNNING_AVERAGES,dt_alloc_component,part.f90,4552,12,BOUNDARY_PROP2_TYPE%LP_TEMP
L0910,PART::PARTICLE_MASS_ENERGY_TRANSFER::PARTICLE_RUNNING_AVERAGES,dt_alloc_component,part.f90,4552,12,BOUNDARY_PROP2_TYPE%LP_TEMP
L0910,PART::PARTICLE_MASS_ENERGY_TRANSFER::PARTICLE_RUNNING_AVERAGES,write_derived_index,part.f90,4454,11,"DROP_DEN(BC%IIG,BC%JJG,BC%KKG)"
L0910,PART::PARTICLE_MASS_ENERGY_TRANSFER::PARTICLE_RUNNING_AVERAGES,write_derived_index,part.f90,4455,11,"DROP_TMP(BC%IIG,BC%JJG,BC%KKG)"
L0910,PART::PARTICLE_MASS_ENERGY_TRANSFER::PARTICLE_RUNNING_AVERAGES,write_derived_index,part.f90,4456,11,"DROP_RAD(BC%IIG,BC%JJG,BC%KKG)"
L0910,PART::PARTICLE_MASS_ENERGY_TRANSFER::PARTICLE_RUNNING_AVERAGES,write_derived_index,part.f90,4457,11,"DROP_AREA(BC%IIG,BC%JJG,BC%KKG)"
L0910,PART::PARTICLE_MASS_ENERGY_TRANSFER::PARTICLE_RUNNING_AVERAGES,reduction_accum,part.f90,4490,2,"DROP_RAD(I,J,K)"
L0910,PART::PARTICLE_MASS_ENERGY_TRANSFER::PARTICLE_RUNNING_AVERAGES,reduction_accum,part.f90,4491,2,"DROP_TMP(I,J,K)"
L0910,PART::PARTICLE_MASS_ENERGY_TRANSFER::PARTICLE_RUNNING_AVERAGES,pointer_reassign,part.f90,4416,25,LPC
L0910,PART::PARTICLE_MASS_ENERGY_TRANSFER::PARTICLE_RUNNING_AVERAGES,pointer_reassign,part.f90,4426,25,LP
L0910,PART::PARTICLE_MASS_ENERGY_TRANSFER::PARTICLE_RUNNING_AVERAGES,pointer_reassign,part.f90,4428,25,BC
L0910,PART::PARTICLE_MASS_ENERGY_TRANSFER::PARTICLE_RUNNING_AVERAGES,pointer_reassign,part.f90,4436,25,SF
L0911,PART::PARTICLE_MOMENTUM_TRANSFER,alloc_ptr_local,part.f90,4645,90,WC
L0911,PART::PARTICLE_MOMENTUM_TRANSFER,alloc_ptr_local,part.f90,4646,90,EWC
L0911,PART::PARTICLE_MOMENTUM_TRANSFER,alloc_ptr_local,part.f90,4647,90,WC
L0911,PART::PARTICLE_MOMENTUM_TRANSFER,alloc_ptr_local,part.f90,4649,90,BC
L0911,PART::PARTICLE_MOMENTUM_TRANSFER,dt_alloc_component,part.f90,4665,24,MESH_TYPE%DY
L0911,PART::PARTICLE_MOMENTUM_TRANSFER,dt_alloc_component,part.f90,4665,24,MESH_TYPE%DZ
L0911,PART::PARTICLE_MOMENTUM_TRANSFER,dt_alloc_component,part.f90,4673,24,MESH_TYPE%DX
L0911,PART::PARTICLE_MOMENTUM_TRANSFER,dt_alloc_component,part.f90,4673,24,MESH_TYPE%DZ
L0911,PART::PARTICLE_MOMENTUM_TRANSFER,write_derived_index,part.f90,4699,6,"FVX_D(0,JJ,KK)"
L0911,PART::PARTICLE_MOMENTUM_TRANSFER,write_derived_index,part.f90,4711,6,"FVX_D(IBAR,JJ,KK)"
L0911,PART::PARTICLE_MOMENTUM_TRANSFER,write_derived_index,part.f90,4723,6,"FVY_D(II,0,KK)"
L0911,PART::PARTICLE_MOMENTUM_TRANSFER,write_derived_index,part.f90,4735,6,"FVY_D(II,JBAR,KK)"
L0911,PART::PARTICLE_MOMENTUM_TRANSFER,pointer_reassign,part.f90,4645,5,WC
L0911,PART::PARTICLE_MOMENTUM_TRANSFER,pointer_reassign,part.f90,4646,5,EWC
L0911,PART::PARTICLE_MOMENTUM_TRANSFER,pointer_reassign,part.f90,4649,5,BC
L0911,PART::PARTICLE_MOMENTUM_TRANSFER,pointer_reassign,part.f90,4655,5,OM
L0912,PART::REMOVE_OLDEST_PARTICLE,alloc_ptr_local,part.f90,4970,5,LP
L0912,PART::REMOVE_OLDEST_PARTICLE,alloc_ptr_local,part.f90,4971,5,LP
L0912,PART::REMOVE_OLDEST_PARTICLE,alloc_ptr_local,part.f90,4972,5,LP
L0912,PART::REMOVE_OLDEST_PARTICLE,alloc_ptr_local,part.f90,4972,5,LP
L0912,PART::REMOVE_OLDEST_PARTICLE,dt_alloc_component,part.f90,4970,2,MESH_TYPE%LAGRANGIAN_PARTICLE
L0912,PART::REMOVE_OLDEST_PARTICLE,dt_alloc_component,part.f90,4975,2,MESH_TYPE%PARTICLE_LAST
L0912,PART::REMOVE_OLDEST_PARTICLE,exit_out_of_nest,part.f90,4975,1,EXIT (innermost=candidate root)
L0912,PART::REMOVE_OLDEST_PARTICLE,pointer_reassign,part.f90,4970,1,LP
L0913,PART::REMOVE_PARTICLES,alloc_ptr_local,part.f90,4800,27,LP
L0913,PART::REMOVE_PARTICLES,alloc_ptr_local,part.f90,4800,27,M
L0913,PART::REMOVE_PARTICLES,alloc_ptr_local,part.f90,4801,27,LPC
L0913,PART::REMOVE_PARTICLES,alloc_ptr_local,part.f90,4801,27,LP
L0913,PART::REMOVE_PARTICLES,dt_alloc_component,part.f90,4800,3,MESH_TYPE%LAGRANGIAN_PARTICLE
L0913,PART::REMOVE_PARTICLES,dt_alloc_component,part.f90,4802,3,MESH_TYPE%BOUNDARY_COORD
L0913,PART::REMOVE_PARTICLES,dt_alloc_component,part.f90,4812,3,MESH_TYPE%BOUNDARY_PROP1
L0913,PART::REMOVE_PARTICLES,exit_out_of_nest,part.f90,4798,1,EXIT PARTICLE_LOOP
L0913,PART::REMOVE_PARTICLES,pointer_reassign,part.f90,4800,5,LP
L0913,PART::REMOVE_PARTICLES,pointer_reassign,part.f90,4801,5,LPC
L0913,PART::REMOVE_PARTICLES,pointer_reassign,part.f90,4802,5,BC
L0913,PART::REMOVE_PARTICLES,pointer_reassign,part.f90,4803,5,SF
L0913,PART::REMOVE_PARTICLES,while_loop,part.f90,4796,1,forever loop inside candidate nest
L0915,POIS::FSH03S,write_derived_index,pois.f90,1057,1,"FT(LDIMFT,J,K)"
L0918,POIS::FSH04S,write_derived_index,pois.f90,1193,1,"G(LDIMG,J,K)"
L0920,POIS::FSH06S,write_derived_index,pois.f90,1274,3,"F(LH-I,J)"
L0920,POIS::FSH06S,write_derived_index,pois.f90,1275,3,"F(LH+I,J)"
L0920,POIS::FSH06S,write_derived_index,pois.f90,1276,3,"F(2*LH-I,J)"
L0921,POIS::FSH06S,write_derived_index,pois.f90,1281,1,"F(LH,J)"
L0922,POIS::FSH06S,write_derived_index,pois.f90,1285,1,"F(L,J)"
L0923,POIS::FSH06S,write_derived_index,pois.f90,1290,2,"F(LH/2,J)"
L0923,POIS::FSH06S,write_derived_index,pois.f90,1291,2,"F(3*LH/2,J)"
L0926,POIS::FSH06S,write_derived_index,pois.f90,1324,3,"FT(LH-I,J)"
L0926,POIS::FSH06S,write_derived_index,pois.f90,1325,3,"FT(2*LH-I,J)"
L0926,POIS::FSH06S,write_derived_index,pois.f90,1326,3,"FT(LH+I,J)"
L0927,POIS::FSH06S,write_derived_index,pois.f90,1332,2,"FT(LH/2,J)"
L0927,POIS::FSH06S,write_derived_index,pois.f90,1333,2,"FT(3*LH/2,J)"
L0928,POIS::FSH16S,reduction_accum,pois.f90,5495,2,IB = IB ...
L0928,POIS::FSH16S,reduction_accum,pois.f90,5496,2,ICF = ICF ...
L0931,POIS::FSH17S,write_derived_index,pois.f90,5566,2,RT(IS+IP)
L0931,POIS::FSH17S,write_derived_index,pois.f90,5570,2,"WS(IS+IP,J)"
L0931,POIS::FSH17S,reduction_accum,pois.f90,5583,4,"Y(J,I)"
L0931,POIS::FSH17S,reduction_accum,pois.f90,5586,4,IC = IC ...
L0931,POIS::FSH17S,reduction_accum,pois.f90,5593,4,"Y(J,I)"
L0931,POIS::FSH17S,reduction_accum,pois.f90,5596,4,IC = IC ...
L0932,POIS::FSH17S,goto,pois.f90,5608,5,GO TO 430
L0932,POIS::FSH17S,goto,pois.f90,5610,5,GO TO 280
L0932,POIS::FSH17S,goto,pois.f90,5630,5,GO TO 430
L0932,POIS::FSH17S,goto,pois.f90,5640,5,GO TO 320
L0932,POIS::FSH17S,write_derived_index,pois.f90,5643,6,RT(IS+IP)
L0932,POIS::FSH17S,write_derived_index,pois.f90,5647,6,"WS(IS+IP,J)"
L0932,POIS::FSH17S,write_derived_index,pois.f90,5656,6,RT(IS+IP)
L0932,POIS::FSH17S,write_derived_index,pois.f90,5660,6,"WS(IS+IP,J)"
L0932,POIS::FSH17S,write_missing_outer_index,pois.f90,5711,1,"Y(J,I)"
L0932,POIS::FSH17S,reduction_accum,pois.f90,5616,9,"Y(J,I)"
L0932,POIS::FSH17S,reduction_accum,pois.f90,5620,9,"Y(J,I)"
L0932,POIS::FSH17S,reduction_accum,pois.f90,5624,9,"Y(J,I)"
L0932,POIS::FSH17S,reduction_accum,pois.f90,5675,9,"Y(J,I)"
L0935,POIS::FSH18S,write_derived_index,pois.f90,5753,2,"D(K,M)"
L0935,POIS::FSH18S,write_derived_index,pois.f90,5754,2,"Y(K,M)"
L0936,POIS::FSH18S,write_derived_index,pois.f90,5761,1,"Y(K,M)"
L0946,POIS::H2CYSS,reduction_accum,pois.f90,7425,1,W(I)
L0947,POIS::H2CYSS,reduction_accum,pois.f90,7432,2,S3 = S3 ...
L0947,POIS::H2CYSS,reduction_accum,pois.f90,7433,2,S1 = S1 ...
L0951,POIS::H2CZSS,write_derived_index,pois.f90,6843,1,"F(L,J)"
L0952,POIS::H2CZSS,write_derived_index,pois.f90,6849,1,"F(L,J)"
L0955,POIS::H2CZSS,write_derived_index,pois.f90,6869,1,"F(I,M)"
L0956,POIS::H2CZSS,write_derived_index,pois.f90,6875,1,"F(I,M)"
L0958,POIS::H2CZSS,reduction_accum,pois.f90,6915,1,W(I)
L0959,POIS::H2CZSS,reduction_accum,pois.f90,6921,2,S3 = S3 ...
L0959,POIS::H2CZSS,reduction_accum,pois.f90,6922,2,S1 = S1 ...
L0963,POIS::H3CSSS,write_derived_index,pois.f90,5000,1,"F(L,J,K)"
L0964,POIS::H3CSSS,write_derived_index,pois.f90,5009,1,"F(L,J,K)"
L0967,POIS::H3CSSS,write_derived_index,pois.f90,5054,1,"F(I,M,K)"
L0968,POIS::H3CSSS,write_derived_index,pois.f90,5064,1,"F(I,M,K)"
L0971,POIS::H3CSSS,write_derived_index,pois.f90,5107,1,"F(I,J,N)"
L0972,POIS::H3CSSS,write_derived_index,pois.f90,5117,1,"F(I,J,N)"
L0974,POIS::H3CSSS,write_missing_inner_index,pois.f90,5172,1,W(I)
L0975,POIS::H3CSSS,reduction_accum,pois.f90,5180,1,SUM = SUM ...
L0980,POIS::H3CZSS,write_derived_index,pois.f90,259,1,"F(L,J,K)"
L0981,POIS::H3CZSS,write_derived_index,pois.f90,267,1,"F(L,J,K)"
L0984,POIS::H3CZSS,write_derived_index,pois.f90,293,1,"F(I,M,K)"
L0985,POIS::H3CZSS,write_derived_index,pois.f90,301,1,"F(I,M,K)"
L0988,POIS::H3CZSS,write_derived_index,pois.f90,327,1,"F(I,J,N)"
L0989,POIS::H3CZSS,write_derived_index,pois.f90,335,1,"F(I,J,N)"
L0991,POIS::H3CZSS,reduction_accum,pois.f90,384,1,W(I)
L0992,POIS::H3CZSS,reduction_accum,pois.f90,391,2,S3 = S3 ...
L0992,POIS::H3CZSS,reduction_accum,pois.f90,392,2,S1 = S1 ...
L0994,POIS::SSWAP,write_derived_index,pois.f90,4532,2,SX(IX)
L0994,POIS::SSWAP,write_derived_index,pois.f90,4533,2,SY(IY)
L0994,POIS::SSWAP,reduction_accum,pois.f90,4534,2,IX = IX ...
L0994,POIS::SSWAP,reduction_accum,pois.f90,4535,2,IY = IY ...
L0998,POIS::VCOST,write_derived_index,pois.f90,1505,1,"XT(I,M)"
L0999,POIS::VCOST,write_derived_index,pois.f90,1511,2,"XT(I,M)"
L0999,POIS::VCOST,write_derived_index,pois.f90,1513,2,"XT(I,JC)"
L1000,POIS::VCOST,write_derived_index,pois.f90,1518,1,"XT(I,MS2+1)"
L1002,POIS::VCOST1,write_derived_index,pois.f90,1570,1,"XT(I,K,M)"
L1003,POIS::VCOST1,write_derived_index,pois.f90,1578,2,"XT(I,K,M)"
L1003,POIS::VCOST1,write_derived_index,pois.f90,1580,2,"XT(I,K,JC)"
L1004,POIS::VCOST1,write_derived_index,pois.f90,1587,1,"XT(I,K,MS2+1)"
L1007,POIS::VCOSTA,write_derived_index,pois.f90,1627,1,"X(I,M)"
L1010,POIS::VRADB2,write_derived_index,pois.f90,3969,2,"CH(M,IDO,K,1)"
L1010,POIS::VRADB2,write_derived_index,pois.f90,3970,2,"CH(M,IDO,K,2)"
L1015,POIS::VRADB4,write_derived_index,pois.f90,4118,4,"CH(M,IDO,K,1)"
L1015,POIS::VRADB4,write_derived_index,pois.f90,4120,4,"CH(M,IDO,K,2)"
L1015,POIS::VRADB4,write_derived_index,pois.f90,4122,4,"CH(M,IDO,K,3)"
L1015,POIS::VRADB4,write_derived_index,pois.f90,4123,4,"CH(M,IDO,K,4)"
L1020,POIS::VRADBG,write_derived_index,pois.f90,4310,1,"CH(M,1,K,JC)"
L1021,POIS::VRADBG,write_derived_index,pois.f90,4323,2,"CH(M,I-1,K,JC)"
L1021,POIS::VRADBG,write_derived_index,pois.f90,4325,2,"CH(M,I,K,JC)"
L1022,POIS::VRADBG,write_derived_index,pois.f90,4339,2,"CH(M,I-1,K,JC)"
L1022,POIS::VRADBG,write_derived_index,pois.f90,4341,2,"CH(M,I,K,JC)"
L1023,POIS::VRADBG,write_derived_index,pois.f90,4356,2,"C2(M,IK,LC)"
L1023,POIS::VRADBG,write_derived_index,pois.f90,4371,2,"C2(M,IK,LC)"
L1023,POIS::VRADBG,write_missing_inner_index,pois.f90,4370,1,"C2(M,IK,L)"
L1023,POIS::VRADBG,reduction_accum,pois.f90,4351,1,AI1 = AI1 ...
L1024,POIS::VRADBG,write_missing_inner_index,pois.f90,4379,1,"CH2(M,IK,1)"
L1025,POIS::VRADBG,write_derived_index,pois.f90,4388,1,"CH(M,1,K,JC)"
L1026,POIS::VRADBG,write_derived_index,pois.f90,4400,2,"CH(M,I-1,K,JC)"
L1026,POIS::VRADBG,write_derived_index,pois.f90,4402,2,"CH(M,I,K,JC)"
L1027,POIS::VRADBG,write_derived_index,pois.f90,4415,2,"CH(M,I-1,K,JC)"
L1027,POIS::VRADBG,write_derived_index,pois.f90,4417,2,"CH(M,I,K,JC)"
L1032,POIS::VRADF2,write_derived_index,pois.f90,3242,1,"CH(M,IDO,2,K)"
L1033,POIS::VRADF2,write_derived_index,pois.f90,3254,2,"CH(M,IC,2,K)"
L1033,POIS::VRADF2,write_derived_index,pois.f90,3258,2,"CH(M,IC-1,2,K)"
L1034,POIS::VRADF2,write_derived_index,pois.f90,3267,1,"CH(M,IDO,1,K)"
L1035,POIS::VRADF3,write_derived_index,pois.f90,3303,1,"CH(M,IDO,2,K)"
L1036,POIS::VRADF3,write_derived_index,pois.f90,3321,2,"CH(M,IC-1,2,K)"
L1036,POIS::VRADF3,write_derived_index,pois.f90,3330,2,"CH(M,IC,2,K)"
L1037,POIS::VRADF4,write_derived_index,pois.f90,3368,2,"CH(M,IDO,4,K)"
L1037,POIS::VRADF4,write_derived_index,pois.f90,3369,2,"CH(M,IDO,2,K)"
L1038,POIS::VRADF4,write_derived_index,pois.f90,3385,4,"CH(M,IC-1,4,K)"
L1038,POIS::VRADF4,write_derived_index,pois.f90,3392,4,"CH(M,IC,4,K)"
L1038,POIS::VRADF4,write_derived_index,pois.f90,3400,4,"CH(M,IC-1,2,K)"
L1038,POIS::VRADF4,write_derived_index,pois.f90,3407,4,"CH(M,IC,2,K)"
L1039,POIS::VRADF4,write_derived_index,pois.f90,3419,2,"CH(M,IDO,1,K)"
L1039,POIS::VRADF4,write_derived_index,pois.f90,3420,2,"CH(M,IDO,3,K)"
L1040,POIS::VRADF5,write_derived_index,pois.f90,3463,2,"CH(M,IDO,2,K)"
L1040,POIS::VRADF5,write_derived_index,pois.f90,3467,2,"CH(M,IDO,4,K)"
L1041,POIS::VRADF5,write_derived_index,pois.f90,3496,4,"CH(M,IC-1,2,K)"
L1041,POIS::VRADF5,write_derived_index,pois.f90,3513,4,"CH(M,IC,2,K)"
L1041,POIS::VRADF5,write_derived_index,pois.f90,3529,4,"CH(M,IC-1,4,K)"
L1041,POIS::VRADF5,write_derived_index,pois.f90,3545,4,"CH(M,IC,4,K)"
L1044,POIS::VRADFG,reduction_accum,pois.f90,3612,1,IS = IS ...
L1045,POIS::VRADFG,reduction_accum,pois.f90,3627,1,IS = IS ...
L1046,POIS::VRADFG,write_derived_index,pois.f90,3646,2,"C1(M,I-1,K,JC)"
L1046,POIS::VRADFG,write_derived_index,pois.f90,3648,2,"C1(M,I,K,JC)"
L1047,POIS::VRADFG,write_derived_index,pois.f90,3661,2,"C1(M,I-1,K,JC)"
L1047,POIS::VRADFG,write_derived_index,pois.f90,3663,2,"C1(M,I,K,JC)"
L1049,POIS::VRADFG,write_derived_index,pois.f90,3681,1,"C1(M,1,K,JC)"
L1050,POIS::VRADFG,write_derived_index,pois.f90,3696,2,"CH2(M,IK,LC)"
L1050,POIS::VRADFG,write_derived_index,pois.f90,3711,2,"CH2(M,IK,LC)"
L1050,POIS::VRADFG,write_missing_inner_index,pois.f90,3710,1,"CH2(M,IK,L)"
L1050,POIS::VRADFG,reduction_accum,pois.f90,3691,1,AI1 = AI1 ...
L1051,POIS::VRADFG,write_missing_inner_index,pois.f90,3719,1,"CH2(M,IK,1)"
L1054,POIS::VRADFG,write_derived_index,pois.f90,3747,2,"CC(M,IDO,J2-2,K)"
L1054,POIS::VRADFG,write_derived_index,pois.f90,3748,2,"CC(M,1,J2-1,K)"
L1055,POIS::VRADFG,write_derived_index,pois.f90,3761,4,"CC(M,I-1,J2-1,K)"
L1055,POIS::VRADFG,write_derived_index,pois.f90,3762,4,"CC(M,IC-1,J2-2,K)"
L1055,POIS::VRADFG,write_derived_index,pois.f90,3763,4,"CC(M,I,J2-1,K)"
L1055,POIS::VRADFG,write_derived_index,pois.f90,3764,4,"CC(M,IC,J2-2,K)"
L1056,POIS::VRADFG,write_derived_index,pois.f90,3778,4,"CC(M,I-1,J2-1,K)"
L1056,POIS::VRADFG,write_derived_index,pois.f90,3779,4,"CC(M,IC-1,J2-2,K)"
L1056,POIS::VRADFG,write_derived_index,pois.f90,3780,4,"CC(M,I,J2-1,K)"
L1056,POIS::VRADFG,write_derived_index,pois.f90,3781,4,"CC(M,IC,J2-2,K)"
L1057,POIS::VRFTB1,goto,pois.f90,3851,18,GO TO 103
L1057,POIS::VRFTB1,goto,pois.f90,3854,18,GO TO 101
L1057,POIS::VRFTB1,goto,pois.f90,3856,18,GO TO 102
L1057,POIS::VRFTB1,goto,pois.f90,3859,18,GO TO 115
L1057,POIS::VRFTB1,reduction_accum,pois.f90,3858,6,NA = NA ...
L1057,POIS::VRFTB1,reduction_accum,pois.f90,3865,6,NA = NA ...
L1057,POIS::VRFTB1,reduction_accum,pois.f90,3873,6,NA = NA ...
L1057,POIS::VRFTB1,reduction_accum,pois.f90,3883,6,NA = NA ...
L1060,POIS::VRFTF1,goto,pois.f90,1776,18,GO TO 102
L1060,POIS::VRFTF1,goto,pois.f90,1779,18,GO TO 101
L1060,POIS::VRFTF1,goto,pois.f90,1781,18,GO TO 110
L1060,POIS::VRFTF1,goto,pois.f90,1783,18,GO TO 110
L1060,POIS::VRFTF1,reduction_accum,pois.f90,1774,3,IW = IW ...
L1060,POIS::VRFTF1,reduction_accum,pois.f90,1775,3,NA = NA ...
L1060,POIS::VRFTF1,reduction_accum,pois.f90,1806,3,NA = NA ...
L1066,POIS::VSCOSF,write_derived_index,pois.f90,2017,1,"FT(I,M)"
L1069,POIS::VSCOSQ,write_derived_index,pois.f90,2127,1,"FT(I,M)"
L1076,POIS::VSCSBA,write_derived_index,pois.f90,2231,1,"F(I,M)"
L1079,POIS::VSCSF1,write_derived_index,pois.f90,2273,1,"FT(I,K,M)"
L1084,POIS::VSCSQ1,write_derived_index,pois.f90,2354,1,"FT(I,K,M)"
L1086,POIS::VSINT,write_derived_index,pois.f90,2454,1,"XT(I,M+1)"
L1087,POIS::VSINT,write_missing_outer_index,pois.f90,2465,1,"XT(I,JC+1)"
L1089,POIS::VSINT1,write_missing_outer_index,pois.f90,2515,1,"XT(I,K,JC+1)"
L1090,POIS::VSINT1,write_derived_index,pois.f90,2522,1,"XT(I,K,MS2+2)"
L1093,POIS::VSINTA,write_derived_index,pois.f90,2561,1,"X(I,M)"
L1100,POIS::VSSINF,write_derived_index,pois.f90,2917,1,"FT(I,M)"
L1103,POIS::VSSINQ,write_derived_index,pois.f90,2982,1,"FT(I,M)"
L1110,POIS::VSSNBA,write_derived_index,pois.f90,3079,1,"F(I,M)"
L1113,POIS::VSSNF1,write_derived_index,pois.f90,3123,1,"FT(I,K,M)"
L1116,POIS::VSSNFA,write_derived_index,pois.f90,3166,1,"F(I,M)"
L1118,POIS::VSSNQ1,write_derived_index,pois.f90,3204,1,"FT(I,K,M)"
L1121,GLOBMAT_SOLVER::CHECK_UNSUPPORTED_MESH,alloc_ptr_local,pres.f90,4013,8,DSETS
L1121,GLOBMAT_SOLVER::CHECK_UNSUPPORTED_MESH,alloc_ptr_local,pres.f90,4013,8,DSETS
L1121,GLOBMAT_SOLVER::CHECK_UNSUPPORTED_MESH,alloc_ptr_local,pres.f90,4014,8,MESH_LIST
L1121,GLOBMAT_SOLVER::CHECK_UNSUPPORTED_MESH,alloc_ptr_local,pres.f90,4021,8,WC
L1121,GLOBMAT_SOLVER::CHECK_UNSUPPORTED_MESH,pointer_reassign,pres.f90,4021,2,WC
L1121,GLOBMAT_SOLVER::CHECK_UNSUPPORTED_MESH,pointer_reassign,pres.f90,4022,2,EWC
L1122,GLOBMAT_SOLVER::COPY_CCVAR_IN_HS,alloc_ptr_local,pres.f90,4352,7,WC
L1122,GLOBMAT_SOLVER::COPY_CCVAR_IN_HS,alloc_ptr_local,pres.f90,4353,7,BC
L1122,GLOBMAT_SOLVER::COPY_CCVAR_IN_HS,alloc_ptr_local,pres.f90,4353,7,WC
L1122,GLOBMAT_SOLVER::COPY_CCVAR_IN_HS,alloc_ptr_local,pres.f90,4354,7,BC
L1122,GLOBMAT_SOLVER::COPY_CCVAR_IN_HS,write_derived_index,pres.f90,4355,1,"HS(II,JJ,KK)"
L1122,GLOBMAT_SOLVER::COPY_CCVAR_IN_HS,pointer_reassign,pres.f90,4352,2,WC
L1122,GLOBMAT_SOLVER::COPY_CCVAR_IN_HS,pointer_reassign,pres.f90,4353,2,BC
L1123,GLOBMAT_SOLVER::COPY_H_OMESH_TO_MESH,alloc_ptr_local,pres.f90,4081,27,WC
L1123,GLOBMAT_SOLVER::COPY_H_OMESH_TO_MESH,alloc_ptr_local,pres.f90,4082,27,BC
L1123,GLOBMAT_SOLVER::COPY_H_OMESH_TO_MESH,alloc_ptr_local,pres.f90,4082,27,WC
L1123,GLOBMAT_SOLVER::COPY_H_OMESH_TO_MESH,alloc_ptr_local,pres.f90,4083,27,EWC
L1123,GLOBMAT_SOLVER::COPY_H_OMESH_TO_MESH,dt_alloc_component,pres.f90,4112,3,OMESH_TYPE%MUNKH
L1123,GLOBMAT_SOLVER::COPY_H_OMESH_TO_MESH,dt_alloc_component,pres.f90,4116,3,OMESH_TYPE%EWC_TYPE
L1123,GLOBMAT_SOLVER::COPY_H_OMESH_TO_MESH,dt_alloc_component,pres.f90,4117,3,OMESH_TYPE%H
L1123,GLOBMAT_SOLVER::COPY_H_OMESH_TO_MESH,write_derived_index,pres.f90,4130,1,"H(II,JJ,KK)"
L1123,GLOBMAT_SOLVER::COPY_H_OMESH_TO_MESH,reduction_intrinsic,pres.f90,4104,1,ANY
L1123,GLOBMAT_SOLVER::COPY_H_OMESH_TO_MESH,pointer_reassign,pres.f90,4081,4,WC
L1123,GLOBMAT_SOLVER::COPY_H_OMESH_TO_MESH,pointer_reassign,pres.f90,4082,4,BC
L1123,GLOBMAT_SOLVER::COPY_H_OMESH_TO_MESH,pointer_reassign,pres.f90,4083,4,EWC
L1123,GLOBMAT_SOLVER::COPY_H_OMESH_TO_MESH,pointer_reassign,pres.f90,4100,4,OM
L1124,GLOBMAT_SOLVER::COPY_H_OMESH_TO_MESH,alloc_ptr_local,pres.f90,4148,27,WC
L1124,GLOBMAT_SOLVER::COPY_H_OMESH_TO_MESH,alloc_ptr_local,pres.f90,4149,27,BC
L1124,GLOBMAT_SOLVER::COPY_H_OMESH_TO_MESH,alloc_ptr_local,pres.f90,4149,27,WC
L1124,GLOBMAT_SOLVER::COPY_H_OMESH_TO_MESH,alloc_ptr_local,pres.f90,4150,27,EWC
L1124,GLOBMAT_SOLVER::COPY_H_OMESH_TO_MESH,dt_alloc_component,pres.f90,4178,3,OMESH_TYPE%MUNKH
L1124,GLOBMAT_SOLVER::COPY_H_OMESH_TO_MESH,dt_alloc_component,pres.f90,4182,3,OMESH_TYPE%EWC_TYPE
L1124,GLOBMAT_SOLVER::COPY_H_OMESH_TO_MESH,dt_alloc_component,pres.f90,4183,3,OMESH_TYPE%HS
L1124,GLOBMAT_SOLVER::COPY_H_OMESH_TO_MESH,write_derived_index,pres.f90,4196,1,"HS(II,JJ,KK)"
L1124,GLOBMAT_SOLVER::COPY_H_OMESH_TO_MESH,reduction_intrinsic,pres.f90,4170,1,ANY
L1124,GLOBMAT_SOLVER::COPY_H_OMESH_TO_MESH,pointer_reassign,pres.f90,4148,4,WC
L1124,GLOBMAT_SOLVER::COPY_H_OMESH_TO_MESH,pointer_reassign,pres.f90,4149,4,BC
L1124,GLOBMAT_SOLVER::COPY_H_OMESH_TO_MESH,pointer_reassign,pres.f90,4150,4,EWC
L1124,GLOBMAT_SOLVER::COPY_H_OMESH_TO_MESH,pointer_reassign,pres.f90,4166,4,OM
L1127,GLOBMAT_SOLVER::GET_BCS_H_MATRIX,alloc_ptr_local,pres.f90,4944,14,WC
L1127,GLOBMAT_SOLVER::GET_BCS_H_MATRIX,alloc_ptr_local,pres.f90,4945,14,BC
L1127,GLOBMAT_SOLVER::GET_BCS_H_MATRIX,alloc_ptr_local,pres.f90,4945,14,WC
L1127,GLOBMAT_SOLVER::GET_BCS_H_MATRIX,alloc_ptr_local,pres.f90,4948,14,WC
L1127,GLOBMAT_SOLVER::GET_BCS_H_MATRIX,dt_alloc_component,pres.f90,4961,8,ZONE_SOLVE_TYPE%UNKH_IND
L1127,GLOBMAT_SOLVER::GET_BCS_H_MATRIX,dt_alloc_component,pres.f90,4988,8,ZONE_SOLVE_TYPE%ROW_H
L1127,GLOBMAT_SOLVER::GET_BCS_H_MATRIX,dt_alloc_component,pres.f90,4989,8,ZONE_SOLVE_TYPE%ROW_H
L1127,GLOBMAT_SOLVER::GET_BCS_H_MATRIX,dt_alloc_component,pres.f90,4989,8,H_ROW_TYPE%JD
L1127,GLOBMAT_SOLVER::GET_BCS_H_MATRIX,write_indirect,pres.f90,4995,1,ZSL%ROW_H(IND_LOC(LOW_IND))%D(JCOL)
L1127,GLOBMAT_SOLVER::GET_BCS_H_MATRIX,reduction_mpi,pres.f90,5003,1,MPI_ALLREDUCE
L1127,GLOBMAT_SOLVER::GET_BCS_H_MATRIX,pointer_reassign,pres.f90,4935,3,ZSL
L1127,GLOBMAT_SOLVER::GET_BCS_H_MATRIX,pointer_reassign,pres.f90,4944,3,WC
L1127,GLOBMAT_SOLVER::GET_BCS_H_MATRIX,pointer_reassign,pres.f90,4945,3,BC
L1128,GLOBMAT_SOLVER::GET_H_MATRIX,alloc,pres.f90,5125,1,NULLIFY
L1128,GLOBMAT_SOLVER::GET_H_MATRIX,alloc_ptr_local,pres.f90,5070,66,RGF
L1128,GLOBMAT_SOLVER::GET_H_MATRIX,alloc_ptr_local,pres.f90,5073,66,DX1
L1128,GLOBMAT_SOLVER::GET_H_MATRIX,alloc_ptr_local,pres.f90,5074,66,DX2
L1128,GLOBMAT_SOLVER::GET_H_MATRIX,alloc_ptr_local,pres.f90,5075,66,DX3
L1128,GLOBMAT_SOLVER::GET_H_MATRIX,dt_alloc_component,pres.f90,5099,36,ZONE_SOLVE_TYPE%UNKH_IND
L1128,GLOBMAT_SOLVER::GET_H_MATRIX,dt_alloc_component,pres.f90,5100,36,ZONE_SOLVE_TYPE%UNKH_IND
L1128,GLOBMAT_SOLVER::GET_H_MATRIX,dt_alloc_component,pres.f90,5121,36,ZONE_SOLVE_TYPE%ROW_H
L1128,GLOBMAT_SOLVER::GET_H_MATRIX,dt_alloc_component,pres.f90,5121,36,H_ROW_TYPE%D
L1128,GLOBMAT_SOLVER::GET_H_MATRIX,pointer_reassign,pres.f90,5040,18,ZSL
L1128,GLOBMAT_SOLVER::GET_H_MATRIX,pointer_reassign,pres.f90,5070,18,RGF
L1128,GLOBMAT_SOLVER::GET_H_MATRIX,pointer_reassign,pres.f90,5073,18,DX1
L1128,GLOBMAT_SOLVER::GET_H_MATRIX,pointer_reassign,pres.f90,5074,18,DX2
L1128,GLOBMAT_SOLVER::GET_H_MATRIX,module_global_write,pres.f90,5048,12,ILO_FACE
L1128,GLOBMAT_SOLVER::GET_H_MATRIX,module_global_write,pres.f90,5049,12,IHI_FACE
L1128,GLOBMAT_SOLVER::GET_H_MATRIX,module_global_write,pres.f90,5050,12,ILO_CELL
L1128,GLOBMAT_SOLVER::GET_H_MATRIX,module_global_write,pres.f90,5051,12,IHI_CELL
L1130,GLOBMAT_SOLVER::GET_H_REGFACES,alloc_ptr_local,pres.f90,5581,14,WC
L1130,GLOBMAT_SOLVER::GET_H_REGFACES,alloc_ptr_local,pres.f90,5582,14,BC
L1130,GLOBMAT_SOLVER::GET_H_REGFACES,alloc_ptr_local,pres.f90,5582,14,WC
L1130,GLOBMAT_SOLVER::GET_H_REGFACES,alloc_ptr_local,pres.f90,5583,14,WC
L1130,GLOBMAT_SOLVER::GET_H_REGFACES,write_derived_index,pres.f90,5589,6,"LOG_INTWC(IIG-1,JJG,KKG,IAXIS)"
L1130,GLOBMAT_SOLVER::GET_H_REGFACES,write_derived_index,pres.f90,5591,6,"LOG_INTWC(IIG,JJG,KKG,IAXIS)"
L1130,GLOBMAT_SOLVER::GET_H_REGFACES,write_derived_index,pres.f90,5593,6,"LOG_INTWC(IIG,JJG-1,KKG,JAXIS)"
L1130,GLOBMAT_SOLVER::GET_H_REGFACES,write_derived_index,pres.f90,5595,6,"LOG_INTWC(IIG,JJG,KKG,JAXIS)"
L1130,GLOBMAT_SOLVER::GET_H_REGFACES,pointer_reassign,pres.f90,5581,2,WC
L1130,GLOBMAT_SOLVER::GET_H_REGFACES,pointer_reassign,pres.f90,5582,2,BC
L1137,GLOBMAT_SOLVER::GET_MATRIXGRAPH_H_WHLDOM,alloc_ptr_local,pres.f90,5301,7,RGF
L1137,GLOBMAT_SOLVER::GET_MATRIXGRAPH_H_WHLDOM,alloc_ptr_local,pres.f90,5302,7,RGF
L1137,GLOBMAT_SOLVER::GET_MATRIXGRAPH_H_WHLDOM,alloc_ptr_local,pres.f90,5303,7,RGF
L1137,GLOBMAT_SOLVER::GET_MATRIXGRAPH_H_WHLDOM,alloc_ptr_local,pres.f90,5306,7,RGF
L1137,GLOBMAT_SOLVER::GET_MATRIXGRAPH_H_WHLDOM,dt_alloc_component,pres.f90,5301,3,MESH_TYPE%REGFACE_IAXIS_H
L1137,GLOBMAT_SOLVER::GET_MATRIXGRAPH_H_WHLDOM,dt_alloc_component,pres.f90,5302,3,MESH_TYPE%REGFACE_JAXIS_H
L1137,GLOBMAT_SOLVER::GET_MATRIXGRAPH_H_WHLDOM,dt_alloc_component,pres.f90,5303,3,MESH_TYPE%REGFACE_KAXIS_H
L1137,GLOBMAT_SOLVER::GET_MATRIXGRAPH_H_WHLDOM,pointer_reassign,pres.f90,5301,3,RGF
L1137,GLOBMAT_SOLVER::GET_MATRIXGRAPH_H_WHLDOM,pointer_reassign,pres.f90,5302,3,RGF
L1137,GLOBMAT_SOLVER::GET_MATRIXGRAPH_H_WHLDOM,pointer_reassign,pres.f90,5303,3,RGF
L1138,GLOBMAT_SOLVER::GET_MATRIXGRAPH_H_WHLDOM,alloc_ptr_local,pres.f90,5312,6,RCF
L1138,GLOBMAT_SOLVER::GET_MATRIXGRAPH_H_WHLDOM,alloc_ptr_local,pres.f90,5313,6,RCF
L1138,GLOBMAT_SOLVER::GET_MATRIXGRAPH_H_WHLDOM,alloc_ptr_local,pres.f90,5313,6,RCF
L1138,GLOBMAT_SOLVER::GET_MATRIXGRAPH_H_WHLDOM,alloc_ptr_local,pres.f90,5313,6,RCF
L1138,GLOBMAT_SOLVER::GET_MATRIXGRAPH_H_WHLDOM,dt_alloc_component,pres.f90,5312,1,MESH_TYPE%RCF_H
L1138,GLOBMAT_SOLVER::GET_MATRIXGRAPH_H_WHLDOM,pointer_reassign,pres.f90,5312,1,RCF
L1140,GLOBMAT_SOLVER::GET_MATRIXGRAPH_H_WHLDOM,alloc,pres.f90,5331,5,DEALLOCATE
L1140,GLOBMAT_SOLVER::GET_MATRIXGRAPH_H_WHLDOM,alloc,pres.f90,5333,5,ALLOCATE
L1140,GLOBMAT_SOLVER::GET_MATRIXGRAPH_H_WHLDOM,alloc,pres.f90,5335,5,ALLOCATE
L1140,GLOBMAT_SOLVER::GET_MATRIXGRAPH_H_WHLDOM,alloc,pres.f90,5388,5,NULLIFY
L1140,GLOBMAT_SOLVER::GET_MATRIXGRAPH_H_WHLDOM,alloc_ptr_local,pres.f90,5367,42,RGF
L1140,GLOBMAT_SOLVER::GET_MATRIXGRAPH_H_WHLDOM,alloc_ptr_local,pres.f90,5370,42,RGF
L1140,GLOBMAT_SOLVER::GET_MATRIXGRAPH_H_WHLDOM,alloc_ptr_local,pres.f90,5373,42,RGF
L1140,GLOBMAT_SOLVER::GET_MATRIXGRAPH_H_WHLDOM,alloc_ptr_local,pres.f90,5378,42,RGF
L1140,GLOBMAT_SOLVER::GET_MATRIXGRAPH_H_WHLDOM,dt_alloc_component,pres.f90,5329,18,ZONE_SOLVE_TYPE%NUNKH_LOC
L1140,GLOBMAT_SOLVER::GET_MATRIXGRAPH_H_WHLDOM,dt_alloc_component,pres.f90,5331,18,ZONE_SOLVE_TYPE%ROW_H
L1140,GLOBMAT_SOLVER::GET_MATRIXGRAPH_H_WHLDOM,dt_alloc_component,pres.f90,5331,18,ZONE_SOLVE_TYPE%ROW_H
L1140,GLOBMAT_SOLVER::GET_MATRIXGRAPH_H_WHLDOM,dt_alloc_component,pres.f90,5333,18,ZONE_SOLVE_TYPE%ROW_H
L1140,GLOBMAT_SOLVER::GET_MATRIXGRAPH_H_WHLDOM,reduction_intrinsic,pres.f90,5329,1,SUM
L1140,GLOBMAT_SOLVER::GET_MATRIXGRAPH_H_WHLDOM,pointer_reassign,pres.f90,5328,10,ZSL
L1140,GLOBMAT_SOLVER::GET_MATRIXGRAPH_H_WHLDOM,pointer_reassign,pres.f90,5367,10,RGF
L1140,GLOBMAT_SOLVER::GET_MATRIXGRAPH_H_WHLDOM,pointer_reassign,pres.f90,5370,10,RGF
L1140,GLOBMAT_SOLVER::GET_MATRIXGRAPH_H_WHLDOM,pointer_reassign,pres.f90,5373,10,RGF
L1140,GLOBMAT_SOLVER::GET_MATRIXGRAPH_H_WHLDOM,module_global_write,pres.f90,5339,25,NM_START
L1140,GLOBMAT_SOLVER::GET_MATRIXGRAPH_H_WHLDOM,module_global_write,pres.f90,5345,25,ILO_FACE
L1140,GLOBMAT_SOLVER::GET_MATRIXGRAPH_H_WHLDOM,module_global_write,pres.f90,5346,25,IHI_FACE
L1140,GLOBMAT_SOLVER::GET_MATRIXGRAPH_H_WHLDOM,module_global_write,pres.f90,5347,25,ILO_CELL
L1142,GLOBMAT_SOLVER::GET_MATRIX_INDEXES_H,alloc,pres.f90,5730,6,DEALLOCATE
L1142,GLOBMAT_SOLVER::GET_MATRIX_INDEXES_H,alloc,pres.f90,5731,6,ALLOCATE
L1142,GLOBMAT_SOLVER::GET_MATRIX_INDEXES_H,alloc,pres.f90,5733,6,DEALLOCATE
L1142,GLOBMAT_SOLVER::GET_MATRIX_INDEXES_H,alloc,pres.f90,5734,6,ALLOCATE
L1142,GLOBMAT_SOLVER::GET_MATRIX_INDEXES_H,alloc_ptr_local,pres.f90,5767,7,NUNKH_TOT
L1142,GLOBMAT_SOLVER::GET_MATRIX_INDEXES_H,alloc_ptr_local,pres.f90,5767,7,NUNKH_TOT
L1142,GLOBMAT_SOLVER::GET_MATRIX_INDEXES_H,alloc_ptr_local,pres.f90,5768,7,NUNKH_TOT
L1142,GLOBMAT_SOLVER::GET_MATRIX_INDEXES_H,alloc_ptr_local,pres.f90,5769,7,NUNKH_TOT
L1142,GLOBMAT_SOLVER::GET_MATRIX_INDEXES_H,dt_alloc_component,pres.f90,5730,20,ZONE_SOLVE_TYPE%NUNKH_LOC
L1142,GLOBMAT_SOLVER::GET_MATRIX_INDEXES_H,dt_alloc_component,pres.f90,5730,20,ZONE_SOLVE_TYPE%NUNKH_LOC
L1142,GLOBMAT_SOLVER::GET_MATRIX_INDEXES_H,dt_alloc_component,pres.f90,5731,20,ZONE_SOLVE_TYPE%NUNKH_LOC
L1142,GLOBMAT_SOLVER::GET_MATRIX_INDEXES_H,dt_alloc_component,pres.f90,5731,20,ZONE_SOLVE_TYPE%NUNKH_LOC
L1142,GLOBMAT_SOLVER::GET_MATRIX_INDEXES_H,write_missing_outer_index,pres.f90,5745,2,"CCVAR(I,J,K,UNKH)"
L1142,GLOBMAT_SOLVER::GET_MATRIX_INDEXES_H,write_missing_outer_index,pres.f90,5757,2,"CCVAR(I,J,K,UNKH)"
L1142,GLOBMAT_SOLVER::GET_MATRIX_INDEXES_H,reduction_accum,pres.f90,5786,2,"CCVAR(I,J,K,UNKH)"
L1142,GLOBMAT_SOLVER::GET_MATRIX_INDEXES_H,reduction_accum,pres.f90,5797,2,"CCVAR(I,J,K,UNKH)"
L1142,GLOBMAT_SOLVER::GET_MATRIX_INDEXES_H,reduction_intrinsic,pres.f90,5776,1,SUM
L1142,GLOBMAT_SOLVER::GET_MATRIX_INDEXES_H,reduction_mpi,pres.f90,5769,1,MPI_ALLREDUCE
L1142,GLOBMAT_SOLVER::GET_MATRIX_INDEXES_H,pointer_reassign,pres.f90,5727,1,ZSL
L1143,GLOBMAT_SOLVER::GLMAT_SOLVER,io,pres.f90,3442,1,WRITE
L1143,GLOBMAT_SOLVER::GLMAT_SOLVER,alloc,pres.f90,3412,2,ALLOCATE
L1143,GLOBMAT_SOLVER::GLMAT_SOLVER,alloc,pres.f90,3493,2,DEALLOCATE
L1143,GLOBMAT_SOLVER::GLMAT_SOLVER,alloc_ptr_local,pres.f90,3412,68,DISPL
L1143,GLOBMAT_SOLVER::GLMAT_SOLVER,alloc_ptr_local,pres.f90,3412,68,DISPL
L1143,GLOBMAT_SOLVER::GLMAT_SOLVER,alloc_ptr_local,pres.f90,3414,68,DISPL
L1143,GLOBMAT_SOLVER::GLMAT_SOLVER,alloc_ptr_local,pres.f90,3417,68,DISPL
L1143,GLOBMAT_SOLVER::GLMAT_SOLVER,dt_alloc_component,pres.f90,3358,73,ZONE_SOLVE_TYPE%F_H
L1143,GLOBMAT_SOLVER::GLMAT_SOLVER,dt_alloc_component,pres.f90,3359,73,ZONE_SOLVE_TYPE%X_H
L1143,GLOBMAT_SOLVER::GLMAT_SOLVER,dt_alloc_component,pres.f90,3366,73,ZONE_SOLVE_TYPE%F_H
L1143,GLOBMAT_SOLVER::GLMAT_SOLVER,dt_alloc_component,pres.f90,3380,73,ZONE_SOLVE_TYPE%UNKH_IND
L1143,GLOBMAT_SOLVER::GLMAT_SOLVER,write_missing_outer_index,pres.f90,3428,2,IPARM(41)
L1143,GLOBMAT_SOLVER::GLMAT_SOLVER,write_missing_outer_index,pres.f90,3429,2,IPARM(42)
L1143,GLOBMAT_SOLVER::GLMAT_SOLVER,reduction_intrinsic,pres.f90,3402,2,SUM
L1143,GLOBMAT_SOLVER::GLMAT_SOLVER,reduction_intrinsic,pres.f90,3553,2,SUM
L1143,GLOBMAT_SOLVER::GLMAT_SOLVER,reduction_mpi,pres.f90,3396,8,MPI_ALLREDUCE
L1143,GLOBMAT_SOLVER::GLMAT_SOLVER,reduction_mpi,pres.f90,3403,8,MPI_ALLREDUCE
L1143,GLOBMAT_SOLVER::GLMAT_SOLVER,reduction_mpi,pres.f90,3414,8,MPI_GATHERV
L1143,GLOBMAT_SOLVER::GLMAT_SOLVER,reduction_mpi,pres.f90,3417,8,MPI_GATHERV
L1143,GLOBMAT_SOLVER::GLMAT_SOLVER,pointer_reassign,pres.f90,3353,9,ZSL
L1143,GLOBMAT_SOLVER::GLMAT_SOLVER,pointer_reassign,pres.f90,3389,9,CC
L1143,GLOBMAT_SOLVER::GLMAT_SOLVER,pointer_reassign,pres.f90,3502,9,RHOP
L1143,GLOBMAT_SOLVER::GLMAT_SOLVER,pointer_reassign,pres.f90,3502,9,RHOP
L1143,GLOBMAT_SOLVER::GLMAT_SOLVER,library_call,pres.f90,3435,12,CLUSTER_SPARSE_SOLVER
L1143,GLOBMAT_SOLVER::GLMAT_SOLVER,library_call,pres.f90,3439,12,CLUSTER_SPARSE_SOLVER
L1143,GLOBMAT_SOLVER::GLMAT_SOLVER,library_call,pres.f90,3450,12,HYPRE_IJVECTORSETVALUES
L1143,GLOBMAT_SOLVER::GLMAT_SOLVER,library_call,pres.f90,3451,12,HYPRE_IJVECTORASSEMBLE
L1144,GLOBMAT_SOLVER::GLMAT_SOLVER_SETUP,alloc_ptr_local,pres.f90,3730,22,WC
L1144,GLOBMAT_SOLVER::GLMAT_SOLVER_SETUP,alloc_ptr_local,pres.f90,3731,22,BC
L1144,GLOBMAT_SOLVER::GLMAT_SOLVER_SETUP,alloc_ptr_local,pres.f90,3731,22,WC
L1144,GLOBMAT_SOLVER::GLMAT_SOLVER_SETUP,alloc_ptr_local,pres.f90,3732,22,EWC
L1144,GLOBMAT_SOLVER::GLMAT_SOLVER_SETUP,dt_alloc_component,pres.f90,3734,2,OMESH_TYPE%EWC_TYPE
L1144,GLOBMAT_SOLVER::GLMAT_SOLVER_SETUP,dt_alloc_component,pres.f90,3743,2,OMESH_TYPE%EWC_TYPE
L1144,GLOBMAT_SOLVER::GLMAT_SOLVER_SETUP,pointer_reassign,pres.f90,3730,3,WC
L1144,GLOBMAT_SOLVER::GLMAT_SOLVER_SETUP,pointer_reassign,pres.f90,3731,3,BC
L1144,GLOBMAT_SOLVER::GLMAT_SOLVER_SETUP,pointer_reassign,pres.f90,3732,3,EWC
L1145,GLOBMAT_SOLVER::GLMAT_SOLVER_SETUP,alloc_ptr_local,pres.f90,3784,34,WC
L1145,GLOBMAT_SOLVER::GLMAT_SOLVER_SETUP,alloc_ptr_local,pres.f90,3785,34,BC
L1145,GLOBMAT_SOLVER::GLMAT_SOLVER_SETUP,alloc_ptr_local,pres.f90,3785,34,WC
L1145,GLOBMAT_SOLVER::GLMAT_SOLVER_SETUP,alloc_ptr_local,pres.f90,3786,34,EWC
L1145,GLOBMAT_SOLVER::GLMAT_SOLVER_SETUP,dt_alloc_component,pres.f90,3788,5,OMESH_TYPE%EWC_TYPE
L1145,GLOBMAT_SOLVER::GLMAT_SOLVER_SETUP,dt_alloc_component,pres.f90,3795,5,OMESH_TYPE%EWC_TYPE
L1145,GLOBMAT_SOLVER::GLMAT_SOLVER_SETUP,dt_alloc_component,pres.f90,3795,5,OMESH_TYPE%EWC_TYPE
L1145,GLOBMAT_SOLVER::GLMAT_SOLVER_SETUP,dt_alloc_component,pres.f90,3802,5,OMESH_TYPE%EWC_TYPE
L1145,GLOBMAT_SOLVER::GLMAT_SOLVER_SETUP,write_derived_index,pres.f90,3795,1,"OMESH(EWC%NOM)%EWC_TYPE(II_NOM,JJ_NOM,KK_NOM)"
L1145,GLOBMAT_SOLVER::GLMAT_SOLVER_SETUP,pointer_reassign,pres.f90,3784,3,WC
L1145,GLOBMAT_SOLVER::GLMAT_SOLVER_SETUP,pointer_reassign,pres.f90,3785,3,BC
L1145,GLOBMAT_SOLVER::GLMAT_SOLVER_SETUP,pointer_reassign,pres.f90,3786,3,EWC
L1147,GLOBMAT_SOLVER::PRESSURE_SOLVER_CHECK_RESIDUALS_U,alloc_ptr_local,pres.f90,5929,21,HP
L1147,GLOBMAT_SOLVER::PRESSURE_SOLVER_CHECK_RESIDUALS_U,alloc_ptr_local,pres.f90,5929,21,RHOP
L1147,GLOBMAT_SOLVER::PRESSURE_SOLVER_CHECK_RESIDUALS_U,alloc_ptr_local,pres.f90,5929,21,P
L1147,GLOBMAT_SOLVER::PRESSURE_SOLVER_CHECK_RESIDUALS_U,alloc_ptr_local,pres.f90,5929,21,RESIDUAL
L1147,GLOBMAT_SOLVER::PRESSURE_SOLVER_CHECK_RESIDUALS_U,reduction_intrinsic,pres.f90,5930,3,ANY
L1147,GLOBMAT_SOLVER::PRESSURE_SOLVER_CHECK_RESIDUALS_U,reduction_intrinsic,pres.f90,5930,3,ANY
L1147,GLOBMAT_SOLVER::PRESSURE_SOLVER_CHECK_RESIDUALS_U,reduction_intrinsic,pres.f90,5930,3,ANY
L1148,GLOBMAT_SOLVER::PRESSURE_SOLVER_CHECK_RESIDUALS_U,alloc_ptr_local,pres.f90,5986,33,HP
L1148,GLOBMAT_SOLVER::PRESSURE_SOLVER_CHECK_RESIDUALS_U,alloc_ptr_local,pres.f90,5986,33,RHOP
L1148,GLOBMAT_SOLVER::PRESSURE_SOLVER_CHECK_RESIDUALS_U,alloc_ptr_local,pres.f90,5986,33,P
L1148,GLOBMAT_SOLVER::PRESSURE_SOLVER_CHECK_RESIDUALS_U,alloc_ptr_local,pres.f90,5986,33,RESIDUAL
L1148,GLOBMAT_SOLVER::PRESSURE_SOLVER_CHECK_RESIDUALS_U,reduction_intrinsic,pres.f90,5987,3,ANY
L1148,GLOBMAT_SOLVER::PRESSURE_SOLVER_CHECK_RESIDUALS_U,reduction_intrinsic,pres.f90,5987,3,ANY
L1148,GLOBMAT_SOLVER::PRESSURE_SOLVER_CHECK_RESIDUALS_U,reduction_intrinsic,pres.f90,5987,3,ANY
L1150,GLOBMAT_SOLVER::WRITE_EWC_TYPE_DIAGNOSTIC,io,pres.f90,4304,2,WRITE
L1150,GLOBMAT_SOLVER::WRITE_EWC_TYPE_DIAGNOSTIC,io,pres.f90,4320,2,WRITE
L1150,GLOBMAT_SOLVER::WRITE_EWC_TYPE_DIAGNOSTIC,alloc_ptr_local,pres.f90,4291,15,WC
L1150,GLOBMAT_SOLVER::WRITE_EWC_TYPE_DIAGNOSTIC,alloc_ptr_local,pres.f90,4292,15,BC
L1150,GLOBMAT_SOLVER::WRITE_EWC_TYPE_DIAGNOSTIC,alloc_ptr_local,pres.f90,4292,15,WC
L1150,GLOBMAT_SOLVER::WRITE_EWC_TYPE_DIAGNOSTIC,alloc_ptr_local,pres.f90,4293,15,EWC
L1150,GLOBMAT_SOLVER::WRITE_EWC_TYPE_DIAGNOSTIC,dt_alloc_component,pres.f90,4303,2,OMESH_TYPE%EWC_TYPE
L1150,GLOBMAT_SOLVER::WRITE_EWC_TYPE_DIAGNOSTIC,dt_alloc_component,pres.f90,4316,2,OMESH_TYPE%EWC_TYPE
L1150,GLOBMAT_SOLVER::WRITE_EWC_TYPE_DIAGNOSTIC,pointer_reassign,pres.f90,4291,3,WC
L1150,GLOBMAT_SOLVER::WRITE_EWC_TYPE_DIAGNOSTIC,pointer_reassign,pres.f90,4292,3,BC
L1150,GLOBMAT_SOLVER::WRITE_EWC_TYPE_DIAGNOSTIC,pointer_reassign,pres.f90,4293,3,EWC
L1153,LOCMAT_SOLVER::ULMAT_BCS_H_MATRIX,alloc_ptr_local,pres.f90,2724,18,WC
L1153,LOCMAT_SOLVER::ULMAT_BCS_H_MATRIX,alloc_ptr_local,pres.f90,2727,18,WC
L1153,LOCMAT_SOLVER::ULMAT_BCS_H_MATRIX,alloc_ptr_local,pres.f90,2727,18,WC
L1153,LOCMAT_SOLVER::ULMAT_BCS_H_MATRIX,alloc_ptr_local,pres.f90,2728,18,BC
L1153,LOCMAT_SOLVER::ULMAT_BCS_H_MATRIX,dt_alloc_component,pres.f90,2738,1,CC_CUTCELL_TYPE%UNKH
L1153,LOCMAT_SOLVER::ULMAT_BCS_H_MATRIX,write_indirect,pres.f90,2776,1,"D_H_MAT(JCOL,IND(LOW_IND))"
L1153,LOCMAT_SOLVER::ULMAT_BCS_H_MATRIX,reduction_accum,pres.f90,2779,1,H_MAT_IVEC = H_MAT_IVEC ...
L1153,LOCMAT_SOLVER::ULMAT_BCS_H_MATRIX,pointer_reassign,pres.f90,2724,2,WC
L1153,LOCMAT_SOLVER::ULMAT_BCS_H_MATRIX,pointer_reassign,pres.f90,2728,2,BC
L1154,LOCMAT_SOLVER::ULMAT_GET_H_REGFACES,alloc_ptr_local,pres.f90,2032,14,WC
L1154,LOCMAT_SOLVER::ULMAT_GET_H_REGFACES,alloc_ptr_local,pres.f90,2033,14,WC
L1154,LOCMAT_SOLVER::ULMAT_GET_H_REGFACES,alloc_ptr_local,pres.f90,2034,14,BC
L1154,LOCMAT_SOLVER::ULMAT_GET_H_REGFACES,alloc_ptr_local,pres.f90,2034,14,WC
L1154,LOCMAT_SOLVER::ULMAT_GET_H_REGFACES,write_derived_index,pres.f90,2040,6,"LOG_INTWC(IIG-1,JJG,KKG,IAXIS)"
L1154,LOCMAT_SOLVER::ULMAT_GET_H_REGFACES,write_derived_index,pres.f90,2041,6,"LOG_INTWC(IIG,JJG,KKG,IAXIS)"
L1154,LOCMAT_SOLVER::ULMAT_GET_H_REGFACES,write_derived_index,pres.f90,2042,6,"LOG_INTWC(IIG,JJG-1,KKG,JAXIS)"
L1154,LOCMAT_SOLVER::ULMAT_GET_H_REGFACES,write_derived_index,pres.f90,2043,6,"LOG_INTWC(IIG,JJG,KKG,JAXIS)"
L1154,LOCMAT_SOLVER::ULMAT_GET_H_REGFACES,pointer_reassign,pres.f90,2032,2,WC
L1154,LOCMAT_SOLVER::ULMAT_GET_H_REGFACES,pointer_reassign,pres.f90,2034,2,BC
L1161,LOCMAT_SOLVER::ULMAT_H_MATRIX,alloc,pres.f90,2611,1,NULLIFY
L1161,LOCMAT_SOLVER::ULMAT_H_MATRIX,alloc_ptr_local,pres.f90,2549,26,REGFACE_H
L1161,LOCMAT_SOLVER::ULMAT_H_MATRIX,alloc_ptr_local,pres.f90,2554,26,DX1
L1161,LOCMAT_SOLVER::ULMAT_H_MATRIX,alloc_ptr_local,pres.f90,2555,26,DX2
L1161,LOCMAT_SOLVER::ULMAT_H_MATRIX,alloc_ptr_local,pres.f90,2556,26,DX3
L1161,LOCMAT_SOLVER::ULMAT_H_MATRIX,dt_alloc_component,pres.f90,2549,3,MESH_TYPE%REGFACE_IAXIS_H
L1161,LOCMAT_SOLVER::ULMAT_H_MATRIX,dt_alloc_component,pres.f90,2558,3,MESH_TYPE%REGFACE_JAXIS_H
L1161,LOCMAT_SOLVER::ULMAT_H_MATRIX,dt_alloc_component,pres.f90,2567,3,MESH_TYPE%REGFACE_KAXIS_H
L1161,LOCMAT_SOLVER::ULMAT_H_MATRIX,write_derived_index,pres.f90,2607,1,"D_H_MAT(JCOL,IROW)"
L1161,LOCMAT_SOLVER::ULMAT_H_MATRIX,pointer_reassign,pres.f90,2549,12,REGFACE_H
L1161,LOCMAT_SOLVER::ULMAT_H_MATRIX,pointer_reassign,pres.f90,2554,12,DX1
L1161,LOCMAT_SOLVER::ULMAT_H_MATRIX,pointer_reassign,pres.f90,2555,12,DX2
L1161,LOCMAT_SOLVER::ULMAT_H_MATRIX,pointer_reassign,pres.f90,2556,12,DX3
L1162,LOCMAT_SOLVER::ULMAT_H_MATRIX,alloc_ptr_local,pres.f90,2618,11,RCF
L1162,LOCMAT_SOLVER::ULMAT_H_MATRIX,alloc_ptr_local,pres.f90,2618,11,RCF
L1162,LOCMAT_SOLVER::ULMAT_H_MATRIX,alloc_ptr_local,pres.f90,2619,11,RCF
L1162,LOCMAT_SOLVER::ULMAT_H_MATRIX,alloc_ptr_local,pres.f90,2619,11,RCF
L1162,LOCMAT_SOLVER::ULMAT_H_MATRIX,dt_alloc_component,pres.f90,2618,1,MESH_TYPE%RCF_H
L1162,LOCMAT_SOLVER::ULMAT_H_MATRIX,write_derived_index,pres.f90,2649,1,"D_H_MAT(JCOL,IROW)"
L1162,LOCMAT_SOLVER::ULMAT_H_MATRIX,pointer_reassign,pres.f90,2618,1,RCF
L1163,LOCMAT_SOLVER::ULMAT_H_MATRIX,dt_alloc_component,pres.f90,2675,7,MESH_TYPE%CUT_FACE
L1163,LOCMAT_SOLVER::ULMAT_H_MATRIX,dt_alloc_component,pres.f90,2676,7,CC_CUTFACE_TYPE%UNKH
L1163,LOCMAT_SOLVER::ULMAT_H_MATRIX,dt_alloc_component,pres.f90,2677,7,CC_CUTFACE_TYPE%UNKH
L1163,LOCMAT_SOLVER::ULMAT_H_MATRIX,dt_alloc_component,pres.f90,2678,7,CC_CUTFACE_TYPE%AREA
L1163,LOCMAT_SOLVER::ULMAT_H_MATRIX,write_derived_index,pres.f90,2689,1,"D_H_MAT(JCOL,IROW)"
L1169,LOCMAT_SOLVER::ULMAT_MATRIXGRAPH_H,alloc_ptr_local,pres.f90,2178,7,REGFACE_H
L1169,LOCMAT_SOLVER::ULMAT_MATRIXGRAPH_H,alloc_ptr_local,pres.f90,2179,7,REGFACE_H
L1169,LOCMAT_SOLVER::ULMAT_MATRIXGRAPH_H,alloc_ptr_local,pres.f90,2180,7,REGFACE_H
L1169,LOCMAT_SOLVER::ULMAT_MATRIXGRAPH_H,alloc_ptr_local,pres.f90,2183,7,REGFACE_H
L1169,LOCMAT_SOLVER::ULMAT_MATRIXGRAPH_H,dt_alloc_component,pres.f90,2178,3,MESH_TYPE%REGFACE_IAXIS_H
L1169,LOCMAT_SOLVER::ULMAT_MATRIXGRAPH_H,dt_alloc_component,pres.f90,2179,3,MESH_TYPE%REGFACE_JAXIS_H
L1169,LOCMAT_SOLVER::ULMAT_MATRIXGRAPH_H,dt_alloc_component,pres.f90,2180,3,MESH_TYPE%REGFACE_KAXIS_H
L1169,LOCMAT_SOLVER::ULMAT_MATRIXGRAPH_H,pointer_reassign,pres.f90,2178,3,REGFACE_H
L1169,LOCMAT_SOLVER::ULMAT_MATRIXGRAPH_H,pointer_reassign,pres.f90,2179,3,REGFACE_H
L1169,LOCMAT_SOLVER::ULMAT_MATRIXGRAPH_H,pointer_reassign,pres.f90,2180,3,REGFACE_H
L1170,LOCMAT_SOLVER::ULMAT_MATRIXGRAPH_H,alloc_ptr_local,pres.f90,2192,6,RCF
L1170,LOCMAT_SOLVER::ULMAT_MATRIXGRAPH_H,alloc_ptr_local,pres.f90,2193,6,RCF
L1170,LOCMAT_SOLVER::ULMAT_MATRIXGRAPH_H,alloc_ptr_local,pres.f90,2193,6,RCF
L1170,LOCMAT_SOLVER::ULMAT_MATRIXGRAPH_H,alloc_ptr_local,pres.f90,2193,6,RCF
L1170,LOCMAT_SOLVER::ULMAT_MATRIXGRAPH_H,dt_alloc_component,pres.f90,2192,1,MESH_TYPE%RCF_H
L1170,LOCMAT_SOLVER::ULMAT_MATRIXGRAPH_H,pointer_reassign,pres.f90,2192,1,RCF
L1172,LOCMAT_SOLVER::ULMAT_MATRIXGRAPH_H,alloc,pres.f90,2237,1,NULLIFY
L1172,LOCMAT_SOLVER::ULMAT_MATRIXGRAPH_H,alloc_ptr_local,pres.f90,2211,8,REGFACE_H
L1172,LOCMAT_SOLVER::ULMAT_MATRIXGRAPH_H,alloc_ptr_local,pres.f90,2216,8,REGFACE_H
L1172,LOCMAT_SOLVER::ULMAT_MATRIXGRAPH_H,alloc_ptr_local,pres.f90,2221,8,REGFACE_H
L1172,LOCMAT_SOLVER::ULMAT_MATRIXGRAPH_H,alloc_ptr_local,pres.f90,2228,8,REGFACE_H
L1172,LOCMAT_SOLVER::ULMAT_MATRIXGRAPH_H,dt_alloc_component,pres.f90,2211,3,MESH_TYPE%REGFACE_IAXIS_H
L1172,LOCMAT_SOLVER::ULMAT_MATRIXGRAPH_H,dt_alloc_component,pres.f90,2216,3,MESH_TYPE%REGFACE_JAXIS_H
L1172,LOCMAT_SOLVER::ULMAT_MATRIXGRAPH_H,dt_alloc_component,pres.f90,2221,3,MESH_TYPE%REGFACE_KAXIS_H
L1172,LOCMAT_SOLVER::ULMAT_MATRIXGRAPH_H,pointer_reassign,pres.f90,2211,3,REGFACE_H
L1172,LOCMAT_SOLVER::ULMAT_MATRIXGRAPH_H,pointer_reassign,pres.f90,2216,3,REGFACE_H
L1172,LOCMAT_SOLVER::ULMAT_MATRIXGRAPH_H,pointer_reassign,pres.f90,2221,3,REGFACE_H
L1173,LOCMAT_SOLVER::ULMAT_MATRIXGRAPH_H,alloc_ptr_local,pres.f90,2243,11,WC
L1173,LOCMAT_SOLVER::ULMAT_MATRIXGRAPH_H,alloc_ptr_local,pres.f90,2244,11,BC
L1173,LOCMAT_SOLVER::ULMAT_MATRIXGRAPH_H,alloc_ptr_local,pres.f90,2244,11,WC
L1173,LOCMAT_SOLVER::ULMAT_MATRIXGRAPH_H,alloc_ptr_local,pres.f90,2245,11,WC
L1173,LOCMAT_SOLVER::ULMAT_MATRIXGRAPH_H,dt_alloc_component,pres.f90,2254,1,CC_CUTCELL_TYPE%UNKH
L1173,LOCMAT_SOLVER::ULMAT_MATRIXGRAPH_H,write_derived_index,pres.f90,2260,2,NNZ_H_MAT(IROW)
L1173,LOCMAT_SOLVER::ULMAT_MATRIXGRAPH_H,write_derived_index,pres.f90,2261,2,"JD_H_MAT(1,IROW)"
L1173,LOCMAT_SOLVER::ULMAT_MATRIXGRAPH_H,pointer_reassign,pres.f90,2243,2,WC
L1173,LOCMAT_SOLVER::ULMAT_MATRIXGRAPH_H,pointer_reassign,pres.f90,2244,2,BC
L1174,LOCMAT_SOLVER::ULMAT_MATRIXGRAPH_H,alloc_ptr_local,pres.f90,2268,8,RCF
L1174,LOCMAT_SOLVER::ULMAT_MATRIXGRAPH_H,alloc_ptr_local,pres.f90,2268,8,RCF
L1174,LOCMAT_SOLVER::ULMAT_MATRIXGRAPH_H,alloc_ptr_local,pres.f90,2269,8,RCF
L1174,LOCMAT_SOLVER::ULMAT_MATRIXGRAPH_H,alloc_ptr_local,pres.f90,2269,8,RCF
L1174,LOCMAT_SOLVER::ULMAT_MATRIXGRAPH_H,dt_alloc_component,pres.f90,2268,1,MESH_TYPE%RCF_H
L1174,LOCMAT_SOLVER::ULMAT_MATRIXGRAPH_H,pointer_reassign,pres.f90,2268,1,RCF
L1175,LOCMAT_SOLVER::ULMAT_MATRIXGRAPH_H,dt_alloc_component,pres.f90,2311,2,CC_CUTFACE_TYPE%UNKH
L1175,LOCMAT_SOLVER::ULMAT_MATRIXGRAPH_H,dt_alloc_component,pres.f90,2312,2,CC_CUTFACE_TYPE%UNKH
L1176,LOCMAT_SOLVER::ULMAT_MATRIXGRAPH_H,alloc,pres.f90,2360,1,NULLIFY
L1176,LOCMAT_SOLVER::ULMAT_MATRIXGRAPH_H,alloc_ptr_local,pres.f90,2324,10,REGFACE_H
L1176,LOCMAT_SOLVER::ULMAT_MATRIXGRAPH_H,alloc_ptr_local,pres.f90,2329,10,REGFACE_H
L1176,LOCMAT_SOLVER::ULMAT_MATRIXGRAPH_H,alloc_ptr_local,pres.f90,2334,10,REGFACE_H
L1176,LOCMAT_SOLVER::ULMAT_MATRIXGRAPH_H,alloc_ptr_local,pres.f90,2340,10,REGFACE_H
L1176,LOCMAT_SOLVER::ULMAT_MATRIXGRAPH_H,dt_alloc_component,pres.f90,2324,3,MESH_TYPE%REGFACE_IAXIS_H
L1176,LOCMAT_SOLVER::ULMAT_MATRIXGRAPH_H,dt_alloc_component,pres.f90,2329,3,MESH_TYPE%REGFACE_JAXIS_H
L1176,LOCMAT_SOLVER::ULMAT_MATRIXGRAPH_H,dt_alloc_component,pres.f90,2334,3,MESH_TYPE%REGFACE_KAXIS_H
L1176,LOCMAT_SOLVER::ULMAT_MATRIXGRAPH_H,pointer_reassign,pres.f90,2324,3,REGFACE_H
L1176,LOCMAT_SOLVER::ULMAT_MATRIXGRAPH_H,pointer_reassign,pres.f90,2329,3,REGFACE_H
L1176,LOCMAT_SOLVER::ULMAT_MATRIXGRAPH_H,pointer_reassign,pres.f90,2334,3,REGFACE_H
L1177,LOCMAT_SOLVER::ULMAT_MATRIXGRAPH_H,alloc_ptr_local,pres.f90,2366,14,WC
L1177,LOCMAT_SOLVER::ULMAT_MATRIXGRAPH_H,alloc_ptr_local,pres.f90,2367,14,BC
L1177,LOCMAT_SOLVER::ULMAT_MATRIXGRAPH_H,alloc_ptr_local,pres.f90,2367,14,WC
L1177,LOCMAT_SOLVER::ULMAT_MATRIXGRAPH_H,alloc_ptr_local,pres.f90,2368,14,WC
L1177,LOCMAT_SOLVER::ULMAT_MATRIXGRAPH_H,dt_alloc_component,pres.f90,2377,1,CC_CUTCELL_TYPE%UNKH
L1177,LOCMAT_SOLVER::ULMAT_MATRIXGRAPH_H,write_derived_index,pres.f90,2388,1,"WC_JD(LOCROW,IIND)"
L1177,LOCMAT_SOLVER::ULMAT_MATRIXGRAPH_H,pointer_reassign,pres.f90,2366,2,WC
L1177,LOCMAT_SOLVER::ULMAT_MATRIXGRAPH_H,pointer_reassign,pres.f90,2367,2,BC
L1178,LOCMAT_SOLVER::ULMAT_MATRIXGRAPH_H,alloc_ptr_local,pres.f90,2403,10,RCF
L1178,LOCMAT_SOLVER::ULMAT_MATRIXGRAPH_H,alloc_ptr_local,pres.f90,2403,10,RCF
L1178,LOCMAT_SOLVER::ULMAT_MATRIXGRAPH_H,alloc_ptr_local,pres.f90,2404,10,RCF
L1178,LOCMAT_SOLVER::ULMAT_MATRIXGRAPH_H,alloc_ptr_local,pres.f90,2404,10,RCF
L1178,LOCMAT_SOLVER::ULMAT_MATRIXGRAPH_H,dt_alloc_component,pres.f90,2403,1,MESH_TYPE%RCF_H
L1178,LOCMAT_SOLVER::ULMAT_MATRIXGRAPH_H,pointer_reassign,pres.f90,2403,1,RCF
L1179,LOCMAT_SOLVER::ULMAT_MATRIXGRAPH_H,dt_alloc_component,pres.f90,2457,4,CC_CUTFACE_TYPE%JDH
L1179,LOCMAT_SOLVER::ULMAT_MATRIXGRAPH_H,dt_alloc_component,pres.f90,2459,4,CC_CUTFACE_TYPE%UNKH
L1179,LOCMAT_SOLVER::ULMAT_MATRIXGRAPH_H,dt_alloc_component,pres.f90,2460,4,CC_CUTFACE_TYPE%UNKH
L1179,LOCMAT_SOLVER::ULMAT_MATRIXGRAPH_H,dt_alloc_component,pres.f90,2467,4,CC_CUTFACE_TYPE%JDH
L1179,LOCMAT_SOLVER::ULMAT_MATRIXGRAPH_H,write_missing_inner_index,pres.f90,2467,1,"CUT_FACE(ICF)%JDH(LOCROW,IIND,IFACE)"
L1182,LOCMAT_SOLVER::ULMAT_SOLVER_SETUP,alloc,pres.f90,1279,14,DEALLOCATE
L1182,LOCMAT_SOLVER::ULMAT_SOLVER_SETUP,alloc,pres.f90,1280,14,DEALLOCATE
L1182,LOCMAT_SOLVER::ULMAT_SOLVER_SETUP,alloc,pres.f90,1281,14,DEALLOCATE
L1182,LOCMAT_SOLVER::ULMAT_SOLVER_SETUP,alloc,pres.f90,1282,14,DEALLOCATE
L1182,LOCMAT_SOLVER::ULMAT_SOLVER_SETUP,alloc_ptr_local,pres.f90,1220,84,ZM
L1182,LOCMAT_SOLVER::ULMAT_SOLVER_SETUP,alloc_ptr_local,pres.f90,1220,84,M
L1182,LOCMAT_SOLVER::ULMAT_SOLVER_SETUP,alloc_ptr_local,pres.f90,1221,84,ZM
L1182,LOCMAT_SOLVER::ULMAT_SOLVER_SETUP,alloc_ptr_local,pres.f90,1223,84,ZM
L1182,LOCMAT_SOLVER::ULMAT_SOLVER_SETUP,dt_alloc_component,pres.f90,1220,32,MESH_TYPE%ZONE_MESH
L1182,LOCMAT_SOLVER::ULMAT_SOLVER_SETUP,dt_alloc_component,pres.f90,1240,32,MESH_TYPE%WALL
L1182,LOCMAT_SOLVER::ULMAT_SOLVER_SETUP,dt_alloc_component,pres.f90,1241,32,MESH_TYPE%EXTERNAL_WALL
L1182,LOCMAT_SOLVER::ULMAT_SOLVER_SETUP,dt_alloc_component,pres.f90,1242,32,MESH_TYPE%BOUNDARY_COORD
L1182,LOCMAT_SOLVER::ULMAT_SOLVER_SETUP,write_derived_index,pres.f90,1251,1,ZBTYPE_LAST(IOR)
L1182,LOCMAT_SOLVER::ULMAT_SOLVER_SETUP,reduction_intrinsic,pres.f90,1226,1,SUM
L1182,LOCMAT_SOLVER::ULMAT_SOLVER_SETUP,pointer_reassign,pres.f90,1220,4,ZM
L1182,LOCMAT_SOLVER::ULMAT_SOLVER_SETUP,pointer_reassign,pres.f90,1240,4,WC
L1182,LOCMAT_SOLVER::ULMAT_SOLVER_SETUP,pointer_reassign,pres.f90,1241,4,EWC
L1182,LOCMAT_SOLVER::ULMAT_SOLVER_SETUP,pointer_reassign,pres.f90,1242,4,BC
L1183,LOCMAT_SOLVER::ULMAT_SOLVER_SETUP,alloc,pres.f90,1350,2,DEALLOCATE
L1183,LOCMAT_SOLVER::ULMAT_SOLVER_SETUP,alloc,pres.f90,1351,2,ALLOCATE
L1183,LOCMAT_SOLVER::ULMAT_SOLVER_SETUP,alloc_ptr_local,pres.f90,1323,45,ZM
L1183,LOCMAT_SOLVER::ULMAT_SOLVER_SETUP,alloc_ptr_local,pres.f90,1324,45,ZM
L1183,LOCMAT_SOLVER::ULMAT_SOLVER_SETUP,alloc_ptr_local,pres.f90,1326,45,KBAR
L1183,LOCMAT_SOLVER::ULMAT_SOLVER_SETUP,alloc_ptr_local,pres.f90,1327,45,JBAR
L1183,LOCMAT_SOLVER::ULMAT_SOLVER_SETUP,dt_alloc_component,pres.f90,1350,7,ZONE_MESH_TYPE%MESH_IJK
L1183,LOCMAT_SOLVER::ULMAT_SOLVER_SETUP,dt_alloc_component,pres.f90,1350,7,ZONE_MESH_TYPE%MESH_IJK
L1183,LOCMAT_SOLVER::ULMAT_SOLVER_SETUP,dt_alloc_component,pres.f90,1351,7,ZONE_MESH_TYPE%MESH_IJK
L1183,LOCMAT_SOLVER::ULMAT_SOLVER_SETUP,dt_alloc_component,pres.f90,1359,7,ZONE_MESH_TYPE%MESH_IJK
L1183,LOCMAT_SOLVER::ULMAT_SOLVER_SETUP,write_indirect,pres.f90,1378,1,CUT_CELL(ICC)%UNKH(1:CUT_CELL(ICC)%NCELL)
L1183,LOCMAT_SOLVER::ULMAT_SOLVER_SETUP,write_missing_outer_index,pres.f90,1361,2,"MUNKH(I,J,K)"
L1183,LOCMAT_SOLVER::ULMAT_SOLVER_SETUP,write_missing_outer_index,pres.f90,1374,2,CUT_CELL(ICC)%UNKH(JCC)
L1183,LOCMAT_SOLVER::ULMAT_SOLVER_SETUP,pointer_reassign,pres.f90,1323,1,ZM
L1186,LOCMAT_SOLVER::ULMAT_SOLVE_ZONE,alloc_ptr_local,pres.f90,1505,9,ZM
L1186,LOCMAT_SOLVER::ULMAT_SOLVE_ZONE,alloc_ptr_local,pres.f90,1505,9,ZM
L1186,LOCMAT_SOLVER::ULMAT_SOLVE_ZONE,alloc_ptr_local,pres.f90,1506,9,ZM
L1186,LOCMAT_SOLVER::ULMAT_SOLVE_ZONE,alloc_ptr_local,pres.f90,1506,9,ZM
L1186,LOCMAT_SOLVER::ULMAT_SOLVE_ZONE,dt_alloc_component,pres.f90,1506,13,ZONE_MESH_TYPE%MESH_IJK
L1186,LOCMAT_SOLVER::ULMAT_SOLVE_ZONE,dt_alloc_component,pres.f90,1506,13,ZONE_MESH_TYPE%MESH_IJK
L1186,LOCMAT_SOLVER::ULMAT_SOLVE_ZONE,dt_alloc_component,pres.f90,1506,13,ZONE_MESH_TYPE%MESH_IJK
L1186,LOCMAT_SOLVER::ULMAT_SOLVE_ZONE,dt_alloc_component,pres.f90,1512,13,CC_CUTCELL_TYPE%VOLUME
L1186,LOCMAT_SOLVER::ULMAT_SOLVE_ZONE,write_derived_index,pres.f90,1515,2,ZM%F_H(IROW)
L1186,LOCMAT_SOLVER::ULMAT_SOLVE_ZONE,write_derived_index,pres.f90,1525,2,ZM%F_H(IROW)
L1187,LOCMAT_SOLVER::ULMAT_SOLVE_ZONE,alloc_ptr_local,pres.f90,1532,18,CFA
L1187,LOCMAT_SOLVER::ULMAT_SOLVE_ZONE,alloc_ptr_local,pres.f90,1534,18,CFA
L1187,LOCMAT_SOLVER::ULMAT_SOLVE_ZONE,alloc_ptr_local,pres.f90,1534,18,CFA
L1187,LOCMAT_SOLVER::ULMAT_SOLVE_ZONE,alloc_ptr_local,pres.f90,1535,18,CFA
L1187,LOCMAT_SOLVER::ULMAT_SOLVE_ZONE,dt_alloc_component,pres.f90,1549,5,CC_CUTCELL_TYPE%UNKH
L1187,LOCMAT_SOLVER::ULMAT_SOLVE_ZONE,dt_alloc_component,pres.f90,1553,5,CC_CUTFACE_TYPE%XCENHIGH
L1187,LOCMAT_SOLVER::ULMAT_SOLVE_ZONE,dt_alloc_component,pres.f90,1553,5,CC_CUTFACE_TYPE%XCENLOW
L1187,LOCMAT_SOLVER::ULMAT_SOLVE_ZONE,dt_alloc_component,pres.f90,1555,5,ZONE_MESH_TYPE%F_H
L1187,LOCMAT_SOLVER::ULMAT_SOLVE_ZONE,write_derived_index,pres.f90,1555,1,ZM%F_H(IROW)
L1187,LOCMAT_SOLVER::ULMAT_SOLVE_ZONE,pointer_reassign,pres.f90,1532,4,CFA
L1187,LOCMAT_SOLVER::ULMAT_SOLVE_ZONE,pointer_reassign,pres.f90,1537,4,WC
L1187,LOCMAT_SOLVER::ULMAT_SOLVE_ZONE,pointer_reassign,pres.f90,1538,4,EWC
L1187,LOCMAT_SOLVER::ULMAT_SOLVE_ZONE,pointer_reassign,pres.f90,1539,4,BC
L1188,LOCMAT_SOLVER::ULMAT_SOLVE_ZONE,alloc_ptr_local,pres.f90,1562,11,WC
L1188,LOCMAT_SOLVER::ULMAT_SOLVE_ZONE,alloc_ptr_local,pres.f90,1563,11,WC
L1188,LOCMAT_SOLVER::ULMAT_SOLVE_ZONE,alloc_ptr_local,pres.f90,1563,11,WC
L1188,LOCMAT_SOLVER::ULMAT_SOLVE_ZONE,alloc_ptr_local,pres.f90,1564,11,BC
L1188,LOCMAT_SOLVER::ULMAT_SOLVE_ZONE,dt_alloc_component,pres.f90,1574,3,CC_CUTCELL_TYPE%UNKH
L1188,LOCMAT_SOLVER::ULMAT_SOLVE_ZONE,dt_alloc_component,pres.f90,1588,3,ZONE_MESH_TYPE%F_H
L1188,LOCMAT_SOLVER::ULMAT_SOLVE_ZONE,dt_alloc_component,pres.f90,1588,3,ZONE_MESH_TYPE%F_H
L1188,LOCMAT_SOLVER::ULMAT_SOLVE_ZONE,write_derived_index,pres.f90,1588,1,ZM%F_H(IROW)
L1188,LOCMAT_SOLVER::ULMAT_SOLVE_ZONE,pointer_reassign,pres.f90,1562,2,WC
L1188,LOCMAT_SOLVER::ULMAT_SOLVE_ZONE,pointer_reassign,pres.f90,1564,2,BC
L1189,LOCMAT_SOLVER::ULMAT_SOLVE_ZONE,alloc_ptr_local,pres.f90,1594,21,WC
L1189,LOCMAT_SOLVER::ULMAT_SOLVE_ZONE,alloc_ptr_local,pres.f90,1595,21,EWC
L1189,LOCMAT_SOLVER::ULMAT_SOLVE_ZONE,alloc_ptr_local,pres.f90,1597,21,WC
L1189,LOCMAT_SOLVER::ULMAT_SOLVE_ZONE,alloc_ptr_local,pres.f90,1597,21,WC
L1189,LOCMAT_SOLVER::ULMAT_SOLVE_ZONE,dt_alloc_component,pres.f90,1610,6,CC_CUTCELL_TYPE%UNKH
L1189,LOCMAT_SOLVER::ULMAT_SOLVE_ZONE,dt_alloc_component,pres.f90,1635,6,ZONE_MESH_TYPE%F_H
L1189,LOCMAT_SOLVER::ULMAT_SOLVE_ZONE,dt_alloc_component,pres.f90,1635,6,ZONE_MESH_TYPE%F_H
L1189,LOCMAT_SOLVER::ULMAT_SOLVE_ZONE,dt_alloc_component,pres.f90,1647,6,CC_CUTCELL_TYPE%UNKH
L1189,LOCMAT_SOLVER::ULMAT_SOLVE_ZONE,write_derived_index,pres.f90,1635,2,ZM%F_H(IROW)
L1189,LOCMAT_SOLVER::ULMAT_SOLVE_ZONE,write_derived_index,pres.f90,1678,2,ZM%F_H(IROW)
L1189,LOCMAT_SOLVER::ULMAT_SOLVE_ZONE,pointer_reassign,pres.f90,1594,3,WC
L1189,LOCMAT_SOLVER::ULMAT_SOLVE_ZONE,pointer_reassign,pres.f90,1595,3,EWC
L1189,LOCMAT_SOLVER::ULMAT_SOLVE_ZONE,pointer_reassign,pres.f90,1598,3,BC
L1190,LOCMAT_SOLVER::ULMAT_SOLVE_ZONE,alloc_ptr_local,pres.f90,1690,1,ZM
L1190,LOCMAT_SOLVER::ULMAT_SOLVE_ZONE,dt_alloc_component,pres.f90,1690,1,ZONE_MESH_TYPE%F_H
L1190,LOCMAT_SOLVER::ULMAT_SOLVE_ZONE,reduction_accum,pres.f90,1690,2,SUM_FH(1)
L1190,LOCMAT_SOLVER::ULMAT_SOLVE_ZONE,reduction_accum,pres.f90,1691,2,SUM_FH(2)
L1191,LOCMAT_SOLVER::ULMAT_SOLVE_ZONE,alloc_ptr_local,pres.f90,1701,2,ZM
L1191,LOCMAT_SOLVER::ULMAT_SOLVE_ZONE,alloc_ptr_local,pres.f90,1705,2,ZM
L1191,LOCMAT_SOLVER::ULMAT_SOLVE_ZONE,dt_alloc_component,pres.f90,1698,5,CC_CUTCELL_TYPE%UNKH
L1191,LOCMAT_SOLVER::ULMAT_SOLVE_ZONE,dt_alloc_component,pres.f90,1701,5,ZONE_MESH_TYPE%F_H
L1191,LOCMAT_SOLVER::ULMAT_SOLVE_ZONE,dt_alloc_component,pres.f90,1701,5,CC_CUTCELL_TYPE%UNKH
L1191,LOCMAT_SOLVER::ULMAT_SOLVE_ZONE,dt_alloc_component,pres.f90,1705,5,ZONE_MESH_TYPE%F_H
L1191,LOCMAT_SOLVER::ULMAT_SOLVE_ZONE,reduction_accum,pres.f90,1701,4,SUM_FH(1)
L1191,LOCMAT_SOLVER::ULMAT_SOLVE_ZONE,reduction_accum,pres.f90,1702,4,SUM_FH(2)
L1191,LOCMAT_SOLVER::ULMAT_SOLVE_ZONE,reduction_accum,pres.f90,1705,4,SUM_FH(1)
L1191,LOCMAT_SOLVER::ULMAT_SOLVE_ZONE,reduction_accum,pres.f90,1706,4,SUM_FH(2)
L1192,LOCMAT_SOLVER::ULMAT_SOLVE_ZONE,alloc_ptr_local,pres.f90,1717,2,ZM
L1192,LOCMAT_SOLVER::ULMAT_SOLVE_ZONE,alloc_ptr_local,pres.f90,1717,2,ZM
L1192,LOCMAT_SOLVER::ULMAT_SOLVE_ZONE,dt_alloc_component,pres.f90,1717,2,ZONE_MESH_TYPE%F_H
L1192,LOCMAT_SOLVER::ULMAT_SOLVE_ZONE,dt_alloc_component,pres.f90,1717,2,ZONE_MESH_TYPE%F_H
L1192,LOCMAT_SOLVER::ULMAT_SOLVE_ZONE,write_indirect,pres.f90,1717,1,"ZM%F_H(MUNKH(I,J,K))"
L1193,LOCMAT_SOLVER::ULMAT_SOLVE_ZONE,alloc_ptr_local,pres.f90,1727,4,ZM
L1193,LOCMAT_SOLVER::ULMAT_SOLVE_ZONE,alloc_ptr_local,pres.f90,1727,4,ZM
L1193,LOCMAT_SOLVER::ULMAT_SOLVE_ZONE,alloc_ptr_local,pres.f90,1730,4,ZM
L1193,LOCMAT_SOLVER::ULMAT_SOLVE_ZONE,alloc_ptr_local,pres.f90,1730,4,ZM
L1193,LOCMAT_SOLVER::ULMAT_SOLVE_ZONE,dt_alloc_component,pres.f90,1724,9,CC_CUTCELL_TYPE%UNKH
L1193,LOCMAT_SOLVER::ULMAT_SOLVE_ZONE,dt_alloc_component,pres.f90,1727,9,ZONE_MESH_TYPE%F_H
L1193,LOCMAT_SOLVER::ULMAT_SOLVE_ZONE,dt_alloc_component,pres.f90,1727,9,CC_CUTCELL_TYPE%UNKH
L1193,LOCMAT_SOLVER::ULMAT_SOLVE_ZONE,dt_alloc_component,pres.f90,1727,9,ZONE_MESH_TYPE%F_H
L1193,LOCMAT_SOLVER::ULMAT_SOLVE_ZONE,write_indirect,pres.f90,1727,2,ZM%F_H(CUT_CELL(ICC)%UNKH(JCC))
L1193,LOCMAT_SOLVER::ULMAT_SOLVE_ZONE,write_indirect,pres.f90,1730,2,ZM%F_H(CUT_CELL(ICC)%UNKH(1))
L1194,LOCMAT_SOLVER::ULMAT_SOLVE_ZONE,alloc_ptr_local,pres.f90,1786,1,ZM
L1194,LOCMAT_SOLVER::ULMAT_SOLVE_ZONE,dt_alloc_component,pres.f90,1786,1,ZONE_MESH_TYPE%X_H
L1194,LOCMAT_SOLVER::ULMAT_SOLVE_ZONE,reduction_accum,pres.f90,1786,2,SUM_XH(1)
L1194,LOCMAT_SOLVER::ULMAT_SOLVE_ZONE,reduction_accum,pres.f90,1787,2,SUM_XH(2)
L1195,LOCMAT_SOLVER::ULMAT_SOLVE_ZONE,alloc_ptr_local,pres.f90,1797,2,ZM
L1195,LOCMAT_SOLVER::ULMAT_SOLVE_ZONE,alloc_ptr_local,pres.f90,1801,2,ZM
L1195,LOCMAT_SOLVER::ULMAT_SOLVE_ZONE,dt_alloc_component,pres.f90,1794,5,CC_CUTCELL_TYPE%UNKH
L1195,LOCMAT_SOLVER::ULMAT_SOLVE_ZONE,dt_alloc_component,pres.f90,1797,5,ZONE_MESH_TYPE%X_H
L1195,LOCMAT_SOLVER::ULMAT_SOLVE_ZONE,dt_alloc_component,pres.f90,1797,5,CC_CUTCELL_TYPE%UNKH
L1195,LOCMAT_SOLVER::ULMAT_SOLVE_ZONE,dt_alloc_component,pres.f90,1801,5,ZONE_MESH_TYPE%X_H
L1195,LOCMAT_SOLVER::ULMAT_SOLVE_ZONE,reduction_accum,pres.f90,1797,4,SUM_XH(1)
L1195,LOCMAT_SOLVER::ULMAT_SOLVE_ZONE,reduction_accum,pres.f90,1798,4,SUM_XH(2)
L1195,LOCMAT_SOLVER::ULMAT_SOLVE_ZONE,reduction_accum,pres.f90,1801,4,SUM_XH(1)
L1195,LOCMAT_SOLVER::ULMAT_SOLVE_ZONE,reduction_accum,pres.f90,1802,4,SUM_XH(2)
L1196,LOCMAT_SOLVER::ULMAT_SOLVE_ZONE,alloc_ptr_local,pres.f90,1812,2,ZM
L1196,LOCMAT_SOLVER::ULMAT_SOLVE_ZONE,alloc_ptr_local,pres.f90,1812,2,ZM
L1196,LOCMAT_SOLVER::ULMAT_SOLVE_ZONE,dt_alloc_component,pres.f90,1812,2,ZONE_MESH_TYPE%X_H
L1196,LOCMAT_SOLVER::ULMAT_SOLVE_ZONE,dt_alloc_component,pres.f90,1812,2,ZONE_MESH_TYPE%X_H
L1196,LOCMAT_SOLVER::ULMAT_SOLVE_ZONE,write_indirect,pres.f90,1812,1,"ZM%X_H(MUNKH(I,J,K))"
L1197,LOCMAT_SOLVER::ULMAT_SOLVE_ZONE,alloc_ptr_local,pres.f90,1822,4,ZM
L1197,LOCMAT_SOLVER::ULMAT_SOLVE_ZONE,alloc_ptr_local,pres.f90,1822,4,ZM
L1197,LOCMAT_SOLVER::ULMAT_SOLVE_ZONE,alloc_ptr_local,pres.f90,1825,4,ZM
L1197,LOCMAT_SOLVER::ULMAT_SOLVE_ZONE,alloc_ptr_local,pres.f90,1825,4,ZM
L1197,LOCMAT_SOLVER::ULMAT_SOLVE_ZONE,dt_alloc_component,pres.f90,1819,9,CC_CUTCELL_TYPE%UNKH
L1197,LOCMAT_SOLVER::ULMAT_SOLVE_ZONE,dt_alloc_component,pres.f90,1822,9,ZONE_MESH_TYPE%X_H
L1197,LOCMAT_SOLVER::ULMAT_SOLVE_ZONE,dt_alloc_component,pres.f90,1822,9,CC_CUTCELL_TYPE%UNKH
L1197,LOCMAT_SOLVER::ULMAT_SOLVE_ZONE,dt_alloc_component,pres.f90,1822,9,ZONE_MESH_TYPE%X_H
L1197,LOCMAT_SOLVER::ULMAT_SOLVE_ZONE,write_indirect,pres.f90,1822,2,ZM%X_H(CUT_CELL(ICC)%UNKH(JCC))
L1197,LOCMAT_SOLVER::ULMAT_SOLVE_ZONE,write_indirect,pres.f90,1825,2,ZM%X_H(CUT_CELL(ICC)%UNKH(1))
L1198,LOCMAT_SOLVER::ULMAT_SOLVE_ZONE,alloc_ptr_local,pres.f90,1842,3,RHOP
L1198,LOCMAT_SOLVER::ULMAT_SOLVE_ZONE,alloc_ptr_local,pres.f90,1842,3,ZM
L1198,LOCMAT_SOLVER::ULMAT_SOLVE_ZONE,alloc_ptr_local,pres.f90,1843,3,RHOP
L1198,LOCMAT_SOLVER::ULMAT_SOLVE_ZONE,dt_alloc_component,pres.f90,1842,1,ZONE_MESH_TYPE%X_H
L1198,LOCMAT_SOLVER::ULMAT_SOLVE_ZONE,reduction_accum,pres.f90,1842,2,SUM_GAUGE(1)
L1198,LOCMAT_SOLVER::ULMAT_SOLVE_ZONE,reduction_accum,pres.f90,1843,2,SUM_GAUGE(2)
L1199,LOCMAT_SOLVER::ULMAT_SOLVE_ZONE,alloc_ptr_local,pres.f90,1859,2,ZM
L1199,LOCMAT_SOLVER::ULMAT_SOLVE_ZONE,alloc_ptr_local,pres.f90,1871,2,ZM
L1199,LOCMAT_SOLVER::ULMAT_SOLVE_ZONE,dt_alloc_component,pres.f90,1849,13,CC_CUTCELL_TYPE%UNKH
L1199,LOCMAT_SOLVER::ULMAT_SOLVE_ZONE,dt_alloc_component,pres.f90,1853,13,CC_CUTCELL_TYPE%RHO
L1199,LOCMAT_SOLVER::ULMAT_SOLVE_ZONE,dt_alloc_component,pres.f90,1855,13,CC_CUTCELL_TYPE%RHOS
L1199,LOCMAT_SOLVER::ULMAT_SOLVE_ZONE,dt_alloc_component,pres.f90,1857,13,CC_CUTCELL_TYPE%VOLUME
L1199,LOCMAT_SOLVER::ULMAT_SOLVE_ZONE,reduction_accum,pres.f90,1859,4,SUM_GAUGE(1)
L1199,LOCMAT_SOLVER::ULMAT_SOLVE_ZONE,reduction_accum,pres.f90,1860,4,SUM_GAUGE(2)
L1199,LOCMAT_SOLVER::ULMAT_SOLVE_ZONE,reduction_accum,pres.f90,1871,4,SUM_GAUGE(1)
L1199,LOCMAT_SOLVER::ULMAT_SOLVE_ZONE,reduction_accum,pres.f90,1872,4,SUM_GAUGE(2)
L1201,LOCMAT_SOLVER::ULMAT_SOLVE_ZONE,alloc_ptr_local,pres.f90,1900,4,ZM
L1201,LOCMAT_SOLVER::ULMAT_SOLVE_ZONE,alloc_ptr_local,pres.f90,1903,4,ZM
L1201,LOCMAT_SOLVER::ULMAT_SOLVE_ZONE,alloc_ptr_local,pres.f90,1905,4,HP
L1201,LOCMAT_SOLVER::ULMAT_SOLVE_ZONE,alloc_ptr_local,pres.f90,1905,4,ZM
L1201,LOCMAT_SOLVER::ULMAT_SOLVE_ZONE,dt_alloc_component,pres.f90,1897,10,CC_CUTCELL_TYPE%UNKH
L1201,LOCMAT_SOLVER::ULMAT_SOLVE_ZONE,dt_alloc_component,pres.f90,1900,10,CC_CUTCELL_TYPE%H
L1201,LOCMAT_SOLVER::ULMAT_SOLVE_ZONE,dt_alloc_component,pres.f90,1900,10,ZONE_MESH_TYPE%X_H
L1201,LOCMAT_SOLVER::ULMAT_SOLVE_ZONE,dt_alloc_component,pres.f90,1900,10,CC_CUTCELL_TYPE%UNKH
L1201,LOCMAT_SOLVER::ULMAT_SOLVE_ZONE,write_indirect,pres.f90,1903,1,CUT_CELL(ICC)%H(1:MESHES(NM)%CUT_CELL(ICC)%NCELL)
L1201,LOCMAT_SOLVER::ULMAT_SOLVE_ZONE,write_derived_index,pres.f90,1905,1,"HP(I,J,K)"
L1202,LOCMAT_SOLVER::ULMAT_SOLVE_ZONE,alloc_ptr_local,pres.f90,1913,4,ZM
L1202,LOCMAT_SOLVER::ULMAT_SOLVE_ZONE,alloc_ptr_local,pres.f90,1916,4,ZM
L1202,LOCMAT_SOLVER::ULMAT_SOLVE_ZONE,alloc_ptr_local,pres.f90,1918,4,HP
L1202,LOCMAT_SOLVER::ULMAT_SOLVE_ZONE,alloc_ptr_local,pres.f90,1918,4,ZM
L1202,LOCMAT_SOLVER::ULMAT_SOLVE_ZONE,dt_alloc_component,pres.f90,1910,10,CC_CUTCELL_TYPE%UNKH
L1202,LOCMAT_SOLVER::ULMAT_SOLVE_ZONE,dt_alloc_component,pres.f90,1913,10,CC_CUTCELL_TYPE%HS
L1202,LOCMAT_SOLVER::ULMAT_SOLVE_ZONE,dt_alloc_component,pres.f90,1913,10,ZONE_MESH_TYPE%X_H
L1202,LOCMAT_SOLVER::ULMAT_SOLVE_ZONE,dt_alloc_component,pres.f90,1913,10,CC_CUTCELL_TYPE%UNKH
L1202,LOCMAT_SOLVER::ULMAT_SOLVE_ZONE,write_indirect,pres.f90,1916,1,CUT_CELL(ICC)%HS(1:MESHES(NM)%CUT_CELL(ICC)%NCELL)
L1202,LOCMAT_SOLVER::ULMAT_SOLVE_ZONE,write_derived_index,pres.f90,1918,1,"HP(I,J,K)"
L1203,LOCMAT_SOLVER::ULMAT_SOLVE_ZONE,alloc_ptr_local,pres.f90,1924,2,HP
L1203,LOCMAT_SOLVER::ULMAT_SOLVE_ZONE,alloc_ptr_local,pres.f90,1924,2,HP
L1204,LOCMAT_SOLVER::ULMAT_SOLVE_ZONE,alloc_ptr_local,pres.f90,1932,54,WC
L1204,LOCMAT_SOLVER::ULMAT_SOLVE_ZONE,alloc_ptr_local,pres.f90,1933,54,EWC
L1204,LOCMAT_SOLVER::ULMAT_SOLVE_ZONE,alloc_ptr_local,pres.f90,1934,54,BC
L1204,LOCMAT_SOLVER::ULMAT_SOLVE_ZONE,alloc_ptr_local,pres.f90,1934,54,WC
L1204,LOCMAT_SOLVER::ULMAT_SOLVE_ZONE,write_derived_index,pres.f90,1944,18,"HP(I,J,K)"
L1204,LOCMAT_SOLVER::ULMAT_SOLVE_ZONE,write_derived_index,pres.f90,1946,18,"HP(I,J,K)"
L1204,LOCMAT_SOLVER::ULMAT_SOLVE_ZONE,write_derived_index,pres.f90,1948,18,"HP(I,J,K)"
L1204,LOCMAT_SOLVER::ULMAT_SOLVE_ZONE,write_derived_index,pres.f90,1950,18,"HP(I,J,K)"
L1204,LOCMAT_SOLVER::ULMAT_SOLVE_ZONE,pointer_reassign,pres.f90,1932,3,WC
L1204,LOCMAT_SOLVER::ULMAT_SOLVE_ZONE,pointer_reassign,pres.f90,1933,3,EWC
L1204,LOCMAT_SOLVER::ULMAT_SOLVE_ZONE,pointer_reassign,pres.f90,1934,3,BC
L1205,PRES::COMPUTE_VELOCITY_ERROR,alloc_ptr_local,pres.f90,841,107,WC
L1205,PRES::COMPUTE_VELOCITY_ERROR,alloc_ptr_local,pres.f90,843,107,WC
L1205,PRES::COMPUTE_VELOCITY_ERROR,alloc_ptr_local,pres.f90,843,107,WC
L1205,PRES::COMPUTE_VELOCITY_ERROR,alloc_ptr_local,pres.f90,846,107,WC
L1205,PRES::COMPUTE_VELOCITY_ERROR,dt_alloc_component,pres.f90,927,66,OMESH_TYPE%FVX
L1205,PRES::COMPUTE_VELOCITY_ERROR,dt_alloc_component,pres.f90,927,66,MESH_TYPE%RDXN
L1205,PRES::COMPUTE_VELOCITY_ERROR,dt_alloc_component,pres.f90,927,66,OMESH_TYPE%H
L1205,PRES::COMPUTE_VELOCITY_ERROR,dt_alloc_component,pres.f90,927,66,OMESH_TYPE%H
L1205,PRES::COMPUTE_VELOCITY_ERROR,write_derived_index,pres.f90,1061,7,"VELOCITY_ERROR_MAX_LOC(1,NM)"
L1205,PRES::COMPUTE_VELOCITY_ERROR,write_derived_index,pres.f90,1062,7,"VELOCITY_ERROR_MAX_LOC(2,NM)"
L1205,PRES::COMPUTE_VELOCITY_ERROR,write_derived_index,pres.f90,1063,7,"VELOCITY_ERROR_MAX_LOC(3,NM)"
L1205,PRES::COMPUTE_VELOCITY_ERROR,write_derived_index,pres.f90,1065,7,"VELOCITY_ERROR_MAX_LOC(1,NM)"
L1205,PRES::COMPUTE_VELOCITY_ERROR,reduction_intrinsic,pres.f90,862,1,ANY
L1205,PRES::COMPUTE_VELOCITY_ERROR,pointer_reassign,pres.f90,841,7,WC
L1205,PRES::COMPUTE_VELOCITY_ERROR,pointer_reassign,pres.f90,847,7,EWC
L1205,PRES::COMPUTE_VELOCITY_ERROR,pointer_reassign,pres.f90,849,7,OM
L1205,PRES::COMPUTE_VELOCITY_ERROR,pointer_reassign,pres.f90,850,7,M2
L1206,PRES::PRESSURE_SOLVER_CHECK_RESIDUALS,alloc_ptr_local,pres.f90,736,13,HP
L1206,PRES::PRESSURE_SOLVER_CHECK_RESIDUALS,alloc_ptr_local,pres.f90,736,13,HP
L1206,PRES::PRESSURE_SOLVER_CHECK_RESIDUALS,alloc_ptr_local,pres.f90,736,13,HP
L1206,PRES::PRESSURE_SOLVER_CHECK_RESIDUALS,alloc_ptr_local,pres.f90,736,13,HP
L1207,PRES::PRESSURE_SOLVER_CHECK_RESIDUALS,alloc_ptr_local,pres.f90,761,3,P
L1207,PRES::PRESSURE_SOLVER_CHECK_RESIDUALS,alloc_ptr_local,pres.f90,761,3,RHOP
L1207,PRES::PRESSURE_SOLVER_CHECK_RESIDUALS,alloc_ptr_local,pres.f90,761,3,HP
L1208,PRES::PRESSURE_SOLVER_CHECK_RESIDUALS,alloc_ptr_local,pres.f90,775,25,P
L1208,PRES::PRESSURE_SOLVER_CHECK_RESIDUALS,alloc_ptr_local,pres.f90,775,25,P
L1208,PRES::PRESSURE_SOLVER_CHECK_RESIDUALS,alloc_ptr_local,pres.f90,775,25,RHOP
L1208,PRES::PRESSURE_SOLVER_CHECK_RESIDUALS,alloc_ptr_local,pres.f90,775,25,RHOP
L1209,PRES::PRESSURE_SOLVER_COMPUTE_RHS,alloc_ptr_local,pres.f90,67,94,WC
L1209,PRES::PRESSURE_SOLVER_COMPUTE_RHS,alloc_ptr_local,pres.f90,68,94,EWC
L1209,PRES::PRESSURE_SOLVER_COMPUTE_RHS,alloc_ptr_local,pres.f90,69,94,BC
L1209,PRES::PRESSURE_SOLVER_COMPUTE_RHS,alloc_ptr_local,pres.f90,69,94,WC
L1209,PRES::PRESSURE_SOLVER_COMPUTE_RHS,dt_alloc_component,pres.f90,124,9,MESH_TYPE%DX
L1209,PRES::PRESSURE_SOLVER_COMPUTE_RHS,dt_alloc_component,pres.f90,127,9,MESH_TYPE%DX
L1209,PRES::PRESSURE_SOLVER_COMPUTE_RHS,dt_alloc_component,pres.f90,130,9,MESH_TYPE%DY
L1209,PRES::PRESSURE_SOLVER_COMPUTE_RHS,dt_alloc_component,pres.f90,133,9,MESH_TYPE%DY
L1209,PRES::PRESSURE_SOLVER_COMPUTE_RHS,write_derived_index,pres.f90,81,30,"BXS(J,K)"
L1209,PRES::PRESSURE_SOLVER_COMPUTE_RHS,write_derived_index,pres.f90,83,30,"BXF(J,K)"
L1209,PRES::PRESSURE_SOLVER_COMPUTE_RHS,write_derived_index,pres.f90,85,30,"BYS(I,K)"
L1209,PRES::PRESSURE_SOLVER_COMPUTE_RHS,write_derived_index,pres.f90,87,30,"BYF(I,K)"
L1209,PRES::PRESSURE_SOLVER_COMPUTE_RHS,pointer_reassign,pres.f90,67,5,WC
L1209,PRES::PRESSURE_SOLVER_COMPUTE_RHS,pointer_reassign,pres.f90,68,5,EWC
L1209,PRES::PRESSURE_SOLVER_COMPUTE_RHS,pointer_reassign,pres.f90,69,5,BC
L1209,PRES::PRESSURE_SOLVER_COMPUTE_RHS,pointer_reassign,pres.f90,149,5,B1
L1215,PRES::PRESSURE_SOLVER_FFT,alloc_ptr_local,pres.f90,397,1,HP
L1216,PRES::PRESSURE_SOLVER_FFT,alloc_ptr_local,pres.f90,407,1,HP
L1217,PRES::PRESSURE_SOLVER_FFT,alloc_ptr_local,pres.f90,417,1,HP
L1218,PRES::PRESSURE_SOLVER_FFT,alloc_ptr_local,pres.f90,427,1,HP
L1219,PRES::PRESSURE_SOLVER_FFT,alloc_ptr_local,pres.f90,439,2,HP
L1219,PRES::PRESSURE_SOLVER_FFT,alloc_ptr_local,pres.f90,439,2,HP
L1220,PRES::PRESSURE_SOLVER_FFT,alloc_ptr_local,pres.f90,452,14,HP
L1220,PRES::PRESSURE_SOLVER_FFT,alloc_ptr_local,pres.f90,452,14,HP
L1220,PRES::PRESSURE_SOLVER_FFT,alloc_ptr_local,pres.f90,453,14,HP
L1220,PRES::PRESSURE_SOLVER_FFT,alloc_ptr_local,pres.f90,453,14,HP
L1221,PRES::PRESSURE_SOLVER_FFT,alloc_ptr_local,pres.f90,468,12,HP
L1221,PRES::PRESSURE_SOLVER_FFT,alloc_ptr_local,pres.f90,468,12,HP
L1221,PRES::PRESSURE_SOLVER_FFT,alloc_ptr_local,pres.f90,469,12,HP
L1221,PRES::PRESSURE_SOLVER_FFT,alloc_ptr_local,pres.f90,469,12,HP
L1222,PRES::PRESSURE_SOLVER_FFT,alloc_ptr_local,pres.f90,483,12,HP
L1222,PRES::PRESSURE_SOLVER_FFT,alloc_ptr_local,pres.f90,483,12,HP
L1222,PRES::PRESSURE_SOLVER_FFT,alloc_ptr_local,pres.f90,484,12,HP
L1222,PRES::PRESSURE_SOLVER_FFT,alloc_ptr_local,pres.f90,484,12,HP
L1223,PRES::TUNNEL_POISSON_SOLVER,alloc_ptr_local,pres.f90,531,6,M
L1223,PRES::TUNNEL_POISSON_SOLVER,alloc_ptr_local,pres.f90,532,6,M
L1223,PRES::TUNNEL_POISSON_SOLVER,alloc_ptr_local,pres.f90,533,6,M
L1223,PRES::TUNNEL_POISSON_SOLVER,alloc_ptr_local,pres.f90,534,6,M
L1223,PRES::TUNNEL_POISSON_SOLVER,dt_alloc_component,pres.f90,534,3,MESH_TYPE%CELL
L1223,PRES::TUNNEL_POISSON_SOLVER,dt_alloc_component,pres.f90,534,3,MESH_TYPE%CELL_INDEX
L1223,PRES::TUNNEL_POISSON_SOLVER,dt_alloc_component,pres.f90,534,3,MESH_TYPE%PRHS
L1224,PRES::TUNNEL_POISSON_SOLVER,alloc_ptr_local,pres.f90,544,48,M
L1224,PRES::TUNNEL_POISSON_SOLVER,alloc_ptr_local,pres.f90,547,48,M
L1224,PRES::TUNNEL_POISSON_SOLVER,alloc_ptr_local,pres.f90,548,48,M
L1224,PRES::TUNNEL_POISSON_SOLVER,alloc_ptr_local,pres.f90,549,48,M
L1224,PRES::TUNNEL_POISSON_SOLVER,dt_alloc_component,pres.f90,550,23,MESH_TYPE%PRHS
L1224,PRES::TUNNEL_POISSON_SOLVER,dt_alloc_component,pres.f90,550,23,MESH_TYPE%DY
L1224,PRES::TUNNEL_POISSON_SOLVER,dt_alloc_component,pres.f90,550,23,MESH_TYPE%DZ
L1224,PRES::TUNNEL_POISSON_SOLVER,dt_alloc_component,pres.f90,551,23,MESH_TYPE%PRHS
L1224,PRES::TUNNEL_POISSON_SOLVER,write_derived_index,pres.f90,546,13,TP_CC(II)
L1224,PRES::TUNNEL_POISSON_SOLVER,write_derived_index,pres.f90,550,13,TP_CC(II)
L1224,PRES::TUNNEL_POISSON_SOLVER,write_derived_index,pres.f90,551,13,TP_CC(II)
L1224,PRES::TUNNEL_POISSON_SOLVER,write_derived_index,pres.f90,552,13,TP_CC(II)
L1225,PRES::TUNNEL_POISSON_SOLVER,alloc_ptr_local,pres.f90,576,13,M
L1225,PRES::TUNNEL_POISSON_SOLVER,alloc_ptr_local,pres.f90,577,13,M
L1225,PRES::TUNNEL_POISSON_SOLVER,alloc_ptr_local,pres.f90,578,13,M
L1225,PRES::TUNNEL_POISSON_SOLVER,alloc_ptr_local,pres.f90,578,13,M
L1225,PRES::TUNNEL_POISSON_SOLVER,dt_alloc_component,pres.f90,578,9,MESH_TYPE%CELL
L1225,PRES::TUNNEL_POISSON_SOLVER,dt_alloc_component,pres.f90,578,9,MESH_TYPE%CELL_INDEX
L1225,PRES::TUNNEL_POISSON_SOLVER,dt_alloc_component,pres.f90,578,9,MESH_TYPE%CELL
L1225,PRES::TUNNEL_POISSON_SOLVER,dt_alloc_component,pres.f90,578,9,MESH_TYPE%CELL_INDEX
L1225,PRES::TUNNEL_POISSON_SOLVER,reduction_accum,pres.f90,579,2,M%BXS_BAR
L1225,PRES::TUNNEL_POISSON_SOLVER,reduction_accum,pres.f90,580,2,SECTION_AREA_XS = SECTION_AREA_XS ...
L1226,PRES::TUNNEL_POISSON_SOLVER,alloc_ptr_local,pres.f90,583,15,M
L1226,PRES::TUNNEL_POISSON_SOLVER,alloc_ptr_local,pres.f90,584,15,M
L1226,PRES::TUNNEL_POISSON_SOLVER,alloc_ptr_local,pres.f90,585,15,M
L1226,PRES::TUNNEL_POISSON_SOLVER,alloc_ptr_local,pres.f90,585,15,M
L1226,PRES::TUNNEL_POISSON_SOLVER,dt_alloc_component,pres.f90,585,9,MESH_TYPE%CELL
L1226,PRES::TUNNEL_POISSON_SOLVER,dt_alloc_component,pres.f90,585,9,MESH_TYPE%CELL_INDEX
L1226,PRES::TUNNEL_POISSON_SOLVER,dt_alloc_component,pres.f90,585,9,MESH_TYPE%CELL
L1226,PRES::TUNNEL_POISSON_SOLVER,dt_alloc_component,pres.f90,585,9,MESH_TYPE%CELL_INDEX
L1226,PRES::TUNNEL_POISSON_SOLVER,reduction_accum,pres.f90,586,2,M%BXF_BAR
L1226,PRES::TUNNEL_POISSON_SOLVER,reduction_accum,pres.f90,587,2,SECTION_AREA_XF = SECTION_AREA_XF ...
L1227,PRES::TUNNEL_POISSON_SOLVER,alloc_ptr_local,pres.f90,591,12,M
L1227,PRES::TUNNEL_POISSON_SOLVER,alloc_ptr_local,pres.f90,592,12,M
L1227,PRES::TUNNEL_POISSON_SOLVER,alloc_ptr_local,pres.f90,593,12,M
L1227,PRES::TUNNEL_POISSON_SOLVER,alloc_ptr_local,pres.f90,593,12,M
L1227,PRES::TUNNEL_POISSON_SOLVER,dt_alloc_component,pres.f90,593,6,MESH_TYPE%BXS
L1227,PRES::TUNNEL_POISSON_SOLVER,dt_alloc_component,pres.f90,593,6,MESH_TYPE%DY
L1227,PRES::TUNNEL_POISSON_SOLVER,dt_alloc_component,pres.f90,593,6,MESH_TYPE%DZ
L1227,PRES::TUNNEL_POISSON_SOLVER,dt_alloc_component,pres.f90,594,6,MESH_TYPE%BXF
L1227,PRES::TUNNEL_POISSON_SOLVER,reduction_accum,pres.f90,593,2,M%BXS_BAR
L1227,PRES::TUNNEL_POISSON_SOLVER,reduction_accum,pres.f90,594,2,M%BXF_BAR
L1238,RAD::COMPUTE_RADIATION::ADD_VOLUMETRIC_HEAT_SOURCE,alloc_ptr_local,radi.f90,5102,26,IN
L1238,RAD::COMPUTE_RADIATION::ADD_VOLUMETRIC_HEAT_SOURCE,alloc_ptr_local,radi.f90,5103,26,IN
L1238,RAD::COMPUTE_RADIATION::ADD_VOLUMETRIC_HEAT_SOURCE,alloc_ptr_local,radi.f90,5105,26,IN
L1238,RAD::COMPUTE_RADIATION::ADD_VOLUMETRIC_HEAT_SOURCE,alloc_ptr_local,radi.f90,5105,26,IN
L1238,RAD::COMPUTE_RADIATION::ADD_VOLUMETRIC_HEAT_SOURCE,dt_alloc_component,radi.f90,5119,6,INITIALIZATION_TYPE%VOLUME_ADJUST
L1238,RAD::COMPUTE_RADIATION::ADD_VOLUMETRIC_HEAT_SOURCE,dt_alloc_component,radi.f90,5120,6,INITIALIZATION_TYPE%VOLUME_ADJUST
L1238,RAD::COMPUTE_RADIATION::ADD_VOLUMETRIC_HEAT_SOURCE,dt_alloc_component,radi.f90,5122,6,INITIALIZATION_TYPE%VOLUME_ADJUST
L1238,RAD::COMPUTE_RADIATION::ADD_VOLUMETRIC_HEAT_SOURCE,dt_alloc_component,radi.f90,5124,6,INITIALIZATION_TYPE%VOLUME_ADJUST
L1238,RAD::COMPUTE_RADIATION::ADD_VOLUMETRIC_HEAT_SOURCE,exit_out_of_nest,radi.f90,5129,1,EXIT CC_IBM_IF
L1238,RAD::COMPUTE_RADIATION::ADD_VOLUMETRIC_HEAT_SOURCE,write_derived_index,radi.f90,5133,1,CUT_CELL(ICC)%Q(JCC)
L1238,RAD::COMPUTE_RADIATION::ADD_VOLUMETRIC_HEAT_SOURCE,reduction_accum,radi.f90,5119,4,"Q(I,J,K)"
L1238,RAD::COMPUTE_RADIATION::ADD_VOLUMETRIC_HEAT_SOURCE,reduction_accum,radi.f90,5120,4,"KFST4_GAS(I,J,K)"
L1238,RAD::COMPUTE_RADIATION::ADD_VOLUMETRIC_HEAT_SOURCE,reduction_accum,radi.f90,5122,4,"Q(I,J,K)"
L1238,RAD::COMPUTE_RADIATION::ADD_VOLUMETRIC_HEAT_SOURCE,reduction_accum,radi.f90,5124,4,"Q(I,J,K)"
L1238,RAD::COMPUTE_RADIATION::ADD_VOLUMETRIC_HEAT_SOURCE,pointer_reassign,radi.f90,5102,1,IN
L1239,RAD::COMPUTE_RADIATION::RADIATION_FVM,alloc_ptr_local,radi.f90,3887,8,WC
L1239,RAD::COMPUTE_RADIATION::RADIATION_FVM,alloc_ptr_local,radi.f90,3888,8,WC
L1239,RAD::COMPUTE_RADIATION::RADIATION_FVM,alloc_ptr_local,radi.f90,3888,8,WC
L1239,RAD::COMPUTE_RADIATION::RADIATION_FVM,alloc_ptr_local,radi.f90,3889,8,B1
L1239,RAD::COMPUTE_RADIATION::RADIATION_FVM,pointer_reassign,radi.f90,3887,3,WC
L1239,RAD::COMPUTE_RADIATION::RADIATION_FVM,pointer_reassign,radi.f90,3889,3,B1
L1239,RAD::COMPUTE_RADIATION::RADIATION_FVM,pointer_reassign,radi.f90,3890,3,SF
L1240,RAD::COMPUTE_RADIATION::RADIATION_FVM,alloc_ptr_local,radi.f90,3894,10,LP
L1240,RAD::COMPUTE_RADIATION::RADIATION_FVM,alloc_ptr_local,radi.f90,3895,10,LP
L1240,RAD::COMPUTE_RADIATION::RADIATION_FVM,alloc_ptr_local,radi.f90,3896,10,LPC
L1240,RAD::COMPUTE_RADIATION::RADIATION_FVM,alloc_ptr_local,radi.f90,3896,10,LP
L1240,RAD::COMPUTE_RADIATION::RADIATION_FVM,pointer_reassign,radi.f90,3894,4,LP
L1240,RAD::COMPUTE_RADIATION::RADIATION_FVM,pointer_reassign,radi.f90,3896,4,LPC
L1240,RAD::COMPUTE_RADIATION::RADIATION_FVM,pointer_reassign,radi.f90,3897,4,B1
L1240,RAD::COMPUTE_RADIATION::RADIATION_FVM,pointer_reassign,radi.f90,3898,4,SF
L1241,RAD::COMPUTE_RADIATION::RADIATION_FVM,alloc_ptr_local,radi.f90,3902,8,CFA
L1241,RAD::COMPUTE_RADIATION::RADIATION_FVM,alloc_ptr_local,radi.f90,3903,8,CFA
L1241,RAD::COMPUTE_RADIATION::RADIATION_FVM,alloc_ptr_local,radi.f90,3904,8,B1
L1241,RAD::COMPUTE_RADIATION::RADIATION_FVM,alloc_ptr_local,radi.f90,3904,8,CFA
L1241,RAD::COMPUTE_RADIATION::RADIATION_FVM,pointer_reassign,radi.f90,3902,3,CFA
L1241,RAD::COMPUTE_RADIATION::RADIATION_FVM,pointer_reassign,radi.f90,3904,3,B1
L1241,RAD::COMPUTE_RADIATION::RADIATION_FVM,pointer_reassign,radi.f90,3905,3,SF
L1242,RAD::COMPUTE_RADIATION::RADIATION_FVM,alloc,radi.f90,4002,2,ALLOCATE
L1242,RAD::COMPUTE_RADIATION::RADIATION_FVM,alloc,radi.f90,4017,2,DEALLOCATE
L1242,RAD::COMPUTE_RADIATION::RADIATION_FVM,alloc_ptr_local,radi.f90,3914,462,KAPPA_PART
L1242,RAD::COMPUTE_RADIATION::RADIATION_FVM,alloc_ptr_local,radi.f90,3916,462,KFST4_PART
L1242,RAD::COMPUTE_RADIATION::RADIATION_FVM,alloc_ptr_local,radi.f90,3917,462,SCAEFF
L1242,RAD::COMPUTE_RADIATION::RADIATION_FVM,alloc_ptr_local,radi.f90,3918,462,SCAEFF_G
L1242,RAD::COMPUTE_RADIATION::RADIATION_FVM,dt_alloc_component,radi.f90,3964,93,LAGRANGIAN_PARTICLE_CLASS_TYPE%R50
L1242,RAD::COMPUTE_RADIATION::RADIATION_FVM,dt_alloc_component,radi.f90,3964,93,LAGRANGIAN_PARTICLE_CLASS_TYPE%WQABS
L1242,RAD::COMPUTE_RADIATION::RADIATION_FVM,dt_alloc_component,radi.f90,3967,93,LAGRANGIAN_PARTICLE_CLASS_TYPE%R50
L1242,RAD::COMPUTE_RADIATION::RADIATION_FVM,dt_alloc_component,radi.f90,3967,93,LAGRANGIAN_PARTICLE_CLASS_TYPE%WQSCA
L1242,RAD::COMPUTE_RADIATION::RADIATION_FVM,write_derived_index,radi.f90,3988,34,"KAPPA_PART(IID,JJD,KKD)"
L1242,RAD::COMPUTE_RADIATION::RADIATION_FVM,write_derived_index,radi.f90,3989,34,"KFST4_PART(IID,JJD,KKD)"
L1242,RAD::COMPUTE_RADIATION::RADIATION_FVM,write_derived_index,radi.f90,4287,34,RADIATION_COMPLETED(NM)
L1242,RAD::COMPUTE_RADIATION::RADIATION_FVM,write_derived_index,radi.f90,4338,34,"IL(II,JJ,KK)"
L1242,RAD::COMPUTE_RADIATION::RADIATION_FVM,write_missing_outer_index,radi.f90,4012,14,"KAPPA_GAS(I,J,K)"
L1242,RAD::COMPUTE_RADIATION::RADIATION_FVM,write_missing_outer_index,radi.f90,4037,14,"KFST4_GAS(I,J,K)"
L1242,RAD::COMPUTE_RADIATION::RADIATION_FVM,write_missing_outer_index,radi.f90,4070,14,"KAPPA_GAS(I,J,K)"
L1242,RAD::COMPUTE_RADIATION::RADIATION_FVM,write_missing_outer_index,radi.f90,4073,14,"KFST4_GAS(I,J,K)"
L1242,RAD::COMPUTE_RADIATION::RADIATION_FVM,write_missing_inner_index,radi.f90,4292,2,"UIID(:,:,:,IBND)"
L1242,RAD::COMPUTE_RADIATION::RADIATION_FVM,write_missing_inner_index,radi.f90,4816,2,"UIID(:,:,:,IBND)"
L1242,RAD::COMPUTE_RADIATION::RADIATION_FVM,reduction_accum,radi.f90,3965,23,"KAPPA_PART(I,J,K)"
L1242,RAD::COMPUTE_RADIATION::RADIATION_FVM,reduction_accum,radi.f90,3966,23,"KFST4_PART(I,J,K)"
L1242,RAD::COMPUTE_RADIATION::RADIATION_FVM,reduction_accum,radi.f90,3968,23,"SCAEFF(I,J,K)"
L1242,RAD::COMPUTE_RADIATION::RADIATION_FVM,reduction_accum,radi.f90,4040,23,RAD_Q_SUM = RAD_Q_SUM ...
L1242,RAD::COMPUTE_RADIATION::RADIATION_FVM,reduction_intrinsic,radi.f90,4170,11,ANY
L1242,RAD::COMPUTE_RADIATION::RADIATION_FVM,reduction_intrinsic,radi.f90,4259,11,SUM
L1242,RAD::COMPUTE_RADIATION::RADIATION_FVM,reduction_intrinsic,radi.f90,4269,11,DOT_PRODUCT
L1242,RAD::COMPUTE_RADIATION::RADIATION_FVM,reduction_intrinsic,radi.f90,4373,11,DOT_PRODUCT
L1242,RAD::COMPUTE_RADIATION::RADIATION_FVM,pointer_reassign,radi.f90,3954,63,LPC
L1242,RAD::COMPUTE_RADIATION::RADIATION_FVM,pointer_reassign,radi.f90,3981,63,LP
L1242,RAD::COMPUTE_RADIATION::RADIATION_FVM,pointer_reassign,radi.f90,3982,63,LPC
L1242,RAD::COMPUTE_RADIATION::RADIATION_FVM,pointer_reassign,radi.f90,3984,63,B1
L1242,RAD::COMPUTE_RADIATION::RADIATION_FVM,module_global_write,radi.f90,4040,6,RAD_Q_SUM
L1242,RAD::COMPUTE_RADIATION::RADIATION_FVM,module_global_write,radi.f90,4041,6,KFST4_SUM
L1242,RAD::COMPUTE_RADIATION::RADIATION_FVM,module_global_write,radi.f90,4076,6,RAD_Q_SUM
L1242,RAD::COMPUTE_RADIATION::RADIATION_FVM,module_global_write,radi.f90,4077,6,KFST4_SUM
L1243,RAD::COMPUTE_RADIATION::RADIATION_FVM,alloc_ptr_local,radi.f90,4962,10,WC
L1243,RAD::COMPUTE_RADIATION::RADIATION_FVM,alloc_ptr_local,radi.f90,4963,10,WC
L1243,RAD::COMPUTE_RADIATION::RADIATION_FVM,alloc_ptr_local,radi.f90,4964,10,B1
L1243,RAD::COMPUTE_RADIATION::RADIATION_FVM,alloc_ptr_local,radi.f90,4964,10,WC
L1243,RAD::COMPUTE_RADIATION::RADIATION_FVM,dt_alloc_component,radi.f90,4968,2,BOUNDARY_RADIA_TYPE%BAND
L1243,RAD::COMPUTE_RADIATION::RADIATION_FVM,dt_alloc_component,radi.f90,4968,2,BAND_TYPE%ILW
L1243,RAD::COMPUTE_RADIATION::RADIATION_FVM,reduction_intrinsic,radi.f90,4968,1,SUM
L1243,RAD::COMPUTE_RADIATION::RADIATION_FVM,pointer_reassign,radi.f90,4962,3,WC
L1243,RAD::COMPUTE_RADIATION::RADIATION_FVM,pointer_reassign,radi.f90,4964,3,B1
L1243,RAD::COMPUTE_RADIATION::RADIATION_FVM,pointer_reassign,radi.f90,4965,3,BR
L1244,RAD::COMPUTE_RADIATION::RADIATION_FVM,alloc_ptr_local,radi.f90,4990,38,LP
L1244,RAD::COMPUTE_RADIATION::RADIATION_FVM,alloc_ptr_local,radi.f90,4991,38,LPC
L1244,RAD::COMPUTE_RADIATION::RADIATION_FVM,alloc_ptr_local,radi.f90,4991,38,LP
L1244,RAD::COMPUTE_RADIATION::RADIATION_FVM,alloc_ptr_local,radi.f90,4992,38,LPC
L1244,RAD::COMPUTE_RADIATION::RADIATION_FVM,dt_alloc_component,radi.f90,5002,6,SURFACE_TYPE%RAMP
L1244,RAD::COMPUTE_RADIATION::RADIATION_FVM,dt_alloc_component,radi.f90,5002,6,SURFACE_TYPE%RAMP
L1244,RAD::COMPUTE_RADIATION::RADIATION_FVM,dt_alloc_component,radi.f90,5023,6,BOUNDARY_RADIA_TYPE%BAND
L1244,RAD::COMPUTE_RADIATION::RADIATION_FVM,dt_alloc_component,radi.f90,5023,6,BAND_TYPE%ILW
L1244,RAD::COMPUTE_RADIATION::RADIATION_FVM,reduction_intrinsic,radi.f90,5013,4,ANY
L1244,RAD::COMPUTE_RADIATION::RADIATION_FVM,reduction_intrinsic,radi.f90,5017,4,DOT_PRODUCT
L1244,RAD::COMPUTE_RADIATION::RADIATION_FVM,reduction_intrinsic,radi.f90,5023,4,SUM
L1244,RAD::COMPUTE_RADIATION::RADIATION_FVM,reduction_intrinsic,radi.f90,5025,4,SUM
L1244,RAD::COMPUTE_RADIATION::RADIATION_FVM,pointer_reassign,radi.f90,4990,7,LP
L1244,RAD::COMPUTE_RADIATION::RADIATION_FVM,pointer_reassign,radi.f90,4991,7,LPC
L1244,RAD::COMPUTE_RADIATION::RADIATION_FVM,pointer_reassign,radi.f90,4993,7,SF
L1244,RAD::COMPUTE_RADIATION::RADIATION_FVM,pointer_reassign,radi.f90,4995,7,B1
L1245,RAD::COMPUTE_RADIATION::RADIATION_FVM,io,radi.f90,5046,7,OPEN
L1245,RAD::COMPUTE_RADIATION::RADIATION_FVM,io,radi.f90,5047,7,WRITE
L1245,RAD::COMPUTE_RADIATION::RADIATION_FVM,io,radi.f90,5048,7,WRITE
L1245,RAD::COMPUTE_RADIATION::RADIATION_FVM,io,radi.f90,5049,7,WRITE
L1245,RAD::COMPUTE_RADIATION::RADIATION_FVM,alloc_ptr_local,radi.f90,5045,11,RF
L1245,RAD::COMPUTE_RADIATION::RADIATION_FVM,alloc_ptr_local,radi.f90,5051,11,RF
L1245,RAD::COMPUTE_RADIATION::RADIATION_FVM,alloc_ptr_local,radi.f90,5051,11,RF
L1245,RAD::COMPUTE_RADIATION::RADIATION_FVM,alloc_ptr_local,radi.f90,5051,11,RF
L1245,RAD::COMPUTE_RADIATION::RADIATION_FVM,dt_alloc_component,radi.f90,5054,1,RAD_FILE_TYPE%IL_SAVE
L1245,RAD::COMPUTE_RADIATION::RADIATION_FVM,string_op,radi.f90,5046,3,FN_RADF
L1245,RAD::COMPUTE_RADIATION::RADIATION_FVM,string_op,radi.f90,5050,3,FORMT
L1245,RAD::COMPUTE_RADIATION::RADIATION_FVM,string_op,radi.f90,5054,3,FORMT
L1245,RAD::COMPUTE_RADIATION::RADIATION_FVM,pointer_reassign,radi.f90,5045,1,RF
L1248,RAD::INTERPOLATE_IL,alloc_ptr_local,radi.f90,3652,9,WC
L1248,RAD::INTERPOLATE_IL,alloc_ptr_local,radi.f90,3653,9,BR
L1248,RAD::INTERPOLATE_IL,alloc_ptr_local,radi.f90,3653,9,WC
L1248,RAD::INTERPOLATE_IL,alloc_ptr_local,radi.f90,3655,9,BR
L1248,RAD::INTERPOLATE_IL,dt_alloc_component,radi.f90,3655,12,BOUNDARY_RADIA_TYPE%BAND
L1248,RAD::INTERPOLATE_IL,dt_alloc_component,radi.f90,3655,12,BAND_TYPE%ILW
L1248,RAD::INTERPOLATE_IL,dt_alloc_component,radi.f90,3656,12,BOUNDARY_RADIA_TYPE%BAND
L1248,RAD::INTERPOLATE_IL,dt_alloc_component,radi.f90,3656,12,BAND_TYPE%ILW
L1248,RAD::INTERPOLATE_IL,pointer_reassign,radi.f90,3652,2,WC
L1248,RAD::INTERPOLATE_IL,pointer_reassign,radi.f90,3653,2,BR
L1249,RAD::INTERPOLATE_IL,alloc_ptr_local,radi.f90,3666,9,CFA
L1249,RAD::INTERPOLATE_IL,alloc_ptr_local,radi.f90,3667,9,BR
L1249,RAD::INTERPOLATE_IL,alloc_ptr_local,radi.f90,3667,9,CFA
L1249,RAD::INTERPOLATE_IL,alloc_ptr_local,radi.f90,3669,9,BR
L1249,RAD::INTERPOLATE_IL,dt_alloc_component,radi.f90,3669,12,BOUNDARY_RADIA_TYPE%BAND
L1249,RAD::INTERPOLATE_IL,dt_alloc_component,radi.f90,3669,12,BAND_TYPE%ILW
L1249,RAD::INTERPOLATE_IL,dt_alloc_component,radi.f90,3670,12,BOUNDARY_RADIA_TYPE%BAND
L1249,RAD::INTERPOLATE_IL,dt_alloc_component,radi.f90,3670,12,BAND_TYPE%ILW
L1249,RAD::INTERPOLATE_IL,pointer_reassign,radi.f90,3666,2,CFA
L1249,RAD::INTERPOLATE_IL,pointer_reassign,radi.f90,3667,2,BR
L1250,RAD::INTERPOLATE_IL,alloc_ptr_local,radi.f90,3680,14,LP
L1250,RAD::INTERPOLATE_IL,alloc_ptr_local,radi.f90,3681,14,LPC
L1250,RAD::INTERPOLATE_IL,alloc_ptr_local,radi.f90,3681,14,LP
L1250,RAD::INTERPOLATE_IL,alloc_ptr_local,radi.f90,3682,14,LPC
L1250,RAD::INTERPOLATE_IL,dt_alloc_component,radi.f90,3686,12,BOUNDARY_RADIA_TYPE%BAND
L1250,RAD::INTERPOLATE_IL,dt_alloc_component,radi.f90,3686,12,BAND_TYPE%ILW
L1250,RAD::INTERPOLATE_IL,dt_alloc_component,radi.f90,3687,12,BOUNDARY_RADIA_TYPE%BAND
L1250,RAD::INTERPOLATE_IL,dt_alloc_component,radi.f90,3687,12,BAND_TYPE%ILW
L1250,RAD::INTERPOLATE_IL,pointer_reassign,radi.f90,3680,3,LP
L1250,RAD::INTERPOLATE_IL,pointer_reassign,radi.f90,3681,3,LPC
L1250,RAD::INTERPOLATE_IL,pointer_reassign,radi.f90,3684,3,BR
L1270,SOOT_ROUTINES::CALC_AGGLOMERATION,write_indirect,soot.f90,286,4,N0(1:N_PARTICLE_BINS(NS))
L1270,SOOT_ROUTINES::CALC_AGGLOMERATION,write_indirect,soot.f90,368,4,"N2(BIN_ETA_INDEX(NS,N,NN,1))"
L1270,SOOT_ROUTINES::CALC_AGGLOMERATION,write_indirect,soot.f90,369,4,"N2(BIN_ETA_INDEX(NS,N,NN,2))"
L1270,SOOT_ROUTINES::CALC_AGGLOMERATION,write_indirect,soot.f90,385,4,"ZZ(I,J,K,AGGLOMERATION_SMIX_INDEX(NS):AGGLOMERATION_SMIX_IND"
L1270,SOOT_ROUTINES::CALC_AGGLOMERATION,reduction_accum,soot.f90,288,1,N0 = N0 ...
L1270,SOOT_ROUTINES::CALC_AGGLOMERATION,reduction_intrinsic,soot.f90,289,4,ALL
L1270,SOOT_ROUTINES::CALC_AGGLOMERATION,reduction_intrinsic,soot.f90,375,4,MAXVAL
L1270,SOOT_ROUTINES::CALC_AGGLOMERATION,reduction_intrinsic,soot.f90,384,4,SUM
L1270,SOOT_ROUTINES::CALC_AGGLOMERATION,reduction_intrinsic,soot.f90,384,4,SUM
L1270,SOOT_ROUTINES::CALC_AGGLOMERATION,while_loop,soot.f90,356,1,while loop inside candidate nest
L1272,SOOT_ROUTINES::SETTLING_VELOCITY,alloc_ptr_local,soot.f90,56,39,U_SETTLE
L1272,SOOT_ROUTINES::SETTLING_VELOCITY,alloc_ptr_local,soot.f90,57,39,V_SETTLE
L1272,SOOT_ROUTINES::SETTLING_VELOCITY,alloc_ptr_local,soot.f90,58,39,W_SETTLE
L1272,SOOT_ROUTINES::SETTLING_VELOCITY,alloc_ptr_local,soot.f90,65,39,ZZP
L1272,SOOT_ROUTINES::SETTLING_VELOCITY,write_derived_index,soot.f90,148,6,"U_SETTLE(IIG,JJG,KKG)"
L1272,SOOT_ROUTINES::SETTLING_VELOCITY,write_derived_index,soot.f90,150,6,"U_SETTLE(IIG-1,JJG,KKG)"
L1272,SOOT_ROUTINES::SETTLING_VELOCITY,write_derived_index,soot.f90,152,6,"V_SETTLE(IIG,JJG,KKG)"
L1272,SOOT_ROUTINES::SETTLING_VELOCITY,write_derived_index,soot.f90,154,6,"V_SETTLE(IIG,JJG-1,KKG)"
L1272,SOOT_ROUTINES::SETTLING_VELOCITY,reduction_accum,soot.f90,77,6,"U_SETTLE(I,J,K)"
L1272,SOOT_ROUTINES::SETTLING_VELOCITY,reduction_accum,soot.f90,84,6,"U_SETTLE(I,J,K)"
L1272,SOOT_ROUTINES::SETTLING_VELOCITY,reduction_accum,soot.f90,99,6,"V_SETTLE(I,J,K)"
L1272,SOOT_ROUTINES::SETTLING_VELOCITY,reduction_accum,soot.f90,106,6,"V_SETTLE(I,J,K)"
L1272,SOOT_ROUTINES::SETTLING_VELOCITY,pointer_reassign,soot.f90,137,2,WC
L1272,SOOT_ROUTINES::SETTLING_VELOCITY,pointer_reassign,soot.f90,138,2,BC
L1273,SOOT_ROUTINES::SOOT_SURFACE_OXIDATION,alloc_ptr_local,soot.f90,417,10,SS
L1273,SOOT_ROUTINES::SOOT_SURFACE_OXIDATION,alloc_ptr_local,soot.f90,418,10,SS
L1273,SOOT_ROUTINES::SOOT_SURFACE_OXIDATION,alloc_ptr_local,soot.f90,438,10,SS
L1273,SOOT_ROUTINES::SOOT_SURFACE_OXIDATION,alloc_ptr_local,soot.f90,442,10,SM
L1273,SOOT_ROUTINES::SOOT_SURFACE_OXIDATION,dt_alloc_component,soot.f90,417,7,BOUNDARY_PROP1_TYPE%AWM_AEROSOL
L1273,SOOT_ROUTINES::SOOT_SURFACE_OXIDATION,dt_alloc_component,soot.f90,418,7,BOUNDARY_PROP1_TYPE%AWM_AEROSOL
L1273,SOOT_ROUTINES::SOOT_SURFACE_OXIDATION,dt_alloc_component,soot.f90,443,7,BOUNDARY_PROP1_TYPE%AWM_AEROSOL
L1273,SOOT_ROUTINES::SOOT_SURFACE_OXIDATION,dt_alloc_component,soot.f90,443,7,BOUNDARY_PROP1_TYPE%AWM_AEROSOL
L1273,SOOT_ROUTINES::SOOT_SURFACE_OXIDATION,write_derived_index,soot.f90,435,4,"Q(IIG,JJG,KKG)"
L1273,SOOT_ROUTINES::SOOT_SURFACE_OXIDATION,write_derived_index,soot.f90,462,4,"D_SOURCE(IIG,JJG,KKG)"
L1273,SOOT_ROUTINES::SOOT_SURFACE_OXIDATION,write_derived_index,soot.f90,467,4,"D_SOURCE(IIG,JJG,KKG)"
L1273,SOOT_ROUTINES::SOOT_SURFACE_OXIDATION,write_derived_index,soot.f90,468,4,"M_DOT_PPP(IIG,JJG,KKG,NS)"
L1273,SOOT_ROUTINES::SOOT_SURFACE_OXIDATION,reduction_intrinsic,soot.f90,432,2,MINVAL
L1273,SOOT_ROUTINES::SOOT_SURFACE_OXIDATION,reduction_intrinsic,soot.f90,435,2,SUM
L1273,SOOT_ROUTINES::SOOT_SURFACE_OXIDATION,save_var,soot.f90,430,2,A
L1273,SOOT_ROUTINES::SOOT_SURFACE_OXIDATION,save_var,soot.f90,430,2,E
L1273,SOOT_ROUTINES::SOOT_SURFACE_OXIDATION,pointer_reassign,soot.f90,413,4,WC
L1273,SOOT_ROUTINES::SOOT_SURFACE_OXIDATION,pointer_reassign,soot.f90,414,4,B1
L1273,SOOT_ROUTINES::SOOT_SURFACE_OXIDATION,pointer_reassign,soot.f90,415,4,BC
L1273,SOOT_ROUTINES::SOOT_SURFACE_OXIDATION,pointer_reassign,soot.f90,442,4,SM
L1274,SOOT_ROUTINES::SOOT_SURFACE_OXIDATION,alloc_ptr_local,soot.f90,479,10,SS
L1274,SOOT_ROUTINES::SOOT_SURFACE_OXIDATION,alloc_ptr_local,soot.f90,480,10,SS
L1274,SOOT_ROUTINES::SOOT_SURFACE_OXIDATION,alloc_ptr_local,soot.f90,500,10,SS
L1274,SOOT_ROUTINES::SOOT_SURFACE_OXIDATION,alloc_ptr_local,soot.f90,504,10,SM
L1274,SOOT_ROUTINES::SOOT_SURFACE_OXIDATION,dt_alloc_component,soot.f90,479,8,BOUNDARY_PROP1_TYPE%AWM_AEROSOL
L1274,SOOT_ROUTINES::SOOT_SURFACE_OXIDATION,dt_alloc_component,soot.f90,480,8,BOUNDARY_PROP1_TYPE%AWM_AEROSOL
L1274,SOOT_ROUTINES::SOOT_SURFACE_OXIDATION,dt_alloc_component,soot.f90,486,8,BOUNDARY_PROP1_TYPE%ZZ_G
L1274,SOOT_ROUTINES::SOOT_SURFACE_OXIDATION,dt_alloc_component,soot.f90,505,8,BOUNDARY_PROP1_TYPE%AWM_AEROSOL
L1274,SOOT_ROUTINES::SOOT_SURFACE_OXIDATION,write_derived_index,soot.f90,497,4,"Q(IIG,JJG,KKG)"
L1274,SOOT_ROUTINES::SOOT_SURFACE_OXIDATION,write_derived_index,soot.f90,524,4,"D_SOURCE(IIG,JJG,KKG)"
L1274,SOOT_ROUTINES::SOOT_SURFACE_OXIDATION,write_derived_index,soot.f90,529,4,"D_SOURCE(IIG,JJG,KKG)"
L1274,SOOT_ROUTINES::SOOT_SURFACE_OXIDATION,write_derived_index,soot.f90,530,4,"M_DOT_PPP(IIG,JJG,KKG,NS)"
L1274,SOOT_ROUTINES::SOOT_SURFACE_OXIDATION,reduction_intrinsic,soot.f90,494,2,MINVAL
L1274,SOOT_ROUTINES::SOOT_SURFACE_OXIDATION,reduction_intrinsic,soot.f90,497,2,SUM
L1274,SOOT_ROUTINES::SOOT_SURFACE_OXIDATION,save_var,soot.f90,492,2,A
L1274,SOOT_ROUTINES::SOOT_SURFACE_OXIDATION,save_var,soot.f90,492,2,E
L1274,SOOT_ROUTINES::SOOT_SURFACE_OXIDATION,pointer_reassign,soot.f90,475,4,CFA
L1274,SOOT_ROUTINES::SOOT_SURFACE_OXIDATION,pointer_reassign,soot.f90,476,4,B1
L1274,SOOT_ROUTINES::SOOT_SURFACE_OXIDATION,pointer_reassign,soot.f90,477,4,BC
L1274,SOOT_ROUTINES::SOOT_SURFACE_OXIDATION,pointer_reassign,soot.f90,504,4,SM
L1275,TURBULENCE::CALC_VARDEN_LEONARD_TERM,alloc_ptr_local,turb.f90,822,25,RHOPHAT
L1275,TURBULENCE::CALC_VARDEN_LEONARD_TERM,alloc_ptr_local,turb.f90,823,25,L11
L1275,TURBULENCE::CALC_VARDEN_LEONARD_TERM,alloc_ptr_local,turb.f90,823,25,RUU_HAT
L1275,TURBULENCE::CALC_VARDEN_LEONARD_TERM,alloc_ptr_local,turb.f90,823,25,RU_HAT
L1289,TURBULENCE::FILL_EDGES,write_derived_index,turb.f90,883,1,"A(I,J,K)"
L1290,TURBULENCE::FILL_EDGES,write_derived_index,turb.f90,888,1,"A(I,J,K)"
L1291,TURBULENCE::FILL_EDGES,write_derived_index,turb.f90,893,1,"A(I,J,K)"
L1292,TURBULENCE::FILL_EDGES,write_derived_index,turb.f90,898,1,"A(I,J,K)"
L1293,TURBULENCE::FILL_EDGES,write_derived_index,turb.f90,905,1,"A(I,J,K)"
L1294,TURBULENCE::FILL_EDGES,write_derived_index,turb.f90,910,1,"A(I,J,K)"
L1295,TURBULENCE::FILL_EDGES,write_derived_index,turb.f90,915,1,"A(I,J,K)"
L1296,TURBULENCE::FILL_EDGES,write_derived_index,turb.f90,920,1,"A(I,J,K)"
L1297,TURBULENCE::FILL_EDGES,write_derived_index,turb.f90,927,1,"A(I,J,K)"
L1298,TURBULENCE::FILL_EDGES,write_derived_index,turb.f90,932,1,"A(I,J,K)"
L1299,TURBULENCE::FILL_EDGES,write_derived_index,turb.f90,937,1,"A(I,J,K)"
L1300,TURBULENCE::FILL_EDGES,write_derived_index,turb.f90,942,1,"A(I,J,K)"
L1301,TURBULENCE::SANDIA_OUT,alloc_ptr_local,turb.f90,2430,15,M
L1301,TURBULENCE::SANDIA_OUT,alloc_ptr_local,turb.f90,2431,15,M
L1301,TURBULENCE::SANDIA_OUT,alloc_ptr_local,turb.f90,2431,15,M
L1301,TURBULENCE::SANDIA_OUT,alloc_ptr_local,turb.f90,2432,15,M
L1301,TURBULENCE::SANDIA_OUT,dt_alloc_component,turb.f90,2431,6,MESH_TYPE%DZ
L1301,TURBULENCE::SANDIA_OUT,dt_alloc_component,turb.f90,2433,6,MESH_TYPE%DY
L1301,TURBULENCE::SANDIA_OUT,dt_alloc_component,turb.f90,2435,6,MESH_TYPE%DX
L1301,TURBULENCE::SANDIA_OUT,dt_alloc_component,turb.f90,2437,6,MESH_TYPE%U
L1301,TURBULENCE::SANDIA_OUT,write_derived_index,turb.f90,2437,3,"UU(II,JJ,KK)"
L1301,TURBULENCE::SANDIA_OUT,write_derived_index,turb.f90,2438,3,"VV(II,JJ,KK)"
L1301,TURBULENCE::SANDIA_OUT,write_derived_index,turb.f90,2439,3,"WW(II,JJ,KK)"
L1305,TURBULENCE::SYNTHETIC_TURBULENCE,alloc_ptr_local,turb.f90,1797,95,VT
L1305,TURBULENCE::SYNTHETIC_TURBULENCE,alloc_ptr_local,turb.f90,1798,95,VT
L1305,TURBULENCE::SYNTHETIC_TURBULENCE,alloc_ptr_local,turb.f90,1800,95,VT
L1305,TURBULENCE::SYNTHETIC_TURBULENCE,alloc_ptr_local,turb.f90,1802,95,VT
L1305,TURBULENCE::SYNTHETIC_TURBULENCE,dt_alloc_component,turb.f90,1805,51,VENTS_TYPE%X_EDDY
L1305,TURBULENCE::SYNTHETIC_TURBULENCE,dt_alloc_component,turb.f90,1805,51,VENTS_TYPE%Y_EDDY
L1305,TURBULENCE::SYNTHETIC_TURBULENCE,dt_alloc_component,turb.f90,1805,51,VENTS_TYPE%Y_EDDY
L1305,TURBULENCE::SYNTHETIC_TURBULENCE,dt_alloc_component,turb.f90,1805,51,VENTS_TYPE%Z_EDDY
L1305,TURBULENCE::SYNTHETIC_TURBULENCE,reduction_intrinsic,turb.f90,1800,4,MAXVAL
L1305,TURBULENCE::SYNTHETIC_TURBULENCE,reduction_intrinsic,turb.f90,1854,4,SUM
L1305,TURBULENCE::SYNTHETIC_TURBULENCE,reduction_intrinsic,turb.f90,1856,4,SUM
L1305,TURBULENCE::SYNTHETIC_TURBULENCE,reduction_intrinsic,turb.f90,1858,4,SUM
L1305,TURBULENCE::SYNTHETIC_TURBULENCE,pointer_reassign,turb.f90,1797,1,VT
L1309,TURBULENCE::TENSOR_DIFFUSIVITY_MODEL,alloc_ptr_local,turb.f90,1326,20,RHOP
L1309,TURBULENCE::TENSOR_DIFFUSIVITY_MODEL,alloc_ptr_local,turb.f90,1326,20,RHOP
L1309,TURBULENCE::TENSOR_DIFFUSIVITY_MODEL,alloc_ptr_local,turb.f90,1328,20,UU
L1309,TURBULENCE::TENSOR_DIFFUSIVITY_MODEL,alloc_ptr_local,turb.f90,1328,20,UU
L1309,TURBULENCE::TENSOR_DIFFUSIVITY_MODEL,write_derived_index,turb.f90,1340,1,"RHO_D_DZDX(I,J,K,N)"
L1310,TURBULENCE::TENSOR_DIFFUSIVITY_MODEL,alloc_ptr_local,turb.f90,1350,20,RHOP
L1310,TURBULENCE::TENSOR_DIFFUSIVITY_MODEL,alloc_ptr_local,turb.f90,1350,20,RHOP
L1310,TURBULENCE::TENSOR_DIFFUSIVITY_MODEL,alloc_ptr_local,turb.f90,1352,20,VV
L1310,TURBULENCE::TENSOR_DIFFUSIVITY_MODEL,alloc_ptr_local,turb.f90,1352,20,VV
L1310,TURBULENCE::TENSOR_DIFFUSIVITY_MODEL,write_derived_index,turb.f90,1364,1,"RHO_D_DZDY(I,J,K,N)"
L1311,TURBULENCE::TENSOR_DIFFUSIVITY_MODEL,alloc_ptr_local,turb.f90,1374,20,RHOP
L1311,TURBULENCE::TENSOR_DIFFUSIVITY_MODEL,alloc_ptr_local,turb.f90,1374,20,RHOP
L1311,TURBULENCE::TENSOR_DIFFUSIVITY_MODEL,alloc_ptr_local,turb.f90,1376,20,WW
L1311,TURBULENCE::TENSOR_DIFFUSIVITY_MODEL,alloc_ptr_local,turb.f90,1376,20,WW
L1311,TURBULENCE::TENSOR_DIFFUSIVITY_MODEL,write_derived_index,turb.f90,1388,1,"RHO_D_DZDZ(I,J,K,N)"
L1312,TURBULENCE::TENSOR_DIFFUSIVITY_MODEL,alloc_ptr_local,turb.f90,1417,8,UU
L1312,TURBULENCE::TENSOR_DIFFUSIVITY_MODEL,alloc_ptr_local,turb.f90,1417,8,UU
L1312,TURBULENCE::TENSOR_DIFFUSIVITY_MODEL,alloc_ptr_local,turb.f90,1418,8,UU
L1312,TURBULENCE::TENSOR_DIFFUSIVITY_MODEL,alloc_ptr_local,turb.f90,1418,8,UU
L1313,TURBULENCE::TENSOR_DIFFUSIVITY_MODEL,alloc_ptr_local,turb.f90,1439,8,VV
L1313,TURBULENCE::TENSOR_DIFFUSIVITY_MODEL,alloc_ptr_local,turb.f90,1439,8,VV
L1313,TURBULENCE::TENSOR_DIFFUSIVITY_MODEL,alloc_ptr_local,turb.f90,1440,8,VV
L1313,TURBULENCE::TENSOR_DIFFUSIVITY_MODEL,alloc_ptr_local,turb.f90,1440,8,VV
L1314,TURBULENCE::TENSOR_DIFFUSIVITY_MODEL,alloc_ptr_local,turb.f90,1462,8,WW
L1314,TURBULENCE::TENSOR_DIFFUSIVITY_MODEL,alloc_ptr_local,turb.f90,1462,8,WW
L1314,TURBULENCE::TENSOR_DIFFUSIVITY_MODEL,alloc_ptr_local,turb.f90,1463,8,WW
L1314,TURBULENCE::TENSOR_DIFFUSIVITY_MODEL,alloc_ptr_local,turb.f90,1463,8,WW
L1315,TURBULENCE::TEST_FILTER,write_missing_inner_index,turb.f90,988,1,"HAT(I,J,K)"
L1316,TURBULENCE::TEST_FILTER,write_missing_inner_index,turb.f90,1012,1,"HAT(I,J,K)"
L1317,TURBULENCE::TEST_FILTER,write_missing_inner_index,turb.f90,1036,1,"HAT(I,J,K)"
L1321,TURBULENCE::VARDEN_DYNSMAG,alloc_ptr_local,turb.f90,505,56,UP
L1321,TURBULENCE::VARDEN_DYNSMAG,alloc_ptr_local,turb.f90,505,56,UU
L1321,TURBULENCE::VARDEN_DYNSMAG,alloc_ptr_local,turb.f90,505,56,UU
L1321,TURBULENCE::VARDEN_DYNSMAG,alloc_ptr_local,turb.f90,506,56,VP
L1322,TURBULENCE::VARDEN_DYNSMAG,alloc_ptr_local,turb.f90,573,13,SSHAT
L1322,TURBULENCE::VARDEN_DYNSMAG,alloc_ptr_local,turb.f90,573,13,SHAT11
L1322,TURBULENCE::VARDEN_DYNSMAG,alloc_ptr_local,turb.f90,573,13,SHAT11
L1322,TURBULENCE::VARDEN_DYNSMAG,alloc_ptr_local,turb.f90,573,13,SHAT22
L1323,TURBULENCE::VARDEN_DYNSMAG,alloc_ptr_local,turb.f90,636,20,RHOPHAT
L1323,TURBULENCE::VARDEN_DYNSMAG,alloc_ptr_local,turb.f90,636,20,SSHAT
L1323,TURBULENCE::VARDEN_DYNSMAG,alloc_ptr_local,turb.f90,637,20,M11
L1323,TURBULENCE::VARDEN_DYNSMAG,alloc_ptr_local,turb.f90,637,20,BETAHAT11
L1324,TURBULENCE::VARDEN_DYNSMAG,alloc_ptr_local,turb.f90,670,26,ML
L1324,TURBULENCE::VARDEN_DYNSMAG,alloc_ptr_local,turb.f90,670,26,M11
L1324,TURBULENCE::VARDEN_DYNSMAG,alloc_ptr_local,turb.f90,670,26,L11
L1324,TURBULENCE::VARDEN_DYNSMAG,alloc_ptr_local,turb.f90,670,26,M22
L1325,TURBULENCE::VARDEN_DYNSMAG,alloc_ptr_local,turb.f90,697,5,MLHAT
L1325,TURBULENCE::VARDEN_DYNSMAG,alloc_ptr_local,turb.f90,697,5,MLHAT
L1325,TURBULENCE::VARDEN_DYNSMAG,alloc_ptr_local,turb.f90,702,5,MMHAT
L1325,TURBULENCE::VARDEN_DYNSMAG,alloc_ptr_local,turb.f90,705,5,MLHAT
L1333,VEGE::GET_BOUNDARY_VALUES::FILL_BOUNDARY_VALUES,alloc_ptr_local,vege.f90,678,4,EWC
L1333,VEGE::GET_BOUNDARY_VALUES::FILL_BOUNDARY_VALUES,alloc_ptr_local,vege.f90,678,4,EWC
L1333,VEGE::GET_BOUNDARY_VALUES::FILL_BOUNDARY_VALUES,alloc_ptr_local,vege.f90,679,4,EWC
L1333,VEGE::GET_BOUNDARY_VALUES::FILL_BOUNDARY_VALUES,alloc_ptr_local,vege.f90,679,4,EWC
L1333,VEGE::GET_BOUNDARY_VALUES::FILL_BOUNDARY_VALUES,dt_alloc_component,vege.f90,689,7,OMESH_TYPE%PHI_LS
L1333,VEGE::GET_BOUNDARY_VALUES::FILL_BOUNDARY_VALUES,dt_alloc_component,vege.f90,690,7,OMESH_TYPE%PHI_LS
L1333,VEGE::GET_BOUNDARY_VALUES::FILL_BOUNDARY_VALUES,dt_alloc_component,vege.f90,692,7,OMESH_TYPE%PHI1_LS
L1333,VEGE::GET_BOUNDARY_VALUES::FILL_BOUNDARY_VALUES,dt_alloc_component,vege.f90,693,7,OMESH_TYPE%PHI1_LS
L1333,VEGE::GET_BOUNDARY_VALUES::FILL_BOUNDARY_VALUES,reduction_accum,vege.f90,689,7,PHI_LS_OTHER = PHI_LS_OTHER ...
L1333,VEGE::GET_BOUNDARY_VALUES::FILL_BOUNDARY_VALUES,reduction_accum,vege.f90,690,7,PHI_LS_OTHER_2 = PHI_LS_OTHER_2 ...
L1333,VEGE::GET_BOUNDARY_VALUES::FILL_BOUNDARY_VALUES,reduction_accum,vege.f90,692,7,PHI_LS_OTHER = PHI_LS_OTHER ...
L1333,VEGE::GET_BOUNDARY_VALUES::FILL_BOUNDARY_VALUES,reduction_accum,vege.f90,693,7,PHI_LS_OTHER_2 = PHI_LS_OTHER_2 ...
L1334,VEGE::LEVEL_SET_ADVECT_FLUX,alloc_ptr_local,vege.f90,892,1,F_X
L1335,VEGE::LEVEL_SET_ADVECT_FLUX,alloc_ptr_local,vege.f90,903,1,F_Y
L1336,VEGE::LEVEL_SET_ADVECT_FLUX,alloc_ptr_local,vege.f90,910,5,F_X
L1336,VEGE::LEVEL_SET_ADVECT_FLUX,alloc_ptr_local,vege.f90,910,5,F_X
L1336,VEGE::LEVEL_SET_ADVECT_FLUX,alloc_ptr_local,vege.f90,911,5,F_Y
L1336,VEGE::LEVEL_SET_ADVECT_FLUX,alloc_ptr_local,vege.f90,911,5,F_Y
L1338,VEGE::LEVEL_SET_FIRESPREAD,dt_alloc_component,vege.f90,525,2,CC_CUTFACE_TYPE%CFACE_INDEX
L1338,VEGE::LEVEL_SET_FIRESPREAD,dt_alloc_component,vege.f90,527,2,CC_CUTFACE_TYPE%CFACE_INDEX
L1338,VEGE::LEVEL_SET_FIRESPREAD,pointer_reassign,vege.f90,508,7,SF
L1338,VEGE::LEVEL_SET_FIRESPREAD,pointer_reassign,vege.f90,517,7,WC
L1338,VEGE::LEVEL_SET_FIRESPREAD,pointer_reassign,vege.f90,518,7,B1
L1338,VEGE::LEVEL_SET_FIRESPREAD,pointer_reassign,vege.f90,520,7,B2
L1341,VEGE::UPDATE_FIRE_SPREAD_OUTPUTS,alloc_ptr_local,vege.f90,1234,8,WC
L1341,VEGE::UPDATE_FIRE_SPREAD_OUTPUTS,alloc_ptr_local,vege.f90,1235,8,WC
L1341,VEGE::UPDATE_FIRE_SPREAD_OUTPUTS,alloc_ptr_local,vege.f90,1236,8,BC
L1341,VEGE::UPDATE_FIRE_SPREAD_OUTPUTS,alloc_ptr_local,vege.f90,1236,8,WC
L1341,VEGE::UPDATE_FIRE_SPREAD_OUTPUTS,pointer_reassign,vege.f90,1234,4,WC
L1341,VEGE::UPDATE_FIRE_SPREAD_OUTPUTS,pointer_reassign,vege.f90,1236,4,BC
L1341,VEGE::UPDATE_FIRE_SPREAD_OUTPUTS,pointer_reassign,vege.f90,1237,4,B1
L1341,VEGE::UPDATE_FIRE_SPREAD_OUTPUTS,pointer_reassign,vege.f90,1238,4,SF
L1342,VEGE::UPDATE_FIRE_SPREAD_OUTPUTS,alloc_ptr_local,vege.f90,1244,8,CFA
L1342,VEGE::UPDATE_FIRE_SPREAD_OUTPUTS,alloc_ptr_local,vege.f90,1245,8,CFA
L1342,VEGE::UPDATE_FIRE_SPREAD_OUTPUTS,alloc_ptr_local,vege.f90,1246,8,BC
L1342,VEGE::UPDATE_FIRE_SPREAD_OUTPUTS,alloc_ptr_local,vege.f90,1246,8,CFA
L1342,VEGE::UPDATE_FIRE_SPREAD_OUTPUTS,pointer_reassign,vege.f90,1244,4,CFA
L1342,VEGE::UPDATE_FIRE_SPREAD_OUTPUTS,pointer_reassign,vege.f90,1246,4,BC
L1342,VEGE::UPDATE_FIRE_SPREAD_OUTPUTS,pointer_reassign,vege.f90,1247,4,B1
L1342,VEGE::UPDATE_FIRE_SPREAD_OUTPUTS,pointer_reassign,vege.f90,1248,4,SF
L1343,VELO::BAROCLINIC_CORRECTION,alloc_ptr_local,velo.f90,3257,5,P
L1343,VELO::BAROCLINIC_CORRECTION,alloc_ptr_local,velo.f90,3257,5,RHOP
L1343,VELO::BAROCLINIC_CORRECTION,alloc_ptr_local,velo.f90,3257,5,HP
L1343,VELO::BAROCLINIC_CORRECTION,alloc_ptr_local,velo.f90,3258,5,RRHO
L1344,VELO::BAROCLINIC_CORRECTION,alloc_ptr_local,velo.f90,3270,8,P
L1344,VELO::BAROCLINIC_CORRECTION,alloc_ptr_local,velo.f90,3270,8,RHOP
L1344,VELO::BAROCLINIC_CORRECTION,alloc_ptr_local,velo.f90,3270,8,P
L1344,VELO::BAROCLINIC_CORRECTION,alloc_ptr_local,velo.f90,3270,8,RHOP
L1345,VELO::BAROCLINIC_CORRECTION,alloc_ptr_local,velo.f90,3285,8,P
L1345,VELO::BAROCLINIC_CORRECTION,alloc_ptr_local,velo.f90,3285,8,RHOP
L1345,VELO::BAROCLINIC_CORRECTION,alloc_ptr_local,velo.f90,3285,8,P
L1345,VELO::BAROCLINIC_CORRECTION,alloc_ptr_local,velo.f90,3285,8,RHOP
L1346,VELO::BAROCLINIC_CORRECTION,alloc_ptr_local,velo.f90,3300,8,P
L1346,VELO::BAROCLINIC_CORRECTION,alloc_ptr_local,velo.f90,3300,8,RHOP
L1346,VELO::BAROCLINIC_CORRECTION,alloc_ptr_local,velo.f90,3300,8,P
L1346,VELO::BAROCLINIC_CORRECTION,alloc_ptr_local,velo.f90,3300,8,RHOP
L1347,VELO::CHECK_STABILITY,reduction_intrinsic,velo.f90,3063,3,MAXVAL
L1347,VELO::CHECK_STABILITY,reduction_intrinsic,velo.f90,3064,3,MAXVAL
L1347,VELO::CHECK_STABILITY,reduction_intrinsic,velo.f90,3065,3,MAXVAL
L1348,VELO::CHECK_STABILITY,alloc_ptr_local,velo.f90,3094,12,WC
L1348,VELO::CHECK_STABILITY,alloc_ptr_local,velo.f90,3095,12,WC
L1348,VELO::CHECK_STABILITY,alloc_ptr_local,velo.f90,3096,12,BC
L1348,VELO::CHECK_STABILITY,alloc_ptr_local,velo.f90,3096,12,WC
L1348,VELO::CHECK_STABILITY,pointer_reassign,velo.f90,3094,3,WC
L1348,VELO::CHECK_STABILITY,pointer_reassign,velo.f90,3096,3,BC
L1348,VELO::CHECK_STABILITY,pointer_reassign,velo.f90,3097,3,B1
L1350,VELO::COMPUTE_VISCOSITY,alloc_ptr_local,velo.f90,84,3,ZZ_GET
L1350,VELO::COMPUTE_VISCOSITY,alloc_ptr_local,velo.f90,84,3,ZZP
L1350,VELO::COMPUTE_VISCOSITY,alloc_ptr_local,velo.f90,85,3,ZZ_GET
L1351,VELO::COMPUTE_VISCOSITY,alloc_ptr_local,velo.f90,118,1,RHOP
L1352,VELO::COMPUTE_VISCOSITY,alloc_ptr_local,velo.f90,140,9,UP
L1352,VELO::COMPUTE_VISCOSITY,alloc_ptr_local,velo.f90,140,9,UU
L1352,VELO::COMPUTE_VISCOSITY,alloc_ptr_local,velo.f90,140,9,UU
L1352,VELO::COMPUTE_VISCOSITY,alloc_ptr_local,velo.f90,141,9,VP
L1353,VELO::COMPUTE_VISCOSITY,alloc_ptr_local,velo.f90,152,40,WC
L1353,VELO::COMPUTE_VISCOSITY,alloc_ptr_local,velo.f90,153,40,BC
L1353,VELO::COMPUTE_VISCOSITY,alloc_ptr_local,velo.f90,153,40,WC
L1353,VELO::COMPUTE_VISCOSITY,alloc_ptr_local,velo.f90,154,40,WC
L1353,VELO::COMPUTE_VISCOSITY,write_derived_index,velo.f90,156,6,"UP(BC%II,BC%JJ,BC%KK)"
L1353,VELO::COMPUTE_VISCOSITY,write_derived_index,velo.f90,157,6,"VP(BC%II,BC%JJ,BC%KK)"
L1353,VELO::COMPUTE_VISCOSITY,write_derived_index,velo.f90,158,6,"WP(BC%II,BC%JJ,BC%KK)"
L1353,VELO::COMPUTE_VISCOSITY,write_derived_index,velo.f90,160,6,"UP(BC%II,BC%JJ,BC%KK)"
L1353,VELO::COMPUTE_VISCOSITY,pointer_reassign,velo.f90,152,2,WC
L1353,VELO::COMPUTE_VISCOSITY,pointer_reassign,velo.f90,153,2,BC
L1354,VELO::COMPUTE_VISCOSITY,alloc_ptr_local,velo.f90,191,7,UP
L1354,VELO::COMPUTE_VISCOSITY,alloc_ptr_local,velo.f90,191,7,UP_HAT
L1354,VELO::COMPUTE_VISCOSITY,alloc_ptr_local,velo.f90,191,7,VP
L1354,VELO::COMPUTE_VISCOSITY,alloc_ptr_local,velo.f90,191,7,VP_HAT
L1355,VELO::COMPUTE_VISCOSITY,alloc_ptr_local,velo.f90,207,31,UU
L1355,VELO::COMPUTE_VISCOSITY,alloc_ptr_local,velo.f90,207,31,UU
L1355,VELO::COMPUTE_VISCOSITY,alloc_ptr_local,velo.f90,208,31,VV
L1355,VELO::COMPUTE_VISCOSITY,alloc_ptr_local,velo.f90,208,31,VV
L1356,VELO::COMPUTE_VISCOSITY,alloc_ptr_local,velo.f90,261,31,UU
L1356,VELO::COMPUTE_VISCOSITY,alloc_ptr_local,velo.f90,261,31,UU
L1356,VELO::COMPUTE_VISCOSITY,alloc_ptr_local,velo.f90,262,31,VV
L1356,VELO::COMPUTE_VISCOSITY,alloc_ptr_local,velo.f90,262,31,VV
L1357,VELO::COMPUTE_VISCOSITY,alloc_ptr_local,velo.f90,288,6,UU
L1357,VELO::COMPUTE_VISCOSITY,alloc_ptr_local,velo.f90,288,6,UU
L1357,VELO::COMPUTE_VISCOSITY,alloc_ptr_local,velo.f90,289,6,VV
L1357,VELO::COMPUTE_VISCOSITY,alloc_ptr_local,velo.f90,289,6,VV
L1358,VELO::COMPUTE_VISCOSITY,alloc_ptr_local,velo.f90,308,49,WC
L1358,VELO::COMPUTE_VISCOSITY,alloc_ptr_local,velo.f90,309,49,WC
L1358,VELO::COMPUTE_VISCOSITY,alloc_ptr_local,velo.f90,310,49,BC
L1358,VELO::COMPUTE_VISCOSITY,alloc_ptr_local,velo.f90,310,49,WC
L1358,VELO::COMPUTE_VISCOSITY,write_derived_index,velo.f90,343,4,"MU(IIG,JJG,KKG)"
L1358,VELO::COMPUTE_VISCOSITY,write_derived_index,velo.f90,344,4,"CELL_COUNTER(IIG,JJG,KKG)"
L1358,VELO::COMPUTE_VISCOSITY,write_derived_index,velo.f90,346,4,"MU(IIG,JJG,KKG)"
L1358,VELO::COMPUTE_VISCOSITY,write_derived_index,velo.f90,348,4,"MU(IIG,JJG,KKG)"
L1358,VELO::COMPUTE_VISCOSITY,pointer_reassign,velo.f90,308,4,WC
L1358,VELO::COMPUTE_VISCOSITY,pointer_reassign,velo.f90,310,4,BC
L1358,VELO::COMPUTE_VISCOSITY,pointer_reassign,velo.f90,317,4,SF
L1358,VELO::COMPUTE_VISCOSITY,pointer_reassign,velo.f90,324,4,B2
L1359,VELO::COMPUTE_VISCOSITY,alloc_ptr_local,velo.f90,356,18,WC
L1359,VELO::COMPUTE_VISCOSITY,alloc_ptr_local,velo.f90,357,18,BC
L1359,VELO::COMPUTE_VISCOSITY,alloc_ptr_local,velo.f90,357,18,WC
L1359,VELO::COMPUTE_VISCOSITY,alloc_ptr_local,velo.f90,358,18,BC
L1359,VELO::COMPUTE_VISCOSITY,write_derived_index,velo.f90,360,2,"KRES(BC%II,BC%JJ,BC%KK)"
L1359,VELO::COMPUTE_VISCOSITY,write_derived_index,velo.f90,361,2,"MU(BC%II,BC%JJ,BC%KK)"
L1359,VELO::COMPUTE_VISCOSITY,pointer_reassign,velo.f90,356,2,WC
L1359,VELO::COMPUTE_VISCOSITY,pointer_reassign,velo.f90,357,2,BC
L1361,VELO::COMPUTE_VISCOSITY::COMPUTE_STRAIN_RATE,write_derived_index,velo.f90,482,1,"STRAIN_RATE(IIG,JJG,KKG)"
L1361,VELO::COMPUTE_VISCOSITY::COMPUTE_STRAIN_RATE,pointer_reassign,velo.f90,441,2,WC
L1361,VELO::COMPUTE_VISCOSITY::COMPUTE_STRAIN_RATE,pointer_reassign,velo.f90,444,2,BC
L1362,VELO::MATCH_VELOCITY,alloc_ptr_local,velo.f90,2665,200,WC
L1362,VELO::MATCH_VELOCITY,alloc_ptr_local,velo.f90,2666,200,EWC
L1362,VELO::MATCH_VELOCITY,alloc_ptr_local,velo.f90,2667,200,EWC
L1362,VELO::MATCH_VELOCITY,alloc_ptr_local,velo.f90,2667,200,WC
L1362,VELO::MATCH_VELOCITY,dt_alloc_component,velo.f90,2686,42,OMESH_TYPE%US
L1362,VELO::MATCH_VELOCITY,dt_alloc_component,velo.f90,2687,42,OMESH_TYPE%U
L1362,VELO::MATCH_VELOCITY,dt_alloc_component,velo.f90,2691,42,MESH_TYPE%DY
L1362,VELO::MATCH_VELOCITY,dt_alloc_component,velo.f90,2691,42,MESH_TYPE%DZ
L1362,VELO::MATCH_VELOCITY,write_derived_index,velo.f90,2733,6,"UU(0,JJ,KK)"
L1362,VELO::MATCH_VELOCITY,write_derived_index,velo.f90,2747,6,"UU(IBAR,JJ,KK)"
L1362,VELO::MATCH_VELOCITY,write_derived_index,velo.f90,2761,6,"VV(II,0,KK)"
L1362,VELO::MATCH_VELOCITY,write_derived_index,velo.f90,2775,6,"VV(II,JBAR,KK)"
L1362,VELO::MATCH_VELOCITY,write_missing_inner_index,velo.f90,2830,6,U_GHOST(IW)
L1362,VELO::MATCH_VELOCITY,write_missing_inner_index,velo.f90,2831,6,V_GHOST(IW)
L1362,VELO::MATCH_VELOCITY,write_missing_inner_index,velo.f90,2832,6,W_GHOST(IW)
L1362,VELO::MATCH_VELOCITY,write_missing_inner_index,velo.f90,2840,6,U_GHOST(IW)
L1362,VELO::MATCH_VELOCITY,pointer_reassign,velo.f90,2665,17,WC
L1362,VELO::MATCH_VELOCITY,pointer_reassign,velo.f90,2666,17,EWC
L1362,VELO::MATCH_VELOCITY,pointer_reassign,velo.f90,2671,17,BC
L1362,VELO::MATCH_VELOCITY,pointer_reassign,velo.f90,2677,17,OM
L1363,VELO::MATCH_VELOCITY_FLUX,alloc_ptr_local,velo.f90,2893,90,WC
L1363,VELO::MATCH_VELOCITY_FLUX,alloc_ptr_local,velo.f90,2894,90,EWC
L1363,VELO::MATCH_VELOCITY_FLUX,alloc_ptr_local,velo.f90,2895,90,WC
L1363,VELO::MATCH_VELOCITY_FLUX,alloc_ptr_local,velo.f90,2897,90,BC
L1363,VELO::MATCH_VELOCITY_FLUX,dt_alloc_component,velo.f90,2915,24,MESH_TYPE%DY
L1363,VELO::MATCH_VELOCITY_FLUX,dt_alloc_component,velo.f90,2915,24,MESH_TYPE%DZ
L1363,VELO::MATCH_VELOCITY_FLUX,dt_alloc_component,velo.f90,2923,24,MESH_TYPE%DX
L1363,VELO::MATCH_VELOCITY_FLUX,dt_alloc_component,velo.f90,2923,24,MESH_TYPE%DZ
L1363,VELO::MATCH_VELOCITY_FLUX,write_derived_index,velo.f90,2951,6,"FVX(0,JJ,KK)"
L1363,VELO::MATCH_VELOCITY_FLUX,write_derived_index,velo.f90,2963,6,"FVX(IBAR,JJ,KK)"
L1363,VELO::MATCH_VELOCITY_FLUX,write_derived_index,velo.f90,2975,6,"FVY(II,0,KK)"
L1363,VELO::MATCH_VELOCITY_FLUX,write_derived_index,velo.f90,2987,6,"FVY(II,JBAR,KK)"
L1363,VELO::MATCH_VELOCITY_FLUX,pointer_reassign,velo.f90,2893,5,WC
L1363,VELO::MATCH_VELOCITY_FLUX,pointer_reassign,velo.f90,2894,5,EWC
L1363,VELO::MATCH_VELOCITY_FLUX,pointer_reassign,velo.f90,2897,5,BC
L1363,VELO::MATCH_VELOCITY_FLUX,pointer_reassign,velo.f90,2903,5,OM
L1364,VELO::NO_FLUX,alloc_ptr_local,velo.f90,1377,24,EWC
L1364,VELO::NO_FLUX,alloc_ptr_local,velo.f90,1378,24,EWC
L1364,VELO::NO_FLUX,alloc_ptr_local,velo.f90,1380,24,WC
L1364,VELO::NO_FLUX,alloc_ptr_local,velo.f90,1382,24,OM_HP
L1364,VELO::NO_FLUX,dt_alloc_component,velo.f90,1382,2,OMESH_TYPE%H
L1364,VELO::NO_FLUX,dt_alloc_component,velo.f90,1384,2,OMESH_TYPE%HS
L1364,VELO::NO_FLUX,write_derived_index,velo.f90,1399,1,"HP(II,JJ,KK)"
L1364,VELO::NO_FLUX,pointer_reassign,velo.f90,1377,5,EWC
L1364,VELO::NO_FLUX,pointer_reassign,velo.f90,1380,5,WC
L1364,VELO::NO_FLUX,pointer_reassign,velo.f90,1382,5,OM_HP
L1364,VELO::NO_FLUX,pointer_reassign,velo.f90,1384,5,OM_HP
L1365,VELO::NO_FLUX,alloc_ptr_local,velo.f90,1406,25,OB
L1365,VELO::NO_FLUX,alloc_ptr_local,velo.f90,1408,25,OB
L1365,VELO::NO_FLUX,alloc_ptr_local,velo.f90,1408,25,OB
L1365,VELO::NO_FLUX,alloc_ptr_local,velo.f90,1409,25,OB
L1365,VELO::NO_FLUX,write_missing_outer_index,velo.f90,1419,3,"FVX(I,J,K)"
L1365,VELO::NO_FLUX,write_missing_outer_index,velo.f90,1436,3,"FVY(I,J,K)"
L1365,VELO::NO_FLUX,write_missing_outer_index,velo.f90,1453,3,"FVZ(I,J,K)"
L1365,VELO::NO_FLUX,pointer_reassign,velo.f90,1406,1,OB
L1366,VELO::NO_FLUX,alloc_ptr_local,velo.f90,1465,29,WC
L1366,VELO::NO_FLUX,alloc_ptr_local,velo.f90,1467,29,WC
L1366,VELO::NO_FLUX,alloc_ptr_local,velo.f90,1467,29,WC
L1366,VELO::NO_FLUX,alloc_ptr_local,velo.f90,1475,29,WC
L1366,VELO::NO_FLUX,write_derived_index,velo.f90,1503,12,"FVX(II,JJ,KK)"
L1366,VELO::NO_FLUX,write_derived_index,velo.f90,1510,12,"FVX(II-1,JJ,KK)"
L1366,VELO::NO_FLUX,write_derived_index,velo.f90,1517,12,"FVY(II,JJ,KK)"
L1366,VELO::NO_FLUX,write_derived_index,velo.f90,1524,12,"FVY(II,JJ-1,KK)"
L1366,VELO::NO_FLUX,pointer_reassign,velo.f90,1465,3,WC
L1366,VELO::NO_FLUX,pointer_reassign,velo.f90,1477,3,BC
L1366,VELO::NO_FLUX,pointer_reassign,velo.f90,1490,3,B1
L1367,VELO::VELOCITY_BC,alloc_ptr_local,velo.f90,1859,61,WC
L1367,VELO::VELOCITY_BC,alloc_ptr_local,velo.f90,1860,61,EWC
L1367,VELO::VELOCITY_BC,alloc_ptr_local,velo.f90,1861,61,EWC
L1367,VELO::VELOCITY_BC,alloc_ptr_local,velo.f90,1863,61,OM_UU
L1367,VELO::VELOCITY_BC,dt_alloc_component,velo.f90,1863,6,OMESH_TYPE%US
L1367,VELO::VELOCITY_BC,dt_alloc_component,velo.f90,1864,6,OMESH_TYPE%VS
L1367,VELO::VELOCITY_BC,dt_alloc_component,velo.f90,1865,6,OMESH_TYPE%WS
L1367,VELO::VELOCITY_BC,dt_alloc_component,velo.f90,1867,6,OMESH_TYPE%U
L1367,VELO::VELOCITY_BC,write_derived_index,velo.f90,1890,6,"UU(BC%II,BC%JJ,BC%KK)"
L1367,VELO::VELOCITY_BC,write_derived_index,velo.f90,1891,6,"UU(BC%II-1,BC%JJ,BC%KK)"
L1367,VELO::VELOCITY_BC,write_derived_index,velo.f90,1892,6,"VV(BC%II,BC%JJ,BC%KK)"
L1367,VELO::VELOCITY_BC,write_derived_index,velo.f90,1893,6,"VV(BC%II,BC%JJ-1,BC%KK)"
L1367,VELO::VELOCITY_BC,pointer_reassign,velo.f90,1859,9,WC
L1367,VELO::VELOCITY_BC,pointer_reassign,velo.f90,1860,9,EWC
L1367,VELO::VELOCITY_BC,pointer_reassign,velo.f90,1863,9,OM_UU
L1367,VELO::VELOCITY_BC,pointer_reassign,velo.f90,1864,9,OM_VV
L1374,VELO::VELOCITY_FLUX,alloc_ptr_local,velo.f90,622,18,UU
L1374,VELO::VELOCITY_FLUX,alloc_ptr_local,velo.f90,622,18,UU
L1374,VELO::VELOCITY_FLUX,alloc_ptr_local,velo.f90,623,18,VV
L1374,VELO::VELOCITY_FLUX,alloc_ptr_local,velo.f90,623,18,VV
L1376,VELO::VELOCITY_FLUX,alloc_ptr_local,velo.f90,665,28,WW
L1376,VELO::VELOCITY_FLUX,alloc_ptr_local,velo.f90,665,28,WW
L1376,VELO::VELOCITY_FLUX,alloc_ptr_local,velo.f90,666,28,WW
L1376,VELO::VELOCITY_FLUX,alloc_ptr_local,velo.f90,666,28,WW
L1377,VELO::VELOCITY_FLUX,alloc_ptr_local,velo.f90,723,28,UU
L1377,VELO::VELOCITY_FLUX,alloc_ptr_local,velo.f90,723,28,UU
L1377,VELO::VELOCITY_FLUX,alloc_ptr_local,velo.f90,724,28,UU
L1377,VELO::VELOCITY_FLUX,alloc_ptr_local,velo.f90,724,28,UU
L1378,VELO::VELOCITY_FLUX,alloc_ptr_local,velo.f90,781,28,UU
L1378,VELO::VELOCITY_FLUX,alloc_ptr_local,velo.f90,781,28,UU
L1378,VELO::VELOCITY_FLUX,alloc_ptr_local,velo.f90,782,28,UU
L1378,VELO::VELOCITY_FLUX,alloc_ptr_local,velo.f90,782,28,UU
L1379,VELO::VELOCITY_FLUX::CORIOLIS_FORCE,alloc_ptr_local,velo.f90,973,3,UP
L1379,VELO::VELOCITY_FLUX::CORIOLIS_FORCE,alloc_ptr_local,velo.f90,974,3,VP
L1379,VELO::VELOCITY_FLUX::CORIOLIS_FORCE,alloc_ptr_local,velo.f90,975,3,WP
L1380,VELO::VELOCITY_FLUX::CORIOLIS_FORCE,alloc_ptr_local,velo.f90,982,15,WC
L1380,VELO::VELOCITY_FLUX::CORIOLIS_FORCE,alloc_ptr_local,velo.f90,983,15,BC
L1380,VELO::VELOCITY_FLUX::CORIOLIS_FORCE,alloc_ptr_local,velo.f90,983,15,WC
L1380,VELO::VELOCITY_FLUX::CORIOLIS_FORCE,alloc_ptr_local,velo.f90,984,15,UP
L1380,VELO::VELOCITY_FLUX::CORIOLIS_FORCE,write_derived_index,velo.f90,984,3,"UP(BC%II,BC%JJ,BC%KK)"
L1380,VELO::VELOCITY_FLUX::CORIOLIS_FORCE,write_derived_index,velo.f90,985,3,"VP(BC%II,BC%JJ,BC%KK)"
L1380,VELO::VELOCITY_FLUX::CORIOLIS_FORCE,write_derived_index,velo.f90,986,3,"WP(BC%II,BC%JJ,BC%KK)"
L1380,VELO::VELOCITY_FLUX::CORIOLIS_FORCE,pointer_reassign,velo.f90,982,2,WC
L1380,VELO::VELOCITY_FLUX::CORIOLIS_FORCE,pointer_reassign,velo.f90,983,2,BC
L1381,VELO::VELOCITY_FLUX::CORIOLIS_FORCE,alloc_ptr_local,velo.f90,995,4,VP
L1381,VELO::VELOCITY_FLUX::CORIOLIS_FORCE,alloc_ptr_local,velo.f90,995,4,VP
L1381,VELO::VELOCITY_FLUX::CORIOLIS_FORCE,alloc_ptr_local,velo.f90,996,4,WP
L1381,VELO::VELOCITY_FLUX::CORIOLIS_FORCE,alloc_ptr_local,velo.f90,996,4,WP
L1382,VELO::VELOCITY_FLUX::CORIOLIS_FORCE,alloc_ptr_local,velo.f90,1009,4,UP
L1382,VELO::VELOCITY_FLUX::CORIOLIS_FORCE,alloc_ptr_local,velo.f90,1009,4,UP
L1382,VELO::VELOCITY_FLUX::CORIOLIS_FORCE,alloc_ptr_local,velo.f90,1010,4,WP
L1382,VELO::VELOCITY_FLUX::CORIOLIS_FORCE,alloc_ptr_local,velo.f90,1010,4,WP
L1383,VELO::VELOCITY_FLUX::CORIOLIS_FORCE,alloc_ptr_local,velo.f90,1023,4,UP
L1383,VELO::VELOCITY_FLUX::CORIOLIS_FORCE,alloc_ptr_local,velo.f90,1023,4,UP
L1383,VELO::VELOCITY_FLUX::CORIOLIS_FORCE,alloc_ptr_local,velo.f90,1024,4,VP
L1383,VELO::VELOCITY_FLUX::CORIOLIS_FORCE,alloc_ptr_local,velo.f90,1024,4,VP
L1390,VELO::VELOCITY_FLUX::PATCH_VELOCITY_FLUX,alloc_ptr_local,velo.f90,1083,103,DV
L1390,VELO::VELOCITY_FLUX::PATCH_VELOCITY_FLUX,alloc_ptr_local,velo.f90,1084,103,DV
L1390,VELO::VELOCITY_FLUX::PATCH_VELOCITY_FLUX,alloc_ptr_local,velo.f90,1085,103,DV
L1390,VELO::VELOCITY_FLUX::PATCH_VELOCITY_FLUX,alloc_ptr_local,velo.f90,1086,103,DV
L1390,VELO::VELOCITY_FLUX::PATCH_VELOCITY_FLUX,dt_alloc_component,velo.f90,1084,2,DEVICE_TYPE%QUANTITY
L1390,VELO::VELOCITY_FLUX::PATCH_VELOCITY_FLUX,dt_alloc_component,velo.f90,1086,2,DEVICE_TYPE%DEVC_INDEX
L1390,VELO::VELOCITY_FLUX::PATCH_VELOCITY_FLUX,write_missing_outer_index,velo.f90,1124,3,"FVX(I,J,K)"
L1390,VELO::VELOCITY_FLUX::PATCH_VELOCITY_FLUX,write_missing_outer_index,velo.f90,1158,3,"FVY(I,J,K)"
L1390,VELO::VELOCITY_FLUX::PATCH_VELOCITY_FLUX,write_missing_outer_index,velo.f90,1191,3,"FVZ(I,J,K)"
L1390,VELO::VELOCITY_FLUX::PATCH_VELOCITY_FLUX,pointer_reassign,velo.f90,1083,2,DV
L1390,VELO::VELOCITY_FLUX::PATCH_VELOCITY_FLUX,pointer_reassign,velo.f90,1092,2,PY
L1391,VELO::VELOCITY_FLUX_CYLINDRICAL,alloc_ptr_local,velo.f90,1246,6,UU
L1391,VELO::VELOCITY_FLUX_CYLINDRICAL,alloc_ptr_local,velo.f90,1246,6,UU
L1391,VELO::VELOCITY_FLUX_CYLINDRICAL,alloc_ptr_local,velo.f90,1247,6,WW
L1391,VELO::VELOCITY_FLUX_CYLINDRICAL,alloc_ptr_local,velo.f90,1247,6,WW
L1392,VELO::VELOCITY_FLUX_CYLINDRICAL,alloc_ptr_local,velo.f90,1272,17,WW
L1392,VELO::VELOCITY_FLUX_CYLINDRICAL,alloc_ptr_local,velo.f90,1272,17,WW
L1392,VELO::VELOCITY_FLUX_CYLINDRICAL,alloc_ptr_local,velo.f90,1273,17,WW
L1392,VELO::VELOCITY_FLUX_CYLINDRICAL,alloc_ptr_local,velo.f90,1273,17,WW
L1392,VELO::VELOCITY_FLUX_CYLINDRICAL,write_derived_index,velo.f90,1300,1,"FVX(I,J,K)"
L1393,VELO::VELOCITY_FLUX_CYLINDRICAL,alloc_ptr_local,velo.f90,1308,16,UU
L1393,VELO::VELOCITY_FLUX_CYLINDRICAL,alloc_ptr_local,velo.f90,1308,16,UU
L1393,VELO::VELOCITY_FLUX_CYLINDRICAL,alloc_ptr_local,velo.f90,1309,16,UU
L1393,VELO::VELOCITY_FLUX_CYLINDRICAL,alloc_ptr_local,velo.f90,1309,16,UU
L1393,VELO::VELOCITY_FLUX_CYLINDRICAL,write_derived_index,velo.f90,1335,1,"FVZ(I,J,K)"
L1399,VELO::VISCOSITY_BC,alloc_ptr_local,velo.f90,515,21,WC
L1399,VELO::VISCOSITY_BC,alloc_ptr_local,velo.f90,516,21,EWC
L1399,VELO::VISCOSITY_BC,alloc_ptr_local,velo.f90,517,21,EWC
L1399,VELO::VISCOSITY_BC,alloc_ptr_local,velo.f90,518,21,BC
L1399,VELO::VISCOSITY_BC,dt_alloc_component,velo.f90,529,4,OMESH_TYPE%MU
L1399,VELO::VISCOSITY_BC,dt_alloc_component,velo.f90,530,4,OMESH_TYPE%KRES
L1399,VELO::VISCOSITY_BC,dt_alloc_component,velo.f90,532,4,OMESH_TYPE%DS
L1399,VELO::VISCOSITY_BC,dt_alloc_component,velo.f90,534,4,OMESH_TYPE%D
L1399,VELO::VISCOSITY_BC,write_derived_index,velo.f90,543,4,"MU(II,JJ,KK)"
L1399,VELO::VISCOSITY_BC,write_derived_index,velo.f90,544,4,"KRES(II,JJ,KK)"
L1399,VELO::VISCOSITY_BC,write_derived_index,velo.f90,546,4,"DS(II,JJ,KK)"
L1399,VELO::VISCOSITY_BC,write_derived_index,velo.f90,548,4,"D(II,JJ,KK)"
L1399,VELO::VISCOSITY_BC,pointer_reassign,velo.f90,515,3,WC
L1399,VELO::VISCOSITY_BC,pointer_reassign,velo.f90,516,3,EWC
L1399,VELO::VISCOSITY_BC,pointer_reassign,velo.f90,518,3,BC
L1400,VELO::WALL_VELOCITY_NO_GRADH,alloc_ptr_local,velo.f90,3349,13,WC
L1400,VELO::WALL_VELOCITY_NO_GRADH,alloc_ptr_local,velo.f90,3350,13,BC
L1400,VELO::WALL_VELOCITY_NO_GRADH,alloc_ptr_local,velo.f90,3350,13,WC
L1400,VELO::WALL_VELOCITY_NO_GRADH,alloc_ptr_local,velo.f90,3351,13,BC
L1400,VELO::WALL_VELOCITY_NO_GRADH,save_var,velo.f90,3355,6,UN_WALLS
L1400,VELO::WALL_VELOCITY_NO_GRADH,save_var,velo.f90,3357,6,UN_WALLS
L1400,VELO::WALL_VELOCITY_NO_GRADH,save_var,velo.f90,3359,6,UN_WALLS
L1400,VELO::WALL_VELOCITY_NO_GRADH,save_var,velo.f90,3361,6,UN_WALLS
L1400,VELO::WALL_VELOCITY_NO_GRADH,pointer_reassign,velo.f90,3349,2,WC
L1400,VELO::WALL_VELOCITY_NO_GRADH,pointer_reassign,velo.f90,3350,2,BC
L1401,VELO::WALL_VELOCITY_NO_GRADH,alloc_ptr_local,velo.f90,3380,14,WC
L1401,VELO::WALL_VELOCITY_NO_GRADH,alloc_ptr_local,velo.f90,3381,14,WC
L1401,VELO::WALL_VELOCITY_NO_GRADH,alloc_ptr_local,velo.f90,3381,14,WC
L1401,VELO::WALL_VELOCITY_NO_GRADH,alloc_ptr_local,velo.f90,3381,14,WC
L1401,VELO::WALL_VELOCITY_NO_GRADH,write_derived_index,velo.f90,3395,6,"US(IIG-1,JJG,KKG)"
L1401,VELO::WALL_VELOCITY_NO_GRADH,write_derived_index,velo.f90,3397,6,"US(IIG,JJG,KKG)"
L1401,VELO::WALL_VELOCITY_NO_GRADH,write_derived_index,velo.f90,3399,6,"VS(IIG,JJG-1,KKG)"
L1401,VELO::WALL_VELOCITY_NO_GRADH,write_derived_index,velo.f90,3401,6,"VS(IIG,JJG,KKG)"
L1401,VELO::WALL_VELOCITY_NO_GRADH,pointer_reassign,velo.f90,3380,2,WC
L1401,VELO::WALL_VELOCITY_NO_GRADH,pointer_reassign,velo.f90,3384,2,BC
L1402,VELO::WALL_VELOCITY_NO_GRADH,alloc_ptr_local,velo.f90,3416,15,WC
L1402,VELO::WALL_VELOCITY_NO_GRADH,alloc_ptr_local,velo.f90,3417,15,WC
L1402,VELO::WALL_VELOCITY_NO_GRADH,alloc_ptr_local,velo.f90,3417,15,WC
L1402,VELO::WALL_VELOCITY_NO_GRADH,alloc_ptr_local,velo.f90,3417,15,WC
L1402,VELO::WALL_VELOCITY_NO_GRADH,write_derived_index,velo.f90,3437,6,"U(IIG-1,JJG,KKG)"
L1402,VELO::WALL_VELOCITY_NO_GRADH,write_derived_index,velo.f90,3439,6,"U(IIG,JJG,KKG)"
L1402,VELO::WALL_VELOCITY_NO_GRADH,write_derived_index,velo.f90,3441,6,"V(IIG,JJG-1,KKG)"
L1402,VELO::WALL_VELOCITY_NO_GRADH,write_derived_index,velo.f90,3443,6,"V(IIG,JJG,KKG)"
L1402,VELO::WALL_VELOCITY_NO_GRADH,save_var,velo.f90,3433,1,UN_WALLS
L1402,VELO::WALL_VELOCITY_NO_GRADH,pointer_reassign,velo.f90,3416,2,WC
L1402,VELO::WALL_VELOCITY_NO_GRADH,pointer_reassign,velo.f90,3420,2,BC
L1408,VTK_FDS_INTERFACE::BUILD_VTK_SLICE_GEOMETRY2,alloc_ptr_dummy,vtkf.f90,333,3,VERTICES
L1408,VTK_FDS_INTERFACE::BUILD_VTK_SLICE_GEOMETRY2,alloc_ptr_dummy,vtkf.f90,334,3,VERTICES
L1408,VTK_FDS_INTERFACE::BUILD_VTK_SLICE_GEOMETRY2,alloc_ptr_dummy,vtkf.f90,335,3,VERTICES
L1408,VTK_FDS_INTERFACE::BUILD_VTK_SLICE_GEOMETRY2,dt_alloc_component,vtkf.f90,333,3,MESH_TYPE%X
L1408,VTK_FDS_INTERFACE::BUILD_VTK_SLICE_GEOMETRY2,dt_alloc_component,vtkf.f90,334,3,MESH_TYPE%Y
L1408,VTK_FDS_INTERFACE::BUILD_VTK_SLICE_GEOMETRY2,dt_alloc_component,vtkf.f90,335,3,MESH_TYPE%Z
L1408,VTK_FDS_INTERFACE::BUILD_VTK_SLICE_GEOMETRY2,write_derived_index,vtkf.f90,333,3,"VERTICES(1,IFACT)"
L1408,VTK_FDS_INTERFACE::BUILD_VTK_SLICE_GEOMETRY2,write_derived_index,vtkf.f90,334,3,"VERTICES(2,IFACT)"
L1408,VTK_FDS_INTERFACE::BUILD_VTK_SLICE_GEOMETRY2,write_derived_index,vtkf.f90,335,3,"VERTICES(3,IFACT)"
L1408,VTK_FDS_INTERFACE::BUILD_VTK_SLICE_GEOMETRY2,reduction_accum,vtkf.f90,336,1,IFACT = IFACT ...
L1409,VTK_FDS_INTERFACE::BUILD_VTK_SLICE_GEOMETRY2,alloc_ptr_dummy,vtkf.f90,342,3,VERTICES
L1409,VTK_FDS_INTERFACE::BUILD_VTK_SLICE_GEOMETRY2,alloc_ptr_dummy,vtkf.f90,343,3,VERTICES
L1409,VTK_FDS_INTERFACE::BUILD_VTK_SLICE_GEOMETRY2,alloc_ptr_dummy,vtkf.f90,344,3,VERTICES
L1409,VTK_FDS_INTERFACE::BUILD_VTK_SLICE_GEOMETRY2,dt_alloc_component,vtkf.f90,342,3,MESH_TYPE%X
L1409,VTK_FDS_INTERFACE::BUILD_VTK_SLICE_GEOMETRY2,dt_alloc_component,vtkf.f90,343,3,MESH_TYPE%Y
L1409,VTK_FDS_INTERFACE::BUILD_VTK_SLICE_GEOMETRY2,dt_alloc_component,vtkf.f90,344,3,MESH_TYPE%Z
L1409,VTK_FDS_INTERFACE::BUILD_VTK_SLICE_GEOMETRY2,write_derived_index,vtkf.f90,342,3,"VERTICES(1,IFACT)"
L1409,VTK_FDS_INTERFACE::BUILD_VTK_SLICE_GEOMETRY2,write_derived_index,vtkf.f90,343,3,"VERTICES(2,IFACT)"
L1409,VTK_FDS_INTERFACE::BUILD_VTK_SLICE_GEOMETRY2,write_derived_index,vtkf.f90,344,3,"VERTICES(3,IFACT)"
L1409,VTK_FDS_INTERFACE::BUILD_VTK_SLICE_GEOMETRY2,reduction_accum,vtkf.f90,345,1,IFACT = IFACT ...
L1410,VTK_FDS_INTERFACE::BUILD_VTK_SLICE_GEOMETRY2,alloc_ptr_dummy,vtkf.f90,351,5,VERTICES
L1410,VTK_FDS_INTERFACE::BUILD_VTK_SLICE_GEOMETRY2,alloc_ptr_dummy,vtkf.f90,352,5,VERTICES
L1410,VTK_FDS_INTERFACE::BUILD_VTK_SLICE_GEOMETRY2,alloc_ptr_dummy,vtkf.f90,353,5,SL
L1410,VTK_FDS_INTERFACE::BUILD_VTK_SLICE_GEOMETRY2,alloc_ptr_dummy,vtkf.f90,355,5,VERTICES
L1410,VTK_FDS_INTERFACE::BUILD_VTK_SLICE_GEOMETRY2,dt_alloc_component,vtkf.f90,351,5,MESH_TYPE%X
L1410,VTK_FDS_INTERFACE::BUILD_VTK_SLICE_GEOMETRY2,dt_alloc_component,vtkf.f90,352,5,MESH_TYPE%Y
L1410,VTK_FDS_INTERFACE::BUILD_VTK_SLICE_GEOMETRY2,dt_alloc_component,vtkf.f90,354,5,MESH_TYPE%K_AGL_SLICE
L1410,VTK_FDS_INTERFACE::BUILD_VTK_SLICE_GEOMETRY2,dt_alloc_component,vtkf.f90,355,5,MESH_TYPE%Z
L1410,VTK_FDS_INTERFACE::BUILD_VTK_SLICE_GEOMETRY2,write_derived_index,vtkf.f90,351,4,"VERTICES(1,IFACT)"
L1410,VTK_FDS_INTERFACE::BUILD_VTK_SLICE_GEOMETRY2,write_derived_index,vtkf.f90,352,4,"VERTICES(2,IFACT)"
L1410,VTK_FDS_INTERFACE::BUILD_VTK_SLICE_GEOMETRY2,write_derived_index,vtkf.f90,355,4,"VERTICES(3,IFACT)"
L1410,VTK_FDS_INTERFACE::BUILD_VTK_SLICE_GEOMETRY2,write_derived_index,vtkf.f90,357,4,"VERTICES(3,IFACT)"
L1410,VTK_FDS_INTERFACE::BUILD_VTK_SLICE_GEOMETRY2,reduction_accum,vtkf.f90,359,1,IFACT = IFACT ...
L1411,VTK_FDS_INTERFACE::BUILD_VTK_SLICE_GEOMETRY2,alloc_ptr_dummy,vtkf.f90,368,3,VERTICES
L1411,VTK_FDS_INTERFACE::BUILD_VTK_SLICE_GEOMETRY2,alloc_ptr_dummy,vtkf.f90,369,3,VERTICES
L1411,VTK_FDS_INTERFACE::BUILD_VTK_SLICE_GEOMETRY2,alloc_ptr_dummy,vtkf.f90,370,3,VERTICES
L1411,VTK_FDS_INTERFACE::BUILD_VTK_SLICE_GEOMETRY2,dt_alloc_component,vtkf.f90,368,3,MESH_TYPE%X
L1411,VTK_FDS_INTERFACE::BUILD_VTK_SLICE_GEOMETRY2,dt_alloc_component,vtkf.f90,369,3,MESH_TYPE%Y
L1411,VTK_FDS_INTERFACE::BUILD_VTK_SLICE_GEOMETRY2,dt_alloc_component,vtkf.f90,370,3,MESH_TYPE%Z
L1411,VTK_FDS_INTERFACE::BUILD_VTK_SLICE_GEOMETRY2,write_derived_index,vtkf.f90,368,3,"VERTICES(1,IFACT)"
L1411,VTK_FDS_INTERFACE::BUILD_VTK_SLICE_GEOMETRY2,write_derived_index,vtkf.f90,369,3,"VERTICES(2,IFACT)"
L1411,VTK_FDS_INTERFACE::BUILD_VTK_SLICE_GEOMETRY2,write_derived_index,vtkf.f90,370,3,"VERTICES(3,IFACT)"
L1411,VTK_FDS_INTERFACE::BUILD_VTK_SLICE_GEOMETRY2,reduction_accum,vtkf.f90,371,1,IFACT = IFACT ...
L1416,VTK_FDS_INTERFACE::BUILD_VTK_SOLID_PHASE_GEOMETRY,alloc_ptr_dummy,vtkf.f90,470,8,PA
L1416,VTK_FDS_INTERFACE::BUILD_VTK_SOLID_PHASE_GEOMETRY,alloc_ptr_dummy,vtkf.f90,470,8,PA
L1416,VTK_FDS_INTERFACE::BUILD_VTK_SOLID_PHASE_GEOMETRY,alloc_ptr_dummy,vtkf.f90,471,8,PA
L1416,VTK_FDS_INTERFACE::BUILD_VTK_SOLID_PHASE_GEOMETRY,alloc_ptr_dummy,vtkf.f90,471,8,PA
L1416,VTK_FDS_INTERFACE::BUILD_VTK_SOLID_PHASE_GEOMETRY,dt_alloc_component,vtkf.f90,472,3,MESH_TYPE%X
L1416,VTK_FDS_INTERFACE::BUILD_VTK_SOLID_PHASE_GEOMETRY,dt_alloc_component,vtkf.f90,473,3,MESH_TYPE%Y
L1416,VTK_FDS_INTERFACE::BUILD_VTK_SOLID_PHASE_GEOMETRY,dt_alloc_component,vtkf.f90,474,3,MESH_TYPE%Z
L1416,VTK_FDS_INTERFACE::BUILD_VTK_SOLID_PHASE_GEOMETRY,write_derived_index,vtkf.f90,472,3,X_PTS(IFACT)
L1416,VTK_FDS_INTERFACE::BUILD_VTK_SOLID_PHASE_GEOMETRY,write_derived_index,vtkf.f90,473,3,Y_PTS(IFACT)
L1416,VTK_FDS_INTERFACE::BUILD_VTK_SOLID_PHASE_GEOMETRY,write_derived_index,vtkf.f90,474,3,Z_PTS(IFACT)
L1416,VTK_FDS_INTERFACE::BUILD_VTK_SOLID_PHASE_GEOMETRY,reduction_accum,vtkf.f90,475,1,IFACT = IFACT ...
L1417,VTK_FDS_INTERFACE::BUILD_VTK_SOLID_PHASE_GEOMETRY,alloc_ptr_dummy,vtkf.f90,479,8,PA
L1417,VTK_FDS_INTERFACE::BUILD_VTK_SOLID_PHASE_GEOMETRY,alloc_ptr_dummy,vtkf.f90,479,8,PA
L1417,VTK_FDS_INTERFACE::BUILD_VTK_SOLID_PHASE_GEOMETRY,alloc_ptr_dummy,vtkf.f90,480,8,PA
L1417,VTK_FDS_INTERFACE::BUILD_VTK_SOLID_PHASE_GEOMETRY,alloc_ptr_dummy,vtkf.f90,480,8,PA
L1417,VTK_FDS_INTERFACE::BUILD_VTK_SOLID_PHASE_GEOMETRY,dt_alloc_component,vtkf.f90,481,3,MESH_TYPE%X
L1417,VTK_FDS_INTERFACE::BUILD_VTK_SOLID_PHASE_GEOMETRY,dt_alloc_component,vtkf.f90,482,3,MESH_TYPE%Y
L1417,VTK_FDS_INTERFACE::BUILD_VTK_SOLID_PHASE_GEOMETRY,dt_alloc_component,vtkf.f90,483,3,MESH_TYPE%Z
L1417,VTK_FDS_INTERFACE::BUILD_VTK_SOLID_PHASE_GEOMETRY,write_derived_index,vtkf.f90,481,3,X_PTS(IFACT)
L1417,VTK_FDS_INTERFACE::BUILD_VTK_SOLID_PHASE_GEOMETRY,write_derived_index,vtkf.f90,482,3,Y_PTS(IFACT)
L1417,VTK_FDS_INTERFACE::BUILD_VTK_SOLID_PHASE_GEOMETRY,write_derived_index,vtkf.f90,483,3,Z_PTS(IFACT)
L1417,VTK_FDS_INTERFACE::BUILD_VTK_SOLID_PHASE_GEOMETRY,reduction_accum,vtkf.f90,484,1,IFACT = IFACT ...
L1418,VTK_FDS_INTERFACE::BUILD_VTK_SOLID_PHASE_GEOMETRY,alloc_ptr_dummy,vtkf.f90,488,8,PA
L1418,VTK_FDS_INTERFACE::BUILD_VTK_SOLID_PHASE_GEOMETRY,alloc_ptr_dummy,vtkf.f90,488,8,PA
L1418,VTK_FDS_INTERFACE::BUILD_VTK_SOLID_PHASE_GEOMETRY,alloc_ptr_dummy,vtkf.f90,489,8,PA
L1418,VTK_FDS_INTERFACE::BUILD_VTK_SOLID_PHASE_GEOMETRY,alloc_ptr_dummy,vtkf.f90,489,8,PA
L1418,VTK_FDS_INTERFACE::BUILD_VTK_SOLID_PHASE_GEOMETRY,dt_alloc_component,vtkf.f90,490,3,MESH_TYPE%X
L1418,VTK_FDS_INTERFACE::BUILD_VTK_SOLID_PHASE_GEOMETRY,dt_alloc_component,vtkf.f90,491,3,MESH_TYPE%Y
L1418,VTK_FDS_INTERFACE::BUILD_VTK_SOLID_PHASE_GEOMETRY,dt_alloc_component,vtkf.f90,492,3,MESH_TYPE%Z
L1418,VTK_FDS_INTERFACE::BUILD_VTK_SOLID_PHASE_GEOMETRY,write_derived_index,vtkf.f90,490,3,X_PTS(IFACT)
L1418,VTK_FDS_INTERFACE::BUILD_VTK_SOLID_PHASE_GEOMETRY,write_derived_index,vtkf.f90,491,3,Y_PTS(IFACT)
L1418,VTK_FDS_INTERFACE::BUILD_VTK_SOLID_PHASE_GEOMETRY,write_derived_index,vtkf.f90,492,3,Z_PTS(IFACT)
L1418,VTK_FDS_INTERFACE::BUILD_VTK_SOLID_PHASE_GEOMETRY,reduction_accum,vtkf.f90,493,1,IFACT = IFACT ...
L1421,VTK_FDS_INTERFACE::GET_GEOMINFO_DUP,write_missing_outer_index,vtkf.f90,3107,3,VERTS(3*IVERT-2)
L1421,VTK_FDS_INTERFACE::GET_GEOMINFO_DUP,write_missing_outer_index,vtkf.f90,3108,3,VERTS(3*IVERT-1)
L1421,VTK_FDS_INTERFACE::GET_GEOMINFO_DUP,write_missing_outer_index,vtkf.f90,3109,3,VERTS(3*IVERT)
L1423,VTK_FDS_INTERFACE::GET_GEOMINFO_DUP,write_missing_outer_index,vtkf.f90,3134,3,VERTS(3*IVERT-2)
L1423,VTK_FDS_INTERFACE::GET_GEOMINFO_DUP,write_missing_outer_index,vtkf.f90,3135,3,VERTS(3*IVERT-1)
L1423,VTK_FDS_INTERFACE::GET_GEOMINFO_DUP,write_missing_outer_index,vtkf.f90,3136,3,VERTS(3*IVERT)
L1425,VTK_FDS_INTERFACE::GET_GEOMINFO_DUP,write_missing_outer_index,vtkf.f90,3161,3,VERTS(3*IVERT-2)
L1425,VTK_FDS_INTERFACE::GET_GEOMINFO_DUP,write_missing_outer_index,vtkf.f90,3162,3,VERTS(3*IVERT-1)
L1425,VTK_FDS_INTERFACE::GET_GEOMINFO_DUP,write_missing_outer_index,vtkf.f90,3163,3,VERTS(3*IVERT)
L1427,VTK_FDS_INTERFACE::GET_GEOMINFO_DUP,write_missing_outer_index,vtkf.f90,3198,3,VERTS(3*IVERT-2)
L1427,VTK_FDS_INTERFACE::GET_GEOMINFO_DUP,write_missing_outer_index,vtkf.f90,3199,3,VERTS(3*IVERT-1)
L1427,VTK_FDS_INTERFACE::GET_GEOMINFO_DUP,write_missing_outer_index,vtkf.f90,3200,3,VERTS(3*IVERT)
L1428,VTK_FDS_INTERFACE::GET_GEOMINFO_DUP,alloc,vtkf.f90,3226,2,ALLOCATE
L1428,VTK_FDS_INTERFACE::GET_GEOMINFO_DUP,alloc,vtkf.f90,3239,2,DEALLOCATE
L1428,VTK_FDS_INTERFACE::GET_GEOMINFO_DUP,alloc_ptr_local,vtkf.f90,3223,9,FACEPTR
L1428,VTK_FDS_INTERFACE::GET_GEOMINFO_DUP,alloc_ptr_local,vtkf.f90,3224,9,VERTPTR
L1428,VTK_FDS_INTERFACE::GET_GEOMINFO_DUP,alloc_ptr_local,vtkf.f90,3226,9,LOCTYPE
L1428,VTK_FDS_INTERFACE::GET_GEOMINFO_DUP,alloc_ptr_local,vtkf.f90,3227,9,VERTPTR
L1428,VTK_FDS_INTERFACE::GET_GEOMINFO_DUP,dt_alloc_component,vtkf.f90,3210,3,CC_CUTFACE_TYPE%CFELEM
L1428,VTK_FDS_INTERFACE::GET_GEOMINFO_DUP,dt_alloc_component,vtkf.f90,3217,3,CC_CUTFACE_TYPE%CFELEM
L1428,VTK_FDS_INTERFACE::GET_GEOMINFO_DUP,dt_alloc_component,vtkf.f90,3218,3,CC_CUTFACE_TYPE%XYZVERT
L1428,VTK_FDS_INTERFACE::GET_GEOMINFO_DUP,write_missing_outer_index,vtkf.f90,3218,13,VERTS(3*IVERTCUT-2:3*IVERTCUT)
L1428,VTK_FDS_INTERFACE::GET_GEOMINFO_DUP,write_missing_outer_index,vtkf.f90,3232,13,LOCATIONS(IFACECUT)
L1428,VTK_FDS_INTERFACE::GET_GEOMINFO_DUP,write_missing_outer_index,vtkf.f90,3233,13,LOCATIONS(IFACECUT)
L1428,VTK_FDS_INTERFACE::GET_GEOMINFO_DUP,write_missing_outer_index,vtkf.f90,3243,13,LOCATIONS(IFACE)
L1428,VTK_FDS_INTERFACE::GET_GEOMINFO_DUP,reduction_intrinsic,vtkf.f90,3206,1,ANY
L1428,VTK_FDS_INTERFACE::GET_GEOMINFO_DUP,pointer_reassign,vtkf.f90,3223,2,FACEPTR
L1428,VTK_FDS_INTERFACE::GET_GEOMINFO_DUP,pointer_reassign,vtkf.f90,3224,2,VERTPTR
L1429,VTK_FDS_INTERFACE::GET_GEOMINFO_DUP,write_missing_outer_index,vtkf.f90,3263,3,VERTS(3*IVERT-2)
L1429,VTK_FDS_INTERFACE::GET_GEOMINFO_DUP,write_missing_outer_index,vtkf.f90,3264,3,VERTS(3*IVERT-1)
L1429,VTK_FDS_INTERFACE::GET_GEOMINFO_DUP,write_missing_outer_index,vtkf.f90,3265,3,VERTS(3*IVERT)
L1430,VTK_FDS_INTERFACE::GET_GEOMINFO_DUP,alloc,vtkf.f90,3290,2,ALLOCATE
L1430,VTK_FDS_INTERFACE::GET_GEOMINFO_DUP,alloc,vtkf.f90,3300,2,DEALLOCATE
L1430,VTK_FDS_INTERFACE::GET_GEOMINFO_DUP,alloc_ptr_local,vtkf.f90,3287,9,FACEPTR
L1430,VTK_FDS_INTERFACE::GET_GEOMINFO_DUP,alloc_ptr_local,vtkf.f90,3288,9,VERTPTR
L1430,VTK_FDS_INTERFACE::GET_GEOMINFO_DUP,alloc_ptr_local,vtkf.f90,3290,9,LOCTYPE
L1430,VTK_FDS_INTERFACE::GET_GEOMINFO_DUP,alloc_ptr_local,vtkf.f90,3291,9,VERTPTR
L1430,VTK_FDS_INTERFACE::GET_GEOMINFO_DUP,dt_alloc_component,vtkf.f90,3275,3,CC_CUTFACE_TYPE%CFELEM
L1430,VTK_FDS_INTERFACE::GET_GEOMINFO_DUP,dt_alloc_component,vtkf.f90,3282,3,CC_CUTFACE_TYPE%CFELEM
L1430,VTK_FDS_INTERFACE::GET_GEOMINFO_DUP,dt_alloc_component,vtkf.f90,3283,3,CC_CUTFACE_TYPE%XYZVERT
L1430,VTK_FDS_INTERFACE::GET_GEOMINFO_DUP,write_missing_outer_index,vtkf.f90,3283,13,VERTS(3*IVERTCUT-2:3*IVERTCUT)
L1430,VTK_FDS_INTERFACE::GET_GEOMINFO_DUP,write_missing_outer_index,vtkf.f90,3294,13,LOCATIONS(IFACECUT)
L1430,VTK_FDS_INTERFACE::GET_GEOMINFO_DUP,write_missing_outer_index,vtkf.f90,3295,13,LOCATIONS(IFACECUT)
L1430,VTK_FDS_INTERFACE::GET_GEOMINFO_DUP,write_missing_outer_index,vtkf.f90,3304,13,LOCATIONS(IFACE)
L1430,VTK_FDS_INTERFACE::GET_GEOMINFO_DUP,reduction_intrinsic,vtkf.f90,3271,1,ANY
L1430,VTK_FDS_INTERFACE::GET_GEOMINFO_DUP,pointer_reassign,vtkf.f90,3287,2,FACEPTR
L1430,VTK_FDS_INTERFACE::GET_GEOMINFO_DUP,pointer_reassign,vtkf.f90,3288,2,VERTPTR
L1431,VTK_FDS_INTERFACE::GET_GEOMINFO_DUP,write_missing_outer_index,vtkf.f90,3324,3,VERTS(3*IVERT-2)
L1431,VTK_FDS_INTERFACE::GET_GEOMINFO_DUP,write_missing_outer_index,vtkf.f90,3325,3,VERTS(3*IVERT-1)
L1431,VTK_FDS_INTERFACE::GET_GEOMINFO_DUP,write_missing_outer_index,vtkf.f90,3326,3,VERTS(3*IVERT)
L1432,VTK_FDS_INTERFACE::GET_GEOMINFO_DUP,alloc,vtkf.f90,3351,2,ALLOCATE
L1432,VTK_FDS_INTERFACE::GET_GEOMINFO_DUP,alloc,vtkf.f90,3361,2,DEALLOCATE
L1432,VTK_FDS_INTERFACE::GET_GEOMINFO_DUP,alloc_ptr_local,vtkf.f90,3348,9,FACEPTR
L1432,VTK_FDS_INTERFACE::GET_GEOMINFO_DUP,alloc_ptr_local,vtkf.f90,3349,9,VERTPTR
L1432,VTK_FDS_INTERFACE::GET_GEOMINFO_DUP,alloc_ptr_local,vtkf.f90,3351,9,LOCTYPE
L1432,VTK_FDS_INTERFACE::GET_GEOMINFO_DUP,alloc_ptr_local,vtkf.f90,3352,9,VERTPTR
L1432,VTK_FDS_INTERFACE::GET_GEOMINFO_DUP,dt_alloc_component,vtkf.f90,3336,3,CC_CUTFACE_TYPE%CFELEM
L1432,VTK_FDS_INTERFACE::GET_GEOMINFO_DUP,dt_alloc_component,vtkf.f90,3343,3,CC_CUTFACE_TYPE%CFELEM
L1432,VTK_FDS_INTERFACE::GET_GEOMINFO_DUP,dt_alloc_component,vtkf.f90,3344,3,CC_CUTFACE_TYPE%XYZVERT
L1432,VTK_FDS_INTERFACE::GET_GEOMINFO_DUP,write_missing_outer_index,vtkf.f90,3344,13,VERTS(3*IVERTCUT-2:3*IVERTCUT)
L1432,VTK_FDS_INTERFACE::GET_GEOMINFO_DUP,write_missing_outer_index,vtkf.f90,3355,13,LOCATIONS(IFACECUT)
L1432,VTK_FDS_INTERFACE::GET_GEOMINFO_DUP,write_missing_outer_index,vtkf.f90,3356,13,LOCATIONS(IFACECUT)
L1432,VTK_FDS_INTERFACE::GET_GEOMINFO_DUP,write_missing_outer_index,vtkf.f90,3365,13,LOCATIONS(IFACE)
L1432,VTK_FDS_INTERFACE::GET_GEOMINFO_DUP,reduction_intrinsic,vtkf.f90,3332,1,ANY
L1432,VTK_FDS_INTERFACE::GET_GEOMINFO_DUP,pointer_reassign,vtkf.f90,3348,2,FACEPTR
L1432,VTK_FDS_INTERFACE::GET_GEOMINFO_DUP,pointer_reassign,vtkf.f90,3349,2,VERTPTR
L1433,VTK_FDS_INTERFACE::GET_GEOMINFO_DUP,alloc,vtkf.f90,3409,2,ALLOCATE
L1433,VTK_FDS_INTERFACE::GET_GEOMINFO_DUP,alloc,vtkf.f90,3415,2,DEALLOCATE
L1433,VTK_FDS_INTERFACE::GET_GEOMINFO_DUP,alloc_ptr_local,vtkf.f90,3406,8,FACEPTR
L1433,VTK_FDS_INTERFACE::GET_GEOMINFO_DUP,alloc_ptr_local,vtkf.f90,3407,8,VERTPTR
L1433,VTK_FDS_INTERFACE::GET_GEOMINFO_DUP,alloc_ptr_local,vtkf.f90,3409,8,LOCTYPE
L1433,VTK_FDS_INTERFACE::GET_GEOMINFO_DUP,alloc_ptr_local,vtkf.f90,3410,8,VERTPTR
L1433,VTK_FDS_INTERFACE::GET_GEOMINFO_DUP,dt_alloc_component,vtkf.f90,3392,5,CC_CUTFACE_TYPE%CFELEM
L1433,VTK_FDS_INTERFACE::GET_GEOMINFO_DUP,dt_alloc_component,vtkf.f90,3399,5,CC_CUTFACE_TYPE%CFELEM
L1433,VTK_FDS_INTERFACE::GET_GEOMINFO_DUP,dt_alloc_component,vtkf.f90,3400,5,CC_CUTFACE_TYPE%XYZVERT
L1433,VTK_FDS_INTERFACE::GET_GEOMINFO_DUP,dt_alloc_component,vtkf.f90,3402,5,CC_CUTFACE_TYPE%SURF_INDEX
L1433,VTK_FDS_INTERFACE::GET_GEOMINFO_DUP,write_derived_index,vtkf.f90,3402,2,SURFIND(IFACECUT+1:IFACECUT+NVF-2)
L1433,VTK_FDS_INTERFACE::GET_GEOMINFO_DUP,write_derived_index,vtkf.f90,3403,2,GEOMIND(IFACECUT+1:IFACECUT+NVF-2)
L1433,VTK_FDS_INTERFACE::GET_GEOMINFO_DUP,write_missing_outer_index,vtkf.f90,3400,2,VERTS(3*IVERTCUT-2:3*IVERTCUT)
L1433,VTK_FDS_INTERFACE::GET_GEOMINFO_DUP,write_missing_outer_index,vtkf.f90,3413,2,LOCATIONS(IFACECUT)
L1433,VTK_FDS_INTERFACE::GET_GEOMINFO_DUP,pointer_reassign,vtkf.f90,3406,2,FACEPTR
L1433,VTK_FDS_INTERFACE::GET_GEOMINFO_DUP,pointer_reassign,vtkf.f90,3407,2,VERTPTR
L1434,VTK_FDS_INTERFACE::GET_GEOMINFO_DUP,alloc,vtkf.f90,3499,4,ALLOCATE
L1434,VTK_FDS_INTERFACE::GET_GEOMINFO_DUP,alloc,vtkf.f90,3506,4,DEALLOCATE
L1434,VTK_FDS_INTERFACE::GET_GEOMINFO_DUP,alloc,vtkf.f90,3525,4,ALLOCATE
L1434,VTK_FDS_INTERFACE::GET_GEOMINFO_DUP,alloc,vtkf.f90,3531,4,DEALLOCATE
L1434,VTK_FDS_INTERFACE::GET_GEOMINFO_DUP,alloc_ptr_local,vtkf.f90,3496,17,FACEPTR
L1434,VTK_FDS_INTERFACE::GET_GEOMINFO_DUP,alloc_ptr_local,vtkf.f90,3497,17,VERTPTR
L1434,VTK_FDS_INTERFACE::GET_GEOMINFO_DUP,alloc_ptr_local,vtkf.f90,3499,17,LOCTYPE
L1434,VTK_FDS_INTERFACE::GET_GEOMINFO_DUP,alloc_ptr_local,vtkf.f90,3500,17,VERTPTR
L1434,VTK_FDS_INTERFACE::GET_GEOMINFO_DUP,dt_alloc_component,vtkf.f90,3431,15,CC_CUTCELL_TYPE%CCELEM
L1434,VTK_FDS_INTERFACE::GET_GEOMINFO_DUP,dt_alloc_component,vtkf.f90,3434,15,CC_CUTCELL_TYPE%CCELEM
L1434,VTK_FDS_INTERFACE::GET_GEOMINFO_DUP,dt_alloc_component,vtkf.f90,3435,15,CC_CUTCELL_TYPE%FACE_LIST
L1434,VTK_FDS_INTERFACE::GET_GEOMINFO_DUP,dt_alloc_component,vtkf.f90,3437,15,CC_CUTCELL_TYPE%FACE_LIST
L1434,VTK_FDS_INTERFACE::GET_GEOMINFO_DUP,write_missing_outer_index,vtkf.f90,3447,18,VERTS(3*IVERTCUT-2)
L1434,VTK_FDS_INTERFACE::GET_GEOMINFO_DUP,write_missing_outer_index,vtkf.f90,3448,18,VERTS(3*IVERTCUT-1)
L1434,VTK_FDS_INTERFACE::GET_GEOMINFO_DUP,write_missing_outer_index,vtkf.f90,3449,18,VERTS(3*IVERTCUT)
L1434,VTK_FDS_INTERFACE::GET_GEOMINFO_DUP,write_missing_outer_index,vtkf.f90,3457,18,VERTS(3*IVERTCUT-2)
L1434,VTK_FDS_INTERFACE::GET_GEOMINFO_DUP,pointer_reassign,vtkf.f90,3496,4,FACEPTR
L1434,VTK_FDS_INTERFACE::GET_GEOMINFO_DUP,pointer_reassign,vtkf.f90,3497,4,VERTPTR
L1434,VTK_FDS_INTERFACE::GET_GEOMINFO_DUP,pointer_reassign,vtkf.f90,3522,4,FACEPTR
L1434,VTK_FDS_INTERFACE::GET_GEOMINFO_DUP,pointer_reassign,vtkf.f90,3523,4,VERTPTR
L1435,VTK_FDS_INTERFACE::GET_GEOMSIZES_DUP,dt_alloc_component,vtkf.f90,2937,1,CC_CUTFACE_TYPE%CFELEM
L1435,VTK_FDS_INTERFACE::GET_GEOMSIZES_DUP,reduction_accum,vtkf.f90,2938,3,NFACES_CUTCELLS = NFACES_CUTCELLS ...
L1435,VTK_FDS_INTERFACE::GET_GEOMSIZES_DUP,reduction_accum,vtkf.f90,2939,3,NVERTS_CUTCELLS = NVERTS_CUTCELLS ...
L1435,VTK_FDS_INTERFACE::GET_GEOMSIZES_DUP,reduction_accum,vtkf.f90,2942,3,NFACES = NFACES ...
L1435,VTK_FDS_INTERFACE::GET_GEOMSIZES_DUP,reduction_intrinsic,vtkf.f90,2933,1,ANY
L1436,VTK_FDS_INTERFACE::GET_GEOMSIZES_DUP,dt_alloc_component,vtkf.f90,2954,1,CC_CUTFACE_TYPE%CFELEM
L1436,VTK_FDS_INTERFACE::GET_GEOMSIZES_DUP,reduction_accum,vtkf.f90,2955,3,NFACES_CUTCELLS = NFACES_CUTCELLS ...
L1436,VTK_FDS_INTERFACE::GET_GEOMSIZES_DUP,reduction_accum,vtkf.f90,2956,3,NVERTS_CUTCELLS = NVERTS_CUTCELLS ...
L1436,VTK_FDS_INTERFACE::GET_GEOMSIZES_DUP,reduction_accum,vtkf.f90,2959,3,NFACES = NFACES ...
L1436,VTK_FDS_INTERFACE::GET_GEOMSIZES_DUP,reduction_intrinsic,vtkf.f90,2950,1,ANY
L1437,VTK_FDS_INTERFACE::GET_GEOMSIZES_DUP,dt_alloc_component,vtkf.f90,2971,1,CC_CUTFACE_TYPE%CFELEM
L1437,VTK_FDS_INTERFACE::GET_GEOMSIZES_DUP,reduction_accum,vtkf.f90,2972,3,NFACES_CUTCELLS = NFACES_CUTCELLS ...
L1437,VTK_FDS_INTERFACE::GET_GEOMSIZES_DUP,reduction_accum,vtkf.f90,2973,3,NVERTS_CUTCELLS = NVERTS_CUTCELLS ...
L1437,VTK_FDS_INTERFACE::GET_GEOMSIZES_DUP,reduction_accum,vtkf.f90,2976,3,NFACES = NFACES ...
L1437,VTK_FDS_INTERFACE::GET_GEOMSIZES_DUP,reduction_intrinsic,vtkf.f90,2967,1,ANY
L1438,VTK_FDS_INTERFACE::GET_GEOMSIZES_DUP,dt_alloc_component,vtkf.f90,2989,1,CC_CUTFACE_TYPE%CFELEM
L1438,VTK_FDS_INTERFACE::GET_GEOMSIZES_DUP,reduction_accum,vtkf.f90,2990,2,NFACES_CUTCELLS = NFACES_CUTCELLS ...
L1438,VTK_FDS_INTERFACE::GET_GEOMSIZES_DUP,reduction_accum,vtkf.f90,2991,2,NVERTS_CUTCELLS = NVERTS_CUTCELLS ...
L1439,VTK_FDS_INTERFACE::GET_GEOMSIZES_DUP,dt_alloc_component,vtkf.f90,3005,9,CC_CUTCELL_TYPE%CCELEM
L1439,VTK_FDS_INTERFACE::GET_GEOMSIZES_DUP,dt_alloc_component,vtkf.f90,3008,9,CC_CUTCELL_TYPE%CCELEM
L1439,VTK_FDS_INTERFACE::GET_GEOMSIZES_DUP,dt_alloc_component,vtkf.f90,3009,9,CC_CUTCELL_TYPE%FACE_LIST
L1439,VTK_FDS_INTERFACE::GET_GEOMSIZES_DUP,dt_alloc_component,vtkf.f90,3015,9,CC_CUTCELL_TYPE%FACE_LIST
L1439,VTK_FDS_INTERFACE::GET_GEOMSIZES_DUP,reduction_accum,vtkf.f90,3012,6,NFACES_CUTCELLS = NFACES_CUTCELLS ...
L1439,VTK_FDS_INTERFACE::GET_GEOMSIZES_DUP,reduction_accum,vtkf.f90,3013,6,NVERTS_CUTCELLS = NVERTS_CUTCELLS ...
L1439,VTK_FDS_INTERFACE::GET_GEOMSIZES_DUP,reduction_accum,vtkf.f90,3018,6,NFACES_CUTCELLS = NFACES_CUTCELLS ...
L1439,VTK_FDS_INTERFACE::GET_GEOMSIZES_DUP,reduction_accum,vtkf.f90,3019,6,NVERTS_CUTCELLS = NVERTS_CUTCELLS ...
L1447,VTK_FDS_INTERFACE::INITIALIZE_VTKHDF_PART,io,vtkf.f90,1549,1,WRITE
L1447,VTK_FDS_INTERFACE::INITIALIZE_VTKHDF_PART,alloc_ptr_local,vtkf.f90,1548,5,LPC
L1447,VTK_FDS_INTERFACE::INITIALIZE_VTKHDF_PART,alloc_ptr_local,vtkf.f90,1549,5,LPC
L1447,VTK_FDS_INTERFACE::INITIALIZE_VTKHDF_PART,alloc_ptr_local,vtkf.f90,1565,5,LP
L1447,VTK_FDS_INTERFACE::INITIALIZE_VTKHDF_PART,alloc_ptr_local,vtkf.f90,1566,5,LP
L1447,VTK_FDS_INTERFACE::INITIALIZE_VTKHDF_PART,reduction_intrinsic,vtkf.f90,1581,2,MAXVAL
L1447,VTK_FDS_INTERFACE::INITIALIZE_VTKHDF_PART,reduction_intrinsic,vtkf.f90,1582,2,MAXVAL
L1447,VTK_FDS_INTERFACE::INITIALIZE_VTKHDF_PART,string_op,vtkf.f90,1549,5,FILENAME
L1447,VTK_FDS_INTERFACE::INITIALIZE_VTKHDF_PART,string_op,vtkf.f90,1549,5,VTK_DIR
L1447,VTK_FDS_INTERFACE::INITIALIZE_VTKHDF_PART,string_op,vtkf.f90,1549,5,CHID
L1447,VTK_FDS_INTERFACE::INITIALIZE_VTKHDF_PART,string_op,vtkf.f90,1549,5,//
L1447,VTK_FDS_INTERFACE::INITIALIZE_VTKHDF_PART,pointer_reassign,vtkf.f90,1548,2,LPC
L1447,VTK_FDS_INTERFACE::INITIALIZE_VTKHDF_PART,pointer_reassign,vtkf.f90,1565,2,LP
L1447,VTK_FDS_INTERFACE::INITIALIZE_VTKHDF_PART,mpi_call,vtkf.f90,1589,1,MPI_BARRIER
L1447,VTK_FDS_INTERFACE::INITIALIZE_VTKHDF_PART,library_call,vtkf.f90,1590,2,H5DCLOSE_F
L1447,VTK_FDS_INTERFACE::INITIALIZE_VTKHDF_PART,library_call,vtkf.f90,1591,2,H5PCLOSE_F
L1452,WALL_ROUTINES::ASSIGN_GHOST_VALUE,alloc_ptr_local,wall.f90,319,24,EWC
L1452,WALL_ROUTINES::ASSIGN_GHOST_VALUE,alloc_ptr_local,wall.f90,319,24,EWC
L1452,WALL_ROUTINES::ASSIGN_GHOST_VALUE,alloc_ptr_local,wall.f90,320,24,EWC
L1452,WALL_ROUTINES::ASSIGN_GHOST_VALUE,alloc_ptr_local,wall.f90,320,24,EWC
L1452,WALL_ROUTINES::ASSIGN_GHOST_VALUE,alloc_ptr_dummy,wall.f90,323,13,BC
L1452,WALL_ROUTINES::ASSIGN_GHOST_VALUE,alloc_ptr_dummy,wall.f90,324,13,BC
L1452,WALL_ROUTINES::ASSIGN_GHOST_VALUE,alloc_ptr_dummy,wall.f90,324,13,BC
L1452,WALL_ROUTINES::ASSIGN_GHOST_VALUE,alloc_ptr_dummy,wall.f90,325,13,BC
L1452,WALL_ROUTINES::ASSIGN_GHOST_VALUE,dt_alloc_component,wall.f90,324,12,MESH_TYPE%DY
L1452,WALL_ROUTINES::ASSIGN_GHOST_VALUE,dt_alloc_component,wall.f90,324,12,MESH_TYPE%DZ
L1452,WALL_ROUTINES::ASSIGN_GHOST_VALUE,dt_alloc_component,wall.f90,325,12,MESH_TYPE%DY
L1452,WALL_ROUTINES::ASSIGN_GHOST_VALUE,dt_alloc_component,wall.f90,325,12,MESH_TYPE%DZ
L1452,WALL_ROUTINES::ASSIGN_GHOST_VALUE,reduction_accum,wall.f90,331,4,RHO_OTHER = RHO_OTHER ...
L1452,WALL_ROUTINES::ASSIGN_GHOST_VALUE,reduction_accum,wall.f90,332,4,RHO_ZZ_OTHER(1:N_TOTAL_SCALARS)
L1452,WALL_ROUTINES::ASSIGN_GHOST_VALUE,reduction_accum,wall.f90,334,4,RHO_OTHER_2 = RHO_OTHER_2 ...
L1452,WALL_ROUTINES::ASSIGN_GHOST_VALUE,reduction_accum,wall.f90,335,4,RHO_ZZ_OTHER_2(1:N_TOTAL_SCALARS)
L1470,WALL_ROUTINES::HT3D_TEMPERATURE_EXCHANGE,alloc_ptr_local,wall.f90,3635,63,M
L1470,WALL_ROUTINES::HT3D_TEMPERATURE_EXCHANGE,alloc_ptr_local,wall.f90,3635,63,M
L1470,WALL_ROUTINES::HT3D_TEMPERATURE_EXCHANGE,alloc_ptr_local,wall.f90,3637,63,WC
L1470,WALL_ROUTINES::HT3D_TEMPERATURE_EXCHANGE,alloc_ptr_local,wall.f90,3637,63,M
L1470,WALL_ROUTINES::HT3D_TEMPERATURE_EXCHANGE,dt_alloc_component,wall.f90,3637,46,MESH_TYPE%WALL
L1470,WALL_ROUTINES::HT3D_TEMPERATURE_EXCHANGE,dt_alloc_component,wall.f90,3640,46,MESH_TYPE%BOUNDARY_COORD
L1470,WALL_ROUTINES::HT3D_TEMPERATURE_EXCHANGE,dt_alloc_component,wall.f90,3643,46,MESH_TYPE%BOUNDARY_ONE_D
L1470,WALL_ROUTINES::HT3D_TEMPERATURE_EXCHANGE,dt_alloc_component,wall.f90,3644,46,BOUNDARY_ONE_D_TYPE%N_LAYER_CELLS
L1470,WALL_ROUTINES::HT3D_TEMPERATURE_EXCHANGE,write_derived_index,wall.f90,3671,1,"M%TMP(THR_D%NODE(I)%I,THR_D%NODE(I)%J,THR_D%NODE(I)%K)"
L1470,WALL_ROUTINES::HT3D_TEMPERATURE_EXCHANGE,reduction_intrinsic,wall.f90,3644,2,SUM
L1470,WALL_ROUTINES::HT3D_TEMPERATURE_EXCHANGE,reduction_intrinsic,wall.f90,3652,2,ANY
L1470,WALL_ROUTINES::HT3D_TEMPERATURE_EXCHANGE,pointer_reassign,wall.f90,3637,11,WC
L1470,WALL_ROUTINES::HT3D_TEMPERATURE_EXCHANGE,pointer_reassign,wall.f90,3638,11,SF
L1470,WALL_ROUTINES::HT3D_TEMPERATURE_EXCHANGE,pointer_reassign,wall.f90,3640,11,BC
L1470,WALL_ROUTINES::HT3D_TEMPERATURE_EXCHANGE,pointer_reassign,wall.f90,3643,11,ONE_D
L1471,WALL_ROUTINES::HT3D_TEMPERATURE_EXCHANGE,alloc_ptr_local,wall.f90,3681,51,M
L1471,WALL_ROUTINES::HT3D_TEMPERATURE_EXCHANGE,alloc_ptr_local,wall.f90,3683,51,TW
L1471,WALL_ROUTINES::HT3D_TEMPERATURE_EXCHANGE,alloc_ptr_local,wall.f90,3683,51,M
L1471,WALL_ROUTINES::HT3D_TEMPERATURE_EXCHANGE,alloc_ptr_local,wall.f90,3684,51,SF
L1471,WALL_ROUTINES::HT3D_TEMPERATURE_EXCHANGE,dt_alloc_component,wall.f90,3683,37,MESH_TYPE%THIN_WALL
L1471,WALL_ROUTINES::HT3D_TEMPERATURE_EXCHANGE,dt_alloc_component,wall.f90,3685,37,MESH_TYPE%BOUNDARY_COORD
L1471,WALL_ROUTINES::HT3D_TEMPERATURE_EXCHANGE,dt_alloc_component,wall.f90,3687,37,MESH_TYPE%BOUNDARY_ONE_D
L1471,WALL_ROUTINES::HT3D_TEMPERATURE_EXCHANGE,dt_alloc_component,wall.f90,3688,37,BOUNDARY_ONE_D_TYPE%N_LAYER_CELLS
L1471,WALL_ROUTINES::HT3D_TEMPERATURE_EXCHANGE,reduction_intrinsic,wall.f90,3688,2,SUM
L1471,WALL_ROUTINES::HT3D_TEMPERATURE_EXCHANGE,reduction_intrinsic,wall.f90,3696,2,ANY
L1471,WALL_ROUTINES::HT3D_TEMPERATURE_EXCHANGE,pointer_reassign,wall.f90,3683,11,TW
L1471,WALL_ROUTINES::HT3D_TEMPERATURE_EXCHANGE,pointer_reassign,wall.f90,3684,11,SF
L1471,WALL_ROUTINES::HT3D_TEMPERATURE_EXCHANGE,pointer_reassign,wall.f90,3685,11,BC
L1471,WALL_ROUTINES::HT3D_TEMPERATURE_EXCHANGE,pointer_reassign,wall.f90,3687,11,ONE_D
L1485,WALL_ROUTINES::SURFACE_HEAT_TRANSFER,alloc_ptr_local,wall.f90,896,34,EWC
L1485,WALL_ROUTINES::SURFACE_HEAT_TRANSFER,alloc_ptr_local,wall.f90,896,34,EWC
L1485,WALL_ROUTINES::SURFACE_HEAT_TRANSFER,alloc_ptr_local,wall.f90,897,34,EWC
L1485,WALL_ROUTINES::SURFACE_HEAT_TRANSFER,alloc_ptr_local,wall.f90,897,34,EWC
L1485,WALL_ROUTINES::SURFACE_HEAT_TRANSFER,alloc_ptr_dummy,wall.f90,892,35,B1
L1485,WALL_ROUTINES::SURFACE_HEAT_TRANSFER,alloc_ptr_dummy,wall.f90,893,35,B1
L1485,WALL_ROUTINES::SURFACE_HEAT_TRANSFER,alloc_ptr_dummy,wall.f90,918,35,B1
L1485,WALL_ROUTINES::SURFACE_HEAT_TRANSFER,alloc_ptr_dummy,wall.f90,920,35,BC
L1485,WALL_ROUTINES::SURFACE_HEAT_TRANSFER,dt_alloc_component,wall.f90,908,20,MESH_TYPE%ZC
L1485,WALL_ROUTINES::SURFACE_HEAT_TRANSFER,dt_alloc_component,wall.f90,922,20,MESH_TYPE%DY
L1485,WALL_ROUTINES::SURFACE_HEAT_TRANSFER,dt_alloc_component,wall.f90,922,20,MESH_TYPE%DZ
L1485,WALL_ROUTINES::SURFACE_HEAT_TRANSFER,dt_alloc_component,wall.f90,923,20,MESH_TYPE%RDXN
L1486,WALL_ROUTINES::WALL_BC,alloc_ptr_local,wall.f90,110,18,WC
L1486,WALL_ROUTINES::WALL_BC,alloc_ptr_local,wall.f90,111,18,BC
L1486,WALL_ROUTINES::WALL_BC,alloc_ptr_local,wall.f90,111,18,WC
L1486,WALL_ROUTINES::WALL_BC,alloc_ptr_local,wall.f90,112,18,B1
L1486,WALL_ROUTINES::WALL_BC,pointer_reassign,wall.f90,110,4,WC
L1486,WALL_ROUTINES::WALL_BC,pointer_reassign,wall.f90,111,4,BC
L1486,WALL_ROUTINES::WALL_BC,pointer_reassign,wall.f90,112,4,B1
L1486,WALL_ROUTINES::WALL_BC,pointer_reassign,wall.f90,115,4,SF
L1487,WALL_ROUTINES::WALL_BC,alloc_ptr_local,wall.f90,125,25,TW
L1487,WALL_ROUTINES::WALL_BC,alloc_ptr_local,wall.f90,126,25,BC
L1487,WALL_ROUTINES::WALL_BC,alloc_ptr_local,wall.f90,126,25,TW
L1487,WALL_ROUTINES::WALL_BC,alloc_ptr_local,wall.f90,127,25,B1
L1487,WALL_ROUTINES::WALL_BC,pointer_reassign,wall.f90,125,4,TW
L1487,WALL_ROUTINES::WALL_BC,pointer_reassign,wall.f90,126,4,BC
L1487,WALL_ROUTINES::WALL_BC,pointer_reassign,wall.f90,127,4,B1
L1487,WALL_ROUTINES::WALL_BC,pointer_reassign,wall.f90,128,4,SF
L1488,WALL_ROUTINES::WALL_BC,alloc_ptr_local,wall.f90,146,48,WC
L1488,WALL_ROUTINES::WALL_BC,alloc_ptr_local,wall.f90,147,48,BC
L1488,WALL_ROUTINES::WALL_BC,alloc_ptr_local,wall.f90,147,48,WC
L1488,WALL_ROUTINES::WALL_BC,alloc_ptr_local,wall.f90,148,48,B1
L1488,WALL_ROUTINES::WALL_BC,reduction_intrinsic,wall.f90,163,2,ANY
L1488,WALL_ROUTINES::WALL_BC,reduction_intrinsic,wall.f90,170,2,ANY
L1488,WALL_ROUTINES::WALL_BC,pointer_reassign,wall.f90,146,5,WC
L1488,WALL_ROUTINES::WALL_BC,pointer_reassign,wall.f90,147,5,BC
L1488,WALL_ROUTINES::WALL_BC,pointer_reassign,wall.f90,148,5,B1
L1488,WALL_ROUTINES::WALL_BC,pointer_reassign,wall.f90,150,5,B2
L1490,WALL_ROUTINES::WALL_BC,alloc_ptr_local,wall.f90,202,48,CFA
L1490,WALL_ROUTINES::WALL_BC,alloc_ptr_local,wall.f90,203,48,CFA
L1490,WALL_ROUTINES::WALL_BC,alloc_ptr_local,wall.f90,204,48,SF
L1490,WALL_ROUTINES::WALL_BC,alloc_ptr_local,wall.f90,204,48,CFA
L1490,WALL_ROUTINES::WALL_BC,reduction_intrinsic,wall.f90,218,2,ANY
L1490,WALL_ROUTINES::WALL_BC,reduction_intrinsic,wall.f90,225,2,ANY
L1490,WALL_ROUTINES::WALL_BC,pointer_reassign,wall.f90,202,5,CFA
L1490,WALL_ROUTINES::WALL_BC,pointer_reassign,wall.f90,204,5,SF
L1490,WALL_ROUTINES::WALL_BC,pointer_reassign,wall.f90,205,5,BC
L1490,WALL_ROUTINES::WALL_BC,pointer_reassign,wall.f90,206,5,B1
L1491,WALL_ROUTINES::WALL_BC,alloc_ptr_local,wall.f90,249,28,LP
L1491,WALL_ROUTINES::WALL_BC,alloc_ptr_local,wall.f90,250,28,LPC
L1491,WALL_ROUTINES::WALL_BC,alloc_ptr_local,wall.f90,250,28,LP
L1491,WALL_ROUTINES::WALL_BC,alloc_ptr_local,wall.f90,251,28,LPC
L1491,WALL_ROUTINES::WALL_BC,pointer_reassign,wall.f90,249,5,LP
L1491,WALL_ROUTINES::WALL_BC,pointer_reassign,wall.f90,250,5,LPC
L1491,WALL_ROUTINES::WALL_BC,pointer_reassign,wall.f90,252,5,SF
L1491,WALL_ROUTINES::WALL_BC,pointer_reassign,wall.f90,253,5,BC
