loop_id,candidate,stage,host_side,routine,file,first_line,last_line,nest_depth,iterates_over,index_vars,loop_kind,omp_directive,omp_region_line,stmts_in_body,user_calls_in_body,leaf_or_tree,direct_callees,n_callees_reachable,call_depth,reachable_source_lines,n_reachable_non_pure,n_module_vars,n_mesh_pointers_used,derived_types,ext_calls,body_blockers,callee_blockers,rank_score,rank_timer,est_pct_of_total_time
L0001,yes,predictor/corrector,device-eligible,CC_SCALARS::ADD_CUTCELL_D_PBAR_DT,ccib.f90,694,697,1,cfaces,JCC,do,,,2,0,leaf,,0,0,0,0,5,1,CC_CUTCELL_TYPE,,dt_alloc_component:4,,0.1,GEOM,0.000
L0002,yes,predictor/corrector,device-eligible,CC_SCALARS::ADD_CUTCELL_D_PBAR_DT,ccib.f90,699,702,1,cfaces,JCC,do,,,2,0,leaf,,0,0,0,0,5,1,CC_CUTCELL_TYPE,,dt_alloc_component:4,,0.1,GEOM,0.000
L0003,yes,predictor/corrector,device-eligible,CC_SCALARS::ADD_CUTCELL_PSUM,ccib.f90,737,740,1,cfaces,JCC,do,,,2,0,leaf,,0,0,0,0,5,1,CC_CUTCELL_TYPE,,dt_alloc_component:3; reduction_accum:1,,0.1,GEOM,0.000
L0004,no,pressure,device-eligible,CC_SCALARS::ADD_INPLACE_NNZ_H_WHLDOM,ccib.f90,21146,21169,2,other,"LOCROW,IIND",do,,,11,1,tree,INSERT_SORTED_INT_REAL,1,1,55,1,1,0,ZONE_SOLVE_TYPE,,alloc:2; dt_alloc_component:20; reduction_intrinsic:1; write_derived_index:3,alloc:1; alloc_ptr_dummy:1; alloc_ptr_local:1,0.7,GEOM,0.000
L0005,yes,output,host,CC_SCALARS::ADD_Q_DOT_CUTCELLS,ccib.f90,5957,5970,2,cfaces,"ICC,JCC",do,,,10,1,tree,GET_SENSIBLE_ENTHALPY,1,1,13,1,9,7,"CC_CUTCELL_TYPE,MESH_TYPE",,dt_alloc_component:8; reduction_accum:4,,2.0,GEOM,0.000
L0006,yes,radiation,device-eligible,CC_SCALARS::CCCOMPUTE_RADIATION,ccib.f90,7139,7143,2,cfaces,"ICC,JCC",do,,,1,0,leaf,,0,0,0,0,2,1,"CC_CUTCELL_TYPE,MESH_TYPE",,dt_alloc_component:3,,0.2,GEOM,0.000
L0007,yes,radiation,device-eligible,CC_SCALARS::CCCOMPUTE_RADIATION,ccib.f90,7147,7155,2,cfaces,"ICC,JCC",do,,,5,0,leaf,,0,0,0,0,3,2,"CC_CUTCELL_TYPE,MESH_TYPE",,dt_alloc_component:1,,0.8,GEOM,0.000
L0008,yes,pressure,device-eligible,CC_SCALARS::CC_BAROCLINIC_CORRECTION,ccib.f90,1682,1686,1,cfaces,ICF,do,,,4,0,leaf,,0,0,0,0,3,1,"CC_CUTFACE_TYPE,MESH_TYPE",,dt_alloc_component:3; pointer_reassign:1,,0.2,GEOM,0.000
L0009,yes,pressure,device-eligible,CC_SCALARS::CC_BAROCLINIC_CORRECTION,ccib.f90,1691,1715,2,cfaces,"ICF,JCF",do,,,30,1,tree,GET_CUTFACE_BAROCLINIC_TORQUE,1,1,36,1,11,9,"CC_CUTFACE_TYPE,EXTERNAL_WALL_TYPE,MESH_TYPE,WALL_TYPE",,alloc_ptr_local:1; dt_alloc_component:4; pointer_reassign:1; reduction_intrinsic:4,alloc_ptr_dummy:1; dt_alloc_component:1,5.9,GEOM,0.000
L0010,yes,pressure,device-eligible,CC_SCALARS::CC_BAROCLINIC_CORRECTION,ccib.f90,1718,1744,1,cfaces,ICF,do,,,16,1,tree,GET_RCFACE_BAROCLINIC_TORQUE,1,1,45,1,9,7,"CC_RCFACE_TYPE,EXTERNAL_WALL_TYPE,MESH_TYPE,WALL_TYPE",,alloc_ptr_local:2; pointer_reassign:1; reduction_intrinsic:3; write_missing_outer_index:6,alloc_ptr_dummy:1; dt_alloc_component:1,1.4,GEOM,0.000
L0011,yes,pressure,device-eligible,CC_SCALARS::CC_BAROCLINIC_CORRECTION,ccib.f90,1755,1759,1,cfaces,ICF,do,,,4,0,leaf,,0,0,0,0,3,1,"CC_CUTFACE_TYPE,MESH_TYPE",,dt_alloc_component:3; pointer_reassign:1,,0.2,GEOM,0.000
L0012,yes,predictor/corrector,device-eligible,CC_SCALARS::CC_CHECK_DIVERGENCE,ccib.f90,16315,16353,3,cell,"K,J,I",do,,,25,0,leaf,,0,0,0,0,15,15,CELL_TYPE,,alloc_ptr_local:27; write_derived_index:15,,25.0,GEOM,0.000
L0013,yes,predictor/corrector,device-eligible,CC_SCALARS::CC_CHECK_DIVERGENCE,ccib.f90,16356,16412,2,cfaces,"ICC,JCC",do,,,42,1,tree,GET_VELOC_DIVERGENCE_CUTCELL,1,1,64,1,16,14,"CC_CUTCELL_TYPE,CELL_TYPE,MESH_TYPE",,alloc_ptr_local:31; dt_alloc_component:5; write_derived_index:21,dt_alloc_component:1,8.7,GEOM,0.000
L0014,yes,predictor/corrector,device-eligible,CC_SCALARS::CC_CHECK_DIVERGENCE,ccib.f90,16415,16421,3,cell,"K,J,I",do,,,1,0,leaf,,0,0,0,0,7,7,CELL_TYPE,,,,1.0,GEOM,0.000
L0015,yes,predictor/corrector,device-eligible,CC_SCALARS::CC_CHECK_MASS_DENSITY,ccib.f90,12545,12550,2,cfaces,"ICC,JCC",do,,,4,0,leaf,,0,0,0,0,6,3,"CC_CUTCELL_TYPE,CELL_TYPE,MESH_TYPE",,dt_alloc_component:3; pointer_reassign:1; reduction_intrinsic:1,,0.6,GEOM,0.000
L0016,yes,predictor/corrector,device-eligible,CC_SCALARS::CC_CHECK_MASS_DENSITY,ccib.f90,12556,12561,2,cfaces,"ICC,JCC",do,,,4,0,leaf,,0,0,0,0,6,3,"CC_CUTCELL_TYPE,CELL_TYPE,MESH_TYPE",,dt_alloc_component:3; pointer_reassign:1; reduction_intrinsic:1,,0.6,GEOM,0.000
L0017,yes,predictor/corrector,device-eligible,CC_SCALARS::CC_CHECK_MASS_DENSITY,ccib.f90,12566,12578,3,cell,"K,J,I",do,,,4,0,leaf,,0,0,0,0,8,6,"CELL_TYPE,MESH_TYPE",,alloc_ptr_local:5; dt_alloc_component:1; reduction_intrinsic:1,,4.0,GEOM,0.000
L0018,yes,predictor/corrector,device-eligible,CC_SCALARS::CC_CHECK_MASS_DENSITY,ccib.f90,12583,12671,3,cfaces,"ICC,JCC,IFC,IFC",do,,,91,0,leaf,,0,0,0,0,13,9,"CC_CUTCELL_TYPE,CC_CUTFACE_TYPE,CC_RCFACE_TYPE,CELL_TYPE,MESH_TYPE",,alloc_ptr_local:3; dt_alloc_component:38; pointer_reassign:1; reduction_intrinsic:1; write_derived_index:10,,41.0,GEOM,0.000
L0019,yes,predictor/corrector,device-eligible,CC_SCALARS::CC_CHECK_MASS_DENSITY,ccib.f90,12673,12748,5,cell,"K,J,I,X1AXIS,LOHI,X1AXIS",do,,,69,0,leaf,,0,0,0,0,13,10,"CC_CUTCELL_TYPE,CC_RCFACE_TYPE,CELL_TYPE,MESH_TYPE",,alloc_ptr_local:12; dt_alloc_component:6; reduction_intrinsic:1; write_derived_index:10,,621.0,GEOM,0.000
L0020,yes,predictor/corrector,device-eligible,CC_SCALARS::CC_CHECK_MASS_DENSITY,ccib.f90,12753,12757,2,cfaces,"ICC,JCC",do,,,3,0,leaf,,0,0,0,0,7,3,"CC_CUTCELL_TYPE,CELL_TYPE,MESH_TYPE",,dt_alloc_component:3; pointer_reassign:1,,0.5,GEOM,0.000
L0021,yes,predictor/corrector,device-eligible,CC_SCALARS::CC_CHECK_MASS_DENSITY,ccib.f90,12759,12763,2,cfaces,"ICC,JCC",do,,,3,0,leaf,,0,0,0,0,7,3,"CC_CUTCELL_TYPE,CELL_TYPE,MESH_TYPE",,dt_alloc_component:3; pointer_reassign:1,,0.5,GEOM,0.000
L0022,yes,predictor/corrector,device-eligible,CC_SCALARS::CC_CHECK_MASS_DENSITY,ccib.f90,12775,12779,2,cfaces,"ICC,JCC",do,,,3,0,leaf,,0,0,0,0,5,3,"CC_CUTCELL_TYPE,CELL_TYPE,MESH_TYPE",,dt_alloc_component:2; pointer_reassign:1,,0.5,GEOM,0.000
L0023,yes,predictor/corrector,device-eligible,CC_SCALARS::CC_CHECK_MASS_DENSITY,ccib.f90,12781,12785,2,cfaces,"ICC,JCC",do,,,3,0,leaf,,0,0,0,0,5,3,"CC_CUTCELL_TYPE,CELL_TYPE,MESH_TYPE",,dt_alloc_component:2; pointer_reassign:1,,0.5,GEOM,0.000
L0024,yes,predictor/corrector,device-eligible,CC_SCALARS::CC_CHECK_MASS_DENSITY,ccib.f90,12789,12797,3,cell,"K,J,I",do,,,2,0,leaf,,0,0,0,0,8,6,"CELL_TYPE,MESH_TYPE",,alloc_ptr_local:3; dt_alloc_component:1,,2.0,GEOM,0.000
L0025,yes,predictor/corrector,device-eligible,CC_SCALARS::CC_CHECK_MASS_DENSITY,ccib.f90,12806,13009,6,cfaces,"N,ICC,ICC,JCC,IFC,IFC",do,,,175,0,leaf,,0,0,0,0,16,12,"CC_CUTCELL_TYPE,CC_CUTFACE_TYPE,CC_RCFACE_TYPE,CELL_TYPE,MESH_TYPE",,alloc_ptr_local:21; dt_alloc_component:55; pointer_reassign:3; reduction_accum:1; reduction_intrinsic:2; write_derived_index:20; write_missing_outer_index:1,,2126.2,GEOM,0.000
L0026,yes,predictor/corrector,device-eligible,CC_SCALARS::CC_CHECK_MASS_DENSITY,ccib.f90,13014,13022,3,cell,"K,J,I",do,,,2,0,leaf,,0,0,0,0,8,6,"CELL_TYPE,MESH_TYPE",,alloc_ptr_local:3; dt_alloc_component:1,,2.0,GEOM,0.000
L0027,yes,predictor/corrector,device-eligible,CC_SCALARS::CC_CHECK_MASS_DENSITY,ccib.f90,13028,13041,2,cfaces,"ICC,JCC",do,,,8,0,leaf,,0,0,0,0,6,3,"CC_CUTCELL_TYPE,CELL_TYPE,MESH_TYPE",,dt_alloc_component:9; pointer_reassign:1; reduction_intrinsic:2,,1.2,GEOM,0.000
L0028,yes,predictor/corrector,device-eligible,CC_SCALARS::CC_CHECK_MASS_DENSITY,ccib.f90,13043,13056,2,cfaces,"ICC,JCC",do,,,8,0,leaf,,0,0,0,0,6,3,"CC_CUTCELL_TYPE,CELL_TYPE,MESH_TYPE",,dt_alloc_component:9; pointer_reassign:1; reduction_intrinsic:2,,1.2,GEOM,0.000
L0029,yes,predictor/corrector,device-eligible,CC_SCALARS::CC_CHECK_MASS_DENSITY,ccib.f90,13058,13072,3,cell,"K,J,I",do,,,7,0,leaf,,0,0,0,0,7,6,CELL_TYPE,,alloc_ptr_local:9; reduction_intrinsic:2; write_derived_index:1,,7.0,GEOM,0.000
L0030,yes,predictor/corrector,device-eligible,CC_SCALARS::CC_CHECK_MASS_DENSITY,ccib.f90,13077,13085,3,cell,"K,J,I",do,,,2,0,leaf,,0,0,0,0,8,6,"CELL_TYPE,MESH_TYPE",,alloc_ptr_local:3; dt_alloc_component:1,,2.0,GEOM,0.000
L0031,yes,predictor/corrector,device-eligible,CC_SCALARS::CC_CHECK_MASS_DENSITY::CC_CV_RHOZZ_AVERAGE,ccib.f90,13098,13106,3,cell,"K,J,I",do,,,3,0,leaf,,0,0,0,0,10,7,,,write_derived_index:1,,3.0,GEOM,0.000
L0032,yes,predictor/corrector,device-eligible,CC_SCALARS::CC_CHECK_MASS_DENSITY::CC_CV_RHOZZ_AVERAGE,ccib.f90,13107,13113,2,cfaces,"ICC,JCC",do,,,4,0,leaf,,0,0,0,0,8,3,"CC_CUTCELL_TYPE,CELL_TYPE,MESH_TYPE",,dt_alloc_component:2; pointer_reassign:1; write_derived_index:1,,0.6,GEOM,0.000
L0033,yes,predictor/corrector,device-eligible,CC_SCALARS::CC_CHECK_MASS_DENSITY::CC_CV_RHOZZ_AVERAGE,ccib.f90,13116,13173,4,cell,"N,K,J,I,ICC,JCC",do,,,23,0,leaf,,0,0,0,0,19,10,"CC_CUTCELL_TYPE,CELL_TYPE,MESH_TYPE",,dt_alloc_component:10; pointer_reassign:4; reduction_accum:1; write_derived_index:3; write_missing_outer_index:1,,69.0,GEOM,0.000
L0034,yes,predictor/corrector,device-eligible,CC_SCALARS::CC_COMPUTE_KRES,ccib.f90,3708,3729,2,cfaces,"ICC,JCC,JCC",do,,,16,2,tree,CC_CUTCELL_VELOCITY,1,1,59,1,7,4,"CC_CUTCELL_TYPE,CELL_TYPE,MESH_TYPE",,dt_alloc_component:5; pointer_reassign:1; reduction_intrinsic:2; write_derived_index:1,dt_alloc_component:1; pointer_reassign:1,4.6,GEOM,0.000
L0035,yes,pressure,device-eligible,CC_SCALARS::CC_COMPUTE_VELOCITY_ERROR,ccib.f90,15668,16177,5,wall,"IW,JCF,JCF,JCF,JCF,JCF",do,,,379,0,leaf,,0,0,0,0,29,24,"BOUNDARY_COORD_TYPE,BOUNDARY_PROP1_TYPE,CC_CUTCELL_TYPE,CC_CUTFACE_TYPE,EXTERNAL_WALL_TYPE,MESH_TYPE,OMESH_TYPE,WALL_TYPE",,alloc_ptr_local:412; dt_alloc_component:388; pointer_reassign:20; reduction_intrinsic:2; write_derived_index:4,,6139.8,GEOM,0.000
L0036,yes,predictor/corrector,device-eligible,CC_SCALARS::CC_COMPUTE_VISCOSITY,ccib.f90,5901,5929,3,cell,"K,J,I",do,,,26,1,tree,WALE_VISCOSITY,1,1,58,1,12,12,CELL_TYPE,,alloc_ptr_local:31,,40.5,GEOM,0.000
L0037,yes,predictor/corrector,device-eligible,CC_SCALARS::CC_CUTCELL_VELOCITY,ccib.f90,3755,3793,2,cfaces,"IFC,X1AXIS",do,,,31,0,leaf,,0,0,0,0,14,11,"BOUNDARY_COORD_TYPE,CC_CUTCELL_TYPE,CC_CUTFACE_TYPE,CFACE_TYPE,MESH_TYPE",,dt_alloc_component:18; pointer_reassign:1; reduction_accum:2; write_derived_index:4,,4.7,GEOM,0.000
L0038,yes,predictor/corrector,device-eligible,CC_SCALARS::CC_DENSITY,ccib.f90,11773,11783,3,cell,"K,J,I",do,,,5,1,tree,GET_SPECIFIC_GAS_CONSTANT,1,1,8,1,15,11,,,,,7.0,GEOM,0.000
L0039,no,predictor/corrector,device-eligible,CC_SCALARS::CC_DENSITY,ccib.f90,11787,11789,1,other,N,do,,,1,0,leaf,,0,0,0,0,7,5,MESH_TYPE,,dt_alloc_component:1; write_derived_index:1,,0.0,GEOM,0.000
L0040,yes,predictor/corrector,device-eligible,CC_SCALARS::CC_DENSITY,ccib.f90,11793,11819,2,cfaces,"ICC,JCC",do,,,23,1,tree,GET_SPECIFIC_GAS_CONSTANT,1,1,8,1,16,10,"CC_CUTCELL_TYPE,CELL_TYPE,MESH_TYPE",,dt_alloc_component:14; pointer_reassign:1; write_derived_index:12,,3.8,GEOM,0.000
L0041,yes,predictor/corrector,device-eligible,CC_SCALARS::CC_DENSITY,ccib.f90,11822,11829,3,cell,"K,J,I",do,,,2,0,leaf,,0,0,0,0,6,5,,,,,2.0,GEOM,0.000
L0042,yes,predictor/corrector,device-eligible,CC_SCALARS::CC_DENSITY,ccib.f90,11840,11850,3,cell,"K,J,I",do,,,5,1,tree,GET_SPECIFIC_GAS_CONSTANT,1,1,8,1,15,11,,,,,7.0,GEOM,0.000
L0043,yes,predictor/corrector,device-eligible,CC_SCALARS::CC_DENSITY,ccib.f90,11854,11881,2,cfaces,"ICC,JCC",do,,,23,1,tree,GET_SPECIFIC_GAS_CONSTANT,1,1,8,1,16,10,"CC_CUTCELL_TYPE,CELL_TYPE,MESH_TYPE",,dt_alloc_component:14; pointer_reassign:1; write_derived_index:12,,3.8,GEOM,0.000
L0044,yes,predictor/corrector,device-eligible,CC_SCALARS::CC_DENSITY,ccib.f90,11884,11891,3,cell,"K,J,I",do,,,2,0,leaf,,0,0,0,0,6,5,,,,,2.0,GEOM,0.000
L0045,no,predictor/corrector,device-eligible,CC_SCALARS::CC_DENSITY_EXPLICIT,ccib.f90,11920,11973,2,other,"N,IROW_LOC,IROW_LOC",do,,,18,7,tree,"CC_ROTATED_CUBE_RHS_ZZ,GET_ADVDIFFVECTOR_SCALAR_3D,GET_EXPLICIT_ADVDIFFVECTOR_SCALAR_3D,GET_M_DOT_PPP_SCALAR_3D,GET_RHOZZVECTOR_SCALAR_3D,GET_SHUNN3_QZ,PUT_RHOZZVECTOR_SCALAR_3D",16,4,1750,16,11,0,,,reduction_accum:2; write_missing_outer_index:3,alloc_ptr_dummy:1; alloc_ptr_local:6; dt_alloc_component:9; module_global_write:3; pointer_reassign:7; string_op:1,13.7,GEOM,0.000
L0046,yes,predictor/corrector,device-eligible,CC_SCALARS::CC_DIFFUSIVE_MASS_FLUXES,ccib.f90,11232,11236,1,cfaces,ICF,do,,,3,0,leaf,,0,0,0,0,7,4,"BOUNDARY_PROP1_TYPE,CFACE_TYPE",,alloc_ptr_local:1; dt_alloc_component:1; pointer_reassign:2; reduction_intrinsic:1,,0.2,GEOM,0.000
L0047,yes,predictor/corrector,device-eligible,CC_SCALARS::CC_DIFFUSIVE_MASS_FLUXES,ccib.f90,11242,11589,4,cfaces,"N,IFACE,ISIDE,ISIDE,ISIDE,ICF",do,,,172,10,tree,"GET_BBCUTFACE_RHO_D_DZDN,GET_BBRCFACE_RHO_D_DZDN,GET_BBREGFACE_RHO_D_DZDN,GET_CC_CELL_DIFFUSIVITY",5,2,167,5,21,15,"BOUNDARY_COORD_TYPE,BOUNDARY_PROP1_TYPE,CC_CUTCELL_TYPE,CC_CUTFACE_TYPE,CC_RCFACE_TYPE,CC_REGFACEZ_TYPE,CFACE_TYPE,MESH_TYPE,WALL_TYPE",,alloc_ptr_local:17; dt_alloc_component:72; pointer_reassign:2; reduction_intrinsic:1; write_missing_inner_index:2; write_missing_outer_index:6,dt_alloc_component:3; pointer_reassign:3,288.6,GEOM,0.000
L0048,yes,predictor/corrector,device-eligible,CC_SCALARS::CC_DIVERGENCE_PART_1,ccib.f90,8383,8391,3,cell,"K,J,I",do,,,3,0,leaf,,0,0,0,0,6,5,,,alloc_ptr_local:1,,3.0,GEOM,0.000
L0049,yes,predictor/corrector,device-eligible,CC_SCALARS::CC_DIVERGENCE_PART_1,ccib.f90,8392,8395,1,cfaces,ICC,do,,,2,0,leaf,,0,0,0,0,3,1,"CC_CUTCELL_TYPE,MESH_TYPE",,dt_alloc_component:2; write_indirect:2,,0.1,GEOM,0.000
L0050,yes,predictor/corrector,device-eligible,CC_SCALARS::CC_DIVERGENCE_PART_1,ccib.f90,8398,8413,2,cfaces,"ICC,JCC",do,,,7,0,leaf,,0,0,0,0,8,6,"CC_CUTCELL_TYPE,MESH_TYPE",,dt_alloc_component:5; reduction_intrinsic:1,,1.1,GEOM,0.000
L0051,yes,predictor/corrector,device-eligible,CC_SCALARS::CC_DIVERGENCE_PART_1,ccib.f90,8446,8453,3,cell,"K,J,I",do,,,2,0,leaf,,0,0,0,0,6,5,,,,,2.0,GEOM,0.000
L0052,yes,predictor/corrector,device-eligible,CC_SCALARS::CC_DIVERGENCE_PART_1,ccib.f90,8469,8477,3,cell,"K,J,I",do,,,2,0,leaf,,0,0,0,0,9,9,,,alloc_ptr_local:2,,2.0,GEOM,0.000
L0053,yes,predictor/corrector,device-eligible,CC_SCALARS::CC_DIVERGENCE_PART_1,ccib.f90,8480,8484,2,cfaces,"ICC,JCC",do,,,1,0,leaf,,0,0,0,0,2,1,"CC_CUTCELL_TYPE,MESH_TYPE",,dt_alloc_component:5,,0.2,GEOM,0.000
L0054,yes,predictor/corrector,device-eligible,CC_SCALARS::CC_DIVERGENCE_PART_1,ccib.f90,8513,8524,3,cell,"K,J,I",do,,,6,1,tree,GET_SPECIFIC_HEAT,1,1,11,1,6,5,,,alloc_ptr_local:12,,8.8,GEOM,0.000
L0055,yes,predictor/corrector,device-eligible,CC_SCALARS::CC_DIVERGENCE_PART_1,ccib.f90,8527,8538,2,cfaces,"ICC,JCC",do,,,9,1,tree,GET_SPECIFIC_HEAT,1,1,11,1,6,3,"CC_CUTCELL_TYPE,CELL_TYPE,MESH_TYPE",,alloc_ptr_local:2; dt_alloc_component:11; pointer_reassign:1,,1.8,GEOM,0.000
L0056,yes,predictor/corrector,device-eligible,CC_SCALARS::CC_DIVERGENCE_PART_1,ccib.f90,8546,8591,4,cell,"N,K,J,I,ICC,JCC",do,,,18,4,tree,"CCSPECIES_ADVECTION,GET_SENSIBLE_ENTHALPY_Z",7,4,767,7,15,10,"CC_CUTCELL_TYPE,CELL_TYPE,MESH_TYPE,SPECIES_MIXTURE_TYPE",,alloc_ptr_local:9; dt_alloc_component:16; pointer_reassign:3; reduction_accum:1,alloc_ptr_dummy:1; alloc_ptr_local:2; dt_alloc_component:2; pointer_reassign:2,629.2,GEOM,0.000
L0057,yes,predictor/corrector,device-eligible,CC_SCALARS::CC_DIVERGENCE_PART_1,ccib.f90,8600,8607,3,cell,"K,J,I",do,,,2,0,leaf,,0,0,0,0,8,8,,,alloc_ptr_local:2,,2.0,GEOM,0.000
L0058,yes,predictor/corrector,device-eligible,CC_SCALARS::CC_DIVERGENCE_PART_1,ccib.f90,8610,8615,2,cfaces,"ICC,JCC",do,,,3,0,leaf,,0,0,0,0,5,3,"CC_CUTCELL_TYPE,CELL_TYPE,MESH_TYPE",,dt_alloc_component:4; pointer_reassign:1,,0.5,GEOM,0.000
L0059,yes,predictor/corrector,device-eligible,CC_SCALARS::CC_DIVERGENCE_PART_1,ccib.f90,8623,8632,3,cell,"K,J,I",do,,,2,0,leaf,,0,0,0,0,11,7,,,alloc_ptr_local:5,,2.0,GEOM,0.000
L0060,yes,predictor/corrector,device-eligible,CC_SCALARS::CC_DIVERGENCE_PART_1,ccib.f90,8633,8639,2,cfaces,"ICC,JCC",do,,,3,0,leaf,,0,0,0,0,6,3,"CC_CUTCELL_TYPE,CELL_TYPE,MESH_TYPE",,dt_alloc_component:6; pointer_reassign:1,,0.5,GEOM,0.000
L0061,yes,predictor/corrector,device-eligible,CC_SCALARS::CC_DIVERGENCE_PART_1,ccib.f90,8648,8666,4,cell,"K,J,I,N",do,,,9,3,tree,"GET_SENSIBLE_ENTHALPY_Z,VD2D_MMS_Z_SRC",2,1,39,2,13,11,SPECIES_MIXTURE_TYPE,,alloc_ptr_local:6; pointer_reassign:1; write_missing_inner_index:1,,56.2,GEOM,0.000
L0062,yes,predictor/corrector,device-eligible,CC_SCALARS::CC_DIVERGENCE_PART_1,ccib.f90,8669,8687,3,cfaces,"ICC,JCC,N",do,,,9,3,tree,"GET_SENSIBLE_ENTHALPY_Z,VD2D_MMS_Z_SRC",2,1,39,2,4,1,"CC_CUTCELL_TYPE,MESH_TYPE,SPECIES_MIXTURE_TYPE",,alloc_ptr_local:2; dt_alloc_component:9; pointer_reassign:1; write_missing_inner_index:1,,8.4,GEOM,0.000
L0063,yes,predictor/corrector,device-eligible,CC_SCALARS::CC_DIVERGENCE_PART_1,ccib.f90,8689,8707,3,cfaces,"ICC,JCC,N",do,,,9,3,tree,"GET_SENSIBLE_ENTHALPY_Z,VD2D_MMS_Z_SRC",2,1,39,2,4,1,"CC_CUTCELL_TYPE,MESH_TYPE,SPECIES_MIXTURE_TYPE",,alloc_ptr_local:2; dt_alloc_component:9; pointer_reassign:1; write_missing_inner_index:1,,8.4,GEOM,0.000
L0064,yes,predictor/corrector,device-eligible,CC_SCALARS::CC_DIVERGENCE_PART_1,ccib.f90,8720,8731,3,cell,"K,J,I",do,,,5,0,leaf,,0,0,0,0,9,7,,,alloc_ptr_local:8; write_derived_index:3,,5.0,GEOM,0.000
L0065,yes,predictor/corrector,device-eligible,CC_SCALARS::CC_DIVERGENCE_PART_1,ccib.f90,8734,8745,2,cfaces,"ICC,JCC",do,,,8,0,leaf,,0,0,0,0,6,3,"CC_CUTCELL_TYPE,CELL_TYPE,MESH_TYPE",,alloc_ptr_local:6; dt_alloc_component:5; write_derived_index:3,,1.2,GEOM,0.000
L0066,yes,predictor/corrector,device-eligible,CC_SCALARS::CC_DIVERGENCE_PART_1,ccib.f90,8747,8758,2,cfaces,"ICC,JCC",do,,,8,0,leaf,,0,0,0,0,6,3,"CC_CUTCELL_TYPE,CELL_TYPE,MESH_TYPE",,alloc_ptr_local:6; dt_alloc_component:5; write_derived_index:3,,1.2,GEOM,0.000
L0067,no,predictor/corrector,device-eligible,CC_SCALARS::CC_DIVERGENCE_PART_1,ccib.f90,8765,8768,1,other,INDZ,do,,,2,0,leaf,,0,0,0,0,2,0,,,alloc_ptr_local:6,,0.0,GEOM,0.000
L0068,yes,predictor/corrector,device-eligible,CC_SCALARS::CC_DIVERGENCE_PART_1,ccib.f90,8772,8782,3,cell,"K,J,I",do,,,5,0,leaf,,0,0,0,0,11,8,,,alloc_ptr_local:4,,5.0,GEOM,0.000
L0069,yes,predictor/corrector,device-eligible,CC_SCALARS::CC_DIVERGENCE_PART_1,ccib.f90,8785,8806,2,cfaces,"ICC,JCC",do,,,16,0,leaf,,0,0,0,0,9,6,"CC_CUTCELL_TYPE,CELL_TYPE,MESH_TYPE",,alloc_ptr_local:5; dt_alloc_component:9; write_derived_index:2,,2.4,GEOM,0.000
L0070,yes,predictor/corrector,device-eligible,CC_SCALARS::CC_DIVERGENCE_PART_1,ccib.f90,8808,8829,2,cfaces,"ICC,JCC",do,,,16,0,leaf,,0,0,0,0,9,6,"CC_CUTCELL_TYPE,CELL_TYPE,MESH_TYPE",,alloc_ptr_local:5; dt_alloc_component:9; write_derived_index:2,,2.4,GEOM,0.000
L0071,yes,predictor/corrector,device-eligible,CC_SCALARS::CC_DIVERGENCE_PART_1::CCENTHALPY_ADVECTION,ccib.f90,9521,9544,2,cfaces,"IFACE,ISIDE",do,,,18,1,tree,GET_SENSIBLE_ENTHALPY,1,1,13,1,7,5,"CC_REGFACEZ_TYPE,MESH_TYPE,WALL_TYPE",,alloc_ptr_local:8; write_derived_index:2; write_missing_outer_index:3,,3.2,GEOM,0.000
L0072,yes,predictor/corrector,device-eligible,CC_SCALARS::CC_DIVERGENCE_PART_1::CCENTHALPY_ADVECTION,ccib.f90,9549,9572,2,cfaces,"IFACE,ISIDE",do,,,18,1,tree,GET_SENSIBLE_ENTHALPY,1,1,13,1,7,5,"CC_REGFACEZ_TYPE,MESH_TYPE,WALL_TYPE",,alloc_ptr_local:8; write_derived_index:2; write_missing_outer_index:3,,3.2,GEOM,0.000
L0073,yes,predictor/corrector,device-eligible,CC_SCALARS::CC_DIVERGENCE_PART_1::CCENTHALPY_ADVECTION,ccib.f90,9577,9600,2,cfaces,"IFACE,ISIDE",do,,,18,1,tree,GET_SENSIBLE_ENTHALPY,1,1,13,1,7,5,"CC_REGFACEZ_TYPE,MESH_TYPE,WALL_TYPE",,alloc_ptr_local:8; write_derived_index:2; write_missing_outer_index:3,,3.2,GEOM,0.000
L0074,yes,predictor/corrector,device-eligible,CC_SCALARS::CC_DIVERGENCE_PART_1::CCENTHALPY_ADVECTION,ccib.f90,9603,9789,2,cfaces,"IFACE,ISIDE,ISIDE,ISIDE,ISIDE,ISIDE",do,,,119,12,tree,"GET_SCALAR_FACE_VALUE,GET_SENSIBLE_ENTHALPY",5,3,181,5,15,9,"CC_CUTCELL_TYPE,CC_RCFACE_TYPE,CELL_TYPE,MESH_TYPE",,dt_alloc_component:21; write_derived_index:18; write_missing_outer_index:30,alloc_ptr_dummy:1,24.6,GEOM,0.000
L0075,yes,predictor/corrector,device-eligible,CC_SCALARS::CC_DIVERGENCE_PART_1::CCENTHALPY_ADVECTION,ccib.f90,9792,9895,3,cfaces,"ICF,IFACE,ISIDE,ISIDE",do,,,68,8,tree,"GET_SCALAR_FACE_VALUE,GET_SENSIBLE_ENTHALPY",5,3,181,5,12,6,"CC_CUTCELL_TYPE,CC_CUTFACE_TYPE,CELL_TYPE,MESH_TYPE",,dt_alloc_component:16; write_derived_index:13; write_missing_outer_index:13,alloc_ptr_dummy:1,51.0,GEOM,0.000
L0076,yes,predictor/corrector,device-eligible,CC_SCALARS::CC_DIVERGENCE_PART_1::CCENTHALPY_ADVECTION,ccib.f90,9900,9936,1,cfaces,IFACE,do,,,27,2,tree,GET_SENSIBLE_ENTHALPY,1,1,13,1,11,7,"BOUNDARY_COORD_TYPE,BOUNDARY_PROP1_TYPE,CC_REGFACEZ_TYPE,MESH_TYPE,WALL_TYPE",,alloc_ptr_local:6; dt_alloc_component:1; pointer_reassign:3; write_derived_index:4; write_missing_outer_index:2,,1.5,GEOM,0.000
L0077,yes,predictor/corrector,device-eligible,CC_SCALARS::CC_DIVERGENCE_PART_1::CCENTHALPY_ADVECTION,ccib.f90,9940,9976,1,cfaces,IFACE,do,,,27,2,tree,GET_SENSIBLE_ENTHALPY,1,1,13,1,11,7,"BOUNDARY_COORD_TYPE,BOUNDARY_PROP1_TYPE,CC_REGFACEZ_TYPE,MESH_TYPE,WALL_TYPE",,alloc_ptr_local:6; dt_alloc_component:1; pointer_reassign:3; write_derived_index:4; write_missing_outer_index:2,,1.5,GEOM,0.000
L0078,yes,predictor/corrector,device-eligible,CC_SCALARS::CC_DIVERGENCE_PART_1::CCENTHALPY_ADVECTION,ccib.f90,9980,10016,1,cfaces,IFACE,do,,,27,2,tree,GET_SENSIBLE_ENTHALPY,1,1,13,1,11,7,"BOUNDARY_COORD_TYPE,BOUNDARY_PROP1_TYPE,CC_REGFACEZ_TYPE,MESH_TYPE,WALL_TYPE",,alloc_ptr_local:6; dt_alloc_component:1; pointer_reassign:3; write_derived_index:4; write_missing_outer_index:2,,1.5,GEOM,0.000
L0079,yes,predictor/corrector,device-eligible,CC_SCALARS::CC_DIVERGENCE_PART_1::CCENTHALPY_ADVECTION,ccib.f90,10019,10127,1,cfaces,IFACE,do,,,69,3,tree,"GET_CCIFACE_RHOHS_LIM,GET_SENSIBLE_ENTHALPY",6,4,232,6,14,10,"BOUNDARY_COORD_TYPE,BOUNDARY_PROP1_TYPE,CC_CUTCELL_TYPE,CC_RCFACE_TYPE,MESH_TYPE,WALL_TYPE",,alloc_ptr_local:6; dt_alloc_component:18; pointer_reassign:3; write_derived_index:17; write_missing_outer_index:7,alloc_ptr_dummy:1; alloc_ptr_local:1; dt_alloc_component:1; pointer_reassign:1,6.4,GEOM,0.000
L0080,yes,predictor/corrector,device-eligible,CC_SCALARS::CC_DIVERGENCE_PART_1::CCENTHALPY_ADVECTION,ccib.f90,10130,10183,2,cfaces,"ICF,IFACE",do,,,34,3,tree,"GET_CCIFACE_RHOHS_LIM,GET_SENSIBLE_ENTHALPY",6,4,232,6,11,7,"BOUNDARY_COORD_TYPE,BOUNDARY_PROP1_TYPE,CC_CUTCELL_TYPE,CC_CUTFACE_TYPE,CFACE_TYPE,MESH_TYPE,WALL_TYPE",,alloc_ptr_local:9; dt_alloc_component:17; pointer_reassign:4; write_derived_index:4; write_missing_outer_index:2,alloc_ptr_dummy:1; alloc_ptr_local:1; dt_alloc_component:1; pointer_reassign:1,13.8,GEOM,0.000
L0081,yes,predictor/corrector,device-eligible,CC_SCALARS::CC_DIVERGENCE_PART_1::CCENTHALPY_ADVECTION,ccib.f90,10187,10210,1,cfaces,ICFA,do,,,19,2,tree,GET_SENSIBLE_ENTHALPY,1,1,13,1,8,6,"BOUNDARY_PROP1_TYPE,CC_CUTCELL_TYPE,CC_CUTFACE_TYPE,CFACE_TYPE",,alloc_ptr_local:7; dt_alloc_component:10; pointer_reassign:2; write_derived_index:4; write_missing_outer_index:2,,1.1,GEOM,0.000
L0082,yes,predictor/corrector,device-eligible,CC_SCALARS::CC_DIVERGENCE_PART_1::CCSPECIES_ADVECTION,ccib.f90,8974,8976,1,cfaces,ICC,do,,,2,0,leaf,,0,0,0,0,3,1,"CC_CUTCELL_TYPE,MESH_TYPE",,dt_alloc_component:1; pointer_reassign:1,,0.1,GEOM,0.000
L0083,yes,predictor/corrector,device-eligible,CC_SCALARS::CC_DIVERGENCE_PART_1::CCSPECIES_ADVECTION,ccib.f90,8980,9012,1,cfaces,IFACE,do,,,23,0,leaf,,0,0,0,0,10,6,"BOUNDARY_COORD_TYPE,BOUNDARY_PROP1_TYPE,CC_REGFACEZ_TYPE,MESH_TYPE,WALL_TYPE",,alloc_ptr_local:13; dt_alloc_component:3; pointer_reassign:2; reduction_intrinsic:1; write_derived_index:5,,1.2,GEOM,0.000
L0084,yes,predictor/corrector,device-eligible,CC_SCALARS::CC_DIVERGENCE_PART_1::CCSPECIES_ADVECTION,ccib.f90,9016,9049,1,cfaces,IFACE,do,,,24,0,leaf,,0,0,0,0,11,6,"BOUNDARY_COORD_TYPE,BOUNDARY_PROP1_TYPE,CC_REGFACEZ_TYPE,MESH_TYPE,WALL_TYPE",,alloc_ptr_local:13; dt_alloc_component:3; pointer_reassign:3; reduction_intrinsic:1; write_derived_index:5,,1.2,GEOM,0.000
L0085,yes,predictor/corrector,device-eligible,CC_SCALARS::CC_DIVERGENCE_PART_1::CCSPECIES_ADVECTION,ccib.f90,9053,9085,1,cfaces,IFACE,do,,,23,0,leaf,,0,0,0,0,10,6,"BOUNDARY_COORD_TYPE,BOUNDARY_PROP1_TYPE,CC_REGFACEZ_TYPE,MESH_TYPE,WALL_TYPE",,alloc_ptr_local:13; dt_alloc_component:3; pointer_reassign:2; reduction_intrinsic:1; write_derived_index:5,,1.2,GEOM,0.000
L0086,yes,predictor/corrector,device-eligible,CC_SCALARS::CC_DIVERGENCE_PART_1::CCSPECIES_ADVECTION,ccib.f90,9088,9338,2,cfaces,"IFACE,ISIDE,ISIDE,ISIDE,ISIDE,ISIDE",do,,,154,4,tree,"GET_CCIFACE_RHOZZ_LIM,GET_SCALAR_FACE_VALUE",5,3,214,5,21,12,"BOUNDARY_COORD_TYPE,BOUNDARY_PROP1_TYPE,CC_CUTCELL_TYPE,CC_RCFACE_TYPE,CELL_TYPE,MESH_TYPE,WALL_TYPE",,alloc_ptr_local:5; dt_alloc_component:33; pointer_reassign:3; write_derived_index:29; write_missing_outer_index:12,alloc_ptr_dummy:1; alloc_ptr_local:1; dt_alloc_component:1; pointer_reassign:1,31.1,GEOM,0.000
L0087,yes,predictor/corrector,device-eligible,CC_SCALARS::CC_DIVERGENCE_PART_1::CCSPECIES_ADVECTION,ccib.f90,9341,9469,3,cfaces,"ICF,IFACE,IFACE,ISIDE,ISIDE",do,,,83,2,tree,"GET_CCIFACE_RHOZZ_LIM,GET_SCALAR_FACE_VALUE",5,3,214,5,16,9,"BOUNDARY_COORD_TYPE,BOUNDARY_PROP1_TYPE,CC_CUTCELL_TYPE,CC_CUTFACE_TYPE,CELL_TYPE,CFACE_TYPE,MESH_TYPE,WALL_TYPE",,alloc_ptr_local:6; dt_alloc_component:30; pointer_reassign:4; write_derived_index:16; write_missing_outer_index:4,alloc_ptr_dummy:1; alloc_ptr_local:1; dt_alloc_component:1; pointer_reassign:1,61.4,GEOM,0.000
L0088,yes,predictor/corrector,device-eligible,CC_SCALARS::CC_DIVERGENCE_PART_1::CCSPECIES_ADVECTION,ccib.f90,9474,9492,1,cfaces,ICFA,do,,,13,0,leaf,,0,0,0,0,7,6,"BOUNDARY_PROP1_TYPE,CC_CUTCELL_TYPE,CC_CUTFACE_TYPE,CFACE_TYPE",,alloc_ptr_local:5; dt_alloc_component:9; pointer_reassign:2; write_derived_index:3,,0.7,GEOM,0.000
L0089,yes,predictor/corrector,device-eligible,CC_SCALARS::CC_DIVERGENCE_PART_1::CC_CONDUCTION_HEAT_FLUX,ccib.f90,10648,10672,2,cfaces,"IFACE,ISIDE",do,,,12,1,tree,GET_CC_CELL_CONDUCTIVITY,3,2,47,3,10,8,"CC_REGFACEZ_TYPE,MESH_TYPE,WALL_TYPE",,save_var:6; write_derived_index:2; write_missing_outer_index:2,,3.6,GEOM,0.000
L0090,yes,predictor/corrector,device-eligible,CC_SCALARS::CC_DIVERGENCE_PART_1::CC_CONDUCTION_HEAT_FLUX,ccib.f90,10676,10700,2,cfaces,"IFACE,ISIDE",do,,,12,1,tree,GET_CC_CELL_CONDUCTIVITY,3,2,47,3,10,8,"CC_REGFACEZ_TYPE,MESH_TYPE,WALL_TYPE",,save_var:6; write_derived_index:2; write_missing_outer_index:2,,3.6,GEOM,0.000
L0091,yes,predictor/corrector,device-eligible,CC_SCALARS::CC_DIVERGENCE_PART_1::CC_CONDUCTION_HEAT_FLUX,ccib.f90,10704,10728,2,cfaces,"IFACE,ISIDE",do,,,12,1,tree,GET_CC_CELL_CONDUCTIVITY,3,2,47,3,10,8,"CC_REGFACEZ_TYPE,MESH_TYPE,WALL_TYPE",,save_var:6; write_derived_index:2; write_missing_outer_index:2,,3.6,GEOM,0.000
L0092,yes,predictor/corrector,device-eligible,CC_SCALARS::CC_DIVERGENCE_PART_1::CC_CONDUCTION_HEAT_FLUX,ccib.f90,10732,10881,2,cfaces,"IFACE,ISIDE,ISIDE,ISIDE,ISIDE,ISIDE",do,,,73,3,tree,GET_CC_CELL_CONDUCTIVITY,3,2,47,3,11,9,"CC_CUTCELL_TYPE,CC_RCFACE_TYPE,MESH_TYPE,WALL_TYPE",,dt_alloc_component:18; save_var:18; write_derived_index:6; write_missing_outer_index:12,,12.7,GEOM,0.000
L0093,yes,predictor/corrector,device-eligible,CC_SCALARS::CC_DIVERGENCE_PART_1::CC_CONDUCTION_HEAT_FLUX,ccib.f90,10884,10941,3,cfaces,"ICF,IFACE,ISIDE,ISIDE",do,,,34,1,tree,GET_CC_CELL_CONDUCTIVITY,3,2,47,3,7,5,"CC_CUTCELL_TYPE,CC_CUTFACE_TYPE,MESH_TYPE,WALL_TYPE",,dt_alloc_component:17; save_var:5; write_derived_index:1; write_missing_outer_index:9,,20.6,GEOM,0.000
L0094,yes,predictor/corrector,device-eligible,CC_SCALARS::CC_DIVERGENCE_PART_1::CC_CONDUCTION_HEAT_FLUX,ccib.f90,10946,10960,1,cfaces,IFACE,do,,,11,0,leaf,,0,0,0,0,11,7,"BOUNDARY_COORD_TYPE,BOUNDARY_PROP1_TYPE,CC_REGFACEZ_TYPE,MESH_TYPE,WALL_TYPE",,pointer_reassign:3; write_derived_index:1,,0.6,GEOM,0.000
L0095,yes,predictor/corrector,device-eligible,CC_SCALARS::CC_DIVERGENCE_PART_1::CC_CONDUCTION_HEAT_FLUX,ccib.f90,10964,10978,1,cfaces,IFACE,do,,,11,0,leaf,,0,0,0,0,11,7,"BOUNDARY_COORD_TYPE,BOUNDARY_PROP1_TYPE,CC_REGFACEZ_TYPE,MESH_TYPE,WALL_TYPE",,pointer_reassign:3; write_derived_index:1,,0.6,GEOM,0.000
L0096,yes,predictor/corrector,device-eligible,CC_SCALARS::CC_DIVERGENCE_PART_1::CC_CONDUCTION_HEAT_FLUX,ccib.f90,10982,10996,1,cfaces,IFACE,do,,,11,0,leaf,,0,0,0,0,11,7,"BOUNDARY_COORD_TYPE,BOUNDARY_PROP1_TYPE,CC_REGFACEZ_TYPE,MESH_TYPE,WALL_TYPE",,pointer_reassign:3; write_derived_index:1,,0.6,GEOM,0.000
L0097,yes,predictor/corrector,device-eligible,CC_SCALARS::CC_DIVERGENCE_PART_1::CC_CONDUCTION_HEAT_FLUX,ccib.f90,10999,11035,1,cfaces,IFACE,do,,,21,0,leaf,,0,0,0,0,12,8,"BOUNDARY_COORD_TYPE,BOUNDARY_PROP1_TYPE,CC_CUTCELL_TYPE,CC_RCFACE_TYPE,MESH_TYPE,WALL_TYPE",,dt_alloc_component:3; pointer_reassign:3; write_derived_index:2,,1.1,GEOM,0.000
L0098,yes,predictor/corrector,device-eligible,CC_SCALARS::CC_DIVERGENCE_PART_1::CC_CONDUCTION_HEAT_FLUX,ccib.f90,11038,11113,2,cfaces,"ICF,IFACE,IFACE",do,,,46,1,tree,GET_CC_CELL_CONDUCTIVITY,3,2,47,3,13,8,"BOUNDARY_COORD_TYPE,BOUNDARY_PROP1_TYPE,CC_CUTCELL_TYPE,CC_CUTFACE_TYPE,MESH_TYPE,WALL_TYPE",,dt_alloc_component:21; pointer_reassign:2; save_var:8; write_derived_index:3; write_missing_outer_index:10,,8.7,GEOM,0.000
L0099,yes,predictor/corrector,device-eligible,CC_SCALARS::CC_DIVERGENCE_PART_1::CC_CONDUCTION_HEAT_FLUX,ccib.f90,11117,11123,1,cfaces,ICF,do,,,7,0,leaf,,0,0,0,0,8,6,"BOUNDARY_PROP1_TYPE,CC_CUTCELL_TYPE,CC_CUTFACE_TYPE,CFACE_TYPE",,dt_alloc_component:5; pointer_reassign:2; write_derived_index:1,,0.4,GEOM,0.000
L0100,yes,predictor/corrector,device-eligible,CC_SCALARS::CC_DIVERGENCE_PART_1::CC_CONDUCTION_HEAT_FLUX,ccib.f90,11125,11131,1,cfaces,ICF,do,,,7,0,leaf,,0,0,0,0,8,6,"BOUNDARY_PROP1_TYPE,CC_CUTCELL_TYPE,CC_CUTFACE_TYPE,CFACE_TYPE",,dt_alloc_component:5; pointer_reassign:2; write_derived_index:1,,0.4,GEOM,0.000
L0101,yes,predictor/corrector,device-eligible,CC_SCALARS::CC_DIVERGENCE_PART_1::CC_DIFFUSIVE_HEAT_FLUXES,ccib.f90,10226,10317,2,cfaces,"N,IFACE,IFACE,IFACE",do,,,54,3,tree,GET_SENSIBLE_ENTHALPY_Z,1,1,11,1,11,9,"CC_REGFACEZ_TYPE,MESH_TYPE,WALL_TYPE",,dt_alloc_component:18; write_derived_index:12,,8.5,GEOM,0.000
L0102,yes,predictor/corrector,device-eligible,CC_SCALARS::CC_DIVERGENCE_PART_1::CC_DIFFUSIVE_HEAT_FLUXES,ccib.f90,10320,10412,3,cfaces,"IFACE,N,ISIDE,N,N,ISIDE",do,,,44,3,tree,GET_SENSIBLE_ENTHALPY_Z,1,1,11,1,9,7,"CC_CUTCELL_TYPE,CC_RCFACE_TYPE,MESH_TYPE,WALL_TYPE",,dt_alloc_component:30; reduction_intrinsic:6; write_derived_index:12,,21.0,GEOM,0.000
L0103,yes,predictor/corrector,device-eligible,CC_SCALARS::CC_DIVERGENCE_PART_1::CC_DIFFUSIVE_HEAT_FLUXES,ccib.f90,10415,10447,3,cfaces,"ICF,IFACE,N,ISIDE",do,,,18,1,tree,GET_SENSIBLE_ENTHALPY_Z,1,1,11,1,5,3,"CC_CUTCELL_TYPE,CC_CUTFACE_TYPE,MESH_TYPE,WALL_TYPE",,dt_alloc_component:13; reduction_intrinsic:1; write_derived_index:2,,9.3,GEOM,0.000
L0104,yes,predictor/corrector,device-eligible,CC_SCALARS::CC_DIVERGENCE_PART_1::CC_DIFFUSIVE_HEAT_FLUXES,ccib.f90,10453,10471,2,cfaces,"ICF,N",do,,,14,1,tree,GET_SENSIBLE_ENTHALPY_Z,1,1,11,1,9,6,"BOUNDARY_PROP1_TYPE,CC_CUTCELL_TYPE,CC_CUTFACE_TYPE,CFACE_TYPE",,dt_alloc_component:10; pointer_reassign:2; reduction_intrinsic:1; write_derived_index:3,,2.5,GEOM,0.000
L0105,yes,predictor/corrector,device-eligible,CC_SCALARS::CC_DIVERGENCE_PART_1::CC_DIFFUSIVE_HEAT_FLUXES,ccib.f90,10474,10569,2,cfaces,"N,IFACE,IFACE,IFACE",do,,,69,3,tree,GET_SENSIBLE_ENTHALPY_Z,1,1,11,1,16,11,"BOUNDARY_COORD_TYPE,BOUNDARY_PROP1_TYPE,CC_REGFACEZ_TYPE,MESH_TYPE,WALL_TYPE",,dt_alloc_component:18; pointer_reassign:9; reduction_intrinsic:3; write_derived_index:12,,10.8,GEOM,0.000
L0106,yes,predictor/corrector,device-eligible,CC_SCALARS::CC_DIVERGENCE_PART_1::CC_DIFFUSIVE_HEAT_FLUXES,ccib.f90,10572,10604,2,cfaces,"IFACE,N,N",do,,,29,1,tree,GET_SENSIBLE_ENTHALPY_Z,1,1,11,1,13,8,"BOUNDARY_COORD_TYPE,CC_CUTCELL_TYPE,CC_RCFACE_TYPE,MESH_TYPE,WALL_TYPE",,dt_alloc_component:10; pointer_reassign:3; reduction_intrinsic:3; write_derived_index:4,,4.8,GEOM,0.000
L0107,yes,predictor/corrector,device-eligible,CC_SCALARS::CC_DIVERGENCE_PART_1::CC_DIFFUSIVE_HEAT_FLUXES,ccib.f90,10607,10634,3,cfaces,"ICF,IFACE,N",do,,,21,1,tree,GET_SENSIBLE_ENTHALPY_Z,1,1,11,1,8,4,"BOUNDARY_COORD_TYPE,CC_CUTCELL_TYPE,CC_CUTFACE_TYPE,MESH_TYPE,WALL_TYPE",,dt_alloc_component:13; pointer_reassign:2; reduction_intrinsic:2; write_derived_index:2,,10.7,GEOM,0.000
L0108,yes,predictor/corrector,device-eligible,CC_SCALARS::CC_DIVERGENCE_PART_1::FIX_CC_DIFF_MASS_FLUXES,ccib.f90,8849,8867,1,cfaces,IFACE,do,,,8,0,leaf,,0,0,0,0,4,2,"CC_REGFACEZ_TYPE,MESH_TYPE,WALL_TYPE",,dt_alloc_component:3; reduction_intrinsic:2; write_derived_index:1,,0.4,GEOM,0.000
L0109,yes,predictor/corrector,device-eligible,CC_SCALARS::CC_DIVERGENCE_PART_1::FIX_CC_DIFF_MASS_FLUXES,ccib.f90,8871,8889,1,cfaces,IFACE,do,,,8,0,leaf,,0,0,0,0,4,2,"CC_REGFACEZ_TYPE,MESH_TYPE,WALL_TYPE",,dt_alloc_component:3; reduction_intrinsic:2; write_derived_index:1,,0.4,GEOM,0.000
L0110,yes,predictor/corrector,device-eligible,CC_SCALARS::CC_DIVERGENCE_PART_1::FIX_CC_DIFF_MASS_FLUXES,ccib.f90,8893,8911,1,cfaces,IFACE,do,,,8,0,leaf,,0,0,0,0,4,2,"CC_REGFACEZ_TYPE,MESH_TYPE,WALL_TYPE",,dt_alloc_component:3; reduction_intrinsic:2; write_derived_index:1,,0.4,GEOM,0.000
L0111,yes,predictor/corrector,device-eligible,CC_SCALARS::CC_DIVERGENCE_PART_1::FIX_CC_DIFF_MASS_FLUXES,ccib.f90,8914,8927,1,cfaces,IFACE,do,,,5,0,leaf,,0,0,0,0,4,2,"CC_RCFACE_TYPE,MESH_TYPE,WALL_TYPE",,dt_alloc_component:5; reduction_accum:1; reduction_intrinsic:2; write_derived_index:1,,0.2,GEOM,0.000
L0112,yes,predictor/corrector,device-eligible,CC_SCALARS::CC_DIVERGENCE_PART_1::FIX_CC_DIFF_MASS_FLUXES,ccib.f90,8931,8947,2,cfaces,"ICF,IFACE",do,,,6,0,leaf,,0,0,0,0,4,2,"CC_CUTFACE_TYPE,MESH_TYPE,WALL_TYPE",,dt_alloc_component:5; reduction_intrinsic:2; write_derived_index:1,,0.9,GEOM,0.000
L0113,yes,exchange/communication,device-eligible,CC_SCALARS::CC_H_INTERP,ccib.f90,7070,7099,1,cfaces,ICC,do,,,16,0,leaf,,0,0,0,0,9,4,"CC_CUTCELL_TYPE,MESH_TYPE",,alloc_ptr_local:4; dt_alloc_component:5; write_derived_index:4,,0.8,GEOM,0.000
L0114,yes,predictor/corrector,device-eligible,CC_SCALARS::CC_MATCH_VELOCITY,ccib.f90,5405,5853,5,wall,"IW,KKO,JJO,IIO,JCFO,KKO",do,,,278,0,leaf,,0,0,0,0,19,14,"BOUNDARY_COORD_TYPE,CC_CUTFACE_TYPE,EXTERNAL_WALL_TYPE,MESH_TYPE,OMESH_TYPE,WALL_TYPE",,alloc_ptr_local:338; dt_alloc_component:280; pointer_reassign:30; write_derived_index:6; write_missing_inner_index:3,,4503.6,GEOM,0.000
L0115,yes,pressure,device-eligible,CC_SCALARS::CC_MATCH_VELOCITY_FLUX,ccib.f90,5169,5362,5,wall,"IW,KKO,JJO,IIO,JCFO,KKO",do,,,84,0,leaf,,0,0,0,0,18,13,"BOUNDARY_COORD_TYPE,CC_CUTFACE_TYPE,EXTERNAL_WALL_TYPE,MESH_TYPE,OMESH_TYPE,WALL_TYPE",,alloc_ptr_local:92; dt_alloc_component:83; pointer_reassign:12; reduction_intrinsic:2; write_derived_index:6,,1360.8,GEOM,0.000
L0116,yes,pressure,device-eligible,CC_SCALARS::CC_NO_FLUX,ccib.f90,15463,15504,2,cfaces,"ICF,JCF,JCF,JCF",do,,,34,0,leaf,,0,0,0,0,8,4,"CC_CUTFACE_TYPE,MESH_TYPE",,alloc_ptr_local:6; dt_alloc_component:27; pointer_reassign:1,,5.1,GEOM,0.000
L0117,yes,pressure,device-eligible,CC_SCALARS::CC_NO_FLUX,ccib.f90,15510,15537,1,cfaces,ICF,do,,,25,0,leaf,,0,0,0,0,11,8,"BOUNDARY_COORD_TYPE,BOUNDARY_PROP1_TYPE,CC_CUTFACE_TYPE,CFACE_TYPE,EXTERNAL_WALL_TYPE",,alloc_ptr_local:9; dt_alloc_component:4; pointer_reassign:3; reduction_intrinsic:1; write_derived_index:1,,1.2,GEOM,0.000
L0118,yes,pressure,device-eligible,CC_SCALARS::CC_NO_FLUX,ccib.f90,15541,15567,1,wall,IW,do,,,15,0,leaf,,0,0,0,0,7,6,"BOUNDARY_COORD_TYPE,EXTERNAL_WALL_TYPE,WALL_TYPE",,alloc_ptr_local:5; pointer_reassign:3,,3.0,GEOM,0.000
L0119,yes,predictor/corrector,device-eligible,CC_SCALARS::CC_PROJECT_VELOCITY,ccib.f90,2725,2728,1,cfaces,ICF,do,,,3,0,leaf,,0,0,0,0,3,1,"CC_CUTFACE_TYPE,MESH_TYPE",,dt_alloc_component:3; pointer_reassign:1,,0.2,GEOM,0.000
L0120,yes,predictor/corrector,device-eligible,CC_SCALARS::CC_PROJECT_VELOCITY,ccib.f90,2730,2756,4,cell,"K,J,I,JCF,JCF",do,,,13,0,leaf,,0,0,0,0,13,11,"CC_CUTCELL_TYPE,CC_CUTFACE_TYPE,WALL_TYPE",,dt_alloc_component:18; pointer_reassign:1; reduction_intrinsic:2,,39.0,GEOM,0.000
L0121,yes,predictor/corrector,device-eligible,CC_SCALARS::CC_PROJECT_VELOCITY,ccib.f90,2758,2783,4,cell,"K,J,I,JCF,JCF",do,,,13,0,leaf,,0,0,0,0,13,11,"CC_CUTCELL_TYPE,CC_CUTFACE_TYPE,WALL_TYPE",,dt_alloc_component:18; pointer_reassign:1; reduction_intrinsic:2,,39.0,GEOM,0.000
L0122,yes,predictor/corrector,device-eligible,CC_SCALARS::CC_PROJECT_VELOCITY,ccib.f90,2785,2810,4,face,"K,J,I,JCF,JCF",do,,,13,0,leaf,,0,0,0,0,13,11,"CC_CUTCELL_TYPE,CC_CUTFACE_TYPE,WALL_TYPE",,dt_alloc_component:18; pointer_reassign:1; reduction_intrinsic:2,,39.0,GEOM,0.000
L0123,yes,predictor/corrector,device-eligible,CC_SCALARS::CC_PROJECT_VELOCITY,ccib.f90,2813,2827,1,cfaces,IFACE,do,,,12,0,leaf,,0,0,0,0,14,12,"CC_RCFACE_TYPE,MESH_TYPE,WALL_TYPE",,dt_alloc_component:1; pointer_reassign:1; reduction_intrinsic:1; write_derived_index:3,,0.6,GEOM,0.000
L0124,yes,predictor/corrector,device-eligible,CC_SCALARS::CC_PROJECT_VELOCITY,ccib.f90,2830,2849,1,wall,IW,do,,,18,0,leaf,,0,0,0,0,18,15,"BOUNDARY_COORD_TYPE,CC_RCFACE_TYPE,WALL_TYPE",,pointer_reassign:2; write_derived_index:3,,3.6,GEOM,0.000
L0125,yes,predictor/corrector,device-eligible,CC_SCALARS::CC_PROJECT_VELOCITY,ccib.f90,2858,2861,1,cfaces,ICF,do,,,3,0,leaf,,0,0,0,0,3,1,"CC_CUTFACE_TYPE,MESH_TYPE",,dt_alloc_component:4; pointer_reassign:1,,0.2,GEOM,0.000
L0126,yes,predictor/corrector,device-eligible,CC_SCALARS::CC_PROJECT_VELOCITY,ccib.f90,2863,2890,4,cell,"K,J,I,JCF,JCF",do,,,13,0,leaf,,0,0,0,0,13,11,"CC_CUTCELL_TYPE,CC_CUTFACE_TYPE,WALL_TYPE",,dt_alloc_component:20; pointer_reassign:1; reduction_intrinsic:2,,39.0,GEOM,0.000
L0127,yes,predictor/corrector,device-eligible,CC_SCALARS::CC_PROJECT_VELOCITY,ccib.f90,2892,2919,4,cell,"K,J,I,JCF,JCF",do,,,13,0,leaf,,0,0,0,0,13,11,"CC_CUTCELL_TYPE,CC_CUTFACE_TYPE,WALL_TYPE",,dt_alloc_component:20; pointer_reassign:1; reduction_intrinsic:2,,39.0,GEOM,0.000
L0128,yes,predictor/corrector,device-eligible,CC_SCALARS::CC_PROJECT_VELOCITY,ccib.f90,2921,2948,4,face,"K,J,I,JCF,JCF",do,,,13,0,leaf,,0,0,0,0,13,11,"CC_CUTCELL_TYPE,CC_CUTFACE_TYPE,WALL_TYPE",,dt_alloc_component:20; pointer_reassign:1; reduction_intrinsic:2,,39.0,GEOM,0.000
L0129,yes,predictor/corrector,device-eligible,CC_SCALARS::CC_PROJECT_VELOCITY,ccib.f90,2951,2968,1,cfaces,IFACE,do,,,12,0,leaf,,0,0,0,0,14,12,"CC_RCFACE_TYPE,MESH_TYPE,WALL_TYPE",,alloc_ptr_local:3; dt_alloc_component:1; pointer_reassign:1; reduction_intrinsic:1; save_var:3; write_derived_index:3,,0.6,GEOM,0.000
L0130,yes,predictor/corrector,device-eligible,CC_SCALARS::CC_PROJECT_VELOCITY,ccib.f90,2970,2989,1,wall,IW,do,,,18,0,leaf,,0,0,0,0,18,15,"BOUNDARY_COORD_TYPE,CC_RCFACE_TYPE,WALL_TYPE",,alloc_ptr_local:3; pointer_reassign:2; save_var:3; write_derived_index:3,,3.6,GEOM,0.000
L0131,yes,predictor/corrector,device-eligible,CC_SCALARS::CC_RESCALE_OMESH_STAGGERED_TO_CUTFACE,ccib.f90,13867,13886,4,cell,"NN,KK,JJ,II",do,,,18,6,tree,OM_CART_TO_VEL_CF,1,1,7,1,1,0,"MESH_TYPE,OMESH_TYPE",,alloc_ptr_local:34; dt_alloc_component:17; pointer_reassign:2,alloc_ptr_dummy:1; dt_alloc_component:1,59.2,GEOM,0.000
L0132,yes,predictor/corrector,device-eligible,CC_SCALARS::CC_RESTORE_UVW_UNLINKED,ccib.f90,3560,3574,3,face,"K,J,I",do,,,9,0,leaf,,0,0,0,0,9,8,,,reduction_accum:3,,9.0,GEOM,0.000
L0133,yes,predictor/corrector,device-eligible,CC_SCALARS::CC_RESTORE_UVW_UNLINKED,ccib.f90,3575,3584,1,cfaces,ICF,do,,,12,0,leaf,,0,0,0,0,7,5,"CC_RCFACE_TYPE,MESH_TYPE",,reduction_accum:3; write_derived_index:3,,0.6,GEOM,0.000
L0134,yes,predictor/corrector,device-eligible,CC_SCALARS::CC_RESTORE_UVW_UNLINKED,ccib.f90,3585,3593,2,cfaces,"ICF,JCF",do,,,10,0,leaf,,0,0,0,0,5,2,"CC_CUTFACE_TYPE,MESH_TYPE",,dt_alloc_component:2; pointer_reassign:1; reduction_accum:1,,1.5,GEOM,0.000
L0135,yes,predictor/corrector,device-eligible,CC_SCALARS::CC_RESTORE_UVW_UNLINKED,ccib.f90,3594,3623,2,wall,"IW,JCF",do,,,26,0,leaf,,0,0,0,0,17,12,"BOUNDARY_COORD_TYPE,CC_CUTFACE_TYPE,EXTERNAL_WALL_TYPE,MESH_TYPE,WALL_TYPE",,dt_alloc_component:7; pointer_reassign:4; reduction_accum:2; reduction_intrinsic:3; write_derived_index:6,,15.6,GEOM,0.000
L0136,yes,predictor/corrector,device-eligible,CC_SCALARS::CC_RESTORE_UVW_UNLINKED,ccib.f90,3627,3641,3,face,"K,J,I",do,,,9,0,leaf,,0,0,0,0,9,8,,,reduction_accum:3; write_derived_index:3,,9.0,GEOM,0.000
L0137,yes,predictor/corrector,device-eligible,CC_SCALARS::CC_RESTORE_UVW_UNLINKED,ccib.f90,3642,3651,1,cfaces,ICF,do,,,12,0,leaf,,0,0,0,0,7,5,"CC_RCFACE_TYPE,MESH_TYPE",,reduction_accum:3; write_derived_index:3,,0.6,GEOM,0.000
L0138,yes,predictor/corrector,device-eligible,CC_SCALARS::CC_RESTORE_UVW_UNLINKED,ccib.f90,3652,3660,2,cfaces,"ICF,JCF",do,,,10,0,leaf,,0,0,0,0,5,2,"CC_CUTFACE_TYPE,MESH_TYPE",,dt_alloc_component:2; pointer_reassign:1; reduction_accum:1; write_derived_index:1,,1.5,GEOM,0.000
L0139,yes,predictor/corrector,device-eligible,CC_SCALARS::CC_RESTORE_UVW_UNLINKED,ccib.f90,3661,3685,2,wall,"IW,JCF",do,,,22,0,leaf,,0,0,0,0,14,9,"BOUNDARY_COORD_TYPE,CC_CUTFACE_TYPE,EXTERNAL_WALL_TYPE,MESH_TYPE,WALL_TYPE",,dt_alloc_component:1; pointer_reassign:4; reduction_accum:2; write_derived_index:4,,13.2,GEOM,0.000
L0140,yes,exchange/communication,device-eligible,CC_SCALARS::CC_RHO0W_INTERP,ccib.f90,6995,7029,4,cfaces,"ICC,ICELL,EP,INPE",do,,,18,1,tree,GET_BOUND_VEL,1,1,42,1,4,2,"CC_CUTCELL_TYPE,MESH_TYPE",,dt_alloc_component:12,dt_alloc_component:1; pointer_reassign:1,38.5,GEOM,0.000
L0141,yes,predictor/corrector,device-eligible,CC_SCALARS::CC_ROTATED_CUBE_RHS_ZZ,ccib.f90,6524,6541,3,cell,"K,J,I",do,,,10,2,tree,"INTERPOLATE1D_UNIFORM,ROTATED_CUBE_NEUMN_FZ",2,1,62,2,14,10,,,alloc_ptr_local:1; write_derived_index:1,,25.5,GEOM,0.000
L0142,yes,predictor/corrector,device-eligible,CC_SCALARS::CC_ROTATED_CUBE_RHS_ZZ,ccib.f90,6543,6557,2,cfaces,"ICC,JCC",do,,,9,2,tree,"INTERPOLATE1D_UNIFORM,ROTATED_CUBE_NEUMN_FZ",2,1,62,2,6,1,"CC_CUTCELL_TYPE,MESH_TYPE",,dt_alloc_component:7; write_derived_index:1,,3.7,GEOM,0.000
L0143,yes,predictor/corrector,device-eligible,CC_SCALARS::CC_STORE_FACE_FV,ccib.f90,15588,15604,1,cfaces,ICF,do,,,12,0,leaf,,0,0,0,0,6,5,"CC_CUTFACE_TYPE,MESH_TYPE,WALL_TYPE",,,,0.6,GEOM,0.000
L0144,yes,predictor/corrector,device-eligible,CC_SCALARS::CC_STORE_FACE_FV,ccib.f90,15608,15624,1,cfaces,ICF,do,,,12,0,leaf,,0,0,0,0,9,8,"CC_CUTFACE_TYPE,MESH_TYPE,WALL_TYPE",,,,0.6,GEOM,0.000
L0145,yes,predictor/corrector,device-eligible,CC_SCALARS::CC_VELOCITY_BC,ccib.f90,13949,13968,1,cfaces,ICF,do,,,20,0,leaf,,0,0,0,0,6,4,"CC_CUTFACE_TYPE,MESH_TYPE",,alloc_ptr_local:3; dt_alloc_component:2; pointer_reassign:1,,1.0,GEOM,0.000
L0146,no,predictor/corrector,device-eligible,CC_SCALARS::CC_VELOCITY_BC,ccib.f90,13975,13978,1,other,IEDGE,do,,,2,1,tree,CC_RCEDGE_DUIDXJ,1,1,111,1,2,1,"CC_EDGE_TYPE,MESH_TYPE",,alloc_ptr_local:1; pointer_reassign:1,dt_alloc_component:1,0.3,GEOM,0.000
L0147,no,predictor/corrector,device-eligible,CC_SCALARS::CC_VELOCITY_BC,ccib.f90,13981,13984,1,other,IEDGE,do,,,2,1,tree,CC_CUTEDGE_DUIDXJ_TAU_OMG,1,1,77,1,2,1,"CC_CUTEDGE_TYPE,MESH_TYPE",,alloc_ptr_local:1; pointer_reassign:1,dt_alloc_component:1,0.2,GEOM,0.000
L0148,no,predictor/corrector,device-eligible,CC_SCALARS::CC_VELOCITY_BC,ccib.f90,13989,13992,1,other,IEDGE,do,,,2,1,tree,CC_EDGE_TAU_OMG,2,2,868,2,2,1,"CC_EDGE_TYPE,MESH_TYPE",,alloc_ptr_local:1; pointer_reassign:1,alloc_ptr_local:1; dt_alloc_component:1; pointer_reassign:1,2.2,GEOM,0.000
L0149,no,predictor/corrector,device-eligible,CC_SCALARS::CC_VELOCITY_BC,ccib.f90,13997,14000,1,other,IEDGE,do,,,2,1,tree,CC_RCEDGE_TAU_OMG,1,1,23,1,2,1,"CC_EDGE_TYPE,MESH_TYPE",,alloc_ptr_local:1; pointer_reassign:1,dt_alloc_component:1,0.1,GEOM,0.000
L0150,no,predictor/corrector,device-eligible,CC_SCALARS::CC_VELOCITY_BC::CC_CUTEDGE_DUIDXJ_TAU_OMG,ccib.f90,14044,14070,3,other,"JEDGE,IS,I_SGN,IOE",do,,,10,0,leaf,,0,0,0,0,1,1,"CC_CUTEDGE_TYPE,CC_CUTFACE_TYPE",,dt_alloc_component:8; write_derived_index:1,,0.9,GEOM,0.000
L0151,no,predictor/corrector,device-eligible,CC_SCALARS::CC_VELOCITY_BC::CC_CUTEDGE_DUIDXJ_TAU_OMG,ccib.f90,14075,14087,2,other,"I_SGN,ICD",do,,,9,0,leaf,,0,0,0,0,1,1,"CC_CUTEDGE_TYPE,EDGE_TYPE",,dt_alloc_component:4; write_derived_index:4; write_missing_outer_index:2,,0.3,GEOM,0.000
L0152,no,predictor/corrector,device-eligible,CC_SCALARS::CC_VELOCITY_BC::CC_EDGE_TAU_OMG,ccib.f90,14284,14933,3,other,"IS,I_SGN,INPE,INPE,INPE,INPE",do,,,540,1,tree,WALL_MODEL,1,1,117,1,22,16,"CC_CUTEDGE_TYPE,CC_CUTFACE_TYPE,CC_EDGE_TYPE,CELL_TYPE,SURFACE_TYPE",,alloc_ptr_local:14; dt_alloc_component:76; pointer_reassign:1; reduction_accum:1; reduction_intrinsic:3; write_derived_index:41; write_missing_outer_index:12,,51.2,GEOM,0.000
L0153,no,predictor/corrector,device-eligible,CC_SCALARS::CC_VELOCITY_BC::CC_EDGE_TAU_OMG,ccib.f90,14941,14976,2,other,"I_SGN,ICD",do,,,22,0,leaf,,0,0,0,0,1,1,"CC_EDGE_TYPE,EDGE_TYPE",,dt_alloc_component:2; write_derived_index:8; write_missing_outer_index:4,,0.7,GEOM,0.000
L0154,no,predictor/corrector,device-eligible,CC_SCALARS::CC_VELOCITY_BC::CC_RCEDGE_DUIDXJ,ccib.f90,14104,14184,2,other,"IS,I_SGN",do,,,67,0,leaf,,0,0,0,0,0,0,CC_EDGE_TYPE,,dt_alloc_component:1; write_derived_index:8,,2.0,GEOM,0.000
L0155,no,predictor/corrector,device-eligible,CC_SCALARS::CC_VELOCITY_BC::CC_RCEDGE_DUIDXJ,ccib.f90,14195,14199,1,other,IOE,do,,,3,0,leaf,,0,0,0,0,0,0,CC_EDGE_TYPE,,dt_alloc_component:3,,0.0,GEOM,0.000
L0156,no,predictor/corrector,device-eligible,CC_SCALARS::CC_VELOCITY_BC::CC_RCEDGE_TAU_OMG,ccib.f90,14207,14224,2,other,"I_SGN,ICD",do,,,11,0,leaf,,0,0,0,0,1,1,"CC_EDGE_TYPE,EDGE_TYPE",,dt_alloc_component:4; write_derived_index:4; write_missing_outer_index:2,,0.3,GEOM,0.000
L0157,yes,predictor/corrector,device-eligible,CC_SCALARS::CC_VELOCITY_CUTFACES,ccib.f90,6938,6952,1,cfaces,ICF,do,,,20,0,leaf,,0,0,0,0,5,4,"CC_CUTFACE_TYPE,MESH_TYPE",,alloc_ptr_local:30; dt_alloc_component:5; pointer_reassign:1; reduction_intrinsic:3; write_derived_index:3,,1.0,GEOM,0.000
L0158,yes,predictor/corrector,device-eligible,CC_SCALARS::CC_VELOCITY_FLUX,ccib.f90,15064,15098,3,cfaces,"ICF,JCF,ISIDE",do,,,27,0,leaf,,0,0,0,0,9,6,"CC_CUTCELL_TYPE,CC_CUTFACE_TYPE,MESH_TYPE",,alloc_ptr_dummy:6; dt_alloc_component:15; pointer_reassign:2; reduction_intrinsic:2; write_derived_index:3,,12.2,GEOM,0.000
L0159,yes,predictor/corrector,device-eligible,CC_SCALARS::CC_VELOCITY_FLUX,ccib.f90,15100,15157,2,cfaces,"IRC,ISIDE,ISIDE,ISIDE",do,,,52,0,leaf,,0,0,0,0,16,10,"CC_CUTCELL_TYPE,CC_RCFACE_TYPE,MESH_TYPE",,alloc_ptr_dummy:9; dt_alloc_component:9; pointer_reassign:4; write_derived_index:3,,7.8,GEOM,0.000
L0160,yes,predictor/corrector,device-eligible,CC_SCALARS::CC_VELOCITY_FLUX,ccib.f90,15161,15174,3,cell,"K,J,I",do,,,9,0,leaf,,0,0,0,0,9,6,,,alloc_ptr_dummy:3; reduction_intrinsic:2,,9.0,GEOM,0.000
L0161,yes,predictor/corrector,device-eligible,CC_SCALARS::CC_VELOCITY_FLUX,ccib.f90,15176,15189,3,cell,"K,J,I",do,,,9,0,leaf,,0,0,0,0,9,6,,,alloc_ptr_dummy:3; reduction_intrinsic:2,,9.0,GEOM,0.000
L0162,yes,predictor/corrector,device-eligible,CC_SCALARS::CC_VELOCITY_FLUX,ccib.f90,15191,15204,3,face,"K,J,I",do,,,9,0,leaf,,0,0,0,0,9,6,,,alloc_ptr_dummy:3; reduction_intrinsic:2,,9.0,GEOM,0.000
L0163,yes,predictor/corrector,device-eligible,CC_SCALARS::CC_VELOCITY_FLUX,ccib.f90,15211,15214,1,cfaces,ICF,do,,,2,0,leaf,,0,0,0,0,2,1,"CC_CUTFACE_TYPE,MESH_TYPE",,dt_alloc_component:1; write_indirect:1,,0.1,GEOM,0.000
L0164,yes,predictor/corrector,device-eligible,CC_SCALARS::CFACE_PREDICT_NORMAL_VELOCITY,ccib.f90,6003,6047,1,cfaces,ICF,do,,,15,1,tree,EVALUATE_RAMP,1,1,56,1,10,5,"BOUNDARY_PROP1_TYPE,CFACE_TYPE,SURFACE_TYPE",,alloc_ptr_local:6; dt_alloc_component:3; pointer_reassign:3; reduction_intrinsic:1,dt_alloc_component:1,1.5,GEOM,0.000
L0165,yes,predictor/corrector,device-eligible,CC_SCALARS::CFACE_PREDICT_NORMAL_VELOCITY,ccib.f90,6049,6053,1,cfaces,ICF,do,,,3,0,leaf,,0,0,0,0,7,5,"BOUNDARY_PROP1_TYPE,CFACE_TYPE",,pointer_reassign:2,,0.2,GEOM,0.000
L0166,yes,predictor/corrector,device-eligible,CC_SCALARS::CFACE_PREDICT_NORMAL_VELOCITY,ccib.f90,6060,6070,1,cfaces,ICF,do,,,6,0,leaf,,0,0,0,0,8,5,"BOUNDARY_PROP1_TYPE,CFACE_TYPE,SURFACE_TYPE",,alloc_ptr_local:3; pointer_reassign:3; reduction_intrinsic:1,,0.3,GEOM,0.000
L0167,yes,predictor/corrector,device-eligible,CC_SCALARS::CFACE_PREDICT_NORMAL_VELOCITY,ccib.f90,6072,6076,1,cfaces,ICF,do,,,3,0,leaf,,0,0,0,0,7,5,"BOUNDARY_PROP1_TYPE,CFACE_TYPE",,pointer_reassign:2,,0.2,GEOM,0.000
L0168,yes,other/shared,device-eligible,CC_SCALARS::CHECK_CFLVN_LINKED_CELLS,ccib.f90,864,916,4,cell,"K,J,I,ILH,ILH,ILH",do,,,37,0,leaf,,0,0,0,0,19,16,CC_RCFACE_TYPE,,alloc_ptr_local:19; write_derived_index:10,,111.0,GEOM,0.000
L0169,yes,other/shared,device-eligible,CC_SCALARS::CHECK_CFLVN_LINKED_CELLS,ccib.f90,918,992,3,cfaces,"ICC,JCC,IFC",do,,,58,0,leaf,,0,0,0,0,22,17,"BOUNDARY_PROP1_TYPE,CC_CUTCELL_TYPE,CC_CUTFACE_TYPE,CC_RCFACE_TYPE,CELL_TYPE,CFACE_TYPE,MESH_TYPE",,alloc_ptr_local:19; dt_alloc_component:23; write_derived_index:10,,26.1,GEOM,0.000
L0170,no,other/shared,device-eligible,CC_SCALARS::CHECK_CFLVN_LINKED_CELLS,ccib.f90,998,1000,1,other,IROW,do,,,1,0,leaf,,0,0,0,0,2,0,,,alloc_ptr_local:3,,0.0,GEOM,0.000
L0171,yes,other/shared,device-eligible,CC_SCALARS::CHECK_CFLVN_LINKED_CELLS,ccib.f90,1012,1026,1,cfaces,IFACE,do,,,12,0,leaf,,0,0,0,0,13,10,"BOUNDARY_COORD_TYPE,BOUNDARY_PROP1_TYPE,CFACE_TYPE",,pointer_reassign:3,,0.6,GEOM,0.000
L0172,no,other/shared,device-eligible,CC_SCALARS::CHECK_CFLVN_LINKED_CELLS,ccib.f90,1031,1043,1,other,IROW,do,,,9,0,leaf,,0,0,0,0,6,3,,,alloc_ptr_local:11,,0.1,GEOM,0.000
L0173,no,other/shared,device-eligible,CC_SCALARS::CHECK_CFLVN_LINKED_CELLS,ccib.f90,1045,1047,1,other,IROW,do,,,1,0,leaf,,0,0,0,0,2,0,,,alloc_ptr_local:3,,0.0,GEOM,0.000
L0174,yes,pressure,device-eligible,CC_SCALARS::COMPUTE_LINKED_CUTFACE_BAROCLINIC,ccib.f90,1873,1899,3,face,"K,J,I",do,,,12,0,leaf,,0,0,0,0,12,10,,,alloc_ptr_dummy:24; write_indirect:6,,12.0,GEOM,0.000
L0175,yes,pressure,device-eligible,CC_SCALARS::COMPUTE_LINKED_CUTFACE_BAROCLINIC,ccib.f90,1902,1928,1,cfaces,ICF,do,,,20,1,tree,GET_RCFACE_BAROCLINIC_TORQUE,1,1,45,1,10,7,"CC_RCFACE_TYPE,EXTERNAL_WALL_TYPE,MESH_TYPE,WALL_TYPE",,alloc_ptr_dummy:2; reduction_intrinsic:3; write_indirect:6,alloc_ptr_dummy:1; dt_alloc_component:1,1.6,GEOM,0.000
L0176,yes,pressure,device-eligible,CC_SCALARS::COMPUTE_LINKED_CUTFACE_BAROCLINIC,ccib.f90,1930,1956,2,cfaces,"ICF,JCF,JCF",do,,,32,1,tree,GET_CUTFACE_BAROCLINIC_TORQUE,1,1,36,1,10,6,"CC_CUTFACE_TYPE,EXTERNAL_WALL_TYPE,MESH_TYPE,WALL_TYPE",,alloc_ptr_dummy:1; dt_alloc_component:10; pointer_reassign:1; reduction_accum:2; reduction_intrinsic:3; write_missing_outer_index:2,alloc_ptr_dummy:1; dt_alloc_component:1,6.2,GEOM,0.000
L0177,yes,pressure,device-eligible,CC_SCALARS::COPY_CC_MUNKH_TO_UNKH,ccib.f90,22873,22911,4,wall,"IW,KKO,JJO,IIO",do,,,17,0,leaf,,0,0,0,0,10,7,"BOUNDARY_COORD_TYPE,CC_CUTCELL_TYPE,EXTERNAL_WALL_TYPE,MESH_TYPE,OMESH_TYPE,WALL_TYPE",,alloc_ptr_local:9; dt_alloc_component:9; pointer_reassign:4; write_derived_index:4,,91.8,GEOM,0.000
L0178,yes,pressure,device-eligible,CC_SCALARS::COPY_CC_MUNKH_TO_UNKH,ccib.f90,22914,22926,4,wall,"IW,KKO,JJO,IIO",do,,,6,0,leaf,,0,0,0,0,6,4,"EXTERNAL_WALL_TYPE,OMESH_TYPE,WALL_TYPE",,alloc_ptr_local:2; dt_alloc_component:1; pointer_reassign:3,,32.4,GEOM,0.000
L0179,yes,pressure,device-eligible,CC_SCALARS::COPY_CC_UNKH_TO_HS,ccib.f90,22940,22945,1,cfaces,ICC,do,,,4,0,leaf,,0,0,0,0,2,1,MESH_TYPE,,dt_alloc_component:5; write_derived_index:1,,0.2,GEOM,0.000
L0180,yes,output,host,CC_SCALARS::COPY_UNST_DM_TO_CART,ccib.f90,375,391,3,cfaces,"ICC,JCC,NS",do,,,16,0,leaf,,0,0,0,0,14,11,"CC_CUTCELL_TYPE,CELL_TYPE,MESH_TYPE",,dt_alloc_component:5; pointer_reassign:1; write_derived_index:6,,7.2,GEOM,0.000
L0181,yes,particles,device-eligible,CC_SCALARS::CUTFACE_VELOCITIES,ccib.f90,761,772,1,cfaces,ICF,do,,,13,0,leaf,,0,0,0,0,2,1,"CC_CUTFACE_TYPE,MESH_TYPE",,alloc_ptr_dummy:3; alloc_ptr_local:9; pointer_reassign:1; write_derived_index:3,,0.7,GEOM,0.000
L0182,yes,particles,device-eligible,CC_SCALARS::CUTFACE_VELOCITIES,ccib.f90,776,798,2,cfaces,"ICF,JCF",do,,,21,0,leaf,,0,0,0,0,7,6,"BOUNDARY_COORD_TYPE,BOUNDARY_PROP1_TYPE,CC_CUTFACE_TYPE,CFACE_TYPE,MESH_TYPE",,alloc_ptr_dummy:6; alloc_ptr_local:17; dt_alloc_component:1; pointer_reassign:4; write_derived_index:6,,3.2,GEOM,0.000
L0183,yes,particles,device-eligible,CC_SCALARS::CUTFACE_VELOCITIES,ccib.f90,801,812,1,cfaces,ICF,do,,,13,0,leaf,,0,0,0,0,2,1,"CC_CUTFACE_TYPE,MESH_TYPE",,alloc_ptr_dummy:3; alloc_ptr_local:9; pointer_reassign:1; write_derived_index:3,,0.7,GEOM,0.000
L0184,yes,particles,device-eligible,CC_SCALARS::CUTFACE_VELOCITIES,ccib.f90,814,820,1,cfaces,ICF,do,,,8,0,leaf,,0,0,0,0,3,2,"CC_CUTFACE_TYPE,MESH_TYPE",,alloc_ptr_dummy:3; alloc_ptr_local:5; pointer_reassign:1; write_derived_index:3,,0.4,GEOM,0.000
L0185,no,exchange/communication,device-eligible,CC_SCALARS::EXCHANGE_BACK_CFACE_DATA,ccib.f90,338,347,1,other,K,do,,,8,0,leaf,,0,0,0,0,4,0,MESH_TYPE,,alloc_ptr_local:3; dt_alloc_component:4,,0.1,GEOM,0.000
L0186,no,exchange/communication,device-eligible,CC_SCALARS::EXCHANGE_BACK_CFACE_DATA,ccib.f90,352,361,1,other,P,do,,,8,0,leaf,,0,0,0,0,4,0,MESH_TYPE,,alloc_ptr_local:3; dt_alloc_component:4; write_derived_index:3,,0.1,GEOM,0.000
L0187,yes,predictor/corrector,device-eligible,CC_SCALARS::GET_ADVDIFFVECTOR_SCALAR_3D,ccib.f90,13664,13681,1,cfaces,IFACE,do,,,14,0,leaf,,0,0,0,0,9,4,"CC_REGFACEZ_TYPE,MESH_TYPE,WALL_TYPE",,alloc_ptr_local:8; dt_alloc_component:2; pointer_reassign:1; write_indirect:2,,0.7,GEOM,0.000
L0188,yes,predictor/corrector,device-eligible,CC_SCALARS::GET_ADVDIFFVECTOR_SCALAR_3D,ccib.f90,13686,13703,1,cfaces,IFACE,do,,,14,0,leaf,,0,0,0,0,9,4,"CC_REGFACEZ_TYPE,MESH_TYPE,WALL_TYPE",,alloc_ptr_local:8; dt_alloc_component:2; pointer_reassign:1; write_indirect:2,,0.7,GEOM,0.000
L0189,yes,predictor/corrector,device-eligible,CC_SCALARS::GET_ADVDIFFVECTOR_SCALAR_3D,ccib.f90,13708,13725,1,cfaces,IFACE,do,,,14,0,leaf,,0,0,0,0,9,4,"CC_REGFACEZ_TYPE,MESH_TYPE,WALL_TYPE",,alloc_ptr_local:8; dt_alloc_component:2; pointer_reassign:1; write_indirect:2,,0.7,GEOM,0.000
L0190,yes,predictor/corrector,device-eligible,CC_SCALARS::GET_ADVDIFFVECTOR_SCALAR_3D,ccib.f90,13728,13788,1,cfaces,IFACE,do,,,36,1,tree,GET_CCIFACE_RHOZZ_LIM,5,4,214,5,16,7,"BOUNDARY_COORD_TYPE,BOUNDARY_PROP1_TYPE,MESH_TYPE,WALL_TYPE",,alloc_ptr_local:3; dt_alloc_component:11; pointer_reassign:3; write_derived_index:1,alloc_ptr_dummy:1; alloc_ptr_local:1; dt_alloc_component:1; pointer_reassign:1,4.5,GEOM,0.000
L0191,yes,predictor/corrector,device-eligible,CC_SCALARS::GET_ADVDIFFVECTOR_SCALAR_3D,ccib.f90,13791,13827,2,cfaces,"ICF,IFACE",do,,,23,1,tree,GET_CCIFACE_RHOZZ_LIM,5,4,214,5,11,4,"BOUNDARY_COORD_TYPE,BOUNDARY_PROP1_TYPE,CC_CUTFACE_TYPE,MESH_TYPE,WALL_TYPE",,dt_alloc_component:12; pointer_reassign:3; write_derived_index:2,alloc_ptr_dummy:1; alloc_ptr_local:1; dt_alloc_component:1; pointer_reassign:1,11.5,GEOM,0.000
L0192,yes,predictor/corrector,device-eligible,CC_SCALARS::GET_ADVDIFFVECTOR_SCALAR_3D,ccib.f90,13830,13848,1,cfaces,ICF,do,,,14,0,leaf,,0,0,0,0,12,6,"BOUNDARY_PROP1_TYPE,CC_CUTCELL_TYPE,CC_CUTFACE_TYPE,CFACE_TYPE",,dt_alloc_component:8; pointer_reassign:2; write_derived_index:1,,0.7,GEOM,0.000
L0193,no,predictor/corrector,device-eligible,CC_SCALARS::GET_CCIFACE_RHOHS_LIM,ccib.f90,13577,13582,1,other,DD,do,,,6,1,tree,GET_SENSIBLE_ENTHALPY,1,1,13,1,2,1,,,alloc_ptr_local:2,,0.1,GEOM,0.000
L0194,no,predictor/corrector,device-eligible,CC_SCALARS::GET_CCIFACE_RHOZZ_LIM,ccib.f90,13525,13528,1,other,DD,do,,,4,0,leaf,,0,0,0,0,0,0,,,alloc_ptr_local:2,,0.0,GEOM,0.000
L0195,yes,pressure,device-eligible,CC_SCALARS::GET_CC_MATRIXGRAPH_H,ccib.f90,20905,20930,1,cfaces,IFACE,do,,,20,1,tree,ADD_INPLACE_NNZ_H_WHLDOM,2,2,90,2,11,2,"CC_RCFACE_TYPE,MESH_TYPE,ZONE_SOLVE_TYPE",,dt_alloc_component:3; pointer_reassign:1,alloc:2; alloc_ptr_dummy:1; alloc_ptr_local:1; dt_alloc_component:1,2.1,GEOM,0.000
L0196,yes,pressure,device-eligible,CC_SCALARS::GET_CC_MATRIXGRAPH_H,ccib.f90,20932,20994,5,cfaces,"ICF,IFACE,KKO,JJO,IIO,IFACE",do,,,37,2,tree,ADD_INPLACE_NNZ_H_WHLDOM,2,2,90,2,14,3,"CC_CUTFACE_TYPE,EXTERNAL_WALL_TYPE,MESH_TYPE,OMESH_TYPE,WALL_TYPE,ZONE_SOLVE_TYPE",,dt_alloc_component:10; pointer_reassign:3,alloc:2; alloc_ptr_dummy:1; alloc_ptr_local:1; dt_alloc_component:1,241.0,GEOM,0.000
L0197,yes,pressure,device-eligible,CC_SCALARS::GET_CC_MATRIXGRAPH_H,ccib.f90,21000,21044,4,wall,"IW,KKO,JJO,IIO",do,,,27,1,tree,ADD_INPLACE_NNZ_H_WHLDOM,2,2,90,2,12,8,"BOUNDARY_COORD_TYPE,CC_CUTCELL_TYPE,EXTERNAL_WALL_TYPE,OMESH_TYPE,WALL_TYPE,ZONE_SOLVE_TYPE",,dt_alloc_component:4; pointer_reassign:3,alloc:2; alloc_ptr_dummy:1; alloc_ptr_local:1; dt_alloc_component:1,267.3,GEOM,0.000
L0198,yes,pressure,device-eligible,CC_SCALARS::GET_CC_MATRIXGRAPH_H,ccib.f90,21049,21085,4,cfaces,"IFACE,LOCROW,IIND,ILOC",do,,,24,0,leaf,,0,0,0,0,11,2,"CC_RCFACE_TYPE,MESH_TYPE,ZONE_SOLVE_TYPE",,dt_alloc_component:6; pointer_reassign:1,,32.4,GEOM,0.000
L0199,yes,pressure,device-eligible,CC_SCALARS::GET_CC_MATRIXGRAPH_H,ccib.f90,21088,21130,5,cfaces,"ICF,IFACE,LOCROW,IIND,ILOC",do,,,28,0,leaf,,0,0,0,0,11,1,"CC_CUTFACE_TYPE,MESH_TYPE,WALL_TYPE,ZONE_SOLVE_TYPE",,dt_alloc_component:11; pointer_reassign:2,,113.4,GEOM,0.000
L0200,yes,pressure,device-eligible,CC_SCALARS::GET_CFACE_OPEN_BC_COEF,ccib.f90,2059,2062,1,cfaces,JCF,do,,,2,0,leaf,,0,0,0,0,1,1,CC_CUTFACE_TYPE,,dt_alloc_component:3; reduction_accum:1,,0.1,GEOM,0.000
L0201,yes,predictor/corrector,device-eligible,CC_SCALARS::GET_CUTCELL_DDDT,ccib.f90,2625,2656,2,cfaces,"ICC,JCC,JCC",do,,,21,2,tree,GET_VELOC_DIVERGENCE_CUTCELL,1,1,64,1,6,4,"CC_CUTCELL_TYPE,CELL_TYPE,MESH_TYPE",,dt_alloc_component:15,dt_alloc_component:1,5.6,GEOM,0.000
L0202,yes,predictor/corrector,device-eligible,CC_SCALARS::GET_CUTCELL_DDDT,ccib.f90,2660,2686,2,cfaces,"ICC,JCC,JCC",do,,,18,2,tree,GET_VELOC_DIVERGENCE_CUTCELL,1,1,64,1,6,4,"CC_CUTCELL_TYPE,CELL_TYPE,MESH_TYPE",,dt_alloc_component:13,dt_alloc_component:1,5.1,GEOM,0.000
L0203,yes,pressure,device-eligible,CC_SCALARS::GET_CUTCELL_FH,ccib.f90,20531,20543,2,cfaces,"ICC,JCC",do,,,10,1,tree,GET_FN_DIVERGENCE_CUTCELL,1,1,63,1,8,4,"CC_CUTCELL_TYPE,CELL_TYPE,MESH_TYPE,ZONE_SOLVE_TYPE",,dt_alloc_component:4; pointer_reassign:1; write_derived_index:1,dt_alloc_component:1,3.9,GEOM,0.000
L0204,yes,pressure,device-eligible,CC_SCALARS::GET_CUTCELL_HP,ccib.f90,20490,20498,1,cfaces,ICC,do,,,8,0,leaf,,0,0,0,0,7,3,"CC_CUTCELL_TYPE,CELL_TYPE,MESH_TYPE,ZONE_SOLVE_TYPE",,alloc_ptr_dummy:1; dt_alloc_component:6; pointer_reassign:1; write_derived_index:1,,0.4,GEOM,0.000
L0205,yes,pressure,device-eligible,CC_SCALARS::GET_CUTCELL_HP,ccib.f90,20503,20511,1,cfaces,ICC,do,,,8,0,leaf,,0,0,0,0,7,3,"CC_CUTCELL_TYPE,CELL_TYPE,MESH_TYPE,ZONE_SOLVE_TYPE",,alloc_ptr_dummy:1; dt_alloc_component:6; pointer_reassign:1; write_derived_index:1,,0.4,GEOM,0.000
L0206,yes,predictor/corrector,device-eligible,CC_SCALARS::GET_EXPLICIT_ADVDIFFVECTOR_SCALAR_3D,ccib.f90,12086,12109,1,wall,IW,do,,,19,0,leaf,,0,0,0,0,9,6,"BOUNDARY_COORD_TYPE,BOUNDARY_PROP1_TYPE,WALL_TYPE",,alloc_ptr_local:6; pointer_reassign:3; write_derived_index:6,,3.8,GEOM,0.000
L0207,yes,predictor/corrector,device-eligible,CC_SCALARS::GET_EXPLICIT_ADVDIFFVECTOR_SCALAR_3D,ccib.f90,12118,12141,1,wall,IW,do,,,19,0,leaf,,0,0,0,0,9,6,"BOUNDARY_COORD_TYPE,BOUNDARY_PROP1_TYPE,WALL_TYPE",,alloc_ptr_local:6; pointer_reassign:3; write_derived_index:6,,3.8,GEOM,0.000
L0208,yes,predictor/corrector,device-eligible,CC_SCALARS::GET_EXPLICIT_ADVDIFFVECTOR_SCALAR_3D,ccib.f90,12166,12183,1,cfaces,IFACE,do,,,13,0,leaf,,0,0,0,0,8,4,"CC_REGFACEZ_TYPE,MESH_TYPE,WALL_TYPE",,alloc_ptr_local:8; dt_alloc_component:2; write_indirect:2,,0.7,GEOM,0.000
L0209,yes,predictor/corrector,device-eligible,CC_SCALARS::GET_EXPLICIT_ADVDIFFVECTOR_SCALAR_3D,ccib.f90,12188,12204,1,cfaces,IFACE,do,,,12,0,leaf,,0,0,0,0,8,4,"CC_REGFACEZ_TYPE,MESH_TYPE,WALL_TYPE",,alloc_ptr_local:8; dt_alloc_component:2; write_indirect:2,,0.6,GEOM,0.000
L0210,yes,predictor/corrector,device-eligible,CC_SCALARS::GET_EXPLICIT_ADVDIFFVECTOR_SCALAR_3D,ccib.f90,12209,12225,1,cfaces,IFACE,do,,,12,0,leaf,,0,0,0,0,8,4,"CC_REGFACEZ_TYPE,MESH_TYPE,WALL_TYPE",,alloc_ptr_local:8; dt_alloc_component:2; write_indirect:2,,0.6,GEOM,0.000
L0211,yes,predictor/corrector,device-eligible,CC_SCALARS::GET_EXPLICIT_ADVDIFFVECTOR_SCALAR_3D,ccib.f90,12228,12371,2,cfaces,"IFACE,ISIDE,ISIDE,ISIDE,ILOC",do,,,88,3,tree,GET_SCALAR_FACE_VALUE,4,3,168,4,16,8,"CC_CUTCELL_TYPE,CC_RCFACE_TYPE,CELL_TYPE,MESH_TYPE",,alloc_ptr_local:15; dt_alloc_component:19; write_derived_index:13; write_missing_outer_index:6,alloc_ptr_dummy:1,19.5,GEOM,0.000
L0212,yes,predictor/corrector,device-eligible,CC_SCALARS::GET_EXPLICIT_ADVDIFFVECTOR_SCALAR_3D,ccib.f90,12374,12483,3,cfaces,"ICF,IFACE,ISIDE,ILOC",do,,,62,1,tree,GET_SCALAR_FACE_VALUE,4,3,168,4,13,5,"CC_CUTCELL_TYPE,CC_CUTFACE_TYPE,CELL_TYPE,MESH_TYPE",,alloc_ptr_local:12; dt_alloc_component:26; write_derived_index:13; write_missing_outer_index:2,alloc_ptr_dummy:1,46.8,GEOM,0.000
L0213,yes,predictor/corrector,device-eligible,CC_SCALARS::GET_EXPLICIT_ADVDIFFVECTOR_SCALAR_3D,ccib.f90,12487,12497,3,cell,"K,J,I",do,,,3,0,leaf,,0,0,0,0,11,8,,,write_derived_index:1,,3.0,GEOM,0.000
L0214,yes,predictor/corrector,device-eligible,CC_SCALARS::GET_EXPLICIT_ADVDIFFVECTOR_SCALAR_3D,ccib.f90,12500,12510,2,cfaces,"ICC,JCC",do,,,6,0,leaf,,0,0,0,0,7,3,"CC_CUTCELL_TYPE,CELL_TYPE,MESH_TYPE",,dt_alloc_component:2; write_derived_index:1,,0.9,GEOM,0.000
L0215,yes,pressure,device-eligible,CC_SCALARS::GET_FH_FROM_PRHS_AND_BCS,ccib.f90,2088,2099,3,cell,"K,J,I",do,,,3,0,leaf,,0,0,0,0,12,10,ZONE_SOLVE_TYPE,,dt_alloc_component:1; write_derived_index:1,,3.0,GEOM,0.000
L0216,yes,pressure,device-eligible,CC_SCALARS::GET_FH_FROM_PRHS_AND_BCS,ccib.f90,2105,2139,1,cfaces,ICFACE,do,,,20,1,tree,GET_CC_IROW,1,1,14,1,13,8,"BOUNDARY_COORD_TYPE,CC_CUTFACE_TYPE,CFACE_TYPE,EXTERNAL_WALL_TYPE,WALL_TYPE,ZONE_SOLVE_TYPE",,alloc_ptr_local:12; dt_alloc_component:3; pointer_reassign:4; write_derived_index:1,dt_alloc_component:1,1.2,GEOM,0.000
L0217,yes,pressure,device-eligible,CC_SCALARS::GET_FH_FROM_PRHS_AND_BCS,ccib.f90,2142,2231,1,wall,IW,do,,,63,2,tree,GET_CC_IROW,1,1,14,1,27,22,"BOUNDARY_COORD_TYPE,CC_RCFACE_TYPE,EXTERNAL_WALL_TYPE,WALL_TYPE,ZONE_SOLVE_TYPE",,alloc_ptr_local:11; dt_alloc_component:2; pointer_reassign:3; write_derived_index:2,dt_alloc_component:1,13.3,GEOM,0.000
L0218,yes,pressure,device-eligible,CC_SCALARS::GET_FN_DIVERGENCE_CUTCELL,ccib.f90,16610,16647,1,cfaces,IFC,do,,,28,0,leaf,,0,0,0,0,11,11,"CC_CUTCELL_TYPE,CC_CUTFACE_TYPE",,dt_alloc_component:17; reduction_accum:1,,1.4,GEOM,0.000
L0219,yes,pressure,device-eligible,CC_SCALARS::GET_H_CUTFACES,ccib.f90,21302,21411,4,cfaces,"NM,ICC,JCC,IFC,IW,JCC",do,,,66,1,tree,POINT_TO_MESH,1,1,412,1,11,7,"BOUNDARY_COORD_TYPE,CC_CUTCELL_TYPE,CC_CUTFACE_TYPE,MESH_TYPE,WALL_TYPE",,dt_alloc_component:30; pointer_reassign:2; write_derived_index:6,alloc_ptr_local:1; dt_alloc_component:1; pointer_reassign:1; string_op:1,228.2,GEOM,0.000
L0220,yes,pressure,device-eligible,CC_SCALARS::GET_H_GUARD_CUTCELL,ccib.f90,530,538,1,wall,IW,do,,,7,0,leaf,,0,0,0,0,8,7,"BOUNDARY_COORD_TYPE,CC_CUTCELL_TYPE,WALL_TYPE,ZONE_MESH_TYPE",,alloc_ptr_dummy:2; alloc_ptr_local:15; dt_alloc_component:2; pointer_reassign:2; write_indirect:2,,1.4,GEOM,0.000
L0221,yes,pressure,device-eligible,CC_SCALARS::GET_H_GUARD_CUTCELL,ccib.f90,543,656,4,wall,"IW,KKO,JJO,IIO",do,,,95,0,leaf,,0,0,0,0,19,17,"BOUNDARY_COORD_TYPE,CC_CUTCELL_TYPE,CC_CUTFACE_TYPE,EXTERNAL_WALL_TYPE,MESH_TYPE,OMESH_TYPE,WALL_TYPE",,alloc_ptr_dummy:2; alloc_ptr_local:31; dt_alloc_component:39; pointer_reassign:5; reduction_intrinsic:3; write_derived_index:2; write_indirect:2,,513.0,GEOM,0.000
L0222,yes,pressure,device-eligible,CC_SCALARS::GET_H_MATRIX_CC,ccib.f90,20583,20631,4,cfaces,"IFACE,ILOC,JLOC,JCOL",do,,,36,0,leaf,,0,0,0,0,16,8,"CC_RCFACE_TYPE,MESH_TYPE,ZONE_SOLVE_TYPE",,alloc_ptr_local:9; dt_alloc_component:10; pointer_reassign:1; write_derived_index:1,,48.6,GEOM,0.000
L0223,yes,pressure,device-eligible,CC_SCALARS::GET_H_MATRIX_CC,ccib.f90,20634,20761,6,cfaces,"ICF,IFACE,KKO,JJO,IIO,JCOL",do,,,83,0,leaf,,0,0,0,0,19,13,"BOUNDARY_COORD_TYPE,CC_CUTFACE_TYPE,EXTERNAL_WALL_TYPE,MESH_TYPE,OMESH_TYPE,WALL_TYPE,ZONE_SOLVE_TYPE",,alloc_ptr_local:29; dt_alloc_component:56; pointer_reassign:3; reduction_intrinsic:1; write_derived_index:4,,1008.5,GEOM,0.000
L0224,yes,pressure,device-eligible,CC_SCALARS::GET_H_MATRIX_CC,ccib.f90,20766,20868,5,wall,"IW,KKO,JJO,IIO,JCOL,JCOL",do,,,72,0,leaf,,0,0,0,0,23,20,"BOUNDARY_COORD_TYPE,CC_CUTCELL_TYPE,EXTERNAL_WALL_TYPE,MESH_TYPE,OMESH_TYPE,WALL_TYPE,ZONE_SOLVE_TYPE",,alloc_ptr_local:21; dt_alloc_component:40; pointer_reassign:3; reduction_intrinsic:1; write_derived_index:3,,1166.4,GEOM,0.000
L0225,yes,pressure,device-eligible,CC_SCALARS::GET_LHS_CUTCELL,ccib.f90,1427,1522,1,cfaces,IFC,do,,,78,0,leaf,,0,0,0,0,11,11,"CC_CUTCELL_TYPE,CC_CUTFACE_TYPE,CC_RCFACE_TYPE,WALL_TYPE",,alloc_ptr_dummy:7; dt_alloc_component:41; reduction_accum:1; reduction_intrinsic:2,,3.9,GEOM,0.000
L0226,yes,pressure,device-eligible,CC_SCALARS::GET_LHS_CUTCELL,ccib.f90,1528,1639,1,cfaces,IFC,do,,,102,1,tree,GET_RCFACE_BAROCLINIC_TORQUE,1,1,45,1,16,15,"CC_CUTCELL_TYPE,CC_CUTFACE_TYPE,CC_RCFACE_TYPE,WALL_TYPE",,alloc_ptr_dummy:17; dt_alloc_component:34; reduction_accum:1; reduction_intrinsic:2,alloc_ptr_dummy:1; dt_alloc_component:1,5.7,GEOM,0.000
L0227,yes,pressure,device-eligible,CC_SCALARS::GET_LINKED_FV,ccib.f90,15246,15266,3,face,"K,J,I",do,,,9,0,leaf,,0,0,0,0,7,7,,,alloc_ptr_local:15; write_indirect:6,,9.0,GEOM,0.000
L0228,yes,pressure,device-eligible,CC_SCALARS::GET_LINKED_FV,ccib.f90,15268,15283,1,cfaces,ICF,do,,,12,0,leaf,,0,0,0,0,5,4,"CC_RCFACE_TYPE,MESH_TYPE",,alloc_ptr_local:15; write_indirect:6,,0.6,GEOM,0.000
L0229,yes,pressure,device-eligible,CC_SCALARS::GET_LINKED_FV,ccib.f90,15286,15293,2,cfaces,"ICF,JCF",do,,,5,0,leaf,,0,0,0,0,4,1,"CC_CUTFACE_TYPE,MESH_TYPE",,alloc_ptr_local:4; dt_alloc_component:7; pointer_reassign:1; reduction_accum:2,,0.8,GEOM,0.000
L0230,yes,pressure,device-eligible,CC_SCALARS::GET_LINKED_FV,ccib.f90,15295,15302,2,cfaces,"ICF,JCF",do,,,5,0,leaf,,0,0,0,0,4,1,"CC_CUTFACE_TYPE,MESH_TYPE",,alloc_ptr_local:4; dt_alloc_component:7; pointer_reassign:1; reduction_accum:2,,0.8,GEOM,0.000
L0231,no,pressure,device-eligible,CC_SCALARS::GET_LINKED_FV,ccib.f90,15307,15309,1,other,I,do,,,1,0,leaf,,0,0,0,0,1,0,MESH_TYPE,,alloc_ptr_local:3,,0.0,GEOM,0.000
L0232,yes,pressure,device-eligible,CC_SCALARS::GET_LINKED_FV,ccib.f90,15312,15320,3,face,"K,J,I",do,,,3,0,leaf,,0,0,0,0,5,4,,,alloc_ptr_local:6,,3.0,GEOM,0.000
L0233,yes,pressure,device-eligible,CC_SCALARS::GET_LINKED_FV,ccib.f90,15321,15330,1,cfaces,ICF,do,,,9,0,leaf,,0,0,0,0,3,1,"CC_RCFACE_TYPE,MESH_TYPE",,alloc_ptr_local:6; write_derived_index:3,,0.5,GEOM,0.000
L0234,yes,pressure,device-eligible,CC_SCALARS::GET_LINKED_FV,ccib.f90,15332,15343,2,cfaces,"ICF,JCF",do,,,13,0,leaf,,0,0,0,0,4,1,"CC_CUTFACE_TYPE,MESH_TYPE",,alloc_ptr_local:4; dt_alloc_component:5; pointer_reassign:1; reduction_intrinsic:2; write_derived_index:3,,2.0,GEOM,0.000
L0235,yes,pressure,device-eligible,CC_SCALARS::GET_LINKED_FV,ccib.f90,15345,15356,2,cfaces,"ICF,JCF",do,,,13,0,leaf,,0,0,0,0,4,1,"CC_CUTFACE_TYPE,MESH_TYPE",,alloc_ptr_local:4; dt_alloc_component:5; pointer_reassign:1; reduction_intrinsic:2; write_derived_index:3,,2.0,GEOM,0.000
L0236,yes,predictor/corrector,device-eligible,CC_SCALARS::GET_LINKED_VELOCITIES,ccib.f90,3031,3048,3,face,"K,J,I",do,,,9,0,leaf,,0,0,0,0,11,11,,,alloc_ptr_local:6; write_indirect:6,,9.0,GEOM,0.000
L0237,yes,predictor/corrector,device-eligible,CC_SCALARS::GET_LINKED_VELOCITIES,ccib.f90,3050,3065,1,cfaces,ICF,do,,,12,0,leaf,,0,0,0,0,9,8,"CC_RCFACE_TYPE,MESH_TYPE",,alloc_ptr_local:6; write_indirect:6,,0.6,GEOM,0.000
L0238,yes,predictor/corrector,device-eligible,CC_SCALARS::GET_LINKED_VELOCITIES,ccib.f90,3067,3074,2,cfaces,"ICF,JCF",do,,,5,0,leaf,,0,0,0,0,5,2,"CC_CUTFACE_TYPE,MESH_TYPE",,alloc_ptr_local:2; dt_alloc_component:7; pointer_reassign:1; reduction_accum:2,,0.8,GEOM,0.000
L0239,yes,predictor/corrector,device-eligible,CC_SCALARS::GET_LINKED_VELOCITIES,ccib.f90,3079,3096,3,face,"K,J,I",do,,,9,0,leaf,,0,0,0,0,11,11,,,alloc_ptr_local:6; write_indirect:6,,9.0,GEOM,0.000
L0240,yes,predictor/corrector,device-eligible,CC_SCALARS::GET_LINKED_VELOCITIES,ccib.f90,3098,3113,1,cfaces,ICF,do,,,12,0,leaf,,0,0,0,0,9,8,"CC_RCFACE_TYPE,MESH_TYPE",,alloc_ptr_local:6; write_indirect:6,,0.6,GEOM,0.000
L0241,yes,predictor/corrector,device-eligible,CC_SCALARS::GET_LINKED_VELOCITIES,ccib.f90,3115,3122,2,cfaces,"ICF,JCF",do,,,5,0,leaf,,0,0,0,0,5,2,"CC_CUTFACE_TYPE,MESH_TYPE",,alloc_ptr_local:2; dt_alloc_component:7; pointer_reassign:1; reduction_accum:2,,0.8,GEOM,0.000
L0242,yes,predictor/corrector,device-eligible,CC_SCALARS::GET_LINKED_VELOCITIES,ccib.f90,3131,3176,2,wall,"IW,JCF",do,,,36,0,leaf,,0,0,0,0,19,14,"BOUNDARY_COORD_TYPE,CC_CUTFACE_TYPE,CC_RCFACE_TYPE,EXTERNAL_WALL_TYPE,MESH_TYPE,WALL_TYPE",,dt_alloc_component:7; pointer_reassign:4,,21.6,GEOM,0.000
L0243,yes,predictor/corrector,device-eligible,CC_SCALARS::GET_LINKED_VELOCITIES,ccib.f90,3186,3194,3,face,"K,J,I",do,,,3,0,leaf,,0,0,0,0,9,8,,,,,3.0,GEOM,0.000
L0244,yes,predictor/corrector,device-eligible,CC_SCALARS::GET_LINKED_VELOCITIES,ccib.f90,3195,3204,1,cfaces,ICF,do,,,9,0,leaf,,0,0,0,0,7,5,"CC_RCFACE_TYPE,MESH_TYPE",,write_derived_index:3,,0.5,GEOM,0.000
L0245,yes,predictor/corrector,device-eligible,CC_SCALARS::GET_LINKED_VELOCITIES,ccib.f90,3205,3218,2,cfaces,"ICF,JCF",do,,,13,0,leaf,,0,0,0,0,11,8,"CC_CUTFACE_TYPE,MESH_TYPE",,dt_alloc_component:9; pointer_reassign:1; reduction_intrinsic:3; write_derived_index:3,,2.0,GEOM,0.000
L0246,yes,predictor/corrector,device-eligible,CC_SCALARS::GET_LINKED_VELOCITIES,ccib.f90,3221,3354,4,wall,"IW,JCF,KKO,JJO,IIO,KKO",do,,,71,0,leaf,,0,0,0,0,18,13,"BOUNDARY_COORD_TYPE,CC_CUTFACE_TYPE,EXTERNAL_WALL_TYPE,MESH_TYPE,OMESH_TYPE,WALL_TYPE",,alloc_ptr_local:74; dt_alloc_component:62; pointer_reassign:12; reduction_intrinsic:3; write_derived_index:6,,383.4,GEOM,0.000
L0247,yes,predictor/corrector,device-eligible,CC_SCALARS::GET_LINKED_VELOCITIES,ccib.f90,3362,3370,3,face,"K,J,I",do,,,3,0,leaf,,0,0,0,0,9,8,,,,,3.0,GEOM,0.000
L0248,yes,predictor/corrector,device-eligible,CC_SCALARS::GET_LINKED_VELOCITIES,ccib.f90,3371,3380,1,cfaces,ICF,do,,,9,0,leaf,,0,0,0,0,7,5,"CC_RCFACE_TYPE,MESH_TYPE",,write_derived_index:3,,0.5,GEOM,0.000
L0249,yes,predictor/corrector,device-eligible,CC_SCALARS::GET_LINKED_VELOCITIES,ccib.f90,3381,3394,2,cfaces,"ICF,JCF",do,,,13,0,leaf,,0,0,0,0,11,8,"CC_CUTFACE_TYPE,MESH_TYPE",,dt_alloc_component:9; pointer_reassign:1; reduction_intrinsic:3; write_derived_index:3,,2.0,GEOM,0.000
L0250,yes,predictor/corrector,device-eligible,CC_SCALARS::GET_LINKED_VELOCITIES,ccib.f90,3397,3532,4,wall,"IW,JCF,KKO,JJO,IIO,KKO",do,,,72,0,leaf,,0,0,0,0,19,13,"BOUNDARY_COORD_TYPE,CC_CUTFACE_TYPE,EXTERNAL_WALL_TYPE,MESH_TYPE,OMESH_TYPE,WALL_TYPE",,alloc_ptr_local:74; dt_alloc_component:62; pointer_reassign:12; reduction_intrinsic:3; write_derived_index:6,,388.8,GEOM,0.000
L0251,yes,predictor/corrector,device-eligible,CC_SCALARS::GET_M_DOT_PPP_SCALAR_3D,ccib.f90,12003,12013,3,cell,"K,J,I",do,,,3,0,leaf,,0,0,0,0,11,8,,,write_derived_index:1,,3.0,GEOM,0.000
L0252,yes,predictor/corrector,device-eligible,CC_SCALARS::GET_M_DOT_PPP_SCALAR_3D,ccib.f90,12016,12023,2,cfaces,"ICC,JCC",do,,,4,0,leaf,,0,0,0,0,7,3,"CC_CUTCELL_TYPE,CELL_TYPE,MESH_TYPE",,dt_alloc_component:3; write_derived_index:1,,0.6,GEOM,0.000
L0253,yes,predictor/corrector,device-eligible,CC_SCALARS::GET_M_DOT_PPP_SCALAR_3D,ccib.f90,12028,12031,1,cfaces,ICC,do,,,2,0,leaf,,0,0,0,0,2,1,"CC_CUTCELL_TYPE,MESH_TYPE",,dt_alloc_component:1; write_derived_index:1,,0.1,GEOM,0.000
L0254,yes,predictor/corrector,device-eligible,CC_SCALARS::GET_M_DOT_PPP_SCALAR_3D,ccib.f90,12034,12037,1,cfaces,ICC,do,,,2,0,leaf,,0,0,0,0,2,1,"CC_CUTCELL_TYPE,MESH_TYPE",,dt_alloc_component:1; write_derived_index:1,,0.1,GEOM,0.000
L0255,yes,pressure,device-eligible,CC_SCALARS::GET_PRES_CFACE_BCS,ccib.f90,2282,2594,5,cfaces,"ICF,KKO,JJO,IIO,JCFO,KKO",do,,,178,1,tree,EVALUATE_RAMP,1,1,56,1,42,31,"BOUNDARY_COORD_TYPE,BOUNDARY_PROP1_TYPE,CC_CUTFACE_TYPE,CFACE_TYPE,EXTERNAL_WALL_TYPE,MESH_TYPE,OMESH_TYPE,VENTS_TYPE,WALL_TYPE",,alloc_ptr_local:206; dt_alloc_component:90; pointer_reassign:14; write_derived_index:12,dt_alloc_component:1,777.6,GEOM,0.000
L0256,no,output,host,CC_SCALARS::GET_PRES_CFACE_TEST,ccib.f90,6822,6826,1,other,INPE,do,,,1,0,leaf,,0,0,0,0,1,1,CC_CUTFACE_TYPE,,dt_alloc_component:3; reduction_accum:1,,0.0,GEOM,0.000
L0257,yes,pressure,device-eligible,CC_SCALARS::GET_RCFACES_H,ccib.f90,21604,21667,3,cfaces,"ICC,JCC,IFC",do,,,52,0,leaf,,0,0,0,0,4,2,"CC_CUTCELL_TYPE,CELL_TYPE,MESH_TYPE",,alloc_ptr_local:12; dt_alloc_component:12; pointer_reassign:1; reduction_accum:1; write_derived_index:4,,23.4,GEOM,0.000
L0258,yes,pressure,device-eligible,CC_SCALARS::GET_RCFACES_H,ccib.f90,21671,21698,1,wall,IW,do,,,41,0,leaf,,0,0,0,0,3,1,"BOUNDARY_COORD_TYPE,MESH_TYPE,WALL_TYPE",,alloc_ptr_local:13; dt_alloc_component:5; pointer_reassign:2; reduction_intrinsic:1; write_derived_index:2,,8.2,GEOM,0.000
L0259,yes,pressure,device-eligible,CC_SCALARS::GET_RCFACES_H,ccib.f90,21723,21849,4,cfaces,"ICC,JCC,IFC,IIFC,IIFC",do,,,84,0,leaf,,0,0,0,0,5,3,"CC_CUTCELL_TYPE,CELL_TYPE,MESH_TYPE",,alloc_ptr_local:46; dt_alloc_component:54; pointer_reassign:1; reduction_accum:5; write_derived_index:12,,113.4,GEOM,0.000
L0260,yes,pressure,device-eligible,CC_SCALARS::GET_RCFACES_H,ccib.f90,21852,21915,3,wall,"IW,JCC,IFC",do,,,52,0,leaf,,0,0,0,0,2,0,"BOUNDARY_COORD_TYPE,CC_CUTCELL_TYPE,MESH_TYPE,WALL_TYPE",,alloc_ptr_local:26; dt_alloc_component:28; pointer_reassign:3; reduction_accum:2; write_derived_index:6,,93.6,GEOM,0.000
L0261,yes,predictor/corrector,device-eligible,CC_SCALARS::GET_RHOZZVECTOR_SCALAR_3D,ccib.f90,13442,13451,3,cell,"K,J,I",do,,,4,0,leaf,,0,0,0,0,13,9,,,write_derived_index:2,,4.0,GEOM,0.000
L0262,yes,predictor/corrector,device-eligible,CC_SCALARS::GET_RHOZZVECTOR_SCALAR_3D,ccib.f90,13453,13460,2,cfaces,"ICC,JCC",do,,,5,0,leaf,,0,0,0,0,9,3,"CC_CUTCELL_TYPE,CELL_TYPE,MESH_TYPE",,dt_alloc_component:5; pointer_reassign:1; write_derived_index:2,,0.8,GEOM,0.000
L0263,no,predictor/corrector,device-eligible,CC_SCALARS::GET_RHOZZVECTOR_SCALAR_3D,ccib.f90,13463,13465,1,other,IROW_LOC,do,,,1,0,leaf,,0,0,0,0,3,0,,,,,0.0,GEOM,0.000
L0264,yes,predictor/corrector,device-eligible,CC_SCALARS::GET_RHOZZVECTOR_SCALAR_3D,ccib.f90,13473,13482,3,cell,"K,J,I",do,,,4,0,leaf,,0,0,0,0,11,6,MESH_TYPE,,dt_alloc_component:1; write_derived_index:2,,4.0,GEOM,0.000
L0265,yes,predictor/corrector,device-eligible,CC_SCALARS::GET_RHOZZVECTOR_SCALAR_3D,ccib.f90,13484,13491,2,cfaces,"ICC,JCC",do,,,5,0,leaf,,0,0,0,0,9,3,"CC_CUTCELL_TYPE,CELL_TYPE,MESH_TYPE",,dt_alloc_component:7; pointer_reassign:1; write_derived_index:2,,0.8,GEOM,0.000
L0266,yes,predictor/corrector,device-eligible,CC_SCALARS::GET_RHOZZ_CC_3D,ccib.f90,13201,13255,3,cfaces,"ICC,JCC,N,N,N",do,,,26,0,leaf,,0,0,0,0,19,9,"CC_CUTCELL_TYPE,CELL_TYPE,MESH_TYPE",,alloc_ptr_local:2; dt_alloc_component:26; io:5; pointer_reassign:1; reduction_intrinsic:5; write_derived_index:2,,11.7,GEOM,0.000
L0267,yes,predictor/corrector,device-eligible,CC_SCALARS::GET_RHOZZ_CC_3D,ccib.f90,13262,13314,3,cfaces,"ICC,JCC,N,N,N",do,,,25,0,leaf,,0,0,0,0,16,6,"CC_CUTCELL_TYPE,CELL_TYPE,MESH_TYPE",,alloc_ptr_local:2; dt_alloc_component:26; io:4; pointer_reassign:1; reduction_intrinsic:5; write_derived_index:2,,11.2,GEOM,0.000
L0268,yes,predictor/corrector,device-eligible,CC_SCALARS::GET_RHOZZ_CC_3D,ccib.f90,13319,13366,4,cell,"K,J,I,N,N",do,,,18,0,leaf,,0,0,0,0,12,3,MESH_TYPE,,alloc_ptr_local:19; dt_alloc_component:1; io:4; reduction_intrinsic:2; write_derived_index:1,,54.0,GEOM,0.000
L0269,no,pressure,device-eligible,CC_SCALARS::GET_RHSLHS_POISSON_RC,ccib.f90,1110,1119,1,other,ILH,do,,,10,0,leaf,,0,0,0,0,7,7,"CC_RCFACE_TYPE,CELL_TYPE,WALL_TYPE",,alloc_ptr_dummy:2; reduction_accum:2,,0.1,GEOM,0.000
L0270,no,pressure,device-eligible,CC_SCALARS::GET_RHSLHS_POISSON_RC,ccib.f90,1122,1131,1,other,ILH,do,,,10,0,leaf,,0,0,0,0,7,7,"CC_RCFACE_TYPE,CELL_TYPE,WALL_TYPE",,alloc_ptr_dummy:2; reduction_accum:2,,0.1,GEOM,0.000
L0271,no,pressure,device-eligible,CC_SCALARS::GET_RHSLHS_POISSON_RC,ccib.f90,1134,1143,1,other,ILH,do,,,10,0,leaf,,0,0,0,0,7,7,"CC_RCFACE_TYPE,CELL_TYPE,WALL_TYPE",,alloc_ptr_dummy:2; reduction_accum:2,,0.1,GEOM,0.000
L0272,no,pressure,device-eligible,CC_SCALARS::GET_RHSLHS_POISSON_RC,ccib.f90,1151,1199,1,other,ILH,do,,,36,1,tree,GET_RCFACE_BAROCLINIC_TORQUE,1,1,45,1,13,12,"CC_CUTCELL_TYPE,CC_RCFACE_TYPE,CELL_TYPE,WALL_TYPE",,alloc_ptr_dummy:14; dt_alloc_component:4; reduction_accum:2; reduction_intrinsic:1,alloc_ptr_dummy:1; dt_alloc_component:1,0.5,GEOM,0.000
L0273,no,pressure,device-eligible,CC_SCALARS::GET_RHSLHS_POISSON_RC,ccib.f90,1202,1250,1,other,ILH,do,,,36,1,tree,GET_RCFACE_BAROCLINIC_TORQUE,1,1,45,1,13,12,"CC_CUTCELL_TYPE,CC_RCFACE_TYPE,CELL_TYPE,WALL_TYPE",,alloc_ptr_dummy:14; dt_alloc_component:4; reduction_accum:2; reduction_intrinsic:1,alloc_ptr_dummy:1; dt_alloc_component:1,0.5,GEOM,0.000
L0274,no,pressure,device-eligible,CC_SCALARS::GET_RHSLHS_POISSON_RC,ccib.f90,1253,1301,1,other,ILH,do,,,36,1,tree,GET_RCFACE_BAROCLINIC_TORQUE,1,1,45,1,13,12,"CC_CUTCELL_TYPE,CC_RCFACE_TYPE,CELL_TYPE,WALL_TYPE",,alloc_ptr_dummy:14; dt_alloc_component:4; reduction_accum:2; reduction_intrinsic:1,alloc_ptr_dummy:1; dt_alloc_component:1,0.5,GEOM,0.000
L0275,yes,predictor/corrector,device-eligible,CC_SCALARS::GET_SHUNN3_QZ,ccib.f90,6629,6641,3,cell,"K,J,I",do,,,6,1,tree,VD2D_MMS_Z_SRC,1,1,28,1,12,9,,,reduction_accum:1,,13.0,GEOM,0.000
L0276,yes,predictor/corrector,device-eligible,CC_SCALARS::GET_SHUNN3_QZ,ccib.f90,6644,6653,2,cfaces,"ICC,JCC",do,,,5,1,tree,VD2D_MMS_Z_SRC,1,1,28,1,5,1,"CC_CUTCELL_TYPE,MESH_TYPE",,dt_alloc_component:4; reduction_accum:1,,1.8,GEOM,0.000
L0277,no,solid_phase,device-eligible,CC_SCALARS::GET_UVWGAS_CFACE,ccib.f90,6705,6758,1,other,ICCF,do,,,43,0,leaf,,0,0,0,0,6,5,"CC_CUTCELL_TYPE,CC_CUTFACE_TYPE,GEOMETRY_TYPE",,alloc_ptr_dummy:3; dt_alloc_component:20; reduction_accum:18,,0.4,GEOM,0.000
L0278,yes,predictor/corrector,device-eligible,CC_SCALARS::GET_VELOC_DIVERGENCE_CUTCELL,ccib.f90,16541,16580,1,cfaces,IFC,do,,,28,0,leaf,,0,0,0,0,11,11,"CC_CUTCELL_TYPE,CC_CUTFACE_TYPE",,dt_alloc_component:17; reduction_accum:1,,1.4,GEOM,0.000
L0279,no,pressure,device-eligible,CC_SCALARS::INSERT_SORTED_INT_REAL,ccib.f90,21208,21214,1,other,,while,,,3,0,leaf,,0,0,0,0,0,0,,,alloc_ptr_dummy:1; exit_out_of_nest:1; reduction_accum:1,,0.0,GEOM,0.000
L0280,no,pressure,device-eligible,CC_SCALARS::INSERT_SORTED_INT_REAL,ccib.f90,21218,21221,1,other,I,do,,,2,0,leaf,,0,0,0,0,0,0,,,alloc_ptr_dummy:4,,0.0,GEOM,0.000
L0281,yes,exchange/communication,device-eligible,CC_SCALARS::MESH_CC_EXCHANGE,ccib.f90,4183,4199,3,cfaces,"ICC1,JCC,NN",do,,,11,0,leaf,,0,0,0,0,1,0,"MESH_TYPE,OMESH_TYPE",,alloc_ptr_local:16; dt_alloc_component:20; reduction_accum:1; write_derived_index:5,,5.0,GEOM,0.000
L0282,yes,exchange/communication,device-eligible,CC_SCALARS::MESH_CC_EXCHANGE,ccib.f90,4208,4225,2,cfaces,"ICC,NN",do,,,14,0,leaf,,0,0,0,0,2,0,"MESH_TYPE,OMESH_TYPE",,alloc_ptr_local:27; dt_alloc_component:26; reduction_accum:1; write_derived_index:10,,2.1,GEOM,0.000
L0283,yes,exchange/communication,device-eligible,CC_SCALARS::MESH_CC_EXCHANGE,ccib.f90,4228,4245,2,cfaces,"IFEP,NN",do,,,14,0,leaf,,0,0,0,0,1,0,"MESH_TYPE,OMESH_TYPE",,alloc_ptr_local:25; dt_alloc_component:33; write_derived_index:8,,2.1,GEOM,0.000
L0284,yes,exchange/communication,device-eligible,CC_SCALARS::MESH_CC_EXCHANGE,ccib.f90,4254,4264,2,cfaces,"ICF1,JCF",do,,,10,0,leaf,,0,0,0,0,1,0,"CC_CUTFACE_TYPE,MESH_TYPE,OMESH_TYPE",,alloc_ptr_local:8; dt_alloc_component:14; pointer_reassign:1; reduction_accum:1; write_derived_index:3,,1.5,GEOM,0.000
L0285,yes,exchange/communication,device-eligible,CC_SCALARS::MESH_CC_EXCHANGE,ccib.f90,4266,4272,2,cfaces,"ICF1,JCF",do,,,3,0,leaf,,0,0,0,0,1,0,"CC_CUTFACE_TYPE,MESH_TYPE,OMESH_TYPE",,alloc_ptr_local:3; dt_alloc_component:4; pointer_reassign:1,,0.5,GEOM,0.000
L0286,yes,exchange/communication,device-eligible,CC_SCALARS::MESH_CC_EXCHANGE,ccib.f90,4282,4293,2,cfaces,"ICF1,JCF",do,,,11,0,leaf,,0,0,0,0,1,0,"CC_CUTFACE_TYPE,MESH_TYPE,OMESH_TYPE",,alloc_ptr_local:9; dt_alloc_component:16; pointer_reassign:1; reduction_accum:1; write_derived_index:4,,1.7,GEOM,0.000
L0287,yes,exchange/communication,device-eligible,CC_SCALARS::MESH_CC_EXCHANGE,ccib.f90,4295,4302,2,cfaces,"ICF1,JCF",do,,,4,0,leaf,,0,0,0,0,1,0,"CC_CUTFACE_TYPE,MESH_TYPE,OMESH_TYPE",,alloc_ptr_local:3; dt_alloc_component:6; pointer_reassign:1,,0.6,GEOM,0.000
L0288,yes,exchange/communication,device-eligible,CC_SCALARS::MESH_CC_EXCHANGE,ccib.f90,4309,4323,1,cfaces,IFC,do,,,9,0,leaf,,0,0,0,0,0,0,"MESH_TYPE,OMESH_TYPE",,alloc_ptr_local:11; dt_alloc_component:10; reduction_accum:1; write_derived_index:3,,0.5,GEOM,0.000
L0289,yes,exchange/communication,device-eligible,CC_SCALARS::MESH_CC_EXCHANGE,ccib.f90,4326,4342,1,cfaces,IFEP,do,,,11,0,leaf,,0,0,0,0,0,0,"MESH_TYPE,OMESH_TYPE",,alloc_ptr_local:14; dt_alloc_component:17; write_derived_index:3,,0.6,GEOM,0.000
L0290,yes,exchange/communication,device-eligible,CC_SCALARS::MESH_CC_EXCHANGE,ccib.f90,4344,4360,1,cfaces,IFEP,do,,,11,0,leaf,,0,0,0,0,0,0,"MESH_TYPE,OMESH_TYPE",,alloc_ptr_local:14; dt_alloc_component:17; write_derived_index:3,,0.6,GEOM,0.000
L0291,yes,exchange/communication,device-eligible,CC_SCALARS::MESH_CC_EXCHANGE,ccib.f90,4361,4377,1,cfaces,IFEP,do,,,11,0,leaf,,0,0,0,0,0,0,"MESH_TYPE,OMESH_TYPE",,alloc_ptr_local:14; dt_alloc_component:17; write_derived_index:3,,0.6,GEOM,0.000
L0292,yes,exchange/communication,device-eligible,CC_SCALARS::MESH_CC_EXCHANGE,ccib.f90,4387,4403,3,cfaces,"ICC1,JCC,NN",do,,,11,0,leaf,,0,0,0,0,1,0,"MESH_TYPE,OMESH_TYPE",,alloc_ptr_local:16; dt_alloc_component:20; reduction_accum:1; write_derived_index:5,,5.0,GEOM,0.000
L0293,yes,exchange/communication,device-eligible,CC_SCALARS::MESH_CC_EXCHANGE,ccib.f90,4412,4429,2,cfaces,"ICC,NN",do,,,14,0,leaf,,0,0,0,0,2,0,"MESH_TYPE,OMESH_TYPE",,alloc_ptr_local:27; dt_alloc_component:26; reduction_accum:1; write_derived_index:10,,2.1,GEOM,0.000
L0294,yes,exchange/communication,device-eligible,CC_SCALARS::MESH_CC_EXCHANGE,ccib.f90,4432,4449,2,cfaces,"IFEP,NN",do,,,14,0,leaf,,0,0,0,0,1,0,"MESH_TYPE,OMESH_TYPE",,alloc_ptr_local:25; dt_alloc_component:33; write_derived_index:8,,2.1,GEOM,0.000
L0295,yes,exchange/communication,device-eligible,CC_SCALARS::MESH_CC_EXCHANGE,ccib.f90,4459,4469,2,cfaces,"ICF1,JCF",do,,,10,0,leaf,,0,0,0,0,1,0,"CC_CUTFACE_TYPE,MESH_TYPE,OMESH_TYPE",,alloc_ptr_local:8; dt_alloc_component:14; pointer_reassign:1; reduction_accum:1; write_derived_index:3,,1.5,GEOM,0.000
L0296,yes,exchange/communication,device-eligible,CC_SCALARS::MESH_CC_EXCHANGE,ccib.f90,4471,4477,2,cfaces,"ICF1,JCF",do,,,3,0,leaf,,0,0,0,0,1,0,"CC_CUTFACE_TYPE,MESH_TYPE,OMESH_TYPE",,alloc_ptr_local:3; dt_alloc_component:4; pointer_reassign:1,,0.5,GEOM,0.000
L0297,yes,exchange/communication,device-eligible,CC_SCALARS::MESH_CC_EXCHANGE,ccib.f90,4487,4498,2,cfaces,"ICF1,JCF",do,,,11,0,leaf,,0,0,0,0,1,0,"CC_CUTFACE_TYPE,MESH_TYPE,OMESH_TYPE",,alloc_ptr_local:9; dt_alloc_component:16; pointer_reassign:1; reduction_accum:1; write_derived_index:4,,1.7,GEOM,0.000
L0298,yes,exchange/communication,device-eligible,CC_SCALARS::MESH_CC_EXCHANGE,ccib.f90,4500,4507,2,cfaces,"ICF1,JCF",do,,,4,0,leaf,,0,0,0,0,1,0,"CC_CUTFACE_TYPE,MESH_TYPE,OMESH_TYPE",,alloc_ptr_local:3; dt_alloc_component:6; pointer_reassign:1,,0.6,GEOM,0.000
L0299,yes,exchange/communication,device-eligible,CC_SCALARS::MESH_CC_EXCHANGE,ccib.f90,4518,4548,3,cell,"KK,JJ,II",do,,,19,0,leaf,,0,0,0,0,0,0,"MESH_TYPE,OMESH_TYPE",,alloc_ptr_local:42; dt_alloc_component:33; reduction_accum:1; write_derived_index:9,,19.0,GEOM,0.000
L0300,yes,exchange/communication,device-eligible,CC_SCALARS::MESH_CC_EXCHANGE,ccib.f90,4552,4581,3,cell,"KK,JJ,II",do,,,18,0,leaf,,0,0,0,0,0,0,"MESH_TYPE,OMESH_TYPE",,alloc_ptr_local:42; dt_alloc_component:24,,18.0,GEOM,0.000
L0301,yes,exchange/communication,device-eligible,CC_SCALARS::MESH_CC_EXCHANGE,ccib.f90,4588,4602,1,cfaces,IFC,do,,,9,0,leaf,,0,0,0,0,0,0,"MESH_TYPE,OMESH_TYPE",,alloc_ptr_local:11; dt_alloc_component:10; reduction_accum:1; write_derived_index:3,,0.5,GEOM,0.000
L0302,yes,exchange/communication,device-eligible,CC_SCALARS::MESH_CC_EXCHANGE,ccib.f90,4605,4621,1,cfaces,IFEP,do,,,11,0,leaf,,0,0,0,0,0,0,"MESH_TYPE,OMESH_TYPE",,alloc_ptr_local:14; dt_alloc_component:17; write_derived_index:3,,0.6,GEOM,0.000
L0303,yes,exchange/communication,device-eligible,CC_SCALARS::MESH_CC_EXCHANGE,ccib.f90,4623,4639,1,cfaces,IFEP,do,,,11,0,leaf,,0,0,0,0,0,0,"MESH_TYPE,OMESH_TYPE",,alloc_ptr_local:14; dt_alloc_component:17; write_derived_index:3,,0.6,GEOM,0.000
L0304,yes,exchange/communication,device-eligible,CC_SCALARS::MESH_CC_EXCHANGE,ccib.f90,4640,4656,1,cfaces,IFEP,do,,,11,0,leaf,,0,0,0,0,0,0,"MESH_TYPE,OMESH_TYPE",,alloc_ptr_local:14; dt_alloc_component:17; write_derived_index:3,,0.6,GEOM,0.000
L0305,yes,exchange/communication,device-eligible,CC_SCALARS::MESH_CC_EXCHANGE,ccib.f90,4666,4675,1,cfaces,ICC,do,,,8,0,leaf,,0,0,0,0,0,0,"MESH_TYPE,OMESH_TYPE",,alloc_ptr_local:13; dt_alloc_component:12; reduction_accum:1; write_derived_index:4,,0.4,GEOM,0.000
L0306,yes,exchange/communication,device-eligible,CC_SCALARS::MESH_CC_EXCHANGE,ccib.f90,4678,4687,1,cfaces,ICC,do,,,8,0,leaf,,0,0,0,0,0,0,"MESH_TYPE,OMESH_TYPE",,alloc_ptr_local:13; dt_alloc_component:12; reduction_accum:1; write_derived_index:4,,0.4,GEOM,0.000
L0307,yes,exchange/communication,device-eligible,CC_SCALARS::MESH_CC_EXCHANGE,ccib.f90,4697,4706,1,cfaces,ICC,do,,,8,0,leaf,,0,0,0,0,0,0,"MESH_TYPE,OMESH_TYPE",,alloc_ptr_local:13; dt_alloc_component:12; reduction_accum:1; write_derived_index:4,,0.4,GEOM,0.000
L0308,yes,exchange/communication,device-eligible,CC_SCALARS::MESH_CC_EXCHANGE,ccib.f90,4709,4718,1,cfaces,ICC,do,,,8,0,leaf,,0,0,0,0,0,0,"MESH_TYPE,OMESH_TYPE",,alloc_ptr_local:13; dt_alloc_component:12; reduction_accum:1; write_derived_index:4,,0.4,GEOM,0.000
L0309,yes,exchange/communication,device-eligible,CC_SCALARS::MESH_CC_EXCHANGE,ccib.f90,4771,4784,3,cfaces,"ICC1,JCC,NN",do,,,8,0,leaf,,0,0,0,0,2,0,"MESH_TYPE,OMESH_TYPE",,alloc_ptr_local:7; dt_alloc_component:17; reduction_accum:1; write_derived_index:5,,3.6,GEOM,0.000
L0310,yes,exchange/communication,device-eligible,CC_SCALARS::MESH_CC_EXCHANGE,ccib.f90,4789,4803,2,cfaces,"IFEP,NN",do,,,11,0,leaf,,0,0,0,0,2,0,"MESH_TYPE,OMESH_TYPE",,alloc_ptr_local:20; dt_alloc_component:28; write_derived_index:8,,1.7,GEOM,0.000
L0311,yes,exchange/communication,device-eligible,CC_SCALARS::MESH_CC_EXCHANGE,ccib.f90,4810,4828,2,cfaces,"ICF1,JCF",do,,,14,0,leaf,,0,0,0,0,3,0,"CC_CUTFACE_TYPE,MESH_TYPE,OMESH_TYPE",,alloc_ptr_local:7; dt_alloc_component:20; pointer_reassign:1; reduction_accum:1; write_derived_index:4,,2.1,GEOM,0.000
L0312,yes,exchange/communication,device-eligible,CC_SCALARS::MESH_CC_EXCHANGE,ccib.f90,4834,4839,1,cfaces,IFEP,do,,,4,0,leaf,,0,0,0,0,0,0,"MESH_TYPE,OMESH_TYPE",,alloc_ptr_local:6; dt_alloc_component:7; write_derived_index:1,,0.2,GEOM,0.000
L0313,yes,exchange/communication,device-eligible,CC_SCALARS::MESH_CC_EXCHANGE,ccib.f90,4841,4846,1,cfaces,IFEP,do,,,4,0,leaf,,0,0,0,0,0,0,"MESH_TYPE,OMESH_TYPE",,alloc_ptr_local:6; dt_alloc_component:7; write_derived_index:1,,0.2,GEOM,0.000
L0314,yes,exchange/communication,device-eligible,CC_SCALARS::MESH_CC_EXCHANGE,ccib.f90,4847,4852,1,cfaces,IFEP,do,,,4,0,leaf,,0,0,0,0,0,0,"MESH_TYPE,OMESH_TYPE",,alloc_ptr_local:6; dt_alloc_component:7; write_derived_index:1,,0.2,GEOM,0.000
L0315,yes,exchange/communication,device-eligible,CC_SCALARS::MESH_CC_EXCHANGE,ccib.f90,4857,4871,2,cfaces,"ICF1,JCF",do,,,12,0,leaf,,0,0,0,0,2,0,"CC_CUTFACE_TYPE,MESH_TYPE,OMESH_TYPE",,alloc_ptr_local:6; dt_alloc_component:16; pointer_reassign:1; reduction_accum:1; write_derived_index:2,,1.8,GEOM,0.000
L0316,yes,exchange/communication,device-eligible,CC_SCALARS::MESH_CC_EXCHANGE,ccib.f90,4881,4894,3,cfaces,"ICC1,JCC,NN",do,,,8,0,leaf,,0,0,0,0,2,0,"MESH_TYPE,OMESH_TYPE",,alloc_ptr_local:7; dt_alloc_component:17; reduction_accum:1; write_derived_index:5,,3.6,GEOM,0.000
L0317,yes,exchange/communication,device-eligible,CC_SCALARS::MESH_CC_EXCHANGE,ccib.f90,4900,4905,1,cfaces,IFEP,do,,,4,0,leaf,,0,0,0,0,0,0,"MESH_TYPE,OMESH_TYPE",,alloc_ptr_local:6; dt_alloc_component:7; write_derived_index:1,,0.2,GEOM,0.000
L0318,yes,exchange/communication,device-eligible,CC_SCALARS::MESH_CC_EXCHANGE,ccib.f90,4907,4912,1,cfaces,IFEP,do,,,4,0,leaf,,0,0,0,0,0,0,"MESH_TYPE,OMESH_TYPE",,alloc_ptr_local:6; dt_alloc_component:7; write_derived_index:1,,0.2,GEOM,0.000
L0319,yes,exchange/communication,device-eligible,CC_SCALARS::MESH_CC_EXCHANGE,ccib.f90,4913,4918,1,cfaces,IFEP,do,,,4,0,leaf,,0,0,0,0,0,0,"MESH_TYPE,OMESH_TYPE",,alloc_ptr_local:6; dt_alloc_component:7; write_derived_index:1,,0.2,GEOM,0.000
L0320,yes,exchange/communication,device-eligible,CC_SCALARS::MESH_CC_EXCHANGE,ccib.f90,4923,4937,2,cfaces,"ICF1,JCF",do,,,12,0,leaf,,0,0,0,0,2,0,"CC_CUTFACE_TYPE,MESH_TYPE,OMESH_TYPE",,alloc_ptr_local:6; dt_alloc_component:16; pointer_reassign:1; reduction_accum:1; write_derived_index:2,,1.8,GEOM,0.000
L0321,yes,exchange/communication,device-eligible,CC_SCALARS::MESH_CC_EXCHANGE,ccib.f90,4942,4951,3,cell,"KK,JJ,II",do,,,4,0,leaf,,0,0,0,0,0,0,OMESH_TYPE,,alloc_ptr_local:12; dt_alloc_component:3; reduction_accum:1,,4.0,GEOM,0.000
L0322,yes,exchange/communication,device-eligible,CC_SCALARS::MESH_CC_EXCHANGE,ccib.f90,4962,4976,4,cfaces,"ICC,ICELL,EP,INPE",do,,,7,0,leaf,,0,0,0,0,1,0,"MESH_TYPE,OMESH_TYPE",,alloc_ptr_local:12; dt_alloc_component:18; write_missing_inner_index:3,,9.5,GEOM,0.000
L0323,yes,exchange/communication,device-eligible,CC_SCALARS::MESH_CC_EXCHANGE,ccib.f90,4978,4983,1,cfaces,IFEP,do,,,4,0,leaf,,0,0,0,0,0,0,"MESH_TYPE,OMESH_TYPE",,alloc_ptr_local:6; dt_alloc_component:7; write_derived_index:1,,0.2,GEOM,0.000
L0324,no,exchange/communication,device-eligible,CC_SCALARS::MESH_CC_EXCHANGE::CC_TIMEOUT,ccib.f90,5128,5135,1,other,,while,,,5,0,leaf,,0,0,0,0,3,0,MPI_REQUEST,MPI_TESTALL:1,io:1; mpi_call:1; shutdown_call:1; string_op:1,,0.1,GEOM,0.000
L0325,yes,exchange/communication,device-eligible,CC_SCALARS::MESH_CC_EXCHANGE::FILL_GCCUTCELL_SPECIES,ccib.f90,5017,5104,6,wall,"IW,KKO,JJO,IIO,ICC1,JCC",do,,,54,0,leaf,,0,0,0,0,21,13,"BOUNDARY_COORD_TYPE,CC_CUTCELL_TYPE,EXTERNAL_WALL_TYPE,MESH_TYPE,WALL_TYPE",,alloc_ptr_local:11; dt_alloc_component:31; pointer_reassign:4; write_derived_index:9,,2624.4,GEOM,0.000
L0326,yes,pressure,device-eligible,CC_SCALARS::NUMBER_UNKH_CUTCELLS,ccib.f90,22841,22843,1,cfaces,ICC,do,,,1,0,leaf,,0,0,0,0,2,1,"CC_CUTCELL_TYPE,MESH_TYPE",,dt_alloc_component:1,,0.1,GEOM,0.000
L0327,yes,pressure,device-eligible,CC_SCALARS::NUMBER_UNKH_CUTCELLS,ccib.f90,22845,22850,1,cfaces,ICC,do,,,8,0,leaf,,0,0,0,0,7,4,"CC_CUTCELL_TYPE,CELL_TYPE,MESH_TYPE,ZONE_SOLVE_TYPE",,dt_alloc_component:1; pointer_reassign:1; write_derived_index:1,,0.4,GEOM,0.000
L0328,yes,pressure,device-eligible,CC_SCALARS::NUMBER_UNKH_CUTCELLS,ccib.f90,22852,22858,2,cfaces,"ICC,JCC",do,,,7,0,leaf,,0,0,0,0,7,4,"CC_CUTCELL_TYPE,CELL_TYPE,MESH_TYPE,ZONE_SOLVE_TYPE",,dt_alloc_component:3; pointer_reassign:1,,1.1,GEOM,0.000
L0329,yes,predictor/corrector,device-eligible,CC_SCALARS::PUT_RHOZZVECTOR_SCALAR_3D,ccib.f90,13389,13395,2,cfaces,"ICC,JCC",do,,,4,0,leaf,,0,0,0,0,8,3,"CC_CUTCELL_TYPE,CELL_TYPE,MESH_TYPE",,dt_alloc_component:2; pointer_reassign:1,,0.6,GEOM,0.000
L0330,yes,predictor/corrector,device-eligible,CC_SCALARS::PUT_RHOZZVECTOR_SCALAR_3D,ccib.f90,13398,13404,2,cfaces,"ICC,JCC",do,,,4,0,leaf,,0,0,0,0,8,3,"CC_CUTCELL_TYPE,CELL_TYPE,MESH_TYPE",,dt_alloc_component:2; pointer_reassign:1,,0.6,GEOM,0.000
L0331,yes,predictor/corrector,device-eligible,CC_SCALARS::PUT_RHOZZVECTOR_SCALAR_3D,ccib.f90,13408,13416,3,cell,"K,J,I",do,,,3,0,leaf,,0,0,0,0,7,4,,,alloc_ptr_local:1; write_derived_index:1,,3.0,GEOM,0.000
L0332,yes,predictor/corrector,device-eligible,CC_SCALARS::ROTATED_CUBE_RHS_ZZ,ccib.f90,6442,6465,3,cell,"K,J,I",do,,,13,2,tree,"INTERPOLATE1D_UNIFORM,ROTATED_CUBE_NEUMN_FZ",2,1,62,2,11,9,CELL_TYPE,,alloc_ptr_local:5,,28.5,GEOM,0.000
L0333,yes,predictor/corrector,device-eligible,CC_SCALARS::ROTATED_CUBE_VELOCITY_FLUX,ccib.f90,6124,6166,3,cell,"K,J,I",do,,,17,0,leaf,,0,0,0,0,11,8,,,alloc_ptr_local:4,,17.0,GEOM,0.000
L0334,yes,predictor/corrector,device-eligible,CC_SCALARS::ROTATED_CUBE_VELOCITY_FLUX,ccib.f90,6170,6212,3,face,"K,J,I",do,,,17,0,leaf,,0,0,0,0,11,8,,,alloc_ptr_local:4,,17.0,GEOM,0.000
L0335,yes,predictor/corrector,device-eligible,CC_SCALARS::SET_EXIMADVFLX_3D,ccib.f90,8011,8039,3,cfaces,"N,X1AXIS,IFACE",do,,,12,0,leaf,,0,0,0,0,9,7,"CC_REGFACEZ_TYPE,MESH_TYPE",,alloc_ptr_dummy:3; alloc_ptr_local:10; dt_alloc_component:4; pointer_reassign:3,,5.4,GEOM,0.000
L0336,yes,predictor/corrector,device-eligible,CC_SCALARS::SET_EXIMDIFFLX_3D,ccib.f90,8189,8196,3,cell,"K,J,I",do,,,2,0,leaf,,0,0,0,0,2,0,MESH_TYPE,,alloc_ptr_dummy:1; dt_alloc_component:1,,2.0,GEOM,0.000
L0337,yes,predictor/corrector,device-eligible,CC_SCALARS::SET_EXIMDIFFLX_3D,ccib.f90,8199,8206,3,cell,"K,J,I",do,,,2,0,leaf,,0,0,0,0,2,0,MESH_TYPE,,alloc_ptr_dummy:1; dt_alloc_component:1,,2.0,GEOM,0.000
L0338,yes,predictor/corrector,device-eligible,CC_SCALARS::SET_EXIMDIFFLX_3D,ccib.f90,8209,8216,3,cell,"K,J,I",do,,,2,0,leaf,,0,0,0,0,2,0,MESH_TYPE,,alloc_ptr_dummy:1; dt_alloc_component:1,,2.0,GEOM,0.000
L0339,yes,predictor/corrector,device-eligible,CC_SCALARS::SET_EXIMDIFFLX_3D,ccib.f90,8219,8245,3,cfaces,"N,X1AXIS,IFACE",do,,,11,0,leaf,,0,0,0,0,5,3,"CC_REGFACEZ_TYPE,MESH_TYPE",,alloc_ptr_dummy:3; alloc_ptr_local:9; dt_alloc_component:3; pointer_reassign:3,,5.0,GEOM,0.000
L0340,yes,predictor/corrector,device-eligible,CC_SCALARS::SET_EXIMRHOHSLIM_3D,ccib.f90,8122,8170,2,cfaces,"X1AXIS,IFACE",do,,,29,1,tree,GET_SENSIBLE_ENTHALPY,1,1,13,1,13,7,"BOUNDARY_COORD_TYPE,BOUNDARY_PROP1_TYPE,CC_REGFACEZ_TYPE,MESH_TYPE,WALL_TYPE",,alloc_ptr_local:17; dt_alloc_component:1; pointer_reassign:6,,4.8,GEOM,0.000
L0341,yes,predictor/corrector,device-eligible,CC_SCALARS::SET_EXIMRHOZZLIM_3D,ccib.f90,8062,8096,2,cfaces,"X1AXIS,IFACE",do,,,19,0,leaf,,0,0,0,0,8,5,"BOUNDARY_PROP1_TYPE,CC_REGFACEZ_TYPE,MESH_TYPE,WALL_TYPE",,alloc_ptr_local:17; dt_alloc_component:6; pointer_reassign:5,,2.9,GEOM,0.000
L0342,yes,pressure,device-eligible,CC_SCALARS::UNSTRUCTURED_POISSON_RESIDUAL,ccib.f90,1334,1344,1,cfaces,JCC,do,,,5,2,tree,"GET_FN_DIVERGENCE_CUTCELL,GET_LHS_CUTCELL",3,2,346,3,1,1,CC_CUTCELL_TYPE,,alloc_ptr_dummy:3; dt_alloc_component:2; reduction_accum:1,alloc_ptr_dummy:2; dt_alloc_component:3,4.6,GEOM,0.000
L0343,yes,pressure,device-eligible,CC_SCALARS::UNSTRUCTURED_POISSON_RESIDUAL,ccib.f90,1346,1354,1,cfaces,JCC,do,,,4,2,tree,"GET_FN_DIVERGENCE_CUTCELL,GET_LHS_CUTCELL",3,2,346,3,1,1,CC_CUTCELL_TYPE,,alloc_ptr_dummy:3; dt_alloc_component:1; reduction_accum:2,alloc_ptr_dummy:2; dt_alloc_component:3,4.5,GEOM,0.000
L0344,yes,pressure,device-eligible,CC_SCALARS::UNSTRUCTURED_POISSON_RESIDUAL,ccib.f90,1362,1372,1,cfaces,JCC,do,,,5,2,tree,"GET_FN_DIVERGENCE_CUTCELL,GET_LHS_CUTCELL",3,2,346,3,1,1,CC_CUTCELL_TYPE,,alloc_ptr_dummy:3; dt_alloc_component:2; reduction_accum:1,alloc_ptr_dummy:2; dt_alloc_component:3,4.6,GEOM,0.000
L0345,yes,pressure,device-eligible,CC_SCALARS::UNSTRUCTURED_POISSON_RESIDUAL,ccib.f90,1374,1382,1,cfaces,JCC,do,,,4,2,tree,"GET_FN_DIVERGENCE_CUTCELL,GET_LHS_CUTCELL",3,2,346,3,1,1,CC_CUTCELL_TYPE,,alloc_ptr_dummy:3; dt_alloc_component:1; reduction_accum:2,alloc_ptr_dummy:2; dt_alloc_component:3,4.5,GEOM,0.000
L0346,no,species_combustion,device-eligible,CVODE_INTERFACE::CVODE_SERIAL,chem.f90,923,938,1,other,,while,,,11,2,tree,"GET_ENTHALPY,MOLAR_CONC_TO_MASS_FRAC",2,1,32,2,4,0,"C_PTR,N_VECTOR",,alloc_ptr_local:1; exit_out_of_nest:1; io:1; reduction_accum:1; save_var:1; stop:1; write_derived_index:2,,0.2,CHEM,0.000
L0347,no,species_combustion,device-eligible,CVODE_INTERFACE::CVODE_SERIAL,chem.f90,950,958,1,other,,while,,,5,0,leaf,,0,0,0,0,0,0,"C_PTR,N_VECTOR",,alloc_ptr_local:1; exit_out_of_nest:1; reduction_accum:1,,0.1,CHEM,0.000
L0348,no,species_combustion,device-eligible,CVODE_INTERFACE::CVODE_SERIAL,chem.f90,976,978,1,other,NS,do,,,1,0,leaf,,0,0,0,0,3,0,SPECIES_MIXTURE_TYPE,,io:1,,0.0,CHEM,0.000
L0349,no,output,host,CONTROL_FUNCTIONS::EVALUATE_CONTROL,ctrl.f90,97,118,1,other,NC,do,,,14,1,tree,EVALUATE_CONTROL,2,2,952,2,2,0,"CONTROL_TYPE,DEVICE_TYPE",,alloc_ptr_local:13; dt_alloc_component:6; pointer_reassign:2,alloc_ptr_local:1; dt_alloc_component:2; pointer_reassign:1; recursion:1,2.5,DUMP,0.000
L0350,no,output,host,CONTROL_FUNCTIONS::EVALUATE_CONTROL,ctrl.f90,121,142,1,other,NC,do,,,14,1,tree,EVALUATE_CONTROL,2,2,952,2,2,0,"CONTROL_TYPE,DEVICE_TYPE",,alloc_ptr_local:13; dt_alloc_component:6; pointer_reassign:2,alloc_ptr_local:1; dt_alloc_component:2; pointer_reassign:1; recursion:1,2.5,DUMP,0.000
L0351,no,output,host,CONTROL_FUNCTIONS::EVALUATE_CONTROL,ctrl.f90,146,168,1,other,NC,do,,,14,1,tree,EVALUATE_CONTROL,2,2,952,2,2,0,"CONTROL_TYPE,DEVICE_TYPE",,alloc_ptr_local:13; dt_alloc_component:6; pointer_reassign:2; reduction_accum:2,alloc_ptr_local:1; dt_alloc_component:2; pointer_reassign:1; recursion:1,2.5,DUMP,0.000
L0352,no,output,host,CONTROL_FUNCTIONS::EVALUATE_CONTROL,ctrl.f90,172,192,1,other,NC,do,,,13,1,tree,EVALUATE_CONTROL,2,2,952,2,2,0,"CONTROL_TYPE,DEVICE_TYPE",,alloc_ptr_local:13; dt_alloc_component:6; pointer_reassign:2; reduction_accum:2,alloc_ptr_local:1; dt_alloc_component:2; pointer_reassign:1; recursion:1,2.5,DUMP,0.000
L0353,no,output,host,CONTROL_FUNCTIONS::EVALUATE_CONTROL,ctrl.f90,296,312,1,other,NC,do,,,10,1,tree,EVALUATE_CONTROL,2,2,952,2,2,0,"CONTROL_TYPE,DEVICE_TYPE",,alloc_ptr_local:20; dt_alloc_component:6; pointer_reassign:2; reduction_accum:1,alloc_ptr_local:1; dt_alloc_component:2; pointer_reassign:1; recursion:1,2.5,DUMP,0.000
L0354,no,output,host,CONTROL_FUNCTIONS::EVALUATE_CONTROL,ctrl.f90,339,355,1,other,NC,do,,,10,1,tree,EVALUATE_CONTROL,2,2,952,2,2,0,"CONTROL_TYPE,DEVICE_TYPE",,alloc_ptr_local:20; dt_alloc_component:6; pointer_reassign:2; reduction_accum:1,alloc_ptr_local:1; dt_alloc_component:2; pointer_reassign:1; recursion:1,2.5,DUMP,0.000
L0355,no,output,host,CONTROL_FUNCTIONS::EVALUATE_CONTROL,ctrl.f90,366,382,1,other,NC,do,,,10,1,tree,EVALUATE_CONTROL,2,2,952,2,2,0,"CONTROL_TYPE,DEVICE_TYPE",,alloc_ptr_local:20; dt_alloc_component:6; pointer_reassign:2; reduction_accum:1,alloc_ptr_local:1; dt_alloc_component:2; pointer_reassign:1; recursion:1,2.5,DUMP,0.000
L0356,no,output,host,CONTROL_FUNCTIONS::EVALUATE_CONTROL,ctrl.f90,439,442,1,other,NN,do,,,2,0,leaf,,0,0,0,0,1,0,"CONTROL_TYPE,DEVICE_TYPE",,alloc_ptr_local:7; dt_alloc_component:4; pointer_reassign:1,,0.0,DUMP,0.000
L0357,no,output,host,CONTROL_FUNCTIONS::EVALUATE_CONTROL,ctrl.f90,445,450,1,other,NN,do,,,3,0,leaf,,0,0,0,0,0,0,"CONTROL_TYPE,DEVICE_TYPE",,alloc_ptr_local:5; dt_alloc_component:2; exit_out_of_nest:1,,0.0,DUMP,0.000
L0358,no,output,host,CONTROL_FUNCTIONS::EVALUATE_CONTROL,ctrl.f90,717,733,1,other,NC,do,,,10,1,tree,EVALUATE_CONTROL,2,2,952,2,2,0,"CONTROL_TYPE,DEVICE_TYPE",,alloc_ptr_local:20; dt_alloc_component:6; pointer_reassign:2; reduction_accum:1,alloc_ptr_local:1; dt_alloc_component:2; pointer_reassign:1; recursion:1,2.5,DUMP,0.000
L0359,no,output,host,CONTROL_FUNCTIONS::EVALUATE_CONTROL,ctrl.f90,744,760,1,other,NC,do,,,10,1,tree,EVALUATE_CONTROL,2,2,952,2,2,0,"CONTROL_TYPE,DEVICE_TYPE",,alloc_ptr_local:20; dt_alloc_component:6; pointer_reassign:2; reduction_accum:1,alloc_ptr_local:1; dt_alloc_component:2; pointer_reassign:1; recursion:1,2.5,DUMP,0.000
L0360,no,output,host,CONTROL_FUNCTIONS::UPDATE_CONTROLS,ctrl.f90,33,40,1,other,NC,do,,,4,0,leaf,,0,0,0,0,2,0,CONTROL_TYPE,,,,0.0,DUMP,0.000
L0361,no,output,host,CONTROL_FUNCTIONS::UPDATE_CONTROLS,ctrl.f90,41,44,1,other,NC,do,,,2,1,tree,EVALUATE_CONTROL,2,2,952,2,2,0,CONTROL_TYPE,,,alloc_ptr_local:1; dt_alloc_component:2; pointer_reassign:1; recursion:1,2.4,DUMP,0.000
L0362,no,output,host,CONTROL_FUNCTIONS::UPDATE_CONTROLS,ctrl.f90,50,67,1,other,N,do,,,12,0,leaf,,0,0,0,0,3,0,"CONTROL_TYPE,DEVICE_TYPE",,alloc_ptr_local:15; dt_alloc_component:1; pointer_reassign:1,,0.1,DUMP,0.000
L0363,yes,corrector,device-eligible,DIVG::CHECK_DIVERGENCE,divg.f90,1675,1711,3,cell,"K,J,I",do,,,22,0,leaf,,0,0,0,0,25,23,CELL_TYPE,,alloc_ptr_local:11,,22.0,DIVG,0.272
L0364,yes,predictor/corrector,device-eligible,DIVG::DIVERGENCE_PART_1,divg.f90,93,95,1,wall,IW,do,!$OMP PARALLEL DO SCHEDULE(GUIDED) PRIVATE(IW),,1,1,tree,PREDICT_NORMAL_VELOCITY,2,2,157,2,2,2,,,,alloc_ptr_local:1; dt_alloc_component:2; pointer_reassign:1,8.1,DIVG,0.099
L0365,yes,predictor/corrector,device-eligible,DIVG::DIVERGENCE_PART_1,divg.f90,128,235,4,cell,"N,K,J,I,K,J",do,,,49,2,tree,"INTERPOLATE1D_UNIFORM,TENSOR_DIFFUSIVITY_MODEL",3,2,633,3,27,17,"BOUNDARY_COORD_TYPE,BOUNDARY_PROP1_TYPE,EXTERNAL_WALL_TYPE,SPECIES_MIXTURE_TYPE,WALL_TYPE",,alloc_ptr_local:120; dt_alloc_component:12; pointer_reassign:5; reduction_accum:1; write_derived_index:12; write_missing_outer_index:1,alloc_ptr_local:2; dt_alloc_component:1; pointer_reassign:2; string_op:1,621.8,DIVG,7.679
L0366,yes,predictor/corrector,device-eligible,DIVG::DIVERGENCE_PART_1,divg.f90,245,258,3,face,"K,J,I",do,!$OMP PARALLEL DO PRIVATE(N) SCHEDULE(STATIC),,6,0,leaf,,0,0,0,0,5,3,,,alloc_ptr_local:9; reduction_intrinsic:6; write_derived_index:3,,6.0,DIVG,0.074
L0367,no,predictor/corrector,device-eligible,DIVG::DIVERGENCE_PART_1,divg.f90,271,275,1,other,N,do,,,3,0,leaf,,0,0,0,0,7,6,,,alloc_ptr_local:3,,0.0,DIVG,0.000
L0368,no,predictor/corrector,device-eligible,DIVG::DIVERGENCE_PART_1,divg.f90,277,281,1,other,N,do,,,3,0,leaf,,0,0,0,0,4,3,,,alloc_ptr_local:3,,0.0,DIVG,0.000
L0369,yes,predictor/corrector,device-eligible,DIVG::DIVERGENCE_PART_1,divg.f90,287,421,4,face,"N,K,J,I,IW,K",do,,,62,4,tree,GET_SENSIBLE_ENTHALPY_Z,1,1,11,1,30,24,"BOUNDARY_COORD_TYPE,BOUNDARY_PROP1_TYPE,WALL_TYPE",,alloc_ptr_local:159; dt_alloc_component:6; pointer_reassign:6; reduction_accum:1; reduction_intrinsic:2; write_derived_index:18,,194.2,DIVG,2.399
L0370,yes,predictor/corrector,device-eligible,DIVG::DIVERGENCE_PART_1,divg.f90,435,443,3,cell,"K,J,I",do,!$OMP DO SCHEDULE(STATIC),432,3,1,tree,GET_SPECIFIC_HEAT,1,1,11,1,6,4,,,alloc_ptr_local:5,,5.8,DIVG,0.071
L0371,yes,predictor/corrector,device-eligible,DIVG::DIVERGENCE_PART_1,divg.f90,463,471,3,cell,"K,J,I",do,,,3,1,tree,GET_CONDUCTIVITY,1,1,10,1,8,6,CELL_TYPE,,alloc_ptr_local:3,,5.5,DIVG,0.068
L0372,yes,predictor/corrector,device-eligible,DIVG::DIVERGENCE_PART_1,divg.f90,482,486,1,wall,IW,do,,,3,0,leaf,,0,0,0,0,3,3,"BOUNDARY_COORD_TYPE,WALL_TYPE",,alloc_ptr_local:11; pointer_reassign:2; write_derived_index:1,,0.6,DIVG,0.007
L0373,yes,predictor/corrector,device-eligible,DIVG::DIVERGENCE_PART_1,divg.f90,499,505,3,cell,"K,J,I",do,!$OMP PARALLEL DO SCHEDULE(STATIC),,1,0,leaf,,0,0,0,0,5,4,,,alloc_ptr_local:2,,1.0,DIVG,0.012
L0374,yes,predictor/corrector,device-eligible,DIVG::DIVERGENCE_PART_1,divg.f90,512,523,3,face,"K,J,I",do,"!$OMP PARALLEL DO PRIVATE(DTDX, DTDY, DTDZ) SCHEDULE(STATIC)",,6,0,leaf,,0,0,0,0,7,7,,,alloc_ptr_local:9,,6.0,DIVG,0.074
L0375,yes,predictor/corrector,device-eligible,DIVG::DIVERGENCE_PART_1,divg.f90,532,554,1,wall,IW,do,,,17,0,leaf,,0,0,0,0,5,5,"BOUNDARY_COORD_TYPE,BOUNDARY_PROP1_TYPE,WALL_TYPE",,alloc_ptr_local:61; pointer_reassign:3; write_derived_index:7,,3.4,DIVG,0.042
L0376,yes,predictor/corrector,device-eligible,DIVG::DIVERGENCE_PART_1,divg.f90,561,570,3,cell,"K,J,I",do,!$OMP PARALLEL DO PRIVATE(DELKDELT) SCHEDULE(STATIC),,2,0,leaf,,0,0,0,0,8,8,,,alloc_ptr_local:8,,2.0,DIVG,0.025
L0377,yes,predictor/corrector,device-eligible,DIVG::DIVERGENCE_PART_1,divg.f90,573,582,3,cell,"K,J,I",do,,,2,0,leaf,,0,0,0,0,9,9,,,alloc_ptr_local:6,,2.0,DIVG,0.025
L0378,yes,predictor/corrector,device-eligible,DIVG::DIVERGENCE_PART_1,divg.f90,591,597,3,cell,"K,J,I",do,,,1,0,leaf,,0,0,0,0,3,3,,,alloc_ptr_local:3,,1.0,DIVG,0.012
L0379,yes,predictor/corrector,device-eligible,DIVG::DIVERGENCE_PART_1,divg.f90,608,616,3,cell,"K,J,I",do,!$OMP PARALLEL DO PRIVATE(IPZ) SCHEDULE(STATIC),,3,0,leaf,,0,0,0,0,6,5,,,alloc_ptr_local:4,,3.0,DIVG,0.037
L0380,yes,predictor/corrector,device-eligible,DIVG::DIVERGENCE_PART_1,divg.f90,622,629,3,cell,"K,J,I",do,!$OMP PARALLEL DO SCHEDULE(STATIC),,2,0,leaf,,0,0,0,0,4,3,,,alloc_ptr_local:5,,2.0,DIVG,0.025
L0381,yes,predictor/corrector,device-eligible,DIVG::DIVERGENCE_PART_1,divg.f90,640,660,4,cell,"N,K,J,I",do,,,6,3,tree,"GET_SENSIBLE_ENTHALPY_Z,SET_EXIMRHOZZLIM_3D,SPECIES_ADVECTION_PART_2",3,1,137,3,12,8,"CELL_TYPE,SPECIES_MIXTURE_TYPE",,alloc_ptr_local:7; pointer_reassign:1; reduction_accum:1,alloc_ptr_dummy:1; alloc_ptr_local:2; dt_alloc_component:2; pointer_reassign:2,120.8,DIVG,1.491
L0382,yes,predictor/corrector,device-eligible,DIVG::DIVERGENCE_PART_1,divg.f90,668,674,3,cell,"K,J,I",do,,,1,0,leaf,,0,0,0,0,4,4,,,alloc_ptr_local:2,,1.0,DIVG,0.012
L0383,yes,predictor/corrector,device-eligible,DIVG::DIVERGENCE_PART_1,divg.f90,681,687,3,cell,"K,J,I",do,!$OMP PARALLEL DO SCHEDULE(STATIC),,1,0,leaf,,0,0,0,0,6,4,,,alloc_ptr_local:3,,1.0,DIVG,0.012
L0384,yes,predictor/corrector,device-eligible,DIVG::DIVERGENCE_PART_1,divg.f90,696,716,4,cell,"K,J,I,N",do,,,8,3,tree,"GET_SENSIBLE_ENTHALPY_Z,VD2D_MMS_Z_SRC",2,1,39,2,10,7,SPECIES_MIXTURE_TYPE,,alloc_ptr_local:5; pointer_reassign:1; write_missing_inner_index:1,,53.2,DIVG,0.658
L0385,yes,predictor/corrector,device-eligible,DIVG::DIVERGENCE_PART_1,divg.f90,730,753,3,cell,"K,J,I",do,,,18,2,tree,"ADD_CUTCELL_PSUM,ADD_LINKEDCELL_PSUM",2,1,31,2,16,13,CELL_TYPE,,alloc_ptr_local:5; write_derived_index:2,dt_alloc_component:1; pointer_reassign:1,25.8,DIVG,0.318
L0386,yes,predictor/corrector,device-eligible,DIVG::DIVERGENCE_PART_1,divg.f90,757,767,1,wall,IW,do,,,9,0,leaf,,0,0,0,0,9,6,"BOUNDARY_COORD_TYPE,BOUNDARY_PROP1_TYPE,WALL_TYPE",,alloc_ptr_local:14; pointer_reassign:3; write_derived_index:2,,1.8,DIVG,0.022
L0387,yes,predictor/corrector,device-eligible,DIVG::DIVERGENCE_PART_1,divg.f90,770,778,1,cfaces,ICF,do,,,7,0,leaf,,0,0,0,0,8,5,"BOUNDARY_COORD_TYPE,BOUNDARY_PROP1_TYPE,CFACE_TYPE",,alloc_ptr_local:10; pointer_reassign:3; write_derived_index:2,,0.4,DIVG,0.004
L0388,no,predictor/corrector,device-eligible,DIVG::DIVERGENCE_PART_2,divg.f90,1476,1503,2,other,"IPZ,IOPZ",do,,,18,0,leaf,,0,0,0,0,7,1,,,alloc_ptr_local:4,,0.5,DIVG,0.000
L0389,no,predictor/corrector,device-eligible,DIVG::DIVERGENCE_PART_2,divg.f90,1505,1507,1,other,IPZ,do,,,1,0,leaf,,0,0,0,0,2,0,,,,,0.0,DIVG,0.000
L0390,no,predictor/corrector,device-eligible,DIVG::DIVERGENCE_PART_2,divg.f90,1518,1521,1,other,IPZ,do,,,2,0,leaf,,0,0,0,0,6,0,P_ZONE_TYPE,,alloc_ptr_local:2,,0.0,DIVG,0.000
L0391,yes,predictor/corrector,device-eligible,DIVG::DIVERGENCE_PART_2,divg.f90,1525,1543,3,cell,"K,J,I",do,,,13,2,tree,"ADD_CUTCELL_D_PBAR_DT,ADD_LINKEDCELL_D_PBAR_DT",2,1,39,2,9,8,CELL_TYPE,,alloc_ptr_local:10,dt_alloc_component:1; pointer_reassign:1,22.8,DIVG,0.281
L0392,no,predictor/corrector,device-eligible,DIVG::DIVERGENCE_PART_2,divg.f90,1549,1555,1,other,IC,do,,,5,0,leaf,,0,0,0,0,2,1,CELL_TYPE,,alloc_ptr_local:1; write_derived_index:1,,0.1,DIVG,0.000
L0393,yes,predictor/corrector,device-eligible,DIVG::DIVERGENCE_PART_2,divg.f90,1560,1567,3,cell,"K,J,I",do,,,2,0,leaf,,0,0,0,0,4,4,,,alloc_ptr_local:1,,2.0,DIVG,0.025
L0394,yes,predictor/corrector,device-eligible,DIVG::DIVERGENCE_PART_2,divg.f90,1574,1604,1,wall,IW,do,,,17,0,leaf,,0,0,0,0,13,12,"BOUNDARY_COORD_TYPE,BOUNDARY_PROP1_TYPE,CELL_TYPE,WALL_TYPE",,alloc_ptr_local:79; pointer_reassign:3; write_derived_index:7,,3.4,DIVG,0.042
L0395,yes,predictor/corrector,device-eligible,DIVG::DIVERGENCE_PART_2,divg.f90,1611,1618,3,cell,"K,J,I",do,,,1,0,leaf,,0,0,0,0,11,11,,,alloc_ptr_local:1,,1.0,DIVG,0.012
L0396,yes,predictor/corrector,device-eligible,DIVG::DIVERGENCE_PART_2,divg.f90,1621,1630,3,cell,"K,J,I",do,,,1,0,leaf,,0,0,0,0,14,14,,,alloc_ptr_local:1,,1.0,DIVG,0.012
L0397,yes,predictor/corrector,device-eligible,DIVG::ENTHALPY_ADVECTION_NEW,divg.f90,814,822,3,cell,"K,J,I",do,!$OMP DO SCHEDULE(static),811,3,1,tree,GET_SENSIBLE_ENTHALPY,1,1,13,1,7,4,,,alloc_ptr_local:3,,6.2,DIVG,0.077
L0398,yes,predictor/corrector,device-eligible,DIVG::ENTHALPY_ADVECTION_NEW,divg.f90,835,939,1,wall,IW,do,,,60,7,tree,"GET_SCALAR_FACE_VALUE,GET_SENSIBLE_ENTHALPY",5,3,181,5,16,9,"BOUNDARY_COORD_TYPE,BOUNDARY_PROP1_TYPE,CELL_TYPE,WALL_TYPE",,alloc_ptr_dummy:2; alloc_ptr_local:227; dt_alloc_component:1; pointer_reassign:6; write_derived_index:7,alloc_ptr_dummy:1,21.1,DIVG,0.260
L0399,yes,predictor/corrector,device-eligible,DIVG::ENTHALPY_ADVECTION_NEW,divg.f90,946,966,3,cell,"K,J,I",do,"!$OMP PARALLEL DO PRIVATE(IC,DU_P,DU_M,DV_P,DV_M,DW_P,DW_M)",,15,0,leaf,,0,0,0,0,11,8,CELL_TYPE,,alloc_ptr_dummy:2; alloc_ptr_local:12,,15.0,DIVG,0.185
L0400,yes,predictor/corrector,device-eligible,DIVG::MERGE_PRESSURE_ZONES,divg.f90,1301,1319,1,wall,IW,do,,,15,0,leaf,,0,0,0,0,8,7,"BOUNDARY_COORD_TYPE,CELL_TYPE,WALL_TYPE",,alloc_ptr_local:17; pointer_reassign:2; write_derived_index:6,,3.0,DIVG,0.037
L0401,yes,predictor/corrector,device-eligible,DIVG::SPECIES_ADVECTION_PART_1_NEW,divg.f90,995,1088,4,cell,"N,K,J,I,IW",do,,,46,9,tree,GET_SCALAR_FACE_VALUE,4,3,168,4,20,13,"BOUNDARY_COORD_TYPE,BOUNDARY_PROP1_TYPE,CELL_TYPE,WALL_TYPE",,alloc_ptr_local:202; pointer_reassign:9; write_derived_index:6; write_missing_outer_index:1,alloc_ptr_dummy:1,264.0,DIVG,3.260
L0402,yes,predictor/corrector,device-eligible,DIVG::SPECIES_ADVECTION_PART_1_NEW,divg.f90,1097,1105,3,cell,"K,J,I",do,"!$OMP PARALLEL DO PRIVATE(ZZ_GET,MW_G) SCHEDULE(STATIC)",,3,1,tree,GET_MOLECULAR_WEIGHT,1,1,8,1,6,3,,,alloc_ptr_local:1,,5.0,DIVG,0.062
L0403,yes,predictor/corrector,device-eligible,DIVG::SPECIES_ADVECTION_PART_1_NEW,divg.f90,1120,1183,1,wall,IW,do,!$OMP DO,1115,36,6,tree,GET_SCALAR_FACE_VALUE,4,3,168,4,11,7,"BOUNDARY_COORD_TYPE,BOUNDARY_PROP1_TYPE,CELL_TYPE,WALL_TYPE",,alloc_ptr_local:177; pointer_reassign:3; write_derived_index:6; write_missing_outer_index:12,alloc_ptr_dummy:1,15.6,DIVG,0.193
L0404,yes,predictor/corrector,device-eligible,DIVG::SPECIES_ADVECTION_PART_1_NEW,divg.f90,1191,1213,3,face,"K,J,I",do,"!$OMP PARALLEL DO PRIVATE(N,MW_G) SCHEDULE(STATIC)",,9,0,leaf,,0,0,0,0,5,3,SPECIES_MIXTURE_TYPE,,alloc_ptr_local:15; reduction_intrinsic:9; write_derived_index:3,,9.0,DIVG,0.111
L0405,yes,predictor/corrector,device-eligible,DIVG::SPECIES_ADVECTION_PART_2,divg.f90,1237,1266,1,wall,IW,do,,,17,0,leaf,,0,0,0,0,13,6,"BOUNDARY_COORD_TYPE,BOUNDARY_PROP1_TYPE,WALL_TYPE",,alloc_ptr_dummy:2; alloc_ptr_local:46; dt_alloc_component:1; pointer_reassign:3; write_derived_index:1,,3.4,DIVG,0.042
L0406,yes,predictor/corrector,device-eligible,DIVG::SPECIES_ADVECTION_PART_2,divg.f90,1269,1289,3,cell,"K,J,I",do,"!$OMP PARALLEL DO PRIVATE(IC,DU_P,DU_M,DV_P,DV_M,DW_P,DW_M)",,15,0,leaf,,0,0,0,0,13,8,CELL_TYPE,,alloc_ptr_dummy:2; alloc_ptr_local:6,,15.0,DIVG,0.185
L0407,yes,output,host,DUMP::COMPUTE_PARTICLE_FLUXES,dump.f90,12727,12742,1,particle,IP,do,,,14,0,leaf,,0,0,0,0,13,9,"BOUNDARY_COORD_TYPE,LAGRANGIAN_PARTICLE_CLASS_TYPE,LAGRANGIAN_PARTICLE_TYPE",,alloc_ptr_local:41; pointer_reassign:3; write_derived_index:3,,0.7,DUMP,0.000
L0408,yes,output,host,DUMP::COMPUTE_PARTICLE_FLUXES,dump.f90,12746,12755,1,wall,IW,do,,,7,0,leaf,,0,0,0,0,9,6,"BOUNDARY_COORD_TYPE,CELL_TYPE,WALL_TYPE",,alloc_ptr_local:24; pointer_reassign:2; write_derived_index:3,,1.4,DUMP,0.000
L0409,no,output,host,DUMP::DUMP_BNDF,dump.f90,11969,12119,5,other,"NF,IP,K,J,I,N",do,,,91,2,tree,SOLID_PHASE_OUTPUT,22,4,1796,22,19,10,"BOUNDARY_FILE_TYPE,CELL_TYPE,OUTPUT_QUANTITY_TYPE,PATCH_TYPE,WALL_TYPE",,alloc_ptr_local:41; io:13; pointer_reassign:2; reduction_accum:5; reduction_intrinsic:1; string_op:4; write_derived_index:3; write_missing_outer_index:2,alloc_ptr_dummy:4; alloc_ptr_local:5; dt_alloc_component:8; pointer_reassign:5; save_var:1,437.4,DUMP,0.000
L0410,no,output,host,DUMP::DUMP_BNDF,dump.f90,12122,12161,1,other,NF,do,,,32,2,tree,DUMP_SLICE_GEOM_DATA,68,7,5674,68,6,0,BOUNDARY_FILE_TYPE,,alloc_ptr_local:12; io:9; pointer_reassign:1; string_op:5,alloc:3; alloc_ptr_dummy:5; alloc_ptr_local:13; dt_alloc_component:14; io:3; pointer_reassign:12; recursion:2; save_var:4; shutdown_call:1; string_op:6,14.5,DUMP,0.000
L0411,no,output,host,DUMP::DUMP_BNDF_VTKHDF,dump.f90,12252,12351,2,other,"NF,IP,NMNM2",do,,,66,16,tree,"GET_GEOMSIZES,GET_PA_POINTS_AND_CELLS,PACK_VTK_BNDF,PACK_VTK_GEOM,PARALLEL_INIT_F32,PARALLEL_WRITE_F32",73,7,6195,73,8,4,"BOUNDARY_FILE_TYPE,MESH_TYPE,PATCH_TYPE,PROPERTY_TYPE",H5DCLOSE_F:3,alloc:5; alloc_ptr_local:38; library_call:3; pointer_reassign:3; reduction_intrinsic:2; write_derived_index:2,alloc:4; alloc_ptr_dummy:8; alloc_ptr_local:14; dt_alloc_component:15; io:2; library_call:2; pointer_reassign:13; recursion:2; save_var:4; shutdown_call:1; string_op:7,48.4,DUMP,0.000
L0412,no,output,host,DUMP::DUMP_BNDF_VTKHDF::PACK_VTK_BNDF,dump.f90,12397,12415,3,other,"K,J,I",do,,,13,1,tree,SOLID_PHASE_OUTPUT,22,4,1796,22,4,4,"BOUNDARY_FILE_TYPE,CELL_TYPE,PATCH_TYPE,WALL_TYPE",,alloc_ptr_dummy:12; write_derived_index:2,alloc_ptr_dummy:4; alloc_ptr_local:5; dt_alloc_component:8; pointer_reassign:5; save_var:1,41.6,DUMP,0.000
L0413,no,output,host,DUMP::DUMP_BNDF_VTKHDF::PACK_VTK_BNDF,dump.f90,12420,12427,2,other,"N,L",do,,,3,0,leaf,,0,0,0,0,3,1,BOUNDARY_FILE_TYPE,,alloc_ptr_dummy:5; write_derived_index:1,,0.1,DUMP,0.000
L0414,no,output,host,DUMP::DUMP_BNDF_VTKHDF::PACK_VTK_BNDF,dump.f90,12433,12447,2,other,"N,L",do,,,8,1,tree,SOLID_PHASE_OUTPUT,22,4,1796,22,1,1,BOUNDARY_FILE_TYPE,,alloc_ptr_dummy:18,alloc_ptr_dummy:4; alloc_ptr_local:5; dt_alloc_component:8; pointer_reassign:5; save_var:1,13.7,DUMP,0.000
L0415,no,output,host,DUMP::DUMP_BNDF_VTKHDF::PACK_VTK_BNDF,dump.f90,12460,12465,2,other,"N,L",do,,,2,0,leaf,,0,0,0,0,0,0,,,alloc_ptr_dummy:2; write_derived_index:1,,0.1,DUMP,0.000
L0416,no,output,host,DUMP::DUMP_BNDF_VTKHDF::PACK_VTK_BNDF,dump.f90,12468,12473,2,other,"L,N",do,,,2,0,leaf,,0,0,0,0,0,0,,,alloc_ptr_dummy:2; write_derived_index:1,,0.1,DUMP,0.000
L0417,yes,output,host,DUMP::DUMP_CFACES_GEOM,dump.f90,6378,6384,1,cfaces,ICF,do,,,5,0,leaf,,0,0,0,0,5,5,"BOUNDARY_COORD_TYPE,CC_CUTFACE_TYPE,CFACE_TYPE",,alloc_ptr_local:1; dt_alloc_component:1,,0.2,DUMP,0.000
L0418,no,output,host,DUMP::DUMP_CONTROLS,dump.f90,11349,11353,1,other,I,do,,,3,0,leaf,,0,0,0,0,6,0,,,io:2; string_op:3,,0.0,DUMP,0.000
L0419,no,output,host,DUMP::DUMP_CVODE_SUBSTEPS,dump.f90,13269,13271,1,other,ROWI,do,,,1,0,leaf,,0,0,0,0,4,0,,,io:1; string_op:1,,0.0,DUMP,0.000
L0420,no,output,host,DUMP::DUMP_DEVICES,dump.f90,11182,11193,1,other,J,do,,,7,0,leaf,,0,0,0,0,4,0,"DEVICE_TYPE,PROPERTY_TYPE",,alloc_ptr_local:5; pointer_reassign:2; reduction_accum:1; string_op:2; write_derived_index:2,,0.1,DUMP,0.000
L0421,no,output,host,DUMP::DUMP_DEVICES,dump.f90,11196,11228,2,other,"J,NN",do,,,22,0,leaf,,0,0,0,0,8,0,"DEVICE_TYPE,PROPERTY_TYPE",,alloc_ptr_local:18; dt_alloc_component:2; io:4; pointer_reassign:2; reduction_accum:1; reduction_intrinsic:1; string_op:8,,0.7,DUMP,0.000
L0422,no,output,host,DUMP::DUMP_DEVICES,dump.f90,11237,11239,1,other,N,do,,,1,0,leaf,,0,0,0,0,5,0,,,io:1; string_op:2,,0.0,DUMP,0.000
L0423,no,output,host,DUMP::DUMP_DEVICES,dump.f90,11246,11252,1,other,N,do,,,4,0,leaf,,0,0,0,0,3,0,DEVICE_TYPE,,alloc_ptr_local:5; pointer_reassign:1; reduction_accum:1; write_derived_index:1,,0.0,DUMP,0.000
L0424,no,output,host,DUMP::DUMP_DEVICES,dump.f90,11256,11260,1,other,I,do,,,3,0,leaf,,0,0,0,0,7,0,,,io:2; string_op:3,,0.0,DUMP,0.000
L0425,no,output,host,DUMP::DUMP_DEVICES,dump.f90,11266,11280,1,other,N,do,,,7,0,leaf,,0,0,0,0,3,0,DEVICE_TYPE,,alloc_ptr_local:8; pointer_reassign:1; string_op:4; write_derived_index:4,,0.1,DUMP,0.000
L0426,no,output,host,DUMP::DUMP_DEVICES,dump.f90,11282,11313,1,other,N,do,,,20,0,leaf,,0,0,0,0,6,0,DEVICE_TYPE,,alloc_ptr_local:81; io:14; pointer_reassign:1; string_op:28,,0.2,DUMP,0.000
L0427,no,output,host,DUMP::DUMP_DEVICES,dump.f90,11322,11324,1,other,N,do,,,1,0,leaf,,0,0,0,0,5,0,,,io:1; string_op:2,,0.0,DUMP,0.000
L0428,no,output,host,DUMP::DUMP_HRR,dump.f90,11849,11852,1,other,I,do,,,2,0,leaf,,0,0,0,0,3,0,MESH_TYPE,,alloc_ptr_local:1; dt_alloc_component:1; reduction_accum:1; write_derived_index:1,,0.0,DUMP,0.000
L0429,no,output,host,DUMP::DUMP_HVAC,dump.f90,11558,11565,2,other,"N,NN",do,,,4,0,leaf,,0,0,0,0,4,0,DUCTNODE_TYPE,,io:1,,0.1,DUMP,0.000
L0430,no,output,host,DUMP::DUMP_HVAC,dump.f90,11568,11583,3,other,"N,NNN,NN,NN",do,,,6,0,leaf,,0,0,0,0,4,0,DUCT_TYPE,,io:2,,0.5,DUMP,0.000
L0431,no,output,host,DUMP::DUMP_HVAC,dump.f90,11587,11595,2,other,"N,NN",do,,,5,1,tree,HVAC_OUTPUT,5,2,186,5,5,0,"DUCTNODE_TYPE,HVAC_QUANTITY_TYPE",,alloc_ptr_local:5; io:1; pointer_reassign:1,dt_alloc_component:1,1.5,DUMP,0.000
L0432,no,output,host,DUMP::DUMP_HVAC,dump.f90,11598,11616,3,other,"N,NNN,NN,NN",do,,,8,2,tree,HVAC_OUTPUT,5,2,186,5,6,0,"DUCT_TYPE,HVAC_QUANTITY_TYPE",,alloc_ptr_local:10; io:2; pointer_reassign:2,dt_alloc_component:1,4.9,DUMP,0.000
L0433,yes,output,host,DUMP::DUMP_ISOF,dump.f90,4888,4897,3,cell,"K,J,I",do,,,3,0,leaf,,0,0,0,0,6,6,CELL_TYPE,,alloc_ptr_local:1,,3.0,DUMP,0.000
L0434,yes,output,host,DUMP::DUMP_ISOF,dump.f90,4904,4911,3,face,"K,J,I",do,,,2,0,leaf,,0,0,0,0,3,3,,,alloc_ptr_local:9,,2.0,DUMP,0.000
L0435,yes,output,host,DUMP::DUMP_ISOF,dump.f90,4917,5041,4,face,"N,K,J,I,K,J",do,,,36,6,tree,"FILL_EDGES,GAS_PHASE_OUTPUT,ISO_TO_FILE",59,4,3453,59,27,13,ISOSURFACE_FILE_TYPE,,alloc_ptr_local:61; io:4; pointer_reassign:2; string_op:2; write_derived_index:1; write_missing_outer_index:4,alloc:7; alloc_ptr_dummy:7; alloc_ptr_local:11; dt_alloc_component:5; io:7; pointer_reassign:7; recursion:1; save_var:6; shutdown_call:1; string_op:2,2697.8,DUMP,0.000
L0436,no,output,host,DUMP::DUMP_MESH_OUTPUTS,dump.f90,97,101,1,other,,while,,,3,0,leaf,,0,0,0,0,3,0,,,exit_out_of_nest:1; module_global_write:1; write_derived_index:1,,0.0,DUMP,0.000
L0437,no,output,host,DUMP::DUMP_MESH_OUTPUTS,dump.f90,111,115,1,other,,while,,,3,0,leaf,,0,0,0,0,3,0,,,exit_out_of_nest:1; module_global_write:1; write_derived_index:1,,0.0,DUMP,0.000
L0438,no,output,host,DUMP::DUMP_MESH_OUTPUTS,dump.f90,125,129,1,other,,while,,,3,0,leaf,,0,0,0,0,3,0,,,exit_out_of_nest:1; module_global_write:1; write_derived_index:1,,0.0,DUMP,0.000
L0439,no,output,host,DUMP::DUMP_MESH_OUTPUTS,dump.f90,139,143,1,other,,while,,,3,0,leaf,,0,0,0,0,3,0,,,exit_out_of_nest:1; module_global_write:1; write_derived_index:1,,0.0,DUMP,0.000
L0440,no,output,host,DUMP::DUMP_MESH_OUTPUTS,dump.f90,153,157,1,other,,while,,,3,0,leaf,,0,0,0,0,3,0,,,exit_out_of_nest:1; module_global_write:1; write_derived_index:1,,0.0,DUMP,0.000
L0441,no,output,host,DUMP::DUMP_MESH_OUTPUTS,dump.f90,170,173,1,other,,while,,,2,0,leaf,,0,0,0,0,2,0,,,exit_out_of_nest:1; write_derived_index:1,,0.0,DUMP,0.000
L0442,no,output,host,DUMP::DUMP_MESH_OUTPUTS,dump.f90,178,181,1,other,,while,,,2,0,leaf,,0,0,0,0,2,0,,,exit_out_of_nest:1; write_derived_index:1,,0.0,DUMP,0.000
L0443,no,output,host,DUMP::DUMP_MESH_OUTPUTS,dump.f90,186,189,1,other,,while,,,2,0,leaf,,0,0,0,0,2,0,,,exit_out_of_nest:1; write_derived_index:1,,0.0,DUMP,0.000
L0444,no,output,host,DUMP::DUMP_MESH_OUTPUTS,dump.f90,194,197,1,other,,while,,,2,0,leaf,,0,0,0,0,2,0,,,exit_out_of_nest:1; write_derived_index:1,,0.0,DUMP,0.000
L0445,no,output,host,DUMP::DUMP_MESH_OUTPUTS,dump.f90,202,205,1,other,,while,,,2,0,leaf,,0,0,0,0,2,0,,,exit_out_of_nest:1; write_derived_index:1,,0.0,DUMP,0.000
L0446,no,output,host,DUMP::DUMP_MESH_OUTPUTS,dump.f90,210,213,1,other,,while,,,2,0,leaf,,0,0,0,0,2,0,,,exit_out_of_nest:1; write_derived_index:1,,0.0,DUMP,0.000
L0447,no,output,host,DUMP::DUMP_MESH_OUTPUTS,dump.f90,218,221,1,other,,while,,,2,0,leaf,,0,0,0,0,2,0,,,exit_out_of_nest:1; write_derived_index:1,,0.0,DUMP,0.000
L0448,no,output,host,DUMP::DUMP_MESH_OUTPUTS,dump.f90,228,231,1,other,,while,,,2,0,leaf,,0,0,0,0,2,0,,,exit_out_of_nest:1; write_derived_index:1,,0.0,DUMP,0.000
L0449,no,output,host,DUMP::DUMP_MESH_OUTPUTS,dump.f90,242,245,1,other,,while,,,2,0,leaf,,0,0,0,0,2,0,,,exit_out_of_nest:1; write_derived_index:1,,0.0,DUMP,0.000
L0450,no,output,host,DUMP::DUMP_MESH_OUTPUTS,dump.f90,251,254,1,other,,while,,,2,0,leaf,,0,0,0,0,2,0,,,exit_out_of_nest:1; write_derived_index:1,,0.0,DUMP,0.000
L0451,no,output,host,DUMP::DUMP_MESH_OUTPUTS,dump.f90,260,263,1,other,,while,,,2,0,leaf,,0,0,0,0,2,0,,,exit_out_of_nest:1; write_derived_index:1,,0.0,DUMP,0.000
L0452,yes,output,host,DUMP::DUMP_MMS,dump.f90,13128,13135,3,cell,"K,J,I",do,,,1,0,leaf,,0,0,0,0,6,5,,,io:1; string_op:4,,1.0,DUMP,0.000
L0453,yes,output,host,DUMP::DUMP_PART,dump.f90,4524,4606,3,particle,"N,IP,IP,NN,NN,IP",do,,,52,6,tree,"CHKMEMERR,PARTICLE_OUTPUT",24,5,1886,24,7,3,"BOUNDARY_COORD_TYPE,LAGRANGIAN_PARTICLE_CLASS_TYPE,LAGRANGIAN_PARTICLE_TYPE",,alloc:10; alloc_ptr_local:49; io:7; pointer_reassign:4; write_derived_index:5,alloc_ptr_dummy:4; alloc_ptr_local:6; dt_alloc_component:8; io:1; pointer_reassign:6; save_var:1; shutdown_call:1; string_op:1,235.6,DUMP,0.000
L0454,yes,output,host,DUMP::DUMP_PART_VTKHDF,dump.f90,4669,4846,4,particle,"N,NN,NMNM,IP,IP,NN",do,,,114,24,tree,"CHKMEMERR,CLOSE_PART_VTKHDF,OPEN_PART_VTKHDF,PARALLEL_INIT_F32,PARALLEL_INIT_I32,PARALLEL_WRITE_F32,PARALLEL_WRITE_I32,PARTICLE_OUTPUT,POINT_TO_MESH",31,5,2427,31,9,3,"BOUNDARY_COORD_TYPE,LAGRANGIAN_PARTICLE_CLASS_TYPE,LAGRANGIAN_PARTICLE_TYPE,SURFACE_TYPE",H5DCLOSE_F:9; H5DOPEN_F:1; H5DREAD_F:1; H5FFLUSH_F:2; H5PCLOSE_F:2; MPI_BARRIER:2,alloc:8; alloc_ptr_local:43; io:1; library_call:15; mpi_call:2; pointer_reassign:4; reduction_intrinsic:9; string_op:5; write_derived_index:5,alloc_ptr_dummy:4; alloc_ptr_local:7; dt_alloc_component:9; io:1; library_call:6; mpi_call:2; pointer_reassign:7; save_var:1; shutdown_call:1; string_op:5,973.0,DUMP,0.000
L0455,no,output,host,DUMP::DUMP_PROF,dump.f90,11384,11528,2,other,"N,I,I,I,I,I",do,,,78,10,tree,"GET_LAGRANGIAN_PARTICLE_INDEX,GET_WALL_NODE_WEIGHTS,INTERPOLATE1D,SOLID_PHASE_OUTPUT",25,4,1973,25,15,0,"BOUNDARY_ONE_D_TYPE,LAGRANGIAN_PARTICLE_CLASS_TYPE,LAGRANGIAN_PARTICLE_TYPE,MESH_TYPE,OUTPUT_QUANTITY_TYPE,PROFILE_TYPE,SURFACE_TYPE,WALL_TYPE",,alloc:4; alloc_ptr_local:97; dt_alloc_component:12; io:15; pointer_reassign:6; reduction_intrinsic:1; string_op:33; write_derived_index:6,alloc_ptr_dummy:4; alloc_ptr_local:5; dt_alloc_component:9; pointer_reassign:5; save_var:1,17.1,DUMP,0.000
L0456,no,output,host,DUMP::DUMP_RESTART,dump.f90,3931,3935,1,other,N,do,,,3,0,leaf,,0,0,0,0,3,0,INITIALIZATION_TYPE,,alloc_ptr_local:3; dt_alloc_component:2; io:2; pointer_reassign:1,,0.0,DUMP,0.000
L0457,no,output,host,DUMP::DUMP_RESTART,dump.f90,3937,3940,1,other,N,do,,,2,0,leaf,,0,0,0,0,3,0,SURFACE_TYPE,,alloc_ptr_local:2; dt_alloc_component:1; io:1; pointer_reassign:1,,0.0,DUMP,0.000
L0458,no,output,host,DUMP::DUMP_RESTART,dump.f90,3942,3946,1,other,N,do,,,3,0,leaf,,0,0,0,0,3,2,OBSTRUCTION_TYPE,,alloc_ptr_local:3; io:2; pointer_reassign:1,,0.0,DUMP,0.000
L0459,no,output,host,DUMP::DUMP_RESTART,dump.f90,3954,3968,1,other,N,do,,,9,0,leaf,,0,0,0,0,3,0,DEVICE_TYPE,,alloc_ptr_local:31; dt_alloc_component:11; io:6; pointer_reassign:1,,0.1,DUMP,0.000
L0460,no,output,host,DUMP::DUMP_RESTART,dump.f90,3969,3972,1,other,N,do,,,1,0,leaf,,0,0,0,0,3,0,CONTROL_TYPE,,io:1,,0.0,DUMP,0.000
L0461,yes,output,host,DUMP::DUMP_RESTART,dump.f90,3978,3984,1,wall,IW,do,,,7,1,tree,PACK_WALL,13,3,425,13,3,2,"STORAGE_TYPE,WALL_TYPE",,alloc_ptr_local:9; dt_alloc_component:3; io:2; pointer_reassign:1,alloc:1; alloc_ptr_dummy:7; alloc_ptr_local:6; dt_alloc_component:7; pointer_reassign:6,22.7,DUMP,0.000
L0462,yes,output,host,DUMP::DUMP_RESTART,dump.f90,3988,3994,1,wall,ITW,do,,,7,1,tree,PACK_THIN_WALL,10,3,248,10,3,2,"STORAGE_TYPE,THIN_WALL_TYPE",,alloc_ptr_local:8; dt_alloc_component:3; io:2; pointer_reassign:1,alloc:1; alloc_ptr_dummy:4; alloc_ptr_local:3; dt_alloc_component:4; pointer_reassign:3,13.8,DUMP,0.000
L0463,yes,output,host,DUMP::DUMP_RESTART,dump.f90,3998,4004,1,cfaces,ICF,do,,,7,1,tree,PACK_CFACE,13,3,423,13,3,2,"CFACE_TYPE,STORAGE_TYPE",,alloc_ptr_local:8; dt_alloc_component:3; io:2; pointer_reassign:1,alloc:1; alloc_ptr_dummy:7; alloc_ptr_local:6; dt_alloc_component:7; pointer_reassign:6,5.6,DUMP,0.000
L0464,yes,output,host,DUMP::DUMP_RESTART,dump.f90,4007,4015,1,particle,IP,do,,,9,1,tree,PACK_PARTICLE,13,3,445,13,4,2,"LAGRANGIAN_PARTICLE_CLASS_TYPE,LAGRANGIAN_PARTICLE_TYPE,STORAGE_TYPE",,alloc_ptr_local:12; dt_alloc_component:3; io:2; pointer_reassign:3,alloc:1; alloc_ptr_dummy:7; alloc_ptr_local:6; dt_alloc_component:7; pointer_reassign:6,6.0,DUMP,0.000
L0465,no,output,host,DUMP::DUMP_RESTART,dump.f90,4025,4029,1,other,N,do,,,3,0,leaf,,0,0,0,0,4,0,DUCT_TYPE,,alloc_ptr_local:15; dt_alloc_component:5; io:2; pointer_reassign:1,,0.0,DUMP,0.000
L0466,no,output,host,DUMP::DUMP_RESTART,dump.f90,4030,4034,1,other,N,do,,,3,0,leaf,,0,0,0,0,3,0,DUCTNODE_TYPE,,alloc_ptr_local:11; dt_alloc_component:3; io:2; pointer_reassign:1,,0.0,DUMP,0.000
L0467,yes,output,host,DUMP::DUMP_ROTCUBE_MMS,dump.f90,12911,12918,3,cell,"K,J,I",do,,,2,0,leaf,,0,0,0,0,1,1,,,reduction_accum:1,,2.0,DUMP,0.000
L0468,yes,output,host,DUMP::DUMP_ROTCUBE_MMS,dump.f90,12920,12927,3,cell,"K,J,I",do,,,2,0,leaf,,0,0,0,0,1,1,,,reduction_accum:1,,2.0,DUMP,0.000
L0469,yes,output,host,DUMP::DUMP_ROTCUBE_MMS,dump.f90,12929,12938,1,cfaces,ICF,do,,,5,0,leaf,,0,0,0,0,2,1,"CC_CUTFACE_TYPE,MESH_TYPE",,reduction_accum:2,,0.2,DUMP,0.000
L0470,yes,output,host,DUMP::DUMP_ROTCUBE_MMS,dump.f90,12941,12948,3,cell,"K,J,I",do,,,2,0,leaf,,0,0,0,0,1,1,,,reduction_accum:1,,2.0,DUMP,0.000
L0471,yes,output,host,DUMP::DUMP_ROTCUBE_MMS,dump.f90,12949,12951,1,cfaces,ICC,do,,,1,0,leaf,,0,0,0,0,2,1,"CC_CUTCELL_TYPE,MESH_TYPE",,reduction_accum:1,,0.1,DUMP,0.000
L0472,yes,output,host,DUMP::DUMP_ROTCUBE_MMS,dump.f90,12957,12965,3,cell,"K,J,I",do,,,2,0,leaf,,0,0,0,0,6,6,,,io:1,,2.0,DUMP,0.000
L0473,yes,output,host,DUMP::DUMP_ROTCUBE_MMS,dump.f90,12967,12978,2,cfaces,"ICF,JCF",do,,,4,0,leaf,,0,0,0,0,2,1,"CC_CUTFACE_TYPE,MESH_TYPE",,dt_alloc_component:4; io:1,,0.6,DUMP,0.000
L0474,yes,output,host,DUMP::DUMP_ROTCUBE_MMS,dump.f90,12980,12988,3,cell,"K,J,I",do,,,2,0,leaf,,0,0,0,0,6,6,,,io:1,,2.0,DUMP,0.000
L0475,yes,output,host,DUMP::DUMP_ROTCUBE_MMS,dump.f90,12990,13001,2,cfaces,"ICF,JCF",do,,,4,0,leaf,,0,0,0,0,2,1,"CC_CUTFACE_TYPE,MESH_TYPE",,dt_alloc_component:4; io:1,,0.6,DUMP,0.000
L0476,yes,output,host,DUMP::DUMP_ROTCUBE_MMS,dump.f90,13004,13013,3,cell,"K,J,I",do,,,2,0,leaf,,0,0,0,0,10,10,,,io:1,,2.0,DUMP,0.000
L0477,yes,output,host,DUMP::DUMP_ROTCUBE_MMS,dump.f90,13014,13021,2,cfaces,"ICC,JCC",do,,,1,0,leaf,,0,0,0,0,3,2,"CC_CUTCELL_TYPE,MESH_TYPE",,dt_alloc_component:7; io:1,,0.2,DUMP,0.000
L0478,yes,output,host,DUMP::DUMP_ROTCUBE_MMS,dump.f90,13026,13033,3,cell,"K,J,I",do,,,2,0,leaf,,0,0,0,0,2,2,CELL_TYPE,,reduction_accum:1,,2.0,DUMP,0.000
L0479,yes,output,host,DUMP::DUMP_ROTCUBE_MMS,dump.f90,13035,13042,3,cell,"K,J,I",do,,,2,0,leaf,,0,0,0,0,2,2,CELL_TYPE,,reduction_accum:1,,2.0,DUMP,0.000
L0480,yes,output,host,DUMP::DUMP_ROTCUBE_MMS,dump.f90,13044,13051,3,cell,"K,J,I",do,,,2,0,leaf,,0,0,0,0,2,2,CELL_TYPE,,reduction_accum:1,,2.0,DUMP,0.000
L0481,yes,output,host,DUMP::DUMP_ROTCUBE_MMS,dump.f90,13057,13065,3,cell,"K,J,I",do,,,2,0,leaf,,0,0,0,0,7,7,CELL_TYPE,,io:1,,2.0,DUMP,0.000
L0482,yes,output,host,DUMP::DUMP_ROTCUBE_MMS,dump.f90,13067,13075,3,cell,"K,J,I",do,,,2,0,leaf,,0,0,0,0,7,7,CELL_TYPE,,io:1,,2.0,DUMP,0.000
L0483,yes,output,host,DUMP::DUMP_ROTCUBE_MMS,dump.f90,13077,13086,3,cell,"K,J,I",do,,,2,0,leaf,,0,0,0,0,11,11,CELL_TYPE,,io:1,,2.0,DUMP,0.000
L0484,no,output,host,DUMP::DUMP_SLCF,dump.f90,6783,6799,1,other,IC,do,,,10,1,tree,SEARCH_OTHER_MESHES,1,1,37,1,6,4,"CELL_TYPE,MESH_TYPE",,alloc_ptr_local:7; dt_alloc_component:2; pointer_reassign:1; write_indirect:4,alloc_ptr_local:1; dt_alloc_component:1; pointer_reassign:1,0.2,DUMP,0.000
L0485,yes,output,host,DUMP::DUMP_SLCF,dump.f90,6806,6813,3,face,"K,J,I",do,,,2,0,leaf,,0,0,0,0,3,3,,,alloc_ptr_local:9,,2.0,DUMP,0.000
L0486,no,output,host,DUMP::DUMP_SLCF,dump.f90,6845,6852,1,other,IQ,do,,,6,0,leaf,,0,0,0,0,6,2,OUTPUT_QUANTITY_TYPE,,io:3; reduction_accum:3; string_op:5,,0.1,DUMP,0.000
L0487,yes,output,host,DUMP::DUMP_SLCF,dump.f90,6867,7158,4,cell,"IQ,K,J,I,I,J",do,,,161,9,tree,"CORNER_VALUE,DUMP_SLICE_GEOM,DUMP_SLICE_GEOM_DATA,EDGE_VALUE,FACE_VALUE,GAS_PHASE_OUTPUT,SLICE_TO_RLEFILE",74,6,5883,74,21,6,"OUTPUT_QUANTITY_TYPE,SLICE_TYPE",,alloc:2; alloc_ptr_local:50; io:24; module_global_write:2; pointer_reassign:2; reduction_accum:1; string_op:11; write_derived_index:8; write_missing_outer_index:1,alloc:5; alloc_ptr_dummy:5; alloc_ptr_local:15; dt_alloc_component:14; io:5; pointer_reassign:12; recursion:2; save_var:5; shutdown_call:1; string_op:9,4895.2,DUMP,0.000
L0488,yes,output,host,DUMP::DUMP_SLCF,dump.f90,7168,7180,4,face,"IQ,K,J,I",do,,,5,0,leaf,,0,0,0,0,6,4,,,io:1,,15.0,DUMP,0.000
L0489,yes,output,host,DUMP::DUMP_SLCF,dump.f90,7183,7195,3,face,"K,J,I",do,,,7,0,leaf,,0,0,0,0,4,4,,,reduction_accum:2,,7.0,DUMP,0.000
L0490,no,output,host,DUMP::DUMP_SLCF_VTK,dump.f90,7373,7393,2,other,"IQ,II",do,,,13,2,tree,"WRITE_VTKHDF_SLICE_CELL_FILE,WRITE_VTKHDF_SLICE_DATA_FILE",11,2,534,11,3,0,MESH_TYPE,,alloc:2; alloc_ptr_local:3; dt_alloc_component:6; io:1; string_op:11,alloc:2; alloc_ptr_dummy:1; alloc_ptr_local:2; dt_alloc_component:1; library_call:10; mpi_call:4; pointer_reassign:2; string_op:6,4.4,DUMP,0.000
L0491,no,output,host,DUMP::DUMP_SLCF_VTK,dump.f90,7402,7418,1,other,IC,do,,,10,1,tree,SEARCH_OTHER_MESHES,1,1,37,1,6,4,"CELL_TYPE,MESH_TYPE",,alloc_ptr_local:7; dt_alloc_component:2; pointer_reassign:1; write_indirect:4,alloc_ptr_local:1; dt_alloc_component:1; pointer_reassign:1,0.2,DUMP,0.000
L0492,yes,output,host,DUMP::DUMP_SLCF_VTK,dump.f90,7425,7432,3,face,"K,J,I",do,,,2,0,leaf,,0,0,0,0,3,3,,,alloc_ptr_local:9,,2.0,DUMP,0.000
L0493,yes,output,host,DUMP::DUMP_SLCF_VTK,dump.f90,7446,7635,5,cell,"IQ,II,SIQ,K,J,I",do,,,92,10,tree,"CORNER_VALUE,EDGE_VALUE,FACE_VALUE,GAS_PHASE_OUTPUT,POINT_TO_MESH,WRITE_VTKHDF_SLICE_CELL_FILE,WRITE_VTKHDF_SLICE_DATA_FILE",51,4,3230,51,7,3,"MESH_TYPE,OUTPUT_QUANTITY_TYPE,SLICE_TYPE",,alloc:7; alloc_ptr_local:46; dt_alloc_component:9; io:1; pointer_reassign:2; reduction_accum:1; string_op:15; write_derived_index:9,alloc:3; alloc_ptr_dummy:3; alloc_ptr_local:6; dt_alloc_component:6; io:2; library_call:10; mpi_call:4; pointer_reassign:6; recursion:1; save_var:1; shutdown_call:1; string_op:9,8095.5,DUMP,0.000
L0494,no,output,host,DUMP::DUMP_SLICE_GEOM_DATA,dump.f90,6481,6484,1,other,I,do,,,2,0,leaf,,0,0,0,0,0,0,,,alloc_ptr_local:2; reduction_accum:2,,0.0,DUMP,0.000
L0495,yes,output,host,DUMP::DUMP_SMOKE3D,dump.f90,5069,5113,4,cell,"N,K,J,I,K,J",do,,,11,2,tree,"GAS_PHASE_OUTPUT,SMOKE3D_TO_FILE",38,4,2321,38,11,7,"MESH_TYPE,SMOKE3D_TYPE",,alloc:2; alloc_ptr_local:18; dt_alloc_component:1; pointer_reassign:1; write_missing_outer_index:3,alloc:2; alloc_ptr_dummy:2; alloc_ptr_local:4; dt_alloc_component:4; io:3; pointer_reassign:4; recursion:1; save_var:2; shutdown_call:1; string_op:4,1773.8,DUMP,0.000
L0496,yes,output,host,DUMP::DUMP_SMOKE3D_VTKHDF,dump.f90,5209,5292,4,cell,"N,K,J,I,I,I",do,,,44,3,tree,"ADD_DATA_TO_SMOKE3D_VTKHDF_FILE,GET_SMOKE3D_QQ",42,5,2434,42,13,4,"MESH_TYPE,SMOKE3D_TYPE",,alloc:6; alloc_ptr_local:31; io:1; pointer_reassign:1; save_var:3; string_op:6; write_derived_index:1,alloc:1; alloc_ptr_dummy:3; alloc_ptr_local:3; dt_alloc_component:5; io:2; library_call:5; mpi_call:2; pointer_reassign:3; recursion:1; save_var:1; shutdown_call:1; string_op:5,1957.5,DUMP,0.000
L0497,yes,output,host,DUMP::DUMP_SPEC,dump.f90,12864,12870,3,cell,"K,J,I",do,,,1,0,leaf,,0,0,0,0,6,4,,,io:1; string_op:1,,1.0,DUMP,0.000
L0498,yes,output,host,DUMP::DUMP_TMP,dump.f90,12835,12841,3,cell,"K,J,I",do,,,1,0,leaf,,0,0,0,0,4,4,,,io:1,,1.0,DUMP,0.000
L0499,yes,output,host,DUMP::DUMP_UVW,dump.f90,12807,12813,3,cell,"K,J,I",do,,,1,0,leaf,,0,0,0,0,4,3,,,io:1; string_op:1,,1.0,DUMP,0.000
L0500,no,exchange/communication,device-eligible,DUMP::EXTRAPOLATE_EXTREMA,dump.f90,13165,13175,2,other,"J,I",do,,,6,0,leaf,,0,0,0,0,0,0,DEVICE_TYPE,,alloc_ptr_dummy:1; alloc_ptr_local:6,,0.2,DUMP,0.000
L0501,no,exchange/communication,device-eligible,DUMP::EXTRAPOLATE_EXTREMA,dump.f90,13177,13180,1,other,I,do,,,2,0,leaf,,0,0,0,0,0,0,DEVICE_TYPE,,alloc_ptr_dummy:2; alloc_ptr_local:1,,0.0,DUMP,0.000
L0502,no,exchange/communication,device-eligible,DUMP::EXTRAPOLATE_EXTREMA,dump.f90,13188,13192,1,other,I,do,,,3,0,leaf,,0,0,0,0,0,0,DEVICE_TYPE,,alloc_ptr_dummy:1; alloc_ptr_local:2; reduction_accum:2,,0.0,DUMP,0.000
L0503,no,output,host,DUMP::FLUSH_GLOBAL_BUFFERS,dump.f90,12575,12578,1,other,N,do,,,2,0,leaf,,0,0,0,0,2,0,,,io:2,,0.0,DUMP,0.000
L0504,no,output,host,DUMP::FLUSH_GLOBAL_BUFFERS,dump.f90,12580,12583,1,other,N,do,,,2,0,leaf,,0,0,0,0,2,0,,,io:2,,0.0,DUMP,0.000
L0505,no,output,host,DUMP::GAS_PHASE_OUTPUT,dump.f90,8735,8753,1,other,NR,do,,,7,0,leaf,,0,0,0,0,3,1,REACTION_TYPE,,,,0.1,DUMP,0.000
L0506,no,output,host,DUMP::GAS_PHASE_OUTPUT,dump.f90,9243,9251,1,other,,forever,,,6,0,leaf,,0,0,0,0,0,0,PROPERTY_TYPE,,alloc_ptr_local:1; exit_out_of_nest:1; reduction_accum:2,,0.1,DUMP,0.000
L0507,no,output,host,DUMP::GAS_PHASE_OUTPUT,dump.f90,9259,9266,2,other,"NR,NS",do,,,3,0,leaf,,0,0,0,0,3,0,REACTION_TYPE,,dt_alloc_component:1; reduction_accum:1,,0.1,DUMP,0.000
L0508,no,output,host,DUMP::GAS_PHASE_OUTPUT,dump.f90,9318,9321,1,other,NS,do,,,1,0,leaf,,0,0,0,0,3,0,"ELEMENT_TYPE,SPECIES_MIXTURE_TYPE",,,,0.0,DUMP,0.000
L0509,no,output,host,DUMP::GAS_PHASE_OUTPUT,dump.f90,9330,9332,1,other,N,do,,,1,0,leaf,,0,0,0,0,3,1,SPECIES_MIXTURE_TYPE,,,,0.0,DUMP,0.000
L0510,no,output,host,DUMP::GAS_PHASE_OUTPUT,dump.f90,9348,9362,1,other,NN,do,,,11,2,tree,GET_MASS_FRACTION,1,1,10,1,4,2,"PROPERTY_TYPE,SUBDEVICE_TYPE",,alloc_ptr_local:9; dt_alloc_component:4; reduction_accum:1,,0.1,DUMP,0.000
L0511,no,output,host,DUMP::GAS_PHASE_OUTPUT,dump.f90,9376,9384,1,other,NN,do,,,3,0,leaf,,0,0,0,0,5,2,LAGRANGIAN_PARTICLE_CLASS_TYPE,,reduction_accum:2,,0.0,DUMP,0.000
L0512,no,output,host,DUMP::GAS_PHASE_OUTPUT,dump.f90,9429,9434,1,other,IL,do,,,4,0,leaf,,0,0,0,0,0,0,DEVICE_TYPE,,alloc_ptr_local:8; dt_alloc_component:7; exit_out_of_nest:1,,0.0,DUMP,0.000
L0513,no,output,host,DUMP::GAS_PHASE_OUTPUT,dump.f90,9455,9467,1,other,N,do,,,6,1,tree,INTERPOLATE1D,1,1,27,1,1,0,DEVICE_TYPE,,alloc_ptr_local:17; dt_alloc_component:8; pointer_reassign:1,,0.1,DUMP,0.000
L0514,no,output,host,DUMP::GAS_PHASE_OUTPUT,dump.f90,9483,9485,1,other,NN,do,,,1,0,leaf,,0,0,0,0,0,0,SUBDEVICE_TYPE,,alloc_ptr_local:2; dt_alloc_component:1; reduction_accum:1,,0.0,DUMP,0.000
L0515,no,output,host,DUMP::GAS_PHASE_OUTPUT,dump.f90,9490,9497,1,other,NN,do,,,5,0,leaf,,0,0,0,0,1,1,"DEVICE_TYPE,SUBDEVICE_TYPE",,alloc_ptr_local:6; dt_alloc_component:4,,0.1,DUMP,0.000
L0516,no,output,host,DUMP::GAS_PHASE_OUTPUT,dump.f90,9519,9527,1,other,N,do,,,5,2,tree,"BLACKBODY_FRACTION,INTERPOLATE1D",3,2,67,3,5,1,LAGRANGIAN_PARTICLE_CLASS_TYPE,,alloc_ptr_local:3; dt_alloc_component:2,,0.2,DUMP,0.000
L0517,no,output,host,DUMP::GAS_PHASE_OUTPUT,dump.f90,9535,9543,1,other,N,do,,,5,2,tree,"BLACKBODY_FRACTION,INTERPOLATE1D",3,2,67,3,5,1,LAGRANGIAN_PARTICLE_CLASS_TYPE,,alloc_ptr_local:3; dt_alloc_component:2,,0.2,DUMP,0.000
L0518,no,output,host,DUMP::GAS_PHASE_OUTPUT,dump.f90,9558,9562,1,other,NN,do,,,2,0,leaf,,0,0,0,0,3,1,LAGRANGIAN_PARTICLE_CLASS_TYPE,,alloc_ptr_local:4; pointer_reassign:1,,0.0,DUMP,0.000
L0519,no,output,host,DUMP::GAS_PHASE_OUTPUT,dump.f90,9566,9570,1,other,NN,do,,,2,0,leaf,,0,0,0,0,3,1,LAGRANGIAN_PARTICLE_CLASS_TYPE,,alloc_ptr_local:3; pointer_reassign:1,,0.0,DUMP,0.000
L0520,no,output,host,DUMP::GAS_PHASE_OUTPUT,dump.f90,9574,9578,1,other,NN,do,,,2,0,leaf,,0,0,0,0,3,1,LAGRANGIAN_PARTICLE_CLASS_TYPE,,alloc_ptr_local:3; pointer_reassign:1,,0.0,DUMP,0.000
L0521,no,output,host,DUMP::GAS_PHASE_OUTPUT,dump.f90,9582,9586,1,other,NN,do,,,2,0,leaf,,0,0,0,0,3,1,LAGRANGIAN_PARTICLE_CLASS_TYPE,,alloc_ptr_local:3; pointer_reassign:1,,0.0,DUMP,0.000
L0522,no,output,host,DUMP::GAS_PHASE_OUTPUT,dump.f90,9590,9605,2,other,"NN,N",do,,,8,2,tree,"BLACKBODY_FRACTION,INTERPOLATE1D",3,2,67,3,8,2,LAGRANGIAN_PARTICLE_CLASS_TYPE,,alloc_ptr_local:7; dt_alloc_component:2; pointer_reassign:1,,0.7,DUMP,0.000
L0523,no,output,host,DUMP::GAS_PHASE_OUTPUT,dump.f90,9610,9625,2,other,"NN,N",do,,,8,2,tree,"BLACKBODY_FRACTION,INTERPOLATE1D",3,2,67,3,8,2,LAGRANGIAN_PARTICLE_CLASS_TYPE,,alloc_ptr_local:7; dt_alloc_component:2; pointer_reassign:1,,0.7,DUMP,0.000
L0524,yes,output,host,DUMP::GAS_PHASE_OUTPUT,dump.f90,9710,9769,1,particle,I,do,,,41,3,tree,"INTERPOLATE1D_UNIFORM,SURFACE_DENSITY,UPDATE_HISTOGRAM",3,1,94,3,10,5,"BOUNDARY_COORD_TYPE,BOUNDARY_ONE_D_TYPE,BOUNDARY_PROP1_TYPE,DEVICE_TYPE,LAGRANGIAN_PARTICLE_CLASS_TYPE,LAGRANGIAN_PARTICLE_TYPE,PROPERTY_TYPE,SPECIES_TYPE,SURFACE_TYPE",,alloc_ptr_local:73; dt_alloc_component:3; pointer_reassign:6; reduction_accum:3,alloc_ptr_dummy:1; alloc_ptr_local:1; dt_alloc_component:1; pointer_reassign:1; save_var:1,3.2,DUMP,0.000
L0525,yes,output,host,DUMP::GAS_PHASE_OUTPUT,dump.f90,9960,10031,1,cfaces,JCC,do,,,38,3,tree,"CC_CUTCELL_VELOCITY,GET_MASS_FRACTION",2,1,69,2,14,9,"CC_CUTCELL_TYPE,SPECIES_MIXTURE_TYPE,SPECIES_TYPE",,dt_alloc_component:37; exit_out_of_nest:1; reduction_accum:17; reduction_intrinsic:1; return:1,dt_alloc_component:1; pointer_reassign:1,2.8,DUMP,0.000
L0526,yes,output,host,DUMP::GAS_PHASE_OUTPUT,dump.f90,10043,10061,1,cfaces,JCF,do,,,9,0,leaf,,0,0,0,0,1,1,CC_CUTFACE_TYPE,,dt_alloc_component:10; exit_out_of_nest:1; reduction_accum:5; return:1,,0.5,DUMP,0.000
L0527,no,output,host,DUMP::GET_GASCUTFACE_SCALAR_SLICE,dump.f90,6720,6732,1,other,ISIDE,do,,,7,1,tree,GAS_PHASE_OUTPUT,36,4,2203,36,2,2,"CC_CUTCELL_TYPE,CC_CUTFACE_TYPE",,dt_alloc_component:3,alloc:1; alloc_ptr_dummy:2; alloc_ptr_local:3; dt_alloc_component:4; io:2; pointer_reassign:3; recursion:1; save_var:1; shutdown_call:1; string_op:2,5.6,DUMP,0.000
L0528,yes,output,host,DUMP::GET_GEOMINFO,dump.f90,5518,5527,3,cell,"K,J,I",do,,,4,0,leaf,,0,0,0,0,3,3,,,write_missing_outer_index:3,,1.2,DUMP,0.000
L0529,no,output,host,DUMP::GET_GEOMINFO,dump.f90,5528,5543,2,other,"K,J",do,,,11,6,tree,IJK,1,1,4,1,2,2,CELL_TYPE,,write_missing_outer_index:8,,0.4,DUMP,0.000
L0530,yes,output,host,DUMP::GET_GEOMINFO,dump.f90,5545,5554,3,cell,"K,J,I",do,,,4,0,leaf,,0,0,0,0,3,3,,,write_missing_outer_index:3,,1.2,DUMP,0.000
L0531,no,output,host,DUMP::GET_GEOMINFO,dump.f90,5555,5570,2,other,"K,I",do,,,11,6,tree,IJK,1,1,4,1,2,2,CELL_TYPE,,write_missing_outer_index:8,,0.4,DUMP,0.000
L0532,yes,output,host,DUMP::GET_GEOMINFO,dump.f90,5572,5581,3,cell,"K,J,I",do,,,4,0,leaf,,0,0,0,0,3,3,,,write_missing_outer_index:3,,1.2,DUMP,0.000
L0533,no,output,host,DUMP::GET_GEOMINFO,dump.f90,5582,5597,2,other,"J,I",do,,,11,6,tree,IJK,1,1,4,1,2,2,CELL_TYPE,,write_missing_outer_index:8,,0.4,DUMP,0.000
L0534,yes,output,host,DUMP::GET_GEOMINFO,dump.f90,5609,5618,3,cell,"K,J,I",do,,,4,0,leaf,,0,0,0,0,3,3,,,write_missing_outer_index:3,,1.2,DUMP,0.000
L0535,yes,output,host,DUMP::GET_GEOMINFO,dump.f90,5619,5672,4,cfaces,"K,J,IFACECF,IVCF,IVCF",do,,,34,7,tree,"IJK,TRIANGULATE",7,5,470,7,4,4,"CC_CUTFACE_TYPE,CELL_TYPE",,alloc:2; alloc_ptr_local:9; dt_alloc_component:3; pointer_reassign:2; reduction_intrinsic:1; write_missing_outer_index:13,alloc_ptr_local:3; pointer_reassign:3; save_var:1,204.5,DUMP,0.000
L0536,yes,output,host,DUMP::GET_GEOMINFO,dump.f90,5674,5683,3,cell,"K,J,I",do,,,4,0,leaf,,0,0,0,0,3,3,,,write_missing_outer_index:3,,1.2,DUMP,0.000
L0537,yes,output,host,DUMP::GET_GEOMINFO,dump.f90,5684,5733,4,cfaces,"K,I,IFACECF,IVCF,IVCF",do,,,34,7,tree,"IJK,TRIANGULATE",7,5,470,7,4,4,"CC_CUTFACE_TYPE,CELL_TYPE",,alloc:2; alloc_ptr_local:9; dt_alloc_component:3; pointer_reassign:2; reduction_intrinsic:1; write_missing_outer_index:13,alloc_ptr_local:3; pointer_reassign:3; save_var:1,204.5,DUMP,0.000
L0538,yes,output,host,DUMP::GET_GEOMINFO,dump.f90,5735,5744,3,cell,"K,J,I",do,,,4,0,leaf,,0,0,0,0,3,3,,,write_missing_outer_index:3,,1.2,DUMP,0.000
L0539,yes,output,host,DUMP::GET_GEOMINFO,dump.f90,5745,5794,4,cfaces,"J,I,IFACECF,IVCF,IVCF",do,,,34,7,tree,"IJK,TRIANGULATE",7,5,470,7,4,4,"CC_CUTFACE_TYPE,CELL_TYPE",,alloc:2; alloc_ptr_local:9; dt_alloc_component:3; pointer_reassign:2; reduction_intrinsic:1; write_missing_outer_index:13,alloc_ptr_local:3; pointer_reassign:3; save_var:1,204.5,DUMP,0.000
L0540,yes,output,host,DUMP::GET_GEOMINFO,dump.f90,5800,5835,5,cell,"K,J,I,IFACECF,IVCF,IVCF",do,,,23,1,tree,TRIANGULATE,6,5,466,6,7,7,"CC_CUTFACE_TYPE,CELL_TYPE",,alloc:2; alloc_ptr_local:8; dt_alloc_component:5; pointer_reassign:2; write_derived_index:2; write_missing_outer_index:2,alloc_ptr_local:3; pointer_reassign:3; save_var:1,1255.5,DUMP,0.000
L0541,yes,output,host,DUMP::GET_GEOMINFO,dump.f90,5839,5952,7,cell,"KK,JJ,II,JCC,ICCF,KADD",do,,,78,2,tree,TRIANGULATE,6,5,466,6,11,11,"CC_CUTCELL_TYPE,CC_CUTFACE_TYPE,CELL_TYPE",,alloc:4; alloc_ptr_local:17; dt_alloc_component:15; pointer_reassign:4; write_missing_outer_index:18,alloc_ptr_local:3; pointer_reassign:3; save_var:1,15754.5,DUMP,0.000
L0542,yes,output,host,DUMP::GET_GEOMSIZES,dump.f90,5370,5384,3,cell,"K,J,IFACE",do,,,7,0,leaf,,0,0,0,0,4,4,"CC_CUTFACE_TYPE,CELL_TYPE",,dt_alloc_component:1; reduction_accum:3; reduction_intrinsic:1,,2.1,DUMP,0.000
L0543,yes,output,host,DUMP::GET_GEOMSIZES,dump.f90,5387,5401,3,cell,"K,I,IFACE",do,,,7,0,leaf,,0,0,0,0,4,4,"CC_CUTFACE_TYPE,CELL_TYPE",,dt_alloc_component:1; reduction_accum:3; reduction_intrinsic:1,,2.1,DUMP,0.000
L0544,yes,output,host,DUMP::GET_GEOMSIZES,dump.f90,5404,5418,3,cell,"I,J,IFACE",do,,,7,0,leaf,,0,0,0,0,4,4,"CC_CUTFACE_TYPE,CELL_TYPE",,dt_alloc_component:1; reduction_accum:3; reduction_intrinsic:1,,2.1,DUMP,0.000
L0545,yes,output,host,DUMP::GET_GEOMSIZES,dump.f90,5421,5435,4,cell,"K,J,I,IFACE",do,,,6,0,leaf,,0,0,0,0,7,7,"CC_CUTFACE_TYPE,CELL_TYPE",,dt_alloc_component:1; reduction_accum:2,,18.0,DUMP,0.000
L0546,yes,output,host,DUMP::GET_GEOMSIZES,dump.f90,5437,5470,5,cell,"K,J,I,JCC,ICCF",do,,,19,0,leaf,,0,0,0,0,8,8,"CC_CUTCELL_TYPE,CC_CUTFACE_TYPE,CELL_TYPE",,dt_alloc_component:9; reduction_accum:6,,171.0,DUMP,0.000
L0547,yes,output,host,DUMP::GET_GEOMVALS,dump.f90,5992,6000,2,cell,"K,J",do,,,4,0,leaf,,0,0,0,0,1,1,,,reduction_accum:2; write_derived_index:2,,0.4,DUMP,0.000
L0548,yes,output,host,DUMP::GET_GEOMVALS,dump.f90,6002,6010,2,cell,"K,I",do,,,4,0,leaf,,0,0,0,0,1,1,,,reduction_accum:2; write_derived_index:2,,0.4,DUMP,0.000
L0549,yes,output,host,DUMP::GET_GEOMVALS,dump.f90,6012,6020,2,cell,"J,I",do,,,4,0,leaf,,0,0,0,0,1,1,,,reduction_accum:2; write_derived_index:2,,0.4,DUMP,0.000
L0550,yes,output,host,DUMP::GET_GEOMVALS,dump.f90,6027,6080,4,cell,"K,J,IFACECF,IVCF,IFACECF,IVCF",do,,,28,3,tree,"GET_GASCUTFACE_SCALAR_SLICE,GET_SOLIDCUTFACE_SCALAR_SLICE,GET_SOLIDREGFACE_SCALAR_SLICE",39,5,2435,39,6,6,"CC_CUTFACE_TYPE,CELL_TYPE",,dt_alloc_component:2; reduction_accum:8; reduction_intrinsic:1; write_derived_index:8,alloc:1; alloc_ptr_dummy:2; alloc_ptr_local:3; dt_alloc_component:5; io:2; pointer_reassign:3; recursion:1; save_var:1; shutdown_call:1; string_op:2,573.1,DUMP,0.000
L0551,yes,output,host,DUMP::GET_GEOMVALS,dump.f90,6082,6134,4,cell,"K,I,IFACECF,IVCF,IFACECF,IVCF",do,,,28,3,tree,"GET_GASCUTFACE_SCALAR_SLICE,GET_SOLIDCUTFACE_SCALAR_SLICE,GET_SOLIDREGFACE_SCALAR_SLICE",39,5,2435,39,6,6,"CC_CUTFACE_TYPE,CELL_TYPE",,dt_alloc_component:2; reduction_accum:8; reduction_intrinsic:1; write_derived_index:8,alloc:1; alloc_ptr_dummy:2; alloc_ptr_local:3; dt_alloc_component:5; io:2; pointer_reassign:3; recursion:1; save_var:1; shutdown_call:1; string_op:2,573.1,DUMP,0.000
L0552,yes,output,host,DUMP::GET_GEOMVALS,dump.f90,6136,6188,4,cell,"J,I,IFACECF,IVCF,IFACECF,IVCF",do,,,28,3,tree,"GET_GASCUTFACE_SCALAR_SLICE,GET_SOLIDCUTFACE_SCALAR_SLICE,GET_SOLIDREGFACE_SCALAR_SLICE",39,5,2435,39,6,6,"CC_CUTFACE_TYPE,CELL_TYPE",,dt_alloc_component:2; reduction_accum:8; reduction_intrinsic:1; write_derived_index:8,alloc:1; alloc_ptr_dummy:2; alloc_ptr_local:3; dt_alloc_component:5; io:2; pointer_reassign:3; recursion:1; save_var:1; shutdown_call:1; string_op:2,573.1,DUMP,0.000
L0553,yes,output,host,DUMP::GET_GEOMVALS,dump.f90,6192,6210,5,cell,"K,J,I,IFACECF,IVCF",do,,,7,1,tree,SOLID_PHASE_OUTPUT,22,4,1796,22,7,7,"CC_CUTFACE_TYPE,CELL_TYPE",,dt_alloc_component:2; reduction_accum:1; write_derived_index:1,alloc_ptr_dummy:4; alloc_ptr_local:5; dt_alloc_component:8; pointer_reassign:5; save_var:1,4104.0,DUMP,0.000
L0554,yes,output,host,DUMP::GET_GEOMVALS,dump.f90,6214,6255,6,cell,"KK,JJ,II,JCC,ICCF,IVCF",do,,,19,0,leaf,,0,0,0,0,8,8,"CC_CUTCELL_TYPE,CC_CUTFACE_TYPE,CELL_TYPE",,dt_alloc_component:9; reduction_accum:3; write_derived_index:3,,513.0,DUMP,0.000
L0555,no,output,host,DUMP::GET_LAYER_HEIGHT_INTEGRALS,dump.f90,12695,12706,1,other,K,do,,,8,0,leaf,,0,0,0,0,5,5,CELL_TYPE,,reduction_accum:5,,0.1,DUMP,0.000
L0556,yes,output,host,DUMP::GET_SMOKE3D_QQ,dump.f90,5128,5134,3,cell,"K,J,I",do,,,1,1,tree,GAS_PHASE_OUTPUT,36,4,2203,36,3,3,SMOKE3D_TYPE,,alloc_ptr_dummy:4,alloc:1; alloc_ptr_dummy:2; alloc_ptr_local:3; dt_alloc_component:4; io:2; pointer_reassign:3; recursion:1; save_var:1; shutdown_call:1; string_op:2,551.8,DUMP,0.000
L0557,yes,output,host,DUMP::GET_SMOKE3D_QQ,dump.f90,5144,5151,3,face,"K,J,I",do,,,1,0,leaf,,0,0,0,0,3,3,,,alloc_ptr_dummy:9,,1.0,DUMP,0.000
L0558,yes,output,host,DUMP::GET_SMOKE3D_QQ,dump.f90,5154,5161,3,face,"K,J,I",do,,,2,0,leaf,,0,0,0,0,4,3,MESH_TYPE,,alloc_ptr_dummy:1; dt_alloc_component:1,,2.0,DUMP,0.000
L0559,no,output,host,DUMP::GET_SOLIDCUTFACE_SCALAR_SLICE,dump.f90,6652,6663,1,other,ICELL,do,,,9,0,leaf,,0,0,0,0,4,4,,,exit_out_of_nest:1,,0.1,DUMP,0.000
L0560,no,output,host,DUMP::GET_SOLIDCUTFACE_SCALAR_SLICE,dump.f90,6666,6677,1,other,ICELL,do,,,9,0,leaf,,0,0,0,0,4,4,,,exit_out_of_nest:1,,0.1,DUMP,0.000
L0561,no,output,host,DUMP::SOLID_PHASE_OUTPUT,dump.f90,10190,10192,1,other,II2,do,,,1,0,leaf,,0,0,0,0,0,0,BOUNDARY_ONE_D_TYPE,,alloc_ptr_local:1; dt_alloc_component:1,,0.0,DUMP,0.000
L0562,yes,output,host,DUMP::SOLID_PHASE_OUTPUT,dump.f90,10222,10226,1,cfaces,JCF,do,,,2,0,leaf,,0,0,0,0,1,1,"BOUNDARY_COORD_TYPE,CC_CUTFACE_TYPE",,alloc_ptr_local:1; dt_alloc_component:3; reduction_accum:2,,0.1,DUMP,0.000
L0563,no,output,host,DUMP::SOLID_PHASE_OUTPUT,dump.f90,10238,10240,1,other,NR,do,,,1,0,leaf,,0,0,0,0,2,0,"BOUNDARY_PROP1_TYPE,REACTION_TYPE",,alloc_ptr_local:2; dt_alloc_component:1,,0.0,DUMP,0.000
L0564,no,output,host,DUMP::SOLID_PHASE_OUTPUT,dump.f90,10246,10249,1,other,NR,do,,,1,0,leaf,,0,0,0,0,2,0,"BOUNDARY_PROP1_TYPE,REACTION_TYPE",,alloc_ptr_local:1; dt_alloc_component:1,,0.0,DUMP,0.000
L0565,no,output,host,DUMP::SOLID_PHASE_OUTPUT,dump.f90,10253,10256,1,other,NR,do,,,1,0,leaf,,0,0,0,0,2,0,"BOUNDARY_PROP1_TYPE,REACTION_TYPE",,alloc_ptr_local:1; dt_alloc_component:1,,0.0,DUMP,0.000
L0566,no,output,host,DUMP::SOLID_PHASE_OUTPUT,dump.f90,10309,10314,1,other,NN,do,,,3,0,leaf,,0,0,0,0,0,0,BOUNDARY_ONE_D_TYPE,,alloc_ptr_local:2; dt_alloc_component:1; exit_out_of_nest:1,,0.0,DUMP,0.000
L0567,no,output,host,DUMP::SOLID_PHASE_OUTPUT,dump.f90,10340,10347,1,other,NN,do,,,5,0,leaf,,0,0,0,0,2,0,"BOUNDARY_PROP2_TYPE,LAGRANGIAN_PARTICLE_CLASS_TYPE",,alloc_ptr_local:10; dt_alloc_component:4; pointer_reassign:1; reduction_accum:3,,0.1,DUMP,0.000
L0568,no,output,host,DUMP::SOLID_PHASE_OUTPUT,dump.f90,10377,10382,1,other,NN,do,,,3,0,leaf,,0,0,0,0,0,0,BOUNDARY_ONE_D_TYPE,,alloc_ptr_local:2; dt_alloc_component:1; exit_out_of_nest:1,,0.0,DUMP,0.000
L0569,no,output,host,DUMP::SOLID_PHASE_OUTPUT,dump.f90,10418,10423,1,other,NN,do,,,3,0,leaf,,0,0,0,0,0,0,BOUNDARY_ONE_D_TYPE,,alloc_ptr_local:3; dt_alloc_component:3; return:1,,0.0,DUMP,0.000
L0570,no,output,host,DUMP::SOLID_PHASE_OUTPUT,dump.f90,10425,10427,1,other,NN,do,,,1,0,leaf,,0,0,0,0,0,0,BOUNDARY_ONE_D_TYPE,,alloc_ptr_local:2; dt_alloc_component:2,,0.0,DUMP,0.000
L0571,no,output,host,DUMP::SOLID_PHASE_OUTPUT,dump.f90,10452,10458,1,other,NN,do,,,5,0,leaf,,0,0,0,0,2,0,"BOUNDARY_ONE_D_TYPE,MATERIAL_TYPE",,alloc_ptr_local:8; dt_alloc_component:9; pointer_reassign:1; reduction_accum:1,,0.1,DUMP,0.000
L0572,no,output,host,DUMP::SOLID_PHASE_OUTPUT,dump.f90,10464,10470,1,other,NN,do,,,5,0,leaf,,0,0,0,0,2,0,"BOUNDARY_ONE_D_TYPE,MATERIAL_TYPE",,alloc_ptr_local:10; dt_alloc_component:9; pointer_reassign:1; reduction_accum:1,,0.1,DUMP,0.000
L0573,no,output,host,DUMP::SOLID_PHASE_OUTPUT,dump.f90,10506,10515,1,other,NN,do,,,6,0,leaf,,0,0,0,0,2,0,"BOUNDARY_PROP2_TYPE,LAGRANGIAN_PARTICLE_CLASS_TYPE",,alloc_ptr_local:9; dt_alloc_component:3; pointer_reassign:1,,0.1,DUMP,0.000
L0574,no,output,host,DUMP::SOLID_PHASE_OUTPUT,dump.f90,10753,10755,1,other,I,do,,,1,0,leaf,,0,0,0,0,0,0,,,reduction_intrinsic:1,,0.0,DUMP,0.000
L0575,no,output,host,DUMP::SOLID_PHASE_OUTPUT,dump.f90,10815,10833,2,other,"I,J",do,,,9,0,leaf,,0,0,0,0,2,0,"BOUNDARY_ONE_D_TYPE,BOUNDARY_PROP1_TYPE,MATERIAL_TYPE,SURFACE_TYPE",,alloc_ptr_local:26; dt_alloc_component:18; pointer_reassign:1,,0.3,DUMP,0.000
L0576,no,output,host,DUMP::SOLID_PHASE_OUTPUT,dump.f90,10857,10860,1,other,NN,do,,,2,0,leaf,,0,0,0,0,0,0,BOUNDARY_ONE_D_TYPE,,alloc_ptr_local:4; dt_alloc_component:5; reduction_accum:1,,0.0,DUMP,0.000
L0577,no,output,host,DUMP::SOLID_PHASE_OUTPUT,dump.f90,10865,10871,1,other,J,do,,,4,0,leaf,,0,0,0,0,2,0,"BOUNDARY_ONE_D_TYPE,MATERIAL_TYPE",,alloc_ptr_local:10; dt_alloc_component:10; pointer_reassign:1,,0.0,DUMP,0.000
L0578,no,other/shared,device-eligible,DUMP::TIMINGS,dump.f90,12637,12651,1,other,N,do,,,10,0,leaf,,0,0,0,0,3,0,DEVICE_TYPE,,alloc_ptr_local:24; io:7; pointer_reassign:1,,0.1,DUMP,0.000
L0579,no,other/shared,device-eligible,DUMP::TIMINGS,dump.f90,12657,12668,1,other,N,do,,,6,0,leaf,,0,0,0,0,3,0,CONTROL_TYPE,,alloc_ptr_local:23; io:5; pointer_reassign:1,,0.1,DUMP,0.000
L0580,yes,output,host,DUMP::UPDATE_DEVICES_1,dump.f90,7797,8140,4,wall,"N,IW,ICF,IP,K,J",do,,,189,19,tree,"GAS_PHASE_OUTPUT,GET_IJK,GET_LAGRANGIAN_PARTICLE_INDEX,HVAC_OUTPUT,INTERPOLATE_WALL_VALUES,PARTICLE_OUTPUT,SELECT_SPATIAL_STATISTIC,SOLID_PHASE_OUTPUT",57,4,4208,57,45,33,"BOUNDARY_COORD_TYPE,BOUNDARY_PROP1_TYPE,CC_CUTCELL_TYPE,CC_CUTFACE_TYPE,CELL_TYPE,CFACE_TYPE,CONTROL_TYPE,DEVICE_TYPE,LAGRANGIAN_PARTICLE_CLASS_TYPE,LAGRANGIAN_PARTICLE_TYPE,OUTPUT_QUANTITY_TYPE,PROPERTY_TYPE,SUBDEVICE_TYPE,SURFACE_TYPE,WALL_TYPE",,alloc_ptr_local:294; dt_alloc_component:29; module_global_write:1; pointer_reassign:18; reduction_intrinsic:2,alloc:1; alloc_ptr_dummy:5; alloc_ptr_local:9; dt_alloc_component:15; io:2; pointer_reassign:9; recursion:1; save_var:2; shutdown_call:1; string_op:2,6701.4,DUMP,0.000
L0581,yes,output,host,DUMP::UPDATE_DEVICES_1::SELECT_SPATIAL_STATISTIC,dump.f90,8177,8179,1,cfaces,JCF,do,,,1,0,leaf,,0,0,0,0,1,1,CC_CUTFACE_TYPE,,dt_alloc_component:1; reduction_accum:1,,0.1,DUMP,0.000
L0582,no,exchange/communication,device-eligible,DUMP::UPDATE_DEVICES_2,dump.f90,8353,8580,1,other,N,do,,,139,3,tree,"EXTRAPOLATE_EXTREMA,UPDATE_HISTOGRAM",2,1,66,2,7,0,"CONTROL_TYPE,DEVICE_TYPE,PROPERTY_TYPE",MPI_BCAST:1,alloc_ptr_local:325; dt_alloc_component:18; mpi_call:1; pointer_reassign:2,alloc:1; alloc_ptr_dummy:1; alloc_ptr_local:1; dt_alloc_component:1; save_var:1,1.6,DUMP,0.000
L0583,yes,output,host,DUMP::UPDATE_HRR,dump.f90,11656,11678,3,cell,"K,J,I",do,,,14,1,tree,GET_SENSIBLE_ENTHALPY,1,1,13,1,25,19,CELL_TYPE,,reduction_accum:3; write_derived_index:1,,17.2,DUMP,0.000
L0584,yes,output,host,DUMP::UPDATE_HRR,dump.f90,11690,11738,2,wall,"IW,N",do,,,29,2,tree,"GET_SENSIBLE_ENTHALPY,GET_SENSIBLE_ENTHALPY_Z",2,1,24,2,15,11,"BOUNDARY_COORD_TYPE,BOUNDARY_PROP1_TYPE,WALL_TYPE",,alloc_ptr_local:22; dt_alloc_component:3; pointer_reassign:3; reduction_accum:4,,21.0,DUMP,0.000
L0585,yes,output,host,DUMP::UPDATE_HRR,dump.f90,11740,11770,2,cfaces,"ICF,N",do,,,21,2,tree,"GET_SENSIBLE_ENTHALPY,GET_SENSIBLE_ENTHALPY_Z",2,1,24,2,12,8,"BOUNDARY_COORD_TYPE,BOUNDARY_PROP1_TYPE,CC_CUTCELL_TYPE,CC_CUTFACE_TYPE,CFACE_TYPE",,alloc_ptr_local:19; dt_alloc_component:6; pointer_reassign:3; reduction_accum:3,,4.0,DUMP,0.000
L0586,yes,output,host,DUMP::UPDATE_HRR,dump.f90,11773,11783,1,particle,IP,do,,,9,0,leaf,,0,0,0,0,9,5,"BOUNDARY_COORD_TYPE,BOUNDARY_PROP1_TYPE,LAGRANGIAN_PARTICLE_CLASS_TYPE,LAGRANGIAN_PARTICLE_TYPE",,alloc_ptr_local:12; pointer_reassign:4; reduction_accum:1,,0.5,DUMP,0.000
L0587,yes,output,host,DUMP::UPDATE_HRR,dump.f90,11788,11799,2,wall,"IW,N",do,,,8,0,leaf,,0,0,0,0,10,6,"BOUNDARY_COORD_TYPE,BOUNDARY_PROP1_TYPE,WALL_TYPE",,alloc_ptr_local:9; dt_alloc_component:1; pointer_reassign:3; reduction_accum:1,,4.8,DUMP,0.000
L0588,yes,output,host,DUMP::UPDATE_HRR,dump.f90,11801,11812,2,cfaces,"ICF,N",do,,,8,0,leaf,,0,0,0,0,10,6,"BOUNDARY_COORD_TYPE,BOUNDARY_PROP1_TYPE,CFACE_TYPE",,alloc_ptr_local:10; dt_alloc_component:1; pointer_reassign:3; reduction_accum:1,,1.2,DUMP,0.000
L0589,yes,output,host,DUMP::UPDATE_MASS,dump.f90,11885,11918,4,cell,"K,J,I,JCC",do,,,21,2,tree,GET_MASS_FRACTION_ALL,1,1,13,1,17,14,"CC_CUTCELL_TYPE,CELL_TYPE",,dt_alloc_component:5; reduction_accum:6,,72.8,DUMP,0.000
L0590,no,output,host,DUMP::WRITE_DEVC_CTRL_LOG,dump.f90,13221,13233,1,other,N,do,,,7,0,leaf,,0,0,0,0,7,0,DEVICE_TYPE,,io:3; string_op:10,,0.1,DUMP,0.000
L0591,no,output,host,DUMP::WRITE_DEVC_CTRL_LOG,dump.f90,13237,13254,1,other,N,do,,,10,0,leaf,,0,0,0,0,7,0,CONTROL_TYPE,,io:5; string_op:15,,0.1,DUMP,0.000
L0592,no,species_combustion,device-eligible,FIRE::CALC_AFT_REAC_AND_PROD,fire.f90,1221,1229,1,other,NS,do,,,5,0,leaf,,0,0,0,0,2,0,SPECIES_MIXTURE_TYPE,,reduction_accum:1,,0.1,FIRE,0.000
L0593,no,species_combustion,device-eligible,FIRE::CHECK_AUTO_IGNITION,fire.f90,1362,1375,1,other,IZ,do,,,5,0,leaf,,0,0,0,0,4,3,"DEVICE_TYPE,REACTION_TYPE",,alloc_ptr_local:10; return:1,,0.1,FIRE,0.000
L0594,no,species_combustion,device-eligible,FIRE::CHECK_CHEMICALLY_ACTIVE_STATE,fire.f90,402,418,1,other,IZ,do,,,8,1,tree,CALC_EQUIV_RATIO,1,1,22,1,9,3,"DEVICE_TYPE,IGNITION_ZONE_TYPE",,exit_out_of_nest:1,,0.1,FIRE,0.000
L0595,no,species_combustion,device-eligible,FIRE::CHECK_REACTION,fire.f90,349,360,2,other,"NR,NS",do,,,7,0,leaf,,0,0,0,0,3,0,REACTION_TYPE,,alloc_ptr_local:3; dt_alloc_component:1; exit_out_of_nest:1; pointer_reassign:1,,0.2,FIRE,0.000
L0596,yes,species_combustion,device-eligible,FIRE::COMBUSTION_BC,fire.f90,1902,1918,4,wall,"IW,KKO,JJO,IIO",do,,,9,0,leaf,,0,0,0,0,6,6,"BOUNDARY_COORD_TYPE,EXTERNAL_WALL_TYPE,OMESH_TYPE,WALL_TYPE",,alloc_ptr_local:21; dt_alloc_component:1; pointer_reassign:3; write_derived_index:1,,48.6,FIRE,0.002
L0597,yes,species_combustion,device-eligible,FIRE::COMBUSTION_GENERAL_LOAD_BALANCED,fire.f90,123,137,3,cell,"K,J,I",do,,,9,1,tree,CHECK_CHEMICALLY_ACTIVE_STATE,4,2,153,4,13,11,,,reduction_accum:2; return:1; write_derived_index:2,alloc_ptr_local:1; dt_alloc_component:1; io:1; module_global_write:1; pointer_reassign:1,47.2,FIRE,0.002
L0598,yes,species_combustion,device-eligible,FIRE::COMBUSTION_GENERAL_LOAD_BALANCED,fire.f90,143,147,2,cfaces,"ICC,JCC",do,,,1,0,leaf,,0,0,0,0,2,1,"CC_CUTCELL_TYPE,MESH_TYPE",,dt_alloc_component:1,,0.2,FIRE,0.000
L0599,yes,species_combustion,device-eligible,FIRE::COMBUSTION_GENERAL_LOAD_BALANCED,fire.f90,154,170,2,cfaces,"ICC,JCC",do,,,15,1,tree,CHECK_CHEMICALLY_ACTIVE_STATE,4,2,153,4,13,10,"CC_CUTCELL_TYPE,MESH_TYPE",,alloc_ptr_local:5; dt_alloc_component:3; pointer_reassign:1; reduction_accum:2; return:1; write_derived_index:2,alloc_ptr_local:1; dt_alloc_component:1; io:1; module_global_write:1; pointer_reassign:1,8.0,FIRE,0.000
L0600,no,species_combustion,device-eligible,FIRE::COMBUSTION_GENERAL_LOAD_BALANCED,fire.f90,202,225,1,other,INDX,do,,,14,1,tree,COMBUSTION_MODEL,24,5,1489,24,3,0,,,,alloc:1; alloc_ptr_local:7; dt_alloc_component:3; io:3; library_call:1; module_global_write:4; pointer_reassign:7; save_var:1; stop:2,3.9,FIRE,0.000
L0601,no,species_combustion,device-eligible,FIRE::COMBUSTION_GENERAL_LOAD_BALANCED,fire.f90,254,270,1,other,NC,do,,,10,2,tree,"COMBUSTION_MODEL,SET_SPECIES_SOURCE_TERM_CELL",29,5,1576,29,19,17,,,write_derived_index:1,alloc:1; alloc_ptr_local:8; dt_alloc_component:3; io:4; library_call:1; module_global_write:5; pointer_reassign:8; save_var:1; stop:2,4.0,FIRE,0.000
L0602,no,species_combustion,device-eligible,FIRE::COMBUSTION_GENERAL_LOAD_BALANCED,fire.f90,275,293,1,other,NC,do,!$OMP DO SCHEDULE(DYNAMIC),,13,2,tree,"COMBUSTION_MODEL,SET_SPECIES_SOURCE_TERM_CUTCELL",29,5,1578,29,10,9,CC_CUTCELL_TYPE,,alloc_ptr_local:12; dt_alloc_component:8; pointer_reassign:1,alloc:1; alloc_ptr_local:8; dt_alloc_component:4; io:4; library_call:1; module_global_write:5; pointer_reassign:8; save_var:1; stop:2,4.1,FIRE,0.000
L0603,yes,species_combustion,device-eligible,FIRE::COMBUSTION_GENERAL_LOAD_BALANCED,fire.f90,309,327,2,cfaces,"ICC,JCC,JCC",do,,,14,0,leaf,,0,0,0,0,9,8,"CC_CUTCELL_TYPE,CELL_TYPE,MESH_TYPE",,alloc_ptr_local:13; dt_alloc_component:7; pointer_reassign:1; write_derived_index:7,,2.1,FIRE,0.000
L0604,yes,species_combustion,device-eligible,FIRE::COMBUSTION_LOAD_BALANCED,fire.f90,63,67,2,cfaces,"ICC,JCC",do,,,1,0,leaf,,0,0,0,0,2,1,"CC_CUTCELL_TYPE,MESH_TYPE",,dt_alloc_component:1,,0.2,FIRE,0.000
L0605,no,species_combustion,device-eligible,FIRE::COMBUSTION_MODEL,fire.f90,808,811,1,other,NR,do,,,2,0,leaf,,0,0,0,0,4,0,REACTION_TYPE,,alloc_ptr_local:2; pointer_reassign:1; reduction_accum:1,,0.0,FIRE,0.000
L0606,no,species_combustion,device-eligible,FIRE::COMBUSTION_MODEL,fire.f90,869,990,3,other,"TIME_ITER,NR,RICH_ITER,NS,NS,NS",do,,,59,7,tree,"CHECK_AUTO_IGNITION,CVODE,FIRE_FORWARD_EULER,FIRE_RK2,GET_REALIZABLE_MF",18,4,1003,18,13,0,"REACTION_TYPE,SPECIES_MIXTURE_TYPE",,alloc_ptr_local:5; exit_out_of_nest:3; io:1; pointer_reassign:1; reduction_accum:2; reduction_intrinsic:7,alloc:1; alloc_ptr_local:4; dt_alloc_component:2; io:2; library_call:1; module_global_write:3; pointer_reassign:4; save_var:1; stop:2,27.9,FIRE,0.000
L0607,no,species_combustion,device-eligible,FIRE::COMBUSTION_MODEL,fire.f90,1021,1028,1,other,NR,do,,,5,1,tree,EVALUATE_RAMP,1,1,56,1,2,0,REACTION_TYPE,,alloc_ptr_local:3; pointer_reassign:1; reduction_accum:2,dt_alloc_component:1,0.2,FIRE,0.000
L0608,yes,species_combustion,device-eligible,FIRE::CONDENSATION_EVAPORATION,fire.f90,1957,1961,1,wall,IW,do,,,3,0,leaf,,0,0,0,0,4,4,"BOUNDARY_PROP1_TYPE,WALL_TYPE",,alloc_ptr_local:4; pointer_reassign:2,,0.6,FIRE,0.000
L0609,yes,species_combustion,device-eligible,FIRE::CONDENSATION_EVAPORATION,fire.f90,1963,2224,5,cell,"NS,K,J,I,NS2,",do/forever,,,176,16,tree,"GET_MASS_FRACTION_ALL,GET_MOLECULAR_WEIGHT,GET_SPECIFIC_HEAT,GET_VISCOSITY,INTERPOLATE1D_UNIFORM",5,1,66,5,35,23,"BOUNDARY_COORD_TYPE,BOUNDARY_ONE_D_TYPE,BOUNDARY_PROP1_TYPE,BOUNDARY_PROP2_TYPE,CELL_TYPE,MATERIAL_TYPE,SPECIES_MIXTURE_TYPE,SPECIES_TYPE,SURFACE_TYPE,WALL_TYPE",,alloc_ptr_local:126; dt_alloc_component:35; pointer_reassign:9; reduction_accum:2; reduction_intrinsic:2; while_loop:2; write_derived_index:9,,1732.5,FIRE,0.087
L0610,no,species_combustion,device-eligible,FIRE::CVODE,fire.f90,1100,1102,1,other,NS,do,,,1,0,leaf,,0,0,0,0,2,0,SPECIES_MIXTURE_TYPE,,,,0.0,FIRE,0.000
L0611,no,species_combustion,device-eligible,FIRE::DISTRIBUTE_CELLS_ACCROSS_MPI_PROCESSES,fire.f90,604,623,1,other,NC,do,,,20,0,leaf,,0,0,0,0,19,13,,,reduction_accum:3; write_derived_index:11,,0.2,FIRE,0.000
L0612,no,species_combustion,device-eligible,FIRE::DISTRIBUTE_CELLS_ACCROSS_MPI_PROCESSES,fire.f90,625,645,1,other,NC,do,,,23,0,leaf,,0,0,0,0,15,9,CC_CUTCELL_TYPE,,alloc_ptr_local:8; dt_alloc_component:4; pointer_reassign:1; reduction_accum:3; write_derived_index:11,,0.2,FIRE,0.000
L0613,no,species_combustion,device-eligible,FIRE::DISTRIBUTE_CELLS_ACCROSS_MPI_PROCESSES,fire.f90,654,659,1,other,INDX,do,,,4,0,leaf,,0,0,0,0,3,0,,,reduction_accum:1; write_derived_index:1,,0.0,FIRE,0.000
L0614,no,species_combustion,device-eligible,FIRE::DISTRIBUTE_CELLS_ACCROSS_MPI_PROCESSES,fire.f90,660,663,1,other,SEQ,do,,,2,0,leaf,,0,0,0,0,5,0,,,,,0.0,FIRE,0.000
L0615,no,species_combustion,device-eligible,FIRE::DUMP_CVODE_WARNING_SUMMARY,fire.f90,1318,1338,1,other,CVODE_ERR_CODE,do,,,9,0,leaf,,0,0,0,0,5,0,,,io:4; reduction_accum:3; string_op:13,,0.1,FIRE,0.000
L0616,no,species_combustion,device-eligible,FIRE::EXTINCT_2,fire.f90,1437,1442,1,other,NR,do,,,4,0,leaf,,0,0,0,0,2,0,REACTION_TYPE,,alloc_ptr_local:5; pointer_reassign:1; reduction_accum:2,,0.0,FIRE,0.000
L0617,no,species_combustion,device-eligible,FIRE::EXTINCT_2,fire.f90,1468,1482,2,other,"NR,NS",do,,,9,0,leaf,,0,0,0,0,3,0,REACTION_TYPE,,alloc_ptr_local:3; pointer_reassign:1,,0.3,FIRE,0.000
L0618,no,species_combustion,device-eligible,FIRE::FIRE_FORWARD_EULER,fire.f90,1530,1534,1,other,PTY,do,,,3,1,tree,REACTION_RATE,4,2,205,4,1,0,,,reduction_accum:2,alloc_ptr_local:2; dt_alloc_component:1; module_global_write:1; pointer_reassign:2,0.5,FIRE,0.000
L0619,no,species_combustion,device-eligible,FIRE::FIRE_RK2,fire.f90,1575,1599,1,other,N,do,,,13,2,tree,FIRE_FORWARD_EULER,6,3,275,6,0,0,,,reduction_accum:1; reduction_intrinsic:1; return:1,alloc_ptr_local:2; dt_alloc_component:1; module_global_write:1; pointer_reassign:2,0.8,FIRE,0.000
L0620,no,species_combustion,device-eligible,FIRE::GATHER_CELLS_FROM_MPI_PROCESSES,fire.f90,733,746,1,other,NC,do,,,14,1,tree,SET_SPECIES_SOURCE_TERM_CELL,5,2,87,5,11,6,,,reduction_accum:1; return:1; write_derived_index:4,alloc_ptr_local:1; io:1; module_global_write:1; pointer_reassign:1,0.4,FIRE,0.000
L0621,no,species_combustion,device-eligible,FIRE::GATHER_CELLS_FROM_MPI_PROCESSES,fire.f90,750,762,1,other,NC,do,,,15,1,tree,SET_SPECIES_SOURCE_TERM_CUTCELL,5,2,89,5,5,2,CC_CUTCELL_TYPE,,alloc_ptr_local:8; dt_alloc_component:4; pointer_reassign:1; reduction_accum:1,alloc_ptr_local:1; dt_alloc_component:1; io:1; module_global_write:1; pointer_reassign:1,0.4,FIRE,0.000
L0622,no,species_combustion,device-eligible,FIRE::REACTION_RATE,fire.f90,1630,1658,2,other,"OUTER_IT,I,NS",do,,,19,0,leaf,,0,0,0,0,3,0,REACTION_TYPE,,alloc_ptr_local:11; dt_alloc_component:1; exit_out_of_nest:1; pointer_reassign:1; reduction_accum:1; reduction_intrinsic:1,,0.6,FIRE,0.000
L0623,no,species_combustion,device-eligible,FIRE::REACTION_RATE,fire.f90,1665,1755,3,other,"OUTER_IT,I,NS,NS,NS,NS",do,,,54,4,tree,"CALC_FCENT,GET_MASS_FRACTION_ALL,GET_MOLECULAR_WEIGHT",3,1,48,3,10,0,"REACTION_TYPE,SPECIES_TYPE",,alloc_ptr_local:35; dt_alloc_component:13; exit_out_of_nest:2; module_global_write:2; pointer_reassign:1; reduction_accum:5; reduction_intrinsic:2; return:1; write_derived_index:1; write_missing_outer_index:1,alloc_ptr_local:1; pointer_reassign:1,5.9,FIRE,0.000
L0624,no,species_combustion,device-eligible,FIRE::SET_SPECIES_SOURCE_TERM_CELL,fire.f90,500,505,1,other,N,do,,,4,1,tree,GET_SENSIBLE_ENTHALPY_Z,1,1,11,1,6,4,SPECIES_MIXTURE_TYPE,,alloc_ptr_local:2; pointer_reassign:1; write_derived_index:2,,0.1,FIRE,0.000
L0625,no,species_combustion,device-eligible,FIRE::SET_SPECIES_SOURCE_TERM_CUTCELL,fire.f90,547,554,1,other,N,do,,,4,1,tree,GET_SENSIBLE_ENTHALPY_Z,1,1,11,1,3,1,"CC_CUTCELL_TYPE,SPECIES_MIXTURE_TYPE",,alloc_ptr_local:2; dt_alloc_component:8; pointer_reassign:1; write_derived_index:2,,0.1,FIRE,0.000
L0626,no,other/shared,device-eligible,COMP_FUNCTIONS::FDS_SLEEP,func.f90,108,111,1,other,,forever,,,2,1,tree,CURRENT_TIME,1,1,8,1,0,0,,,exit_out_of_nest:1,,0.0,MAIN,0.000
L0627,no,other/shared,device-eligible,COMP_FUNCTIONS::READ_EXTERNAL_FILE,func.f90,573,588,1,other,,forever,,,10,1,tree,FDS_SLEEP,2,2,21,2,4,0,,,exit_out_of_nest:1; io:1; module_global_write:1; reduction_accum:1; return:1; string_op:1,,0.2,MAIN,0.000
L0628,no,other/shared,device-eligible,COMP_FUNCTIONS::READ_EXTERNAL_FILE,func.f90,598,620,2,other,",NR,NC",do/forever,,,11,0,leaf,,0,0,0,0,7,0,"CONTROL_TYPE,RAMPS_TYPE",,io:1; string_op:6,,0.3,MAIN,0.000
L0629,no,output,host,COMP_FUNCTIONS::SYSTEM_MEM_USAGE,func.f90,163,169,1,other,,forever,,,4,0,leaf,,0,0,0,0,0,0,,,exit_out_of_nest:1; io:2; string_op:3,,0.0,DUMP,0.000
L0630,yes,other/shared,device-eligible,GEOMETRY_FUNCTIONS::BLOCK_CELL,func.f90,5509,5524,3,cell,"K,J,I",do,,,7,0,leaf,,0,0,0,0,0,0,MESH_TYPE,,alloc_ptr_local:6; dt_alloc_component:6; write_derived_index:5,,7.0,MAIN,0.020
L0631,no,particles,device-eligible,GEOMETRY_FUNCTIONS::CONE_MESH_INTERSECTION_VOLUME,func.f90,6471,6485,1,other,K,do,,,11,4,tree,CIRCLE_CELL_INTERSECTION_AREA,1,1,152,1,0,0,MESH_TYPE,,alloc_ptr_local:16,,0.5,PART,0.000
L0632,no,solid_phase,device-eligible,GEOMETRY_FUNCTIONS::GET_INTERPOLATION_WEIGHTS,func.f90,6019,6037,2,other,"I_NEW,",do/forever,,,12,0,leaf,,0,0,0,0,0,0,,,while_loop:1,,0.4,WALL,0.000
L0633,no,solid_phase,device-eligible,GEOMETRY_FUNCTIONS::GET_N_LAYER_CELLS,func.f90,5772,5782,2,other,"N,I",do,,,6,0,leaf,,0,0,0,0,0,0,,,exit_out_of_nest:1,,0.2,WALL,0.000
L0634,no,solid_phase,device-eligible,GEOMETRY_FUNCTIONS::GET_WALL_NODE_COORDINATES,func.f90,5816,5836,2,other,"NL,I",do,,,14,0,leaf,,0,0,0,0,0,0,,,write_missing_outer_index:2,,0.4,WALL,0.000
L0635,no,solid_phase,device-eligible,GEOMETRY_FUNCTIONS::GET_WALL_NODE_WEIGHTS,func.f90,5886,5889,1,other,NL,do,,,2,0,leaf,,0,0,0,0,0,0,,,reduction_accum:1; write_indirect:1,,0.0,WALL,0.000
L0636,no,solid_phase,device-eligible,GEOMETRY_FUNCTIONS::GET_WALL_NODE_WEIGHTS,func.f90,5897,5899,1,other,I,do,,,1,0,leaf,,0,0,0,0,0,0,,,,,0.0,WALL,0.000
L0637,no,solid_phase,device-eligible,GEOMETRY_FUNCTIONS::GET_WALL_NODE_WEIGHTS,func.f90,5905,5908,1,other,I,do,,,2,0,leaf,,0,0,0,0,0,0,,,,,0.0,WALL,0.000
L0638,no,solid_phase,device-eligible,GEOMETRY_FUNCTIONS::GET_WALL_NODE_WEIGHTS,func.f90,5914,5917,1,other,I,do,,,2,0,leaf,,0,0,0,0,0,0,,,,,0.0,WALL,0.000
L0639,no,solid_phase,device-eligible,GEOMETRY_FUNCTIONS::GET_WALL_NODE_WEIGHTS,func.f90,5919,5922,1,other,I,do,,,2,0,leaf,,0,0,0,0,0,0,,,,,0.0,WALL,0.000
L0640,no,solid_phase,device-eligible,GEOMETRY_FUNCTIONS::GET_WALL_NODE_WEIGHTS,func.f90,5924,5927,1,other,I,do,,,2,0,leaf,,0,0,0,0,0,0,,,,,0.0,WALL,0.000
L0641,no,solid_phase,device-eligible,GEOMETRY_FUNCTIONS::GET_WALL_NODE_WEIGHTS,func.f90,5934,5936,1,other,I,do,,,1,0,leaf,,0,0,0,0,0,0,,,,,0.0,WALL,0.000
L0642,no,solid_phase,device-eligible,GEOMETRY_FUNCTIONS::GET_WALL_NODE_WEIGHTS,func.f90,5943,5946,1,other,I,do,,,2,0,leaf,,0,0,0,0,0,0,,,,,0.0,WALL,0.000
L0643,no,solid_phase,device-eligible,GEOMETRY_FUNCTIONS::GET_WALL_NODE_WEIGHTS,func.f90,5948,5951,1,other,I,do,,,2,0,leaf,,0,0,0,0,0,0,,,,,0.0,WALL,0.000
L0644,no,solid_phase,device-eligible,GEOMETRY_FUNCTIONS::GET_WALL_NODE_WEIGHTS,func.f90,5967,5974,1,other,NL,do,,,4,0,leaf,,0,0,0,0,0,0,,,exit_out_of_nest:1; reduction_accum:2,,0.0,WALL,0.000
L0645,no,solid_phase,device-eligible,GEOMETRY_FUNCTIONS::GET_WALL_NODE_WEIGHTS,func.f90,5980,5990,2,other,"NL,I",do,,,6,0,leaf,,0,0,0,0,0,0,,,exit_out_of_nest:1; reduction_accum:1; write_derived_index:2,,0.2,WALL,0.000
L0646,no,solid_phase,device-eligible,GEOMETRY_FUNCTIONS::INTERPOLATE_WALL_ARRAY,func.f90,6061,6065,2,other,"I,J",do,,,1,0,leaf,,0,0,0,0,0,0,,,write_missing_inner_index:1,,0.0,WALL,0.000
L0647,no,particles,device-eligible,GEOMETRY_FUNCTIONS::RANDOM_CONE,func.f90,6119,6137,1,other,,forever,,,15,0,leaf,,0,0,0,0,0,0,MESH_TYPE,RANDOM_NUMBER:3,alloc_ptr_local:6; exit_out_of_nest:1,,0.1,PART,0.000
L0648,no,particles,device-eligible,GEOMETRY_FUNCTIONS::RANDOM_RING,func.f90,6159,6165,1,other,,forever,,,5,0,leaf,,0,0,0,0,0,0,MESH_TYPE,RANDOM_NUMBER:1,alloc_ptr_local:4; exit_out_of_nest:1,,0.1,PART,0.000
L0649,no,particles,device-eligible,GEOMETRY_FUNCTIONS::RING_MESH_INTERSECTION_ARC,func.f90,6508,6514,1,other,IR,do,,,4,0,leaf,,0,0,0,0,0,0,MESH_TYPE,,alloc_ptr_local:4,,0.0,PART,0.000
L0650,no,other/shared,device-eligible,MATH_FUNCTIONS::GAUSSJ,func.f90,951,1000,3,other,"I,J,K,L,L,LL",do,,,31,0,leaf,,0,0,0,0,0,0,,,return:2; save_var:31; write_derived_index:11,,2.8,MAIN,0.000
L0651,no,other/shared,device-eligible,MATH_FUNCTIONS::GAUSSJ,func.f90,1001,1009,2,other,"L,K",do,,,4,0,leaf,,0,0,0,0,0,0,,,write_indirect:2,,0.1,MAIN,0.000
L0652,yes,predictor/corrector,device-eligible,MATH_FUNCTIONS::GET_SCALAR_FACE_VALUE,func.f90,1348,1354,3,cell,"K,J,I",do,!$OMP DO SCHEDULE(STATIC),1344,1,0,leaf,,0,0,0,0,0,0,,,alloc_ptr_dummy:3,,1.0,VELO,0.005
L0653,yes,predictor/corrector,device-eligible,MATH_FUNCTIONS::GET_SCALAR_FACE_VALUE,func.f90,1358,1368,3,cell,"K,J,I",do,!$OMP DO SCHEDULE(STATIC),1344,3,0,leaf,,0,0,0,0,0,0,,,alloc_ptr_dummy:5,,3.0,VELO,0.016
L0654,yes,predictor/corrector,device-eligible,MATH_FUNCTIONS::GET_SCALAR_FACE_VALUE,func.f90,1372,1389,3,cell,"K,J,I",do,"!$OMP DO SCHEDULE(STATIC) PRIVATE(DU_UP,DU_LOC,B,R)",1344,10,0,leaf,,0,0,0,0,0,0,,,alloc_ptr_dummy:11,,10.0,VELO,0.053
L0655,yes,predictor/corrector,device-eligible,MATH_FUNCTIONS::GET_SCALAR_FACE_VALUE,func.f90,1393,1410,3,cell,"K,J,I",do,"!$OMP DO SCHEDULE(STATIC) PRIVATE(DU_UP,DU_LOC,B,R)",1344,10,0,leaf,,0,0,0,0,0,0,,,alloc_ptr_dummy:11,,10.0,VELO,0.053
L0656,yes,predictor/corrector,device-eligible,MATH_FUNCTIONS::GET_SCALAR_FACE_VALUE,func.f90,1414,1435,3,cell,"K,J,I",do,"!$OMP DO SCHEDULE(STATIC) PRIVATE(DU_UP,DU_LOC,B,R)",1344,14,0,leaf,,0,0,0,0,0,0,,,alloc_ptr_dummy:11,,14.0,VELO,0.074
L0657,yes,predictor/corrector,device-eligible,MATH_FUNCTIONS::GET_SCALAR_FACE_VALUE,func.f90,1439,1453,3,cell,"K,J,I",do,,1344,5,2,tree,MP5,3,2,36,3,0,0,,,alloc_ptr_dummy:15,,14.0,VELO,0.074
L0658,no,radiation,device-eligible,MATH_FUNCTIONS::INTERPOLATE1D,func.f90,1087,1095,1,other,I,do,,,6,0,leaf,,0,0,0,0,0,0,,,exit_out_of_nest:2,,0.1,RADI,0.000
L0659,no,particles,device-eligible,MATH_FUNCTIONS::RANDOM_CHOICE,func.f90,1206,1212,1,other,IT,do,,,4,0,leaf,,0,0,0,0,0,0,,,exit_out_of_nest:1,,0.0,PART,0.000
L0660,no,other/shared,device-eligible,MEMORY_FUNCTIONS::ALLOCATE_STORAGE::ALLOCATE_BOUNDARY_COORD_ARRAYS,func.f90,4114,4117,1,other,I,do,,,2,0,leaf,,0,0,0,0,0,0,MESH_TYPE,,dt_alloc_component:1; exit_out_of_nest:1; reduction_accum:1,,0.0,MAIN,0.000
L0661,no,other/shared,device-eligible,MEMORY_FUNCTIONS::ALLOCATE_STORAGE::ALLOCATE_BOUNDARY_ONE_D_ARRAYS,func.f90,4143,4146,1,other,I,do,,,2,0,leaf,,0,0,0,0,0,0,MESH_TYPE,,dt_alloc_component:1; exit_out_of_nest:1; reduction_accum:1,,0.0,MAIN,0.000
L0662,no,other/shared,device-eligible,MEMORY_FUNCTIONS::ALLOCATE_STORAGE::ALLOCATE_BOUNDARY_PROP1_ARRAYS,func.f90,4228,4231,1,other,I,do,,,2,0,leaf,,0,0,0,0,0,0,MESH_TYPE,,dt_alloc_component:1; exit_out_of_nest:1; reduction_accum:1,,0.0,MAIN,0.000
L0663,no,other/shared,device-eligible,MEMORY_FUNCTIONS::ALLOCATE_STORAGE::ALLOCATE_BOUNDARY_PROP2_ARRAYS,func.f90,4291,4294,1,other,I,do,,,2,0,leaf,,0,0,0,0,0,0,MESH_TYPE,,dt_alloc_component:1; exit_out_of_nest:1; reduction_accum:1,,0.0,MAIN,0.000
L0664,no,other/shared,device-eligible,MEMORY_FUNCTIONS::ALLOCATE_STORAGE::ALLOCATE_BOUNDARY_RADIA_ARRAYS,func.f90,4351,4354,1,other,I,do,,,2,0,leaf,,0,0,0,0,0,0,MESH_TYPE,,dt_alloc_component:1; exit_out_of_nest:1; reduction_accum:1,,0.0,MAIN,0.000
L0665,no,other/shared,device-eligible,MEMORY_FUNCTIONS::ALLOCATE_STORAGE::ALLOCATE_BOUNDARY_RADIA_ARRAYS,func.f90,4374,4377,1,other,NN,do,,,2,0,leaf,,0,0,0,0,2,0,BOUNDARY_RADIA_TYPE,,alloc:1; alloc_ptr_local:3; dt_alloc_component:6,,0.0,MAIN,0.000
L0666,no,other/shared,device-eligible,MEMORY_FUNCTIONS::ALLOCATE_STORAGE::ALLOCATE_BOUNDARY_THR_D_ARRAYS,func.f90,4196,4199,1,other,I,do,,,2,0,leaf,,0,0,0,0,0,0,MESH_TYPE,,dt_alloc_component:1; exit_out_of_nest:1; reduction_accum:1,,0.0,MAIN,0.000
L0667,no,other/shared,device-eligible,MEMORY_FUNCTIONS::EXCHANGE_GEOMETRY_INFO,func.f90,5352,5359,1,other,N,do,,,6,1,tree,REALLOCATE_CELL,8,3,153,8,4,0,MESH_TYPE,,alloc:1; alloc_ptr_local:9; dt_alloc_component:4; pointer_reassign:1,alloc:1; alloc_ptr_local:2; dt_alloc_component:2; pointer_reassign:2,0.4,MAIN,0.000
L0668,yes,output,host,MEMORY_FUNCTIONS::GET_LAGRANGIAN_PARTICLE_INDEX,func.f90,5309,5314,1,particle,IP,do,,,3,0,leaf,,0,0,0,0,1,0,MESH_TYPE,,dt_alloc_component:1; exit_out_of_nest:1,,0.2,DUMP,0.000
L0669,no,other/shared,device-eligible,MEMORY_FUNCTIONS::INITIALIZE_BOUNDARY_ONE_D,func.f90,4846,4848,1,other,I,do,,,1,0,leaf,,0,0,0,0,0,0,BOUNDARY_ONE_D_TYPE,,alloc_ptr_local:5; dt_alloc_component:3,,0.0,MAIN,0.000
L0670,no,other/shared,device-eligible,MEMORY_FUNCTIONS::INITIALIZE_BOUNDARY_ONE_D,func.f90,4851,4854,1,other,NN,do,,,2,0,leaf,,0,0,0,0,0,0,"BOUNDARY_ONE_D_TYPE,SURFACE_TYPE",,alloc_ptr_local:7; dt_alloc_component:4; reduction_accum:1,,0.0,MAIN,0.000
L0671,no,other/shared,device-eligible,MEMORY_FUNCTIONS::INITIALIZE_BOUNDARY_ONE_D,func.f90,4858,4864,1,other,I,do,,,3,0,leaf,,0,0,0,0,1,0,"BOUNDARY_ONE_D_TYPE,RAMPS_TYPE,SURFACE_TYPE",,alloc_ptr_local:9; dt_alloc_component:5,,0.0,MAIN,0.000
L0672,no,other/shared,device-eligible,MEMORY_FUNCTIONS::INITIALIZE_BOUNDARY_ONE_D,func.f90,4895,4898,1,other,NN,do,,,2,0,leaf,,0,0,0,0,2,0,"BOUNDARY_ONE_D_TYPE,MATERIAL_TYPE,SURFACE_TYPE",,alloc_ptr_local:7; dt_alloc_component:4; write_derived_index:1,,0.0,MAIN,0.000
L0673,no,other/shared,device-eligible,MEMORY_FUNCTIONS::PACK_BOUNDARY_ONE_D,func.f90,4734,4739,1,other,NL,do,,,8,4,tree,EQUATE,6,1,56,6,0,0,"BOUNDARY_ONE_D_TYPE,STORAGE_TYPE",,alloc_ptr_dummy:4; alloc_ptr_local:5; dt_alloc_component:8; reduction_accum:4,,0.2,MAIN,0.000
L0674,no,other/shared,device-eligible,MEMORY_FUNCTIONS::PACK_BOUNDARY_ONE_D,func.f90,4741,4743,1,other,NN,do,,,2,1,tree,EQUATE,6,1,56,6,0,0,"BOUNDARY_ONE_D_TYPE,STORAGE_TYPE",,alloc_ptr_dummy:1; alloc_ptr_local:2; dt_alloc_component:2; reduction_accum:1,,0.2,MAIN,0.000
L0675,no,other/shared,device-eligible,MEMORY_FUNCTIONS::PACK_BOUNDARY_ONE_D,func.f90,4771,4776,1,other,NN,do,,,6,2,tree,EQUATE,6,1,56,6,0,0,"BOUNDARY_ONE_D_TYPE,STORAGE_TYPE",,alloc_ptr_dummy:2; alloc_ptr_local:5; dt_alloc_component:6,,0.2,MAIN,0.000
L0676,no,other/shared,device-eligible,MEMORY_FUNCTIONS::PACK_BOUNDARY_RADIA,func.f90,5143,5146,1,other,NN,do,,,3,1,tree,EQUATE,6,1,56,6,2,0,"BOUNDARY_RADIA_TYPE,STORAGE_TYPE",,alloc_ptr_dummy:1; alloc_ptr_local:1; dt_alloc_component:3,,0.2,MAIN,0.000
L0677,yes,other/shared,device-eligible,MEMORY_FUNCTIONS::PACK_CELL,func.f90,5183,5201,2,cfaces,"ICC,N",do,,,24,12,tree,EQUATE,6,1,56,6,1,0,MESH_TYPE,,alloc_ptr_local:24; dt_alloc_component:24; reduction_accum:12,,5.7,MAIN,0.016
L0678,no,other/shared,device-eligible,MEMORY_FUNCTIONS::REALLOCATE_BOUNDARY_ONE_D,func.f90,4816,4821,1,other,NN,do,,,4,0,leaf,,0,0,0,0,0,0,BOUNDARY_ONE_D_TYPE,,alloc:4; alloc_ptr_dummy:9; dt_alloc_component:12,,0.0,MAIN,0.000
L0679,no,species_combustion,device-eligible,PHYSICAL_FUNCTIONS::CALC_EQUIV_RATIO,func.f90,2059,2062,1,other,NS,do,,,2,0,leaf,,0,0,0,0,2,0,SPECIES_MIXTURE_TYPE,,reduction_accum:2,,0.0,FIRE,0.000
L0680,yes,predictor/corrector,device-eligible,PHYSICAL_FUNCTIONS::COMPUTE_WIND_COMPONENTS,func.f90,2845,2847,1,cell,K,do,,,1,1,tree,GET_WIND_AT_HEIGHT,2,2,83,2,0,0,MESH_TYPE,,alloc_ptr_local:5; dt_alloc_component:4,dt_alloc_component:1,0.2,VELO,0.001
L0681,no,output,host,PHYSICAL_FUNCTIONS::FED,func.f90,2415,2420,1,other,N,do,,,3,1,tree,GET_MASS_FRACTION,1,1,10,1,2,0,SPECIES_TYPE,,reduction_accum:1,,0.1,DUMP,0.000
L0682,no,output,host,PHYSICAL_FUNCTIONS::FIC,func.f90,2455,2460,1,other,N,do,,,3,1,tree,GET_MASS_FRACTION,1,1,10,1,2,0,SPECIES_TYPE,,,,0.1,DUMP,0.000
L0683,no,other/shared,device-eligible,PHYSICAL_FUNCTIONS::GET_EMISSIVITY,func.f90,1991,1996,1,other,N,do,,,4,0,leaf,,0,0,0,0,1,0,"BOUNDARY_ONE_D_TYPE,MATERIAL_TYPE",,alloc_ptr_dummy:5; alloc_ptr_local:4; dt_alloc_component:7; pointer_reassign:1; reduction_accum:2,,0.0,MAIN,0.000
L0684,no,particles,device-eligible,PHYSICAL_FUNCTIONS::GET_FILM_PROPERTIES,func.f90,2889,2892,1,other,I,do,,,2,0,leaf,,0,0,0,0,0,0,,,write_indirect:1,,0.0,PART,0.000
L0685,no,particles,device-eligible,PHYSICAL_FUNCTIONS::GET_FILM_PROPERTIES,func.f90,2897,2899,1,other,I,do,,,1,0,leaf,,0,0,0,0,0,0,,,write_indirect:1,,0.0,PART,0.000
L0686,no,particles,device-eligible,PHYSICAL_FUNCTIONS::GET_FILM_PROPERTIES,func.f90,2903,2907,1,other,I,do,,,2,0,leaf,,0,0,0,0,0,0,,,write_indirect:1,,0.0,PART,0.000
L0687,no,particles,device-eligible,PHYSICAL_FUNCTIONS::GET_FILM_PROPERTIES,func.f90,2921,2925,1,other,I,do,,,3,0,leaf,,0,0,0,0,3,0,SPECIES_MIXTURE_TYPE,,reduction_accum:1,,0.0,PART,0.000
L0688,no,species_combustion,device-eligible,PHYSICAL_FUNCTIONS::GET_MASS_FRACTION_ALL,func.f90,1601,1603,1,other,I,do,,,1,0,leaf,,0,0,0,0,3,0,,,reduction_intrinsic:1,,0.0,FIRE,0.000
L0689,no,particles,device-eligible,PHYSICAL_FUNCTIONS::GET_MW_RATIO,func.f90,1626,1629,1,other,NS,do,,,2,0,leaf,,0,0,0,0,2,0,SPECIES_TYPE,,reduction_accum:1,,0.0,PART,0.000
L0690,no,particles,device-eligible,PHYSICAL_FUNCTIONS::GET_MW_RATIO,func.f90,1641,1644,1,other,NS,do,,,2,0,leaf,,0,0,0,0,2,0,SPECIES_MIXTURE_TYPE,,reduction_accum:1,,0.0,PART,0.000
L0691,no,particles,device-eligible,PHYSICAL_FUNCTIONS::GET_PARTICLE_ENTHALPY,func.f90,1896,1909,2,other,"I,N",do,,,8,0,leaf,,0,0,0,0,1,0,"MATERIAL_TYPE,SURFACE_TYPE",,alloc_ptr_local:23; dt_alloc_component:12; pointer_reassign:1; reduction_accum:2; reduction_intrinsic:1,,0.2,PART,0.000
L0692,no,particles,device-eligible,PHYSICAL_FUNCTIONS::GET_TEMPERATURE,func.f90,2012,2032,1,other,,forever,,,16,4,tree,"GET_AVERAGE_SPECIFIC_HEAT,GET_ENTHALPY",2,1,30,2,0,0,,,exit_out_of_nest:3; reduction_accum:1,,0.2,PART,0.000
L0693,no,solid_phase,device-eligible,PHYSICAL_FUNCTIONS::GET_Y_SURF,func.f90,2959,2962,1,other,I,do,,,2,0,leaf,,0,0,0,0,0,0,,,write_indirect:1,,0.0,WALL,0.000
L0694,no,solid_phase,device-eligible,PHYSICAL_FUNCTIONS::GET_Y_SURF,func.f90,2967,2969,1,other,I,do,,,1,0,leaf,,0,0,0,0,2,0,SPECIES_MIXTURE_TYPE,,reduction_accum:1,,0.0,WALL,0.000
L0695,no,solid_phase,device-eligible,PHYSICAL_FUNCTIONS::GET_Y_SURF,func.f90,2975,2978,1,other,I,do,,,2,0,leaf,,0,0,0,0,0,0,,,reduction_accum:1,,0.0,WALL,0.000
L0696,no,solid_phase,device-eligible,PHYSICAL_FUNCTIONS::HEAT_TRANSFER_COEFFICIENT,func.f90,3291,3294,1,other,I,do,,,2,0,leaf,,0,0,0,0,2,0,BOUNDARY_PROP1_TYPE,,alloc_ptr_local:2; dt_alloc_component:2; reduction_accum:1,,0.0,WALL,0.000
L0697,no,solid_phase,device-eligible,PHYSICAL_FUNCTIONS::RAYLEIGH_HEAT_FLUX_MODEL,func.f90,3465,3515,1,other,ITER,do,,,21,0,leaf,,0,0,0,0,0,0,,,exit_out_of_nest:1; reduction_intrinsic:1,,0.2,WALL,0.000
L0698,no,solid_phase,device-eligible,PHYSICAL_FUNCTIONS::SURFACE_DENSITY,func.f90,2171,2200,2,other,"II2,N",do,,,15,0,leaf,,0,0,0,0,2,0,"BOUNDARY_ONE_D_TYPE,MATERIAL_TYPE,SURFACE_TYPE",,alloc_ptr_dummy:18; alloc_ptr_local:8; dt_alloc_component:15; pointer_reassign:2; reduction_accum:1,,0.5,WALL,0.000
L0699,no,predictor/corrector,device-eligible,TRAN::G,func.f90,6665,6667,1,other,I,do,,,1,0,leaf,,0,0,0,0,0,0,TRAN_TYPE,,alloc_ptr_local:1; dt_alloc_component:1,,0.0,VELO,0.000
L0700,no,predictor/corrector,device-eligible,TRAN::G,func.f90,6669,6672,1,other,I,do,,,2,0,leaf,,0,0,0,0,0,0,TRAN_TYPE,,alloc_ptr_local:1; dt_alloc_component:1; exit_out_of_nest:1,,0.0,VELO,0.000
L0701,no,predictor/corrector,device-eligible,TRAN::GINV,func.f90,6737,6741,1,other,IT,do,,,3,2,tree,"G,GP",2,1,61,2,0,0,,,exit_out_of_nest:1,alloc_ptr_local:2; dt_alloc_component:2; pointer_reassign:2,0.2,VELO,0.000
L0702,no,predictor/corrector,device-eligible,TRAN::GINV,func.f90,6743,6746,1,other,I,do,,,2,0,leaf,,0,0,0,0,0,0,TRAN_TYPE,,alloc_ptr_local:1; dt_alloc_component:1; exit_out_of_nest:1,,0.0,VELO,0.000
L0703,no,predictor/corrector,device-eligible,TRAN::GP,func.f90,6701,6703,1,other,I,do,,,1,0,leaf,,0,0,0,0,0,0,TRAN_TYPE,,alloc_ptr_local:1; dt_alloc_component:1,,0.0,VELO,0.000
L0704,no,predictor/corrector,device-eligible,TRAN::GP,func.f90,6705,6708,1,other,I,do,,,2,0,leaf,,0,0,0,0,0,0,TRAN_TYPE,,alloc_ptr_local:1; dt_alloc_component:1; exit_out_of_nest:1,,0.0,VELO,0.000
L0705,no,output,host,COMPLEX_GEOMETRY::AVERAGE_FACE_VALUES,geom.f90,5171,5180,1,other,I,do,,,8,0,leaf,,0,0,0,0,0,0,,,alloc_ptr_local:15; pointer_reassign:1; write_indirect:6,,0.1,DUMP,0.000
L0706,no,output,host,COMPLEX_GEOMETRY::AVERAGE_FACE_VALUES,geom.f90,5181,5183,1,other,I,do,,,1,0,leaf,,0,0,0,0,0,0,,,,,0.0,DUMP,0.000
L0707,no,output,host,COMPLEX_GEOMETRY::AVERAGE_FACE_VALUES,geom.f90,5184,5186,1,other,I,do,,,1,0,leaf,,0,0,0,0,0,0,,,,,0.0,DUMP,0.000
L0708,no,output,host,COMPLEX_GEOMETRY::GEOM2TEXTURE,geom.f90,3855,3871,3,other,"I,J,K",do,,,10,0,leaf,,0,0,0,0,3,0,"GEOMETRY_TYPE,SURFACE_TYPE",,alloc_ptr_local:17; dt_alloc_component:4; pointer_reassign:5,,0.9,DUMP,0.000
L0709,no,output,host,COMPLEX_GEOMETRY::GEOMCLIPS,geom.f90,3748,3751,1,other,I,do,,,2,1,tree,GEOMCLIP,2,2,71,2,2,0,GEOMETRY_TYPE,,alloc_ptr_local:5; dt_alloc_component:2; pointer_reassign:1,alloc_ptr_local:1; pointer_reassign:1,0.2,DUMP,0.000
L0710,no,output,host,COMPLEX_GEOMETRY::MAKE_PERMUTATION_ARRAY,geom.f90,5287,5312,1,other,I,do,,,18,1,tree,COMPARE_VERTS,1,1,34,1,0,0,,,reduction_accum:4,save_var:1,0.3,DUMP,0.000
L0711,no,output,host,COMPLEX_GEOMETRY::MAKE_PERMUTATION_ARRAY,geom.f90,5313,5315,1,other,I,do,,,1,0,leaf,,0,0,0,0,0,0,,,write_derived_index:1,,0.0,DUMP,0.000
L0712,no,output,host,COMPLEX_GEOMETRY::MAKE_UNIQUE_VERT_ARRAY,geom.f90,5203,5206,1,other,I,do,,,2,0,leaf,,0,0,0,0,0,0,,,,,0.0,DUMP,0.000
L0713,no,output,host,COMPLEX_GEOMETRY::MAKE_UNIQUE_VERT_ARRAY,geom.f90,5209,5212,1,other,I,do,,,2,1,tree,COMPARE_VERTS,1,1,34,1,0,0,,,write_indirect:1,save_var:1,0.1,DUMP,0.000
L0714,no,output,host,COMPLEX_GEOMETRY::MERGE_GEOMS,geom.f90,3897,3927,1,other,I,do,,,21,0,leaf,,0,0,0,0,2,0,GEOMETRY_TYPE,,alloc_ptr_local:33; dt_alloc_component:6; pointer_reassign:1; reduction_accum:8; write_derived_index:7,,0.2,DUMP,0.000
L0715,no,output,host,COMPLEX_GEOMETRY::OUTGEOM,geom.f90,4051,4053,1,other,I,do,,,1,0,leaf,,0,0,0,0,0,0,TRANSFORM_TYPE,,alloc_ptr_dummy:1; alloc_ptr_local:2,,0.0,DUMP,0.000
L0716,no,particles,device-eligible,COMPLEX_GEOMETRY::POINT_IN_POLYGON,geom.f90,318,335,1,other,IP,do,,,16,0,leaf,,0,0,0,0,0,0,,,reduction_accum:6,,0.2,PART,0.000
L0717,no,output,host,COMPLEX_GEOMETRY::POINT_IN_TRIANGLE,geom.f90,4387,4404,1,other,I,do,,,11,1,tree,CROSS_PRODUCT,1,1,10,1,0,0,,,reduction_intrinsic:1; return:1,,0.1,DUMP,0.000
L0718,no,output,host,COMPLEX_GEOMETRY::PROCESS_GEOM,geom.f90,3777,3784,1,other,I,do,,,5,0,leaf,,0,0,0,0,2,0,GEOMETRY_TYPE,,alloc_ptr_local:9; pointer_reassign:1,,0.1,DUMP,0.000
L0719,yes,output,host,COMPLEX_GEOMETRY::PROCESS_GEOM,geom.f90,3786,3822,2,cfaces,"I,IMOVE,IVERT,IFACE,IVERT",do,,,21,1,tree,TRANSFORM_COORDINATES,1,1,52,1,5,0,"GEOMETRY_TYPE,MOVEMENT_TYPE",,alloc_ptr_local:19; dt_alloc_component:8; io:1; pointer_reassign:2; return:1; shutdown_call:1; string_op:2,alloc_ptr_local:1; pointer_reassign:1,5.1,DUMP,0.000
L0720,no,output,host,COMPLEX_GEOMETRY::PROCESS_GEOM,geom.f90,3834,3841,1,other,I,do,,,6,0,leaf,,0,0,0,0,2,0,GEOMETRY_TYPE,,alloc_ptr_local:6; pointer_reassign:1; reduction_accum:3,,0.1,DUMP,0.000
L0721,no,output,host,COMPLEX_GEOMETRY::TRIANGULATE,geom.f90,4441,4445,1,other,I,do,,,3,0,leaf,,0,0,0,0,0,0,,,alloc_ptr_local:8; pointer_reassign:2,,0.0,DUMP,0.000
L0722,no,output,host,COMPLEX_GEOMETRY::TRIANGULATE,geom.f90,4449,4453,1,other,I,do,,,3,0,leaf,,0,0,0,0,0,0,,,reduction_accum:1; write_derived_index:1,,0.0,DUMP,0.000
L0723,no,output,host,COMPLEX_GEOMETRY::TRIANGULATE,geom.f90,4458,4463,1,other,I,do,,,4,1,tree,DIFF_ANGLE,1,1,69,1,0,0,,,write_derived_index:1,alloc_ptr_local:1; pointer_reassign:1; save_var:1,0.2,DUMP,0.000
L0724,no,output,host,COMPLEX_GEOMETRY::TRIANGULATE,geom.f90,4477,4481,1,other,I,do,,,3,0,leaf,,0,0,0,0,0,0,,,reduction_accum:1; write_derived_index:1,,0.0,DUMP,0.000
L0725,no,output,host,COMPLEX_GEOMETRY::TRIANGULATE,geom.f90,4485,4487,1,other,I,do,,,1,0,leaf,,0,0,0,0,0,0,,,,,0.0,DUMP,0.000
L0726,no,output,host,COMPLEX_GEOMETRY::TRIANGULATE,geom.f90,4494,4502,1,other,I,do,,,7,0,leaf,,0,0,0,0,0,0,,,reduction_accum:1; write_derived_index:3,,0.1,DUMP,0.000
L0727,yes,output,host,COMPLEX_GEOMETRY::TRIANGULATE,geom.f90,4505,4518,3,cfaces,"IFACE,IEDGE,I",do,,,6,0,leaf,,0,0,0,0,0,0,,,,,2.7,DUMP,0.000
L0728,no,output,host,COMPLEX_GEOMETRY::TRIANGULATE,geom.f90,4525,4534,1,other,I,do,,,7,1,tree,DIFF_ANGLE,1,1,69,1,0,0,,,reduction_accum:1,alloc_ptr_local:1; pointer_reassign:1; save_var:1,0.2,DUMP,0.000
L0729,no,output,host,COMPLEX_GEOMETRY::TRIANGULATE,geom.f90,4539,4547,1,other,I,do,,,7,0,leaf,,0,0,0,0,0,0,,,reduction_accum:1; write_derived_index:3,,0.1,DUMP,0.000
L0730,yes,output,host,COMPLEX_GEOMETRY::TRIANGULATE,geom.f90,4550,4563,3,cfaces,"IFACE,IEDGE,I",do,,,6,0,leaf,,0,0,0,0,0,0,,,,,2.7,DUMP,0.000
L0731,no,output,host,COMPLEX_GEOMETRY::TRIANGULATE,geom.f90,4571,4666,2,other,",IVERT,,I,I,I",do/while,,,75,1,tree,VALID_TRIANGLE,4,4,120,4,0,0,,,alloc_ptr_local:7; exit_out_of_nest:3; pointer_reassign:3; reduction_accum:3; while_loop:1; write_derived_index:14,alloc_ptr_local:1; pointer_reassign:1,3.1,DUMP,0.000
L0732,yes,output,host,COMPLEX_GEOMETRY::TRIANGULATE,geom.f90,4670,4683,3,cfaces,"IFACE,IEDGE,I",do,,,6,0,leaf,,0,0,0,0,0,0,,,,,2.7,DUMP,0.000
L0733,no,output,host,COMPLEX_GEOMETRY::VALID_TRIANGLE,geom.f90,4261,4273,1,other,I,do,,,10,1,tree,POINT_IN_TRIANGLE_FB,3,3,61,3,0,0,,,alloc_ptr_local:23; pointer_reassign:1; return:1,,0.3,DUMP,0.000
L0734,no,particles,device-eligible,COMPLEX_GEOMETRY_GRID::RANDOM_CFACE_XYZ,geom.f90,27645,27668,1,other,ITRI,do,,,9,0,leaf,,0,0,0,0,1,0,"BOUNDARY_COORD_TYPE,CFACE_TYPE,MESH_TYPE",,alloc_ptr_local:6; dt_alloc_component:16; exit_out_of_nest:1; reduction_accum:1,,0.1,PART,0.000
L0735,no,output,host,BOXTETRA_ROUTINES::DECIMATE,gsmv.f90,477,589,2,other,",I,I,I,IFROM,IFROM",do/while,,,68,8,tree,"AVERAGE_VERTS2,AVERAGE_VERTS3,DISTANCE3,GET_VERTTYPE",4,1,184,4,0,0,,,alloc_ptr_local:95; pointer_reassign:9; reduction_accum:1; write_derived_index:1; write_indirect:14,alloc:1; alloc_ptr_local:1; pointer_reassign:1,3.4,DUMP,0.000
L0736,no,output,host,BOXTETRA_ROUTINES::GEOMCLIP,gsmv.f90,611,622,1,other,I,do,,,9,3,tree,IN_BOX3,1,1,11,1,1,0,,,alloc_ptr_local:16; pointer_reassign:4; write_indirect:3,,0.1,DUMP,0.000
L0737,no,output,host,BOXTETRA_ROUTINES::GEOMCLIP,gsmv.f90,627,635,1,other,I,do,,,5,0,leaf,,0,0,0,0,1,0,,,reduction_accum:1; write_derived_index:1,,0.1,DUMP,0.000
L0738,no,output,host,BOXTETRA_ROUTINES::GEOMCLIP,gsmv.f90,640,649,1,other,I,do,,,7,0,leaf,,0,0,0,0,1,0,,,alloc_ptr_local:8; pointer_reassign:1; reduction_accum:1; write_derived_index:1,,0.1,DUMP,0.000
L0739,no,output,host,BOXTETRA_ROUTINES::GET_VERTTYPE,gsmv.f90,266,272,2,other,"I,J",do,,,3,0,leaf,,0,0,0,0,0,0,,,alloc_ptr_local:2; pointer_reassign:1; write_derived_index:1,,0.1,DUMP,0.000
L0740,no,output,host,BOXTETRA_ROUTINES::GET_VERTTYPE,gsmv.f90,275,277,1,other,I,do,,,1,0,leaf,,0,0,0,0,0,0,,,reduction_accum:1,,0.0,DUMP,0.000
L0741,no,output,host,BOXTETRA_ROUTINES::GET_VERTTYPE,gsmv.f90,285,295,2,other,"I,J",do,,,6,0,leaf,,0,0,0,0,0,0,,,alloc_ptr_local:6; pointer_reassign:1; write_derived_index:2,,0.2,DUMP,0.000
L0742,no,output,host,BOXTETRA_ROUTINES::GET_VERTTYPE,gsmv.f90,300,315,3,other,"I,J,K,J",do,,,7,0,leaf,,0,0,0,0,0,0,,,alloc_ptr_local:2; write_derived_index:2; write_missing_inner_index:1,,0.6,DUMP,0.000
L0743,no,other/shared,device-eligible,HVAC_ROUTINES::ADJUST_LEAKAGE_AREA,hvac.f90,3592,3607,1,other,ND,do,,,12,0,leaf,,0,0,0,0,4,0,"DUCTNODE_TYPE,DUCT_TYPE,P_ZONE_TYPE",,alloc_ptr_local:18; dt_alloc_component:3; pointer_reassign:1,,0.1,HVAC,0.000
L0744,no,other/shared,device-eligible,HVAC_ROUTINES::CALC_COIL_Q,hvac.f90,3558,3575,1,other,,while,,,13,4,tree,"GET_AVERAGE_SPECIFIC_HEAT,GET_ENTHALPY",2,1,30,2,0,0,,,exit_out_of_nest:2; reduction_accum:1,,0.2,HVAC,0.000
L0745,no,other/shared,device-eligible,HVAC_ROUTINES::COIL_UPDATE,hvac.f90,3490,3510,1,other,ND,do,,,12,1,tree,CALC_COIL_Q,5,2,152,5,4,0,"CONTROL_TYPE,DEVICE_TYPE,DUCT_TYPE",,alloc_ptr_local:28; dt_alloc_component:1; pointer_reassign:1,alloc_ptr_local:1; dt_alloc_component:1; pointer_reassign:1,0.5,HVAC,0.000
L0746,no,other/shared,device-eligible,HVAC_ROUTINES::COIL_UPDATE_QFAN,hvac.f90,4659,4683,1,other,ND,do,,,13,1,tree,CALC_COIL_Q,5,2,152,5,4,0,"CONTROL_TYPE,DEVICE_TYPE,DUCTRUN_TYPE,DUCT_TYPE",,alloc_ptr_local:25; dt_alloc_component:6; pointer_reassign:1,alloc_ptr_local:1; dt_alloc_component:1; pointer_reassign:1,0.5,HVAC,0.000
L0747,no,other/shared,device-eligible,HVAC_ROUTINES::COLLAPSE_HVAC_BC,hvac.f90,3116,3176,2,other,"NN,NS",do,,,39,6,tree,"EVALUATE_RAMP,GET_ENTHALPY,GET_SPECIFIC_GAS_CONSTANT,GET_TEMPERATURE",5,2,125,5,25,0,"DUCTNODE_TYPE,DUCT_TYPE",,alloc_ptr_local:44; dt_alloc_component:6; pointer_reassign:1; write_derived_index:3,dt_alloc_component:1,2.1,HVAC,0.000
L0748,no,other/shared,device-eligible,HVAC_ROUTINES::COLLAPSE_HVAC_BC,hvac.f90,3178,3208,1,other,NN,do,,,23,3,tree,"EVALUATE_RAMP,GET_ENTHALPY",2,1,75,2,12,0,"DUCTNODE_TYPE,DUCT_TYPE",,alloc_ptr_local:38; dt_alloc_component:5; pointer_reassign:3,dt_alloc_component:1,0.4,HVAC,0.000
L0749,no,other/shared,device-eligible,HVAC_ROUTINES::COLLAPSE_HVAC_BC,hvac.f90,3210,3217,1,other,ND,do,,,6,2,tree,EVALUATE_RAMP,1,1,56,1,4,0,"DUCTNODE_TYPE,DUCT_TYPE",,alloc_ptr_local:8; pointer_reassign:2,dt_alloc_component:1,0.2,HVAC,0.000
L0750,no,other/shared,device-eligible,HVAC_ROUTINES::CONVERGENCE_CHECK,hvac.f90,3049,3066,1,other,ND,do,,,11,0,leaf,,0,0,0,0,1,0,"DUCT_TYPE,NETWORK_TYPE",,alloc_ptr_local:11; dt_alloc_component:1; exit_out_of_nest:1; pointer_reassign:1,,0.1,HVAC,0.000
L0751,no,other/shared,device-eligible,HVAC_ROUTINES::CONVERGENCE_CHECK,hvac.f90,3071,3091,2,other,"NN,ND",do,,,16,0,leaf,,0,0,0,0,2,0,"DUCTNODE_TYPE,DUCT_TYPE,NETWORK_TYPE",,alloc_ptr_local:18; dt_alloc_component:4; pointer_reassign:2; reduction_intrinsic:1,,0.5,HVAC,0.000
L0752,no,other/shared,device-eligible,HVAC_ROUTINES::CONVERGENCE_CHECK_QFAN,hvac.f90,4605,4608,1,other,ND,do,,,2,0,leaf,,0,0,0,0,0,0,DUCTRUN_TYPE,,alloc_ptr_local:6; dt_alloc_component:5,,0.0,HVAC,0.000
L0753,no,other/shared,device-eligible,HVAC_ROUTINES::CONVERGENCE_CHECK_QFAN,hvac.f90,4613,4633,2,other,"NN,ND",do,,,15,0,leaf,,0,0,0,0,2,0,"DUCTNODE_TYPE,DUCTRUN_TYPE,DUCT_TYPE",,alloc_ptr_local:20; dt_alloc_component:5; pointer_reassign:2,,0.5,HVAC,0.000
L0754,no,other/shared,device-eligible,HVAC_ROUTINES::DETERMINE_FIXED_ELEMENTS,hvac.f90,2561,2652,1,other,ND,do,,,58,4,tree,EVALUATE_RAMP,1,1,56,1,8,0,"CONTROL_TYPE,DEVICE_TYPE,DUCTNODE_TYPE,DUCT_TYPE,FAN_TYPE",,alloc_ptr_local:103; pointer_reassign:2,dt_alloc_component:1,0.7,HVAC,0.000
L0755,no,other/shared,device-eligible,HVAC_ROUTINES::DETERMINE_FIXED_ELEMENTS,hvac.f90,2654,2676,2,other,"NN,ND",do,,,17,0,leaf,,0,0,0,0,4,0,"DUCTNODE_TYPE,DUCT_TYPE",,alloc_ptr_local:13; dt_alloc_component:1; io:1; pointer_reassign:2; return:1; shutdown_call:1; string_op:2,,0.5,HVAC,0.000
L0756,no,other/shared,device-eligible,HVAC_ROUTINES::DPSTARCALC,hvac.f90,1993,2002,2,other,"IPZ,IOPZ",do,,,6,0,leaf,,0,0,0,0,7,0,P_ZONE_TYPE,,alloc_ptr_local:2; pointer_reassign:1; write_missing_inner_index:1,,0.2,HVAC,0.000
L0757,no,other/shared,device-eligible,HVAC_ROUTINES::DPSTARCALC,hvac.f90,2004,2022,3,other,"IPZ,NN,IOPZ",do,,,12,0,leaf,,0,0,0,0,8,0,"DUCTNODE_TYPE,DUCT_TYPE,P_ZONE_TYPE",,alloc_ptr_local:21; dt_alloc_component:6; pointer_reassign:3; reduction_accum:2; write_missing_inner_index:2,,1.1,HVAC,0.000
L0758,no,other/shared,device-eligible,HVAC_ROUTINES::FIND_DUCTRUNS,hvac.f90,4162,4169,1,other,NN,do,,,4,0,leaf,,0,0,0,0,3,0,"DUCTNODE_TYPE,DUCT_TYPE",,alloc_ptr_local:3; dt_alloc_component:1; pointer_reassign:1,,0.0,HVAC,0.000
L0759,no,other/shared,device-eligible,HVAC_ROUTINES::FIND_DUCTRUNS,hvac.f90,4174,4198,3,other,",NN,ND",do/while,,,16,0,leaf,,0,0,0,0,3,0,"DUCTNODE_TYPE,DUCT_TYPE",,alloc_ptr_local:5; dt_alloc_component:1; pointer_reassign:2; write_derived_index:2,,1.4,HVAC,0.000
L0760,no,other/shared,device-eligible,HVAC_ROUTINES::FIND_DUCTRUNS,hvac.f90,4203,4210,1,other,NN,do,,,4,0,leaf,,0,0,0,0,2,0,,,module_global_write:1; reduction_accum:1; write_indirect:1,,0.0,HVAC,0.000
L0761,no,other/shared,device-eligible,HVAC_ROUTINES::FIND_DUCTRUNS,hvac.f90,4213,4215,1,other,NN,do,,,1,0,leaf,,0,0,0,0,1,0,,,,,0.0,HVAC,0.000
L0762,no,other/shared,device-eligible,HVAC_ROUTINES::FIND_DUCTRUNS,hvac.f90,4217,4220,1,other,ND,do,,,2,0,leaf,,0,0,0,0,2,0,DUCT_TYPE,,write_indirect:1,,0.0,HVAC,0.000
L0763,no,other/shared,device-eligible,HVAC_ROUTINES::FIND_DUCTRUNS,hvac.f90,4226,4229,1,other,ND,do,,,2,0,leaf,,0,0,0,0,1,0,,,write_indirect:1,,0.0,HVAC,0.000
L0764,no,other/shared,device-eligible,HVAC_ROUTINES::FIND_DUCTRUNS,hvac.f90,4231,4234,1,other,NN,do,,,2,0,leaf,,0,0,0,0,1,0,,,write_indirect:1,,0.0,HVAC,0.000
L0765,no,other/shared,device-eligible,HVAC_ROUTINES::FIND_DUCTRUNS,hvac.f90,4245,4248,1,other,NR,do,,,2,0,leaf,,0,0,0,0,2,0,DUCTRUN_TYPE,,alloc:2; dt_alloc_component:2,,0.0,HVAC,0.000
L0766,no,other/shared,device-eligible,HVAC_ROUTINES::FIND_DUCTRUNS,hvac.f90,4251,4267,1,other,ND,do,,,11,0,leaf,,0,0,0,0,5,0,"DUCTRUN_TYPE,DUCT_TYPE,FAN_TYPE",,dt_alloc_component:1; write_derived_index:3; write_indirect:1,,0.1,HVAC,0.000
L0767,no,other/shared,device-eligible,HVAC_ROUTINES::FIND_DUCTRUNS,hvac.f90,4270,4280,1,other,NN,do,,,8,0,leaf,,0,0,0,0,3,0,"DUCTNODE_TYPE,DUCTRUN_TYPE",,dt_alloc_component:1; write_derived_index:2; write_indirect:1,,0.1,HVAC,0.000
L0768,no,other/shared,device-eligible,HVAC_ROUTINES::FIND_DUCTRUNS,hvac.f90,4284,4362,3,other,"NR,ND,NN,ND,ND,NF",do,,,44,0,leaf,,0,0,0,0,8,0,"DUCTNODE_TYPE,DUCTRUN_TYPE,DUCT_TYPE",,alloc:15; dt_alloc_component:50; write_derived_index:2; write_indirect:3,,4.0,HVAC,0.000
L0769,no,other/shared,device-eligible,HVAC_ROUTINES::FIND_DUCTRUNS,hvac.f90,4365,4367,1,other,ND,do,,,1,0,leaf,,0,0,0,0,2,0,DUCT_TYPE,,alloc_ptr_local:1; pointer_reassign:1,,0.0,HVAC,0.000
L0770,no,other/shared,device-eligible,HVAC_ROUTINES::FIND_DUCTRUNS,hvac.f90,4369,4371,1,other,NN,do,,,1,0,leaf,,0,0,0,0,2,0,DUCTNODE_TYPE,,alloc_ptr_local:1; pointer_reassign:1,,0.0,HVAC,0.000
L0771,no,other/shared,device-eligible,HVAC_ROUTINES::FIND_DUCTRUNS,hvac.f90,4373,4383,2,other,"NR,ND",do,,,5,0,leaf,,0,0,0,0,4,0,"DUCTRUN_TYPE,DUCT_TYPE",,dt_alloc_component:2; io:1; return:1; shutdown_call:1; string_op:2,,0.1,HVAC,0.000
L0772,no,other/shared,device-eligible,HVAC_ROUTINES::FIND_NETWORKS,hvac.f90,2706,2711,1,other,ND,do,,,3,0,leaf,,0,0,0,0,3,0,"DUCT_TYPE,NETWORK_TYPE",,dt_alloc_component:1; reduction_accum:1; write_missing_outer_index:1,,0.0,HVAC,0.000
L0773,no,other/shared,device-eligible,HVAC_ROUTINES::FIND_NETWORKS,hvac.f90,2714,2732,2,other,"NN,ND",do,,,11,0,leaf,,0,0,0,0,4,0,"DUCTNODE_TYPE,DUCT_TYPE,NETWORK_TYPE",,alloc_ptr_local:3; dt_alloc_component:2; pointer_reassign:1; reduction_accum:1; write_derived_index:1; write_missing_outer_index:1,,0.3,HVAC,0.000
L0774,no,other/shared,device-eligible,HVAC_ROUTINES::FIND_NETWORKS,hvac.f90,2735,2747,2,other,"NZ,NN",do,,,8,0,leaf,,0,0,0,0,4,0,"DUCTNODE_TYPE,P_ZONE_TYPE",,alloc:1; dt_alloc_component:4; write_derived_index:1,,0.2,HVAC,0.000
L0775,yes,other/shared,device-eligible,HVAC_ROUTINES::HVAC_BC_IN,hvac.f90,2341,2353,1,wall,IW,do,,,10,1,tree,INITIALIZE_HVAC,2,2,185,2,6,5,"BOUNDARY_COORD_TYPE,BOUNDARY_PROP1_TYPE,SURFACE_TYPE,WALL_TYPE",,alloc_ptr_local:13; pointer_reassign:6; return:1,io:1; shutdown_call:1; string_op:1,11.2,HVAC,0.004
L0776,yes,other/shared,device-eligible,HVAC_ROUTINES::HVAC_BC_IN,hvac.f90,2357,2366,1,cfaces,ICF,do,,,7,1,tree,INITIALIZE_HVAC,2,2,185,2,6,5,"BOUNDARY_COORD_TYPE,BOUNDARY_PROP1_TYPE,CFACE_TYPE,SURFACE_TYPE",,alloc_ptr_local:10; pointer_reassign:5,io:1; shutdown_call:1; string_op:1,2.7,HVAC,0.001
L0777,no,other/shared,device-eligible,HVAC_ROUTINES::HVAC_CALC,hvac.f90,1421,1423,1,other,NN,do,,,1,0,leaf,,0,0,0,0,2,0,DUCTNODE_TYPE,,dt_alloc_component:2,,0.0,HVAC,0.000
L0778,no,other/shared,device-eligible,HVAC_ROUTINES::HVAC_CALC,hvac.f90,1442,1450,1,other,ND,do,,,6,0,leaf,,0,0,0,0,3,0,DUCT_TYPE,,dt_alloc_component:10,,0.1,HVAC,0.000
L0779,no,other/shared,device-eligible,HVAC_ROUTINES::HVAC_CALC,hvac.f90,1456,1458,1,other,NN,do,,,1,0,leaf,,0,0,0,0,2,0,DUCTNODE_TYPE,,dt_alloc_component:2,,0.0,HVAC,0.000
L0780,no,other/shared,device-eligible,HVAC_ROUTINES::HVAC_CALC,hvac.f90,1472,1474,1,other,ND,do,,,1,0,leaf,,0,0,0,0,2,0,DUCT_TYPE,,dt_alloc_component:2,,0.0,HVAC,0.000
L0781,no,other/shared,device-eligible,HVAC_ROUTINES::HVAC_CALC,hvac.f90,1476,1478,1,other,NN,do,,,1,0,leaf,,0,0,0,0,2,0,DUCTNODE_TYPE,,dt_alloc_component:2,,0.0,HVAC,0.000
L0782,no,other/shared,device-eligible,HVAC_ROUTINES::HVAC_CALC,hvac.f90,1501,1526,2,other,",ND",do/while,,,21,11,tree,"COIL_UPDATE,CONVERGENCE_CHECK,HVAC_UPDATE,LHSDUCT,LHSNODE,MATRIX_SOLVE,RHSDUCT,RHSNODE,SET_DONOR,SET_GUESS,UPDATE_LOSS",24,3,1378,24,9,0,"DUCTRUN_TYPE,DUCT_TYPE",,dt_alloc_component:8; module_global_write:1; reduction_accum:1,alloc:2; alloc_ptr_local:15; dt_alloc_component:15; module_global_write:2; pointer_reassign:15; save_var:1,11.0,HVAC,0.000
L0783,no,other/shared,device-eligible,HVAC_ROUTINES::HVAC_CALC,hvac.f90,1530,1536,1,other,ND,do,,,5,0,leaf,,0,0,0,0,2,0,DUCT_TYPE,,dt_alloc_component:8,,0.1,HVAC,0.000
L0784,no,other/shared,device-eligible,HVAC_ROUTINES::HVAC_QFAN_CALC,hvac.f90,4025,4073,3,other,"NR,NF,NF,NF,NF,",do/while,,,31,16,tree,"COIL_UPDATE_QFAN,CONVERGENCE_CHECK_QFAN,HVAC_UPDATE_QFAN,LHSDUCT_QFAN,LHSNODE_QFAN,MATRIX_SOLVE_QFAN,QFAN_SIMPLE,RHSDUCT_QFAN,RHSNODE_QFAN,SET_DONOR_QFAN,SET_GUESS_QFAN,UPDATE_LOSS_QFAN",23,3,967,23,8,0,"DUCTRUN_TYPE,DUCT_TYPE",,alloc_ptr_local:11; dt_alloc_component:12; module_global_write:2; pointer_reassign:1; reduction_intrinsic:1; while_loop:1,alloc:1; alloc_ptr_local:13; dt_alloc_component:14; module_global_write:1; pointer_reassign:13; save_var:1,24.5,HVAC,0.000
L0785,no,other/shared,device-eligible,HVAC_ROUTINES::HVAC_UPDATE,hvac.f90,1612,1617,1,other,NN,do,,,4,0,leaf,,0,0,0,0,4,0,"DUCTNODE_TYPE,NETWORK_TYPE",,alloc_ptr_local:7; dt_alloc_component:8; write_derived_index:4,,0.0,HVAC,0.000
L0786,no,other/shared,device-eligible,HVAC_ROUTINES::HVAC_UPDATE,hvac.f90,1622,1629,1,other,ND,do,,,5,0,leaf,,0,0,0,0,2,0,"DUCTRUN_TYPE,DUCT_TYPE,NETWORK_TYPE",,alloc_ptr_local:9; dt_alloc_component:1; pointer_reassign:1; write_derived_index:2,,0.1,HVAC,0.000
L0787,no,other/shared,device-eligible,HVAC_ROUTINES::HVAC_UPDATE,hvac.f90,1632,1814,6,other,"NR,NSS,NN,,ND,NN",do/forever,,,128,5,tree,"GET_ENTHALPY,GET_SPECIFIC_GAS_CONSTANT,GET_TEMPERATURE,UPDATE_HVAC_MASS_TRANSPORT",5,2,151,5,13,0,"DUCTNODE_TYPE,DUCTRUN_TYPE,DUCT_TYPE,FILTER_TYPE",,alloc_ptr_local:185; dt_alloc_component:88; module_global_write:1; pointer_reassign:9; reduction_intrinsic:2; while_loop:1; write_derived_index:9,alloc:1; alloc_ptr_local:1; dt_alloc_component:1; pointer_reassign:1,402.8,HVAC,0.000
L0788,no,other/shared,device-eligible,HVAC_ROUTINES::HVAC_UPDATE,hvac.f90,1822,1836,1,other,NN,do,,,8,0,leaf,,0,0,0,0,2,0,"DUCTNODE_TYPE,DUCT_TYPE,NETWORK_TYPE",,alloc_ptr_local:17; dt_alloc_component:8; pointer_reassign:1; write_derived_index:3,,0.1,HVAC,0.000
L0789,no,other/shared,device-eligible,HVAC_ROUTINES::HVAC_UPDATE,hvac.f90,1838,1924,3,other,",ND,NN,ND",do/forever,,,67,3,tree,"GET_ENTHALPY,GET_SPECIFIC_GAS_CONSTANT,GET_TEMPERATURE",4,2,69,4,9,0,"DUCTNODE_TYPE,DUCT_TYPE,NETWORK_TYPE",,alloc_ptr_local:91; dt_alloc_component:27; exit_out_of_nest:1; pointer_reassign:5; reduction_intrinsic:2; write_derived_index:8,,7.6,HVAC,0.000
L0790,no,other/shared,device-eligible,HVAC_ROUTINES::HVAC_UPDATE_QFAN,hvac.f90,4966,5090,3,other,",ND,NN,ND",do/forever,,,90,3,tree,"GET_ENTHALPY,GET_SPECIFIC_GAS_CONSTANT,GET_TEMPERATURE",4,2,69,4,5,0,"DUCTNODE_TYPE,DUCTRUN_TYPE,DUCT_TYPE",,alloc_ptr_local:177; dt_alloc_component:80; exit_out_of_nest:1; pointer_reassign:7; write_derived_index:35,,9.7,HVAC,0.000
L0791,no,other/shared,device-eligible,HVAC_ROUTINES::LHSDUCT,hvac.f90,2102,2175,2,other,"ND,NN,NN,NN,NN",do,,,44,0,leaf,,0,0,0,0,10,0,"DUCTNODE_TYPE,DUCT_TYPE,NETWORK_TYPE,P_ZONE_TYPE",,alloc_ptr_local:109; dt_alloc_component:27; pointer_reassign:15; write_derived_index:9,,1.3,HVAC,0.000
L0792,no,other/shared,device-eligible,HVAC_ROUTINES::LHSDUCT_QFAN,hvac.f90,4545,4556,1,other,ND,do,,,8,0,leaf,,0,0,0,0,7,0,"DUCTNODE_TYPE,DUCTRUN_TYPE,DUCT_TYPE",,alloc_ptr_local:33; dt_alloc_component:8; pointer_reassign:3; write_derived_index:2,,0.1,HVAC,0.000
L0793,no,other/shared,device-eligible,HVAC_ROUTINES::LHSNODE,hvac.f90,1968,1978,2,other,"NN,ND",do,,,7,0,leaf,,0,0,0,0,4,0,"DUCTNODE_TYPE,DUCT_TYPE,NETWORK_TYPE",,alloc_ptr_local:19; dt_alloc_component:7; pointer_reassign:2; write_derived_index:1,,0.2,HVAC,0.000
L0794,no,other/shared,device-eligible,HVAC_ROUTINES::LHSNODE_QFAN,hvac.f90,4457,4465,2,other,"NN,ND",do,,,5,0,leaf,,0,0,0,0,3,0,"DUCTNODE_TYPE,DUCTRUN_TYPE,DUCT_TYPE",,alloc_ptr_local:12; dt_alloc_component:4; pointer_reassign:2; write_derived_index:1,,0.1,HVAC,0.000
L0795,no,other/shared,device-eligible,HVAC_ROUTINES::MATRIX_SOLVE,hvac.f90,1574,1578,1,other,ND,do,,,3,0,leaf,,0,0,0,0,2,0,"DUCT_TYPE,NETWORK_TYPE",,alloc_ptr_local:8; dt_alloc_component:3; pointer_reassign:1,,0.0,HVAC,0.000
L0796,no,other/shared,device-eligible,HVAC_ROUTINES::MATRIX_SOLVE,hvac.f90,1580,1584,1,other,NN,do,,,3,0,leaf,,0,0,0,0,3,0,"DUCTNODE_TYPE,NETWORK_TYPE",,alloc_ptr_local:10; dt_alloc_component:3; pointer_reassign:1,,0.0,HVAC,0.000
L0797,no,other/shared,device-eligible,HVAC_ROUTINES::RHSDUCT,hvac.f90,2041,2085,1,other,ND,do,,,30,0,leaf,,0,0,0,0,11,0,"DUCTNODE_TYPE,DUCT_TYPE,NETWORK_TYPE",,alloc_ptr_local:52; dt_alloc_component:5; pointer_reassign:3; reduction_intrinsic:1; write_derived_index:1,,0.3,HVAC,0.000
L0798,no,other/shared,device-eligible,HVAC_ROUTINES::RHSDUCT_QFAN,hvac.f90,4491,4525,1,other,ND,do,,,21,2,tree,FAN_MAX,2,2,75,2,9,0,"DUCTNODE_TYPE,DUCTRUN_TYPE,DUCT_TYPE",,alloc_ptr_local:45; dt_alloc_component:10; pointer_reassign:3,dt_alloc_component:2,0.4,HVAC,0.000
L0799,no,other/shared,device-eligible,HVAC_ROUTINES::RHSNODE,hvac.f90,1941,1951,2,other,"NN,ND",do,,,6,0,leaf,,0,0,0,0,4,0,"DUCTNODE_TYPE,DUCT_TYPE,NETWORK_TYPE",,alloc_ptr_local:18; dt_alloc_component:6; pointer_reassign:2; reduction_intrinsic:1; write_derived_index:2,,0.2,HVAC,0.000
L0800,no,other/shared,device-eligible,HVAC_ROUTINES::RHSNODE_QFAN,hvac.f90,4433,4439,2,other,"NN,ND",do,,,3,0,leaf,,0,0,0,0,3,0,"DUCTNODE_TYPE,DUCTRUN_TYPE,DUCT_TYPE",,alloc_ptr_local:12; dt_alloc_component:3; pointer_reassign:2; write_derived_index:1,,0.1,HVAC,0.000
L0801,no,other/shared,device-eligible,HVAC_ROUTINES::SETUP_SOLUTION_POINTERS,hvac.f90,2768,2773,1,other,ND,do,,,4,0,leaf,,0,0,0,0,1,0,"DUCT_TYPE,NETWORK_TYPE",,alloc_ptr_local:7; dt_alloc_component:3; pointer_reassign:1; reduction_accum:1; write_derived_index:1,,0.0,HVAC,0.000
L0802,no,other/shared,device-eligible,HVAC_ROUTINES::SETUP_SOLUTION_POINTERS,hvac.f90,2775,2780,1,other,NN,do,,,4,0,leaf,,0,0,0,0,2,0,"DUCTNODE_TYPE,NETWORK_TYPE",,alloc_ptr_local:9; dt_alloc_component:3; pointer_reassign:1; reduction_accum:1; write_derived_index:1,,0.0,HVAC,0.000
L0803,no,other/shared,device-eligible,HVAC_ROUTINES::SET_DONOR,hvac.f90,2992,3001,1,other,NN,do,,,7,0,leaf,,0,0,0,0,1,0,"DUCTNODE_TYPE,NETWORK_TYPE",,alloc_ptr_local:17; dt_alloc_component:3; pointer_reassign:1,,0.1,HVAC,0.000
L0804,no,other/shared,device-eligible,HVAC_ROUTINES::SET_DONOR,hvac.f90,3003,3030,1,other,ND,do,,,19,0,leaf,,0,0,0,0,2,0,"DUCTNODE_TYPE,DUCT_TYPE,NETWORK_TYPE",,alloc_ptr_local:36; dt_alloc_component:1; pointer_reassign:3,,0.2,HVAC,0.000
L0805,no,other/shared,device-eligible,HVAC_ROUTINES::SET_DONOR_QFAN,hvac.f90,4883,4937,1,other,ND,do,,,40,0,leaf,,0,0,0,0,2,0,"DUCTNODE_TYPE,DUCTRUN_TYPE,DUCT_TYPE",,alloc_ptr_local:96; dt_alloc_component:50; pointer_reassign:5; write_derived_index:24,,0.4,HVAC,0.000
L0806,no,other/shared,device-eligible,HVAC_ROUTINES::SET_GUESS,hvac.f90,2954,2972,1,other,ND,do,,,11,1,tree,UPDATE_FAN,2,2,166,2,1,0,"DUCT_TYPE,NETWORK_TYPE",,alloc_ptr_local:19; dt_alloc_component:2; pointer_reassign:1,alloc_ptr_local:1; dt_alloc_component:2; pointer_reassign:1,0.5,HVAC,0.000
L0807,no,other/shared,device-eligible,HVAC_ROUTINES::SET_GUESS_QFAN,hvac.f90,4091,4098,1,other,ND,do,,,4,0,leaf,,0,0,0,0,0,0,DUCTRUN_TYPE,,alloc_ptr_local:8; dt_alloc_component:7; write_derived_index:3,,0.0,HVAC,0.000
L0808,no,other/shared,device-eligible,HVAC_ROUTINES::SET_INIT_HVAC_MASS_TRANSPORT,hvac.f90,3321,3346,2,other,"ND,NC",do,,,22,2,tree,"GET_ENTHALPY,GET_SPECIFIC_GAS_CONSTANT",2,1,27,2,3,0,"DUCTNODE_TYPE,DUCT_TYPE",,alloc_ptr_local:32; dt_alloc_component:18; pointer_reassign:3,,0.9,HVAC,0.000
L0809,no,other/shared,device-eligible,HVAC_ROUTINES::UPDATE_FAN,hvac.f90,2264,2283,1,other,,forever,,,15,1,tree,EVALUATE_RAMP,1,1,56,1,1,0,"DUCTRUN_TYPE,DUCT_TYPE,FAN_TYPE",,alloc_ptr_local:3; dt_alloc_component:1; exit_out_of_nest:3; reduction_accum:2,dt_alloc_component:1,0.3,HVAC,0.000
L0810,no,other/shared,device-eligible,HVAC_ROUTINES::UPDATE_HVAC_MASS_TRANSPORT,hvac.f90,3635,3688,3,other,"ND,NS,NC,NC,NC,NC",do,,,25,2,tree,"GET_ENTHALPY,GET_TEMPERATURE",3,2,61,3,4,0,"DUCTNODE_TYPE,DUCTRUN_TYPE,DUCT_TYPE",,alloc_ptr_local:62; dt_alloc_component:23; pointer_reassign:1; reduction_accum:1; reduction_intrinsic:1; write_derived_index:2,,3.6,HVAC,0.000
L0811,no,other/shared,device-eligible,HVAC_ROUTINES::UPDATE_LOSS,hvac.f90,2805,2807,1,other,ND,do,,,1,0,leaf,,0,0,0,0,1,0,"DUCT_TYPE,NETWORK_TYPE",,alloc_ptr_local:2; dt_alloc_component:1; write_derived_index:1,,0.0,HVAC,0.000
L0812,no,other/shared,device-eligible,HVAC_ROUTINES::UPDATE_LOSS,hvac.f90,2808,2892,3,other,"NN,ND,ND,ND2,ND,ND",do,,,45,1,tree,FILTER_UPDATE,2,2,96,2,3,0,"DUCTNODE_TYPE,DUCT_TYPE,FILTER_TYPE,NETWORK_TYPE",,alloc_ptr_local:99; dt_alloc_component:59; pointer_reassign:6; write_derived_index:9,alloc_ptr_local:1; dt_alloc_component:2; pointer_reassign:1,6.2,HVAC,0.000
L0813,no,other/shared,device-eligible,HVAC_ROUTINES::UPDATE_LOSS,hvac.f90,2894,2914,1,other,ND,do,,,14,5,tree,"COMPUTE_FRICTION_FACTOR,EVALUATE_RAMP,GET_VISCOSITY",3,1,80,3,3,0,"DUCT_TYPE,FAN_TYPE,NETWORK_TYPE",,alloc_ptr_local:28; dt_alloc_component:2; pointer_reassign:1,dt_alloc_component:1,0.3,HVAC,0.000
L0814,no,other/shared,device-eligible,HVAC_ROUTINES::UPDATE_LOSS_QFAN,hvac.f90,4707,4709,1,other,ND,do,,,1,0,leaf,,0,0,0,0,0,0,DUCTRUN_TYPE,,alloc_ptr_local:2; dt_alloc_component:1; write_derived_index:1,,0.0,HVAC,0.000
L0815,no,other/shared,device-eligible,HVAC_ROUTINES::UPDATE_LOSS_QFAN,hvac.f90,4711,4833,3,other,"NN,ND,ND,ND2,ND,ND",do,,,73,0,leaf,,0,0,0,0,3,0,"DUCTNODE_TYPE,DUCTRUN_TYPE,DUCT_TYPE,FILTER_TYPE",,alloc_ptr_local:107; dt_alloc_component:75; pointer_reassign:6; write_derived_index:10,,6.6,HVAC,0.000
L0816,no,other/shared,device-eligible,HVAC_ROUTINES::UPDATE_LOSS_QFAN,hvac.f90,4835,4863,1,other,ND,do,,,19,5,tree,"COMPUTE_FRICTION_FACTOR,EVALUATE_RAMP,GET_VISCOSITY",3,1,80,3,3,0,"DUCTNODE_TYPE,DUCTRUN_TYPE,DUCT_TYPE,FAN_TYPE",,alloc_ptr_local:32; dt_alloc_component:10; pointer_reassign:1; write_derived_index:2,dt_alloc_component:1,0.4,HVAC,0.000
L0817,yes,other/shared,device-eligible,INIT::CREATE_OR_REMOVE_OBST,init.f90,4878,4889,3,cell,"K,J,I",do,,,6,0,leaf,,0,0,0,0,14,11,SPECIES_MIXTURE_TYPE,,,,6.0,MAIN,0.017
L0818,no,other/shared,device-eligible,INIT::INIT_WALL_CELL,init.f90,3003,3051,1,other,N,do,,,31,0,leaf,,0,0,0,0,2,0,"MESH_TYPE,VENTS_TYPE",,alloc_ptr_local:49; dt_alloc_component:9; exit_out_of_nest:1; io:1; pointer_reassign:1; string_op:1,,0.3,MAIN,0.000
L0819,no,other/shared,device-eligible,INIT::INIT_WALL_CELL,init.f90,3147,3180,1,other,ITER,do,,,29,1,tree,SEARCH_OTHER_MESHES,1,1,37,1,9,0,MESH_TYPE,,alloc_ptr_local:6; dt_alloc_component:6; reduction_accum:6; save_var:3,alloc_ptr_local:1; dt_alloc_component:1; pointer_reassign:1,0.4,MAIN,0.000
L0820,no,other/shared,device-eligible,INIT::OPEN_AND_CLOSE,init.f90,4533,4724,1,other,N,do,,,101,3,tree,"CREATE_OR_REMOVE_OBST,RE_ALLOCATE_STRINGS",4,2,492,4,10,5,"CONTROL_TYPE,DEVICE_TYPE,MESH_TYPE,OBSTRUCTION_TYPE",,alloc_ptr_local:86; dt_alloc_component:1; io:2; pointer_reassign:2; reduction_accum:2; string_op:8,alloc:1; alloc_ptr_local:3; dt_alloc_component:3; module_global_write:1; pointer_reassign:3; string_op:2,2.2,MAIN,0.000
L0821,yes,other/shared,device-eligible,INIT::OPEN_AND_CLOSE,init.f90,4731,4835,4,cell,"N,KK,JJ,II",do,,,52,1,tree,RE_ALLOCATE_STRINGS,1,1,16,1,12,8,"BOUNDARY_COORD_TYPE,BOUNDARY_PROP1_TYPE,CELL_TYPE,CONTROL_TYPE,DEVICE_TYPE,MESH_TYPE,OBSTRUCTION_TYPE,VENTS_TYPE",,alloc_ptr_local:46; dt_alloc_component:5; io:3; pointer_reassign:4; reduction_accum:4; string_op:9,alloc:1; alloc_ptr_local:1; dt_alloc_component:1; pointer_reassign:1; string_op:1,168.0,MAIN,0.479
L0822,yes,other/shared,device-eligible,INIT::REASSIGN_WALL_CELLS,init.f90,4917,4936,1,wall,IW,do,,,17,1,tree,GET_BOUNDARY_TYPE,33,6,2106,33,4,3,"BOUNDARY_COORD_TYPE,CELL_TYPE,EXTERNAL_WALL_TYPE,MESH_TYPE,WALL_TYPE",,alloc_ptr_local:19; dt_alloc_component:5; pointer_reassign:4,alloc:8; alloc_ptr_dummy:10; alloc_ptr_local:21; dt_alloc_component:25; io:1; module_global_write:2; pointer_reassign:21; save_var:1; shutdown_call:1; string_op:2,108.7,MAIN,0.310
L0823,yes,other/shared,device-eligible,INIT::REASSIGN_WALL_CELLS,init.f90,4940,5054,3,cell,"OBST_INDEX,K,J,K,I,J",do,,,76,24,tree,"GET_BOUNDARY_TYPE,REDEFINE_EDGE",34,6,2120,34,7,7,"CELL_TYPE,OBSTRUCTION_TYPE",,alloc_ptr_local:13; pointer_reassign:1,alloc:8; alloc_ptr_dummy:10; alloc_ptr_local:21; dt_alloc_component:25; io:1; module_global_write:2; pointer_reassign:21; save_var:1; shutdown_call:1; string_op:2,606.0,MAIN,1.727
L0824,no,other/shared,device-eligible,INIT::REASSIGN_WALL_CELLS::GET_BOUNDARY_TYPE,init.f90,5196,5198,1,other,II,do,,,1,0,leaf,,0,0,0,0,0,0,STORAGE_TYPE,,alloc_ptr_local:3; dt_alloc_component:2,,0.0,MAIN,0.000
L0825,no,radiation,device-eligible,FDS::ALLOCATE_RADIATION_RECV_PKG,main.f90,3985,3985,1,other,I,do,,,1,0,leaf,,0,0,0,0,3,0,MPI_REQUEST,MPI_REQUEST_FREE:1,mpi_call:1,,0.0,RADI,0.000
L0826,no,radiation,device-eligible,FDS::ALLOCATE_RADIATION_RECV_PKG,main.f90,3990,4015,4,other,"NN,AIC,LL,N",do,,,13,0,leaf,,0,0,0,0,11,0,"MESH_TYPE,MPI_REQUEST,OMESH_TYPE",MPI_RECV_INIT:1,alloc:2; dt_alloc_component:8; module_global_write:1; mpi_call:1; pointer_reassign:1; reduction_accum:1,,3.5,RADI,0.000
L0827,no,radiation,device-eligible,FDS::ALLOCATE_RADIATION_SEND_PKG,main.f90,4032,4055,4,other,"NNN,AIC,LL,N",do,,,13,0,leaf,,0,0,0,0,9,0,"MESH_TYPE,MPI_REQUEST,OMESH_TYPE",MPI_SEND_INIT:1,alloc:2; dt_alloc_component:8; module_global_write:1; mpi_call:1; pointer_reassign:1; reduction_accum:1,,3.5,RADI,0.000
L0828,no,output,host,FDS::DUMP_GLOBAL_OUTPUTS,main.f90,4654,4661,1,other,N,do,,,4,0,leaf,,0,0,0,0,8,0,"DEVICE_TYPE,PROPERTY_TYPE",MPI_RECV:1; MPI_SEND:1,alloc_ptr_local:11; dt_alloc_component:2; mpi_call:2; pointer_reassign:1,,0.0,DUMP,0.000
L0829,no,output,host,FDS::DUMP_GLOBAL_OUTPUTS,main.f90,4668,4680,1,other,N,do,,,9,0,leaf,,0,0,0,0,5,0,"CONTROL_TYPE,DEVICE_TYPE",,alloc_ptr_local:9; pointer_reassign:1,,0.1,DUMP,0.000
L0830,no,other/shared,device-eligible,FDS::END_FDS,main.f90,1982,1982,1,other,I,do,,,1,0,leaf,,0,0,0,0,4,0,MPI_REQUEST,MPI_REQUEST_FREE:1,mpi_call:1,,0.0,MAIN,0.000
L0831,no,other/shared,device-eligible,FDS::END_FDS,main.f90,1983,1983,1,other,I,do,,,1,0,leaf,,0,0,0,0,4,0,MPI_REQUEST,MPI_REQUEST_FREE:1,mpi_call:1,,0.0,MAIN,0.000
L0832,no,other/shared,device-eligible,FDS::END_FDS,main.f90,1984,1984,1,other,I,do,,,1,0,leaf,,0,0,0,0,4,0,MPI_REQUEST,MPI_REQUEST_FREE:1,mpi_call:1,,0.0,MAIN,0.000
L0833,no,other/shared,device-eligible,FDS::END_FDS,main.f90,1985,1985,1,other,I,do,,,1,0,leaf,,0,0,0,0,4,0,MPI_REQUEST,MPI_REQUEST_FREE:1,mpi_call:1,,0.0,MAIN,0.000
L0834,no,other/shared,device-eligible,FDS::END_FDS,main.f90,1986,1986,1,other,I,do,,,1,0,leaf,,0,0,0,0,4,0,MPI_REQUEST,MPI_REQUEST_FREE:1,mpi_call:1,,0.0,MAIN,0.000
L0835,no,other/shared,device-eligible,FDS::END_FDS,main.f90,1987,1987,1,other,I,do,,,1,0,leaf,,0,0,0,0,4,0,MPI_REQUEST,MPI_REQUEST_FREE:1,mpi_call:1,,0.0,MAIN,0.000
L0836,no,other/shared,device-eligible,FDS::END_FDS,main.f90,1988,1988,1,other,I,do,,,1,0,leaf,,0,0,0,0,4,0,MPI_REQUEST,MPI_REQUEST_FREE:1,mpi_call:1,,0.0,MAIN,0.000
L0837,no,other/shared,device-eligible,FDS::END_FDS,main.f90,1989,1989,1,other,I,do,,,1,0,leaf,,0,0,0,0,4,0,MPI_REQUEST,MPI_REQUEST_FREE:1,mpi_call:1,,0.0,MAIN,0.000
L0838,no,other/shared,device-eligible,FDS::END_FDS,main.f90,1991,1991,1,other,I,do,,,1,0,leaf,,0,0,0,0,4,0,MPI_REQUEST,MPI_REQUEST_FREE:1,mpi_call:1,,0.0,MAIN,0.000
L0839,no,exchange/communication,device-eligible,FDS::EXCHANGE_DIVERGENCE_INFO,main.f90,2047,2050,1,other,IPZ,do,,,2,0,leaf,,0,0,0,0,2,0,,,reduction_accum:2,,0.0,COMM,0.000
L0840,no,exchange/communication,device-eligible,FDS::EXCHANGE_GLOBAL_OUTPUTS,main.f90,4403,4409,1,other,N,do,,,4,0,leaf,,0,0,0,0,3,0,DEVICE_TYPE,,alloc_ptr_local:4; pointer_reassign:1,,0.0,COMM,0.000
L0841,no,exchange/communication,device-eligible,FDS::EXCHANGE_GLOBAL_OUTPUTS,main.f90,4412,4416,1,other,N,do,,,3,0,leaf,,0,0,0,0,3,0,DEVICE_TYPE,,alloc_ptr_local:3; pointer_reassign:1,,0.0,COMM,0.000
L0842,no,exchange/communication,device-eligible,FDS::EXCHANGE_GLOBAL_OUTPUTS,main.f90,4421,4426,1,other,N,do,,,2,0,leaf,,0,0,0,0,4,0,"DEVICE_TYPE,PROPERTY_TYPE",,write_indirect:1,,0.0,COMM,0.000
L0843,no,exchange/communication,device-eligible,FDS::EXCHANGE_GLOBAL_OUTPUTS,main.f90,4437,4528,3,other,"OP_INDEX,N,NN,N,NN",do,,,55,0,leaf,,0,0,0,0,11,0,"DEVICE_TYPE,MPI_OP,SUBDEVICE_TYPE",MPI_ALLREDUCE:2; MPI_BARRIER:1; MPI_BCAST:1; MPI_RECV:1; MPI_SEND:1,alloc_ptr_local:42; dt_alloc_component:2; mpi_call:4; pointer_reassign:4; reduction_accum:4; reduction_mpi:2; write_missing_outer_index:4,,5.0,COMM,0.000
L0844,no,exchange/communication,device-eligible,FDS::EXCHANGE_GLOBAL_OUTPUTS,main.f90,4538,4582,1,other,N,do,,,25,1,tree,RE_ALLOCATE_STRINGS,1,1,16,1,9,0,"DEVICE_TYPE,MESH_TYPE",,alloc_ptr_local:49; dt_alloc_component:2; io:2; pointer_reassign:2,alloc:1; alloc_ptr_local:1; dt_alloc_component:1; pointer_reassign:1; string_op:1,0.3,COMM,0.000
L0845,no,exchange/communication,device-eligible,FDS::EXCHANGE_HVAC_SOLUTION,main.f90,4999,5002,1,other,N,do,,,2,0,leaf,,0,0,0,0,5,0,,,reduction_accum:1; write_derived_index:1,,0.0,COMM,0.000
L0846,no,exchange/communication,device-eligible,FDS::EXCHANGE_HVAC_SOLUTION,main.f90,5010,5013,1,other,N,do,,,2,0,leaf,,0,0,0,0,5,0,,,reduction_accum:1,,0.0,COMM,0.000
L0847,no,predictor/corrector,device-eligible,FDS::INITIALIZE_DIVERGENCE_INTEGRALS,main.f90,2017,2019,1,other,IPZ,do,,,1,0,leaf,,0,0,0,0,2,0,,,,,0.0,VELO,0.000
L0848,yes,exchange/communication,device-eligible,FDS::MESH_EXCHANGE,main.f90,3144,3614,4,cell,"NNN,LL,NN,LL,LL,KK",do,,,350,20,tree,"CURRENT_TIME,PACK_THIN_WALL,PACK_WALL",15,3,471,15,37,0,"MESH_TYPE,MPI_REQUEST,OMESH_TYPE,STORAGE_TYPE,THIN_WALL_TYPE,WALL_TYPE",MPI_ISEND:19; MPI_SEND_INIT:16,alloc:6; alloc_ptr_local:173; dt_alloc_component:272; module_global_write:35; mpi_call:35; pointer_reassign:64; reduction_accum:44,alloc:1; alloc_ptr_dummy:8; alloc_ptr_local:7; dt_alloc_component:8; pointer_reassign:7,1403.2,COMM,7.978
L0849,yes,exchange/communication,device-eligible,FDS::MESH_EXCHANGE,main.f90,3694,3970,4,cell,"NNN,LL,NN,LL,LL,KK",do,,,192,29,tree,"ALLOCATE_STORAGE,CURRENT_TIME,GET_IJK,GET_RVC,PACK_PARTICLE,PACK_THIN_WALL,PACK_WALL,REALLOCATE_STORAGE_ARRAYS",30,4,1239,30,20,0,"BOUNDARY_COORD_TYPE,DEVICE_TYPE,INITIALIZATION_TYPE,LAGRANGIAN_PARTICLE_CLASS_TYPE,LAGRANGIAN_PARTICLE_TYPE,MESH_TYPE,OMESH_TYPE,STORAGE_TYPE,THIN_WALL_TYPE,WALL_TYPE",,alloc_ptr_local:113; dt_alloc_component:184; pointer_reassign:28; reduction_accum:11; write_derived_index:1; write_missing_outer_index:2,alloc:9; alloc_ptr_dummy:12; alloc_ptr_local:19; dt_alloc_component:23; pointer_reassign:18,1505.2,COMM,8.558
L0850,no,exchange/communication,device-eligible,FDS::POST_RECEIVES,main.f90,2959,3106,1,other,NN,do,,,107,0,leaf,,0,0,0,0,29,0,"MESH_TYPE,MPI_REQUEST,OMESH_TYPE,STORAGE_TYPE",MPI_IRECV:19; MPI_RECV_INIT:16,alloc:6; alloc_ptr_local:57; dt_alloc_component:37; module_global_write:35; mpi_call:35; pointer_reassign:11; reduction_accum:35,,1.1,COMM,0.000
L0851,no,pressure,device-eligible,FDS::PRESSURE_ITERATION_SCHEME,main.f90,1623,1743,2,other,",NM,NM,NM,NM,NM",do/forever,,,51,21,tree,"BAROCLINIC_CORRECTION,CC_COMPUTE_VELOCITY_ERROR,CC_NO_FLUX,COMPUTE_VELOCITY_ERROR,COPY_H_OMESH_TO_MESH,CURRENT_TIME,GLMAT_SOLVER,MATCH_VELOCITY_FLUX,MESH_EXCHANGE,NO_FLUX,PRESSURE_SOLVER_CHECK_RESIDUA",135,10,14297,134,37,0,MESH_TYPE,MPI_ALLGATHERV:1,dt_alloc_component:1; exit_out_of_nest:5; io:1; module_global_write:3; reduction_accum:2; reduction_intrinsic:11; reduction_mpi:1,alloc:17; alloc_ptr_dummy:21; alloc_ptr_local:48; dt_alloc_component:61; goto:22; io:4; library_call:2; module_global_write:19; mpi_call:5; pointer_reassign:50; reduction_mpi:3; save_var:1; shutdown_call:2; string_op:4,108.8,PRES,0.000
L0852,no,exchange/communication,device-eligible,FDS::TIMEOUT,main.f90,4086,4095,1,other,,while,,,6,0,leaf,,0,0,0,0,6,0,MPI_REQUEST,MPI_TESTALL:1,io:1; mpi_call:1; shutdown_call:1; string_op:2,,0.1,COMM,0.000
L0853,no,output,host,FDS::WRITE_STRINGS,main.f90,4179,4183,1,other,N,do,,,1,0,leaf,,0,0,0,0,2,0,MESH_TYPE,,alloc_ptr_local:1; dt_alloc_component:1; string_op:1; write_derived_index:1,,0.0,DUMP,0.000
L0854,no,output,host,FDS::WRITE_STRINGS,main.f90,4193,4195,1,other,N,do,,,1,0,leaf,,0,0,0,0,2,0,MESH_TYPE,,dt_alloc_component:1; io:1,,0.0,DUMP,0.000
L0855,no,output,host,FDS::WRITE_STRINGS,main.f90,4206,4208,1,other,N,do,,,1,0,leaf,,0,0,0,0,0,0,,,alloc_ptr_local:2; string_op:2,,0.0,DUMP,0.000
L0856,no,output,host,FDS::WRITE_STRINGS,main.f90,4219,4221,1,other,N,do,,,1,0,leaf,,0,0,0,0,1,0,,,alloc_ptr_local:1; io:1; string_op:1,,0.0,DUMP,0.000
L0857,no,output,host,FDS::WRITE_STRINGS,main.f90,4229,4256,1,other,N,do,,,16,0,leaf,,0,0,0,0,8,0,"CONTROL_TYPE,DEVICE_TYPE,DUCT_TYPE",,io:8; string_op:3,,0.2,DUMP,0.000
L0858,yes,predictor/corrector,device-eligible,MASS::DENSITY,mass.f90,424,436,1,wall,IW,do,"!$OMP DO PRIVATE(IW,WC,BC)",421,10,0,leaf,,0,0,0,0,4,4,"BOUNDARY_COORD_TYPE,WALL_TYPE",,alloc_ptr_local:29; pointer_reassign:2; write_derived_index:6,,2.0,MASS,0.029
L0859,yes,predictor/corrector,device-eligible,MASS::DENSITY,mass.f90,442,455,4,cell,"N,K,J,I",do,"!$OMP DO PRIVATE(N,I,J,K,RHS)",421,3,0,leaf,,0,0,0,0,17,16,CELL_TYPE,,alloc_ptr_local:7,,9.0,MASS,0.128
L0860,yes,predictor/corrector,device-eligible,MASS::DENSITY,mass.f90,462,472,4,face,"N,K,J,I",do,,,3,0,leaf,,0,0,0,0,10,9,,,alloc_ptr_local:3,,9.0,MASS,0.128
L0861,yes,predictor/corrector,device-eligible,MASS::DENSITY,mass.f90,484,495,3,cell,"K,J,I",do,,,5,1,tree,VD2D_MMS_Z_SRC,1,1,28,1,6,6,,,,,12.0,MASS,0.171
L0862,yes,predictor/corrector,device-eligible,MASS::DENSITY,mass.f90,505,512,3,cell,"K,J,I",do,!$OMP DO,500,2,0,leaf,,0,0,0,0,8,7,CELL_TYPE,,reduction_intrinsic:1,,2.0,MASS,0.029
L0863,yes,predictor/corrector,device-eligible,MASS::DENSITY,mass.f90,527,534,3,cell,"K,J,I",do,!$OMP DO,500,2,0,leaf,,0,0,0,0,8,7,CELL_TYPE,,,,2.0,MASS,0.029
L0864,no,predictor/corrector,device-eligible,MASS::DENSITY,mass.f90,547,549,1,other,I,do,,500,1,0,leaf,,0,0,0,0,4,3,,,,,0.0,MASS,0.000
L0865,yes,predictor/corrector,device-eligible,MASS::DENSITY,mass.f90,556,564,3,cell,"K,J,I",do,!$OMP DO,500,3,1,tree,GET_SPECIFIC_GAS_CONSTANT,1,1,8,1,8,7,CELL_TYPE,,alloc_ptr_local:2,,5.0,MASS,0.071
L0866,yes,predictor/corrector,device-eligible,MASS::DENSITY,mass.f90,570,577,3,cell,"K,J,I",do,!$OMP DO,500,2,0,leaf,,0,0,0,0,10,10,CELL_TYPE,,,,2.0,MASS,0.029
L0867,yes,predictor/corrector,device-eligible,MASS::DENSITY,mass.f90,595,608,1,wall,IW,do,"!$OMP DO PRIVATE(IW,WC,EWC,BC)",592,11,0,leaf,,0,0,0,0,5,5,"BOUNDARY_COORD_TYPE,EXTERNAL_WALL_TYPE,WALL_TYPE",,alloc_ptr_local:30; pointer_reassign:3; write_derived_index:6,,2.2,MASS,0.031
L0868,yes,predictor/corrector,device-eligible,MASS::DENSITY,mass.f90,619,632,4,cell,"N,K,J,I",do,"!$OMP DO PRIVATE(N,I,J,K,RHS)",592,3,0,leaf,,0,0,0,0,19,18,CELL_TYPE,,alloc_ptr_local:6,,9.0,MASS,0.128
L0869,yes,predictor/corrector,device-eligible,MASS::DENSITY,mass.f90,650,660,4,face,"N,K,J,I",do,,,3,0,leaf,,0,0,0,0,10,9,,,alloc_ptr_local:3,,9.0,MASS,0.128
L0870,yes,predictor/corrector,device-eligible,MASS::DENSITY,mass.f90,666,677,3,cell,"K,J,I",do,,,5,1,tree,VD2D_MMS_Z_SRC,1,1,28,1,6,6,,,,,12.0,MASS,0.171
L0871,yes,predictor/corrector,device-eligible,MASS::DENSITY,mass.f90,687,694,3,cell,"K,J,I",do,!$OMP DO,684,2,0,leaf,,0,0,0,0,8,7,CELL_TYPE,,reduction_intrinsic:1,,2.0,MASS,0.029
L0872,yes,predictor/corrector,device-eligible,MASS::DENSITY,mass.f90,709,716,3,cell,"K,J,I",do,!$OMP DO,684,2,0,leaf,,0,0,0,0,8,7,CELL_TYPE,,,,2.0,MASS,0.029
L0873,no,predictor/corrector,device-eligible,MASS::DENSITY,mass.f90,729,731,1,other,I,do,,684,1,0,leaf,,0,0,0,0,4,3,,,,,0.0,MASS,0.000
L0874,yes,predictor/corrector,device-eligible,MASS::DENSITY,mass.f90,738,746,3,cell,"K,J,I",do,!$OMP DO,684,3,1,tree,GET_SPECIFIC_GAS_CONSTANT,1,1,8,1,8,7,CELL_TYPE,,alloc_ptr_local:2,,5.0,MASS,0.071
L0875,yes,predictor/corrector,device-eligible,MASS::DENSITY,mass.f90,752,759,3,cell,"K,J,I",do,!$OMP DO,684,2,0,leaf,,0,0,0,0,10,10,CELL_TYPE,,,,2.0,MASS,0.029
L0876,yes,predictor/corrector,device-eligible,MASS::DENSITY::CHECK_MASS_DENSITY,mass.f90,799,849,3,cell,"K,J,I",do,,,42,0,leaf,,0,0,0,0,12,10,CELL_TYPE,,alloc_ptr_local:24; reduction_intrinsic:1,,42.0,MASS,0.599
L0877,yes,predictor/corrector,device-eligible,MASS::DENSITY::CHECK_MASS_DENSITY,mass.f90,868,939,4,cell,"N,K,J,I,K,J",do,,,46,0,leaf,,0,0,0,0,10,9,CELL_TYPE,,alloc_ptr_local:31; pointer_reassign:1; reduction_intrinsic:1,,138.0,MASS,1.967
L0878,yes,predictor/corrector,device-eligible,MASS::DENSITY::CHECK_MASS_DENSITY,mass.f90,947,961,3,cell,"K,J,I",do,,,7,0,leaf,,0,0,0,0,6,5,CELL_TYPE,,alloc_ptr_local:9; reduction_intrinsic:2; write_derived_index:1,,7.0,MASS,0.100
L0879,yes,predictor/corrector,device-eligible,MASS::DENSITY::CLIP_PASSIVE_SCALARS,mass.f90,980,987,3,cell,"K,J,I",do,,,2,0,leaf,,0,0,0,0,6,5,CELL_TYPE,,alloc_ptr_local:2,,2.0,MASS,0.029
L0880,yes,predictor/corrector,device-eligible,MASS::MASS_FINITE_DIFFERENCES,mass.f90,65,192,4,cell,"N,K,J,I,IW",do,,,71,9,tree,GET_SCALAR_FACE_VALUE,4,3,168,4,19,17,"BOUNDARY_COORD_TYPE,BOUNDARY_PROP1_TYPE,CELL_TYPE,WALL_TYPE",,alloc_ptr_local:108; dt_alloc_component:6; pointer_reassign:10; write_derived_index:18,alloc_ptr_dummy:1,339.0,MASS,4.832
L0881,yes,predictor/corrector,device-eligible,MASS::MASS_FINITE_DIFFERENCES,mass.f90,201,209,3,cell,"K,J,I",do,"!$OMP PARALLEL DO PRIVATE(ZZ_GET,MW_G) SCHEDULE(STATIC)",,3,1,tree,GET_MOLECULAR_WEIGHT,1,1,8,1,4,3,,,alloc_ptr_local:3,,5.0,MASS,0.071
L0882,yes,predictor/corrector,device-eligible,MASS::MASS_FINITE_DIFFERENCES,mass.f90,224,320,1,wall,IW,do,!$OMP DO,219,62,7,tree,"GET_MOLECULAR_WEIGHT,GET_SCALAR_FACE_VALUE",5,3,176,5,12,10,"BOUNDARY_COORD_TYPE,BOUNDARY_PROP1_TYPE,CELL_TYPE,WALL_TYPE",,alloc_ptr_local:84; dt_alloc_component:1; pointer_reassign:3; write_derived_index:18; write_missing_outer_index:12,alloc_ptr_dummy:1,21.2,MASS,0.302
L0883,yes,predictor/corrector,device-eligible,MASS::MASS_FINITE_DIFFERENCES,mass.f90,328,350,3,face,"K,J,I",do,"!$OMP PARALLEL DO PRIVATE(N,MW_G) SCHEDULE(STATIC)",,9,0,leaf,,0,0,0,0,8,6,SPECIES_MIXTURE_TYPE,,reduction_intrinsic:9; write_derived_index:3,,9.0,MASS,0.128
L0884,yes,particles,device-eligible,PART::CLIP_PARTICLE_DRAG,part.f90,4606,4617,3,face,"K,J,I",do,,,6,0,leaf,,0,0,0,0,6,6,,,alloc_ptr_local:3,,6.0,PART,0.000
L0885,yes,particles,device-eligible,PART::INSERT_ALL_PARTICLES,part.f90,162,282,4,wall,",INIT_INDEX,VXI,IW,ITS,III",do/forever,,,61,7,tree,"GET_FILE_NUMBER,INSERT_DUCT_PARTICLES,INSERT_SPRAY_PARTICLES,INSERT_VENT_PARTICLES,INSERT_VOLUMETRIC_PARTICLES",54,5,3479,54,19,10,"BOUNDARY_COORD_TYPE,BOUNDARY_PROP1_TYPE,CONTROL_TYPE,DEVICE_TYPE,INITIALIZATION_TYPE,MESH_TYPE,SURFACE_TYPE,WALL_TYPE",RANDOM_NUMBER:3,alloc_ptr_local:46; dt_alloc_component:15; exit_out_of_nest:1; io:6; pointer_reassign:7; return:1; shutdown_call:1; string_op:2,alloc:12; alloc_ptr_dummy:12; alloc_ptr_local:32; dt_alloc_component:35; io:3; module_global_write:3; pointer_reassign:33; shutdown_call:2; string_op:2,5026.1,PART,0.395
L0886,yes,particles,device-eligible,PART::INSERT_ALL_PARTICLES,part.f90,287,294,1,particle,IP,do,,,6,1,tree,GET_IJK,1,1,16,1,7,5,"BOUNDARY_COORD_TYPE,LAGRANGIAN_PARTICLE_CLASS_TYPE,LAGRANGIAN_PARTICLE_TYPE,MESH_TYPE",,alloc_ptr_local:13; dt_alloc_component:2; pointer_reassign:3; reduction_accum:1,dt_alloc_component:1,0.5,PART,0.000
L0887,no,particles,device-eligible,PART::INSERT_ALL_PARTICLES,part.f90,300,302,1,other,N,do,,,1,0,leaf,,0,0,0,0,4,3,OMESH_TYPE,,module_global_write:1,,0.0,PART,0.000
L0888,no,particles,device-eligible,PART::INSERT_ALL_PARTICLES::INITIALIZE_SINGLE_PARTICLE,part.f90,1746,1748,1,other,N,do,,,1,1,tree,EVALUATE_RAMP,1,1,56,1,0,0,"BOUNDARY_ONE_D_TYPE,SURFACE_TYPE",,alloc_ptr_local:4; dt_alloc_component:2,dt_alloc_component:1,0.1,PART,0.000
L0889,no,particles,device-eligible,PART::INSERT_ALL_PARTICLES::INSERT_SPRAY_PARTICLES,part.f90,320,592,4,other,"KS,I,,II,I",do/forever,,,150,8,tree,"ALLOCATE_STORAGE,EVALUATE_RAMP,GET_IJK,INITIALIZE_SINGLE_PARTICLE,RANDOM_CHOICE,REMOVE_OLDEST_PARTICLE",33,4,1481,33,24,11,"BOUNDARY_COORD_TYPE,CELL_TYPE,DEVICE_TYPE,LAGRANGIAN_PARTICLE_CLASS_TYPE,LAGRANGIAN_PARTICLE_TYPE,MESH_TYPE,PROPERTY_TYPE,TABLES_TYPE",RANDOM_NUMBER:3,alloc:2; dt_alloc_component:16; io:1; module_global_write:1; pointer_reassign:7; reduction_accum:3; reduction_intrinsic:1; return:1; shutdown_call:1; string_op:2; while_loop:1; write_missing_outer_index:2,alloc:8; alloc_ptr_dummy:10; alloc_ptr_local:20; dt_alloc_component:26; module_global_write:1; pointer_reassign:20,140.5,PART,0.000
L0890,yes,particles,device-eligible,PART::INSERT_ALL_PARTICLES::INSERT_VENT_PARTICLES,part.f90,605,607,1,wall,IW,do,,,1,1,tree,PARTICLE_FACE_INSERT,37,5,1930,37,2,2,,,,alloc:9; alloc_ptr_dummy:10; alloc_ptr_local:23; dt_alloc_component:29; module_global_write:1; pointer_reassign:23,96.7,PART,0.008
L0891,yes,particles,device-eligible,PART::INSERT_ALL_PARTICLES::INSERT_VENT_PARTICLES,part.f90,609,611,1,cfaces,ICF,do,,,1,1,tree,PARTICLE_FACE_INSERT,37,5,1930,37,2,2,,,,alloc:9; alloc_ptr_dummy:10; alloc_ptr_local:23; dt_alloc_component:29; module_global_write:1; pointer_reassign:23,24.2,PART,0.002
L0892,yes,particles,device-eligible,PART::INSERT_ALL_PARTICLES::INSERT_VOLUMETRIC_PARTICLES,part.f90,1170,1293,3,particle,"IP,,ND,IFACE",do/forever,,,71,9,tree,"ALLOCATE_STORAGE,GET_IJK,RANDOM_CONE,RANDOM_RECTANGLE,RANDOM_RING,REMOVE_OLDEST_PARTICLE,UNIFORM_RING,VOLUME_INIT_PARTICLE",38,4,1670,38,23,17,"BOUNDARY_COORD_TYPE,CC_CUTFACE_TYPE,CELL_TYPE,CFACE_TYPE,DEVICE_TYPE,INITIALIZATION_TYPE,LAGRANGIAN_PARTICLE_CLASS_TYPE,LAGRANGIAN_PARTICLE_TYPE,MESH_TYPE",,alloc_ptr_local:6; dt_alloc_component:7; exit_out_of_nest:1; pointer_reassign:5; reduction_accum:3; reduction_intrinsic:2; while_loop:1; write_derived_index:2,alloc:8; alloc_ptr_dummy:10; alloc_ptr_local:23; dt_alloc_component:27; io:1; module_global_write:1; pointer_reassign:23; shutdown_call:1; string_op:1,219.8,PART,0.017
L0893,yes,particles,device-eligible,PART::INSERT_ALL_PARTICLES::INSERT_VOLUMETRIC_PARTICLES,part.f90,1310,1445,6,cell,"KK,JJ,II,IP,I_RAND,IFACE",do,,,81,5,tree,"ALLOCATE_STORAGE,RANDOM_RECTANGLE,REMOVE_OLDEST_PARTICLE,VOLUME_INIT_PARTICLE",34,4,1594,34,22,18,"BOUNDARY_COORD_TYPE,CC_CUTCELL_TYPE,CC_CUTFACE_TYPE,CELL_TYPE,CFACE_TYPE,INITIALIZATION_TYPE,LAGRANGIAN_PARTICLE_CLASS_TYPE,LAGRANGIAN_PARTICLE_TYPE,MESH_TYPE",,alloc_ptr_local:6; dt_alloc_component:14; pointer_reassign:5; reduction_accum:9; reduction_intrinsic:3; write_derived_index:2,alloc:8; alloc_ptr_dummy:10; alloc_ptr_local:21; dt_alloc_component:26; io:1; module_global_write:1; pointer_reassign:21; shutdown_call:1; string_op:1,12946.5,PART,1.018
L0894,no,particles,device-eligible,PART::INSERT_ALL_PARTICLES::INSERT_VOLUMETRIC_PARTICLES,part.f90,1464,1474,1,other,IIP,do,,,6,0,leaf,,0,0,0,0,2,1,"INITIALIZATION_TYPE,LAGRANGIAN_PARTICLE_TYPE",,pointer_reassign:1; reduction_intrinsic:1,,0.1,PART,0.000
L0895,no,particles,device-eligible,PART::INSERT_ALL_PARTICLES::PARTICLE_FACE_INSERT,part.f90,665,942,3,other,"INSERT_TYPE,N_LPC,,I,I,I",do/forever,,,156,7,tree,"ALLOCATE_STORAGE,EVALUATE_RAMP,GET_IJK,GET_PARTICLE_ENTHALPY,INITIALIZE_SINGLE_PARTICLE,RANDOM_CFACE_XYZ,REMOVE_OLDEST_PARTICLE",36,4,1601,36,18,10,"BOUNDARY_COORD_TYPE,BOUNDARY_ONE_D_TYPE,BOUNDARY_PROP1_TYPE,BOUNDARY_PROP2_TYPE,CFACE_TYPE,CONTROL_TYPE,DEVICE_TYPE,LAGRANGIAN_PARTICLE_CLASS_TYPE,LAGRANGIAN_PARTICLE_TYPE,MESH_TYPE,REACTION_TYPE,SURFACE_TYPE,WALL_TYPE",RANDOM_NUMBER:4,alloc:2; alloc_ptr_local:18; dt_alloc_component:33; pointer_reassign:16; reduction_accum:2; reduction_intrinsic:7; return:2; while_loop:1; write_derived_index:2; write_missing_outer_index:2,alloc:8; alloc_ptr_dummy:10; alloc_ptr_local:22; dt_alloc_component:28; module_global_write:1; pointer_reassign:22,50.1,PART,0.000
L0896,no,particles,device-eligible,PART::INSERT_ALL_PARTICLES::VOLUME_INIT_PARTICLE,part.f90,1511,1533,1,other,ND,do,,,15,0,leaf,,0,0,0,0,3,1,"BOUNDARY_COORD_TYPE,DEVICE_TYPE,INITIALIZATION_TYPE",,io:1; pointer_reassign:1; shutdown_call:1; string_op:2,,0.1,PART,0.000
L0897,no,particles,device-eligible,PART::INSERT_ALL_PARTICLES::VOLUME_INIT_PARTICLE,part.f90,1535,1548,1,other,ND,do,,,10,0,leaf,,0,0,0,0,3,1,"BOUNDARY_COORD_TYPE,INITIALIZATION_TYPE,PROFILE_TYPE",,alloc_ptr_local:11; io:1; pointer_reassign:1; shutdown_call:1; string_op:2,,0.1,PART,0.000
L0898,no,particles,device-eligible,PART::INSERT_ALL_PARTICLES::VOLUME_INIT_PARTICLE,part.f90,1575,1602,1,other,ND,do,,,15,0,leaf,,0,0,0,0,6,0,"BOUNDARY_PROP1_TYPE,DEVICE_TYPE,INITIALIZATION_TYPE,LAGRANGIAN_PARTICLE_CLASS_TYPE,LAGRANGIAN_PARTICLE_TYPE,MESH_TYPE,PROPERTY_TYPE",,dt_alloc_component:6; exit_out_of_nest:1; pointer_reassign:2,,0.1,PART,0.000
L0899,yes,particles,device-eligible,PART::MOVE_PARTICLES,part.f90,1873,2566,5,particle,"IP,ITER,I_COORD,J_COORD,IFACE,IFACE",do,,,437,19,tree,"CROSS_PRODUCT,EMBER_IGNITION_MODEL,GET_IJK,GET_RVC,MOVE_IN_GAS,MOVE_ON_SOLID,POINT_IN_CFACE,VENT_PARTICLE_EXTRACTION",23,3,1695,23,21,15,"BOUNDARY_COORD_TYPE,CC_CUTFACE_TYPE,CELL_TYPE,CFACE_TYPE,LAGRANGIAN_PARTICLE_CLASS_TYPE,LAGRANGIAN_PARTICLE_TYPE,SURFACE_TYPE,WALL_TYPE",RANDOM_NUMBER:7,alloc_ptr_local:485; dt_alloc_component:8; pointer_reassign:30; reduction_intrinsic:30,alloc:1; alloc_ptr_local:10; dt_alloc_component:10; pointer_reassign:10; save_var:1; string_op:1,3486.0,PART,0.274
L0900,no,particles,device-eligible,PART::MOVE_PARTICLES::GET_FACE_IDW,part.f90,3269,3297,3,other,"KK,JJ,II",do,,,16,0,leaf,,0,0,0,0,5,4,"CC_CUTFACE_TYPE,CELL_TYPE",,alloc_ptr_local:3; dt_alloc_component:1; exit_out_of_nest:1; reduction_intrinsic:1; write_derived_index:2,,1.4,PART,0.000
L0901,no,particles,device-eligible,PART::MOVE_PARTICLES::GET_FACE_VOLUMES,part.f90,3464,3473,3,other,"KK,JJ,II",do,,,4,0,leaf,,0,0,0,0,3,2,CC_CUTFACE_TYPE,,alloc_ptr_local:3; write_derived_index:2,,0.4,PART,0.000
L0902,no,particles,device-eligible,PART::MOVE_PARTICLES::MOVE_IN_GAS,part.f90,2641,2659,1,other,AXIS,do,,,16,2,tree,"GET_FACE_IDW,GET_FACE_TLW",2,1,180,2,3,3,BOUNDARY_COORD_TYPE,,reduction_intrinsic:1,alloc_ptr_local:2; dt_alloc_component:1; pointer_reassign:2,0.6,PART,0.000
L0903,no,particles,device-eligible,PART::MOVE_PARTICLES::MOVE_IN_GAS,part.f90,2749,2762,1,other,N_LPC2,do,,,7,0,leaf,,0,0,0,0,5,2,"LAGRANGIAN_PARTICLE_CLASS_TYPE,SURFACE_TYPE",,alloc_ptr_local:5; pointer_reassign:1; reduction_accum:1,,0.1,PART,0.000
L0904,no,particles,device-eligible,PART::MOVE_PARTICLES::MOVE_IN_GAS,part.f90,2841,2844,1,other,,while,,,2,1,tree,RANDOM_CHOICE,1,1,25,1,0,0,LAGRANGIAN_PARTICLE_CLASS_TYPE,,dt_alloc_component:2,,0.1,PART,0.000
L0905,no,particles,device-eligible,PART::MOVE_PARTICLES::MOVE_IN_GAS,part.f90,3026,3045,1,other,AXIS,do,,,19,1,tree,GET_FACE_VOLUMES,1,1,28,1,3,3,LAGRANGIAN_PARTICLE_TYPE,,alloc_ptr_local:5; pointer_reassign:3; reduction_intrinsic:2,alloc_ptr_local:1; pointer_reassign:1,0.3,PART,0.000
L0906,yes,particles,device-eligible,PART::PARTICLE_MASS_ENERGY_TRANSFER,part.f90,3654,3659,1,wall,IW,do,,,4,0,leaf,,0,0,0,0,5,5,"BOUNDARY_PROP1_TYPE,BOUNDARY_PROP2_TYPE,WALL_TYPE",,alloc_ptr_local:7; pointer_reassign:3,,0.8,PART,0.000
L0907,yes,particles,device-eligible,PART::PARTICLE_MASS_ENERGY_TRANSFER,part.f90,3660,3665,1,cfaces,ICF,do,,,4,0,leaf,,0,0,0,0,5,5,"BOUNDARY_PROP1_TYPE,BOUNDARY_PROP2_TYPE,CFACE_TYPE",,alloc_ptr_local:7; pointer_reassign:3,,0.2,PART,0.000
L0908,yes,particles,device-eligible,PART::PARTICLE_MASS_ENERGY_TRANSFER,part.f90,3675,3703,2,wall,"N_LPC,IW,ICF,IW,ICF",do,,,17,0,leaf,,0,0,0,0,9,7,"BOUNDARY_PROP2_TYPE,CFACE_TYPE,LAGRANGIAN_PARTICLE_CLASS_TYPE,WALL_TYPE",,alloc_ptr_local:39; dt_alloc_component:10; pointer_reassign:9,,10.2,PART,0.001
L0909,yes,particles,device-eligible,PART::PARTICLE_MASS_ENERGY_TRANSFER,part.f90,3715,4384,4,wall,"Z_INDEX,IW,ICF,IP,IW,ICF",do/while,,,391,24,tree,"DROPLET_H_MASS_H_HEAT_GAS,FORCED_CONVECTION_MODEL,F_B,GET_ENTHALPY,GET_EQUIL_DATA,GET_FILM_PROPERTIES,GET_MASS_FRACTION_ALL,GET_MOLECULAR_WEIGHT,GET_MW_RATIO,GET_SENSIBLE_ENTHALPY,GET_SPECIFIC_HEAT,GE",17,2,399,17,39,22,"BOUNDARY_COORD_TYPE,BOUNDARY_ONE_D_TYPE,BOUNDARY_PROP1_TYPE,BOUNDARY_PROP2_TYPE,CFACE_TYPE,LAGRANGIAN_PARTICLE_CLASS_TYPE,LAGRANGIAN_PARTICLE_TYPE,MATERIAL_TYPE,SPECIES_MIXTURE_TYPE,SPECIES_TYPE,SURFACE_TYPE,WALL_TYPE",,alloc:1; alloc_ptr_local:284; dt_alloc_component:38; io:6; pointer_reassign:39; reduction_accum:15; reduction_intrinsic:6; return:1; shutdown_call:1; string_op:2; while_loop:1; write_derived_index:11,,2650.1,PART,0.208
L0910,yes,particles,device-eligible,PART::PARTICLE_MASS_ENERGY_TRANSFER::PARTICLE_RUNNING_AVERAGES,part.f90,4414,4571,4,particle,"N_LPC,IP,K,J,I,IW",do,,,81,0,leaf,,0,0,0,0,23,18,"BOUNDARY_COORD_TYPE,BOUNDARY_PROP1_TYPE,BOUNDARY_PROP2_TYPE,CFACE_TYPE,LAGRANGIAN_PARTICLE_CLASS_TYPE,LAGRANGIAN_PARTICLE_TYPE,SPECIES_TYPE,SURFACE_TYPE,WALL_TYPE",,alloc_ptr_local:23; dt_alloc_component:12; pointer_reassign:25; reduction_accum:2; write_derived_index:11,,109.4,PART,0.009
L0911,yes,particles,device-eligible,PART::PARTICLE_MOMENTUM_TRANSFER,part.f90,4643,4763,4,wall,"IW,KKO,JJO,IIO,KKO,JJO",do,,,35,0,leaf,,0,0,0,0,12,11,"BOUNDARY_COORD_TYPE,EXTERNAL_WALL_TYPE,MESH_TYPE,OMESH_TYPE,WALL_TYPE",,alloc_ptr_local:90; dt_alloc_component:24; pointer_reassign:5; write_derived_index:6,,189.0,PART,0.015
L0912,yes,particles,device-eligible,PART::REMOVE_OLDEST_PARTICLE,part.f90,4969,4977,1,particle,IP,do,,,6,0,leaf,,0,0,0,0,1,0,"LAGRANGIAN_PARTICLE_TYPE,MESH_TYPE",,alloc_ptr_local:5; dt_alloc_component:2; exit_out_of_nest:1; pointer_reassign:1,,0.3,PART,0.000
L0913,yes,particles,device-eligible,PART::REMOVE_PARTICLES,part.f90,4794,4845,2,particle,"IP,",do/forever,,,20,4,tree,ADD_TO_PARTICLE_SEND_BUFFER,16,4,607,16,9,7,"BOUNDARY_COORD_TYPE,BOUNDARY_PROP1_TYPE,LAGRANGIAN_PARTICLE_CLASS_TYPE,LAGRANGIAN_PARTICLE_TYPE,MESH_TYPE,SURFACE_TYPE",,alloc_ptr_local:27; dt_alloc_component:3; exit_out_of_nest:1; pointer_reassign:5; while_loop:1,alloc:2; alloc_ptr_dummy:8; alloc_ptr_local:8; dt_alloc_component:9; pointer_reassign:8,25.8,PART,0.002
L0914,no,particles,device-eligible,PART::REMOVE_PARTICLES::ADD_TO_PARTICLE_SEND_BUFFER,part.f90,4863,4871,1,other,MM,do,,,4,0,leaf,,0,0,0,0,3,2,"BOUNDARY_COORD_TYPE,MESH_TYPE",,exit_out_of_nest:1; pointer_reassign:1,,0.0,PART,0.000
L0915,yes,pressure,device-eligible,POIS::FSH03S,pois.f90,1055,1059,2,pencil,"K,J",do,,,1,0,leaf,,0,0,0,0,0,0,,,write_derived_index:1,,1.5,PRES,0.001
L0916,yes,pressure,device-eligible,POIS::FSH03S,pois.f90,1146,1152,3,pencil,"K,J,I",do,,,1,0,leaf,,0,0,0,0,0,0,,,,,4.5,PRES,0.002
L0917,yes,pressure,device-eligible,POIS::FSH04S,pois.f90,1183,1189,3,pencil,"K,J,I",do,,,1,0,leaf,,0,0,0,0,0,0,,,,,4.5,PRES,0.002
L0918,yes,pressure,device-eligible,POIS::FSH04S,pois.f90,1191,1195,2,pencil,"K,J",do,,,1,0,leaf,,0,0,0,0,0,0,,,write_derived_index:1,,1.5,PRES,0.001
L0919,yes,pressure,device-eligible,POIS::FSH05S,pois.f90,1228,1234,3,pencil,"K,J,I",do,,,1,0,leaf,,0,0,0,0,0,0,,,,,4.5,PRES,0.002
L0920,yes,pressure,device-eligible,POIS::FSH06S,pois.f90,1271,1279,2,pencil,"I,J",do,,,5,1,tree,SSWAP,1,1,108,1,0,0,,,write_derived_index:3,goto:1,48.0,PRES,0.021
L0921,yes,pressure,device-eligible,POIS::FSH06S,pois.f90,1280,1282,1,pencil,J,do,,,1,0,leaf,,0,0,0,0,0,0,,,write_derived_index:1,,0.5,PRES,0.000
L0922,yes,pressure,device-eligible,POIS::FSH06S,pois.f90,1284,1286,1,pencil,J,do,,,1,0,leaf,,0,0,0,0,0,0,,,write_derived_index:1,,0.5,PRES,0.000
L0923,yes,pressure,device-eligible,POIS::FSH06S,pois.f90,1289,1292,1,pencil,J,do,,,2,0,leaf,,0,0,0,0,0,0,,,write_derived_index:2,,1.0,PRES,0.000
L0924,yes,pressure,device-eligible,POIS::FSH06S,pois.f90,1299,1304,2,pencil,"J,I",do,"!$omp do schedule(dynamic, 4)",1297,2,0,leaf,,0,0,0,0,0,0,,,,,3.0,PRES,0.001
L0925,yes,pressure,device-eligible,POIS::FSH06S,pois.f90,1311,1315,2,pencil,"J,I",do,"!$omp do schedule(dynamic,4)",1297,1,0,leaf,,0,0,0,0,0,0,,,,,1.5,PRES,0.001
L0926,yes,pressure,device-eligible,POIS::FSH06S,pois.f90,1321,1329,2,pencil,"I,J",do,,,5,1,tree,SSWAP,1,1,108,1,0,0,,,write_derived_index:3,goto:1,48.0,PRES,0.021
L0927,yes,pressure,device-eligible,POIS::FSH06S,pois.f90,1331,1334,1,pencil,J,do,,,2,0,leaf,,0,0,0,0,0,0,,,write_derived_index:2,,1.0,PRES,0.000
L0928,yes,pressure,device-eligible,POIS::FSH16S,pois.f90,5489,5497,1,pencil,K,do,,,5,2,tree,FSH17S,3,2,294,3,2,0,,,reduction_accum:2,goto:2,39.2,PRES,0.017
L0929,yes,pressure,device-eligible,POIS::FSH16S,pois.f90,5505,5511,3,pencil,"K,J,I",do,,,1,0,leaf,,0,0,0,0,1,0,,,,,4.5,PRES,0.002
L0930,yes,pressure,device-eligible,POIS::FSH16S,pois.f90,5513,5519,3,pencil,"K,J,I",do,,,1,0,leaf,,0,0,0,0,1,0,,,,,4.5,PRES,0.002
L0931,yes,pressure,device-eligible,POIS::FSH17S,pois.f90,5557,5598,4,pencil,"IR,I,IP,IP,J,I",do,,,21,4,tree,"FSH10S,FSH18S",2,1,96,2,2,0,,,reduction_accum:4; write_derived_index:2,goto:1,607.5,PRES,0.268
L0932,yes,pressure,device-eligible,POIS::FSH17S,pois.f90,5602,5721,4,pencil,"IR,I,J,J,J,I",do,,,53,8,tree,"FSH10S,FSH18S",2,1,96,2,1,0,,,goto:5; reduction_accum:9; write_derived_index:6; write_missing_outer_index:1,goto:1,1039.5,PRES,0.458
L0933,yes,pressure,device-eligible,POIS::FSH18S,pois.f90,5742,5745,1,pencil,K,do,,,2,0,leaf,,0,0,0,0,0,0,,,,,1.0,PRES,0.000
L0934,yes,pressure,device-eligible,POIS::FSH18S,pois.f90,5746,5751,2,pencil,"I,K",do,,,2,0,leaf,,0,0,0,0,0,0,,,,,3.0,PRES,0.001
L0935,yes,pressure,device-eligible,POIS::FSH18S,pois.f90,5752,5755,1,pencil,K,do,,,2,0,leaf,,0,0,0,0,0,0,,,write_derived_index:2,,1.0,PRES,0.000
L0936,yes,pressure,device-eligible,POIS::FSH18S,pois.f90,5756,5762,1,pencil,K,do,,,1,0,leaf,,0,0,0,0,0,0,,,write_derived_index:1,,0.5,PRES,0.000
L0937,yes,pressure,device-eligible,POIS::FSH18S,pois.f90,5763,5767,2,pencil,"I,K",do,,,1,0,leaf,,0,0,0,0,0,0,,,,,1.5,PRES,0.001
L0938,yes,pressure,device-eligible,POIS::H2CYSS,pois.f90,7333,7335,1,pencil,K,do,,,1,0,leaf,,0,0,0,0,0,0,,,,,0.5,PRES,0.000
L0939,yes,pressure,device-eligible,POIS::H2CYSS,pois.f90,7339,7341,1,pencil,K,do,,,1,0,leaf,,0,0,0,0,0,0,,,,,0.5,PRES,0.000
L0940,yes,pressure,device-eligible,POIS::H2CYSS,pois.f90,7345,7347,1,pencil,K,do,,,1,0,leaf,,0,0,0,0,0,0,,,,,0.5,PRES,0.000
L0941,yes,pressure,device-eligible,POIS::H2CYSS,pois.f90,7351,7353,1,pencil,K,do,,,1,0,leaf,,0,0,0,0,0,0,,,,,0.5,PRES,0.000
L0942,yes,pressure,device-eligible,POIS::H2CYSS,pois.f90,7359,7361,1,pencil,I,do,,,1,0,leaf,,0,0,0,0,0,0,,,,,0.5,PRES,0.000
L0943,yes,pressure,device-eligible,POIS::H2CYSS,pois.f90,7365,7367,1,pencil,I,do,,,1,0,leaf,,0,0,0,0,0,0,,,,,0.5,PRES,0.000
L0944,yes,pressure,device-eligible,POIS::H2CYSS,pois.f90,7371,7373,1,pencil,I,do,,,1,0,leaf,,0,0,0,0,0,0,,,,,0.5,PRES,0.000
L0945,yes,pressure,device-eligible,POIS::H2CYSS,pois.f90,7377,7379,1,pencil,I,do,,,1,0,leaf,,0,0,0,0,0,0,,,,,0.5,PRES,0.000
L0946,yes,pressure,device-eligible,POIS::H2CYSS,pois.f90,7423,7427,2,pencil,"K,I",do,,,1,0,leaf,,0,0,0,0,0,0,,,reduction_accum:1,,1.5,PRES,0.001
L0947,yes,pressure,device-eligible,POIS::H2CYSS,pois.f90,7431,7434,1,pencil,I,do,,,2,0,leaf,,0,0,0,0,0,0,,,reduction_accum:2,,1.0,PRES,0.000
L0948,yes,pressure,device-eligible,POIS::H2CYSS,pois.f90,7438,7442,2,pencil,"K,I",do,,,1,0,leaf,,0,0,0,0,0,0,,,,,1.5,PRES,0.001
L0949,yes,pressure,device-eligible,POIS::H2CZSS,pois.f90,6830,6832,1,pencil,J,do,,,1,0,leaf,,0,0,0,0,0,0,,,,,0.5,PRES,0.000
L0950,yes,pressure,device-eligible,POIS::H2CZSS,pois.f90,6836,6838,1,pencil,J,do,,,1,0,leaf,,0,0,0,0,0,0,,,,,0.5,PRES,0.000
L0951,yes,pressure,device-eligible,POIS::H2CZSS,pois.f90,6842,6844,1,pencil,J,do,,,1,0,leaf,,0,0,0,0,0,0,,,write_derived_index:1,,0.5,PRES,0.000
L0952,yes,pressure,device-eligible,POIS::H2CZSS,pois.f90,6848,6850,1,pencil,J,do,,,1,0,leaf,,0,0,0,0,0,0,,,write_derived_index:1,,0.5,PRES,0.000
L0953,yes,pressure,device-eligible,POIS::H2CZSS,pois.f90,6856,6858,1,pencil,I,do,,,1,0,leaf,,0,0,0,0,0,0,,,,,0.5,PRES,0.000
L0954,yes,pressure,device-eligible,POIS::H2CZSS,pois.f90,6862,6864,1,pencil,I,do,,,1,0,leaf,,0,0,0,0,0,0,,,,,0.5,PRES,0.000
L0955,yes,pressure,device-eligible,POIS::H2CZSS,pois.f90,6868,6870,1,pencil,I,do,,,1,0,leaf,,0,0,0,0,0,0,,,write_derived_index:1,,0.5,PRES,0.000
L0956,yes,pressure,device-eligible,POIS::H2CZSS,pois.f90,6874,6876,1,pencil,I,do,,,1,0,leaf,,0,0,0,0,0,0,,,write_derived_index:1,,0.5,PRES,0.000
L0957,yes,pressure,device-eligible,POIS::H2CZSS,pois.f90,6910,6912,1,pencil,I,do,,,1,0,leaf,,0,0,0,0,0,0,,,,,0.5,PRES,0.000
L0958,yes,pressure,device-eligible,POIS::H2CZSS,pois.f90,6913,6917,2,pencil,"J,I",do,,,1,0,leaf,,0,0,0,0,0,0,,,reduction_accum:1,,1.5,PRES,0.001
L0959,yes,pressure,device-eligible,POIS::H2CZSS,pois.f90,6920,6923,1,pencil,I,do,,,2,0,leaf,,0,0,0,0,0,0,,,reduction_accum:2,,1.0,PRES,0.000
L0960,yes,pressure,device-eligible,POIS::H2CZSS,pois.f90,6930,6934,2,pencil,"J,I",do,,,1,0,leaf,,0,0,0,0,0,0,,,,,1.5,PRES,0.001
L0961,yes,pressure,device-eligible,POIS::H3CSSS,pois.f90,4974,4978,2,pencil,"K,J",do,,,1,0,leaf,,0,0,0,0,0,0,,,,,1.5,PRES,0.001
L0962,yes,pressure,device-eligible,POIS::H3CSSS,pois.f90,4983,4987,2,pencil,"K,J",do,,,1,0,leaf,,0,0,0,0,0,0,,,,,1.5,PRES,0.001
L0963,yes,pressure,device-eligible,POIS::H3CSSS,pois.f90,4998,5002,2,pencil,"K,J",do,,,1,0,leaf,,0,0,0,0,0,0,,,write_derived_index:1,,1.5,PRES,0.001
L0964,yes,pressure,device-eligible,POIS::H3CSSS,pois.f90,5007,5011,2,pencil,"K,J",do,,,1,0,leaf,,0,0,0,0,0,0,,,write_derived_index:1,,1.5,PRES,0.001
L0965,yes,pressure,device-eligible,POIS::H3CSSS,pois.f90,5026,5030,2,pencil,"K,I",do,,,1,0,leaf,,0,0,0,0,0,0,,,,,1.5,PRES,0.001
L0966,yes,pressure,device-eligible,POIS::H3CSSS,pois.f90,5036,5040,2,pencil,"K,I",do,,,1,0,leaf,,0,0,0,0,0,0,,,,,1.5,PRES,0.001
L0967,yes,pressure,device-eligible,POIS::H3CSSS,pois.f90,5052,5056,2,pencil,"K,I",do,,,1,0,leaf,,0,0,0,0,0,0,,,write_derived_index:1,,1.5,PRES,0.001
L0968,yes,pressure,device-eligible,POIS::H3CSSS,pois.f90,5062,5066,2,pencil,"K,I",do,,,1,0,leaf,,0,0,0,0,0,0,,,write_derived_index:1,,1.5,PRES,0.001
L0969,yes,pressure,device-eligible,POIS::H3CSSS,pois.f90,5078,5083,2,pencil,"J,I",do,,,2,0,leaf,,0,0,0,0,0,0,,,,,3.0,PRES,0.001
L0970,yes,pressure,device-eligible,POIS::H3CSSS,pois.f90,5088,5093,2,pencil,"J,I",do,,,2,0,leaf,,0,0,0,0,0,0,,,,,3.0,PRES,0.001
L0971,yes,pressure,device-eligible,POIS::H3CSSS,pois.f90,5104,5109,2,pencil,"J,I",do,,,2,0,leaf,,0,0,0,0,0,0,,,write_derived_index:1,,3.0,PRES,0.001
L0972,yes,pressure,device-eligible,POIS::H3CSSS,pois.f90,5114,5119,2,pencil,"J,I",do,,,2,0,leaf,,0,0,0,0,0,0,,,write_derived_index:1,,3.0,PRES,0.001
L0973,yes,pressure,device-eligible,POIS::H3CSSS,pois.f90,5165,5167,1,pencil,I,do,,,1,0,leaf,,0,0,0,0,0,0,,,,,0.5,PRES,0.000
L0974,yes,pressure,device-eligible,POIS::H3CSSS,pois.f90,5168,5175,3,pencil,"I,J,K",do,,,1,0,leaf,,0,0,0,0,0,0,,,write_missing_inner_index:1,,4.5,PRES,0.002
L0975,yes,pressure,device-eligible,POIS::H3CSSS,pois.f90,5178,5181,1,pencil,I,do,,,1,0,leaf,,0,0,0,0,0,0,,,reduction_accum:1,,0.5,PRES,0.000
L0976,yes,pressure,device-eligible,POIS::H3CSSS,pois.f90,5186,5192,3,pencil,"K,J,I",do,,,1,0,leaf,,0,0,0,0,0,0,,,,,4.5,PRES,0.002
L0977,yes,pressure,device-eligible,POIS::H3CSSS,pois.f90,5211,5217,3,pencil,"K,J,I",do,,,1,0,leaf,,0,0,0,0,0,0,,,,,4.5,PRES,0.002
L0978,yes,pressure,device-eligible,POIS::H3CZSS,pois.f90,241,245,2,pencil,"K,J",do,,,1,0,leaf,,0,0,0,0,0,0,,,,,1.5,PRES,0.001
L0979,yes,pressure,device-eligible,POIS::H3CZSS,pois.f90,249,253,2,pencil,"K,J",do,,,1,0,leaf,,0,0,0,0,0,0,,,,,1.5,PRES,0.001
L0980,yes,pressure,device-eligible,POIS::H3CZSS,pois.f90,257,261,2,pencil,"K,J",do,,,1,0,leaf,,0,0,0,0,0,0,,,write_derived_index:1,,1.5,PRES,0.001
L0981,yes,pressure,device-eligible,POIS::H3CZSS,pois.f90,265,269,2,pencil,"K,J",do,,,1,0,leaf,,0,0,0,0,0,0,,,write_derived_index:1,,1.5,PRES,0.001
L0982,yes,pressure,device-eligible,POIS::H3CZSS,pois.f90,275,279,2,pencil,"K,I",do,,,1,0,leaf,,0,0,0,0,0,0,,,,,1.5,PRES,0.001
L0983,yes,pressure,device-eligible,POIS::H3CZSS,pois.f90,283,287,2,pencil,"K,I",do,,,1,0,leaf,,0,0,0,0,0,0,,,,,1.5,PRES,0.001
L0984,yes,pressure,device-eligible,POIS::H3CZSS,pois.f90,291,295,2,pencil,"K,I",do,,,1,0,leaf,,0,0,0,0,0,0,,,write_derived_index:1,,1.5,PRES,0.001
L0985,yes,pressure,device-eligible,POIS::H3CZSS,pois.f90,299,303,2,pencil,"K,I",do,,,1,0,leaf,,0,0,0,0,0,0,,,write_derived_index:1,,1.5,PRES,0.001
L0986,yes,pressure,device-eligible,POIS::H3CZSS,pois.f90,309,313,2,pencil,"J,I",do,,,1,0,leaf,,0,0,0,0,0,0,,,,,1.5,PRES,0.001
L0987,yes,pressure,device-eligible,POIS::H3CZSS,pois.f90,317,321,2,pencil,"J,I",do,,,1,0,leaf,,0,0,0,0,0,0,,,,,1.5,PRES,0.001
L0988,yes,pressure,device-eligible,POIS::H3CZSS,pois.f90,325,329,2,pencil,"J,I",do,,,1,0,leaf,,0,0,0,0,0,0,,,write_derived_index:1,,1.5,PRES,0.001
L0989,yes,pressure,device-eligible,POIS::H3CZSS,pois.f90,333,337,2,pencil,"J,I",do,,,1,0,leaf,,0,0,0,0,0,0,,,write_derived_index:1,,1.5,PRES,0.001
L0990,yes,pressure,device-eligible,POIS::H3CZSS,pois.f90,378,380,1,pencil,I,do,,,1,0,leaf,,0,0,0,0,0,0,,,,,0.5,PRES,0.000
L0991,yes,pressure,device-eligible,POIS::H3CZSS,pois.f90,381,387,3,pencil,"K,J,I",do,,,1,0,leaf,,0,0,0,0,0,0,,,reduction_accum:1,,4.5,PRES,0.002
L0992,yes,pressure,device-eligible,POIS::H3CZSS,pois.f90,390,393,1,pencil,I,do,,,2,0,leaf,,0,0,0,0,0,0,,,reduction_accum:2,,1.0,PRES,0.000
L0993,yes,pressure,device-eligible,POIS::H3CZSS,pois.f90,401,407,3,pencil,"K,J,I",do,,,1,0,leaf,,0,0,0,0,0,0,,,,,4.5,PRES,0.002
L0994,yes,pressure,device-eligible,POIS::SSWAP,pois.f90,4530,4536,1,pencil,I,do,,,5,0,leaf,,0,0,0,0,0,0,,,reduction_accum:2; write_derived_index:2,,2.5,PRES,0.001
L0995,yes,pressure,device-eligible,POIS::SSWAP,pois.f90,4546,4550,1,pencil,I,do,,,3,0,leaf,,0,0,0,0,0,0,,,,,1.5,PRES,0.001
L0996,yes,pressure,device-eligible,POIS::SSWAP,pois.f90,4553,4563,1,pencil,I,do,,,9,0,leaf,,0,0,0,0,0,0,,,,,4.5,PRES,0.002
L0997,yes,pressure,device-eligible,POIS::SSWAP,pois.f90,4570,4574,1,pencil,I,do,,,3,0,leaf,,0,0,0,0,0,0,,,,,1.5,PRES,0.001
L0998,yes,pressure,device-eligible,POIS::VCOST,pois.f90,1504,1507,1,pencil,I,do,,,2,0,leaf,,0,0,0,0,0,0,,,write_derived_index:1,,1.0,PRES,0.000
L0999,yes,pressure,device-eligible,POIS::VCOST,pois.f90,1508,1515,2,pencil,"J,I",do,,,4,0,leaf,,0,0,0,0,0,0,,,write_derived_index:2,,6.0,PRES,0.003
L1000,yes,pressure,device-eligible,POIS::VCOST,pois.f90,1517,1519,1,pencil,I,do,,,1,0,leaf,,0,0,0,0,0,0,,,write_derived_index:1,,0.5,PRES,0.000
L1001,yes,pressure,device-eligible,POIS::VCOST,pois.f90,1532,1536,1,pencil,I,do,,,3,0,leaf,,0,0,0,0,0,0,,,,,1.5,PRES,0.001
L1002,yes,pressure,device-eligible,POIS::VCOST1,pois.f90,1568,1573,2,pencil,"K,I",do,,,2,0,leaf,,0,0,0,0,0,0,,,write_derived_index:1,,3.0,PRES,0.001
L1003,yes,pressure,device-eligible,POIS::VCOST1,pois.f90,1574,1583,3,pencil,"J,K,I",do,,,4,0,leaf,,0,0,0,0,0,0,,,write_derived_index:2,,18.0,PRES,0.008
L1004,yes,pressure,device-eligible,POIS::VCOST1,pois.f90,1585,1589,2,pencil,"K,I",do,,,1,0,leaf,,0,0,0,0,0,0,,,write_derived_index:1,,1.5,PRES,0.001
L1005,yes,pressure,device-eligible,POIS::VCOSTA,pois.f90,1615,1618,1,pencil,I,do,,,2,0,leaf,,0,0,0,0,0,0,,,,,1.0,PRES,0.000
L1006,yes,pressure,device-eligible,POIS::VCOSTA,pois.f90,1619,1624,2,pencil,"J,I",do,,,2,0,leaf,,0,0,0,0,0,0,,,,,3.0,PRES,0.001
L1007,yes,pressure,device-eligible,POIS::VCOSTA,pois.f90,1626,1628,1,pencil,I,do,,,1,0,leaf,,0,0,0,0,0,0,,,write_derived_index:1,,0.5,PRES,0.000
L1008,yes,pressure,device-eligible,POIS::VRADB2,pois.f90,3943,3948,2,pencil,"K,M",do,,,2,0,leaf,,0,0,0,0,0,0,,,,,3.0,PRES,0.001
L1009,yes,pressure,device-eligible,POIS::VRADB2,pois.f90,3953,3965,3,pencil,"K,I,M",do,,,5,0,leaf,,0,0,0,0,0,0,,,,,22.5,PRES,0.010
L1010,yes,pressure,device-eligible,POIS::VRADB2,pois.f90,3967,3972,2,pencil,"K,M",do,,,2,0,leaf,,0,0,0,0,0,0,,,write_derived_index:2,,3.0,PRES,0.001
L1011,yes,pressure,device-eligible,POIS::VRADB3,pois.f90,4005,4011,2,pencil,"M,K",do,,,3,0,leaf,,0,0,0,0,0,0,,,,,4.5,PRES,0.002
L1012,yes,pressure,device-eligible,POIS::VRADB3,pois.f90,4014,4042,3,pencil,"M,I,K",do,,,7,0,leaf,,0,0,0,0,0,0,,,,,31.5,PRES,0.014
L1013,yes,pressure,device-eligible,POIS::VRADB4,pois.f90,4074,4081,2,pencil,"M,K",do,,,4,0,leaf,,0,0,0,0,0,0,,,,,6.0,PRES,0.003
L1014,yes,pressure,device-eligible,POIS::VRADB4,pois.f90,4085,4112,3,pencil,"M,I,K",do,,,9,0,leaf,,0,0,0,0,0,0,,,,,40.5,PRES,0.018
L1015,yes,pressure,device-eligible,POIS::VRADB4,pois.f90,4116,4126,2,pencil,"M,K",do,,,4,0,leaf,,0,0,0,0,0,0,,,write_derived_index:4,,6.0,PRES,0.003
L1016,yes,pressure,device-eligible,POIS::VRADB5,pois.f90,4164,4176,2,pencil,"K,M",do,,,5,0,leaf,,0,0,0,0,0,0,,,,,7.5,PRES,0.003
L1017,yes,pressure,device-eligible,POIS::VRADB5,pois.f90,4181,4248,3,pencil,"K,I,M",do,,,11,0,leaf,,0,0,0,0,0,0,,,,,49.5,PRES,0.022
L1018,yes,pressure,device-eligible,POIS::VRADBG,pois.f90,4287,4293,3,pencil,"K,I,M",do,,,1,0,leaf,,0,0,0,0,0,0,,,,,4.5,PRES,0.002
L1019,yes,pressure,device-eligible,POIS::VRADBG,pois.f90,4296,4302,3,pencil,"I,K,M",do,,,1,0,leaf,,0,0,0,0,0,0,,,,,4.5,PRES,0.002
L1020,yes,pressure,device-eligible,POIS::VRADBG,pois.f90,4304,4313,3,pencil,"J,K,M",do,,,4,0,leaf,,0,0,0,0,0,0,,,write_derived_index:1,,18.0,PRES,0.008
L1021,yes,pressure,device-eligible,POIS::VRADBG,pois.f90,4316,4329,4,pencil,"J,K,I,M",do,,,6,0,leaf,,0,0,0,0,0,0,,,write_derived_index:2,,81.0,PRES,0.036
L1022,yes,pressure,device-eligible,POIS::VRADBG,pois.f90,4332,4345,4,pencil,"J,I,K,M",do,,,6,0,leaf,,0,0,0,0,0,0,,,write_derived_index:2,,81.0,PRES,0.036
L1023,yes,pressure,device-eligible,POIS::VRADBG,pois.f90,4348,4375,4,pencil,"L,IK,M,J,IK,M",do,,,16,0,leaf,,0,0,0,0,0,0,,,reduction_accum:1; write_derived_index:2; write_missing_inner_index:1,,216.0,PRES,0.095
L1024,yes,pressure,device-eligible,POIS::VRADBG,pois.f90,4376,4382,3,pencil,"M,IK,J",do,,,1,0,leaf,,0,0,0,0,0,0,,,write_missing_inner_index:1,,4.5,PRES,0.002
L1025,yes,pressure,device-eligible,POIS::VRADBG,pois.f90,4383,4391,3,pencil,"J,K,M",do,,,3,0,leaf,,0,0,0,0,0,0,,,write_derived_index:1,,13.5,PRES,0.006
L1026,yes,pressure,device-eligible,POIS::VRADBG,pois.f90,4394,4406,4,pencil,"J,K,I,M",do,,,5,0,leaf,,0,0,0,0,0,0,,,write_derived_index:2,,67.5,PRES,0.030
L1027,yes,pressure,device-eligible,POIS::VRADBG,pois.f90,4409,4421,4,pencil,"J,I,K,M",do,,,5,0,leaf,,0,0,0,0,0,0,,,write_derived_index:2,,67.5,PRES,0.030
L1028,yes,pressure,device-eligible,POIS::VRADBG,pois.f90,4424,4428,2,pencil,"IK,M",do,,,1,0,leaf,,0,0,0,0,0,0,,,,,1.5,PRES,0.001
L1029,yes,pressure,device-eligible,POIS::VRADBG,pois.f90,4429,4435,3,pencil,"J,K,M",do,,,1,0,leaf,,0,0,0,0,0,0,,,,,4.5,PRES,0.002
L1030,yes,pressure,device-eligible,POIS::VRADBG,pois.f90,4437,4449,4,pencil,"J,I,K,M",do,,,5,0,leaf,,0,0,0,0,0,0,,,,,67.5,PRES,0.030
L1031,yes,pressure,device-eligible,POIS::VRADBG,pois.f90,4452,4464,4,pencil,"J,K,I,M",do,,,5,0,leaf,,0,0,0,0,0,0,,,,,67.5,PRES,0.030
L1032,yes,pressure,device-eligible,POIS::VRADF2,pois.f90,3239,3244,2,pencil,"K,M",do,,,2,0,leaf,,0,0,0,0,0,0,,,write_derived_index:1,,3.0,PRES,0.001
L1033,yes,pressure,device-eligible,POIS::VRADF2,pois.f90,3249,3262,3,pencil,"K,I,M",do,,,5,0,leaf,,0,0,0,0,0,0,,,write_derived_index:2,,22.5,PRES,0.010
L1034,yes,pressure,device-eligible,POIS::VRADF2,pois.f90,3264,3269,2,pencil,"K,M",do,,,2,0,leaf,,0,0,0,0,0,0,,,write_derived_index:1,,3.0,PRES,0.001
L1035,yes,pressure,device-eligible,POIS::VRADF3,pois.f90,3299,3305,2,pencil,"M,K",do,,,3,0,leaf,,0,0,0,0,0,0,,,write_derived_index:1,,4.5,PRES,0.002
L1036,yes,pressure,device-eligible,POIS::VRADF3,pois.f90,3308,3336,3,pencil,"K,I,M",do,,,7,0,leaf,,0,0,0,0,0,0,,,write_derived_index:2,,31.5,PRES,0.014
L1037,yes,pressure,device-eligible,POIS::VRADF4,pois.f90,3365,3372,2,pencil,"M,K",do,,,4,0,leaf,,0,0,0,0,0,0,,,write_derived_index:2,,6.0,PRES,0.003
L1038,yes,pressure,device-eligible,POIS::VRADF4,pois.f90,3377,3413,3,pencil,"M,I,K",do,,,9,0,leaf,,0,0,0,0,0,0,,,write_derived_index:4,,40.5,PRES,0.018
L1039,yes,pressure,device-eligible,POIS::VRADF4,pois.f90,3417,3424,2,pencil,"M,K",do,,,4,0,leaf,,0,0,0,0,0,0,,,write_derived_index:2,,6.0,PRES,0.003
L1040,yes,pressure,device-eligible,POIS::VRADF5,pois.f90,3459,3472,2,pencil,"K,M",do,,,5,0,leaf,,0,0,0,0,0,0,,,write_derived_index:2,,7.5,PRES,0.003
L1041,yes,pressure,device-eligible,POIS::VRADF5,pois.f90,3475,3555,3,pencil,"K,I,M",do,,,11,0,leaf,,0,0,0,0,0,0,,,write_derived_index:4,,49.5,PRES,0.022
L1042,yes,pressure,device-eligible,POIS::VRADFG,pois.f90,3597,3601,2,pencil,"IK,M",do,,,1,0,leaf,,0,0,0,0,0,0,,,,,1.5,PRES,0.001
L1043,yes,pressure,device-eligible,POIS::VRADFG,pois.f90,3602,3608,3,pencil,"J,K,M",do,,,1,0,leaf,,0,0,0,0,0,0,,,,,4.5,PRES,0.002
L1044,yes,pressure,device-eligible,POIS::VRADFG,pois.f90,3611,3623,4,pencil,"J,I,K,M",do,,,5,0,leaf,,0,0,0,0,0,0,,,reduction_accum:1,,67.5,PRES,0.030
L1045,yes,pressure,device-eligible,POIS::VRADFG,pois.f90,3626,3638,4,pencil,"J,K,I,M",do,,,5,0,leaf,,0,0,0,0,0,0,,,reduction_accum:1,,67.5,PRES,0.030
L1046,yes,pressure,device-eligible,POIS::VRADFG,pois.f90,3640,3652,4,pencil,"J,K,I,M",do,,,5,0,leaf,,0,0,0,0,0,0,,,write_derived_index:2,,67.5,PRES,0.030
L1047,yes,pressure,device-eligible,POIS::VRADFG,pois.f90,3655,3667,4,pencil,"J,I,K,M",do,,,5,0,leaf,,0,0,0,0,0,0,,,write_derived_index:2,,67.5,PRES,0.030
L1048,yes,pressure,device-eligible,POIS::VRADFG,pois.f90,3670,3674,2,pencil,"IK,M",do,,,1,0,leaf,,0,0,0,0,0,0,,,,,1.5,PRES,0.001
L1049,yes,pressure,device-eligible,POIS::VRADFG,pois.f90,3676,3684,3,pencil,"J,K,M",do,,,3,0,leaf,,0,0,0,0,0,0,,,write_derived_index:1,,13.5,PRES,0.006
L1050,yes,pressure,device-eligible,POIS::VRADFG,pois.f90,3688,3715,4,pencil,"L,IK,M,J,IK,M",do,,,16,0,leaf,,0,0,0,0,0,0,,,reduction_accum:1; write_derived_index:2; write_missing_inner_index:1,,216.0,PRES,0.095
L1051,yes,pressure,device-eligible,POIS::VRADFG,pois.f90,3716,3722,3,pencil,"M,IK,J",do,,,1,0,leaf,,0,0,0,0,0,0,,,write_missing_inner_index:1,,4.5,PRES,0.002
L1052,yes,pressure,device-eligible,POIS::VRADFG,pois.f90,3725,3731,3,pencil,"K,I,M",do,,,1,0,leaf,,0,0,0,0,0,0,,,,,4.5,PRES,0.002
L1053,yes,pressure,device-eligible,POIS::VRADFG,pois.f90,3734,3740,3,pencil,"I,K,M",do,,,1,0,leaf,,0,0,0,0,0,0,,,,,4.5,PRES,0.002
L1054,yes,pressure,device-eligible,POIS::VRADFG,pois.f90,3742,3751,3,pencil,"J,K,M",do,,,4,0,leaf,,0,0,0,0,0,0,,,write_derived_index:2,,18.0,PRES,0.008
L1055,yes,pressure,device-eligible,POIS::VRADFG,pois.f90,3754,3768,4,pencil,"J,K,I,M",do,,,7,0,leaf,,0,0,0,0,0,0,,,write_derived_index:4,,94.5,PRES,0.042
L1056,yes,pressure,device-eligible,POIS::VRADFG,pois.f90,3771,3785,4,pencil,"J,I,K,M",do,,,7,0,leaf,,0,0,0,0,0,0,,,write_derived_index:4,,94.5,PRES,0.042
L1057,yes,pressure,device-eligible,POIS::VRFTB1,pois.f90,3845,3892,1,pencil,K1,do,,,45,10,tree,"VRADB2,VRADB3,VRADB4,VRADB5,VRADBG",5,1,539,5,0,0,,,goto:18; reduction_accum:6,goto:2,89.9,PRES,0.040
L1058,yes,pressure,device-eligible,POIS::VRFTB1,pois.f90,3904,3908,2,pencil,"J,I",do,,,1,0,leaf,,0,0,0,0,1,0,,,,,1.5,PRES,0.001
L1059,yes,pressure,device-eligible,POIS::VRFTB1,pois.f90,3910,3914,2,pencil,"J,I",do,,,1,0,leaf,,0,0,0,0,1,0,,,,,1.5,PRES,0.001
L1060,yes,pressure,device-eligible,POIS::VRFTF1,pois.f90,1768,1814,1,pencil,K1,do,,,45,10,tree,"VRADF2,VRADF3,VRADF4,VRADF5,VRADFG",5,1,559,5,0,0,,,goto:18; reduction_accum:3,goto:2,92.4,PRES,0.041
L1061,yes,pressure,device-eligible,POIS::VRFTF1,pois.f90,1824,1828,2,pencil,"J,I",do,,,1,0,leaf,,0,0,0,0,1,0,,,,,1.5,PRES,0.001
L1062,yes,pressure,device-eligible,POIS::VRFTF1,pois.f90,1830,1834,2,pencil,"J,I",do,,,1,0,leaf,,0,0,0,0,1,0,,,,,1.5,PRES,0.001
L1063,yes,pressure,device-eligible,POIS::VSCOSB,pois.f90,1951,1953,1,pencil,I,do,,,1,0,leaf,,0,0,0,0,0,0,,,,,0.5,PRES,0.000
L1064,yes,pressure,device-eligible,POIS::VSCOSB,pois.f90,1954,1958,2,pencil,"J,I",do,,,1,0,leaf,,0,0,0,0,0,0,,,,,1.5,PRES,0.001
L1065,yes,pressure,device-eligible,POIS::VSCOSF,pois.f90,2011,2013,1,pencil,I,do,,,1,0,leaf,,0,0,0,0,0,0,,,,,0.5,PRES,0.000
L1066,yes,pressure,device-eligible,POIS::VSCOSF,pois.f90,2016,2018,1,pencil,I,do,,,1,0,leaf,,0,0,0,0,0,0,,,write_derived_index:1,,0.5,PRES,0.000
L1067,yes,pressure,device-eligible,POIS::VSCOSF,pois.f90,2020,2025,2,pencil,"J,I",do,,,2,0,leaf,,0,0,0,0,0,0,,,,,3.0,PRES,0.001
L1068,yes,pressure,device-eligible,POIS::VSCOSQ,pois.f90,2120,2123,1,pencil,I,do,,,1,0,leaf,,0,0,0,0,0,0,,,,,0.5,PRES,0.000
L1069,yes,pressure,device-eligible,POIS::VSCOSQ,pois.f90,2126,2128,1,pencil,I,do,,,1,0,leaf,,0,0,0,0,0,0,,,write_derived_index:1,,0.5,PRES,0.000
L1070,yes,pressure,device-eligible,POIS::VSCOSQ,pois.f90,2132,2140,2,pencil,"J,I",do,,,3,0,leaf,,0,0,0,0,0,0,,,,,4.5,PRES,0.002
L1071,yes,pressure,device-eligible,POIS::VSCOSQ,pois.f90,2151,2155,2,pencil,"J,I",do,,,1,0,leaf,,0,0,0,0,0,0,,,,,1.5,PRES,0.001
L1072,yes,pressure,device-eligible,POIS::VSCOSQ,pois.f90,2157,2161,2,pencil,"J,I",do,,,1,0,leaf,,0,0,0,0,0,0,,,,,1.5,PRES,0.001
L1073,yes,pressure,device-eligible,POIS::VSCSB1,pois.f90,2191,2195,2,pencil,"K,I",do,,,1,0,leaf,,0,0,0,0,0,0,,,,,1.5,PRES,0.001
L1074,yes,pressure,device-eligible,POIS::VSCSB1,pois.f90,2196,2202,3,pencil,"K,J,I",do,,,1,0,leaf,,0,0,0,0,0,0,,,,,4.5,PRES,0.002
L1075,yes,pressure,device-eligible,POIS::VSCSBA,pois.f90,2226,2228,1,pencil,I,do,,,1,0,leaf,,0,0,0,0,0,0,,,,,0.5,PRES,0.000
L1076,yes,pressure,device-eligible,POIS::VSCSBA,pois.f90,2230,2232,1,pencil,I,do,,,1,0,leaf,,0,0,0,0,0,0,,,write_derived_index:1,,0.5,PRES,0.000
L1077,yes,pressure,device-eligible,POIS::VSCSBA,pois.f90,2234,2239,2,pencil,"J,I",do,,,2,0,leaf,,0,0,0,0,0,0,,,,,3.0,PRES,0.001
L1078,yes,pressure,device-eligible,POIS::VSCSF1,pois.f90,2265,2269,2,pencil,"K,I",do,,,1,0,leaf,,0,0,0,0,0,0,,,,,1.5,PRES,0.001
L1079,yes,pressure,device-eligible,POIS::VSCSF1,pois.f90,2271,2275,2,pencil,"K,I",do,,,1,0,leaf,,0,0,0,0,0,0,,,write_derived_index:1,,1.5,PRES,0.001
L1080,yes,pressure,device-eligible,POIS::VSCSF1,pois.f90,2277,2284,3,pencil,"K,J,I",do,,,2,0,leaf,,0,0,0,0,0,0,,,,,9.0,PRES,0.004
L1081,yes,pressure,device-eligible,POIS::VSCSFA,pois.f90,2310,2314,2,pencil,"J,I",do,,,1,0,leaf,,0,0,0,0,0,0,,,,,1.5,PRES,0.001
L1082,yes,pressure,device-eligible,POIS::VSCSFA,pois.f90,2315,2317,1,pencil,I,do,,,1,0,leaf,,0,0,0,0,0,0,,,,,0.5,PRES,0.000
L1083,yes,pressure,device-eligible,POIS::VSCSQ1,pois.f90,2346,2350,2,pencil,"K,I",do,,,1,0,leaf,,0,0,0,0,0,0,,,,,1.5,PRES,0.001
L1084,yes,pressure,device-eligible,POIS::VSCSQ1,pois.f90,2352,2356,2,pencil,"K,I",do,,,1,0,leaf,,0,0,0,0,0,0,,,write_derived_index:1,,1.5,PRES,0.001
L1085,yes,pressure,device-eligible,POIS::VSCSQ1,pois.f90,2358,2366,3,pencil,"J,K,I",do,,,3,0,leaf,,0,0,0,0,0,0,,,,,13.5,PRES,0.006
L1086,yes,pressure,device-eligible,POIS::VSINT,pois.f90,2452,2455,1,pencil,I,do,,,2,0,leaf,,0,0,0,0,0,0,,,write_derived_index:1,,1.0,PRES,0.000
L1087,yes,pressure,device-eligible,POIS::VSINT,pois.f90,2461,2467,2,pencil,"J,I",do,,,3,0,leaf,,0,0,0,0,0,0,,,write_missing_outer_index:1,,4.5,PRES,0.002
L1088,yes,pressure,device-eligible,POIS::VSINT,pois.f90,2469,2471,1,pencil,I,do,,,1,0,leaf,,0,0,0,0,0,0,,,,,0.5,PRES,0.000
L1089,yes,pressure,device-eligible,POIS::VSINT1,pois.f90,2510,2518,3,pencil,"J,K,I",do,,,3,0,leaf,,0,0,0,0,0,0,,,write_missing_outer_index:1,,13.5,PRES,0.006
L1090,yes,pressure,device-eligible,POIS::VSINT1,pois.f90,2520,2524,2,pencil,"K,I",do,,,1,0,leaf,,0,0,0,0,0,0,,,write_derived_index:1,,1.5,PRES,0.001
L1091,yes,pressure,device-eligible,POIS::VSINTA,pois.f90,2550,2552,1,pencil,I,do,,,1,0,leaf,,0,0,0,0,0,0,,,,,0.5,PRES,0.000
L1092,yes,pressure,device-eligible,POIS::VSINTA,pois.f90,2553,2558,2,pencil,"J,I",do,,,2,0,leaf,,0,0,0,0,0,0,,,,,3.0,PRES,0.001
L1093,yes,pressure,device-eligible,POIS::VSINTA,pois.f90,2560,2562,1,pencil,I,do,,,1,0,leaf,,0,0,0,0,0,0,,,write_derived_index:1,,0.5,PRES,0.000
L1094,yes,pressure,device-eligible,POIS::VSRFTB,pois.f90,2658,2664,3,pencil,"K,J,I",do,,,1,0,leaf,,0,0,0,0,0,0,,,,,4.5,PRES,0.002
L1095,yes,pressure,device-eligible,POIS::VSRTB1,pois.f90,2777,2781,2,pencil,"J,I",do,,,1,0,leaf,,0,0,0,0,0,0,,,,,1.5,PRES,0.001
L1096,yes,pressure,device-eligible,POIS::VSRTF1,pois.f90,2808,2814,3,pencil,"K,J,I",do,,,1,0,leaf,,0,0,0,0,0,0,,,,,4.5,PRES,0.002
L1097,yes,pressure,device-eligible,POIS::VSSINB,pois.f90,2851,2855,2,pencil,"J,I",do,,,1,0,leaf,,0,0,0,0,0,0,,,,,1.5,PRES,0.001
L1098,yes,pressure,device-eligible,POIS::VSSINB,pois.f90,2856,2858,1,pencil,I,do,,,1,0,leaf,,0,0,0,0,0,0,,,,,0.5,PRES,0.000
L1099,yes,pressure,device-eligible,POIS::VSSINF,pois.f90,2912,2914,1,pencil,I,do,,,1,0,leaf,,0,0,0,0,0,0,,,,,0.5,PRES,0.000
L1100,yes,pressure,device-eligible,POIS::VSSINF,pois.f90,2916,2918,1,pencil,I,do,,,1,0,leaf,,0,0,0,0,0,0,,,write_derived_index:1,,0.5,PRES,0.000
L1101,yes,pressure,device-eligible,POIS::VSSINF,pois.f90,2920,2925,2,pencil,"J,I",do,,,2,0,leaf,,0,0,0,0,0,0,,,,,3.0,PRES,0.001
L1102,yes,pressure,device-eligible,POIS::VSSINQ,pois.f90,2977,2979,1,pencil,I,do,,,1,0,leaf,,0,0,0,0,0,0,,,,,0.5,PRES,0.000
L1103,yes,pressure,device-eligible,POIS::VSSINQ,pois.f90,2981,2983,1,pencil,I,do,,,1,0,leaf,,0,0,0,0,0,0,,,write_derived_index:1,,0.5,PRES,0.000
L1104,yes,pressure,device-eligible,POIS::VSSINQ,pois.f90,2985,2991,2,pencil,"J,I",do,,,3,0,leaf,,0,0,0,0,0,0,,,,,4.5,PRES,0.002
L1105,yes,pressure,device-eligible,POIS::VSSINQ,pois.f90,3001,3005,2,pencil,"J,I",do,,,1,0,leaf,,0,0,0,0,0,0,,,,,1.5,PRES,0.001
L1106,yes,pressure,device-eligible,POIS::VSSINQ,pois.f90,3007,3011,2,pencil,"J,I",do,,,1,0,leaf,,0,0,0,0,0,0,,,,,1.5,PRES,0.001
L1107,yes,pressure,device-eligible,POIS::VSSNB1,pois.f90,3041,3047,3,pencil,"J,K,I",do,,,1,0,leaf,,0,0,0,0,0,0,,,,,4.5,PRES,0.002
L1108,yes,pressure,device-eligible,POIS::VSSNB1,pois.f90,3048,3052,2,pencil,"K,I",do,,,1,0,leaf,,0,0,0,0,0,0,,,,,1.5,PRES,0.001
L1109,yes,pressure,device-eligible,POIS::VSSNBA,pois.f90,3074,3076,1,pencil,I,do,,,1,0,leaf,,0,0,0,0,0,0,,,,,0.5,PRES,0.000
L1110,yes,pressure,device-eligible,POIS::VSSNBA,pois.f90,3078,3080,1,pencil,I,do,,,1,0,leaf,,0,0,0,0,0,0,,,write_derived_index:1,,0.5,PRES,0.000
L1111,yes,pressure,device-eligible,POIS::VSSNBA,pois.f90,3082,3087,2,pencil,"J,I",do,,,2,0,leaf,,0,0,0,0,0,0,,,,,3.0,PRES,0.001
L1112,yes,pressure,device-eligible,POIS::VSSNF1,pois.f90,3115,3119,2,pencil,"K,I",do,,,1,0,leaf,,0,0,0,0,0,0,,,,,1.5,PRES,0.001
L1113,yes,pressure,device-eligible,POIS::VSSNF1,pois.f90,3121,3125,2,pencil,"K,I",do,,,1,0,leaf,,0,0,0,0,0,0,,,write_derived_index:1,,1.5,PRES,0.001
L1114,yes,pressure,device-eligible,POIS::VSSNF1,pois.f90,3127,3134,3,pencil,"J,K,I",do,,,2,0,leaf,,0,0,0,0,0,0,,,,,9.0,PRES,0.004
L1115,yes,pressure,device-eligible,POIS::VSSNFA,pois.f90,3160,3164,2,pencil,"J,I",do,,,1,0,leaf,,0,0,0,0,0,0,,,,,1.5,PRES,0.001
L1116,yes,pressure,device-eligible,POIS::VSSNFA,pois.f90,3165,3167,1,pencil,I,do,,,1,0,leaf,,0,0,0,0,0,0,,,write_derived_index:1,,0.5,PRES,0.000
L1117,yes,pressure,device-eligible,POIS::VSSNQ1,pois.f90,3196,3200,2,pencil,"K,I",do,,,1,0,leaf,,0,0,0,0,0,0,,,,,1.5,PRES,0.001
L1118,yes,pressure,device-eligible,POIS::VSSNQ1,pois.f90,3202,3206,2,pencil,"K,I",do,,,1,0,leaf,,0,0,0,0,0,0,,,write_derived_index:1,,1.5,PRES,0.001
L1119,yes,pressure,device-eligible,POIS::VSSNQ1,pois.f90,3208,3216,3,pencil,"J,K,I",do,,,3,0,leaf,,0,0,0,0,0,0,,,,,13.5,PRES,0.006
L1120,no,pressure,device-eligible,GLOBMAT_SOLVER::CHECK_UNSUPPORTED_MESH,pres.f90,3965,4001,2,other,",NMLOC,NM",do/forever,,,22,0,leaf,,0,0,0,0,1,0,,,alloc_ptr_local:10; exit_out_of_nest:1; reduction_accum:6; write_derived_index:6,,0.7,PRES,0.000
L1121,yes,pressure,device-eligible,GLOBMAT_SOLVER::CHECK_UNSUPPORTED_MESH,pres.f90,4012,4026,3,wall,"ISET,NMLOC,IW",do,,,6,1,tree,POINT_TO_MESH,1,1,412,1,5,3,"EXTERNAL_WALL_TYPE,WALL_TYPE",,alloc_ptr_local:8; pointer_reassign:2,alloc_ptr_local:1; dt_alloc_component:1; pointer_reassign:1; string_op:1,196.2,PRES,0.086
L1122,yes,pressure,device-eligible,GLOBMAT_SOLVER::COPY_CCVAR_IN_HS,pres.f90,4351,4356,1,wall,IW,do,,,6,0,leaf,,0,0,0,0,4,4,"BOUNDARY_COORD_TYPE,WALL_TYPE",,alloc_ptr_local:7; pointer_reassign:2; write_derived_index:1,,1.2,PRES,0.001
L1123,yes,pressure,device-eligible,GLOBMAT_SOLVER::COPY_H_OMESH_TO_MESH,pres.f90,4079,4132,4,wall,"IW,KKO,JJO,IIO",do,,,37,2,tree,"COMPUTE_GUARD_CELL_INDEXES,REG_INTERP_WALL_DISTANCES",2,1,40,1,9,7,"BOUNDARY_COORD_TYPE,EXTERNAL_WALL_TYPE,OMESH_TYPE,WALL_TYPE",,alloc_ptr_local:27; dt_alloc_component:3; pointer_reassign:4; reduction_intrinsic:1; write_derived_index:1,alloc_ptr_local:1; dt_alloc_component:1; pointer_reassign:1,253.8,PRES,0.112
L1124,yes,pressure,device-eligible,GLOBMAT_SOLVER::COPY_H_OMESH_TO_MESH,pres.f90,4146,4198,4,wall,"IW,KKO,JJO,IIO",do,,,37,2,tree,"COMPUTE_GUARD_CELL_INDEXES,REG_INTERP_WALL_DISTANCES",2,1,40,1,9,7,"BOUNDARY_COORD_TYPE,EXTERNAL_WALL_TYPE,OMESH_TYPE,WALL_TYPE",,alloc_ptr_local:27; dt_alloc_component:3; pointer_reassign:4; reduction_intrinsic:1; write_derived_index:1,alloc_ptr_local:1; dt_alloc_component:1; pointer_reassign:1,253.8,PRES,0.112
L1125,no,pressure,device-eligible,GLOBMAT_SOLVER::DEALLOCATE_H_RESTORE_STORAGE,pres.f90,3291,3293,1,other,NM,do,,,1,0,leaf,,0,0,0,0,1,0,H_RESTORE_TYPE,,alloc:1; dt_alloc_component:2,,0.0,PRES,0.000
L1126,no,pressure,device-eligible,GLOBMAT_SOLVER::FINISH_GLMAT_SOLVER,pres.f90,6083,6092,1,other,IPZ,do,,,4,0,leaf,,0,0,0,0,8,0,"MPI_COMM,ZONE_SOLVE_TYPE",CLUSTER_SPARSE_SOLVER:1,dt_alloc_component:6; library_call:1; pointer_reassign:1,,0.0,PRES,0.000
L1127,yes,pressure,device-eligible,GLOBMAT_SOLVER::GET_BCS_H_MATRIX,pres.f90,4934,5009,4,wall,"IPZ,NM,IW,JLOC",do,,,51,3,tree,"GET_CC_UNKH,GET_CFACE_OPEN_BC_COEF,POINT_TO_MESH",3,1,448,3,29,16,"BOUNDARY_COORD_TYPE,CC_RCFACE_TYPE,WALL_TYPE,ZONE_SOLVE_TYPE",MPI_ALLREDUCE:1,alloc_ptr_local:14; dt_alloc_component:8; pointer_reassign:3; reduction_mpi:1; write_indirect:1,alloc_ptr_local:1; dt_alloc_component:3; pointer_reassign:1; string_op:1,880.2,PRES,0.388
L1128,yes,pressure,device-eligible,GLOBMAT_SOLVER::GET_H_MATRIX,pres.f90,5038,5260,7,cfaces,"IPZ,NM,X1AXIS,IFACE,ILOC,JLOC",do,,,130,4,tree,"COMPUTE_GUARD_CELL_INDEXES,GET_H_MATRIX_CC,POINT_TO_MESH,REG_INTERP_WALL_DISTANCES",4,1,773,3,46,21,"BOUNDARY_COORD_TYPE,CC_REGFACE_TYPE,EXTERNAL_WALL_TYPE,MESH_TYPE,OMESH_TYPE,WALL_TYPE,ZONE_SOLVE_TYPE",,alloc:1; alloc_ptr_local:66; dt_alloc_component:36; module_global_write:12; pointer_reassign:18,alloc_ptr_local:3; dt_alloc_component:3; module_global_write:1; pointer_reassign:3; string_op:1,11782.5,PRES,5.193
L1129,no,pressure,device-eligible,GLOBMAT_SOLVER::GET_H_MATRIX_LUDCMP,pres.f90,4446,4871,3,other,"IPZ,IROW,IPROC,IROW,IPROC,IROW",do,,,227,0,leaf,,0,0,0,0,23,0,"H_ROW_TYPE,MPI_COMM,ZONE_SOLVE_TYPE,ZSL_COMM_TYPE",CLUSTER_SPARSE_SOLVER:4; HYPRE_BOOMERAMGCREATE:1; HYPRE_BOOMERAMGSETCOARSENTYPE:1; HYPRE_BOOMERAMGSETMAXITER:1; HYPRE_BOOMERAMGSETNUMSWEEPS:1; HYPRE_BOOMERAMGSETPRINTLEVEL:1; HYPRE_BOOMERAMGSETRELAXTYPE:1; HYPRE_BOOMERAMGSETTOL:1; HYPRE_IJMATRIXASSEMBLE:1; HYPRE_IJMATRIXCREATE:1; HYPRE_IJMATRIXGETOBJECT:1; HYPRE_IJMATRIXINITIALIZE:1; HYPRE_IJMATRIXMIGRATE:1; HYPRE_IJMATRIXSETOBJECTTYPE:1; HYPRE_IJMATRIXSETVALUES:2; HYPRE_IJVECTORASSEMBLE:2; HYPRE_IJVECTORCREATE:2; HYPRE_IJVECTORGETOBJECT:2; HYPRE_IJVECTORINITIALIZE_V2:2; HYPRE_IJVECTORMIGRATE:4; HYPRE_IJVECTORSETOBJECTTYPE:2; HYPRE_IJVECTORSETVALUES:2; HYPRE_PARCSRMATRIXPRINT:1; HYPRE_PARCSRPCGCREATE:1; HYPRE_PARCSRPCGSETLOGGING:1; HYPRE_PARCSRPCGSETMAXITER:1; HYPRE_PARCSRPCGSETPRECOND:1; HYPRE_PARCSRPCGSETPRINTLEVEL:1; HYPRE_PARCSRPCGSETTOL:1; HYPRE_PARCSRPCGSETTWONORM:1; HYPRE_PARCSRPCGSETUP:1; MPI_ALLREDUCE:3; MPI_BARRIER:1; MPI_COMM_SPLIT:1; MPI_GATHERV:3,alloc:42; alloc_ptr_local:98; dt_alloc_component:129; io:8; library_call:44; module_global_write:2; mpi_call:2; pointer_reassign:1; reduction_intrinsic:3; reduction_mpi:6; return:2; string_op:4; write_derived_index:8; write_missing_outer_index:3,,20.4,PRES,0.000
L1130,yes,pressure,device-eligible,GLOBMAT_SOLVER::GET_H_REGFACES,pres.f90,5580,5601,1,wall,IW,do,,,14,0,leaf,,0,0,0,0,3,3,"BOUNDARY_COORD_TYPE,WALL_TYPE",,alloc_ptr_local:14; pointer_reassign:2; write_derived_index:6,,2.8,PRES,0.001
L1131,no,pressure,device-eligible,GLOBMAT_SOLVER::GET_H_REGFACES,pres.f90,5611,5621,3,other,"K,J,I",do,,,5,0,leaf,,0,0,0,0,2,1,,,alloc_ptr_local:2; reduction_accum:1; write_derived_index:1,,0.5,PRES,0.000
L1132,no,pressure,device-eligible,GLOBMAT_SOLVER::GET_H_REGFACES,pres.f90,5626,5628,1,other,II,do,,,1,0,leaf,,0,0,0,0,1,0,MESH_TYPE,,alloc_ptr_local:1; dt_alloc_component:1; write_derived_index:1,,0.0,PRES,0.000
L1133,no,pressure,device-eligible,GLOBMAT_SOLVER::GET_H_REGFACES,pres.f90,5638,5648,3,other,"K,J,I",do,,,5,0,leaf,,0,0,0,0,2,1,,,alloc_ptr_local:2; reduction_accum:1; write_derived_index:1,,0.5,PRES,0.000
L1134,no,pressure,device-eligible,GLOBMAT_SOLVER::GET_H_REGFACES,pres.f90,5653,5655,1,other,II,do,,,1,0,leaf,,0,0,0,0,1,0,MESH_TYPE,,alloc_ptr_local:1; dt_alloc_component:1; write_derived_index:1,,0.0,PRES,0.000
L1135,no,pressure,device-eligible,GLOBMAT_SOLVER::GET_H_REGFACES,pres.f90,5665,5675,3,other,"K,J,I",do,,,5,0,leaf,,0,0,0,0,2,1,,,alloc_ptr_local:2; reduction_accum:1; write_derived_index:1,,0.5,PRES,0.000
L1136,no,pressure,device-eligible,GLOBMAT_SOLVER::GET_H_REGFACES,pres.f90,5680,5682,1,other,II,do,,,1,0,leaf,,0,0,0,0,1,0,MESH_TYPE,,alloc_ptr_local:1; dt_alloc_component:1; write_derived_index:1,,0.0,PRES,0.000
L1137,yes,pressure,device-eligible,GLOBMAT_SOLVER::GET_MATRIXGRAPH_H_WHLDOM,pres.f90,5299,5309,2,cfaces,"X1AXIS,IFACE",do,,,8,0,leaf,,0,0,0,0,3,1,"CC_REGFACE_TYPE,MESH_TYPE,ZONE_SOLVE_TYPE",,alloc_ptr_local:7; dt_alloc_component:3; pointer_reassign:3,,1.2,PRES,0.001
L1138,yes,pressure,device-eligible,GLOBMAT_SOLVER::GET_MATRIXGRAPH_H_WHLDOM,pres.f90,5311,5315,1,cfaces,IFACE,do,,,6,0,leaf,,0,0,0,0,4,2,"CC_RCFACE_TYPE,MESH_TYPE,ZONE_SOLVE_TYPE",,alloc_ptr_local:6; dt_alloc_component:1; pointer_reassign:1,,0.3,PRES,0.000
L1139,yes,pressure,device-eligible,GLOBMAT_SOLVER::GET_MATRIXGRAPH_H_WHLDOM,pres.f90,5317,5322,1,cfaces,ICF,do,,,4,0,leaf,,0,0,0,0,4,2,"CC_CUTFACE_TYPE,MESH_TYPE,ZONE_SOLVE_TYPE",,,,0.2,PRES,0.000
L1140,yes,pressure,device-eligible,GLOBMAT_SOLVER::GET_MATRIXGRAPH_H_WHLDOM,pres.f90,5326,5528,7,cfaces,"IPZ,NM,X1AXIS,IFACE,IW,KKO",do,,,127,7,tree,"ADD_INPLACE_NNZ_H_WHLDOM,COMPUTE_GUARD_CELL_INDEXES,GET_CC_MATRIXGRAPH_H,POINT_TO_MESH",5,2,777,4,36,13,"BOUNDARY_COORD_TYPE,CC_REGFACE_TYPE,EXTERNAL_WALL_TYPE,MESH_TYPE,OMESH_TYPE,WALL_TYPE,ZONE_SOLVE_TYPE",,alloc:5; alloc_ptr_local:42; dt_alloc_component:18; module_global_write:25; pointer_reassign:10; reduction_intrinsic:1,alloc:2; alloc_ptr_dummy:1; alloc_ptr_local:2; dt_alloc_component:3; module_global_write:1; pointer_reassign:2; string_op:1,11709.6,PRES,5.161
L1141,no,pressure,device-eligible,GLOBMAT_SOLVER::GET_MATRIX_INDEXES_H,pres.f90,5718,5722,1,other,IPZ,do,,,2,0,leaf,,0,0,0,0,6,0,ZONE_SOLVE_TYPE,,pointer_reassign:1; reduction_intrinsic:1,,0.0,PRES,0.000
L1142,yes,pressure,device-eligible,GLOBMAT_SOLVER::GET_MATRIX_INDEXES_H,pres.f90,5725,5807,5,cell,"IPZ,NM,K,J,I,K",do,,,33,4,tree,"NUMBER_UNKH_CUTCELLS,POINT_TO_MESH",2,1,447,2,17,5,ZONE_SOLVE_TYPE,MPI_ALLREDUCE:1,alloc:6; alloc_ptr_local:7; dt_alloc_component:20; pointer_reassign:1; reduction_accum:2; reduction_intrinsic:1; reduction_mpi:1; write_missing_outer_index:2,alloc_ptr_local:1; dt_alloc_component:2; pointer_reassign:2; string_op:1,1302.8,PRES,0.574
L1143,yes,pressure,device-eligible,GLOBMAT_SOLVER::GLMAT_SOLVER,pres.f90,3351,3653,5,cell,"IPZ,NM,NM,K,J,I",do,,,153,6,tree,"GET_CUTCELL_HP,GET_FH_FROM_PRHS_AND_BCS,POINT_TO_MESH",6,3,720,6,58,28,"BOUNDARY_COORD_TYPE,CC_CUTCELL_TYPE,EXTERNAL_WALL_TYPE,MESH_TYPE,MPI_COMM,WALL_TYPE,ZONE_SOLVE_TYPE",CLUSTER_SPARSE_SOLVER:2; HYPRE_IJVECTORASSEMBLE:1; HYPRE_IJVECTORGETVALUES:1; HYPRE_IJVECTORMIGRATE:4; HYPRE_IJVECTORSETVALUES:1; HYPRE_PARCSRPCGGETFINALRELATIVE:1; HYPRE_PARCSRPCGGETNUMITERATIONS:1; HYPRE_PARCSRPCGSOLVE:1; MPI_ALLREDUCE:4; MPI_GATHERV:2; MPI_SCATTERV:2,alloc:2; alloc_ptr_local:68; dt_alloc_component:73; io:1; library_call:12; pointer_reassign:9; reduction_intrinsic:2; reduction_mpi:8; write_missing_outer_index:2,alloc_ptr_dummy:1; alloc_ptr_local:2; dt_alloc_component:6; pointer_reassign:4; string_op:1,2997.0,PRES,1.321
L1144,yes,pressure,device-eligible,GLOBMAT_SOLVER::GLMAT_SOLVER_SETUP,pres.f90,3729,3769,4,wall,"IW,KKO,JJO,IIO",do,,,25,1,tree,COMPUTE_GUARD_CELL_INDEXES,1,1,15,0,7,6,"BOUNDARY_COORD_TYPE,EXTERNAL_WALL_TYPE,OMESH_TYPE,WALL_TYPE",,alloc_ptr_local:22; dt_alloc_component:2; pointer_reassign:3,,155.2,PRES,0.068
L1145,yes,pressure,device-eligible,GLOBMAT_SOLVER::GLMAT_SOLVER_SETUP,pres.f90,3783,3831,4,wall,"IW,KKO,JJO,IIO,KKO,JJO",do,,,24,2,tree,COMPUTE_GUARD_CELL_INDEXES,1,1,15,0,7,6,"BOUNDARY_COORD_TYPE,EXTERNAL_WALL_TYPE,OMESH_TYPE,WALL_TYPE",,alloc_ptr_local:34; dt_alloc_component:5; pointer_reassign:3; write_derived_index:1,,149.8,PRES,0.066
L1146,no,pressure,device-eligible,GLOBMAT_SOLVER::PRESSURE_SOLVER_CHECK_RESIDUALS_U,pres.f90,5896,5902,1,other,IPZ,do,,,4,2,tree,"CURRENT_TIME,PRESSURE_SOLVER_CHECK_RESIDUALS",3,2,520,3,4,0,MESH_TYPE,,dt_alloc_component:1; reduction_accum:1; return:1,alloc_ptr_local:2; dt_alloc_component:1; pointer_reassign:2; string_op:1,1.3,PRES,0.000
L1147,yes,pressure,device-eligible,GLOBMAT_SOLVER::PRESSURE_SOLVER_CHECK_RESIDUALS_U,pres.f90,5920,5962,3,cell,"K,J,I",do,"!$OMP PARALLEL DO PRIVATE(I,J,K,IC,RHSS,LHSS,IMFCT,JMFCT,KMFCT,IPFCT,JPFCT,KPFCT) SCHEDULE(STATIC)",,31,2,tree,"UNSTRUCTURED_POISSON_RESIDUAL,UNSTRUCTURED_POISSON_RESIDUAL_RC",6,3,672,6,21,20,"CELL_TYPE,WALL_TYPE",,alloc_ptr_local:21; reduction_intrinsic:3,alloc_ptr_dummy:5; dt_alloc_component:5,199.0,PRES,0.088
L1148,yes,pressure,device-eligible,GLOBMAT_SOLVER::PRESSURE_SOLVER_CHECK_RESIDUALS_U,pres.f90,5977,6024,3,cell,"K,J,I",do,!$OMP DO COLLAPSE(3) SCHEDULE(STATIC),5975,30,8,tree,"GRADIENT_WEIGHT,UNSTRUCTURED_POISSON_RESIDUAL,UNSTRUCTURED_POISSON_RESIDUAL_RC",7,3,685,7,24,23,CELL_TYPE,,alloc_ptr_local:33; reduction_intrinsic:3,alloc_ptr_dummy:5; dt_alloc_component:6,201.2,PRES,0.089
L1149,yes,pressure,device-eligible,GLOBMAT_SOLVER::SET_CCVAR_CGSC_H,pres.f90,5863,5869,3,cell,"K,J,I",do,,,1,0,leaf,,0,0,0,0,7,6,CELL_TYPE,,,,1.0,PRES,0.000
L1150,yes,pressure,device-eligible,GLOBMAT_SOLVER::WRITE_EWC_TYPE_DIAGNOSTIC,pres.f90,4290,4329,4,wall,"IW,KKO,JJO,IIO",do,,,16,1,tree,COMPUTE_GUARD_CELL_INDEXES,1,1,15,0,5,5,"BOUNDARY_COORD_TYPE,EXTERNAL_WALL_TYPE,OMESH_TYPE,WALL_TYPE",,alloc_ptr_local:15; dt_alloc_component:2; io:2; pointer_reassign:3,,106.7,PRES,0.047
L1151,no,pressure,device-eligible,LOCMAT_SOLVER::ADD_INPLACE_NNZ_H,pres.f90,2491,2515,3,other,"LOCROW,IIND,ILOC,ILOC,JLOC",do,,,11,0,leaf,,0,0,0,0,2,0,,,write_indirect:3,,1.0,PRES,0.000
L1152,no,pressure,device-eligible,LOCMAT_SOLVER::FINISH_ULMAT_SOLVER,pres.f90,3094,3113,1,other,IPZ,do,,,11,0,leaf,,0,0,0,0,4,1,ZONE_MESH_TYPE,PARDISO:1,alloc:5; alloc_ptr_local:21; dt_alloc_component:17; library_call:1; pointer_reassign:1,,0.1,PRES,0.000
L1153,yes,pressure,device-eligible,LOCMAT_SOLVER::ULMAT_BCS_H_MATRIX,pres.f90,2723,2781,2,wall,"IW,JLOC",do,,,47,1,tree,GET_CFACE_OPEN_BC_COEF,1,1,19,1,24,19,"BOUNDARY_COORD_TYPE,CC_CUTCELL_TYPE,CC_RCFACE_TYPE,WALL_TYPE,ZONE_MESH_TYPE",,alloc_ptr_local:18; dt_alloc_component:1; pointer_reassign:2; reduction_accum:1; write_indirect:1,dt_alloc_component:1,31.1,PRES,0.014
L1154,yes,pressure,device-eligible,LOCMAT_SOLVER::ULMAT_GET_H_REGFACES,pres.f90,2031,2047,1,wall,IW,do,,,14,0,leaf,,0,0,0,0,4,4,"BOUNDARY_COORD_TYPE,WALL_TYPE",,alloc_ptr_local:14; pointer_reassign:2; write_derived_index:6,,2.8,PRES,0.001
L1155,no,pressure,device-eligible,LOCMAT_SOLVER::ULMAT_GET_H_REGFACES,pres.f90,2056,2069,3,other,"K,J,I",do,,,8,0,leaf,,0,0,0,0,2,2,"MESH_TYPE,ZONE_MESH_TYPE",,alloc_ptr_local:8; dt_alloc_component:2; pointer_reassign:2; reduction_accum:1; write_derived_index:1,,0.7,PRES,0.000
L1156,no,pressure,device-eligible,LOCMAT_SOLVER::ULMAT_GET_H_REGFACES,pres.f90,2074,2076,1,other,II,do,,,1,0,leaf,,0,0,0,0,0,0,MESH_TYPE,,alloc_ptr_local:2; dt_alloc_component:1,,0.0,PRES,0.000
L1157,no,pressure,device-eligible,LOCMAT_SOLVER::ULMAT_GET_H_REGFACES,pres.f90,2085,2098,3,other,"K,J,I",do,,,8,0,leaf,,0,0,0,0,2,2,"MESH_TYPE,ZONE_MESH_TYPE",,alloc_ptr_local:8; dt_alloc_component:2; pointer_reassign:2; reduction_accum:1; write_derived_index:1,,0.7,PRES,0.000
L1158,no,pressure,device-eligible,LOCMAT_SOLVER::ULMAT_GET_H_REGFACES,pres.f90,2103,2105,1,other,II,do,,,1,0,leaf,,0,0,0,0,0,0,MESH_TYPE,,alloc_ptr_local:2; dt_alloc_component:1,,0.0,PRES,0.000
L1159,no,pressure,device-eligible,LOCMAT_SOLVER::ULMAT_GET_H_REGFACES,pres.f90,2115,2128,3,other,"K,J,I",do,,,8,0,leaf,,0,0,0,0,2,2,"MESH_TYPE,ZONE_MESH_TYPE",,alloc_ptr_local:8; dt_alloc_component:2; pointer_reassign:2; reduction_accum:1; write_derived_index:1,,0.7,PRES,0.000
L1160,no,pressure,device-eligible,LOCMAT_SOLVER::ULMAT_GET_H_REGFACES,pres.f90,2133,2135,1,other,II,do,,,1,0,leaf,,0,0,0,0,0,0,MESH_TYPE,,alloc_ptr_local:2; dt_alloc_component:1,,0.0,PRES,0.000
L1161,yes,pressure,device-eligible,LOCMAT_SOLVER::ULMAT_H_MATRIX,pres.f90,2545,2612,4,cfaces,"X1AXIS,IFACE,ILOC,JLOC",do,,,68,0,leaf,,0,0,0,0,15,12,"CC_REGFACE_TYPE,MESH_TYPE",,alloc:1; alloc_ptr_local:26; dt_alloc_component:3; pointer_reassign:12; write_derived_index:1,,91.8,PRES,0.040
L1162,yes,pressure,device-eligible,LOCMAT_SOLVER::ULMAT_H_MATRIX,pres.f90,2617,2652,3,cfaces,"IFACE,ILOC,JLOC",do,,,29,0,leaf,,0,0,0,0,9,7,"CC_RCFACE_TYPE,MESH_TYPE",,alloc_ptr_local:11; dt_alloc_component:1; pointer_reassign:1; write_derived_index:1,,13.1,PRES,0.006
L1163,yes,pressure,device-eligible,LOCMAT_SOLVER::ULMAT_H_MATRIX,pres.f90,2655,2693,4,cfaces,"ICF,IFACE,ILOC,JLOC",do,,,27,0,leaf,,0,0,0,0,6,4,"CC_CUTFACE_TYPE,MESH_TYPE",,dt_alloc_component:7; write_derived_index:1,,36.5,PRES,0.016
L1164,no,pressure,device-eligible,LOCMAT_SOLVER::ULMAT_H_MATRIX_SOLVER_SETUP,pres.f90,2874,2882,2,other,"IROW,JCOL",do,,,5,0,leaf,,0,0,0,0,3,0,ZONE_MESH_TYPE,,alloc_ptr_local:4; dt_alloc_component:3; reduction_accum:1; write_derived_index:2,,0.1,PRES,0.000
L1165,no,pressure,device-eligible,LOCMAT_SOLVER::ULMAT_H_MATRIX_SOLVER_SETUP,pres.f90,2909,2911,1,other,I,do,,,1,0,leaf,,0,0,0,0,0,0,ZONE_MESH_TYPE,,alloc_ptr_local:1; dt_alloc_component:1,,0.0,PRES,0.000
L1166,no,pressure,device-eligible,LOCMAT_SOLVER::ULMAT_H_MATRIX_SOLVER_SETUP,pres.f90,2972,2977,2,other,"IROW,JCOL",do,,,2,0,leaf,,0,0,0,0,3,0,ZONE_MESH_TYPE,,alloc_ptr_local:2,,0.1,PRES,0.000
L1167,no,pressure,device-eligible,LOCMAT_SOLVER::ULMAT_H_MATRIX_SOLVER_SETUP,pres.f90,2979,2981,1,other,JCOL,do,,,1,0,leaf,,0,0,0,0,3,0,ZONE_MESH_TYPE,,alloc_ptr_local:1,,0.0,PRES,0.000
L1168,no,pressure,device-eligible,LOCMAT_SOLVER::ULMAT_H_MATRIX_SOLVER_SETUP,pres.f90,2985,2989,1,other,IROW,do,,,2,0,leaf,,0,0,0,0,4,0,ZONE_MESH_TYPE,HYPRE_IJMATRIXSETVALUES:1,alloc_ptr_local:4; dt_alloc_component:2; library_call:1,,0.0,PRES,0.000
L1169,yes,pressure,device-eligible,LOCMAT_SOLVER::ULMAT_MATRIXGRAPH_H,pres.f90,2176,2188,2,cfaces,"X1AXIS,IFACE",do,,,8,0,leaf,,0,0,0,0,3,2,"CC_REGFACE_TYPE,MESH_TYPE,ZONE_MESH_TYPE",,alloc_ptr_local:7; dt_alloc_component:3; pointer_reassign:3,,1.2,PRES,0.001
L1170,yes,pressure,device-eligible,LOCMAT_SOLVER::ULMAT_MATRIXGRAPH_H,pres.f90,2191,2195,1,cfaces,IFACE,do,,,6,0,leaf,,0,0,0,0,4,3,"CC_RCFACE_TYPE,MESH_TYPE,ZONE_MESH_TYPE",,alloc_ptr_local:6; dt_alloc_component:1; pointer_reassign:1,,0.3,PRES,0.000
L1171,yes,pressure,device-eligible,LOCMAT_SOLVER::ULMAT_MATRIXGRAPH_H,pres.f90,2198,2203,1,cfaces,ICF,do,,,4,0,leaf,,0,0,0,0,4,3,"CC_CUTFACE_TYPE,MESH_TYPE,ZONE_MESH_TYPE",,,,0.2,PRES,0.000
L1172,yes,pressure,device-eligible,LOCMAT_SOLVER::ULMAT_MATRIXGRAPH_H,pres.f90,2207,2238,2,cfaces,"X1AXIS,IFACE",do,,,37,1,tree,ADD_INPLACE_NNZ_H,1,1,36,1,5,4,"CC_REGFACE_TYPE,MESH_TYPE",,alloc:1; alloc_ptr_local:8; dt_alloc_component:3; pointer_reassign:3,,6.9,PRES,0.003
L1173,yes,pressure,device-eligible,LOCMAT_SOLVER::ULMAT_MATRIXGRAPH_H,pres.f90,2242,2262,1,wall,IW,do,,,20,0,leaf,,0,0,0,0,11,8,"BOUNDARY_COORD_TYPE,CC_CUTCELL_TYPE,WALL_TYPE,ZONE_MESH_TYPE",,alloc_ptr_local:11; dt_alloc_component:1; pointer_reassign:2; write_derived_index:2,,4.0,PRES,0.002
L1174,yes,pressure,device-eligible,LOCMAT_SOLVER::ULMAT_MATRIXGRAPH_H,pres.f90,2267,2288,1,cfaces,IFACE,do,,,18,1,tree,ADD_INPLACE_NNZ_H,1,1,36,1,5,4,"CC_RCFACE_TYPE,MESH_TYPE",,alloc_ptr_local:8; dt_alloc_component:1; pointer_reassign:1,,1.4,PRES,0.001
L1175,yes,pressure,device-eligible,LOCMAT_SOLVER::ULMAT_MATRIXGRAPH_H,pres.f90,2290,2315,2,cfaces,"ICF,IFACE",do,,,18,1,tree,ADD_INPLACE_NNZ_H,1,1,36,1,5,4,"CC_CUTFACE_TYPE,MESH_TYPE",,dt_alloc_component:2,,4.0,PRES,0.002
L1176,yes,pressure,device-eligible,LOCMAT_SOLVER::ULMAT_MATRIXGRAPH_H,pres.f90,2320,2361,5,cfaces,"X1AXIS,IFACE,LOCROW,IIND,ILOC",do,,,41,0,leaf,,0,0,0,0,7,4,"CC_REGFACE_TYPE,MESH_TYPE",,alloc:1; alloc_ptr_local:10; dt_alloc_component:3; pointer_reassign:3,,166.1,PRES,0.073
L1177,yes,pressure,device-eligible,LOCMAT_SOLVER::ULMAT_MATRIXGRAPH_H,pres.f90,2365,2397,3,wall,"IW,IIND,ILOC",do,,,26,0,leaf,,0,0,0,0,12,9,"BOUNDARY_COORD_TYPE,CC_CUTCELL_TYPE,WALL_TYPE,ZONE_MESH_TYPE",,alloc_ptr_local:14; dt_alloc_component:1; pointer_reassign:2; write_derived_index:1,,46.8,PRES,0.021
L1178,yes,pressure,device-eligible,LOCMAT_SOLVER::ULMAT_MATRIXGRAPH_H,pres.f90,2402,2435,4,cfaces,"IFACE,LOCROW,IIND,ILOC",do,,,22,0,leaf,,0,0,0,0,7,4,"CC_RCFACE_TYPE,MESH_TYPE",,alloc_ptr_local:10; dt_alloc_component:1; pointer_reassign:1,,29.7,PRES,0.013
L1179,yes,pressure,device-eligible,LOCMAT_SOLVER::ULMAT_MATRIXGRAPH_H,pres.f90,2437,2474,5,cfaces,"ICF,IFACE,LOCROW,IIND,ILOC",do,,,22,0,leaf,,0,0,0,0,7,4,"CC_CUTFACE_TYPE,MESH_TYPE",,dt_alloc_component:4; write_missing_inner_index:1,,89.1,PRES,0.039
L1180,no,pressure,device-eligible,LOCMAT_SOLVER::ULMAT_SOLVER,pres.f90,1444,1456,1,other,IPZ,do,,,7,2,tree,"PRESSURE_SOLVER_FFT,ULMAT_SOLVE_ZONE",65,10,6054,65,2,1,ZONE_MESH_TYPE,,alloc_ptr_local:4; pointer_reassign:1; return:1,alloc_ptr_dummy:1; alloc_ptr_local:4; dt_alloc_component:4; goto:22; io:1; library_call:1; module_global_write:14; pointer_reassign:4; string_op:1,15.2,PRES,0.000
L1181,no,pressure,device-eligible,LOCMAT_SOLVER::ULMAT_SOLVER_SETUP,pres.f90,1211,1214,1,other,IPZ,do,,,2,0,leaf,,0,0,0,0,3,0,"MESH_TYPE,ZONE_MESH_TYPE",,alloc_ptr_local:2; dt_alloc_component:1; pointer_reassign:1; reduction_intrinsic:1,,0.0,PRES,0.000
L1182,yes,pressure,device-eligible,LOCMAT_SOLVER::ULMAT_SOLVER_SETUP,pres.f90,1219,1306,2,wall,"IPZ,IW",do,,,66,7,tree,CHKMEMERR,1,1,14,1,3,0,"BOUNDARY_COORD_TYPE,EXTERNAL_WALL_TYPE,MESH_TYPE,WALL_TYPE,ZONE_MESH_TYPE",,alloc:14; alloc_ptr_local:84; dt_alloc_component:32; pointer_reassign:4; reduction_intrinsic:1; write_derived_index:1,io:1; shutdown_call:1; string_op:1,41.7,PRES,0.018
L1183,yes,pressure,device-eligible,LOCMAT_SOLVER::ULMAT_SOLVER_SETUP,pres.f90,1322,1381,4,cell,"IPZ,K,J,I,ICC,JCC",do,,,41,0,leaf,,0,0,0,0,10,7,"CC_CUTCELL_TYPE,CELL_TYPE,MESH_TYPE,ZONE_MESH_TYPE",,alloc:2; alloc_ptr_local:45; dt_alloc_component:7; pointer_reassign:1; write_indirect:1; write_missing_outer_index:2,,123.0,PRES,0.054
L1184,no,pressure,device-eligible,LOCMAT_SOLVER::ULMAT_SOLVER_SETUP,pres.f90,1395,1414,1,other,IPZ,do,,,6,4,tree,"ULMAT_BCS_H_MATRIX,ULMAT_H_MATRIX,ULMAT_H_MATRIX_SOLVER_SETUP,ULMAT_MATRIXGRAPH_H",6,2,896,6,2,1,ZONE_MESH_TYPE,,alloc_ptr_local:3; pointer_reassign:1,alloc:3; alloc_ptr_local:4; dt_alloc_component:5; io:1; library_call:1; module_global_write:1; pointer_reassign:4,2.3,PRES,0.000
L1185,no,pressure,device-eligible,LOCMAT_SOLVER::ULMAT_SOLVE_ZONE,pres.f90,1499,1503,1,other,ICVL,do,,,5,0,leaf,,0,0,0,0,7,6,ZONE_MESH_TYPE,,alloc_ptr_local:6; dt_alloc_component:5; write_derived_index:1,,0.1,PRES,0.000
L1186,yes,pressure,device-eligible,LOCMAT_SOLVER::ULMAT_SOLVE_ZONE,pres.f90,1505,1527,2,cfaces,"ICVL,JCC,JCC",do,,,15,2,tree,GET_FN_DIVERGENCE_CUTCELL,1,1,63,1,3,2,"CC_CUTCELL_TYPE,ZONE_MESH_TYPE",,alloc_ptr_local:9; dt_alloc_component:13; write_derived_index:2,dt_alloc_component:1,4.6,PRES,0.002
L1187,yes,pressure,device-eligible,LOCMAT_SOLVER::ULMAT_SOLVE_ZONE,pres.f90,1531,1557,1,cfaces,ICFACE,do,,,20,0,leaf,,0,0,0,0,11,11,"BOUNDARY_COORD_TYPE,CC_CUTCELL_TYPE,CC_CUTFACE_TYPE,CFACE_TYPE,EXTERNAL_WALL_TYPE,WALL_TYPE,ZONE_MESH_TYPE",,alloc_ptr_local:18; dt_alloc_component:5; pointer_reassign:4; write_derived_index:1,,1.0,PRES,0.000
L1188,yes,pressure,device-eligible,LOCMAT_SOLVER::ULMAT_SOLVE_ZONE,pres.f90,1561,1589,1,wall,IW,do,,,23,0,leaf,,0,0,0,0,17,12,"BOUNDARY_COORD_TYPE,CC_CUTCELL_TYPE,WALL_TYPE,ZONE_MESH_TYPE",,alloc_ptr_local:11; dt_alloc_component:3; pointer_reassign:2; write_derived_index:1,,4.6,PRES,0.002
L1189,yes,pressure,device-eligible,LOCMAT_SOLVER::ULMAT_SOLVE_ZONE,pres.f90,1593,1680,1,wall,IW,do,,,67,0,leaf,,0,0,0,0,27,25,"BOUNDARY_COORD_TYPE,CC_CUTCELL_TYPE,CC_RCFACE_TYPE,EXTERNAL_WALL_TYPE,WALL_TYPE,ZONE_MESH_TYPE",,alloc_ptr_local:21; dt_alloc_component:6; pointer_reassign:3; write_derived_index:2,,13.4,PRES,0.006
L1190,yes,pressure,device-eligible,LOCMAT_SOLVER::ULMAT_SOLVE_ZONE,pres.f90,1686,1694,3,cell,"K,J,I",do,,,3,0,leaf,,0,0,0,0,6,6,ZONE_MESH_TYPE,,alloc_ptr_local:1; dt_alloc_component:1; reduction_accum:2,,3.0,PRES,0.001
L1191,yes,pressure,device-eligible,LOCMAT_SOLVER::ULMAT_SOLVE_ZONE,pres.f90,1696,1708,2,cfaces,"ICC,JCC",do,,,9,0,leaf,,0,0,0,0,5,3,"CC_CUTCELL_TYPE,MESH_TYPE,ZONE_MESH_TYPE",,alloc_ptr_local:2; dt_alloc_component:5; reduction_accum:4,,1.4,PRES,0.001
L1192,yes,pressure,device-eligible,LOCMAT_SOLVER::ULMAT_SOLVE_ZONE,pres.f90,1713,1720,3,cell,"K,J,I",do,,,2,0,leaf,,0,0,0,0,6,6,ZONE_MESH_TYPE,,alloc_ptr_local:2; dt_alloc_component:2; write_indirect:1,,2.0,PRES,0.001
L1193,yes,pressure,device-eligible,LOCMAT_SOLVER::ULMAT_SOLVE_ZONE,pres.f90,1722,1732,2,cfaces,"ICC,JCC",do,,,7,0,leaf,,0,0,0,0,5,3,"CC_CUTCELL_TYPE,MESH_TYPE,ZONE_MESH_TYPE",,alloc_ptr_local:4; dt_alloc_component:9; write_indirect:2,,1.1,PRES,0.000
L1194,yes,pressure,device-eligible,LOCMAT_SOLVER::ULMAT_SOLVE_ZONE,pres.f90,1782,1790,3,cell,"K,J,I",do,,,3,0,leaf,,0,0,0,0,6,6,ZONE_MESH_TYPE,,alloc_ptr_local:1; dt_alloc_component:1; reduction_accum:2,,3.0,PRES,0.001
L1195,yes,pressure,device-eligible,LOCMAT_SOLVER::ULMAT_SOLVE_ZONE,pres.f90,1792,1804,2,cfaces,"ICC,JCC",do,,,9,0,leaf,,0,0,0,0,5,3,"CC_CUTCELL_TYPE,MESH_TYPE,ZONE_MESH_TYPE",,alloc_ptr_local:2; dt_alloc_component:5; reduction_accum:4,,1.4,PRES,0.001
L1196,yes,pressure,device-eligible,LOCMAT_SOLVER::ULMAT_SOLVE_ZONE,pres.f90,1808,1815,3,cell,"K,J,I",do,,,2,0,leaf,,0,0,0,0,6,6,ZONE_MESH_TYPE,,alloc_ptr_local:2; dt_alloc_component:2; write_indirect:1,,2.0,PRES,0.001
L1197,yes,pressure,device-eligible,LOCMAT_SOLVER::ULMAT_SOLVE_ZONE,pres.f90,1817,1827,2,cfaces,"ICC,JCC",do,,,7,0,leaf,,0,0,0,0,5,3,"CC_CUTCELL_TYPE,MESH_TYPE,ZONE_MESH_TYPE",,alloc_ptr_local:4; dt_alloc_component:9; write_indirect:2,,1.1,PRES,0.000
L1198,yes,pressure,device-eligible,LOCMAT_SOLVER::ULMAT_SOLVE_ZONE,pres.f90,1837,1846,3,cell,"K,J,I",do,,,4,0,leaf,,0,0,0,0,12,11,ZONE_MESH_TYPE,,alloc_ptr_local:3; dt_alloc_component:1; reduction_accum:2,,4.0,PRES,0.002
L1199,yes,pressure,device-eligible,LOCMAT_SOLVER::ULMAT_SOLVE_ZONE,pres.f90,1847,1875,2,cfaces,"ICC,JCC,JCC",do,,,19,0,leaf,,0,0,0,0,6,3,"CC_CUTCELL_TYPE,MESH_TYPE,ZONE_MESH_TYPE",,alloc_ptr_local:2; dt_alloc_component:13; reduction_accum:4,,2.9,PRES,0.001
L1200,no,pressure,device-eligible,LOCMAT_SOLVER::ULMAT_SOLVE_ZONE,pres.f90,1890,1893,1,other,IROW,do,,,4,0,leaf,,0,0,0,0,1,1,ZONE_MESH_TYPE,,alloc_ptr_local:6; dt_alloc_component:4; write_derived_index:1,,0.0,PRES,0.000
L1201,yes,pressure,device-eligible,LOCMAT_SOLVER::ULMAT_SOLVE_ZONE,pres.f90,1895,1906,2,cfaces,"ICC,JCC",do,,,8,0,leaf,,0,0,0,0,5,3,"CC_CUTCELL_TYPE,MESH_TYPE,ZONE_MESH_TYPE",,alloc_ptr_local:4; dt_alloc_component:10; write_derived_index:1; write_indirect:1,,1.2,PRES,0.001
L1202,yes,pressure,device-eligible,LOCMAT_SOLVER::ULMAT_SOLVE_ZONE,pres.f90,1908,1919,2,cfaces,"ICC,JCC",do,,,8,0,leaf,,0,0,0,0,5,3,"CC_CUTCELL_TYPE,MESH_TYPE,ZONE_MESH_TYPE",,alloc_ptr_local:4; dt_alloc_component:10; write_derived_index:1; write_indirect:1,,1.2,PRES,0.001
L1203,yes,pressure,device-eligible,LOCMAT_SOLVER::ULMAT_SOLVE_ZONE,pres.f90,1923,1925,1,cell,I,do,,,1,0,leaf,,0,0,0,0,5,3,,,alloc_ptr_local:2,,0.0,PRES,0.000
L1204,yes,pressure,device-eligible,LOCMAT_SOLVER::ULMAT_SOLVE_ZONE,pres.f90,1931,1994,1,wall,IW,do,,,38,0,leaf,,0,0,0,0,15,15,"BOUNDARY_COORD_TYPE,EXTERNAL_WALL_TYPE,WALL_TYPE,ZONE_MESH_TYPE",,alloc_ptr_local:54; pointer_reassign:3; write_derived_index:18,,7.6,PRES,0.003
L1205,yes,pressure,device-eligible,PRES::COMPUTE_VELOCITY_ERROR,pres.f90,839,1072,4,wall,"IW,KKO,JJO,IIO,KKO,JJO",do,,,89,0,leaf,,0,0,0,0,29,23,"BOUNDARY_COORD_TYPE,BOUNDARY_PROP1_TYPE,EXTERNAL_WALL_TYPE,MESH_TYPE,OMESH_TYPE,WALL_TYPE",,alloc_ptr_local:107; dt_alloc_component:66; pointer_reassign:7; reduction_intrinsic:1; write_derived_index:7,,480.6,PRES,0.212
L1206,yes,pressure,device-eligible,PRES::PRESSURE_SOLVER_CHECK_RESIDUALS,pres.f90,729,742,3,cell,"K,J,I",do,"!$OMP PARALLEL DO PRIVATE(I,J,K,RHSS,LHSS) SCHEDULE(STATIC)",,3,0,leaf,,0,0,0,0,15,15,,,alloc_ptr_local:13,,3.0,PRES,0.001
L1207,yes,pressure,device-eligible,PRES::PRESSURE_SOLVER_CHECK_RESIDUALS,pres.f90,758,764,3,cell,"K,J,I",do,!$OMP DO SCHEDULE(STATIC),755,1,0,leaf,,0,0,0,0,4,4,,,alloc_ptr_local:3,,1.0,PRES,0.000
L1208,yes,pressure,device-eligible,PRES::PRESSURE_SOLVER_CHECK_RESIDUALS,pres.f90,768,787,3,cell,"K,J,I",do,"!$OMP DO COLLAPSE(3) SCHEDULE(STATIC) PRIVATE(I,J,K,RHSS,LHSS)",755,3,0,leaf,,0,0,0,0,19,19,,,alloc_ptr_local:25,,3.0,PRES,0.001
L1209,yes,pressure,device-eligible,PRES::PRESSURE_SOLVER_COMPUTE_RHS,pres.f90,65,228,1,wall,IW,do,"!$OMP DO PRIVATE(IW,WC,EWC,BC,B1,I,J,K,IOR,NOM,DX_OTHER,DY_OTHER,DZ_OTHER,VT,TSI) !$OMP PRIVATE(TIME_RAMP_FACTOR,P_EXTERNAL,VEL_EDDY,H0)",54,81,1,tree,EVALUATE_RAMP,1,1,56,1,41,35,"BOUNDARY_COORD_TYPE,BOUNDARY_PROP1_TYPE,EXTERNAL_WALL_TYPE,MESH_TYPE,VENTS_TYPE,WALL_TYPE",,alloc_ptr_local:94; dt_alloc_component:9; pointer_reassign:5; write_derived_index:30,dt_alloc_component:1,19.0,PRES,0.008
L1210,yes,pressure,device-eligible,PRES::PRESSURE_SOLVER_COMPUTE_RHS,pres.f90,238,245,2,cell,"K,I",do,"!$OMP DO PRIVATE(TRM1,TRM3,TRM4)",54,4,0,leaf,,0,0,0,0,10,10,,,,,0.4,PRES,0.000
L1211,yes,pressure,device-eligible,PRES::PRESSURE_SOLVER_COMPUTE_RHS,pres.f90,250,260,3,cell,"K,J,I",do,"!$OMP DO PRIVATE(TRM1,TRM2,TRM3,TRM4)",54,5,0,leaf,,0,0,0,0,11,11,,,,,5.0,PRES,0.002
L1212,yes,pressure,device-eligible,PRES::PRESSURE_SOLVER_COMPUTE_RHS,pres.f90,267,277,3,cell,"K,J,I",do,"!$OMP DO PRIVATE(TRM1,TRM2,TRM3,TRM4)",54,5,0,leaf,,0,0,0,0,11,11,,,,,5.0,PRES,0.002
L1213,yes,pressure,device-eligible,PRES::PRESSURE_SOLVER_COMPUTE_RHS,pres.f90,282,292,3,cell,"K,J,I",do,"!$OMP DO PRIVATE(TRM1,TRM2,TRM3,TRM4)",54,5,0,leaf,,0,0,0,0,11,11,,,,,5.0,PRES,0.002
L1214,yes,pressure,device-eligible,PRES::PRESSURE_SOLVER_COMPUTE_RHS,pres.f90,297,307,3,cell,"K,J,I",do,"!$OMP DO PRIVATE(TRM1,TRM2,TRM3,TRM4)",54,5,0,leaf,,0,0,0,0,11,11,,,,,5.0,PRES,0.002
L1215,yes,pressure,device-eligible,PRES::PRESSURE_SOLVER_FFT,pres.f90,394,400,3,cell,"K,J,I",do,!$OMP DO,389,1,0,leaf,,0,0,0,0,4,4,,,alloc_ptr_local:1,,1.0,PRES,0.000
L1216,yes,pressure,device-eligible,PRES::PRESSURE_SOLVER_FFT,pres.f90,404,410,3,cell,"K,J,I",do,!$OMP DO,389,1,0,leaf,,0,0,0,0,4,4,,,alloc_ptr_local:1,,1.0,PRES,0.000
L1217,yes,pressure,device-eligible,PRES::PRESSURE_SOLVER_FFT,pres.f90,414,420,3,cell,"K,J,I",do,!$OMP DO,389,1,0,leaf,,0,0,0,0,4,4,,,alloc_ptr_local:1,,1.0,PRES,0.000
L1218,yes,pressure,device-eligible,PRES::PRESSURE_SOLVER_FFT,pres.f90,424,430,3,cell,"K,J,I",do,!$OMP DO,389,1,0,leaf,,0,0,0,0,4,4,,,alloc_ptr_local:1,,1.0,PRES,0.000
L1219,yes,pressure,device-eligible,PRES::PRESSURE_SOLVER_FFT,pres.f90,438,440,1,cell,I,do,,389,1,0,leaf,,0,0,0,0,5,3,,,alloc_ptr_local:2,,0.0,PRES,0.000
L1220,yes,pressure,device-eligible,PRES::PRESSURE_SOLVER_FFT,pres.f90,450,462,2,cell,"K,J",do,!$OMP DO,389,8,0,leaf,,0,0,0,0,8,8,,,alloc_ptr_local:14,,0.8,PRES,0.000
L1221,yes,pressure,device-eligible,PRES::PRESSURE_SOLVER_FFT,pres.f90,466,477,2,cell,"K,I",do,!$OMP DO,389,7,0,leaf,,0,0,0,0,8,8,,,alloc_ptr_local:12,,0.7,PRES,0.000
L1222,yes,pressure,device-eligible,PRES::PRESSURE_SOLVER_FFT,pres.f90,481,492,2,cell,"J,I",do,!$OMP DO,389,7,0,leaf,,0,0,0,0,8,8,,,alloc_ptr_local:12,,0.7,PRES,0.000
L1223,yes,pressure,device-eligible,PRES::TUNNEL_POISSON_SOLVER,pres.f90,531,537,3,cell,"K,J,I",do,,,1,0,leaf,,0,0,0,0,0,0,MESH_TYPE,,alloc_ptr_local:6; dt_alloc_component:3,,1.0,PRES,0.000
L1224,yes,pressure,device-eligible,PRES::TUNNEL_POISSON_SOLVER,pres.f90,544,567,3,cell,"I,K,J",do,,,16,0,leaf,,0,0,0,0,6,0,MESH_TYPE,,alloc_ptr_local:48; dt_alloc_component:23; write_derived_index:13,,16.0,PRES,0.007
L1225,yes,pressure,device-eligible,PRES::TUNNEL_POISSON_SOLVER,pres.f90,576,582,2,cell,"K,J",do,,,3,0,leaf,,0,0,0,0,0,0,MESH_TYPE,,alloc_ptr_local:13; dt_alloc_component:9; reduction_accum:2,,0.3,PRES,0.000
L1226,yes,pressure,device-eligible,PRES::TUNNEL_POISSON_SOLVER,pres.f90,583,589,2,cell,"K,J",do,,,3,0,leaf,,0,0,0,0,0,0,MESH_TYPE,,alloc_ptr_local:15; dt_alloc_component:9; reduction_accum:2,,0.3,PRES,0.000
L1227,yes,pressure,device-eligible,PRES::TUNNEL_POISSON_SOLVER,pres.f90,591,596,2,cell,"K,J",do,,,2,0,leaf,,0,0,0,0,0,0,MESH_TYPE,,alloc_ptr_local:12; dt_alloc_component:6; reduction_accum:2,,0.2,PRES,0.000
L1228,no,pressure,device-eligible,PRES::TUNNEL_POISSON_SOLVER,pres.f90,649,653,1,other,I,do,,,3,0,leaf,,0,0,0,0,5,0,,,,,0.0,PRES,0.000
L1229,no,pressure,device-eligible,PRES::TUNNEL_POISSON_SOLVER,pres.f90,661,663,1,other,I,do,,,1,0,leaf,,0,0,0,0,4,0,,,,,0.0,PRES,0.000
L1230,no,radiation,device-eligible,RAD::A_WSGG,radi.f90,5271,5273,1,other,MM,do,,,1,1,tree,A_WSGG,1,1,52,1,0,0,,,reduction_accum:1,recursion:1,0.1,RADI,0.000
L1231,no,radiation,device-eligible,RAD::A_WSGG,radi.f90,5282,5284,1,other,MM,do,,,1,0,leaf,,0,0,0,0,1,0,,,reduction_accum:1,,0.0,RADI,0.000
L1232,no,radiation,device-eligible,RAD::A_WSGG,radi.f90,5289,5291,1,other,MM,do,,,1,0,leaf,,0,0,0,0,1,0,,,reduction_accum:1,,0.0,RADI,0.000
L1233,no,radiation,device-eligible,RAD::A_WSGG,radi.f90,5296,5302,2,other,"MM,NN",do,,,3,0,leaf,,0,0,0,0,1,0,,,reduction_accum:1,,0.1,RADI,0.000
L1234,no,radiation,device-eligible,RAD::CALCULATE_DIRECTION_COEFFICIENTS,radi.f90,3510,3512,1,other,I,do,,,1,0,leaf,,0,0,0,0,2,0,,,write_derived_index:1,,0.0,RADI,0.000
L1235,no,radiation,device-eligible,RAD::CALCULATE_DIRECTION_COEFFICIENTS,radi.f90,3534,3542,1,other,N,do,,,7,0,leaf,,0,0,0,0,4,0,,,,,0.1,RADI,0.000
L1236,no,radiation,device-eligible,RAD::CALCULATE_DIRECTION_COEFFICIENTS,radi.f90,3547,3562,3,other,"N,K,NN",do,,,9,0,leaf,,0,0,0,0,2,0,,,reduction_intrinsic:1,,0.8,RADI,0.000
L1237,no,radiation,device-eligible,RAD::CALCULATE_DIRECTION_COEFFICIENTS,radi.f90,3581,3592,2,other,"IO,N",do,,,5,0,leaf,,0,0,0,0,10,0,,,reduction_intrinsic:1,,0.1,RADI,0.000
L1238,yes,radiation,device-eligible,RAD::COMPUTE_RADIATION::ADD_VOLUMETRIC_HEAT_SOURCE,radi.f90,5101,5140,5,cell,"N,K,J,I,JCC",do,,,19,1,tree,EVALUATE_RAMP,1,1,56,1,12,9,"CC_CUTCELL_TYPE,INITIALIZATION_TYPE",,alloc_ptr_local:26; dt_alloc_component:6; exit_out_of_nest:1; pointer_reassign:1; reduction_accum:4; write_derived_index:1,dt_alloc_component:1,297.0,RADI,0.024
L1239,yes,radiation,device-eligible,RAD::COMPUTE_RADIATION::RADIATION_FVM,radi.f90,3886,3892,1,wall,IW,do,,,5,0,leaf,,0,0,0,0,5,4,"BOUNDARY_PROP1_TYPE,SURFACE_TYPE,WALL_TYPE",,alloc_ptr_local:8; pointer_reassign:3,,1.0,RADI,0.000
L1240,yes,radiation,device-eligible,RAD::COMPUTE_RADIATION::RADIATION_FVM,radi.f90,3893,3900,1,particle,IP,do,,,6,0,leaf,,0,0,0,0,5,3,"BOUNDARY_PROP1_TYPE,LAGRANGIAN_PARTICLE_CLASS_TYPE,LAGRANGIAN_PARTICLE_TYPE,SURFACE_TYPE",,alloc_ptr_local:10; pointer_reassign:4,,0.3,RADI,0.000
L1241,yes,radiation,device-eligible,RAD::COMPUTE_RADIATION::RADIATION_FVM,radi.f90,3901,3907,1,cfaces,ICF,do,,,5,0,leaf,,0,0,0,0,5,4,"BOUNDARY_PROP1_TYPE,CFACE_TYPE,SURFACE_TYPE",,alloc_ptr_local:8; pointer_reassign:3,,0.2,RADI,0.000
L1242,yes,radiation,device-eligible,RAD::COMPUTE_RADIATION::RADIATION_FVM,radi.f90,3912,4953,7,cell,"IBND,N,K,J,I,IP",do,,,597,37,tree,"ADD_VOLUMETRIC_HEAT_SOURCE,A_WSGG,BLACKBODY_FRACTION,CALC_PARTICLE_TEMP_ORIENTATION,EVALUATE_RAMP,GET_CFACE_RAD_NVEC,GET_IJK,GET_KAPPA,GET_MASS_FRACTION,GET_VOLUME_FRACTION,INTERPOLATE1D,KAPPA_SOOT,KA",16,2,397,16,115,53,"BOUNDARY_COORD_TYPE,BOUNDARY_PROP1_TYPE,BOUNDARY_RADIA_TYPE,CC_CUTCELL_TYPE,CC_CUTFACE_TYPE,CELL_TYPE,CFACE_TYPE,EXTERNAL_WALL_TYPE,INITIALIZATION_TYPE,LAGRANGIAN_PARTICLE_CLASS_TYPE,LAGRANGIAN_PARTICLE_TYPE,OMESH_TYPE,RAD_FILE_TYPE,SPECIES_MIXTURE_TYPE,SPECIES_TYPE,SURFACE_TYPE,VENTS_TYPE,WALL_TYPE",,alloc:2; alloc_ptr_local:462; dt_alloc_component:93; module_global_write:6; pointer_reassign:63; reduction_accum:23; reduction_intrinsic:11; write_derived_index:34; write_missing_inner_index:2; write_missing_outer_index:14,alloc_ptr_local:1; dt_alloc_component:4; pointer_reassign:1; recursion:1,56396.2,RADI,4.576
L1243,yes,radiation,device-eligible,RAD::COMPUTE_RADIATION::RADIATION_FVM,radi.f90,4961,4970,2,wall,"IW,IBND",do,,,6,0,leaf,,0,0,0,0,6,4,"BOUNDARY_PROP1_TYPE,BOUNDARY_RADIA_TYPE,WALL_TYPE",,alloc_ptr_local:10; dt_alloc_component:2; pointer_reassign:3; reduction_intrinsic:1,,3.6,RADI,0.000
L1244,yes,radiation,device-eligible,RAD::COMPUTE_RADIATION::RADIATION_FVM,radi.f90,4989,5034,2,particle,"IP,N,IBND",do,,,29,2,tree,"CALC_PARTICLE_TEMP_ORIENTATION,EVALUATE_RAMP",2,1,73,2,16,6,"BOUNDARY_COORD_TYPE,BOUNDARY_PROP1_TYPE,BOUNDARY_RADIA_TYPE,INITIALIZATION_TYPE,LAGRANGIAN_PARTICLE_CLASS_TYPE,LAGRANGIAN_PARTICLE_TYPE,SURFACE_TYPE",,alloc_ptr_local:38; dt_alloc_component:6; pointer_reassign:7; reduction_intrinsic:4,dt_alloc_component:1,7.1,RADI,0.001
L1245,yes,radiation,device-eligible,RAD::COMPUTE_RADIATION::RADIATION_FVM,radi.f90,5044,5059,4,cell,"N,K,J,I",do,,,8,0,leaf,,0,0,0,0,6,3,RAD_FILE_TYPE,,alloc_ptr_local:11; dt_alloc_component:1; io:7; pointer_reassign:1; string_op:3,,24.0,RADI,0.002
L1246,no,radiation,device-eligible,RAD::GET_KAPPA,radi.f90,5190,5204,1,other,N,do,,,11,0,leaf,,0,0,0,0,9,0,,,reduction_accum:1; reduction_intrinsic:1,,0.1,RADI,0.000
L1247,no,radiation,device-eligible,RAD::INTERPOLATE_IL,radi.f90,3623,3645,2,other,"NNEW,NOLD,I_INTP,I_INTP",do,,,9,0,leaf,,0,0,0,0,2,0,,,reduction_intrinsic:2; write_indirect:1,,0.3,RADI,0.000
L1248,yes,radiation,device-eligible,RAD::INTERPOLATE_IL,radi.f90,3651,3662,3,wall,"IW,IBND,I_INTP",do,,,6,0,leaf,,0,0,0,0,6,4,"BOUNDARY_RADIA_TYPE,WALL_TYPE",,alloc_ptr_local:9; dt_alloc_component:12; pointer_reassign:2,,10.8,RADI,0.001
L1249,yes,radiation,device-eligible,RAD::INTERPOLATE_IL,radi.f90,3665,3676,3,cfaces,"ICF,IBND,I_INTP",do,,,6,0,leaf,,0,0,0,0,6,4,"BOUNDARY_RADIA_TYPE,CFACE_TYPE",,alloc_ptr_local:9; dt_alloc_component:12; pointer_reassign:2,,2.7,RADI,0.000
L1250,yes,radiation,device-eligible,RAD::INTERPOLATE_IL,radi.f90,3679,3695,3,particle,"IP,IBND,I_INTP",do,,,9,0,leaf,,0,0,0,0,6,3,"BOUNDARY_RADIA_TYPE,LAGRANGIAN_PARTICLE_CLASS_TYPE,LAGRANGIAN_PARTICLE_TYPE",,alloc_ptr_local:14; dt_alloc_component:12; pointer_reassign:3,,4.0,RADI,0.000
L1251,no,radiation,device-eligible,RAD::INTERPOLATE_IL,radi.f90,3698,3713,4,other,"NNN,LL,IBND,I_INTP",do,,,7,0,leaf,,0,0,0,0,5,3,OMESH_TYPE,,alloc_ptr_local:11; dt_alloc_component:8; pointer_reassign:1,,1.9,RADI,0.000
L1252,no,radiation,device-eligible,RAD::KAPPA_WSGG,radi.f90,5244,5246,1,other,NN,do,,,1,0,leaf,,0,0,0,0,1,0,,,reduction_accum:1,,0.0,RADI,0.000
L1253,no,output,host,ISOSMOKE::GETISOBOX,smvv.f90,681,686,1,other,N,do,,,3,0,leaf,,0,0,0,0,0,0,,,reduction_accum:2; save_var:1,,0.0,DUMP,0.000
L1254,no,output,host,ISOSMOKE::GETISOBOX,smvv.f90,694,698,1,other,N,do,,,2,0,leaf,,0,0,0,0,0,0,,,reduction_accum:1; save_var:1,,0.0,DUMP,0.000
L1255,no,output,host,ISOSMOKE::GETISOBOX,smvv.f90,715,722,1,other,N,do,,,6,0,leaf,,0,0,0,0,0,0,,,save_var:6; write_indirect:6,,0.1,DUMP,0.000
L1256,no,output,host,ISOSMOKE::GETISOBOX,smvv.f90,767,783,1,other,N,do,,,14,3,tree,FMIX,1,1,4,1,0,0,,,alloc_ptr_local:3,,0.1,DUMP,0.000
L1257,no,output,host,ISOSMOKE::GET_MATCH,smvv.f90,163,169,1,other,I,do,,,4,1,tree,COMPARE_VEC3,1,1,9,1,0,0,,,alloc_ptr_local:3; pointer_reassign:1; return:1,save_var:1,0.1,DUMP,0.000
L1258,no,output,host,ISOSMOKE::ISO_TO_FILE,smvv.f90,55,66,1,other,I,do,,,8,2,tree,"ISO_TO_GEOM,MERGE_GEOM",7,3,544,7,0,0,,,alloc:4; alloc_ptr_local:13,alloc:3; alloc_ptr_dummy:5; alloc_ptr_local:3; pointer_reassign:1; save_var:1,1.4,DUMP,0.000
L1259,no,output,host,ISOSMOKE::ISO_TO_FILE,smvv.f90,99,118,1,other,IJK,do,,,17,1,tree,GET_IJK,1,1,16,1,0,0,,,alloc_ptr_local:4,dt_alloc_component:1,0.2,DUMP,0.000
L1260,no,output,host,ISOSMOKE::ISO_TO_GEOM,smvv.f90,253,291,3,other,"I,J,K",do,,,24,2,tree,"GETISOBOX,UPDATEISOSURFACE",5,2,441,5,0,0,,,alloc_ptr_dummy:2,alloc:2; alloc_ptr_dummy:3; alloc_ptr_local:3; pointer_reassign:1; save_var:1,12.1,DUMP,0.000
L1261,no,output,host,ISOSMOKE::MERGE_GEOM,smvv.f90,405,407,1,other,N,do,,,1,0,leaf,,0,0,0,0,0,0,,,alloc_ptr_dummy:2; write_derived_index:1,,0.0,DUMP,0.000
L1262,no,output,host,ISOSMOKE::REMOVE_DUPLICATE_ISO_VERTS,smvv.f90,194,203,1,other,IFROM,do,,,7,1,tree,GET_MATCH,2,2,26,2,0,0,,,alloc_ptr_local:2; reduction_accum:1; write_derived_index:1,alloc_ptr_local:1; pointer_reassign:1; save_var:1,0.1,DUMP,0.000
L1263,no,output,host,ISOSMOKE::REMOVE_DUPLICATE_ISO_VERTS,smvv.f90,208,210,1,other,I,do,,,1,0,leaf,,0,0,0,0,0,0,,,alloc_ptr_local:1,,0.0,DUMP,0.000
L1264,no,output,host,ISOSMOKE::RLE,smvv.f90,1017,1043,1,other,N,do,,,18,0,leaf,,0,0,0,0,0,0,,,reduction_accum:5; save_var:2; string_op:15; write_derived_index:4,,0.2,DUMP,0.000
L1265,no,output,host,ISOSMOKE::SLICE_TO_RLEFILE,smvv.f90,900,905,1,other,I,do,,,4,0,leaf,,0,0,0,0,0,0,,,alloc_ptr_local:1; string_op:1,,0.0,DUMP,0.000
L1266,no,output,host,ISOSMOKE::SLICE_TO_RLEFILE,smvv.f90,907,909,1,other,I,do,,,1,0,leaf,,0,0,0,0,0,0,,,alloc_ptr_local:1; string_op:1,,0.0,DUMP,0.000
L1267,no,output,host,ISOSMOKE::SMOKE3D_TO_FILE,smvv.f90,949,952,1,other,I,do,,,2,0,leaf,,0,0,0,0,0,0,,,alloc_ptr_local:1; string_op:1,,0.0,DUMP,0.000
L1268,no,output,host,ISOSMOKE::SMOKE3D_TO_FILE,smvv.f90,956,961,1,other,I,do,,,4,0,leaf,,0,0,0,0,1,0,,,alloc_ptr_local:1; reduction_accum:1; string_op:1,,0.0,DUMP,0.000
L1269,no,output,host,ISOSMOKE::SMOKE3D_TO_FILE,smvv.f90,965,970,1,other,I,do,,,4,0,leaf,,0,0,0,0,2,0,,,alloc_ptr_local:1; reduction_accum:1; string_op:1,,0.0,DUMP,0.000
L1270,yes,species_combustion,device-eligible,SOOT_ROUTINES::CALC_AGGLOMERATION,soot.f90,280,389,7,cell,"NS,K,J,I,N,N",do/while,,,78,2,tree,"CUNNINGHAM,GET_VISCOSITY",2,1,18,2,35,17,CELL_TYPE,,reduction_accum:1; reduction_intrinsic:4; while_loop:1; write_indirect:4,,6682.5,FIRE,0.336
L1271,no,particles,device-eligible,SOOT_ROUTINES::DROPLET_SCRUBBING,soot.f90,569,594,1,other,NS,do,,,20,0,leaf,,0,0,0,0,7,4,SPECIES_MIXTURE_TYPE,,alloc_ptr_local:6; pointer_reassign:1; write_derived_index:2,,0.2,PART,0.000
L1272,yes,predictor/corrector,device-eligible,SOOT_ROUTINES::SETTLING_VELOCITY,soot.f90,54,175,4,face,"N,K,J,I,IW,K",do,,,77,12,tree,"CUNNINGHAM,GET_CONDUCTIVITY,GET_VISCOSITY",3,1,28,3,31,24,"BOUNDARY_COORD_TYPE,CELL_TYPE,SPECIES_MIXTURE_TYPE,WALL_TYPE",,alloc_ptr_local:39; pointer_reassign:2; reduction_accum:6; write_derived_index:6,,252.0,VELO,1.325
L1273,yes,species_combustion,device-eligible,SOOT_ROUTINES::SOOT_SURFACE_OXIDATION,soot.f90,412,472,2,wall,"IW,NS,NS",do,,,45,7,tree,"GET_AVERAGE_SPECIFIC_HEAT,GET_MASS_FRACTION,GET_MOLECULAR_WEIGHT,GET_SPECIFIC_GAS_CONSTANT,GET_SPECIFIC_HEAT",5,1,48,5,29,16,"BOUNDARY_COORD_TYPE,BOUNDARY_PROP1_TYPE,SPECIES_MIXTURE_TYPE,SPECIES_TYPE,WALL_TYPE",,alloc_ptr_local:10; dt_alloc_component:7; pointer_reassign:4; reduction_intrinsic:2; save_var:2; write_derived_index:4,,34.2,FIRE,0.002
L1274,yes,species_combustion,device-eligible,SOOT_ROUTINES::SOOT_SURFACE_OXIDATION,soot.f90,474,534,2,cfaces,"ICF,NS,NS",do,,,45,7,tree,"GET_AVERAGE_SPECIFIC_HEAT,GET_MASS_FRACTION,GET_MOLECULAR_WEIGHT,GET_SPECIFIC_GAS_CONSTANT,GET_SPECIFIC_HEAT",5,1,48,5,25,12,"BOUNDARY_COORD_TYPE,BOUNDARY_PROP1_TYPE,CFACE_TYPE,SPECIES_MIXTURE_TYPE,SPECIES_TYPE",,alloc_ptr_local:10; dt_alloc_component:8; pointer_reassign:4; reduction_intrinsic:2; save_var:2; write_derived_index:4,,8.6,FIRE,0.000
L1275,yes,predictor/corrector,device-eligible,TURBULENCE::CALC_VARDEN_LEONARD_TERM,turb.f90,819,831,3,cell,"K,J,I",do,,,7,0,leaf,,0,0,0,0,3,3,,,alloc_ptr_local:25,,7.0,VELO,0.037
L1276,yes,predictor/corrector,device-eligible,TURBULENCE::COMPRESSION_WAVE,turb.f90,187,194,3,cell,"K,J,I",do,,,2,0,leaf,,0,0,0,0,6,6,,,,,2.0,VELO,0.011
L1277,yes,predictor/corrector,device-eligible,TURBULENCE::COMPRESSION_WAVE,turb.f90,195,202,3,cell,"K,J,I",do,,,2,0,leaf,,0,0,0,0,5,5,,,,,2.0,VELO,0.011
L1278,yes,predictor/corrector,device-eligible,TURBULENCE::COMPRESSION_WAVE,turb.f90,203,210,3,face,"K,J,I",do,,,2,0,leaf,,0,0,0,0,6,6,,,,,2.0,VELO,0.011
L1279,yes,predictor/corrector,device-eligible,TURBULENCE::COMPRESSION_WAVE,turb.f90,211,218,3,cell,"K,J,I",do,,,2,0,leaf,,0,0,0,0,9,9,,,,,2.0,VELO,0.011
L1280,yes,predictor/corrector,device-eligible,TURBULENCE::COMPRESSION_WAVE,turb.f90,221,227,3,cell,"K,J,I",do,,,1,0,leaf,,0,0,0,0,5,5,,,,,1.0,VELO,0.005
L1281,yes,predictor/corrector,device-eligible,TURBULENCE::COMPRESSION_WAVE,turb.f90,228,234,3,cell,"K,J,I",do,,,1,0,leaf,,0,0,0,0,4,4,,,,,1.0,VELO,0.005
L1282,yes,predictor/corrector,device-eligible,TURBULENCE::COMPRESSION_WAVE,turb.f90,235,241,3,face,"K,J,I",do,,,1,0,leaf,,0,0,0,0,5,5,,,,,1.0,VELO,0.005
L1283,yes,predictor/corrector,device-eligible,TURBULENCE::COMPRESSION_WAVE,turb.f90,242,248,3,cell,"K,J,I",do,,,1,0,leaf,,0,0,0,0,8,8,,,,,1.0,VELO,0.005
L1284,yes,predictor/corrector,device-eligible,TURBULENCE::COMPRESSION_WAVE,turb.f90,250,256,3,cell,"K,J,I",do,,,1,0,leaf,,0,0,0,0,5,5,,,,,1.0,VELO,0.005
L1285,yes,predictor/corrector,device-eligible,TURBULENCE::COMPRESSION_WAVE,turb.f90,257,263,3,cell,"K,J,I",do,,,1,0,leaf,,0,0,0,0,4,4,,,,,1.0,VELO,0.005
L1286,yes,predictor/corrector,device-eligible,TURBULENCE::COMPRESSION_WAVE,turb.f90,264,270,3,face,"K,J,I",do,,,1,0,leaf,,0,0,0,0,5,5,,,,,1.0,VELO,0.005
L1287,yes,predictor/corrector,device-eligible,TURBULENCE::COMPRESSION_WAVE,turb.f90,271,277,3,cell,"K,J,I",do,,,1,0,leaf,,0,0,0,0,8,8,,,,,1.0,VELO,0.005
L1288,no,predictor,device-eligible,TURBULENCE::EDDY_AMPLITUDE,turb.f90,1980,1992,1,other,J,do,,,8,0,leaf,,0,0,0,0,0,0,VENTS_TYPE,,alloc_ptr_local:4; dt_alloc_component:3; write_derived_index:3,,0.1,VELO,0.000
L1289,yes,predictor/corrector,device-eligible,TURBULENCE::FILL_EDGES,turb.f90,882,884,1,cell,I,do,,,1,0,leaf,,0,0,0,0,1,1,,,write_derived_index:1,,0.0,VELO,0.000
L1290,yes,predictor/corrector,device-eligible,TURBULENCE::FILL_EDGES,turb.f90,887,889,1,cell,I,do,,,1,0,leaf,,0,0,0,0,1,1,,,write_derived_index:1,,0.0,VELO,0.000
L1291,yes,predictor/corrector,device-eligible,TURBULENCE::FILL_EDGES,turb.f90,892,894,1,cell,I,do,,,1,0,leaf,,0,0,0,0,1,1,,,write_derived_index:1,,0.0,VELO,0.000
L1292,yes,predictor/corrector,device-eligible,TURBULENCE::FILL_EDGES,turb.f90,897,899,1,cell,I,do,,,1,0,leaf,,0,0,0,0,1,1,,,write_derived_index:1,,0.0,VELO,0.000
L1293,yes,predictor/corrector,device-eligible,TURBULENCE::FILL_EDGES,turb.f90,904,906,1,cell,J,do,,,1,0,leaf,,0,0,0,0,1,1,,,write_derived_index:1,,0.0,VELO,0.000
L1294,yes,predictor/corrector,device-eligible,TURBULENCE::FILL_EDGES,turb.f90,909,911,1,cell,J,do,,,1,0,leaf,,0,0,0,0,1,1,,,write_derived_index:1,,0.0,VELO,0.000
L1295,yes,predictor/corrector,device-eligible,TURBULENCE::FILL_EDGES,turb.f90,914,916,1,cell,J,do,,,1,0,leaf,,0,0,0,0,1,1,,,write_derived_index:1,,0.0,VELO,0.000
L1296,yes,predictor/corrector,device-eligible,TURBULENCE::FILL_EDGES,turb.f90,919,921,1,cell,J,do,,,1,0,leaf,,0,0,0,0,1,1,,,write_derived_index:1,,0.0,VELO,0.000
L1297,yes,predictor/corrector,device-eligible,TURBULENCE::FILL_EDGES,turb.f90,926,928,1,cell,K,do,,,1,0,leaf,,0,0,0,0,1,1,,,write_derived_index:1,,0.0,VELO,0.000
L1298,yes,predictor/corrector,device-eligible,TURBULENCE::FILL_EDGES,turb.f90,931,933,1,cell,K,do,,,1,0,leaf,,0,0,0,0,1,1,,,write_derived_index:1,,0.0,VELO,0.000
L1299,yes,predictor/corrector,device-eligible,TURBULENCE::FILL_EDGES,turb.f90,936,938,1,cell,K,do,,,1,0,leaf,,0,0,0,0,1,1,,,write_derived_index:1,,0.0,VELO,0.000
L1300,yes,predictor/corrector,device-eligible,TURBULENCE::FILL_EDGES,turb.f90,941,943,1,cell,K,do,,,1,0,leaf,,0,0,0,0,1,1,,,write_derived_index:1,,0.0,VELO,0.000
L1301,yes,output,host,TURBULENCE::SANDIA_OUT,turb.f90,2430,2443,3,cell,"K,J,I",do,,,6,0,leaf,,0,0,0,0,0,0,MESH_TYPE,,alloc_ptr_local:15; dt_alloc_component:6; write_derived_index:3,,6.0,DUMP,0.000
L1302,no,output,host,TURBULENCE::SANDIA_OUT,turb.f90,2454,2462,3,other,"K,J,I",do,,,1,0,leaf,,0,0,0,0,0,0,,,alloc_ptr_local:3; io:1,,0.1,DUMP,0.000
L1303,no,predictor,device-eligible,TURBULENCE::SYNTHETIC_TURBULENCE,turb.f90,1720,1751,2,other,"NV,KK",do,,,28,2,tree,"EVALUATE_RAMP,GET_WIND_AT_HEIGHT",2,1,83,2,5,2,"SURFACE_TYPE,VENTS_TYPE",,alloc_ptr_local:27; dt_alloc_component:3; pointer_reassign:2; write_derived_index:7,dt_alloc_component:1,1.5,VELO,0.000
L1304,no,predictor,device-eligible,TURBULENCE::SYNTHETIC_TURBULENCE,turb.f90,1757,1788,2,other,"NV,IC,NE",do,,,20,2,tree,"EDDY_AMPLITUDE,EDDY_POSITION",7,4,326,6,2,2,VENTS_TYPE,,alloc_ptr_local:29; dt_alloc_component:15; pointer_reassign:1; write_derived_index:1,alloc_ptr_local:3; dt_alloc_component:5; pointer_reassign:3,3.0,VELO,0.000
L1305,yes,predictor,device-eligible,TURBULENCE::SYNTHETIC_TURBULENCE,turb.f90,1796,1861,4,cell,"NV,NE,KK,JJ,NE,KK",do,,,26,3,tree,EDDY_VELOCITY_CONTRIB,1,1,41,1,5,5,VENTS_TYPE,,alloc_ptr_local:95; dt_alloc_component:51; pointer_reassign:1; reduction_intrinsic:4,dt_alloc_component:1,108.8,VELO,0.572
L1306,no,predictor,device-eligible,TURBULENCE::SYNTHETIC_TURBULENCE,turb.f90,1871,1886,1,other,NV,do,,,10,0,leaf,,0,0,0,0,2,2,VENTS_TYPE,,alloc_ptr_local:22; dt_alloc_component:6; pointer_reassign:1; reduction_intrinsic:3; write_derived_index:6,,0.1,VELO,0.000
L1307,no,predictor,device-eligible,TURBULENCE::SYNTHETIC_TURBULENCE,turb.f90,1894,1905,1,other,NV,do,,,9,0,leaf,,0,0,0,0,2,2,VENTS_TYPE,,alloc_ptr_local:13; dt_alloc_component:6; pointer_reassign:1,,0.1,VELO,0.000
L1308,no,output,host,TURBULENCE::TAU_WALL_IJ,turb.f90,1607,1617,4,other,"M,N,L,K",do,,,1,0,leaf,,0,0,0,0,0,0,,,write_missing_inner_index:1,,0.3,DUMP,0.000
L1309,yes,predictor/corrector,device-eligible,TURBULENCE::TENSOR_DIFFUSIVITY_MODEL,turb.f90,1323,1345,3,cell,"K,J,I",do,,,13,0,leaf,,0,0,0,0,13,13,,,alloc_ptr_local:20; write_derived_index:1,,13.0,VELO,0.068
L1310,yes,predictor/corrector,device-eligible,TURBULENCE::TENSOR_DIFFUSIVITY_MODEL,turb.f90,1347,1369,3,cell,"K,J,I",do,,,13,0,leaf,,0,0,0,0,13,13,,,alloc_ptr_local:20; write_derived_index:1,,13.0,VELO,0.068
L1311,yes,predictor/corrector,device-eligible,TURBULENCE::TENSOR_DIFFUSIVITY_MODEL,turb.f90,1371,1393,3,face,"K,J,I",do,,,13,0,leaf,,0,0,0,0,13,13,,,alloc_ptr_local:20; write_derived_index:1,,13.0,VELO,0.068
L1312,yes,predictor/corrector,device-eligible,TURBULENCE::TENSOR_DIFFUSIVITY_MODEL,turb.f90,1414,1434,3,cell,"K,J,I",do,,,12,0,leaf,,0,0,0,0,14,14,,,alloc_ptr_local:8,,12.0,VELO,0.063
L1313,yes,predictor/corrector,device-eligible,TURBULENCE::TENSOR_DIFFUSIVITY_MODEL,turb.f90,1436,1456,3,cell,"K,J,I",do,,,12,0,leaf,,0,0,0,0,14,14,,,alloc_ptr_local:8,,12.0,VELO,0.063
L1314,yes,predictor/corrector,device-eligible,TURBULENCE::TENSOR_DIFFUSIVITY_MODEL,turb.f90,1458,1479,3,face,"K,J,I",do,,,12,0,leaf,,0,0,0,0,14,14,,,alloc_ptr_local:8,,12.0,VELO,0.063
L1315,yes,predictor/corrector,device-eligible,TURBULENCE::TEST_FILTER,turb.f90,979,995,6,cell,"K,J,I,N,M,L",do,!$OMP DO SCHEDULE(static),977,2,0,leaf,,0,0,0,0,3,3,,,write_missing_inner_index:1,,54.0,VELO,0.284
L1316,yes,predictor/corrector,device-eligible,TURBULENCE::TEST_FILTER,turb.f90,1003,1019,6,cell,"K,J,I,N,M,L",do,!$OMP DO SCHEDULE(static),1001,2,0,leaf,,0,0,0,0,3,3,,,write_missing_inner_index:1,,54.0,VELO,0.284
L1317,yes,predictor/corrector,device-eligible,TURBULENCE::TEST_FILTER,turb.f90,1027,1043,6,cell,"K,J,I,N,M,L",do,!$OMP DO SCHEDULE(static),1025,2,0,leaf,,0,0,0,0,3,3,,,write_missing_inner_index:1,,54.0,VELO,0.284
L1318,yes,predictor/corrector,device-eligible,TURBULENCE::TEST_FILTER,turb.f90,1054,1059,2,cell,"K,J",do,!$OMP DO SCHEDULE(static),1052,2,0,leaf,,0,0,0,0,3,3,,,,,0.2,VELO,0.001
L1319,yes,predictor/corrector,device-eligible,TURBULENCE::TEST_FILTER,turb.f90,1063,1068,2,cell,"K,I",do,!$OMP DO SCHEDULE(static),1052,2,0,leaf,,0,0,0,0,3,3,,,,,0.2,VELO,0.001
L1320,yes,predictor/corrector,device-eligible,TURBULENCE::TEST_FILTER,turb.f90,1072,1077,2,cell,"J,I",do,!$OMP DO SCHEDULE(static),1052,2,0,leaf,,0,0,0,0,3,3,,,,,0.2,VELO,0.001
L1321,yes,predictor/corrector,device-eligible,TURBULENCE::VARDEN_DYNSMAG,turb.f90,501,534,3,cell,"K,J,I",do,,,20,0,leaf,,0,0,0,0,7,7,,,alloc_ptr_local:56,,20.0,VELO,0.105
L1322,yes,predictor/corrector,device-eligible,TURBULENCE::VARDEN_DYNSMAG,turb.f90,570,581,3,cell,"K,J,I",do,,,1,0,leaf,,0,0,0,0,3,3,,,alloc_ptr_local:13,,1.0,VELO,0.005
L1323,yes,predictor/corrector,device-eligible,TURBULENCE::VARDEN_DYNSMAG,turb.f90,633,645,3,cell,"K,J,I",do,,,7,0,leaf,,0,0,0,0,3,3,,,alloc_ptr_local:20,,7.0,VELO,0.037
L1324,yes,predictor/corrector,device-eligible,TURBULENCE::VARDEN_DYNSMAG,turb.f90,666,678,3,cell,"K,J,I",do,,,2,0,leaf,,0,0,0,0,3,3,,,alloc_ptr_local:26,,2.0,VELO,0.011
L1325,yes,predictor/corrector,device-eligible,TURBULENCE::VARDEN_DYNSMAG,turb.f90,690,710,3,cell,"K,J,I",do,,,4,0,leaf,,0,0,0,0,4,4,,,alloc_ptr_local:5,,4.0,VELO,0.021
L1326,no,predictor/corrector,device-eligible,TURBULENCE::WALE_VISCOSITY,turb.f90,1121,1126,2,other,"J,I",do,,,2,0,leaf,,0,0,0,0,0,0,,,,,0.1,VELO,0.000
L1327,no,predictor/corrector,device-eligible,TURBULENCE::WALE_VISCOSITY,turb.f90,1132,1137,2,other,"J,I",do,,,2,0,leaf,,0,0,0,0,0,0,,,reduction_accum:2,,0.1,VELO,0.000
L1328,no,predictor/corrector,device-eligible,TURBULENCE::WALE_VISCOSITY,turb.f90,1142,1150,4,other,"L,K,J,I",do,,,1,0,leaf,,0,0,0,0,0,0,,,reduction_accum:1,,0.3,VELO,0.000
L1329,no,solid_phase,device-eligible,TURBULENCE::WALL_MODEL,turb.f90,1211,1249,1,other,ITER,do,,,22,0,leaf,,0,0,0,0,1,0,,,,,0.2,WALL,0.000
L1330,yes,solid_phase,device-eligible,VEGE::GET_BOUNDARY_VALUES,vege.f90,618,623,1,cell,II,do,,,10,2,tree,FILL_BOUNDARY_VALUES,1,1,96,1,3,3,,,,alloc_ptr_local:1; dt_alloc_component:1; pointer_reassign:1,0.3,VEGE,0.000
L1331,yes,solid_phase,device-eligible,VEGE::GET_BOUNDARY_VALUES,vege.f90,624,629,1,cell,JJ,do,,,10,2,tree,FILL_BOUNDARY_VALUES,1,1,96,1,3,3,,,,alloc_ptr_local:1; dt_alloc_component:1; pointer_reassign:1,0.3,VEGE,0.000
L1332,yes,solid_phase,device-eligible,VEGE::GET_BOUNDARY_VALUES,vege.f90,630,639,2,cell,"JJ,II",do,,,6,2,tree,FILL_BOUNDARY_VALUES,1,1,96,1,2,2,,,,alloc_ptr_local:1; dt_alloc_component:1; pointer_reassign:1,3.0,VEGE,0.000
L1333,yes,solid_phase,device-eligible,VEGE::GET_BOUNDARY_VALUES::FILL_BOUNDARY_VALUES,vege.f90,678,699,2,cell,"JJO,IIO",do,,,15,0,leaf,,0,0,0,0,2,1,"EXTERNAL_WALL_TYPE,OMESH_TYPE",,alloc_ptr_local:4; dt_alloc_component:7; reduction_accum:7,,1.5,VEGE,0.000
L1334,yes,solid_phase,device-eligible,VEGE::LEVEL_SET_ADVECT_FLUX,vege.f90,885,894,2,cell,"J,I",do,,,6,1,tree,SCALAR_FACE_VALUE_LS,1,1,43,1,5,3,,,alloc_ptr_local:1,,1.7,VEGE,0.000
L1335,yes,solid_phase,device-eligible,VEGE::LEVEL_SET_ADVECT_FLUX,vege.f90,896,905,2,face,"J,I",do,,,6,1,tree,SCALAR_FACE_VALUE_LS,1,1,43,1,5,3,,,alloc_ptr_local:1,,1.7,VEGE,0.000
L1336,yes,solid_phase,device-eligible,VEGE::LEVEL_SET_ADVECT_FLUX,vege.f90,907,914,2,cell,"J,I",do,,,4,0,leaf,,0,0,0,0,8,7,SURFACE_TYPE,,alloc_ptr_local:5,,0.4,VEGE,0.000
L1337,no,solid_phase,device-eligible,VEGE::LEVEL_SET_FIRESPREAD,vege.f90,333,486,3,other,"JJG,IIG,KDUM",do,,,64,2,tree,"EVALUATE_RAMP,GET_WIND_AT_HEIGHT",2,1,83,2,24,18,SURFACE_TYPE,,module_global_write:2; pointer_reassign:1,dt_alloc_component:1,7.6,VEGE,0.000
L1338,yes,solid_phase,device-eligible,VEGE::LEVEL_SET_FIRESPREAD,vege.f90,506,536,4,wall,"JJG,IIG,IKT,IW",do,,,19,2,tree,IGNITE_GRID_CELL,1,1,35,1,24,18,"BOUNDARY_PROP1_TYPE,BOUNDARY_PROP2_TYPE,CC_CUTFACE_TYPE,CELL_TYPE,CFACE_TYPE,SURFACE_TYPE,WALL_TYPE",,dt_alloc_component:2; pointer_reassign:7,,149.8,VEGE,0.000
L1339,no,solid_phase,device-eligible,VEGE::LEVEL_SET_FIRESPREAD,vege.f90,538,552,2,other,"JJG,IIG",do,,,11,1,tree,IGNITE_GRID_CELL,1,1,35,1,15,10,"BOUNDARY_PROP1_TYPE,BOUNDARY_PROP2_TYPE,CELL_TYPE,SURFACE_TYPE,WALL_TYPE",,pointer_reassign:4,,0.6,VEGE,0.000
L1340,yes,solid_phase,device-eligible,VEGE::LEVEL_SET_SPREAD_RATE,vege.f90,763,857,2,cell,"J,I",do,,,45,0,leaf,,0,0,0,0,14,12,SURFACE_TYPE,,,,4.5,VEGE,0.000
L1341,yes,output,host,VEGE::UPDATE_FIRE_SPREAD_OUTPUTS,vege.f90,1233,1241,1,wall,IW,do,,,7,1,tree,COMPUTE_FIRE_SPREAD_OUTPUTS,1,1,31,1,6,5,"BOUNDARY_COORD_TYPE,BOUNDARY_PROP1_TYPE,SURFACE_TYPE,WALL_TYPE",,alloc_ptr_local:8; pointer_reassign:4,,3.0,VEGE,0.000
L1342,yes,output,host,VEGE::UPDATE_FIRE_SPREAD_OUTPUTS,vege.f90,1243,1251,1,cfaces,ICF,do,,,7,1,tree,COMPUTE_FIRE_SPREAD_OUTPUTS,1,1,31,1,8,7,"BOUNDARY_COORD_TYPE,BOUNDARY_PROP1_TYPE,CFACE_TYPE,SURFACE_TYPE",,alloc_ptr_local:8; pointer_reassign:4,,0.7,VEGE,0.000
L1343,yes,pressure,device-eligible,VELO::BAROCLINIC_CORRECTION,velo.f90,3254,3261,3,cell,"K,J,I",do,!$OMP DO SCHEDULE(STATIC),3252,2,0,leaf,,0,0,0,0,4,4,,,alloc_ptr_local:5,,2.0,VELO,0.011
L1344,yes,pressure,device-eligible,VELO::BAROCLINIC_CORRECTION,velo.f90,3267,3275,3,cell,"K,J,I",do,!$OMP DO SCHEDULE(STATIC),3252,2,0,leaf,,0,0,0,0,6,6,,,alloc_ptr_local:8,,2.0,VELO,0.011
L1345,yes,pressure,device-eligible,VELO::BAROCLINIC_CORRECTION,velo.f90,3282,3290,3,cell,"K,J,I",do,!$OMP DO SCHEDULE(STATIC),3252,2,0,leaf,,0,0,0,0,6,6,,,alloc_ptr_local:8,,2.0,VELO,0.011
L1346,yes,pressure,device-eligible,VELO::BAROCLINIC_CORRECTION,velo.f90,3297,3305,3,face,"K,J,I",do,!$OMP DO SCHEDULE(STATIC),3252,2,0,leaf,,0,0,0,0,6,6,,,alloc_ptr_local:8,,2.0,VELO,0.011
L1347,yes,other/shared,device-eligible,VELO::CHECK_STABILITY,velo.f90,3059,3080,3,cell,"K,J,I",do,!$OMP DO SCHEDULE(STATIC),3056,14,0,leaf,,0,0,0,0,13,12,CELL_TYPE,,reduction_intrinsic:3,,14.0,VELO,0.074
L1348,yes,other/shared,device-eligible,VELO::CHECK_STABILITY,velo.f90,3093,3108,1,wall,IW,do,,,13,0,leaf,,0,0,0,0,8,8,"BOUNDARY_COORD_TYPE,BOUNDARY_PROP1_TYPE,WALL_TYPE",,alloc_ptr_local:12; pointer_reassign:3,,2.6,VELO,0.014
L1349,yes,other/shared,device-eligible,VELO::CHECK_STABILITY,velo.f90,3121,3134,3,cell,"K,J,I",do,,,7,0,leaf,,0,0,0,0,11,11,CELL_TYPE,,,,7.0,VELO,0.037
L1350,yes,predictor/corrector,device-eligible,VELO::COMPUTE_VISCOSITY,velo.f90,80,88,3,cell,"K,J,I",do,!$OMP DO SCHEDULE(STATIC),77,3,1,tree,GET_VISCOSITY,1,1,11,1,8,7,CELL_TYPE,,alloc_ptr_local:3,,5.8,VELO,0.030
L1351,yes,predictor/corrector,device-eligible,VELO::COMPUTE_VISCOSITY,velo.f90,115,121,3,cell,"K,J,I",do,,,1,0,leaf,,0,0,0,0,7,7,,,alloc_ptr_local:1,,1.0,VELO,0.005
L1352,yes,predictor/corrector,device-eligible,VELO::COMPUTE_VISCOSITY,velo.f90,137,145,3,cell,"K,J,I",do,"!$OMP DO SCHEDULE(STATIC) PRIVATE(I,J,K)",134,3,0,leaf,,0,0,0,0,3,3,,,alloc_ptr_local:9,,3.0,VELO,0.016
L1353,yes,predictor/corrector,device-eligible,VELO::COMPUTE_VISCOSITY,velo.f90,151,164,1,wall,IW,do,"!$OMP DO SCHEDULE(STATIC) PRIVATE(IW,WC,BC)",134,9,0,leaf,,0,0,0,0,6,6,"BOUNDARY_COORD_TYPE,WALL_TYPE",,alloc_ptr_local:40; pointer_reassign:2; write_derived_index:6,,1.8,VELO,0.009
L1354,yes,predictor/corrector,device-eligible,VELO::COMPUTE_VISCOSITY,velo.f90,187,196,3,cell,"K,J,I",do,"!$OMP PARALLEL DO PRIVATE(DELTA, KSGS, NU_EDDY) SCHEDULE(STATIC)",,4,0,leaf,,0,0,0,0,7,6,,,alloc_ptr_local:7,,4.0,VELO,0.021
L1355,yes,predictor/corrector,device-eligible,VELO::COMPUTE_VISCOSITY,velo.f90,204,252,5,cell,"K,J,I,JJ,II",do,,,31,0,leaf,,0,0,0,0,12,11,,,alloc_ptr_local:31,,279.0,VELO,1.467
L1356,yes,predictor/corrector,device-eligible,VELO::COMPUTE_VISCOSITY,velo.f90,256,279,3,cell,"K,J,I",do,,,21,1,tree,WALE_VISCOSITY,1,1,58,1,9,9,,,alloc_ptr_local:31,,35.5,VELO,0.187
L1357,yes,predictor/corrector,device-eligible,VELO::COMPUTE_VISCOSITY,velo.f90,285,294,3,cell,"K,J,I",do,,,4,0,leaf,,0,0,0,0,4,4,,,alloc_ptr_local:6,,4.0,VELO,0.021
L1358,yes,predictor/corrector,device-eligible,VELO::COMPUTE_VISCOSITY,velo.f90,306,351,1,wall,IW,do,,,39,1,tree,WALE_VISCOSITY,1,1,58,1,15,12,"BOUNDARY_COORD_TYPE,BOUNDARY_PROP2_TYPE,SURFACE_TYPE,WALL_TYPE",,alloc_ptr_local:49; pointer_reassign:4; write_derived_index:4,,10.7,VELO,0.056
L1359,yes,predictor/corrector,device-eligible,VELO::COMPUTE_VISCOSITY,velo.f90,355,363,1,wall,IW,do,,,6,0,leaf,,0,0,0,0,8,8,"BOUNDARY_COORD_TYPE,CELL_TYPE,WALL_TYPE",,alloc_ptr_local:18; pointer_reassign:2; write_derived_index:2,,1.2,VELO,0.006
L1360,yes,predictor/corrector,device-eligible,VELO::COMPUTE_VISCOSITY::COMPUTE_STRAIN_RATE,velo.f90,413,435,3,cell,"K,J,I",do,,,17,0,leaf,,0,0,0,0,7,7,,,,,17.0,VELO,0.089
L1361,yes,predictor/corrector,device-eligible,VELO::COMPUTE_VISCOSITY::COMPUTE_STRAIN_RATE,velo.f90,440,483,1,wall,IW,do,,,33,0,leaf,,0,0,0,0,11,11,"BOUNDARY_COORD_TYPE,WALL_TYPE",,pointer_reassign:2; write_derived_index:1,,6.6,VELO,0.035
L1362,yes,predictor/corrector,device-eligible,VELO::MATCH_VELOCITY,velo.f90,2663,2853,4,wall,"IW,KKO,JJO,IIO,KKO,JJO",do,,,92,0,leaf,,0,0,0,0,16,12,"BOUNDARY_COORD_TYPE,EXTERNAL_WALL_TYPE,MESH_TYPE,OMESH_TYPE,WALL_TYPE",,alloc_ptr_local:200; dt_alloc_component:42; pointer_reassign:17; write_derived_index:6; write_missing_inner_index:6,,496.8,VELO,2.612
L1363,yes,pressure,device-eligible,VELO::MATCH_VELOCITY_FLUX,velo.f90,2891,3015,4,wall,"IW,KKO,JJO,IIO,KKO,JJO",do,,,35,0,leaf,,0,0,0,0,12,11,"BOUNDARY_COORD_TYPE,EXTERNAL_WALL_TYPE,MESH_TYPE,OMESH_TYPE,WALL_TYPE",,alloc_ptr_local:90; dt_alloc_component:24; pointer_reassign:5; write_derived_index:6,,189.0,VELO,0.994
L1364,yes,pressure,device-eligible,VELO::NO_FLUX,velo.f90,1376,1400,4,wall,"IW,KKO,JJO,IIO",do,,,15,0,leaf,,0,0,0,0,6,5,"BOUNDARY_COORD_TYPE,EXTERNAL_WALL_TYPE,OMESH_TYPE,WALL_TYPE",,alloc_ptr_local:24; dt_alloc_component:2; pointer_reassign:5; write_derived_index:1,,81.0,VELO,0.426
L1365,yes,pressure,device-eligible,VELO::NO_FLUX,velo.f90,1404,1459,4,cell,"N,K,J,I,K,J",do,,,22,0,leaf,,0,0,0,0,17,16,"CELL_TYPE,OBSTRUCTION_TYPE",,alloc_ptr_local:25; pointer_reassign:1; write_missing_outer_index:3,,66.0,VELO,0.347
L1366,yes,pressure,device-eligible,VELO::NO_FLUX,velo.f90,1463,1559,1,wall,IW,do,,,53,0,leaf,,0,0,0,0,20,18,"BOUNDARY_COORD_TYPE,BOUNDARY_PROP1_TYPE,EXTERNAL_WALL_TYPE,WALL_TYPE",,alloc_ptr_local:29; pointer_reassign:3; write_derived_index:12,,10.6,VELO,0.056
L1367,yes,predictor/corrector,device-eligible,VELO::VELOCITY_BC,velo.f90,1858,1897,4,wall,"IW,KKOO,JJOO,IIOO",do,,,28,0,leaf,,0,0,0,0,5,5,"BOUNDARY_COORD_TYPE,EXTERNAL_WALL_TYPE,OMESH_TYPE,WALL_TYPE",,alloc_ptr_local:61; dt_alloc_component:6; pointer_reassign:9; write_derived_index:6,,151.2,VELO,0.795
L1368,no,predictor/corrector,device-eligible,VELO::VELOCITY_BC,velo.f90,1905,2606,3,other,"IE,I_SGN,IS,I_SGN,ICD",do,,,394,5,tree,"EVALUATE_RAMP,GET_OPENBC_TANGENTIAL_CUTFACE_VEL,WALL_MODEL",5,2,278,5,32,22,"BOUNDARY_PROP1_TYPE,CELL_TYPE,EDGE_TYPE,OMESH_TYPE,SURFACE_TYPE,VENTS_TYPE,WALL_TYPE",,alloc_ptr_local:349; dt_alloc_component:68; pointer_reassign:29; reduction_accum:1; reduction_intrinsic:2; write_derived_index:80,alloc_ptr_dummy:3; alloc_ptr_local:3; dt_alloc_component:3; pointer_reassign:3,41.7,VELO,0.000
L1369,yes,corrector,device-eligible,VELO::VELOCITY_CORRECTOR,velo.f90,1724,1730,3,cell,"K,J,I",do,!$OMP DO SCHEDULE(STATIC),1721,1,0,leaf,,0,0,0,0,8,8,,,,,1.0,VELO,0.005
L1370,yes,corrector,device-eligible,VELO::VELOCITY_CORRECTOR,velo.f90,1734,1740,3,cell,"K,J,I",do,!$OMP DO SCHEDULE(STATIC),1721,1,0,leaf,,0,0,0,0,8,8,,,,,1.0,VELO,0.005
L1371,yes,corrector,device-eligible,VELO::VELOCITY_CORRECTOR,velo.f90,1744,1750,3,face,"K,J,I",do,!$OMP DO SCHEDULE(STATIC),1721,1,0,leaf,,0,0,0,0,8,8,,,,,1.0,VELO,0.005
L1372,yes,corrector,device-eligible,VELO::VELOCITY_CORRECTOR,velo.f90,1770,1778,3,cell,"K,J,I",do,,,3,1,tree,VD2D_MMS_U,4,3,25,4,6,6,,,,,9.2,VELO,0.049
L1373,yes,corrector,device-eligible,VELO::VELOCITY_CORRECTOR,velo.f90,1779,1787,3,face,"K,J,I",do,,,3,1,tree,VD2D_MMS_V,4,3,25,4,6,6,,,,,9.2,VELO,0.049
L1374,yes,predictor/corrector,device-eligible,VELO::VELOCITY_FLUX,velo.f90,619,639,3,face,"K,J,I",do,"!$OMP PARALLEL DO PRIVATE(DUDY,DVDX,DUDZ,DWDX,DVDZ,DWDY,MUX,MUY,MUZ) SCHEDULE(STATIC)",,15,0,leaf,,0,0,0,0,7,7,,,alloc_ptr_local:18,,15.0,VELO,0.079
L1375,yes,predictor/corrector,device-eligible,VELO::VELOCITY_FLUX,velo.f90,649,653,1,face,I,do,,,3,3,tree,EVALUATE_RAMP,1,1,56,1,6,2,,,,dt_alloc_component:1,0.2,VELO,0.001
L1376,yes,predictor/corrector,device-eligible,VELO::VELOCITY_FLUX,velo.f90,662,714,3,cell,"K,J,I",do,"!$OMP DO SCHEDULE(STATIC) PRIVATE(WOMY, VOMZ, TXXP, TXXM, DTXXDX, DTXYDY, DTXZDZ)",658,43,0,leaf,,0,0,0,0,12,12,"CELL_TYPE,EDGE_TYPE",,alloc_ptr_local:28,,43.0,VELO,0.226
L1377,yes,predictor/corrector,device-eligible,VELO::VELOCITY_FLUX,velo.f90,720,772,3,cell,"K,J,I",do,"!$OMP DO SCHEDULE(STATIC) PRIVATE(WOMX, UOMZ, TYYP, TYYM, DTXYDX, DTYYDY, DTYZDZ)",658,43,0,leaf,,0,0,0,0,12,12,"CELL_TYPE,EDGE_TYPE",,alloc_ptr_local:28,,43.0,VELO,0.226
L1378,yes,predictor/corrector,device-eligible,VELO::VELOCITY_FLUX,velo.f90,778,830,3,face,"K,J,I",do,"!$OMP DO SCHEDULE(STATIC) PRIVATE(UOMY, VOMX, TZZP, TZZM, DTXZDX, DTYZDY, DTZZDZ)",658,43,0,leaf,,0,0,0,0,12,12,"CELL_TYPE,EDGE_TYPE",,alloc_ptr_local:28,,43.0,VELO,0.226
L1379,yes,predictor/corrector,device-eligible,VELO::VELOCITY_FLUX::CORIOLIS_FORCE,velo.f90,970,978,3,cell,"K,J,I",do,!$OMP PARALLEL DO SCHEDULE(STATIC),,3,0,leaf,,0,0,0,0,3,3,,,alloc_ptr_local:3,,3.0,VELO,0.016
L1380,yes,predictor/corrector,device-eligible,VELO::VELOCITY_FLUX::CORIOLIS_FORCE,velo.f90,981,987,1,wall,IW,do,,,5,0,leaf,,0,0,0,0,6,6,"BOUNDARY_COORD_TYPE,WALL_TYPE",,alloc_ptr_local:15; pointer_reassign:2; write_derived_index:3,,1.0,VELO,0.005
L1381,yes,predictor/corrector,device-eligible,VELO::VELOCITY_FLUX::CORIOLIS_FORCE,velo.f90,992,1000,3,cell,"K,J,I",do,"!$OMP PARALLEL DO PRIVATE(VBAR,WBAR) SCHEDULE(STATIC)",,3,0,leaf,,0,0,0,0,5,4,,,alloc_ptr_local:4,,3.0,VELO,0.016
L1382,yes,predictor/corrector,device-eligible,VELO::VELOCITY_FLUX::CORIOLIS_FORCE,velo.f90,1006,1014,3,cell,"K,J,I",do,"!$OMP PARALLEL DO PRIVATE(UBAR,WBAR) SCHEDULE(STATIC)",,3,0,leaf,,0,0,0,0,5,4,,,alloc_ptr_local:4,,3.0,VELO,0.016
L1383,yes,predictor/corrector,device-eligible,VELO::VELOCITY_FLUX::CORIOLIS_FORCE,velo.f90,1020,1028,3,face,"K,J,I",do,"!$OMP PARALLEL DO PRIVATE(UBAR,VBAR) SCHEDULE(STATIC)",,3,0,leaf,,0,0,0,0,5,4,,,alloc_ptr_local:4,,3.0,VELO,0.016
L1384,no,predictor/corrector,device-eligible,VELO::VELOCITY_FLUX::DIRECT_FORCE,velo.f90,870,874,1,other,N,do,,,3,0,leaf,,0,0,0,0,3,0,CONTROL_TYPE,,reduction_accum:3,,0.0,VELO,0.000
L1385,yes,predictor/corrector,device-eligible,VELO::VELOCITY_FLUX::DIRECT_FORCE,velo.f90,896,903,3,cell,"K,J,I",do,!$OMP PARALLEL DO PRIVATE(RRHO) SCHEDULE(STATIC),,2,0,leaf,,0,0,0,0,5,4,,,,,2.0,VELO,0.011
L1386,yes,predictor/corrector,device-eligible,VELO::VELOCITY_FLUX::DIRECT_FORCE,velo.f90,917,924,3,cell,"K,J,I",do,!$OMP PARALLEL DO PRIVATE(RRHO) SCHEDULE(STATIC),,2,0,leaf,,0,0,0,0,5,4,,,,,2.0,VELO,0.011
L1387,yes,predictor/corrector,device-eligible,VELO::VELOCITY_FLUX::DIRECT_FORCE,velo.f90,938,945,3,face,"K,J,I",do,!$OMP PARALLEL DO PRIVATE(RRHO) SCHEDULE(STATIC),,2,0,leaf,,0,0,0,0,5,4,,,,,2.0,VELO,0.011
L1388,yes,predictor/corrector,device-eligible,VELO::VELOCITY_FLUX::MMS_VELOCITY_FLUX,velo.f90,1040,1046,3,cell,"K,J,I",do,,,1,1,tree,VD2D_MMS_U_SRC_3,1,1,236,1,6,6,,,,,60.0,VELO,0.315
L1389,yes,predictor/corrector,device-eligible,VELO::VELOCITY_FLUX::MMS_VELOCITY_FLUX,velo.f90,1048,1054,3,face,"K,J,I",do,,,1,1,tree,VD2D_MMS_V_SRC_3,2,2,243,2,6,6,,,,,61.8,VELO,0.325
L1390,yes,predictor/corrector,device-eligible,VELO::VELOCITY_FLUX::PATCH_VELOCITY_FLUX,velo.f90,1081,1198,4,cell,"N,K,J,I,K,J",do,,,58,18,tree,GINV,3,2,90,3,29,26,"CELL_TYPE,DEVICE_TYPE,PROPERTY_TYPE",,alloc_ptr_local:103; dt_alloc_component:2; pointer_reassign:2; write_missing_outer_index:3,alloc_ptr_local:3; dt_alloc_component:3; pointer_reassign:3,241.5,VELO,1.270
L1391,yes,predictor/corrector,device-eligible,VELO::VELOCITY_FLUX_CYLINDRICAL,velo.f90,1243,1253,3,face,"K,J,I",do,,,5,0,leaf,,0,0,0,0,6,6,,,alloc_ptr_local:6,,5.0,VELO,0.026
L1392,yes,predictor/corrector,device-eligible,VELO::VELOCITY_FLUX_CYLINDRICAL,velo.f90,1270,1302,2,cell,"K,I",do,,,27,0,leaf,,0,0,0,0,11,11,"CELL_TYPE,EDGE_TYPE",,alloc_ptr_local:17; write_derived_index:1,,2.7,VELO,0.014
L1393,yes,predictor/corrector,device-eligible,VELO::VELOCITY_FLUX_CYLINDRICAL,velo.f90,1306,1337,2,face,"K,I",do,,,26,0,leaf,,0,0,0,0,12,12,"CELL_TYPE,EDGE_TYPE",,alloc_ptr_local:16; write_derived_index:1,,2.6,VELO,0.014
L1394,yes,predictor,device-eligible,VELO::VELOCITY_PREDICTOR,velo.f90,1603,1609,3,cell,"K,J,I",do,!$OMP DO SCHEDULE(STATIC),1600,1,0,leaf,,0,0,0,0,8,8,,,,,1.0,VELO,0.005
L1395,yes,predictor,device-eligible,VELO::VELOCITY_PREDICTOR,velo.f90,1613,1619,3,cell,"K,J,I",do,!$OMP DO SCHEDULE(STATIC),1600,1,0,leaf,,0,0,0,0,8,8,,,,,1.0,VELO,0.005
L1396,yes,predictor,device-eligible,VELO::VELOCITY_PREDICTOR,velo.f90,1623,1629,3,face,"K,J,I",do,!$OMP DO SCHEDULE(STATIC),1600,1,0,leaf,,0,0,0,0,8,8,,,,,1.0,VELO,0.005
L1397,yes,predictor,device-eligible,VELO::VELOCITY_PREDICTOR,velo.f90,1648,1656,3,cell,"K,J,I",do,,,3,1,tree,VD2D_MMS_U,4,3,25,4,6,6,,,,,9.2,VELO,0.049
L1398,yes,predictor,device-eligible,VELO::VELOCITY_PREDICTOR,velo.f90,1657,1665,3,face,"K,J,I",do,,,3,1,tree,VD2D_MMS_V,4,3,25,4,6,6,,,,,9.2,VELO,0.049
L1399,yes,predictor/corrector,device-eligible,VELO::VISCOSITY_BC,velo.f90,514,550,4,wall,"IW,KKO,JJO,IIO",do,,,25,0,leaf,,0,0,0,0,9,9,"BOUNDARY_COORD_TYPE,EXTERNAL_WALL_TYPE,OMESH_TYPE,WALL_TYPE",,alloc_ptr_local:21; dt_alloc_component:4; pointer_reassign:3; write_derived_index:4,,135.0,VELO,0.710
L1400,yes,predictor/corrector,device-eligible,VELO::WALL_VELOCITY_NO_GRADH,velo.f90,3347,3368,1,wall,IW,do,,,13,0,leaf,,0,0,0,0,6,6,"BOUNDARY_COORD_TYPE,WALL_TYPE",,alloc_ptr_local:13; pointer_reassign:2; save_var:6,,2.6,VELO,0.014
L1401,yes,predictor/corrector,device-eligible,VELO::WALL_VELOCITY_NO_GRADH,velo.f90,3378,3408,1,wall,IW,do,,,20,0,leaf,,0,0,0,0,14,14,"BOUNDARY_COORD_TYPE,CELL_TYPE,WALL_TYPE",,alloc_ptr_local:14; pointer_reassign:2; write_derived_index:6,,4.0,VELO,0.021
L1402,yes,predictor/corrector,device-eligible,VELO::WALL_VELOCITY_NO_GRADH,velo.f90,3414,3450,1,wall,IW,do,,,21,0,leaf,,0,0,0,0,14,14,"BOUNDARY_COORD_TYPE,CELL_TYPE,WALL_TYPE",,alloc_ptr_local:15; pointer_reassign:2; save_var:1; write_derived_index:6,,4.2,VELO,0.022
L1403,no,output,host,VTK_FDS_INTERFACE::BUILD_VTK_GAS_PHASE_GEOMETRY2,vtkf.f90,119,128,3,other,"K,J,I",do,,,4,0,leaf,,0,0,0,0,1,0,MESH_TYPE,,alloc_ptr_dummy:3; dt_alloc_component:3; reduction_accum:1; write_derived_index:3,,0.4,DUMP,0.000
L1404,no,output,host,VTK_FDS_INTERFACE::BUILD_VTK_GAS_PHASE_GEOMETRY2,vtkf.f90,132,148,3,other,"I,J,K",do,,,11,0,leaf,,0,0,0,0,0,0,,,alloc_ptr_dummy:8; write_derived_index:8,,1.0,DUMP,0.000
L1405,no,output,host,VTK_FDS_INTERFACE::BUILD_VTK_GAS_PHASE_GEOMETRY2,vtkf.f90,154,157,1,other,I,do,,,2,0,leaf,,0,0,0,0,0,0,,,alloc_ptr_dummy:2,,0.0,DUMP,0.000
L1406,no,output,host,VTK_FDS_INTERFACE::BUILD_VTK_GEOM_GEOMETRY,vtkf.f90,543,547,1,other,I,do,,,3,0,leaf,,0,0,0,0,0,0,,,alloc_ptr_dummy:6,,0.0,DUMP,0.000
L1407,no,output,host,VTK_FDS_INTERFACE::BUILD_VTK_GEOM_GEOMETRY,vtkf.f90,549,555,1,other,I,do,,,5,0,leaf,,0,0,0,0,0,0,,,alloc_ptr_dummy:8,,0.1,DUMP,0.000
L1408,yes,output,host,VTK_FDS_INTERFACE::BUILD_VTK_SLICE_GEOMETRY2,vtkf.f90,331,338,2,cell,"K,J",do,,,4,0,leaf,,0,0,0,0,1,0,MESH_TYPE,,alloc_ptr_dummy:3; dt_alloc_component:3; reduction_accum:1; write_derived_index:3,,0.4,DUMP,0.000
L1409,yes,output,host,VTK_FDS_INTERFACE::BUILD_VTK_SLICE_GEOMETRY2,vtkf.f90,340,347,2,cell,"K,I",do,,,4,0,leaf,,0,0,0,0,1,0,MESH_TYPE,,alloc_ptr_dummy:3; dt_alloc_component:3; reduction_accum:1; write_derived_index:3,,0.4,DUMP,0.000
L1410,yes,output,host,VTK_FDS_INTERFACE::BUILD_VTK_SLICE_GEOMETRY2,vtkf.f90,349,361,2,cell,"J,I",do,,,7,0,leaf,,0,0,0,0,1,0,"MESH_TYPE,SLICE_TYPE",,alloc_ptr_dummy:5; dt_alloc_component:5; reduction_accum:1; write_derived_index:4,,0.7,DUMP,0.000
L1411,yes,output,host,VTK_FDS_INTERFACE::BUILD_VTK_SLICE_GEOMETRY2,vtkf.f90,365,374,3,cell,"K,J,I",do,,,4,0,leaf,,0,0,0,0,1,0,MESH_TYPE,,alloc_ptr_dummy:3; dt_alloc_component:3; reduction_accum:1; write_derived_index:3,,4.0,DUMP,0.000
L1412,no,output,host,VTK_FDS_INTERFACE::BUILD_VTK_SLICE_GEOMETRY2,vtkf.f90,396,404,2,other,"I,J",do,,,5,0,leaf,,0,0,0,0,0,0,,,alloc_ptr_dummy:4; reduction_accum:1; write_derived_index:4,,0.1,DUMP,0.000
L1413,no,output,host,VTK_FDS_INTERFACE::BUILD_VTK_SLICE_GEOMETRY2,vtkf.f90,406,409,1,other,I,do,,,2,0,leaf,,0,0,0,0,0,0,,,alloc_ptr_dummy:2,,0.0,DUMP,0.000
L1414,no,output,host,VTK_FDS_INTERFACE::BUILD_VTK_SLICE_GEOMETRY2,vtkf.f90,414,430,3,other,"I,J,K",do,,,11,0,leaf,,0,0,0,0,0,0,,,alloc_ptr_dummy:8; write_derived_index:8,,1.0,DUMP,0.000
L1415,no,output,host,VTK_FDS_INTERFACE::BUILD_VTK_SLICE_GEOMETRY2,vtkf.f90,433,436,1,other,I,do,,,2,0,leaf,,0,0,0,0,0,0,,,alloc_ptr_dummy:2,,0.0,DUMP,0.000
L1416,yes,output,host,VTK_FDS_INTERFACE::BUILD_VTK_SOLID_PHASE_GEOMETRY,vtkf.f90,470,477,2,cell,"K,J",do,,,4,0,leaf,,0,0,0,0,1,0,"MESH_TYPE,PATCH_TYPE",,alloc_ptr_dummy:8; dt_alloc_component:3; reduction_accum:1; write_derived_index:3,,0.4,DUMP,0.000
L1417,yes,output,host,VTK_FDS_INTERFACE::BUILD_VTK_SOLID_PHASE_GEOMETRY,vtkf.f90,479,486,2,cell,"K,I",do,,,4,0,leaf,,0,0,0,0,1,0,"MESH_TYPE,PATCH_TYPE",,alloc_ptr_dummy:8; dt_alloc_component:3; reduction_accum:1; write_derived_index:3,,0.4,DUMP,0.000
L1418,yes,output,host,VTK_FDS_INTERFACE::BUILD_VTK_SOLID_PHASE_GEOMETRY,vtkf.f90,488,495,2,cell,"J,I",do,,,4,0,leaf,,0,0,0,0,1,0,"MESH_TYPE,PATCH_TYPE",,alloc_ptr_dummy:8; dt_alloc_component:3; reduction_accum:1; write_derived_index:3,,0.4,DUMP,0.000
L1419,no,output,host,VTK_FDS_INTERFACE::BUILD_VTK_SOLID_PHASE_GEOMETRY,vtkf.f90,501,509,2,other,"I,J",do,,,5,0,leaf,,0,0,0,0,0,0,,,alloc_ptr_dummy:4; reduction_accum:1; write_derived_index:4,,0.1,DUMP,0.000
L1420,no,output,host,VTK_FDS_INTERFACE::BUILD_VTK_SOLID_PHASE_GEOMETRY,vtkf.f90,511,514,1,other,I,do,,,2,0,leaf,,0,0,0,0,0,0,,,alloc_ptr_dummy:2,,0.0,DUMP,0.000
L1421,yes,output,host,VTK_FDS_INTERFACE::GET_GEOMINFO_DUP,vtkf.f90,3103,3112,3,cell,"K,J,I",do,,,4,0,leaf,,0,0,0,0,3,3,,,write_missing_outer_index:3,,1.2,DUMP,0.000
L1422,no,output,host,VTK_FDS_INTERFACE::GET_GEOMINFO_DUP,vtkf.f90,3113,3128,2,other,"K,J",do,,,11,6,tree,IJK_DUP,1,1,4,1,2,2,CELL_TYPE,,write_missing_outer_index:8,,0.4,DUMP,0.000
L1423,yes,output,host,VTK_FDS_INTERFACE::GET_GEOMINFO_DUP,vtkf.f90,3130,3139,3,cell,"K,J,I",do,,,4,0,leaf,,0,0,0,0,3,3,,,write_missing_outer_index:3,,1.2,DUMP,0.000
L1424,no,output,host,VTK_FDS_INTERFACE::GET_GEOMINFO_DUP,vtkf.f90,3140,3155,2,other,"K,I",do,,,11,6,tree,IJK_DUP,1,1,4,1,2,2,CELL_TYPE,,write_missing_outer_index:8,,0.4,DUMP,0.000
L1425,yes,output,host,VTK_FDS_INTERFACE::GET_GEOMINFO_DUP,vtkf.f90,3157,3166,3,cell,"K,J,I",do,,,4,0,leaf,,0,0,0,0,3,3,,,write_missing_outer_index:3,,1.2,DUMP,0.000
L1426,no,output,host,VTK_FDS_INTERFACE::GET_GEOMINFO_DUP,vtkf.f90,3167,3182,2,other,"J,I",do,,,11,6,tree,IJK_DUP,1,1,4,1,2,2,CELL_TYPE,,write_missing_outer_index:8,,0.4,DUMP,0.000
L1427,yes,output,host,VTK_FDS_INTERFACE::GET_GEOMINFO_DUP,vtkf.f90,3194,3203,3,cell,"K,J,I",do,,,4,0,leaf,,0,0,0,0,3,3,,,write_missing_outer_index:3,,1.2,DUMP,0.000
L1428,yes,output,host,VTK_FDS_INTERFACE::GET_GEOMINFO_DUP,vtkf.f90,3204,3257,4,cfaces,"K,J,IFACECF,IVCF,IVCF",do,,,34,7,tree,"IJK_DUP,TRIANGULATE",7,5,470,7,4,4,"CC_CUTFACE_TYPE,CELL_TYPE",,alloc:2; alloc_ptr_local:9; dt_alloc_component:3; pointer_reassign:2; reduction_intrinsic:1; write_missing_outer_index:13,alloc_ptr_local:3; pointer_reassign:3; save_var:1,204.5,DUMP,0.000
L1429,yes,output,host,VTK_FDS_INTERFACE::GET_GEOMINFO_DUP,vtkf.f90,3259,3268,3,cell,"K,J,I",do,,,4,0,leaf,,0,0,0,0,3,3,,,write_missing_outer_index:3,,1.2,DUMP,0.000
L1430,yes,output,host,VTK_FDS_INTERFACE::GET_GEOMINFO_DUP,vtkf.f90,3269,3318,4,cfaces,"K,I,IFACECF,IVCF,IVCF",do,,,34,7,tree,"IJK_DUP,TRIANGULATE",7,5,470,7,4,4,"CC_CUTFACE_TYPE,CELL_TYPE",,alloc:2; alloc_ptr_local:9; dt_alloc_component:3; pointer_reassign:2; reduction_intrinsic:1; write_missing_outer_index:13,alloc_ptr_local:3; pointer_reassign:3; save_var:1,204.5,DUMP,0.000
L1431,yes,output,host,VTK_FDS_INTERFACE::GET_GEOMINFO_DUP,vtkf.f90,3320,3329,3,cell,"K,J,I",do,,,4,0,leaf,,0,0,0,0,3,3,,,write_missing_outer_index:3,,1.2,DUMP,0.000
L1432,yes,output,host,VTK_FDS_INTERFACE::GET_GEOMINFO_DUP,vtkf.f90,3330,3379,4,cfaces,"J,I,IFACECF,IVCF,IVCF",do,,,34,7,tree,"IJK_DUP,TRIANGULATE",7,5,470,7,4,4,"CC_CUTFACE_TYPE,CELL_TYPE",,alloc:2; alloc_ptr_local:9; dt_alloc_component:3; pointer_reassign:2; reduction_intrinsic:1; write_missing_outer_index:13,alloc_ptr_local:3; pointer_reassign:3; save_var:1,204.5,DUMP,0.000
L1433,yes,output,host,VTK_FDS_INTERFACE::GET_GEOMINFO_DUP,vtkf.f90,3385,3420,5,cell,"K,J,I,IFACECF,IVCF,IVCF",do,,,23,1,tree,TRIANGULATE,6,5,466,6,7,7,"CC_CUTFACE_TYPE,CELL_TYPE",,alloc:2; alloc_ptr_local:8; dt_alloc_component:5; pointer_reassign:2; write_derived_index:2; write_missing_outer_index:2,alloc_ptr_local:3; pointer_reassign:3; save_var:1,1255.5,DUMP,0.000
L1434,yes,output,host,VTK_FDS_INTERFACE::GET_GEOMINFO_DUP,vtkf.f90,3424,3537,7,cell,"KK,JJ,II,JCC,ICCF,KADD",do,,,78,2,tree,TRIANGULATE,6,5,466,6,11,11,"CC_CUTCELL_TYPE,CC_CUTFACE_TYPE,CELL_TYPE",,alloc:4; alloc_ptr_local:17; dt_alloc_component:15; pointer_reassign:4; write_missing_outer_index:18,alloc_ptr_local:3; pointer_reassign:3; save_var:1,15754.5,DUMP,0.000
L1435,yes,output,host,VTK_FDS_INTERFACE::GET_GEOMSIZES_DUP,vtkf.f90,2931,2945,3,cell,"K,J,IFACE",do,,,7,0,leaf,,0,0,0,0,4,4,"CC_CUTFACE_TYPE,CELL_TYPE",,dt_alloc_component:1; reduction_accum:3; reduction_intrinsic:1,,2.1,DUMP,0.000
L1436,yes,output,host,VTK_FDS_INTERFACE::GET_GEOMSIZES_DUP,vtkf.f90,2948,2962,3,cell,"K,I,IFACE",do,,,7,0,leaf,,0,0,0,0,4,4,"CC_CUTFACE_TYPE,CELL_TYPE",,dt_alloc_component:1; reduction_accum:3; reduction_intrinsic:1,,2.1,DUMP,0.000
L1437,yes,output,host,VTK_FDS_INTERFACE::GET_GEOMSIZES_DUP,vtkf.f90,2965,2979,3,cell,"I,J,IFACE",do,,,7,0,leaf,,0,0,0,0,4,4,"CC_CUTFACE_TYPE,CELL_TYPE",,dt_alloc_component:1; reduction_accum:3; reduction_intrinsic:1,,2.1,DUMP,0.000
L1438,yes,output,host,VTK_FDS_INTERFACE::GET_GEOMSIZES_DUP,vtkf.f90,2982,2996,4,cell,"K,J,I,IFACE",do,,,6,0,leaf,,0,0,0,0,7,7,"CC_CUTFACE_TYPE,CELL_TYPE",,dt_alloc_component:1; reduction_accum:2,,18.0,DUMP,0.000
L1439,yes,output,host,VTK_FDS_INTERFACE::GET_GEOMSIZES_DUP,vtkf.f90,2998,3031,5,cell,"K,J,I,JCC,ICCF",do,,,19,0,leaf,,0,0,0,0,8,8,"CC_CUTCELL_TYPE,CC_CUTFACE_TYPE,CELL_TYPE",,dt_alloc_component:9; reduction_accum:6,,171.0,DUMP,0.000
L1440,no,output,host,VTK_FDS_INTERFACE::INITIALIZE_VTKHDF_BNDF_STEP1,vtkf.f90,2249,2259,1,other,IP,do,,,7,2,tree,"BUILD_VTK_SOLID_PHASE_GEOMETRY,DEALLOCATE_VTK_GAS_PHASE_GEOMETRY",2,1,88,2,2,2,PATCH_TYPE,,alloc_ptr_local:15; pointer_reassign:1; reduction_accum:3,alloc:2; alloc_ptr_dummy:2; dt_alloc_component:1,0.3,DUMP,0.000
L1441,no,output,host,VTK_FDS_INTERFACE::INITIALIZE_VTKHDF_BNDF_STEP1,vtkf.f90,2333,2353,2,other,"NM,I",do,,,11,3,tree,PARALLEL_WRITE_I32,1,1,17,1,0,0,,,reduction_accum:1; reduction_intrinsic:2,library_call:1,0.5,DUMP,0.000
L1442,no,output,host,VTK_FDS_INTERFACE::INITIALIZE_VTKHDF_BNDF_STEP2,vtkf.f90,2483,2497,1,other,N,do,,,9,2,tree,PARALLEL_INIT_F32,1,1,26,1,2,0,BOUNDARY_FILE_TYPE,H5DCLOSE_F:1,alloc_ptr_local:4; library_call:1; pointer_reassign:1,library_call:1; string_op:1,0.2,DUMP,0.000
L1443,no,output,host,VTK_FDS_INTERFACE::INITIALIZE_VTKHDF_BNDF_STEP2,vtkf.f90,2526,2548,2,other,"IP,II",do,,,17,2,tree,"BUILD_VTK_SOLID_PHASE_GEOMETRY,DEALLOCATE_VTK_GAS_PHASE_GEOMETRY",2,1,88,2,2,2,PATCH_TYPE,,alloc:2; alloc_ptr_local:33; pointer_reassign:1; reduction_accum:5; write_derived_index:4,alloc:2; alloc_ptr_dummy:2; dt_alloc_component:1,1.2,DUMP,0.000
L1444,no,output,host,VTK_FDS_INTERFACE::INITIALIZE_VTKHDF_BNDF_STEP2,vtkf.f90,2597,2599,1,other,II,do,,,1,0,leaf,,0,0,0,0,0,0,,,alloc_ptr_local:4,,0.0,DUMP,0.000
L1445,no,output,host,VTK_FDS_INTERFACE::INITIALIZE_VTKHDF_BNDF_STEP2,vtkf.f90,2643,2666,1,other,NM,do,,,13,4,tree,"PARALLEL_WRITE_F32,PARALLEL_WRITE_I32,PARALLEL_WRITE_U8",3,1,51,3,0,0,,,reduction_accum:1; reduction_intrinsic:2,library_call:3,0.3,DUMP,0.000
L1446,no,output,host,VTK_FDS_INTERFACE::INITIALIZE_VTKHDF_FILES,vtkf.f90,1334,1336,1,other,II,do,,,1,1,tree,INITIALIZE_VTKHDF_SLCF,8,3,667,8,1,0,MESH_TYPE,,dt_alloc_component:1,alloc_ptr_local:2; dt_alloc_component:2; io:1; library_call:7; mpi_call:3; pointer_reassign:2; string_op:6,1.7,DUMP,0.000
L1447,yes,output,host,VTK_FDS_INTERFACE::INITIALIZE_VTKHDF_PART,vtkf.f90,1547,1593,3,particle,"N,NM,IP,NM",do,,,27,6,tree,"CLOSE_PART_VTKHDF,CREATE_OPEN_PART_VTKHDF,PARALLEL_INIT_I32,PARALLEL_WRITE_I32,POINT_TO_MESH",7,2,604,7,9,2,"LAGRANGIAN_PARTICLE_CLASS_TYPE,LAGRANGIAN_PARTICLE_TYPE",H5DCLOSE_F:1; H5PCLOSE_F:1; MPI_BARRIER:1,alloc_ptr_local:5; io:1; library_call:2; mpi_call:1; pointer_reassign:2; reduction_intrinsic:2; string_op:5,alloc_ptr_local:1; dt_alloc_component:1; library_call:6; mpi_call:2; pointer_reassign:1; string_op:5,80.1,DUMP,0.000
L1448,no,output,host,VTK_FDS_INTERFACE::INITIALIZE_VTKHDF_SLCF,vtkf.f90,1434,1451,1,other,IQ,do,,,14,0,leaf,,0,0,0,0,2,1,"MESH_TYPE,SLICE_TYPE",,alloc_ptr_local:14; dt_alloc_component:1; exit_out_of_nest:1; pointer_reassign:1; string_op:1,,0.1,DUMP,0.000
L1449,no,output,host,VTK_FDS_INTERFACE::INITIALIZE_VTKHDF_SLCF,vtkf.f90,1476,1498,1,other,NM,do,,,16,3,tree,PARALLEL_WRITE_I32,1,1,17,1,0,0,,,reduction_accum:1; reduction_intrinsic:2,library_call:1,0.2,DUMP,0.000
L1450,no,output,host,VTK_FDS_INTERFACE::WRITE_VTKHDF_RECT_GAS_FILE,vtkf.f90,1264,1309,1,other,NM,do,,,27,7,tree,"PARALLEL_WRITE_F32,PARALLEL_WRITE_I32,PARALLEL_WRITE_U8",3,1,51,3,0,0,,,alloc:8; alloc_ptr_local:11; reduction_accum:1; reduction_intrinsic:2,library_call:3,0.4,DUMP,0.000
L1451,no,output,host,VTK_FDS_INTERFACE::WRITE_VTKHDF_SLICE_CELL_FILE,vtkf.f90,3736,3741,1,other,IQ,do,,,4,1,tree,BUILD_VTK_SLICE_GEOMETRY2,1,1,140,1,1,1,SLICE_TYPE,,alloc_ptr_local:7; exit_out_of_nest:1; pointer_reassign:1; string_op:1,alloc:1; alloc_ptr_dummy:1; dt_alloc_component:1,0.4,DUMP,0.000
L1452,yes,solid_phase,device-eligible,WALL_ROUTINES::ASSIGN_GHOST_VALUE,wall.f90,319,339,3,cell,"KKO,JJO,IIO",do,,,20,0,leaf,,0,0,0,0,4,3,"BOUNDARY_COORD_TYPE,EXTERNAL_WALL_TYPE,MESH_TYPE",,alloc_ptr_dummy:13; alloc_ptr_local:24; dt_alloc_component:12; reduction_accum:4,,20.0,WALL,0.199
L1453,no,solid_phase,device-eligible,WALL_ROUTINES::CALCULATE_RHO_D_F,wall.f90,1008,1010,1,other,N,do,,,1,0,leaf,,0,0,0,0,2,0,BOUNDARY_PROP1_TYPE,,alloc_ptr_dummy:3; dt_alloc_component:1,,0.0,WALL,0.000
L1454,no,solid_phase,device-eligible,WALL_ROUTINES::CALCULATE_RHO_D_F,wall.f90,1013,1017,1,other,N,do,,,3,0,leaf,,0,0,0,0,5,1,"BOUNDARY_COORD_TYPE,BOUNDARY_PROP1_TYPE,SPECIES_MIXTURE_TYPE",,alloc_ptr_dummy:6; dt_alloc_component:1,,0.0,WALL,0.000
L1455,no,solid_phase,device-eligible,WALL_ROUTINES::CALCULATE_RHO_D_F,wall.f90,1020,1022,1,other,N,do,,,1,0,leaf,,0,0,0,0,2,0,BOUNDARY_PROP1_TYPE,,alloc_ptr_dummy:2; dt_alloc_component:1,,0.0,WALL,0.000
L1456,no,solid_phase,device-eligible,WALL_ROUTINES::CALCULATE_ZZ_F,wall.f90,1107,1110,1,other,N,do,,,2,0,leaf,,0,0,0,0,3,0,"BOUNDARY_PROP2_TYPE,LAGRANGIAN_PARTICLE_CLASS_TYPE",,alloc_ptr_local:4; dt_alloc_component:1; pointer_reassign:1; reduction_accum:1,,0.0,WALL,0.000
L1457,no,solid_phase,device-eligible,WALL_ROUTINES::CALCULATE_ZZ_F,wall.f90,1150,1153,1,other,N,do,,,1,1,tree,EVALUATE_RAMP,1,1,56,1,2,0,"SPECIES_MIXTURE_TYPE,SURFACE_TYPE",,alloc_ptr_local:3; dt_alloc_component:3,dt_alloc_component:1,0.1,WALL,0.000
L1458,no,solid_phase,device-eligible,WALL_ROUTINES::CALCULATE_ZZ_F,wall.f90,1180,1183,1,other,N,do,,,2,0,leaf,,0,0,0,0,1,0,"BOUNDARY_COORD_TYPE,BOUNDARY_PROP1_TYPE",,alloc_ptr_local:7; dt_alloc_component:5,,0.0,WALL,0.000
L1459,no,solid_phase,device-eligible,WALL_ROUTINES::CALCULATE_ZZ_F,wall.f90,1230,1246,2,other,"N,IDX1",do,,,10,3,tree,INTERPOLATE1D_UNIFORM,1,1,23,1,1,0,"BOUNDARY_PROP1_TYPE,RAMPS_TYPE,SURFACE_TYPE",,alloc_ptr_local:24; dt_alloc_component:13; pointer_reassign:4; write_derived_index:1,,0.5,WALL,0.000
L1460,no,solid_phase,device-eligible,WALL_ROUTINES::CALCULATE_ZZ_F,wall.f90,1247,1265,2,other,"N,NQ",do,,,11,0,leaf,,0,0,0,0,0,0,"BOUNDARY_PROP1_TYPE,SURFACE_TYPE",,alloc_ptr_local:12; dt_alloc_component:7,,0.3,WALL,0.000
L1461,no,solid_phase,device-eligible,WALL_ROUTINES::CALCULATE_ZZ_F,wall.f90,1272,1278,1,other,N,do,,,3,0,leaf,,0,0,0,0,0,0,SURFACE_TYPE,,alloc_ptr_local:5; dt_alloc_component:4; exit_out_of_nest:1,,0.0,WALL,0.000
L1462,no,solid_phase,device-eligible,WALL_ROUTINES::CALCULATE_ZZ_F,wall.f90,1286,1320,1,other,N,do,,,21,1,tree,EVALUATE_RAMP,1,1,56,1,5,0,"BOUNDARY_PROP1_TYPE,BOUNDARY_PROP2_TYPE,SURFACE_TYPE",,alloc_ptr_local:37; dt_alloc_component:20; reduction_accum:1,dt_alloc_component:1,0.4,WALL,0.000
L1463,no,solid_phase,device-eligible,WALL_ROUTINES::CALCULATE_ZZ_F,wall.f90,1332,1335,1,other,N,do,,,2,0,leaf,,0,0,0,0,1,0,BOUNDARY_PROP1_TYPE,,alloc_ptr_local:4; dt_alloc_component:4,,0.0,WALL,0.000
L1464,no,solid_phase,device-eligible,WALL_ROUTINES::CALCULATE_ZZ_F,wall.f90,1408,1416,1,other,NS,do,,,5,0,leaf,,0,0,0,0,5,3,"BOUNDARY_COORD_TYPE,BOUNDARY_PROP1_TYPE,SPECIES_MIXTURE_TYPE",,alloc_ptr_local:19; dt_alloc_component:2; write_derived_index:2,,0.1,WALL,0.000
L1465,no,solid_phase,device-eligible,WALL_ROUTINES::CALCULATE_ZZ_F,wall.f90,1426,1443,2,other,"ITER,N",do,,,12,2,tree,"GET_REALIZABLE_MF,GET_SPECIFIC_GAS_CONSTANT",2,1,24,2,2,0,"BOUNDARY_COORD_TYPE,BOUNDARY_PROP1_TYPE",,alloc_ptr_local:19; dt_alloc_component:10; reduction_accum:1; write_missing_outer_index:2,,0.5,WALL,0.000
L1466,no,solid_phase,device-eligible,WALL_ROUTINES::CALC_DEPOSITION,wall.f90,1680,1735,1,other,N,do,,,42,5,tree,"CUNNINGHAM,GET_CONDUCTIVITY,GET_VISCOSITY",3,1,28,3,11,4,"BOUNDARY_COORD_TYPE,BOUNDARY_PROP1_TYPE,BOUNDARY_PROP2_TYPE,SPECIES_MIXTURE_TYPE,SPECIES_TYPE",,alloc_ptr_dummy:44; alloc_ptr_local:19; dt_alloc_component:4; pointer_reassign:2; reduction_intrinsic:1; write_derived_index:4,,0.5,WALL,0.000
L1467,no,solid_phase,device-eligible,WALL_ROUTINES::DEPOSIT_PARTICLE_MASS,wall.f90,1515,1529,1,other,NS,do,,,9,1,tree,GET_SENSIBLE_ENTHALPY,1,1,13,1,5,2,"BOUNDARY_COORD_TYPE,BOUNDARY_PROP1_TYPE,LAGRANGIAN_PARTICLE_TYPE,SPECIES_MIXTURE_TYPE",,alloc_ptr_dummy:3; alloc_ptr_local:18; dt_alloc_component:3; reduction_accum:1; write_derived_index:2,,0.1,WALL,0.000
L1468,no,solid_phase,device-eligible,WALL_ROUTINES::DEPOSIT_PARTICLE_MASS,wall.f90,1553,1557,1,other,NS,do,,,1,0,leaf,,0,0,0,0,2,0,"BOUNDARY_PROP1_TYPE,LAGRANGIAN_PARTICLE_TYPE",,alloc_ptr_dummy:1; alloc_ptr_local:2; dt_alloc_component:1,,0.0,WALL,0.000
L1469,no,solid_phase,device-eligible,WALL_ROUTINES::GET_TRILINEAR_WEIGHTS,wall.f90,570,577,3,other,"KK,JJ,II",do,,,1,0,leaf,,0,0,0,0,2,2,CELL_TYPE,,,,0.1,WALL,0.000
L1470,yes,solid_phase,device-eligible,WALL_ROUTINES::HT3D_TEMPERATURE_EXCHANGE,wall.f90,3635,3677,3,wall,"IW,I,II",do,"!$OMP DO SCHEDULE(GUIDED) PRIVATE(IW,WC,SF,BC,ONE_D,NWP,THR_D,TMP_1,TMP_NWP,I,II,IWA,NM2,I_NODE,WC2,BC2,ONE_D2,TW2)",3632,28,0,leaf,,0,0,0,0,2,0,"BOUNDARY_COORD_TYPE,BOUNDARY_ONE_D_TYPE,BOUNDARY_THR_D_TYPE,MESH_TYPE,SURFACE_TYPE,THIN_WALL_TYPE,WALL_TYPE",,alloc_ptr_local:63; dt_alloc_component:46; pointer_reassign:11; reduction_intrinsic:2; write_derived_index:1,,50.4,WALL,0.500
L1471,yes,solid_phase,device-eligible,WALL_ROUTINES::HT3D_TEMPERATURE_EXCHANGE,wall.f90,3681,3717,3,wall,"ITW,I,II",do,"!$OMP DO SCHEDULE(GUIDED) PRIVATE(ITW,TW,SF,BC,ONE_D,NWP,THR_D,I,II,IWA,NM2,I_NODE,WC2,BC2,ONE_D2,TW2,TMP_1,TMP_NWP)",3632,26,0,leaf,,0,0,0,0,2,0,"BOUNDARY_COORD_TYPE,BOUNDARY_ONE_D_TYPE,BOUNDARY_THR_D_TYPE,MESH_TYPE,SURFACE_TYPE,THIN_WALL_TYPE,WALL_TYPE",,alloc_ptr_local:51; dt_alloc_component:37; pointer_reassign:11; reduction_intrinsic:2,,46.8,WALL,0.465
L1472,no,solid_phase,device-eligible,WALL_ROUTINES::NEAR_SURFACE_GAS_VARIABLES,wall.f90,460,462,1,other,N,do,,,1,1,tree,SCALAR_TO_POINT,1,1,18,1,2,0,BOUNDARY_PROP1_TYPE,,alloc_ptr_dummy:1; dt_alloc_component:1,,0.1,WALL,0.000
L1473,no,solid_phase,device-eligible,WALL_ROUTINES::PYROLYSIS,wall.f90,3259,3265,1,other,N,do,,,5,0,leaf,,0,0,0,0,1,0,MATERIAL_TYPE,,alloc_ptr_local:3; pointer_reassign:1; reduction_accum:1,,0.1,WALL,0.000
L1474,no,solid_phase,device-eligible,WALL_ROUTINES::PYROLYSIS,wall.f90,3277,3313,1,other,N,do,,,18,2,tree,"GET_EQUIL_DATA,GET_MASS_FRACTION_ALL",2,1,30,2,6,3,"MATERIAL_TYPE,SPECIES_MIXTURE_TYPE",,alloc_ptr_local:7; dt_alloc_component:2; pointer_reassign:1; reduction_accum:1; reduction_intrinsic:1,,0.3,WALL,0.000
L1475,no,solid_phase,device-eligible,WALL_ROUTINES::PYROLYSIS,wall.f90,3322,3325,1,other,N,do,,,2,0,leaf,,0,0,0,0,0,0,,,write_indirect:1,,0.0,WALL,0.000
L1476,no,solid_phase,device-eligible,WALL_ROUTINES::PYROLYSIS,wall.f90,3336,3339,1,other,N,do,,,2,0,leaf,,0,0,0,0,0,0,,,,,0.0,WALL,0.000
L1477,no,solid_phase,device-eligible,WALL_ROUTINES::PYROLYSIS,wall.f90,3397,3603,3,other,"N,J,J,NN,NS,NP",do,,,87,5,tree,"GET_MASS_FRACTION,GET_PARTICLE_ENTHALPY,GET_SPECIFIC_HEAT,INTERPOLATE1D_UNIFORM",4,1,83,4,8,2,"BOUNDARY_ONE_D_TYPE,BOUNDARY_PROP1_TYPE,MATERIAL_TYPE,SPECIES_TYPE,SURFACE_TYPE",,alloc_ptr_dummy:10; alloc_ptr_local:64; dt_alloc_component:52; pointer_reassign:1; reduction_accum:6; reduction_intrinsic:4; write_derived_index:6; write_missing_inner_index:2,alloc_ptr_local:1; dt_alloc_component:1; pointer_reassign:1,9.7,WALL,0.000
L1478,no,solid_phase,device-eligible,WALL_ROUTINES::SCALAR_TO_POINT,wall.f90,508,515,3,other,"KK,JJ,II",do,,,1,0,leaf,,0,0,0,0,0,0,,,,,0.1,WALL,0.000
L1479,no,solid_phase,device-eligible,WALL_ROUTINES::SOLID_HEAT_TRANSFER,wall.f90,2002,2006,2,other,"NL,N",do,,,1,0,leaf,,0,0,0,0,1,0,"BOUNDARY_ONE_D_TYPE,MATERIAL_TYPE,SURFACE_TYPE",,alloc_ptr_local:4; dt_alloc_component:1,,0.0,WALL,0.000
L1480,no,solid_phase,device-eligible,WALL_ROUTINES::SOLID_HEAT_TRANSFER,wall.f90,2038,2042,2,other,"I,N",do,,,1,0,leaf,,0,0,0,0,0,0,BOUNDARY_ONE_D_TYPE,,alloc_ptr_local:2; dt_alloc_component:2; reduction_accum:1,,0.0,WALL,0.000
L1481,no,solid_phase,device-eligible,WALL_ROUTINES::SOLID_HEAT_TRANSFER,wall.f90,2044,2953,4,other,",I,N,I,I,I",do/forever,,,496,22,tree,"EVALUATE_RAMP,GET_EMISSIVITY,GET_INTERPOLATION_WEIGHTS,GET_N_LAYER_CELLS,GET_WALL_NODE_COORDINATES,GET_WALL_NODE_WEIGHTS,HEAT_TRANSFER_COEFFICIENT,INTERPOLATE_WALL_ARRAY,PERFORM_PYROLYSIS",27,4,1569,27,15,3,"BOUNDARY_COORD_TYPE,BOUNDARY_ONE_D_TYPE,BOUNDARY_PROP1_TYPE,BOUNDARY_PROP2_TYPE,MATERIAL_TYPE,OBSTRUCTION_TYPE,REACTION_TYPE,SURFACE_TYPE",,alloc:2; alloc_ptr_local:589; dt_alloc_component:335; exit_out_of_nest:3; io:1; pointer_reassign:8; reduction_accum:21; reduction_intrinsic:15; shutdown_call:1; string_op:2; while_loop:1; write_derived_index:54; write_indirect:9; write_missing_inner_index:5,alloc_ptr_dummy:4; alloc_ptr_local:4; dt_alloc_component:6; pointer_reassign:4; save_var:1,239.8,WALL,0.000
L1482,no,solid_phase,device-eligible,WALL_ROUTINES::SOLID_HEAT_TRANSFER::PERFORM_PYROLYSIS,wall.f90,3020,3026,1,other,I,do,,,4,0,leaf,,0,0,0,0,1,0,"BOUNDARY_ONE_D_TYPE,BOUNDARY_PROP2_TYPE",,dt_alloc_component:3; exit_out_of_nest:1,,0.0,WALL,0.000
L1483,no,solid_phase,device-eligible,WALL_ROUTINES::SOLID_HEAT_TRANSFER::PERFORM_PYROLYSIS,wall.f90,3048,3150,3,other,"ITER,I,N",do,,,44,2,tree,PYROLYSIS,12,3,656,12,4,0,"BOUNDARY_COORD_TYPE,BOUNDARY_ONE_D_TYPE,BOUNDARY_PROP1_TYPE,BOUNDARY_PROP2_TYPE,SURFACE_TYPE",,dt_alloc_component:11; exit_out_of_nest:1; reduction_intrinsic:1; write_derived_index:4; write_missing_outer_index:3,alloc_ptr_dummy:1; alloc_ptr_local:2; dt_alloc_component:2; pointer_reassign:2,18.7,WALL,0.000
L1484,no,solid_phase,device-eligible,WALL_ROUTINES::SURFACE_HEAT_TRANSFER,wall.f90,776,814,1,other,,forever,,,30,3,tree,HEAT_TRANSFER_COEFFICIENT,11,3,497,11,1,0,"BOUNDARY_PROP1_TYPE,SURFACE_TYPE",,alloc_ptr_dummy:25; exit_out_of_nest:3; reduction_accum:1,alloc_ptr_dummy:2; alloc_ptr_local:1; dt_alloc_component:2; pointer_reassign:1; save_var:1,1.5,WALL,0.000
L1485,yes,solid_phase,device-eligible,WALL_ROUTINES::SURFACE_HEAT_TRANSFER,wall.f90,888,947,4,cell,"N,KKO,JJO,IIO",do,,,37,6,tree,"EVALUATE_RAMP,GET_SPECIFIC_GAS_CONSTANT,GET_VISCOSITY,INTERPOLATE1D_UNIFORM",4,1,98,4,11,3,"BOUNDARY_COORD_TYPE,BOUNDARY_PROP1_TYPE,EXTERNAL_WALL_TYPE,MESH_TYPE,SPECIES_MIXTURE_TYPE",,alloc_ptr_dummy:35; alloc_ptr_local:34; dt_alloc_component:20,dt_alloc_component:1,184.5,WALL,1.832
L1486,yes,solid_phase,device-eligible,WALL_ROUTINES::WALL_BC,wall.f90,109,119,1,wall,IW,do,!$OMP DO SCHEDULE(DYNAMIC),103,8,3,tree,"ASSIGN_GHOST_VALUE,HEAT_TRANSFER_COEFFICIENT,NEAR_SURFACE_GAS_VARIABLES",16,2,788,16,6,5,"BOUNDARY_COORD_TYPE,BOUNDARY_PROP1_TYPE,SURFACE_TYPE,WALL_TYPE",,alloc_ptr_local:18; pointer_reassign:4,alloc_ptr_dummy:4; alloc_ptr_local:3; dt_alloc_component:4; pointer_reassign:3; save_var:1,41.0,WALL,0.407
L1487,yes,solid_phase,device-eligible,WALL_ROUTINES::WALL_BC,wall.f90,124,137,1,wall,ITW,do,!$OMP DO SCHEDULE(DYNAMIC),103,10,3,tree,"HEAT_TRANSFER_COEFFICIENT,NEAR_SURFACE_GAS_VARIABLES",14,2,673,14,5,4,"BOUNDARY_COORD_TYPE,BOUNDARY_PROP1_TYPE,SURFACE_TYPE,THIN_WALL_TYPE",,alloc_ptr_local:25; pointer_reassign:4,alloc_ptr_dummy:3; alloc_ptr_local:2; dt_alloc_component:3; pointer_reassign:2; save_var:1,35.6,WALL,0.354
L1488,yes,solid_phase,device-eligible,WALL_ROUTINES::WALL_BC,wall.f90,144,185,1,wall,IW,do,!$OMP DO SCHEDULE(DYNAMIC),103,21,8,tree,"CALCULATE_RHO_D_F,CALCULATE_RHO_F,CALCULATE_ZZ_F,CALC_DEPOSITION,CALC_HVAC_BC,SOLID_HEAT_TRANSFER,SURFACE_HEAT_TRANSFER,WALL_MODEL",41,4,5330,41,17,8,"BOUNDARY_COORD_TYPE,BOUNDARY_PROP1_TYPE,BOUNDARY_PROP2_TYPE,SPECIES_MIXTURE_TYPE,SURFACE_TYPE,WALL_TYPE",,alloc_ptr_local:48; pointer_reassign:5; reduction_intrinsic:2,alloc:1; alloc_ptr_dummy:9; alloc_ptr_local:8; dt_alloc_component:13; io:1; module_global_write:1; pointer_reassign:8; save_var:1; shutdown_call:1; string_op:1,270.7,WALL,2.688
L1489,yes,solid_phase,device-eligible,WALL_ROUTINES::WALL_BC,wall.f90,192,194,1,wall,ITW,do,!$OMP DO SCHEDULE(DYNAMIC),103,1,1,tree,SOLID_HEAT_TRANSFER,28,5,2755,28,1,1,,,,alloc:1; alloc_ptr_dummy:4; alloc_ptr_local:5; dt_alloc_component:7; io:1; pointer_reassign:5; save_var:1; shutdown_call:1; string_op:1,138.0,WALL,1.370
L1490,yes,solid_phase,device-eligible,WALL_ROUTINES::WALL_BC,wall.f90,201,239,1,cfaces,ICF,do,!$OMP DO SCHEDULE(DYNAMIC),103,22,10,tree,"CALCULATE_RHO_D_F,CALCULATE_RHO_F,CALCULATE_ZZ_F,CALC_DEPOSITION,CALC_HVAC_BC,CFACE_THERMAL_GASVARS,HEAT_TRANSFER_COEFFICIENT,SOLID_HEAT_TRANSFER,SURFACE_HEAT_TRANSFER,WALL_MODEL",44,4,5506,44,17,8,"BOUNDARY_COORD_TYPE,BOUNDARY_PROP1_TYPE,BOUNDARY_PROP2_TYPE,CFACE_TYPE,SPECIES_MIXTURE_TYPE,SURFACE_TYPE",,alloc_ptr_local:48; pointer_reassign:5; reduction_intrinsic:2,alloc:1; alloc_ptr_dummy:11; alloc_ptr_local:9; dt_alloc_component:15; io:1; module_global_write:1; pointer_reassign:9; save_var:1; shutdown_call:1; string_op:1,69.9,WALL,0.694
L1491,yes,solid_phase,device-eligible,WALL_ROUTINES::WALL_BC,wall.f90,247,271,1,particle,IP,do,!$OMP DO SCHEDULE(DYNAMIC),103,15,6,tree,"CALCULATE_ZZ_F,DEPOSIT_PARTICLE_MASS,HEAT_TRANSFER_COEFFICIENT,NEAR_SURFACE_GAS_VARIABLES,SOLID_HEAT_TRANSFER,SURFACE_HEAT_TRANSFER",40,4,5328,40,7,4,"BOUNDARY_COORD_TYPE,BOUNDARY_PROP1_TYPE,LAGRANGIAN_PARTICLE_CLASS_TYPE,LAGRANGIAN_PARTICLE_TYPE,SURFACE_TYPE",,alloc_ptr_local:28; pointer_reassign:5,alloc:1; alloc_ptr_dummy:8; alloc_ptr_local:10; dt_alloc_component:12; io:1; module_global_write:1; pointer_reassign:10; save_var:1; shutdown_call:1; string_op:1,67.4,WALL,0.669
