loop_id,class,class_rule,subclass,reason,lifting_item,file,routine,first_line,last_line,stage,iterates_over,leaf_or_tree,est_pct_of_total_time,probe_class,probe_note,inner_kji_nests,s5gen_front_end,s5gen_note,bucket,geometry_reason,wall_tier,front_end_default,front_end_exact,front_end_exact_note,tested_kernels,status
L0001,C,C,C_layout_wall_cface,derived-type allocatable/pointer component in the nest body (CC_CUTCELL_TYPE),SoA,ccib.f90,ADD_CUTCELL_D_PBAR_DT,694,697,predictor/corrector,cfaces,leaf,0.000,,,,,,geometry,file ccib.f90,T4,,,,,deferred (geometry)
L0002,C,C,C_layout_wall_cface,derived-type allocatable/pointer component in the nest body (CC_CUTCELL_TYPE),SoA,ccib.f90,ADD_CUTCELL_D_PBAR_DT,699,702,predictor/corrector,cfaces,leaf,0.000,,,,,,geometry,file ccib.f90,T4,,,,,deferred (geometry)
L0003,C,C,C_layout_wall_cface,derived-type allocatable/pointer component in the nest body (CC_CUTCELL_TYPE),SoA,ccib.f90,ADD_CUTCELL_PSUM,737,740,predictor/corrector,cfaces,leaf,0.000,,,,,,geometry,file ccib.f90,T4,,,,,deferred (geometry)
L0006,C,C,C_layout_wall_cface,"derived-type allocatable/pointer component in the nest body (CC_CUTCELL_TYPE,MESH_TYPE)",SoA,ccib.f90,CCCOMPUTE_RADIATION,7139,7143,radiation,cfaces,leaf,0.000,,,,,,geometry,file ccib.f90,T4,,,,,deferred (geometry)
L0007,C,C,C_layout_wall_cface,"derived-type allocatable/pointer component in the nest body (CC_CUTCELL_TYPE,MESH_TYPE)",SoA,ccib.f90,CCCOMPUTE_RADIATION,7147,7155,radiation,cfaces,leaf,0.000,,,,,,geometry,file ccib.f90,T4,,,,,deferred (geometry)
L0008,C,C,C_layout_wall_cface,"derived-type allocatable/pointer component in the nest body (CC_CUTFACE_TYPE,MESH_TYPE)",SoA,ccib.f90,CC_BAROCLINIC_CORRECTION,1682,1686,pressure,cfaces,leaf,0.000,,,,,,geometry,file ccib.f90,T4,,,,,deferred (geometry)
L0009,C,C,C_layout_wall_cface,"derived-type allocatable/pointer component in the nest body (CC_CUTFACE_TYPE,EXTERNAL_WALL_TYPE,MESH_TYPE)",SoA,ccib.f90,CC_BAROCLINIC_CORRECTION,1691,1715,pressure,cfaces,tree,0.000,C,callee GET_CUTFACE_BAROCLINIC_TORQUE: derived-type dummy CF; element pointer CF=>CUT_FACE(ICF) (derived-type record chosen per iteration); allocatable/array com,,,,geometry,file ccib.f90,T4,,,,,deferred (geometry)
L0010,C,C,C_layout_callee,a reachable callee reads derived-type allocatable/pointer components,SoA,ccib.f90,CC_BAROCLINIC_CORRECTION,1718,1744,pressure,cfaces,tree,0.000,,,,,,geometry,file ccib.f90,T3,,,,,deferred (geometry)
L0011,C,C,C_layout_wall_cface,"derived-type allocatable/pointer component in the nest body (CC_CUTFACE_TYPE,MESH_TYPE)",SoA,ccib.f90,CC_BAROCLINIC_CORRECTION,1755,1759,pressure,cfaces,leaf,0.000,,,,,,geometry,file ccib.f90,T4,,,,,deferred (geometry)
L0012,A,B,A_by_probe,survey flagged write-index/reduction patterns; the parser probe finds every write loop-affine and no reduction or shifted in-place read,,ccib.f90,CC_CHECK_DIVERGENCE,16315,16353,predictor/corrector,cell,leaf,0.000,A,,,,,geometry,file ccib.f90,,,,,,deferred (geometry)
L0013,C,C,C_layout_wall_cface,"derived-type allocatable/pointer component in the nest body (CC_CUTCELL_TYPE,CELL_TYPE,MESH_TYPE)",SoA,ccib.f90,CC_CHECK_DIVERGENCE,16356,16412,predictor/corrector,cfaces,tree,0.000,,,,,,geometry,file ccib.f90,T4,,,,,deferred (geometry)
L0014,A,A,A,flat-array cell loop; blockers (if any) are mesh-array views or loop-affine writes only,,ccib.f90,CC_CHECK_DIVERGENCE,16415,16421,predictor/corrector,cell,leaf,0.000,A,,,,,geometry,file ccib.f90,,,,,,deferred (geometry)
L0015,C,C,C_layout_wall_cface,"derived-type allocatable/pointer component in the nest body (CC_CUTCELL_TYPE,CELL_TYPE,MESH_TYPE)",SoA,ccib.f90,CC_CHECK_MASS_DENSITY,12545,12550,predictor/corrector,cfaces,leaf,0.000,,,,,,geometry,file ccib.f90,T4,,,,,deferred (geometry)
L0016,C,C,C_layout_wall_cface,"derived-type allocatable/pointer component in the nest body (CC_CUTCELL_TYPE,CELL_TYPE,MESH_TYPE)",SoA,ccib.f90,CC_CHECK_MASS_DENSITY,12556,12561,predictor/corrector,cfaces,leaf,0.000,C,element pointer CC=>CUT_CELL(ICC) (derived-type record chosen per iteration); allocatable/array component CC%IJK; allocatable/array component CC%DELTA_RHO; allo,,,,geometry,file ccib.f90,T4,,,,,deferred (geometry)
L0017,C,B,C_layout_probe,survey rule said B; parser probe found: allocatable/array component MESHES%CCVAR; reduction intrinsic SUM,SoA,ccib.f90,CC_CHECK_MASS_DENSITY,12566,12578,predictor/corrector,cell,leaf,0.000,C,allocatable/array component MESHES%CCVAR; reduction intrinsic SUM,,,,geometry,file ccib.f90,T4,,,,,deferred (geometry)
L0018,C,C,C_layout_wall_cface,"derived-type allocatable/pointer component in the nest body (CC_CUTCELL_TYPE,CC_CUTFACE_TYPE,CC_RCFACE_TYPE)",SoA,ccib.f90,CC_CHECK_MASS_DENSITY,12583,12671,predictor/corrector,cfaces,leaf,0.000,,,,,,geometry,file ccib.f90,T4,,,,,deferred (geometry)
L0019,C,C,C_layout_cutcell,"derived-type allocatable/pointer component in the nest body (CC_CUTCELL_TYPE,CC_RCFACE_TYPE,CELL_TYPE)",SoA,ccib.f90,CC_CHECK_MASS_DENSITY,12673,12748,predictor/corrector,cell,leaf,0.000,,,,,,geometry,file ccib.f90,T4,,,,,deferred (geometry)
L0020,C,C,C_layout_wall_cface,"derived-type allocatable/pointer component in the nest body (CC_CUTCELL_TYPE,CELL_TYPE,MESH_TYPE)",SoA,ccib.f90,CC_CHECK_MASS_DENSITY,12753,12757,predictor/corrector,cfaces,leaf,0.000,,,,,,geometry,file ccib.f90,T4,,,,,deferred (geometry)
L0021,C,C,C_layout_wall_cface,"derived-type allocatable/pointer component in the nest body (CC_CUTCELL_TYPE,CELL_TYPE,MESH_TYPE)",SoA,ccib.f90,CC_CHECK_MASS_DENSITY,12759,12763,predictor/corrector,cfaces,leaf,0.000,,,,,,geometry,file ccib.f90,T4,,,,,deferred (geometry)
L0022,C,C,C_layout_wall_cface,"derived-type allocatable/pointer component in the nest body (CC_CUTCELL_TYPE,CELL_TYPE,MESH_TYPE)",SoA,ccib.f90,CC_CHECK_MASS_DENSITY,12775,12779,predictor/corrector,cfaces,leaf,0.000,,,,,,geometry,file ccib.f90,T4,,,,,deferred (geometry)
L0023,C,C,C_layout_wall_cface,"derived-type allocatable/pointer component in the nest body (CC_CUTCELL_TYPE,CELL_TYPE,MESH_TYPE)",SoA,ccib.f90,CC_CHECK_MASS_DENSITY,12781,12785,predictor/corrector,cfaces,leaf,0.000,,,,,,geometry,file ccib.f90,T4,,,,,deferred (geometry)
L0024,C,B,C_layout_probe,survey rule said B; parser probe found: allocatable/array component MESHES%CCVAR,SoA,ccib.f90,CC_CHECK_MASS_DENSITY,12789,12797,predictor/corrector,cell,leaf,0.000,C,allocatable/array component MESHES%CCVAR,,,,geometry,file ccib.f90,T4,,,,,deferred (geometry)
L0025,C,C,C_layout_wall_cface,"derived-type allocatable/pointer component in the nest body (CC_CUTCELL_TYPE,CC_CUTFACE_TYPE,CC_RCFACE_TYPE)",SoA,ccib.f90,CC_CHECK_MASS_DENSITY,12806,13009,predictor/corrector,cfaces,leaf,0.000,,,,,,geometry,file ccib.f90,T4,,,,,deferred (geometry)
L0026,C,B,C_layout_probe,survey rule said B; parser probe found: allocatable/array component MESHES%CCVAR,SoA,ccib.f90,CC_CHECK_MASS_DENSITY,13014,13022,predictor/corrector,cell,leaf,0.000,C,allocatable/array component MESHES%CCVAR,,,,geometry,file ccib.f90,T4,,,,,deferred (geometry)
L0027,C,C,C_layout_wall_cface,"derived-type allocatable/pointer component in the nest body (CC_CUTCELL_TYPE,CELL_TYPE,MESH_TYPE)",SoA,ccib.f90,CC_CHECK_MASS_DENSITY,13028,13041,predictor/corrector,cfaces,leaf,0.000,,,,,,geometry,file ccib.f90,T4,,,,,deferred (geometry)
L0028,C,C,C_layout_wall_cface,"derived-type allocatable/pointer component in the nest body (CC_CUTCELL_TYPE,CELL_TYPE,MESH_TYPE)",SoA,ccib.f90,CC_CHECK_MASS_DENSITY,13043,13056,predictor/corrector,cfaces,leaf,0.000,,,,,,geometry,file ccib.f90,T4,,,,,deferred (geometry)
L0029,B,B,B,"flagged reduction_intrinsic, write_derived_index: not provably loop-affine from the survey sites (marker assertion, checked by the generator's race analysis)",M,ccib.f90,CC_CHECK_MASS_DENSITY,13058,13072,predictor/corrector,cell,leaf,0.000,B,"write index derived inside the nest: RHO_ZZ(I,J,K,N); reduction intrinsic SUM; reduction intrinsic MAXLOC",,,,geometry,file ccib.f90,,,,,,deferred (geometry)
L0030,C,B,C_layout_probe,survey rule said B; parser probe found: allocatable/array component MESHES%CCVAR,SoA,ccib.f90,CC_CHECK_MASS_DENSITY,13077,13085,predictor/corrector,cell,leaf,0.000,C,allocatable/array component MESHES%CCVAR,,,,geometry,file ccib.f90,T4,,,,,deferred (geometry)
L0031,B,B,B,"flagged write_derived_index: not provably loop-affine from the survey sites (marker assertion, checked by the generator's race analysis)",M,ccib.f90,CC_CV_RHOZZ_AVERAGE,13098,13106,predictor/corrector,cell,leaf,0.000,B,write index derived inside the nest: RZ_ZS(IROW_LOC),,,,geometry,file ccib.f90,,,,,,deferred (geometry)
L0032,C,C,C_layout_wall_cface,"derived-type allocatable/pointer component in the nest body (CC_CUTCELL_TYPE,CELL_TYPE,MESH_TYPE)",SoA,ccib.f90,CC_CV_RHOZZ_AVERAGE,13107,13113,predictor/corrector,cfaces,leaf,0.000,,,,,,geometry,file ccib.f90,T4,,,,,deferred (geometry)
L0033,C,C,C_layout_cutcell,"derived-type allocatable/pointer component in the nest body (CC_CUTCELL_TYPE,CELL_TYPE,MESH_TYPE)",SoA,ccib.f90,CC_CV_RHOZZ_AVERAGE,13116,13173,predictor/corrector,cell,leaf,0.000,,,,,,geometry,file ccib.f90,T4,,,,,deferred (geometry)
L0034,C,C,C_layout_wall_cface,"derived-type allocatable/pointer component in the nest body (CC_CUTCELL_TYPE,CELL_TYPE,MESH_TYPE)",SoA,ccib.f90,CC_COMPUTE_KRES,3708,3729,predictor/corrector,cfaces,tree,0.000,,,,,,geometry,file ccib.f90,T4,,,,,deferred (geometry)
L0035,C,C,C_layout_wall_cface,"derived-type allocatable/pointer component in the nest body (BOUNDARY_COORD_TYPE,BOUNDARY_PROP1_TYPE,CC_CUTCELL_TYPE)",SoA,ccib.f90,CC_COMPUTE_VELOCITY_ERROR,15668,16177,pressure,wall,leaf,0.000,,,,,,geometry,file ccib.f90,T4,,,,,deferred (geometry)
L0036,A,A,A,flat-array cell loop; blockers (if any) are mesh-array views or loop-affine writes only,,ccib.f90,CC_COMPUTE_VISCOSITY,5901,5929,predictor/corrector,cell,tree,0.000,A,,,,,geometry,file ccib.f90,,,,,,deferred (geometry)
L0037,C,C,C_layout_wall_cface,"derived-type allocatable/pointer component in the nest body (BOUNDARY_COORD_TYPE,CC_CUTCELL_TYPE,CC_CUTFACE_TYPE)",SoA,ccib.f90,CC_CUTCELL_VELOCITY,3755,3793,predictor/corrector,cfaces,leaf,0.000,,,,,,geometry,file ccib.f90,T4,,,,,deferred (geometry)
L0038,A,A,A,flat-array cell loop; blockers (if any) are mesh-array views or loop-affine writes only,,ccib.f90,CC_DENSITY,11773,11783,predictor/corrector,cell,tree,0.000,A,,,,,geometry,file ccib.f90,,,,,,deferred (geometry)
L0040,C,C,C_layout_wall_cface,"derived-type allocatable/pointer component in the nest body (CC_CUTCELL_TYPE,CELL_TYPE,MESH_TYPE)",SoA,ccib.f90,CC_DENSITY,11793,11819,predictor/corrector,cfaces,tree,0.000,,,,,,geometry,file ccib.f90,T4,,,,,deferred (geometry)
L0041,A,A,A,flat-array cell loop; blockers (if any) are mesh-array views or loop-affine writes only,,ccib.f90,CC_DENSITY,11822,11829,predictor/corrector,cell,leaf,0.000,A,,,,,geometry,file ccib.f90,,,,,,deferred (geometry)
L0042,A,A,A,flat-array cell loop; blockers (if any) are mesh-array views or loop-affine writes only,,ccib.f90,CC_DENSITY,11840,11850,predictor/corrector,cell,tree,0.000,A,,,,,geometry,file ccib.f90,,,,,,deferred (geometry)
L0043,C,C,C_layout_wall_cface,"derived-type allocatable/pointer component in the nest body (CC_CUTCELL_TYPE,CELL_TYPE,MESH_TYPE)",SoA,ccib.f90,CC_DENSITY,11854,11881,predictor/corrector,cfaces,tree,0.000,,,,,,geometry,file ccib.f90,T4,,,,,deferred (geometry)
L0044,A,A,A,flat-array cell loop; blockers (if any) are mesh-array views or loop-affine writes only,,ccib.f90,CC_DENSITY,11884,11891,predictor/corrector,cell,leaf,0.000,A,,,,,geometry,file ccib.f90,,,,,,deferred (geometry)
L0046,C,C,C_layout_wall_cface,"derived-type allocatable/pointer component in the nest body (BOUNDARY_PROP1_TYPE,CFACE_TYPE)",SoA,ccib.f90,CC_DIFFUSIVE_MASS_FLUXES,11232,11236,predictor/corrector,cfaces,leaf,0.000,C,element pointer CFA=>CFACE(ICF) (derived-type record chosen per iteration); element pointer B1=>BOUNDARY_PROP1(CFA%B1_INDEX) (derived-type record chosen per ite,,,,geometry,file ccib.f90,T4,,,,,deferred (geometry)
L0047,C,C,C_layout_wall_cface,"derived-type allocatable/pointer component in the nest body (BOUNDARY_COORD_TYPE,BOUNDARY_PROP1_TYPE,CC_CUTCELL_TYPE)",SoA,ccib.f90,CC_DIFFUSIVE_MASS_FLUXES,11242,11589,predictor/corrector,cfaces,tree,0.000,,,,,,geometry,file ccib.f90,T4,,,,,deferred (geometry)
L0048,A,A,A,flat-array cell loop; blockers (if any) are mesh-array views or loop-affine writes only,,ccib.f90,CC_DIVERGENCE_PART_1,8383,8391,predictor/corrector,cell,leaf,0.000,A,,,,,geometry,file ccib.f90,,,,,,deferred (geometry)
L0049,C,C,C_layout_wall_cface,"derived-type allocatable/pointer component in the nest body (CC_CUTCELL_TYPE,MESH_TYPE)",SoA,ccib.f90,CC_DIVERGENCE_PART_1,8392,8395,predictor/corrector,cfaces,leaf,0.000,,,,,,geometry,file ccib.f90,T4,,,,,deferred (geometry)
L0050,C,C,C_layout_wall_cface,"derived-type allocatable/pointer component in the nest body (CC_CUTCELL_TYPE,MESH_TYPE)",SoA,ccib.f90,CC_DIVERGENCE_PART_1,8398,8413,predictor/corrector,cfaces,leaf,0.000,,,,,,geometry,file ccib.f90,T4,,,,,deferred (geometry)
L0051,A,A,A,flat-array cell loop; blockers (if any) are mesh-array views or loop-affine writes only,,ccib.f90,CC_DIVERGENCE_PART_1,8446,8453,predictor/corrector,cell,leaf,0.000,A,,,,,geometry,file ccib.f90,,,,,,deferred (geometry)
L0052,A,A,A,flat-array cell loop; blockers (if any) are mesh-array views or loop-affine writes only,,ccib.f90,CC_DIVERGENCE_PART_1,8469,8477,predictor/corrector,cell,leaf,0.000,A,,,,,geometry,file ccib.f90,,,,,,deferred (geometry)
L0053,C,C,C_layout_wall_cface,"derived-type allocatable/pointer component in the nest body (CC_CUTCELL_TYPE,MESH_TYPE)",SoA,ccib.f90,CC_DIVERGENCE_PART_1,8480,8484,predictor/corrector,cfaces,leaf,0.000,,,,,,geometry,file ccib.f90,T4,,,,,deferred (geometry)
L0054,A,A,A,flat-array cell loop; blockers (if any) are mesh-array views or loop-affine writes only,,ccib.f90,CC_DIVERGENCE_PART_1,8513,8524,predictor/corrector,cell,tree,0.000,A,,,,,geometry,file ccib.f90,,,,,,deferred (geometry)
L0055,C,C,C_layout_wall_cface,"derived-type allocatable/pointer component in the nest body (CC_CUTCELL_TYPE,CELL_TYPE,MESH_TYPE)",SoA,ccib.f90,CC_DIVERGENCE_PART_1,8527,8538,predictor/corrector,cfaces,tree,0.000,,,,,,geometry,file ccib.f90,T4,,,,,deferred (geometry)
L0056,C,C,C_layout_cutcell,"derived-type allocatable/pointer component in the nest body (CC_CUTCELL_TYPE,CELL_TYPE,MESH_TYPE)",SoA,ccib.f90,CC_DIVERGENCE_PART_1,8546,8591,predictor/corrector,cell,tree,0.000,,,,,,geometry,file ccib.f90,T4,,,,,deferred (geometry)
L0057,A,A,A,flat-array cell loop; blockers (if any) are mesh-array views or loop-affine writes only,,ccib.f90,CC_DIVERGENCE_PART_1,8600,8607,predictor/corrector,cell,leaf,0.000,A,,,,,geometry,file ccib.f90,,,,,,deferred (geometry)
L0058,C,C,C_layout_wall_cface,"derived-type allocatable/pointer component in the nest body (CC_CUTCELL_TYPE,CELL_TYPE,MESH_TYPE)",SoA,ccib.f90,CC_DIVERGENCE_PART_1,8610,8615,predictor/corrector,cfaces,leaf,0.000,,,,,,geometry,file ccib.f90,T4,,,,,deferred (geometry)
L0059,A,A,A,flat-array cell loop; blockers (if any) are mesh-array views or loop-affine writes only,,ccib.f90,CC_DIVERGENCE_PART_1,8623,8632,predictor/corrector,cell,leaf,0.000,A,,,,,geometry,file ccib.f90,,,,,,deferred (geometry)
L0060,C,C,C_layout_wall_cface,"derived-type allocatable/pointer component in the nest body (CC_CUTCELL_TYPE,CELL_TYPE,MESH_TYPE)",SoA,ccib.f90,CC_DIVERGENCE_PART_1,8633,8639,predictor/corrector,cfaces,leaf,0.000,,,,,,geometry,file ccib.f90,T4,,,,,deferred (geometry)
L0061,B,B,B,pointer re-aimed inside the nest: 1 hoist (item 8: pass the chosen array or hoist the scalar),8,ccib.f90,CC_DIVERGENCE_PART_1,8648,8666,predictor/corrector,cell,tree,0.000,B,"element pointer SM=>SPECIES_MIXTURE(N) (record chosen by a non-spatial index: hoistable scalars, item 8)",,,,geometry,file ccib.f90,,,,,,deferred (geometry)
L0062,C,C,C_layout_wall_cface,"derived-type allocatable/pointer component in the nest body (CC_CUTCELL_TYPE,MESH_TYPE,SPECIES_MIXTURE_TYPE)",SoA,ccib.f90,CC_DIVERGENCE_PART_1,8669,8687,predictor/corrector,cfaces,tree,0.000,,,,,,geometry,file ccib.f90,T4,,,,,deferred (geometry)
L0063,C,C,C_layout_wall_cface,"derived-type allocatable/pointer component in the nest body (CC_CUTCELL_TYPE,MESH_TYPE,SPECIES_MIXTURE_TYPE)",SoA,ccib.f90,CC_DIVERGENCE_PART_1,8689,8707,predictor/corrector,cfaces,tree,0.000,,,,,,geometry,file ccib.f90,T4,,,,,deferred (geometry)
L0064,B,B,B,"flagged write_derived_index: not provably loop-affine from the survey sites (marker assertion, checked by the generator's race analysis)",M,ccib.f90,CC_DIVERGENCE_PART_1,8720,8731,predictor/corrector,cell,leaf,0.000,B,write index derived inside the nest: DIVRG_VEC(INDZ); write index derived inside the nest: RTRM_VEC(INDZ); write index derived inside the nest: VOLDVRG(INDZ),,,,geometry,file ccib.f90,,,,,,deferred (geometry)
L0065,C,C,C_layout_wall_cface,"derived-type allocatable/pointer component in the nest body (CC_CUTCELL_TYPE,CELL_TYPE,MESH_TYPE)",SoA,ccib.f90,CC_DIVERGENCE_PART_1,8734,8745,predictor/corrector,cfaces,leaf,0.000,,,,,,geometry,file ccib.f90,T4,,,,,deferred (geometry)
L0066,C,C,C_layout_wall_cface,"derived-type allocatable/pointer component in the nest body (CC_CUTCELL_TYPE,CELL_TYPE,MESH_TYPE)",SoA,ccib.f90,CC_DIVERGENCE_PART_1,8747,8758,predictor/corrector,cfaces,leaf,0.000,,,,,,geometry,file ccib.f90,T4,,,,,deferred (geometry)
L0068,A,A,A,flat-array cell loop; blockers (if any) are mesh-array views or loop-affine writes only,,ccib.f90,CC_DIVERGENCE_PART_1,8772,8782,predictor/corrector,cell,leaf,0.000,A,,,,,geometry,file ccib.f90,,,,,,deferred (geometry)
L0069,C,C,C_layout_wall_cface,"derived-type allocatable/pointer component in the nest body (CC_CUTCELL_TYPE,CELL_TYPE,MESH_TYPE)",SoA,ccib.f90,CC_DIVERGENCE_PART_1,8785,8806,predictor/corrector,cfaces,leaf,0.000,,,,,,geometry,file ccib.f90,T4,,,,,deferred (geometry)
L0070,C,C,C_layout_wall_cface,"derived-type allocatable/pointer component in the nest body (CC_CUTCELL_TYPE,CELL_TYPE,MESH_TYPE)",SoA,ccib.f90,CC_DIVERGENCE_PART_1,8808,8829,predictor/corrector,cfaces,leaf,0.000,,,,,,geometry,file ccib.f90,T4,,,,,deferred (geometry)
L0071,C,C,C_layout_wall_cface,"wall or cut-face index loop: needs flat index tables (layout rule 4, primer item 7)",SoA,ccib.f90,CCENTHALPY_ADVECTION,9521,9544,predictor/corrector,cfaces,tree,0.000,,,,,,geometry,file ccib.f90,T4,,,,,deferred (geometry)
L0072,C,C,C_layout_wall_cface,"wall or cut-face index loop: needs flat index tables (layout rule 4, primer item 7)",SoA,ccib.f90,CCENTHALPY_ADVECTION,9549,9572,predictor/corrector,cfaces,tree,0.000,,,,,,geometry,file ccib.f90,T4,,,,,deferred (geometry)
L0073,C,C,C_layout_wall_cface,"wall or cut-face index loop: needs flat index tables (layout rule 4, primer item 7)",SoA,ccib.f90,CCENTHALPY_ADVECTION,9577,9600,predictor/corrector,cfaces,tree,0.000,,,,,,geometry,file ccib.f90,T4,,,,,deferred (geometry)
L0074,C,C,C_layout_wall_cface,"derived-type allocatable/pointer component in the nest body (CC_CUTCELL_TYPE,CC_RCFACE_TYPE,CELL_TYPE)",SoA,ccib.f90,CCENTHALPY_ADVECTION,9603,9789,predictor/corrector,cfaces,tree,0.000,,,,,,geometry,file ccib.f90,T4,,,,,deferred (geometry)
L0075,C,C,C_layout_wall_cface,"derived-type allocatable/pointer component in the nest body (CC_CUTCELL_TYPE,CC_CUTFACE_TYPE,CELL_TYPE)",SoA,ccib.f90,CCENTHALPY_ADVECTION,9792,9895,predictor/corrector,cfaces,tree,0.000,,,,,,geometry,file ccib.f90,T4,,,,,deferred (geometry)
L0076,C,C,C_layout_wall_cface,"derived-type allocatable/pointer component in the nest body (BOUNDARY_COORD_TYPE,BOUNDARY_PROP1_TYPE,CC_REGFACEZ_TYPE)",SoA,ccib.f90,CCENTHALPY_ADVECTION,9900,9936,predictor/corrector,cfaces,tree,0.000,,,,,,geometry,file ccib.f90,T4,,,,,deferred (geometry)
L0077,C,C,C_layout_wall_cface,"derived-type allocatable/pointer component in the nest body (BOUNDARY_COORD_TYPE,BOUNDARY_PROP1_TYPE,CC_REGFACEZ_TYPE)",SoA,ccib.f90,CCENTHALPY_ADVECTION,9940,9976,predictor/corrector,cfaces,tree,0.000,,,,,,geometry,file ccib.f90,T4,,,,,deferred (geometry)
L0078,C,C,C_layout_wall_cface,"derived-type allocatable/pointer component in the nest body (BOUNDARY_COORD_TYPE,BOUNDARY_PROP1_TYPE,CC_REGFACEZ_TYPE)",SoA,ccib.f90,CCENTHALPY_ADVECTION,9980,10016,predictor/corrector,cfaces,tree,0.000,,,,,,geometry,file ccib.f90,T4,,,,,deferred (geometry)
L0079,C,C,C_layout_wall_cface,"derived-type allocatable/pointer component in the nest body (BOUNDARY_COORD_TYPE,BOUNDARY_PROP1_TYPE,CC_CUTCELL_TYPE)",SoA,ccib.f90,CCENTHALPY_ADVECTION,10019,10127,predictor/corrector,cfaces,tree,0.000,,,,,,geometry,file ccib.f90,T4,,,,,deferred (geometry)
L0080,C,C,C_layout_wall_cface,"derived-type allocatable/pointer component in the nest body (BOUNDARY_COORD_TYPE,BOUNDARY_PROP1_TYPE,CC_CUTCELL_TYPE)",SoA,ccib.f90,CCENTHALPY_ADVECTION,10130,10183,predictor/corrector,cfaces,tree,0.000,,,,,,geometry,file ccib.f90,T4,,,,,deferred (geometry)
L0081,C,C,C_layout_wall_cface,"derived-type allocatable/pointer component in the nest body (BOUNDARY_PROP1_TYPE,CC_CUTCELL_TYPE,CC_CUTFACE_TYPE)",SoA,ccib.f90,CCENTHALPY_ADVECTION,10187,10210,predictor/corrector,cfaces,tree,0.000,,,,,,geometry,file ccib.f90,T4,,,,,deferred (geometry)
L0082,C,C,C_layout_wall_cface,"derived-type allocatable/pointer component in the nest body (CC_CUTCELL_TYPE,MESH_TYPE)",SoA,ccib.f90,CCSPECIES_ADVECTION,8974,8976,predictor/corrector,cfaces,leaf,0.000,,,,,,geometry,file ccib.f90,T4,,,,,deferred (geometry)
L0083,C,C,C_layout_wall_cface,"derived-type allocatable/pointer component in the nest body (BOUNDARY_COORD_TYPE,BOUNDARY_PROP1_TYPE,CC_REGFACEZ_TYPE)",SoA,ccib.f90,CCSPECIES_ADVECTION,8980,9012,predictor/corrector,cfaces,leaf,0.000,,,,,,geometry,file ccib.f90,T4,,,,,deferred (geometry)
L0084,C,C,C_layout_wall_cface,"derived-type allocatable/pointer component in the nest body (BOUNDARY_COORD_TYPE,BOUNDARY_PROP1_TYPE,CC_REGFACEZ_TYPE)",SoA,ccib.f90,CCSPECIES_ADVECTION,9016,9049,predictor/corrector,cfaces,leaf,0.000,,,,,,geometry,file ccib.f90,T4,,,,,deferred (geometry)
L0085,C,C,C_layout_wall_cface,"derived-type allocatable/pointer component in the nest body (BOUNDARY_COORD_TYPE,BOUNDARY_PROP1_TYPE,CC_REGFACEZ_TYPE)",SoA,ccib.f90,CCSPECIES_ADVECTION,9053,9085,predictor/corrector,cfaces,leaf,0.000,,,,,,geometry,file ccib.f90,T4,,,,,deferred (geometry)
L0086,C,C,C_layout_wall_cface,"derived-type allocatable/pointer component in the nest body (BOUNDARY_COORD_TYPE,BOUNDARY_PROP1_TYPE,CC_CUTCELL_TYPE)",SoA,ccib.f90,CCSPECIES_ADVECTION,9088,9338,predictor/corrector,cfaces,tree,0.000,,,,,,geometry,file ccib.f90,T4,,,,,deferred (geometry)
L0087,C,C,C_layout_wall_cface,"derived-type allocatable/pointer component in the nest body (BOUNDARY_COORD_TYPE,BOUNDARY_PROP1_TYPE,CC_CUTCELL_TYPE)",SoA,ccib.f90,CCSPECIES_ADVECTION,9341,9469,predictor/corrector,cfaces,tree,0.000,,,,,,geometry,file ccib.f90,T4,,,,,deferred (geometry)
L0088,C,C,C_layout_wall_cface,"derived-type allocatable/pointer component in the nest body (BOUNDARY_PROP1_TYPE,CC_CUTCELL_TYPE,CC_CUTFACE_TYPE)",SoA,ccib.f90,CCSPECIES_ADVECTION,9474,9492,predictor/corrector,cfaces,leaf,0.000,C,element pointer CFA=>CFACE(ICFA) (derived-type record chosen per iteration); element pointer B1=>BOUNDARY_PROP1(CFA%B1_INDEX) (derived-type record chosen per it,,,,geometry,file ccib.f90,T4,,,,,deferred (geometry)
L0089,C,C,C_layout_wall_cface,"wall or cut-face index loop: needs flat index tables (layout rule 4, primer item 7)",SoA,ccib.f90,CC_CONDUCTION_HEAT_FLUX,10648,10672,predictor/corrector,cfaces,tree,0.000,,,,,,geometry,file ccib.f90,T4,,,,,deferred (geometry)
L0090,C,C,C_layout_wall_cface,"wall or cut-face index loop: needs flat index tables (layout rule 4, primer item 7)",SoA,ccib.f90,CC_CONDUCTION_HEAT_FLUX,10676,10700,predictor/corrector,cfaces,tree,0.000,,,,,,geometry,file ccib.f90,T4,,,,,deferred (geometry)
L0091,C,C,C_layout_wall_cface,"wall or cut-face index loop: needs flat index tables (layout rule 4, primer item 7)",SoA,ccib.f90,CC_CONDUCTION_HEAT_FLUX,10704,10728,predictor/corrector,cfaces,tree,0.000,,,,,,geometry,file ccib.f90,T4,,,,,deferred (geometry)
L0092,C,C,C_layout_wall_cface,"derived-type allocatable/pointer component in the nest body (CC_CUTCELL_TYPE,CC_RCFACE_TYPE,MESH_TYPE)",SoA,ccib.f90,CC_CONDUCTION_HEAT_FLUX,10732,10881,predictor/corrector,cfaces,tree,0.000,,,,,,geometry,file ccib.f90,T4,,,,,deferred (geometry)
L0093,C,C,C_layout_wall_cface,"derived-type allocatable/pointer component in the nest body (CC_CUTCELL_TYPE,CC_CUTFACE_TYPE,MESH_TYPE)",SoA,ccib.f90,CC_CONDUCTION_HEAT_FLUX,10884,10941,predictor/corrector,cfaces,tree,0.000,,,,,,geometry,file ccib.f90,T4,,,,,deferred (geometry)
L0094,C,C,C_layout_wall_cface,"wall or cut-face index loop: needs flat index tables (layout rule 4, primer item 7)",SoA,ccib.f90,CC_CONDUCTION_HEAT_FLUX,10946,10960,predictor/corrector,cfaces,leaf,0.000,,,,,,geometry,file ccib.f90,T4,,,,,deferred (geometry)
L0095,C,C,C_layout_wall_cface,"wall or cut-face index loop: needs flat index tables (layout rule 4, primer item 7)",SoA,ccib.f90,CC_CONDUCTION_HEAT_FLUX,10964,10978,predictor/corrector,cfaces,leaf,0.000,,,,,,geometry,file ccib.f90,T4,,,,,deferred (geometry)
L0096,C,C,C_layout_wall_cface,"wall or cut-face index loop: needs flat index tables (layout rule 4, primer item 7)",SoA,ccib.f90,CC_CONDUCTION_HEAT_FLUX,10982,10996,predictor/corrector,cfaces,leaf,0.000,,,,,,geometry,file ccib.f90,T4,,,,,deferred (geometry)
L0097,C,C,C_layout_wall_cface,"derived-type allocatable/pointer component in the nest body (BOUNDARY_COORD_TYPE,BOUNDARY_PROP1_TYPE,CC_CUTCELL_TYPE)",SoA,ccib.f90,CC_CONDUCTION_HEAT_FLUX,10999,11035,predictor/corrector,cfaces,leaf,0.000,,,,,,geometry,file ccib.f90,T4,,,,,deferred (geometry)
L0098,C,C,C_layout_wall_cface,"derived-type allocatable/pointer component in the nest body (BOUNDARY_COORD_TYPE,BOUNDARY_PROP1_TYPE,CC_CUTCELL_TYPE)",SoA,ccib.f90,CC_CONDUCTION_HEAT_FLUX,11038,11113,predictor/corrector,cfaces,tree,0.000,C,element pointer WC=>WALL(IW) (derived-type record chosen per iteration); element pointer B1=>BOUNDARY_PROP1(WC%B1_INDEX) (derived-type record chosen per iterati,,,,geometry,file ccib.f90,T4,,,,,deferred (geometry)
L0099,C,C,C_layout_wall_cface,"derived-type allocatable/pointer component in the nest body (BOUNDARY_PROP1_TYPE,CC_CUTCELL_TYPE,CC_CUTFACE_TYPE)",SoA,ccib.f90,CC_CONDUCTION_HEAT_FLUX,11117,11123,predictor/corrector,cfaces,leaf,0.000,,,,,,geometry,file ccib.f90,T4,,,,,deferred (geometry)
L0100,C,C,C_layout_wall_cface,"derived-type allocatable/pointer component in the nest body (BOUNDARY_PROP1_TYPE,CC_CUTCELL_TYPE,CC_CUTFACE_TYPE)",SoA,ccib.f90,CC_CONDUCTION_HEAT_FLUX,11125,11131,predictor/corrector,cfaces,leaf,0.000,,,,,,geometry,file ccib.f90,T4,,,,,deferred (geometry)
L0101,C,C,C_layout_wall_cface,"derived-type allocatable/pointer component in the nest body (CC_REGFACEZ_TYPE,MESH_TYPE,WALL_TYPE)",SoA,ccib.f90,CC_DIFFUSIVE_HEAT_FLUXES,10226,10317,predictor/corrector,cfaces,tree,0.000,,,,,,geometry,file ccib.f90,T4,,,,,deferred (geometry)
L0102,C,C,C_layout_wall_cface,"derived-type allocatable/pointer component in the nest body (CC_CUTCELL_TYPE,CC_RCFACE_TYPE,MESH_TYPE)",SoA,ccib.f90,CC_DIFFUSIVE_HEAT_FLUXES,10320,10412,predictor/corrector,cfaces,tree,0.000,,,,,,geometry,file ccib.f90,T4,,,,,deferred (geometry)
L0103,C,C,C_layout_wall_cface,"derived-type allocatable/pointer component in the nest body (CC_CUTCELL_TYPE,CC_CUTFACE_TYPE,MESH_TYPE)",SoA,ccib.f90,CC_DIFFUSIVE_HEAT_FLUXES,10415,10447,predictor/corrector,cfaces,tree,0.000,,,,,,geometry,file ccib.f90,T4,,,,,deferred (geometry)
L0104,C,C,C_layout_wall_cface,"derived-type allocatable/pointer component in the nest body (BOUNDARY_PROP1_TYPE,CC_CUTCELL_TYPE,CC_CUTFACE_TYPE)",SoA,ccib.f90,CC_DIFFUSIVE_HEAT_FLUXES,10453,10471,predictor/corrector,cfaces,tree,0.000,,,,,,geometry,file ccib.f90,T4,,,,,deferred (geometry)
L0105,C,C,C_layout_wall_cface,"derived-type allocatable/pointer component in the nest body (BOUNDARY_COORD_TYPE,BOUNDARY_PROP1_TYPE,CC_REGFACEZ_TYPE)",SoA,ccib.f90,CC_DIFFUSIVE_HEAT_FLUXES,10474,10569,predictor/corrector,cfaces,tree,0.000,,,,,,geometry,file ccib.f90,T4,,,,,deferred (geometry)
L0106,C,C,C_layout_wall_cface,"derived-type allocatable/pointer component in the nest body (BOUNDARY_COORD_TYPE,CC_CUTCELL_TYPE,CC_RCFACE_TYPE)",SoA,ccib.f90,CC_DIFFUSIVE_HEAT_FLUXES,10572,10604,predictor/corrector,cfaces,tree,0.000,,,,,,geometry,file ccib.f90,T4,,,,,deferred (geometry)
L0107,C,C,C_layout_wall_cface,"derived-type allocatable/pointer component in the nest body (BOUNDARY_COORD_TYPE,CC_CUTCELL_TYPE,CC_CUTFACE_TYPE)",SoA,ccib.f90,CC_DIFFUSIVE_HEAT_FLUXES,10607,10634,predictor/corrector,cfaces,tree,0.000,,,,,,geometry,file ccib.f90,T4,,,,,deferred (geometry)
L0108,C,C,C_layout_wall_cface,"derived-type allocatable/pointer component in the nest body (CC_REGFACEZ_TYPE,MESH_TYPE,WALL_TYPE)",SoA,ccib.f90,FIX_CC_DIFF_MASS_FLUXES,8849,8867,predictor/corrector,cfaces,leaf,0.000,,,,,,geometry,file ccib.f90,T4,,,,,deferred (geometry)
L0109,C,C,C_layout_wall_cface,"derived-type allocatable/pointer component in the nest body (CC_REGFACEZ_TYPE,MESH_TYPE,WALL_TYPE)",SoA,ccib.f90,FIX_CC_DIFF_MASS_FLUXES,8871,8889,predictor/corrector,cfaces,leaf,0.000,,,,,,geometry,file ccib.f90,T4,,,,,deferred (geometry)
L0110,C,C,C_layout_wall_cface,"derived-type allocatable/pointer component in the nest body (CC_REGFACEZ_TYPE,MESH_TYPE,WALL_TYPE)",SoA,ccib.f90,FIX_CC_DIFF_MASS_FLUXES,8893,8911,predictor/corrector,cfaces,leaf,0.000,,,,,,geometry,file ccib.f90,T4,,,,,deferred (geometry)
L0111,C,C,C_layout_wall_cface,"derived-type allocatable/pointer component in the nest body (CC_RCFACE_TYPE,MESH_TYPE,WALL_TYPE)",SoA,ccib.f90,FIX_CC_DIFF_MASS_FLUXES,8914,8927,predictor/corrector,cfaces,leaf,0.000,,,,,,geometry,file ccib.f90,T4,,,,,deferred (geometry)
L0112,C,C,C_layout_wall_cface,"derived-type allocatable/pointer component in the nest body (CC_CUTFACE_TYPE,MESH_TYPE,WALL_TYPE)",SoA,ccib.f90,FIX_CC_DIFF_MASS_FLUXES,8931,8947,predictor/corrector,cfaces,leaf,0.000,,,,,,geometry,file ccib.f90,T4,,,,,deferred (geometry)
L0113,C,C,C_layout_wall_cface,"derived-type allocatable/pointer component in the nest body (CC_CUTCELL_TYPE,MESH_TYPE)",SoA,ccib.f90,CC_H_INTERP,7070,7099,exchange/communication,cfaces,leaf,0.000,,,,,,geometry,file ccib.f90,T4,,,,,deferred (geometry)
L0114,C,C,C_layout_wall_cface,"derived-type allocatable/pointer component in the nest body (BOUNDARY_COORD_TYPE,CC_CUTFACE_TYPE,EXTERNAL_WALL_TYPE)",SoA,ccib.f90,CC_MATCH_VELOCITY,5405,5853,predictor/corrector,wall,leaf,0.000,,,,,,geometry,file ccib.f90,T4,,,,,deferred (geometry)
L0115,C,C,C_layout_wall_cface,"derived-type allocatable/pointer component in the nest body (BOUNDARY_COORD_TYPE,CC_CUTFACE_TYPE,EXTERNAL_WALL_TYPE)",SoA,ccib.f90,CC_MATCH_VELOCITY_FLUX,5169,5362,pressure,wall,leaf,0.000,,,,,,geometry,file ccib.f90,T4,,,,,deferred (geometry)
L0116,C,C,C_layout_wall_cface,"derived-type allocatable/pointer component in the nest body (CC_CUTFACE_TYPE,MESH_TYPE)",SoA,ccib.f90,CC_NO_FLUX,15463,15504,pressure,cfaces,leaf,0.000,,,,,,geometry,file ccib.f90,T4,,,,,deferred (geometry)
L0117,C,C,C_layout_wall_cface,"derived-type allocatable/pointer component in the nest body (BOUNDARY_COORD_TYPE,BOUNDARY_PROP1_TYPE,CC_CUTFACE_TYPE)",SoA,ccib.f90,CC_NO_FLUX,15510,15537,pressure,cfaces,leaf,0.000,,,,,,geometry,file ccib.f90,T4,,,,,deferred (geometry)
L0118,C,C,C_layout_wall_cface,"wall or cut-face index loop: needs flat index tables (layout rule 4, primer item 7)",SoA,ccib.f90,CC_NO_FLUX,15541,15567,pressure,wall,leaf,0.000,,,,,,geometry,file ccib.f90,T4,,,,,deferred (geometry)
L0119,C,C,C_layout_wall_cface,"derived-type allocatable/pointer component in the nest body (CC_CUTFACE_TYPE,MESH_TYPE)",SoA,ccib.f90,CC_PROJECT_VELOCITY,2725,2728,predictor/corrector,cfaces,leaf,0.000,,,,,,geometry,file ccib.f90,T4,,,,,deferred (geometry)
L0120,C,C,C_layout_wall_cface,"derived-type allocatable/pointer component in the nest body (CC_CUTCELL_TYPE,CC_CUTFACE_TYPE,WALL_TYPE)",SoA,ccib.f90,CC_PROJECT_VELOCITY,2730,2756,predictor/corrector,cell,leaf,0.000,,,,,,geometry,file ccib.f90,T4,,,,,deferred (geometry)
L0121,C,C,C_layout_wall_cface,"derived-type allocatable/pointer component in the nest body (CC_CUTCELL_TYPE,CC_CUTFACE_TYPE,WALL_TYPE)",SoA,ccib.f90,CC_PROJECT_VELOCITY,2758,2783,predictor/corrector,cell,leaf,0.000,,,,,,geometry,file ccib.f90,T4,,,,,deferred (geometry)
L0122,C,C,C_layout_wall_cface,"derived-type allocatable/pointer component in the nest body (CC_CUTCELL_TYPE,CC_CUTFACE_TYPE,WALL_TYPE)",SoA,ccib.f90,CC_PROJECT_VELOCITY,2785,2810,predictor/corrector,face,leaf,0.000,,,,,,geometry,file ccib.f90,T4,,,,,deferred (geometry)
L0123,C,C,C_layout_wall_cface,"wall or cut-face index loop: needs flat index tables (layout rule 4, primer item 7)",SoA,ccib.f90,CC_PROJECT_VELOCITY,2813,2827,predictor/corrector,cfaces,leaf,0.000,,,,,,geometry,file ccib.f90,T4,,,,,deferred (geometry)
L0124,C,C,C_layout_wall_cface,"wall or cut-face index loop: needs flat index tables (layout rule 4, primer item 7)",SoA,ccib.f90,CC_PROJECT_VELOCITY,2830,2849,predictor/corrector,wall,leaf,0.000,,,,,,geometry,file ccib.f90,T4,,,,,deferred (geometry)
L0125,C,C,C_layout_wall_cface,"derived-type allocatable/pointer component in the nest body (CC_CUTFACE_TYPE,MESH_TYPE)",SoA,ccib.f90,CC_PROJECT_VELOCITY,2858,2861,predictor/corrector,cfaces,leaf,0.000,,,,,,geometry,file ccib.f90,T4,,,,,deferred (geometry)
L0126,C,C,C_layout_wall_cface,"derived-type allocatable/pointer component in the nest body (CC_CUTCELL_TYPE,CC_CUTFACE_TYPE,WALL_TYPE)",SoA,ccib.f90,CC_PROJECT_VELOCITY,2863,2890,predictor/corrector,cell,leaf,0.000,,,,,,geometry,file ccib.f90,T4,,,,,deferred (geometry)
L0127,C,C,C_layout_wall_cface,"derived-type allocatable/pointer component in the nest body (CC_CUTCELL_TYPE,CC_CUTFACE_TYPE,WALL_TYPE)",SoA,ccib.f90,CC_PROJECT_VELOCITY,2892,2919,predictor/corrector,cell,leaf,0.000,,,,,,geometry,file ccib.f90,T4,,,,,deferred (geometry)
L0128,C,C,C_layout_wall_cface,"derived-type allocatable/pointer component in the nest body (CC_CUTCELL_TYPE,CC_CUTFACE_TYPE,WALL_TYPE)",SoA,ccib.f90,CC_PROJECT_VELOCITY,2921,2948,predictor/corrector,face,leaf,0.000,,,,,,geometry,file ccib.f90,T4,,,,,deferred (geometry)
L0129,C,C,C_layout_wall_cface,"wall or cut-face index loop: needs flat index tables (layout rule 4, primer item 7)",SoA,ccib.f90,CC_PROJECT_VELOCITY,2951,2968,predictor/corrector,cfaces,leaf,0.000,,,,,,geometry,file ccib.f90,T4,,,,,deferred (geometry)
L0130,C,C,C_layout_wall_cface,"wall or cut-face index loop: needs flat index tables (layout rule 4, primer item 7)",SoA,ccib.f90,CC_PROJECT_VELOCITY,2970,2989,predictor/corrector,wall,leaf,0.000,,,,,,geometry,file ccib.f90,T4,,,,,deferred (geometry)
L0131,C,C,C_layout_omesh,"derived-type allocatable/pointer component in the nest body (MESH_TYPE,OMESH_TYPE)",SoA,ccib.f90,CC_RESCALE_OMESH_STAGGERED_TO_CUTFACE,13867,13886,predictor/corrector,cell,tree,0.000,,,,,,geometry,file ccib.f90,T4,,,,,deferred (geometry)
L0132,B,B,B,"flagged reduction_accum: not provably loop-affine from the survey sites (marker assertion, checked by the generator's race analysis)",M,ccib.f90,CC_RESTORE_UVW_UNLINKED,3560,3574,predictor/corrector,face,leaf,0.000,B,scalar self-update COUNT,,,,geometry,file ccib.f90,,,,,,deferred (geometry)
L0133,C,C,C_layout_wall_cface,"wall or cut-face index loop: needs flat index tables (layout rule 4, primer item 7)",SoA,ccib.f90,CC_RESTORE_UVW_UNLINKED,3575,3584,predictor/corrector,cfaces,leaf,0.000,,,,,,geometry,file ccib.f90,T4,,,,,deferred (geometry)
L0134,C,C,C_layout_wall_cface,"derived-type allocatable/pointer component in the nest body (CC_CUTFACE_TYPE,MESH_TYPE)",SoA,ccib.f90,CC_RESTORE_UVW_UNLINKED,3585,3593,predictor/corrector,cfaces,leaf,0.000,,,,,,geometry,file ccib.f90,T4,,,,,deferred (geometry)
L0135,C,C,C_layout_wall_cface,"derived-type allocatable/pointer component in the nest body (BOUNDARY_COORD_TYPE,CC_CUTFACE_TYPE,EXTERNAL_WALL_TYPE)",SoA,ccib.f90,CC_RESTORE_UVW_UNLINKED,3594,3623,predictor/corrector,wall,leaf,0.000,,,,,,geometry,file ccib.f90,T4,,,,,deferred (geometry)
L0136,B,B,B,"flagged reduction_accum, write_derived_index: not provably loop-affine from the survey sites (marker assertion, checked by the generator's race analysis)",M,ccib.f90,CC_RESTORE_UVW_UNLINKED,3627,3641,predictor/corrector,face,leaf,0.000,B,scalar self-update COUNT; write index derived inside the nest: UN_ULNK(COUNT),,,,geometry,file ccib.f90,,,,,,deferred (geometry)
L0137,C,C,C_layout_wall_cface,"wall or cut-face index loop: needs flat index tables (layout rule 4, primer item 7)",SoA,ccib.f90,CC_RESTORE_UVW_UNLINKED,3642,3651,predictor/corrector,cfaces,leaf,0.000,,,,,,geometry,file ccib.f90,T4,,,,,deferred (geometry)
L0138,C,C,C_layout_wall_cface,"derived-type allocatable/pointer component in the nest body (CC_CUTFACE_TYPE,MESH_TYPE)",SoA,ccib.f90,CC_RESTORE_UVW_UNLINKED,3652,3660,predictor/corrector,cfaces,leaf,0.000,,,,,,geometry,file ccib.f90,T4,,,,,deferred (geometry)
L0139,C,C,C_layout_wall_cface,"derived-type allocatable/pointer component in the nest body (BOUNDARY_COORD_TYPE,CC_CUTFACE_TYPE,EXTERNAL_WALL_TYPE)",SoA,ccib.f90,CC_RESTORE_UVW_UNLINKED,3661,3685,predictor/corrector,wall,leaf,0.000,,,,,,geometry,file ccib.f90,T4,,,,,deferred (geometry)
L0140,C,C,C_layout_wall_cface,"derived-type allocatable/pointer component in the nest body (CC_CUTCELL_TYPE,MESH_TYPE)",SoA,ccib.f90,CC_RHO0W_INTERP,6995,7029,exchange/communication,cfaces,tree,0.000,,,,,,geometry,file ccib.f90,T4,,,,,deferred (geometry)
L0141,B,B,B,"flagged write_derived_index: not provably loop-affine from the survey sites (marker assertion, checked by the generator's race analysis)",M,ccib.f90,CC_ROTATED_CUBE_RHS_ZZ,6524,6541,predictor/corrector,cell,tree,0.000,B,write index derived inside the nest: F_Z(IROW),,,,geometry,file ccib.f90,,,,,,deferred (geometry)
L0142,C,C,C_layout_wall_cface,"derived-type allocatable/pointer component in the nest body (CC_CUTCELL_TYPE,MESH_TYPE)",SoA,ccib.f90,CC_ROTATED_CUBE_RHS_ZZ,6543,6557,predictor/corrector,cfaces,tree,0.000,,,,,,geometry,file ccib.f90,T4,,,,,deferred (geometry)
L0143,C,C,C_layout_wall_cface,"wall or cut-face index loop: needs flat index tables (layout rule 4, primer item 7)",SoA,ccib.f90,CC_STORE_FACE_FV,15588,15604,predictor/corrector,cfaces,leaf,0.000,C,allocatable/array component CUT_FACE%IJK,,,,geometry,file ccib.f90,T4,,,,,deferred (geometry)
L0144,C,C,C_layout_wall_cface,"wall or cut-face index loop: needs flat index tables (layout rule 4, primer item 7)",SoA,ccib.f90,CC_STORE_FACE_FV,15608,15624,predictor/corrector,cfaces,leaf,0.000,,,,,,geometry,file ccib.f90,T4,,,,,deferred (geometry)
L0145,C,C,C_layout_wall_cface,"derived-type allocatable/pointer component in the nest body (CC_CUTFACE_TYPE,MESH_TYPE)",SoA,ccib.f90,CC_VELOCITY_BC,13949,13968,predictor/corrector,cfaces,leaf,0.000,,,,,,geometry,file ccib.f90,T4,,,,,deferred (geometry)
L0157,C,C,C_layout_wall_cface,"derived-type allocatable/pointer component in the nest body (CC_CUTFACE_TYPE,MESH_TYPE)",SoA,ccib.f90,CC_VELOCITY_CUTFACES,6938,6952,predictor/corrector,cfaces,leaf,0.000,,,,,,geometry,file ccib.f90,T4,,,,,deferred (geometry)
L0158,C,C,C_layout_wall_cface,"derived-type allocatable/pointer component in the nest body (CC_CUTCELL_TYPE,CC_CUTFACE_TYPE,MESH_TYPE)",SoA,ccib.f90,CC_VELOCITY_FLUX,15064,15098,predictor/corrector,cfaces,leaf,0.000,,,,,,geometry,file ccib.f90,T4,,,,,deferred (geometry)
L0159,C,C,C_layout_wall_cface,"derived-type allocatable/pointer component in the nest body (CC_CUTCELL_TYPE,CC_RCFACE_TYPE,MESH_TYPE)",SoA,ccib.f90,CC_VELOCITY_FLUX,15100,15157,predictor/corrector,cfaces,leaf,0.000,,,,,,geometry,file ccib.f90,T4,,,,,deferred (geometry)
L0160,B,B,B,"pointer/allocatable dummy used in the nest (item 1: flat explicit-shape dummy); flagged reduction_intrinsic: not provably loop-affine from the survey sites (marker assertion, checked by the generator's race analysis)",1+M,ccib.f90,CC_VELOCITY_FLUX,15161,15174,predictor/corrector,cell,leaf,0.000,B,pointer/allocatable dummy RHOP used in the nest; reduction intrinsic ANY; reduction intrinsic ALL,,,,geometry,file ccib.f90,,,,,,deferred (geometry)
L0161,B,B,B,"pointer/allocatable dummy used in the nest (item 1: flat explicit-shape dummy); flagged reduction_intrinsic: not provably loop-affine from the survey sites (marker assertion, checked by the generator's race analysis)",1+M,ccib.f90,CC_VELOCITY_FLUX,15176,15189,predictor/corrector,cell,leaf,0.000,B,pointer/allocatable dummy RHOP used in the nest; reduction intrinsic ANY; reduction intrinsic ALL,,,,geometry,file ccib.f90,,,,,,deferred (geometry)
L0162,B,B,B,"pointer/allocatable dummy used in the nest (item 1: flat explicit-shape dummy); flagged reduction_intrinsic: not provably loop-affine from the survey sites (marker assertion, checked by the generator's race analysis)",1+M,ccib.f90,CC_VELOCITY_FLUX,15191,15204,predictor/corrector,face,leaf,0.000,B,pointer/allocatable dummy RHOP used in the nest; reduction intrinsic ANY; reduction intrinsic ALL,,,,geometry,file ccib.f90,,,,,,deferred (geometry)
L0163,C,C,C_layout_wall_cface,"derived-type allocatable/pointer component in the nest body (CC_CUTFACE_TYPE,MESH_TYPE)",SoA,ccib.f90,CC_VELOCITY_FLUX,15211,15214,predictor/corrector,cfaces,leaf,0.000,,,,,,geometry,file ccib.f90,T4,,,,,deferred (geometry)
L0164,C,C,C_layout_wall_cface,"derived-type allocatable/pointer component in the nest body (BOUNDARY_PROP1_TYPE,CFACE_TYPE,SURFACE_TYPE)",SoA,ccib.f90,CFACE_PREDICT_NORMAL_VELOCITY,6003,6047,predictor/corrector,cfaces,tree,0.000,C,element pointer CFA=>CFACE(ICF) (derived-type record chosen per iteration); element pointer B1=>BOUNDARY_PROP1(CFA%B1_INDEX) (derived-type record chosen per ite,,,,geometry,file ccib.f90,T4,,,,,deferred (geometry)
L0165,C,C,C_layout_wall_cface,"wall or cut-face index loop: needs flat index tables (layout rule 4, primer item 7)",SoA,ccib.f90,CFACE_PREDICT_NORMAL_VELOCITY,6049,6053,predictor/corrector,cfaces,leaf,0.000,,,,,,geometry,file ccib.f90,T4,,,,,deferred (geometry)
L0166,C,C,C_layout_wall_cface,"wall or cut-face index loop: needs flat index tables (layout rule 4, primer item 7)",SoA,ccib.f90,CFACE_PREDICT_NORMAL_VELOCITY,6060,6070,predictor/corrector,cfaces,leaf,0.000,C,element pointer CFA=>CFACE(ICF) (derived-type record chosen per iteration); element pointer B1=>BOUNDARY_PROP1(CFA%B1_INDEX) (derived-type record chosen per ite,,,,geometry,file ccib.f90,T4,,,,,deferred (geometry)
L0167,C,C,C_layout_wall_cface,"wall or cut-face index loop: needs flat index tables (layout rule 4, primer item 7)",SoA,ccib.f90,CFACE_PREDICT_NORMAL_VELOCITY,6072,6076,predictor/corrector,cfaces,leaf,0.000,,,,,,geometry,file ccib.f90,T4,,,,,deferred (geometry)
L0168,C,B,C_layout_probe,survey rule said B; parser probe found: allocatable/array component RC_FACE%XCEN; write index derived inside the nest: UVWA(IROW); write index derived inside the nest: MURA(IROW); write inde,SoA,ccib.f90,CHECK_CFLVN_LINKED_CELLS,864,916,other/shared,cell,leaf,0.000,C,allocatable/array component RC_FACE%XCEN; write index derived inside the nest: UVWA(IROW); write index derived inside the nest: MURA(IROW); write index derived ,,,,geometry,file ccib.f90,T4,,,,,deferred (geometry)
L0169,C,C,C_layout_wall_cface,"derived-type allocatable/pointer component in the nest body (BOUNDARY_PROP1_TYPE,CC_CUTCELL_TYPE,CC_CUTFACE_TYPE)",SoA,ccib.f90,CHECK_CFLVN_LINKED_CELLS,918,992,other/shared,cfaces,leaf,0.000,,,,,,geometry,file ccib.f90,T4,,,,,deferred (geometry)
L0171,C,C,C_layout_wall_cface,"wall or cut-face index loop: needs flat index tables (layout rule 4, primer item 7)",SoA,ccib.f90,CHECK_CFLVN_LINKED_CELLS,1012,1026,other/shared,cfaces,leaf,0.000,,,,,,geometry,file ccib.f90,T4,,,,,deferred (geometry)
L0174,B,B,B,"pointer/allocatable dummy used in the nest (item 1: flat explicit-shape dummy); flagged write_indirect: not provably loop-affine from the survey sites (marker assertion, checked by the generator's race analysis)",1+M,ccib.f90,COMPUTE_LINKED_CUTFACE_BAROCLINIC,1873,1899,pressure,face,leaf,0.000,B,"write index is a function or array lookup: F_LINK(FCVAR(I,J,K,CC_UNKF,IAXIS)); write index is a function or array lookup: A_LINK(FCVAR(I,J,K,CC_UNKF,IAXIS)); wr",,,,geometry,file ccib.f90,,,,,,deferred (geometry)
L0175,C,C,C_layout_callee,a reachable callee reads derived-type allocatable/pointer components,SoA,ccib.f90,COMPUTE_LINKED_CUTFACE_BAROCLINIC,1902,1928,pressure,cfaces,tree,0.000,,,,,,geometry,file ccib.f90,T3,,,,,deferred (geometry)
L0176,C,C,C_layout_wall_cface,"derived-type allocatable/pointer component in the nest body (CC_CUTFACE_TYPE,EXTERNAL_WALL_TYPE,MESH_TYPE)",SoA,ccib.f90,COMPUTE_LINKED_CUTFACE_BAROCLINIC,1930,1956,pressure,cfaces,tree,0.000,,,,,,geometry,file ccib.f90,T4,,,,,deferred (geometry)
L0177,C,C,C_layout_wall_cface,"derived-type allocatable/pointer component in the nest body (BOUNDARY_COORD_TYPE,CC_CUTCELL_TYPE,EXTERNAL_WALL_TYPE)",SoA,ccib.f90,COPY_CC_MUNKH_TO_UNKH,22873,22911,pressure,wall,leaf,0.000,,,,,,geometry,file ccib.f90,T4,,,,,deferred (geometry)
L0178,C,C,C_layout_wall_cface,"derived-type allocatable/pointer component in the nest body (EXTERNAL_WALL_TYPE,OMESH_TYPE,WALL_TYPE)",SoA,ccib.f90,COPY_CC_MUNKH_TO_UNKH,22914,22926,pressure,wall,leaf,0.000,,,,,,geometry,file ccib.f90,T4,,,,,deferred (geometry)
L0179,C,C,C_layout_wall_cface,derived-type allocatable/pointer component in the nest body (MESH_TYPE),SoA,ccib.f90,COPY_CC_UNKH_TO_HS,22940,22945,pressure,cfaces,leaf,0.000,,,,,,geometry,file ccib.f90,T4,,,,,deferred (geometry)
L0181,C,C,C_layout_wall_cface,"wall or cut-face index loop: needs flat index tables (layout rule 4, primer item 7)",SoA,ccib.f90,CUTFACE_VELOCITIES,761,772,particles,cfaces,leaf,0.000,,,,,,geometry,file ccib.f90,T4,,,,,deferred (geometry)
L0182,C,C,C_layout_wall_cface,"derived-type allocatable/pointer component in the nest body (BOUNDARY_COORD_TYPE,BOUNDARY_PROP1_TYPE,CC_CUTFACE_TYPE)",SoA,ccib.f90,CUTFACE_VELOCITIES,776,798,particles,cfaces,leaf,0.000,,,,,,geometry,file ccib.f90,T4,,,,,deferred (geometry)
L0183,C,C,C_layout_wall_cface,"wall or cut-face index loop: needs flat index tables (layout rule 4, primer item 7)",SoA,ccib.f90,CUTFACE_VELOCITIES,801,812,particles,cfaces,leaf,0.000,,,,,,geometry,file ccib.f90,T4,,,,,deferred (geometry)
L0184,C,C,C_layout_wall_cface,"wall or cut-face index loop: needs flat index tables (layout rule 4, primer item 7)",SoA,ccib.f90,CUTFACE_VELOCITIES,814,820,particles,cfaces,leaf,0.000,,,,,,geometry,file ccib.f90,T4,,,,,deferred (geometry)
L0187,C,C,C_layout_wall_cface,"derived-type allocatable/pointer component in the nest body (CC_REGFACEZ_TYPE,MESH_TYPE,WALL_TYPE)",SoA,ccib.f90,GET_ADVDIFFVECTOR_SCALAR_3D,13664,13681,predictor/corrector,cfaces,leaf,0.000,,,,,,geometry,file ccib.f90,T4,,,,,deferred (geometry)
L0188,C,C,C_layout_wall_cface,"derived-type allocatable/pointer component in the nest body (CC_REGFACEZ_TYPE,MESH_TYPE,WALL_TYPE)",SoA,ccib.f90,GET_ADVDIFFVECTOR_SCALAR_3D,13686,13703,predictor/corrector,cfaces,leaf,0.000,,,,,,geometry,file ccib.f90,T4,,,,,deferred (geometry)
L0189,C,C,C_layout_wall_cface,"derived-type allocatable/pointer component in the nest body (CC_REGFACEZ_TYPE,MESH_TYPE,WALL_TYPE)",SoA,ccib.f90,GET_ADVDIFFVECTOR_SCALAR_3D,13708,13725,predictor/corrector,cfaces,leaf,0.000,C,element pointer WC=>WALL(IW) (derived-type record chosen per iteration); allocatable/array component MESHES%CC_NREGFACE_Z; allocatable/array component REGFACE_Z,,,,geometry,file ccib.f90,T4,,,,,deferred (geometry)
L0190,C,C,C_layout_wall_cface,"derived-type allocatable/pointer component in the nest body (BOUNDARY_COORD_TYPE,BOUNDARY_PROP1_TYPE,MESH_TYPE)",SoA,ccib.f90,GET_ADVDIFFVECTOR_SCALAR_3D,13728,13788,predictor/corrector,cfaces,tree,0.000,,,,,,geometry,file ccib.f90,T4,,,,,deferred (geometry)
L0191,C,C,C_layout_wall_cface,"derived-type allocatable/pointer component in the nest body (BOUNDARY_COORD_TYPE,BOUNDARY_PROP1_TYPE,CC_CUTFACE_TYPE)",SoA,ccib.f90,GET_ADVDIFFVECTOR_SCALAR_3D,13791,13827,predictor/corrector,cfaces,tree,0.000,,,,,,geometry,file ccib.f90,T4,,,,,deferred (geometry)
L0192,C,C,C_layout_wall_cface,"derived-type allocatable/pointer component in the nest body (BOUNDARY_PROP1_TYPE,CC_CUTCELL_TYPE,CC_CUTFACE_TYPE)",SoA,ccib.f90,GET_ADVDIFFVECTOR_SCALAR_3D,13830,13848,predictor/corrector,cfaces,leaf,0.000,,,,,,geometry,file ccib.f90,T4,,,,,deferred (geometry)
L0195,C,C,C_layout_wall_cface,"derived-type allocatable/pointer component in the nest body (CC_RCFACE_TYPE,MESH_TYPE,ZONE_SOLVE_TYPE)",SoA,ccib.f90,GET_CC_MATRIXGRAPH_H,20905,20930,pressure,cfaces,tree,0.000,,,,,,geometry,file ccib.f90,T4,,,,,deferred (geometry)
L0196,C,C,C_layout_wall_cface,"derived-type allocatable/pointer component in the nest body (CC_CUTFACE_TYPE,EXTERNAL_WALL_TYPE,MESH_TYPE)",SoA,ccib.f90,GET_CC_MATRIXGRAPH_H,20932,20994,pressure,cfaces,tree,0.000,,,,,,geometry,file ccib.f90,T4,,,,,deferred (geometry)
L0197,C,C,C_layout_wall_cface,"derived-type allocatable/pointer component in the nest body (BOUNDARY_COORD_TYPE,CC_CUTCELL_TYPE,EXTERNAL_WALL_TYPE)",SoA,ccib.f90,GET_CC_MATRIXGRAPH_H,21000,21044,pressure,wall,tree,0.000,,,,,,geometry,file ccib.f90,T4,,,,,deferred (geometry)
L0198,C,C,C_layout_wall_cface,"derived-type allocatable/pointer component in the nest body (CC_RCFACE_TYPE,MESH_TYPE,ZONE_SOLVE_TYPE)",SoA,ccib.f90,GET_CC_MATRIXGRAPH_H,21049,21085,pressure,cfaces,leaf,0.000,C,element pointer RCF=>RC_FACE(MESHES(NM)%RCF_H(IFACE)) (derived-type record chosen per iteration); allocatable/array component MESHES%RCF_H; allocatable/array co,,,,geometry,file ccib.f90,T4,,,,,deferred (geometry)
L0199,C,C,C_layout_wall_cface,"derived-type allocatable/pointer component in the nest body (CC_CUTFACE_TYPE,MESH_TYPE,WALL_TYPE)",SoA,ccib.f90,GET_CC_MATRIXGRAPH_H,21088,21130,pressure,cfaces,leaf,0.000,,,,,,geometry,file ccib.f90,T4,,,,,deferred (geometry)
L0200,C,C,C_layout_wall_cface,derived-type allocatable/pointer component in the nest body (CC_CUTFACE_TYPE),SoA,ccib.f90,GET_CFACE_OPEN_BC_COEF,2059,2062,pressure,cfaces,leaf,0.000,,,,,,geometry,file ccib.f90,T4,,,,,deferred (geometry)
L0201,C,C,C_layout_wall_cface,"derived-type allocatable/pointer component in the nest body (CC_CUTCELL_TYPE,CELL_TYPE,MESH_TYPE)",SoA,ccib.f90,GET_CUTCELL_DDDT,2625,2656,predictor/corrector,cfaces,tree,0.000,,,,,,geometry,file ccib.f90,T4,,,,,deferred (geometry)
L0202,C,C,C_layout_wall_cface,"derived-type allocatable/pointer component in the nest body (CC_CUTCELL_TYPE,CELL_TYPE,MESH_TYPE)",SoA,ccib.f90,GET_CUTCELL_DDDT,2660,2686,predictor/corrector,cfaces,tree,0.000,,,,,,geometry,file ccib.f90,T4,,,,,deferred (geometry)
L0203,C,C,C_layout_wall_cface,"derived-type allocatable/pointer component in the nest body (CC_CUTCELL_TYPE,CELL_TYPE,MESH_TYPE)",SoA,ccib.f90,GET_CUTCELL_FH,20531,20543,pressure,cfaces,tree,0.000,,,,,,geometry,file ccib.f90,T4,,,,,deferred (geometry)
L0204,C,C,C_layout_wall_cface,"derived-type allocatable/pointer component in the nest body (CC_CUTCELL_TYPE,CELL_TYPE,MESH_TYPE)",SoA,ccib.f90,GET_CUTCELL_HP,20490,20498,pressure,cfaces,leaf,0.000,,,,,,geometry,file ccib.f90,T4,,,,,deferred (geometry)
L0205,C,C,C_layout_wall_cface,"derived-type allocatable/pointer component in the nest body (CC_CUTCELL_TYPE,CELL_TYPE,MESH_TYPE)",SoA,ccib.f90,GET_CUTCELL_HP,20503,20511,pressure,cfaces,leaf,0.000,,,,,,geometry,file ccib.f90,T4,,,,,deferred (geometry)
L0206,C,C,C_layout_wall_cface,"wall or cut-face index loop: needs flat index tables (layout rule 4, primer item 7)",SoA,ccib.f90,GET_EXPLICIT_ADVDIFFVECTOR_SCALAR_3D,12086,12109,predictor/corrector,wall,leaf,0.000,,,,,,geometry,file ccib.f90,T4,,,,,deferred (geometry)
L0207,C,C,C_layout_wall_cface,"wall or cut-face index loop: needs flat index tables (layout rule 4, primer item 7)",SoA,ccib.f90,GET_EXPLICIT_ADVDIFFVECTOR_SCALAR_3D,12118,12141,predictor/corrector,wall,leaf,0.000,,,,,,geometry,file ccib.f90,T4,,,,,deferred (geometry)
L0208,C,C,C_layout_wall_cface,"derived-type allocatable/pointer component in the nest body (CC_REGFACEZ_TYPE,MESH_TYPE,WALL_TYPE)",SoA,ccib.f90,GET_EXPLICIT_ADVDIFFVECTOR_SCALAR_3D,12166,12183,predictor/corrector,cfaces,leaf,0.000,C,allocatable/array component MESHES%CC_NREGFACE_Z; allocatable/array component REGFACE_Z%IJK; allocatable/array component REGFACE_Z%RHOZZ_U; write index derived ,,,,geometry,file ccib.f90,T4,,,,,deferred (geometry)
L0209,C,C,C_layout_wall_cface,"derived-type allocatable/pointer component in the nest body (CC_REGFACEZ_TYPE,MESH_TYPE,WALL_TYPE)",SoA,ccib.f90,GET_EXPLICIT_ADVDIFFVECTOR_SCALAR_3D,12188,12204,predictor/corrector,cfaces,leaf,0.000,,,,,,geometry,file ccib.f90,T4,,,,,deferred (geometry)
L0210,C,C,C_layout_wall_cface,"derived-type allocatable/pointer component in the nest body (CC_REGFACEZ_TYPE,MESH_TYPE,WALL_TYPE)",SoA,ccib.f90,GET_EXPLICIT_ADVDIFFVECTOR_SCALAR_3D,12209,12225,predictor/corrector,cfaces,leaf,0.000,,,,,,geometry,file ccib.f90,T4,,,,,deferred (geometry)
L0211,C,C,C_layout_wall_cface,"derived-type allocatable/pointer component in the nest body (CC_CUTCELL_TYPE,CC_RCFACE_TYPE,CELL_TYPE)",SoA,ccib.f90,GET_EXPLICIT_ADVDIFFVECTOR_SCALAR_3D,12228,12371,predictor/corrector,cfaces,tree,0.000,,,,,,geometry,file ccib.f90,T4,,,,,deferred (geometry)
L0212,C,C,C_layout_wall_cface,"derived-type allocatable/pointer component in the nest body (CC_CUTCELL_TYPE,CC_CUTFACE_TYPE,CELL_TYPE)",SoA,ccib.f90,GET_EXPLICIT_ADVDIFFVECTOR_SCALAR_3D,12374,12483,predictor/corrector,cfaces,tree,0.000,,,,,,geometry,file ccib.f90,T4,,,,,deferred (geometry)
L0213,B,B,B,"flagged write_derived_index: not provably loop-affine from the survey sites (marker assertion, checked by the generator's race analysis)",M,ccib.f90,GET_EXPLICIT_ADVDIFFVECTOR_SCALAR_3D,12487,12497,predictor/corrector,cell,leaf,0.000,B,write index derived inside the nest: F_Z(IROW),,,,geometry,file ccib.f90,,,,,,deferred (geometry)
L0214,C,C,C_layout_wall_cface,"derived-type allocatable/pointer component in the nest body (CC_CUTCELL_TYPE,CELL_TYPE,MESH_TYPE)",SoA,ccib.f90,GET_EXPLICIT_ADVDIFFVECTOR_SCALAR_3D,12500,12510,predictor/corrector,cfaces,leaf,0.000,,,,,,geometry,file ccib.f90,T4,,,,,deferred (geometry)
L0215,C,C,C_layout_other,derived-type allocatable/pointer component in the nest body (ZONE_SOLVE_TYPE),SoA,ccib.f90,GET_FH_FROM_PRHS_AND_BCS,2088,2099,pressure,cell,leaf,0.000,,,,,,geometry,file ccib.f90,T4,,,,,deferred (geometry)
L0216,C,C,C_layout_wall_cface,"derived-type allocatable/pointer component in the nest body (BOUNDARY_COORD_TYPE,CC_CUTFACE_TYPE,CFACE_TYPE)",SoA,ccib.f90,GET_FH_FROM_PRHS_AND_BCS,2105,2139,pressure,cfaces,tree,0.000,,,,,,geometry,file ccib.f90,T4,,,,,deferred (geometry)
L0217,C,C,C_layout_wall_cface,"derived-type allocatable/pointer component in the nest body (BOUNDARY_COORD_TYPE,CC_RCFACE_TYPE,EXTERNAL_WALL_TYPE)",SoA,ccib.f90,GET_FH_FROM_PRHS_AND_BCS,2142,2231,pressure,wall,tree,0.000,,,,,,geometry,file ccib.f90,T4,,,,,deferred (geometry)
L0218,C,C,C_layout_wall_cface,"derived-type allocatable/pointer component in the nest body (CC_CUTCELL_TYPE,CC_CUTFACE_TYPE)",SoA,ccib.f90,GET_FN_DIVERGENCE_CUTCELL,16610,16647,pressure,cfaces,leaf,0.000,,,,,,geometry,file ccib.f90,T4,,,,,deferred (geometry)
L0219,C,C,C_layout_wall_cface,"derived-type allocatable/pointer component in the nest body (BOUNDARY_COORD_TYPE,CC_CUTCELL_TYPE,CC_CUTFACE_TYPE)",SoA,ccib.f90,GET_H_CUTFACES,21302,21411,pressure,cfaces,tree,0.000,,,,,,geometry,file ccib.f90,T4,,,,,deferred (geometry)
L0220,C,C,C_layout_wall_cface,"derived-type allocatable/pointer component in the nest body (BOUNDARY_COORD_TYPE,CC_CUTCELL_TYPE,WALL_TYPE)",SoA,ccib.f90,GET_H_GUARD_CUTCELL,530,538,pressure,wall,leaf,0.000,,,,,,geometry,file ccib.f90,T4,,,,,deferred (geometry)
L0221,C,C,C_layout_wall_cface,"derived-type allocatable/pointer component in the nest body (BOUNDARY_COORD_TYPE,CC_CUTCELL_TYPE,CC_CUTFACE_TYPE)",SoA,ccib.f90,GET_H_GUARD_CUTCELL,543,656,pressure,wall,leaf,0.000,,,,,,geometry,file ccib.f90,T4,,,,,deferred (geometry)
L0222,C,C,C_layout_wall_cface,"derived-type allocatable/pointer component in the nest body (CC_RCFACE_TYPE,MESH_TYPE,ZONE_SOLVE_TYPE)",SoA,ccib.f90,GET_H_MATRIX_CC,20583,20631,pressure,cfaces,leaf,0.000,,,,,,geometry,file ccib.f90,T4,,,,,deferred (geometry)
L0223,C,C,C_layout_wall_cface,"derived-type allocatable/pointer component in the nest body (BOUNDARY_COORD_TYPE,CC_CUTFACE_TYPE,EXTERNAL_WALL_TYPE)",SoA,ccib.f90,GET_H_MATRIX_CC,20634,20761,pressure,cfaces,leaf,0.000,,,,,,geometry,file ccib.f90,T4,,,,,deferred (geometry)
L0224,C,C,C_layout_wall_cface,"derived-type allocatable/pointer component in the nest body (BOUNDARY_COORD_TYPE,CC_CUTCELL_TYPE,EXTERNAL_WALL_TYPE)",SoA,ccib.f90,GET_H_MATRIX_CC,20766,20868,pressure,wall,leaf,0.000,,,,,,geometry,file ccib.f90,T4,,,,,deferred (geometry)
L0225,C,C,C_layout_wall_cface,"derived-type allocatable/pointer component in the nest body (CC_CUTCELL_TYPE,CC_CUTFACE_TYPE,CC_RCFACE_TYPE)",SoA,ccib.f90,GET_LHS_CUTCELL,1427,1522,pressure,cfaces,leaf,0.000,,,,,,geometry,file ccib.f90,T4,,,,,deferred (geometry)
L0226,C,C,C_layout_wall_cface,"derived-type allocatable/pointer component in the nest body (CC_CUTCELL_TYPE,CC_CUTFACE_TYPE,CC_RCFACE_TYPE)",SoA,ccib.f90,GET_LHS_CUTCELL,1528,1639,pressure,cfaces,tree,0.000,,,,,,geometry,file ccib.f90,T4,,,,,deferred (geometry)
L0227,B,B,B,"flagged write_indirect: not provably loop-affine from the survey sites (marker assertion, checked by the generator's race analysis)",M,ccib.f90,GET_LINKED_FV,15246,15266,pressure,face,leaf,0.000,B,"write index is a function or array lookup: FLINK(FCVAR(I,J,K,CC_UNKF,IAXIS)); write index is a function or array lookup: ALINK(FCVAR(I,J,K,CC_UNKF,IAXIS)); writ",,,,geometry,file ccib.f90,,,,,,deferred (geometry)
L0228,C,C,C_layout_wall_cface,"wall or cut-face index loop: needs flat index tables (layout rule 4, primer item 7)",SoA,ccib.f90,GET_LINKED_FV,15268,15283,pressure,cfaces,leaf,0.000,C,allocatable/array component RC_FACE%IJK; write index is a function or array lookup: FLINK(RC_FACE(ICF)%UNKF); write index is a function or array lookup: ALINK(R,,,,geometry,file ccib.f90,T4,,,,,deferred (geometry)
L0229,C,C,C_layout_wall_cface,"derived-type allocatable/pointer component in the nest body (CC_CUTFACE_TYPE,MESH_TYPE)",SoA,ccib.f90,GET_LINKED_FV,15286,15293,pressure,cfaces,leaf,0.000,,,,,,geometry,file ccib.f90,T4,,,,,deferred (geometry)
L0230,C,C,C_layout_wall_cface,"derived-type allocatable/pointer component in the nest body (CC_CUTFACE_TYPE,MESH_TYPE)",SoA,ccib.f90,GET_LINKED_FV,15295,15302,pressure,cfaces,leaf,0.000,,,,,,geometry,file ccib.f90,T4,,,,,deferred (geometry)
L0232,A,A,A,flat-array face loop; blockers (if any) are mesh-array views or loop-affine writes only,,ccib.f90,GET_LINKED_FV,15312,15320,pressure,face,leaf,0.000,A,,,,,geometry,file ccib.f90,,,,,,deferred (geometry)
L0233,C,C,C_layout_wall_cface,"wall or cut-face index loop: needs flat index tables (layout rule 4, primer item 7)",SoA,ccib.f90,GET_LINKED_FV,15321,15330,pressure,cfaces,leaf,0.000,,,,,,geometry,file ccib.f90,T4,,,,,deferred (geometry)
L0234,C,C,C_layout_wall_cface,"derived-type allocatable/pointer component in the nest body (CC_CUTFACE_TYPE,MESH_TYPE)",SoA,ccib.f90,GET_LINKED_FV,15332,15343,pressure,cfaces,leaf,0.000,,,,,,geometry,file ccib.f90,T4,,,,,deferred (geometry)
L0235,C,C,C_layout_wall_cface,"derived-type allocatable/pointer component in the nest body (CC_CUTFACE_TYPE,MESH_TYPE)",SoA,ccib.f90,GET_LINKED_FV,15345,15356,pressure,cfaces,leaf,0.000,,,,,,geometry,file ccib.f90,T4,,,,,deferred (geometry)
L0236,B,B,B,"flagged write_indirect: not provably loop-affine from the survey sites (marker assertion, checked by the generator's race analysis)",M,ccib.f90,GET_LINKED_VELOCITIES,3031,3048,predictor/corrector,face,leaf,0.000,B,"write index is a function or array lookup: UN_LNK(FCVAR(I,J,K,CC_UNKF,IAXIS)); write index is a function or array lookup: AREA_LNK(FCVAR(I,J,K,CC_UNKF,IAXIS)); ",,,,geometry,file ccib.f90,,,,,,deferred (geometry)
L0237,C,C,C_layout_wall_cface,"wall or cut-face index loop: needs flat index tables (layout rule 4, primer item 7)",SoA,ccib.f90,GET_LINKED_VELOCITIES,3050,3065,predictor/corrector,cfaces,leaf,0.000,,,,,,geometry,file ccib.f90,T4,,,,,deferred (geometry)
L0238,C,C,C_layout_wall_cface,"derived-type allocatable/pointer component in the nest body (CC_CUTFACE_TYPE,MESH_TYPE)",SoA,ccib.f90,GET_LINKED_VELOCITIES,3067,3074,predictor/corrector,cfaces,leaf,0.000,,,,,,geometry,file ccib.f90,T4,,,,,deferred (geometry)
L0239,B,B,B,"flagged write_indirect: not provably loop-affine from the survey sites (marker assertion, checked by the generator's race analysis)",M,ccib.f90,GET_LINKED_VELOCITIES,3079,3096,predictor/corrector,face,leaf,0.000,B,"write index is a function or array lookup: UN_LNK(FCVAR(I,J,K,CC_UNKF,IAXIS)); write index is a function or array lookup: AREA_LNK(FCVAR(I,J,K,CC_UNKF,IAXIS)); ",,,,geometry,file ccib.f90,,,,,,deferred (geometry)
L0240,C,C,C_layout_wall_cface,"wall or cut-face index loop: needs flat index tables (layout rule 4, primer item 7)",SoA,ccib.f90,GET_LINKED_VELOCITIES,3098,3113,predictor/corrector,cfaces,leaf,0.000,,,,,,geometry,file ccib.f90,T4,,,,,deferred (geometry)
L0241,C,C,C_layout_wall_cface,"derived-type allocatable/pointer component in the nest body (CC_CUTFACE_TYPE,MESH_TYPE)",SoA,ccib.f90,GET_LINKED_VELOCITIES,3115,3122,predictor/corrector,cfaces,leaf,0.000,,,,,,geometry,file ccib.f90,T4,,,,,deferred (geometry)
L0242,C,C,C_layout_wall_cface,"derived-type allocatable/pointer component in the nest body (BOUNDARY_COORD_TYPE,CC_CUTFACE_TYPE,CC_RCFACE_TYPE)",SoA,ccib.f90,GET_LINKED_VELOCITIES,3131,3176,predictor/corrector,wall,leaf,0.000,,,,,,geometry,file ccib.f90,T4,,,,,deferred (geometry)
L0243,A,A,A,flat-array face loop; blockers (if any) are mesh-array views or loop-affine writes only,,ccib.f90,GET_LINKED_VELOCITIES,3186,3194,predictor/corrector,face,leaf,0.000,A,,,,,geometry,file ccib.f90,,,,,,deferred (geometry)
L0244,C,C,C_layout_wall_cface,"wall or cut-face index loop: needs flat index tables (layout rule 4, primer item 7)",SoA,ccib.f90,GET_LINKED_VELOCITIES,3195,3204,predictor/corrector,cfaces,leaf,0.000,,,,,,geometry,file ccib.f90,T4,,,,,deferred (geometry)
L0245,C,C,C_layout_wall_cface,"derived-type allocatable/pointer component in the nest body (CC_CUTFACE_TYPE,MESH_TYPE)",SoA,ccib.f90,GET_LINKED_VELOCITIES,3205,3218,predictor/corrector,cfaces,leaf,0.000,,,,,,geometry,file ccib.f90,T4,,,,,deferred (geometry)
L0246,C,C,C_layout_wall_cface,"derived-type allocatable/pointer component in the nest body (BOUNDARY_COORD_TYPE,CC_CUTFACE_TYPE,EXTERNAL_WALL_TYPE)",SoA,ccib.f90,GET_LINKED_VELOCITIES,3221,3354,predictor/corrector,wall,leaf,0.000,,,,,,geometry,file ccib.f90,T4,,,,,deferred (geometry)
L0247,A,A,A,flat-array face loop; blockers (if any) are mesh-array views or loop-affine writes only,,ccib.f90,GET_LINKED_VELOCITIES,3362,3370,predictor/corrector,face,leaf,0.000,A,,,,,geometry,file ccib.f90,,,,,,deferred (geometry)
L0248,C,C,C_layout_wall_cface,"wall or cut-face index loop: needs flat index tables (layout rule 4, primer item 7)",SoA,ccib.f90,GET_LINKED_VELOCITIES,3371,3380,predictor/corrector,cfaces,leaf,0.000,,,,,,geometry,file ccib.f90,T4,,,,,deferred (geometry)
L0249,C,C,C_layout_wall_cface,"derived-type allocatable/pointer component in the nest body (CC_CUTFACE_TYPE,MESH_TYPE)",SoA,ccib.f90,GET_LINKED_VELOCITIES,3381,3394,predictor/corrector,cfaces,leaf,0.000,,,,,,geometry,file ccib.f90,T4,,,,,deferred (geometry)
L0250,C,C,C_layout_wall_cface,"derived-type allocatable/pointer component in the nest body (BOUNDARY_COORD_TYPE,CC_CUTFACE_TYPE,EXTERNAL_WALL_TYPE)",SoA,ccib.f90,GET_LINKED_VELOCITIES,3397,3532,predictor/corrector,wall,leaf,0.000,,,,,,geometry,file ccib.f90,T4,,,,,deferred (geometry)
L0251,B,B,B,"flagged write_derived_index: not provably loop-affine from the survey sites (marker assertion, checked by the generator's race analysis)",M,ccib.f90,GET_M_DOT_PPP_SCALAR_3D,12003,12013,predictor/corrector,cell,leaf,0.000,B,write index derived inside the nest: F_Z(IROW),,,,geometry,file ccib.f90,,,,,,deferred (geometry)
L0252,C,C,C_layout_wall_cface,"derived-type allocatable/pointer component in the nest body (CC_CUTCELL_TYPE,CELL_TYPE,MESH_TYPE)",SoA,ccib.f90,GET_M_DOT_PPP_SCALAR_3D,12016,12023,predictor/corrector,cfaces,leaf,0.000,,,,,,geometry,file ccib.f90,T4,,,,,deferred (geometry)
L0253,C,C,C_layout_wall_cface,"derived-type allocatable/pointer component in the nest body (CC_CUTCELL_TYPE,MESH_TYPE)",SoA,ccib.f90,GET_M_DOT_PPP_SCALAR_3D,12028,12031,predictor/corrector,cfaces,leaf,0.000,,,,,,geometry,file ccib.f90,T4,,,,,deferred (geometry)
L0254,C,C,C_layout_wall_cface,"derived-type allocatable/pointer component in the nest body (CC_CUTCELL_TYPE,MESH_TYPE)",SoA,ccib.f90,GET_M_DOT_PPP_SCALAR_3D,12034,12037,predictor/corrector,cfaces,leaf,0.000,,,,,,geometry,file ccib.f90,T4,,,,,deferred (geometry)
L0255,C,C,C_layout_wall_cface,"derived-type allocatable/pointer component in the nest body (BOUNDARY_COORD_TYPE,BOUNDARY_PROP1_TYPE,CC_CUTFACE_TYPE)",SoA,ccib.f90,GET_PRES_CFACE_BCS,2282,2594,pressure,cfaces,tree,0.000,,,,,,geometry,file ccib.f90,T4,,,,,deferred (geometry)
L0257,C,C,C_layout_wall_cface,"derived-type allocatable/pointer component in the nest body (CC_CUTCELL_TYPE,CELL_TYPE,MESH_TYPE)",SoA,ccib.f90,GET_RCFACES_H,21604,21667,pressure,cfaces,leaf,0.000,,,,,,geometry,file ccib.f90,T4,,,,,deferred (geometry)
L0258,C,C,C_layout_wall_cface,"derived-type allocatable/pointer component in the nest body (BOUNDARY_COORD_TYPE,MESH_TYPE,WALL_TYPE)",SoA,ccib.f90,GET_RCFACES_H,21671,21698,pressure,wall,leaf,0.000,,,,,,geometry,file ccib.f90,T4,,,,,deferred (geometry)
L0259,C,C,C_layout_wall_cface,"derived-type allocatable/pointer component in the nest body (CC_CUTCELL_TYPE,CELL_TYPE,MESH_TYPE)",SoA,ccib.f90,GET_RCFACES_H,21723,21849,pressure,cfaces,leaf,0.000,,,,,,geometry,file ccib.f90,T4,,,,,deferred (geometry)
L0260,C,C,C_layout_wall_cface,"derived-type allocatable/pointer component in the nest body (BOUNDARY_COORD_TYPE,CC_CUTCELL_TYPE,MESH_TYPE)",SoA,ccib.f90,GET_RCFACES_H,21852,21915,pressure,wall,leaf,0.000,,,,,,geometry,file ccib.f90,T4,,,,,deferred (geometry)
L0261,B,B,B,"flagged write_derived_index: not provably loop-affine from the survey sites (marker assertion, checked by the generator's race analysis)",M,ccib.f90,GET_RHOZZVECTOR_SCALAR_3D,13442,13451,predictor/corrector,cell,leaf,0.000,B,write index derived inside the nest: RZ_ZS(IROW_LOC); write index derived inside the nest: RZ_Z(IROW_LOC),,,,geometry,file ccib.f90,,,,,,deferred (geometry)
L0262,C,C,C_layout_wall_cface,"derived-type allocatable/pointer component in the nest body (CC_CUTCELL_TYPE,CELL_TYPE,MESH_TYPE)",SoA,ccib.f90,GET_RHOZZVECTOR_SCALAR_3D,13453,13460,predictor/corrector,cfaces,leaf,0.000,,,,,,geometry,file ccib.f90,T4,,,,,deferred (geometry)
L0264,C,B,C_layout_probe,survey rule said B; parser probe found: allocatable/array component MESHES%RHO_ZZN; write index derived inside the nest: RZ_Z(IROW_LOC); write index derived inside the nest: RZ_ZS(IROW_LOC),SoA,ccib.f90,GET_RHOZZVECTOR_SCALAR_3D,13473,13482,predictor/corrector,cell,leaf,0.000,C,allocatable/array component MESHES%RHO_ZZN; write index derived inside the nest: RZ_Z(IROW_LOC); write index derived inside the nest: RZ_ZS(IROW_LOC),,,,geometry,file ccib.f90,T4,,,,,deferred (geometry)
L0265,C,C,C_layout_wall_cface,"derived-type allocatable/pointer component in the nest body (CC_CUTCELL_TYPE,CELL_TYPE,MESH_TYPE)",SoA,ccib.f90,GET_RHOZZVECTOR_SCALAR_3D,13484,13491,predictor/corrector,cfaces,leaf,0.000,,,,,,geometry,file ccib.f90,T4,,,,,deferred (geometry)
L0266,C,C,C_layout_wall_cface,"derived-type allocatable/pointer component in the nest body (CC_CUTCELL_TYPE,CELL_TYPE,MESH_TYPE)",SoA,ccib.f90,GET_RHOZZ_CC_3D,13201,13255,predictor/corrector,cfaces,leaf,0.000,,,,,,geometry,file ccib.f90,T4,,,,,deferred (geometry)
L0267,C,C,C_layout_wall_cface,"derived-type allocatable/pointer component in the nest body (CC_CUTCELL_TYPE,CELL_TYPE,MESH_TYPE)",SoA,ccib.f90,GET_RHOZZ_CC_3D,13262,13314,predictor/corrector,cfaces,leaf,0.000,,,,,,geometry,file ccib.f90,T4,,,,,deferred (geometry)
L0268,C,B,C_layout_probe,"survey rule said B; parser probe found: I/O statement; allocatable/array component MESHES%CCVAR; write index derived inside the nest: ZZP(I,J,K,NMX); reduction intrinsic SUM; reduction intri",SoA,ccib.f90,GET_RHOZZ_CC_3D,13319,13366,predictor/corrector,cell,leaf,0.000,C,"I/O statement; allocatable/array component MESHES%CCVAR; write index derived inside the nest: ZZP(I,J,K,NMX); reduction intrinsic SUM; reduction intrinsic MAXLO",,,,geometry,file ccib.f90,T4,,,,,deferred (geometry)
L0275,B,B,B,"flagged reduction_accum: not provably loop-affine from the survey sites (marker assertion, checked by the generator's race analysis)",M,ccib.f90,GET_SHUNN3_QZ,6629,6641,predictor/corrector,cell,tree,0.000,B,write index derived inside the nest: F_Z(IROW),,,,geometry,file ccib.f90,,,,,,deferred (geometry)
L0276,C,C,C_layout_wall_cface,"derived-type allocatable/pointer component in the nest body (CC_CUTCELL_TYPE,MESH_TYPE)",SoA,ccib.f90,GET_SHUNN3_QZ,6644,6653,predictor/corrector,cfaces,tree,0.000,,,,,,geometry,file ccib.f90,T4,,,,,deferred (geometry)
L0278,C,C,C_layout_wall_cface,"derived-type allocatable/pointer component in the nest body (CC_CUTCELL_TYPE,CC_CUTFACE_TYPE)",SoA,ccib.f90,GET_VELOC_DIVERGENCE_CUTCELL,16541,16580,predictor/corrector,cfaces,leaf,0.000,,,,,,geometry,file ccib.f90,T4,,,,,deferred (geometry)
L0281,C,C,C_layout_wall_cface,"derived-type allocatable/pointer component in the nest body (MESH_TYPE,OMESH_TYPE)",SoA,ccib.f90,MESH_CC_EXCHANGE,4183,4199,exchange/communication,cfaces,leaf,0.000,,,,,,geometry,file ccib.f90,T4,,,,,deferred (geometry)
L0282,C,C,C_layout_wall_cface,"derived-type allocatable/pointer component in the nest body (MESH_TYPE,OMESH_TYPE)",SoA,ccib.f90,MESH_CC_EXCHANGE,4208,4225,exchange/communication,cfaces,leaf,0.000,,,,,,geometry,file ccib.f90,T4,,,,,deferred (geometry)
L0283,C,C,C_layout_wall_cface,"derived-type allocatable/pointer component in the nest body (MESH_TYPE,OMESH_TYPE)",SoA,ccib.f90,MESH_CC_EXCHANGE,4228,4245,exchange/communication,cfaces,leaf,0.000,,,,,,geometry,file ccib.f90,T4,,,,,deferred (geometry)
L0284,C,C,C_layout_wall_cface,"derived-type allocatable/pointer component in the nest body (CC_CUTFACE_TYPE,MESH_TYPE,OMESH_TYPE)",SoA,ccib.f90,MESH_CC_EXCHANGE,4254,4264,exchange/communication,cfaces,leaf,0.000,,,,,,geometry,file ccib.f90,T4,,,,,deferred (geometry)
L0285,C,C,C_layout_wall_cface,"derived-type allocatable/pointer component in the nest body (CC_CUTFACE_TYPE,MESH_TYPE,OMESH_TYPE)",SoA,ccib.f90,MESH_CC_EXCHANGE,4266,4272,exchange/communication,cfaces,leaf,0.000,,,,,,geometry,file ccib.f90,T4,,,,,deferred (geometry)
L0286,C,C,C_layout_wall_cface,"derived-type allocatable/pointer component in the nest body (CC_CUTFACE_TYPE,MESH_TYPE,OMESH_TYPE)",SoA,ccib.f90,MESH_CC_EXCHANGE,4282,4293,exchange/communication,cfaces,leaf,0.000,,,,,,geometry,file ccib.f90,T4,,,,,deferred (geometry)
L0287,C,C,C_layout_wall_cface,"derived-type allocatable/pointer component in the nest body (CC_CUTFACE_TYPE,MESH_TYPE,OMESH_TYPE)",SoA,ccib.f90,MESH_CC_EXCHANGE,4295,4302,exchange/communication,cfaces,leaf,0.000,,,,,,geometry,file ccib.f90,T4,,,,,deferred (geometry)
L0288,C,C,C_layout_wall_cface,"derived-type allocatable/pointer component in the nest body (MESH_TYPE,OMESH_TYPE)",SoA,ccib.f90,MESH_CC_EXCHANGE,4309,4323,exchange/communication,cfaces,leaf,0.000,,,,,,geometry,file ccib.f90,T4,,,,,deferred (geometry)
L0289,C,C,C_layout_wall_cface,"derived-type allocatable/pointer component in the nest body (MESH_TYPE,OMESH_TYPE)",SoA,ccib.f90,MESH_CC_EXCHANGE,4326,4342,exchange/communication,cfaces,leaf,0.000,,,,,,geometry,file ccib.f90,T4,,,,,deferred (geometry)
L0290,C,C,C_layout_wall_cface,"derived-type allocatable/pointer component in the nest body (MESH_TYPE,OMESH_TYPE)",SoA,ccib.f90,MESH_CC_EXCHANGE,4344,4360,exchange/communication,cfaces,leaf,0.000,,,,,,geometry,file ccib.f90,T4,,,,,deferred (geometry)
L0291,C,C,C_layout_wall_cface,"derived-type allocatable/pointer component in the nest body (MESH_TYPE,OMESH_TYPE)",SoA,ccib.f90,MESH_CC_EXCHANGE,4361,4377,exchange/communication,cfaces,leaf,0.000,,,,,,geometry,file ccib.f90,T4,,,,,deferred (geometry)
L0292,C,C,C_layout_wall_cface,"derived-type allocatable/pointer component in the nest body (MESH_TYPE,OMESH_TYPE)",SoA,ccib.f90,MESH_CC_EXCHANGE,4387,4403,exchange/communication,cfaces,leaf,0.000,,,,,,geometry,file ccib.f90,T4,,,,,deferred (geometry)
L0293,C,C,C_layout_wall_cface,"derived-type allocatable/pointer component in the nest body (MESH_TYPE,OMESH_TYPE)",SoA,ccib.f90,MESH_CC_EXCHANGE,4412,4429,exchange/communication,cfaces,leaf,0.000,,,,,,geometry,file ccib.f90,T4,,,,,deferred (geometry)
L0294,C,C,C_layout_wall_cface,"derived-type allocatable/pointer component in the nest body (MESH_TYPE,OMESH_TYPE)",SoA,ccib.f90,MESH_CC_EXCHANGE,4432,4449,exchange/communication,cfaces,leaf,0.000,,,,,,geometry,file ccib.f90,T4,,,,,deferred (geometry)
L0295,C,C,C_layout_wall_cface,"derived-type allocatable/pointer component in the nest body (CC_CUTFACE_TYPE,MESH_TYPE,OMESH_TYPE)",SoA,ccib.f90,MESH_CC_EXCHANGE,4459,4469,exchange/communication,cfaces,leaf,0.000,,,,,,geometry,file ccib.f90,T4,,,,,deferred (geometry)
L0296,C,C,C_layout_wall_cface,"derived-type allocatable/pointer component in the nest body (CC_CUTFACE_TYPE,MESH_TYPE,OMESH_TYPE)",SoA,ccib.f90,MESH_CC_EXCHANGE,4471,4477,exchange/communication,cfaces,leaf,0.000,,,,,,geometry,file ccib.f90,T4,,,,,deferred (geometry)
L0297,C,C,C_layout_wall_cface,"derived-type allocatable/pointer component in the nest body (CC_CUTFACE_TYPE,MESH_TYPE,OMESH_TYPE)",SoA,ccib.f90,MESH_CC_EXCHANGE,4487,4498,exchange/communication,cfaces,leaf,0.000,,,,,,geometry,file ccib.f90,T4,,,,,deferred (geometry)
L0298,C,C,C_layout_wall_cface,"derived-type allocatable/pointer component in the nest body (CC_CUTFACE_TYPE,MESH_TYPE,OMESH_TYPE)",SoA,ccib.f90,MESH_CC_EXCHANGE,4500,4507,exchange/communication,cfaces,leaf,0.000,,,,,,geometry,file ccib.f90,T4,,,,,deferred (geometry)
L0299,C,C,C_layout_omesh,"derived-type allocatable/pointer component in the nest body (MESH_TYPE,OMESH_TYPE)",SoA,ccib.f90,MESH_CC_EXCHANGE,4518,4548,exchange/communication,cell,leaf,0.000,,,,,,geometry,file ccib.f90,T4,,,,,deferred (geometry)
L0300,C,C,C_layout_omesh,"derived-type allocatable/pointer component in the nest body (MESH_TYPE,OMESH_TYPE)",SoA,ccib.f90,MESH_CC_EXCHANGE,4552,4581,exchange/communication,cell,leaf,0.000,,,,,,geometry,file ccib.f90,T4,,,,,deferred (geometry)
L0301,C,C,C_layout_wall_cface,"derived-type allocatable/pointer component in the nest body (MESH_TYPE,OMESH_TYPE)",SoA,ccib.f90,MESH_CC_EXCHANGE,4588,4602,exchange/communication,cfaces,leaf,0.000,,,,,,geometry,file ccib.f90,T4,,,,,deferred (geometry)
L0302,C,C,C_layout_wall_cface,"derived-type allocatable/pointer component in the nest body (MESH_TYPE,OMESH_TYPE)",SoA,ccib.f90,MESH_CC_EXCHANGE,4605,4621,exchange/communication,cfaces,leaf,0.000,,,,,,geometry,file ccib.f90,T4,,,,,deferred (geometry)
L0303,C,C,C_layout_wall_cface,"derived-type allocatable/pointer component in the nest body (MESH_TYPE,OMESH_TYPE)",SoA,ccib.f90,MESH_CC_EXCHANGE,4623,4639,exchange/communication,cfaces,leaf,0.000,,,,,,geometry,file ccib.f90,T4,,,,,deferred (geometry)
L0304,C,C,C_layout_wall_cface,"derived-type allocatable/pointer component in the nest body (MESH_TYPE,OMESH_TYPE)",SoA,ccib.f90,MESH_CC_EXCHANGE,4640,4656,exchange/communication,cfaces,leaf,0.000,,,,,,geometry,file ccib.f90,T4,,,,,deferred (geometry)
L0305,C,C,C_layout_wall_cface,"derived-type allocatable/pointer component in the nest body (MESH_TYPE,OMESH_TYPE)",SoA,ccib.f90,MESH_CC_EXCHANGE,4666,4675,exchange/communication,cfaces,leaf,0.000,,,,,,geometry,file ccib.f90,T4,,,,,deferred (geometry)
L0306,C,C,C_layout_wall_cface,"derived-type allocatable/pointer component in the nest body (MESH_TYPE,OMESH_TYPE)",SoA,ccib.f90,MESH_CC_EXCHANGE,4678,4687,exchange/communication,cfaces,leaf,0.000,,,,,,geometry,file ccib.f90,T4,,,,,deferred (geometry)
L0307,C,C,C_layout_wall_cface,"derived-type allocatable/pointer component in the nest body (MESH_TYPE,OMESH_TYPE)",SoA,ccib.f90,MESH_CC_EXCHANGE,4697,4706,exchange/communication,cfaces,leaf,0.000,,,,,,geometry,file ccib.f90,T4,,,,,deferred (geometry)
L0308,C,C,C_layout_wall_cface,"derived-type allocatable/pointer component in the nest body (MESH_TYPE,OMESH_TYPE)",SoA,ccib.f90,MESH_CC_EXCHANGE,4709,4718,exchange/communication,cfaces,leaf,0.000,,,,,,geometry,file ccib.f90,T4,,,,,deferred (geometry)
L0309,C,C,C_layout_wall_cface,"derived-type allocatable/pointer component in the nest body (MESH_TYPE,OMESH_TYPE)",SoA,ccib.f90,MESH_CC_EXCHANGE,4771,4784,exchange/communication,cfaces,leaf,0.000,,,,,,geometry,file ccib.f90,T4,,,,,deferred (geometry)
L0310,C,C,C_layout_wall_cface,"derived-type allocatable/pointer component in the nest body (MESH_TYPE,OMESH_TYPE)",SoA,ccib.f90,MESH_CC_EXCHANGE,4789,4803,exchange/communication,cfaces,leaf,0.000,,,,,,geometry,file ccib.f90,T4,,,,,deferred (geometry)
L0311,C,C,C_layout_wall_cface,"derived-type allocatable/pointer component in the nest body (CC_CUTFACE_TYPE,MESH_TYPE,OMESH_TYPE)",SoA,ccib.f90,MESH_CC_EXCHANGE,4810,4828,exchange/communication,cfaces,leaf,0.000,,,,,,geometry,file ccib.f90,T4,,,,,deferred (geometry)
L0312,C,C,C_layout_wall_cface,"derived-type allocatable/pointer component in the nest body (MESH_TYPE,OMESH_TYPE)",SoA,ccib.f90,MESH_CC_EXCHANGE,4834,4839,exchange/communication,cfaces,leaf,0.000,,,,,,geometry,file ccib.f90,T4,,,,,deferred (geometry)
L0313,C,C,C_layout_wall_cface,"derived-type allocatable/pointer component in the nest body (MESH_TYPE,OMESH_TYPE)",SoA,ccib.f90,MESH_CC_EXCHANGE,4841,4846,exchange/communication,cfaces,leaf,0.000,,,,,,geometry,file ccib.f90,T4,,,,,deferred (geometry)
L0314,C,C,C_layout_wall_cface,"derived-type allocatable/pointer component in the nest body (MESH_TYPE,OMESH_TYPE)",SoA,ccib.f90,MESH_CC_EXCHANGE,4847,4852,exchange/communication,cfaces,leaf,0.000,,,,,,geometry,file ccib.f90,T4,,,,,deferred (geometry)
L0315,C,C,C_layout_wall_cface,"derived-type allocatable/pointer component in the nest body (CC_CUTFACE_TYPE,MESH_TYPE,OMESH_TYPE)",SoA,ccib.f90,MESH_CC_EXCHANGE,4857,4871,exchange/communication,cfaces,leaf,0.000,,,,,,geometry,file ccib.f90,T4,,,,,deferred (geometry)
L0316,C,C,C_layout_wall_cface,"derived-type allocatable/pointer component in the nest body (MESH_TYPE,OMESH_TYPE)",SoA,ccib.f90,MESH_CC_EXCHANGE,4881,4894,exchange/communication,cfaces,leaf,0.000,,,,,,geometry,file ccib.f90,T4,,,,,deferred (geometry)
L0317,C,C,C_layout_wall_cface,"derived-type allocatable/pointer component in the nest body (MESH_TYPE,OMESH_TYPE)",SoA,ccib.f90,MESH_CC_EXCHANGE,4900,4905,exchange/communication,cfaces,leaf,0.000,,,,,,geometry,file ccib.f90,T4,,,,,deferred (geometry)
L0318,C,C,C_layout_wall_cface,"derived-type allocatable/pointer component in the nest body (MESH_TYPE,OMESH_TYPE)",SoA,ccib.f90,MESH_CC_EXCHANGE,4907,4912,exchange/communication,cfaces,leaf,0.000,,,,,,geometry,file ccib.f90,T4,,,,,deferred (geometry)
L0319,C,C,C_layout_wall_cface,"derived-type allocatable/pointer component in the nest body (MESH_TYPE,OMESH_TYPE)",SoA,ccib.f90,MESH_CC_EXCHANGE,4913,4918,exchange/communication,cfaces,leaf,0.000,,,,,,geometry,file ccib.f90,T4,,,,,deferred (geometry)
L0320,C,C,C_layout_wall_cface,"derived-type allocatable/pointer component in the nest body (CC_CUTFACE_TYPE,MESH_TYPE,OMESH_TYPE)",SoA,ccib.f90,MESH_CC_EXCHANGE,4923,4937,exchange/communication,cfaces,leaf,0.000,,,,,,geometry,file ccib.f90,T4,,,,,deferred (geometry)
L0321,C,C,C_layout_omesh,derived-type allocatable/pointer component in the nest body (OMESH_TYPE),SoA,ccib.f90,MESH_CC_EXCHANGE,4942,4951,exchange/communication,cell,leaf,0.000,,,,,,geometry,file ccib.f90,T4,,,,,deferred (geometry)
L0322,C,C,C_layout_wall_cface,"derived-type allocatable/pointer component in the nest body (MESH_TYPE,OMESH_TYPE)",SoA,ccib.f90,MESH_CC_EXCHANGE,4962,4976,exchange/communication,cfaces,leaf,0.000,,,,,,geometry,file ccib.f90,T4,,,,,deferred (geometry)
L0323,C,C,C_layout_wall_cface,"derived-type allocatable/pointer component in the nest body (MESH_TYPE,OMESH_TYPE)",SoA,ccib.f90,MESH_CC_EXCHANGE,4978,4983,exchange/communication,cfaces,leaf,0.000,,,,,,geometry,file ccib.f90,T4,,,,,deferred (geometry)
L0325,C,C,C_layout_wall_cface,"derived-type allocatable/pointer component in the nest body (BOUNDARY_COORD_TYPE,CC_CUTCELL_TYPE,EXTERNAL_WALL_TYPE)",SoA,ccib.f90,FILL_GCCUTCELL_SPECIES,5017,5104,exchange/communication,wall,leaf,0.000,,,,,,geometry,file ccib.f90,T4,,,,,deferred (geometry)
L0326,C,C,C_layout_wall_cface,"derived-type allocatable/pointer component in the nest body (CC_CUTCELL_TYPE,MESH_TYPE)",SoA,ccib.f90,NUMBER_UNKH_CUTCELLS,22841,22843,pressure,cfaces,leaf,0.000,,,,,,geometry,file ccib.f90,T4,,,,,deferred (geometry)
L0327,C,C,C_layout_wall_cface,"derived-type allocatable/pointer component in the nest body (CC_CUTCELL_TYPE,CELL_TYPE,MESH_TYPE)",SoA,ccib.f90,NUMBER_UNKH_CUTCELLS,22845,22850,pressure,cfaces,leaf,0.000,,,,,,geometry,file ccib.f90,T4,,,,,deferred (geometry)
L0328,C,C,C_layout_wall_cface,"derived-type allocatable/pointer component in the nest body (CC_CUTCELL_TYPE,CELL_TYPE,MESH_TYPE)",SoA,ccib.f90,NUMBER_UNKH_CUTCELLS,22852,22858,pressure,cfaces,leaf,0.000,,,,,,geometry,file ccib.f90,T4,,,,,deferred (geometry)
L0329,C,C,C_layout_wall_cface,"derived-type allocatable/pointer component in the nest body (CC_CUTCELL_TYPE,CELL_TYPE,MESH_TYPE)",SoA,ccib.f90,PUT_RHOZZVECTOR_SCALAR_3D,13389,13395,predictor/corrector,cfaces,leaf,0.000,,,,,,geometry,file ccib.f90,T4,,,,,deferred (geometry)
L0330,C,C,C_layout_wall_cface,"derived-type allocatable/pointer component in the nest body (CC_CUTCELL_TYPE,CELL_TYPE,MESH_TYPE)",SoA,ccib.f90,PUT_RHOZZVECTOR_SCALAR_3D,13398,13404,predictor/corrector,cfaces,leaf,0.000,,,,,,geometry,file ccib.f90,T4,,,,,deferred (geometry)
L0331,A,B,A_by_probe,survey flagged write-index/reduction patterns; the parser probe finds every write loop-affine and no reduction or shifted in-place read,,ccib.f90,PUT_RHOZZVECTOR_SCALAR_3D,13408,13416,predictor/corrector,cell,leaf,0.000,A,,,,,geometry,file ccib.f90,,,,,,deferred (geometry)
L0332,A,A,A,flat-array cell loop; blockers (if any) are mesh-array views or loop-affine writes only,,ccib.f90,ROTATED_CUBE_RHS_ZZ,6442,6465,predictor/corrector,cell,tree,0.000,A,,,,,geometry,file ccib.f90,,,,,,deferred (geometry)
L0333,A,A,A,flat-array cell loop; blockers (if any) are mesh-array views or loop-affine writes only,,ccib.f90,ROTATED_CUBE_VELOCITY_FLUX,6124,6166,predictor/corrector,cell,leaf,0.000,A,,,,,geometry,file ccib.f90,,,,,,deferred (geometry)
L0334,A,A,A,flat-array face loop; blockers (if any) are mesh-array views or loop-affine writes only,,ccib.f90,ROTATED_CUBE_VELOCITY_FLUX,6170,6212,predictor/corrector,face,leaf,0.000,A,,,,,geometry,file ccib.f90,,,,,,deferred (geometry)
L0335,C,C,C_layout_wall_cface,"derived-type allocatable/pointer component in the nest body (CC_REGFACEZ_TYPE,MESH_TYPE)",SoA,ccib.f90,SET_EXIMADVFLX_3D,8011,8039,predictor/corrector,cfaces,leaf,0.000,,,,,,geometry,file ccib.f90,T4,,,,,deferred (geometry)
L0336,C,B,C_layout_probe,survey rule said B; parser probe found: allocatable/array component MESHES%FCVAR; pointer/allocatable dummy RHO_D_DZDX used in the nest,SoA,ccib.f90,SET_EXIMDIFFLX_3D,8189,8196,predictor/corrector,cell,leaf,0.000,C,allocatable/array component MESHES%FCVAR; pointer/allocatable dummy RHO_D_DZDX used in the nest,,,,geometry,file ccib.f90,T4,,,,,deferred (geometry)
L0337,C,B,C_layout_probe,survey rule said B; parser probe found: allocatable/array component MESHES%FCVAR; pointer/allocatable dummy RHO_D_DZDY used in the nest,SoA,ccib.f90,SET_EXIMDIFFLX_3D,8199,8206,predictor/corrector,cell,leaf,0.000,C,allocatable/array component MESHES%FCVAR; pointer/allocatable dummy RHO_D_DZDY used in the nest,,,,geometry,file ccib.f90,T4,,,,,deferred (geometry)
L0338,C,B,C_layout_probe,survey rule said B; parser probe found: allocatable/array component MESHES%FCVAR; pointer/allocatable dummy RHO_D_DZDZ used in the nest,SoA,ccib.f90,SET_EXIMDIFFLX_3D,8209,8216,predictor/corrector,cell,leaf,0.000,C,allocatable/array component MESHES%FCVAR; pointer/allocatable dummy RHO_D_DZDZ used in the nest,,,,geometry,file ccib.f90,T4,,,,,deferred (geometry)
L0339,C,C,C_layout_wall_cface,"derived-type allocatable/pointer component in the nest body (CC_REGFACEZ_TYPE,MESH_TYPE)",SoA,ccib.f90,SET_EXIMDIFFLX_3D,8219,8245,predictor/corrector,cfaces,leaf,0.000,,,,,,geometry,file ccib.f90,T4,,,,,deferred (geometry)
L0340,C,C,C_layout_wall_cface,"derived-type allocatable/pointer component in the nest body (BOUNDARY_COORD_TYPE,BOUNDARY_PROP1_TYPE,CC_REGFACEZ_TYPE)",SoA,ccib.f90,SET_EXIMRHOHSLIM_3D,8122,8170,predictor/corrector,cfaces,tree,0.000,,,,,,geometry,file ccib.f90,T4,,,,,deferred (geometry)
L0341,C,C,C_layout_wall_cface,"derived-type allocatable/pointer component in the nest body (BOUNDARY_PROP1_TYPE,CC_REGFACEZ_TYPE,MESH_TYPE)",SoA,ccib.f90,SET_EXIMRHOZZLIM_3D,8062,8096,predictor/corrector,cfaces,leaf,0.000,,,,,,geometry,file ccib.f90,T4,,,,,deferred (geometry)
L0342,C,C,C_layout_wall_cface,derived-type allocatable/pointer component in the nest body (CC_CUTCELL_TYPE),SoA,ccib.f90,UNSTRUCTURED_POISSON_RESIDUAL,1334,1344,pressure,cfaces,tree,0.000,,,,,,geometry,file ccib.f90,T4,,,,,deferred (geometry)
L0343,C,C,C_layout_wall_cface,derived-type allocatable/pointer component in the nest body (CC_CUTCELL_TYPE),SoA,ccib.f90,UNSTRUCTURED_POISSON_RESIDUAL,1346,1354,pressure,cfaces,tree,0.000,,,,,,geometry,file ccib.f90,T4,,,,,deferred (geometry)
L0344,C,C,C_layout_wall_cface,derived-type allocatable/pointer component in the nest body (CC_CUTCELL_TYPE),SoA,ccib.f90,UNSTRUCTURED_POISSON_RESIDUAL,1362,1372,pressure,cfaces,tree,0.000,,,,,,geometry,file ccib.f90,T4,,,,,deferred (geometry)
L0345,C,C,C_layout_wall_cface,derived-type allocatable/pointer component in the nest body (CC_CUTCELL_TYPE),SoA,ccib.f90,UNSTRUCTURED_POISSON_RESIDUAL,1374,1382,pressure,cfaces,tree,0.000,,,,,,geometry,file ccib.f90,T4,,,,,deferred (geometry)
L0363,C,A,C_layout_probe,survey rule said A; parser probe found: module scalar self-update RESMAX,SoA,divg.f90,CHECK_DIVERGENCE,1675,1711,corrector,cell,leaf,0.272,C,module scalar self-update RESMAX,,,,non-geometry,,T1,fail,fail,CYCLE LOOP1 leaves a loop that is not the kernel's innermost loop or a loop inside the body,,not translatable today
L0364,C,C,C_layout_callee,a reachable callee reads derived-type allocatable/pointer components,SoA,divg.f90,DIVERGENCE_PART_1,93,95,predictor/corrector,wall,tree,0.099,,,,,,non-geometry,,T3,fail,fail,"callee PREDICT_NORMAL_VELOCITY uses module variable WALL (Sym(WALL TYPE:WALL_TYPE ['POINTER'] dims=: module:MESH_POINTERS)), no rule for it",,not translatable today
L0365,C,C,C_layout_wall_cface,"derived-type allocatable/pointer component in the nest body (BOUNDARY_COORD_TYPE,BOUNDARY_PROP1_TYPE,EXTERNAL_WALL_TYPE)",SoA,divg.f90,DIVERGENCE_PART_1,128,235,predictor/corrector,cell,tree,7.679,,,,,,non-geometry,,T1,fail,fail,"loop nest ['N'] at line 128 is not a perfect K,J,I nest, nor an index loop (N) around one (collapse contract)",rho_d_dzd;wall_rho_d_dzdn,partly translated+tested (inner nest)
L0366,B,B,B,"flagged reduction_intrinsic, write_derived_index: not provably loop-affine from the survey sites (marker assertion, checked by the generator's race analysis)",M,divg.f90,DIVERGENCE_PART_1,245,258,predictor/corrector,face,leaf,0.074,B,"write index derived inside the nest: RHO_D_DZDX(I,J,K,N); write index derived inside the nest: RHO_D_DZDY(I,J,K,N); write index derived inside the nest: RHO_D_D",,,,non-geometry,,,ok,ok,,,front end accepts (no test yet)
L0369,C,C,C_layout_wall_cface,"derived-type allocatable/pointer component in the nest body (BOUNDARY_COORD_TYPE,BOUNDARY_PROP1_TYPE,WALL_TYPE)",SoA,divg.f90,DIVERGENCE_PART_1,287,421,predictor/corrector,face,tree,2.399,,,,,,non-geometry,,T1,fail,fail,"loop nest ['N'] at line 287 is not a perfect K,J,I nest, nor an index loop (N) around one (collapse contract)",h_rho_d_dzd,partly translated+tested (inner nest)
L0370,A,A,A,flat-array cell loop; blockers (if any) are mesh-array views or loop-affine writes only,,divg.f90,DIVERGENCE_PART_1,435,443,predictor/corrector,cell,tree,0.071,A,,,,,non-geometry,,,ok,ok,,cp_rhg,translated+tested
L0371,A,A,A,flat-array cell loop; blockers (if any) are mesh-array views or loop-affine writes only,,divg.f90,DIVERGENCE_PART_1,463,471,predictor/corrector,cell,tree,0.068,A,,,,,non-geometry,,,ok,ok,,,front end accepts (no test yet)
L0372,C,C,C_layout_wall_cface,"wall or cut-face index loop: needs flat index tables (layout rule 4, primer item 7)",SoA,divg.f90,DIVERGENCE_PART_1,482,486,predictor/corrector,wall,leaf,0.007,,,,,,non-geometry,,T1,fail,fail,"array KP is written through wall-table subscripts BC%II,BC%JJ,BC%KK; the upstream loop at divg.f90:482 has no !$OMP DO above it, so iteration independence is no",wall_kp_ghost,translated+tested
L0373,A,A,A,flat-array cell loop; blockers (if any) are mesh-array views or loop-affine writes only,,divg.f90,DIVERGENCE_PART_1,499,505,predictor/corrector,cell,leaf,0.012,A,,,,,non-geometry,,,ok,ok,,,front end accepts (no test yet)
L0374,A,A,A,flat-array face loop; blockers (if any) are mesh-array views or loop-affine writes only,,divg.f90,DIVERGENCE_PART_1,512,523,predictor/corrector,face,leaf,0.074,A,,,,,non-geometry,,,ok,ok,,kdtd,translated+tested
L0375,C,C,C_layout_wall_cface,"wall or cut-face index loop: needs flat index tables (layout rule 4, primer item 7)",SoA,divg.f90,DIVERGENCE_PART_1,532,554,predictor/corrector,wall,leaf,0.042,,,,,,non-geometry,,T1,fail,fail,"array DP is written through wall-table subscripts BC%IIG,BC%JJG,BC%KKG; the upstream loop at divg.f90:532 has no !$OMP DO above it, so iteration independence is",,not translatable today
L0376,A,A,A,flat-array cell loop; blockers (if any) are mesh-array views or loop-affine writes only,,divg.f90,DIVERGENCE_PART_1,561,570,predictor/corrector,cell,leaf,0.025,A,,,,,non-geometry,,,ok,ok,,dp_kdtd,translated+tested
L0377,A,A,A,flat-array cell loop; blockers (if any) are mesh-array views or loop-affine writes only,,divg.f90,DIVERGENCE_PART_1,573,582,predictor/corrector,cell,leaf,0.025,A,,,,,non-geometry,,,ok,ok,,,front end accepts (no test yet)
L0378,A,A,A,flat-array cell loop; blockers (if any) are mesh-array views or loop-affine writes only,,divg.f90,DIVERGENCE_PART_1,591,597,predictor/corrector,cell,leaf,0.012,A,,,,,non-geometry,,,ok,ok,,,front end accepts (no test yet)
L0379,A,A,A,flat-array cell loop; blockers (if any) are mesh-array views or loop-affine writes only,,divg.f90,DIVERGENCE_PART_1,608,616,predictor/corrector,cell,leaf,0.037,A,,,,,non-geometry,,,fail,fail,array R_PBAR has rank 2,,classified translatable (front end rejects)
L0380,A,A,A,flat-array cell loop; blockers (if any) are mesh-array views or loop-affine writes only,,divg.f90,DIVERGENCE_PART_1,622,629,predictor/corrector,cell,leaf,0.025,A,,,,,non-geometry,,,ok,ok,,,front end accepts (no test yet)
L0381,C,C,C_layout_callee,a reachable callee reads derived-type allocatable/pointer components,SoA,divg.f90,DIVERGENCE_PART_1,640,660,predictor/corrector,cell,tree,1.491,,,,,,non-geometry,,T3,fail,fail,"loop nest ['N'] at line 640 is not a perfect K,J,I nest, nor an index loop (N) around one (collapse contract)",dp_species,partly translated+tested (inner nest)
L0382,A,A,A,flat-array cell loop; blockers (if any) are mesh-array views or loop-affine writes only,,divg.f90,DIVERGENCE_PART_1,668,674,predictor/corrector,cell,leaf,0.012,A,,,,,non-geometry,,,ok,ok,,,front end accepts (no test yet)
L0383,A,A,A,flat-array cell loop; blockers (if any) are mesh-array views or loop-affine writes only,,divg.f90,DIVERGENCE_PART_1,681,687,predictor/corrector,cell,leaf,0.012,A,,,,,non-geometry,,,fail,fail,rank-1 array GVEC subscript 3 is not a loop variable +/- constant,,classified translatable (front end rejects)
L0384,B,B,B,pointer re-aimed inside the nest: 1 hoist (item 8: pass the chosen array or hoist the scalar),8,divg.f90,DIVERGENCE_PART_1,696,716,predictor/corrector,cell,tree,0.658,B,"element pointer SM=>SPECIES_MIXTURE(N) (record chosen by a non-spatial index: hoistable scalars, item 8)",,,,non-geometry,,,fail,fail,statement type Pointer_Assignment_Stmt at line 703,,classified translatable (front end rejects)
L0385,C,C,C_layout_callee,a reachable callee reads derived-type allocatable/pointer components,SoA,divg.f90,DIVERGENCE_PART_1,730,753,predictor/corrector,cell,tree,0.318,,,,,,geometry,"text CCVAR,CC_CGSC,CC_CUTCFE",T3,,,,,deferred (geometry)
L0386,C,C,C_layout_wall_cface,"wall or cut-face index loop: needs flat index tables (layout rule 4, primer item 7)",SoA,divg.f90,DIVERGENCE_PART_1,757,767,predictor/corrector,wall,leaf,0.022,,,,,,non-geometry,,T1,fail,fail,scalar IPZ is written in the loop and may be read afterwards (divg.f90:774: IPZ = B1 % PRESSURE_ZONE); not in an upstream !$OMP PRIVATE list,,not translatable today
L0387,C,C,C_layout_wall_cface,"wall or cut-face index loop: needs flat index tables (layout rule 4, primer item 7)",SoA,divg.f90,DIVERGENCE_PART_1,770,778,predictor/corrector,cfaces,leaf,0.004,,,,,,geometry,"text CFACE,CFACE_LOOP,INTERNAL_CFACE_CELLS_LB; type CFACE_TYPE; cfaces loop",T4,,,,,deferred (geometry)
L0391,C,C,C_layout_callee,a reachable callee reads derived-type allocatable/pointer components,SoA,divg.f90,DIVERGENCE_PART_2,1525,1543,predictor/corrector,cell,tree,0.281,,,,,,geometry,"text CCVAR,CC_CGSC,CC_CUTCFE",T3,,,,,deferred (geometry)
L0393,A,A,A,flat-array cell loop; blockers (if any) are mesh-array views or loop-affine writes only,,divg.f90,DIVERGENCE_PART_2,1560,1567,predictor/corrector,cell,leaf,0.025,A,,,,,geometry,"text CCVAR,CC_CGSC,CC_SOLID",,,,,,deferred (geometry)
L0394,C,C,C_layout_wall_cface,"wall or cut-face index loop: needs flat index tables (layout rule 4, primer item 7)",SoA,divg.f90,DIVERGENCE_PART_2,1574,1604,predictor/corrector,wall,leaf,0.042,,,,,,non-geometry,,T1,fail,fail,"pointer assignment B1 => BOUNDARY_PROP1(WC % BC_INDEX) inside a wall loop is not one of the recognised wall aliases (WALL(IW), EXTERNAL_WALL(IW), BOUNDARY_COORD",,not translatable today
L0395,A,A,A,flat-array cell loop; blockers (if any) are mesh-array views or loop-affine writes only,,divg.f90,DIVERGENCE_PART_2,1611,1618,predictor/corrector,cell,leaf,0.012,A,,,,,non-geometry,,,ok,ok,,,front end accepts (no test yet)
L0396,A,A,A,flat-array cell loop; blockers (if any) are mesh-array views or loop-affine writes only,,divg.f90,DIVERGENCE_PART_2,1621,1630,predictor/corrector,cell,leaf,0.012,A,,,,,non-geometry,,,ok,ok,,,front end accepts (no test yet)
L0397,A,A,A,flat-array cell loop; blockers (if any) are mesh-array views or loop-affine writes only,,divg.f90,ENTHALPY_ADVECTION_NEW,814,822,predictor/corrector,cell,tree,0.077,A,,,,,non-geometry,,,fail,fail,"DOT_PRODUCT section H_SENS_Z(ITMP + 1, 1 : N_TRACKED_SPECIES) - H_SENS_Z(ITMP, 1 : N_TRACKED_SPECIES) must be one lo:hi triplet",,classified translatable (front end rejects)
L0398,C,C,C_layout_wall_cface,"derived-type allocatable/pointer component in the nest body (BOUNDARY_COORD_TYPE,BOUNDARY_PROP1_TYPE,CELL_TYPE)",SoA,divg.f90,ENTHALPY_ADVECTION_NEW,835,939,predictor/corrector,wall,tree,0.260,,,,,,non-geometry,,T1,fail,fail,"pointer assignment U_TEMP => U_WORK inside a wall loop is not one of the recognised wall aliases (WALL(IW), EXTERNAL_WALL(IW), BOUNDARY_COORD(WC%BC_INDEX), BOUN",,not translatable today
L0399,C,B,C_layout_probe,survey rule said B; parser probe found: allocatable/array component CELL%WALL_INDEX; pointer/allocatable dummy U_DOT_DEL_RHO_H_S used in the nest,SoA,divg.f90,ENTHALPY_ADVECTION_NEW,946,966,predictor/corrector,cell,leaf,0.185,C,allocatable/array component CELL%WALL_INDEX; pointer/allocatable dummy U_DOT_DEL_RHO_H_S used in the nest,,,,non-geometry,,T1,fail,fail,derived-type designator CELL(IC) % SOLID,,not translatable today
L0400,C,C,C_layout_wall_cface,"wall or cut-face index loop: needs flat index tables (layout rule 4, primer item 7)",SoA,divg.f90,MERGE_PRESSURE_ZONES,1301,1319,predictor/corrector,wall,leaf,0.037,,,,,,non-geometry,,T1,fail,fail,array CONNECTED_ZONES has rank 2,,not translatable today
L0401,C,B,C_layout_probe,"survey rule said B; parser probe found: callee GET_SCALAR_FACE_VALUE: pointer/allocatable dummy A; pointer FX_P=>FX_ZZ(:,:,:,N); pointer FY_P=>FY_ZZ(:,:,:,N); pointer FZ_P=>FZ_ZZ(:,:,:,N); p",SoA,divg.f90,SPECIES_ADVECTION_PART_1_NEW,995,1088,predictor/corrector,cell,tree,3.260,C,"callee GET_SCALAR_FACE_VALUE: pointer/allocatable dummy A; pointer FX_P=>FX_ZZ(:,:,:,N); pointer FY_P=>FY_ZZ(:,:,:,N); pointer FZ_P=>FZ_ZZ(:,:,:,N); plain alias",,,,non-geometry,,T1,fail,fail,"loop nest ['N'] at line 995 is not a perfect K,J,I nest, nor an index loop (N) around one (collapse contract)",rho_z_p_divg,partly translated+tested (inner nest)
L0402,A,A,A,flat-array cell loop; blockers (if any) are mesh-array views or loop-affine writes only,,divg.f90,SPECIES_ADVECTION_PART_1_NEW,1097,1105,predictor/corrector,cell,tree,0.062,A,,,,,non-geometry,,,fail,ok,,,front end accepts (no test yet)
L0403,C,C,C_layout_wall_cface,"wall or cut-face index loop: needs flat index tables (layout rule 4, primer item 7)",SoA,divg.f90,SPECIES_ADVECTION_PART_1_NEW,1120,1183,predictor/corrector,wall,tree,0.193,,,,,,non-geometry,,T1,fail,fail,whole-array assignment inside a loop body: V,,not translatable today
L0404,B,B,B,"flagged reduction_intrinsic, write_derived_index: not provably loop-affine from the survey sites (marker assertion, checked by the generator's race analysis)",M,divg.f90,SPECIES_ADVECTION_PART_1_NEW,1191,1213,predictor/corrector,face,leaf,0.111,B,"write index derived inside the nest: FX_ZZ(I,J,K,N); write index derived inside the nest: FY_ZZ(I,J,K,N); write index derived inside the nest: FZ_ZZ(I,J,K,N); r",,,,non-geometry,,,ok,ok,,flux_mw_fix_zz,translated+tested
L0405,C,C,C_layout_wall_cface,"derived-type allocatable/pointer component in the nest body (BOUNDARY_COORD_TYPE,BOUNDARY_PROP1_TYPE,WALL_TYPE)",SoA,divg.f90,SPECIES_ADVECTION_PART_2,1237,1266,predictor/corrector,wall,leaf,0.042,,,,,,non-geometry,,T1,fail,fail,"pointer UU is associated outside the routine (no `UU => ...` before line 1237, not set by POINT_TO_MESH, not set by a CALLed routine): hygiene item 8 (avoid poi",,not translatable today
L0406,C,B,C_layout_probe,survey rule said B; parser probe found: allocatable/array component CELL%WALL_INDEX; pointer/allocatable dummy U_DOT_DEL_RHO_Z used in the nest,SoA,divg.f90,SPECIES_ADVECTION_PART_2,1269,1289,predictor/corrector,cell,leaf,0.185,C,allocatable/array component CELL%WALL_INDEX; pointer/allocatable dummy U_DOT_DEL_RHO_Z used in the nest,,,,non-geometry,,T1,fail,fail,derived-type designator CELL(IC) % SOLID,,not translatable today
L0596,C,C,C_layout_wall_cface,"derived-type allocatable/pointer component in the nest body (BOUNDARY_COORD_TYPE,EXTERNAL_WALL_TYPE,OMESH_TYPE)",SoA,fire.f90,COMBUSTION_BC,1902,1918,species_combustion,wall,leaf,0.002,,,,,,non-geometry,,T4,fail,fail,"derived-type designator OMESH(NOM) % Q(IIO, JJO, KKO)",,not translatable today
L0597,C,C,C_host_control,goto / return / unbounded or while loop / exit of the nest: sequential control flow,host,fire.f90,COMBUSTION_GENERAL_LOAD_BALANCED,123,137,species_combustion,cell,tree,0.002,,,,,,non-geometry,,,,,,,not translatable today
L0598,C,C,C_layout_wall_cface,"derived-type allocatable/pointer component in the nest body (CC_CUTCELL_TYPE,MESH_TYPE)",SoA,fire.f90,COMBUSTION_GENERAL_LOAD_BALANCED,143,147,species_combustion,cfaces,leaf,0.000,,,,,,geometry,text CUT_CELL; type CC_CUTCELL_TYPE; cfaces loop,T4,,,,,deferred (geometry)
L0599,C,C,C_host_control,goto / return / unbounded or while loop / exit of the nest: sequential control flow,host,fire.f90,COMBUSTION_GENERAL_LOAD_BALANCED,154,170,species_combustion,cfaces,tree,0.000,,,,,,geometry,text CUT_CELL; type CC_CUTCELL_TYPE; cfaces loop,,,,,,deferred (geometry)
L0603,C,C,C_layout_wall_cface,"derived-type allocatable/pointer component in the nest body (CC_CUTCELL_TYPE,CELL_TYPE,MESH_TYPE)",SoA,fire.f90,COMBUSTION_GENERAL_LOAD_BALANCED,309,327,species_combustion,cfaces,leaf,0.000,,,,,,geometry,text CUT_CELL; type CC_CUTCELL_TYPE; cfaces loop,T4,,,,,deferred (geometry)
L0604,C,C,C_layout_wall_cface,"derived-type allocatable/pointer component in the nest body (CC_CUTCELL_TYPE,MESH_TYPE)",SoA,fire.f90,COMBUSTION_LOAD_BALANCED,63,67,species_combustion,cfaces,leaf,0.000,,,,,,geometry,text CUT_CELL; type CC_CUTCELL_TYPE; cfaces loop,T4,,,,,deferred (geometry)
L0608,B,C,B_wall_tables,wall loop over WALL/BOUNDARY_COORD/BOUNDARY_PROP1/EXTERNAL_WALL scalar components only: the generator maps them to the flat WALL tables (design note); needs a marker (primer item 7),7,fire.f90,CONDENSATION_EVAPORATION,1957,1961,species_combustion,wall,leaf,0.000,,,,,,non-geometry,,,ok,ok,,,front end accepts (no test yet)
L0609,C,C,C_host_control,goto / return / unbounded or while loop / exit of the nest: sequential control flow,host,fire.f90,CONDENSATION_EVAPORATION,1963,2224,species_combustion,cell,tree,0.087,,,,,,geometry,"text CCVAR,CC_CGSC,CC_GASPHASE",,,,,,deferred (geometry)
L0630,C,C,C_layout_mesh_component,derived-type allocatable/pointer component in the nest body (MESH_TYPE),SoA,func.f90,BLOCK_CELL,5509,5524,other/shared,cell,leaf,0.020,,,,,,non-geometry,,T4,fail,fail,unresolved name M % CELL(IC) % SOLID (line 5515),,not translatable today
L0652,B,B,B,pointer/allocatable dummy used in the nest (item 1: flat explicit-shape dummy),1,func.f90,GET_SCALAR_FACE_VALUE,1348,1354,predictor/corrector,cell,leaf,0.005,B,pointer/allocatable dummy U used in the nest,,,,non-geometry,,,fail,fail,"pointer U is associated outside the routine (no `U => ...` before line 1348, not set by POINT_TO_MESH, not set by a CALLed routine): hygiene item 8 (avoid point",,classified translatable (front end rejects)
L0653,B,B,B,pointer/allocatable dummy used in the nest (item 1: flat explicit-shape dummy),1,func.f90,GET_SCALAR_FACE_VALUE,1358,1368,predictor/corrector,cell,leaf,0.016,B,pointer/allocatable dummy A used in the nest,,,,non-geometry,,,fail,fail,"pointer A is associated outside the routine (no `A => ...` before line 1358, not set by POINT_TO_MESH, not set by a CALLed routine): hygiene item 8 (avoid point",,classified translatable (front end rejects)
L0654,B,B,B,pointer/allocatable dummy used in the nest (item 1: flat explicit-shape dummy),1,func.f90,GET_SCALAR_FACE_VALUE,1372,1389,predictor/corrector,cell,leaf,0.053,B,pointer/allocatable dummy A used in the nest,,,,non-geometry,,,fail,fail,"pointer U is associated outside the routine (no `U => ...` before line 1372, not set by POINT_TO_MESH, not set by a CALLed routine): hygiene item 8 (avoid point",,classified translatable (front end rejects)
L0655,B,B,B,pointer/allocatable dummy used in the nest (item 1: flat explicit-shape dummy),1,func.f90,GET_SCALAR_FACE_VALUE,1393,1410,predictor/corrector,cell,leaf,0.053,B,pointer/allocatable dummy A used in the nest,,,,non-geometry,,,fail,fail,"pointer U is associated outside the routine (no `U => ...` before line 1393, not set by POINT_TO_MESH, not set by a CALLed routine): hygiene item 8 (avoid point",,classified translatable (front end rejects)
L0656,B,B,B,pointer/allocatable dummy used in the nest (item 1: flat explicit-shape dummy),1,func.f90,GET_SCALAR_FACE_VALUE,1414,1435,predictor/corrector,cell,leaf,0.074,B,pointer/allocatable dummy A used in the nest,,,,non-geometry,,,fail,fail,"pointer U is associated outside the routine (no `U => ...` before line 1414, not set by POINT_TO_MESH, not set by a CALLed routine): hygiene item 8 (avoid point",,classified translatable (front end rejects)
L0657,B,B,B,pointer/allocatable dummy used in the nest (item 1: flat explicit-shape dummy),1,func.f90,GET_SCALAR_FACE_VALUE,1439,1453,predictor/corrector,cell,tree,0.074,B,pointer/allocatable dummy A used in the nest,,,,non-geometry,,,fail,fail,whole-array assignment inside a loop body: V,,classified translatable (front end rejects)
L0677,C,C,C_layout_wall_cface,derived-type allocatable/pointer component in the nest body (MESH_TYPE),SoA,func.f90,PACK_CELL,5183,5201,other/shared,cfaces,tree,0.016,,,,,,non-geometry,,T4,fail,fail,"loop nest ['ICC'] at line 5183 is not a perfect K,J,I nest, nor an index loop (N) around one (collapse contract)",,not translatable today
L0680,C,C,C_layout_callee,a reachable callee reads derived-type allocatable/pointer components,SoA,func.f90,COMPUTE_WIND_COMPONENTS,2845,2847,predictor/corrector,cell,tree,0.001,,,,,,non-geometry,,T3,fail,fail,"loop nest ['K'] at line 2845 is not a perfect K,J,I nest, nor an index loop (N) around one (collapse contract)",,not translatable today
L0775,C,C,C_host_control,goto / return / unbounded or while loop / exit of the nest: sequential control flow,host,hvac.f90,HVAC_BC_IN,2341,2353,other/shared,wall,tree,0.004,,,,,,non-geometry,,,,,,,not translatable today
L0776,C,C,C_layout_wall_cface,"wall or cut-face index loop: needs flat index tables (layout rule 4, primer item 7)",SoA,hvac.f90,HVAC_BC_IN,2357,2366,other/shared,cfaces,tree,0.001,,,,,,geometry,"text CFACE,CFACE_LOOP,INTERNAL_CFACE_CELLS_LB; type CFACE_TYPE; cfaces loop",T4,,,,,deferred (geometry)
L0817,A,A,A,flat-array cell loop; blockers (if any) are mesh-array views or loop-affine writes only,,init.f90,CREATE_OR_REMOVE_OBST,4878,4889,other/shared,cell,leaf,0.017,A,,,,,non-geometry,,,fail,fail,derived-type designator SPECIES_MIXTURE(1 : N_TRACKED_SPECIES) % ZZ0,,classified translatable (front end rejects)
L0821,C,C,C_host_io,loop exists to write or open files,host,init.f90,OPEN_AND_CLOSE,4731,4835,other/shared,cell,tree,0.479,,,,,,non-geometry,,,,,,,not translatable today
L0822,C,C,C_layout_wall_cface,"derived-type allocatable/pointer component in the nest body (BOUNDARY_COORD_TYPE,CELL_TYPE,EXTERNAL_WALL_TYPE)",SoA,init.f90,REASSIGN_WALL_CELLS,4917,4936,other/shared,wall,tree,0.310,,,,,,non-geometry,,T4,fail,fail,"pointer assignment EWC => MESHES(NM) % EXTERNAL_WALL(IW) inside a wall loop is not one of the recognised wall aliases (WALL(IW), EXTERNAL_WALL(IW), BOUNDARY_COO",,not translatable today
L0823,C,C,C_layout_callee,a reachable callee reads derived-type allocatable/pointer components,SoA,init.f90,REASSIGN_WALL_CELLS,4940,5054,other/shared,cell,tree,1.727,,,,,,non-geometry,,T3,fail,fail,"loop nest ['OBST_INDEX'] at line 4940 is not a perfect K,J,I nest, nor an index loop (N) around one (collapse contract)",,not translatable today
L0848,C,C,C_exchange,MPI mesh exchange; retired by FillBoundary (ADR-001 AMReX driver section),host,main.f90,MESH_EXCHANGE,3144,3614,exchange/communication,cell,tree,7.978,,,,,,non-geometry,,,,,,,not translatable today
L0849,C,C,C_exchange,MPI mesh exchange; retired by FillBoundary (ADR-001 AMReX driver section),host,main.f90,MESH_EXCHANGE,3694,3970,exchange/communication,cell,tree,8.558,,,,,,non-geometry,,,,,,,not translatable today
L0858,B,C,B_wall_tables,wall loop over WALL/BOUNDARY_COORD/BOUNDARY_PROP1/EXTERNAL_WALL scalar components only: the generator maps them to the flat WALL tables (design note); needs a marker (primer item 7),7,mass.f90,DENSITY,424,436,predictor/corrector,wall,leaf,0.029,,,,,,non-geometry,,,ok,ok,,wall_uvw_interp,translated+tested
L0859,A,A,A,flat-array cell loop; blockers (if any) are mesh-array views or loop-affine writes only,,mass.f90,DENSITY,442,455,predictor/corrector,cell,leaf,0.128,A,,,,,non-geometry,,,ok,ok,,zzs_pred,translated+tested
L0860,A,A,A,flat-array face loop; blockers (if any) are mesh-array views or loop-affine writes only,,mass.f90,DENSITY,462,472,predictor/corrector,face,leaf,0.128,A,,,,,non-geometry,,,ok,ok,,adv_flux_store,translated+tested
L0861,A,A,A,flat-array cell loop; blockers (if any) are mesh-array views or loop-affine writes only,,mass.f90,DENSITY,484,495,predictor/corrector,cell,tree,0.171,A,,,,,non-geometry,,,fail,fail,reference to VD2D_MMS_Z_SRC: a source function or unknown name,,classified translatable (front end rejects)
L0862,B,B,B,"flagged reduction_intrinsic: not provably loop-affine from the survey sites (marker assertion, checked by the generator's race analysis)",M,mass.f90,DENSITY,505,512,predictor/corrector,cell,leaf,0.029,B,reduction intrinsic SUM,,,,non-geometry,,,ok,ok,,rhos_sum,translated+tested
L0863,A,A,A,flat-array cell loop; blockers (if any) are mesh-array views or loop-affine writes only,,mass.f90,DENSITY,527,534,predictor/corrector,cell,leaf,0.029,A,,,,,non-geometry,,,ok,ok,,rsum_pred,translated+tested
L0865,A,A,A,flat-array cell loop; blockers (if any) are mesh-array views or loop-affine writes only,,mass.f90,DENSITY,556,564,predictor/corrector,cell,tree,0.071,A,,,,,non-geometry,,,ok,ok,,,front end accepts (no test yet)
L0866,A,A,A,flat-array cell loop; blockers (if any) are mesh-array views or loop-affine writes only,,mass.f90,DENSITY,570,577,predictor/corrector,cell,leaf,0.029,A,,,,,non-geometry,,,fail,fail,array PBAR_S has rank 2,,classified translatable (front end rejects)
L0867,B,C,B_wall_tables,wall loop over WALL/BOUNDARY_COORD/BOUNDARY_PROP1/EXTERNAL_WALL scalar components only: the generator maps them to the flat WALL tables (design note); needs a marker (primer item 7),7,mass.f90,DENSITY,595,608,predictor/corrector,wall,leaf,0.031,C,element pointer WC=>WALL(IW) (derived-type record chosen per iteration); element pointer EWC=>EXTERNAL_WALL(IW) (derived-type record chosen per iteration); elem,,,,non-geometry,,,ok,ok,,wall_uvw_interp_corr,translated+tested
L0868,A,A,A,flat-array cell loop; blockers (if any) are mesh-array views or loop-affine writes only,,mass.f90,DENSITY,619,632,predictor/corrector,cell,leaf,0.128,A,,,,,non-geometry,,,ok,ok,,zz_corr,translated+tested
L0869,A,A,A,flat-array face loop; blockers (if any) are mesh-array views or loop-affine writes only,,mass.f90,DENSITY,650,660,predictor/corrector,face,leaf,0.128,A,,,,,non-geometry,,,ok,ok,,adv_flux_avg,translated+tested
L0870,A,A,A,flat-array cell loop; blockers (if any) are mesh-array views or loop-affine writes only,,mass.f90,DENSITY,666,677,predictor/corrector,cell,tree,0.171,A,,,,,non-geometry,,,fail,fail,reference to VD2D_MMS_Z_SRC: a source function or unknown name,,classified translatable (front end rejects)
L0871,B,B,B,"flagged reduction_intrinsic: not provably loop-affine from the survey sites (marker assertion, checked by the generator's race analysis)",M,mass.f90,DENSITY,687,694,predictor/corrector,cell,leaf,0.029,B,reduction intrinsic SUM,,,,non-geometry,,,ok,ok,,rho_sum,translated+tested
L0872,A,A,A,flat-array cell loop; blockers (if any) are mesh-array views or loop-affine writes only,,mass.f90,DENSITY,709,716,predictor/corrector,cell,leaf,0.029,A,,,,,non-geometry,,,ok,ok,,,front end accepts (no test yet)
L0874,A,A,A,flat-array cell loop; blockers (if any) are mesh-array views or loop-affine writes only,,mass.f90,DENSITY,738,746,predictor/corrector,cell,tree,0.071,A,,,,,non-geometry,,,ok,ok,,,front end accepts (no test yet)
L0875,A,A,A,flat-array cell loop; blockers (if any) are mesh-array views or loop-affine writes only,,mass.f90,DENSITY,752,759,predictor/corrector,cell,leaf,0.029,A,,,,,non-geometry,,,fail,fail,array PBAR has rank 2,,classified translatable (front end rejects)
L0876,C,B,C_layout_probe,"survey rule said B; parser probe found: allocatable/array component CELL%WALL_INDEX; in-place update of DELTA_RHO read at a shifted index (I+1,J,K vs I,J,K): order-dependent; in-place update",SoA,mass.f90,CHECK_MASS_DENSITY,799,849,predictor/corrector,cell,leaf,0.599,C,"allocatable/array component CELL%WALL_INDEX; in-place update of DELTA_RHO read at a shifted index (I+1,J,K vs I,J,K): order-dependent; in-place update of DELTA_",,,,non-geometry,,T1,fail,fail,"loop nest ['K', 'J'] at line 799 is not a perfect K,J,I nest, nor an index loop (N) around one (collapse contract)",,not translatable today
L0877,C,B,C_layout_probe,"survey rule said B; parser probe found: plain alias DELTA_RHO_ZZ=>WORK5; allocatable/array component CELL%WALL_INDEX; in-place update of DELTA_RHO_ZZ read at a shifted index (I+1,J,K vs I,J,",SoA,mass.f90,CHECK_MASS_DENSITY,868,939,predictor/corrector,cell,leaf,1.967,C,"plain alias DELTA_RHO_ZZ=>WORK5; allocatable/array component CELL%WALL_INDEX; in-place update of DELTA_RHO_ZZ read at a shifted index (I+1,J,K vs I,J,K): order-",,,,non-geometry,,T1,fail,fail,"loop nest ['N'] at line 868 is not a perfect K,J,I nest, nor an index loop (N) around one (collapse contract)",rho_zz_clip_assign;delta_rho_zz_zero,partly translated+tested (inner nest)
L0878,B,B,B,"flagged reduction_intrinsic, write_derived_index: not provably loop-affine from the survey sites (marker assertion, checked by the generator's race analysis)",M,mass.f90,CHECK_MASS_DENSITY,947,961,predictor/corrector,cell,leaf,0.100,B,"write index derived inside the nest: RHO_ZZ(I,J,K,N); reduction intrinsic SUM; reduction intrinsic MAXLOC",,,,non-geometry,,,ok,ok,,,front end accepts (no test yet)
L0879,A,A,A,flat-array cell loop; blockers (if any) are mesh-array views or loop-affine writes only,,mass.f90,CLIP_PASSIVE_SCALARS,980,987,predictor/corrector,cell,leaf,0.029,A,,,,,non-geometry,,,ok,ok,,,front end accepts (no test yet)
L0880,C,C,C_layout_wall_cface,"derived-type allocatable/pointer component in the nest body (BOUNDARY_COORD_TYPE,BOUNDARY_PROP1_TYPE,CELL_TYPE)",SoA,mass.f90,MASS_FINITE_DIFFERENCES,65,192,predictor/corrector,cell,tree,4.832,,,,,,non-geometry,,T1,fail,fail,"loop nest ['N'] at line 65 is not a perfect K,J,I nest, nor an index loop (N) around one (collapse contract)",rho_z_p_mass,partly translated+tested (inner nest)
L0881,A,A,A,flat-array cell loop; blockers (if any) are mesh-array views or loop-affine writes only,,mass.f90,MASS_FINITE_DIFFERENCES,201,209,predictor/corrector,cell,tree,0.071,A,,,,,non-geometry,,,fail,ok,,,front end accepts (no test yet)
L0882,C,C,C_layout_wall_cface,"derived-type allocatable/pointer component in the nest body (BOUNDARY_COORD_TYPE,BOUNDARY_PROP1_TYPE,CELL_TYPE)",SoA,mass.f90,MASS_FINITE_DIFFERENCES,224,320,predictor/corrector,wall,tree,0.302,,,,,,non-geometry,,T1,fail,fail,whole-array assignment inside a loop body: V,,not translatable today
L0883,B,B,B,"flagged reduction_intrinsic, write_derived_index: not provably loop-affine from the survey sites (marker assertion, checked by the generator's race analysis)",M,mass.f90,MASS_FINITE_DIFFERENCES,328,350,predictor/corrector,face,leaf,0.128,B,"write index derived inside the nest: FX(I,J,K,N); write index derived inside the nest: FY(I,J,K,N); write index derived inside the nest: FZ(I,J,K,N); reduction ",,,,non-geometry,,,ok,ok,,flux_mw_fix,translated+tested
L0884,A,A,A,flat-array face loop; blockers (if any) are mesh-array views or loop-affine writes only,,part.f90,CLIP_PARTICLE_DRAG,4606,4617,particles,face,leaf,0.000,A,,,,,non-geometry,,,ok,ok,,,front end accepts (no test yet)
L0885,C,C,C_host_control,goto / return / unbounded or while loop / exit of the nest: sequential control flow,host,part.f90,INSERT_ALL_PARTICLES,162,282,particles,wall,tree,0.395,,,,,,non-geometry,,,,,,,not translatable today
L0886,C,C,C_particle,particle loop over LAGRANGIAN_PARTICLE storage (ParticleContainer or SoA),SoA,part.f90,INSERT_ALL_PARTICLES,287,294,particles,particle,tree,0.000,,,,,,non-geometry,,,,,,,not translatable today
L0890,C,C,C_layout_callee,a reachable callee reads derived-type allocatable/pointer components,SoA,part.f90,INSERT_VENT_PARTICLES,605,607,particles,wall,tree,0.008,,,,,,non-geometry,,T3,fail,fail,"callee PARTICLE_FACE_INSERT uses module variable WC (Sym(WC TYPE:WALL_TYPE ['POINTER'] dims= host:INSERT_ALL_PARTICLES)), no rule for it",,not translatable today
L0891,C,C,C_layout_callee,a reachable callee reads derived-type allocatable/pointer components,SoA,part.f90,INSERT_VENT_PARTICLES,609,611,particles,cfaces,tree,0.002,,,,,,geometry,"text CFACE_INDEX,INTERNAL_CFACE_CELLS_LB,N_INTERNAL_CFACE_CELLS; cfaces loop",T3,,,,,deferred (geometry)
L0892,C,C,C_host_control,goto / return / unbounded or while loop / exit of the nest: sequential control flow,host,part.f90,INSERT_VOLUMETRIC_PARTICLES,1170,1293,particles,particle,tree,0.017,,,,,,geometry,"text CCVAR,CC_CGSC,CC_IDCF; type CC_CUTFACE_TYPE,CFACE_TYPE",,,,,,deferred (geometry)
L0893,C,C,C_layout_wall_cface,"derived-type allocatable/pointer component in the nest body (BOUNDARY_COORD_TYPE,CC_CUTCELL_TYPE,CC_CUTFACE_TYPE)",SoA,part.f90,INSERT_VOLUMETRIC_PARTICLES,1310,1445,particles,cell,tree,1.018,,,,,,geometry,"text CCVAR,CC_CGSC,CC_IDCC; type CC_CUTCELL_TYPE,CC_CUTFACE_TYPE",T4,,,,,deferred (geometry)
L0899,C,C,C_particle,particle loop over LAGRANGIAN_PARTICLE storage (ParticleContainer or SoA),SoA,part.f90,MOVE_PARTICLES,1873,2566,particles,particle,tree,0.274,,,,,,geometry,"text CCVAR,CC_CC_GASPHASE,CC_CGSC; type CC_CUTFACE_TYPE,CFACE_TYPE",,,,,,deferred (geometry)
L0906,B,C,B_wall_tables,wall loop over WALL/BOUNDARY_COORD/BOUNDARY_PROP1/EXTERNAL_WALL scalar components only: the generator maps them to the flat WALL tables (design note); needs a marker (primer item 7),7,part.f90,PARTICLE_MASS_ENERGY_TRANSFER,3654,3659,particles,wall,leaf,0.000,,,,,,non-geometry,,,ok,ok,,wall_b2_work1,translated+tested
L0907,C,C,C_layout_wall_cface,"wall or cut-face index loop: needs flat index tables (layout rule 4, primer item 7)",SoA,part.f90,PARTICLE_MASS_ENERGY_TRANSFER,3660,3665,particles,cfaces,leaf,0.000,,,,,,geometry,"text CFACE,INTERNAL_CFACE_CELLS_LB,N_INTERNAL_CFACE_CELLS; type CFACE_TYPE; cfaces loop",T4,,,,,deferred (geometry)
L0908,C,C,C_layout_wall_cface,"derived-type allocatable/pointer component in the nest body (BOUNDARY_PROP2_TYPE,CFACE_TYPE,LAGRANGIAN_PARTICLE_CLASS_TYPE)",SoA,part.f90,PARTICLE_MASS_ENERGY_TRANSFER,3675,3703,particles,wall,leaf,0.001,,,,,,geometry,"text CFACE,INTERNAL_CFACE_CELLS_LB,N_INTERNAL_CFACE_CELLS; type CFACE_TYPE",T4,,,,,deferred (geometry)
L0909,C,C,C_host_control,goto / return / unbounded or while loop / exit of the nest: sequential control flow,host,part.f90,PARTICLE_MASS_ENERGY_TRANSFER,3715,4384,particles,wall,tree,0.208,,,,,,geometry,"text CFACE,CFACE_INDEX,INTERNAL_CFACE_CELLS_LB; type CFACE_TYPE",,,,,,deferred (geometry)
L0910,C,C,C_particle,particle loop over LAGRANGIAN_PARTICLE storage (ParticleContainer or SoA),SoA,part.f90,PARTICLE_RUNNING_AVERAGES,4414,4571,particles,particle,leaf,0.009,,,,,,geometry,"text CFACE,CFACE_INDEX,INTERNAL_CFACE_CELLS_LB; type CFACE_TYPE",,,,,,deferred (geometry)
L0911,C,C,C_layout_wall_cface,"derived-type allocatable/pointer component in the nest body (BOUNDARY_COORD_TYPE,EXTERNAL_WALL_TYPE,MESH_TYPE)",SoA,part.f90,PARTICLE_MOMENTUM_TRANSFER,4643,4763,particles,wall,leaf,0.015,,,,,,non-geometry,,T4,fail,fail,"pointer assignment OM => OMESH(NOM) inside a wall loop is not one of the recognised wall aliases (WALL(IW), EXTERNAL_WALL(IW), BOUNDARY_COORD(WC%BC_INDEX), BOUN",,not translatable today
L0912,C,C,C_host_control,goto / return / unbounded or while loop / exit of the nest: sequential control flow,host,part.f90,REMOVE_OLDEST_PARTICLE,4969,4977,particles,particle,leaf,0.000,,,,,,non-geometry,,,,,,,not translatable today
L0913,C,C,C_host_control,goto / return / unbounded or while loop / exit of the nest: sequential control flow,host,part.f90,REMOVE_PARTICLES,4794,4845,particles,particle,tree,0.002,,,,,,non-geometry,,,,,,,not translatable today
L0915,C,C,C_replaced_pois,"pressure solver pencil loop; amrex::FFT::Poisson replaces pois.f90 (ADR-001 pressure path, D-021)",lib,pois.f90,FSH03S,1055,1059,pressure,pencil,leaf,0.001,,,,,,non-geometry,,,,,,,not translatable today
L0916,C,C,C_replaced_pois,"pressure solver pencil loop; amrex::FFT::Poisson replaces pois.f90 (ADR-001 pressure path, D-021)",lib,pois.f90,FSH03S,1146,1152,pressure,pencil,leaf,0.002,,,,,,non-geometry,,,,,,,not translatable today
L0917,C,C,C_replaced_pois,"pressure solver pencil loop; amrex::FFT::Poisson replaces pois.f90 (ADR-001 pressure path, D-021)",lib,pois.f90,FSH04S,1183,1189,pressure,pencil,leaf,0.002,,,,,,non-geometry,,,,,,,not translatable today
L0918,C,C,C_replaced_pois,"pressure solver pencil loop; amrex::FFT::Poisson replaces pois.f90 (ADR-001 pressure path, D-021)",lib,pois.f90,FSH04S,1191,1195,pressure,pencil,leaf,0.001,,,,,,non-geometry,,,,,,,not translatable today
L0919,C,C,C_replaced_pois,"pressure solver pencil loop; amrex::FFT::Poisson replaces pois.f90 (ADR-001 pressure path, D-021)",lib,pois.f90,FSH05S,1228,1234,pressure,pencil,leaf,0.002,,,,,,non-geometry,,,,,,,not translatable today
L0920,C,C,C_replaced_pois,"pressure solver pencil loop; amrex::FFT::Poisson replaces pois.f90 (ADR-001 pressure path, D-021)",lib,pois.f90,FSH06S,1271,1279,pressure,pencil,tree,0.021,,,,,,non-geometry,,,,,,,not translatable today
L0921,C,C,C_replaced_pois,"pressure solver pencil loop; amrex::FFT::Poisson replaces pois.f90 (ADR-001 pressure path, D-021)",lib,pois.f90,FSH06S,1280,1282,pressure,pencil,leaf,0.000,,,,,,non-geometry,,,,,,,not translatable today
L0922,C,C,C_replaced_pois,"pressure solver pencil loop; amrex::FFT::Poisson replaces pois.f90 (ADR-001 pressure path, D-021)",lib,pois.f90,FSH06S,1284,1286,pressure,pencil,leaf,0.000,,,,,,non-geometry,,,,,,,not translatable today
L0923,C,C,C_replaced_pois,"pressure solver pencil loop; amrex::FFT::Poisson replaces pois.f90 (ADR-001 pressure path, D-021)",lib,pois.f90,FSH06S,1289,1292,pressure,pencil,leaf,0.000,,,,,,non-geometry,,,,,,,not translatable today
L0924,C,C,C_replaced_pois,"pressure solver pencil loop; amrex::FFT::Poisson replaces pois.f90 (ADR-001 pressure path, D-021)",lib,pois.f90,FSH06S,1299,1304,pressure,pencil,leaf,0.001,,,,,,non-geometry,,,,,,,not translatable today
L0925,C,C,C_replaced_pois,"pressure solver pencil loop; amrex::FFT::Poisson replaces pois.f90 (ADR-001 pressure path, D-021)",lib,pois.f90,FSH06S,1311,1315,pressure,pencil,leaf,0.001,,,,,,non-geometry,,,,,,,not translatable today
L0926,C,C,C_replaced_pois,"pressure solver pencil loop; amrex::FFT::Poisson replaces pois.f90 (ADR-001 pressure path, D-021)",lib,pois.f90,FSH06S,1321,1329,pressure,pencil,tree,0.021,,,,,,non-geometry,,,,,,,not translatable today
L0927,C,C,C_replaced_pois,"pressure solver pencil loop; amrex::FFT::Poisson replaces pois.f90 (ADR-001 pressure path, D-021)",lib,pois.f90,FSH06S,1331,1334,pressure,pencil,leaf,0.000,,,,,,non-geometry,,,,,,,not translatable today
L0928,C,C,C_replaced_pois,"pressure solver pencil loop; amrex::FFT::Poisson replaces pois.f90 (ADR-001 pressure path, D-021)",lib,pois.f90,FSH16S,5489,5497,pressure,pencil,tree,0.017,,,,,,non-geometry,,,,,,,not translatable today
L0929,C,C,C_replaced_pois,"pressure solver pencil loop; amrex::FFT::Poisson replaces pois.f90 (ADR-001 pressure path, D-021)",lib,pois.f90,FSH16S,5505,5511,pressure,pencil,leaf,0.002,,,,,,non-geometry,,,,,,,not translatable today
L0930,C,C,C_replaced_pois,"pressure solver pencil loop; amrex::FFT::Poisson replaces pois.f90 (ADR-001 pressure path, D-021)",lib,pois.f90,FSH16S,5513,5519,pressure,pencil,leaf,0.002,,,,,,non-geometry,,,,,,,not translatable today
L0931,C,C,C_replaced_pois,"pressure solver pencil loop; amrex::FFT::Poisson replaces pois.f90 (ADR-001 pressure path, D-021)",lib,pois.f90,FSH17S,5557,5598,pressure,pencil,tree,0.268,,,,,,non-geometry,,,,,,,not translatable today
L0932,C,C,C_replaced_pois,"pressure solver pencil loop; amrex::FFT::Poisson replaces pois.f90 (ADR-001 pressure path, D-021)",lib,pois.f90,FSH17S,5602,5721,pressure,pencil,tree,0.458,,,,,,non-geometry,,,,,,,not translatable today
L0933,C,C,C_replaced_pois,"pressure solver pencil loop; amrex::FFT::Poisson replaces pois.f90 (ADR-001 pressure path, D-021)",lib,pois.f90,FSH18S,5742,5745,pressure,pencil,leaf,0.000,,,,,,non-geometry,,,,,,,not translatable today
L0934,C,C,C_replaced_pois,"pressure solver pencil loop; amrex::FFT::Poisson replaces pois.f90 (ADR-001 pressure path, D-021)",lib,pois.f90,FSH18S,5746,5751,pressure,pencil,leaf,0.001,,,,,,non-geometry,,,,,,,not translatable today
L0935,C,C,C_replaced_pois,"pressure solver pencil loop; amrex::FFT::Poisson replaces pois.f90 (ADR-001 pressure path, D-021)",lib,pois.f90,FSH18S,5752,5755,pressure,pencil,leaf,0.000,,,,,,non-geometry,,,,,,,not translatable today
L0936,C,C,C_replaced_pois,"pressure solver pencil loop; amrex::FFT::Poisson replaces pois.f90 (ADR-001 pressure path, D-021)",lib,pois.f90,FSH18S,5756,5762,pressure,pencil,leaf,0.000,,,,,,non-geometry,,,,,,,not translatable today
L0937,C,C,C_replaced_pois,"pressure solver pencil loop; amrex::FFT::Poisson replaces pois.f90 (ADR-001 pressure path, D-021)",lib,pois.f90,FSH18S,5763,5767,pressure,pencil,leaf,0.001,,,,,,non-geometry,,,,,,,not translatable today
L0938,C,C,C_replaced_pois,"pressure solver pencil loop; amrex::FFT::Poisson replaces pois.f90 (ADR-001 pressure path, D-021)",lib,pois.f90,H2CYSS,7333,7335,pressure,pencil,leaf,0.000,,,,,,non-geometry,,,,,,,not translatable today
L0939,C,C,C_replaced_pois,"pressure solver pencil loop; amrex::FFT::Poisson replaces pois.f90 (ADR-001 pressure path, D-021)",lib,pois.f90,H2CYSS,7339,7341,pressure,pencil,leaf,0.000,,,,,,non-geometry,,,,,,,not translatable today
L0940,C,C,C_replaced_pois,"pressure solver pencil loop; amrex::FFT::Poisson replaces pois.f90 (ADR-001 pressure path, D-021)",lib,pois.f90,H2CYSS,7345,7347,pressure,pencil,leaf,0.000,,,,,,non-geometry,,,,,,,not translatable today
L0941,C,C,C_replaced_pois,"pressure solver pencil loop; amrex::FFT::Poisson replaces pois.f90 (ADR-001 pressure path, D-021)",lib,pois.f90,H2CYSS,7351,7353,pressure,pencil,leaf,0.000,,,,,,non-geometry,,,,,,,not translatable today
L0942,C,C,C_replaced_pois,"pressure solver pencil loop; amrex::FFT::Poisson replaces pois.f90 (ADR-001 pressure path, D-021)",lib,pois.f90,H2CYSS,7359,7361,pressure,pencil,leaf,0.000,,,,,,non-geometry,,,,,,,not translatable today
L0943,C,C,C_replaced_pois,"pressure solver pencil loop; amrex::FFT::Poisson replaces pois.f90 (ADR-001 pressure path, D-021)",lib,pois.f90,H2CYSS,7365,7367,pressure,pencil,leaf,0.000,,,,,,non-geometry,,,,,,,not translatable today
L0944,C,C,C_replaced_pois,"pressure solver pencil loop; amrex::FFT::Poisson replaces pois.f90 (ADR-001 pressure path, D-021)",lib,pois.f90,H2CYSS,7371,7373,pressure,pencil,leaf,0.000,,,,,,non-geometry,,,,,,,not translatable today
L0945,C,C,C_replaced_pois,"pressure solver pencil loop; amrex::FFT::Poisson replaces pois.f90 (ADR-001 pressure path, D-021)",lib,pois.f90,H2CYSS,7377,7379,pressure,pencil,leaf,0.000,,,,,,non-geometry,,,,,,,not translatable today
L0946,C,C,C_replaced_pois,"pressure solver pencil loop; amrex::FFT::Poisson replaces pois.f90 (ADR-001 pressure path, D-021)",lib,pois.f90,H2CYSS,7423,7427,pressure,pencil,leaf,0.001,,,,,,non-geometry,,,,,,,not translatable today
L0947,C,C,C_replaced_pois,"pressure solver pencil loop; amrex::FFT::Poisson replaces pois.f90 (ADR-001 pressure path, D-021)",lib,pois.f90,H2CYSS,7431,7434,pressure,pencil,leaf,0.000,,,,,,non-geometry,,,,,,,not translatable today
L0948,C,C,C_replaced_pois,"pressure solver pencil loop; amrex::FFT::Poisson replaces pois.f90 (ADR-001 pressure path, D-021)",lib,pois.f90,H2CYSS,7438,7442,pressure,pencil,leaf,0.001,,,,,,non-geometry,,,,,,,not translatable today
L0949,C,C,C_replaced_pois,"pressure solver pencil loop; amrex::FFT::Poisson replaces pois.f90 (ADR-001 pressure path, D-021)",lib,pois.f90,H2CZSS,6830,6832,pressure,pencil,leaf,0.000,,,,,,non-geometry,,,,,,,not translatable today
L0950,C,C,C_replaced_pois,"pressure solver pencil loop; amrex::FFT::Poisson replaces pois.f90 (ADR-001 pressure path, D-021)",lib,pois.f90,H2CZSS,6836,6838,pressure,pencil,leaf,0.000,,,,,,non-geometry,,,,,,,not translatable today
L0951,C,C,C_replaced_pois,"pressure solver pencil loop; amrex::FFT::Poisson replaces pois.f90 (ADR-001 pressure path, D-021)",lib,pois.f90,H2CZSS,6842,6844,pressure,pencil,leaf,0.000,,,,,,non-geometry,,,,,,,not translatable today
L0952,C,C,C_replaced_pois,"pressure solver pencil loop; amrex::FFT::Poisson replaces pois.f90 (ADR-001 pressure path, D-021)",lib,pois.f90,H2CZSS,6848,6850,pressure,pencil,leaf,0.000,,,,,,non-geometry,,,,,,,not translatable today
L0953,C,C,C_replaced_pois,"pressure solver pencil loop; amrex::FFT::Poisson replaces pois.f90 (ADR-001 pressure path, D-021)",lib,pois.f90,H2CZSS,6856,6858,pressure,pencil,leaf,0.000,,,,,,non-geometry,,,,,,,not translatable today
L0954,C,C,C_replaced_pois,"pressure solver pencil loop; amrex::FFT::Poisson replaces pois.f90 (ADR-001 pressure path, D-021)",lib,pois.f90,H2CZSS,6862,6864,pressure,pencil,leaf,0.000,,,,,,non-geometry,,,,,,,not translatable today
L0955,C,C,C_replaced_pois,"pressure solver pencil loop; amrex::FFT::Poisson replaces pois.f90 (ADR-001 pressure path, D-021)",lib,pois.f90,H2CZSS,6868,6870,pressure,pencil,leaf,0.000,,,,,,non-geometry,,,,,,,not translatable today
L0956,C,C,C_replaced_pois,"pressure solver pencil loop; amrex::FFT::Poisson replaces pois.f90 (ADR-001 pressure path, D-021)",lib,pois.f90,H2CZSS,6874,6876,pressure,pencil,leaf,0.000,,,,,,non-geometry,,,,,,,not translatable today
L0957,C,C,C_replaced_pois,"pressure solver pencil loop; amrex::FFT::Poisson replaces pois.f90 (ADR-001 pressure path, D-021)",lib,pois.f90,H2CZSS,6910,6912,pressure,pencil,leaf,0.000,,,,,,non-geometry,,,,,,,not translatable today
L0958,C,C,C_replaced_pois,"pressure solver pencil loop; amrex::FFT::Poisson replaces pois.f90 (ADR-001 pressure path, D-021)",lib,pois.f90,H2CZSS,6913,6917,pressure,pencil,leaf,0.001,,,,,,non-geometry,,,,,,,not translatable today
L0959,C,C,C_replaced_pois,"pressure solver pencil loop; amrex::FFT::Poisson replaces pois.f90 (ADR-001 pressure path, D-021)",lib,pois.f90,H2CZSS,6920,6923,pressure,pencil,leaf,0.000,,,,,,non-geometry,,,,,,,not translatable today
L0960,C,C,C_replaced_pois,"pressure solver pencil loop; amrex::FFT::Poisson replaces pois.f90 (ADR-001 pressure path, D-021)",lib,pois.f90,H2CZSS,6930,6934,pressure,pencil,leaf,0.001,,,,,,non-geometry,,,,,,,not translatable today
L0961,C,C,C_replaced_pois,"pressure solver pencil loop; amrex::FFT::Poisson replaces pois.f90 (ADR-001 pressure path, D-021)",lib,pois.f90,H3CSSS,4974,4978,pressure,pencil,leaf,0.001,,,,,,non-geometry,,,,,,,not translatable today
L0962,C,C,C_replaced_pois,"pressure solver pencil loop; amrex::FFT::Poisson replaces pois.f90 (ADR-001 pressure path, D-021)",lib,pois.f90,H3CSSS,4983,4987,pressure,pencil,leaf,0.001,,,,,,non-geometry,,,,,,,not translatable today
L0963,C,C,C_replaced_pois,"pressure solver pencil loop; amrex::FFT::Poisson replaces pois.f90 (ADR-001 pressure path, D-021)",lib,pois.f90,H3CSSS,4998,5002,pressure,pencil,leaf,0.001,,,,,,non-geometry,,,,,,,not translatable today
L0964,C,C,C_replaced_pois,"pressure solver pencil loop; amrex::FFT::Poisson replaces pois.f90 (ADR-001 pressure path, D-021)",lib,pois.f90,H3CSSS,5007,5011,pressure,pencil,leaf,0.001,,,,,,non-geometry,,,,,,,not translatable today
L0965,C,C,C_replaced_pois,"pressure solver pencil loop; amrex::FFT::Poisson replaces pois.f90 (ADR-001 pressure path, D-021)",lib,pois.f90,H3CSSS,5026,5030,pressure,pencil,leaf,0.001,,,,,,non-geometry,,,,,,,not translatable today
L0966,C,C,C_replaced_pois,"pressure solver pencil loop; amrex::FFT::Poisson replaces pois.f90 (ADR-001 pressure path, D-021)",lib,pois.f90,H3CSSS,5036,5040,pressure,pencil,leaf,0.001,,,,,,non-geometry,,,,,,,not translatable today
L0967,C,C,C_replaced_pois,"pressure solver pencil loop; amrex::FFT::Poisson replaces pois.f90 (ADR-001 pressure path, D-021)",lib,pois.f90,H3CSSS,5052,5056,pressure,pencil,leaf,0.001,,,,,,non-geometry,,,,,,,not translatable today
L0968,C,C,C_replaced_pois,"pressure solver pencil loop; amrex::FFT::Poisson replaces pois.f90 (ADR-001 pressure path, D-021)",lib,pois.f90,H3CSSS,5062,5066,pressure,pencil,leaf,0.001,,,,,,non-geometry,,,,,,,not translatable today
L0969,C,C,C_replaced_pois,"pressure solver pencil loop; amrex::FFT::Poisson replaces pois.f90 (ADR-001 pressure path, D-021)",lib,pois.f90,H3CSSS,5078,5083,pressure,pencil,leaf,0.001,,,,,,non-geometry,,,,,,,not translatable today
L0970,C,C,C_replaced_pois,"pressure solver pencil loop; amrex::FFT::Poisson replaces pois.f90 (ADR-001 pressure path, D-021)",lib,pois.f90,H3CSSS,5088,5093,pressure,pencil,leaf,0.001,,,,,,non-geometry,,,,,,,not translatable today
L0971,C,C,C_replaced_pois,"pressure solver pencil loop; amrex::FFT::Poisson replaces pois.f90 (ADR-001 pressure path, D-021)",lib,pois.f90,H3CSSS,5104,5109,pressure,pencil,leaf,0.001,,,,,,non-geometry,,,,,,,not translatable today
L0972,C,C,C_replaced_pois,"pressure solver pencil loop; amrex::FFT::Poisson replaces pois.f90 (ADR-001 pressure path, D-021)",lib,pois.f90,H3CSSS,5114,5119,pressure,pencil,leaf,0.001,,,,,,non-geometry,,,,,,,not translatable today
L0973,C,C,C_replaced_pois,"pressure solver pencil loop; amrex::FFT::Poisson replaces pois.f90 (ADR-001 pressure path, D-021)",lib,pois.f90,H3CSSS,5165,5167,pressure,pencil,leaf,0.000,,,,,,non-geometry,,,,,,,not translatable today
L0974,C,C,C_replaced_pois,"pressure solver pencil loop; amrex::FFT::Poisson replaces pois.f90 (ADR-001 pressure path, D-021)",lib,pois.f90,H3CSSS,5168,5175,pressure,pencil,leaf,0.002,,,,,,non-geometry,,,,,,,not translatable today
L0975,C,C,C_replaced_pois,"pressure solver pencil loop; amrex::FFT::Poisson replaces pois.f90 (ADR-001 pressure path, D-021)",lib,pois.f90,H3CSSS,5178,5181,pressure,pencil,leaf,0.000,,,,,,non-geometry,,,,,,,not translatable today
L0976,C,C,C_replaced_pois,"pressure solver pencil loop; amrex::FFT::Poisson replaces pois.f90 (ADR-001 pressure path, D-021)",lib,pois.f90,H3CSSS,5186,5192,pressure,pencil,leaf,0.002,,,,,,non-geometry,,,,,,,not translatable today
L0977,C,C,C_replaced_pois,"pressure solver pencil loop; amrex::FFT::Poisson replaces pois.f90 (ADR-001 pressure path, D-021)",lib,pois.f90,H3CSSS,5211,5217,pressure,pencil,leaf,0.002,,,,,,non-geometry,,,,,,,not translatable today
L0978,C,C,C_replaced_pois,"pressure solver pencil loop; amrex::FFT::Poisson replaces pois.f90 (ADR-001 pressure path, D-021)",lib,pois.f90,H3CZSS,241,245,pressure,pencil,leaf,0.001,,,,,,non-geometry,,,,,,,not translatable today
L0979,C,C,C_replaced_pois,"pressure solver pencil loop; amrex::FFT::Poisson replaces pois.f90 (ADR-001 pressure path, D-021)",lib,pois.f90,H3CZSS,249,253,pressure,pencil,leaf,0.001,,,,,,non-geometry,,,,,,,not translatable today
L0980,C,C,C_replaced_pois,"pressure solver pencil loop; amrex::FFT::Poisson replaces pois.f90 (ADR-001 pressure path, D-021)",lib,pois.f90,H3CZSS,257,261,pressure,pencil,leaf,0.001,,,,,,non-geometry,,,,,,,not translatable today
L0981,C,C,C_replaced_pois,"pressure solver pencil loop; amrex::FFT::Poisson replaces pois.f90 (ADR-001 pressure path, D-021)",lib,pois.f90,H3CZSS,265,269,pressure,pencil,leaf,0.001,,,,,,non-geometry,,,,,,,not translatable today
L0982,C,C,C_replaced_pois,"pressure solver pencil loop; amrex::FFT::Poisson replaces pois.f90 (ADR-001 pressure path, D-021)",lib,pois.f90,H3CZSS,275,279,pressure,pencil,leaf,0.001,,,,,,non-geometry,,,,,,,not translatable today
L0983,C,C,C_replaced_pois,"pressure solver pencil loop; amrex::FFT::Poisson replaces pois.f90 (ADR-001 pressure path, D-021)",lib,pois.f90,H3CZSS,283,287,pressure,pencil,leaf,0.001,,,,,,non-geometry,,,,,,,not translatable today
L0984,C,C,C_replaced_pois,"pressure solver pencil loop; amrex::FFT::Poisson replaces pois.f90 (ADR-001 pressure path, D-021)",lib,pois.f90,H3CZSS,291,295,pressure,pencil,leaf,0.001,,,,,,non-geometry,,,,,,,not translatable today
L0985,C,C,C_replaced_pois,"pressure solver pencil loop; amrex::FFT::Poisson replaces pois.f90 (ADR-001 pressure path, D-021)",lib,pois.f90,H3CZSS,299,303,pressure,pencil,leaf,0.001,,,,,,non-geometry,,,,,,,not translatable today
L0986,C,C,C_replaced_pois,"pressure solver pencil loop; amrex::FFT::Poisson replaces pois.f90 (ADR-001 pressure path, D-021)",lib,pois.f90,H3CZSS,309,313,pressure,pencil,leaf,0.001,,,,,,non-geometry,,,,,,,not translatable today
L0987,C,C,C_replaced_pois,"pressure solver pencil loop; amrex::FFT::Poisson replaces pois.f90 (ADR-001 pressure path, D-021)",lib,pois.f90,H3CZSS,317,321,pressure,pencil,leaf,0.001,,,,,,non-geometry,,,,,,,not translatable today
L0988,C,C,C_replaced_pois,"pressure solver pencil loop; amrex::FFT::Poisson replaces pois.f90 (ADR-001 pressure path, D-021)",lib,pois.f90,H3CZSS,325,329,pressure,pencil,leaf,0.001,,,,,,non-geometry,,,,,,,not translatable today
L0989,C,C,C_replaced_pois,"pressure solver pencil loop; amrex::FFT::Poisson replaces pois.f90 (ADR-001 pressure path, D-021)",lib,pois.f90,H3CZSS,333,337,pressure,pencil,leaf,0.001,,,,,,non-geometry,,,,,,,not translatable today
L0990,C,C,C_replaced_pois,"pressure solver pencil loop; amrex::FFT::Poisson replaces pois.f90 (ADR-001 pressure path, D-021)",lib,pois.f90,H3CZSS,378,380,pressure,pencil,leaf,0.000,,,,,,non-geometry,,,,,,,not translatable today
L0991,C,C,C_replaced_pois,"pressure solver pencil loop; amrex::FFT::Poisson replaces pois.f90 (ADR-001 pressure path, D-021)",lib,pois.f90,H3CZSS,381,387,pressure,pencil,leaf,0.002,,,,,,non-geometry,,,,,,,not translatable today
L0992,C,C,C_replaced_pois,"pressure solver pencil loop; amrex::FFT::Poisson replaces pois.f90 (ADR-001 pressure path, D-021)",lib,pois.f90,H3CZSS,390,393,pressure,pencil,leaf,0.000,,,,,,non-geometry,,,,,,,not translatable today
L0993,C,C,C_replaced_pois,"pressure solver pencil loop; amrex::FFT::Poisson replaces pois.f90 (ADR-001 pressure path, D-021)",lib,pois.f90,H3CZSS,401,407,pressure,pencil,leaf,0.002,,,,,,non-geometry,,,,,,,not translatable today
L0994,C,C,C_replaced_pois,"pressure solver pencil loop; amrex::FFT::Poisson replaces pois.f90 (ADR-001 pressure path, D-021)",lib,pois.f90,SSWAP,4530,4536,pressure,pencil,leaf,0.001,,,,,,non-geometry,,,,,,,not translatable today
L0995,C,C,C_replaced_pois,"pressure solver pencil loop; amrex::FFT::Poisson replaces pois.f90 (ADR-001 pressure path, D-021)",lib,pois.f90,SSWAP,4546,4550,pressure,pencil,leaf,0.001,,,,,,non-geometry,,,,,,,not translatable today
L0996,C,C,C_replaced_pois,"pressure solver pencil loop; amrex::FFT::Poisson replaces pois.f90 (ADR-001 pressure path, D-021)",lib,pois.f90,SSWAP,4553,4563,pressure,pencil,leaf,0.002,,,,,,non-geometry,,,,,,,not translatable today
L0997,C,C,C_replaced_pois,"pressure solver pencil loop; amrex::FFT::Poisson replaces pois.f90 (ADR-001 pressure path, D-021)",lib,pois.f90,SSWAP,4570,4574,pressure,pencil,leaf,0.001,,,,,,non-geometry,,,,,,,not translatable today
L0998,C,C,C_replaced_pois,"pressure solver pencil loop; amrex::FFT::Poisson replaces pois.f90 (ADR-001 pressure path, D-021)",lib,pois.f90,VCOST,1504,1507,pressure,pencil,leaf,0.000,,,,,,non-geometry,,,,,,,not translatable today
L0999,C,C,C_replaced_pois,"pressure solver pencil loop; amrex::FFT::Poisson replaces pois.f90 (ADR-001 pressure path, D-021)",lib,pois.f90,VCOST,1508,1515,pressure,pencil,leaf,0.003,,,,,,non-geometry,,,,,,,not translatable today
L1000,C,C,C_replaced_pois,"pressure solver pencil loop; amrex::FFT::Poisson replaces pois.f90 (ADR-001 pressure path, D-021)",lib,pois.f90,VCOST,1517,1519,pressure,pencil,leaf,0.000,,,,,,non-geometry,,,,,,,not translatable today
L1001,C,C,C_replaced_pois,"pressure solver pencil loop; amrex::FFT::Poisson replaces pois.f90 (ADR-001 pressure path, D-021)",lib,pois.f90,VCOST,1532,1536,pressure,pencil,leaf,0.001,,,,,,non-geometry,,,,,,,not translatable today
L1002,C,C,C_replaced_pois,"pressure solver pencil loop; amrex::FFT::Poisson replaces pois.f90 (ADR-001 pressure path, D-021)",lib,pois.f90,VCOST1,1568,1573,pressure,pencil,leaf,0.001,,,,,,non-geometry,,,,,,,not translatable today
L1003,C,C,C_replaced_pois,"pressure solver pencil loop; amrex::FFT::Poisson replaces pois.f90 (ADR-001 pressure path, D-021)",lib,pois.f90,VCOST1,1574,1583,pressure,pencil,leaf,0.008,,,,,,non-geometry,,,,,,,not translatable today
L1004,C,C,C_replaced_pois,"pressure solver pencil loop; amrex::FFT::Poisson replaces pois.f90 (ADR-001 pressure path, D-021)",lib,pois.f90,VCOST1,1585,1589,pressure,pencil,leaf,0.001,,,,,,non-geometry,,,,,,,not translatable today
L1005,C,C,C_replaced_pois,"pressure solver pencil loop; amrex::FFT::Poisson replaces pois.f90 (ADR-001 pressure path, D-021)",lib,pois.f90,VCOSTA,1615,1618,pressure,pencil,leaf,0.000,,,,,,non-geometry,,,,,,,not translatable today
L1006,C,C,C_replaced_pois,"pressure solver pencil loop; amrex::FFT::Poisson replaces pois.f90 (ADR-001 pressure path, D-021)",lib,pois.f90,VCOSTA,1619,1624,pressure,pencil,leaf,0.001,,,,,,non-geometry,,,,,,,not translatable today
L1007,C,C,C_replaced_pois,"pressure solver pencil loop; amrex::FFT::Poisson replaces pois.f90 (ADR-001 pressure path, D-021)",lib,pois.f90,VCOSTA,1626,1628,pressure,pencil,leaf,0.000,,,,,,non-geometry,,,,,,,not translatable today
L1008,C,C,C_replaced_pois,"pressure solver pencil loop; amrex::FFT::Poisson replaces pois.f90 (ADR-001 pressure path, D-021)",lib,pois.f90,VRADB2,3943,3948,pressure,pencil,leaf,0.001,,,,,,non-geometry,,,,,,,not translatable today
L1009,C,C,C_replaced_pois,"pressure solver pencil loop; amrex::FFT::Poisson replaces pois.f90 (ADR-001 pressure path, D-021)",lib,pois.f90,VRADB2,3953,3965,pressure,pencil,leaf,0.010,,,,,,non-geometry,,,,,,,not translatable today
L1010,C,C,C_replaced_pois,"pressure solver pencil loop; amrex::FFT::Poisson replaces pois.f90 (ADR-001 pressure path, D-021)",lib,pois.f90,VRADB2,3967,3972,pressure,pencil,leaf,0.001,,,,,,non-geometry,,,,,,,not translatable today
L1011,C,C,C_replaced_pois,"pressure solver pencil loop; amrex::FFT::Poisson replaces pois.f90 (ADR-001 pressure path, D-021)",lib,pois.f90,VRADB3,4005,4011,pressure,pencil,leaf,0.002,,,,,,non-geometry,,,,,,,not translatable today
L1012,C,C,C_replaced_pois,"pressure solver pencil loop; amrex::FFT::Poisson replaces pois.f90 (ADR-001 pressure path, D-021)",lib,pois.f90,VRADB3,4014,4042,pressure,pencil,leaf,0.014,,,,,,non-geometry,,,,,,,not translatable today
L1013,C,C,C_replaced_pois,"pressure solver pencil loop; amrex::FFT::Poisson replaces pois.f90 (ADR-001 pressure path, D-021)",lib,pois.f90,VRADB4,4074,4081,pressure,pencil,leaf,0.003,,,,,,non-geometry,,,,,,,not translatable today
L1014,C,C,C_replaced_pois,"pressure solver pencil loop; amrex::FFT::Poisson replaces pois.f90 (ADR-001 pressure path, D-021)",lib,pois.f90,VRADB4,4085,4112,pressure,pencil,leaf,0.018,,,,,,non-geometry,,,,,,,not translatable today
L1015,C,C,C_replaced_pois,"pressure solver pencil loop; amrex::FFT::Poisson replaces pois.f90 (ADR-001 pressure path, D-021)",lib,pois.f90,VRADB4,4116,4126,pressure,pencil,leaf,0.003,,,,,,non-geometry,,,,,,,not translatable today
L1016,C,C,C_replaced_pois,"pressure solver pencil loop; amrex::FFT::Poisson replaces pois.f90 (ADR-001 pressure path, D-021)",lib,pois.f90,VRADB5,4164,4176,pressure,pencil,leaf,0.003,,,,,,non-geometry,,,,,,,not translatable today
L1017,C,C,C_replaced_pois,"pressure solver pencil loop; amrex::FFT::Poisson replaces pois.f90 (ADR-001 pressure path, D-021)",lib,pois.f90,VRADB5,4181,4248,pressure,pencil,leaf,0.022,,,,,,non-geometry,,,,,,,not translatable today
L1018,C,C,C_replaced_pois,"pressure solver pencil loop; amrex::FFT::Poisson replaces pois.f90 (ADR-001 pressure path, D-021)",lib,pois.f90,VRADBG,4287,4293,pressure,pencil,leaf,0.002,,,,,,non-geometry,,,,,,,not translatable today
L1019,C,C,C_replaced_pois,"pressure solver pencil loop; amrex::FFT::Poisson replaces pois.f90 (ADR-001 pressure path, D-021)",lib,pois.f90,VRADBG,4296,4302,pressure,pencil,leaf,0.002,,,,,,non-geometry,,,,,,,not translatable today
L1020,C,C,C_replaced_pois,"pressure solver pencil loop; amrex::FFT::Poisson replaces pois.f90 (ADR-001 pressure path, D-021)",lib,pois.f90,VRADBG,4304,4313,pressure,pencil,leaf,0.008,,,,,,non-geometry,,,,,,,not translatable today
L1021,C,C,C_replaced_pois,"pressure solver pencil loop; amrex::FFT::Poisson replaces pois.f90 (ADR-001 pressure path, D-021)",lib,pois.f90,VRADBG,4316,4329,pressure,pencil,leaf,0.036,,,,,,non-geometry,,,,,,,not translatable today
L1022,C,C,C_replaced_pois,"pressure solver pencil loop; amrex::FFT::Poisson replaces pois.f90 (ADR-001 pressure path, D-021)",lib,pois.f90,VRADBG,4332,4345,pressure,pencil,leaf,0.036,,,,,,non-geometry,,,,,,,not translatable today
L1023,C,C,C_replaced_pois,"pressure solver pencil loop; amrex::FFT::Poisson replaces pois.f90 (ADR-001 pressure path, D-021)",lib,pois.f90,VRADBG,4348,4375,pressure,pencil,leaf,0.095,,,,,,non-geometry,,,,,,,not translatable today
L1024,C,C,C_replaced_pois,"pressure solver pencil loop; amrex::FFT::Poisson replaces pois.f90 (ADR-001 pressure path, D-021)",lib,pois.f90,VRADBG,4376,4382,pressure,pencil,leaf,0.002,,,,,,non-geometry,,,,,,,not translatable today
L1025,C,C,C_replaced_pois,"pressure solver pencil loop; amrex::FFT::Poisson replaces pois.f90 (ADR-001 pressure path, D-021)",lib,pois.f90,VRADBG,4383,4391,pressure,pencil,leaf,0.006,,,,,,non-geometry,,,,,,,not translatable today
L1026,C,C,C_replaced_pois,"pressure solver pencil loop; amrex::FFT::Poisson replaces pois.f90 (ADR-001 pressure path, D-021)",lib,pois.f90,VRADBG,4394,4406,pressure,pencil,leaf,0.030,,,,,,non-geometry,,,,,,,not translatable today
L1027,C,C,C_replaced_pois,"pressure solver pencil loop; amrex::FFT::Poisson replaces pois.f90 (ADR-001 pressure path, D-021)",lib,pois.f90,VRADBG,4409,4421,pressure,pencil,leaf,0.030,,,,,,non-geometry,,,,,,,not translatable today
L1028,C,C,C_replaced_pois,"pressure solver pencil loop; amrex::FFT::Poisson replaces pois.f90 (ADR-001 pressure path, D-021)",lib,pois.f90,VRADBG,4424,4428,pressure,pencil,leaf,0.001,,,,,,non-geometry,,,,,,,not translatable today
L1029,C,C,C_replaced_pois,"pressure solver pencil loop; amrex::FFT::Poisson replaces pois.f90 (ADR-001 pressure path, D-021)",lib,pois.f90,VRADBG,4429,4435,pressure,pencil,leaf,0.002,,,,,,non-geometry,,,,,,,not translatable today
L1030,C,C,C_replaced_pois,"pressure solver pencil loop; amrex::FFT::Poisson replaces pois.f90 (ADR-001 pressure path, D-021)",lib,pois.f90,VRADBG,4437,4449,pressure,pencil,leaf,0.030,,,,,,non-geometry,,,,,,,not translatable today
L1031,C,C,C_replaced_pois,"pressure solver pencil loop; amrex::FFT::Poisson replaces pois.f90 (ADR-001 pressure path, D-021)",lib,pois.f90,VRADBG,4452,4464,pressure,pencil,leaf,0.030,,,,,,non-geometry,,,,,,,not translatable today
L1032,C,C,C_replaced_pois,"pressure solver pencil loop; amrex::FFT::Poisson replaces pois.f90 (ADR-001 pressure path, D-021)",lib,pois.f90,VRADF2,3239,3244,pressure,pencil,leaf,0.001,,,,,,non-geometry,,,,,,,not translatable today
L1033,C,C,C_replaced_pois,"pressure solver pencil loop; amrex::FFT::Poisson replaces pois.f90 (ADR-001 pressure path, D-021)",lib,pois.f90,VRADF2,3249,3262,pressure,pencil,leaf,0.010,,,,,,non-geometry,,,,,,,not translatable today
L1034,C,C,C_replaced_pois,"pressure solver pencil loop; amrex::FFT::Poisson replaces pois.f90 (ADR-001 pressure path, D-021)",lib,pois.f90,VRADF2,3264,3269,pressure,pencil,leaf,0.001,,,,,,non-geometry,,,,,,,not translatable today
L1035,C,C,C_replaced_pois,"pressure solver pencil loop; amrex::FFT::Poisson replaces pois.f90 (ADR-001 pressure path, D-021)",lib,pois.f90,VRADF3,3299,3305,pressure,pencil,leaf,0.002,,,,,,non-geometry,,,,,,,not translatable today
L1036,C,C,C_replaced_pois,"pressure solver pencil loop; amrex::FFT::Poisson replaces pois.f90 (ADR-001 pressure path, D-021)",lib,pois.f90,VRADF3,3308,3336,pressure,pencil,leaf,0.014,,,,,,non-geometry,,,,,,,not translatable today
L1037,C,C,C_replaced_pois,"pressure solver pencil loop; amrex::FFT::Poisson replaces pois.f90 (ADR-001 pressure path, D-021)",lib,pois.f90,VRADF4,3365,3372,pressure,pencil,leaf,0.003,,,,,,non-geometry,,,,,,,not translatable today
L1038,C,C,C_replaced_pois,"pressure solver pencil loop; amrex::FFT::Poisson replaces pois.f90 (ADR-001 pressure path, D-021)",lib,pois.f90,VRADF4,3377,3413,pressure,pencil,leaf,0.018,,,,,,non-geometry,,,,,,,not translatable today
L1039,C,C,C_replaced_pois,"pressure solver pencil loop; amrex::FFT::Poisson replaces pois.f90 (ADR-001 pressure path, D-021)",lib,pois.f90,VRADF4,3417,3424,pressure,pencil,leaf,0.003,,,,,,non-geometry,,,,,,,not translatable today
L1040,C,C,C_replaced_pois,"pressure solver pencil loop; amrex::FFT::Poisson replaces pois.f90 (ADR-001 pressure path, D-021)",lib,pois.f90,VRADF5,3459,3472,pressure,pencil,leaf,0.003,,,,,,non-geometry,,,,,,,not translatable today
L1041,C,C,C_replaced_pois,"pressure solver pencil loop; amrex::FFT::Poisson replaces pois.f90 (ADR-001 pressure path, D-021)",lib,pois.f90,VRADF5,3475,3555,pressure,pencil,leaf,0.022,,,,,,non-geometry,,,,,,,not translatable today
L1042,C,C,C_replaced_pois,"pressure solver pencil loop; amrex::FFT::Poisson replaces pois.f90 (ADR-001 pressure path, D-021)",lib,pois.f90,VRADFG,3597,3601,pressure,pencil,leaf,0.001,,,,,,non-geometry,,,,,,,not translatable today
L1043,C,C,C_replaced_pois,"pressure solver pencil loop; amrex::FFT::Poisson replaces pois.f90 (ADR-001 pressure path, D-021)",lib,pois.f90,VRADFG,3602,3608,pressure,pencil,leaf,0.002,,,,,,non-geometry,,,,,,,not translatable today
L1044,C,C,C_replaced_pois,"pressure solver pencil loop; amrex::FFT::Poisson replaces pois.f90 (ADR-001 pressure path, D-021)",lib,pois.f90,VRADFG,3611,3623,pressure,pencil,leaf,0.030,,,,,,non-geometry,,,,,,,not translatable today
L1045,C,C,C_replaced_pois,"pressure solver pencil loop; amrex::FFT::Poisson replaces pois.f90 (ADR-001 pressure path, D-021)",lib,pois.f90,VRADFG,3626,3638,pressure,pencil,leaf,0.030,,,,,,non-geometry,,,,,,,not translatable today
L1046,C,C,C_replaced_pois,"pressure solver pencil loop; amrex::FFT::Poisson replaces pois.f90 (ADR-001 pressure path, D-021)",lib,pois.f90,VRADFG,3640,3652,pressure,pencil,leaf,0.030,,,,,,non-geometry,,,,,,,not translatable today
L1047,C,C,C_replaced_pois,"pressure solver pencil loop; amrex::FFT::Poisson replaces pois.f90 (ADR-001 pressure path, D-021)",lib,pois.f90,VRADFG,3655,3667,pressure,pencil,leaf,0.030,,,,,,non-geometry,,,,,,,not translatable today
L1048,C,C,C_replaced_pois,"pressure solver pencil loop; amrex::FFT::Poisson replaces pois.f90 (ADR-001 pressure path, D-021)",lib,pois.f90,VRADFG,3670,3674,pressure,pencil,leaf,0.001,,,,,,non-geometry,,,,,,,not translatable today
L1049,C,C,C_replaced_pois,"pressure solver pencil loop; amrex::FFT::Poisson replaces pois.f90 (ADR-001 pressure path, D-021)",lib,pois.f90,VRADFG,3676,3684,pressure,pencil,leaf,0.006,,,,,,non-geometry,,,,,,,not translatable today
L1050,C,C,C_replaced_pois,"pressure solver pencil loop; amrex::FFT::Poisson replaces pois.f90 (ADR-001 pressure path, D-021)",lib,pois.f90,VRADFG,3688,3715,pressure,pencil,leaf,0.095,,,,,,non-geometry,,,,,,,not translatable today
L1051,C,C,C_replaced_pois,"pressure solver pencil loop; amrex::FFT::Poisson replaces pois.f90 (ADR-001 pressure path, D-021)",lib,pois.f90,VRADFG,3716,3722,pressure,pencil,leaf,0.002,,,,,,non-geometry,,,,,,,not translatable today
L1052,C,C,C_replaced_pois,"pressure solver pencil loop; amrex::FFT::Poisson replaces pois.f90 (ADR-001 pressure path, D-021)",lib,pois.f90,VRADFG,3725,3731,pressure,pencil,leaf,0.002,,,,,,non-geometry,,,,,,,not translatable today
L1053,C,C,C_replaced_pois,"pressure solver pencil loop; amrex::FFT::Poisson replaces pois.f90 (ADR-001 pressure path, D-021)",lib,pois.f90,VRADFG,3734,3740,pressure,pencil,leaf,0.002,,,,,,non-geometry,,,,,,,not translatable today
L1054,C,C,C_replaced_pois,"pressure solver pencil loop; amrex::FFT::Poisson replaces pois.f90 (ADR-001 pressure path, D-021)",lib,pois.f90,VRADFG,3742,3751,pressure,pencil,leaf,0.008,,,,,,non-geometry,,,,,,,not translatable today
L1055,C,C,C_replaced_pois,"pressure solver pencil loop; amrex::FFT::Poisson replaces pois.f90 (ADR-001 pressure path, D-021)",lib,pois.f90,VRADFG,3754,3768,pressure,pencil,leaf,0.042,,,,,,non-geometry,,,,,,,not translatable today
L1056,C,C,C_replaced_pois,"pressure solver pencil loop; amrex::FFT::Poisson replaces pois.f90 (ADR-001 pressure path, D-021)",lib,pois.f90,VRADFG,3771,3785,pressure,pencil,leaf,0.042,,,,,,non-geometry,,,,,,,not translatable today
L1057,C,C,C_replaced_pois,"pressure solver pencil loop; amrex::FFT::Poisson replaces pois.f90 (ADR-001 pressure path, D-021)",lib,pois.f90,VRFTB1,3845,3892,pressure,pencil,tree,0.040,,,,,,non-geometry,,,,,,,not translatable today
L1058,C,C,C_replaced_pois,"pressure solver pencil loop; amrex::FFT::Poisson replaces pois.f90 (ADR-001 pressure path, D-021)",lib,pois.f90,VRFTB1,3904,3908,pressure,pencil,leaf,0.001,,,,,,non-geometry,,,,,,,not translatable today
L1059,C,C,C_replaced_pois,"pressure solver pencil loop; amrex::FFT::Poisson replaces pois.f90 (ADR-001 pressure path, D-021)",lib,pois.f90,VRFTB1,3910,3914,pressure,pencil,leaf,0.001,,,,,,non-geometry,,,,,,,not translatable today
L1060,C,C,C_replaced_pois,"pressure solver pencil loop; amrex::FFT::Poisson replaces pois.f90 (ADR-001 pressure path, D-021)",lib,pois.f90,VRFTF1,1768,1814,pressure,pencil,tree,0.041,,,,,,non-geometry,,,,,,,not translatable today
L1061,C,C,C_replaced_pois,"pressure solver pencil loop; amrex::FFT::Poisson replaces pois.f90 (ADR-001 pressure path, D-021)",lib,pois.f90,VRFTF1,1824,1828,pressure,pencil,leaf,0.001,,,,,,non-geometry,,,,,,,not translatable today
L1062,C,C,C_replaced_pois,"pressure solver pencil loop; amrex::FFT::Poisson replaces pois.f90 (ADR-001 pressure path, D-021)",lib,pois.f90,VRFTF1,1830,1834,pressure,pencil,leaf,0.001,,,,,,non-geometry,,,,,,,not translatable today
L1063,C,C,C_replaced_pois,"pressure solver pencil loop; amrex::FFT::Poisson replaces pois.f90 (ADR-001 pressure path, D-021)",lib,pois.f90,VSCOSB,1951,1953,pressure,pencil,leaf,0.000,,,,,,non-geometry,,,,,,,not translatable today
L1064,C,C,C_replaced_pois,"pressure solver pencil loop; amrex::FFT::Poisson replaces pois.f90 (ADR-001 pressure path, D-021)",lib,pois.f90,VSCOSB,1954,1958,pressure,pencil,leaf,0.001,,,,,,non-geometry,,,,,,,not translatable today
L1065,C,C,C_replaced_pois,"pressure solver pencil loop; amrex::FFT::Poisson replaces pois.f90 (ADR-001 pressure path, D-021)",lib,pois.f90,VSCOSF,2011,2013,pressure,pencil,leaf,0.000,,,,,,non-geometry,,,,,,,not translatable today
L1066,C,C,C_replaced_pois,"pressure solver pencil loop; amrex::FFT::Poisson replaces pois.f90 (ADR-001 pressure path, D-021)",lib,pois.f90,VSCOSF,2016,2018,pressure,pencil,leaf,0.000,,,,,,non-geometry,,,,,,,not translatable today
L1067,C,C,C_replaced_pois,"pressure solver pencil loop; amrex::FFT::Poisson replaces pois.f90 (ADR-001 pressure path, D-021)",lib,pois.f90,VSCOSF,2020,2025,pressure,pencil,leaf,0.001,,,,,,non-geometry,,,,,,,not translatable today
L1068,C,C,C_replaced_pois,"pressure solver pencil loop; amrex::FFT::Poisson replaces pois.f90 (ADR-001 pressure path, D-021)",lib,pois.f90,VSCOSQ,2120,2123,pressure,pencil,leaf,0.000,,,,,,non-geometry,,,,,,,not translatable today
L1069,C,C,C_replaced_pois,"pressure solver pencil loop; amrex::FFT::Poisson replaces pois.f90 (ADR-001 pressure path, D-021)",lib,pois.f90,VSCOSQ,2126,2128,pressure,pencil,leaf,0.000,,,,,,non-geometry,,,,,,,not translatable today
L1070,C,C,C_replaced_pois,"pressure solver pencil loop; amrex::FFT::Poisson replaces pois.f90 (ADR-001 pressure path, D-021)",lib,pois.f90,VSCOSQ,2132,2140,pressure,pencil,leaf,0.002,,,,,,non-geometry,,,,,,,not translatable today
L1071,C,C,C_replaced_pois,"pressure solver pencil loop; amrex::FFT::Poisson replaces pois.f90 (ADR-001 pressure path, D-021)",lib,pois.f90,VSCOSQ,2151,2155,pressure,pencil,leaf,0.001,,,,,,non-geometry,,,,,,,not translatable today
L1072,C,C,C_replaced_pois,"pressure solver pencil loop; amrex::FFT::Poisson replaces pois.f90 (ADR-001 pressure path, D-021)",lib,pois.f90,VSCOSQ,2157,2161,pressure,pencil,leaf,0.001,,,,,,non-geometry,,,,,,,not translatable today
L1073,C,C,C_replaced_pois,"pressure solver pencil loop; amrex::FFT::Poisson replaces pois.f90 (ADR-001 pressure path, D-021)",lib,pois.f90,VSCSB1,2191,2195,pressure,pencil,leaf,0.001,,,,,,non-geometry,,,,,,,not translatable today
L1074,C,C,C_replaced_pois,"pressure solver pencil loop; amrex::FFT::Poisson replaces pois.f90 (ADR-001 pressure path, D-021)",lib,pois.f90,VSCSB1,2196,2202,pressure,pencil,leaf,0.002,,,,,,non-geometry,,,,,,,not translatable today
L1075,C,C,C_replaced_pois,"pressure solver pencil loop; amrex::FFT::Poisson replaces pois.f90 (ADR-001 pressure path, D-021)",lib,pois.f90,VSCSBA,2226,2228,pressure,pencil,leaf,0.000,,,,,,non-geometry,,,,,,,not translatable today
L1076,C,C,C_replaced_pois,"pressure solver pencil loop; amrex::FFT::Poisson replaces pois.f90 (ADR-001 pressure path, D-021)",lib,pois.f90,VSCSBA,2230,2232,pressure,pencil,leaf,0.000,,,,,,non-geometry,,,,,,,not translatable today
L1077,C,C,C_replaced_pois,"pressure solver pencil loop; amrex::FFT::Poisson replaces pois.f90 (ADR-001 pressure path, D-021)",lib,pois.f90,VSCSBA,2234,2239,pressure,pencil,leaf,0.001,,,,,,non-geometry,,,,,,,not translatable today
L1078,C,C,C_replaced_pois,"pressure solver pencil loop; amrex::FFT::Poisson replaces pois.f90 (ADR-001 pressure path, D-021)",lib,pois.f90,VSCSF1,2265,2269,pressure,pencil,leaf,0.001,,,,,,non-geometry,,,,,,,not translatable today
L1079,C,C,C_replaced_pois,"pressure solver pencil loop; amrex::FFT::Poisson replaces pois.f90 (ADR-001 pressure path, D-021)",lib,pois.f90,VSCSF1,2271,2275,pressure,pencil,leaf,0.001,,,,,,non-geometry,,,,,,,not translatable today
L1080,C,C,C_replaced_pois,"pressure solver pencil loop; amrex::FFT::Poisson replaces pois.f90 (ADR-001 pressure path, D-021)",lib,pois.f90,VSCSF1,2277,2284,pressure,pencil,leaf,0.004,,,,,,non-geometry,,,,,,,not translatable today
L1081,C,C,C_replaced_pois,"pressure solver pencil loop; amrex::FFT::Poisson replaces pois.f90 (ADR-001 pressure path, D-021)",lib,pois.f90,VSCSFA,2310,2314,pressure,pencil,leaf,0.001,,,,,,non-geometry,,,,,,,not translatable today
L1082,C,C,C_replaced_pois,"pressure solver pencil loop; amrex::FFT::Poisson replaces pois.f90 (ADR-001 pressure path, D-021)",lib,pois.f90,VSCSFA,2315,2317,pressure,pencil,leaf,0.000,,,,,,non-geometry,,,,,,,not translatable today
L1083,C,C,C_replaced_pois,"pressure solver pencil loop; amrex::FFT::Poisson replaces pois.f90 (ADR-001 pressure path, D-021)",lib,pois.f90,VSCSQ1,2346,2350,pressure,pencil,leaf,0.001,,,,,,non-geometry,,,,,,,not translatable today
L1084,C,C,C_replaced_pois,"pressure solver pencil loop; amrex::FFT::Poisson replaces pois.f90 (ADR-001 pressure path, D-021)",lib,pois.f90,VSCSQ1,2352,2356,pressure,pencil,leaf,0.001,,,,,,non-geometry,,,,,,,not translatable today
L1085,C,C,C_replaced_pois,"pressure solver pencil loop; amrex::FFT::Poisson replaces pois.f90 (ADR-001 pressure path, D-021)",lib,pois.f90,VSCSQ1,2358,2366,pressure,pencil,leaf,0.006,,,,,,non-geometry,,,,,,,not translatable today
L1086,C,C,C_replaced_pois,"pressure solver pencil loop; amrex::FFT::Poisson replaces pois.f90 (ADR-001 pressure path, D-021)",lib,pois.f90,VSINT,2452,2455,pressure,pencil,leaf,0.000,,,,,,non-geometry,,,,,,,not translatable today
L1087,C,C,C_replaced_pois,"pressure solver pencil loop; amrex::FFT::Poisson replaces pois.f90 (ADR-001 pressure path, D-021)",lib,pois.f90,VSINT,2461,2467,pressure,pencil,leaf,0.002,,,,,,non-geometry,,,,,,,not translatable today
L1088,C,C,C_replaced_pois,"pressure solver pencil loop; amrex::FFT::Poisson replaces pois.f90 (ADR-001 pressure path, D-021)",lib,pois.f90,VSINT,2469,2471,pressure,pencil,leaf,0.000,,,,,,non-geometry,,,,,,,not translatable today
L1089,C,C,C_replaced_pois,"pressure solver pencil loop; amrex::FFT::Poisson replaces pois.f90 (ADR-001 pressure path, D-021)",lib,pois.f90,VSINT1,2510,2518,pressure,pencil,leaf,0.006,,,,,,non-geometry,,,,,,,not translatable today
L1090,C,C,C_replaced_pois,"pressure solver pencil loop; amrex::FFT::Poisson replaces pois.f90 (ADR-001 pressure path, D-021)",lib,pois.f90,VSINT1,2520,2524,pressure,pencil,leaf,0.001,,,,,,non-geometry,,,,,,,not translatable today
L1091,C,C,C_replaced_pois,"pressure solver pencil loop; amrex::FFT::Poisson replaces pois.f90 (ADR-001 pressure path, D-021)",lib,pois.f90,VSINTA,2550,2552,pressure,pencil,leaf,0.000,,,,,,non-geometry,,,,,,,not translatable today
L1092,C,C,C_replaced_pois,"pressure solver pencil loop; amrex::FFT::Poisson replaces pois.f90 (ADR-001 pressure path, D-021)",lib,pois.f90,VSINTA,2553,2558,pressure,pencil,leaf,0.001,,,,,,non-geometry,,,,,,,not translatable today
L1093,C,C,C_replaced_pois,"pressure solver pencil loop; amrex::FFT::Poisson replaces pois.f90 (ADR-001 pressure path, D-021)",lib,pois.f90,VSINTA,2560,2562,pressure,pencil,leaf,0.000,,,,,,non-geometry,,,,,,,not translatable today
L1094,C,C,C_replaced_pois,"pressure solver pencil loop; amrex::FFT::Poisson replaces pois.f90 (ADR-001 pressure path, D-021)",lib,pois.f90,VSRFTB,2658,2664,pressure,pencil,leaf,0.002,,,,,,non-geometry,,,,,,,not translatable today
L1095,C,C,C_replaced_pois,"pressure solver pencil loop; amrex::FFT::Poisson replaces pois.f90 (ADR-001 pressure path, D-021)",lib,pois.f90,VSRTB1,2777,2781,pressure,pencil,leaf,0.001,,,,,,non-geometry,,,,,,,not translatable today
L1096,C,C,C_replaced_pois,"pressure solver pencil loop; amrex::FFT::Poisson replaces pois.f90 (ADR-001 pressure path, D-021)",lib,pois.f90,VSRTF1,2808,2814,pressure,pencil,leaf,0.002,,,,,,non-geometry,,,,,,,not translatable today
L1097,C,C,C_replaced_pois,"pressure solver pencil loop; amrex::FFT::Poisson replaces pois.f90 (ADR-001 pressure path, D-021)",lib,pois.f90,VSSINB,2851,2855,pressure,pencil,leaf,0.001,,,,,,non-geometry,,,,,,,not translatable today
L1098,C,C,C_replaced_pois,"pressure solver pencil loop; amrex::FFT::Poisson replaces pois.f90 (ADR-001 pressure path, D-021)",lib,pois.f90,VSSINB,2856,2858,pressure,pencil,leaf,0.000,,,,,,non-geometry,,,,,,,not translatable today
L1099,C,C,C_replaced_pois,"pressure solver pencil loop; amrex::FFT::Poisson replaces pois.f90 (ADR-001 pressure path, D-021)",lib,pois.f90,VSSINF,2912,2914,pressure,pencil,leaf,0.000,,,,,,non-geometry,,,,,,,not translatable today
L1100,C,C,C_replaced_pois,"pressure solver pencil loop; amrex::FFT::Poisson replaces pois.f90 (ADR-001 pressure path, D-021)",lib,pois.f90,VSSINF,2916,2918,pressure,pencil,leaf,0.000,,,,,,non-geometry,,,,,,,not translatable today
L1101,C,C,C_replaced_pois,"pressure solver pencil loop; amrex::FFT::Poisson replaces pois.f90 (ADR-001 pressure path, D-021)",lib,pois.f90,VSSINF,2920,2925,pressure,pencil,leaf,0.001,,,,,,non-geometry,,,,,,,not translatable today
L1102,C,C,C_replaced_pois,"pressure solver pencil loop; amrex::FFT::Poisson replaces pois.f90 (ADR-001 pressure path, D-021)",lib,pois.f90,VSSINQ,2977,2979,pressure,pencil,leaf,0.000,,,,,,non-geometry,,,,,,,not translatable today
L1103,C,C,C_replaced_pois,"pressure solver pencil loop; amrex::FFT::Poisson replaces pois.f90 (ADR-001 pressure path, D-021)",lib,pois.f90,VSSINQ,2981,2983,pressure,pencil,leaf,0.000,,,,,,non-geometry,,,,,,,not translatable today
L1104,C,C,C_replaced_pois,"pressure solver pencil loop; amrex::FFT::Poisson replaces pois.f90 (ADR-001 pressure path, D-021)",lib,pois.f90,VSSINQ,2985,2991,pressure,pencil,leaf,0.002,,,,,,non-geometry,,,,,,,not translatable today
L1105,C,C,C_replaced_pois,"pressure solver pencil loop; amrex::FFT::Poisson replaces pois.f90 (ADR-001 pressure path, D-021)",lib,pois.f90,VSSINQ,3001,3005,pressure,pencil,leaf,0.001,,,,,,non-geometry,,,,,,,not translatable today
L1106,C,C,C_replaced_pois,"pressure solver pencil loop; amrex::FFT::Poisson replaces pois.f90 (ADR-001 pressure path, D-021)",lib,pois.f90,VSSINQ,3007,3011,pressure,pencil,leaf,0.001,,,,,,non-geometry,,,,,,,not translatable today
L1107,C,C,C_replaced_pois,"pressure solver pencil loop; amrex::FFT::Poisson replaces pois.f90 (ADR-001 pressure path, D-021)",lib,pois.f90,VSSNB1,3041,3047,pressure,pencil,leaf,0.002,,,,,,non-geometry,,,,,,,not translatable today
L1108,C,C,C_replaced_pois,"pressure solver pencil loop; amrex::FFT::Poisson replaces pois.f90 (ADR-001 pressure path, D-021)",lib,pois.f90,VSSNB1,3048,3052,pressure,pencil,leaf,0.001,,,,,,non-geometry,,,,,,,not translatable today
L1109,C,C,C_replaced_pois,"pressure solver pencil loop; amrex::FFT::Poisson replaces pois.f90 (ADR-001 pressure path, D-021)",lib,pois.f90,VSSNBA,3074,3076,pressure,pencil,leaf,0.000,,,,,,non-geometry,,,,,,,not translatable today
L1110,C,C,C_replaced_pois,"pressure solver pencil loop; amrex::FFT::Poisson replaces pois.f90 (ADR-001 pressure path, D-021)",lib,pois.f90,VSSNBA,3078,3080,pressure,pencil,leaf,0.000,,,,,,non-geometry,,,,,,,not translatable today
L1111,C,C,C_replaced_pois,"pressure solver pencil loop; amrex::FFT::Poisson replaces pois.f90 (ADR-001 pressure path, D-021)",lib,pois.f90,VSSNBA,3082,3087,pressure,pencil,leaf,0.001,,,,,,non-geometry,,,,,,,not translatable today
L1112,C,C,C_replaced_pois,"pressure solver pencil loop; amrex::FFT::Poisson replaces pois.f90 (ADR-001 pressure path, D-021)",lib,pois.f90,VSSNF1,3115,3119,pressure,pencil,leaf,0.001,,,,,,non-geometry,,,,,,,not translatable today
L1113,C,C,C_replaced_pois,"pressure solver pencil loop; amrex::FFT::Poisson replaces pois.f90 (ADR-001 pressure path, D-021)",lib,pois.f90,VSSNF1,3121,3125,pressure,pencil,leaf,0.001,,,,,,non-geometry,,,,,,,not translatable today
L1114,C,C,C_replaced_pois,"pressure solver pencil loop; amrex::FFT::Poisson replaces pois.f90 (ADR-001 pressure path, D-021)",lib,pois.f90,VSSNF1,3127,3134,pressure,pencil,leaf,0.004,,,,,,non-geometry,,,,,,,not translatable today
L1115,C,C,C_replaced_pois,"pressure solver pencil loop; amrex::FFT::Poisson replaces pois.f90 (ADR-001 pressure path, D-021)",lib,pois.f90,VSSNFA,3160,3164,pressure,pencil,leaf,0.001,,,,,,non-geometry,,,,,,,not translatable today
L1116,C,C,C_replaced_pois,"pressure solver pencil loop; amrex::FFT::Poisson replaces pois.f90 (ADR-001 pressure path, D-021)",lib,pois.f90,VSSNFA,3165,3167,pressure,pencil,leaf,0.000,,,,,,non-geometry,,,,,,,not translatable today
L1117,C,C,C_replaced_pois,"pressure solver pencil loop; amrex::FFT::Poisson replaces pois.f90 (ADR-001 pressure path, D-021)",lib,pois.f90,VSSNQ1,3196,3200,pressure,pencil,leaf,0.001,,,,,,non-geometry,,,,,,,not translatable today
L1118,C,C,C_replaced_pois,"pressure solver pencil loop; amrex::FFT::Poisson replaces pois.f90 (ADR-001 pressure path, D-021)",lib,pois.f90,VSSNQ1,3202,3206,pressure,pencil,leaf,0.001,,,,,,non-geometry,,,,,,,not translatable today
L1119,C,C,C_replaced_pois,"pressure solver pencil loop; amrex::FFT::Poisson replaces pois.f90 (ADR-001 pressure path, D-021)",lib,pois.f90,VSSNQ1,3208,3216,pressure,pencil,leaf,0.006,,,,,,non-geometry,,,,,,,not translatable today
L1121,C,C,C_layout_callee,a reachable callee reads derived-type allocatable/pointer components,SoA,pres.f90,CHECK_UNSUPPORTED_MESH,4012,4026,pressure,wall,tree,0.086,,,,,,non-geometry,,T3,fail,fail,"loop nest ['ISET', 'NMLOC'] at line 4012 is not a perfect K,J,I nest, nor an index loop (N) around one (collapse contract)",,not translatable today
L1122,C,C,C_layout_wall_cface,"wall or cut-face index loop: needs flat index tables (layout rule 4, primer item 7)",SoA,pres.f90,COPY_CCVAR_IN_HS,4351,4356,pressure,wall,leaf,0.001,,,,,,non-geometry,,T1,fail,fail,"array HS is written through wall-table subscripts II,JJ,KK; the upstream loop at pres.f90:4351 has no !$OMP DO above it, so iteration independence is not an ups",wall_hs_bt,translated+tested
L1123,C,C,C_layout_wall_cface,"derived-type allocatable/pointer component in the nest body (BOUNDARY_COORD_TYPE,EXTERNAL_WALL_TYPE,OMESH_TYPE)",SoA,pres.f90,COPY_H_OMESH_TO_MESH,4079,4132,pressure,wall,tree,0.112,,,,,,geometry,"text CCVAR,CC_CGSC",T4,,,,,deferred (geometry)
L1124,C,C,C_layout_wall_cface,"derived-type allocatable/pointer component in the nest body (BOUNDARY_COORD_TYPE,EXTERNAL_WALL_TYPE,OMESH_TYPE)",SoA,pres.f90,COPY_H_OMESH_TO_MESH,4146,4198,pressure,wall,tree,0.112,,,,,,geometry,"text CCVAR,CC_CGSC",T4,,,,,deferred (geometry)
L1127,C,C,C_host_mpi_library,"MPI call, MPI reduction or solver/library call in the nest",host,pres.f90,GET_BCS_H_MATRIX,4934,5009,pressure,wall,tree,0.388,,,,,,geometry,"text CCVAR,CC_IDRC,FCVAR; type CC_RCFACE_TYPE",,,,,,deferred (geometry)
L1128,C,C,C_reduce_modwrite,"writes a module scalar from the nest (counter or reduction), needs separate handling",host,pres.f90,GET_H_MATRIX,5038,5260,pressure,cfaces,tree,5.193,C,callee POINT_TO_MESH: component M%U; callee REG_INTERP_WALL_DISTANCES: component M2%X; callee GET_H_MATRIX_CC: component MESHES%RCF_H; ALLOCATE/DEALLOCATE; elem,,,,geometry,"text CCVAR,CC_CGSC; type CC_REGFACE_TYPE; cfaces loop",,,,,,deferred (geometry)
L1130,C,C,C_layout_wall_cface,"wall or cut-face index loop: needs flat index tables (layout rule 4, primer item 7)",SoA,pres.f90,GET_H_REGFACES,5580,5601,pressure,wall,leaf,0.001,,,,,,non-geometry,,T1,fail,fail,array LOG_INTWC has type LOGICAL,,not translatable today
L1137,C,C,C_layout_wall_cface,"derived-type allocatable/pointer component in the nest body (CC_REGFACE_TYPE,MESH_TYPE,ZONE_SOLVE_TYPE)",SoA,pres.f90,GET_MATRIXGRAPH_H_WHLDOM,5299,5309,pressure,cfaces,leaf,0.001,,,,,,geometry,type CC_REGFACE_TYPE; cfaces loop,T4,,,,,deferred (geometry)
L1138,C,C,C_layout_wall_cface,"wall or cut-face index loop: needs flat index tables (layout rule 4, primer item 7)",SoA,pres.f90,GET_MATRIXGRAPH_H_WHLDOM,5311,5315,pressure,cfaces,leaf,0.000,C,element pointer RCF=>RC_FACE(MESHES(NM)%RCF_H(IFACE)) (derived-type record chosen per iteration); allocatable/array component MESHES%RCF_H; allocatable/array co,,,,geometry,text CC_NRCFACE_H; type CC_RCFACE_TYPE; cfaces loop,T4,,,,,deferred (geometry)
L1139,C,C,C_layout_wall_cface,"wall or cut-face index loop: needs flat index tables (layout rule 4, primer item 7)",SoA,pres.f90,GET_MATRIXGRAPH_H_WHLDOM,5317,5322,pressure,cfaces,leaf,0.000,,,,,,geometry,text CUT_FACE; type CC_CUTFACE_TYPE; cfaces loop,T4,,,,,deferred (geometry)
L1140,C,C,C_reduce_modwrite,"writes a module scalar from the nest (counter or reduction), needs separate handling",host,pres.f90,GET_MATRIXGRAPH_H_WHLDOM,5326,5528,pressure,cfaces,tree,5.161,,,,,,geometry,"text CCVAR,CC_CGSC; type CC_REGFACE_TYPE; cfaces loop",,,,,,deferred (geometry)
L1142,C,C,C_host_mpi_library,"MPI call, MPI reduction or solver/library call in the nest",host,pres.f90,GET_MATRIX_INDEXES_H,5725,5807,pressure,cell,tree,0.574,,,,,,geometry,text CCVAR,,,,,,deferred (geometry)
L1143,C,C,C_host_mpi_library,"MPI call, MPI reduction or solver/library call in the nest",host,pres.f90,GLMAT_SOLVER,3351,3653,pressure,cell,tree,1.321,,,,,,geometry,"text CCVAR,CUT_CELL; type CC_CUTCELL_TYPE",,,,,,deferred (geometry)
L1144,C,C,C_layout_wall_cface,"derived-type allocatable/pointer component in the nest body (BOUNDARY_COORD_TYPE,EXTERNAL_WALL_TYPE,OMESH_TYPE)",SoA,pres.f90,GLMAT_SOLVER_SETUP,3729,3769,pressure,wall,tree,0.068,,,,,,geometry,"text CC_CUTCFE,CC_FGSC,FCVAR",T4,,,,,deferred (geometry)
L1145,C,C,C_layout_wall_cface,"derived-type allocatable/pointer component in the nest body (BOUNDARY_COORD_TYPE,EXTERNAL_WALL_TYPE,OMESH_TYPE)",SoA,pres.f90,GLMAT_SOLVER_SETUP,3783,3831,pressure,wall,tree,0.066,,,,,,geometry,"text CC_CUTCFE,CC_FGSC,FCVAR",T4,,,,,deferred (geometry)
L1147,C,C,C_layout_callee,a reachable callee reads derived-type allocatable/pointer components,SoA,pres.f90,PRESSURE_SOLVER_CHECK_RESIDUALS_U,5920,5962,pressure,cell,tree,0.088,,,,,,geometry,"text CCVAR,CC_CGSC,CC_FGSC",T3,,,,,deferred (geometry)
L1148,C,C,C_layout_callee,a reachable callee reads derived-type allocatable/pointer components,SoA,pres.f90,PRESSURE_SOLVER_CHECK_RESIDUALS_U,5977,6024,pressure,cell,tree,0.089,,,,,,geometry,"text CCVAR,CC_CGSC,CC_FGSC",T3,,,,,deferred (geometry)
L1149,A,A,A,flat-array cell loop; blockers (if any) are mesh-array views or loop-affine writes only,,pres.f90,SET_CCVAR_CGSC_H,5863,5869,pressure,cell,leaf,0.000,A,,,,,geometry,text CCVAR,,,,,,deferred (geometry)
L1150,C,C,C_host_io,loop exists to write or open files,host,pres.f90,WRITE_EWC_TYPE_DIAGNOSTIC,4290,4329,pressure,wall,tree,0.047,,,,,,non-geometry,,,,,,,not translatable today
L1153,C,C,C_layout_wall_cface,"derived-type allocatable/pointer component in the nest body (BOUNDARY_COORD_TYPE,CC_CUTCELL_TYPE,CC_RCFACE_TYPE)",SoA,pres.f90,ULMAT_BCS_H_MATRIX,2723,2781,pressure,wall,tree,0.014,,,,,,geometry,"text CCVAR,CC_IDCC,CC_IDRC; type CC_CUTCELL_TYPE,CC_RCFACE_TYPE",T4,,,,,deferred (geometry)
L1154,C,C,C_layout_wall_cface,"wall or cut-face index loop: needs flat index tables (layout rule 4, primer item 7)",SoA,pres.f90,ULMAT_GET_H_REGFACES,2031,2047,pressure,wall,leaf,0.001,C,element pointer WC=>WALL(IW) (derived-type record chosen per iteration); element pointer BC=>BOUNDARY_COORD(WC%BC_INDEX) (derived-type record chosen per iterati,,,,non-geometry,,T1,fail,fail,array LOG_INTWC has type LOGICAL,,not translatable today
L1161,C,C,C_layout_wall_cface,"derived-type allocatable/pointer component in the nest body (CC_REGFACE_TYPE,MESH_TYPE)",SoA,pres.f90,ULMAT_H_MATRIX,2545,2612,pressure,cfaces,leaf,0.040,C,ALLOCATE/DEALLOCATE; element pointer REGFACE_H=>MESHES(NM)%REGFACE_IAXIS_H (derived-type record chosen per iteration); plain alias DX1=>DXN; plain alias DX2=>DY,,,,geometry,type CC_REGFACE_TYPE; cfaces loop,T4,,,,,deferred (geometry)
L1162,C,C,C_layout_wall_cface,"wall or cut-face index loop: needs flat index tables (layout rule 4, primer item 7)",SoA,pres.f90,ULMAT_H_MATRIX,2617,2652,pressure,cfaces,leaf,0.006,,,,,,geometry,"text CC_NRCFACE_H,RCFACE_LOOP; type CC_RCFACE_TYPE; cfaces loop",T4,,,,,deferred (geometry)
L1163,C,C,C_layout_wall_cface,"derived-type allocatable/pointer component in the nest body (CC_CUTFACE_TYPE,MESH_TYPE)",SoA,pres.f90,ULMAT_H_MATRIX,2655,2693,pressure,cfaces,leaf,0.016,,,,,,geometry,"text CC_GASPHASE,CUT_FACE; type CC_CUTFACE_TYPE; cfaces loop",T4,,,,,deferred (geometry)
L1169,C,C,C_layout_wall_cface,"derived-type allocatable/pointer component in the nest body (CC_REGFACE_TYPE,MESH_TYPE,ZONE_MESH_TYPE)",SoA,pres.f90,ULMAT_MATRIXGRAPH_H,2176,2188,pressure,cfaces,leaf,0.001,,,,,,geometry,type CC_REGFACE_TYPE; cfaces loop,T4,,,,,deferred (geometry)
L1170,C,C,C_layout_wall_cface,"wall or cut-face index loop: needs flat index tables (layout rule 4, primer item 7)",SoA,pres.f90,ULMAT_MATRIXGRAPH_H,2191,2195,pressure,cfaces,leaf,0.000,,,,,,geometry,text CC_NRCFACE_H; type CC_RCFACE_TYPE; cfaces loop,T4,,,,,deferred (geometry)
L1171,C,C,C_layout_wall_cface,"wall or cut-face index loop: needs flat index tables (layout rule 4, primer item 7)",SoA,pres.f90,ULMAT_MATRIXGRAPH_H,2198,2203,pressure,cfaces,leaf,0.000,,,,,,geometry,text CUT_FACE; type CC_CUTFACE_TYPE; cfaces loop,T4,,,,,deferred (geometry)
L1172,C,C,C_layout_wall_cface,"derived-type allocatable/pointer component in the nest body (CC_REGFACE_TYPE,MESH_TYPE)",SoA,pres.f90,ULMAT_MATRIXGRAPH_H,2207,2238,pressure,cfaces,tree,0.003,,,,,,geometry,type CC_REGFACE_TYPE; cfaces loop,T4,,,,,deferred (geometry)
L1173,C,C,C_layout_wall_cface,"derived-type allocatable/pointer component in the nest body (BOUNDARY_COORD_TYPE,CC_CUTCELL_TYPE,WALL_TYPE)",SoA,pres.f90,ULMAT_MATRIXGRAPH_H,2242,2262,pressure,wall,leaf,0.002,,,,,,geometry,"text CCVAR,CC_IDCC,CUT_CELL; type CC_CUTCELL_TYPE",T4,,,,,deferred (geometry)
L1174,C,C,C_layout_wall_cface,"wall or cut-face index loop: needs flat index tables (layout rule 4, primer item 7)",SoA,pres.f90,ULMAT_MATRIXGRAPH_H,2267,2288,pressure,cfaces,tree,0.001,,,,,,geometry,"text CC_NRCFACE_H,RCFACE_LOOP_1; type CC_RCFACE_TYPE; cfaces loop",T4,,,,,deferred (geometry)
L1175,C,C,C_layout_wall_cface,"derived-type allocatable/pointer component in the nest body (CC_CUTFACE_TYPE,MESH_TYPE)",SoA,pres.f90,ULMAT_MATRIXGRAPH_H,2290,2315,pressure,cfaces,tree,0.002,,,,,,geometry,"text CC_GASPHASE,CUT_FACE; type CC_CUTFACE_TYPE; cfaces loop",T4,,,,,deferred (geometry)
L1176,C,C,C_layout_wall_cface,"derived-type allocatable/pointer component in the nest body (CC_REGFACE_TYPE,MESH_TYPE)",SoA,pres.f90,ULMAT_MATRIXGRAPH_H,2320,2361,pressure,cfaces,leaf,0.073,,,,,,geometry,type CC_REGFACE_TYPE; cfaces loop,T4,,,,,deferred (geometry)
L1177,C,C,C_layout_wall_cface,"derived-type allocatable/pointer component in the nest body (BOUNDARY_COORD_TYPE,CC_CUTCELL_TYPE,WALL_TYPE)",SoA,pres.f90,ULMAT_MATRIXGRAPH_H,2365,2397,pressure,wall,leaf,0.021,,,,,,geometry,"text CCVAR,CC_IDCC,CUT_CELL; type CC_CUTCELL_TYPE",T4,,,,,deferred (geometry)
L1178,C,C,C_layout_wall_cface,"wall or cut-face index loop: needs flat index tables (layout rule 4, primer item 7)",SoA,pres.f90,ULMAT_MATRIXGRAPH_H,2402,2435,pressure,cfaces,leaf,0.013,,,,,,geometry,"text CC_NRCFACE_H,RCFACE_LOOP_2; type CC_RCFACE_TYPE; cfaces loop",T4,,,,,deferred (geometry)
L1179,C,C,C_layout_wall_cface,"derived-type allocatable/pointer component in the nest body (CC_CUTFACE_TYPE,MESH_TYPE)",SoA,pres.f90,ULMAT_MATRIXGRAPH_H,2437,2474,pressure,cfaces,leaf,0.039,,,,,,geometry,"text CC_GASPHASE,CUT_FACE; type CC_CUTFACE_TYPE; cfaces loop",T4,,,,,deferred (geometry)
L1182,C,C,C_layout_wall_cface,"derived-type allocatable/pointer component in the nest body (BOUNDARY_COORD_TYPE,EXTERNAL_WALL_TYPE,MESH_TYPE)",SoA,pres.f90,ULMAT_SOLVER_SETUP,1219,1306,pressure,wall,tree,0.018,,,,,,geometry,text N_INTERNAL_CFACE_CELLS,T4,,,,,deferred (geometry)
L1183,C,C,C_layout_cutcell,"derived-type allocatable/pointer component in the nest body (CC_CUTCELL_TYPE,CELL_TYPE,MESH_TYPE)",SoA,pres.f90,ULMAT_SOLVER_SETUP,1322,1381,pressure,cell,leaf,0.054,,,,,,geometry,"text CCVAR,CC_CGSC,CC_GASPHASE; type CC_CUTCELL_TYPE",T4,,,,,deferred (geometry)
L1186,C,C,C_layout_wall_cface,"derived-type allocatable/pointer component in the nest body (CC_CUTCELL_TYPE,ZONE_MESH_TYPE)",SoA,pres.f90,ULMAT_SOLVE_ZONE,1505,1527,pressure,cfaces,tree,0.002,,,,,,geometry,"text CCVAR,CC_IDCC,CUT_CELL; type CC_CUTCELL_TYPE; cfaces loop",T4,,,,,deferred (geometry)
L1187,C,C,C_layout_wall_cface,"derived-type allocatable/pointer component in the nest body (BOUNDARY_COORD_TYPE,CC_CUTCELL_TYPE,CC_CUTFACE_TYPE)",SoA,pres.f90,ULMAT_SOLVE_ZONE,1531,1557,pressure,cfaces,leaf,0.000,,,,,,geometry,"text CCVAR,CC_IDCC,CFACE; type CC_CUTCELL_TYPE,CC_CUTFACE_TYPE; cfaces loop",T4,,,,,deferred (geometry)
L1188,C,C,C_layout_wall_cface,"derived-type allocatable/pointer component in the nest body (BOUNDARY_COORD_TYPE,CC_CUTCELL_TYPE,WALL_TYPE)",SoA,pres.f90,ULMAT_SOLVE_ZONE,1561,1589,pressure,wall,leaf,0.002,,,,,,geometry,"text CCVAR,CC_IDCC,CUT_CELL; type CC_CUTCELL_TYPE",T4,,,,,deferred (geometry)
L1189,C,C,C_layout_wall_cface,"derived-type allocatable/pointer component in the nest body (BOUNDARY_COORD_TYPE,CC_CUTCELL_TYPE,CC_RCFACE_TYPE)",SoA,pres.f90,ULMAT_SOLVE_ZONE,1593,1680,pressure,wall,leaf,0.006,,,,,,geometry,"text CCVAR,CC_IDCC,CC_IDRC; type CC_CUTCELL_TYPE,CC_RCFACE_TYPE",T4,,,,,deferred (geometry)
L1190,C,C,C_layout_other,derived-type allocatable/pointer component in the nest body (ZONE_MESH_TYPE),SoA,pres.f90,ULMAT_SOLVE_ZONE,1686,1694,pressure,cell,leaf,0.001,,,,,,non-geometry,,T4,fail,fail,"derived-type designator ZONE_MESH(PRESSURE_ZONE(I, J, K)) % CONNECTED_ZONE_PARENT",,not translatable today
L1191,C,C,C_layout_wall_cface,"derived-type allocatable/pointer component in the nest body (CC_CUTCELL_TYPE,MESH_TYPE,ZONE_MESH_TYPE)",SoA,pres.f90,ULMAT_SOLVE_ZONE,1696,1708,pressure,cfaces,leaf,0.001,,,,,,geometry,text CUT_CELL; type CC_CUTCELL_TYPE; cfaces loop,T4,,,,,deferred (geometry)
L1192,C,C,C_layout_other,derived-type allocatable/pointer component in the nest body (ZONE_MESH_TYPE),SoA,pres.f90,ULMAT_SOLVE_ZONE,1713,1720,pressure,cell,leaf,0.001,,,,,,non-geometry,,T4,fail,fail,"unresolved name ZM % F_H(MUNKH(I, J, K)) (line 1717)",,not translatable today
L1193,C,C,C_layout_wall_cface,"derived-type allocatable/pointer component in the nest body (CC_CUTCELL_TYPE,MESH_TYPE,ZONE_MESH_TYPE)",SoA,pres.f90,ULMAT_SOLVE_ZONE,1722,1732,pressure,cfaces,leaf,0.000,,,,,,geometry,text CUT_CELL; type CC_CUTCELL_TYPE; cfaces loop,T4,,,,,deferred (geometry)
L1194,C,C,C_layout_other,derived-type allocatable/pointer component in the nest body (ZONE_MESH_TYPE),SoA,pres.f90,ULMAT_SOLVE_ZONE,1782,1790,pressure,cell,leaf,0.001,C,allocatable/array component ZM%X_H,,,,non-geometry,,T4,fail,fail,"derived-type designator ZONE_MESH(PRESSURE_ZONE(I, J, K)) % CONNECTED_ZONE_PARENT",,not translatable today
L1195,C,C,C_layout_wall_cface,"derived-type allocatable/pointer component in the nest body (CC_CUTCELL_TYPE,MESH_TYPE,ZONE_MESH_TYPE)",SoA,pres.f90,ULMAT_SOLVE_ZONE,1792,1804,pressure,cfaces,leaf,0.001,,,,,,geometry,text CUT_CELL; type CC_CUTCELL_TYPE; cfaces loop,T4,,,,,deferred (geometry)
L1196,C,C,C_layout_other,derived-type allocatable/pointer component in the nest body (ZONE_MESH_TYPE),SoA,pres.f90,ULMAT_SOLVE_ZONE,1808,1815,pressure,cell,leaf,0.001,,,,,,non-geometry,,T4,fail,fail,"unresolved name ZM % X_H(MUNKH(I, J, K)) (line 1812)",,not translatable today
L1197,C,C,C_layout_wall_cface,"derived-type allocatable/pointer component in the nest body (CC_CUTCELL_TYPE,MESH_TYPE,ZONE_MESH_TYPE)",SoA,pres.f90,ULMAT_SOLVE_ZONE,1817,1827,pressure,cfaces,leaf,0.000,,,,,,geometry,text CUT_CELL; type CC_CUTCELL_TYPE; cfaces loop,T4,,,,,deferred (geometry)
L1198,C,C,C_layout_other,derived-type allocatable/pointer component in the nest body (ZONE_MESH_TYPE),SoA,pres.f90,ULMAT_SOLVE_ZONE,1837,1846,pressure,cell,leaf,0.002,,,,,,non-geometry,,T4,fail,fail,"derived-type designator ZONE_MESH(PRESSURE_ZONE(I, J, K)) % CONNECTED_ZONE_PARENT",,not translatable today
L1199,C,C,C_layout_wall_cface,"derived-type allocatable/pointer component in the nest body (CC_CUTCELL_TYPE,MESH_TYPE,ZONE_MESH_TYPE)",SoA,pres.f90,ULMAT_SOLVE_ZONE,1847,1875,pressure,cfaces,leaf,0.001,,,,,,geometry,text CUT_CELL; type CC_CUTCELL_TYPE; cfaces loop,T4,,,,,deferred (geometry)
L1201,C,C,C_layout_wall_cface,"derived-type allocatable/pointer component in the nest body (CC_CUTCELL_TYPE,MESH_TYPE,ZONE_MESH_TYPE)",SoA,pres.f90,ULMAT_SOLVE_ZONE,1895,1906,pressure,cfaces,leaf,0.001,C,allocatable/array component CUT_CELL%IJK; allocatable/array component CUT_CELL%UNKH; allocatable/array component CUT_CELL%H; allocatable/array component ZM%X_H;,,,,geometry,text CUT_CELL; type CC_CUTCELL_TYPE; cfaces loop,T4,,,,,deferred (geometry)
L1202,C,C,C_layout_wall_cface,"derived-type allocatable/pointer component in the nest body (CC_CUTCELL_TYPE,MESH_TYPE,ZONE_MESH_TYPE)",SoA,pres.f90,ULMAT_SOLVE_ZONE,1908,1919,pressure,cfaces,leaf,0.001,,,,,,geometry,text CUT_CELL; type CC_CUTCELL_TYPE; cfaces loop,T4,,,,,deferred (geometry)
L1203,A,A,A,flat-array cell loop; blockers (if any) are mesh-array views or loop-affine writes only,,pres.f90,ULMAT_SOLVE_ZONE,1923,1925,pressure,cell,leaf,0.000,A,,,,,non-geometry,,,fail,fail,"loop nest ['I'] at line 1923 is not a perfect K,J,I nest, nor an index loop (N) around one (collapse contract)",,classified translatable (front end rejects)
L1204,C,C,C_layout_wall_cface,"wall or cut-face index loop: needs flat index tables (layout rule 4, primer item 7)",SoA,pres.f90,ULMAT_SOLVE_ZONE,1931,1994,pressure,wall,leaf,0.003,,,,,,non-geometry,,T4,fail,fail,"derived-type designator ZONE_MESH(PRESSURE_ZONE(IIG, JJG, KKG)) % CONNECTED_ZONE_PARENT",,not translatable today
L1205,C,C,C_layout_wall_cface,"derived-type allocatable/pointer component in the nest body (BOUNDARY_COORD_TYPE,BOUNDARY_PROP1_TYPE,EXTERNAL_WALL_TYPE)",SoA,pres.f90,COMPUTE_VELOCITY_ERROR,839,1072,pressure,wall,leaf,0.212,,,,,,geometry,"text CCVAR,CC_CGSC,CC_GASPHASE",T4,,,,,deferred (geometry)
L1206,A,A,A,flat-array cell loop; blockers (if any) are mesh-array views or loop-affine writes only,,pres.f90,PRESSURE_SOLVER_CHECK_RESIDUALS,729,742,pressure,cell,leaf,0.001,A,,,,,non-geometry,,,ok,fail,"layout = exact: no ALLOCATE(M%X(...)) in init.f90/read.f90 for RESIDUAL (storage ['WORK8(1:IBAR,1:JBAR,1:KBAR)']); add policy.arrays.RESIDUAL",,classified translatable (front end rejects)
L1207,A,A,A,flat-array cell loop; blockers (if any) are mesh-array views or loop-affine writes only,,pres.f90,PRESSURE_SOLVER_CHECK_RESIDUALS,758,764,pressure,cell,leaf,0.000,A,,,,,non-geometry,,,ok,ok,,,front end accepts (no test yet)
L1208,A,A,A,flat-array cell loop; blockers (if any) are mesh-array views or loop-affine writes only,,pres.f90,PRESSURE_SOLVER_CHECK_RESIDUALS,768,787,pressure,cell,leaf,0.001,A,,,,,non-geometry,,,ok,fail,"layout = exact: no ALLOCATE(M%X(...)) in init.f90/read.f90 for RESIDUAL (storage ['WORK8(1:IBAR,1:JBAR,1:KBAR)']); add policy.arrays.RESIDUAL",,classified translatable (front end rejects)
L1209,C,C,C_layout_wall_cface,"derived-type allocatable/pointer component in the nest body (BOUNDARY_COORD_TYPE,BOUNDARY_PROP1_TYPE,EXTERNAL_WALL_TYPE)",SoA,pres.f90,PRESSURE_SOLVER_COMPUTE_RHS,65,228,pressure,wall,tree,0.008,,,,,,non-geometry,,T4,fail,fail,"pointer assignment VT => VENTS(WC % VENT_INDEX) inside a wall loop is not one of the recognised wall aliases (WALL(IW), EXTERNAL_WALL(IW), BOUNDARY_COORD(WC%BC_",,not translatable today
L1210,A,A,A,flat-array cell loop; blockers (if any) are mesh-array views or loop-affine writes only,,pres.f90,PRESSURE_SOLVER_COMPUTE_RHS,238,245,pressure,cell,leaf,0.000,A,,,,,non-geometry,,,fail,fail,"loop nest ['K', 'I'] at line 238 is not a perfect K,J,I nest, nor an index loop (N) around one (collapse contract)",,classified translatable (front end rejects)
L1211,A,A,A,flat-array cell loop; blockers (if any) are mesh-array views or loop-affine writes only,,pres.f90,PRESSURE_SOLVER_COMPUTE_RHS,250,260,pressure,cell,leaf,0.002,A,,,,,non-geometry,,,ok,ok,,,front end accepts (no test yet)
L1212,A,A,A,flat-array cell loop; blockers (if any) are mesh-array views or loop-affine writes only,,pres.f90,PRESSURE_SOLVER_COMPUTE_RHS,267,277,pressure,cell,leaf,0.002,A,,,,,non-geometry,,,fail,fail,"array PRHS subscript 1 is J, expected I+/-constant (layout contract)",,classified translatable (front end rejects)
L1213,A,A,A,flat-array cell loop; blockers (if any) are mesh-array views or loop-affine writes only,,pres.f90,PRESSURE_SOLVER_COMPUTE_RHS,282,292,pressure,cell,leaf,0.002,A,,,,,non-geometry,,,fail,fail,"array PRHS subscript 1 is K, expected I+/-constant (layout contract)",,classified translatable (front end rejects)
L1214,A,A,A,flat-array cell loop; blockers (if any) are mesh-array views or loop-affine writes only,,pres.f90,PRESSURE_SOLVER_COMPUTE_RHS,297,307,pressure,cell,leaf,0.002,A,,,,,non-geometry,,,fail,fail,"array PRHS subscript 2 is K, expected J+/-constant (layout contract)",,classified translatable (front end rejects)
L1215,A,A,A,flat-array cell loop; blockers (if any) are mesh-array views or loop-affine writes only,,pres.f90,PRESSURE_SOLVER_FFT,394,400,pressure,cell,leaf,0.000,A,,,,,non-geometry,,,ok,ok,,,front end accepts (no test yet)
L1216,A,A,A,flat-array cell loop; blockers (if any) are mesh-array views or loop-affine writes only,,pres.f90,PRESSURE_SOLVER_FFT,404,410,pressure,cell,leaf,0.000,A,,,,,non-geometry,,,fail,fail,"array PRHS subscript 1 is J, expected I+/-constant (layout contract)",,classified translatable (front end rejects)
L1217,A,A,A,flat-array cell loop; blockers (if any) are mesh-array views or loop-affine writes only,,pres.f90,PRESSURE_SOLVER_FFT,414,420,pressure,cell,leaf,0.000,A,,,,,non-geometry,,,fail,fail,"array PRHS subscript 1 is K, expected I+/-constant (layout contract)",,classified translatable (front end rejects)
L1218,A,A,A,flat-array cell loop; blockers (if any) are mesh-array views or loop-affine writes only,,pres.f90,PRESSURE_SOLVER_FFT,424,430,pressure,cell,leaf,0.000,A,,,,,non-geometry,,,fail,fail,"array PRHS subscript 2 is K, expected J+/-constant (layout contract)",,classified translatable (front end rejects)
L1219,A,A,A,flat-array cell loop; blockers (if any) are mesh-array views or loop-affine writes only,,pres.f90,PRESSURE_SOLVER_FFT,438,440,pressure,cell,leaf,0.000,A,,,,,non-geometry,,,fail,fail,"loop nest ['I'] at line 438 is not a perfect K,J,I nest, nor an index loop (N) around one (collapse contract)",,classified translatable (front end rejects)
L1220,A,A,A,flat-array cell loop; blockers (if any) are mesh-array views or loop-affine writes only,,pres.f90,PRESSURE_SOLVER_FFT,450,462,pressure,cell,leaf,0.000,A,,,,,non-geometry,,,fail,fail,"loop nest ['K', 'J'] at line 450 is not a perfect K,J,I nest, nor an index loop (N) around one (collapse contract)",,classified translatable (front end rejects)
L1221,A,A,A,flat-array cell loop; blockers (if any) are mesh-array views or loop-affine writes only,,pres.f90,PRESSURE_SOLVER_FFT,466,477,pressure,cell,leaf,0.000,A,,,,,non-geometry,,,fail,fail,"loop nest ['K', 'I'] at line 466 is not a perfect K,J,I nest, nor an index loop (N) around one (collapse contract)",,classified translatable (front end rejects)
L1222,A,A,A,flat-array cell loop; blockers (if any) are mesh-array views or loop-affine writes only,,pres.f90,PRESSURE_SOLVER_FFT,481,492,pressure,cell,leaf,0.000,A,,,,,non-geometry,,,fail,fail,"loop nest ['J', 'I'] at line 481 is not a perfect K,J,I nest, nor an index loop (N) around one (collapse contract)",,classified translatable (front end rejects)
L1223,C,B,C_layout_probe,survey rule said B; parser probe found: allocatable/array component M%CELL; allocatable/array component M%CELL_INDEX; allocatable/array component M%PRHS,SoA,pres.f90,TUNNEL_POISSON_SOLVER,531,537,pressure,cell,leaf,0.000,C,allocatable/array component M%CELL; allocatable/array component M%CELL_INDEX; allocatable/array component M%PRHS,,,,non-geometry,,T4,fail,fail,"unresolved name M % PRHS(I, J, K) (line ?)",,not translatable today
L1224,C,C,C_layout_mesh_component,derived-type allocatable/pointer component in the nest body (MESH_TYPE),SoA,pres.f90,TUNNEL_POISSON_SOLVER,544,567,pressure,cell,leaf,0.007,,,,,,non-geometry,,T4,fail,fail,"loop nest ['I'] at line 544 is not a perfect K,J,I nest, nor an index loop (N) around one (collapse contract)",,not translatable today
L1225,C,C,C_layout_mesh_component,derived-type allocatable/pointer component in the nest body (MESH_TYPE),SoA,pres.f90,TUNNEL_POISSON_SOLVER,576,582,pressure,cell,leaf,0.000,,,,,,non-geometry,,T4,fail,fail,"loop nest ['K', 'J'] at line 576 is not a perfect K,J,I nest, nor an index loop (N) around one (collapse contract)",,not translatable today
L1226,C,C,C_layout_mesh_component,derived-type allocatable/pointer component in the nest body (MESH_TYPE),SoA,pres.f90,TUNNEL_POISSON_SOLVER,583,589,pressure,cell,leaf,0.000,,,,,,non-geometry,,T4,fail,fail,"loop nest ['K', 'J'] at line 583 is not a perfect K,J,I nest, nor an index loop (N) around one (collapse contract)",,not translatable today
L1227,C,C,C_layout_mesh_component,derived-type allocatable/pointer component in the nest body (MESH_TYPE),SoA,pres.f90,TUNNEL_POISSON_SOLVER,591,596,pressure,cell,leaf,0.000,,,,,,non-geometry,,T4,fail,fail,"loop nest ['K', 'J'] at line 591 is not a perfect K,J,I nest, nor an index loop (N) around one (collapse contract)",,not translatable today
L1238,C,C,C_host_control,goto / return / unbounded or while loop / exit of the nest: sequential control flow,host,radi.f90,ADD_VOLUMETRIC_HEAT_SOURCE,5101,5140,radiation,cell,tree,0.024,,,,,,geometry,"text CCVAR,CC_CGSC,CC_IDCC; type CC_CUTCELL_TYPE",,,,,,deferred (geometry)
L1239,C,C,C_layout_wall_cface,"wall or cut-face index loop: needs flat index tables (layout rule 4, primer item 7)",SoA,radi.f90,RADIATION_FVM,3886,3892,radiation,wall,leaf,0.000,,,,,,non-geometry,,T1,fail,fail,WC%B1_INDEX is a gather index: the flat tables are already per wall; it may only appear in the alias assignment,,not translatable today
L1240,C,C,C_particle,particle loop over LAGRANGIAN_PARTICLE storage (ParticleContainer or SoA),SoA,radi.f90,RADIATION_FVM,3893,3900,radiation,particle,leaf,0.000,,,,,,non-geometry,,,,,,,not translatable today
L1241,C,C,C_layout_wall_cface,"wall or cut-face index loop: needs flat index tables (layout rule 4, primer item 7)",SoA,radi.f90,RADIATION_FVM,3901,3907,radiation,cfaces,leaf,0.000,,,,,,geometry,"text CFACE,INTERNAL_CFACE_CELLS_LB,N_INTERNAL_CFACE_CELLS; type CFACE_TYPE; cfaces loop",T4,,,,,deferred (geometry)
L1242,C,C,C_reduce_modwrite,"writes a module scalar from the nest (counter or reduction), needs separate handling",host,radi.f90,RADIATION_FVM,3912,4953,radiation,cell,tree,4.576,,,,,,geometry,"text CCVAR,CC_CGSC,CC_FGSC; type CC_CUTCELL_TYPE,CC_CUTFACE_TYPE",,,,,,deferred (geometry)
L1243,C,C,C_layout_wall_cface,"derived-type allocatable/pointer component in the nest body (BOUNDARY_PROP1_TYPE,BOUNDARY_RADIA_TYPE,WALL_TYPE)",SoA,radi.f90,RADIATION_FVM,4961,4970,radiation,wall,leaf,0.000,,,,,,non-geometry,,T4,fail,fail,"pointer assignment BR => BOUNDARY_RADIA(WC % BR_INDEX) inside a wall loop is not one of the recognised wall aliases (WALL(IW), EXTERNAL_WALL(IW), BOUNDARY_COORD",,not translatable today
L1244,C,C,C_particle,particle loop over LAGRANGIAN_PARTICLE storage (ParticleContainer or SoA),SoA,radi.f90,RADIATION_FVM,4989,5034,radiation,particle,tree,0.001,,,,,,non-geometry,,,,,,,not translatable today
L1245,C,C,C_layout_other,derived-type allocatable/pointer component in the nest body (RAD_FILE_TYPE),SoA,radi.f90,RADIATION_FVM,5044,5059,radiation,cell,leaf,0.002,,,,,,non-geometry,,T4,fail,fail,"loop nest ['N'] at line 5044 is not a perfect K,J,I nest, nor an index loop (N) around one (collapse contract)",,not translatable today
L1248,C,C,C_layout_wall_cface,"derived-type allocatable/pointer component in the nest body (BOUNDARY_RADIA_TYPE,WALL_TYPE)",SoA,radi.f90,INTERPOLATE_IL,3651,3662,radiation,wall,leaf,0.001,,,,,,non-geometry,,T4,fail,fail,"pointer assignment BR => BOUNDARY_RADIA(WC % BR_INDEX) inside a wall loop is not one of the recognised wall aliases (WALL(IW), EXTERNAL_WALL(IW), BOUNDARY_COORD",,not translatable today
L1249,C,C,C_layout_wall_cface,"derived-type allocatable/pointer component in the nest body (BOUNDARY_RADIA_TYPE,CFACE_TYPE)",SoA,radi.f90,INTERPOLATE_IL,3665,3676,radiation,cfaces,leaf,0.000,,,,,,geometry,"text CFACE,INTERNAL_CFACE_CELLS_LB,N_INTERNAL_CFACE_CELLS; type CFACE_TYPE; cfaces loop",T4,,,,,deferred (geometry)
L1250,C,C,C_particle,particle loop over LAGRANGIAN_PARTICLE storage (ParticleContainer or SoA),SoA,radi.f90,INTERPOLATE_IL,3679,3695,radiation,particle,leaf,0.000,,,,,,non-geometry,,,,,,,not translatable today
L1270,C,C,C_host_control,goto / return / unbounded or while loop / exit of the nest: sequential control flow,host,soot.f90,CALC_AGGLOMERATION,280,389,species_combustion,cell,tree,0.336,,,,,,non-geometry,,,,,,,not translatable today
L1272,C,C,C_layout_element_pointer,pointer to an element of a derived-type array chosen by a loop variable (per-iteration record): flatten (layout rule 4),SoA,soot.f90,SETTLING_VELOCITY,54,175,predictor/corrector,face,tree,1.325,,,,,,non-geometry,,T1,fail,fail,"loop nest ['N'] at line 54 is not a perfect K,J,I nest, nor an index loop (N) around one (collapse contract)",,not translatable today
L1273,C,C,C_layout_wall_cface,"derived-type allocatable/pointer component in the nest body (BOUNDARY_COORD_TYPE,BOUNDARY_PROP1_TYPE,SPECIES_MIXTURE_TYPE)",SoA,soot.f90,SOOT_SURFACE_OXIDATION,412,472,species_combustion,wall,tree,0.002,,,,,,non-geometry,,T4,fail,fail,"pointer assignment SM => SPECIES_MIXTURE(NS) inside a wall loop is not one of the recognised wall aliases (WALL(IW), EXTERNAL_WALL(IW), BOUNDARY_COORD(WC%BC_IND",,not translatable today
L1274,C,C,C_layout_wall_cface,"derived-type allocatable/pointer component in the nest body (BOUNDARY_COORD_TYPE,BOUNDARY_PROP1_TYPE,CFACE_TYPE)",SoA,soot.f90,SOOT_SURFACE_OXIDATION,474,534,species_combustion,cfaces,tree,0.000,,,,,,geometry,"text CFACE,CFACE_LOOP,INTERNAL_CFACE_CELLS_LB; type CFACE_TYPE; cfaces loop",T4,,,,,deferred (geometry)
L1275,A,A,A,flat-array cell loop; blockers (if any) are mesh-array views or loop-affine writes only,,turb.f90,CALC_VARDEN_LEONARD_TERM,819,831,predictor/corrector,cell,leaf,0.037,A,,,,,non-geometry,,,fail,fail,layout = exact: no ALLOCATE(M%X(...)) in init.f90/read.f90 for RUU_HAT (storage ['TURB_WORK4']); add policy.arrays.RUU_HAT,,classified translatable (front end rejects)
L1276,A,A,A,flat-array cell loop; blockers (if any) are mesh-array views or loop-affine writes only,,turb.f90,COMPRESSION_WAVE,187,194,predictor/corrector,cell,leaf,0.011,A,,,,,non-geometry,,,ok,ok,,,front end accepts (no test yet)
L1277,A,A,A,flat-array cell loop; blockers (if any) are mesh-array views or loop-affine writes only,,turb.f90,COMPRESSION_WAVE,195,202,predictor/corrector,cell,leaf,0.011,A,,,,,non-geometry,,,ok,ok,,,front end accepts (no test yet)
L1278,A,A,A,flat-array face loop; blockers (if any) are mesh-array views or loop-affine writes only,,turb.f90,COMPRESSION_WAVE,203,210,predictor/corrector,face,leaf,0.011,A,,,,,non-geometry,,,ok,ok,,,front end accepts (no test yet)
L1279,A,A,A,flat-array cell loop; blockers (if any) are mesh-array views or loop-affine writes only,,turb.f90,COMPRESSION_WAVE,211,218,predictor/corrector,cell,leaf,0.011,A,,,,,non-geometry,,,ok,ok,,,front end accepts (no test yet)
L1280,A,A,A,flat-array cell loop; blockers (if any) are mesh-array views or loop-affine writes only,,turb.f90,COMPRESSION_WAVE,221,227,predictor/corrector,cell,leaf,0.005,A,,,,,non-geometry,,,ok,ok,,,front end accepts (no test yet)
L1281,A,A,A,flat-array cell loop; blockers (if any) are mesh-array views or loop-affine writes only,,turb.f90,COMPRESSION_WAVE,228,234,predictor/corrector,cell,leaf,0.005,A,,,,,non-geometry,,,ok,ok,,,front end accepts (no test yet)
L1282,A,A,A,flat-array face loop; blockers (if any) are mesh-array views or loop-affine writes only,,turb.f90,COMPRESSION_WAVE,235,241,predictor/corrector,face,leaf,0.005,A,,,,,non-geometry,,,ok,ok,,,front end accepts (no test yet)
L1283,A,A,A,flat-array cell loop; blockers (if any) are mesh-array views or loop-affine writes only,,turb.f90,COMPRESSION_WAVE,242,248,predictor/corrector,cell,leaf,0.005,A,,,,,non-geometry,,,ok,ok,,,front end accepts (no test yet)
L1284,A,A,A,flat-array cell loop; blockers (if any) are mesh-array views or loop-affine writes only,,turb.f90,COMPRESSION_WAVE,250,256,predictor/corrector,cell,leaf,0.005,A,,,,,non-geometry,,,ok,ok,,,front end accepts (no test yet)
L1285,A,A,A,flat-array cell loop; blockers (if any) are mesh-array views or loop-affine writes only,,turb.f90,COMPRESSION_WAVE,257,263,predictor/corrector,cell,leaf,0.005,A,,,,,non-geometry,,,ok,ok,,,front end accepts (no test yet)
L1286,A,A,A,flat-array face loop; blockers (if any) are mesh-array views or loop-affine writes only,,turb.f90,COMPRESSION_WAVE,264,270,predictor/corrector,face,leaf,0.005,A,,,,,non-geometry,,,ok,ok,,,front end accepts (no test yet)
L1287,A,A,A,flat-array cell loop; blockers (if any) are mesh-array views or loop-affine writes only,,turb.f90,COMPRESSION_WAVE,271,277,predictor/corrector,cell,leaf,0.005,A,,,,,non-geometry,,,ok,ok,,,front end accepts (no test yet)
L1289,A,B,A_by_probe,survey flagged write-index/reduction patterns; the parser probe finds every write loop-affine and no reduction or shifted in-place read,,turb.f90,FILL_EDGES,882,884,predictor/corrector,cell,leaf,0.000,A,,,,,non-geometry,,,fail,fail,"loop nest ['I'] at line 882 is not a perfect K,J,I nest, nor an index loop (N) around one (collapse contract)",,classified translatable (front end rejects)
L1290,A,B,A_by_probe,survey flagged write-index/reduction patterns; the parser probe finds every write loop-affine and no reduction or shifted in-place read,,turb.f90,FILL_EDGES,887,889,predictor/corrector,cell,leaf,0.000,A,,,,,non-geometry,,,fail,fail,"loop nest ['I'] at line 887 is not a perfect K,J,I nest, nor an index loop (N) around one (collapse contract)",,classified translatable (front end rejects)
L1291,A,B,A_by_probe,survey flagged write-index/reduction patterns; the parser probe finds every write loop-affine and no reduction or shifted in-place read,,turb.f90,FILL_EDGES,892,894,predictor/corrector,cell,leaf,0.000,A,,,,,non-geometry,,,fail,fail,"loop nest ['I'] at line 892 is not a perfect K,J,I nest, nor an index loop (N) around one (collapse contract)",,classified translatable (front end rejects)
L1292,A,B,A_by_probe,survey flagged write-index/reduction patterns; the parser probe finds every write loop-affine and no reduction or shifted in-place read,,turb.f90,FILL_EDGES,897,899,predictor/corrector,cell,leaf,0.000,A,,,,,non-geometry,,,fail,fail,"loop nest ['I'] at line 897 is not a perfect K,J,I nest, nor an index loop (N) around one (collapse contract)",,classified translatable (front end rejects)
L1293,A,B,A_by_probe,survey flagged write-index/reduction patterns; the parser probe finds every write loop-affine and no reduction or shifted in-place read,,turb.f90,FILL_EDGES,904,906,predictor/corrector,cell,leaf,0.000,A,,,,,non-geometry,,,fail,fail,"loop nest ['J'] at line 904 is not a perfect K,J,I nest, nor an index loop (N) around one (collapse contract)",,classified translatable (front end rejects)
L1294,A,B,A_by_probe,survey flagged write-index/reduction patterns; the parser probe finds every write loop-affine and no reduction or shifted in-place read,,turb.f90,FILL_EDGES,909,911,predictor/corrector,cell,leaf,0.000,A,,,,,non-geometry,,,fail,fail,"loop nest ['J'] at line 909 is not a perfect K,J,I nest, nor an index loop (N) around one (collapse contract)",,classified translatable (front end rejects)
L1295,A,B,A_by_probe,survey flagged write-index/reduction patterns; the parser probe finds every write loop-affine and no reduction or shifted in-place read,,turb.f90,FILL_EDGES,914,916,predictor/corrector,cell,leaf,0.000,A,,,,,non-geometry,,,fail,fail,"loop nest ['J'] at line 914 is not a perfect K,J,I nest, nor an index loop (N) around one (collapse contract)",,classified translatable (front end rejects)
L1296,A,B,A_by_probe,survey flagged write-index/reduction patterns; the parser probe finds every write loop-affine and no reduction or shifted in-place read,,turb.f90,FILL_EDGES,919,921,predictor/corrector,cell,leaf,0.000,A,,,,,non-geometry,,,fail,fail,"loop nest ['J'] at line 919 is not a perfect K,J,I nest, nor an index loop (N) around one (collapse contract)",,classified translatable (front end rejects)
L1297,A,B,A_by_probe,survey flagged write-index/reduction patterns; the parser probe finds every write loop-affine and no reduction or shifted in-place read,,turb.f90,FILL_EDGES,926,928,predictor/corrector,cell,leaf,0.000,A,,,,,non-geometry,,,fail,fail,"loop nest ['K'] at line 926 is not a perfect K,J,I nest, nor an index loop (N) around one (collapse contract)",,classified translatable (front end rejects)
L1298,A,B,A_by_probe,survey flagged write-index/reduction patterns; the parser probe finds every write loop-affine and no reduction or shifted in-place read,,turb.f90,FILL_EDGES,931,933,predictor/corrector,cell,leaf,0.000,A,,,,,non-geometry,,,fail,fail,"loop nest ['K'] at line 931 is not a perfect K,J,I nest, nor an index loop (N) around one (collapse contract)",,classified translatable (front end rejects)
L1299,A,B,A_by_probe,survey flagged write-index/reduction patterns; the parser probe finds every write loop-affine and no reduction or shifted in-place read,,turb.f90,FILL_EDGES,936,938,predictor/corrector,cell,leaf,0.000,A,,,,,non-geometry,,,fail,fail,"loop nest ['K'] at line 936 is not a perfect K,J,I nest, nor an index loop (N) around one (collapse contract)",,classified translatable (front end rejects)
L1300,A,B,A_by_probe,survey flagged write-index/reduction patterns; the parser probe finds every write loop-affine and no reduction or shifted in-place read,,turb.f90,FILL_EDGES,941,943,predictor/corrector,cell,leaf,0.000,A,,,,,non-geometry,,,fail,fail,"loop nest ['K'] at line 941 is not a perfect K,J,I nest, nor an index loop (N) around one (collapse contract)",,classified translatable (front end rejects)
L1305,C,C,C_layout_other,derived-type allocatable/pointer component in the nest body (VENTS_TYPE),SoA,turb.f90,SYNTHETIC_TURBULENCE,1796,1861,predictor,cell,tree,0.572,,,,,,non-geometry,,T2,fail,fail,"loop nest ['NV'] at line 1796 is not a perfect K,J,I nest, nor an index loop (N) around one (collapse contract)",,not translatable today
L1309,A,B,A_by_probe,survey flagged write-index/reduction patterns; the parser probe finds every write loop-affine and no reduction or shifted in-place read,,turb.f90,TENSOR_DIFFUSIVITY_MODEL,1323,1345,predictor/corrector,cell,leaf,0.068,A,,,,,non-geometry,,,fail,fail,"scalar RHOBAR is written in the loop and may be read afterwards (turb.f90:1350: RHOBAR = 0.5_EB * (RHOP(I, J, K) + RHOP(I, J + 1, K))); not in an upstream !$OMP",,classified translatable (front end rejects)
L1310,A,B,A_by_probe,survey flagged write-index/reduction patterns; the parser probe finds every write loop-affine and no reduction or shifted in-place read,,turb.f90,TENSOR_DIFFUSIVITY_MODEL,1347,1369,predictor/corrector,cell,leaf,0.068,A,,,,,non-geometry,,,fail,fail,"scalar RHOBAR is written in the loop and may be read afterwards (turb.f90:1374: RHOBAR = 0.5_EB * (RHOP(I, J, K) + RHOP(I, J, K + 1))); not in an upstream !$OMP",,classified translatable (front end rejects)
L1311,A,B,A_by_probe,survey flagged write-index/reduction patterns; the parser probe finds every write loop-affine and no reduction or shifted in-place read,,turb.f90,TENSOR_DIFFUSIVITY_MODEL,1371,1393,predictor/corrector,face,leaf,0.068,A,,,,,non-geometry,,,fail,fail,"scalar DWDX is written in the loop and may be read afterwards (turb.f90:1462: DWDX = (WW(I + 1, J, K) - WW(I - 1, J, K)) / (DXN(I - 1) + DXN(I))); not in an ups",,classified translatable (front end rejects)
L1312,A,A,A,flat-array cell loop; blockers (if any) are mesh-array views or loop-affine writes only,,turb.f90,TENSOR_DIFFUSIVITY_MODEL,1414,1434,predictor/corrector,cell,leaf,0.063,A,,,,,non-geometry,,,fail,fail,"scalar DTDX is written in the loop and may be read afterwards (turb.f90:1443: DTDX = 0.25_EB * RDX(I) * (TMP(I + 1, J, K) + TMP(I + 1, J + 1, K) - T); not in an",,classified translatable (front end rejects)
L1313,A,A,A,flat-array cell loop; blockers (if any) are mesh-array views or loop-affine writes only,,turb.f90,TENSOR_DIFFUSIVITY_MODEL,1436,1456,predictor/corrector,cell,leaf,0.063,A,,,,,non-geometry,,,fail,fail,"scalar DTDX is written in the loop and may be read afterwards (turb.f90:1466: DTDX = 0.25_EB * RDX(I) * (TMP(I + 1, J, K) + TMP(I + 1, J, K + 1) - T); not in an",,classified translatable (front end rejects)
L1314,A,A,A,flat-array face loop; blockers (if any) are mesh-array views or loop-affine writes only,,turb.f90,TENSOR_DIFFUSIVITY_MODEL,1458,1479,predictor/corrector,face,leaf,0.063,A,,,,,non-geometry,,,fail,ok,,,front end accepts (no test yet)
L1315,A,A,A,flat-array cell loop; blockers (if any) are mesh-array views or loop-affine writes only,,turb.f90,TEST_FILTER,979,995,predictor/corrector,cell,leaf,0.284,A,,,,,non-geometry,,,fail,fail,"scalar N is written in the loop and may be read afterwards (turb.f90:1009: DO N = - 1, 1); not in an upstream !$OMP PRIVATE list",,classified translatable (front end rejects)
L1316,A,A,A,flat-array cell loop; blockers (if any) are mesh-array views or loop-affine writes only,,turb.f90,TEST_FILTER,1003,1019,predictor/corrector,cell,leaf,0.284,A,,,,,non-geometry,,,fail,fail,"scalar N is written in the loop and may be read afterwards (turb.f90:1033: DO N = - 1, 1); not in an upstream !$OMP PRIVATE list",,classified translatable (front end rejects)
L1317,A,A,A,flat-array cell loop; blockers (if any) are mesh-array views or loop-affine writes only,,turb.f90,TEST_FILTER,1027,1043,predictor/corrector,cell,leaf,0.284,A,,,,,non-geometry,,,fail,fail,"array ORIG subscript 1 is I+L, expected I+/-constant (layout contract)",,classified translatable (front end rejects)
L1318,A,A,A,flat-array cell loop; blockers (if any) are mesh-array views or loop-affine writes only,,turb.f90,TEST_FILTER,1054,1059,predictor/corrector,cell,leaf,0.001,A,,,,,non-geometry,,,fail,fail,"loop nest ['K', 'J'] at line 1054 is not a perfect K,J,I nest, nor an index loop (N) around one (collapse contract)",,classified translatable (front end rejects)
L1319,A,A,A,flat-array cell loop; blockers (if any) are mesh-array views or loop-affine writes only,,turb.f90,TEST_FILTER,1063,1068,predictor/corrector,cell,leaf,0.001,A,,,,,non-geometry,,,fail,fail,"loop nest ['K', 'I'] at line 1063 is not a perfect K,J,I nest, nor an index loop (N) around one (collapse contract)",,classified translatable (front end rejects)
L1320,A,A,A,flat-array cell loop; blockers (if any) are mesh-array views or loop-affine writes only,,turb.f90,TEST_FILTER,1072,1077,predictor/corrector,cell,leaf,0.001,A,,,,,non-geometry,,,fail,fail,"loop nest ['J', 'I'] at line 1072 is not a perfect K,J,I nest, nor an index loop (N) around one (collapse contract)",,classified translatable (front end rejects)
L1321,A,A,A,flat-array cell loop; blockers (if any) are mesh-array views or loop-affine writes only,,turb.f90,VARDEN_DYNSMAG,501,534,predictor/corrector,cell,leaf,0.105,A,,,,,non-geometry,,,ok,fail,layout = exact: no ALLOCATE(M%X(...)) in init.f90/read.f90 for UP (storage ['TURB_WORK1']); add policy.arrays.UP,,classified translatable (front end rejects)
L1322,A,A,A,flat-array cell loop; blockers (if any) are mesh-array views or loop-affine writes only,,turb.f90,VARDEN_DYNSMAG,570,581,predictor/corrector,cell,leaf,0.005,A,,,,,non-geometry,,,ok,fail,layout = exact: no ALLOCATE(M%X(...)) in init.f90/read.f90 for SHAT11 (storage ['TURB_WORK4']); add policy.arrays.SHAT11,,classified translatable (front end rejects)
L1323,A,A,A,flat-array cell loop; blockers (if any) are mesh-array views or loop-affine writes only,,turb.f90,VARDEN_DYNSMAG,633,645,predictor/corrector,cell,leaf,0.037,A,,,,,non-geometry,,,fail,fail,layout = exact: no ALLOCATE(M%X(...)) in init.f90/read.f90 for SSHAT (storage ['TURB_WORK10']); add policy.arrays.SSHAT,,classified translatable (front end rejects)
L1324,A,A,A,flat-array cell loop; blockers (if any) are mesh-array views or loop-affine writes only,,turb.f90,VARDEN_DYNSMAG,666,678,predictor/corrector,cell,leaf,0.011,A,,,,,non-geometry,,,ok,fail,layout = exact: no ALLOCATE(M%X(...)) in init.f90/read.f90 for L11 (storage ['TURB_WORK4']); add policy.arrays.L11,,classified translatable (front end rejects)
L1325,A,A,A,flat-array cell loop; blockers (if any) are mesh-array views or loop-affine writes only,,turb.f90,VARDEN_DYNSMAG,690,710,predictor/corrector,cell,leaf,0.021,A,,,,,non-geometry,,,ok,fail,layout = exact: no ALLOCATE(M%X(...)) in init.f90/read.f90 for MLHAT (storage ['TURB_WORK2']); add policy.arrays.MLHAT,,classified translatable (front end rejects)
L1330,C,C,C_layout_callee,a reachable callee reads derived-type allocatable/pointer components,SoA,vege.f90,GET_BOUNDARY_VALUES,618,623,solid_phase,cell,tree,0.000,,,,,,non-geometry,,T3,fail,fail,"loop nest ['II'] at line 618 is not a perfect K,J,I nest, nor an index loop (N) around one (collapse contract)",,not translatable today
L1331,C,C,C_layout_callee,a reachable callee reads derived-type allocatable/pointer components,SoA,vege.f90,GET_BOUNDARY_VALUES,624,629,solid_phase,cell,tree,0.000,,,,,,non-geometry,,T3,fail,fail,"loop nest ['JJ'] at line 624 is not a perfect K,J,I nest, nor an index loop (N) around one (collapse contract)",,not translatable today
L1332,C,C,C_layout_callee,a reachable callee reads derived-type allocatable/pointer components,SoA,vege.f90,GET_BOUNDARY_VALUES,630,639,solid_phase,cell,tree,0.000,,,,,,non-geometry,,T3,fail,fail,"loop nest ['JJ'] at line 630 is not a perfect K,J,I nest, nor an index loop (N) around one (collapse contract)",,not translatable today
L1333,C,C,C_layout_wall_cface,"derived-type allocatable/pointer component in the nest body (EXTERNAL_WALL_TYPE,OMESH_TYPE)",SoA,vege.f90,FILL_BOUNDARY_VALUES,678,699,solid_phase,cell,leaf,0.000,,,,,,non-geometry,,T4,fail,fail,"loop nest ['JJO', 'IIO'] at line 678 is not a perfect K,J,I nest, nor an index loop (N) around one (collapse contract)",,not translatable today
L1334,A,A,A,flat-array cell loop; blockers (if any) are mesh-array views or loop-affine writes only,,vege.f90,LEVEL_SET_ADVECT_FLUX,885,894,solid_phase,cell,tree,0.000,A,,,,,non-geometry,,,fail,fail,"loop nest ['J', 'I'] at line 885 is not a perfect K,J,I nest, nor an index loop (N) around one (collapse contract)",,classified translatable (front end rejects)
L1335,A,A,A,flat-array face loop; blockers (if any) are mesh-array views or loop-affine writes only,,vege.f90,LEVEL_SET_ADVECT_FLUX,896,905,solid_phase,face,tree,0.000,A,,,,,non-geometry,,,fail,fail,"loop nest ['J', 'I'] at line 896 is not a perfect K,J,I nest, nor an index loop (N) around one (collapse contract)",,classified translatable (front end rejects)
L1336,A,A,A,flat-array cell loop; blockers (if any) are mesh-array views or loop-affine writes only,,vege.f90,LEVEL_SET_ADVECT_FLUX,907,914,solid_phase,cell,leaf,0.000,A,,,,,non-geometry,,,fail,fail,"loop nest ['J', 'I'] at line 907 is not a perfect K,J,I nest, nor an index loop (N) around one (collapse contract)",,classified translatable (front end rejects)
L1338,C,C,C_layout_wall_cface,"derived-type allocatable/pointer component in the nest body (BOUNDARY_PROP1_TYPE,BOUNDARY_PROP2_TYPE,CC_CUTFACE_TYPE)",SoA,vege.f90,LEVEL_SET_FIRESPREAD,506,536,solid_phase,wall,tree,0.000,,,,,,geometry,"text CCVAR,CFACE,CFACE_INDEX; type CC_CUTFACE_TYPE,CFACE_TYPE",T4,,,,,deferred (geometry)
L1340,A,A,A,flat-array cell loop; blockers (if any) are mesh-array views or loop-affine writes only,,vege.f90,LEVEL_SET_SPREAD_RATE,763,857,solid_phase,cell,leaf,0.000,B,scalar self-update LB; scalar self-update DENOM,,,,non-geometry,,,fail,fail,"loop nest ['J'] at line 763 is not a perfect K,J,I nest, nor an index loop (N) around one (collapse contract)",,classified translatable (front end rejects)
L1343,A,A,A,flat-array cell loop; blockers (if any) are mesh-array views or loop-affine writes only,,velo.f90,BAROCLINIC_CORRECTION,3254,3261,pressure,cell,leaf,0.011,A,,,,,non-geometry,,,ok,ok,,,front end accepts (no test yet)
L1344,A,A,A,flat-array cell loop; blockers (if any) are mesh-array views or loop-affine writes only,,velo.f90,BAROCLINIC_CORRECTION,3267,3275,pressure,cell,leaf,0.011,A,,,,,non-geometry,,,ok,ok,,,front end accepts (no test yet)
L1345,A,A,A,flat-array cell loop; blockers (if any) are mesh-array views or loop-affine writes only,,velo.f90,BAROCLINIC_CORRECTION,3282,3290,pressure,cell,leaf,0.011,A,,,,,non-geometry,,,ok,ok,,,front end accepts (no test yet)
L1346,A,A,A,flat-array face loop; blockers (if any) are mesh-array views or loop-affine writes only,,velo.f90,BAROCLINIC_CORRECTION,3297,3305,pressure,face,leaf,0.011,A,,,,,non-geometry,,,ok,ok,,,front end accepts (no test yet)
L1347,B,B,B,"flagged reduction_intrinsic: not provably loop-affine from the survey sites (marker assertion, checked by the generator's race analysis)",M,velo.f90,CHECK_STABILITY,3059,3080,other/shared,cell,leaf,0.074,B,reduction intrinsic MAXVAL,,,,non-geometry,,,fail,fail,intrinsic MAXVAL in the loop body (reduction/inquiry/array intrinsic),,classified translatable (front end rejects)
L1348,C,C,C_layout_wall_cface,"wall or cut-face index loop: needs flat index tables (layout rule 4, primer item 7)",SoA,velo.f90,CHECK_STABILITY,3093,3108,other/shared,wall,leaf,0.014,,,,,,non-geometry,,T1,fail,fail,scalar UVWMAX is read before it is written in the loop body: loop-carried value or reduction (bitwise-incompatible under parallel order),,not translatable today
L1349,A,A,A,flat-array cell loop; blockers (if any) are mesh-array views or loop-affine writes only,,velo.f90,CHECK_STABILITY,3121,3134,other/shared,cell,leaf,0.037,A,,,,,non-geometry,,,fail,fail,CYCLE I_LOOP leaves a loop that is not the kernel's innermost loop or a loop inside the body,,classified translatable (front end rejects)
L1350,A,A,A,flat-array cell loop; blockers (if any) are mesh-array views or loop-affine writes only,,velo.f90,COMPUTE_VISCOSITY,80,88,predictor/corrector,cell,tree,0.030,A,,,,,non-geometry,,,ok,ok,,mu_dns,translated+tested
L1351,A,A,A,flat-array cell loop; blockers (if any) are mesh-array views or loop-affine writes only,,velo.f90,COMPUTE_VISCOSITY,115,121,predictor/corrector,cell,leaf,0.005,A,,,,,non-geometry,,,ok,ok,,,front end accepts (no test yet)
L1352,A,A,A,flat-array cell loop; blockers (if any) are mesh-array views or loop-affine writes only,,velo.f90,COMPUTE_VISCOSITY,137,145,predictor/corrector,cell,leaf,0.016,A,,,,,non-geometry,,,ok,ok,,up_deardorff,translated+tested
L1353,B,C,B_wall_tables,wall loop over WALL/BOUNDARY_COORD/BOUNDARY_PROP1/EXTERNAL_WALL scalar components only: the generator maps them to the flat WALL tables (design note); needs a marker (primer item 7),7,velo.f90,COMPUTE_VISCOSITY,151,164,predictor/corrector,wall,leaf,0.009,,,,,,non-geometry,,,ok,ok,,wall_up_ghost,translated+tested
L1354,A,A,A,flat-array cell loop; blockers (if any) are mesh-array views or loop-affine writes only,,velo.f90,COMPUTE_VISCOSITY,187,196,predictor/corrector,cell,leaf,0.021,A,,,,,non-geometry,,,ok,ok,,,front end accepts (no test yet)
L1355,A,A,A,flat-array cell loop; blockers (if any) are mesh-array views or loop-affine writes only,,velo.f90,COMPUTE_VISCOSITY,204,252,predictor/corrector,cell,leaf,1.467,B,scalar self-update AA,,,,non-geometry,,,fail,fail,"scalar DUDX is written in the loop and may be read afterwards (velo.f90:261: DUDX = RDX(I) * (UU(I, J, K) - UU(I - 1, J, K))); not in an upstream !$OMP PRIVATE ",,classified translatable (front end rejects)
L1356,A,A,A,flat-array cell loop; blockers (if any) are mesh-array views or loop-affine writes only,,velo.f90,COMPUTE_VISCOSITY,256,279,predictor/corrector,cell,tree,0.187,A,,,,,non-geometry,,,fail,fail,"callee WALE_VISCOSITY uses module variable C_WALE (Sym(C_WALE REAL(EB) [] dims= module:GLOBAL_CONSTANTS)), no rule for it",,classified translatable (front end rejects)
L1357,A,A,A,flat-array cell loop; blockers (if any) are mesh-array views or loop-affine writes only,,velo.f90,COMPUTE_VISCOSITY,285,294,predictor/corrector,cell,leaf,0.021,A,,,,,non-geometry,,,ok,ok,,kres,translated+tested
L1358,C,C,C_layout_wall_cface,"wall or cut-face index loop: needs flat index tables (layout rule 4, primer item 7)",SoA,velo.f90,COMPUTE_VISCOSITY,306,351,predictor/corrector,wall,tree,0.056,,,,,,non-geometry,,T1,fail,fail,"callee WALE_VISCOSITY uses module variable C_WALE (Sym(C_WALE REAL(EB) [] dims= module:GLOBAL_CONSTANTS)), no rule for it",,not translatable today
L1359,C,C,C_layout_wall_cface,"wall or cut-face index loop: needs flat index tables (layout rule 4, primer item 7)",SoA,velo.f90,COMPUTE_VISCOSITY,355,363,predictor/corrector,wall,leaf,0.006,,,,,,non-geometry,,T1,fail,fail,"array KRES is written through wall-table subscripts BC%II,BC%JJ,BC%KK; the upstream loop at velo.f90:355 has no !$OMP DO above it, so iteration independence is ",,not translatable today
L1360,A,A,A,flat-array cell loop; blockers (if any) are mesh-array views or loop-affine writes only,,velo.f90,COMPUTE_STRAIN_RATE,413,435,predictor/corrector,cell,leaf,0.089,A,,,,,non-geometry,,,fail,fail,"scalar DUDX is written in the loop and may be read afterwards (velo.f90:463: DUDX = RDX(IIG) * (UU(IIG, JJG, KKG) - UU(IIG - 1, JJG, KKG))); not in an upstream ",,classified translatable (front end rejects)
L1361,C,C,C_layout_wall_cface,"wall or cut-face index loop: needs flat index tables (layout rule 4, primer item 7)",SoA,velo.f90,COMPUTE_STRAIN_RATE,440,483,predictor/corrector,wall,leaf,0.035,,,,,,non-geometry,,T1,fail,fail,"array STRAIN_RATE is written through wall-table subscripts IIG,JJG,KKG; the upstream loop at velo.f90:440 has no !$OMP DO above it, so iteration independence is",wall_strain_rate,translated+tested
L1362,C,C,C_layout_wall_cface,"derived-type allocatable/pointer component in the nest body (BOUNDARY_COORD_TYPE,EXTERNAL_WALL_TYPE,MESH_TYPE)",SoA,velo.f90,MATCH_VELOCITY,2663,2853,predictor/corrector,wall,leaf,2.612,,,,,,geometry,"text CC_IDCF,CUT_FACE,FCVAR",T4,,,,,deferred (geometry)
L1363,C,C,C_layout_wall_cface,"derived-type allocatable/pointer component in the nest body (BOUNDARY_COORD_TYPE,EXTERNAL_WALL_TYPE,MESH_TYPE)",SoA,velo.f90,MATCH_VELOCITY_FLUX,2891,3015,pressure,wall,leaf,0.994,,,,,,non-geometry,,T4,fail,fail,"pointer assignment OM => OMESH(NOM) inside a wall loop is not one of the recognised wall aliases (WALL(IW), EXTERNAL_WALL(IW), BOUNDARY_COORD(WC%BC_INDEX), BOUN",,not translatable today
L1364,C,C,C_layout_wall_cface,"derived-type allocatable/pointer component in the nest body (BOUNDARY_COORD_TYPE,EXTERNAL_WALL_TYPE,OMESH_TYPE)",SoA,velo.f90,NO_FLUX,1376,1400,pressure,wall,leaf,0.426,,,,,,non-geometry,,T4,fail,fail,"pointer assignment OM_HP => OMESH(NOM) % H inside a wall loop is not one of the recognised wall aliases (WALL(IW), EXTERNAL_WALL(IW), BOUNDARY_COORD(WC%BC_INDEX",,not translatable today
L1365,B,B,B,pointer re-aimed inside the nest: 1 hoist (item 8: pass the chosen array or hoist the scalar),8,velo.f90,NO_FLUX,1404,1459,pressure,cell,leaf,0.347,B,"element pointer OB=>OBSTRUCTION(N) (record chosen by a non-spatial index: hoistable scalars, item 8)",,,,non-geometry,,,fail,fail,"loop nest ['N'] at line 1404 is not a perfect K,J,I nest, nor an index loop (N) around one (collapse contract)",,classified translatable (front end rejects)
L1366,C,C,C_layout_wall_cface,"wall or cut-face index loop: needs flat index tables (layout rule 4, primer item 7)",SoA,velo.f90,NO_FLUX,1463,1559,pressure,wall,leaf,0.056,,,,,,non-geometry,,T1,fail,fail,derived-type designator EXTERNAL_WALL(IW) % NOM,,not translatable today
L1367,C,C,C_layout_wall_cface,"derived-type allocatable/pointer component in the nest body (BOUNDARY_COORD_TYPE,EXTERNAL_WALL_TYPE,OMESH_TYPE)",SoA,velo.f90,VELOCITY_BC,1858,1897,predictor/corrector,wall,leaf,0.795,,,,,,non-geometry,,T4,fail,fail,"pointer assignment OM_UU => OMESH(EWC % NOM) % US inside a wall loop is not one of the recognised wall aliases (WALL(IW), EXTERNAL_WALL(IW), BOUNDARY_COORD(WC%B",,not translatable today
L1369,A,A,A,flat-array cell loop; blockers (if any) are mesh-array views or loop-affine writes only,,velo.f90,VELOCITY_CORRECTOR,1724,1730,corrector,cell,leaf,0.005,A,,,,,non-geometry,,,ok,ok,,,front end accepts (no test yet)
L1370,A,A,A,flat-array cell loop; blockers (if any) are mesh-array views or loop-affine writes only,,velo.f90,VELOCITY_CORRECTOR,1734,1740,corrector,cell,leaf,0.005,A,,,,,non-geometry,,,ok,ok,,,front end accepts (no test yet)
L1371,A,A,A,flat-array face loop; blockers (if any) are mesh-array views or loop-affine writes only,,velo.f90,VELOCITY_CORRECTOR,1744,1750,corrector,face,leaf,0.005,A,,,,,non-geometry,,,ok,ok,,,front end accepts (no test yet)
L1372,A,A,A,flat-array cell loop; blockers (if any) are mesh-array views or loop-affine writes only,,velo.f90,VELOCITY_CORRECTOR,1770,1778,corrector,cell,tree,0.049,A,,,,,non-geometry,,,fail,fail,reference to VD2D_MMS_U: a source function or unknown name,,classified translatable (front end rejects)
L1373,A,A,A,flat-array face loop; blockers (if any) are mesh-array views or loop-affine writes only,,velo.f90,VELOCITY_CORRECTOR,1779,1787,corrector,face,tree,0.049,A,,,,,non-geometry,,,fail,fail,reference to VD2D_MMS_V: a source function or unknown name,,classified translatable (front end rejects)
L1374,A,A,A,flat-array face loop; blockers (if any) are mesh-array views or loop-affine writes only,,velo.f90,VELOCITY_FLUX,619,639,predictor/corrector,face,leaf,0.079,A,,,,,non-geometry,,,ok,ok,,,front end accepts (no test yet)
L1375,C,C,C_layout_callee,a reachable callee reads derived-type allocatable/pointer components,SoA,velo.f90,VELOCITY_FLUX,649,653,predictor/corrector,face,tree,0.001,,,,,,non-geometry,,T3,fail,fail,"loop nest ['I'] at line 649 is not a perfect K,J,I nest, nor an index loop (N) around one (collapse contract)",,not translatable today
L1376,C,A,C_layout_probe,survey rule said A; parser probe found: allocatable/array component CELL%EDGE_INDEX; allocatable/array component EDGE%OMEGA; allocatable/array component EDGE%TAU,SoA,velo.f90,VELOCITY_FLUX,662,714,predictor/corrector,cell,leaf,0.226,C,allocatable/array component CELL%EDGE_INDEX; allocatable/array component EDGE%OMEGA; allocatable/array component EDGE%TAU,,,,non-geometry,,T4,fail,fail,derived-type designator CELL(IC) % EDGE_INDEX(8),,not translatable today
L1377,C,A,C_layout_probe,survey rule said A; parser probe found: allocatable/array component CELL%EDGE_INDEX; allocatable/array component EDGE%OMEGA; allocatable/array component EDGE%TAU,SoA,velo.f90,VELOCITY_FLUX,720,772,predictor/corrector,cell,leaf,0.226,C,allocatable/array component CELL%EDGE_INDEX; allocatable/array component EDGE%OMEGA; allocatable/array component EDGE%TAU,,,,non-geometry,,T4,fail,fail,derived-type designator CELL(IC) % EDGE_INDEX(4),,not translatable today
L1378,C,A,C_layout_probe,survey rule said A; parser probe found: allocatable/array component CELL%EDGE_INDEX; allocatable/array component EDGE%OMEGA; allocatable/array component EDGE%TAU,SoA,velo.f90,VELOCITY_FLUX,778,830,predictor/corrector,face,leaf,0.226,C,allocatable/array component CELL%EDGE_INDEX; allocatable/array component EDGE%OMEGA; allocatable/array component EDGE%TAU,,,,non-geometry,,T4,fail,fail,derived-type designator CELL(IC) % EDGE_INDEX(4),,not translatable today
L1379,A,A,A,flat-array cell loop; blockers (if any) are mesh-array views or loop-affine writes only,,velo.f90,CORIOLIS_FORCE,970,978,predictor/corrector,cell,leaf,0.016,A,,,,,non-geometry,,,ok,ok,,,front end accepts (no test yet)
L1380,C,C,C_layout_wall_cface,"wall or cut-face index loop: needs flat index tables (layout rule 4, primer item 7)",SoA,velo.f90,CORIOLIS_FORCE,981,987,predictor/corrector,wall,leaf,0.005,,,,,,non-geometry,,T1,fail,fail,"array UP is written through wall-table subscripts BC%II,BC%JJ,BC%KK; the upstream loop at velo.f90:981 has no !$OMP DO above it, so iteration independence is no",wall_coriolis_ghost,translated+tested
L1381,A,A,A,flat-array cell loop; blockers (if any) are mesh-array views or loop-affine writes only,,velo.f90,CORIOLIS_FORCE,992,1000,predictor/corrector,cell,leaf,0.016,A,,,,,non-geometry,,,fail,fail,rank-1 array OVEC subscript 2 is not a loop variable +/- constant,,classified translatable (front end rejects)
L1382,A,A,A,flat-array cell loop; blockers (if any) are mesh-array views or loop-affine writes only,,velo.f90,CORIOLIS_FORCE,1006,1014,predictor/corrector,cell,leaf,0.016,A,,,,,non-geometry,,,fail,fail,rank-1 array OVEC subscript 3 is not a loop variable +/- constant,,classified translatable (front end rejects)
L1383,A,A,A,flat-array face loop; blockers (if any) are mesh-array views or loop-affine writes only,,velo.f90,CORIOLIS_FORCE,1020,1028,predictor/corrector,face,leaf,0.016,A,,,,,non-geometry,,,fail,fail,rank-1 array OVEC subscript 1 is not a loop variable +/- constant,,classified translatable (front end rejects)
L1385,A,A,A,flat-array cell loop; blockers (if any) are mesh-array views or loop-affine writes only,,velo.f90,DIRECT_FORCE,896,903,predictor/corrector,cell,leaf,0.011,A,,,,,non-geometry,,,fail,fail,rank-1 array FVEC subscript 1 is not a loop variable +/- constant,,classified translatable (front end rejects)
L1386,A,A,A,flat-array cell loop; blockers (if any) are mesh-array views or loop-affine writes only,,velo.f90,DIRECT_FORCE,917,924,predictor/corrector,cell,leaf,0.011,A,,,,,non-geometry,,,fail,fail,rank-1 array FVEC subscript 2 is not a loop variable +/- constant,,classified translatable (front end rejects)
L1387,A,A,A,flat-array face loop; blockers (if any) are mesh-array views or loop-affine writes only,,velo.f90,DIRECT_FORCE,938,945,predictor/corrector,face,leaf,0.011,A,,,,,non-geometry,,,fail,fail,rank-1 array FVEC subscript 3 is not a loop variable +/- constant,,classified translatable (front end rejects)
L1388,A,A,A,flat-array cell loop; blockers (if any) are mesh-array views or loop-affine writes only,,velo.f90,MMS_VELOCITY_FLUX,1040,1046,predictor/corrector,cell,tree,0.315,A,,,,,non-geometry,,,fail,fail,reference to VD2D_MMS_U_SRC_3: a source function or unknown name,,classified translatable (front end rejects)
L1389,A,A,A,flat-array face loop; blockers (if any) are mesh-array views or loop-affine writes only,,velo.f90,MMS_VELOCITY_FLUX,1048,1054,predictor/corrector,face,tree,0.325,A,,,,,non-geometry,,,fail,fail,reference to VD2D_MMS_V_SRC_3: a source function or unknown name,,classified translatable (front end rejects)
L1390,C,C,C_layout_mesh_component,"derived-type allocatable/pointer component in the nest body (CELL_TYPE,DEVICE_TYPE,PROPERTY_TYPE)",SoA,velo.f90,PATCH_VELOCITY_FLUX,1081,1198,predictor/corrector,cell,tree,1.270,,,,,,non-geometry,,T4,fail,fail,"loop nest ['N'] at line 1081 is not a perfect K,J,I nest, nor an index loop (N) around one (collapse contract)",,not translatable today
L1391,A,A,A,flat-array face loop; blockers (if any) are mesh-array views or loop-affine writes only,,velo.f90,VELOCITY_FLUX_CYLINDRICAL,1243,1253,predictor/corrector,face,leaf,0.026,A,,,,,non-geometry,,,ok,ok,,,front end accepts (no test yet)
L1392,C,B,C_layout_probe,survey rule said B; parser probe found: allocatable/array component CELL%EDGE_INDEX; allocatable/array component EDGE%OMEGA; allocatable/array component EDGE%TAU,SoA,velo.f90,VELOCITY_FLUX_CYLINDRICAL,1270,1302,predictor/corrector,cell,leaf,0.014,C,allocatable/array component CELL%EDGE_INDEX; allocatable/array component EDGE%OMEGA; allocatable/array component EDGE%TAU,,,,non-geometry,,T4,fail,fail,"loop nest ['K', 'I'] at line 1270 is not a perfect K,J,I nest, nor an index loop (N) around one (collapse contract)",,not translatable today
L1393,C,B,C_layout_probe,survey rule said B; parser probe found: allocatable/array component CELL%EDGE_INDEX; allocatable/array component EDGE%OMEGA; allocatable/array component EDGE%TAU,SoA,velo.f90,VELOCITY_FLUX_CYLINDRICAL,1306,1337,predictor/corrector,face,leaf,0.014,C,allocatable/array component CELL%EDGE_INDEX; allocatable/array component EDGE%OMEGA; allocatable/array component EDGE%TAU,,,,non-geometry,,T4,fail,fail,"loop nest ['K', 'I'] at line 1306 is not a perfect K,J,I nest, nor an index loop (N) around one (collapse contract)",,not translatable today
L1394,A,A,A,flat-array cell loop; blockers (if any) are mesh-array views or loop-affine writes only,,velo.f90,VELOCITY_PREDICTOR,1603,1609,predictor,cell,leaf,0.005,A,,,,,non-geometry,,,ok,ok,,,front end accepts (no test yet)
L1395,A,A,A,flat-array cell loop; blockers (if any) are mesh-array views or loop-affine writes only,,velo.f90,VELOCITY_PREDICTOR,1613,1619,predictor,cell,leaf,0.005,A,,,,,non-geometry,,,ok,ok,,,front end accepts (no test yet)
L1396,A,A,A,flat-array face loop; blockers (if any) are mesh-array views or loop-affine writes only,,velo.f90,VELOCITY_PREDICTOR,1623,1629,predictor,face,leaf,0.005,A,,,,,non-geometry,,,ok,ok,,,front end accepts (no test yet)
L1397,A,A,A,flat-array cell loop; blockers (if any) are mesh-array views or loop-affine writes only,,velo.f90,VELOCITY_PREDICTOR,1648,1656,predictor,cell,tree,0.049,A,,,,,non-geometry,,,fail,fail,reference to VD2D_MMS_U: a source function or unknown name,,classified translatable (front end rejects)
L1398,A,A,A,flat-array face loop; blockers (if any) are mesh-array views or loop-affine writes only,,velo.f90,VELOCITY_PREDICTOR,1657,1665,predictor,face,tree,0.049,A,,,,,non-geometry,,,fail,fail,reference to VD2D_MMS_V: a source function or unknown name,,classified translatable (front end rejects)
L1399,C,C,C_layout_wall_cface,"derived-type allocatable/pointer component in the nest body (BOUNDARY_COORD_TYPE,EXTERNAL_WALL_TYPE,OMESH_TYPE)",SoA,velo.f90,VISCOSITY_BC,514,550,predictor/corrector,wall,leaf,0.710,,,,,,non-geometry,,T4,fail,fail,"derived-type designator OMESH(NOM) % MU(IIO, JJO, KKO)",,not translatable today
L1400,C,C,C_layout_wall_cface,"wall or cut-face index loop: needs flat index tables (layout rule 4, primer item 7)",SoA,velo.f90,WALL_VELOCITY_NO_GRADH,3347,3368,predictor/corrector,wall,leaf,0.014,,,,,,non-geometry,,T1,fail,fail,scalar IIG is written in the loop and may be read afterwards (velo.f90:3385: iig = bc % iig); not in an upstream !$OMP PRIVATE list,wall_un_store,translated+tested
L1401,C,C,C_layout_wall_cface,"wall or cut-face index loop: needs flat index tables (layout rule 4, primer item 7)",SoA,velo.f90,WALL_VELOCITY_NO_GRADH,3378,3408,predictor/corrector,wall,leaf,0.021,,,,,,non-geometry,,T1,fail,fail,scalar II is written in the loop and may be read afterwards (velo.f90:3421: II = BC % II); not in an upstream !$OMP PRIVATE list,wall_us_pred,translated+tested
L1402,C,C,C_layout_wall_cface,"wall or cut-face index loop: needs flat index tables (layout rule 4, primer item 7)",SoA,velo.f90,WALL_VELOCITY_NO_GRADH,3414,3450,predictor/corrector,wall,leaf,0.022,,,,,,non-geometry,,T1,fail,fail,"array U is written through wall-table subscripts IIG-1,JJG,KKG; the upstream loop at velo.f90:3414 has no !$OMP DO above it, so iteration independence is not an",,not translatable today
L1452,C,C,C_layout_wall_cface,"derived-type allocatable/pointer component in the nest body (BOUNDARY_COORD_TYPE,EXTERNAL_WALL_TYPE,MESH_TYPE)",SoA,wall.f90,ASSIGN_GHOST_VALUE,319,339,solid_phase,cell,leaf,0.199,,,,,,non-geometry,,T4,fail,fail,"loop nest ['KKO', 'JJO', 'IIO'] at line 319 is not a perfect K,J,I nest, nor an index loop (N) around one (collapse contract)",,not translatable today
L1470,C,C,C_layout_wall_cface,"derived-type allocatable/pointer component in the nest body (BOUNDARY_COORD_TYPE,BOUNDARY_ONE_D_TYPE,BOUNDARY_THR_D_TYPE)",SoA,wall.f90,HT3D_TEMPERATURE_EXCHANGE,3635,3677,solid_phase,wall,leaf,0.500,C,"element pointer WC=>M%WALL(IW) (record chosen by a non-spatial index: hoistable scalars, item 8); element pointer SF=>SURFACE(WC%SURF_INDEX) (derived-type recor",,,,non-geometry,,T4,fail,fail,"pointer assignment WC => M % WALL(IW) inside a wall loop is not one of the recognised wall aliases (WALL(IW), EXTERNAL_WALL(IW), BOUNDARY_COORD(WC%BC_INDEX), BO",,not translatable today
L1471,C,C,C_layout_wall_cface,"derived-type allocatable/pointer component in the nest body (BOUNDARY_COORD_TYPE,BOUNDARY_ONE_D_TYPE,BOUNDARY_THR_D_TYPE)",SoA,wall.f90,HT3D_TEMPERATURE_EXCHANGE,3681,3717,solid_phase,wall,leaf,0.465,,,,,,non-geometry,,T4,fail,fail,"loop nest ['ITW'] at line 3681 is not a perfect K,J,I nest, nor an index loop (N) around one (collapse contract)",,not translatable today
L1485,C,C,C_layout_wall_cface,"derived-type allocatable/pointer component in the nest body (BOUNDARY_COORD_TYPE,BOUNDARY_PROP1_TYPE,EXTERNAL_WALL_TYPE)",SoA,wall.f90,SURFACE_HEAT_TRANSFER,888,947,solid_phase,cell,tree,1.832,,,,,,non-geometry,,T4,fail,fail,"loop nest ['N'] at line 888 is not a perfect K,J,I nest, nor an index loop (N) around one (collapse contract)",,not translatable today
L1486,C,C,C_layout_callee,a reachable callee reads derived-type allocatable/pointer components,SoA,wall.f90,WALL_BC,109,119,solid_phase,wall,tree,0.407,,,,,,non-geometry,,T3,fail,fail,"callee ASSIGN_GHOST_VALUE uses module variable EXTERNAL_WALL (Sym(EXTERNAL_WALL TYPE:EXTERNAL_WALL_TYPE ['POINTER'] dims=: module:MESH_POINTERS)), no rule for i",,not translatable today
L1487,C,C,C_layout_callee,a reachable callee reads derived-type allocatable/pointer components,SoA,wall.f90,WALL_BC,124,137,solid_phase,wall,tree,0.354,,,,,,non-geometry,,T3,fail,fail,"loop nest ['ITW'] at line 124 is not a perfect K,J,I nest, nor an index loop (N) around one (collapse contract)",,not translatable today
L1488,C,C,C_layout_callee,a reachable callee reads derived-type allocatable/pointer components,SoA,wall.f90,WALL_BC,144,185,solid_phase,wall,tree,2.688,,,,,,non-geometry,,T3,fail,fail,"callee SURFACE_HEAT_TRANSFER uses module variable RSUM (Sym(RSUM REAL(EB) ['POINTER'] dims=:,:,: module:MESH_POINTERS)), no rule for it",,not translatable today
L1489,C,C,C_layout_callee,a reachable callee reads derived-type allocatable/pointer components,SoA,wall.f90,WALL_BC,192,194,solid_phase,wall,tree,1.370,,,,,,non-geometry,,T3,fail,fail,"loop nest ['ITW'] at line 192 is not a perfect K,J,I nest, nor an index loop (N) around one (collapse contract)",,not translatable today
L1490,C,C,C_layout_callee,a reachable callee reads derived-type allocatable/pointer components,SoA,wall.f90,WALL_BC,201,239,solid_phase,cfaces,tree,0.694,,,,,,geometry,"text CFACE,CFACE_INDEX,CFACE_INDEX_IN; type CFACE_TYPE; cfaces loop",T3,,,,,deferred (geometry)
L1491,C,C,C_particle,particle loop over LAGRANGIAN_PARTICLE storage (ParticleContainer or SoA),SoA,wall.f90,WALL_BC,247,271,solid_phase,particle,tree,0.669,,,,,,non-geometry,,,,,,,not translatable today
