field,parent_type,fortran_type,rank,declared_bounds,decl_file,decl_line,alloc_sites,category,notes
U,MESH_TYPE,"REAL(EB), ALLOCATABLE",3,"deferred(:,:,:); allocated as (-1:IBP1,0:JBP1,0:KBP1)",mesh.f90,18,"init.f90:533[-1:IBP1,0:JBP1,0:KBP1]",face_centred_flux,"x-face velocity u^n at forward x face (I+1/2); allocated with extra x ghost (-1:IBP1) init.f90:533; exchanged CODE 6 (PKG3) main.f90:3427 | doc: Velocity component at current time step, \f$u_{ijk}^n\f$"
V,MESH_TYPE,"REAL(EB), ALLOCATABLE",3,"deferred(:,:,:); allocated as (0:IBP1,-1:JBP1,0:KBP1)",mesh.f90,19,"init.f90:534[0:IBP1,-1:JBP1,0:KBP1]",face_centred_flux,"y-face velocity; extra y ghost (-1:JBP1) init.f90:534; exchanged CODE 6 main.f90:3427 | doc: Velocity component at current time step, \f$v_{ijk}^n\f$"
W,MESH_TYPE,"REAL(EB), ALLOCATABLE",3,"deferred(:,:,:); allocated as (0:IBP1,0:JBP1,-1:KBP1)",mesh.f90,20,"init.f90:535[0:IBP1,0:JBP1,-1:KBP1]",face_centred_flux,"z-face velocity; extra z ghost (-1:KBP1) init.f90:535; exchanged CODE 6 main.f90:3427 | doc: Velocity component at current time step, \f$w_{ijk}^n\f$"
US,MESH_TYPE,"REAL(EB), ALLOCATABLE",3,"deferred(:,:,:); allocated as (-1:IBP1,0:JBP1,0:KBP1)",mesh.f90,21,"init.f90:536[-1:IBP1,0:JBP1,0:KBP1]",face_centred_flux,"predicted x-face velocity u*; exchanged CODE 3 (PKG3) main.f90:3425 | doc: Velocity component estimated at next time step, \f$u_{ijk}^*\f$"
VS,MESH_TYPE,"REAL(EB), ALLOCATABLE",3,"deferred(:,:,:); allocated as (0:IBP1,-1:JBP1,0:KBP1)",mesh.f90,22,"init.f90:537[0:IBP1,-1:JBP1,0:KBP1]",face_centred_flux,"predicted y-face velocity; exchanged CODE 3 main.f90:3425 | doc: Velocity component estimated at next time step, \f$v_{ijk}^*\f$"
WS,MESH_TYPE,"REAL(EB), ALLOCATABLE",3,"deferred(:,:,:); allocated as (0:IBP1,0:JBP1,-1:KBP1)",mesh.f90,23,"init.f90:538[0:IBP1,0:JBP1,-1:KBP1]",face_centred_flux,"predicted z-face velocity; exchanged CODE 3 main.f90:3425 | doc: Velocity component estimated at next time step, \f$w_{ijk}^*\f$"
DDDT,MESH_TYPE,"REAL(EB), ALLOCATABLE",3,"deferred(:,:,:); allocated as (0:IBP1,0:JBP1,0:KBP1)",mesh.f90,24,"init.f90:559[0:IBP1,0:JBP1,0:KBP1]",cell_centred_solution,dD/dt cell-centred 0:IBP1 init.f90:559; not in any MESH_EXCHANGE package (main.f90:3301-3482) | doc: \f$(\partial D/\partial t)_{ijk}\f$ where \f$D_{ijk}\f$ is the divergence
D,MESH_TYPE,"REAL(EB), ALLOCATABLE",3,"deferred(:,:,:); allocated as (0:IBP1,0:JBP1,0:KBP1)",mesh.f90,25,"init.f90:560[0:IBP1,0:JBP1,0:KBP1]",cell_centred_solution,"divergence D^n; exchanged CODE 1 (PKG1, with RHOS/ZZS) main.f90:3303 | doc: Divergence at current time step, \f$D_{ijk}^n\f$"
DS,MESH_TYPE,"REAL(EB), ALLOCATABLE",3,"deferred(:,:,:); allocated as (0:IBP1,0:JBP1,0:KBP1)",mesh.f90,26,"init.f90:561[0:IBP1,0:JBP1,0:KBP1]",cell_centred_solution,"divergence estimate D*; exchanged CODE 4 (PKG1, with RHO/ZZ) main.f90:3305 | doc: Divergence estimate next time step, \f$D_{ijk}^*\f$"
H,MESH_TYPE,"REAL(EB), ALLOCATABLE",3,"deferred(:,:,:); allocated as (0:IBP1,0:JBP1,0:KBP1)",mesh.f90,27,"init.f90:556[0:IBP1,0:JBP1,0:KBP1]",cell_centred_solution,"pressure head H=p~/rho+|u|^2/2 (cell-centred, 1 ghost layer); exchanged CODE 5 (PKG7, PREDICTOR) main.f90:3354 and CODE 6 (PKG3) main.f90:3427 | doc: \f$ \tilde{p}_{ijk}/\rho_{ijk} + |\mathbf{u}|^2_{ijk}/2 \f$"
HS,MESH_TYPE,"REAL(EB), ALLOCATABLE",3,"deferred(:,:,:); allocated as (0:IBP1,0:JBP1,0:KBP1)",mesh.f90,28,"init.f90:557[0:IBP1,0:JBP1,0:KBP1]",cell_centred_solution,"estimated H; exchanged CODE 5 (PKG7, CORRECTOR) main.f90:3356 and CODE 3 (PKG3) main.f90:3425; also reused as integer-flag carrier by GLMAT setup (see main.f90:1822-1828 comments) | doc: H estimated at next time step"
KRES,MESH_TYPE,"REAL(EB), ALLOCATABLE",3,"deferred(:,:,:); allocated as (0:IBP1,0:JBP1,0:KBP1)",mesh.f90,29,"init.f90:558[0:IBP1,0:JBP1,0:KBP1]",cell_centred_solution,"resolved kinetic energy; exchanged CODE 1/4 (PKG1) main.f90:3325 | doc: Resolved kinetic energy, \f$ |\mathbf{u}|^2_{ijk}/2 \f$"
FVX,MESH_TYPE,"REAL(EB), ALLOCATABLE",3,"deferred(:,:,:); allocated as (0:IBP1,0:JBP1,0:KBP1)",mesh.f90,30,"init.f90:543[0:IBP1,0:JBP1,0:KBP1]",face_centred_flux,"x momentum flux/force term stored at x faces (allocated 0:IBP1 like cell arrays) init.f90:543; exchanged CODE 5 (PKG7) main.f90:3362 | doc: Momentum equation flux terms, \f$ F_{{\rm A},x,ijk}+F_{{\rm B},x,ijk} \f$"
FVY,MESH_TYPE,"REAL(EB), ALLOCATABLE",3,"deferred(:,:,:); allocated as (0:IBP1,0:JBP1,0:KBP1)",mesh.f90,31,"init.f90:544[0:IBP1,0:JBP1,0:KBP1]",face_centred_flux,"y momentum flux term at y faces init.f90:544; exchanged CODE 5 main.f90:3368 | doc: Momentum equation flux terms, \f$ F_{{\rm A},y,ijk}+F_{{\rm B},y,ijk} \f$"
FVZ,MESH_TYPE,"REAL(EB), ALLOCATABLE",3,"deferred(:,:,:); allocated as (0:IBP1,0:JBP1,0:KBP1)",mesh.f90,32,"init.f90:545[0:IBP1,0:JBP1,0:KBP1]",face_centred_flux,"z momentum flux term at z faces init.f90:545; exchanged CODE 5 main.f90:3374 | doc: Momentum equation flux terms, \f$ F_{{\rm A},z,ijk}+F_{{\rm B},z,ijk} \f$"
FVX_B,MESH_TYPE,"REAL(EB), ALLOCATABLE",3,"deferred(:,:,:); allocated as (0:IBP1,0:JBP1,0:KBP1)",mesh.f90,33,"init.f90:546[0:IBP1,0:JBP1,0:KBP1]",face_centred_flux,"doc: Momentum equation flux terms, \f$ F_{{\rm B},x,ijk} \f$"
FVY_B,MESH_TYPE,"REAL(EB), ALLOCATABLE",3,"deferred(:,:,:); allocated as (0:IBP1,0:JBP1,0:KBP1)",mesh.f90,34,"init.f90:547[0:IBP1,0:JBP1,0:KBP1]",face_centred_flux,"doc: Momentum equation flux terms, \f$ F_{{\rm B},y,ijk} \f$"
FVZ_B,MESH_TYPE,"REAL(EB), ALLOCATABLE",3,"deferred(:,:,:); allocated as (0:IBP1,0:JBP1,0:KBP1)",mesh.f90,35,"init.f90:548[0:IBP1,0:JBP1,0:KBP1]",face_centred_flux,"doc: Momentum equation flux terms, \f$ F_{{\rm B},z,ijk} \f$"
FVX_D,MESH_TYPE,"REAL(EB), ALLOCATABLE",3,"deferred(:,:,:); allocated as (0:IBP1,0:JBP1,0:KBP1)",mesh.f90,36,"init.f90:551[0:IBP1,0:JBP1,0:KBP1]",face_centred_flux,doc: Particle drag
FVY_D,MESH_TYPE,"REAL(EB), ALLOCATABLE",3,"deferred(:,:,:); allocated as (0:IBP1,0:JBP1,0:KBP1)",mesh.f90,37,"init.f90:552[0:IBP1,0:JBP1,0:KBP1]",face_centred_flux,doc: Particle drag
FVZ_D,MESH_TYPE,"REAL(EB), ALLOCATABLE",3,"deferred(:,:,:); allocated as (0:IBP1,0:JBP1,0:KBP1)",mesh.f90,38,"init.f90:553[0:IBP1,0:JBP1,0:KBP1]",face_centred_flux,doc: Particle drag
RHO,MESH_TYPE,"REAL(EB), ALLOCATABLE",3,"deferred(:,:,:); allocated as (-1:IBP1+1,-1:JBP1+1,-1:KBP1+1)",mesh.f90,39,"init.f90:525[-1:IBP1+1,-1:JBP1+1,-1:KBP1+1]",cell_centred_solution,"2 ghost layers (-1:IBP1+1) for flux limiters init.f90:522-525; exchanged CODE 4 main.f90:3305 | doc: Density (kg/m3) at current time step, \f$ \rho_{ijk}^n \f$"
RHOS,MESH_TYPE,"REAL(EB), ALLOCATABLE",3,"deferred(:,:,:); allocated as (-1:IBP1+1,-1:JBP1+1,-1:KBP1+1)",mesh.f90,40,"init.f90:526[-1:IBP1+1,-1:JBP1+1,-1:KBP1+1]",cell_centred_solution,"2 ghost layers init.f90:526; exchanged CODE 1 main.f90:3303 | doc: Density (kg/m3) at next time step, \f$ \rho_{ijk}^* \f$"
MU,MESH_TYPE,"REAL(EB), ALLOCATABLE",3,"deferred(:,:,:); allocated as (0:IBP1,0:JBP1,0:KBP1)",mesh.f90,41,"init.f90:562[0:IBP1,0:JBP1,0:KBP1]",cell_centred_solution,"exchanged CODE 1/4 (PKG1) main.f90:3324 | doc: Turbulent viscosity (kg/m/s), \f$ \mu_{{\rm t},ijk} \f$"
MU_DNS,MESH_TYPE,"REAL(EB), ALLOCATABLE",3,"deferred(:,:,:); allocated as (0:IBP1,0:JBP1,0:KBP1)",mesh.f90,42,"init.f90:563[0:IBP1,0:JBP1,0:KBP1]",cell_centred_solution,doc: Laminar viscosity (kg/m/s)
TMP,MESH_TYPE,"REAL(EB), ALLOCATABLE",3,"deferred(:,:,:); allocated as (-1:IBP1+1,-1:JBP1+1,-1:KBP1+1)",mesh.f90,43,"init.f90:524[-1:IBP1+1,-1:JBP1+1,-1:KBP1+1]",cell_centred_solution,"2 ghost layers init.f90:524; NOT in MESH_EXCHANGE packages (main.f90:3322-3331 pack RHO,MU,KRES,D,Q,ZZ only) | doc: Gas temperature, \f$ T_{ijk} \f$ (K)"
Q,MESH_TYPE,"REAL(EB), ALLOCATABLE",3,"deferred(:,:,:); allocated as (0:IBP1,0:JBP1,0:KBP1)",mesh.f90,44,"init.f90:581[0:IBP1,0:JBP1,0:KBP1]",cell_centred_solution,"exchanged CODE 1/4 (PKG1) main.f90:3327 | doc: Heat release rate per unit volume, \f$ \dot{q}_{ijk}''' \f$"
KAPPA_GAS,MESH_TYPE,"REAL(EB), ALLOCATABLE",3,"deferred(:,:,:); allocated as (0:IBP1,0:JBP1,0:KBP1)",mesh.f90,45,"init.f90:679[0:IBP1,0:JBP1,0:KBP1]",radiation,"doc: Radiation absorption coefficient by gas, \f$ \kappa_{ijk} \f$"
CHI_R,MESH_TYPE,"REAL(EB), ALLOCATABLE",3,"deferred(:,:,:); allocated as (0:IBP1,0:JBP1,0:KBP1)",mesh.f90,46,"init.f90:677[0:IBP1,0:JBP1,0:KBP1]",radiation,"doc: Radiative fraction, \f$ \chi_{{\rm r},ijk} \f$"
QR,MESH_TYPE,"REAL(EB), ALLOCATABLE",3,"deferred(:,:,:); allocated as (0:IBP1,0:JBP1,0:KBP1)",mesh.f90,47,"init.f90:678[0:IBP1,0:JBP1,0:KBP1]",radiation,"doc: Radiation source term, \f$ -\nabla \cdot \dot{\mathbf{q}}_{\rm r}'' \f$"
QR_W,MESH_TYPE,"REAL(EB), ALLOCATABLE",3,"deferred(:,:,:); allocated as (0:IBP1,0:JBP1,0:KBP1)",mesh.f90,48,"init.f90:657[0:IBP1,0:JBP1,0:KBP1]",radiation,"doc: Radiation source term, particles and droplets"
RADIATION_EMISSION,MESH_TYPE,"REAL(EB), ALLOCATABLE",3,"deferred(:,:,:); allocated as (0:IBP1,0:JBP1,0:KBP1)",mesh.f90,49,"init.f90:683[0:IBP1,0:JBP1,0:KBP1]",radiation,"doc: Radiation source term, emission"
RADIATION_ABSORPTION,MESH_TYPE,"REAL(EB), ALLOCATABLE",3,"deferred(:,:,:); allocated as (0:IBP1,0:JBP1,0:KBP1)",mesh.f90,50,"init.f90:685[0:IBP1,0:JBP1,0:KBP1]",radiation,"doc: Radiation source term, absorption"
UII,MESH_TYPE,"REAL(EB), ALLOCATABLE",3,"deferred(:,:,:); allocated as (0:IBP1,0:JBP1,0:KBP1)",mesh.f90,51,"init.f90:680[0:IBP1,0:JBP1,0:KBP1]",radiation,"doc: Integrated intensity, \f$ U_{ijk}=\sum_{l=1}^N I_{ijk}^l\delta\Omega^l\f$"
RSUM,MESH_TYPE,"REAL(EB), ALLOCATABLE",3,"deferred(:,:,:); allocated as (0:IBP1,0:JBP1,0:KBP1)",mesh.f90,52,"init.f90:599[0:IBP1,0:JBP1,0:KBP1]",cell_centred_solution,"doc: \f$ R_0 \sum_\alpha Z_{\alpha,ijk}/W_\alpha \f$"
D_SOURCE,MESH_TYPE,"REAL(EB), ALLOCATABLE",3,"deferred(:,:,:); allocated as (0:IBP1,0:JBP1,0:KBP1)",mesh.f90,53,"init.f90:670[0:IBP1,0:JBP1,0:KBP1]",cell_centred_solution,doc: Source terms in the expression for the divergence
CSD2,MESH_TYPE,"REAL(EB), ALLOCATABLE",3,"deferred(:,:,:); allocated as (0:IBP1,0:JBP1,0:KBP1)",mesh.f90,54,"init.f90:572[0:IBP1,0:JBP1,0:KBP1]",cell_centred_solution,doc: \f$ C_s \Delta^2 \f$ in Smagorinsky turbulence expression
CHEM_SUBIT,MESH_TYPE,"REAL(EB), ALLOCATABLE",3,"deferred(:,:,:); allocated as (0:IBP1,0:JBP1,0:KBP1)",mesh.f90,55,"init.f90:575[0:IBP1,0:JBP1,0:KBP1]",cell_centred_solution,doc: Number of chemistry sub-iterations
CHEM_ACTIVE_CELLS,MESH_TYPE,"INTEGER, ALLOCATABLE",2,"deferred(:,:); allocated as (IBP1*JBP1*KBP1,4)",mesh.f90,56,"init.f90:578[IBP1*JBP1*KBP1,4]",other,"combustion active-cell lists | doc: I , J ,K, igntion_zone info of chemically active cells."
CHEM_ACTIVE_CC,MESH_TYPE,"INTEGER, ALLOCATABLE",2,"deferred(:,:); allocated as (SUM_CC,3)",mesh.f90,57,"geom.f90:14550[SUM_CC,3]",other,"combustion active-cell lists | doc: ICC, JCC, igntion_zone of chemically active cells."
MIX_TIME,MESH_TYPE,"REAL(EB), ALLOCATABLE",3,"deferred(:,:,:); allocated as (0:IBP1,0:JBP1,0:KBP1)",mesh.f90,58,"init.f90:582[0:IBP1,0:JBP1,0:KBP1]",cell_centred_solution,doc: Mixing-controlled combustion reaction time (s)
STRAIN_RATE,MESH_TYPE,"REAL(EB), ALLOCATABLE",3,"deferred(:,:,:); allocated as (0:IBP1,0:JBP1,0:KBP1)",mesh.f90,59,"init.f90:569[0:IBP1,0:JBP1,0:KBP1]",cell_centred_solution,doc: Strain rate \f$ |S|_{ijk} \f$ (1/s)
D_Z_MAX,MESH_TYPE,"REAL(EB), ALLOCATABLE",3,"deferred(:,:,:); allocated as (0:IBP1,0:JBP1,0:KBP1)",mesh.f90,60,"init.f90:566[0:IBP1,0:JBP1,0:KBP1]",cell_centred_solution,doc: \f$ \max D_\alpha \f$
PP_RESIDUAL,MESH_TYPE,"REAL(EB), ALLOCATABLE",3,"deferred(:,:,:); allocated as (0:IBP1,0:JBP1,0:KBP1)",mesh.f90,61,"init.f90:641[0:IBP1,0:JBP1,0:KBP1]",other,diagnostics / stability monitors | doc: Pressure Poisson residual (debug)
LES_FILTER_WIDTH,MESH_TYPE,"REAL(EB), ALLOCATABLE",3,"deferred(:,:,:); allocated as (0:IBP1,0:JBP1,0:KBP1)",mesh.f90,62,"init.f90:799[0:IBP1,0:JBP1,0:KBP1]",grid_geometry,doc: Characteristic cell dimension (m)
ZZ,MESH_TYPE,"REAL(EB), ALLOCATABLE",4,"deferred(:,:,:,:); allocated as (-1:IBP1+1,-1:JBP1+1,-1:KBP1+1,N_TOTAL_SCALARS)",mesh.f90,64,"init.f90:527[-1:IBP1+1,-1:JBP1+1,-1:KBP1+1,N_TOTAL_SCALARS]",cell_centred_solution,"lumped species, 2 ghost layers, 4th index 1:N_TOTAL_SCALARS init.f90:527; exchanged CODE 4 (2 cells deep) main.f90:3329-3330 | doc: Lumped species, current time step, \f$ Z_{\alpha,ijk}^n \f$"
ZZS,MESH_TYPE,"REAL(EB), ALLOCATABLE",4,"deferred(:,:,:,:); allocated as (-1:IBP1+1,-1:JBP1+1,-1:KBP1+1,N_TOTAL_SCALARS)",mesh.f90,65,"init.f90:528[-1:IBP1+1,-1:JBP1+1,-1:KBP1+1,N_TOTAL_SCALARS]",cell_centred_solution,"2 ghost layers init.f90:528; exchanged CODE 1 main.f90:3329-3330 | doc: Lumped species, next time step, \f$ Z_{\alpha,ijk}^* \f$"
REAC_SOURCE_TERM,MESH_TYPE,"REAL(EB), ALLOCATABLE",4,"deferred(:,:,:,:); allocated as (0:IBP1,0:JBP1,0:KBP1,N_TRACKED_SPECIES)",mesh.f90,66,"init.f90:594[0:IBP1,0:JBP1,0:KBP1,N_TRACKED_SPECIES]",cell_centred_solution,"doc: \f$ \dot{m}_{\alpha,ijk}''' \f$"
DEL_RHO_D_DEL_Z,MESH_TYPE,"REAL(EB), ALLOCATABLE",4,"deferred(:,:,:,:); allocated as (0:IBP1,0:JBP1,0:KBP1,N_TOTAL_SCALARS)",mesh.f90,67,"init.f90:590[0:IBP1,0:JBP1,0:KBP1,N_TOTAL_SCALARS]",cell_centred_solution,doc: \f$ (\nabla \cdot \rho D_\alpha \nabla Z_\alpha)_{ijk} \f$
FX,MESH_TYPE,"REAL(EB), ALLOCATABLE",4,"deferred(:,:,:,:); allocated as (0:IBP1,0:JBP1,0:KBP1,N_LOWER_SCALARS:N_TOTAL_SCALARS)",mesh.f90,68,"init.f90:611[0:IBP1,0:JBP1,0:KBP1,N_LOWER_SCALARS:N_TOTAL_SCALARS]",face_centred_flux,"doc: \f$ \rho Z_{\alpha,ijk} \f$ at \f$ x \f$ face of cell"
FY,MESH_TYPE,"REAL(EB), ALLOCATABLE",4,"deferred(:,:,:,:); allocated as (0:IBP1,0:JBP1,0:KBP1,N_LOWER_SCALARS:N_TOTAL_SCALARS)",mesh.f90,69,"init.f90:612[0:IBP1,0:JBP1,0:KBP1,N_LOWER_SCALARS:N_TOTAL_SCALARS]",face_centred_flux,"doc: \f$ \rho Z_{\alpha,ijk} \f$ at \f$ y \f$ face of cell"
FZ,MESH_TYPE,"REAL(EB), ALLOCATABLE",4,"deferred(:,:,:,:); allocated as (0:IBP1,0:JBP1,0:KBP1,N_LOWER_SCALARS:N_TOTAL_SCALARS)",mesh.f90,70,"init.f90:613[0:IBP1,0:JBP1,0:KBP1,N_LOWER_SCALARS:N_TOTAL_SCALARS]",face_centred_flux,"doc: \f$ \rho Z_{\alpha,ijk} \f$ at \f$ z \f$ face of cell"
Q_REAC,MESH_TYPE,"REAL(EB), ALLOCATABLE",4,"deferred(:,:,:,:); allocated as (0:IBP1,0:JBP1,0:KBP1,N_REACTIONS)",mesh.f90,71,"init.f90:596[0:IBP1,0:JBP1,0:KBP1,N_REACTIONS]",cell_centred_solution,doc: \f$ \dot{q}_{ijk}''' \f$ for a specified reaction
AVG_DROP_DEN,MESH_TYPE,"REAL(EB), ALLOCATABLE",4,"deferred(:,:,:,:); allocated as (0:IBP1,0:JBP1,0:KBP1,N_LP_ARRAY_INDICES)",mesh.f90,72,"init.f90:658[0:IBP1,0:JBP1,0:KBP1,N_LP_ARRAY_INDICES]",particle,doc: Droplet mass per unit volume for a certain droplet type
AVG_DROP_TMP,MESH_TYPE,"REAL(EB), ALLOCATABLE",4,"deferred(:,:,:,:); allocated as (0:IBP1,0:JBP1,0:KBP1,N_LP_ARRAY_INDICES)",mesh.f90,73,"init.f90:660[0:IBP1,0:JBP1,0:KBP1,N_LP_ARRAY_INDICES]",particle,doc: Average temperature for a certain droplet type
AVG_DROP_RAD,MESH_TYPE,"REAL(EB), ALLOCATABLE",4,"deferred(:,:,:,:); allocated as (0:IBP1,0:JBP1,0:KBP1,N_LP_ARRAY_INDICES)",mesh.f90,74,"init.f90:661[0:IBP1,0:JBP1,0:KBP1,N_LP_ARRAY_INDICES]",particle,doc: Average radius for a certain droplet type
AVG_DROP_AREA,MESH_TYPE,"REAL(EB), ALLOCATABLE",4,"deferred(:,:,:,:); allocated as (0:IBP1,0:JBP1,0:KBP1,N_LP_ARRAY_INDICES)",mesh.f90,75,"init.f90:659[0:IBP1,0:JBP1,0:KBP1,N_LP_ARRAY_INDICES]",particle,doc: Average area for a certain droplet type
M_DOT_PPP,MESH_TYPE,"REAL(EB), ALLOCATABLE",4,"deferred(:,:,:,:); allocated as (0:IBP1,0:JBP1,0:KBP1,1:N_TRACKED_SPECIES)",mesh.f90,76,"init.f90:671[0:IBP1,0:JBP1,0:KBP1,1:N_TRACKED_SPECIES]",cell_centred_solution,"doc: Mass source term, \f$ \dot{m}_{\alpha,ijk}''' \f$"
ADV_FX,MESH_TYPE,"REAL(EB), ALLOCATABLE",4,"deferred(:,:,:,:); allocated as (0:IBP1,0:JBP1,0:KBP1,1:N_TOTAL_SCALARS)",mesh.f90,77,"init.f90:618[0:IBP1,0:JBP1,0:KBP1,1:N_TOTAL_SCALARS]",face_centred_flux,
ADV_FY,MESH_TYPE,"REAL(EB), ALLOCATABLE",4,"deferred(:,:,:,:); allocated as (0:IBP1,0:JBP1,0:KBP1,1:N_TOTAL_SCALARS)",mesh.f90,78,"init.f90:619[0:IBP1,0:JBP1,0:KBP1,1:N_TOTAL_SCALARS]",face_centred_flux,
ADV_FZ,MESH_TYPE,"REAL(EB), ALLOCATABLE",4,"deferred(:,:,:,:); allocated as (0:IBP1,0:JBP1,0:KBP1,1:N_TOTAL_SCALARS)",mesh.f90,79,"init.f90:620[0:IBP1,0:JBP1,0:KBP1,1:N_TOTAL_SCALARS]",face_centred_flux,
DIF_FX,MESH_TYPE,"REAL(EB), ALLOCATABLE",4,"deferred(:,:,:,:); allocated as (0:IBP1,0:JBP1,0:KBP1,1:N_TOTAL_SCALARS)",mesh.f90,80,"init.f90:621[0:IBP1,0:JBP1,0:KBP1,1:N_TOTAL_SCALARS]",face_centred_flux,
DIF_FY,MESH_TYPE,"REAL(EB), ALLOCATABLE",4,"deferred(:,:,:,:); allocated as (0:IBP1,0:JBP1,0:KBP1,1:N_TOTAL_SCALARS)",mesh.f90,81,"init.f90:622[0:IBP1,0:JBP1,0:KBP1,1:N_TOTAL_SCALARS]",face_centred_flux,
DIF_FZ,MESH_TYPE,"REAL(EB), ALLOCATABLE",4,"deferred(:,:,:,:); allocated as (0:IBP1,0:JBP1,0:KBP1,1:N_TOTAL_SCALARS)",mesh.f90,82,"init.f90:623[0:IBP1,0:JBP1,0:KBP1,1:N_TOTAL_SCALARS]",face_centred_flux,
DIF_FXS,MESH_TYPE,"REAL(EB), ALLOCATABLE",4,"deferred(:,:,:,:); allocated as (0:IBP1,0:JBP1,0:KBP1,1:N_TOTAL_SCALARS)",mesh.f90,83,"init.f90:624[0:IBP1,0:JBP1,0:KBP1,1:N_TOTAL_SCALARS]",face_centred_flux,
DIF_FYS,MESH_TYPE,"REAL(EB), ALLOCATABLE",4,"deferred(:,:,:,:); allocated as (0:IBP1,0:JBP1,0:KBP1,1:N_TOTAL_SCALARS)",mesh.f90,84,"init.f90:625[0:IBP1,0:JBP1,0:KBP1,1:N_TOTAL_SCALARS]",face_centred_flux,
DIF_FZS,MESH_TYPE,"REAL(EB), ALLOCATABLE",4,"deferred(:,:,:,:); allocated as (0:IBP1,0:JBP1,0:KBP1,1:N_TOTAL_SCALARS)",mesh.f90,85,"init.f90:626[0:IBP1,0:JBP1,0:KBP1,1:N_TOTAL_SCALARS]",face_centred_flux,
POIS_PTB,MESH_TYPE,REAL(EB),0,scalar,mesh.f90,87,,pressure_solver,
POIS_ERR,MESH_TYPE,REAL(EB),0,scalar,mesh.f90,87,,pressure_solver,
SAVE1,MESH_TYPE,"REAL(EB), ALLOCATABLE",1,deferred(:); allocated as (-3:M%LSAVE),mesh.f90,88,init.f90:2443[-3:M%LSAVE],pressure_solver,
SAVE2,MESH_TYPE,"REAL(EB), ALLOCATABLE",1,deferred(:); no ALLOCATE found,mesh.f90,88,,pressure_solver,ALLOCATABLE but never ALLOCATEd; only aliased mesh.f90:574 (likely dead) | ALLOCATABLE but no ALLOCATE/MOVE_ALLOC found in Source/*.f90 (dead or allocated implicitly)
WORK,MESH_TYPE,"REAL(EB), ALLOCATABLE",1,deferred(:); allocated as (M%LWORK),mesh.f90,88,init.f90:2444[M%LWORK],pressure_solver,
PRHS,MESH_TYPE,"REAL(EB), ALLOCATABLE",3,"deferred(:,:,:); allocated as (ITRN,JTRN,KTRN)",mesh.f90,89,"init.f90:2445[ITRN,JTRN,KTRN]; pres.f90:1287[ITRN,JTRN,KTRN]",pressure_solver,"Poisson RHS sized (ITRN,JTRN,KTRN) (1-based, no ghosts) init.f90:2445; re-allocated pres.f90:1287 | doc: Right hand side of Poisson (pressure) equation"
BXS,MESH_TYPE,"REAL(EB), ALLOCATABLE",2,"deferred(:,:); allocated as (JDIM,KBP1)",mesh.f90,90,"init.f90:2448[JDIM,KBP1]; pres.f90:1290[JDIM,KBP1]",pressure_solver,"Poisson BC values on x=XS face, (JDIM,KBP1) 1-based init.f90:2448; dealloc/re-alloc same shape in ULMAT init pres.f90:1280,1270"
BXF,MESH_TYPE,"REAL(EB), ALLOCATABLE",2,"deferred(:,:); allocated as (JDIM,KBP1)",mesh.f90,90,"init.f90:2449[JDIM,KBP1]; pres.f90:1291[JDIM,KBP1]",pressure_solver,"Poisson BC values on x=XF face, (JDIM,KBP1) init.f90:2449; re-alloc pres.f90:1291"
BYS,MESH_TYPE,"REAL(EB), ALLOCATABLE",2,"deferred(:,:); allocated as (IBP1,KBP1)",mesh.f90,90,"init.f90:2450[IBP1,KBP1]; pres.f90:1292[IBP1,KBP1]",pressure_solver,"Poisson BC values on y=YS face, (IBP1,KBP1) init.f90:2450; re-alloc pres.f90:1292"
BYF,MESH_TYPE,"REAL(EB), ALLOCATABLE",2,"deferred(:,:); allocated as (IBP1,KBP1)",mesh.f90,90,"init.f90:2451[IBP1,KBP1]; pres.f90:1293[IBP1,KBP1]",pressure_solver,"Poisson BC values on y=YF face, (IBP1,KBP1) init.f90:2451; re-alloc pres.f90:1293"
BZS,MESH_TYPE,"REAL(EB), ALLOCATABLE",2,"deferred(:,:); allocated as (IBP1,JDIM)",mesh.f90,90,"init.f90:2452[IBP1,JDIM]; pres.f90:1294[IBP1,JDIM]",pressure_solver,"Poisson BC values on z=ZS face, (IBP1,JDIM) init.f90:2452; re-alloc pres.f90:1294"
BZF,MESH_TYPE,"REAL(EB), ALLOCATABLE",2,"deferred(:,:); allocated as (IBP1,JDIM)",mesh.f90,90,"init.f90:2453[IBP1,JDIM]; pres.f90:1295[IBP1,JDIM]",pressure_solver,"Poisson BC values on z=ZF face, (IBP1,JDIM) init.f90:2453; re-alloc pres.f90:1295"
BXST,MESH_TYPE,"REAL(EB), ALLOCATABLE",2,"deferred(:,:); allocated as (KBP1,JTRN) | (KBP1,JBP1)",mesh.f90,90,"init.f90:2402[KBP1,JTRN]; init.f90:2420[KBP1,JBP1]",pressure_solver,
BXFT,MESH_TYPE,"REAL(EB), ALLOCATABLE",2,"deferred(:,:); allocated as (KBP1,JTRN) | (KBP1,JBP1)",mesh.f90,90,"init.f90:2404[KBP1,JTRN]; init.f90:2422[KBP1,JBP1]",pressure_solver,
BYST,MESH_TYPE,"REAL(EB), ALLOCATABLE",2,"deferred(:,:); allocated as (KBP1,IBP1)",mesh.f90,90,"init.f90:2406[KBP1,IBP1]",pressure_solver,
BYFT,MESH_TYPE,"REAL(EB), ALLOCATABLE",2,"deferred(:,:); allocated as (KBP1,IBP1)",mesh.f90,90,"init.f90:2408[KBP1,IBP1]",pressure_solver,
BZST,MESH_TYPE,"REAL(EB), ALLOCATABLE",2,"deferred(:,:); allocated as (JBP1,IBP1) | (JTRN,IBP1)",mesh.f90,90,"init.f90:2391[JBP1,IBP1]; init.f90:2410[JTRN,IBP1]",pressure_solver,
BZFT,MESH_TYPE,"REAL(EB), ALLOCATABLE",2,"deferred(:,:); allocated as (JBP1,IBP1) | (JTRN,IBP1)",mesh.f90,90,"init.f90:2393[JBP1,IBP1]; init.f90:2412[JTRN,IBP1]",pressure_solver,
BXS_BAR,MESH_TYPE,REAL(EB),0,scalar,mesh.f90,91,,pressure_solver,
BXF_BAR,MESH_TYPE,REAL(EB),0,scalar,mesh.f90,91,,pressure_solver,
LSAVE,MESH_TYPE,INTEGER,0,scalar,mesh.f90,92,,pressure_solver,
LWORK,MESH_TYPE,INTEGER,0,scalar,mesh.f90,92,,pressure_solver,
LBC,MESH_TYPE,INTEGER,0,scalar,mesh.f90,92,,pressure_solver,
MBC,MESH_TYPE,INTEGER,0,scalar,mesh.f90,92,,pressure_solver,
NBC,MESH_TYPE,INTEGER,0,scalar,mesh.f90,92,,pressure_solver,
LBC2,MESH_TYPE,INTEGER,0,scalar,mesh.f90,92,,pressure_solver,
MBC2,MESH_TYPE,INTEGER,0,scalar,mesh.f90,92,,pressure_solver,
NBC2,MESH_TYPE,INTEGER,0,scalar,mesh.f90,92,,pressure_solver,
ITRN,MESH_TYPE,INTEGER,0,scalar,mesh.f90,92,,pressure_solver,
JTRN,MESH_TYPE,INTEGER,0,scalar,mesh.f90,92,,pressure_solver,
KTRN,MESH_TYPE,INTEGER,0,scalar,mesh.f90,92,,pressure_solver,
IPS,MESH_TYPE,INTEGER,0,scalar,mesh.f90,92,,pressure_solver,
P_0,MESH_TYPE,"REAL(EB), ALLOCATABLE",1,deferred(:); allocated as (0:M%KBP1),mesh.f90,94,init.f90:449[0:M%KBP1],pressure_solver,"ambient pressure profile p0(z), 1-D over K only (0:KBP1) init.f90:449 -> implicit single vertical column per mesh | doc: Ambient pressure profile, \f$ \overline{p}_0(z) \f$ (Pa)"
RHO_0,MESH_TYPE,"REAL(EB), ALLOCATABLE",1,deferred(:); allocated as (0:M%KBP1),mesh.f90,95,init.f90:451[0:M%KBP1],other,"background state (1-D in z) / wind | doc: Ambient density profile, \f$ \overline{\rho}_0(z) \f$ (kg/m\f$^3\f$)"
TMP_0,MESH_TYPE,"REAL(EB), ALLOCATABLE",1,deferred(:); allocated as (0:M%KBP1),mesh.f90,96,init.f90:450[0:M%KBP1],other,"background state (1-D in z) / wind | doc: Ambient temperature profile, \f$ \overline{T}_0(z) \f$ (K)"
D_PBAR_DT,MESH_TYPE,"REAL(EB), ALLOCATABLE",1,deferred(:); allocated as (0:N_ZONE),mesh.f90,97,init.f90:1047[0:N_ZONE],pressure_solver,doc: \f$ (\partial \overline{p}_m/\partial t)^n \f$
D_PBAR_DT_S,MESH_TYPE,"REAL(EB), ALLOCATABLE",1,deferred(:); allocated as (0:N_ZONE),mesh.f90,98,init.f90:1048[0:N_ZONE],pressure_solver,doc: \f$ (\partial \overline{p}_m/\partial t)^* \f$
U_LEAK,MESH_TYPE,"REAL(EB), ALLOCATABLE",1,deferred(:); allocated as (0:N_ZONE),mesh.f90,99,init.f90:1049[0:N_ZONE],pressure_solver,
U_WIND,MESH_TYPE,"REAL(EB), ALLOCATABLE",1,deferred(:); allocated as (0:M%KBP1),mesh.f90,100,init.f90:718[0:M%KBP1],other,background state (1-D in z) / wind | doc: Component of wind in x direction
V_WIND,MESH_TYPE,"REAL(EB), ALLOCATABLE",1,deferred(:); allocated as (0:M%KBP1),mesh.f90,101,init.f90:719[0:M%KBP1],other,background state (1-D in z) / wind | doc: Component of wind in y direction
W_WIND,MESH_TYPE,"REAL(EB), ALLOCATABLE",1,deferred(:); allocated as (0:M%KBP1),mesh.f90,102,init.f90:720[0:M%KBP1],other,background state (1-D in z) / wind | doc: Component of wind in z direction
PBAR,MESH_TYPE,"REAL(EB), ALLOCATABLE",2,"deferred(:,:); allocated as (0:KBP1,0:N_ZONE)",mesh.f90,104,"init.f90:1044[0:KBP1,0:N_ZONE]",pressure_solver,"background pressure per (K, zone) | doc: Background pressure, current, \f$ \overline{p}_m^n(z,t) \f$ (Pa)"
PBAR_S,MESH_TYPE,"REAL(EB), ALLOCATABLE",2,"deferred(:,:); allocated as (0:KBP1,0:N_ZONE)",mesh.f90,105,"init.f90:1045[0:KBP1,0:N_ZONE]",pressure_solver,"doc: Background pressure, estimated, \f$ \overline{p}_m^*(z,t) \f$ (Pa)"
R_PBAR,MESH_TYPE,"REAL(EB), ALLOCATABLE",2,"deferred(:,:); allocated as (0:KBP1,0:N_ZONE)",mesh.f90,106,"init.f90:1046[0:KBP1,0:N_ZONE]",pressure_solver,"doc: \f$ 1/\overline{p}_m(z,t) \f$"
PRESSURE_ZONE,MESH_TYPE,"INTEGER, ALLOCATABLE",3,"deferred(:,:,:); allocated as (0:IBP1,0:JBP1,0:KBP1) | (0:M4%IBP1,0:M4%JBP1,0:M4%KBP1)",mesh.f90,107,"init.f90:586[0:IBP1,0:JBP1,0:KBP1]; main.f90:1355[0:M4%IBP1,0:M4%JBP1,0:M4%KBP1]",pressure_solver,"integer zone id per cell incl. ghost layer init.f90:586; ALSO allocated for off-process neighbour meshes main.f90:1355 and MPI_BCAST to neighbours main.f90:2853 | doc: Index of the pressure zone for cell (I,J,K)"
ZONE_MESH,MESH_TYPE,"TYPE(ZONE_MESH_TYPE), ALLOCATABLE",1,deferred(:); allocated as (0:N_ZONE),mesh.f90,108,pres.f90:1205[0:N_ZONE],pressure_solver,doc: Stores Pardiso parameters for specific ZONE on a MESH
MUNKH,MESH_TYPE,"INTEGER, ALLOCATABLE",3,"deferred(:,:,:); allocated as (0:IBAR+1,0:JBAR+1,0:KBAR+1)",mesh.f90,109,"pres.f90:1315[0:IBAR+1,0:JBAR+1,0:KBAR+1]",pressure_solver,doc: Stores pressure unknown indexes for the mesh.
SWORK1,MESH_TYPE,"REAL(EB), ALLOCATABLE",4,"deferred(:,:,:,:); allocated as (0:IBP1,0:JBP1,0:KBP1,N_LOWER_SCALARS:N_TOTAL_SCALARS)",mesh.f90,113,"init.f90:702[0:IBP1,0:JBP1,0:KBP1,N_LOWER_SCALARS:N_TOTAL_SCALARS]",scratch_work,
SWORK2,MESH_TYPE,"REAL(EB), ALLOCATABLE",4,"deferred(:,:,:,:); allocated as (0:IBP1,0:JBP1,0:KBP1,N_LOWER_SCALARS:N_TOTAL_SCALARS)",mesh.f90,114,"init.f90:703[0:IBP1,0:JBP1,0:KBP1,N_LOWER_SCALARS:N_TOTAL_SCALARS]",scratch_work,
SWORK3,MESH_TYPE,"REAL(EB), ALLOCATABLE",4,"deferred(:,:,:,:); allocated as (0:IBP1,0:JBP1,0:KBP1,N_LOWER_SCALARS:N_TOTAL_SCALARS)",mesh.f90,115,"init.f90:704[0:IBP1,0:JBP1,0:KBP1,N_LOWER_SCALARS:N_TOTAL_SCALARS]",scratch_work,
SWORK4,MESH_TYPE,"REAL(EB), ALLOCATABLE",4,"deferred(:,:,:,:); allocated as (0:IBP1,0:JBP1,0:KBP1,1:N_TOTAL_SCALARS)",mesh.f90,116,"init.f90:705[0:IBP1,0:JBP1,0:KBP1,1:N_TOTAL_SCALARS]",scratch_work,
WORK1,MESH_TYPE,"REAL(EB), ALLOCATABLE",3,"deferred(:,:,:); allocated as (0:IBP1,0:JBP1,0:KBP1)",mesh.f90,117,"init.f90:691[0:IBP1,0:JBP1,0:KBP1]",scratch_work,
WORK2,MESH_TYPE,"REAL(EB), ALLOCATABLE",3,"deferred(:,:,:); allocated as (0:IBP1,0:JBP1,0:KBP1)",mesh.f90,117,"init.f90:692[0:IBP1,0:JBP1,0:KBP1]",scratch_work,
WORK3,MESH_TYPE,"REAL(EB), ALLOCATABLE",3,"deferred(:,:,:); allocated as (0:IBP1,0:JBP1,0:KBP1)",mesh.f90,117,"init.f90:693[0:IBP1,0:JBP1,0:KBP1]",scratch_work,
WORK4,MESH_TYPE,"REAL(EB), ALLOCATABLE",3,"deferred(:,:,:); allocated as (0:IBP1,0:JBP1,0:KBP1)",mesh.f90,117,"init.f90:694[0:IBP1,0:JBP1,0:KBP1]",scratch_work,
WORK5,MESH_TYPE,"REAL(EB), ALLOCATABLE",3,"deferred(:,:,:); allocated as (0:IBP1,0:JBP1,0:KBP1)",mesh.f90,117,"init.f90:695[0:IBP1,0:JBP1,0:KBP1]",scratch_work,
WORK6,MESH_TYPE,"REAL(EB), ALLOCATABLE",3,"deferred(:,:,:); allocated as (0:IBP1,0:JBP1,0:KBP1)",mesh.f90,117,"init.f90:696[0:IBP1,0:JBP1,0:KBP1]",scratch_work,
WORK7,MESH_TYPE,"REAL(EB), ALLOCATABLE",3,"deferred(:,:,:); allocated as (0:IBP1,0:JBP1,0:KBP1)",mesh.f90,117,"init.f90:697[0:IBP1,0:JBP1,0:KBP1]",scratch_work,
WORK8,MESH_TYPE,"REAL(EB), ALLOCATABLE",3,"deferred(:,:,:); allocated as (0:IBP1,0:JBP1,0:KBP1)",mesh.f90,117,"init.f90:698[0:IBP1,0:JBP1,0:KBP1]",scratch_work,
WORK9,MESH_TYPE,"REAL(EB), ALLOCATABLE",3,"deferred(:,:,:); allocated as (0:IBP1,0:JBP1,0:KBP1)",mesh.f90,117,"init.f90:699[0:IBP1,0:JBP1,0:KBP1]",scratch_work,
IWORK1,MESH_TYPE,"INTEGER, ALLOCATABLE",3,"deferred(:,:,:); allocated as (0:IBP1,0:JBP1,0:KBP1)",mesh.f90,118,"init.f90:701[0:IBP1,0:JBP1,0:KBP1]",scratch_work,
WORK_PAD,MESH_TYPE,"REAL(EB), ALLOCATABLE",3,"deferred(:,:,:); allocated as (-1:IBP1+1,-1:JBP1+1,-1:KBP1+1)",mesh.f90,119,"init.f90:529[-1:IBP1+1,-1:JBP1+1,-1:KBP1+1]",scratch_work,
WORK_U,MESH_TYPE,"REAL(EB), ALLOCATABLE",3,"deferred(:,:,:); allocated as (-1:IBP1,0:JBP1,0:KBP1)",mesh.f90,120,"init.f90:539[-1:IBP1,0:JBP1,0:KBP1]",scratch_work,
WORK_V,MESH_TYPE,"REAL(EB), ALLOCATABLE",3,"deferred(:,:,:); allocated as (0:IBP1,-1:JBP1,0:KBP1)",mesh.f90,120,"init.f90:540[0:IBP1,-1:JBP1,0:KBP1]",scratch_work,
WORK_W,MESH_TYPE,"REAL(EB), ALLOCATABLE",3,"deferred(:,:,:); allocated as (0:IBP1,0:JBP1,-1:KBP1)",mesh.f90,120,"init.f90:541[0:IBP1,0:JBP1,-1:KBP1]",scratch_work,
PWORK1,MESH_TYPE,"REAL(EB), ALLOCATABLE",3,"deferred(:,:,:); allocated as (NX,NX,NX)",mesh.f90,121,"turb.f90:2319[NX,NX,NX]",pressure_solver,
PWORK2,MESH_TYPE,"REAL(EB), ALLOCATABLE",3,"deferred(:,:,:); allocated as (NX,NX,NX)",mesh.f90,121,"turb.f90:2322[NX,NX,NX]",pressure_solver,
PWORK3,MESH_TYPE,"REAL(EB), ALLOCATABLE",3,"deferred(:,:,:); allocated as (NX,NX,NX)",mesh.f90,121,"turb.f90:2325[NX,NX,NX]",pressure_solver,
PWORK4,MESH_TYPE,"REAL(EB), ALLOCATABLE",3,"deferred(:,:,:); no ALLOCATE found",mesh.f90,121,,pressure_solver,ALLOCATABLE but never ALLOCATEd; only aliased mesh.f90:648 (likely dead) | ALLOCATABLE but no ALLOCATE/MOVE_ALLOC found in Source/*.f90 (dead or allocated implicitly)
PWORK5,MESH_TYPE,"COMPLEX(EB), ALLOCATABLE",3,"deferred(:,:,:); allocated as (NX,NX,NX)",mesh.f90,122,"turb.f90:2330[NX,NX,NX]",pressure_solver,
PWORK6,MESH_TYPE,"COMPLEX(EB), ALLOCATABLE",3,"deferred(:,:,:); allocated as (NX,NX,NX)",mesh.f90,122,"turb.f90:2333[NX,NX,NX]",pressure_solver,
PWORK7,MESH_TYPE,"COMPLEX(EB), ALLOCATABLE",3,"deferred(:,:,:); allocated as (NX,NX,NX)",mesh.f90,122,"turb.f90:2336[NX,NX,NX]",pressure_solver,
PWORK8,MESH_TYPE,"COMPLEX(EB), ALLOCATABLE",3,"deferred(:,:,:); allocated as (NX,NX,NX)",mesh.f90,122,"turb.f90:2339[NX,NX,NX]",pressure_solver,
TURB_WORK1,MESH_TYPE,"REAL(EB), ALLOCATABLE",3,"deferred(:,:,:); allocated as (0:IBP1,0:JBP1,0:KBP1)",mesh.f90,123,"turb.f90:53[0:IBP1,0:JBP1,0:KBP1]",scratch_work,
TURB_WORK2,MESH_TYPE,"REAL(EB), ALLOCATABLE",3,"deferred(:,:,:); allocated as (0:IBP1,0:JBP1,0:KBP1)",mesh.f90,123,"turb.f90:56[0:IBP1,0:JBP1,0:KBP1]",scratch_work,
TURB_WORK3,MESH_TYPE,"REAL(EB), ALLOCATABLE",3,"deferred(:,:,:); allocated as (0:IBP1,0:JBP1,0:KBP1)",mesh.f90,123,"turb.f90:59[0:IBP1,0:JBP1,0:KBP1]",scratch_work,
TURB_WORK4,MESH_TYPE,"REAL(EB), ALLOCATABLE",3,"deferred(:,:,:); allocated as (0:IBP1,0:JBP1,0:KBP1)",mesh.f90,123,"turb.f90:62[0:IBP1,0:JBP1,0:KBP1]",scratch_work,
TURB_WORK5,MESH_TYPE,"REAL(EB), ALLOCATABLE",3,"deferred(:,:,:); allocated as (0:IBP1,0:JBP1,0:KBP1)",mesh.f90,124,"turb.f90:66[0:IBP1,0:JBP1,0:KBP1]",scratch_work,
TURB_WORK6,MESH_TYPE,"REAL(EB), ALLOCATABLE",3,"deferred(:,:,:); allocated as (0:IBP1,0:JBP1,0:KBP1)",mesh.f90,124,"turb.f90:69[0:IBP1,0:JBP1,0:KBP1]",scratch_work,
TURB_WORK7,MESH_TYPE,"REAL(EB), ALLOCATABLE",3,"deferred(:,:,:); allocated as (0:IBP1,0:JBP1,0:KBP1)",mesh.f90,124,"turb.f90:72[0:IBP1,0:JBP1,0:KBP1]",scratch_work,
TURB_WORK8,MESH_TYPE,"REAL(EB), ALLOCATABLE",3,"deferred(:,:,:); allocated as (0:IBP1,0:JBP1,0:KBP1)",mesh.f90,124,"turb.f90:75[0:IBP1,0:JBP1,0:KBP1]",scratch_work,
TURB_WORK9,MESH_TYPE,"REAL(EB), ALLOCATABLE",3,"deferred(:,:,:); allocated as (0:IBP1,0:JBP1,0:KBP1)",mesh.f90,125,"turb.f90:79[0:IBP1,0:JBP1,0:KBP1]",scratch_work,
TURB_WORK10,MESH_TYPE,"REAL(EB), ALLOCATABLE",3,"deferred(:,:,:); allocated as (0:IBP1,0:JBP1,0:KBP1)",mesh.f90,125,"turb.f90:82[0:IBP1,0:JBP1,0:KBP1]",scratch_work,
CCVELDIV,MESH_TYPE,"REAL(EB), ALLOCATABLE",3,"deferred(:,:,:); allocated as (0:IBP1,0:JBP1,0:KBP1)",mesh.f90,126,"init.f90:647[0:IBP1,0:JBP1,0:KBP1]",other,diagnostics / stability monitors
CARTVELDIV,MESH_TYPE,"REAL(EB), ALLOCATABLE",3,"deferred(:,:,:); allocated as (0:IBP1,0:JBP1,0:KBP1)",mesh.f90,126,"init.f90:651[0:IBP1,0:JBP1,0:KBP1]",other,diagnostics / stability monitors
WALL_WORK1,MESH_TYPE,"REAL(EB), ALLOCATABLE",1,deferred(:); allocated as (M%N_WALL_CELLS),mesh.f90,127,init.f90:1034[M%N_WALL_CELLS],scratch_work,per-WALL-cell scratch; zeroed at start of pressure iteration main.f90:1649 (velocity error carrier)
WALL_WORK2,MESH_TYPE,"REAL(EB), ALLOCATABLE",1,deferred(:); allocated as (M%N_WALL_CELLS),mesh.f90,127,init.f90:1038[M%N_WALL_CELLS],scratch_work,
FACE_WORK1,MESH_TYPE,"REAL(EB), ALLOCATABLE",1,deferred(:); allocated as (MESHES(NM)%N_CFACE_CELLS_DIM),mesh.f90,127,geom.f90:12149[MESHES(NM)%N_CFACE_CELLS_DIM],scratch_work,
FACE_WORK2,MESH_TYPE,"REAL(EB), ALLOCATABLE",1,deferred(:); allocated as (MESHES(NM)%N_CFACE_CELLS_DIM),mesh.f90,127,geom.f90:12150[MESHES(NM)%N_CFACE_CELLS_DIM],scratch_work,
FACE_WORK3,MESH_TYPE,"REAL(EB), ALLOCATABLE",1,deferred(:); allocated as (MESHES(NM)%N_CFACE_CELLS_DIM),mesh.f90,127,geom.f90:12151[MESHES(NM)%N_CFACE_CELLS_DIM],scratch_work,
FIRE_ARRIVAL_TIME,MESH_TYPE,"REAL(EB), ALLOCATABLE",1,deferred(:); allocated as (1:M%N_INTERNAL_WALL_CELLS+M%N_EXTERNAL_WALL_CELLS+M%N_INTERNAL_CFACE_CELLS),mesh.f90,128,init.f90:1216[1:M%N_INTERNAL_WALL_CELLS+M%N_EXTERNAL_WALL_CELLS+M%N_INTERNAL_CFACE_CELLS],other,"level-set / terrain (2-D I,J arrays)"
FIRE_RESIDENCE_TIME,MESH_TYPE,"REAL(EB), ALLOCATABLE",1,deferred(:); allocated as (1:M%N_INTERNAL_WALL_CELLS+M%N_EXTERNAL_WALL_CELLS+M%N_INTERNAL_CFACE_CELLS),mesh.f90,128,init.f90:1220[1:M%N_INTERNAL_WALL_CELLS+M%N_EXTERNAL_WALL_CELLS+M%N_INTERNAL_CFACE_CELLS],other,"level-set / terrain (2-D I,J arrays)"
LS_SPREAD_RATE,MESH_TYPE,"REAL(EB), ALLOCATABLE",1,deferred(:); allocated as (1:M%N_INTERNAL_WALL_CELLS+M%N_EXTERNAL_WALL_CELLS+M%N_INTERNAL_CFACE_CELLS),mesh.f90,128,init.f90:1224[1:M%N_INTERNAL_WALL_CELLS+M%N_EXTERNAL_WALL_CELLS+M%N_INTERNAL_CFACE_CELLS],other,"level-set / terrain (2-D I,J arrays)"
QQ,MESH_TYPE,"REAL(FB), ALLOCATABLE",4,"deferred(:,:,:,:); allocated as (0:IBP1,0:JBP1,0:KBP1,5)",mesh.f90,129,"dump.f90:1025[0:IBP1,0:JBP1,0:KBP1,5]",other,output / Smokeview
QQ2,MESH_TYPE,"REAL(FB), ALLOCATABLE",4,"deferred(:,:,:,:); allocated as (0:IBP1,0:JBP1,0:KBP1,1)",mesh.f90,129,"dump.f90:1027[0:IBP1,0:JBP1,0:KBP1,1]",other,output / Smokeview
PP,MESH_TYPE,"REAL(FB), ALLOCATABLE",2,"deferred(:,:); allocated as (0:I1B,0:I2B)",mesh.f90,130,"dump.f90:1295[0:I1B,0:I2B]",other,output / Smokeview
PPN,MESH_TYPE,"REAL(FB), ALLOCATABLE",2,"deferred(:,:); allocated as (0:I1B,0:I2B)",mesh.f90,130,"dump.f90:1298[0:I1B,0:I2B]",other,output / Smokeview
BNDF_TIME_INTEGRAL,MESH_TYPE,"REAL(FB), ALLOCATABLE",2,"deferred(:,:); allocated as (M%N_BNDF_POINTS,BNDF_TIME_INTEGRALS)",mesh.f90,130,"dump.f90:1450[M%N_BNDF_POINTS,BNDF_TIME_INTEGRALS]",other,output / Smokeview
IBK,MESH_TYPE,"INTEGER, ALLOCATABLE",2,"deferred(:,:); allocated as (0:I1B,0:I2B)",mesh.f90,131,"dump.f90:1300[0:I1B,0:I2B]",other,output / Smokeview
IBLK,MESH_TYPE,"INTEGER, ALLOCATABLE",3,"deferred(:,:,:); allocated as (0:IBAR,0:JBAR,0:KBAR) | (1:IBAR,1:JBAR,1:KBAR)",mesh.f90,132,"dump.f90:1023[0:IBAR,0:JBAR,0:KBAR]; dump.f90:1100[1:IBAR,1:JBAR,1:KBAR]",other,output / Smokeview
WALL_STORAGE,MESH_TYPE,TYPE(STORAGE_TYPE),0,scalar,mesh.f90,133,,wall_obst_cutcell,
CFACE_STORAGE,MESH_TYPE,TYPE(STORAGE_TYPE),0,scalar,mesh.f90,133,,wall_obst_cutcell,
CFL,MESH_TYPE,REAL(EB),0,scalar,mesh.f90,135,,other,diagnostics / stability monitors
DIVMX,MESH_TYPE,REAL(EB),0,scalar,mesh.f90,135,,other,diagnostics / stability monitors
DIVMN,MESH_TYPE,REAL(EB),0,scalar,mesh.f90,135,,other,diagnostics / stability monitors
VN,MESH_TYPE,REAL(EB),0,scalar,mesh.f90,135,,other,diagnostics / stability monitors
RESMAX,MESH_TYPE,REAL(EB),0,scalar,mesh.f90,135,,other,diagnostics / stability monitors
DRAG_UVWMAX,MESH_TYPE,REAL(EB),0,scalar,mesh.f90,135,,particle,
PART_UVWMAX,MESH_TYPE,REAL(EB),0,scalar,mesh.f90,135,,particle,
ICFL,MESH_TYPE,INTEGER,0,scalar,mesh.f90,136,,other,diagnostics / stability monitors
JCFL,MESH_TYPE,INTEGER,0,scalar,mesh.f90,136,,other,diagnostics / stability monitors
KCFL,MESH_TYPE,INTEGER,0,scalar,mesh.f90,136,,other,diagnostics / stability monitors
IMX,MESH_TYPE,INTEGER,0,scalar,mesh.f90,136,,other,diagnostics / stability monitors
JMX,MESH_TYPE,INTEGER,0,scalar,mesh.f90,136,,other,diagnostics / stability monitors
KMX,MESH_TYPE,INTEGER,0,scalar,mesh.f90,136,,other,diagnostics / stability monitors
IMN,MESH_TYPE,INTEGER,0,scalar,mesh.f90,136,,other,diagnostics / stability monitors
JMN,MESH_TYPE,INTEGER,0,scalar,mesh.f90,136,,other,diagnostics / stability monitors
KMN,MESH_TYPE,INTEGER,0,scalar,mesh.f90,136,,other,diagnostics / stability monitors
I_VN,MESH_TYPE,INTEGER,0,scalar,mesh.f90,136,,other,diagnostics / stability monitors
J_VN,MESH_TYPE,INTEGER,0,scalar,mesh.f90,136,,other,diagnostics / stability monitors
K_VN,MESH_TYPE,INTEGER,0,scalar,mesh.f90,136,,other,diagnostics / stability monitors
IRM,MESH_TYPE,INTEGER,0,scalar,mesh.f90,136,,other,diagnostics / stability monitors
JRM,MESH_TYPE,INTEGER,0,scalar,mesh.f90,136,,other,diagnostics / stability monitors
KRM,MESH_TYPE,INTEGER,0,scalar,mesh.f90,136,,other,diagnostics / stability monitors
DT_RESTRICT_COUNT,MESH_TYPE,INTEGER,0,scalar,mesh.f90,136,,other,diagnostics / stability monitors
DT_RESTRICT_STORE,MESH_TYPE,INTEGER,0,scalar,mesh.f90,136,,other,diagnostics / stability monitors
CLIP_RHOMIN,MESH_TYPE,LOGICAL,0,scalar,mesh.f90,137,,other,diagnostics / stability monitors
CLIP_RHOMAX,MESH_TYPE,LOGICAL,0,scalar,mesh.f90,137,,other,diagnostics / stability monitors
BAROCLINIC_TERMS_ATTACHED,MESH_TYPE,LOGICAL,0,scalar,mesh.f90,138,,other,control flag
BNDF_DUMP,MESH_TYPE,LOGICAL,0,scalar,mesh.f90,139,,other,output / Smokeview
PARTICLES_EXISTED,MESH_TYPE,LOGICAL,0,scalar,mesh.f90,140,,particle,
TRNX_ID,MESH_TYPE,CHARACTER(LABEL_LENGTH),0,scalar,mesh.f90,141,,grid_geometry,no MESH_POINTERS alias (access only via MESHES(NM)%TRNX_ID or M%TRNX_ID)
TRNY_ID,MESH_TYPE,CHARACTER(LABEL_LENGTH),0,scalar,mesh.f90,141,,grid_geometry,no MESH_POINTERS alias (access only via MESHES(NM)%TRNY_ID or M%TRNY_ID)
TRNZ_ID,MESH_TYPE,CHARACTER(LABEL_LENGTH),0,scalar,mesh.f90,141,,grid_geometry,no MESH_POINTERS alias (access only via MESHES(NM)%TRNZ_ID or M%TRNZ_ID)
NCHEM_ACTIVE_CELLS,MESH_TYPE,INTEGER,0,scalar,mesh.f90,142,,other,combustion active-cell lists | no MESH_POINTERS alias (access only via MESHES(NM)%NCHEM_ACTIVE_CELLS or M%NCHEM_ACTIVE_CELLS) | doc: Number of Chemically active cells and cutcells
NCHEM_ACTIVE_CC,MESH_TYPE,INTEGER,0,scalar,mesh.f90,142,,other,combustion active-cell lists | no MESH_POINTERS alias (access only via MESHES(NM)%NCHEM_ACTIVE_CC or M%NCHEM_ACTIVE_CC) | doc: Number of Chemically active cells and cutcells
EDGE,MESH_TYPE,"TYPE(EDGE_TYPE), ALLOCATABLE",1,deferred(:); allocated as (0:N1),mesh.f90,145,func.f90:3922[0:N1]; func.f90:3928[(from EDGE_DUMMY)],ghost_boundary,
IBAR,MESH_TYPE,INTEGER,0,scalar,mesh.f90,147,,grid_geometry,"doc: Number of cells in the \f$ x \f$ direction, \f$ I \f$"
JBAR,MESH_TYPE,INTEGER,0,scalar,mesh.f90,148,,grid_geometry,"doc: Number of cells in the \f$ y \f$ direction, \f$ J \f$"
KBAR,MESH_TYPE,INTEGER,0,scalar,mesh.f90,149,,grid_geometry,"doc: Number of cells in the \f$ z \f$ direction, \f$ K \f$"
IBM1,MESH_TYPE,INTEGER,0,scalar,mesh.f90,150,,grid_geometry,doc: IBAR minus 1
JBM1,MESH_TYPE,INTEGER,0,scalar,mesh.f90,151,,grid_geometry,doc: JBAR minus 1
KBM1,MESH_TYPE,INTEGER,0,scalar,mesh.f90,152,,grid_geometry,doc: KBAR minus 1
IBP1,MESH_TYPE,INTEGER,0,scalar,mesh.f90,153,,grid_geometry,doc: IBAR plus 1
JBP1,MESH_TYPE,INTEGER,0,scalar,mesh.f90,154,,grid_geometry,doc: JBAR plus 1
KBP1,MESH_TYPE,INTEGER,0,scalar,mesh.f90,155,,grid_geometry,doc: KBAR plus 1
N_NEIGHBORING_MESHES,MESH_TYPE,INTEGER,0,scalar,mesh.f90,156,,mpi_exchange,doc: Number of meshing abutting the current one
NEIGHBORING_MESH,MESH_TYPE,"INTEGER, ALLOCATABLE",1,deferred(:); allocated as (M%N_NEIGHBORING_MESHES),mesh.f90,157,read.f90:975[M%N_NEIGHBORING_MESHES],mpi_exchange,doc: Array listing the indices of neighboring meshes
RGB,MESH_TYPE,"INTEGER, ALLOCATABLE",1,deferred(:); allocated as (3),mesh.f90,158,read.f90:734[3],other,output / Smokeview | doc: Color indices of the mesh for Smokeview
NP,MESH_TYPE,INTEGER,0,scalar,mesh.f90,159,,other,output / VTK and unique-slice bookkeeping (new in FireX) | no MESH_POINTERS alias (access only via MESHES(NM)%NP or M%NP)
NC,MESH_TYPE,INTEGER,0,scalar,mesh.f90,159,,other,output / VTK and unique-slice bookkeeping (new in FireX) | no MESH_POINTERS alias (access only via MESHES(NM)%NC or M%NC)
DXI,MESH_TYPE,REAL(EB),0,scalar,mesh.f90,163,,grid_geometry,doc: \f$ \delta \xi = (x_I-x_0)/I \f$
DETA,MESH_TYPE,REAL(EB),0,scalar,mesh.f90,164,,grid_geometry,doc: \f$ \delta \eta = (y_J-y_0)/J \f$
DZETA,MESH_TYPE,REAL(EB),0,scalar,mesh.f90,165,,grid_geometry,doc: \f$ \delta \zeta = (z_K-z_0)/K \f$
RDXI,MESH_TYPE,REAL(EB),0,scalar,mesh.f90,166,,grid_geometry,doc: \f$ 1/ \delta \xi \f$
RDETA,MESH_TYPE,REAL(EB),0,scalar,mesh.f90,167,,grid_geometry,doc: \f$ 1/ \delta \eta \f$
RDZETA,MESH_TYPE,REAL(EB),0,scalar,mesh.f90,168,,grid_geometry,doc: \f$ 1/ \delta \zeta \f$
DXMIN,MESH_TYPE,REAL(EB),0,scalar,mesh.f90,169,,grid_geometry,doc: \f$ \min_i \delta x_i \f$
DXMAX,MESH_TYPE,REAL(EB),0,scalar,mesh.f90,170,,grid_geometry,doc: \f$ \max_i \delta x_i \f$
DYMIN,MESH_TYPE,REAL(EB),0,scalar,mesh.f90,171,,grid_geometry,doc: \f$ \min_j \delta y_j \f$
DYMAX,MESH_TYPE,REAL(EB),0,scalar,mesh.f90,172,,grid_geometry,doc: \f$ \max_j \delta y_j \f$
DZMIN,MESH_TYPE,REAL(EB),0,scalar,mesh.f90,173,,grid_geometry,doc: \f$ \min_k \delta z_k \f$
DZMAX,MESH_TYPE,REAL(EB),0,scalar,mesh.f90,174,,grid_geometry,doc: \f$ \max_k \delta z_k \f$
XS,MESH_TYPE,REAL(EB),0,scalar,mesh.f90,175,,grid_geometry,"doc: Lower extent of mesh x coordinate, \f$ x_0 \f$"
XF,MESH_TYPE,REAL(EB),0,scalar,mesh.f90,176,,grid_geometry,"doc: Upper extent of mesh x coordinate, \f$ x_I \f$"
YS,MESH_TYPE,REAL(EB),0,scalar,mesh.f90,177,,grid_geometry,"doc: Lower extent of mesh y coordinate, \f$ y_0 \f$"
YF,MESH_TYPE,REAL(EB),0,scalar,mesh.f90,178,,grid_geometry,"doc: Upper extent of mesh y coordinate, \f$ y_J \f$"
ZS,MESH_TYPE,REAL(EB),0,scalar,mesh.f90,179,,grid_geometry,"doc: Lower extent of mesh z coordinate, \f$ z_0 \f$"
ZF,MESH_TYPE,REAL(EB),0,scalar,mesh.f90,180,,grid_geometry,"doc: Upper extent of mesh z coordinate, \f$ z_K \f$"
RDXINT,MESH_TYPE,REAL(EB),0,scalar,mesh.f90,181,,grid_geometry,doc: \f$ 500/\delta \xi \f$
RDYINT,MESH_TYPE,REAL(EB),0,scalar,mesh.f90,182,,grid_geometry,doc: \f$ 500/\delta \eta \f$
RDZINT,MESH_TYPE,REAL(EB),0,scalar,mesh.f90,183,,grid_geometry,doc: \f$ 500/\delta \zeta \f$
CELL_SIZE,MESH_TYPE,REAL(EB),0,scalar,mesh.f90,184,,grid_geometry,"doc: Approximate cell size, \f$ (\delta\xi\,\delta\eta\,\delta\zeta)^{1/3} \f$"
R,MESH_TYPE,"REAL(EB), ALLOCATABLE",1,deferred(:); allocated as (0:M%IBAR),mesh.f90,185,read.f90:1227[0:M%IBAR],grid_geometry,"doc: Radial coordinate, \f$ r_i \f$, for CYLINDRICAL geometry"
RC,MESH_TYPE,"REAL(EB), ALLOCATABLE",1,deferred(:); allocated as (0:M%IBAR+1),mesh.f90,186,read.f90:1229[0:M%IBAR+1],grid_geometry,"doc: Radial coordinate, cell center, \f$ (r_i+r_{i-1})/2 \f$"
RRN,MESH_TYPE,"REAL(EB), ALLOCATABLE",1,deferred(:); allocated as (0:M%IBP1),mesh.f90,187,read.f90:1232[0:M%IBP1],grid_geometry,doc: \f$ 2/(r_i+r_{i-1}) \f$
X,MESH_TYPE,"REAL(EB), ALLOCATABLE",1,deferred(:); allocated as (0:M%IBAR),mesh.f90,188,read.f90:1235[0:M%IBAR],grid_geometry,"x face coordinates 0:IBAR read.f90:1235 (stretched grids allowed via RDX arrays) | doc: Position of forward x face of cell (I,J,K), \f$ x_i \f$"
Y,MESH_TYPE,"REAL(EB), ALLOCATABLE",1,deferred(:); allocated as (0:M%JBAR),mesh.f90,189,read.f90:1249[0:M%JBAR],grid_geometry,"doc: Position of forward y face of cell (I,J,K), \f$ y_j \f$"
Z,MESH_TYPE,"REAL(EB), ALLOCATABLE",1,deferred(:); allocated as (0:M%KBAR),mesh.f90,190,read.f90:1263[0:M%KBAR],grid_geometry,"doc: Position of forward z face of cell (I,J,K), \f$ z_k \f$"
XC,MESH_TYPE,"REAL(EB), ALLOCATABLE",1,deferred(:); allocated as (0:M%IBP1),mesh.f90,191,read.f90:1237[0:M%IBP1],grid_geometry,"doc: x coordinate of cell center, \f$ (x_i+x_{i-1})/2 \f$"
YC,MESH_TYPE,"REAL(EB), ALLOCATABLE",1,deferred(:); allocated as (0:M%JBP1),mesh.f90,192,read.f90:1251[0:M%JBP1],grid_geometry,"doc: y coordinate of cell center, \f$ (y_j+y_{j-1})/2 \f$"
ZC,MESH_TYPE,"REAL(EB), ALLOCATABLE",1,deferred(:); allocated as (0:M%KBP1),mesh.f90,193,read.f90:1265[0:M%KBP1],grid_geometry,"doc: z coordinate of cell center, \f$ (z_k+z_{k-1})/2 \f$"
HX,MESH_TYPE,"REAL(EB), ALLOCATABLE",1,deferred(:); allocated as (0:M%IBP1),mesh.f90,194,read.f90:1239[0:M%IBP1],grid_geometry,"doc: Grid stretch factor, \f$ (x_i-x_{i-1})/\delta \xi \f$"
HY,MESH_TYPE,"REAL(EB), ALLOCATABLE",1,deferred(:); allocated as (0:M%JBP1),mesh.f90,195,read.f90:1253[0:M%JBP1],grid_geometry,"doc: Grid stretch factor, \f$ (y_j-y_{j-1})/\delta \eta \f$"
HZ,MESH_TYPE,"REAL(EB), ALLOCATABLE",1,deferred(:); allocated as (0:M%KBP1),mesh.f90,196,read.f90:1267[0:M%KBP1],grid_geometry,"doc: Grid stretch factor, \f$ (z_k-z_{k-1})/\delta \zeta \f$"
DX,MESH_TYPE,"REAL(EB), ALLOCATABLE",1,deferred(:); allocated as (0:M%IBP1),mesh.f90,197,read.f90:1241[0:M%IBP1],grid_geometry,doc: \f$ \delta x_i = x_i-x_{i-1} \f$
DY,MESH_TYPE,"REAL(EB), ALLOCATABLE",1,deferred(:); allocated as (0:M%JBP1),mesh.f90,198,read.f90:1255[0:M%JBP1],grid_geometry,doc: \f$ \delta y_j = y_j-y_{j-1} \f$
DZ,MESH_TYPE,"REAL(EB), ALLOCATABLE",1,deferred(:); allocated as (0:M%KBP1),mesh.f90,199,read.f90:1269[0:M%KBP1],grid_geometry,doc: \f$ \delta z_k = z_k-z_{k-1} \f$
RDX,MESH_TYPE,"REAL(EB), ALLOCATABLE",1,deferred(:); allocated as (0:M%IBP1),mesh.f90,200,read.f90:1243[0:M%IBP1],grid_geometry,1/dx per cell incl. ghosts 0:IBP1 read.f90:1243 | doc: \f$ 1/\delta x_i \f$
RDY,MESH_TYPE,"REAL(EB), ALLOCATABLE",1,deferred(:); allocated as (0:M%JBP1),mesh.f90,201,read.f90:1257[0:M%JBP1],grid_geometry,doc: \f$ 1/\delta y_j \f$
RDZ,MESH_TYPE,"REAL(EB), ALLOCATABLE",1,deferred(:); allocated as (0:M%KBP1),mesh.f90,202,read.f90:1271[0:M%KBP1],grid_geometry,doc: \f$ 1/\delta z_k \f$
DXN,MESH_TYPE,"REAL(EB), ALLOCATABLE",1,deferred(:); allocated as (0:M%IBAR),mesh.f90,203,read.f90:1245[0:M%IBAR],grid_geometry,doc: \f$ (x_i+x_{i+1})/2 \f$
DYN,MESH_TYPE,"REAL(EB), ALLOCATABLE",1,deferred(:); allocated as (0:M%JBAR),mesh.f90,204,read.f90:1259[0:M%JBAR],grid_geometry,doc: \f$ (y_j+y_{j+1})/2 \f$
DZN,MESH_TYPE,"REAL(EB), ALLOCATABLE",1,deferred(:); allocated as (0:M%KBAR),mesh.f90,205,read.f90:1273[0:M%KBAR],grid_geometry,doc: \f$ (z_k+z_{k+1})/2 \f$
RDXN,MESH_TYPE,"REAL(EB), ALLOCATABLE",1,deferred(:); allocated as (0:M%IBAR),mesh.f90,206,read.f90:1247[0:M%IBAR],grid_geometry,doc: \f$ 2/(x_i+x_{i+1}) \f$
RDYN,MESH_TYPE,"REAL(EB), ALLOCATABLE",1,deferred(:); allocated as (0:M%JBAR),mesh.f90,207,read.f90:1261[0:M%JBAR],grid_geometry,doc: \f$ 2/(y_j+y_{j+1}) \f$
RDZN,MESH_TYPE,"REAL(EB), ALLOCATABLE",1,deferred(:); allocated as (0:M%KBAR),mesh.f90,208,read.f90:1275[0:M%KBAR],grid_geometry,doc: \f$ 2/(z_k+z_{k+1}) \f$
CELLSI,MESH_TYPE,"REAL(EB), ALLOCATABLE",1,deferred(:); allocated as (-NIPXS:NIPX+NIPXF),mesh.f90,209,read.f90:1421[-NIPXS:NIPX+NIPXF],grid_geometry,doc: Array used to locate the cell index of \f$ x \f$
CELLSJ,MESH_TYPE,"REAL(EB), ALLOCATABLE",1,deferred(:); allocated as (-NIPYS:NIPY+NIPYF),mesh.f90,210,read.f90:1423[-NIPYS:NIPY+NIPYF],grid_geometry,doc: Array used to locate the cell index of \f$ y \f$
CELLSK,MESH_TYPE,"REAL(EB), ALLOCATABLE",1,deferred(:); allocated as (-NIPZS:NIPZ+NIPZF),mesh.f90,211,read.f90:1425[-NIPZS:NIPZ+NIPZF],grid_geometry,doc: Array used to locate the cell index of \f$ z \f$
CELLSI_LO,MESH_TYPE,INTEGER,0,scalar,mesh.f90,212,,grid_geometry,doc: hold CELLSI array bounds
CELLSI_HI,MESH_TYPE,INTEGER,0,scalar,mesh.f90,212,,grid_geometry,doc: hold CELLSI array bounds
CELLSJ_LO,MESH_TYPE,INTEGER,0,scalar,mesh.f90,213,,grid_geometry,doc: hold CELLSJ array bounds
CELLSJ_HI,MESH_TYPE,INTEGER,0,scalar,mesh.f90,213,,grid_geometry,doc: hold CELLSJ array bounds
CELLSK_LO,MESH_TYPE,INTEGER,0,scalar,mesh.f90,214,,grid_geometry,doc: hold CELLSK array bounds
CELLSK_HI,MESH_TYPE,INTEGER,0,scalar,mesh.f90,214,,grid_geometry,doc: hold CELLSK array bounds
XPLT,MESH_TYPE,"REAL(FB), ALLOCATABLE",1,deferred(:); allocated as (0:IBAR),mesh.f90,215,dump.f90:1004[0:IBAR],grid_geometry,doc: 4 byte real array holding \f$ x \f$ mesh coordinates
YPLT,MESH_TYPE,"REAL(FB), ALLOCATABLE",1,deferred(:); allocated as (0:JBAR),mesh.f90,216,dump.f90:1006[0:JBAR],grid_geometry,doc: 4 byte real array holding \f$ y \f$ mesh coordinates
ZPLT,MESH_TYPE,"REAL(FB), ALLOCATABLE",1,deferred(:); allocated as (0:KBAR),mesh.f90,217,dump.f90:1008[0:KBAR],grid_geometry,doc: 4 byte real array holding \f$ z \f$ mesh coordinates
N_OBST,MESH_TYPE,INTEGER,0,scalar,mesh.f90,219,,wall_obst_cutcell,doc: Number of obstructions in the mesh
OBSTRUCTION,MESH_TYPE,"TYPE(OBSTRUCTION_TYPE), ALLOCATABLE",1,deferred(:); allocated as (0:N_OBST_DIM) | (0:N_OBST+NDO),mesh.f90,220,read.f90:10860[0:N_OBST_DIM]; read.f90:12100[0:N_OBST+NDO],wall_obst_cutcell,doc: Derived type variable holding obstruction information
N_VENT,MESH_TYPE,INTEGER,0,scalar,mesh.f90,222,,wall_obst_cutcell,doc: Number of vents in the mesh
VENTS,MESH_TYPE,"TYPE(VENTS_TYPE), ALLOCATABLE",1,deferred(:); allocated as (N_VENT),mesh.f90,223,read.f90:12154[N_VENT],wall_obst_cutcell,doc: Derived type variable holding vent information
CELL_INDEX,MESH_TYPE,"INTEGER, ALLOCATABLE",3,"deferred(:,:,:); allocated as (0:M4%IBP1,0:M4%JBP1,0:M4%KBP1) | (0:IBP1,0:JBP1,0:KBP1)",mesh.f90,225,"func.f90:5357[0:M4%IBP1,0:M4%JBP1,0:M4%KBP1]; read.f90:11622[0:IBP1,0:JBP1,0:KBP1]",wall_obst_cutcell,"IJK -> linear CELL index (0 = plain gas cell); also allocated for neighbour meshes func.f90:5357 | doc: Unique integer identifier for grid cell (I,J,K)"
CELL,MESH_TYPE,"TYPE(CELL_TYPE), ALLOCATABLE",1,deferred(:); allocated as (0:N1),mesh.f90,226,func.f90:3870[0:N1]; func.f90:3885[(from CELL_DUMMY)],wall_obst_cutcell,doc: Variables associated with nearby solids
CELL_ILW,MESH_TYPE,"REAL(EB), ALLOCATABLE",2,"deferred(:,:); allocated as (1:N1,1:3) | (1:N2,1:3)",mesh.f90,227,"func.f90:3879[1:N1,1:3]; func.f90:3904[1:N2,1:3]",radiation,
CELL_INTEGERS,MESH_TYPE,"INTEGER, ALLOCATABLE",1,deferred(:); allocated as (1:IC),mesh.f90,228,func.f90:3875[1:IC]; func.f90:3895[(from INTEGER_DUMMY)],wall_obst_cutcell,doc: 1-D array to hold CELL variables
CELL_LOGICALS,MESH_TYPE,"LOGICAL, ALLOCATABLE",1,deferred(:); allocated as (1:LC),mesh.f90,229,func.f90:3876[1:LC]; func.f90:3900[(from LOGICAL_DUMMY)],wall_obst_cutcell,doc: 1-D array to hold CELL variables
CONNECTED_MESH,MESH_TYPE,"LOGICAL, ALLOCATABLE",1,deferred(:); allocated as (NMESHES),mesh.f90,231,main.f90:2079[NMESHES],mpi_exchange,doc: T or F if cell is within another mesh
NREGFACE_H,MESH_TYPE,INTEGER,1,(MAX_DIM),mesh.f90,233,,wall_obst_cutcell,no MESH_POINTERS alias (access only via MESHES(NM)%NREGFACE_H or M%NREGFACE_H)
REGFACE_IAXIS_H,MESH_TYPE,"TYPE(CC_REGFACE_TYPE), ALLOCATABLE",1,deferred(:); allocated as (IREG),mesh.f90,234,pres.f90:2073[IREG]; pres.f90:5625[IREG],wall_obst_cutcell,
REGFACE_JAXIS_H,MESH_TYPE,"TYPE(CC_REGFACE_TYPE), ALLOCATABLE",1,deferred(:); allocated as (IREG),mesh.f90,235,pres.f90:2102[IREG]; pres.f90:5652[IREG],wall_obst_cutcell,
REGFACE_KAXIS_H,MESH_TYPE,"TYPE(CC_REGFACE_TYPE), ALLOCATABLE",1,deferred(:); allocated as (IREG),mesh.f90,236,pres.f90:2132[IREG]; pres.f90:5679[IREG],wall_obst_cutcell,
N_EDGE_CROSS,MESH_TYPE,INTEGER,0,scalar,mesh.f90,240,,wall_obst_cutcell,no MESH_POINTERS alias (access only via MESHES(NM)%N_EDGE_CROSS or M%N_EDGE_CROSS)
N_CUTEDGE_MESH,MESH_TYPE,INTEGER,0,scalar,mesh.f90,240,,wall_obst_cutcell,no MESH_POINTERS alias (access only via MESHES(NM)%N_CUTEDGE_MESH or M%N_CUTEDGE_MESH)
N_CUTFACE_MESH,MESH_TYPE,INTEGER,0,scalar,mesh.f90,240,,wall_obst_cutcell,no MESH_POINTERS alias (access only via MESHES(NM)%N_CUTFACE_MESH or M%N_CUTFACE_MESH)
N_CUTCELL_MESH,MESH_TYPE,INTEGER,0,scalar,mesh.f90,240,,wall_obst_cutcell,no MESH_POINTERS alias (access only via MESHES(NM)%N_CUTCELL_MESH or M%N_CUTCELL_MESH)
N_BBCUTFACE_MESH,MESH_TYPE,INTEGER,0,scalar,mesh.f90,241,,wall_obst_cutcell,no MESH_POINTERS alias (access only via MESHES(NM)%N_BBCUTFACE_MESH or M%N_BBCUTFACE_MESH)
N_GCCUTFACE_MESH,MESH_TYPE,INTEGER,0,scalar,mesh.f90,241,,wall_obst_cutcell,no MESH_POINTERS alias (access only via MESHES(NM)%N_GCCUTFACE_MESH or M%N_GCCUTFACE_MESH)
N_GCCUTCELL_MESH,MESH_TYPE,INTEGER,0,scalar,mesh.f90,241,,wall_obst_cutcell,no MESH_POINTERS alias (access only via MESHES(NM)%N_GCCUTCELL_MESH or M%N_GCCUTCELL_MESH)
FINEST_LINK_LEV,MESH_TYPE,INTEGER,0,scalar,mesh.f90,242,,wall_obst_cutcell,no MESH_POINTERS alias (access only via MESHES(NM)%FINEST_LINK_LEV or M%FINEST_LINK_LEV)
NUNK_F,MESH_TYPE,INTEGER,0,scalar,mesh.f90,242,,wall_obst_cutcell,no MESH_POINTERS alias (access only via MESHES(NM)%NUNK_F or M%NUNK_F)
VERTVAR,MESH_TYPE,"INTEGER, ALLOCATABLE",4,"deferred(:,:,:,:); allocated as (ISTR:IEND,JSTR:JEND,KSTR:KEND,CC_NVVARS)",mesh.f90,243,"geom.f90:15799[ISTR:IEND,JSTR:JEND,KSTR:KEND,CC_NVVARS]",wall_obst_cutcell,no MESH_POINTERS alias (access only via MESHES(NM)%VERTVAR or M%VERTVAR)
CCVAR,MESH_TYPE,"INTEGER, ALLOCATABLE",4,"deferred(:,:,:,:); allocated as (ISTR:IEND,JSTR:JEND,KSTR:KEND,CC_UNKZ:CC_UNKZ) | (ISTR:IEND,JSTR:JEND,KSTR:KEND,CC_NCVARS) | (ISTR:IEND,JSTR:JEND,KSTR:KEND,NCVARS)",mesh.f90,243,"ccib.f90:20413[ISTR:IEND,JSTR:JEND,KSTR:KEND,CC_UNKZ:CC_UNKZ]; geom.f90:15817[ISTR:IEND,JSTR:JEND,KSTR:KEND,CC_NCVARS]; pres.f90:5852[ISTR:IEND,JSTR:JEND,KSTR:KEND,NCVARS]",wall_obst_cutcell,
ECVAR,MESH_TYPE,"INTEGER, ALLOCATABLE",5,"deferred(:,:,:,:,:); allocated as (ISTR:IEND,JSTR:JEND,KSTR:KEND,CC_NEVARS,MAX_DIM)",mesh.f90,244,"geom.f90:15805[ISTR:IEND,JSTR:JEND,KSTR:KEND,CC_NEVARS,MAX_DIM]",wall_obst_cutcell,
FCVAR,MESH_TYPE,"INTEGER, ALLOCATABLE",5,"deferred(:,:,:,:,:); allocated as (ISTR:IEND,JSTR:JEND,KSTR:KEND,CC_NFVARS,MAX_DIM)",mesh.f90,244,"geom.f90:15811[ISTR:IEND,JSTR:JEND,KSTR:KEND,CC_NFVARS,MAX_DIM]",wall_obst_cutcell,
EDGE_CROSS,MESH_TYPE,"TYPE(CC_EDGECROSS_TYPE), ALLOCATABLE",1,deferred(:); allocated as (GLOBAL_DELTA_EDGE),mesh.f90,245,geom.f90:15840[GLOBAL_DELTA_EDGE]; geom.f90:18379[(from FROM=EDGE_CROSS_AUX)],wall_obst_cutcell,no MESH_POINTERS alias (access only via MESHES(NM)%EDGE_CROSS or M%EDGE_CROSS)
CUT_EDGE,MESH_TYPE,"TYPE(CC_CUTEDGE_TYPE), ALLOCATABLE",1,deferred(:); allocated as (GLOBAL_DELTA_EDGE),mesh.f90,246,geom.f90:15845[GLOBAL_DELTA_EDGE]; geom.f90:18414[(from FROM=CUT_EDGE_AUX)],wall_obst_cutcell,
CUT_FACE,MESH_TYPE,"TYPE(CC_CUTFACE_TYPE), ALLOCATABLE",1,deferred(:); allocated as (GLOBAL_DELTA_FACE),mesh.f90,247,geom.f90:9563[(from FROM=CUT_FACE_AUX)]; geom.f90:10255[(from FROM=CUT_FACE_AUX)]; geom.f90:15852[GLOBAL_DELTA_FACE]; geom.f90:22270[(from FROM=CUT_FACE_AUX)],wall_obst_cutcell,
CUT_CELL,MESH_TYPE,"TYPE(CC_CUTCELL_TYPE), ALLOCATABLE",1,deferred(:); allocated as (GLOBAL_DELTA_CELL),mesh.f90,248,geom.f90:8379[(from FROM=CUT_CELL_AUX)]; geom.f90:9443[(from FROM=CUT_CELL_AUX)]; geom.f90:9967[(from FROM=CUT_CELL_AUX)]; geom.f90:15858[GLOBAL_DELTA_CELL],wall_obst_cutcell,
GCELL,MESH_TYPE,TYPE(CC_GCELL_TYPE),0,scalar,mesh.f90,250,,wall_obst_cutcell,
CC_NREGFACE_Z,MESH_TYPE,INTEGER,1,(MAX_DIM),mesh.f90,252,,wall_obst_cutcell,no MESH_POINTERS alias (access only via MESHES(NM)%CC_NREGFACE_Z or M%CC_NREGFACE_Z)
CC_NBBREGFACE_Z,MESH_TYPE,INTEGER,1,(MAX_DIM),mesh.f90,252,,wall_obst_cutcell,no MESH_POINTERS alias (access only via MESHES(NM)%CC_NBBREGFACE_Z or M%CC_NBBREGFACE_Z)
CC_REGFACE_IAXIS_Z,MESH_TYPE,"TYPE(CC_REGFACEZ_TYPE), ALLOCATABLE",1,deferred(:); allocated as (IREG),mesh.f90,253,ccib.f90:22086[IREG],wall_obst_cutcell,
CC_REGFACE_JAXIS_Z,MESH_TYPE,"TYPE(CC_REGFACEZ_TYPE), ALLOCATABLE",1,deferred(:); allocated as (IREG),mesh.f90,253,ccib.f90:22176[IREG],wall_obst_cutcell,
CC_REGFACE_KAXIS_Z,MESH_TYPE,"TYPE(CC_REGFACEZ_TYPE), ALLOCATABLE",1,deferred(:); allocated as (IREG),mesh.f90,253,ccib.f90:22266[IREG],wall_obst_cutcell,
CC_NRCFACE_Z,MESH_TYPE,INTEGER,0,scalar,mesh.f90,254,,wall_obst_cutcell,no MESH_POINTERS alias (access only via MESHES(NM)%CC_NRCFACE_Z or M%CC_NRCFACE_Z)
CC_NBBRCFACE_Z,MESH_TYPE,INTEGER,0,scalar,mesh.f90,254,,wall_obst_cutcell,no MESH_POINTERS alias (access only via MESHES(NM)%CC_NBBRCFACE_Z or M%CC_NBBRCFACE_Z)
CC_NRCFACE_H,MESH_TYPE,INTEGER,0,scalar,mesh.f90,254,,wall_obst_cutcell,no MESH_POINTERS alias (access only via MESHES(NM)%CC_NRCFACE_H or M%CC_NRCFACE_H)
RCF_H,MESH_TYPE,"INTEGER, ALLOCATABLE",1,deferred(:); allocated as (IRC),mesh.f90,255,ccib.f90:21721[IRC],wall_obst_cutcell,no MESH_POINTERS alias (access only via MESHES(NM)%RCF_H or M%RCF_H)
RC_FACE,MESH_TYPE,"TYPE(CC_RCFACE_TYPE), ALLOCATABLE",1,deferred(:); allocated as (IRC),mesh.f90,256,ccib.f90:22404[IRC],wall_obst_cutcell,
RHO_ZZN,MESH_TYPE,"REAL(EB), ALLOCATABLE",4,"deferred(:,:,:,:); allocated as (0:IBP1,0:JBP1,0:KBP1,N_TOTAL_SCALARS)",mesh.f90,257,"ccib.f90:11786[0:IBP1,0:JBP1,0:KBP1,N_TOTAL_SCALARS]",wall_obst_cutcell,no MESH_POINTERS alias (access only via MESHES(NM)%RHO_ZZN or M%RHO_ZZN)
CFACE,MESH_TYPE,"TYPE(CFACE_TYPE), ALLOCATABLE",1,deferred(:); allocated as (0:MESHES(NOM)%N_CFACE_CELLS_DIM) | (N_CFACE_CELLS_DIM) | (0:M%N_CFACE_CELLS_DIM+N_NEW_STORAGE_SLOTS) | (0:MESHES(NM)%N_CFACE_CELLS_DIM),mesh.f90,260,ccib.f90:283[0:MESHES(NOM)%N_CFACE_CELLS_DIM]; dump.f90:4223[N_CFACE_CELLS_DIM]; func.f90:4080[0:M%N_CFACE_CELLS_DIM+N_NEW_STORAGE_SLOTS]; geom.f90:12147[0:MESHES(NM)%N_CFACE_CELLS_DIM],wall_obst_cutcell,
CC_NRCEDGE,MESH_TYPE,INTEGER,0,scalar,mesh.f90,263,,wall_obst_cutcell,no MESH_POINTERS alias (access only via MESHES(NM)%CC_NRCEDGE or M%CC_NRCEDGE)
CC_NIBEDGE,MESH_TYPE,INTEGER,0,scalar,mesh.f90,263,,wall_obst_cutcell,no MESH_POINTERS alias (access only via MESHES(NM)%CC_NIBEDGE or M%CC_NIBEDGE)
CC_RCEDGE,MESH_TYPE,"TYPE(CC_EDGE_TYPE), ALLOCATABLE",1,deferred(:); allocated as (1:CC_ECOUNT_RC),mesh.f90,264,geom.f90:7173[1:CC_ECOUNT_RC],wall_obst_cutcell,
CC_IBEDGE,MESH_TYPE,"TYPE(CC_EDGE_TYPE), ALLOCATABLE",1,deferred(:); allocated as (1:CC_ECOUNT),mesh.f90,264,geom.f90:7853[1:CC_ECOUNT],wall_obst_cutcell,
GEOM_ZMAX,MESH_TYPE,"REAL(EB), ALLOCATABLE",2,"deferred(:,:); allocated as (0:IBAR,0:JBAR)",mesh.f90,267,"geom.f90:15906[0:IBAR,0:JBAR]",wall_obst_cutcell,
N_SPCELL,MESH_TYPE,INTEGER,0,scalar,mesh.f90,270,,wall_obst_cutcell,no MESH_POINTERS alias (access only via MESHES(NM)%N_SPCELL or M%N_SPCELL)
N_SPCELL_CF,MESH_TYPE,INTEGER,0,scalar,mesh.f90,270,,wall_obst_cutcell,no MESH_POINTERS alias (access only via MESHES(NM)%N_SPCELL_CF or M%N_SPCELL_CF)
SPCELL_LIST,MESH_TYPE,"INTEGER, ALLOCATABLE",2,"deferred(:,:); allocated as (IAXIS:KAXIS,DELTA_CELL) | (IAXIS:KAXIS,NSPCELL_LIST+DELTA_CELL)",mesh.f90,271,"geom.f90:23120[IAXIS:KAXIS,DELTA_CELL]; geom.f90:23840[IAXIS:KAXIS,NSPCELL_LIST+DELTA_CELL]; geom.f90:24313[IAXIS:KAXIS,NSPCELL_LIST+DELTA_CELL]; geom.f90:25553[IAXIS:KAXIS,NSPCELL_LIST+DELTA_CELL]",wall_obst_cutcell,no MESH_POINTERS alias (access only via MESHES(NM)%SPCELL_LIST or M%SPCELL_LIST)
N_SPCELLS_TO_BLOCK,MESH_TYPE,INTEGER,0,scalar,mesh.f90,272,,wall_obst_cutcell,no MESH_POINTERS alias (access only via MESHES(NM)%N_SPCELLS_TO_BLOCK or M%N_SPCELLS_TO_BLOCK)
SPCELLS_TO_BLOCK,MESH_TYPE,"INTEGER, ALLOCATABLE",1,deferred(:); no ALLOCATE found,mesh.f90,273,geom.f90:15889[(from FROM=SPCELLS_TO_BLOCK_TMP)]; geom.f90:15891[(from FROM=SPCELLS_TO_BLOCK)],wall_obst_cutcell,no MESH_POINTERS alias (access only via MESHES(NM)%SPCELLS_TO_BLOCK or M%SPCELLS_TO_BLOCK)
EWC_UN_LNK,MESH_TYPE,"REAL(EB), ALLOCATABLE",1,deferred(:); allocated as (0:M%N_EXTERNAL_WALL_CELLS),mesh.f90,276,ccib.f90:23338[0:M%N_EXTERNAL_WALL_CELLS],wall_obst_cutcell,
UN_LNK,MESH_TYPE,"REAL(EB), ALLOCATABLE",1,deferred(:); allocated as (0:M%NUNK_F),mesh.f90,276,ccib.f90:23339[0:M%NUNK_F],wall_obst_cutcell,
UN_ULNK,MESH_TYPE,"REAL(EB), ALLOCATABLE",1,deferred(:); allocated as (COUNT),mesh.f90,276,ccib.f90:23395[COUNT],wall_obst_cutcell,
INBCF_AREA,MESH_TYPE,"TYPE(CC_INBCF_AREA_TYPE), ALLOCATABLE",3,"deferred(:,:,:); allocated as (0:MESHES(NM)%IBP1,0:MESHES(NM)%JBP1,0:MESHES(NM)%KBP1)",mesh.f90,279,"geom.f90:14333[0:MESHES(NM)%IBP1,0:MESHES(NM)%JBP1,0:MESHES(NM)%KBP1]",wall_obst_cutcell,no MESH_POINTERS alias (access only via MESHES(NM)%INBCF_AREA or M%INBCF_AREA)
N_CC_BLOCKED,MESH_TYPE,INTEGER,0,scalar,mesh.f90,282,,wall_obst_cutcell,no MESH_POINTERS alias (access only via MESHES(NM)%N_CC_BLOCKED or M%N_CC_BLOCKED)
N_CC_ELIMINATED,MESH_TYPE,INTEGER,0,scalar,mesh.f90,283,,wall_obst_cutcell,no MESH_POINTERS alias (access only via MESHES(NM)%N_CC_ELIMINATED or M%N_CC_ELIMINATED)
JBT_CC_BLOCKED,MESH_TYPE,"INTEGER, ALLOCATABLE",2,"deferred(:,:); allocated as (4,NPACK) | (4,MESHES(NM)%N_CC_BLOCKED)",mesh.f90,284,"geom.f90:5598[4,NPACK]; geom.f90:5654[4,NPACK]; geom.f90:5717[4,MESHES(NM)%N_CC_BLOCKED]",wall_obst_cutcell,no MESH_POINTERS alias (access only via MESHES(NM)%JBT_CC_BLOCKED or M%JBT_CC_BLOCKED)
XYZ_CC_BLOCKED,MESH_TYPE,"REAL(EB), ALLOCATABLE",2,"deferred(:,:); allocated as (3,NPACK) | (3,MESHES(NM)%N_CC_BLOCKED)",mesh.f90,285,"geom.f90:5597[3,NPACK]; geom.f90:5653[3,NPACK]; geom.f90:5716[3,MESHES(NM)%N_CC_BLOCKED]",wall_obst_cutcell,no MESH_POINTERS alias (access only via MESHES(NM)%XYZ_CC_BLOCKED or M%XYZ_CC_BLOCKED)
JBT_CC_ELIMINATED,MESH_TYPE,"INTEGER, ALLOCATABLE",2,"deferred(:,:); allocated as (4,NCAP)",mesh.f90,286,"geom.f90:5792[4,NCAP]; geom.f90:5801[(from FROM=JBT_TMP)]",wall_obst_cutcell,no MESH_POINTERS alias (access only via MESHES(NM)%JBT_CC_ELIMINATED or M%JBT_CC_ELIMINATED)
XYZ_CC_ELIMINATED,MESH_TYPE,"REAL(EB), ALLOCATABLE",2,"deferred(:,:); allocated as (3,NCAP)",mesh.f90,287,"geom.f90:5792[3,NCAP]; geom.f90:5800[(from FROM=XYZ_TMP)]",wall_obst_cutcell,no MESH_POINTERS alias (access only via MESHES(NM)%XYZ_CC_ELIMINATED or M%XYZ_CC_ELIMINATED)
N_WALL_CELLS,MESH_TYPE,INTEGER,0,scalar,mesh.f90,291,,wall_obst_cutcell,
N_WALL_CELLS_DIM,MESH_TYPE,INTEGER,0,scalar,mesh.f90,291,,wall_obst_cutcell,
N_INTERNAL_WALL_CELLS,MESH_TYPE,INTEGER,0,scalar,mesh.f90,291,,wall_obst_cutcell,
N_EXTERNAL_WALL_CELLS,MESH_TYPE,INTEGER,0,scalar,mesh.f90,291,,ghost_boundary,
N_THIN_WALL_CELLS,MESH_TYPE,INTEGER,0,scalar,mesh.f90,292,,wall_obst_cutcell,
N_THIN_WALL_CELLS_DIM,MESH_TYPE,INTEGER,0,scalar,mesh.f90,292,,wall_obst_cutcell,
HT_3D_SWEEP_DIRECTION,MESH_TYPE,INTEGER,0,scalar,mesh.f90,293,,wall_obst_cutcell,
N_EXTERNAL_CFACE_CELLS,MESH_TYPE,INTEGER,0,scalar,mesh.f90,294,,wall_obst_cutcell,
N_INTWALL_CFACE_CELLS,MESH_TYPE,INTEGER,0,scalar,mesh.f90,294,,wall_obst_cutcell,
INTERNAL_CFACE_CELLS_LB,MESH_TYPE,INTEGER,0,scalar,mesh.f90,294,,wall_obst_cutcell,
N_INTERNAL_CFACE_CELLS,MESH_TYPE,INTEGER,0,scalar,mesh.f90,295,,wall_obst_cutcell,
N_CFACE_CELLS_DIM,MESH_TYPE,INTEGER,0,scalar,mesh.f90,295,,wall_obst_cutcell,
BC_CLOCK,MESH_TYPE,REAL(EB),0,scalar,mesh.f90,296,,wall_obst_cutcell,
UVW_SAVE,MESH_TYPE,"REAL(EB), ALLOCATABLE",1,deferred(:); allocated as (M%N_EXTERNAL_WALL_CELLS),mesh.f90,297,init.f90:972[M%N_EXTERNAL_WALL_CELLS],ghost_boundary,
U_GHOST,MESH_TYPE,"REAL(EB), ALLOCATABLE",1,deferred(:); allocated as (M%N_EXTERNAL_WALL_CELLS),mesh.f90,297,init.f90:974[M%N_EXTERNAL_WALL_CELLS],ghost_boundary,
V_GHOST,MESH_TYPE,"REAL(EB), ALLOCATABLE",1,deferred(:); allocated as (M%N_EXTERNAL_WALL_CELLS),mesh.f90,297,init.f90:975[M%N_EXTERNAL_WALL_CELLS],ghost_boundary,
W_GHOST,MESH_TYPE,"REAL(EB), ALLOCATABLE",1,deferred(:); allocated as (M%N_EXTERNAL_WALL_CELLS),mesh.f90,297,init.f90:976[M%N_EXTERNAL_WALL_CELLS],ghost_boundary,
WALL,MESH_TYPE,"TYPE(WALL_TYPE), ALLOCATABLE",1,deferred(:); allocated as (0:N_WALL_CELLS_DIM) | (0:M%N_WALL_CELLS_DIM+N_NEW_STORAGE_SLOTS) | (0:M%N_WALL_CELLS_DIM) | (0:MESHES(NOM)%N_WALL_CELLS_DIM),mesh.f90,298,dump.f90:4199[0:N_WALL_CELLS_DIM]; func.f90:4011[0:M%N_WALL_CELLS_DIM+N_NEW_STORAGE_SLOTS]; init.f90:48[0:M%N_WALL_CELLS_DIM]; main.f90:2497[0:MESHES(NOM)%N_WALL_CELLS_DIM],wall_obst_cutcell,"WALL(0:N_WALL_CELLS_DIM); external (mesh-boundary) wall cells come first (1:N_EXTERNAL_WALL_CELLS, see main.f90:2104-2108); also allocated for off-process neighbour meshes main.f90:2497"
THIN_WALL,MESH_TYPE,"TYPE(THIN_WALL_TYPE), ALLOCATABLE",1,deferred(:); allocated as (1:N_THIN_WALL_CELLS_DIM) | (1:M%N_THIN_WALL_CELLS_DIM+N_NEW_STORAGE_SLOTS) | (0:M%N_THIN_WALL_CELLS_DIM) | (0:MESHES(NOM)%N_THIN_WALL_CELLS_DIM),mesh.f90,299,dump.f90:4211[1:N_THIN_WALL_CELLS_DIM]; func.f90:4050[1:M%N_THIN_WALL_CELLS_DIM+N_NEW_STORAGE_SLOTS]; init.f90:49[0:M%N_THIN_WALL_CELLS_DIM]; main.f90:2528[0:MESHES(NOM)%N_THIN_WALL_CELLS_DIM],wall_obst_cutcell,
EXTERNAL_WALL,MESH_TYPE,"TYPE(EXTERNAL_WALL_TYPE), ALLOCATABLE",1,deferred(:); allocated as (M%N_EXTERNAL_WALL_CELLS),mesh.f90,300,init.f90:38[M%N_EXTERNAL_WALL_CELLS],ghost_boundary,per external wall cell: neighbour mesh NOM + index range IIO/JJO/KKO_MIN:MAX of abutting cells in NOM (type.f90:462-482); basis of the non-matching-resolution interpolation
OMESH,MESH_TYPE,"TYPE(OMESH_TYPE), ALLOCATABLE",1,deferred(:); allocated as (NMESHES),mesh.f90,301,main.f90:2077[NMESHES],mpi_exchange,one OMESH_TYPE per mesh in the whole run (1:NMESHES) main.f90:2077 even though only neighbours are populated
LAGRANGIAN_PARTICLE,MESH_TYPE,"TYPE(LAGRANGIAN_PARTICLE_TYPE), ALLOCATABLE",1,deferred(:); allocated as (NLPDIM) | (M%NLPDIM+N_NEW_STORAGE_SLOTS) | (M%NLPDIM),mesh.f90,302,dump.f90:4237[NLPDIM]; func.f90:3981[M%NLPDIM+N_NEW_STORAGE_SLOTS]; init.f90:930[M%NLPDIM],particle,
BOUNDARY_ONE_D,MESH_TYPE,"TYPE(BOUNDARY_ONE_D_TYPE), ALLOCATABLE",1,deferred(:); allocated as (N_BOUNDARY_ONE_D_DIM),mesh.f90,303,dump.f90:4193[N_BOUNDARY_ONE_D_DIM]; func.f90:4153[(from OD_DUMMY)],wall_obst_cutcell,
BOUNDARY_THR_D,MESH_TYPE,"TYPE(BOUNDARY_THR_D_TYPE), ALLOCATABLE",1,deferred(:); no ALLOCATE found,mesh.f90,304,func.f90:4206[(from TD_DUMMY)],wall_obst_cutcell,
BOUNDARY_COORD,MESH_TYPE,"TYPE(BOUNDARY_COORD_TYPE), ALLOCATABLE",1,deferred(:); allocated as (N_BOUNDARY_COORD_DIM) | (M%N_BOUNDARY_COORD_DIM),mesh.f90,305,dump.f90:4192[N_BOUNDARY_COORD_DIM]; func.f90:4124[(from BC_DUMMY)]; init.f90:67[M%N_BOUNDARY_COORD_DIM],wall_obst_cutcell,
BOUNDARY_PROP1,MESH_TYPE,"TYPE(BOUNDARY_PROP1_TYPE), ALLOCATABLE",1,deferred(:); allocated as (N_BOUNDARY_PROP1_DIM) | (M%N_BOUNDARY_PROP1_DIM),mesh.f90,306,dump.f90:4194[N_BOUNDARY_PROP1_DIM]; func.f90:4238[(from B1_DUMMY)]; init.f90:68[M%N_BOUNDARY_PROP1_DIM],wall_obst_cutcell,
BOUNDARY_PROP2,MESH_TYPE,"TYPE(BOUNDARY_PROP2_TYPE), ALLOCATABLE",1,deferred(:); allocated as (N_BOUNDARY_PROP2_DIM) | (M%N_BOUNDARY_PROP2_DIM),mesh.f90,307,dump.f90:4195[N_BOUNDARY_PROP2_DIM]; func.f90:4301[(from B2_DUMMY)]; init.f90:69[M%N_BOUNDARY_PROP2_DIM],wall_obst_cutcell,
BOUNDARY_RADIA,MESH_TYPE,"TYPE(BOUNDARY_RADIA_TYPE), ALLOCATABLE",1,deferred(:); allocated as (N_BOUNDARY_RADIA_DIM) | (M%N_BOUNDARY_RADIA_DIM),mesh.f90,308,dump.f90:4196[N_BOUNDARY_RADIA_DIM]; func.f90:4361[(from BR_DUMMY)]; init.f90:70[M%N_BOUNDARY_RADIA_DIM],wall_obst_cutcell,
N_BOUNDARY_COORD_DIM,MESH_TYPE,INTEGER,0,scalar,mesh.f90,309,,wall_obst_cutcell,
N_BOUNDARY_ONE_D_DIM,MESH_TYPE,INTEGER,0,scalar,mesh.f90,309,,wall_obst_cutcell,
N_BOUNDARY_THR_D_DIM,MESH_TYPE,INTEGER,0,scalar,mesh.f90,309,,wall_obst_cutcell,
N_BOUNDARY_PROP1_DIM,MESH_TYPE,INTEGER,0,scalar,mesh.f90,309,,wall_obst_cutcell,
N_BOUNDARY_PROP2_DIM,MESH_TYPE,INTEGER,0,scalar,mesh.f90,309,,wall_obst_cutcell,
N_BOUNDARY_RADIA_DIM,MESH_TYPE,INTEGER,0,scalar,mesh.f90,310,,wall_obst_cutcell,
NEXT_AVAILABLE_BOUNDARY_COORD_SLOT,MESH_TYPE,INTEGER,0,scalar,mesh.f90,311,,wall_obst_cutcell,
NEXT_AVAILABLE_BOUNDARY_ONE_D_SLOT,MESH_TYPE,INTEGER,0,scalar,mesh.f90,312,,wall_obst_cutcell,
NEXT_AVAILABLE_BOUNDARY_THR_D_SLOT,MESH_TYPE,INTEGER,0,scalar,mesh.f90,313,,wall_obst_cutcell,
NEXT_AVAILABLE_BOUNDARY_PROP1_SLOT,MESH_TYPE,INTEGER,0,scalar,mesh.f90,314,,wall_obst_cutcell,
NEXT_AVAILABLE_BOUNDARY_PROP2_SLOT,MESH_TYPE,INTEGER,0,scalar,mesh.f90,315,,wall_obst_cutcell,
NEXT_AVAILABLE_BOUNDARY_RADIA_SLOT,MESH_TYPE,INTEGER,0,scalar,mesh.f90,316,,wall_obst_cutcell,
BOUNDARY_COORD_OCCUPANCY,MESH_TYPE,"INTEGER, ALLOCATABLE",1,deferred(:); allocated as (N_BOUNDARY_COORD_DIM) | (M%N_BOUNDARY_COORD_DIM),mesh.f90,317,dump.f90:4176[N_BOUNDARY_COORD_DIM]; func.f90:4127[(from DUMMY)]; init.f90:62[M%N_BOUNDARY_COORD_DIM],wall_obst_cutcell,
BOUNDARY_ONE_D_OCCUPANCY,MESH_TYPE,"INTEGER, ALLOCATABLE",1,deferred(:); allocated as (N_BOUNDARY_ONE_D_DIM),mesh.f90,317,dump.f90:4177[N_BOUNDARY_ONE_D_DIM]; func.f90:4156[(from DUMMY)],wall_obst_cutcell,
BOUNDARY_THR_D_OCCUPANCY,MESH_TYPE,"INTEGER, ALLOCATABLE",1,deferred(:); no ALLOCATE found,mesh.f90,317,func.f90:4209[(from DUMMY)],wall_obst_cutcell,
BOUNDARY_PROP1_OCCUPANCY,MESH_TYPE,"INTEGER, ALLOCATABLE",1,deferred(:); allocated as (N_BOUNDARY_PROP1_DIM) | (M%N_BOUNDARY_PROP1_DIM),mesh.f90,318,dump.f90:4178[N_BOUNDARY_PROP1_DIM]; func.f90:4241[(from DUMMY)]; init.f90:63[M%N_BOUNDARY_PROP1_DIM],wall_obst_cutcell,
BOUNDARY_PROP2_OCCUPANCY,MESH_TYPE,"INTEGER, ALLOCATABLE",1,deferred(:); allocated as (N_BOUNDARY_PROP2_DIM) | (M%N_BOUNDARY_PROP2_DIM),mesh.f90,318,dump.f90:4179[N_BOUNDARY_PROP2_DIM]; func.f90:4304[(from DUMMY)]; init.f90:64[M%N_BOUNDARY_PROP2_DIM],wall_obst_cutcell,
BOUNDARY_RADIA_OCCUPANCY,MESH_TYPE,"INTEGER, ALLOCATABLE",1,deferred(:); allocated as (N_BOUNDARY_RADIA_DIM) | (M%N_BOUNDARY_RADIA_DIM),mesh.f90,318,dump.f90:4180[N_BOUNDARY_RADIA_DIM]; func.f90:4364[(from DUMMY)]; init.f90:65[M%N_BOUNDARY_RADIA_DIM],wall_obst_cutcell,
PARTICLE_LAST,MESH_TYPE,"INTEGER, ALLOCATABLE",1,deferred(:); allocated as (N_LAGRANGIAN_CLASSES),mesh.f90,318,init.f90:925[N_LAGRANGIAN_CLASSES],particle,
NLP,MESH_TYPE,INTEGER,0,scalar,mesh.f90,319,,particle,
NLPDIM,MESH_TYPE,INTEGER,0,scalar,mesh.f90,319,,particle,
PARTICLE_TAG,MESH_TYPE,INTEGER,0,scalar,mesh.f90,319,,particle,
N_SLCF,MESH_TYPE,INTEGER,0,scalar,mesh.f90,321,,other,output / Smokeview
SLICE,MESH_TYPE,"TYPE(SLICE_TYPE), ALLOCATABLE",1,deferred(:); allocated as (N_SLCF),mesh.f90,322,read.f90:16028[N_SLCF],other,output / Smokeview
N_SLCF_O,MESH_TYPE,INTEGER,0,scalar,mesh.f90,323,,other,output / VTK and unique-slice bookkeeping (new in FireX)
N_SLCF_VTK,MESH_TYPE,INTEGER,0,scalar,mesh.f90,323,,other,output / VTK and unique-slice bookkeeping (new in FireX) | no MESH_POINTERS alias (access only via MESHES(NM)%N_SLCF_VTK or M%N_SLCF_VTK)
N_UNIQUE_SLCF,MESH_TYPE,INTEGER,0,scalar,mesh.f90,325,,other,output / VTK and unique-slice bookkeeping (new in FireX)
UNIQUE_SLICE_NAMES,MESH_TYPE,"CHARACTER(200), ALLOCATABLE",1,deferred(:); allocated as (N_UNIQUE_SLCF),mesh.f90,326,read.f90:16006[N_UNIQUE_SLCF]; read.f90:16354[N_UNIQUE_SLCF],other,output / VTK and unique-slice bookkeeping (new in FireX)
ALL_SLICE_NAMES,MESH_TYPE,"CHARACTER(200), ALLOCATABLE",1,deferred(:); allocated as (N_SLCF_O*4),mesh.f90,326,read.f90:16011[N_SLCF_O*4],other,output / VTK and unique-slice bookkeeping (new in FireX)
ALL_SLICE_QUANTITIES,MESH_TYPE,"CHARACTER(200), ALLOCATABLE",1,deferred(:); allocated as (N_SLCF_O*4),mesh.f90,326,read.f90:16012[N_SLCF_O*4],other,output / VTK and unique-slice bookkeeping (new in FireX)
ALL_SLICE_TOPOLOGIES,MESH_TYPE,"INTEGER, ALLOCATABLE",1,deferred(:); allocated as (N_SLCF_O*4),mesh.f90,327,read.f90:16013[N_SLCF_O*4],other,output / VTK and unique-slice bookkeeping (new in FireX)
EMPTY_UNIQUE_SLICE,MESH_TYPE,"LOGICAL, ALLOCATABLE",1,deferred(:); allocated as (N_UNIQUE_SLCF),mesh.f90,328,read.f90:16007[N_UNIQUE_SLCF],other,output / VTK and unique-slice bookkeeping (new in FireX)
UNIQUE_SLICE_IS_SL3D,MESH_TYPE,"LOGICAL, ALLOCATABLE",1,deferred(:); allocated as (MESHES(1)%N_UNIQUE_SLCF) | (N_UNIQUE_SLCF),mesh.f90,328,main.f90:4868[MESHES(1)%N_UNIQUE_SLCF]; read.f90:16008[N_UNIQUE_SLCF],other,output / VTK and unique-slice bookkeeping (new in FireX)
UNIQUE_SLICE_IN_DOMAIN,MESH_TYPE,"LOGICAL, ALLOCATABLE",1,deferred(:); allocated as (MESHES(1)%N_UNIQUE_SLCF) | (N_UNIQUE_SLCF),mesh.f90,328,main.f90:4852[MESHES(1)%N_UNIQUE_SLCF]; read.f90:16003[N_UNIQUE_SLCF],other,output / VTK and unique-slice bookkeeping (new in FireX)
UNIQUE_SLCF_AGL,MESH_TYPE,"REAL(EB), ALLOCATABLE",1,deferred(:); allocated as (N_UNIQUE_SLCF),mesh.f90,329,read.f90:16023[N_UNIQUE_SLCF],other,output / VTK and unique-slice bookkeeping (new in FireX) | no MESH_POINTERS alias (access only via MESHES(NM)%UNIQUE_SLCF_AGL or M%UNIQUE_SLCF_AGL)
N_RADF,MESH_TYPE,INTEGER,0,scalar,mesh.f90,331,,other,output / Smokeview
RAD_FILE,MESH_TYPE,"TYPE(RAD_FILE_TYPE), ALLOCATABLE",1,deferred(:); allocated as (N_RADF),mesh.f90,332,read.f90:16539[N_RADF],other,output / Smokeview
N_PATCH,MESH_TYPE,INTEGER,0,scalar,mesh.f90,334,,other,output / Smokeview
N_BNDF_POINTS,MESH_TYPE,INTEGER,0,scalar,mesh.f90,334,,other,output / Smokeview
N_EXTERIOR_PATCH,MESH_TYPE,INTEGER,0,scalar,mesh.f90,334,,other,output / Smokeview
PATCH,MESH_TYPE,"TYPE(PATCH_TYPE), ALLOCATABLE",1,deferred(:); allocated as (M%N_PATCH) | (1:N2) | (N_PATCH),mesh.f90,335,dump.f90:1334[M%N_PATCH]; dump.f90:1750[1:N2]; dump.f90:4274[N_PATCH],other,output / Smokeview
EXTERIOR_PATCH,MESH_TYPE,"TYPE(PATCH_TYPE), ALLOCATABLE",1,deferred(:); allocated as (1:N2) | (10),mesh.f90,336,dump.f90:1755[1:N2]; dump.f90:2848[10],other,output / Smokeview
UIID,MESH_TYPE,"REAL(EB), ALLOCATABLE",4,"deferred(:,:,:,:); allocated as (0:M%IBP1,0:M%JBP1,0:M%KBP1,1:UIIDIM)",mesh.f90,338,"init.f90:854[0:M%IBP1,0:M%JBP1,0:M%KBP1,1:UIIDIM]",radiation,
RAD_CALL_COUNTER,MESH_TYPE,INTEGER,0,scalar,mesh.f90,339,,radiation,
ANGLE_INC_COUNTER,MESH_TYPE,INTEGER,0,scalar,mesh.f90,339,,radiation,
INTERPOLATED_MESH,MESH_TYPE,"INTEGER, ALLOCATABLE",3,"deferred(:,:,:); allocated as (1:M%IBAR,1:M%JBAR,1:M%KBAR)",mesh.f90,341,"init.f90:1569[1:M%IBAR,1:M%JBAR,1:M%KBAR]",ghost_boundary,
STRING,MESH_TYPE,"CHARACTER(MESH_STRING_LENGTH), ALLOCATABLE",1,deferred(:); allocated as (M%N_STRINGS_MAX+100) | (M%N_STRINGS_MAX),mesh.f90,343,func.f90:3825[M%N_STRINGS_MAX+100]; init.f90:1197[M%N_STRINGS_MAX],other,output / Smokeview
N_STRINGS,MESH_TYPE,INTEGER,0,scalar,mesh.f90,344,,other,output / Smokeview
N_STRINGS_MAX,MESH_TYPE,INTEGER,0,scalar,mesh.f90,344,,other,output / Smokeview
K_AGL_SLICE,MESH_TYPE,"INTEGER, ALLOCATABLE",3,"deferred(:,:,:); allocated as (0:IBP1,0:JBP1,N_TERRAIN_SLCF)",mesh.f90,346,"read.f90:16333[0:IBP1,0:JBP1,N_TERRAIN_SLCF]",other,"level-set / terrain (2-D I,J arrays)"
LS_KLO_TERRAIN,MESH_TYPE,"INTEGER, ALLOCATABLE",2,"deferred(:,:); allocated as (0:IBP1,0:JBP1)",mesh.f90,347,"vege.f90:88[0:IBP1,0:JBP1]",other,"level-set / terrain (2-D I,J arrays)"
LS_KHI_TERRAIN,MESH_TYPE,"INTEGER, ALLOCATABLE",2,"deferred(:,:); allocated as (0:IBP1,0:JBP1)",mesh.f90,347,"vege.f90:90[0:IBP1,0:JBP1]",other,"level-set / terrain (2-D I,J arrays)"
K_LS,MESH_TYPE,"INTEGER, ALLOCATABLE",2,"deferred(:,:); allocated as (0:IBP1,0:JBP1)",mesh.f90,347,"vege.f90:80[0:IBP1,0:JBP1]",other,"level-set / terrain (2-D I,J arrays)"
LS_SURF_INDEX,MESH_TYPE,"INTEGER, ALLOCATABLE",2,"deferred(:,:); allocated as (0:IBP1,0:JBP1)",mesh.f90,347,"vege.f90:81[0:IBP1,0:JBP1]",other,"level-set / terrain (2-D I,J arrays)"
N_TERRAIN_SLCF,MESH_TYPE,INTEGER,0,scalar,mesh.f90,348,,other,"level-set / terrain (2-D I,J arrays)"
FLUX0_LS,MESH_TYPE,"REAL(EB), ALLOCATABLE",2,"deferred(:,:); allocated as (IBAR,JBAR)",mesh.f90,350,"vege.f90:211[IBAR,JBAR]",other,"level-set / terrain (2-D I,J arrays)"
FLUX1_LS,MESH_TYPE,"REAL(EB), ALLOCATABLE",2,"deferred(:,:); allocated as (IBAR,JBAR)",mesh.f90,350,"vege.f90:212[IBAR,JBAR]",other,"level-set / terrain (2-D I,J arrays)"
PHI_LS,MESH_TYPE,"REAL(EB), ALLOCATABLE",2,"deferred(:,:); allocated as (-1:IBAR+2,-1:JBAR+2)",mesh.f90,350,"vege.f90:67[-1:IBAR+2,-1:JBAR+2]",other,"level-set / terrain (2-D I,J arrays)"
PHI1_LS,MESH_TYPE,"REAL(EB), ALLOCATABLE",2,"deferred(:,:); allocated as (-1:IBAR+2,-1:JBAR+2)",mesh.f90,350,"vege.f90:69[-1:IBAR+2,-1:JBAR+2]",other,"level-set / terrain (2-D I,J arrays)"
ROS_HEAD,MESH_TYPE,"REAL(EB), ALLOCATABLE",2,"deferred(:,:); allocated as (IBAR,JBAR)",mesh.f90,350,"vege.f90:195[IBAR,JBAR]",other,"level-set / terrain (2-D I,J arrays)"
SR_X_LS,MESH_TYPE,"REAL(EB), ALLOCATABLE",2,"deferred(:,:); allocated as (IBAR,JBAR)",mesh.f90,351,"vege.f90:234[IBAR,JBAR]",other,"level-set / terrain (2-D I,J arrays)"
SR_Y_LS,MESH_TYPE,"REAL(EB), ALLOCATABLE",2,"deferred(:,:); allocated as (IBAR,JBAR)",mesh.f90,351,"vege.f90:235[IBAR,JBAR]",other,"level-set / terrain (2-D I,J arrays)"
U_LS,MESH_TYPE,"REAL(EB), ALLOCATABLE",2,"deferred(:,:); allocated as (0:IBP1,0:JBP1)",mesh.f90,351,"vege.f90:74[0:IBP1,0:JBP1]",other,"level-set / terrain (2-D I,J arrays)"
V_LS,MESH_TYPE,"REAL(EB), ALLOCATABLE",2,"deferred(:,:); allocated as (0:IBP1,0:JBP1)",mesh.f90,351,"vege.f90:75[0:IBP1,0:JBP1]",other,"level-set / terrain (2-D I,J arrays)"
Z_LS,MESH_TYPE,"REAL(EB), ALLOCATABLE",2,"deferred(:,:); allocated as (0:IBP1,0:JBP1)",mesh.f90,351,"vege.f90:79[0:IBP1,0:JBP1]",other,"level-set / terrain (2-D I,J arrays)"
DZTDX,MESH_TYPE,"REAL(EB), ALLOCATABLE",2,"deferred(:,:); allocated as (IBAR,JBAR)",mesh.f90,351,"vege.f90:216[IBAR,JBAR]",other,"level-set / terrain (2-D I,J arrays)"
DZTDY,MESH_TYPE,"REAL(EB), ALLOCATABLE",2,"deferred(:,:); allocated as (IBAR,JBAR)",mesh.f90,351,"vege.f90:217[IBAR,JBAR]",other,"level-set / terrain (2-D I,J arrays)"
MAG_ZT,MESH_TYPE,"REAL(EB), ALLOCATABLE",2,"deferred(:,:); allocated as (IBAR,JBAR)",mesh.f90,351,"vege.f90:218[IBAR,JBAR]",other,"level-set / terrain (2-D I,J arrays)"
PHI_WS,MESH_TYPE,"REAL(EB), ALLOCATABLE",2,"deferred(:,:); allocated as (IBAR,JBAR)",mesh.f90,352,"vege.f90:222[IBAR,JBAR]",other,"level-set / terrain (2-D I,J arrays)"
UMF,MESH_TYPE,"REAL(EB), ALLOCATABLE",2,"deferred(:,:); allocated as (IBAR,JBAR)",mesh.f90,352,"vege.f90:228[IBAR,JBAR]",other,"level-set / terrain (2-D I,J arrays)"
THETA_ELPS,MESH_TYPE,"REAL(EB), ALLOCATABLE",2,"deferred(:,:); allocated as (IBAR,JBAR)",mesh.f90,352,"vege.f90:229[IBAR,JBAR]",other,"level-set / terrain (2-D I,J arrays)"
PHI_S_X,MESH_TYPE,"REAL(EB), ALLOCATABLE",2,"deferred(:,:); allocated as (IBAR,JBAR)",mesh.f90,352,"vege.f90:223[IBAR,JBAR]",other,"level-set / terrain (2-D I,J arrays)"
PHI_S_Y,MESH_TYPE,"REAL(EB), ALLOCATABLE",2,"deferred(:,:); allocated as (IBAR,JBAR)",mesh.f90,352,"vege.f90:224[IBAR,JBAR]",other,"level-set / terrain (2-D I,J arrays)"
PHI_W,MESH_TYPE,"REAL(EB), ALLOCATABLE",2,"deferred(:,:); no ALLOCATE found",mesh.f90,352,,other,"level-set / terrain (2-D I,J arrays) | ALLOCATABLE but never ALLOCATEd; aliased mesh.f90:904; ChkMemErr label 'PHI_W' at vege.f90:222 actually belongs to PHI_WS | ALLOCATABLE but no ALLOCATE/MOVE_ALLOC found in Source/*.f90 (dead or allocated implicitly)"
LS_WORK1,MESH_TYPE,"REAL(EB), ALLOCATABLE",2,"deferred(:,:); allocated as (0:IBAR,0:JBAR)",mesh.f90,352,"vege.f90:190[0:IBAR,0:JBAR]",scratch_work,
LS_WORK2,MESH_TYPE,"REAL(EB), ALLOCATABLE",2,"deferred(:,:); allocated as (0:IBAR,0:JBAR)",mesh.f90,352,"vege.f90:191[0:IBAR,0:JBAR]",scratch_work,
PT_H,ZONE_MESH_TYPE,"TYPE(MKL_PARDISO_HANDLE), ALLOCATABLE",1,deferred(:); allocated as (64),type.f90,1758,pres.f90:2907[64],pressure_solver,preprocessor alternative declaration(s) (both #ifdef branches scanned; first kept): INTEGER()@type.f90:1760 | doc: Internal solver memory pointer
HYPRE_ZM,ZONE_MESH_TYPE,TYPE(HYPRE_ZM_TYPE),0,scalar,type.f90,1763,,pressure_solver,preprocessor alternative declaration(s) (both #ifdef branches scanned; first kept): INTEGER()@type.f90:1765
NUNKH,ZONE_MESH_TYPE,INTEGER,0,scalar,type.f90,1767,,pressure_solver,doc: Number of unknowns in pressure solution for a given ZONE_MESH
NCVLH,ZONE_MESH_TYPE,INTEGER,0,scalar,type.f90,1768,,pressure_solver,doc: Number of pressure control volumes for a given ZONE_MESH
ICVL,ZONE_MESH_TYPE,INTEGER,0,scalar,type.f90,1769,,pressure_solver,doc: Control volume counter for parent ZONE
IROW,ZONE_MESH_TYPE,INTEGER,0,scalar,type.f90,1770,,pressure_solver,doc: Parent ZONE matrix row index
NUNKH_CART,ZONE_MESH_TYPE,INTEGER,0,scalar,type.f90,1771,,pressure_solver,doc: Number of unknowns in Cartesian cells of ZONE_MESH
NCVLH_CART,ZONE_MESH_TYPE,INTEGER,0,scalar,type.f90,1772,,pressure_solver,doc: Number of pressure CVs in Cartesian cells of ZONE_MESH
MTYPE,ZONE_MESH_TYPE,INTEGER,0,scalar,type.f90,1773,,pressure_solver,"doc: Matrix type (symmetric indefinite, or symm positive definite)"
CONNECTED_ZONE_PARENT,ZONE_MESH_TYPE,INTEGER,0,scalar,type.f90,1774,,pressure_solver,doc: Index of first zone in a connected zone list
USE_FFT,ZONE_MESH_TYPE,LOGICAL,0,scalar,type.f90,1775,,pressure_solver,doc: Flag for use of FFT solver
MESH_IJK,ZONE_MESH_TYPE,"INTEGER, ALLOCATABLE",2,"deferred(:,:); allocated as (1:3,1:ZM%NCVLH)",type.f90,1776,"pres.f90:1351[1:3,1:ZM%NCVLH]",pressure_solver,"doc: I,J,K positions of cell with unknown row IROW (1:3,1:NUNKH)"
A_H,ZONE_MESH_TYPE,"REAL(EB), ALLOCATABLE",1,deferred(:); allocated as (TOT_NNZ_H),type.f90,1777,pres.f90:2870[TOT_NNZ_H],pressure_solver,"doc: Matrix coefficients for ZONE_MESH, up triang part, CSR format."
IA_H,ZONE_MESH_TYPE,"INTEGER, ALLOCATABLE",1,deferred(:); allocated as (ZM%NUNKH+1),type.f90,1778,pres.f90:2870[ZM%NUNKH+1],pressure_solver,"doc: Matrix indexes for ZONE_MESH, up triang part, CSR format."
JA_H,ZONE_MESH_TYPE,"INTEGER, ALLOCATABLE",1,deferred(:); allocated as (TOT_NNZ_H),type.f90,1778,pres.f90:2870[TOT_NNZ_H],pressure_solver,"doc: Matrix indexes for ZONE_MESH, up triang part, CSR format."
F_H,ZONE_MESH_TYPE,"REAL(EB), ALLOCATABLE",1,deferred(:); allocated as (ZM%NUNKH),type.f90,1779,pres.f90:2860[ZM%NUNKH],pressure_solver,doc: RHS and Solution containers for the ZONE_MESH.
X_H,ZONE_MESH_TYPE,"REAL(EB), ALLOCATABLE",1,deferred(:); allocated as (ZM%NUNKH),type.f90,1779,pres.f90:2860[ZM%NUNKH],pressure_solver,doc: RHS and Solution containers for the ZONE_MESH.
N_ITEMS,STORAGE_TYPE,INTEGER,0,scalar,type.f90,27,,mpi_exchange,"doc: Number of WALL cells, CFACEs, or PARTICLEs listed in ITEM_INDEX"
N_ITEMS_DIM,STORAGE_TYPE,INTEGER,0,scalar,type.f90,28,,mpi_exchange,doc: Dimension of 1-D arrays ITEM_INDEX and SURF_INDEX
ITEM_INDEX,STORAGE_TYPE,"INTEGER, ALLOCATABLE",1,deferred(:); allocated as (1:OS%N_ITEMS_DIM) | (OS%N_ITEMS_DIM) | (OS%N_ITEMS) | (TRUE_COUNT),type.f90,29,init.f90:3808[1:OS%N_ITEMS_DIM]; init.f90:4097[1:OS%N_ITEMS_DIM]; init.f90:4408[1:OS%N_ITEMS_DIM]; main.f90:2381[OS%N_ITEMS_DIM]; main.f90:2386[OS%N_ITEMS_DIM]; main.f90:2578[OS%N_ITEMS]; main.f90:2582[TRUE_COUNT],mpi_exchange,"doc: Array of indices of the WALL cells, CFACEs, or PARTICLEs"
SURF_INDEX,STORAGE_TYPE,"INTEGER, ALLOCATABLE",1,deferred(:); allocated as (1:OS%N_ITEMS_DIM) | (OS%N_ITEMS_DIM) | (OS%N_ITEMS) | (TRUE_COUNT),type.f90,30,init.f90:3809[1:OS%N_ITEMS_DIM]; init.f90:4098[1:OS%N_ITEMS_DIM]; init.f90:4409[1:OS%N_ITEMS_DIM]; main.f90:2382[OS%N_ITEMS_DIM]; main.f90:2387[OS%N_ITEMS_DIM]; main.f90:2579[OS%N_ITEMS]; main.f90:2583[TRUE_COUNT],mpi_exchange,"doc: Array of SURF indices of the WALL cells, CFACEs, or PARTICLEs"
SAVE_FLAG,STORAGE_TYPE,"LOGICAL, ALLOCATABLE",1,deferred(:); allocated as (1:OS%N_ITEMS_DIM) | (OS%N_ITEMS) | (TRUE_COUNT),type.f90,31,init.f90:3810[1:OS%N_ITEMS_DIM]; init.f90:4099[1:OS%N_ITEMS_DIM]; init.f90:4410[1:OS%N_ITEMS_DIM]; main.f90:2580[OS%N_ITEMS]; main.f90:2584[TRUE_COUNT],mpi_exchange,doc: Array of logical parameters to indicate whether the entry is needed
N_REALS_DIM,STORAGE_TYPE,INTEGER,0,scalar,type.f90,32,,mpi_exchange,doc: Dimension of the array REALS
N_INTEGERS_DIM,STORAGE_TYPE,INTEGER,0,scalar,type.f90,33,,mpi_exchange,doc: Dimension of the array INTEGERS
N_LOGICALS_DIM,STORAGE_TYPE,INTEGER,0,scalar,type.f90,34,,mpi_exchange,doc: Dimension of the array LOGICALS
N_REALS,STORAGE_TYPE,INTEGER,0,scalar,type.f90,35,,mpi_exchange,doc: Number of reals stored in REALS
N_INTEGERS,STORAGE_TYPE,INTEGER,0,scalar,type.f90,36,,mpi_exchange,doc: Number of integers stored in INTEGERS
N_LOGICALS,STORAGE_TYPE,INTEGER,0,scalar,type.f90,37,,mpi_exchange,doc: Number of logicals stored in LOGICALS
REALS,STORAGE_TYPE,"REAL(EB), ALLOCATABLE",1,deferred(:); allocated as (N_REALS_NEW) | (N_REALS) | (LPC%N_REALS) | (100) | (OS%N_REALS_DIM),type.f90,38,func.f90:5273[(from DUMMY_REALS)]; func.f90:5275[N_REALS_NEW]; init.f90:2308[N_REALS]; main.f90:2279[LPC%N_REALS]; main.f90:2291[100]; main.f90:2294[100]; main.f90:2416[OS%N_REALS_DIM]; main.f90:2444[OS%N_REALS_DIM]; main.f90:2468[OS%N_REALS_DIM]; main.f90:2501[OS%N_REALS_DIM]; main.f90:2532[OS%N_REALS_DIM],mpi_exchange,doc: Array of reals
INTEGERS,STORAGE_TYPE,"INTEGER, ALLOCATABLE",1,deferred(:); allocated as (N_INTEGERS_NEW) | (N_INTEGERS) | (LPC%N_INTEGERS) | (100) | (OS%N_INTEGERS_DIM),type.f90,39,func.f90:5281[(from DUMMY_INTEGERS)]; func.f90:5283[N_INTEGERS_NEW]; init.f90:2309[N_INTEGERS]; main.f90:2280[LPC%N_INTEGERS]; main.f90:2292[100]; main.f90:2295[100]; main.f90:2417[OS%N_INTEGERS_DIM]; main.f90:2445[OS%N_INTEGERS_DIM]; main.f90:2469[OS%N_INTEGERS_DIM]; main.f90:2502[OS%N_INTEGERS_DIM]; main.f90:2533[OS%N_INTEGERS_DIM],mpi_exchange,doc: Array of integers
LOGICALS,STORAGE_TYPE,"LOGICAL, ALLOCATABLE",1,deferred(:); allocated as (N_LOGICALS_NEW) | (N_LOGICALS) | (LPC%N_LOGICALS) | (100) | (OS%N_LOGICALS_DIM),type.f90,40,func.f90:5289[(from DUMMY_LOGICALS)]; func.f90:5291[N_LOGICALS_NEW]; init.f90:2310[N_LOGICALS]; main.f90:2281[LPC%N_LOGICALS]; main.f90:2293[100]; main.f90:2296[100]; main.f90:2418[OS%N_LOGICALS_DIM]; main.f90:2446[OS%N_LOGICALS_DIM]; main.f90:2470[OS%N_LOGICALS_DIM]; main.f90:2503[OS%N_LOGICALS_DIM]; main.f90:2534[OS%N_LOGICALS_DIM],mpi_exchange,doc: Array of logicals
I,EDGE_TYPE,INTEGER,0,scalar,type.f90,2191,,ghost_boundary,doc: Indices of the edge
J,EDGE_TYPE,INTEGER,0,scalar,type.f90,2191,,ghost_boundary,doc: Indices of the edge
K,EDGE_TYPE,INTEGER,0,scalar,type.f90,2191,,ghost_boundary,doc: Indices of the edge
AXIS,EDGE_TYPE,INTEGER,0,scalar,type.f90,2192,,ghost_boundary,"doc: Edge axis, 1=x, 2=y, 3=z"
CELL_INDEX_MM,EDGE_TYPE,INTEGER,0,scalar,type.f90,2193,,ghost_boundary,"doc: Index of adjacent cell, (I,J,K)"
CELL_INDEX_PM,EDGE_TYPE,INTEGER,0,scalar,type.f90,2194,,ghost_boundary,"doc: Index of adjacent cell, (I+1,J,K) or (I,J+1,K)"
CELL_INDEX_MP,EDGE_TYPE,INTEGER,0,scalar,type.f90,2195,,ghost_boundary,"doc: Index of adjacent cell, (I,J+1,K) or (I,J,K+1)"
CELL_INDEX_PP,EDGE_TYPE,INTEGER,0,scalar,type.f90,2196,,ghost_boundary,"doc: Index of adjacent cell, (I,J+1,K+1) or (I+1,J,K+1) or (I+1,J+1,K)"
NOM_1,EDGE_TYPE,INTEGER,0,scalar,type.f90,2197,,ghost_boundary,"doc: Number of Other Mesh, first direction"
IIO_1,EDGE_TYPE,INTEGER,0,scalar,type.f90,2198,,ghost_boundary,"doc: I index in Other mesh, first direction"
JJO_1,EDGE_TYPE,INTEGER,0,scalar,type.f90,2199,,ghost_boundary,"doc: J index in Other mesh, first direction"
KKO_1,EDGE_TYPE,INTEGER,0,scalar,type.f90,2200,,ghost_boundary,"doc: K index in Other mesh, first direction"
NOM_2,EDGE_TYPE,INTEGER,0,scalar,type.f90,2201,,ghost_boundary,"doc: Number of Other Mesh, second direction"
IIO_2,EDGE_TYPE,INTEGER,0,scalar,type.f90,2202,,ghost_boundary,"doc: I index in Other mesh, second direction"
JJO_2,EDGE_TYPE,INTEGER,0,scalar,type.f90,2203,,ghost_boundary,"doc: J index in Other mesh, second direction"
KKO_2,EDGE_TYPE,INTEGER,0,scalar,type.f90,2204,,ghost_boundary,"doc: K index in Other mesh, second direction"
OMEGA,EDGE_TYPE,REAL(EB),1,(-2:2),type.f90,2205,,ghost_boundary,doc: Vorticity at boundary with one of four orientations
TAU,EDGE_TYPE,REAL(EB),1,(-2:2),type.f90,2206,,ghost_boundary,doc: Strain at boundary with one of four orientations
EDGE_INTERPOLATION_FACTOR,EDGE_TYPE,REAL(EB),1,(2),type.f90,2207,,ghost_boundary,doc: Strain at boundary with one of four orientations
U_AVG,EDGE_TYPE,REAL(EB),0,scalar,type.f90,2208,,ghost_boundary,doc: Stored velocity component at edge (m/s)
V_AVG,EDGE_TYPE,REAL(EB),0,scalar,type.f90,2209,,ghost_boundary,doc: Stored velocity component at edge (m/s)
W_AVG,EDGE_TYPE,REAL(EB),0,scalar,type.f90,2210,,ghost_boundary,doc: Stored velocity component at edge (m/s)
EXTERNAL,EDGE_TYPE,LOGICAL,0,scalar,type.f90,2211,,ghost_boundary,doc: Edge is at the edge of the mesh
DEVC_ID,OBSTRUCTION_TYPE,CHARACTER(LABEL_LENGTH),0,scalar,type.f90,1084,,wall_obst_cutcell,doc: Name of controlling device
CTRL_ID,OBSTRUCTION_TYPE,CHARACTER(LABEL_LENGTH),0,scalar,type.f90,1085,,wall_obst_cutcell,doc: Name of controller
ID,OBSTRUCTION_TYPE,CHARACTER(LABEL_LENGTH),0,scalar,type.f90,1086,,wall_obst_cutcell,doc: Name of obstruction
SURF_INDEX,OBSTRUCTION_TYPE,INTEGER,1,(-3:3),type.f90,1088,,wall_obst_cutcell,doc: SURFace properties for each face
EXPOSED_FACE_INDEX,OBSTRUCTION_TYPE,INTEGER,1,(1:6),type.f90,1089,,wall_obst_cutcell,doc: OBST face exposed (1) or blocked (0)
SURF_INDEX_INTERIOR,OBSTRUCTION_TYPE,INTEGER,0,scalar,type.f90,1090,,wall_obst_cutcell,doc: SURFace properties for a newly exposed interior cell
RGB,OBSTRUCTION_TYPE,INTEGER,1,(3),type.f90,1091,,wall_obst_cutcell,doc: Color indices for Smokeview
TRANSPARENCY,OBSTRUCTION_TYPE,REAL(EB),0,scalar,type.f90,1093,,wall_obst_cutcell,"doc: Transparency index for Smokeview, 0=invisible, 1=solid"
VOLUME_ADJUST,OBSTRUCTION_TYPE,REAL(EB),0,scalar,type.f90,1094,,wall_obst_cutcell,doc: Effective volume divided by user specified volume
BULK_DENSITY,OBSTRUCTION_TYPE,REAL(EB),0,scalar,type.f90,1095,,wall_obst_cutcell,doc: Mass per unit volume (kg/m3) of specified OBST
X1,OBSTRUCTION_TYPE,REAL(EB),0,scalar,type.f90,1096,,wall_obst_cutcell,doc: Lower specified \f$ x \f$ boundary (m)
X2,OBSTRUCTION_TYPE,REAL(EB),0,scalar,type.f90,1097,,wall_obst_cutcell,doc: Upper specified \f$ x \f$ boundary (m)
Y1,OBSTRUCTION_TYPE,REAL(EB),0,scalar,type.f90,1098,,wall_obst_cutcell,doc: Lower specified \f$ y \f$ boundary (m)
Y2,OBSTRUCTION_TYPE,REAL(EB),0,scalar,type.f90,1099,,wall_obst_cutcell,doc: Upper specified \f$ y \f$ boundary (m)
Z1,OBSTRUCTION_TYPE,REAL(EB),0,scalar,type.f90,1100,,wall_obst_cutcell,doc: Lower specified \f$ z \f$ boundary (m)
Z2,OBSTRUCTION_TYPE,REAL(EB),0,scalar,type.f90,1101,,wall_obst_cutcell,doc: Upper specified \f$ z \f$ boundary (m)
MASS,OBSTRUCTION_TYPE,REAL(EB),0,scalar,type.f90,1102,,wall_obst_cutcell,doc: Actual mass of the obstruction (kg)
HEAT_SOURCE,OBSTRUCTION_TYPE,REAL(EB),0,scalar,type.f90,1103,,wall_obst_cutcell,doc: Internal heat source (W/m3) used in HT3D applications
STRETCH_FACTOR,OBSTRUCTION_TYPE,REAL(EB),0,scalar,type.f90,1104,,wall_obst_cutcell,doc: Node stretching factor used in HT3D applications
CELL_SIZE,OBSTRUCTION_TYPE,REAL(EB),0,scalar,type.f90,1105,,wall_obst_cutcell,doc: Cell size (m) used in HT3D applications
CELL_SIZE_FACTOR,OBSTRUCTION_TYPE,REAL(EB),0,scalar,type.f90,1106,,wall_obst_cutcell,doc: Cell size factor used in HT3D applications
INPUT_AREA,OBSTRUCTION_TYPE,REAL(EB),1,(3),type.f90,1108,,wall_obst_cutcell,"doc: Specified area of x, y, and z faces (m2)"
UNDIVIDED_INPUT_AREA,OBSTRUCTION_TYPE,REAL(EB),1,(3),type.f90,1109,,wall_obst_cutcell,"doc: Area of x, y, z faces (m2) unbroken by mesh boundaries"
UNDIVIDED_INPUT_LENGTH,OBSTRUCTION_TYPE,REAL(EB),1,(3),type.f90,1110,,wall_obst_cutcell,"doc: Length in x, y, z direction (m) unbroken by mesh boundaries"
SHAPE_AREA,OBSTRUCTION_TYPE,REAL(EB),1,(3),type.f90,1111,,wall_obst_cutcell,"doc: Area of idealized top, sides, bottom (m2)"
TEXTURE,OBSTRUCTION_TYPE,REAL(EB),1,(3),type.f90,1112,,wall_obst_cutcell,doc: Origin of texture map (m)
FDS_AREA,OBSTRUCTION_TYPE,REAL(EB),1,(3),type.f90,1113,,wall_obst_cutcell,"doc: Effective areas of x, y, and z faces (m2)"
MATL_MASS_FRACTION,OBSTRUCTION_TYPE,REAL(EB),1,(MAX_MATERIALS),type.f90,1114,,wall_obst_cutcell,doc: Mass fraction of material component
I1,OBSTRUCTION_TYPE,INTEGER,0,scalar,type.f90,1116,,wall_obst_cutcell,doc: Lower I node
I2,OBSTRUCTION_TYPE,INTEGER,0,scalar,type.f90,1117,,wall_obst_cutcell,doc: Upper I node
J1,OBSTRUCTION_TYPE,INTEGER,0,scalar,type.f90,1118,,wall_obst_cutcell,doc: Lower J node
J2,OBSTRUCTION_TYPE,INTEGER,0,scalar,type.f90,1119,,wall_obst_cutcell,doc: Upper J node
K1,OBSTRUCTION_TYPE,INTEGER,0,scalar,type.f90,1120,,wall_obst_cutcell,doc: Lower K node
K2,OBSTRUCTION_TYPE,INTEGER,0,scalar,type.f90,1121,,wall_obst_cutcell,doc: Upper K node
COLOR_INDICATOR,OBSTRUCTION_TYPE,INTEGER,0,scalar,type.f90,1122,,wall_obst_cutcell,"doc: Coloring code: -3=use specified color, -2=invisible, -1=no color specified"
TYPE_INDICATOR,OBSTRUCTION_TYPE,INTEGER,0,scalar,type.f90,1123,,wall_obst_cutcell,"doc: Smokeview code: 2=outline, -1=solid"
ORDINAL,OBSTRUCTION_TYPE,INTEGER,0,scalar,type.f90,1124,,wall_obst_cutcell,doc: Order of OBST in input file
SHAPE_TYPE,OBSTRUCTION_TYPE,INTEGER,0,scalar,type.f90,1125,,wall_obst_cutcell,doc: Indicator of shape carved out of larger obstruction
DEVC_INDEX,OBSTRUCTION_TYPE,INTEGER,0,scalar,type.f90,1126,,wall_obst_cutcell,doc: Index of controlling device
CTRL_INDEX,OBSTRUCTION_TYPE,INTEGER,0,scalar,type.f90,1127,,wall_obst_cutcell,doc: Index of controlling controller
DEVC_INDEX_O,OBSTRUCTION_TYPE,INTEGER,0,scalar,type.f90,1128,,wall_obst_cutcell,doc: Original DEVC_INDEX
CTRL_INDEX_O,OBSTRUCTION_TYPE,INTEGER,0,scalar,type.f90,1129,,wall_obst_cutcell,doc: Original CTRL_INDEX
MULT_INDEX,OBSTRUCTION_TYPE,INTEGER,0,scalar,type.f90,1130,,wall_obst_cutcell,doc: Index of multiplier function
N_LAYER_CELLS_MAX,OBSTRUCTION_TYPE,INTEGER,0,scalar,type.f90,1131,,wall_obst_cutcell,"doc: Maximum number of cells allowed in the layer, used in HT3D applications"
RAMP_IHS_INDEX,OBSTRUCTION_TYPE,INTEGER,0,scalar,type.f90,1132,,wall_obst_cutcell,doc: Index for internal heat source RAMP
MATL_INDEX,OBSTRUCTION_TYPE,INTEGER,1,(MAX_MATERIALS),type.f90,1133,,wall_obst_cutcell,doc: Index of material
SHOW_BNDF,OBSTRUCTION_TYPE,LOGICAL,1,(-3:3),type.f90,1135,,wall_obst_cutcell,doc: Show boundary quantities in Smokeview
THIN,OBSTRUCTION_TYPE,LOGICAL,0,scalar,type.f90,1136,,wall_obst_cutcell,doc: The obstruction is zero cells thick
HIDDEN,OBSTRUCTION_TYPE,LOGICAL,0,scalar,type.f90,1137,,wall_obst_cutcell,doc: Hide obstruction in Smokeview and ignore in simulation
PERMIT_HOLE,OBSTRUCTION_TYPE,LOGICAL,0,scalar,type.f90,1138,,wall_obst_cutcell,doc: Allow the obstruction to have a hole cutout
ALLOW_VENT,OBSTRUCTION_TYPE,LOGICAL,0,scalar,type.f90,1139,,wall_obst_cutcell,doc: Allow a VENT to sit on the OBST
CONSUMABLE,OBSTRUCTION_TYPE,LOGICAL,0,scalar,type.f90,1140,,wall_obst_cutcell,doc: The obstruction can burn away
REMOVABLE,OBSTRUCTION_TYPE,LOGICAL,0,scalar,type.f90,1141,,wall_obst_cutcell,doc: The obstruction can be removed from the simulation
HOLE_FILLER,OBSTRUCTION_TYPE,LOGICAL,0,scalar,type.f90,1142,,wall_obst_cutcell,doc: The obstruction fills a HOLE
OVERLAY,OBSTRUCTION_TYPE,LOGICAL,0,scalar,type.f90,1143,,wall_obst_cutcell,doc: The obstruction can have another obstruction overlap a surface
SCHEDULED_FOR_REMOVAL,OBSTRUCTION_TYPE,LOGICAL,0,scalar,type.f90,1144,,wall_obst_cutcell,doc: The obstruction is scheduled for removal during the current time step
SCHEDULED_FOR_CREATION,OBSTRUCTION_TYPE,LOGICAL,0,scalar,type.f90,1145,,wall_obst_cutcell,doc: The obstruction is scheduled for creation during the current time step
I1,VENTS_TYPE,INTEGER,0,scalar,type.f90,1534,,wall_obst_cutcell,
I2,VENTS_TYPE,INTEGER,0,scalar,type.f90,1534,,wall_obst_cutcell,
J1,VENTS_TYPE,INTEGER,0,scalar,type.f90,1534,,wall_obst_cutcell,
J2,VENTS_TYPE,INTEGER,0,scalar,type.f90,1534,,wall_obst_cutcell,
K1,VENTS_TYPE,INTEGER,0,scalar,type.f90,1534,,wall_obst_cutcell,
K2,VENTS_TYPE,INTEGER,0,scalar,type.f90,1534,,wall_obst_cutcell,
BOUNDARY_TYPE,VENTS_TYPE,INTEGER,0,scalar,type.f90,1534,,wall_obst_cutcell,
IOR,VENTS_TYPE,INTEGER,0,scalar,type.f90,1534,,wall_obst_cutcell,
IOR_INPUT,VENTS_TYPE,INTEGER,0,scalar,type.f90,1534,,wall_obst_cutcell,
SURF_INDEX,VENTS_TYPE,INTEGER,0,scalar,type.f90,1534,,wall_obst_cutcell,
DEVC_INDEX,VENTS_TYPE,INTEGER,0,scalar,type.f90,1534,,wall_obst_cutcell,
CTRL_INDEX,VENTS_TYPE,INTEGER,0,scalar,type.f90,1534,,wall_obst_cutcell,
COLOR_INDICATOR,VENTS_TYPE,INTEGER,0,scalar,type.f90,1535,,wall_obst_cutcell,
TYPE_INDICATOR,VENTS_TYPE,INTEGER,0,scalar,type.f90,1535,,wall_obst_cutcell,
ORDINAL,VENTS_TYPE,INTEGER,0,scalar,type.f90,1535,,wall_obst_cutcell,
PRESSURE_RAMP_INDEX,VENTS_TYPE,INTEGER,0,scalar,type.f90,1535,,wall_obst_cutcell,
TMP_EXTERIOR_RAMP_INDEX,VENTS_TYPE,INTEGER,0,scalar,type.f90,1535,,wall_obst_cutcell,
NODE_INDEX,VENTS_TYPE,INTEGER,0,scalar,type.f90,1535,,wall_obst_cutcell,
OBST_INDEX,VENTS_TYPE,INTEGER,0,scalar,type.f90,1536,,wall_obst_cutcell,
TOTAL_INDEX,VENTS_TYPE,INTEGER,0,scalar,type.f90,1536,,wall_obst_cutcell,
RGB,VENTS_TYPE,INTEGER,1,(3),type.f90,1537,,wall_obst_cutcell,
TRANSPARENCY,VENTS_TYPE,REAL(EB),0,scalar,type.f90,1538,,wall_obst_cutcell,
TEXTURE,VENTS_TYPE,REAL(EB),1,(3),type.f90,1539,,wall_obst_cutcell,
X1,VENTS_TYPE,REAL(EB),0,scalar,type.f90,1540,,wall_obst_cutcell,
X2,VENTS_TYPE,REAL(EB),0,scalar,type.f90,1540,,wall_obst_cutcell,
Y1,VENTS_TYPE,REAL(EB),0,scalar,type.f90,1540,,wall_obst_cutcell,
Y2,VENTS_TYPE,REAL(EB),0,scalar,type.f90,1540,,wall_obst_cutcell,
Z1,VENTS_TYPE,REAL(EB),0,scalar,type.f90,1540,,wall_obst_cutcell,
Z2,VENTS_TYPE,REAL(EB),0,scalar,type.f90,1540,,wall_obst_cutcell,
FDS_AREA,VENTS_TYPE,REAL(EB),0,scalar,type.f90,1540,,wall_obst_cutcell,
TOTAL_FDS_AREA,VENTS_TYPE,REAL(EB),0,scalar,type.f90,1540,,wall_obst_cutcell,
X1_ORIG,VENTS_TYPE,REAL(EB),0,scalar,type.f90,1541,,wall_obst_cutcell,
X2_ORIG,VENTS_TYPE,REAL(EB),0,scalar,type.f90,1541,,wall_obst_cutcell,
Y1_ORIG,VENTS_TYPE,REAL(EB),0,scalar,type.f90,1541,,wall_obst_cutcell,
Y2_ORIG,VENTS_TYPE,REAL(EB),0,scalar,type.f90,1541,,wall_obst_cutcell,
Z1_ORIG,VENTS_TYPE,REAL(EB),0,scalar,type.f90,1541,,wall_obst_cutcell,
Z2_ORIG,VENTS_TYPE,REAL(EB),0,scalar,type.f90,1541,,wall_obst_cutcell,
X0,VENTS_TYPE,REAL(EB),0,scalar,type.f90,1542,,wall_obst_cutcell,
Y0,VENTS_TYPE,REAL(EB),0,scalar,type.f90,1542,,wall_obst_cutcell,
Z0,VENTS_TYPE,REAL(EB),0,scalar,type.f90,1542,,wall_obst_cutcell,
FIRE_SPREAD_RATE,VENTS_TYPE,REAL(EB),0,scalar,type.f90,1542,,wall_obst_cutcell,
UNDIVIDED_INPUT_AREA,VENTS_TYPE,REAL(EB),0,scalar,type.f90,1542,,wall_obst_cutcell,
INPUT_AREA,VENTS_TYPE,REAL(EB),0,scalar,type.f90,1542,,wall_obst_cutcell,
TMP_EXTERIOR,VENTS_TYPE,REAL(EB),0,scalar,type.f90,1543,,wall_obst_cutcell,
DYNAMIC_PRESSURE,VENTS_TYPE,REAL(EB),0,scalar,type.f90,1543,,wall_obst_cutcell,
UVW,VENTS_TYPE,REAL(EB),1,(3),type.f90,1543,,wall_obst_cutcell,
RADIUS,VENTS_TYPE,REAL(EB),0,scalar,type.f90,1543,,wall_obst_cutcell,
ACTIVATED,VENTS_TYPE,LOGICAL,0,scalar,type.f90,1544,,wall_obst_cutcell,
GEOM,VENTS_TYPE,LOGICAL,0,scalar,type.f90,1544,,wall_obst_cutcell,
AREA_ADJUST,VENTS_TYPE,LOGICAL,0,scalar,type.f90,1544,,wall_obst_cutcell,
DEVC_ID,VENTS_TYPE,CHARACTER(LABEL_LENGTH),0,scalar,type.f90,1545,,wall_obst_cutcell,
CTRL_ID,VENTS_TYPE,CHARACTER(LABEL_LENGTH),0,scalar,type.f90,1545,,wall_obst_cutcell,
ID,VENTS_TYPE,CHARACTER(LABEL_LENGTH),0,scalar,type.f90,1545,,wall_obst_cutcell,
N_EDDY,VENTS_TYPE,INTEGER,0,scalar,type.f90,1547,,wall_obst_cutcell,
TURBULENCE_INTENSITY,VENTS_TYPE,REAL(EB),0,scalar,type.f90,1548,,wall_obst_cutcell,doc: I=u'/U=v'/U=w'/U; U=local mean at eddy; R~I^2 U^2 via amplitudes
R_IJ,VENTS_TYPE,REAL(EB),2,"(3,3)",type.f90,1549,,wall_obst_cutcell,
EDDY_BOX_VOLUME,VENTS_TYPE,REAL(EB),0,scalar,type.f90,1549,,wall_obst_cutcell,
L_EDDY,VENTS_TYPE,REAL(EB),1,(3),type.f90,1550,,wall_obst_cutcell,
EDDY_C1,VENTS_TYPE,REAL(EB),0,scalar,type.f90,1550,,wall_obst_cutcell,
EDDY_C2,VENTS_TYPE,REAL(EB),0,scalar,type.f90,1550,,wall_obst_cutcell,
DFSEM_ROT,VENTS_TYPE,REAL(EB),2,"(3,3)",type.f90,1550,,wall_obst_cutcell,
X_EDDY_MIN,VENTS_TYPE,REAL(EB),0,scalar,type.f90,1551,,wall_obst_cutcell,
X_EDDY_MAX,VENTS_TYPE,REAL(EB),0,scalar,type.f90,1551,,wall_obst_cutcell,
Y_EDDY_MIN,VENTS_TYPE,REAL(EB),0,scalar,type.f90,1552,,wall_obst_cutcell,
Y_EDDY_MAX,VENTS_TYPE,REAL(EB),0,scalar,type.f90,1552,,wall_obst_cutcell,
Z_EDDY_MIN,VENTS_TYPE,REAL(EB),0,scalar,type.f90,1553,,wall_obst_cutcell,
Z_EDDY_MAX,VENTS_TYPE,REAL(EB),0,scalar,type.f90,1553,,wall_obst_cutcell,
U_EDDY,VENTS_TYPE,"REAL(EB), ALLOCATABLE",2,"deferred(:,:); allocated as (VT%J1+1:VT%J2,VT%K1+1:VT%K2) | (VT%I1+1:VT%I2,VT%K1+1:VT%K2) | (VT%I1+1:VT%I2,VT%J1+1:VT%J2)",type.f90,1554,"init.f90:940[VT%J1+1:VT%J2,VT%K1+1:VT%K2]; init.f90:944[VT%I1+1:VT%I2,VT%K1+1:VT%K2]; init.f90:948[VT%I1+1:VT%I2,VT%J1+1:VT%J2]",wall_obst_cutcell,
V_EDDY,VENTS_TYPE,"REAL(EB), ALLOCATABLE",2,"deferred(:,:); allocated as (VT%J1+1:VT%J2,VT%K1+1:VT%K2) | (VT%I1+1:VT%I2,VT%K1+1:VT%K2) | (VT%I1+1:VT%I2,VT%J1+1:VT%J2)",type.f90,1554,"init.f90:941[VT%J1+1:VT%J2,VT%K1+1:VT%K2]; init.f90:945[VT%I1+1:VT%I2,VT%K1+1:VT%K2]; init.f90:949[VT%I1+1:VT%I2,VT%J1+1:VT%J2]",wall_obst_cutcell,
W_EDDY,VENTS_TYPE,"REAL(EB), ALLOCATABLE",2,"deferred(:,:); allocated as (VT%J1+1:VT%J2,VT%K1+1:VT%K2) | (VT%I1+1:VT%I2,VT%K1+1:VT%K2) | (VT%I1+1:VT%I2,VT%J1+1:VT%J2)",type.f90,1554,"init.f90:942[VT%J1+1:VT%J2,VT%K1+1:VT%K2]; init.f90:946[VT%I1+1:VT%I2,VT%K1+1:VT%K2]; init.f90:950[VT%I1+1:VT%I2,VT%J1+1:VT%J2]",wall_obst_cutcell,
X_EDDY,VENTS_TYPE,"REAL(EB), ALLOCATABLE",1,deferred(:); allocated as (VT%N_EDDY),type.f90,1555,init.f90:952[VT%N_EDDY],wall_obst_cutcell,
Y_EDDY,VENTS_TYPE,"REAL(EB), ALLOCATABLE",1,deferred(:); allocated as (VT%N_EDDY),type.f90,1555,init.f90:953[VT%N_EDDY],wall_obst_cutcell,
Z_EDDY,VENTS_TYPE,"REAL(EB), ALLOCATABLE",1,deferred(:); allocated as (VT%N_EDDY),type.f90,1555,init.f90:954[VT%N_EDDY],wall_obst_cutcell,
CU_EDDY,VENTS_TYPE,"REAL(EB), ALLOCATABLE",1,deferred(:); allocated as (VT%N_EDDY),type.f90,1555,init.f90:955[VT%N_EDDY],wall_obst_cutcell,
CV_EDDY,VENTS_TYPE,"REAL(EB), ALLOCATABLE",1,deferred(:); allocated as (VT%N_EDDY),type.f90,1555,init.f90:956[VT%N_EDDY],wall_obst_cutcell,
CW_EDDY,VENTS_TYPE,"REAL(EB), ALLOCATABLE",1,deferred(:); allocated as (VT%N_EDDY),type.f90,1555,init.f90:957[VT%N_EDDY],wall_obst_cutcell,
SOLID,CELL_TYPE,LOGICAL,0,scalar,type.f90,2176,,wall_obst_cutcell,doc: Indicates if grid cell is solid or not
EXTERIOR,CELL_TYPE,LOGICAL,0,scalar,type.f90,2177,,wall_obst_cutcell,doc: Indicates if the grid cell is outside the mesh
EXTERIOR_EDGE,CELL_TYPE,LOGICAL,0,scalar,type.f90,2178,,wall_obst_cutcell,doc: Indicates if the grid cell is at an outside edge of the mesh
OBST_INDEX,CELL_TYPE,INTEGER,0,scalar,type.f90,2179,,wall_obst_cutcell,doc: Index of obstruction that fills cell (0 if none)
I,CELL_TYPE,INTEGER,0,scalar,type.f90,2180,,wall_obst_cutcell,doc: Indices of cell
J,CELL_TYPE,INTEGER,0,scalar,type.f90,2180,,wall_obst_cutcell,doc: Indices of cell
K,CELL_TYPE,INTEGER,0,scalar,type.f90,2180,,wall_obst_cutcell,doc: Indices of cell
EDGE_INDEX,CELL_TYPE,INTEGER,1,(12),type.f90,2181,,wall_obst_cutcell,doc: Indices of 12 cell edges
WALL_INDEX,CELL_TYPE,INTEGER,1,(-3:3),type.f90,2182,,wall_obst_cutcell,doc: Indices of 6 adjacent wall cells
SURF_INDEX,CELL_TYPE,INTEGER,1,(-3:3),type.f90,2183,,wall_obst_cutcell,doc: SURF indices of 6 adjacent wall cells
THIN_WALL_INDEX,CELL_TYPE,INTEGER,2,"(-3:3,1:3)",type.f90,2184,,wall_obst_cutcell,doc: Indices of 6 adjacent thin wall cells
THIN_SURF_INDEX,CELL_TYPE,INTEGER,2,"(-3:3,1:3)",type.f90,2185,,wall_obst_cutcell,doc: SURF indices of 6 adjacent thin wall cells
THIN_OBST_INDEX,CELL_TYPE,INTEGER,2,"(-3:3,1:3)",type.f90,2186,,wall_obst_cutcell,doc: OBST indices of 6 adjacent thin wall cells
PRES_ZONE,CC_REGFACE_TYPE,INTEGER,0,scalar,type.f90,1474,,wall_obst_cutcell,doc: Pressure Zone this regular face is located in.
IJK,CC_REGFACE_TYPE,INTEGER,1,(MAX_DIM),type.f90,1475,,wall_obst_cutcell,"doc: Indexes [I J K] of X, Y or Z face."
JD,CC_REGFACE_TYPE,INTEGER,2,"(1:2,1:2)",type.f90,1476,,wall_obst_cutcell,doc: Indexes in H matrix where this face contributes coefficients.
NCROSS,CC_EDGECROSS_TYPE,INTEGER,0,scalar,type.f90,1214,,wall_obst_cutcell,doc: Number of BODINT_PLANE segments - Cartesian edge crossings.
SVAR,CC_EDGECROSS_TYPE,REAL(EB),1,(1:CC_MAXCROSS_EDGE),type.f90,1215,,wall_obst_cutcell,doc: Locations along x2 axis of NCROSS intersections.
ISVAR,CC_EDGECROSS_TYPE,INTEGER,1,(1:CC_MAXCROSS_EDGE),type.f90,1216,,wall_obst_cutcell,"doc: Type of intersection (i.e. SG, GS or GG)."
IJK,CC_EDGECROSS_TYPE,INTEGER,1,(MAX_DIM+1),type.f90,1217,,wall_obst_cutcell,doc: [ I J K X2AXIS]
IE,CC_CUTEDGE_TYPE,INTEGER,0,scalar,type.f90,1223,,wall_obst_cutcell,doc: Index to entry in structured mesh EDGE array.
NVERT,CC_CUTEDGE_TYPE,INTEGER,0,scalar,type.f90,1224,,wall_obst_cutcell,doc: Number of vertices.
NEDGE,CC_CUTEDGE_TYPE,INTEGER,0,scalar,type.f90,1225,,wall_obst_cutcell,doc: Number of cut-edges in this cartesian entry.
STATUS,CC_CUTEDGE_TYPE,INTEGER,0,scalar,type.f90,1226,,wall_obst_cutcell,"doc: Location of cut edge, either CC_GASPHASE or CC_INBOUNDARY."
NEDGE1,CC_CUTEDGE_TYPE,INTEGER,0,scalar,type.f90,1227,,wall_obst_cutcell,doc: Auxiliary number of cut-edges in this cartesian entry.
IJK,CC_CUTEDGE_TYPE,INTEGER,1,(MAX_DIM+2),type.f90,1228,,wall_obst_cutcell,doc: Position in mesh of this entry [ I J K X2AXIS cetype]
XYZVERT,CC_CUTEDGE_TYPE,"REAL(EB), ALLOCATABLE",2,"deferred(:,:); allocated as (IAXIS:KAXIS,1:NVERTALLOC)",type.f90,1229,"geom.f90:18404[(from FROM=MESHES(NM)%CUT_EDGE(CEI1)%XYZVERT)]; geom.f90:18433[IAXIS:KAXIS,1:NVERTALLOC]; geom.f90:18466[(from FROM=XYZVERTAUX)]",wall_obst_cutcell,"doc: Locations of vertices. (IAXIS:KAXIS,1:NVERT)"
CEELEM,CC_CUTEDGE_TYPE,"INTEGER, ALLOCATABLE",2,"deferred(:,:); allocated as (NOD1:NOD2,1:NEDGEALLOC)",type.f90,1230,"geom.f90:18405[(from FROM=MESHES(NM)%CUT_EDGE(CEI1)%CEELEM)]; geom.f90:18435[NOD1:NOD2,1:NEDGEALLOC]; geom.f90:18505[(from FROM=CEELEMAUX)]",wall_obst_cutcell,doc: Cut-Edge connectivities.
INDSEG,CC_CUTEDGE_TYPE,"INTEGER, ALLOCATABLE",2,"deferred(:,:); allocated as (CC_MAX_WSTRIANG_SEG+3,1:NEDGEALLOC)",type.f90,1231,"geom.f90:18406[(from FROM=MESHES(NM)%CUT_EDGE(CEI1)%INDSEG)]; geom.f90:18436[CC_MAX_WSTRIANG_SEG+3,1:NEDGEALLOC]; geom.f90:18506[(from FROM=INDSEGAUX)]",wall_obst_cutcell,doc: Boundary segment triangles and geometry [ntr tr1 tr2 ibod]
VERT_LIST,CC_CUTEDGE_TYPE,"INTEGER, ALLOCATABLE",2,"deferred(:,:); allocated as (CC_MAX_WSTRIANG_SEG+2,1:NVERTALLOC)",type.f90,1232,"geom.f90:18407[(from FROM=MESHES(NM)%CUT_EDGE(CEI1)%VERT_LIST)]; geom.f90:18437[CC_MAX_WSTRIANG_SEG+2,1:NVERTALLOC]; geom.f90:18474[(from FROM=VERT_LISTAUX)]",wall_obst_cutcell,doc: Vertex list for XYZVERT [VERT_TYPE I J K]
FACE_LIST,CC_CUTEDGE_TYPE,"INTEGER, ALLOCATABLE",3,"deferred(:,:,:); allocated as (1:3,-2:2,SIZE(M%CUT_EDGE(IEC2)%CEELEM,DIM=2)) | (1:3,-2:2,SIZE(M%CUT_EDGE(CEI)%CEELEM,DIM=2)) | (1:3,-2:2,SIZE(CE%CEELEM,DIM=2))",type.f90,1233,"geom.f90:9072[1:3,-2:2,SIZE(M%CUT_EDGE(IEC2)%CEELEM,DIM=2)]; geom.f90:9167[1:3,-2:2,SIZE(M%CUT_EDGE(CEI)%CEELEM,DIM=2)]; geom.f90:9315[1:3,-2:2,SIZE(M%CUT_EDGE(CEI)%CEELEM,DIM=2)]; geom.f90:13873[1:3,-2:2,SIZE(CE%CEELEM,DIM=2)]; geom.f90:18410[(from FROM=MESHES(NM)%CUT_EDGE(CEI1)%FACE_LIST)]; geom.f90:18512[(from FROM=FACE_LIST_AUX)]",wall_obst_cutcell,"doc: [1:3, -2:2, JEC] Cut-face connected to edge."
DXX,CC_CUTEDGE_TYPE,"REAL(EB), ALLOCATABLE",2,"deferred(:,:); allocated as (1:2,SIZE(M%CUT_EDGE(IEC2)%CEELEM,DIM=2)) | (1:2,SIZE(M%CUT_EDGE(CEI)%CEELEM,DIM=2)) | (1:2,SIZE(CE%CEELEM,DIM=2))",type.f90,1234,"geom.f90:9071[1:2,SIZE(M%CUT_EDGE(IEC2)%CEELEM,DIM=2)]; geom.f90:9166[1:2,SIZE(M%CUT_EDGE(CEI)%CEELEM,DIM=2)]; geom.f90:9314[1:2,SIZE(M%CUT_EDGE(CEI)%CEELEM,DIM=2)]; geom.f90:13871[1:2,SIZE(CE%CEELEM,DIM=2)]; geom.f90:18409[(from FROM=MESHES(NM)%CUT_EDGE(CEI1)%DXX)]; geom.f90:18516[(from FROM=DXX_AUX)]",wall_obst_cutcell,"doc: [DXX(1,JEC) DXX(2,JEC)]"
DUIDXJ,CC_CUTEDGE_TYPE,"REAL(EB), ALLOCATABLE",2,"deferred(:,:); allocated as (-2:2,1:SIZE(CE%CEELEM,DIM=2))",type.f90,1235,"geom.f90:13971[-2:2,1:SIZE(CE%CEELEM,DIM=2)]; geom.f90:18411[(from FROM=MESHES(NM)%CUT_EDGE(CEI1)%DUIDXJ)]; geom.f90:18521[(from FROM=DUIDXJ_AUX)]",wall_obst_cutcell,doc: Unstructured velocity Grad components.
MU_DUIDXJ,CC_CUTEDGE_TYPE,"REAL(EB), ALLOCATABLE",2,"deferred(:,:); allocated as (-2:2,1:SIZE(CE%CEELEM,DIM=2))",type.f90,1236,"geom.f90:13972[-2:2,1:SIZE(CE%CEELEM,DIM=2)]; geom.f90:18412[(from FROM=MESHES(NM)%CUT_EDGE(CEI1)%MU_DUIDXJ)]; geom.f90:18522[(from FROM=MU_DUIDXJ_AUX)]",wall_obst_cutcell,doc: Unstructured viscosity * velocity Grad components.
NOD_PERM,CC_CUTEDGE_TYPE,"INTEGER, ALLOCATABLE",1,deferred(:); allocated as (1:NVERTALLOC),type.f90,1237,geom.f90:18408[(from FROM=MESHES(NM)%CUT_EDGE(CEI1)%NOD_PERM)]; geom.f90:18434[1:NVERTALLOC]; geom.f90:18470[(from FROM=NOD_PERMAUX)],wall_obst_cutcell,doc: Permutation array for INSERT_FACE_VERT.
IWC,CC_CUTFACE_TYPE,INTEGER,0,scalar,type.f90,1280,,wall_obst_cutcell,doc: Wall cell index if wall cell present.
PRES_ZONE,CC_CUTFACE_TYPE,INTEGER,0,scalar,type.f90,1281,,wall_obst_cutcell,doc: Pressure zone cut-face is immersed in.
NVERT,CC_CUTFACE_TYPE,INTEGER,0,scalar,type.f90,1282,,wall_obst_cutcell,doc: Number of gas phase vertices in cartesian face/cell.
NSVERT,CC_CUTFACE_TYPE,INTEGER,0,scalar,type.f90,1283,,wall_obst_cutcell,doc: Number of solid phase Vertices in cartesian face/cell. For Plotting
NFACE,CC_CUTFACE_TYPE,INTEGER,0,scalar,type.f90,1284,,wall_obst_cutcell,doc: Number of gas phase cut-faces in cartesian face/cell.
NSFACE,CC_CUTFACE_TYPE,INTEGER,0,scalar,type.f90,1285,,wall_obst_cutcell,doc: Number of solid phase cut-faces in cartesian face/cell. For Plotting
STATUS,CC_CUTFACE_TYPE,INTEGER,0,scalar,type.f90,1286,,wall_obst_cutcell,"doc: Status of these cut-faces, CC_GASPHASE (cart faces), CC_INBOUNDARY (cart cells)."
IJK,CC_CUTFACE_TYPE,INTEGER,1,(MAX_DIM+1),type.f90,1288,,wall_obst_cutcell,doc: Cartesian face/cell location for these cut-faces. [I J K X1AXIS]
XYZVERT,CC_CUTFACE_TYPE,"REAL(EB), ALLOCATABLE",2,"deferred(:,:); allocated as (IAXIS:KAXIS,1:NVERT)",type.f90,1289,"geom.f90:10323[(from FROM=XYZVERT)]; geom.f90:10397[(from FROM=XYZVERT)]; geom.f90:10471[(from FROM=XYZVERT)]; geom.f90:10539[(from FROM=XYZVERT)]; geom.f90:10597[(from FROM=XYZVERT)]; geom.f90:10655[(from FROM=XYZVERT)]; geom.f90:22187[(from FROM=XYZVERT)]; geom.f90:22292[(from FROM=CUT_FACE_FROM%XYZVERT)]; geom.f90:22400[IAXIS:KAXIS,1:NVERT]",wall_obst_cutcell,"doc: Locations of vertices. (IAXIS:KAXIS,1:NVERT)"
CFELEM,CC_CUTFACE_TYPE,"INTEGER, ALLOCATABLE",2,"deferred(:,:); allocated as (1:NVERTFACE,1:NFACE)",type.f90,1290,"geom.f90:10324[(from FROM=CFELEM)]; geom.f90:10398[(from FROM=CFELEM)]; geom.f90:10472[(from FROM=CFELEM)]; geom.f90:10540[(from FROM=CFELEM)]; geom.f90:10598[(from FROM=CFELEM)]; geom.f90:10656[(from FROM=CFELEM)]; geom.f90:11792[(from FROM=CEDGES_AUX2)]; geom.f90:22194[(from FROM=CFELEM)]; geom.f90:22293[(from FROM=CUT_FACE_FROM%CFELEM)]; geom.f90:22403[1:NVERTFACE,1:NFACE]; geom.f90:23963[(from FROM=CFELEM)]",wall_obst_cutcell,doc: Cut-faces connectivities.
CEDGES,CC_CUTFACE_TYPE,"INTEGER, ALLOCATABLE",2,"deferred(:,:); allocated as (SIZE(CEDGES,DIM=1),SIZE(CEDGES,DIM=2)) | (SIZE(CF%CFELEM,DIM=1),SIZE(CF%CFELEM,DIM=2)) | (NOD3+1,NFACE)",type.f90,1291,"geom.f90:10325[(from FROM=CEDGES)]; geom.f90:10399[(from FROM=CEDGES)]; geom.f90:10473[(from FROM=CEDGES)]; geom.f90:10541[(from FROM=CEDGES)]; geom.f90:10599[(from FROM=CEDGES)]; geom.f90:10657[(from FROM=CEDGES)]; geom.f90:11415[(from FROM=CEDGES_AUX)]; geom.f90:11776[(from FROM=CEDGES_AUX)]; geom.f90:20852[SIZE(CEDGES,DIM=1),SIZE(CEDGES,DIM=2)]; geom.f90:22294[(from FROM=CUT_FACE_FROM%CEDGES)]; geom.f90:23771[SIZE(CF%CFELEM,DIM=1),SIZE(CF%CFELEM,DIM=2)]; geom.f90:23966[(from FROM=CFELEM)]; geom.f90:24357[NOD3+1,NFACE]",wall_obst_cutcell,doc: Cut-Edges per cut-face. Points to EDGE_LIST.
AREA,CC_CUTFACE_TYPE,"REAL(EB), ALLOCATABLE",1,deferred(:); allocated as (1:NFACE),type.f90,1292,geom.f90:10321[(from FROM=AREA)]; geom.f90:10395[(from FROM=AREA)]; geom.f90:10469[(from FROM=AREA)]; geom.f90:10537[(from FROM=AREA)]; geom.f90:10595[(from FROM=AREA)]; geom.f90:10653[(from FROM=AREA)]; geom.f90:22199[(from FROM=AREA)]; geom.f90:22295[(from FROM=CUT_FACE_FROM%AREA)]; geom.f90:22404[1:NFACE],wall_obst_cutcell,doc: Cut-faces areas. (1:NFACE+NSFACE)
AREA_ADJUST,CC_CUTFACE_TYPE,"REAL(EB), ALLOCATABLE",1,deferred(:); allocated as (1:NFACE),type.f90,1293,geom.f90:22238[(from FROM=REAL1D)]; geom.f90:22296[(from FROM=CUT_FACE_FROM%AREA_ADJUST)]; geom.f90:22426[1:NFACE],wall_obst_cutcell,doc: Cut-faces area adjustment factors.
XYZCEN,CC_CUTFACE_TYPE,"REAL(EB), ALLOCATABLE",2,"deferred(:,:); allocated as (IAXIS:KAXIS,1:NFACE)",type.f90,1294,"geom.f90:10322[(from FROM=XYZCEN)]; geom.f90:10396[(from FROM=XYZCEN)]; geom.f90:10470[(from FROM=XYZCEN)]; geom.f90:10538[(from FROM=XYZCEN)]; geom.f90:10596[(from FROM=XYZCEN)]; geom.f90:10654[(from FROM=XYZCEN)]; geom.f90:22200[(from FROM=XYZCEN)]; geom.f90:22297[(from FROM=CUT_FACE_FROM%XYZCEN)]; geom.f90:22405[IAXIS:KAXIS,1:NFACE]",wall_obst_cutcell,"doc: Cut-faces centroid locations. (IAXIS:KAXIS,1:NFACE+NSFACE)"
SHARED,CC_CUTFACE_TYPE,"LOGICAL, ALLOCATABLE",1,deferred(:); allocated as (1:NFACE),type.f90,1295,geom.f90:22207[(from FROM=SHARED)]; geom.f90:22298[(from FROM=CUT_FACE_FROM%SHARED)]; geom.f90:22406[1:NFACE],wall_obst_cutcell,
BLK_TAG,CC_CUTFACE_TYPE,"LOGICAL, ALLOCATABLE",1,deferred(:); allocated as (1:NFACE),type.f90,1296,geom.f90:22211[(from FROM=SHARED)]; geom.f90:22299[(from FROM=CUT_FACE_FROM%BLK_TAG)]; geom.f90:22407[1:NFACE],wall_obst_cutcell,doc: Array used in cut-cell blocking.
LINK_LEV,CC_CUTFACE_TYPE,"INTEGER, ALLOCATABLE",1,deferred(:); allocated as (1:NFACE),type.f90,1297,geom.f90:22301[(from FROM=CUT_FACE_FROM%LINK_LEV)]; geom.f90:22408[1:NFACE],wall_obst_cutcell,"doc: Level in gas cut-face linking hierarchy, used for momentum stability."
INXAREA,CC_CUTFACE_TYPE,"REAL(EB), ALLOCATABLE",1,deferred(:); allocated as (1:NFACE),type.f90,1298,geom.f90:22302[(from FROM=CUT_FACE_FROM%INXAREA)]; geom.f90:22411[1:NFACE],wall_obst_cutcell,doc: Integral used in cut-cell volume computations.
INXSQAREA,CC_CUTFACE_TYPE,"REAL(EB), ALLOCATABLE",1,deferred(:); allocated as (1:NFACE),type.f90,1299,geom.f90:22303[(from FROM=CUT_FACE_FROM%INXSQAREA)]; geom.f90:22412[1:NFACE],wall_obst_cutcell,doc: Integral used in cut-cell x centroid computations.
JNYSQAREA,CC_CUTFACE_TYPE,"REAL(EB), ALLOCATABLE",1,deferred(:); allocated as (1:NFACE),type.f90,1300,geom.f90:22304[(from FROM=CUT_FACE_FROM%JNYSQAREA)]; geom.f90:22413[1:NFACE],wall_obst_cutcell,doc: Integral used in cut-cell y centroid computations.
KNZSQAREA,CC_CUTFACE_TYPE,"REAL(EB), ALLOCATABLE",1,deferred(:); allocated as (1:NFACE),type.f90,1301,geom.f90:22305[(from FROM=CUT_FACE_FROM%KNZSQAREA)]; geom.f90:22414[1:NFACE],wall_obst_cutcell,doc: Integral used in cut-cell z centroid computations.
BODTRI,CC_CUTFACE_TYPE,"INTEGER, ALLOCATABLE",2,"deferred(:,:); allocated as (1:2,1:NFACE)",type.f90,1302,"geom.f90:22215[(from FROM=INT2D)]; geom.f90:22306[(from FROM=CUT_FACE_FROM%BODTRI)]; geom.f90:22416[1:2,1:NFACE]",wall_obst_cutcell,doc: GEOMETRY and triangle associated with CC_INBOUNDARY cut-faces (CFACEs).
EDGE_LIST,CC_CUTFACE_TYPE,"INTEGER, ALLOCATABLE",2,"deferred(:,:); allocated as (3,0:NSEG) | (3,NSEG) | (3,CT_EDGES)",type.f90,1303,"geom.f90:9129[(from FROM=EDGE_LIST_AUX)]; geom.f90:10326[(from FROM=EDGE_LIST)]; geom.f90:10400[(from FROM=EDGE_LIST)]; geom.f90:10474[(from FROM=EDGE_LIST)]; geom.f90:10542[(from FROM=EDGE_LIST)]; geom.f90:10600[(from FROM=EDGE_LIST)]; geom.f90:10658[(from FROM=EDGE_LIST)]; geom.f90:11407[(from FROM=EDGE_LIST_AUX)]; geom.f90:11777[(from FROM=EDGE_LIST_AUX)]; geom.f90:20849[3,0:NSEG]; geom.f90:22326[(from FROM=CUT_FACE_FROM%EDGE_LIST)]; geom.f90:23769[3,NSEG]; geom.f90:24357[3,CT_EDGES]",wall_obst_cutcell,doc: Edges list. [CE_TYPE IEC JEC] or [RG_TYPE SIDE_LOHI AXIS]
CELL_LIST,CC_CUTFACE_TYPE,"INTEGER, ALLOCATABLE",3,"deferred(:,:,:); allocated as (MAX_DIM+1,LOW_IND:HIGH_IND,1:NFACE)",type.f90,1304,"geom.f90:22231[(from FROM=INT3D)]; geom.f90:22327[(from FROM=CUT_FACE_FROM%CELL_LIST)]; geom.f90:22422[MAX_DIM+1,LOW_IND:HIGH_IND,1:NFACE]",wall_obst_cutcell,doc: Connected cut-cells list. [RC_TYPE I J K  ]
CFACE_INDEX,CC_CUTFACE_TYPE,"INTEGER, ALLOCATABLE",1,deferred(:); allocated as (CF%NFACE) | (1:NFACE),type.f90,1305,geom.f90:12215[CF%NFACE]; geom.f90:12217[CF%NFACE]; geom.f90:22343[(from FROM=CUT_FACE_FROM%CFACE_INDEX)]; geom.f90:22477[1:NFACE],wall_obst_cutcell,"doc: In boundary cut-faces only, index in CFACE(:)."
SURF_INDEX,CC_CUTFACE_TYPE,"INTEGER, ALLOCATABLE",1,deferred(:); allocated as (CF%NFACE) | (1:NFACE),type.f90,1306,geom.f90:12219[CF%NFACE]; geom.f90:12221[CF%NFACE]; geom.f90:22235[(from FROM=INT1D)]; geom.f90:22344[(from FROM=CUT_FACE_FROM%SURF_INDEX)]; geom.f90:22433[1:NFACE],wall_obst_cutcell,doc: In boundary cut-faces only.
CFACE_ORIGIN,CC_CUTFACE_TYPE,"INTEGER, ALLOCATABLE",1,deferred(:); allocated as (1:NFACE),type.f90,1307,geom.f90:22242[(from FROM=INT1D)]; geom.f90:22300[(from FROM=CUT_FACE_FROM%CFACE_ORIGIN)]; geom.f90:22427[1:NFACE],wall_obst_cutcell,"doc: In boundary face origin (built, blocked small cell, blocked split cell)."
NOMICF,CC_CUTFACE_TYPE,"INTEGER, ALLOCATABLE",2,"deferred(:,:); no ALLOCATE found",type.f90,1308,geom.f90:22345[(from FROM=CUT_FACE_FROM%NOMICF)],wall_obst_cutcell,"doc: For external boundary boundary cutfaces, NOM and cut-face list."
UNKH,CC_CUTFACE_TYPE,"INTEGER, ALLOCATABLE",2,"deferred(:,:); allocated as (LOW_IND:HIGH_IND,1:NFACE)",type.f90,1310,"geom.f90:22307[(from FROM=CUT_FACE_FROM%UNKH)]; geom.f90:22453[LOW_IND:HIGH_IND,1:NFACE]",wall_obst_cutcell,"doc: Low and high side cut-cell H unknown number. (LOW:HIGH,1:NFACE)"
UNKZ,CC_CUTFACE_TYPE,"INTEGER, ALLOCATABLE",2,"deferred(:,:); allocated as (LOW_IND:HIGH_IND,1:NFACE)",type.f90,1311,"geom.f90:22219[(from FROM=INT2D)]; geom.f90:22308[(from FROM=CUT_FACE_FROM%UNKZ)]; geom.f90:22418[LOW_IND:HIGH_IND,1:NFACE]",wall_obst_cutcell,"doc: Low and high side cut-cell Z unknown number. (LOW:HIGH,1:NFACE)"
UNKF,CC_CUTFACE_TYPE,"INTEGER, ALLOCATABLE",1,deferred(:); allocated as (1:NFACE),type.f90,1312,geom.f90:22342[(from FROM=CUT_FACE_FROM%UNKF)]; geom.f90:22470[1:NFACE],wall_obst_cutcell,"doc: Momentum unknown number, used for face linking. (1:NFACE)"
XCENLOW,CC_CUTFACE_TYPE,"REAL(EB), ALLOCATABLE",2,"deferred(:,:); allocated as (IAXIS:KAXIS,1:NFACE)",type.f90,1313,"geom.f90:22223[(from FROM=REAL2D)]; geom.f90:22309[(from FROM=CUT_FACE_FROM%XCENLOW)]; geom.f90:22420[IAXIS:KAXIS,1:NFACE]",wall_obst_cutcell,"doc: Centroid position for cut-cells in low side. (IAXIS:KAXIS,1:NFACE)"
XCENHIGH,CC_CUTFACE_TYPE,"REAL(EB), ALLOCATABLE",2,"deferred(:,:); allocated as (IAXIS:KAXIS,1:NFACE)",type.f90,1314,"geom.f90:22226[(from FROM=REAL2D)]; geom.f90:22310[(from FROM=CUT_FACE_FROM%XCENHIGH)]; geom.f90:22421[IAXIS:KAXIS,1:NFACE]",wall_obst_cutcell,"doc: Centroid position for cut-cells in high side. (IAXIS:KAXIS,1:NFACE)"
ZZ_FACE,CC_CUTFACE_TYPE,"REAL(EB), ALLOCATABLE",2,"deferred(:,:); allocated as (1:N_TOTAL_SCALARS,1:NFACE)",type.f90,1315,"geom.f90:22311[(from FROM=CUT_FACE_FROM%ZZ_FACE)]; geom.f90:22459[1:N_TOTAL_SCALARS,1:NFACE]",wall_obst_cutcell,doc: Scalar values interpolated to cut-faces.
TMP_FACE,CC_CUTFACE_TYPE,"REAL(EB), ALLOCATABLE",1,deferred(:); allocated as (1:NFACE),type.f90,1316,geom.f90:22312[(from FROM=CUT_FACE_FROM%TMP_FACE)]; geom.f90:22460[1:NFACE],wall_obst_cutcell,doc: Gas phase cut-face temperature array. (1:NFACE)
RHO_D_DZDN,CC_CUTFACE_TYPE,"REAL(EB), ALLOCATABLE",2,"deferred(:,:); allocated as (1:N_TOTAL_SCALARS,1:NFACE)",type.f90,1317,"geom.f90:22313[(from FROM=CUT_FACE_FROM%RHO_D_DZDN)]; geom.f90:22454[1:N_TOTAL_SCALARS,1:NFACE]",wall_obst_cutcell,doc: Diffusive mass flux for species and cut-faces.
H_RHO_D_DZDN,CC_CUTFACE_TYPE,"REAL(EB), ALLOCATABLE",2,"deferred(:,:); allocated as (1:N_TOTAL_SCALARS,1:NFACE)",type.f90,1318,"geom.f90:22314[(from FROM=CUT_FACE_FROM%H_RHO_D_DZDN)]; geom.f90:22455[1:N_TOTAL_SCALARS,1:NFACE]",wall_obst_cutcell,doc: Heat flux due to diffusive mass flux for species and cut-faces.
VEL,CC_CUTFACE_TYPE,"REAL(EB), ALLOCATABLE",1,deferred(:); allocated as (1:NFACE),type.f90,1319,geom.f90:22315[(from FROM=CUT_FACE_FROM%VEL)]; geom.f90:22462[1:NFACE],wall_obst_cutcell,doc: Corrector velocity normal to cut-faces. (1:NFACE)
VELS,CC_CUTFACE_TYPE,"REAL(EB), ALLOCATABLE",1,deferred(:); allocated as (1:NFACE),type.f90,1320,geom.f90:22316[(from FROM=CUT_FACE_FROM%VELS)]; geom.f90:22462[1:NFACE],wall_obst_cutcell,doc: Predictor velocity normal to cut-faces. (1:NFACE)
FN,CC_CUTFACE_TYPE,"REAL(EB), ALLOCATABLE",1,deferred(:); allocated as (1:NFACE),type.f90,1321,geom.f90:22317[(from FROM=CUT_FACE_FROM%FN)]; geom.f90:22463[1:NFACE],wall_obst_cutcell,doc: Momentum RHS in cut-faces (Advective+diffusive+body+...).
FN_B,CC_CUTFACE_TYPE,"REAL(EB), ALLOCATABLE",1,deferred(:); allocated as (1:NFACE),type.f90,1322,geom.f90:22318[(from FROM=CUT_FACE_FROM%FN_B)]; geom.f90:22463[1:NFACE],wall_obst_cutcell,doc: Baroclinic Force RHS in cut-faces.
VEL_SAVE,CC_CUTFACE_TYPE,"REAL(EB), ALLOCATABLE",1,deferred(:); allocated as (1:NFACE),type.f90,1323,geom.f90:22319[(from FROM=CUT_FACE_FROM%VEL_SAVE)]; geom.f90:22464[1:NFACE],wall_obst_cutcell,doc: Saved unlinked velocities container for cut-faces.
VEL_LNK,CC_CUTFACE_TYPE,"REAL(EB), ALLOCATABLE",1,deferred(:); allocated as (1:CF%NFACE),type.f90,1324,ccib.f90:19977[1:CF%NFACE]; ccib.f90:20311[1:CF%NFACE]; ccib.f90:23343[1:CF%NFACE]; geom.f90:22320[(from FROM=CUT_FACE_FROM%VEL_LNK)],wall_obst_cutcell,doc: Linked velocity container for cut-faces.
VEL_OMESH,CC_CUTFACE_TYPE,"REAL(EB), ALLOCATABLE",1,deferred(:); allocated as (1:CF%NFACE),type.f90,1325,ccib.f90:19976[1:CF%NFACE]; geom.f90:22321[(from FROM=CUT_FACE_FROM%VEL_OMESH)],wall_obst_cutcell,doc: OMESH Corrector velocity normal to cut-faces of MESHES(NOM).
VELS_OMESH,CC_CUTFACE_TYPE,"REAL(EB), ALLOCATABLE",1,deferred(:); allocated as (1:CF%NFACE),type.f90,1326,ccib.f90:19975[1:CF%NFACE]; geom.f90:22322[(from FROM=CUT_FACE_FROM%VELS_OMESH)],wall_obst_cutcell,doc: OMESH Predictor velocity normal to cut-faces. (1:NFACE)
VEL_LNK_OMESH,CC_CUTFACE_TYPE,"REAL(EB), ALLOCATABLE",1,deferred(:); allocated as (1:CF%NFACE),type.f90,1327,ccib.f90:19978[1:CF%NFACE]; geom.f90:22323[(from FROM=CUT_FACE_FROM%VEL_LNK_OMESH)],wall_obst_cutcell,doc: OMESH Linked velocities.
FN_OMESH,CC_CUTFACE_TYPE,"REAL(EB), ALLOCATABLE",1,deferred(:); allocated as (1:CF%NFACE),type.f90,1328,ccib.f90:19979[1:CF%NFACE]; geom.f90:22324[(from FROM=CUT_FACE_FROM%FN_OMESH)],wall_obst_cutcell,doc: OMESH Momentum RHS.
JDH,CC_CUTFACE_TYPE,"INTEGER, ALLOCATABLE",3,"deferred(:,:,:); allocated as (1:2,1:2,1:NFACE)",type.f90,1329,"geom.f90:22325[(from FROM=CUT_FACE_FROM%JDH)]; geom.f90:22469[1:2,1:2,1:NFACE]",wall_obst_cutcell,doc: Index matrix per cutface in H Poisson matrix.
FV,CC_CUTFACE_TYPE,REAL(EB),0,scalar,type.f90,1330,,wall_obst_cutcell,doc: Momentum RHS and baroclinic torque in Cartesian face.
FV_B,CC_CUTFACE_TYPE,REAL(EB),0,scalar,type.f90,1330,,wall_obst_cutcell,doc: Momentum RHS and baroclinic torque in Cartesian face.
ALPHA_CF,CC_CUTFACE_TYPE,REAL(EB),0,scalar,type.f90,1331,,wall_obst_cutcell,doc: Area fraction for all gas cut-faces in a given cartesian face.
VEL_CF,CC_CUTFACE_TYPE,REAL(EB),0,scalar,type.f90,1332,,wall_obst_cutcell,"doc: Average cut-face velocity, cartesian velocity containers."
VEL_CRT,CC_CUTFACE_TYPE,REAL(EB),0,scalar,type.f90,1332,,wall_obst_cutcell,"doc: Average cut-face velocity, cartesian velocity containers."
INT_IJK,CC_CUTFACE_TYPE,"INTEGER, ALLOCATABLE",2,"deferred(:,:); no ALLOCATE found",type.f90,1338,geom.f90:22329[(from FROM=CUT_FACE_FROM%INT_IJK)],wall_obst_cutcell,"doc: Interpolation (IAXIS:KAXIS,INT_NPE_LO+1:INT_NPE_LO+INT_NPE_HI)"
INT_COEF,CC_CUTFACE_TYPE,"REAL(EB), ALLOCATABLE",1,deferred(:); no ALLOCATE found,type.f90,1339,geom.f90:22330[(from FROM=CUT_FACE_FROM%INT_COEF)],wall_obst_cutcell,doc: Interpolation (INT_NPE_LO+1:INT_NPE_LO+INT_NPE_HI)
INT_DCOEF,CC_CUTFACE_TYPE,"REAL(EB), ALLOCATABLE",2,"deferred(:,:); no ALLOCATE found",type.f90,1340,geom.f90:22331[(from FROM=CUT_FACE_FROM%INT_DCOEF)],wall_obst_cutcell,"doc: Interpolation (IAXIS:KAXIS,INT_NPE_LO+1:INT_NPE_LO+INT_NPE_HI)"
INT_XYZBF,CC_CUTFACE_TYPE,"REAL(EB), ALLOCATABLE",2,"deferred(:,:); no ALLOCATE found",type.f90,1341,geom.f90:22332[(from FROM=CUT_FACE_FROM%INT_XYZBF)],wall_obst_cutcell,"doc: Interpolation (IAXIS:KAXIS,0:NFACE)"
INT_NOUT,CC_CUTFACE_TYPE,"REAL(EB), ALLOCATABLE",2,"deferred(:,:); no ALLOCATE found",type.f90,1341,geom.f90:22333[(from FROM=CUT_FACE_FROM%INT_NOUT)],wall_obst_cutcell,"doc: Interpolation (IAXIS:KAXIS,0:NFACE)"
INT_INBFC,CC_CUTFACE_TYPE,"INTEGER, ALLOCATABLE",2,"deferred(:,:); no ALLOCATE found",type.f90,1342,geom.f90:22334[(from FROM=CUT_FACE_FROM%INT_INBFC)],wall_obst_cutcell,"doc: Interpolation (1:3,0:NFACE)"
INT_NPE,CC_CUTFACE_TYPE,"INTEGER, ALLOCATABLE",4,"deferred(:,:,:,:); no ALLOCATE found",type.f90,1343,geom.f90:22335[(from FROM=CUT_FACE_FROM%INT_NPE)],wall_obst_cutcell,"doc: Interpolation (LOW:HIGH,VIND,EP,0:NFACE)"
INT_XN,CC_CUTFACE_TYPE,"REAL(EB), ALLOCATABLE",2,"deferred(:,:); no ALLOCATE found",type.f90,1344,geom.f90:22336[(from FROM=CUT_FACE_FROM%INT_XN)],wall_obst_cutcell,"doc: Interpolation (0:INT_N_EXT_PTS,0:NFACE) !0 is interp point."
INT_CN,CC_CUTFACE_TYPE,"REAL(EB), ALLOCATABLE",2,"deferred(:,:); no ALLOCATE found",type.f90,1344,geom.f90:22337[(from FROM=CUT_FACE_FROM%INT_CN)],wall_obst_cutcell,"doc: Interpolation (0:INT_N_EXT_PTS,0:NFACE) !0 is interp point."
INT_FVARS,CC_CUTFACE_TYPE,"REAL(EB), ALLOCATABLE",2,"deferred(:,:); no ALLOCATE found",type.f90,1345,geom.f90:22338[(from FROM=CUT_FACE_FROM%INT_FVARS)],wall_obst_cutcell,"doc: Interp (1:N_INT_FVARS,INT_NPE_LO+1:INT_NPE_LO+INT_NPE_HI)"
INT_NOMIND,CC_CUTFACE_TYPE,"INTEGER, ALLOCATABLE",2,"deferred(:,:); no ALLOCATE found",type.f90,1346,geom.f90:22339[(from FROM=CUT_FACE_FROM%INT_NOMIND)],wall_obst_cutcell,"doc: Interp (LOW_IND:HIGH_IND,INT_NPE_LO+1:INT_NPE_LO+INT_NPE_HI)"
INT_CVARS,CC_CUTFACE_TYPE,"REAL(EB), ALLOCATABLE",2,"deferred(:,:); no ALLOCATE found",type.f90,1349,geom.f90:22341[(from FROM=CUT_FACE_FROM%INT_CVARS)],wall_obst_cutcell,"doc: Interpolation (1:N_INT_CVARS,INT_NPE_LO+1:INT_NPE_LO+INT_NPE_HI)"
IJK,CC_CUTCELL_TYPE,INTEGER,1,(MAX_DIM),type.f90,1392,,wall_obst_cutcell,doc: Cartesian cell [ I J K ] location for this entry.
NCELL,CC_CUTCELL_TYPE,INTEGER,0,scalar,type.f90,1393,,wall_obst_cutcell,doc: Num cut-cells in this cartesian cell. Now fixed at 1 by blocking.
NFACE_CELL,CC_CUTCELL_TYPE,INTEGER,0,scalar,type.f90,1394,,wall_obst_cutcell,doc: Number of faces on cut-cells in this entry.
NFACE_DROPPED,CC_CUTCELL_TYPE,INTEGER,0,scalar,type.f90,1395,,wall_obst_cutcell,doc: Parameter used for blocking cut-cells.
ALPHA_CC,CC_CUTCELL_TYPE,REAL(EB),0,scalar,type.f90,1396,,wall_obst_cutcell,doc: Volume factor. ( SUM(VOLUME(1:NCELL))/(DX*DY*DZ) )
CCELEM,CC_CUTCELL_TYPE,"INTEGER, ALLOCATABLE",2,"deferred(:,:); allocated as (1:NCFACE_CUTCELL,1:NCELL)",type.f90,1397,"geom.f90:8249[(from FROM=CUT_CELL_FROM%CCELEM)]; geom.f90:8424[1:NCFACE_CUTCELL,1:NCELL]; geom.f90:8923[(from FROM=CCELEM_LOC)]; geom.f90:10030[(from FROM=CCELEM)]; geom.f90:10099[(from FROM=CCELEM)]; geom.f90:13242[(from FROM=CCELEM)]",wall_obst_cutcell,"doc: Cut-cells faces in FACE_LIST. (1:NFACE_CELL+1,1:NCELL)"
FACE_LIST,CC_CUTCELL_TYPE,"INTEGER, ALLOCATABLE",2,"deferred(:,:); allocated as (1:CC_NPARAM_CCFACE,1:NFACE_CELL)",type.f90,1398,"geom.f90:8250[(from FROM=CUT_CELL_FROM%FACE_LIST)]; geom.f90:8425[1:CC_NPARAM_CCFACE,1:NFACE_CELL]; geom.f90:8924[(from FROM=FACE_LIST_LOC)]; geom.f90:10031[(from FROM=FACE_LIST)]; geom.f90:10100[(from FROM=FACE_LIST)]; geom.f90:13243[(from FROM=FACE_LIST)]",wall_obst_cutcell,doc: List of cut-reg faces boundary of cut-cells for this entry.
FACE_LIST_DROPPED,CC_CUTCELL_TYPE,"INTEGER, ALLOCATABLE",2,"deferred(:,:); no ALLOCATE found",type.f90,1399,geom.f90:8251[(from FROM=CUT_CELL_FROM%FACE_LIST_DROPPED)]; geom.f90:11821[(from FROM=FACE_LIST_DROPPED)],wall_obst_cutcell,doc: Face list used for blocking cut-cells.
IJK_LINK,CC_CUTCELL_TYPE,"INTEGER, ALLOCATABLE",2,"deferred(:,:); allocated as (IAXIS:KAXIS+2,1:NCELL)",type.f90,1400,"geom.f90:8252[(from FROM=CUT_CELL_FROM%IJK_LINK)]; geom.f90:8426[IAXIS:KAXIS+2,1:NCELL]",wall_obst_cutcell,doc: Cell/cut-cell each cut-cell is linked to.
LINK_LEV,CC_CUTCELL_TYPE,"INTEGER, ALLOCATABLE",1,deferred(:); allocated as (1:NCELL),type.f90,1401,geom.f90:8253[(from FROM=CUT_CELL_FROM%LINK_LEV)]; geom.f90:8426[1:NCELL],wall_obst_cutcell,doc: Level in local Linking Hierarchy tree. (1:NCELL)
VOLUME,CC_CUTCELL_TYPE,"REAL(EB), ALLOCATABLE",1,deferred(:); allocated as (1:NCELL),type.f90,1402,geom.f90:8254[(from FROM=CUT_CELL_FROM%VOLUME)]; geom.f90:8432[1:NCELL]; geom.f90:8925[(from FROM=VOLUME_LOC)]; geom.f90:10032[(from FROM=VOLUME)]; geom.f90:10101[(from FROM=VOLUME)]; geom.f90:13244[(from FROM=VOLUME)],wall_obst_cutcell,doc: Cut-cell volumes. (1:NCELL)
XYZCEN,CC_CUTCELL_TYPE,"REAL(EB), ALLOCATABLE",2,"deferred(:,:); allocated as (IAXIS:KAXIS,1:NCELL)",type.f90,1403,"geom.f90:8255[(from FROM=CUT_CELL_FROM%XYZCEN)]; geom.f90:8438[IAXIS:KAXIS,1:NCELL]; geom.f90:8926[(from FROM=XYZCEN_LOC)]; geom.f90:10033[(from FROM=XYZCEN)]; geom.f90:10102[(from FROM=XYZCEN)]; geom.f90:13245[(from FROM=XYZCEN)]",wall_obst_cutcell,"doc: Cut-cell centroid locations. (IAXIS:KAXIS,1:NCELL)"
UNKZ,CC_CUTCELL_TYPE,"INTEGER, ALLOCATABLE",1,deferred(:); allocated as (1:NCELL),type.f90,1404,geom.f90:8276[(from FROM=CUT_CELL_FROM%UNKZ)]; geom.f90:8440[1:NCELL],wall_obst_cutcell,doc: Cut-cells unknown number for scalars.
NOADVANCE,CC_CUTCELL_TYPE,"INTEGER, ALLOCATABLE",1,deferred(:); allocated as (1:NCELL),type.f90,1405,geom.f90:8302[(from FROM=CUT_CELL_FROM%NOADVANCE)]; geom.f90:8432[1:NCELL]; geom.f90:8927[(from FROM=NOADVANCE_LOC)]; geom.f90:10034[(from FROM=NOADVANCE)]; geom.f90:10103[(from FROM=NOADVANCE)]; geom.f90:13246[(from FROM=NOADVANCE)],wall_obst_cutcell,doc: Array to define if cut-cell should be blocked. (1:NCELL)
BODTRI_DONOR,CC_CUTCELL_TYPE,"INTEGER, ALLOCATABLE",2,"deferred(:,:); allocated as (1:2,1:NCELL)",type.f90,1406,"geom.f90:8303[(from FROM=CUT_CELL_FROM%BODTRI_DONOR)]; geom.f90:8433[1:2,1:NCELL]",wall_obst_cutcell,"doc: Donor body/triangle for blocked-cell generated inboundary faces. (1:2,1:NCELL)"
N_NOMICC,CC_CUTCELL_TYPE,INTEGER,0,scalar,type.f90,1407,,wall_obst_cutcell,doc: Number of entries in NOMICC
NOMICC,CC_CUTCELL_TYPE,"INTEGER, ALLOCATABLE",2,"deferred(:,:); allocated as (2,NOFC)",type.f90,1408,"geom.f90:8304[(from FROM=CUT_CELL_FROM%NOMICC)]; geom.f90:12563[2,NOFC]; geom.f90:12612[2,NOFC]",wall_obst_cutcell,"doc: OMESH cut-cells array. (1:2,1:N_NOMICC)"
RHO,CC_CUTCELL_TYPE,"REAL(EB), ALLOCATABLE",1,deferred(:); allocated as (1:NCELL),type.f90,1410,geom.f90:8257[(from FROM=CUT_CELL_FROM%RHO)]; geom.f90:8451[1:NCELL],wall_obst_cutcell,doc: Corrector cut-cell densities. (1:NCELL)
RHOS,CC_CUTCELL_TYPE,"REAL(EB), ALLOCATABLE",1,deferred(:); allocated as (1:NCELL),type.f90,1411,geom.f90:8258[(from FROM=CUT_CELL_FROM%RHOS)]; geom.f90:8452[1:NCELL],wall_obst_cutcell,doc: Predictor cut-cell densities.
RSUM,CC_CUTCELL_TYPE,"REAL(EB), ALLOCATABLE",1,deferred(:); allocated as (1:NCELL),type.f90,1412,geom.f90:8259[(from FROM=CUT_CELL_FROM%RSUM)]; geom.f90:8452[1:NCELL],wall_obst_cutcell,doc: Cut-cells RSUM container. (1:NCELL)
TMP,CC_CUTCELL_TYPE,"REAL(EB), ALLOCATABLE",1,deferred(:); allocated as (1:NCELL),type.f90,1413,geom.f90:8260[(from FROM=CUT_CELL_FROM%TMP)]; geom.f90:8453[1:NCELL],wall_obst_cutcell,doc: Cut-cells temperatures. (1:NCELL)
D,CC_CUTCELL_TYPE,"REAL(EB), ALLOCATABLE",1,deferred(:); allocated as (1:NCELL),type.f90,1414,geom.f90:8261[(from FROM=CUT_CELL_FROM%D)]; geom.f90:8453[1:NCELL],wall_obst_cutcell,doc: Corrector cut-cells thermodynamic divg. (1:NCELL)
DS,CC_CUTCELL_TYPE,"REAL(EB), ALLOCATABLE",1,deferred(:); allocated as (1:NCELL),type.f90,1415,geom.f90:8262[(from FROM=CUT_CELL_FROM%DS)]; geom.f90:8457[1:NCELL],wall_obst_cutcell,doc: Predictor cut-cells thermodynamic divg.
DVOL,CC_CUTCELL_TYPE,"REAL(EB), ALLOCATABLE",1,deferred(:); allocated as (1:NCELL),type.f90,1416,geom.f90:8263[(from FROM=CUT_CELL_FROM%DVOL)]; geom.f90:8454[1:NCELL],wall_obst_cutcell,doc: Cut-cells thermodynamic divg*vol.
DVOL_PR,CC_CUTCELL_TYPE,"REAL(EB), ALLOCATABLE",1,deferred(:); allocated as (1:NCELL),type.f90,1417,geom.f90:8264[(from FROM=CUT_CELL_FROM%DVOL_PR)]; geom.f90:8454[1:NCELL],wall_obst_cutcell,doc: Predictor cut-cell thermodynamic divg*vol.
Q,CC_CUTCELL_TYPE,"REAL(EB), ALLOCATABLE",1,deferred(:); allocated as (1:NCELL),type.f90,1418,geom.f90:8265[(from FROM=CUT_CELL_FROM%Q)]; geom.f90:8455[1:NCELL],wall_obst_cutcell,doc: Cut-cells volumetric heat source. (1:NCELL)
QR,CC_CUTCELL_TYPE,"REAL(EB), ALLOCATABLE",1,deferred(:); allocated as (1:NCELL),type.f90,1419,geom.f90:8266[(from FROM=CUT_CELL_FROM%QR)]; geom.f90:8456[1:NCELL],wall_obst_cutcell,doc: Cut-cells volumetric radiative heat source.
D_SOURCE,CC_CUTCELL_TYPE,"REAL(EB), ALLOCATABLE",1,deferred(:); allocated as (1:NCELL),type.f90,1420,geom.f90:8267[(from FROM=CUT_CELL_FROM%D_SOURCE)]; geom.f90:8456[1:NCELL],wall_obst_cutcell,doc: Cut-cells divergence source terms.
CHI_R,CC_CUTCELL_TYPE,"REAL(EB), ALLOCATABLE",1,deferred(:); allocated as (1:NCELL),type.f90,1421,geom.f90:8268[(from FROM=CUT_CELL_FROM%CHI_R)]; geom.f90:8457[1:NCELL],wall_obst_cutcell,doc: Cut-cells radiative fraction.
MIX_TIME,CC_CUTCELL_TYPE,"REAL(EB), ALLOCATABLE",1,deferred(:); allocated as (1:NCELL),type.f90,1422,geom.f90:8269[(from FROM=CUT_CELL_FROM%MIX_TIME)]; geom.f90:8458[1:NCELL],wall_obst_cutcell,doc: Cut-cells species mixing time.
Q_REAC,CC_CUTCELL_TYPE,"REAL(EB), ALLOCATABLE",2,"deferred(:,:); allocated as (1:N_REACTIONS,1:NCELL)",type.f90,1423,"geom.f90:8270[(from FROM=CUT_CELL_FROM%Q_REAC)]; geom.f90:8489[1:N_REACTIONS,1:NCELL]",wall_obst_cutcell,doc: Cut-cells volumetric heat source due to reaction.
REAC_SOURCE_TERM,CC_CUTCELL_TYPE,"REAL(EB), ALLOCATABLE",2,"deferred(:,:); allocated as (1:N_TOTAL_SCALARS,1:NCELL)",type.f90,1424,"geom.f90:8271[(from FROM=CUT_CELL_FROM%REAC_SOURCE_TERM)]; geom.f90:8492[1:N_TOTAL_SCALARS,1:NCELL]",wall_obst_cutcell,"doc: Cut-cells species source term. (1:N_TOTAL_SCALARS,1:NCELL)"
ZZ,CC_CUTCELL_TYPE,"REAL(EB), ALLOCATABLE",2,"deferred(:,:); allocated as (1:N_TOTAL_SCALARS,1:NCELL)",type.f90,1425,"geom.f90:8272[(from FROM=CUT_CELL_FROM%ZZ)]; geom.f90:8493[1:N_TOTAL_SCALARS,1:NCELL]",wall_obst_cutcell,doc: Corrector cut-cells mass fractions.
ZZS,CC_CUTCELL_TYPE,"REAL(EB), ALLOCATABLE",2,"deferred(:,:); allocated as (1:N_TOTAL_SCALARS,1:NCELL)",type.f90,1426,"geom.f90:8273[(from FROM=CUT_CELL_FROM%ZZS)]; geom.f90:8494[1:N_TOTAL_SCALARS,1:NCELL]",wall_obst_cutcell,doc: Predictor cut-cells mass fractions.
M_DOT_PPP,CC_CUTCELL_TYPE,"REAL(EB), ALLOCATABLE",2,"deferred(:,:); allocated as (1:N_TOTAL_SCALARS,1:NCELL)",type.f90,1427,"geom.f90:8274[(from FROM=CUT_CELL_FROM%M_DOT_PPP)]; geom.f90:8495[1:N_TOTAL_SCALARS,1:NCELL]",wall_obst_cutcell,doc: Cut-cells mass source term.
UNKH,CC_CUTCELL_TYPE,"INTEGER, ALLOCATABLE",1,deferred(:); allocated as (1:NCELL),type.f90,1429,geom.f90:8275[(from FROM=CUT_CELL_FROM%UNKH)]; geom.f90:8501[1:NCELL],wall_obst_cutcell,doc: Cut-cells unknown number for pressure H. (1:NCELL)
KRES,CC_CUTCELL_TYPE,"REAL(EB), ALLOCATABLE",1,deferred(:); allocated as (1:NCELL),type.f90,1430,geom.f90:8277[(from FROM=CUT_CELL_FROM%KRES)]; geom.f90:8462[1:NCELL],wall_obst_cutcell,doc: Cut-cells turbulent kinetic energy.
H,CC_CUTCELL_TYPE,"REAL(EB), ALLOCATABLE",1,deferred(:); allocated as (1:NCELL),type.f90,1431,geom.f90:8278[(from FROM=CUT_CELL_FROM%H)]; geom.f90:8458[1:NCELL],wall_obst_cutcell,doc: Cut-cells predictor pressure values.
HS,CC_CUTCELL_TYPE,"REAL(EB), ALLOCATABLE",1,deferred(:); allocated as (1:NCELL),type.f90,1432,geom.f90:8279[(from FROM=CUT_CELL_FROM%HS)]; geom.f90:8459[1:NCELL],wall_obst_cutcell,doc: Cut-cells corrector pressure values.
RTRM,CC_CUTCELL_TYPE,"REAL(EB), ALLOCATABLE",1,deferred(:); allocated as (1:NCELL),type.f90,1433,geom.f90:8281[(from FROM=CUT_CELL_FROM%RTRM)]; geom.f90:8459[1:NCELL],wall_obst_cutcell,doc: Cut-cells 1/(rho*c_p*T).
R_H_G,CC_CUTCELL_TYPE,"REAL(EB), ALLOCATABLE",1,deferred(:); allocated as (1:NCELL),type.f90,1434,geom.f90:8282[(from FROM=CUT_CELL_FROM%R_H_G)]; geom.f90:8460[1:NCELL],wall_obst_cutcell,doc: Cut-cells 1/(c_p*T)
RHO_0,CC_CUTCELL_TYPE,"REAL(EB), ALLOCATABLE",1,deferred(:); allocated as (1:NCELL),type.f90,1435,geom.f90:8283[(from FROM=CUT_CELL_FROM%RHO_0)]; geom.f90:8460[1:NCELL],wall_obst_cutcell,doc: Cut-cells background density.
WVEL,CC_CUTCELL_TYPE,"REAL(EB), ALLOCATABLE",1,deferred(:); allocated as (1:NCELL),type.f90,1436,geom.f90:8284[(from FROM=CUT_CELL_FROM%WVEL)]; geom.f90:8461[1:NCELL],wall_obst_cutcell,doc: Cut-cells centroid vertical velocity.
DDDTVOL,CC_CUTCELL_TYPE,"REAL(EB), ALLOCATABLE",1,deferred(:); allocated as (1:NCELL),type.f90,1437,geom.f90:8285[(from FROM=CUT_CELL_FROM%DDDTVOL)]; geom.f90:8462[1:NCELL],wall_obst_cutcell,doc: Cut-cells dD/dT * vol.
DELTA_RHO,CC_CUTCELL_TYPE,"REAL(EB), ALLOCATABLE",1,deferred(:); allocated as (1:NCELL),type.f90,1438,geom.f90:8286[(from FROM=CUT_CELL_FROM%DELTA_RHO)]; geom.f90:8463[1:NCELL],wall_obst_cutcell,doc: Cut-cells density change used in check mass density.
DELTA_RHO_ZZ,CC_CUTCELL_TYPE,"REAL(EB), ALLOCATABLE",1,deferred(:); allocated as (1:NCELL),type.f90,1439,geom.f90:8287[(from FROM=CUT_CELL_FROM%DELTA_RHO_ZZ)]; geom.f90:8463[1:NCELL],wall_obst_cutcell,doc: Cut-cells species density change used in check mass density.
INT_IJK,CC_CUTCELL_TYPE,"INTEGER, ALLOCATABLE",2,"deferred(:,:); allocated as (IAXIS:KAXIS,SZ_2) | (IAXIS:KAXIS,(NCELL+1)*DELTA_INT)",type.f90,1442,"ccib.f90:17021[IAXIS:KAXIS,SZ_2]; geom.f90:8289[(from FROM=CUT_CELL_FROM%INT_IJK)]; geom.f90:8502[IAXIS:KAXIS,(NCELL+1)*DELTA_INT]",wall_obst_cutcell,"doc: Interpolation (IAXIS:KAXIS,INT_NPE_LO+1:INT_NPE_LO+INT_NPE_HI)"
INT_COEF,CC_CUTCELL_TYPE,"REAL(EB), ALLOCATABLE",1,deferred(:); allocated as (1:SZ_2) | ((NCELL+1)*DELTA_INT),type.f90,1443,ccib.f90:17022[1:SZ_2]; geom.f90:8290[(from FROM=CUT_CELL_FROM%INT_COEF)]; geom.f90:8503[(NCELL+1)*DELTA_INT],wall_obst_cutcell,doc: Interpolation (INT_NPE_LO+1:INT_NPE_LO+INT_NPE_HI)
INT_XYZBF,CC_CUTCELL_TYPE,"REAL(EB), ALLOCATABLE",2,"deferred(:,:); allocated as (IAXIS:KAXIS,0:NCELL)",type.f90,1444,"geom.f90:8291[(from FROM=CUT_CELL_FROM%INT_XYZBF)]; geom.f90:8504[IAXIS:KAXIS,0:NCELL]",wall_obst_cutcell,"doc: Interpolation (IAXIS:KAXIS,0:NCELL)"
INT_NOUT,CC_CUTCELL_TYPE,"REAL(EB), ALLOCATABLE",2,"deferred(:,:); allocated as (IAXIS:KAXIS,0:NCELL)",type.f90,1444,"geom.f90:8292[(from FROM=CUT_CELL_FROM%INT_NOUT)]; geom.f90:8505[IAXIS:KAXIS,0:NCELL]",wall_obst_cutcell,"doc: Interpolation (IAXIS:KAXIS,0:NCELL)"
INT_INBFC,CC_CUTCELL_TYPE,"INTEGER, ALLOCATABLE",2,"deferred(:,:); allocated as (1:3,0:NCELL)",type.f90,1445,"geom.f90:8293[(from FROM=CUT_CELL_FROM%INT_INBFC)]; geom.f90:8506[1:3,0:NCELL]",wall_obst_cutcell,"doc: Interpolation (1:3,0:NCELL)"
INT_NPE,CC_CUTCELL_TYPE,"INTEGER, ALLOCATABLE",4,"deferred(:,:,:,:); allocated as (LOW_IND:HIGH_IND,0:KAXIS,1:INT_N_EXT_PTS,0:NCELL)",type.f90,1446,"geom.f90:8294[(from FROM=CUT_CELL_FROM%INT_NPE)]; geom.f90:8507[LOW_IND:HIGH_IND,0:KAXIS,1:INT_N_EXT_PTS,0:NCELL]",wall_obst_cutcell,"doc: Interpolation (LOW:HIGH,0,EP,0:NCELL)"
INT_XN,CC_CUTCELL_TYPE,"REAL(EB), ALLOCATABLE",2,"deferred(:,:); allocated as (0:INT_N_EXT_PTS,0:NCELL)",type.f90,1447,"geom.f90:8295[(from FROM=CUT_CELL_FROM%INT_XN)]; geom.f90:8508[0:INT_N_EXT_PTS,0:NCELL]",wall_obst_cutcell,"doc: Interpolation (0:INT_N_EXT_PTS,0:NCELL)  ! 0 is interp pt."
INT_CN,CC_CUTCELL_TYPE,"REAL(EB), ALLOCATABLE",2,"deferred(:,:); allocated as (0:INT_N_EXT_PTS,0:NCELL)",type.f90,1447,"geom.f90:8296[(from FROM=CUT_CELL_FROM%INT_CN)]; geom.f90:8509[0:INT_N_EXT_PTS,0:NCELL]",wall_obst_cutcell,"doc: Interpolation (0:INT_N_EXT_PTS,0:NCELL)  ! 0 is interp pt."
INT_CCVARS,CC_CUTCELL_TYPE,"REAL(EB), ALLOCATABLE",2,"deferred(:,:); allocated as (1:N_INT_CCVARS,SZ_2) | (1:N_INT_FVARS,(NCELL+1)*DELTA_INT)",type.f90,1448,"ccib.f90:17027[1:N_INT_CCVARS,SZ_2]; geom.f90:8297[(from FROM=CUT_CELL_FROM%INT_CCVARS)]; geom.f90:8510[1:N_INT_FVARS,(NCELL+1)*DELTA_INT]",wall_obst_cutcell,"doc: Interpolation (1:N_INT_CCVARS,INT_NPE_LO+1:INT_NPE_LO+INT_NPE_HI)"
INT_NOMIND,CC_CUTCELL_TYPE,"INTEGER, ALLOCATABLE",2,"deferred(:,:); allocated as (LOW_IND:HIGH_IND,SZ_2) | (LOW_IND:HIGH_IND,(NCELL+1)*DELTA_INT)",type.f90,1449,"ccib.f90:17028[LOW_IND:HIGH_IND,SZ_2]; geom.f90:8298[(from FROM=CUT_CELL_FROM%INT_NOMIND)]; geom.f90:8511[LOW_IND:HIGH_IND,(NCELL+1)*DELTA_INT]",wall_obst_cutcell,"doc: Interp. (LOW_IND:HIGH_IND,INT_NPE_LO+1:INT_NPE_LO+INT_NPE_HI)"
DEL_RHO_D_DEL_Z_VOL,CC_CUTCELL_TYPE,"REAL(EB), ALLOCATABLE",2,"deferred(:,:); allocated as (1:N_TOTAL_SCALARS,1:NCELL)",type.f90,1451,"geom.f90:8300[(from FROM=CUT_CELL_FROM%DEL_RHO_D_DEL_Z_VOL)]; geom.f90:8524[1:N_TOTAL_SCALARS,1:NCELL]",wall_obst_cutcell,doc: Cut-cells DEL_RHO_D_DEL_Z * VOL
U_DOT_DEL_RHO_Z_VOL,CC_CUTCELL_TYPE,"REAL(EB), ALLOCATABLE",2,"deferred(:,:); allocated as (1:N_TOTAL_SCALARS,1:NCELL)",type.f90,1452,"geom.f90:8301[(from FROM=CUT_CELL_FROM%U_DOT_DEL_RHO_Z_VOL)]; geom.f90:8525[1:N_TOTAL_SCALARS,1:NCELL]",wall_obst_cutcell,doc: Cut-cells U_DOT_DEL_RHO_Z * VOL
N,CC_GCELL_TYPE,INTEGER,0,scalar,type.f90,1460,,wall_obst_cutcell,
CELL_TYPE,CC_GCELL_TYPE,"INTEGER, ALLOCATABLE",1,deferred(:); allocated as (1:M%GCELL%N),type.f90,1461,geom.f90:15083[1:M%GCELL%N],wall_obst_cutcell,doc: (1:N) CC_GCELL_CUT or CC_GCELL_REG.
IJK,CC_GCELL_TYPE,"INTEGER, ALLOCATABLE",2,"deferred(:,:); allocated as (IAXIS:KAXIS,1:M%GCELL%N)",type.f90,1462,"geom.f90:15084[IAXIS:KAXIS,1:M%GCELL%N]",wall_obst_cutcell,"doc: (IAXIS:KAXIS,1:N) host Cartesian cell indices."
ICC,CC_GCELL_TYPE,"INTEGER, ALLOCATABLE",1,deferred(:); allocated as (1:M%GCELL%N),type.f90,1463,geom.f90:15085[1:M%GCELL%N],wall_obst_cutcell,doc: (1:N) CUT_CELL index (0 if regular cell).
JCC,CC_GCELL_TYPE,"INTEGER, ALLOCATABLE",1,deferred(:); allocated as (1:M%GCELL%N),type.f90,1464,geom.f90:15086[1:M%GCELL%N],wall_obst_cutcell,doc: (1:N) sub-cell index within CUT_CELL (0 if regular).
STATUS,CC_GCELL_TYPE,"INTEGER, ALLOCATABLE",1,deferred(:); allocated as (1:M%GCELL%N),type.f90,1465,geom.f90:15087[1:M%GCELL%N],wall_obst_cutcell,doc: (1:N) active / blocked.
VOLUME,CC_GCELL_TYPE,"REAL(EB), ALLOCATABLE",1,deferred(:); allocated as (1:M%GCELL%N),type.f90,1466,geom.f90:15088[1:M%GCELL%N],wall_obst_cutcell,doc: (1:N) cached volume.
XYZCEN,CC_GCELL_TYPE,"REAL(EB), ALLOCATABLE",2,"deferred(:,:); allocated as (IAXIS:KAXIS,1:M%GCELL%N)",type.f90,1467,"geom.f90:15089[IAXIS:KAXIS,1:M%GCELL%N]",wall_obst_cutcell,"doc: (IAXIS:KAXIS,1:N) cached centroid."
DO_LO_IND,CC_REGFACEZ_TYPE,LOGICAL,0,scalar,type.f90,1482,,wall_obst_cutcell,doc: Defines if fluxes are to be assigned in low side cell.
DO_HI_IND,CC_REGFACEZ_TYPE,LOGICAL,0,scalar,type.f90,1483,,wall_obst_cutcell,doc: Defines if fluxes are to be assigned in high side cell.
IJK,CC_REGFACEZ_TYPE,INTEGER,1,(MAX_DIM),type.f90,1484,,wall_obst_cutcell,"doc: Location indexes [ I J K ] of X,Y,Z REG face."
IWC,CC_REGFACEZ_TYPE,INTEGER,0,scalar,type.f90,1485,,wall_obst_cutcell,doc: WALL CELL index (if present) in location of REG Face.
NOMICF,CC_REGFACEZ_TYPE,"INTEGER, ALLOCATABLE",2,"deferred(:,:); no ALLOCATE found",type.f90,1486,,wall_obst_cutcell,doc: OMESH face info for mesh boundary REG face.
FN_H_S,CC_REGFACEZ_TYPE,REAL(EB),0,scalar,type.f90,1487,,wall_obst_cutcell,"doc: Stores components FX_H_S, FY_H_S, FZ_H_S as needed."
RHOZZ_U,CC_REGFACEZ_TYPE,"REAL(EB), ALLOCATABLE",1,deferred(:); allocated as (1:N_TOTAL_SCALARS),type.f90,1488,ccib.f90:22092[1:N_TOTAL_SCALARS]; ccib.f90:22182[1:N_TOTAL_SCALARS]; ccib.f90:22272[1:N_TOTAL_SCALARS],wall_obst_cutcell,"doc: Stores computed FX(I,J,K,N)*UU(I,J,K), etc. as needed."
FN_ZZ,CC_REGFACEZ_TYPE,"REAL(EB), ALLOCATABLE",1,deferred(:); allocated as (1:N_TOTAL_SCALARS),type.f90,1489,ccib.f90:22093[1:N_TOTAL_SCALARS]; ccib.f90:22183[1:N_TOTAL_SCALARS]; ccib.f90:22273[1:N_TOTAL_SCALARS],wall_obst_cutcell,"doc: Stores computed FX_ZZ(I,J,K), etc. as needed."
RHO_D_DZDN,CC_REGFACEZ_TYPE,"REAL(EB), ALLOCATABLE",1,deferred(:); allocated as (1:N_TOTAL_SCALARS),type.f90,1490,ccib.f90:22094[1:N_TOTAL_SCALARS]; ccib.f90:22184[1:N_TOTAL_SCALARS]; ccib.f90:22274[1:N_TOTAL_SCALARS],wall_obst_cutcell,doc: Species diffusive mass fluxes in REG face.
H_RHO_D_DZDN,CC_REGFACEZ_TYPE,"REAL(EB), ALLOCATABLE",1,deferred(:); allocated as (1:N_TOTAL_SCALARS),type.f90,1491,ccib.f90:22095[1:N_TOTAL_SCALARS]; ccib.f90:22185[1:N_TOTAL_SCALARS]; ccib.f90:22275[1:N_TOTAL_SCALARS],wall_obst_cutcell,doc: OMESH face info for mesh boundary REG face.
SHAREDZ,CC_RCFACE_TYPE,LOGICAL,0,scalar,type.f90,1497,,wall_obst_cutcell,doc: Notes if RC face connects cells with same UNKZ.
IWC,CC_RCFACE_TYPE,INTEGER,0,scalar,type.f90,1498,,wall_obst_cutcell,doc: WALL CELL index (if present) in location of RC Face.
PRES_ZONE,CC_RCFACE_TYPE,INTEGER,0,scalar,type.f90,1499,,wall_obst_cutcell,doc: Pressure zone where RC face is.
IJK,CC_RCFACE_TYPE,INTEGER,1,(MAX_DIM+1),type.f90,1500,,wall_obst_cutcell,doc: Location indexes and axis of RC face. [ I J K X1AXIS]
UNKF,CC_RCFACE_TYPE,INTEGER,0,scalar,type.f90,1501,,wall_obst_cutcell,doc: Momentum unknown number if face is linked.
UNKZ,CC_RCFACE_TYPE,INTEGER,1,(LOW_IND:HIGH_IND),type.f90,1502,,wall_obst_cutcell,doc: Scalar transport unknown numbers in connected cells.
UNKH,CC_RCFACE_TYPE,INTEGER,1,(LOW_IND:HIGH_IND),type.f90,1503,,wall_obst_cutcell,doc: Pressure unknown numbers in connected cells.
XCEN,CC_RCFACE_TYPE,REAL(EB),2,"(MAX_DIM,LOW_IND:HIGH_IND)",type.f90,1504,,wall_obst_cutcell,doc: Centroid location of connected cells.
JDH,CC_RCFACE_TYPE,INTEGER,2,"(1:2,1:2)",type.f90,1505,,wall_obst_cutcell,doc: Index matrix for H Poisson matrix coefficients.
CELL_LIST,CC_RCFACE_TYPE,INTEGER,2,"(MAX_DIM+1,LOW_IND:HIGH_IND)",type.f90,1506,,wall_obst_cutcell,doc: Cell type/location of connected cells. [RC_TYPE I J K ]
TMP_FACE,CC_RCFACE_TYPE,REAL(EB),0,scalar,type.f90,1507,,wall_obst_cutcell,doc: Temperature in RC face.
ZZ_FACE,CC_RCFACE_TYPE,"REAL(EB), ALLOCATABLE",1,deferred(:); allocated as (1:N_TOTAL_SCALARS),type.f90,1508,ccib.f90:22406[1:N_TOTAL_SCALARS],wall_obst_cutcell,doc: Species mass fractions in RC face.
RHO_D_DZDN,CC_RCFACE_TYPE,"REAL(EB), ALLOCATABLE",1,deferred(:); allocated as (1:N_TOTAL_SCALARS),type.f90,1509,ccib.f90:22407[1:N_TOTAL_SCALARS],wall_obst_cutcell,doc: Species diffusive mass fluxes in RC face.
H_RHO_D_DZDN,CC_RCFACE_TYPE,"REAL(EB), ALLOCATABLE",1,deferred(:); allocated as (1:N_TOTAL_SCALARS),type.f90,1510,ccib.f90:22408[1:N_TOTAL_SCALARS],wall_obst_cutcell,doc: Species heat fluxes due to RHO_D_DZDN in RC face.
NOMICF,CC_RCFACE_TYPE,"INTEGER, ALLOCATABLE",2,"deferred(:,:); no ALLOCATE found",type.f90,1511,,wall_obst_cutcell,doc: OMESH face info for mesh boundary RC face.
CFACE_INDEX,CFACE_TYPE,INTEGER,0,scalar,type.f90,1362,,wall_obst_cutcell,doc: Index of itself -- used to determine if the CFACE cell has been assigned
BC_INDEX,CFACE_TYPE,INTEGER,0,scalar,type.f90,1363,,wall_obst_cutcell,doc: Derived type carrying coordinate variables
OD_INDEX,CFACE_TYPE,INTEGER,0,scalar,type.f90,1364,,wall_obst_cutcell,doc: Derived type carrying 1-D solid info
B1_INDEX,CFACE_TYPE,INTEGER,0,scalar,type.f90,1365,,wall_obst_cutcell,doc: Derived type carrying most of the surface boundary conditions
B2_INDEX,CFACE_TYPE,INTEGER,0,scalar,type.f90,1366,,wall_obst_cutcell,doc: Derived type carrying most of the surface boundary conditions
BR_INDEX,CFACE_TYPE,INTEGER,0,scalar,type.f90,1367,,wall_obst_cutcell,doc: Derived type carrying angular-specific radiation intensities
SURF_INDEX,CFACE_TYPE,INTEGER,0,scalar,type.f90,1368,,wall_obst_cutcell,
NODE_INDEX,CFACE_TYPE,INTEGER,0,scalar,type.f90,1369,,wall_obst_cutcell,
VENT_INDEX,CFACE_TYPE,INTEGER,0,scalar,type.f90,1370,,wall_obst_cutcell,
BOUNDARY_TYPE,CFACE_TYPE,INTEGER,0,scalar,type.f90,1371,,wall_obst_cutcell,
CUT_FACE_IND1,CFACE_TYPE,INTEGER,0,scalar,type.f90,1372,,wall_obst_cutcell,doc: First index pointing to CUT_FACE array for this CFACE.
CUT_FACE_IND2,CFACE_TYPE,INTEGER,0,scalar,type.f90,1373,,wall_obst_cutcell,doc: Second index pointing to CUT_FACE array for this CFACE.
N_REALS,CFACE_TYPE,INTEGER,0,scalar,type.f90,1374,,wall_obst_cutcell,doc: Number of reals to pack into restart or send/recv buffer
N_INTEGERS,CFACE_TYPE,INTEGER,0,scalar,type.f90,1375,,wall_obst_cutcell,doc: Number of integers to pack into restart or send/recv buffer
N_LOGICALS,CFACE_TYPE,INTEGER,0,scalar,type.f90,1376,,wall_obst_cutcell,doc: Number of logicals to pack into restart or send/recv buffer
AREA,CFACE_TYPE,REAL(EB),0,scalar,type.f90,1377,,wall_obst_cutcell,doc: CFACE area. From CUT_FACE(CUT_FACE_IND1)%AREA(CUT_FACE_IND2)
DUNDT,CFACE_TYPE,REAL(EB),0,scalar,type.f90,1378,,wall_obst_cutcell,
RSUM_G,CFACE_TYPE,REAL(EB),0,scalar,type.f90,1379,,wall_obst_cutcell,doc: \f$ R_0 \sum_\alpha Z_\alpha/W_\alpha \f$ in first gas phase cell
MU_G,CFACE_TYPE,REAL(EB),0,scalar,type.f90,1380,,wall_obst_cutcell,"doc: Viscosity, \f$ \mu \f$, in adjacent gas phase cell"
PRES_BXN,CFACE_TYPE,REAL(EB),0,scalar,type.f90,1381,,wall_obst_cutcell,doc: Pressure H boundary condition for this CFACE (used in unstructured solvers).
IJK,CC_EDGE_TYPE,INTEGER,1,(MAX_DIM+1),type.f90,1243,,wall_obst_cutcell,"doc: Edge I,J,K,AXIS indexesin mesh. [ I J K X1AXIS]"
IE,CC_EDGE_TYPE,INTEGER,0,scalar,type.f90,1244,,wall_obst_cutcell,doc: Index to entry in structured mesh EDGE array.
FACE_LIST,CC_EDGE_TYPE,"INTEGER, ALLOCATABLE",2,"deferred(:,:); allocated as (1:3,-2:2)",type.f90,1245,"ccib.f90:19612[1:3,-2:2]; ccib.f90:19656[1:3,-2:2]; ccib.f90:19700[1:3,-2:2]",wall_obst_cutcell,"doc: [1:3, -2:2] Reg/Cut faces connected to edge."
INT_IJK,CC_EDGE_TYPE,"INTEGER, ALLOCATABLE",2,"deferred(:,:); allocated as (IAXIS:KAXIS,NPE_LIST_START)",type.f90,1250,"ccib.f90:17743[IAXIS:KAXIS,NPE_LIST_START]",wall_obst_cutcell,"doc: Interpolation (IAXIS:KAXIS,INT_NPE_LO+1:INT_NPE_LO+INT_NPE_HI)"
INT_COEF,CC_EDGE_TYPE,"REAL(EB), ALLOCATABLE",1,deferred(:); no ALLOCATE found,type.f90,1251,,wall_obst_cutcell,doc: Interpolation (INT_NPE_LO+1:INT_NPE_LO+INT_NPE_HI)
INT_DCOEF,CC_EDGE_TYPE,"REAL(EB), ALLOCATABLE",2,"deferred(:,:); allocated as (NPE_LIST_START,1)",type.f90,1252,"ccib.f90:17751[NPE_LIST_START,1]",wall_obst_cutcell,"doc: Interpolation (IAXIS:KAXIS,INT_NPE_LO+1:INT_NPE_LO+INT_NPE_HI)"
INT_XYZBF,CC_EDGE_TYPE,"REAL(EB), ALLOCATABLE",2,"deferred(:,:); no ALLOCATE found",type.f90,1253,,wall_obst_cutcell,"doc: Interpolation (IAXIS:KAXIS,IEDGE)"
INT_NOUT,CC_EDGE_TYPE,"REAL(EB), ALLOCATABLE",2,"deferred(:,:); no ALLOCATE found",type.f90,1254,,wall_obst_cutcell,"doc: Interpolation (IAXIS:KAXIS,IEDGE)"
INT_INBFC,CC_EDGE_TYPE,"INTEGER, ALLOCATABLE",2,"deferred(:,:); no ALLOCATE found",type.f90,1255,,wall_obst_cutcell,"doc: Interpolation (1:3,IEDGE)"
INT_NPE,CC_EDGE_TYPE,"INTEGER, ALLOCATABLE",4,"deferred(:,:,:,:); allocated as (LOW_IND:HIGH_IND,0:KAXIS,1:INT_N_EXT_PTS,-2:2)",type.f90,1256,"ccib.f90:17051[LOW_IND:HIGH_IND,0:KAXIS,1:INT_N_EXT_PTS,-2:2]; ccib.f90:17228[LOW_IND:HIGH_IND,0:KAXIS,1:INT_N_EXT_PTS,-2:2]",wall_obst_cutcell,"doc: Interpolation (LOW:HIGH,VIND,EP,IEDGE)"
INT_XN,CC_EDGE_TYPE,"REAL(EB), ALLOCATABLE",2,"deferred(:,:); no ALLOCATE found",type.f90,1257,,wall_obst_cutcell,"doc: Interpolation (0:INT_N_EXT_PTS,IEDGE)"
INT_CN,CC_EDGE_TYPE,"REAL(EB), ALLOCATABLE",2,"deferred(:,:); no ALLOCATE found",type.f90,1257,,wall_obst_cutcell,"doc: Interpolation (0:INT_N_EXT_PTS,IEDGE)"
INT_FVARS,CC_EDGE_TYPE,"REAL(EB), ALLOCATABLE",2,"deferred(:,:); allocated as (1:N_INT_EP_FVARS,N_FVAR_START+1:N_FVAR_START+N_FVAR_COUNT)",type.f90,1258,"ccib.f90:17745[1:N_INT_EP_FVARS,N_FVAR_START+1:N_FVAR_START+N_FVAR_COUNT]",wall_obst_cutcell,"doc: Interpolation (1:N_INT_FVARS,INT_NPE_LO+1:INT_NPE_LO+INT_NPE_HI)"
INT_CVARS,CC_EDGE_TYPE,"REAL(EB), ALLOCATABLE",2,"deferred(:,:); allocated as (1:N_INT_EP_CVARS,N_CVAR_START+1:N_CVAR_START+N_CVAR_COUNT)",type.f90,1259,"ccib.f90:17744[1:N_INT_EP_CVARS,N_CVAR_START+1:N_CVAR_START+N_CVAR_COUNT]",wall_obst_cutcell,"doc: Interpolation (1:N_INT_CVARS,INT_NPE_LO+1:INT_NPE_LO+INT_NPE_HI)"
INT_NOMIND,CC_EDGE_TYPE,"INTEGER, ALLOCATABLE",2,"deferred(:,:); allocated as (LOW_IND:HIGH_IND,NPE_LIST_START)",type.f90,1260,"ccib.f90:17750[LOW_IND:HIGH_IND,NPE_LIST_START]",wall_obst_cutcell,"doc: Interp. (LOW_IND:HIGH_IND,INT_NPE_LO+1:INT_NPE_LO+INT_NPE_HI)"
XB_IB,CC_EDGE_TYPE,"REAL(EB), ALLOCATABLE",1,deferred(:); allocated as (-2:2),type.f90,1261,ccib.f90:17049[-2:2]; ccib.f90:17225[-2:2],wall_obst_cutcell,"doc: For edges inside geometry, distance on each face to boundary."
DUIDXJ,CC_EDGE_TYPE,"REAL(EB), ALLOCATABLE",1,deferred(:); allocated as (-2:2),type.f90,1262,ccib.f90:17050[-2:2],wall_obst_cutcell,doc: Wall modeled velocity Grad components.
MU_DUIDXJ,CC_EDGE_TYPE,"REAL(EB), ALLOCATABLE",1,deferred(:); allocated as (-2:2),type.f90,1263,ccib.f90:17050[-2:2],wall_obst_cutcell,doc: Wall modeled viscosity * velocity Grad components.
SURF_INDEX,CC_EDGE_TYPE,"INTEGER, ALLOCATABLE",1,deferred(:); allocated as (-2:2),type.f90,1264,ccib.f90:17049[-2:2]; ccib.f90:17225[-2:2],wall_obst_cutcell,doc: Surface type for boundary on each face connected to edge in geom.
PROCESS_EDGE_ORIENTATION,CC_EDGE_TYPE,"LOGICAL, ALLOCATABLE",1,deferred(:); allocated as (-2:2),type.f90,1265,ccib.f90:17226[-2:2],wall_obst_cutcell,doc: Computation logical.
EDGE_IN_MESH,CC_EDGE_TYPE,"LOGICAL, ALLOCATABLE",1,deferred(:); allocated as (-2:2),type.f90,1266,ccib.f90:17226[-2:2],wall_obst_cutcell,doc: Logical stating edge inside mesh (not boundary).
SIDE_IN_GEOM,CC_EDGE_TYPE,"LOGICAL, ALLOCATABLE",1,deferred(:); allocated as (-2:2),type.f90,1267,ccib.f90:17227[-2:2],wall_obst_cutcell,doc: Logical stating edge side inside geometry or actual boundary.
NCELL,CC_INBCF_AREA_TYPE,INTEGER,0,scalar,type.f90,1521,,wall_obst_cutcell,
AINB,CC_INBCF_AREA_TYPE,"REAL(EB), ALLOCATABLE",1,deferred(:); allocated as (M%CUT_CELL(ICC)%NCELL),type.f90,1522,geom.f90:11161[M%CUT_CELL(ICC)%NCELL],wall_obst_cutcell,
NEW_AINB,CC_INBCF_AREA_TYPE,"REAL(EB), ALLOCATABLE",1,deferred(:); allocated as (M%CUT_CELL(ICC)%NCELL),type.f90,1522,geom.f90:11162[M%CUT_CELL(ICC)%NCELL],wall_obst_cutcell,
SURF_INDEX,CC_INBCF_AREA_TYPE,"INTEGER, ALLOCATABLE",1,deferred(:); allocated as (M%CUT_CELL(ICC)%NCELL),type.f90,1523,geom.f90:11163[M%CUT_CELL(ICC)%NCELL],wall_obst_cutcell,
IJCF,CC_INBCF_AREA_TYPE,"TYPE(CC_INBCF_IJCF_TYPE), ALLOCATABLE",1,deferred(:); allocated as (M%CUT_CELL(ICC)%NCELL),type.f90,1524,geom.f90:11164[M%CUT_CELL(ICC)%NCELL],wall_obst_cutcell,
BC_INDEX,WALL_TYPE,INTEGER,0,scalar,type.f90,436,,wall_obst_cutcell,doc: Index within the array BOUNDARY_COORD
OD_INDEX,WALL_TYPE,INTEGER,0,scalar,type.f90,437,,wall_obst_cutcell,doc: Index within the array BOUNDARY_ONE_D
TD_INDEX,WALL_TYPE,INTEGER,0,scalar,type.f90,438,,wall_obst_cutcell,doc: Index within the array BOUNDARY_THR_D
B1_INDEX,WALL_TYPE,INTEGER,0,scalar,type.f90,439,,wall_obst_cutcell,doc: Index within the array BOUNDARY_PROP1
B2_INDEX,WALL_TYPE,INTEGER,0,scalar,type.f90,440,,wall_obst_cutcell,doc: Index within the array BOUNDARY_PROP2
BR_INDEX,WALL_TYPE,INTEGER,0,scalar,type.f90,441,,wall_obst_cutcell,doc: Index within the array BOUNDARY_RADIA
SURF_INDEX,WALL_TYPE,INTEGER,0,scalar,type.f90,442,,wall_obst_cutcell,doc: Index of the SURFace conditions
BOUNDARY_TYPE,WALL_TYPE,INTEGER,0,scalar,type.f90,443,,wall_obst_cutcell,"doc: Descriptor: SOLID, MIRROR, OPEN, INTERPOLATED, etc"
OBST_INDEX,WALL_TYPE,INTEGER,0,scalar,type.f90,444,,wall_obst_cutcell,doc: Index of the OBSTruction
VENT_INDEX,WALL_TYPE,INTEGER,0,scalar,type.f90,445,,wall_obst_cutcell,doc: Index of the VENT containing this cell
JD11_INDEX,WALL_TYPE,INTEGER,0,scalar,type.f90,446,,wall_obst_cutcell,
JD12_INDEX,WALL_TYPE,INTEGER,0,scalar,type.f90,447,,wall_obst_cutcell,
JD21_INDEX,WALL_TYPE,INTEGER,0,scalar,type.f90,448,,wall_obst_cutcell,
JD22_INDEX,WALL_TYPE,INTEGER,0,scalar,type.f90,449,,wall_obst_cutcell,
CUT_FACE_INDEX,WALL_TYPE,INTEGER,0,scalar,type.f90,450,,wall_obst_cutcell,
N_REALS,WALL_TYPE,INTEGER,0,scalar,type.f90,451,,wall_obst_cutcell,doc: Number of reals to pack into restart or send/recv buffer
N_INTEGERS,WALL_TYPE,INTEGER,0,scalar,type.f90,452,,wall_obst_cutcell,doc: Number of integers to pack into restart or send/recv buffer
N_LOGICALS,WALL_TYPE,INTEGER,0,scalar,type.f90,453,,wall_obst_cutcell,doc: Number of logicals to pack into restart or send/recv buffer
THIN,WALL_TYPE,LOGICAL,0,scalar,type.f90,455,,wall_obst_cutcell,doc: Indicates if the underlying solid is zero cells thick
BC_INDEX,THIN_WALL_TYPE,INTEGER,0,scalar,type.f90,489,,wall_obst_cutcell,doc: Index within the array BOUNDARY_COORD
OD_INDEX,THIN_WALL_TYPE,INTEGER,0,scalar,type.f90,490,,wall_obst_cutcell,doc: Index within the array BOUNDARY_ONE_D
TD_INDEX,THIN_WALL_TYPE,INTEGER,0,scalar,type.f90,491,,wall_obst_cutcell,doc: Index within the array BOUNDARY_THR_D
B1_INDEX,THIN_WALL_TYPE,INTEGER,0,scalar,type.f90,492,,wall_obst_cutcell,doc: Index within the array BOUNDARY_PROP1
SURF_INDEX,THIN_WALL_TYPE,INTEGER,0,scalar,type.f90,493,,wall_obst_cutcell,doc: Index of the SURFace conditions
BOUNDARY_TYPE,THIN_WALL_TYPE,INTEGER,0,scalar,type.f90,494,,wall_obst_cutcell,"doc: Descriptor: SOLID, MIRROR, OPEN, INTERPOLATED, etc"
OBST_INDEX,THIN_WALL_TYPE,INTEGER,0,scalar,type.f90,495,,wall_obst_cutcell,doc: Index of the OBSTruction
IEC,THIN_WALL_TYPE,INTEGER,0,scalar,type.f90,496,,wall_obst_cutcell,"doc: Orientation index (1=constant x, 2=constant y, 3-constant z)"
WALL_INDEX_M,THIN_WALL_TYPE,INTEGER,0,scalar,type.f90,497,,wall_obst_cutcell,doc: Lower adjacent wall cell index
WALL_INDEX_P,THIN_WALL_TYPE,INTEGER,0,scalar,type.f90,498,,wall_obst_cutcell,doc: Upper adjacent wall cell index
N_REALS,THIN_WALL_TYPE,INTEGER,0,scalar,type.f90,499,,wall_obst_cutcell,doc: Number of reals to pack into restart or send/recv buffer
N_INTEGERS,THIN_WALL_TYPE,INTEGER,0,scalar,type.f90,500,,wall_obst_cutcell,doc: Number of integers to pack into restart or send/recv buffer
N_LOGICALS,THIN_WALL_TYPE,INTEGER,0,scalar,type.f90,501,,wall_obst_cutcell,doc: Number of logicals to pack into restart or send/recv buffer
NOM,EXTERNAL_WALL_TYPE,INTEGER,0,scalar,type.f90,463,,ghost_boundary,doc: Number of the adjacent (Other) Mesh
NIC_MIN,EXTERNAL_WALL_TYPE,INTEGER,0,scalar,type.f90,464,,ghost_boundary,doc: Start of indices for the cell in the other mesh
NIC_MAX,EXTERNAL_WALL_TYPE,INTEGER,0,scalar,type.f90,465,,ghost_boundary,doc: End of indices for the cell in the other mesh
NIC,EXTERNAL_WALL_TYPE,INTEGER,0,scalar,type.f90,466,,ghost_boundary,doc: NIC_MAX-NIC_MIN
IIO_MIN,EXTERNAL_WALL_TYPE,INTEGER,0,scalar,type.f90,467,,ghost_boundary,doc: Minimum I index of adjacent cell in other mesh
IIO_MAX,EXTERNAL_WALL_TYPE,INTEGER,0,scalar,type.f90,468,,ghost_boundary,doc: Maximum I index of adjacent cell in other mesh
JJO_MIN,EXTERNAL_WALL_TYPE,INTEGER,0,scalar,type.f90,469,,ghost_boundary,doc: Minimum J index of adjacent cell in other mesh
JJO_MAX,EXTERNAL_WALL_TYPE,INTEGER,0,scalar,type.f90,470,,ghost_boundary,doc: Maximum J index of adjacent cell in other mesh
KKO_MIN,EXTERNAL_WALL_TYPE,INTEGER,0,scalar,type.f90,471,,ghost_boundary,doc: Minimum K index of adjacent cell in other mesh
KKO_MAX,EXTERNAL_WALL_TYPE,INTEGER,0,scalar,type.f90,472,,ghost_boundary,doc: Maximum K index of adjacent cell in other mesh
PRESSURE_BC_TYPE,EXTERNAL_WALL_TYPE,INTEGER,0,scalar,type.f90,473,,ghost_boundary,"doc: Poisson boundary condition, NEUMANN or DIRICHLET"
BOUNDARY_TYPE_PREVIOUS,EXTERNAL_WALL_TYPE,INTEGER,0,scalar,type.f90,474,,ghost_boundary,doc: Boundary type at previous time step
SURF_INDEX_ORIG,EXTERNAL_WALL_TYPE,INTEGER,0,scalar,type.f90,475,,ghost_boundary,doc: Original SURFace index for this cell
AREA_RATIO,EXTERNAL_WALL_TYPE,REAL(EB),0,scalar,type.f90,476,,ghost_boundary,doc: Ratio of face areas of adjoining cells
DUNDT,EXTERNAL_WALL_TYPE,REAL(EB),0,scalar,type.f90,477,,ghost_boundary,doc: \f$ \partial u_n / \partial t \f$
FVN,EXTERNAL_WALL_TYPE,"REAL(EB), ALLOCATABLE",1,deferred(:); no ALLOCATE found,type.f90,478,,ghost_boundary,doc: Flux-limited \f$ \int \rho Y_\alpha u_n \f$
FVNS,EXTERNAL_WALL_TYPE,"REAL(EB), ALLOCATABLE",1,deferred(:); no ALLOCATE found,type.f90,479,,ghost_boundary,doc: Estimated value of FVN at next time step
RHO_D_DZDN,EXTERNAL_WALL_TYPE,"REAL(EB), ALLOCATABLE",1,deferred(:); no ALLOCATE found,type.f90,480,,ghost_boundary,doc: Species diffusive flux as computed in divg.f90
RHO_D_DZDNS,EXTERNAL_WALL_TYPE,"REAL(EB), ALLOCATABLE",1,deferred(:); no ALLOCATE found,type.f90,481,,ghost_boundary,doc: RHO_D_DZDN estimated at next time step
MU,OMESH_TYPE,"REAL(EB), ALLOCATABLE",3,"deferred(:,:,:); allocated as (IMIN:IMAX,JMIN:JMAX,KMIN:KMAX)",type.f90,1035,"main.f90:2211[IMIN:IMAX,JMIN:JMAX,KMIN:KMAX]",mpi_exchange,
RHO,OMESH_TYPE,"REAL(EB), ALLOCATABLE",3,"deferred(:,:,:); allocated as (IMIN:IMAX,JMIN:JMAX,KMIN:KMAX)",type.f90,1035,"main.f90:2203[IMIN:IMAX,JMIN:JMAX,KMIN:KMAX]",mpi_exchange,
RHOS,OMESH_TYPE,"REAL(EB), ALLOCATABLE",3,"deferred(:,:,:); allocated as (IMIN:IMAX,JMIN:JMAX,KMIN:KMAX)",type.f90,1035,"main.f90:2204[IMIN:IMAX,JMIN:JMAX,KMIN:KMAX]",mpi_exchange,
TMP,OMESH_TYPE,"REAL(EB), ALLOCATABLE",3,"deferred(:,:,:); no ALLOCATE found",type.f90,1035,,mpi_exchange,
U,OMESH_TYPE,"REAL(EB), ALLOCATABLE",3,"deferred(:,:,:); allocated as (IMIN:IMAX,JMIN:JMAX,KMIN:KMAX)",type.f90,1035,"main.f90:2217[IMIN:IMAX,JMIN:JMAX,KMIN:KMAX]",mpi_exchange,
V,OMESH_TYPE,"REAL(EB), ALLOCATABLE",3,"deferred(:,:,:); allocated as (IMIN:IMAX,JMIN:JMAX,KMIN:KMAX)",type.f90,1035,"main.f90:2221[IMIN:IMAX,JMIN:JMAX,KMIN:KMAX]",mpi_exchange,
W,OMESH_TYPE,"REAL(EB), ALLOCATABLE",3,"deferred(:,:,:); allocated as (IMIN:IMAX,JMIN:JMAX,KMIN:KMAX)",type.f90,1035,"main.f90:2225[IMIN:IMAX,JMIN:JMAX,KMIN:KMAX]",mpi_exchange,
US,OMESH_TYPE,"REAL(EB), ALLOCATABLE",3,"deferred(:,:,:); allocated as (IMIN:IMAX,JMIN:JMAX,KMIN:KMAX)",type.f90,1035,"main.f90:2218[IMIN:IMAX,JMIN:JMAX,KMIN:KMAX]",mpi_exchange,
VS,OMESH_TYPE,"REAL(EB), ALLOCATABLE",3,"deferred(:,:,:); allocated as (IMIN:IMAX,JMIN:JMAX,KMIN:KMAX)",type.f90,1035,"main.f90:2222[IMIN:IMAX,JMIN:JMAX,KMIN:KMAX]",mpi_exchange,
WS,OMESH_TYPE,"REAL(EB), ALLOCATABLE",3,"deferred(:,:,:); allocated as (IMIN:IMAX,JMIN:JMAX,KMIN:KMAX)",type.f90,1035,"main.f90:2226[IMIN:IMAX,JMIN:JMAX,KMIN:KMAX]",mpi_exchange,
H,OMESH_TYPE,"REAL(EB), ALLOCATABLE",3,"deferred(:,:,:); allocated as (IMIN:IMAX,JMIN:JMAX,KMIN:KMAX)",type.f90,1035,"main.f90:2213[IMIN:IMAX,JMIN:JMAX,KMIN:KMAX]",mpi_exchange,
HS,OMESH_TYPE,"REAL(EB), ALLOCATABLE",3,"deferred(:,:,:); allocated as (IMIN:IMAX,JMIN:JMAX,KMIN:KMAX)",type.f90,1035,"main.f90:2214[IMIN:IMAX,JMIN:JMAX,KMIN:KMAX]",mpi_exchange,
FVX,OMESH_TYPE,"REAL(EB), ALLOCATABLE",3,"deferred(:,:,:); allocated as (IMIN:IMAX,JMIN:JMAX,KMIN:KMAX)",type.f90,1035,"main.f90:2229[IMIN:IMAX,JMIN:JMAX,KMIN:KMAX]",mpi_exchange,
FVY,OMESH_TYPE,"REAL(EB), ALLOCATABLE",3,"deferred(:,:,:); allocated as (IMIN:IMAX,JMIN:JMAX,KMIN:KMAX)",type.f90,1035,"main.f90:2230[IMIN:IMAX,JMIN:JMAX,KMIN:KMAX]",mpi_exchange,
FVZ,OMESH_TYPE,"REAL(EB), ALLOCATABLE",3,"deferred(:,:,:); allocated as (IMIN:IMAX,JMIN:JMAX,KMIN:KMAX)",type.f90,1035,"main.f90:2231[IMIN:IMAX,JMIN:JMAX,KMIN:KMAX]",mpi_exchange,
FVX_D,OMESH_TYPE,"REAL(EB), ALLOCATABLE",3,"deferred(:,:,:); allocated as (IMIN:IMAX,JMIN:JMAX,KMIN:KMAX)",type.f90,1035,"main.f90:2236[IMIN:IMAX,JMIN:JMAX,KMIN:KMAX]",mpi_exchange,
FVY_D,OMESH_TYPE,"REAL(EB), ALLOCATABLE",3,"deferred(:,:,:); allocated as (IMIN:IMAX,JMIN:JMAX,KMIN:KMAX)",type.f90,1035,"main.f90:2237[IMIN:IMAX,JMIN:JMAX,KMIN:KMAX]",mpi_exchange,
FVZ_D,OMESH_TYPE,"REAL(EB), ALLOCATABLE",3,"deferred(:,:,:); allocated as (IMIN:IMAX,JMIN:JMAX,KMIN:KMAX)",type.f90,1035,"main.f90:2238[IMIN:IMAX,JMIN:JMAX,KMIN:KMAX]",mpi_exchange,
D,OMESH_TYPE,"REAL(EB), ALLOCATABLE",3,"deferred(:,:,:); allocated as (IMIN:IMAX,JMIN:JMAX,KMIN:KMAX)",type.f90,1035,"main.f90:2207[IMIN:IMAX,JMIN:JMAX,KMIN:KMAX]",mpi_exchange,
DS,OMESH_TYPE,"REAL(EB), ALLOCATABLE",3,"deferred(:,:,:); allocated as (IMIN:IMAX,JMIN:JMAX,KMIN:KMAX)",type.f90,1035,"main.f90:2208[IMIN:IMAX,JMIN:JMAX,KMIN:KMAX]",mpi_exchange,
KRES,OMESH_TYPE,"REAL(EB), ALLOCATABLE",3,"deferred(:,:,:); allocated as (IMIN:IMAX,JMIN:JMAX,KMIN:KMAX)",type.f90,1035,"main.f90:2243[IMIN:IMAX,JMIN:JMAX,KMIN:KMAX]",mpi_exchange,
IL_S,OMESH_TYPE,"REAL(EB), ALLOCATABLE",3,"deferred(:,:,:); allocated as (M%OMESH(NOM)%NIC_S,NUMBER_RADIATION_ANGLES,NUMBER_SPECTRAL_BANDS)",type.f90,1035,"main.f90:2321[M%OMESH(NOM)%NIC_S,NUMBER_RADIATION_ANGLES,NUMBER_SPECTRAL_BANDS]",mpi_exchange,
IL_R,OMESH_TYPE,"REAL(EB), ALLOCATABLE",3,"deferred(:,:,:); allocated as (M%OMESH(NOM)%NIC_R,NUMBER_RADIATION_ANGLES,NUMBER_SPECTRAL_BANDS)",type.f90,1035,"main.f90:2325[M%OMESH(NOM)%NIC_R,NUMBER_RADIATION_ANGLES,NUMBER_SPECTRAL_BANDS]",mpi_exchange,
IL_R_OLD,OMESH_TYPE,"REAL(EB), ALLOCATABLE",3,"deferred(:,:,:); allocated as (M%OMESH(NOM)%NIC_R,NUMBER_RADIATION_ANGLES,NUMBER_SPECTRAL_BANDS)",type.f90,1035,"main.f90:2326[M%OMESH(NOM)%NIC_R,NUMBER_RADIATION_ANGLES,NUMBER_SPECTRAL_BANDS]",mpi_exchange,
Q,OMESH_TYPE,"REAL(EB), ALLOCATABLE",3,"deferred(:,:,:); allocated as (IMIN:IMAX,JMIN:JMAX,KMIN:KMAX)",type.f90,1035,"main.f90:2245[IMIN:IMAX,JMIN:JMAX,KMIN:KMAX]",mpi_exchange,
ZZ,OMESH_TYPE,"REAL(EB), ALLOCATABLE",4,"deferred(:,:,:,:); allocated as (IMIN:IMAX,JMIN:JMAX,KMIN:KMAX,N_TOTAL_SCALARS)",type.f90,1036,"main.f90:2248[IMIN:IMAX,JMIN:JMAX,KMIN:KMAX,N_TOTAL_SCALARS]",mpi_exchange,
ZZS,OMESH_TYPE,"REAL(EB), ALLOCATABLE",4,"deferred(:,:,:,:); allocated as (IMIN:IMAX,JMIN:JMAX,KMIN:KMAX,N_TOTAL_SCALARS)",type.f90,1036,"main.f90:2249[IMIN:IMAX,JMIN:JMAX,KMIN:KMAX,N_TOTAL_SCALARS]",mpi_exchange,
IIO_R,OMESH_TYPE,"INTEGER, ALLOCATABLE",1,deferred(:); allocated as (OM%NIC_R),type.f90,1037,main.f90:2144[OM%NIC_R],mpi_exchange,
JJO_R,OMESH_TYPE,"INTEGER, ALLOCATABLE",1,deferred(:); allocated as (OM%NIC_R),type.f90,1037,main.f90:2145[OM%NIC_R],mpi_exchange,
KKO_R,OMESH_TYPE,"INTEGER, ALLOCATABLE",1,deferred(:); allocated as (OM%NIC_R),type.f90,1037,main.f90:2146[OM%NIC_R],mpi_exchange,
IOR_R,OMESH_TYPE,"INTEGER, ALLOCATABLE",1,deferred(:); allocated as (OM%NIC_R),type.f90,1037,main.f90:2147[OM%NIC_R],mpi_exchange,
IIO_S,OMESH_TYPE,"INTEGER, ALLOCATABLE",1,deferred(:); allocated as (M2%NIC_S),type.f90,1037,main.f90:1520[M2%NIC_S],mpi_exchange,
JJO_S,OMESH_TYPE,"INTEGER, ALLOCATABLE",1,deferred(:); allocated as (M2%NIC_S),type.f90,1037,main.f90:1521[M2%NIC_S],mpi_exchange,
KKO_S,OMESH_TYPE,"INTEGER, ALLOCATABLE",1,deferred(:); allocated as (M2%NIC_S),type.f90,1037,main.f90:1522[M2%NIC_S],mpi_exchange,
IOR_S,OMESH_TYPE,"INTEGER, ALLOCATABLE",1,deferred(:); allocated as (M2%NIC_S),type.f90,1037,main.f90:1523[M2%NIC_S],mpi_exchange,
I_MIN_R,OMESH_TYPE,INTEGER,0,scalar,type.f90,1038,,mpi_exchange,
I_MAX_R,OMESH_TYPE,INTEGER,0,scalar,type.f90,1038,,mpi_exchange,
J_MIN_R,OMESH_TYPE,INTEGER,0,scalar,type.f90,1038,,mpi_exchange,
J_MAX_R,OMESH_TYPE,INTEGER,0,scalar,type.f90,1038,,mpi_exchange,
K_MIN_R,OMESH_TYPE,INTEGER,0,scalar,type.f90,1038,,mpi_exchange,
K_MAX_R,OMESH_TYPE,INTEGER,0,scalar,type.f90,1038,,mpi_exchange,
NIC_R,OMESH_TYPE,INTEGER,0,scalar,type.f90,1038,,mpi_exchange,
I_MIN_S,OMESH_TYPE,INTEGER,0,scalar,type.f90,1039,,mpi_exchange,
I_MAX_S,OMESH_TYPE,INTEGER,0,scalar,type.f90,1039,,mpi_exchange,
J_MIN_S,OMESH_TYPE,INTEGER,0,scalar,type.f90,1039,,mpi_exchange,
J_MAX_S,OMESH_TYPE,INTEGER,0,scalar,type.f90,1039,,mpi_exchange,
K_MIN_S,OMESH_TYPE,INTEGER,0,scalar,type.f90,1039,,mpi_exchange,
K_MAX_S,OMESH_TYPE,INTEGER,0,scalar,type.f90,1039,,mpi_exchange,
NIC_S,OMESH_TYPE,INTEGER,0,scalar,type.f90,1039,,mpi_exchange,
INTEGER_SEND_BUFFER,OMESH_TYPE,INTEGER,1,(7),type.f90,1040,,mpi_exchange,
INTEGER_RECV_BUFFER,OMESH_TYPE,INTEGER,1,(7),type.f90,1040,,mpi_exchange,
REAL_SEND_PKG1,OMESH_TYPE,"REAL(EB), ALLOCATABLE",1,deferred(:); allocated as (M3%NIC_S*(6+2*N_TOTAL_SCALARS)),type.f90,1042,main.f90:3170[M3%NIC_S*(6+2*N_TOTAL_SCALARS)],mpi_exchange,
REAL_SEND_PKG2,OMESH_TYPE,"REAL(EB), ALLOCATABLE",1,deferred(:); no ALLOCATE found,type.f90,1042,,mpi_exchange,
REAL_SEND_PKG3,OMESH_TYPE,"REAL(EB), ALLOCATABLE",1,deferred(:); allocated as (IJK_SIZE*4),type.f90,1042,main.f90:3171[IJK_SIZE*4],mpi_exchange,
REAL_SEND_PKG4,OMESH_TYPE,"REAL(EB), ALLOCATABLE",1,deferred(:); allocated as (M3%NIC_S),type.f90,1042,main.f90:3172[M3%NIC_S],mpi_exchange,
REAL_SEND_PKG5,OMESH_TYPE,"REAL(EB), ALLOCATABLE",1,deferred(:); allocated as (NRA_MAX*NUMBER_SPECTRAL_BANDS*M3%NIC_S),type.f90,1042,main.f90:4049[NRA_MAX*NUMBER_SPECTRAL_BANDS*M3%NIC_S],mpi_exchange,
REAL_SEND_PKG6,OMESH_TYPE,"REAL(EB), ALLOCATABLE",1,deferred(:); no ALLOCATE found,type.f90,1042,,mpi_exchange,
REAL_SEND_PKG7,OMESH_TYPE,"REAL(EB), ALLOCATABLE",1,deferred(:); allocated as (M3%NIC_S*3),type.f90,1042,main.f90:3173[M3%NIC_S*3],mpi_exchange,
REAL_SEND_PKG8,OMESH_TYPE,"REAL(EB), ALLOCATABLE",1,deferred(:); allocated as (M3%NIC_S*2),type.f90,1042,main.f90:3181[M3%NIC_S*2],mpi_exchange,
REAL_RECV_PKG1,OMESH_TYPE,"REAL(EB), ALLOCATABLE",1,deferred(:); allocated as (M3%NIC_R*(6+2*N_TOTAL_SCALARS)),type.f90,1043,main.f90:2976[M3%NIC_R*(6+2*N_TOTAL_SCALARS)],mpi_exchange,
REAL_RECV_PKG2,OMESH_TYPE,"REAL(EB), ALLOCATABLE",1,deferred(:); no ALLOCATE found,type.f90,1043,,mpi_exchange,
REAL_RECV_PKG3,OMESH_TYPE,"REAL(EB), ALLOCATABLE",1,deferred(:); allocated as (IJK_SIZE*4),type.f90,1043,main.f90:2977[IJK_SIZE*4],mpi_exchange,
REAL_RECV_PKG4,OMESH_TYPE,"REAL(EB), ALLOCATABLE",1,deferred(:); allocated as (M3%NIC_R),type.f90,1043,main.f90:2978[M3%NIC_R],mpi_exchange,
REAL_RECV_PKG5,OMESH_TYPE,"REAL(EB), ALLOCATABLE",1,deferred(:); allocated as (NRA_MAX*NUMBER_SPECTRAL_BANDS*M3%NIC_R),type.f90,1043,main.f90:4008[NRA_MAX*NUMBER_SPECTRAL_BANDS*M3%NIC_R],mpi_exchange,
REAL_RECV_PKG6,OMESH_TYPE,"REAL(EB), ALLOCATABLE",1,deferred(:); no ALLOCATE found,type.f90,1043,,mpi_exchange,
REAL_RECV_PKG7,OMESH_TYPE,"REAL(EB), ALLOCATABLE",1,deferred(:); allocated as (M3%NIC_R*3),type.f90,1043,main.f90:2979[M3%NIC_R*3],mpi_exchange,
REAL_RECV_PKG8,OMESH_TYPE,"REAL(EB), ALLOCATABLE",1,deferred(:); allocated as (M3%NIC_R*2),type.f90,1043,main.f90:2980[M3%NIC_R*2],mpi_exchange,
N_EXTERNAL_OBST,OMESH_TYPE,INTEGER,0,scalar,type.f90,1044,,mpi_exchange,
N_INTERNAL_OBST,OMESH_TYPE,INTEGER,0,scalar,type.f90,1044,,mpi_exchange,
PARTICLE_SEND_BUFFER,OMESH_TYPE,TYPE(STORAGE_TYPE),0,scalar,type.f90,1045,,mpi_exchange,
PARTICLE_RECV_BUFFER,OMESH_TYPE,TYPE(STORAGE_TYPE),0,scalar,type.f90,1045,,mpi_exchange,
WALL_SEND_BUFFER,OMESH_TYPE,TYPE(STORAGE_TYPE),0,scalar,type.f90,1046,,mpi_exchange,
WALL_RECV_BUFFER,OMESH_TYPE,TYPE(STORAGE_TYPE),0,scalar,type.f90,1046,,mpi_exchange,
THIN_WALL_SEND_BUFFER,OMESH_TYPE,TYPE(STORAGE_TYPE),0,scalar,type.f90,1047,,mpi_exchange,
THIN_WALL_RECV_BUFFER,OMESH_TYPE,TYPE(STORAGE_TYPE),0,scalar,type.f90,1047,,mpi_exchange,
CFACE_SEND_BUFFER,OMESH_TYPE,TYPE(STORAGE_TYPE),0,scalar,type.f90,1050,,mpi_exchange,
CFACE_RECV_BUFFER,OMESH_TYPE,TYPE(STORAGE_TYPE),0,scalar,type.f90,1050,,mpi_exchange,
N_CFACE_QUERY,OMESH_TYPE,INTEGER,0,scalar,type.f90,1051,,mpi_exchange,
N_CFACE_QUERY_DIM,OMESH_TYPE,INTEGER,0,scalar,type.f90,1051,,mpi_exchange,
CFACE_QUERY_XYZ,OMESH_TYPE,"REAL(EB), ALLOCATABLE",2,"deferred(:,:); allocated as (IAXIS:KAXIS,M3%N_CFACE_QUERY_DIM)",type.f90,1052,"geom.f90:6767[IAXIS:KAXIS,M3%N_CFACE_QUERY_DIM]; geom.f90:6779[IAXIS:KAXIS,M3%N_CFACE_QUERY_DIM]",mpi_exchange,"doc: Back-face intersection points (3,N) that NM needs NOM to resolve"
CFACE_QUERY_NBACK,OMESH_TYPE,"REAL(EB), ALLOCATABLE",2,"deferred(:,:); allocated as (IAXIS:KAXIS,M3%N_CFACE_QUERY_DIM)",type.f90,1053,"geom.f90:6768[IAXIS:KAXIS,M3%N_CFACE_QUERY_DIM]; geom.f90:6780[IAXIS:KAXIS,M3%N_CFACE_QUERY_DIM]",mpi_exchange,"doc: Back GEOMETRY triangle normal (3,N) used to orient the back CFACE search"
CFACE_QUERY_FRONT,OMESH_TYPE,"INTEGER, ALLOCATABLE",1,deferred(:); allocated as (M3%N_CFACE_QUERY_DIM),type.f90,1054,geom.f90:6769[M3%N_CFACE_QUERY_DIM]; geom.f90:6781[M3%N_CFACE_QUERY_DIM],mpi_exchange,doc: Front CFACE index (in NM) associated with each query
NICC_S,OMESH_TYPE,INTEGER,1,(2),type.f90,1057,,mpi_exchange,
NICC_R,OMESH_TYPE,INTEGER,1,(2),type.f90,1057,,mpi_exchange,
NICF_S,OMESH_TYPE,INTEGER,1,(2),type.f90,1057,,mpi_exchange,
NICF_R,OMESH_TYPE,INTEGER,1,(2),type.f90,1057,,mpi_exchange,
NLKF_S,OMESH_TYPE,INTEGER,0,scalar,type.f90,1057,,mpi_exchange,
NLKF_R,OMESH_TYPE,INTEGER,0,scalar,type.f90,1057,,mpi_exchange,
NFCC_S,OMESH_TYPE,INTEGER,1,(2),type.f90,1058,,mpi_exchange,
NFCC_R,OMESH_TYPE,INTEGER,1,(2),type.f90,1058,,mpi_exchange,
NCC_INT_R,OMESH_TYPE,INTEGER,0,scalar,type.f90,1058,,mpi_exchange,
NFEP_R,OMESH_TYPE,INTEGER,1,(5),type.f90,1058,,mpi_exchange,
NFEP_R_G,OMESH_TYPE,INTEGER,0,scalar,type.f90,1058,,mpi_exchange,
REAL_SEND_PKG11,OMESH_TYPE,"REAL(EB), ALLOCATABLE",1,deferred(:); allocated as (M3%NICC_S(2)*(4+N_TOTAL_SCALARS)),type.f90,1060,ccib.f90:4109[M3%NICC_S(2)*(4+N_TOTAL_SCALARS)],mpi_exchange,
REAL_SEND_PKG112,OMESH_TYPE,"REAL(EB), ALLOCATABLE",1,deferred(:); allocated as (M3%NICF_S(2)*4+M3%NLKF_S*3),type.f90,1060,ccib.f90:4123[M3%NICF_S(2)*4+M3%NLKF_S*3],mpi_exchange,
REAL_SEND_PKG12,OMESH_TYPE,"REAL(EB), ALLOCATABLE",1,deferred(:); allocated as (M3%NFCC_S(1)*2),type.f90,1060,ccib.f90:4137[M3%NFCC_S(1)*2],mpi_exchange,
REAL_SEND_PKG13,OMESH_TYPE,"REAL(EB), ALLOCATABLE",1,deferred(:); allocated as (M3%NFCC_S(2)*(NQT2C+N_TRACKED_SPECIES)),type.f90,1060,ccib.f90:4151[M3%NFCC_S(2)*(NQT2C+N_TRACKED_SPECIES)],mpi_exchange,
REAL_RECV_PKG11,OMESH_TYPE,"REAL(EB), ALLOCATABLE",1,deferred(:); allocated as (M3%NICC_R(2)*(4+N_TOTAL_SCALARS)),type.f90,1061,ccib.f90:4044[M3%NICC_R(2)*(4+N_TOTAL_SCALARS)],mpi_exchange,
REAL_RECV_PKG112,OMESH_TYPE,"REAL(EB), ALLOCATABLE",1,deferred(:); allocated as (M3%NICF_R(2)*4+M3%NLKF_R*3),type.f90,1061,ccib.f90:4059[M3%NICF_R(2)*4+M3%NLKF_R*3],mpi_exchange,
REAL_RECV_PKG12,OMESH_TYPE,"REAL(EB), ALLOCATABLE",1,deferred(:); allocated as (M3%NFCC_R(1)*2),type.f90,1061,ccib.f90:4073[M3%NFCC_R(1)*2],mpi_exchange,
REAL_RECV_PKG13,OMESH_TYPE,"REAL(EB), ALLOCATABLE",1,deferred(:); allocated as (M3%NFCC_R(2)*(NQT2C+N_TRACKED_SPECIES)),type.f90,1061,ccib.f90:4087[M3%NFCC_R(2)*(NQT2C+N_TRACKED_SPECIES)],mpi_exchange,
ICC_UNKZ_CT_S,OMESH_TYPE,"INTEGER, ALLOCATABLE",1,deferred(:); no ALLOCATE found,type.f90,1062,,mpi_exchange,
ICC_UNKZ_CC_S,OMESH_TYPE,"INTEGER, ALLOCATABLE",1,deferred(:); allocated as (3*M2%NICC_S(1)),type.f90,1062,ccib.f90:20054[3*M2%NICC_S(1)],mpi_exchange,
ICC_UNKZ_CT_R,OMESH_TYPE,"INTEGER, ALLOCATABLE",1,deferred(:); no ALLOCATE found,type.f90,1062,,mpi_exchange,
ICC_UNKZ_CC_R,OMESH_TYPE,"INTEGER, ALLOCATABLE",1,deferred(:); allocated as (3*M3%NICC_R(1)),type.f90,1062,ccib.f90:19853[3*M3%NICC_R(1)],mpi_exchange,
ICF_UFFB_CF_S,OMESH_TYPE,"INTEGER, ALLOCATABLE",1,deferred(:); allocated as (4*M2%NICF_S(1)),type.f90,1063,ccib.f90:20231[4*M2%NICF_S(1)]; ccib.f90:20264[(from FROM=INT1D)]; ccib.f90:20282[(from FROM=INT1D)],mpi_exchange,
ICF_UFFB_CF_R,OMESH_TYPE,"INTEGER, ALLOCATABLE",1,deferred(:); allocated as (4*M3%NICF_R(1)),type.f90,1063,ccib.f90:19937[4*M3%NICF_R(1)]; ccib.f90:20298[(from FROM=INT1D)],mpi_exchange,
UNKZ_CT_S,OMESH_TYPE,"INTEGER, ALLOCATABLE",1,deferred(:); allocated as (M2%NIC_S),type.f90,1064,ccib.f90:20049[M2%NIC_S],mpi_exchange,
UNKZ_CC_S,OMESH_TYPE,"INTEGER, ALLOCATABLE",1,deferred(:); allocated as (M2%NICC_S(2)),type.f90,1064,ccib.f90:20055[M2%NICC_S(2)],mpi_exchange,
UNKZ_CT_R,OMESH_TYPE,"INTEGER, ALLOCATABLE",1,deferred(:); allocated as (M3%NIC_R),type.f90,1064,ccib.f90:19849[M3%NIC_R],mpi_exchange,
UNKZ_CC_R,OMESH_TYPE,"INTEGER, ALLOCATABLE",1,deferred(:); allocated as (M3%NICC_R(2)),type.f90,1064,ccib.f90:19854[M3%NICC_R(2)],mpi_exchange,
MUNKH,OMESH_TYPE,"INTEGER, ALLOCATABLE",3,"deferred(:,:,:); allocated as (LBOUND(OMESH(NOM)%HS,1):UBOUND(OMESH(NOM)%HS,1),LBOUND(OMESH(NOM)%HS,2):UBOUND(OMESH(NOM)%HS,2),LBOUND(OMESH(NOM)%HS,3):UBOUND(OMESH(NOM)%HS,3))",type.f90,1065,"pres.f90:4233[LBOUND(OMESH(NOM)%HS,1):UBOUND(OMESH(NOM)%HS,1),LBOUND(OMESH(NOM)%HS,2):UBOUND(OMESH(NOM)%HS,2),LBOUND(OMESH(NOM)%HS,3):UBOUND(OMESH(NOM)%HS,3)]",mpi_exchange,
GSCH,OMESH_TYPE,"INTEGER, ALLOCATABLE",3,"deferred(:,:,:); allocated as (LBOUND(OMESH(NOM)%HS,1):UBOUND(OMESH(NOM)%HS,1),LBOUND(OMESH(NOM)%HS,2):UBOUND(OMESH(NOM)%HS,2),LBOUND(OMESH(NOM)%HS,3):UBOUND(OMESH(NOM)%HS,3))",type.f90,1065,"pres.f90:4226[LBOUND(OMESH(NOM)%HS,1):UBOUND(OMESH(NOM)%HS,1),LBOUND(OMESH(NOM)%HS,2):UBOUND(OMESH(NOM)%HS,2),LBOUND(OMESH(NOM)%HS,3):UBOUND(OMESH(NOM)%HS,3)]",mpi_exchange,
EWC_TYPE,OMESH_TYPE,"INTEGER, ALLOCATABLE",3,"deferred(:,:,:); allocated as (LBOUND(OMESH(NOM)%HS,1):UBOUND(OMESH(NOM)%HS,1),LBOUND(OMESH(NOM)%HS,2):UBOUND(OMESH(NOM)%HS,2),LBOUND(OMESH(NOM)%HS,3):UBOUND(OMESH(NOM)%HS,3))",type.f90,1065,"pres.f90:4240[LBOUND(OMESH(NOM)%HS,1):UBOUND(OMESH(NOM)%HS,1),LBOUND(OMESH(NOM)%HS,2):UBOUND(OMESH(NOM)%HS,2),LBOUND(OMESH(NOM)%HS,3):UBOUND(OMESH(NOM)%HS,3)]",mpi_exchange,
IIO_FC_R,OMESH_TYPE,"INTEGER, ALLOCATABLE",1,deferred(:); allocated as (DELTA_FC) | (SIZE_REC+DELTA_FC),type.f90,1068,ccib.f90:17767[DELTA_FC]; ccib.f90:18573[SIZE_REC+DELTA_FC],mpi_exchange,
JJO_FC_R,OMESH_TYPE,"INTEGER, ALLOCATABLE",1,deferred(:); allocated as (DELTA_FC) | (SIZE_REC+DELTA_FC),type.f90,1068,ccib.f90:17768[DELTA_FC]; ccib.f90:18575[SIZE_REC+DELTA_FC],mpi_exchange,
KKO_FC_R,OMESH_TYPE,"INTEGER, ALLOCATABLE",1,deferred(:); allocated as (DELTA_FC) | (SIZE_REC+DELTA_FC),type.f90,1068,ccib.f90:17769[DELTA_FC]; ccib.f90:18577[SIZE_REC+DELTA_FC],mpi_exchange,
AXS_FC_R,OMESH_TYPE,"INTEGER, ALLOCATABLE",1,deferred(:); allocated as (DELTA_FC) | (SIZE_REC+DELTA_FC),type.f90,1068,ccib.f90:17770[DELTA_FC]; ccib.f90:18579[SIZE_REC+DELTA_FC],mpi_exchange,
IIO_FC_S,OMESH_TYPE,"INTEGER, ALLOCATABLE",1,deferred(:); allocated as (M2%NFCC_S(1)),type.f90,1068,ccib.f90:19015[M2%NFCC_S(1)],mpi_exchange,
JJO_FC_S,OMESH_TYPE,"INTEGER, ALLOCATABLE",1,deferred(:); allocated as (M2%NFCC_S(1)),type.f90,1068,ccib.f90:19016[M2%NFCC_S(1)],mpi_exchange,
KKO_FC_S,OMESH_TYPE,"INTEGER, ALLOCATABLE",1,deferred(:); allocated as (M2%NFCC_S(1)),type.f90,1068,ccib.f90:19017[M2%NFCC_S(1)],mpi_exchange,
AXS_FC_S,OMESH_TYPE,"INTEGER, ALLOCATABLE",1,deferred(:); allocated as (M2%NFCC_S(1)),type.f90,1068,ccib.f90:19018[M2%NFCC_S(1)],mpi_exchange,
IIO_CC_R,OMESH_TYPE,"INTEGER, ALLOCATABLE",1,deferred(:); allocated as (DELTA_FC) | (SIZE_REC+DELTA_FC),type.f90,1069,ccib.f90:17772[DELTA_FC]; ccib.f90:18028[SIZE_REC+DELTA_FC]; ccib.f90:18541[SIZE_REC+DELTA_FC],mpi_exchange,
JJO_CC_R,OMESH_TYPE,"INTEGER, ALLOCATABLE",1,deferred(:); allocated as (DELTA_FC) | (SIZE_REC+DELTA_FC),type.f90,1069,ccib.f90:17773[DELTA_FC]; ccib.f90:18030[SIZE_REC+DELTA_FC]; ccib.f90:18543[SIZE_REC+DELTA_FC],mpi_exchange,
KKO_CC_R,OMESH_TYPE,"INTEGER, ALLOCATABLE",1,deferred(:); allocated as (DELTA_FC) | (SIZE_REC+DELTA_FC),type.f90,1069,ccib.f90:17774[DELTA_FC]; ccib.f90:18032[SIZE_REC+DELTA_FC]; ccib.f90:18545[SIZE_REC+DELTA_FC],mpi_exchange,
IIO_CC_S,OMESH_TYPE,"INTEGER, ALLOCATABLE",1,deferred(:); allocated as (M2%NFCC_S(2)),type.f90,1069,ccib.f90:19021[M2%NFCC_S(2)],mpi_exchange,
JJO_CC_S,OMESH_TYPE,"INTEGER, ALLOCATABLE",1,deferred(:); allocated as (M2%NFCC_S(2)),type.f90,1069,ccib.f90:19022[M2%NFCC_S(2)],mpi_exchange,
KKO_CC_S,OMESH_TYPE,"INTEGER, ALLOCATABLE",1,deferred(:); allocated as (M2%NFCC_S(2)),type.f90,1069,ccib.f90:19023[M2%NFCC_S(2)],mpi_exchange,
IIO_LF_R,OMESH_TYPE,"INTEGER, ALLOCATABLE",1,deferred(:); no ALLOCATE found,type.f90,1070,,mpi_exchange,
JJO_LF_R,OMESH_TYPE,"INTEGER, ALLOCATABLE",1,deferred(:); no ALLOCATE found,type.f90,1070,,mpi_exchange,
KKO_LF_R,OMESH_TYPE,"INTEGER, ALLOCATABLE",1,deferred(:); no ALLOCATE found,type.f90,1070,,mpi_exchange,
AXS_LF_R,OMESH_TYPE,"INTEGER, ALLOCATABLE",1,deferred(:); no ALLOCATE found,type.f90,1070,,mpi_exchange,
IIO_LF_S,OMESH_TYPE,"INTEGER, ALLOCATABLE",1,deferred(:); no ALLOCATE found,type.f90,1070,,mpi_exchange,
JJO_LF_S,OMESH_TYPE,"INTEGER, ALLOCATABLE",1,deferred(:); no ALLOCATE found,type.f90,1070,,mpi_exchange,
KKO_LF_S,OMESH_TYPE,"INTEGER, ALLOCATABLE",1,deferred(:); no ALLOCATE found,type.f90,1070,,mpi_exchange,
AXS_LF_S,OMESH_TYPE,"INTEGER, ALLOCATABLE",1,deferred(:); no ALLOCATE found,type.f90,1070,,mpi_exchange,
IFEP_R_1,OMESH_TYPE,"INTEGER, ALLOCATABLE",2,"deferred(:,:); no ALLOCATE found",type.f90,1071,,mpi_exchange,"never ALLOCATEd; only read inside DO IFEP=1,M2%NFEP_R(1) loops (e.g. ccib.f90:4326) and NFEP_R defaults to 0 (type.f90:1058) and is never incremented for index 1 -> dead path (uncertain: static analysis only)"
IFEP_R_2,OMESH_TYPE,"INTEGER, ALLOCATABLE",2,"deferred(:,:); no ALLOCATE found",type.f90,1071,,mpi_exchange,"never ALLOCATEd; read only inside DO IFEP=1,M2%NFEP_R(2) loops (ccib.f90:4228-4229) and NFEP_R(2) is never incremented (only NFEP_R(3:5), ccib.f90:3827,3864,3908) -> dead path (uncertain: static analysis only)"
IFEP_R_3,OMESH_TYPE,"INTEGER, ALLOCATABLE",2,"deferred(:,:); allocated as (LOW_IND:HIGH_IND,M2%NFEP_R(3))",type.f90,1071,"ccib.f90:3835[LOW_IND:HIGH_IND,M2%NFEP_R(3)]",mpi_exchange,
IFEP_R_4,OMESH_TYPE,"INTEGER, ALLOCATABLE",2,"deferred(:,:); allocated as (LOW_IND:HIGH_IND,M2%NFEP_R(4))",type.f90,1071,"ccib.f90:3873[LOW_IND:HIGH_IND,M2%NFEP_R(4)]",mpi_exchange,
IFEP_R_5,OMESH_TYPE,"INTEGER, ALLOCATABLE",2,"deferred(:,:); allocated as (LOW_IND:HIGH_IND,M2%NFEP_R(5))",type.f90,1071,"ccib.f90:3916[LOW_IND:HIGH_IND,M2%NFEP_R(5)]",mpi_exchange,
U_LNK,OMESH_TYPE,"REAL(EB), ALLOCATABLE",3,"deferred(:,:,:); allocated as (M3%I_MIN_R:M3%I_MAX_R,M3%J_MIN_R:M3%J_MAX_R,M3%K_MIN_R:M3%K_MAX_R)",type.f90,1072,"ccib.f90:19996[M3%I_MIN_R:M3%I_MAX_R,M3%J_MIN_R:M3%J_MAX_R,M3%K_MIN_R:M3%K_MAX_R]",mpi_exchange,
V_LNK,OMESH_TYPE,"REAL(EB), ALLOCATABLE",3,"deferred(:,:,:); allocated as (M3%I_MIN_R:M3%I_MAX_R,M3%J_MIN_R:M3%J_MAX_R,M3%K_MIN_R:M3%K_MAX_R)",type.f90,1072,"ccib.f90:19997[M3%I_MIN_R:M3%I_MAX_R,M3%J_MIN_R:M3%J_MAX_R,M3%K_MIN_R:M3%K_MAX_R]",mpi_exchange,
W_LNK,OMESH_TYPE,"REAL(EB), ALLOCATABLE",3,"deferred(:,:,:); allocated as (M3%I_MIN_R:M3%I_MAX_R,M3%J_MIN_R:M3%J_MAX_R,M3%K_MIN_R:M3%K_MAX_R)",type.f90,1072,"ccib.f90:19998[M3%I_MIN_R:M3%I_MAX_R,M3%J_MIN_R:M3%J_MAX_R,M3%K_MIN_R:M3%K_MAX_R]",mpi_exchange,
PHI_LS,OMESH_TYPE,"REAL(EB), ALLOCATABLE",2,"deferred(:,:); allocated as (IMIN:IMAX,JMIN:JMAX)",type.f90,1075,"main.f90:2260[IMIN:IMAX,JMIN:JMAX]",mpi_exchange,
PHI1_LS,OMESH_TYPE,"REAL(EB), ALLOCATABLE",2,"deferred(:,:); allocated as (IMIN:IMAX,JMIN:JMAX)",type.f90,1075,"main.f90:2261[IMIN:IMAX,JMIN:JMAX]",mpi_exchange,
U_LS,OMESH_TYPE,"REAL(EB), ALLOCATABLE",2,"deferred(:,:); allocated as (IMIN:IMAX,JMIN:JMAX)",type.f90,1075,"main.f90:2262[IMIN:IMAX,JMIN:JMAX]",mpi_exchange,
V_LS,OMESH_TYPE,"REAL(EB), ALLOCATABLE",2,"deferred(:,:); allocated as (IMIN:IMAX,JMIN:JMAX)",type.f90,1075,"main.f90:2263[IMIN:IMAX,JMIN:JMAX]",mpi_exchange,
Z_LS,OMESH_TYPE,"REAL(EB), ALLOCATABLE",2,"deferred(:,:); allocated as (IMIN:IMAX,JMIN:JMAX)",type.f90,1075,"main.f90:2264[IMIN:IMAX,JMIN:JMAX]",mpi_exchange,
REAL_SEND_PKG14,OMESH_TYPE,"REAL(EB), ALLOCATABLE",1,deferred(:); allocated as (5*M3%NIC_S),type.f90,1076,main.f90:3175[5*M3%NIC_S],mpi_exchange,
REAL_RECV_PKG14,OMESH_TYPE,"REAL(EB), ALLOCATABLE",1,deferred(:); allocated as (5*M3%NIC_R),type.f90,1076,main.f90:2982[5*M3%NIC_R],mpi_exchange,
BC_INDEX,LAGRANGIAN_PARTICLE_TYPE,INTEGER,0,scalar,type.f90,391,,particle,doc: Coordinate variables
OD_INDEX,LAGRANGIAN_PARTICLE_TYPE,INTEGER,0,scalar,type.f90,392,,particle,doc: Variables devoted to 1-D heat conduction in depth
B1_INDEX,LAGRANGIAN_PARTICLE_TYPE,INTEGER,0,scalar,type.f90,393,,particle,doc: Variables devoted to surface properties
B2_INDEX,LAGRANGIAN_PARTICLE_TYPE,INTEGER,0,scalar,type.f90,394,,particle,doc: Variables devoted to surface properties
BR_INDEX,LAGRANGIAN_PARTICLE_TYPE,INTEGER,0,scalar,type.f90,395,,particle,doc: Variables devoted to radiation intensities
TAG,LAGRANGIAN_PARTICLE_TYPE,INTEGER,0,scalar,type.f90,396,,particle,doc: Unique integer identifier for the particle
CLASS_INDEX,LAGRANGIAN_PARTICLE_TYPE,INTEGER,0,scalar,type.f90,397,,particle,doc: LAGRANGIAN_PARTICLE_CLASS of particle
ORIENTATION_INDEX,LAGRANGIAN_PARTICLE_TYPE,INTEGER,0,scalar,type.f90,398,,particle,doc: Index in the array of all ORIENTATIONs
WALL_INDEX,LAGRANGIAN_PARTICLE_TYPE,INTEGER,0,scalar,type.f90,399,,particle,"doc: If liquid droplet has stuck to a wall, this is the WALL cell index"
DUCT_INDEX,LAGRANGIAN_PARTICLE_TYPE,INTEGER,0,scalar,type.f90,400,,particle,doc: Index of duct
INIT_INDEX,LAGRANGIAN_PARTICLE_TYPE,INTEGER,0,scalar,type.f90,401,,particle,doc: Index of INIT line
DUCT_CELL_INDEX,LAGRANGIAN_PARTICLE_TYPE,INTEGER,0,scalar,type.f90,402,,particle,doc: Index of duct cell
CFACE_INDEX,LAGRANGIAN_PARTICLE_TYPE,INTEGER,0,scalar,type.f90,403,,particle,doc: Index of immersed boundary CFACE that the droplet has attached to
PROP_INDEX,LAGRANGIAN_PARTICLE_TYPE,INTEGER,0,scalar,type.f90,404,,particle,doc: Index of the PROPERTY_TYPE assigned to the particle
SHOW,LAGRANGIAN_PARTICLE_TYPE,LOGICAL,0,scalar,type.f90,406,,particle,doc: Show the particle in Smokeview
SPLAT,LAGRANGIAN_PARTICLE_TYPE,LOGICAL,0,scalar,type.f90,407,,particle,doc: The liquid droplet has hit a solid
EMBER,LAGRANGIAN_PARTICLE_TYPE,LOGICAL,0,scalar,type.f90,408,,particle,doc: The particle can break away and become a burning ember
PATH_PARTICLE,LAGRANGIAN_PARTICLE_TYPE,LOGICAL,0,scalar,type.f90,409,,particle,doc: Indicator of a particle with a specified path
U,LAGRANGIAN_PARTICLE_TYPE,REAL(EB),0,scalar,type.f90,411,,particle,doc: \f$ x \f$ velocity component of particle (m/s)
V,LAGRANGIAN_PARTICLE_TYPE,REAL(EB),0,scalar,type.f90,412,,particle,doc: \f$ y \f$ velocity component of particle (m/s)
W,LAGRANGIAN_PARTICLE_TYPE,REAL(EB),0,scalar,type.f90,413,,particle,doc: \f$ z \f$ velocity component of particle (m/s)
PWT,LAGRANGIAN_PARTICLE_TYPE,REAL(EB),0,scalar,type.f90,414,,particle,doc: Weight factor of particle; i.e. the number of real particles it represents
RE,LAGRANGIAN_PARTICLE_TYPE,REAL(EB),0,scalar,type.f90,415,,particle,doc: Reynolds number based on particle diameter
MASS,LAGRANGIAN_PARTICLE_TYPE,REAL(EB),0,scalar,type.f90,416,,particle,doc: Particle mass (kg)
T_INSERT,LAGRANGIAN_PARTICLE_TYPE,REAL(EB),0,scalar,type.f90,417,,particle,doc: Time when particle was inserted (s)
DX,LAGRANGIAN_PARTICLE_TYPE,REAL(EB),0,scalar,type.f90,418,,particle,doc: Length factor used in POROUS_DRAG calculation (m)
DY,LAGRANGIAN_PARTICLE_TYPE,REAL(EB),0,scalar,type.f90,419,,particle,doc: Length factor used in POROUS_DRAG calculation (m)
DZ,LAGRANGIAN_PARTICLE_TYPE,REAL(EB),0,scalar,type.f90,420,,particle,doc: Length factor used in POROUS_DRAG calculation (m)
LENGTH,LAGRANGIAN_PARTICLE_TYPE,REAL(EB),0,scalar,type.f90,421,,particle,doc: Cylinder or plate length used for POROUS_DRAG or SCREEN_DRAG (m)
C_DRAG,LAGRANGIAN_PARTICLE_TYPE,REAL(EB),0,scalar,type.f90,422,,particle,doc: Drag coefficient
RADIUS,LAGRANGIAN_PARTICLE_TYPE,REAL(EB),0,scalar,type.f90,423,,particle,doc: Radius (m)
ACCEL_X,LAGRANGIAN_PARTICLE_TYPE,REAL(EB),0,scalar,type.f90,424,,particle,doc: Acceleration in x direction (m/s2)
ACCEL_Y,LAGRANGIAN_PARTICLE_TYPE,REAL(EB),0,scalar,type.f90,425,,particle,doc: Acceleration in y direction (m/s2)
ACCEL_Z,LAGRANGIAN_PARTICLE_TYPE,REAL(EB),0,scalar,type.f90,426,,particle,doc: Acceleration in z direction (m/s2)
RVC,LAGRANGIAN_PARTICLE_TYPE,REAL(EB),0,scalar,type.f90,427,,particle,doc: Reciprocal of cell volume containing particle (1/m3)
SURF_INDEX,BOUNDARY_ONE_D_TYPE,INTEGER,0,scalar,type.f90,219,,wall_obst_cutcell,doc: SURFACE index
N_CELLS_MAX,BOUNDARY_ONE_D_TYPE,INTEGER,0,scalar,type.f90,220,,wall_obst_cutcell,doc: Maximum number of interior cells
N_CELLS_INI,BOUNDARY_ONE_D_TYPE,INTEGER,0,scalar,type.f90,221,,wall_obst_cutcell,doc: Initial number of interior cells
N_LAYERS,BOUNDARY_ONE_D_TYPE,INTEGER,0,scalar,type.f90,222,,wall_obst_cutcell,doc: Number of material layers
N_MATL,BOUNDARY_ONE_D_TYPE,INTEGER,0,scalar,type.f90,223,,wall_obst_cutcell,doc: Number of materials
N_LPC,BOUNDARY_ONE_D_TYPE,INTEGER,0,scalar,type.f90,224,,wall_obst_cutcell,doc: Number of Lagrangian Particle Classes
BACK_INDEX,BOUNDARY_ONE_D_TYPE,INTEGER,0,scalar,type.f90,225,,wall_obst_cutcell,doc: WALL index of back side of obstruction or exterior wall cell
BACK_MESH,BOUNDARY_ONE_D_TYPE,INTEGER,0,scalar,type.f90,226,,wall_obst_cutcell,doc: Mesh number on back side of obstruction or exterior wall cell
BACK_SURF,BOUNDARY_ONE_D_TYPE,INTEGER,0,scalar,type.f90,227,,wall_obst_cutcell,doc: SURF_INDEX on back side of obstruction or exterior wall cell
PYROLYSIS_MODEL,BOUNDARY_ONE_D_TYPE,INTEGER,0,scalar,type.f90,228,,wall_obst_cutcell,doc: Indicator of a pyrolysis model used in depth
N_LAYER_CELLS,BOUNDARY_ONE_D_TYPE,"INTEGER, ALLOCATABLE",1,deferred(:); allocated as (ONE_D%N_LAYERS),type.f90,230,func.f90:4786[ONE_D%N_LAYERS],wall_obst_cutcell,doc: (1:N_LAYERS) Number of cells in the layer
REMESH_NWP,BOUNDARY_ONE_D_TYPE,"INTEGER, ALLOCATABLE",1,deferred(:); allocated as (ONE_D%N_LAYERS),type.f90,231,func.f90:4787[ONE_D%N_LAYERS],wall_obst_cutcell,doc: (1:N_LAYERS) Stored target NWP value
N_LAYER_CELLS_MAX,BOUNDARY_ONE_D_TYPE,"INTEGER, ALLOCATABLE",1,deferred(:); allocated as (ONE_D%N_LAYERS),type.f90,232,func.f90:4788[ONE_D%N_LAYERS]; init.f90:4269[ONE_D%N_LAYERS],wall_obst_cutcell,doc: (1:N_LAYERS) Maximum possible number of cells in the layer
RAMP_IHS_INDEX,BOUNDARY_ONE_D_TYPE,"INTEGER, ALLOCATABLE",1,deferred(:); allocated as (ONE_D%N_LAYERS),type.f90,233,func.f90:4789[ONE_D%N_LAYERS]; init.f90:4265[ONE_D%N_LAYERS],wall_obst_cutcell,doc: (1:N_LAYERS) RAMP index for HEAT_SOURCE
MATL_INDEX,BOUNDARY_ONE_D_TYPE,"INTEGER, ALLOCATABLE",1,deferred(:); allocated as (ONE_D%N_MATL),type.f90,234,func.f90:4790[ONE_D%N_MATL]; init.f90:4243[ONE_D%N_MATL]; init.f90:4453[ONE_D%N_MATL],wall_obst_cutcell,doc: (1:N_MATL) Number of materials
LAYER_DIVIDE_DEPTH,BOUNDARY_ONE_D_TYPE,REAL(EB),0,scalar,type.f90,236,,wall_obst_cutcell,doc: Distance from surface that divides the direction of evolved pyrolyzates (m)
M_DOT_S_PP,BOUNDARY_ONE_D_TYPE,"REAL(EB), ALLOCATABLE",1,deferred(:); allocated as (ONE_D%N_MATL) | (0:ONE_D%N_MATL),type.f90,238,func.f90:4791[ONE_D%N_MATL]; init.f90:1747[0:ONE_D%N_MATL],wall_obst_cutcell,doc: (1:N_MATL) Mass production rate of solid species
X,BOUNDARY_ONE_D_TYPE,"REAL(EB), ALLOCATABLE",1,deferred(:); allocated as (0:ONE_D%N_CELLS_MAX),type.f90,239,func.f90:4792[0:ONE_D%N_CELLS_MAX]; init.f90:1748[0:ONE_D%N_CELLS_MAX],wall_obst_cutcell,"doc: (0:NWP) Depth (m), \f$ x_{{\rm s},i} \f$"
DX_OLD,BOUNDARY_ONE_D_TYPE,"REAL(EB), ALLOCATABLE",1,deferred(:); allocated as (ONE_D%N_CELLS_MAX),type.f90,240,func.f90:4793[ONE_D%N_CELLS_MAX]; init.f90:1769[ONE_D%N_CELLS_MAX],wall_obst_cutcell,doc: (0:NWP) prior renoding DX
TMP,BOUNDARY_ONE_D_TYPE,"REAL(EB), ALLOCATABLE",1,deferred(:); allocated as (0:ONE_D%N_CELLS_MAX+1),type.f90,241,func.f90:4794[0:ONE_D%N_CELLS_MAX+1]; init.f90:1749[0:ONE_D%N_CELLS_MAX+1],wall_obst_cutcell,"doc: Temperature in center of each solid cell, \f$ T_{{\rm s},i} \f$"
DELTA_TMP,BOUNDARY_ONE_D_TYPE,"REAL(EB), ALLOCATABLE",1,deferred(:); allocated as (0:ONE_D%N_CELLS_MAX+1),type.f90,242,func.f90:4795[0:ONE_D%N_CELLS_MAX+1]; init.f90:1750[0:ONE_D%N_CELLS_MAX+1],wall_obst_cutcell,doc: Temperature change (K)
RHO_C_S,BOUNDARY_ONE_D_TYPE,"REAL(EB), ALLOCATABLE",1,deferred(:); allocated as (ONE_D%N_CELLS_MAX),type.f90,243,func.f90:4804[ONE_D%N_CELLS_MAX]; init.f90:1752[ONE_D%N_CELLS_MAX],wall_obst_cutcell,doc: Solid density times specific heat (J/m3/K)
K_S,BOUNDARY_ONE_D_TYPE,"REAL(EB), ALLOCATABLE",1,deferred(:); allocated as (0:ONE_D%N_CELLS_MAX+1),type.f90,244,func.f90:4805[0:ONE_D%N_CELLS_MAX+1]; init.f90:1753[0:ONE_D%N_CELLS_MAX+1],wall_obst_cutcell,doc: Solid conductivity (W/m/K)
LAYER_THICKNESS,BOUNDARY_ONE_D_TYPE,"REAL(EB), ALLOCATABLE",1,deferred(:); allocated as (ONE_D%N_LAYERS),type.f90,245,func.f90:4796[ONE_D%N_LAYERS]; init.f90:4244[ONE_D%N_LAYERS],wall_obst_cutcell,doc: (1:N_LAYERS) Thickness of layer (m)
LAYER_THICKNESS_OLD,BOUNDARY_ONE_D_TYPE,"REAL(EB), ALLOCATABLE",1,deferred(:); allocated as (ONE_D%N_LAYERS),type.f90,246,func.f90:4798[ONE_D%N_LAYERS],wall_obst_cutcell,doc: (1:N_LAYERS) Thickness of layer (m) at last remesh
MIN_LAYER_THICKNESS,BOUNDARY_ONE_D_TYPE,"REAL(EB), ALLOCATABLE",1,deferred(:); allocated as (ONE_D%N_LAYERS),type.f90,247,func.f90:4800[ONE_D%N_LAYERS]; init.f90:4245[ONE_D%N_LAYERS],wall_obst_cutcell,doc: (1:N_LAYERS) Minimum thickness of layer (m)
MIN_LAYER_MASS,BOUNDARY_ONE_D_TYPE,"REAL(EB), ALLOCATABLE",1,deferred(:); allocated as (ONE_D%N_LAYERS),type.f90,248,func.f90:4801[ONE_D%N_LAYERS]; init.f90:4246[ONE_D%N_LAYERS],wall_obst_cutcell,doc: (1:N_LAYERS) Layer mass for removal (m)
MIN_DIFFUSIVITY,BOUNDARY_ONE_D_TYPE,"REAL(EB), ALLOCATABLE",1,deferred(:); allocated as (ONE_D%N_LAYERS) | (1:ONE_D%N_LAYERS),type.f90,249,func.f90:4803[ONE_D%N_LAYERS]; init.f90:1686[1:ONE_D%N_LAYERS],wall_obst_cutcell,doc: (1:N_LAYERS) Min diffusivity of all matls in layer (m2/s)
DDSUM,BOUNDARY_ONE_D_TYPE,"REAL(EB), ALLOCATABLE",1,deferred(:); allocated as (ONE_D%N_LAYERS),type.f90,250,func.f90:4806[ONE_D%N_LAYERS],wall_obst_cutcell,doc: Scaling factor to get minimum cell size
SMALLEST_CELL_SIZE,BOUNDARY_ONE_D_TYPE,"REAL(EB), ALLOCATABLE",1,deferred(:); allocated as (ONE_D%N_LAYERS),type.f90,251,func.f90:4807[ONE_D%N_LAYERS],wall_obst_cutcell,doc: Minimum cell size (m)
STRETCH_FACTOR,BOUNDARY_ONE_D_TYPE,"REAL(EB), ALLOCATABLE",1,deferred(:); allocated as (ONE_D%N_LAYERS),type.f90,252,func.f90:4811[ONE_D%N_LAYERS]; init.f90:4266[ONE_D%N_LAYERS],wall_obst_cutcell,doc: Amount to stretch cells away from the surface
HEAT_SOURCE,BOUNDARY_ONE_D_TYPE,"REAL(EB), ALLOCATABLE",1,deferred(:); allocated as (ONE_D%N_LAYERS),type.f90,253,func.f90:4812[ONE_D%N_LAYERS]; init.f90:4264[ONE_D%N_LAYERS],wall_obst_cutcell,doc: Heat addition within solid (W/m3)
CELL_SIZE_FACTOR,BOUNDARY_ONE_D_TYPE,"REAL(EB), ALLOCATABLE",1,deferred(:); allocated as (ONE_D%N_LAYERS),type.f90,254,func.f90:4813[ONE_D%N_LAYERS]; init.f90:4268[ONE_D%N_LAYERS],wall_obst_cutcell,doc: Amount to resize smallest grid cell near the surface
CELL_SIZE,BOUNDARY_ONE_D_TYPE,"REAL(EB), ALLOCATABLE",1,deferred(:); allocated as (ONE_D%N_LAYERS),type.f90,255,func.f90:4814[ONE_D%N_LAYERS]; init.f90:4267[ONE_D%N_LAYERS],wall_obst_cutcell,doc: Specified constant cell size (m)
PART_MASS,BOUNDARY_ONE_D_TYPE,"REAL(EB), ALLOCATABLE",1,deferred(:); allocated as (ONE_D%N_LPC),type.f90,256,func.f90:4808[ONE_D%N_LPC],wall_obst_cutcell,doc: Accumulated mass of particles waiting to be injected (kg/m2)
PART_ENTHALPY,BOUNDARY_ONE_D_TYPE,"REAL(EB), ALLOCATABLE",1,deferred(:); allocated as (ONE_D%N_LPC),type.f90,257,func.f90:4809[ONE_D%N_LPC],wall_obst_cutcell,doc: Accumulated enthalpy of particles waiting to be injected (kJ/m2)
HT3D_LAYER,BOUNDARY_ONE_D_TYPE,"LOGICAL, ALLOCATABLE",1,deferred(:); allocated as (ONE_D%N_LAYERS),type.f90,259,func.f90:4802[ONE_D%N_LAYERS]; init.f90:4247[ONE_D%N_LAYERS],wall_obst_cutcell,doc: (1:N_LAYERS) Indicator that layer in 3D
INTERNAL_RADIATION,BOUNDARY_ONE_D_TYPE,LOGICAL,0,scalar,type.f90,260,,wall_obst_cutcell,doc: Indicator that internal radiation transport done in solid
MATL_COMP,BOUNDARY_ONE_D_TYPE,"TYPE(MATL_COMP_TYPE), ALLOCATABLE",1,deferred(:); allocated as (ONE_D%N_MATL),type.f90,262,func.f90:4810[ONE_D%N_MATL]; init.f90:4242[ONE_D%N_MATL]; init.f90:4452[ONE_D%N_MATL],wall_obst_cutcell,doc: (1:%N_MATL) Material component
NODE,BOUNDARY_THR_D_TYPE,"TYPE(INTERNAL_NODE_TYPE), ALLOCATABLE",1,deferred(:); allocated as (NWP),type.f90,271,init.f90:1878[NWP]; init.f90:2053[NWP],wall_obst_cutcell,doc: Index of the interior solid cell
II,BOUNDARY_COORD_TYPE,INTEGER,0,scalar,type.f90,191,,wall_obst_cutcell,doc: First ghost cell inside wall in the x direction
JJ,BOUNDARY_COORD_TYPE,INTEGER,0,scalar,type.f90,192,,wall_obst_cutcell,doc: First ghost cell inside wall in the y direction
KK,BOUNDARY_COORD_TYPE,INTEGER,0,scalar,type.f90,193,,wall_obst_cutcell,doc: First ghost cell inside wall in the z direction
II2,BOUNDARY_COORD_TYPE,INTEGER,0,scalar,type.f90,194,,wall_obst_cutcell,"doc: Second ghost cell, x direction"
JJ2,BOUNDARY_COORD_TYPE,INTEGER,0,scalar,type.f90,195,,wall_obst_cutcell,"doc: Second ghost cell, y direction"
KK2,BOUNDARY_COORD_TYPE,INTEGER,0,scalar,type.f90,196,,wall_obst_cutcell,"doc: Second ghost cell, z direction"
IIG,BOUNDARY_COORD_TYPE,INTEGER,0,scalar,type.f90,197,,wall_obst_cutcell,doc: Gas cell x index
JJG,BOUNDARY_COORD_TYPE,INTEGER,0,scalar,type.f90,198,,wall_obst_cutcell,doc: Gas cell y index
KKG,BOUNDARY_COORD_TYPE,INTEGER,0,scalar,type.f90,199,,wall_obst_cutcell,doc: Gas cell z index
IOR,BOUNDARY_COORD_TYPE,INTEGER,0,scalar,type.f90,200,,wall_obst_cutcell,doc: Index of orientation of the WALL cell
X,BOUNDARY_COORD_TYPE,REAL(EB),0,scalar,type.f90,202,,wall_obst_cutcell,doc: x coordinate of boundary cell center
Y,BOUNDARY_COORD_TYPE,REAL(EB),0,scalar,type.f90,203,,wall_obst_cutcell,doc: y coordinate of boundary cell center
Z,BOUNDARY_COORD_TYPE,REAL(EB),0,scalar,type.f90,204,,wall_obst_cutcell,doc: z coordinate of boundary cell center
X1,BOUNDARY_COORD_TYPE,REAL(EB),0,scalar,type.f90,205,,wall_obst_cutcell,doc: Lower x extent of boundary cell (m)
X2,BOUNDARY_COORD_TYPE,REAL(EB),0,scalar,type.f90,206,,wall_obst_cutcell,doc: Upper x extent of boundary cell (m)
Y1,BOUNDARY_COORD_TYPE,REAL(EB),0,scalar,type.f90,207,,wall_obst_cutcell,doc: Lower y extent of boundary cell (m)
Y2,BOUNDARY_COORD_TYPE,REAL(EB),0,scalar,type.f90,208,,wall_obst_cutcell,doc: Upper y extent of boundary cell (m)
Z1,BOUNDARY_COORD_TYPE,REAL(EB),0,scalar,type.f90,209,,wall_obst_cutcell,doc: Lower z extent of boundary cell (m)
Z2,BOUNDARY_COORD_TYPE,REAL(EB),0,scalar,type.f90,210,,wall_obst_cutcell,doc: Upper z extent of boundary cell (m)
NVEC,BOUNDARY_COORD_TYPE,REAL(EB),1,(3),type.f90,212,,wall_obst_cutcell,doc: Normal vector
M_DOT_G_PP_ACTUAL,BOUNDARY_PROP1_TYPE,"REAL(EB), ALLOCATABLE",1,deferred(:); allocated as (N_TRACKED_SPECIES),type.f90,294,func.f90:4260[N_TRACKED_SPECIES],wall_obst_cutcell,doc: (1:N_TRACKED_SPECIES) Actual mass production rate per unit area
M_DOT_G_PP_ADJUST,BOUNDARY_PROP1_TYPE,"REAL(EB), ALLOCATABLE",1,deferred(:); allocated as (N_TRACKED_SPECIES),type.f90,295,func.f90:4262[N_TRACKED_SPECIES],wall_obst_cutcell,doc: (1:N_TRACKED_SPECIES) Adjusted mass production rate per unit area
ZZ_F,BOUNDARY_PROP1_TYPE,"REAL(EB), ALLOCATABLE",1,deferred(:); allocated as (N_TRACKED_SPECIES),type.f90,296,func.f90:4264[N_TRACKED_SPECIES],wall_obst_cutcell,doc: (1:N_TRACKED_SPECIES) Species mixture mass fraction at surface
ZZ_G,BOUNDARY_PROP1_TYPE,"REAL(EB), ALLOCATABLE",1,deferred(:); allocated as (N_TRACKED_SPECIES),type.f90,297,func.f90:4266[N_TRACKED_SPECIES],wall_obst_cutcell,doc: (1:N_TRACKED_SPECIES) Species mixture mass fraction in gas cell
RHO_D_F,BOUNDARY_PROP1_TYPE,"REAL(EB), ALLOCATABLE",1,deferred(:); allocated as (N_TRACKED_SPECIES),type.f90,298,func.f90:4268[N_TRACKED_SPECIES],wall_obst_cutcell,"doc: (1:N_TRACKED_SPECIES) Diffusion at surface, \f$ \rho D_\alpha \f$"
RHO_D_DZDN_F,BOUNDARY_PROP1_TYPE,"REAL(EB), ALLOCATABLE",1,deferred(:); allocated as (N_TRACKED_SPECIES),type.f90,299,func.f90:4270[N_TRACKED_SPECIES],wall_obst_cutcell,doc: \f$ \rho D_\alpha \partial Z_\alpha / \partial n \f$
AWM_AEROSOL,BOUNDARY_PROP1_TYPE,"REAL(EB), ALLOCATABLE",1,deferred(:); allocated as (N_SURFACE_DENSITY_SPECIES),type.f90,300,func.f90:4272[N_SURFACE_DENSITY_SPECIES],wall_obst_cutcell,doc: Accumulated aerosol mass per unit area (kg/m2)
QDOTPP_INT,BOUNDARY_PROP1_TYPE,"REAL(EB), ALLOCATABLE",1,deferred(:); allocated as (SURFACE(SURF_INDEX)%N_QDOTPP_REF),type.f90,301,func.f90:4274[SURFACE(SURF_INDEX)%N_QDOTPP_REF],wall_obst_cutcell,doc: Integrated HRRPUA for the S_Pyro method (kJ/m2)
Q_IN_SMOOTH_INT,BOUNDARY_PROP1_TYPE,"REAL(EB), ALLOCATABLE",1,deferred(:); allocated as (SURFACE(SURF_INDEX)%N_THICK_REF),type.f90,302,func.f90:4276[SURFACE(SURF_INDEX)%N_THICK_REF],wall_obst_cutcell,doc: Integrated smoothed incident flux for the S_Pyro method (kJ)
SURF_INDEX,BOUNDARY_PROP1_TYPE,INTEGER,0,scalar,type.f90,304,,wall_obst_cutcell,doc: SURFACE index
PRESSURE_ZONE,BOUNDARY_PROP1_TYPE,INTEGER,0,scalar,type.f90,305,,wall_obst_cutcell,doc: Pressure ZONE of the adjacent gas phase cell
NODE_INDEX,BOUNDARY_PROP1_TYPE,INTEGER,0,scalar,type.f90,306,,wall_obst_cutcell,doc: HVAC node index associated with surface
N_SUBSTEPS,BOUNDARY_PROP1_TYPE,INTEGER,0,scalar,type.f90,307,,wall_obst_cutcell,doc: Number of substeps in the 1-D conduction/reaction update
AREA,BOUNDARY_PROP1_TYPE,REAL(EB),0,scalar,type.f90,309,,wall_obst_cutcell,doc: Face area (m2)
HEAT_TRANS_COEF,BOUNDARY_PROP1_TYPE,REAL(EB),0,scalar,type.f90,310,,wall_obst_cutcell,doc: Heat transfer coefficient (W/m2/K)
Q_CON_F,BOUNDARY_PROP1_TYPE,REAL(EB),0,scalar,type.f90,311,,wall_obst_cutcell,doc: Convective heat flux at surface (W/m2)
Q_RAD_IN,BOUNDARY_PROP1_TYPE,REAL(EB),0,scalar,type.f90,312,,wall_obst_cutcell,doc: Incoming radiative flux (W/m2)
Q_RAD_OUT,BOUNDARY_PROP1_TYPE,REAL(EB),0,scalar,type.f90,313,,wall_obst_cutcell,doc: Outgoing radiative flux (W/m2)
EMISSIVITY,BOUNDARY_PROP1_TYPE,REAL(EB),0,scalar,type.f90,314,,wall_obst_cutcell,doc: Surface emissivity
AREA_ADJUST,BOUNDARY_PROP1_TYPE,REAL(EB),0,scalar,type.f90,315,,wall_obst_cutcell,doc: Ratio of actual surface area to grid cell face area
T_IGN,BOUNDARY_PROP1_TYPE,REAL(EB),0,scalar,type.f90,316,,wall_obst_cutcell,doc: Ignition time (s)
TMP_F,BOUNDARY_PROP1_TYPE,REAL(EB),0,scalar,type.f90,317,,wall_obst_cutcell,doc: Surface temperature (K)
TMP_G,BOUNDARY_PROP1_TYPE,REAL(EB),0,scalar,type.f90,318,,wall_obst_cutcell,doc: Near-surface gas temperature (K)
TMP_F_OLD,BOUNDARY_PROP1_TYPE,REAL(EB),0,scalar,type.f90,319,,wall_obst_cutcell,doc: Holding value for surface temperature (K)
TMP_B,BOUNDARY_PROP1_TYPE,REAL(EB),0,scalar,type.f90,320,,wall_obst_cutcell,doc: Back surface temperature (K)
U_NORMAL,BOUNDARY_PROP1_TYPE,REAL(EB),0,scalar,type.f90,321,,wall_obst_cutcell,"doc: Normal component of velocity (m/s) at surface, start of time step"
U_NORMAL_S,BOUNDARY_PROP1_TYPE,REAL(EB),0,scalar,type.f90,322,,wall_obst_cutcell,doc: Estimated normal component of velocity (m/s) at next time step
U_NORMAL_0,BOUNDARY_PROP1_TYPE,REAL(EB),0,scalar,type.f90,323,,wall_obst_cutcell,doc: Initial or specified normal component of velocity (m/s) at surface
U_TANG,BOUNDARY_PROP1_TYPE,REAL(EB),0,scalar,type.f90,324,,wall_obst_cutcell,doc: Tangential velocity (m/s) near surface
RHO_F,BOUNDARY_PROP1_TYPE,REAL(EB),0,scalar,type.f90,325,,wall_obst_cutcell,doc: Gas density at the wall (kg/m3)
RHO_G,BOUNDARY_PROP1_TYPE,REAL(EB),0,scalar,type.f90,326,,wall_obst_cutcell,doc: Gas density in near wall cell (kg/m3)
RDN,BOUNDARY_PROP1_TYPE,REAL(EB),0,scalar,type.f90,327,,wall_obst_cutcell,doc: \f$ 1/ \delta n \f$ at the surface (1/m)
K_G,BOUNDARY_PROP1_TYPE,REAL(EB),0,scalar,type.f90,328,,wall_obst_cutcell,doc: Thermal conductivity of gas in adjacent gas phase cell near wall
M_DOT_LAYER_PP,BOUNDARY_PROP1_TYPE,REAL(EB),0,scalar,type.f90,329,,wall_obst_cutcell,doc: Mass of a layer removed in kg used to update OB%MASS
Q_DOT_G_PP,BOUNDARY_PROP1_TYPE,REAL(EB),0,scalar,type.f90,330,,wall_obst_cutcell,doc: Heat release rate per unit area (W/m2)
Q_DOT_O2_PP,BOUNDARY_PROP1_TYPE,REAL(EB),0,scalar,type.f90,331,,wall_obst_cutcell,doc: Heat release rate per unit area (W/m2) due to oxygen consumption
Q_CONDENSE,BOUNDARY_PROP1_TYPE,REAL(EB),0,scalar,type.f90,332,,wall_obst_cutcell,doc: Heat release rate per unit area (W/m2) due to gas condensation
BURN_DURATION,BOUNDARY_PROP1_TYPE,REAL(EB),0,scalar,type.f90,333,,wall_obst_cutcell,doc: Duration of a specified fire (s)
Q_IN_SMOOTH,BOUNDARY_PROP1_TYPE,REAL(EB),0,scalar,type.f90,334,,wall_obst_cutcell,doc: Smoothed incident flux for the S_Pyro method (kJ)
T_MATL_PART,BOUNDARY_PROP1_TYPE,REAL(EB),0,scalar,type.f90,335,,wall_obst_cutcell,doc: Time interval for current value in PART_MASS and PART_ENTHALPY arrays (s)
B_NUMBER,BOUNDARY_PROP1_TYPE,REAL(EB),0,scalar,type.f90,336,,wall_obst_cutcell,doc: B number for droplet or wall
M_DOT_PART_ACTUAL,BOUNDARY_PROP1_TYPE,REAL(EB),0,scalar,type.f90,337,,wall_obst_cutcell,doc: Mass flux of all particles (kg/m2/s)
Q_LEAK,BOUNDARY_PROP1_TYPE,REAL(EB),0,scalar,type.f90,338,,wall_obst_cutcell,doc: Heat production of leaking gas (W/m3)
VEL_ERR_NEW,BOUNDARY_PROP1_TYPE,REAL(EB),0,scalar,type.f90,339,,wall_obst_cutcell,doc: Velocity mismatch at mesh or solid boundary (m/s)
INT_FTP,BOUNDARY_PROP1_TYPE,REAL(EB),0,scalar,type.f90,340,,wall_obst_cutcell,doc: Flux time product integral (kJ/m2)^FTP_N
BURNAWAY,BOUNDARY_PROP1_TYPE,LOGICAL,0,scalar,type.f90,342,,wall_obst_cutcell,doc: Indicater if cell can burn away when fuel is exhausted
LAYER_REMOVED,BOUNDARY_PROP1_TYPE,LOGICAL,0,scalar,type.f90,343,,wall_obst_cutcell,doc: Indicator that at least one layer has been removed during the time step
A_LP_MPUA,BOUNDARY_PROP2_TYPE,"REAL(EB), ALLOCATABLE",1,deferred(:); allocated as (N_LP_ARRAY_INDICES),type.f90,352,func.f90:4321[N_LP_ARRAY_INDICES],wall_obst_cutcell,doc: Accumulated liquid droplet mass per unit area (kg/m2)
LP_CPUA,BOUNDARY_PROP2_TYPE,"REAL(EB), ALLOCATABLE",1,deferred(:); allocated as (N_LP_ARRAY_INDICES),type.f90,353,func.f90:4323[N_LP_ARRAY_INDICES],wall_obst_cutcell,doc: Liquid droplet cooling rate unit area (W/m2)
LP_EMPUA,BOUNDARY_PROP2_TYPE,"REAL(EB), ALLOCATABLE",1,deferred(:); allocated as (N_LP_ARRAY_INDICES),type.f90,354,func.f90:4325[N_LP_ARRAY_INDICES],wall_obst_cutcell,doc: Ember masss generated per unit area (kg/m2)
LP_MPUA,BOUNDARY_PROP2_TYPE,"REAL(EB), ALLOCATABLE",1,deferred(:); allocated as (N_LP_ARRAY_INDICES),type.f90,355,func.f90:4327[N_LP_ARRAY_INDICES],wall_obst_cutcell,doc: Liquid droplet mass per unit area (kg/m2)
LP_TEMP,BOUNDARY_PROP2_TYPE,"REAL(EB), ALLOCATABLE",1,deferred(:); allocated as (N_LP_ARRAY_INDICES),type.f90,356,func.f90:4329[N_LP_ARRAY_INDICES],wall_obst_cutcell,doc: Liquid droplet mean temperature (K)
U_TAU,BOUNDARY_PROP2_TYPE,REAL(EB),0,scalar,type.f90,358,,wall_obst_cutcell,doc: Friction velocity (m/s)
Y_PLUS,BOUNDARY_PROP2_TYPE,REAL(EB),0,scalar,type.f90,359,,wall_obst_cutcell,doc: Dimensionless boundary layer thickness unit
Z_STAR,BOUNDARY_PROP2_TYPE,REAL(EB),0,scalar,type.f90,360,,wall_obst_cutcell,doc: Dimensionless boundary layer unit
PHI_LS,BOUNDARY_PROP2_TYPE,REAL(EB),0,scalar,type.f90,361,,wall_obst_cutcell,doc: Level Set value for output only
TAU_LS,BOUNDARY_PROP2_TYPE,REAL(EB),0,scalar,type.f90,362,,wall_obst_cutcell,doc: Level Set HRR ramp characteristic time
WORK1,BOUNDARY_PROP2_TYPE,REAL(EB),0,scalar,type.f90,363,,wall_obst_cutcell,doc: Work array
WORK2,BOUNDARY_PROP2_TYPE,REAL(EB),0,scalar,type.f90,364,,wall_obst_cutcell,doc: Work array
WORK3,BOUNDARY_PROP2_TYPE,REAL(EB),0,scalar,type.f90,365,,wall_obst_cutcell,doc: Work array
K_SUPPRESSION,BOUNDARY_PROP2_TYPE,REAL(EB),0,scalar,type.f90,366,,wall_obst_cutcell,doc: Suppression coefficent (m2/kg/s)
V_DEP,BOUNDARY_PROP2_TYPE,REAL(EB),0,scalar,type.f90,367,,wall_obst_cutcell,doc: Deposition velocity (m/s)
Y_O2_F,BOUNDARY_PROP2_TYPE,REAL(EB),0,scalar,type.f90,368,,wall_obst_cutcell,doc: Oxygen mass fraction at the surface
BLOWING_CORRECTION,BOUNDARY_PROP2_TYPE,REAL(EB),0,scalar,type.f90,369,,wall_obst_cutcell,doc: Ackermann blowing correction to heat transfer coefficient
SURF_INDEX,BOUNDARY_PROP2_TYPE,INTEGER,0,scalar,type.f90,371,,wall_obst_cutcell,doc: Surface index
HEAT_TRANSFER_REGIME,BOUNDARY_PROP2_TYPE,INTEGER,0,scalar,type.f90,372,,wall_obst_cutcell,"doc: 1=Forced convection, 2=Natural convection, 3=Impact convection, 4=Resolved"
Y_O2_ITER,BOUNDARY_PROP2_TYPE,INTEGER,0,scalar,type.f90,373,,wall_obst_cutcell,doc: Number of iterations for surface O2 solve
I_ASH_DEPTH,BOUNDARY_PROP2_TYPE,INTEGER,0,scalar,type.f90,374,,wall_obst_cutcell,doc: Index of solid cell where char formation starts
IL,BOUNDARY_RADIA_TYPE,"REAL(EB), ALLOCATABLE",1,deferred(:); allocated as (NUMBER_SPECTRAL_BANDS),type.f90,382,func.f90:4379[NUMBER_SPECTRAL_BANDS],radiation,doc: (1:NSB) Radiance (W/m2/sr); output only
BAND,BOUNDARY_RADIA_TYPE,"TYPE(BAND_TYPE), ALLOCATABLE",1,deferred(:); allocated as (NUMBER_SPECTRAL_BANDS),type.f90,383,func.f90:4373[NUMBER_SPECTRAL_BANDS],radiation,doc: (1:NSB) Radiation wavelength band
I1,SLICE_TYPE,INTEGER,0,scalar,type.f90,1595,,other,
I2,SLICE_TYPE,INTEGER,0,scalar,type.f90,1595,,other,
J1,SLICE_TYPE,INTEGER,0,scalar,type.f90,1595,,other,
J2,SLICE_TYPE,INTEGER,0,scalar,type.f90,1595,,other,
K1,SLICE_TYPE,INTEGER,0,scalar,type.f90,1595,,other,
K2,SLICE_TYPE,INTEGER,0,scalar,type.f90,1595,,other,
GEOM_INDEX,SLICE_TYPE,INTEGER,0,scalar,type.f90,1595,,other,
INDEX,SLICE_TYPE,INTEGER,0,scalar,type.f90,1595,,other,
Z_INDEX,SLICE_TYPE,INTEGER,0,scalar,type.f90,1595,,other,
Y_INDEX,SLICE_TYPE,INTEGER,0,scalar,type.f90,1595,,other,
MATL_INDEX,SLICE_TYPE,INTEGER,0,scalar,type.f90,1595,,other,
PART_INDEX,SLICE_TYPE,INTEGER,0,scalar,type.f90,1596,,other,
VELO_INDEX,SLICE_TYPE,INTEGER,0,scalar,type.f90,1596,,other,
REAC_INDEX,SLICE_TYPE,INTEGER,0,scalar,type.f90,1596,,other,
SLCF_INDEX,SLICE_TYPE,INTEGER,0,scalar,type.f90,1596,,other,
IOR,SLICE_TYPE,INTEGER,0,scalar,type.f90,1596,,other,
MINMAX,SLICE_TYPE,REAL(FB),1,(2),type.f90,1597,,other,
RLE_MIN,SLICE_TYPE,REAL(FB),0,scalar,type.f90,1598,,other,
RLE_MAX,SLICE_TYPE,REAL(FB),0,scalar,type.f90,1598,,other,
AGL_SLICE,SLICE_TYPE,REAL(EB),0,scalar,type.f90,1599,,other,
TERRAIN_SLICE,SLICE_TYPE,LOGICAL,0,scalar,type.f90,1600,,other,
CELL_CENTERED,SLICE_TYPE,LOGICAL,0,scalar,type.f90,1600,,other,
RLE,SLICE_TYPE,LOGICAL,0,scalar,type.f90,1600,,other,
DEBUG,SLICE_TYPE,LOGICAL,0,scalar,type.f90,1600,,other,
THREE_D,SLICE_TYPE,LOGICAL,0,scalar,type.f90,1600,,other,
DRY,SLICE_TYPE,LOGICAL,0,scalar,type.f90,1600,,other,
SLICETYPE,SLICE_TYPE,CHARACTER(LABEL_LENGTH),0,scalar,type.f90,1601,,other,
SMOKEVIEW_LABEL,SLICE_TYPE,CHARACTER(LABEL_LENGTH),0,scalar,type.f90,1601,,other,
SMOKEVIEW_BAR_LABEL,SLICE_TYPE,CHARACTER(LABEL_LENGTH),0,scalar,type.f90,1602,,other,
ID,SLICE_TYPE,CHARACTER(LABEL_LENGTH),0,scalar,type.f90,1602,,other,
MATL_ID,SLICE_TYPE,CHARACTER(LABEL_LENGTH),0,scalar,type.f90,1602,,other,
SLCF_NAME,SLICE_TYPE,CHARACTER(200),0,scalar,type.f90,1603,,other,
I1,RAD_FILE_TYPE,INTEGER,0,scalar,type.f90,1607,,other,
I2,RAD_FILE_TYPE,INTEGER,0,scalar,type.f90,1607,,other,
J1,RAD_FILE_TYPE,INTEGER,0,scalar,type.f90,1607,,other,
J2,RAD_FILE_TYPE,INTEGER,0,scalar,type.f90,1607,,other,
K1,RAD_FILE_TYPE,INTEGER,0,scalar,type.f90,1607,,other,
K2,RAD_FILE_TYPE,INTEGER,0,scalar,type.f90,1607,,other,
I_STEP,RAD_FILE_TYPE,INTEGER,0,scalar,type.f90,1607,,other,
J_STEP,RAD_FILE_TYPE,INTEGER,0,scalar,type.f90,1607,,other,
K_STEP,RAD_FILE_TYPE,INTEGER,0,scalar,type.f90,1607,,other,
N_POINTS,RAD_FILE_TYPE,INTEGER,0,scalar,type.f90,1607,,other,
IL_SAVE,RAD_FILE_TYPE,"REAL(EB), ALLOCATABLE",4,"deferred(:,:,:,:); allocated as (RF%I1:RF%I2,RF%J1:RF%J2,RF%K1:RF%K2,NUMBER_RADIATION_ANGLES)",type.f90,1608,"radi.f90:3292[RF%I1:RF%I2,RF%J1:RF%J2,RF%K1:RF%K2,NUMBER_RADIATION_ANGLES]",other,
I1,PATCH_TYPE,INTEGER,0,scalar,type.f90,1612,,other,
I2,PATCH_TYPE,INTEGER,0,scalar,type.f90,1612,,other,
J1,PATCH_TYPE,INTEGER,0,scalar,type.f90,1612,,other,
J2,PATCH_TYPE,INTEGER,0,scalar,type.f90,1612,,other,
K1,PATCH_TYPE,INTEGER,0,scalar,type.f90,1612,,other,
K2,PATCH_TYPE,INTEGER,0,scalar,type.f90,1612,,other,
IG1,PATCH_TYPE,INTEGER,0,scalar,type.f90,1612,,other,
IG2,PATCH_TYPE,INTEGER,0,scalar,type.f90,1612,,other,
JG1,PATCH_TYPE,INTEGER,0,scalar,type.f90,1612,,other,
JG2,PATCH_TYPE,INTEGER,0,scalar,type.f90,1612,,other,
KG1,PATCH_TYPE,INTEGER,0,scalar,type.f90,1612,,other,
KG2,PATCH_TYPE,INTEGER,0,scalar,type.f90,1612,,other,
IOR,PATCH_TYPE,INTEGER,0,scalar,type.f90,1612,,other,
OBST_INDEX,PATCH_TYPE,INTEGER,0,scalar,type.f90,1612,,other,
VENT_INDEX,PATCH_TYPE,INTEGER,0,scalar,type.f90,1612,,other,
MESH_INDEX,PATCH_TYPE,INTEGER,0,scalar,type.f90,1612,,other,
DUMMY,MKL_PARDISO_HANDLE,INTEGER(KIND=8),0,scalar,imkl.f90,9,,pressure_solver,
A_H,HYPRE_ZM_TYPE,INTEGER(KIND=8),0,scalar,imkl.f90,266,,pressure_solver,
F_H,HYPRE_ZM_TYPE,INTEGER(KIND=8),0,scalar,imkl.f90,267,,pressure_solver,
X_H,HYPRE_ZM_TYPE,INTEGER(KIND=8),0,scalar,imkl.f90,268,,pressure_solver,
PARCSR_A_H,HYPRE_ZM_TYPE,INTEGER(KIND=8),0,scalar,imkl.f90,269,,pressure_solver,
PAR_F_H,HYPRE_ZM_TYPE,INTEGER(KIND=8),0,scalar,imkl.f90,270,,pressure_solver,
PAR_X_H,HYPRE_ZM_TYPE,INTEGER(KIND=8),0,scalar,imkl.f90,271,,pressure_solver,
SOLVER,HYPRE_ZM_TYPE,INTEGER(KIND=8),0,scalar,imkl.f90,272,,pressure_solver,
PRECOND,HYPRE_ZM_TYPE,INTEGER(KIND=8),0,scalar,imkl.f90,273,,pressure_solver,
INDICES,HYPRE_ZM_TYPE,"INTEGER, ALLOCATABLE",1,"deferred(:); allocated as (ZM%NUNKH) | (MAX(1,ZSL%NUNKH_LOCAL_RS))",imkl.f90,274,"pres.f90:2957[ZM%NUNKH]; pres.f90:4730[MAX(1,ZSL%NUNKH_LOCAL_RS)]",pressure_solver,
NUM_ITERATIONS,HYPRE_ZM_TYPE,INTEGER,0,scalar,imkl.f90,275,,pressure_solver,
FINAL_RES_NORM,HYPRE_ZM_TYPE,REAL(KIND=8),0,scalar,imkl.f90,276,,pressure_solver,
NWFACE,CC_INBCF_IJCF_TYPE,INTEGER,0,scalar,type.f90,1517,,wall_obst_cutcell,
NEW_ICFINB,CC_INBCF_IJCF_TYPE,"INTEGER, ALLOCATABLE",1,deferred(:); allocated as (DUM),type.f90,1518,geom.f90:11185[DUM],wall_obst_cutcell,
NEW_JCFINB,CC_INBCF_IJCF_TYPE,"INTEGER, ALLOCATABLE",1,deferred(:); allocated as (DUM),type.f90,1518,geom.f90:11186[DUM],wall_obst_cutcell,
MASS_FRACTION,MATL_COMP_TYPE,"REAL(EB), ALLOCATABLE",1,deferred(:); allocated as (ONE_D%N_LAYERS),type.f90,177,func.f90:4818[ONE_D%N_LAYERS]; init.f90:4252[ONE_D%N_LAYERS]; init.f90:4455[ONE_D%N_LAYERS],wall_obst_cutcell,doc: (1:N_LAYERS) Mass Fraction
RHO,MATL_COMP_TYPE,"REAL(EB), ALLOCATABLE",1,deferred(:); allocated as (0:ONE_D%N_CELLS_MAX+1),type.f90,178,func.f90:4820[0:ONE_D%N_CELLS_MAX+1]; init.f90:1756[0:ONE_D%N_CELLS_MAX+1],wall_obst_cutcell,doc: (1:NWP) Solid density (kg/m3)
ALTERNATE_WALL_INDEX,INTERNAL_NODE_TYPE,"INTEGER, ALLOCATABLE",1,deferred(:); allocated as (8),type.f90,277,init.f90:1884[8]; init.f90:2056[8]; init.f90:2270[(from INTEGER_DUMMY)],wall_obst_cutcell,doc: Index of WALL cell in one of the two alternate directions
ALTERNATE_WALL_NODE,INTERNAL_NODE_TYPE,"INTEGER, ALLOCATABLE",1,deferred(:); allocated as (8),type.f90,278,init.f90:1885[8]; init.f90:2057[8]; init.f90:2274[(from INTEGER_DUMMY)],wall_obst_cutcell,doc: Interior node of alternate WALL cell
ALTERNATE_WALL_MESH,INTERNAL_NODE_TYPE,"INTEGER, ALLOCATABLE",1,deferred(:); allocated as (8),type.f90,279,init.f90:1886[8]; init.f90:2058[8]; init.f90:2258[(from INTEGER_DUMMY)],wall_obst_cutcell,doc: MESH number of alternate WALL cell
ALTERNATE_WALL_TYPE,INTERNAL_NODE_TYPE,"INTEGER, ALLOCATABLE",1,deferred(:); allocated as (8),type.f90,280,init.f90:1887[8]; init.f90:2059[8]; init.f90:2266[(from INTEGER_DUMMY)],wall_obst_cutcell,doc: Type of alternate WALL cell (thin or not thin)
ALTERNATE_WALL_IOR,INTERNAL_NODE_TYPE,"INTEGER, ALLOCATABLE",1,deferred(:); allocated as (8),type.f90,281,init.f90:1888[8]; init.f90:2060[8]; init.f90:2262[(from INTEGER_DUMMY)],wall_obst_cutcell,doc: Orientation index of alternate WALL cell
ALTERNATE_WALL_WEIGHT,INTERNAL_NODE_TYPE,"REAL(EB), ALLOCATABLE",1,deferred(:); allocated as (8),type.f90,282,init.f90:1889[8]; init.f90:2061[8]; init.f90:2277[(from REAL_DUMMY)],wall_obst_cutcell,doc: Weight factor of alternate WALL cell
ALTERNATE_WALL_COUNT,INTERNAL_NODE_TYPE,INTEGER,0,scalar,type.f90,283,,wall_obst_cutcell,doc: Number of WALL cells that overlap the primary
I,INTERNAL_NODE_TYPE,INTEGER,0,scalar,type.f90,284,,wall_obst_cutcell,doc: I index of the node
J,INTERNAL_NODE_TYPE,INTEGER,0,scalar,type.f90,285,,wall_obst_cutcell,doc: J index of the node
K,INTERNAL_NODE_TYPE,INTEGER,0,scalar,type.f90,286,,wall_obst_cutcell,doc: K index of the node
MESH_NUMBER,INTERNAL_NODE_TYPE,INTEGER,0,scalar,type.f90,287,,wall_obst_cutcell,doc: MESH number of the node
HT3D,INTERNAL_NODE_TYPE,LOGICAL,0,scalar,type.f90,288,,wall_obst_cutcell,doc: Indicates that this cell is meant to be updated in 3D
ILW,BAND_TYPE,"REAL(EB), ALLOCATABLE",1,deferred(:); allocated as (NUMBER_RADIATION_ANGLES),type.f90,184,func.f90:4375[NUMBER_RADIATION_ANGLES],radiation,doc: (1:NRA) Radiation intensity (W/m2/sr)
MTR,(MESH_POINTERS module pointer only),"REAL(EB), POINTER",3,"deferred(:,:,:)",mesh.f90,370,,other,declared POINTER in MESH_POINTERS (mesh.f90:370) but NOT a MESH_TYPE component and never pointed/used
MSR,(MESH_POINTERS module pointer only),"REAL(EB), POINTER",3,"deferred(:,:,:)",mesh.f90,370,,other,declared POINTER in MESH_POINTERS (mesh.f90:370) but NOT a MESH_TYPE component and never pointed/used
WEM,(MESH_POINTERS module pointer only),"REAL(EB), POINTER",3,"deferred(:,:,:)",mesh.f90,370,,other,declared POINTER in MESH_POINTERS (mesh.f90:370) but NOT a MESH_TYPE component and never pointed/used
