module,variable,decl_file,decl_line,kind,written_by,read_by_sample,blocks_pure_kernel,notes,fortran_type,dims,n_writers,n_runtime_writers,n_kernel_users,mesh_id_indexed
CC_SCALARS,IHI_CELL,ccib.f90,53,runtime_scalar,GET_CC_MATRIXGRAPH_H(ccib.f90:20889); GET_H_MATRIX_CC(ccib.f90:20570); GET_RCFACES_H(ccib.f90:21581); GET_CRTCFCC_INT_STENCILS(ccib.f90:16743); GET_GASPHASE_REGRCFACES_DATA(ccib.f90:21969),GET_CRTCFCC_INT_STENCILS(ccib.f90:16766); GET_INTSTENCILS_EP(ccib.f90:18668); GET_GASPHASE_REGRCFACES_DATA(ccib.f90:21994); GET_RCFACES_H(ccib.f90:21709),yes,"written at run time by mesh kernels: GET_CC_MATRIXGRAPH_H, GET_H_MATRIX_CC, GET_RCFACES_H",INTEGER,,5,3,6,
CC_SCALARS,IHI_FACE,ccib.f90,54,runtime_scalar,GET_ADVDIFFVECTOR_SCALAR_3D(ccib.f90:13650); GET_CC_MATRIXGRAPH_H(ccib.f90:20887); GET_EXPLICIT_ADVDIFFVECTOR_SCALAR_3D(ccib.f90:12152); GET_H_MATRIX_CC(ccib.f90:20568); GET_RCFACES_H(ccib.f90:21579); FILL_UNKZ_GUARDCELLS(ccib.f90:20396); GET_CRTCFCC_INT_STENCILS(ccib.f90:16741); GET_GASPHASE_REGRCFACES_DATA(ccib.f90:21967),FILL_UNKZ_GUARDCELLS(ccib.f90:20398); GET_CC_MATRIXGRAPH_H(ccib.f90:20889); GET_CRTCFCC_INT_STENCILS(ccib.f90:16743); GET_INTSTENCILS_EP(ccib.f90:18673); GET_GASPHASE_REGRCFACES_DATA(ccib.f90:21969),yes,"written at run time by mesh kernels: GET_ADVDIFFVECTOR_SCALAR_3D, GET_CC_MATRIXGRAPH_H, GET_EXPLICIT_ADVDIFFVECTOR_SCALAR_3D, GET_H_MATRIX_CC, GET_RCFACES_H",INTEGER,,8,5,9,
CC_SCALARS,ILO_CELL,ccib.f90,53,runtime_scalar,GET_CC_MATRIXGRAPH_H(ccib.f90:20888); GET_H_MATRIX_CC(ccib.f90:20569); GET_RCFACES_H(ccib.f90:21580); GET_CRTCFCC_INT_STENCILS(ccib.f90:16742); GET_GASPHASE_REGRCFACES_DATA(ccib.f90:21968),GET_CRTCFCC_INT_STENCILS(ccib.f90:16766); GET_INTSTENCILS_EP(ccib.f90:18668); GET_GASPHASE_REGRCFACES_DATA(ccib.f90:21994); GET_RCFACES_H(ccib.f90:21709),yes,"written at run time by mesh kernels: GET_CC_MATRIXGRAPH_H, GET_H_MATRIX_CC, GET_RCFACES_H",INTEGER,,5,3,6,
CC_SCALARS,ILO_FACE,ccib.f90,54,runtime_scalar,GET_ADVDIFFVECTOR_SCALAR_3D(ccib.f90:13649); GET_CC_MATRIXGRAPH_H(ccib.f90:20886); GET_EXPLICIT_ADVDIFFVECTOR_SCALAR_3D(ccib.f90:12151); GET_H_MATRIX_CC(ccib.f90:20567); GET_RCFACES_H(ccib.f90:21578); FILL_UNKZ_GUARDCELLS(ccib.f90:20395); GET_CRTCFCC_INT_STENCILS(ccib.f90:16740); GET_GASPHASE_REGRCFACES_DATA(ccib.f90:21966),FILL_UNKZ_GUARDCELLS(ccib.f90:20397); GET_CC_MATRIXGRAPH_H(ccib.f90:20888); GET_CRTCFCC_INT_STENCILS(ccib.f90:16742); GET_INTSTENCILS_EP(ccib.f90:18673); GET_GASPHASE_REGRCFACES_DATA(ccib.f90:21968),yes,"written at run time by mesh kernels: GET_ADVDIFFVECTOR_SCALAR_3D, GET_CC_MATRIXGRAPH_H, GET_EXPLICIT_ADVDIFFVECTOR_SCALAR_3D, GET_H_MATRIX_CC, GET_RCFACES_H",INTEGER,,8,5,9,
CC_SCALARS,JHI_CELL,ccib.f90,53,runtime_scalar,GET_CC_MATRIXGRAPH_H(ccib.f90:20895); GET_H_MATRIX_CC(ccib.f90:20575); GET_RCFACES_H(ccib.f90:21589); GET_CRTCFCC_INT_STENCILS(ccib.f90:16751); GET_GASPHASE_REGRCFACES_DATA(ccib.f90:21978),GET_CRTCFCC_INT_STENCILS(ccib.f90:16790); GET_INTSTENCILS_EP(ccib.f90:18669); GET_GASPHASE_REGRCFACES_DATA(ccib.f90:21998); GET_RCFACES_H(ccib.f90:21713),yes,"written at run time by mesh kernels: GET_CC_MATRIXGRAPH_H, GET_H_MATRIX_CC, GET_RCFACES_H",INTEGER,,5,3,6,
CC_SCALARS,JHI_FACE,ccib.f90,54,runtime_scalar,GET_ADVDIFFVECTOR_SCALAR_3D(ccib.f90:13654); GET_CC_MATRIXGRAPH_H(ccib.f90:20893); GET_EXPLICIT_ADVDIFFVECTOR_SCALAR_3D(ccib.f90:12156); GET_H_MATRIX_CC(ccib.f90:20573); GET_RCFACES_H(ccib.f90:21587); FILL_UNKZ_GUARDCELLS(ccib.f90:20402); GET_CRTCFCC_INT_STENCILS(ccib.f90:16749); GET_GASPHASE_REGRCFACES_DATA(ccib.f90:21976),FILL_UNKZ_GUARDCELLS(ccib.f90:20404); GET_CC_MATRIXGRAPH_H(ccib.f90:20895); GET_CRTCFCC_INT_STENCILS(ccib.f90:16751); GET_INTSTENCILS_EP(ccib.f90:18675); GET_GASPHASE_REGRCFACES_DATA(ccib.f90:21978),yes,"written at run time by mesh kernels: GET_ADVDIFFVECTOR_SCALAR_3D, GET_CC_MATRIXGRAPH_H, GET_EXPLICIT_ADVDIFFVECTOR_SCALAR_3D, GET_H_MATRIX_CC, GET_RCFACES_H",INTEGER,,8,5,9,
CC_SCALARS,JLO_CELL,ccib.f90,53,runtime_scalar,GET_CC_MATRIXGRAPH_H(ccib.f90:20894); GET_H_MATRIX_CC(ccib.f90:20574); GET_RCFACES_H(ccib.f90:21588); GET_CRTCFCC_INT_STENCILS(ccib.f90:16750); GET_GASPHASE_REGRCFACES_DATA(ccib.f90:21977),GET_CRTCFCC_INT_STENCILS(ccib.f90:16790); GET_INTSTENCILS_EP(ccib.f90:18669); GET_GASPHASE_REGRCFACES_DATA(ccib.f90:21998); GET_RCFACES_H(ccib.f90:21713),yes,"written at run time by mesh kernels: GET_CC_MATRIXGRAPH_H, GET_H_MATRIX_CC, GET_RCFACES_H",INTEGER,,5,3,6,
CC_SCALARS,JLO_FACE,ccib.f90,54,runtime_scalar,GET_ADVDIFFVECTOR_SCALAR_3D(ccib.f90:13653); GET_CC_MATRIXGRAPH_H(ccib.f90:20892); GET_EXPLICIT_ADVDIFFVECTOR_SCALAR_3D(ccib.f90:12155); GET_H_MATRIX_CC(ccib.f90:20572); GET_RCFACES_H(ccib.f90:21586); FILL_UNKZ_GUARDCELLS(ccib.f90:20401); GET_CRTCFCC_INT_STENCILS(ccib.f90:16748); GET_GASPHASE_REGRCFACES_DATA(ccib.f90:21975),FILL_UNKZ_GUARDCELLS(ccib.f90:20403); GET_CC_MATRIXGRAPH_H(ccib.f90:20894); GET_CRTCFCC_INT_STENCILS(ccib.f90:16750); GET_INTSTENCILS_EP(ccib.f90:18675); GET_GASPHASE_REGRCFACES_DATA(ccib.f90:21977),yes,"written at run time by mesh kernels: GET_ADVDIFFVECTOR_SCALAR_3D, GET_CC_MATRIXGRAPH_H, GET_EXPLICIT_ADVDIFFVECTOR_SCALAR_3D, GET_H_MATRIX_CC, GET_RCFACES_H",INTEGER,,8,5,9,
CC_SCALARS,KHI_CELL,ccib.f90,53,runtime_scalar,GET_CC_MATRIXGRAPH_H(ccib.f90:20901); GET_H_MATRIX_CC(ccib.f90:20580); GET_RCFACES_H(ccib.f90:21597); GET_CRTCFCC_INT_STENCILS(ccib.f90:16759); GET_GASPHASE_REGRCFACES_DATA(ccib.f90:21986),GET_CRTCFCC_INT_STENCILS(ccib.f90:16814); GET_INTSTENCILS_EP(ccib.f90:18670); GET_GASPHASE_REGRCFACES_DATA(ccib.f90:22002); GET_RCFACES_H(ccib.f90:21717),yes,"written at run time by mesh kernels: GET_CC_MATRIXGRAPH_H, GET_H_MATRIX_CC, GET_RCFACES_H",INTEGER,,5,3,6,
CC_SCALARS,KHI_FACE,ccib.f90,54,runtime_scalar,GET_ADVDIFFVECTOR_SCALAR_3D(ccib.f90:13658); GET_CC_MATRIXGRAPH_H(ccib.f90:20899); GET_EXPLICIT_ADVDIFFVECTOR_SCALAR_3D(ccib.f90:12160); GET_H_MATRIX_CC(ccib.f90:20578); GET_RCFACES_H(ccib.f90:21595); FILL_UNKZ_GUARDCELLS(ccib.f90:20408); GET_CRTCFCC_INT_STENCILS(ccib.f90:16757); GET_GASPHASE_REGRCFACES_DATA(ccib.f90:21984),FILL_UNKZ_GUARDCELLS(ccib.f90:20410); GET_CC_MATRIXGRAPH_H(ccib.f90:20901); GET_CRTCFCC_INT_STENCILS(ccib.f90:16759); GET_INTSTENCILS_EP(ccib.f90:18677); GET_GASPHASE_REGRCFACES_DATA(ccib.f90:21986),yes,"written at run time by mesh kernels: GET_ADVDIFFVECTOR_SCALAR_3D, GET_CC_MATRIXGRAPH_H, GET_EXPLICIT_ADVDIFFVECTOR_SCALAR_3D, GET_H_MATRIX_CC, GET_RCFACES_H",INTEGER,,8,5,9,
CC_SCALARS,KLO_CELL,ccib.f90,53,runtime_scalar,GET_CC_MATRIXGRAPH_H(ccib.f90:20900); GET_H_MATRIX_CC(ccib.f90:20579); GET_RCFACES_H(ccib.f90:21596); GET_CRTCFCC_INT_STENCILS(ccib.f90:16758); GET_GASPHASE_REGRCFACES_DATA(ccib.f90:21985),GET_CRTCFCC_INT_STENCILS(ccib.f90:16814); GET_INTSTENCILS_EP(ccib.f90:18670); GET_GASPHASE_REGRCFACES_DATA(ccib.f90:22002); GET_RCFACES_H(ccib.f90:21717),yes,"written at run time by mesh kernels: GET_CC_MATRIXGRAPH_H, GET_H_MATRIX_CC, GET_RCFACES_H",INTEGER,,5,3,6,
CC_SCALARS,KLO_FACE,ccib.f90,54,runtime_scalar,GET_ADVDIFFVECTOR_SCALAR_3D(ccib.f90:13657); GET_CC_MATRIXGRAPH_H(ccib.f90:20898); GET_EXPLICIT_ADVDIFFVECTOR_SCALAR_3D(ccib.f90:12159); GET_H_MATRIX_CC(ccib.f90:20577); GET_RCFACES_H(ccib.f90:21594); FILL_UNKZ_GUARDCELLS(ccib.f90:20407); GET_CRTCFCC_INT_STENCILS(ccib.f90:16756); GET_GASPHASE_REGRCFACES_DATA(ccib.f90:21983),FILL_UNKZ_GUARDCELLS(ccib.f90:20409); GET_CC_MATRIXGRAPH_H(ccib.f90:20900); GET_CRTCFCC_INT_STENCILS(ccib.f90:16758); GET_INTSTENCILS_EP(ccib.f90:18677); GET_GASPHASE_REGRCFACES_DATA(ccib.f90:21985),yes,"written at run time by mesh kernels: GET_ADVDIFFVECTOR_SCALAR_3D, GET_CC_MATRIXGRAPH_H, GET_EXPLICIT_ADVDIFFVECTOR_SCALAR_3D, GET_H_MATRIX_CC, GET_RCFACES_H",INTEGER,,8,5,9,
CC_SCALARS,NXB,ccib.f90,55,runtime_scalar,GET_RCFACES_H(ccib.f90:21575); GET_CRTCFCC_INT_STENCILS(ccib.f90:16735); GET_GASPHASE_REGRCFACES_DATA(ccib.f90:21961),GET_GASPHASE_REGRCFACES_DATA(ccib.f90:22008),yes,written at run time by mesh kernels: GET_RCFACES_H,INTEGER,,3,1,3,
CC_SCALARS,NYB,ccib.f90,55,runtime_scalar,GET_RCFACES_H(ccib.f90:21575); GET_CRTCFCC_INT_STENCILS(ccib.f90:16736); GET_GASPHASE_REGRCFACES_DATA(ccib.f90:21962),GET_GASPHASE_REGRCFACES_DATA(ccib.f90:22008),yes,written at run time by mesh kernels: GET_RCFACES_H,INTEGER,,3,1,3,
CC_SCALARS,NZB,ccib.f90,55,runtime_scalar,GET_RCFACES_H(ccib.f90:21575); GET_CRTCFCC_INT_STENCILS(ccib.f90:16737); GET_GASPHASE_REGRCFACES_DATA(ccib.f90:21963),GET_GASPHASE_REGRCFACES_DATA(ccib.f90:22008),yes,written at run time by mesh kernels: GET_RCFACES_H,INTEGER,,3,1,3,
CC_SCALARS,ROTANG,ccib.f90,106,runtime_scalar,CC_ROTATED_CUBE_RHS_ZZ(ccib.f90:6486); ROTATED_CUBE_RHS_ZZ(ccib.f90:6410); ROTATED_CUBE_VELOCITY_FLUX(ccib.f90:6106); ROTATED_CUBE_ANN_SOLN(ccib.f90:6229),CC_ROTATED_CUBE_RHS_ZZ(ccib.f90:6496); ROTATED_CUBE_ANN_SOLN(ccib.f90:6239); ROTATED_CUBE_RHS_ZZ(ccib.f90:6420); ROTATED_CUBE_VELOCITY_FLUX(ccib.f90:6116),yes,"written at run time by mesh kernels: CC_ROTATED_CUBE_RHS_ZZ, ROTATED_CUBE_RHS_ZZ, ROTATED_CUBE_VELOCITY_FLUX",REAL(EB),,4,3,4,
COMPLEX_GEOMETRY,CALL_FOR_GLMAT,geom.f90,121,runtime_scalar,COPY_H_OMESH_TO_MESH(pres.f90:4067); GLMAT_SOLVER(pres.f90:3333),,yes,"written at run time by mesh kernels: COPY_H_OMESH_TO_MESH, GLMAT_SOLVER",LOGICAL,,2,2,2,
COMPLEX_GEOMETRY,CALL_FROM_GLMAT_SETUP,geom.f90,122,runtime_scalar,GLMAT_SOLVER_SETUP(pres.f90:3703),MESH_CC_EXCHANGE(ccib.f90:3979),yes,written at run time by mesh kernels: GLMAT_SOLVER_SETUP,LOGICAL,,1,1,2,
COMPLEX_GEOMETRY,NM_START,geom.f90,119,runtime_scalar,GET_MATRIXGRAPH_H_WHLDOM(pres.f90:5339); SET_CC_MATVEC_DATA(ccib.f90:19577),ADD_CUTCELL_D_PBAR_DT(ccib.f90:695); ADD_CUTCELL_PSUM(ccib.f90:738); ADD_LINKEDCELL_D_PBAR_DT(ccib.f90:673); ADD_LINKEDCELL_PSUM(ccib.f90:718); CC_CV_RHOZZ_AVERAGE(ccib.f90:13102),yes,written at run time by mesh kernels: GET_MATRIXGRAPH_H_WHLDOM,INTEGER,,2,1,28,
COMPLEX_GEOMETRY,N_REQ11,geom.f90,126,runtime_scalar,MESH_CC_EXCHANGE(ccib.f90:3987),MESH_CC_EXCHANGE(ccib.f90:3992),yes,written at run time by mesh kernels: MESH_CC_EXCHANGE,INTEGER,,1,1,1,
COMPLEX_GEOMETRY,N_REQ112,geom.f90,126,runtime_scalar,MESH_CC_EXCHANGE(ccib.f90:3999),MESH_CC_EXCHANGE(ccib.f90:4004),yes,written at run time by mesh kernels: MESH_CC_EXCHANGE,INTEGER,,1,1,1,
COMPLEX_GEOMETRY,N_REQ12,geom.f90,126,runtime_scalar,MESH_CC_EXCHANGE(ccib.f90:4010),MESH_CC_EXCHANGE(ccib.f90:4015),yes,written at run time by mesh kernels: MESH_CC_EXCHANGE,INTEGER,,1,1,1,
COMPLEX_GEOMETRY,N_REQ13,geom.f90,126,runtime_scalar,MESH_CC_EXCHANGE(ccib.f90:4021),MESH_CC_EXCHANGE(ccib.f90:4026),yes,written at run time by mesh kernels: MESH_CC_EXCHANGE,INTEGER,,1,1,1,
DUMP,DRY,dump.f90,40,runtime_scalar,DUMP_ISOF(dump.f90:4880); DUMP_SLCF(dump.f90:6885); DUMP_SLCF_VTK(dump.f90:7350); DUMP_SMOKE3D(dump.f90:5065); DUMP_SMOKE3D_VTKHDF(dump.f90:5195); UPDATE_DEVICES_1(dump.f90:7850),GAS_PHASE_OUTPUT(dump.f90:8668),yes,"written at run time by mesh kernels: DUMP_ISOF, DUMP_SLCF, DUMP_SLCF_VTK, DUMP_SMOKE3D, DUMP_SMOKE3D_VTKHDF, UPDATE_DEVICES_1",LOGICAL,,6,6,7,
DUMP,FROM_BNDF,dump.f90,40,runtime_scalar,DUMP_BNDF(dump.f90:11965),SOLID_PHASE_OUTPUT(dump.f90:10698),yes,written at run time by mesh kernels: DUMP_BNDF,LOGICAL,,1,1,2,
FDS,CHECK_FREEZE_VELOCITY,main.f90,62,runtime_scalar,CHECK_FREEZE_VELOCITY_STATUS(main.f90:5049),FDS[MAIN_LOOP](main.f90:784),yes,,LOGICAL,,1,1,1,
FDS,CTRL_STOP_STATUS,main.f90,62,runtime_scalar,FDS(main.f90:645); FDS[MAIN_LOOP](main.f90:1136),FDS[MAIN_LOOP](main.f90:1137),yes,written at run time by mesh kernels: FDS[MAIN_LOOP],LOGICAL,,2,1,2,
FDS,DIAGNOSTICS,main.f90,62,runtime_scalar,STOP_CHECK(main.f90:1911); FDS[MAIN_LOOP](main.f90:701),FDS[MAIN_LOOP](main.f90:905),yes,written at run time by mesh kernels: FDS[MAIN_LOOP],LOGICAL,,2,2,1,
FDS,DT,main.f90,65,runtime_scalar,FDS(main.f90:138); FDS[MAIN_LOOP](main.f90:715),FDS(main.f90:239); EXCHANGE_GLOBAL_OUTPUTS(main.f90:4534); MPI_INITIALIZATION_CHORES(main.f90:1334); PRESSURE_ITERATION_SCHEME(main.f90:1634); WRITE_CFL_FILE(main.f90:1880),yes,written at run time by mesh kernels: FDS[MAIN_LOOP],REAL(EB),,2,1,6,
FDS,EX,main.f90,62,runtime_scalar,FDS[MAIN_LOOP](main.f90:706),FDS[MAIN_LOOP](main.f90:705),yes,written at run time by mesh kernels: FDS[MAIN_LOOP],LOGICAL,,1,1,1,
FDS,EXTERNAL_FAIL,main.f90,62,runtime_scalar,FDS[MAIN_LOOP](main.f90:755),FDS[MAIN_LOOP](main.f90:756),yes,written at run time by mesh kernels: FDS[MAIN_LOOP],LOGICAL,,1,1,1,
FDS,FIRST_RESTART_TIME_STEP,main.f90,62,runtime_scalar,FDS(main.f90:676); FDS[MAIN_LOOP](main.f90:1211),MESH_EXCHANGE(main.f90:3846),yes,written at run time by mesh kernels: FDS[MAIN_LOOP],LOGICAL,,2,1,3,
FDS,LO10,main.f90,64,runtime_scalar,FDS[MAIN_LOOP](main.f90:723),FDS[MAIN_LOOP](main.f90:724),yes,written at run time by mesh kernels: FDS[MAIN_LOOP],INTEGER,,1,1,1,
FDS,N_REQ,main.f90,87,runtime_scalar,MESH_EXCHANGE(main.f90:3231); POST_RECEIVES(main.f90:3033); MPI_INITIALIZATION_CHORES(main.f90:1528),MESH_EXCHANGE(main.f90:3231); MPI_INITIALIZATION_CHORES(main.f90:1534); POST_RECEIVES(main.f90:3033),yes,"written at run time by mesh kernels: MESH_EXCHANGE, POST_RECEIVES",INTEGER,,3,2,3,
FDS,N_REQ1,main.f90,87,runtime_scalar,MESH_EXCHANGE(main.f90:3195); POST_RECEIVES(main.f90:2998),MESH_EXCHANGE(main.f90:3195); POST_RECEIVES(main.f90:2998),yes,"written at run time by mesh kernels: MESH_EXCHANGE, POST_RECEIVES",INTEGER,,2,2,2,
FDS,N_REQ14,main.f90,87,runtime_scalar,MESH_EXCHANGE(main.f90:3217); POST_RECEIVES(main.f90:3020),MESH_EXCHANGE(main.f90:3217); POST_RECEIVES(main.f90:3020),yes,"written at run time by mesh kernels: MESH_EXCHANGE, POST_RECEIVES",INTEGER,,2,2,2,
FDS,N_REQ15,main.f90,87,runtime_scalar,MESH_EXCHANGE(main.f90:3200); POST_RECEIVES(main.f90:3003),MESH_EXCHANGE(main.f90:3200); POST_RECEIVES(main.f90:3003),yes,"written at run time by mesh kernels: MESH_EXCHANGE, POST_RECEIVES",INTEGER,,2,2,2,
FDS,N_REQ2,main.f90,87,runtime_scalar,MESH_EXCHANGE(main.f90:3187); POST_RECEIVES(main.f90:2990),MESH_EXCHANGE(main.f90:3187); POST_RECEIVES(main.f90:2990),yes,"written at run time by mesh kernels: MESH_EXCHANGE, POST_RECEIVES",INTEGER,,2,2,2,
FDS,N_REQ3,main.f90,87,runtime_scalar,MESH_EXCHANGE(main.f90:3204); POST_RECEIVES(main.f90:3007),MESH_EXCHANGE(main.f90:3204); POST_RECEIVES(main.f90:3007),yes,"written at run time by mesh kernels: MESH_EXCHANGE, POST_RECEIVES",INTEGER,,2,2,2,
FDS,N_REQ4,main.f90,87,runtime_scalar,MESH_EXCHANGE(main.f90:3208); POST_RECEIVES(main.f90:3011),MESH_EXCHANGE(main.f90:3208); POST_RECEIVES(main.f90:3011),yes,"written at run time by mesh kernels: MESH_EXCHANGE, POST_RECEIVES",INTEGER,,2,2,2,
FDS,N_REQ5,main.f90,87,runtime_scalar,ALLOCATE_RADIATION_RECV_PKG(main.f90:3986); ALLOCATE_RADIATION_SEND_PKG(main.f90:4051),ALLOCATE_RADIATION_RECV_PKG(main.f90:3985); ALLOCATE_RADIATION_SEND_PKG(main.f90:4051); MESH_EXCHANGE(main.f90:3671),yes,"written at run time by mesh kernels: ALLOCATE_RADIATION_RECV_PKG, ALLOCATE_RADIATION_SEND_PKG",INTEGER,,2,2,3,
FDS,N_REQ6,main.f90,87,runtime_scalar,MESH_EXCHANGE(main.f90:3287); POST_RECEIVES(main.f90:3068); INITIALIZE_BACK_WALL_EXCHANGE(main.f90:2549),INITIALIZE_BACK_WALL_EXCHANGE(main.f90:2548); MESH_EXCHANGE(main.f90:3287); POST_RECEIVES(main.f90:3068),yes,"written at run time by mesh kernels: MESH_EXCHANGE, POST_RECEIVES",INTEGER,,3,2,3,
FDS,N_REQ7,main.f90,87,runtime_scalar,MESH_EXCHANGE(main.f90:3212); POST_RECEIVES(main.f90:3015),MESH_EXCHANGE(main.f90:3212); POST_RECEIVES(main.f90:3015),yes,"written at run time by mesh kernels: MESH_EXCHANGE, POST_RECEIVES",INTEGER,,2,2,2,
FDS,N_WRITTEN,main.f90,93,runtime_scalar,FDS(main.f90:622); FDS[MAIN_LOOP](main.f90:1143),FDS(main.f90:626); FDS[MAIN_LOOP](main.f90:1151),yes,written at run time by mesh kernels: FDS[MAIN_LOOP],INTEGER,,2,1,2,
FDS,START_NEW_ANGLE_CYCLE,main.f90,63,runtime_scalar,FDS(main.f90:492); FDS[MAIN_LOOP](main.f90:1024),FDS(main.f90:493); FDS[MAIN_LOOP](main.f90:1026),yes,written at run time by mesh kernels: FDS[MAIN_LOOP],LOGICAL,,2,1,2,
FDS,T,main.f90,65,runtime_scalar,FDS(main.f90:171); FDS[MAIN_LOOP](main.f90:933),FDS(main.f90:454); EXCHANGE_GLOBAL_OUTPUTS(main.f90:4534); PRESSURE_ITERATION_SCHEME(main.f90:1633); WRITE_CFL_FILE(main.f90:1880); WRITE_STRINGS(main.f90:4228),yes,written at run time by mesh kernels: FDS[MAIN_LOOP],REAL(EB),,2,1,6,
FDS,TNOW,main.f90,65,runtime_scalar,FDS[MAIN_LOOP](main.f90:881),FDS[MAIN_LOOP](main.f90:887),yes,written at run time by mesh kernels: FDS[MAIN_LOOP],REAL(EB),,1,1,1,
FIRE,COMBUSTION_INIT,fire.f90,19,runtime_scalar,COMBUSTION_LOAD_BALANCED(fire.f90:51),COMBUSTION_LOAD_BALANCED(fire.f90:50),yes,written at run time by mesh kernels: COMBUSTION_LOAD_BALANCED,LOGICAL,,1,1,1,
FIRE,MOLPCM3,fire.f90,18,runtime_scalar,COMBUSTION_MODEL(fire.f90:866); REACTION_RATE(fire.f90:1694),,yes,written at run time by mesh kernels: COMBUSTION_MODEL,REAL(EB),,2,2,1,
FIRE,NVAR_TO_RECEIVE,fire.f90,29,runtime_scalar,COMBUSTION_LOAD_BALANCED(fire.f90:53),COMBUSTION_GENERAL_LOAD_BALANCED(fire.f90:201); GATHER_CELLS_FROM_MPI_PROCESSES(fire.f90:709),yes,written at run time by mesh kernels: COMBUSTION_LOAD_BALANCED,INTEGER,,1,1,3,
FIRE,NVAR_TO_SEND,fire.f90,28,runtime_scalar,COMBUSTION_LOAD_BALANCED(fire.f90:52),DISTRIBUTE_CELLS_ACCROSS_MPI_PROCESSES(fire.f90:585),yes,written at run time by mesh kernels: COMBUSTION_LOAD_BALANCED,INTEGER,,1,1,2,
FIRE,T_CHEM_COMM,fire.f90,18,runtime_scalar,COMBUSTION_LOAD_BALANCED(fire.f90:46); DISTRIBUTE_CELLS_ACCROSS_MPI_PROCESSES(fire.f90:687); DUMP_CVODE_WARNING_SUMMARY(fire.f90:1343); GATHER_CELLS_FROM_MPI_PROCESSES(fire.f90:720),COMBUSTION_LOAD_BALANCED(fire.f90:82); DISTRIBUTE_CELLS_ACCROSS_MPI_PROCESSES(fire.f90:687); GATHER_CELLS_FROM_MPI_PROCESSES(fire.f90:720),yes,"written at run time by mesh kernels: COMBUSTION_LOAD_BALANCED, DISTRIBUTE_CELLS_ACCROSS_MPI_PROCESSES, GATHER_CELLS_FROM_MPI_PROCESSES",REAL(EB),,4,4,3,
FIRE,T_CHEM_ODE,fire.f90,18,runtime_scalar,COMBUSTION_GENERAL_LOAD_BALANCED(fire.f90:228); COMBUSTION_LOAD_BALANCED(fire.f90:45),COMBUSTION_GENERAL_LOAD_BALANCED(fire.f90:228); COMBUSTION_LOAD_BALANCED(fire.f90:82),yes,"written at run time by mesh kernels: COMBUSTION_GENERAL_LOAD_BALANCED, COMBUSTION_LOAD_BALANCED",REAL(EB),,2,2,2,
GLOBAL_CONSTANTS,CORRECTOR,cons.f90,193,runtime_scalar,FDS(main.f90:407); FDS[MAIN_LOOP](main.f90:749),CC_DIVERGENCE_PART_1(ccib.f90:8396); CCSPECIES_ADVECTION(ccib.f90:8997); CC_NO_FLUX(ccib.f90:15457); GET_ADVDIFFVECTOR_SCALAR_3D(ccib.f90:13773); GET_CUTCELL_DDDT(ccib.f90:2658),yes,written at run time by mesh kernels: FDS[MAIN_LOOP],LOGICAL,,2,1,23,
GLOBAL_CONSTANTS,EXCHANGE_INSERTED_PARTICLES,cons.f90,677,runtime_scalar,INSERT_ALL_PARTICLES(part.f90:301); FDS[MAIN_LOOP](main.f90:799),FDS[MAIN_LOOP](main.f90:800),yes,"written at run time by mesh kernels: FDS[MAIN_LOOP], INSERT_ALL_PARTICLES",LOGICAL,,2,2,2,
GLOBAL_CONSTANTS,EXCHANGE_OBST_MASS,cons.f90,189,runtime_scalar,INIT_WALL_CELL(init.f90:3270); MPI_INITIALIZATION_CHORES(main.f90:1587),MESH_EXCHANGE(main.f90:3199); POST_RECEIVES(main.f90:3002); FDS[MAIN_LOOP](main.f90:1073),yes,written at run time by mesh kernels: INIT_WALL_CELL,LOGICAL,,2,1,5,
GLOBAL_CONSTANTS,EXCHANGE_RADIATION,cons.f90,188,runtime_scalar,RADIATION_FVM(radi.f90:3857),FDS(main.f90:508); FDS[MAIN_LOOP](main.f90:1037),yes,written at run time by mesh kernels: RADIATION_FVM,LOGICAL,,1,1,3,
GLOBAL_CONSTANTS,FIRST_PASS,cons.f90,257,runtime_scalar,FDS[MAIN_LOOP](main.f90:772),GET_LINKED_VELOCITIES(ccib.f90:3359); FDS[MAIN_LOOP](main.f90:779); DENSITY(mass.f90:408),yes,written at run time by mesh kernels: FDS[MAIN_LOOP],LOGICAL,,1,1,3,
GLOBAL_CONSTANTS,FREEZE_VELOCITY,cons.f90,220,runtime_scalar,CHECK_FREEZE_VELOCITY_STATUS(main.f90:5047); LEVEL_SET_FIRESPREAD(vege.f90:345); FDS(main.f90:684); FDS[MAIN_LOOP](main.f90:729); READ_MISC(read.f90:1991),CC_COMPUTE_VELOCITY_ERROR(ccib.f90:15652); CC_NO_FLUX(ccib.f90:15447); CC_VELOCITY_FLUX(ccib.f90:15050); INITIALIZE_MESH_VARIABLES_2(init.f90:1206); FDS[MAIN_LOOP](main.f90:728),yes,"written at run time by mesh kernels: FDS[MAIN_LOOP], LEVEL_SET_FIRESPREAD",LOGICAL,,5,3,23,
GLOBAL_CONSTANTS,ICYC,cons.f90,587,runtime_scalar,READ_RESTART(dump.f90:4137); INITIALIZE_GLOBAL_VARIABLES(init.f90:2929); FDS[MAIN_LOOP](main.f90:697),CC_CHECK_DIVERGENCE(ccib.f90:16489); CC_DENSITY(ccib.f90:11753); DUMP_RESTART(dump.f90:3948); GAS_PHASE_OUTPUT(dump.f90:8883); UPDATE_HRR(dump.f90:11682),yes,written at run time by mesh kernels: FDS[MAIN_LOOP],INTEGER,,3,1,17,
GLOBAL_CONSTANTS,ITERATE_BAROCLINIC_TERM,cons.f90,548,runtime_scalar,PRESSURE_ITERATION_SCHEME(main.f90:1610),PRESSURE_ITERATION_SCHEME(main.f90:1631); PRESSURE_SOLVER_CHECK_RESIDUALS_U(pres.f90:5970); PRESSURE_SOLVER_CHECK_RESIDUALS(pres.f90:750),yes,written at run time by mesh kernels: PRESSURE_ITERATION_SCHEME,LOGICAL,,1,1,3,
GLOBAL_CONSTANTS,ITERATE_PRESSURE,cons.f90,547,runtime_scalar,GLMAT_SOLVER_SETUP(pres.f90:3712); READ_PRES(read.f90:10158),WRITE_DIAGNOSTICS(dump.f90:4436); PRESSURE_ITERATION_SCHEME(main.f90:1683),yes,written at run time by mesh kernels: GLMAT_SOLVER_SETUP,LOGICAL,,2,1,4,
GLOBAL_CONSTANTS,KFST4_SUM,cons.f90,515,runtime_scalar,CALCULATE_RTE_SOURCE_CORRECTION_FACTOR(main.f90:1761); RADIATION_FVM(radi.f90:4041); READ_RESTART(dump.f90:4139),DUMP_RESTART(dump.f90:3950); RADIATION_FVM(radi.f90:4041),yes,written at run time by mesh kernels: RADIATION_FVM,REAL(EB),,3,2,3,
GLOBAL_CONSTANTS,LOCK_TIME_STEP,cons.f90,211,runtime_scalar,FDS(main.f90:686); FDS[MAIN_LOOP](main.f90:731),CHECK_STABILITY(velo.f90:3186),yes,written at run time by mesh kernels: FDS[MAIN_LOOP],LOGICAL,,2,1,3,
GLOBAL_CONSTANTS,N_ACTUATED_SPRINKLERS,cons.f90,664,runtime_scalar,INSERT_SPRAY_PARTICLES(part.f90:318),GAS_PHASE_OUTPUT(dump.f90:8928); INSERT_SPRAY_PARTICLES(part.f90:326),yes,written at run time by mesh kernels: INSERT_SPRAY_PARTICLES,INTEGER,,1,1,2,
GLOBAL_CONSTANTS,OBST_CREATED_OR_REMOVED,cons.f90,250,runtime_scalar,CREATE_OR_REMOVE_OBST(init.f90:4864); CREATE_OR_REMOVE_OBSTRUCTIONS(main.f90:1788); GLOBAL_MATRIX_REASSIGN(main.f90:1832),DIVERGENCE_PART_1(divg.f90:88); GLOBAL_MATRIX_REASSIGN(main.f90:1810),yes,"written at run time by mesh kernels: CREATE_OR_REMOVE_OBST, GLOBAL_MATRIX_REASSIGN",LOGICAL,,3,3,3,
GLOBAL_CONSTANTS,PREDICTOR,cons.f90,192,runtime_scalar,FDS(main.f90:406); FDS[MAIN_LOOP](main.f90:748),ADD_CUTCELL_D_PBAR_DT(ccib.f90:693); CC_BAROCLINIC_CORRECTION(ccib.f90:1666); CC_CHECK_MASS_DENSITY(ccib.f90:12541); CC_CV_RHOZZ_AVERAGE(ccib.f90:13129); CC_COMPUTE_VELOCITY_ERROR(ccib.f90:15660),yes,written at run time by mesh kernels: FDS[MAIN_LOOP],LOGICAL,,2,1,82,
GLOBAL_CONSTANTS,PRESSURE_ITERATIONS,cons.f90,557,runtime_scalar,PRESSURE_ITERATION_SCHEME(main.f90:1607),CC_NO_FLUX(ccib.f90:15462); GAS_PHASE_OUTPUT(dump.f90:8922); WRITE_DIAGNOSTICS(dump.f90:4411); PRESSURE_ITERATION_SCHEME(main.f90:1625),yes,written at run time by mesh kernels: PRESSURE_ITERATION_SCHEME,INTEGER,,1,1,4,
GLOBAL_CONSTANTS,RAD_Q_SUM,cons.f90,514,runtime_scalar,CALCULATE_RTE_SOURCE_CORRECTION_FACTOR(main.f90:1760); RADIATION_FVM(radi.f90:4040); READ_RESTART(dump.f90:4139),DUMP_RESTART(dump.f90:3950); RADIATION_FVM(radi.f90:4040),yes,written at run time by mesh kernels: RADIATION_FVM,REAL(EB),,3,2,3,
GLOBAL_CONSTANTS,RTE_SOURCE_CORRECTION_FACTOR,cons.f90,513,runtime_scalar,CALCULATE_RTE_SOURCE_CORRECTION_FACTOR(main.f90:1767); READ_RESTART(dump.f90:4139),DUMP_RESTART(dump.f90:3950); GAS_PHASE_OUTPUT(dump.f90:8863); GET_SMOKE3D_QQ(dump.f90:5139); RADIATION_FVM(radi.f90:4157),yes,,REAL(EB),,2,1,5,
GLOBAL_CONSTANTS,SOLID_PHASE_ONLY,cons.f90,218,runtime_scalar,CHECK_FREEZE_VELOCITY_STATUS(main.f90:5048); LEVEL_SET_FIRESPREAD(vege.f90:346); FDS(main.f90:685); FDS[MAIN_LOOP](main.f90:730); READ_MISC(read.f90:1992),CC_COMPUTE_VELOCITY_ERROR(ccib.f90:15651); CC_DENSITY(ccib.f90:11747); CC_DIVERGENCE_PART_1(ccib.f90:8353); CC_NO_FLUX(ccib.f90:15447); CC_VELOCITY_FLUX(ccib.f90:15050),yes,"written at run time by mesh kernels: FDS[MAIN_LOOP], LEVEL_SET_FIRESPREAD",LOGICAL,,5,3,37,
GLOBAL_CONSTANTS,STOP_STATUS,cons.f90,176,runtime_scalar,CVODE_SERIAL(chem.f90:1001); CHECK_CHEMICALLY_ACTIVE_STATE(fire.f90:443); SET_SPECIES_SOURCE_TERM_CELL(fire.f90:487); SET_SPECIES_SOURCE_TERM_CUTCELL(fire.f90:536); READ_EXTERNAL_FILE(func.f90:580); SHUTDOWN(func.f90:137); INIT_WALL_CELL(init.f90:3186); STOP_CHECK(main.f90:1903) ... (+20),CC_SET_DATA(ccib.f90:7247); COMBUSTION_GENERAL_LOAD_BALANCED(fire.f90:129); GATHER_CELLS_FROM_MPI_PROCESSES(fire.f90:745); READ_GEOM(geom.f90:1173); CC_GRID_BUILD_CUTCELL_MESH_WORK(geom.f90:26795),yes,"written at run time by mesh kernels: CHECK_CHEMICALLY_ACTIVE_STATE, SET_SPECIES_SOURCE_TERM_CELL, SET_SPECIES_SOURCE_TERM_CUTCELL, INIT_WALL_CELL, FDS[MAIN_LOOP], CHECK_UNSUPPORTED_MESH",INTEGER,,28,15,39,
GLOBAL_CONSTANTS,SUPPRESS_DIAGNOSTICS,cons.f90,254,runtime_scalar,FDS[MAIN_LOOP](main.f90:873); READ_DUMP(read.f90:2384),INITIALIZE_DIAGNOSTIC_FILE(dump.f90:3090); WRITE_DIAGNOSTICS(dump.f90:4406); FDS[MAIN_LOOP](main.f90:1171),yes,written at run time by mesh kernels: FDS[MAIN_LOOP],LOGICAL,,2,1,3,
GLOBAL_CONSTANTS,TGA_MESH_INDEX,cons.f90,809,runtime_scalar,SET_DENSITY_AND_MASS_FRACTIONS_AT_WALL(init.f90:3567); INITIALIZE_SINGLE_PARTICLE(part.f90:1643); FDS(main.f90:541),FDS(main.f90:542),yes,"written at run time by mesh kernels: SET_DENSITY_AND_MASS_FRACTIONS_AT_WALL, INITIALIZE_SINGLE_PARTICLE",INTEGER,,3,2,3,
GLOBAL_CONSTANTS,TGA_PARTICLE_INDEX,cons.f90,812,runtime_scalar,INITIALIZE_SINGLE_PARTICLE(part.f90:1642),TGA_ANALYSIS(wall.f90:3760),yes,written at run time by mesh kernels: INITIALIZE_SINGLE_PARTICLE,INTEGER,,1,1,2,
GLOBAL_CONSTANTS,TGA_WALL_INDEX,cons.f90,811,runtime_scalar,SET_DENSITY_AND_MASS_FRACTIONS_AT_WALL(init.f90:3566),TGA_ANALYSIS(wall.f90:3755),yes,written at run time by mesh kernels: SET_DENSITY_AND_MASS_FRACTIONS_AT_WALL,INTEGER,,1,1,2,
GLOBAL_CONSTANTS,TOTAL_PRESSURE_ITERATIONS,cons.f90,560,runtime_scalar,PRESSURE_ITERATION_SCHEME(main.f90:1626),PRESSURE_ITERATION_SCHEME(main.f90:1626),yes,written at run time by mesh kernels: PRESSURE_ITERATION_SCHEME,INTEGER,,1,1,1,
GLOBAL_CONSTANTS,T_EXTERNAL,cons.f90,827,runtime_scalar,FDS(main.f90:198); FDS[MAIN_LOOP](main.f90:756),FDS[MAIN_LOOP](main.f90:754),yes,written at run time by mesh kernels: FDS[MAIN_LOOP],REAL(EB),,2,1,2,
GLOBAL_CONSTANTS,UPDATE_ALL_ANGLES,cons.f90,186,runtime_scalar,CREATE_OR_REMOVE_OBSTRUCTIONS(main.f90:1795); FDS[MAIN_LOOP](main.f90:1048),RADIATION_FVM(radi.f90:3855),yes,written at run time by mesh kernels: FDS[MAIN_LOOP],LOGICAL,,2,2,2,
GLOBAL_CONSTANTS,WALL_COUNTER,cons.f90,588,runtime_scalar,READ_RESTART(dump.f90:4137); FDS[MAIN_LOOP](main.f90:1007),DUMP_RESTART(dump.f90:3948); FDS[MAIN_LOOP](main.f90:1007); WALL_BC(wall.f90:92),yes,written at run time by mesh kernels: FDS[MAIN_LOOP],INTEGER,,2,1,4,
GLOBAL_CONSTANTS,WROTE_BNDF,cons.f90,293,runtime_scalar,DUMP_MESH_OUTPUTS(dump.f90:141); FDS(main.f90:620); FDS[MAIN_LOOP](main.f90:1147),,yes,written at run time by mesh kernels: FDS[MAIN_LOOP],LOGICAL,,3,2,2,
GLOBAL_CONSTANTS,WROTE_PART,cons.f90,294,runtime_scalar,DUMP_MESH_OUTPUTS(dump.f90:155); FDS(main.f90:621); FDS[MAIN_LOOP](main.f90:1148),,yes,written at run time by mesh kernels: FDS[MAIN_LOOP],LOGICAL,,3,2,2,
GLOBAL_CONSTANTS,WROTE_SL2D,cons.f90,291,runtime_scalar,DUMP_MESH_OUTPUTS(dump.f90:113); FDS(main.f90:618); FDS[MAIN_LOOP](main.f90:1145),,yes,written at run time by mesh kernels: FDS[MAIN_LOOP],LOGICAL,,3,2,2,
GLOBAL_CONSTANTS,WROTE_SL3D,cons.f90,290,runtime_scalar,DUMP_MESH_OUTPUTS(dump.f90:99); FDS(main.f90:617); FDS[MAIN_LOOP](main.f90:1144),,yes,written at run time by mesh kernels: FDS[MAIN_LOOP],LOGICAL,,3,2,2,
GLOBAL_CONSTANTS,WROTE_SMOKE3D,cons.f90,292,runtime_scalar,DUMP_MESH_OUTPUTS(dump.f90:127); FDS(main.f90:619); FDS[MAIN_LOOP](main.f90:1146),,yes,written at run time by mesh kernels: FDS[MAIN_LOOP],LOGICAL,,3,2,2,
GLOBMAT_SOLVER,CGSC,pres.f90,3168,runtime_scalar,GLMAT_SOLVER_SETUP(pres.f90:3836),COPY_HS_IN_CCVAR(pres.f90:4225); GET_BCS_H_MATRIX(pres.f90:4953); GET_MATRIX_INDEXES_H(pres.f90:5754); GLMAT_SOLVER_SETUP(pres.f90:3846); SET_CCVAR_CGSC_H(pres.f90:5853),yes,written at run time by mesh kernels: GLMAT_SOLVER_SETUP,INTEGER,,1,1,5,
GLOBMAT_SOLVER,CYL_FCT,pres.f90,3181,runtime_scalar,GLMAT_SOLVER_SETUP(pres.f90:3706),GET_BCS_H_MATRIX(pres.f90:4965); GET_H_MATRIX(pres.f90:5190); GLMAT_SOLVER(pres.f90:3366),yes,written at run time by mesh kernels: GLMAT_SOLVER_SETUP,REAL(EB),,1,1,4,
GLOBMAT_SOLVER,IHI_CELL,pres.f90,3164,runtime_scalar,GET_H_MATRIX(pres.f90:5051); GET_H_REGFACES(pres.f90:5556); GET_MATRIXGRAPH_H_WHLDOM(pres.f90:5348); SET_CCVAR_CGSC_H(pres.f90:5831),GET_H_REGFACES(pres.f90:5632); SET_CCVAR_CGSC_H(pres.f90:5854),yes,"written at run time by mesh kernels: GET_H_MATRIX, GET_H_REGFACES, GET_MATRIXGRAPH_H_WHLDOM, SET_CCVAR_CGSC_H",INTEGER,,4,4,4,
GLOBMAT_SOLVER,IHI_FACE,pres.f90,3165,runtime_scalar,GET_H_MATRIX(pres.f90:5049); GET_H_REGFACES(pres.f90:5554); GET_MATRIXGRAPH_H_WHLDOM(pres.f90:5346); SET_CCVAR_CGSC_H(pres.f90:5829),GET_H_MATRIX(pres.f90:5051); GET_H_REGFACES(pres.f90:5556); GET_MATRIXGRAPH_H_WHLDOM(pres.f90:5348); SET_CCVAR_CGSC_H(pres.f90:5831),yes,"written at run time by mesh kernels: GET_H_MATRIX, GET_H_REGFACES, GET_MATRIXGRAPH_H_WHLDOM, SET_CCVAR_CGSC_H",INTEGER,,4,4,4,
GLOBMAT_SOLVER,ILO_CELL,pres.f90,3164,runtime_scalar,GET_H_MATRIX(pres.f90:5050); GET_H_REGFACES(pres.f90:5555); GET_MATRIXGRAPH_H_WHLDOM(pres.f90:5347); SET_CCVAR_CGSC_H(pres.f90:5830),GET_H_REGFACES(pres.f90:5632); SET_CCVAR_CGSC_H(pres.f90:5854),yes,"written at run time by mesh kernels: GET_H_MATRIX, GET_H_REGFACES, GET_MATRIXGRAPH_H_WHLDOM, SET_CCVAR_CGSC_H",INTEGER,,4,4,4,
GLOBMAT_SOLVER,ILO_FACE,pres.f90,3165,runtime_scalar,GET_H_MATRIX(pres.f90:5048); GET_H_REGFACES(pres.f90:5553); GET_MATRIXGRAPH_H_WHLDOM(pres.f90:5345); SET_CCVAR_CGSC_H(pres.f90:5828),GET_H_MATRIX(pres.f90:5050); GET_H_REGFACES(pres.f90:5555); GET_MATRIXGRAPH_H_WHLDOM(pres.f90:5347); SET_CCVAR_CGSC_H(pres.f90:5830),yes,"written at run time by mesh kernels: GET_H_MATRIX, GET_H_REGFACES, GET_MATRIXGRAPH_H_WHLDOM, SET_CCVAR_CGSC_H",INTEGER,,4,4,4,
GLOBMAT_SOLVER,JHI_CELL,pres.f90,3164,runtime_scalar,GET_H_MATRIX(pres.f90:5056); GET_H_REGFACES(pres.f90:5562); GET_MATRIXGRAPH_H_WHLDOM(pres.f90:5353); SET_CCVAR_CGSC_H(pres.f90:5839),GET_H_REGFACES(pres.f90:5606); SET_CCVAR_CGSC_H(pres.f90:5854),yes,"written at run time by mesh kernels: GET_H_MATRIX, GET_H_REGFACES, GET_MATRIXGRAPH_H_WHLDOM, SET_CCVAR_CGSC_H",INTEGER,,4,4,4,
GLOBMAT_SOLVER,JHI_FACE,pres.f90,3165,runtime_scalar,GET_H_MATRIX(pres.f90:5054); GET_H_REGFACES(pres.f90:5560); GET_MATRIXGRAPH_H_WHLDOM(pres.f90:5351); SET_CCVAR_CGSC_H(pres.f90:5837),GET_H_MATRIX(pres.f90:5056); GET_H_REGFACES(pres.f90:5562); GET_MATRIXGRAPH_H_WHLDOM(pres.f90:5353); SET_CCVAR_CGSC_H(pres.f90:5839),yes,"written at run time by mesh kernels: GET_H_MATRIX, GET_H_REGFACES, GET_MATRIXGRAPH_H_WHLDOM, SET_CCVAR_CGSC_H",INTEGER,,4,4,4,
GLOBMAT_SOLVER,JLO_CELL,pres.f90,3164,runtime_scalar,GET_H_MATRIX(pres.f90:5055); GET_H_REGFACES(pres.f90:5561); GET_MATRIXGRAPH_H_WHLDOM(pres.f90:5352); SET_CCVAR_CGSC_H(pres.f90:5838),GET_H_REGFACES(pres.f90:5606); SET_CCVAR_CGSC_H(pres.f90:5854),yes,"written at run time by mesh kernels: GET_H_MATRIX, GET_H_REGFACES, GET_MATRIXGRAPH_H_WHLDOM, SET_CCVAR_CGSC_H",INTEGER,,4,4,4,
GLOBMAT_SOLVER,JLO_FACE,pres.f90,3165,runtime_scalar,GET_H_MATRIX(pres.f90:5053); GET_H_REGFACES(pres.f90:5559); GET_MATRIXGRAPH_H_WHLDOM(pres.f90:5350); SET_CCVAR_CGSC_H(pres.f90:5836),GET_H_MATRIX(pres.f90:5055); GET_H_REGFACES(pres.f90:5561); GET_MATRIXGRAPH_H_WHLDOM(pres.f90:5352); SET_CCVAR_CGSC_H(pres.f90:5838),yes,"written at run time by mesh kernels: GET_H_MATRIX, GET_H_REGFACES, GET_MATRIXGRAPH_H_WHLDOM, SET_CCVAR_CGSC_H",INTEGER,,4,4,4,
GLOBMAT_SOLVER,KHI_CELL,pres.f90,3164,runtime_scalar,GET_H_MATRIX(pres.f90:5061); GET_H_REGFACES(pres.f90:5568); GET_MATRIXGRAPH_H_WHLDOM(pres.f90:5358); SET_CCVAR_CGSC_H(pres.f90:5847),GET_H_REGFACES(pres.f90:5607); SET_CCVAR_CGSC_H(pres.f90:5854),yes,"written at run time by mesh kernels: GET_H_MATRIX, GET_H_REGFACES, GET_MATRIXGRAPH_H_WHLDOM, SET_CCVAR_CGSC_H",INTEGER,,4,4,4,
GLOBMAT_SOLVER,KHI_FACE,pres.f90,3165,runtime_scalar,GET_H_MATRIX(pres.f90:5059); GET_H_REGFACES(pres.f90:5566); GET_MATRIXGRAPH_H_WHLDOM(pres.f90:5356); SET_CCVAR_CGSC_H(pres.f90:5845),GET_H_MATRIX(pres.f90:5061); GET_H_REGFACES(pres.f90:5568); GET_MATRIXGRAPH_H_WHLDOM(pres.f90:5358); SET_CCVAR_CGSC_H(pres.f90:5847),yes,"written at run time by mesh kernels: GET_H_MATRIX, GET_H_REGFACES, GET_MATRIXGRAPH_H_WHLDOM, SET_CCVAR_CGSC_H",INTEGER,,4,4,4,
GLOBMAT_SOLVER,KLO_CELL,pres.f90,3164,runtime_scalar,GET_H_MATRIX(pres.f90:5060); GET_H_REGFACES(pres.f90:5567); GET_MATRIXGRAPH_H_WHLDOM(pres.f90:5357); SET_CCVAR_CGSC_H(pres.f90:5846),GET_H_REGFACES(pres.f90:5607); SET_CCVAR_CGSC_H(pres.f90:5854),yes,"written at run time by mesh kernels: GET_H_MATRIX, GET_H_REGFACES, GET_MATRIXGRAPH_H_WHLDOM, SET_CCVAR_CGSC_H",INTEGER,,4,4,4,
GLOBMAT_SOLVER,KLO_FACE,pres.f90,3165,runtime_scalar,GET_H_MATRIX(pres.f90:5058); GET_H_REGFACES(pres.f90:5565); GET_MATRIXGRAPH_H_WHLDOM(pres.f90:5355); SET_CCVAR_CGSC_H(pres.f90:5844),GET_H_MATRIX(pres.f90:5060); GET_H_REGFACES(pres.f90:5567); GET_MATRIXGRAPH_H_WHLDOM(pres.f90:5357); SET_CCVAR_CGSC_H(pres.f90:5846),yes,"written at run time by mesh kernels: GET_H_MATRIX, GET_H_REGFACES, GET_MATRIXGRAPH_H_WHLDOM, SET_CCVAR_CGSC_H",INTEGER,,4,4,4,
GLOBMAT_SOLVER,MSGLVL,pres.f90,3178,runtime_scalar,GET_H_MATRIX_LUDCMP(pres.f90:4411),,yes,"passed at run time to callee(s) with unresolved intent: GLMAT_SOLVER, GET_H_MATRIX_LUDCMP",INTEGER,,1,1,1,
GLOBMAT_SOLVER,NCVARS,pres.f90,3168,runtime_scalar,GLMAT_SOLVER_SETUP(pres.f90:3838),SET_CCVAR_CGSC_H(pres.f90:5852),yes,written at run time by mesh kernels: GLMAT_SOLVER_SETUP,INTEGER,,1,1,2,
GLOBMAT_SOLVER,N_ZONE_GLOBMAT,pres.f90,3184,runtime_scalar,GLMAT_SOLVER_SETUP(pres.f90:3697),FINISH_GLMAT_SOLVER(pres.f90:6083); GET_BCS_H_MATRIX(pres.f90:4934); GET_H_MATRIX(pres.f90:5038); GET_MATRIXGRAPH_H_WHLDOM(pres.f90:5326); GET_MATRIX_INDEXES_H(pres.f90:5718),yes,written at run time by mesh kernels: GLMAT_SOLVER_SETUP,INTEGER,,1,1,7,
GLOBMAT_SOLVER,TNOW,pres.f90,3209,runtime_scalar,COPY_H_OMESH_TO_MESH(pres.f90:4071); GLMAT_SOLVER(pres.f90:3336); GLMAT_SOLVER_SETUP(pres.f90:3684); PRESSURE_SOLVER_CHECK_RESIDUALS_U(pres.f90:5894),COPY_H_OMESH_TO_MESH(pres.f90:4205); GLMAT_SOLVER(pres.f90:3655); GLMAT_SOLVER_SETUP(pres.f90:3899); PRESSURE_SOLVER_CHECK_RESIDUALS_U(pres.f90:5899),yes,"written at run time by mesh kernels: COPY_H_OMESH_TO_MESH, GLMAT_SOLVER, GLMAT_SOLVER_SETUP, PRESSURE_SOLVER_CHECK_RESIDUALS_U",REAL(EB),,4,4,4,
GLOBMAT_SOLVER,UNKH,pres.f90,3168,runtime_scalar,GLMAT_SOLVER_SETUP(pres.f90:3837),COPY_CCVAR_IN_HS(pres.f90:4362); COPY_HS_IN_CCVAR(pres.f90:4232); GET_BCS_H_MATRIX(pres.f90:4950); GET_H_MATRIX(pres.f90:5097); GET_H_REGFACES(pres.f90:5615),yes,written at run time by mesh kernels: GLMAT_SOLVER_SETUP,INTEGER,,1,1,9,
LOCMAT_SOLVER,CYL_FCT,pres.f90,1120,runtime_scalar,ULMAT_SOLVER_SETUP(pres.f90:1191),ULMAT_BCS_H_MATRIX(pres.f90:2745); ULMAT_SOLVE_ZONE(pres.f90:1502),yes,written at run time by mesh kernels: ULMAT_SOLVER_SETUP,REAL(EB),,1,1,3,
LOCMAT_SOLVER,MSGLVL,pres.f90,1117,runtime_scalar,ULMAT_H_MATRIX_SOLVER_SETUP(pres.f90:2849),,yes,"written at run time by mesh kernels: ULMAT_H_MATRIX_SOLVER_SETUP | passed at run time to callee(s) with unresolved intent: ULMAT_SOLVE_ZONE, ULMAT_H_MATRIX_SOLVER_SETUP",INTEGER,,1,1,2,
LOCMAT_SOLVER,TNOW,pres.f90,1123,runtime_scalar,ULMAT_SOLVER_SETUP(pres.f90:1154); ULMAT_SOLVE_ZONE(pres.f90:1486),ULMAT_SOLVER_SETUP(pres.f90:1416); ULMAT_SOLVE_ZONE(pres.f90:1998),yes,"written at run time by mesh kernels: ULMAT_SOLVER_SETUP, ULMAT_SOLVE_ZONE",REAL(EB),,2,2,2,
OUTPUT_DATA,T_LAST_DUMP_HRR,data.f90,17,runtime_scalar,DUMP_GLOBAL_OUTPUTS(main.f90:4612); READ_RESTART(dump.f90:4138); INITIALIZE_GLOBAL_VARIABLES(init.f90:2930),DUMP_HRR(dump.f90:11840); DUMP_RESTART(dump.f90:3949),yes,,REAL(EB),,3,1,3,
OUTPUT_DATA,T_LAST_DUMP_MASS,data.f90,17,runtime_scalar,DUMP_GLOBAL_OUTPUTS(main.f90:4645); READ_RESTART(dump.f90:4138); INITIALIZE_GLOBAL_VARIABLES(init.f90:2931),DUMP_RESTART(dump.f90:3949),yes,,REAL(EB),,3,1,2,
RADCONS,WEIGH_CYL,cons.f90,929,runtime_scalar,CALCULATE_DIRECTION_COEFFICIENTS(radi.f90:3566),RADIATION_FVM(radi.f90:4816),yes,,REAL(EB),,1,1,1,
TYPES,NETWORK,type.f90,2133,runtime_scalar,FIND_NETWORKS(hvac.f90:2699),PROC_HVAC(hvac.f90:1231),yes,,TYPE:NETWORK_TYPE(NETWORK_TYPE),,1,1,1,
VEGE,T_NOW,vege.f90,15,runtime_scalar,LEVEL_SET_FIRESPREAD(vege.f90:325); INITIALIZE_LEVEL_SET_FIRESPREAD_1(vege.f90:43); INITIALIZE_LEVEL_SET_FIRESPREAD_2(vege.f90:171),INITIALIZE_LEVEL_SET_FIRESPREAD_1(vege.f90:155); INITIALIZE_LEVEL_SET_FIRESPREAD_2(vege.f90:302); LEVEL_SET_FIRESPREAD(vege.f90:556),yes,written at run time by mesh kernels: LEVEL_SET_FIRESPREAD,REAL(EB),,3,1,3,
CC_SCALARS,CF_BACK_EXCHANGE_ACTIVE,ccib.f90,146,runtime_scalar,INITIALIZE_BACK_CFACE_EXCHANGE(ccib.f90:313),EXCHANGE_BACK_CFACE_DATA(ccib.f90:333),no,"written only outside the time loop (setup/IO); read-only while stepping -> needs a device/const mirror, not a blocker for PURE",LOGICAL,,1,0,2,
CC_SCALARS,LU_DB_CCIB,ccib.f90,45,runtime_scalar,GET_CRTCFCC_INT_STENCILS(ccib.f90:18108),GET_CRTCFCC_INT_STENCILS(ccib.f90:18109),no,"written only outside the time loop (setup/IO); read-only while stepping -> needs a device/const mirror, not a blocker for PURE",INTEGER,,1,0,1,
CC_SCALARS,NUNKZ_LOCAL,ccib.f90,67,runtime_scalar,SET_CC_MATVEC_DATA(ccib.f90:19554),CC_DIVERGENCE_PART_1(ccib.f90:8713); SET_CFACES_P1_RDN(ccib.f90:7438); GET_MMATRIX_SCALAR_3D(ccib.f90:21244); GET_RHOZZVECTOR_SCALAR_3D(ccib.f90:13463); INIT_CUTCELL_DATA(ccib.f90:7698),no,"written only outside the time loop (setup/IO); read-only while stepping -> needs a device/const mirror, not a blocker for PURE",INTEGER,,1,0,5,
CC_SCALARS,N_CF_BACK_RECV,ccib.f90,147,runtime_scalar,INITIALIZE_BACK_CFACE_EXCHANGE(ccib.f90:296),EXCHANGE_BACK_CFACE_DATA(ccib.f90:334),no,"written only outside the time loop (setup/IO); read-only while stepping -> needs a device/const mirror, not a blocker for PURE",INTEGER,,1,0,2,
CC_SCALARS,N_CF_BACK_SEND,ccib.f90,147,runtime_scalar,INITIALIZE_BACK_CFACE_EXCHANGE(ccib.f90:295),EXCHANGE_BACK_CFACE_DATA(ccib.f90:335),no,"written only outside the time loop (setup/IO); read-only while stepping -> needs a device/const mirror, not a blocker for PURE",INTEGER,,1,0,2,
CC_SCALARS,STENCIL_INTERPOLATION,ccib.f90,89,runtime_scalar,,GET_INTSTENCILS_EP(ccib.f90:18667),no,"no write found (initialised in declaration, via namelist/READ of a different name, or by intrinsic/MPI with unresolved intent)",INTEGER,,0,0,1,
CC_SCALARS,THRES_FCT_EP,ccib.f90,92,runtime_scalar,CC_SET_DATA(ccib.f90:7192),CC_EDGE_TAU_OMG(ccib.f90:14392); GET_CRTCFCC_INT_STENCILS(ccib.f90:17337),no,"written only outside the time loop (setup/IO); read-only while stepping -> needs a device/const mirror, not a blocker for PURE",REAL(EB),,1,0,3,
CHEMCONS,DO_CHEM_LOAD_BALANCE,cons.f90,975,runtime_scalar,READ_COMB(read.f90:4664),COMBUSTION_GENERAL_LOAD_BALANCED(fire.f90:186); READ_DEVC(read.f90:14428); READ_SLCF(read.f90:16312),no,"written only outside the time loop (setup/IO); read-only while stepping -> needs a device/const mirror, not a blocker for PURE",LOGICAL,,1,0,3,
CHEMCONS,EQUIV_RATIO_CHECK,cons.f90,972,runtime_scalar,,CHECK_CHEMICALLY_ACTIVE_STATE(fire.f90:454),no,"no write found (initialised in declaration, via namelist/READ of a different name, or by intrinsic/MPI with unresolved intent)",LOGICAL,,0,0,1,
CHEMCONS,FUEL_ID_FOR_AFT,cons.f90,990,runtime_scalar,,PROC_DEVC(read.f90:15263),no,"no write found (initialised in declaration, via namelist/READ of a different name, or by intrinsic/MPI with unresolved intent)",CHARACTER(LABEL_LENGTH),,0,0,1,
CHEMCONS,MAX_EQUIV_RATIO,cons.f90,974,runtime_scalar,,CHECK_CHEMICALLY_ACTIVE_STATE(fire.f90:413),no,"no write found (initialised in declaration, via namelist/READ of a different name, or by intrinsic/MPI with unresolved intent)",REAL(EB),,0,0,1,
CHEMCONS,MIN_EQUIV_RATIO,cons.f90,973,runtime_scalar,,CHECK_CHEMICALLY_ACTIVE_STATE(fire.f90:413),no,"no write found (initialised in declaration, via namelist/READ of a different name, or by intrinsic/MPI with unresolved intent)",REAL(EB),,0,0,1,
CHEMCONS,N_IGNITION_ZONES,cons.f90,1000,runtime_scalar,PROC_DEVC(read.f90:15235),CHECK_CHEMICALLY_ACTIVE_STATE(fire.f90:401); PROC_DEVC(read.f90:15235),no,"written only outside the time loop (setup/IO); read-only while stepping -> needs a device/const mirror, not a blocker for PURE",INTEGER,,1,0,2,
CHEMCONS,ODE_MIN_ATOL,cons.f90,971,runtime_scalar,READ_COMB(read.f90:4665),INITIALIZE_DIAGNOSTIC_FILE(dump.f90:3372); COMBUSTION_MODEL(fire.f90:862),no,"written only outside the time loop (setup/IO); read-only while stepping -> needs a device/const mirror, not a blocker for PURE",REAL(EB),,1,0,2,
CHEMCONS,USE_MIXED_ZN_AFT_TMP,cons.f90,992,runtime_scalar,,CHECK_CHEMICALLY_ACTIVE_STATE(fire.f90:422),no,"no write found (initialised in declaration, via namelist/READ of a different name, or by intrinsic/MPI with unresolved intent)",LOGICAL,,0,0,1,
CHEMCONS,WRITE_CVODE_SUBSTEPS,cons.f90,985,runtime_scalar,,ASSIGN_FILE_NAMES(dump.f90:616),no,"no write found (initialised in declaration, via namelist/READ of a different name, or by intrinsic/MPI with unresolved intent)",LOGICAL,,0,0,1,
COMPLEX_GEOMETRY,CCGUARD,geom.f90,34,runtime_scalar,CC_SET_DATA(ccib.f90:7242),CC_GRID_BUILD_CUTCELL_MESH_WORK(geom.f90:26637); CC_GRID_GET_REGULAR_CUTCELLS_BOX(geom.f90:26959); CUT_CELL_FACE_ARRAYS_CLEANUP(geom.f90:10808); DEALLOCATE_CUTCF_CONN_MESH(geom.f90:14120); DEFINE_REGULAR_CUTFACES(geom.f90:21885),no,"written only outside the time loop (setup/IO); read-only while stepping -> needs a device/const mirror, not a blocker for PURE",INTEGER,,1,0,16,
COMPLEX_GEOMETRY,CC_MATVEC_DEFINED,geom.f90,116,runtime_scalar,CC_SET_DATA(ccib.f90:7409),MESH_CC_EXCHANGE(ccib.f90:3978),no,"written only outside the time loop (setup/IO); read-only while stepping -> needs a device/const mirror, not a blocker for PURE",LOGICAL,,1,0,2,
COMPLEX_GEOMETRY,GEOMEPS,geom.f90,28,runtime_scalar,CC_SET_DATA(ccib.f90:7231),CC_SET_DATA(ccib.f90:7231); GET_CLOSEPT_CCVT(ccib.f90:19340); GET_CLSPT_INBCF(ccib.f90:19181); GET_CRTCFCC_INT_STENCILS(ccib.f90:16776); GET_GASPHASE_REGRCFACES_DATA(ccib.f90:21993),no,"written only outside the time loop (setup/IO); read-only while stepping -> needs a device/const mirror, not a blocker for PURE",REAL(EB),,1,0,33,
COMPLEX_GEOMETRY,LOOSEPS,geom.f90,29,runtime_scalar,,CC_H_INTERP(ccib.f90:7080),no,"no write found (initialised in declaration, via namelist/READ of a different name, or by intrinsic/MPI with unresolved intent)",REAL(EB),,0,0,1,
COMPLEX_GEOMETRY,MESSAGE,geom.f90,22,runtime_scalar,,READ_GEOM(geom.f90:1281),no,"no write found (initialised in declaration, via namelist/READ of a different name, or by intrinsic/MPI with unresolved intent)",CHARACTER(2*MESSAGE_LENGTH),,0,0,1,
COMPLEX_GEOMETRY,NGUARD,geom.f90,33,runtime_scalar,CC_SET_DATA(ccib.f90:7241),CC_SET_DATA(ccib.f90:7242); FILL_UNKZ_GUARDCELLS(ccib.f90:20397); GET_CRTCFCC_INT_STENCILS(ccib.f90:16744); GET_INTSTENCILS_EP(ccib.f90:18679); GET_GASPHASE_REGRCFACES_DATA(ccib.f90:21970),no,"written only outside the time loop (setup/IO); read-only while stepping -> needs a device/const mirror, not a blocker for PURE",INTEGER,,1,0,12,
COMPLEX_GEOMETRY,VAL_TESTX_HIGH,geom.f90,164,runtime_scalar,DEFINE_REGULAR_CUTFACES(geom.f90:21834),GET_LINKED_MATRIX_INDEXES_Z(ccib.f90:22987); DEFINE_REGULAR_CUTFACES(geom.f90:21897),no,"written only outside the time loop (setup/IO); read-only while stepping -> needs a device/const mirror, not a blocker for PURE",REAL(EB),,1,0,2,
COMPLEX_GEOMETRY,VAL_TESTX_LOW,geom.f90,164,runtime_scalar,DEFINE_REGULAR_CUTFACES(geom.f90:21833),GET_LINKED_MATRIX_INDEXES_Z(ccib.f90:22987); DEFINE_REGULAR_CUTFACES(geom.f90:21897),no,"written only outside the time loop (setup/IO); read-only while stepping -> needs a device/const mirror, not a blocker for PURE",REAL(EB),,1,0,2,
COMPLEX_GEOMETRY,VAL_TESTY_HIGH,geom.f90,164,runtime_scalar,DEFINE_REGULAR_CUTFACES(geom.f90:21836),GET_LINKED_MATRIX_INDEXES_Z(ccib.f90:22988); DEFINE_REGULAR_CUTFACES(geom.f90:21898),no,"written only outside the time loop (setup/IO); read-only while stepping -> needs a device/const mirror, not a blocker for PURE",REAL(EB),,1,0,2,
COMPLEX_GEOMETRY,VAL_TESTY_LOW,geom.f90,164,runtime_scalar,DEFINE_REGULAR_CUTFACES(geom.f90:21835),GET_LINKED_MATRIX_INDEXES_Z(ccib.f90:22988); DEFINE_REGULAR_CUTFACES(geom.f90:21898),no,"written only outside the time loop (setup/IO); read-only while stepping -> needs a device/const mirror, not a blocker for PURE",REAL(EB),,1,0,2,
COMPLEX_GEOMETRY,VAL_TESTZ_HIGH,geom.f90,164,runtime_scalar,DEFINE_REGULAR_CUTFACES(geom.f90:21838),GET_LINKED_MATRIX_INDEXES_Z(ccib.f90:22989); DEFINE_REGULAR_CUTFACES(geom.f90:21899),no,"written only outside the time loop (setup/IO); read-only while stepping -> needs a device/const mirror, not a blocker for PURE",REAL(EB),,1,0,2,
COMPLEX_GEOMETRY,VAL_TESTZ_LOW,geom.f90,164,runtime_scalar,DEFINE_REGULAR_CUTFACES(geom.f90:21837),GET_LINKED_MATRIX_INDEXES_Z(ccib.f90:22989); DEFINE_REGULAR_CUTFACES(geom.f90:21899),no,"written only outside the time loop (setup/IO); read-only while stepping -> needs a device/const mirror, not a blocker for PURE",REAL(EB),,1,0,2,
COMPLEX_GEOMETRY,WRITE_SET_CUTCELLS_TIMINGS,geom.f90,134,runtime_scalar,CC_SET_DATA(ccib.f90:7261),CC_SET_DATA(ccib.f90:7265),no,"written only outside the time loop (setup/IO); read-only while stepping -> needs a device/const mirror, not a blocker for PURE",LOGICAL,,1,0,1,
COMPLEX_GEOMETRY_GRID,BODINT_PLANE,geom.f90,5426,runtime_scalar,CC_GRID_ALLOCATE_BUILD_SCRATCH_WORK(geom.f90:26562); CC_GRID_BUILD_CUTCELL_MESH_WORK(geom.f90:26775); CC_GRID_RELEASE_BUILD_SCRATCH_WORK(geom.f90:26576); GET_BODX2_INTERSECTIONS(geom.f90:18649); GET_BODX3_INTERSECTIONS(geom.f90:18786); GET_CARTCELL_CUTFACES(geom.f90:23296),CC_GRID_BUILD_CUTCELL_MESH_WORK(geom.f90:26778); GET_CARTCELL_CUTFACES(geom.f90:23299); GET_CARTFACE_CUTEDGES(geom.f90:18842); GET_TRIANG_FACE_INT(geom.f90:25972),no,"written only outside the time loop (setup/IO); read-only while stepping -> needs a device/const mirror, not a blocker for PURE",TYPE:BODINT_PLANE_TYPE(BODINT_PLANE_TYPE),,6,0,4,
COMPLEX_GEOMETRY_GRID,CC_DELTA_NBCROSS,geom.f90,5425,runtime_scalar,,GET_CARTCELL_CUTEDGES(geom.f90:22535),no,"no write found (initialised in declaration, via namelist/READ of a different name, or by intrinsic/MPI with unresolved intent)",INTEGER,,0,0,1,
COMPLEX_GEOMETRY_GRID,CC_NCUTCELL,geom.f90,5367,runtime_scalar,CC_GRID_GLOBAL_INIT(geom.f90:15150),,no,"written only outside the time loop (setup/IO); read-only while stepping -> needs a device/const mirror, not a blocker for PURE",INTEGER,,1,0,1,
COMPLEX_GEOMETRY_GRID,CC_NCUTEDGE,geom.f90,5367,runtime_scalar,CC_GRID_GLOBAL_INIT(geom.f90:15148),,no,"written only outside the time loop (setup/IO); read-only while stepping -> needs a device/const mirror, not a blocker for PURE",INTEGER,,1,0,1,
COMPLEX_GEOMETRY_GRID,CC_NCUTFACE,geom.f90,5367,runtime_scalar,CC_GRID_GLOBAL_INIT(geom.f90:15149),,no,"written only outside the time loop (setup/IO); read-only while stepping -> needs a device/const mirror, not a blocker for PURE",INTEGER,,1,0,1,
COMPLEX_GEOMETRY_GRID,CC_NEDGECROSS,geom.f90,5367,runtime_scalar,CC_GRID_GLOBAL_INIT(geom.f90:15147),,no,"written only outside the time loop (setup/IO); read-only while stepping -> needs a device/const mirror, not a blocker for PURE",INTEGER,,1,0,1,
COMPLEX_GEOMETRY_GRID,CC_N_CRS,geom.f90,5432,runtime_scalar,COLLAPSE_CROSSINGS(geom.f90:17747); GET_IS_SOLID_PT(geom.f90:19396); GET_X2_INTERSECTIONS(geom.f90:17266); INSERT_RAY_CROSS(geom.f90:17776),CC_GRID_BUILD_CUTCELL_MESH_WORK(geom.f90:26798); GET_CARTEDGE_CUTEDGES(geom.f90:18086); GET_X2_VERTVAR(geom.f90:17917),no,"written only outside the time loop (setup/IO); read-only while stepping -> needs a device/const mirror, not a blocker for PURE",INTEGER,,4,0,3,
COMPLEX_GEOMETRY_GRID,DELTA_INT,geom.f90,5467,runtime_scalar,,GET_CRTCFCC_INT_STENCILS(ccib.f90:16859); ALLOC_CELL_STATE_VARS(geom.f90:8502),no,"no write found (initialised in declaration, via namelist/READ of a different name, or by intrinsic/MPI with unresolved intent)",INTEGER,,0,0,2,
COMPLEX_GEOMETRY_GRID,IHI_CELL,geom.f90,5368,runtime_scalar,DEFINE_XYZFACE_CELL(geom.f90:15409),CC_GRID_BUILD_CUTCELL_MESH_WORK(geom.f90:26694); CC_GRID_GET_REGULAR_CUTCELLS_BOX(geom.f90:26919); CC_GRID_TAG_COARSE_CELL_FROM_NEIGHBOR_BLOCK(geom.f90:12909); CC_GRID_TAG_NEIGHBOR_BLOCK_BY_CENTROID(geom.f90:12944); DEFINE_REGULAR_CUTFACES(geom.f90:21953),no,"written only outside the time loop (setup/IO); read-only while stepping -> needs a device/const mirror, not a blocker for PURE",INTEGER,,1,0,10,
COMPLEX_GEOMETRY_GRID,IHI_FACE,geom.f90,5369,runtime_scalar,DEFINE_XYZFACE_CELL(geom.f90:15407),CC_GRID_BUILD_CUTCELL_MESH_WORK(geom.f90:26637); CC_GRID_GET_REGULAR_CUTCELLS_BOX(geom.f90:26961); DEFINE_REGULAR_CUTFACES(geom.f90:21881); DEFINE_XYZFACE_CELL(geom.f90:15409); GET_CARTCELL_CUTEDGES(geom.f90:22568),no,"written only outside the time loop (setup/IO); read-only while stepping -> needs a device/const mirror, not a blocker for PURE",INTEGER,,1,0,8,
COMPLEX_GEOMETRY_GRID,ILO_CELL,geom.f90,5368,runtime_scalar,DEFINE_XYZFACE_CELL(geom.f90:15408),CC_GRID_BUILD_CUTCELL_MESH_WORK(geom.f90:26694); CC_GRID_GET_REGULAR_CUTCELLS_BOX(geom.f90:26919); CC_GRID_TAG_COARSE_CELL_FROM_NEIGHBOR_BLOCK(geom.f90:12909); CC_GRID_TAG_NEIGHBOR_BLOCK_BY_CENTROID(geom.f90:12944); DEFINE_REGULAR_CUTFACES(geom.f90:21953),no,"written only outside the time loop (setup/IO); read-only while stepping -> needs a device/const mirror, not a blocker for PURE",INTEGER,,1,0,10,
COMPLEX_GEOMETRY_GRID,ILO_FACE,geom.f90,5369,runtime_scalar,DEFINE_XYZFACE_CELL(geom.f90:15406),CC_GRID_BUILD_CUTCELL_MESH_WORK(geom.f90:26637); CC_GRID_GET_REGULAR_CUTCELLS_BOX(geom.f90:26961); DEFINE_REGULAR_CUTFACES(geom.f90:21879); DEFINE_XYZFACE_CELL(geom.f90:15408); GET_CARTCELL_CUTEDGES(geom.f90:22568),no,"written only outside the time loop (setup/IO); read-only while stepping -> needs a device/const mirror, not a blocker for PURE",INTEGER,,1,0,8,
COMPLEX_GEOMETRY_GRID,INT_N_EXT_PTS,geom.f90,5463,runtime_scalar,,CC_EXCHANGE_UNPACKING_ARRAYS(ccib.f90:3821); CC_RHO0W_INTERP(ccib.f90:7004); CC_VELOCITY_BC(ccib.f90:13943); GET_CRTCFCC_INT_STENCILS(ccib.f90:16858); MESH_CC_EXCHANGE(ccib.f90:4964),no,"no write found (initialised in declaration, via namelist/READ of a different name, or by intrinsic/MPI with unresolved intent)",INTEGER,,0,0,6,
COMPLEX_GEOMETRY_GRID,JHI_CELL,geom.f90,5368,runtime_scalar,DEFINE_XYZFACE_CELL(geom.f90:15417),CC_GRID_BUILD_CUTCELL_MESH_WORK(geom.f90:26657); CC_GRID_GET_REGULAR_CUTCELLS_BOX(geom.f90:26918); CC_GRID_TAG_COARSE_CELL_FROM_NEIGHBOR_BLOCK(geom.f90:12910); CC_GRID_TAG_NEIGHBOR_BLOCK_BY_CENTROID(geom.f90:12945); DEFINE_REGULAR_CUTFACES(geom.f90:21875),no,"written only outside the time loop (setup/IO); read-only while stepping -> needs a device/const mirror, not a blocker for PURE",INTEGER,,1,0,10,
COMPLEX_GEOMETRY_GRID,JHI_FACE,geom.f90,5369,runtime_scalar,DEFINE_XYZFACE_CELL(geom.f90:15415),CC_GRID_BUILD_CUTCELL_MESH_WORK(geom.f90:26642); CC_GRID_GET_REGULAR_CUTCELLS_BOX(geom.f90:26991); DEFINE_REGULAR_CUTFACES(geom.f90:21959); DEFINE_XYZFACE_CELL(geom.f90:15417); GET_CARTCELL_CUTEDGES(geom.f90:22573),no,"written only outside the time loop (setup/IO); read-only while stepping -> needs a device/const mirror, not a blocker for PURE",INTEGER,,1,0,8,
COMPLEX_GEOMETRY_GRID,JLO_CELL,geom.f90,5368,runtime_scalar,DEFINE_XYZFACE_CELL(geom.f90:15416),CC_GRID_BUILD_CUTCELL_MESH_WORK(geom.f90:26657); CC_GRID_GET_REGULAR_CUTCELLS_BOX(geom.f90:26918); CC_GRID_TAG_COARSE_CELL_FROM_NEIGHBOR_BLOCK(geom.f90:12910); CC_GRID_TAG_NEIGHBOR_BLOCK_BY_CENTROID(geom.f90:12945); DEFINE_REGULAR_CUTFACES(geom.f90:21875),no,"written only outside the time loop (setup/IO); read-only while stepping -> needs a device/const mirror, not a blocker for PURE",INTEGER,,1,0,10,
COMPLEX_GEOMETRY_GRID,JLO_FACE,geom.f90,5369,runtime_scalar,DEFINE_XYZFACE_CELL(geom.f90:15414),CC_GRID_BUILD_CUTCELL_MESH_WORK(geom.f90:26638); CC_GRID_GET_REGULAR_CUTCELLS_BOX(geom.f90:26991); DEFINE_REGULAR_CUTFACES(geom.f90:21957); DEFINE_XYZFACE_CELL(geom.f90:15416); GET_CARTCELL_CUTEDGES(geom.f90:22573),no,"written only outside the time loop (setup/IO); read-only while stepping -> needs a device/const mirror, not a blocker for PURE",INTEGER,,1,0,8,
COMPLEX_GEOMETRY_GRID,KHI_CELL,geom.f90,5368,runtime_scalar,DEFINE_XYZFACE_CELL(geom.f90:15425),CC_GRID_BUILD_CUTCELL_MESH_WORK(geom.f90:26662); CC_GRID_GET_REGULAR_CUTCELLS_BOX(geom.f90:26917); CC_GRID_TAG_COARSE_CELL_FROM_NEIGHBOR_BLOCK(geom.f90:12911); CC_GRID_TAG_NEIGHBOR_BLOCK_BY_CENTROID(geom.f90:12946); DEFINE_REGULAR_CUTFACES(geom.f90:21876),no,"written only outside the time loop (setup/IO); read-only while stepping -> needs a device/const mirror, not a blocker for PURE",INTEGER,,1,0,10,
COMPLEX_GEOMETRY_GRID,KHI_FACE,geom.f90,5369,runtime_scalar,DEFINE_XYZFACE_CELL(geom.f90:15423),CC_GRID_BUILD_CUTCELL_MESH_WORK(geom.f90:26643); CC_GRID_GET_REGULAR_CUTCELLS_BOX(geom.f90:27021); DEFINE_REGULAR_CUTFACES(geom.f90:22037); DEFINE_XYZFACE_CELL(geom.f90:15425); GET_CARTCELL_CUTEDGES(geom.f90:22578),no,"written only outside the time loop (setup/IO); read-only while stepping -> needs a device/const mirror, not a blocker for PURE",INTEGER,,1,0,8,
COMPLEX_GEOMETRY_GRID,KLO_CELL,geom.f90,5368,runtime_scalar,DEFINE_XYZFACE_CELL(geom.f90:15424),CC_GRID_BUILD_CUTCELL_MESH_WORK(geom.f90:26662); CC_GRID_GET_REGULAR_CUTCELLS_BOX(geom.f90:26917); CC_GRID_TAG_COARSE_CELL_FROM_NEIGHBOR_BLOCK(geom.f90:12911); CC_GRID_TAG_NEIGHBOR_BLOCK_BY_CENTROID(geom.f90:12946); DEFINE_REGULAR_CUTFACES(geom.f90:21876),no,"written only outside the time loop (setup/IO); read-only while stepping -> needs a device/const mirror, not a blocker for PURE",INTEGER,,1,0,10,
COMPLEX_GEOMETRY_GRID,KLO_FACE,geom.f90,5369,runtime_scalar,DEFINE_XYZFACE_CELL(geom.f90:15422),CC_GRID_BUILD_CUTCELL_MESH_WORK(geom.f90:26639); CC_GRID_GET_REGULAR_CUTCELLS_BOX(geom.f90:27021); DEFINE_REGULAR_CUTFACES(geom.f90:22035); DEFINE_XYZFACE_CELL(geom.f90:15424); GET_CARTCELL_CUTEDGES(geom.f90:22578),no,"written only outside the time loop (setup/IO); read-only while stepping -> needs a device/const mirror, not a blocker for PURE",INTEGER,,1,0,8,
COMPLEX_GEOMETRY_GRID,LU_DB_SETCC,geom.f90,5351,runtime_scalar,GET_BODINT_PLANE(geom.f90:17216); GET_CARTCELL_CUTFACES(geom.f90:23855); GET_REGULAR_CUT_EDGES_BC(geom.f90:7524); GET_SOLID_CUTCELL_EDGES_BC(geom.f90:7577),GET_CARTCELL_CUTFACES(geom.f90:23856); GET_REGULAR_CUT_EDGES_BC(geom.f90:7525); GET_SOLID_CUTCELL_EDGES_BC(geom.f90:7578),no,"written only outside the time loop (setup/IO); read-only while stepping -> needs a device/const mirror, not a blocker for PURE",INTEGER,,4,0,3,
COMPLEX_GEOMETRY_GRID,MAX_INTERP_POINTS,geom.f90,5466,runtime_scalar,,GET_INTSTENCILS_EP(ccib.f90:18650),no,"no write found (initialised in declaration, via namelist/READ of a different name, or by intrinsic/MPI with unresolved intent)",INTEGER,,0,0,1,
COMPLEX_GEOMETRY_GRID,NQT2C,geom.f90,5472,runtime_scalar,,MESH_CC_EXCHANGE(ccib.f90:4087),no,"no write found (initialised in declaration, via namelist/READ of a different name, or by intrinsic/MPI with unresolved intent)",INTEGER,,0,0,1,
COMPLEX_GEOMETRY_GRID,NXB,geom.f90,5370,runtime_scalar,CC_GRID_BUILD_CUTCELL_MESH(geom.f90:15369); CC_GRID_BUILD_CUTCELL_MESH_WORK(geom.f90:26626); CC_GRID_GLOBAL_INIT(geom.f90:15176); DEFINE_REGULAR_CUTFACES(geom.f90:21827),CC_GRID_GLOBAL_INIT(geom.f90:15180),no,"written only outside the time loop (setup/IO); read-only while stepping -> needs a device/const mirror, not a blocker for PURE",INTEGER,,4,0,4,
COMPLEX_GEOMETRY_GRID,NYB,geom.f90,5370,runtime_scalar,CC_GRID_BUILD_CUTCELL_MESH(geom.f90:15370); CC_GRID_BUILD_CUTCELL_MESH_WORK(geom.f90:26627); CC_GRID_GLOBAL_INIT(geom.f90:15177); DEFINE_REGULAR_CUTFACES(geom.f90:21828),CC_GRID_GLOBAL_INIT(geom.f90:15180),no,"written only outside the time loop (setup/IO); read-only while stepping -> needs a device/const mirror, not a blocker for PURE",INTEGER,,4,0,4,
COMPLEX_GEOMETRY_GRID,NZB,geom.f90,5370,runtime_scalar,CC_GRID_BUILD_CUTCELL_MESH(geom.f90:15371); CC_GRID_BUILD_CUTCELL_MESH_WORK(geom.f90:26628); CC_GRID_GLOBAL_INIT(geom.f90:15178); DEFINE_REGULAR_CUTFACES(geom.f90:21829),CC_GRID_GLOBAL_INIT(geom.f90:15180),no,"written only outside the time loop (setup/IO); read-only while stepping -> needs a device/const mirror, not a blocker for PURE",INTEGER,,4,0,4,
COMPLEX_GEOMETRY_GRID,N_CUTCELLS_PROC,geom.f90,5441,runtime_scalar,CC_SET_DATA(ccib.f90:7268),CC_SET_DATA(ccib.f90:7274),no,"written only outside the time loop (setup/IO); read-only while stepping -> needs a device/const mirror, not a blocker for PURE",INTEGER,,1,0,1,
COMPLEX_GEOMETRY_GRID,N_INB_CUTFACES_PROC,geom.f90,5441,runtime_scalar,CC_SET_DATA(ccib.f90:7269),CC_SET_DATA(ccib.f90:7281),no,"written only outside the time loop (setup/IO); read-only while stepping -> needs a device/const mirror, not a blocker for PURE",INTEGER,,1,0,1,
COMPLEX_GEOMETRY_GRID,N_INT_CCVARS,geom.f90,5468,runtime_scalar,GET_CRTCFCC_INT_STENCILS(ccib.f90:16714),GET_CRTCFCC_INT_STENCILS(ccib.f90:17027),no,"written only outside the time loop (setup/IO); read-only while stepping -> needs a device/const mirror, not a blocker for PURE",INTEGER,,1,0,1,
COMPLEX_GEOMETRY_GRID,N_INT_CVARS,geom.f90,5468,runtime_scalar,GET_CRTCFCC_INT_STENCILS(ccib.f90:16711),,no,"written only outside the time loop (setup/IO); read-only while stepping -> needs a device/const mirror, not a blocker for PURE",INTEGER,,1,0,1,
COMPLEX_GEOMETRY_GRID,N_REG_CUTFACES_PROC,geom.f90,5441,runtime_scalar,CC_SET_DATA(ccib.f90:7270),CC_SET_DATA(ccib.f90:7279),no,"written only outside the time loop (setup/IO); read-only while stepping -> needs a device/const mirror, not a blocker for PURE",INTEGER,,1,0,1,
COMPLEX_GEOMETRY_GRID,N_SPCELLS_TO_BLOCK,geom.f90,5377,runtime_scalar,CC_GRID_INIT_MESH_STORAGE(geom.f90:15866); GET_CARTCELL_CUTCELLS(geom.f90:25560); GET_CARTCELL_CUTFACES(geom.f90:24320),CC_GRID_STORE_SPECIAL_CELLS_TO_BLOCK(geom.f90:15877); GET_CARTCELL_CUTCELLS(geom.f90:25560); GET_CARTCELL_CUTFACES(geom.f90:24320),no,"written only outside the time loop (setup/IO); read-only while stepping -> needs a device/const mirror, not a blocker for PURE",INTEGER,,3,0,4,
COMPLEX_GEOMETRY_GRID,X1NOC,geom.f90,5439,runtime_scalar,CC_GRID_BUILD_CUTCELL_MESH_WORK(geom.f90:26737),,no,"written only outside the time loop (setup/IO); read-only while stepping -> needs a device/const mirror, not a blocker for PURE",INTEGER,,1,0,1,
COMPLEX_GEOMETRY_GRID,X2NOC,geom.f90,5439,runtime_scalar,CC_GRID_BUILD_CUTCELL_MESH_WORK(geom.f90:26738),GET_CARTEDGE_CUTEDGES(geom.f90:18093); GET_CARTFACE_CUTEDGES(geom.f90:18923); GET_X2_VERTVAR(geom.f90:17923),no,"written only outside the time loop (setup/IO); read-only while stepping -> needs a device/const mirror, not a blocker for PURE",INTEGER,,1,0,4,
COMPLEX_GEOMETRY_GRID,X3NOC,geom.f90,5439,runtime_scalar,CC_GRID_BUILD_CUTCELL_MESH_WORK(geom.f90:26739),GET_CARTFACE_CUTEDGES(geom.f90:19080),no,"written only outside the time loop (setup/IO); read-only while stepping -> needs a device/const mirror, not a blocker for PURE",INTEGER,,1,0,2,
CONTROL_VARIABLES,N_CTRL,devc.f90,160,runtime_scalar,READ_CTRL(read.f90:14720),ASSIGN_FILE_NAMES(dump.f90:355); DUMP_RESTART(dump.f90:3969); READ_RESTART(dump.f90:4164); MPI_INITIALIZATION_CHORES(main.f90:1289); PROC_DEVC(read.f90:15569),no,"written only outside the time loop (setup/IO); read-only while stepping -> needs a device/const mirror, not a blocker for PURE",INTEGER,,1,0,6,
CONTROL_VARIABLES,N_CTRL_FILES,devc.f90,161,runtime_scalar,ASSIGN_FILE_NAMES(dump.f90:355),ASSIGN_FILE_NAMES(dump.f90:356); WRITE_SMOKEVIEW_FILE(dump.f90:1907),no,"written only outside the time loop (setup/IO); read-only while stepping -> needs a device/const mirror, not a blocker for PURE",INTEGER,,1,0,2,
DEVICE_VARIABLES,MAX_DEVC_LINE_POINTS,devc.f90,112,runtime_scalar,READ_DEVC(read.f90:13793),READ_DEVC(read.f90:13793),no,"written only outside the time loop (setup/IO); read-only while stepping -> needs a device/const mirror, not a blocker for PURE",INTEGER,,1,0,1,
DEVICE_VARIABLES,MAX_HISTOGRAM_NBINS,devc.f90,114,runtime_scalar,PROC_DEVC(read.f90:15404),PROC_DEVC(read.f90:15404),no,"written only outside the time loop (setup/IO); read-only while stepping -> needs a device/const mirror, not a blocker for PURE",INTEGER,,1,0,1,
DEVICE_VARIABLES,N_DEVC,devc.f90,109,runtime_scalar,READ_DEVC(read.f90:13778),DUMP_RESTART(dump.f90:3954); INITIALIZE_DIAGNOSTIC_FILE(dump.f90:3734); READ_RESTART(dump.f90:4146); UPDATE_DEVICES_1(dump.f90:7797); WRITE_SMOKEVIEW_FILE(dump.f90:2299),no,"written only outside the time loop (setup/IO); read-only while stepping -> needs a device/const mirror, not a blocker for PURE",INTEGER,,1,0,17,
DEVICE_VARIABLES,N_DEVC_LINE,devc.f90,111,runtime_scalar,READ_DEVC(read.f90:13781),ASSIGN_FILE_NAMES(dump.f90:387); READ_DEVC(read.f90:14252),no,"written only outside the time loop (setup/IO); read-only while stepping -> needs a device/const mirror, not a blocker for PURE",INTEGER,,1,0,2,
DEVICE_VARIABLES,N_DEVC_TIME,devc.f90,110,runtime_scalar,READ_DEVC(read.f90:13780),ASSIGN_FILE_NAMES(dump.f90:353); READ_DEVC(read.f90:14251),no,"written only outside the time loop (setup/IO); read-only while stepping -> needs a device/const mirror, not a blocker for PURE",INTEGER,,1,0,2,
DEVICE_VARIABLES,N_HISTOGRAM,devc.f90,113,runtime_scalar,PROC_DEVC(read.f90:15403),ASSIGN_FILE_NAMES(dump.f90:347); PROC_DEVC(read.f90:15403),no,"written only outside the time loop (setup/IO); read-only while stepping -> needs a device/const mirror, not a blocker for PURE",INTEGER,,1,0,2,
DEVICE_VARIABLES,N_PROP,devc.f90,108,runtime_scalar,READ_PROP(read.f90:6676),INITIALIZE_DIAGNOSTIC_FILE(dump.f90:3694); WRITE_SMOKEVIEW_FILE(dump.f90:2282),no,"written only outside the time loop (setup/IO); read-only while stepping -> needs a device/const mirror, not a blocker for PURE",INTEGER,,1,0,2,
DUMP,N_DEVC_FILES,dump.f90,38,runtime_scalar,ASSIGN_FILE_NAMES(dump.f90:353),ASSIGN_FILE_NAMES(dump.f90:354); WRITE_SMOKEVIEW_FILE(dump.f90:1900),no,"written only outside the time loop (setup/IO); read-only while stepping -> needs a device/const mirror, not a blocker for PURE",INTEGER,,1,0,2,
DUMP,TCFORM,dump.f90,39,runtime_scalar,,DUMP_HRR(dump.f90:11855); DUMP_MMS(dump.f90:13124); DUMP_PROF(dump.f90:11485); DUMP_SPEC(dump.f90:12860); DUMP_TMP(dump.f90:12832),no,"no write found (initialised in declaration, via namelist/READ of a different name, or by intrinsic/MPI with unresolved intent)",CHARACTER(80),,0,0,6,
FDS,ANG_INC_COUNTER,main.f90,64,runtime_scalar,,FDS(main.f90:509); MESH_EXCHANGE(main.f90:3492); FDS[MAIN_LOOP](main.f90:1039),no,"no write found (initialised in declaration, via namelist/READ of a different name, or by intrinsic/MPI with unresolved intent)",INTEGER,,0,0,3,
FDS,CPUTIME,main.f90,66,runtime_scalar,,FDS(main.f90:129),no,"no write found (initialised in declaration, via namelist/READ of a different name, or by intrinsic/MPI with unresolved intent)",REAL,,0,0,1,
FDS,ERROR,main.f90,95,runtime_scalar,,,no,"no write found (initialised in declaration, via namelist/READ of a different name, or by intrinsic/MPI with unresolved intent)",INTEGER,,0,0,1,
FDS,I,main.f90,77,runtime_scalar,,INITIALIZE_BACK_WALL_EXCHANGE(main.f90:2435),no,"no write found (initialised in declaration, via namelist/READ of a different name, or by intrinsic/MPI with unresolved intent)",INTEGER,,0,0,1,
FDS,IERR,main.f90,77,runtime_scalar,,FDS(main.f90:109); ALLOCATE_RADIATION_RECV_PKG(main.f90:3985); EXCHANGE_DIAGNOSTICS(main.f90:4333); EXCHANGE_GLOBAL_OUTPUTS(main.f90:4411); EXCHANGE_VENT_AREA(main.f90:5059),maybe,"no write found (initialised in declaration, via namelist/READ of a different name, or by intrinsic/MPI with unresolved intent) | passed at run time to callee(s) with unresolved intent: END_FDS, TIMEOUT, EXCHANGE_DIAGNOSTICS",INTEGER,,0,0,15,
FDS,ITER,main.f90,70,runtime_scalar,,FDS(main.f90:490); FDS[MAIN_LOOP](main.f90:1022),no,"no write found (initialised in declaration, via namelist/READ of a different name, or by intrinsic/MPI with unresolved intent)",INTEGER,,0,0,2,
FDS,IZERO,main.f90,64,runtime_scalar,,MPI_INITIALIZATION_CHORES(main.f90:1334),no,"no write found (initialised in declaration, via namelist/READ of a different name, or by intrinsic/MPI with unresolved intent)",INTEGER,,0,0,1,
FDS,N,main.f90,77,runtime_scalar,,FDS(main.f90:655); MPI_INITIALIZATION_CHORES(main.f90:1305),no,"no write found (initialised in declaration, via namelist/READ of a different name, or by intrinsic/MPI with unresolved intent)",INTEGER,,0,0,2,
FDS,NM,main.f90,64,runtime_scalar,,FDS(main.f90:205); EXCHANGE_DIAGNOSTICS(main.f90:4307); GLOBAL_MATRIX_REASSIGN(main.f90:1813); INITIALIZE_BACK_WALL_EXCHANGE(main.f90:2353); INITIALIZE_PRESSURE_ZONES(main.f90:2621),no,"no write found (initialised in declaration, via namelist/READ of a different name, or by intrinsic/MPI with unresolved intent)",INTEGER,,0,0,11,
FDS,PNAME,main.f90,88,runtime_scalar,,,no,"no write found (initialised in declaration, via namelist/READ of a different name, or by intrinsic/MPI with unresolved intent)",CHARACTER(MPI_MAX_PROCESSOR_NAME),,0,0,1,
FDS,PNAMELEN,main.f90,78,runtime_scalar,,,no,"no write found (initialised in declaration, via namelist/READ of a different name, or by intrinsic/MPI with unresolved intent)",INTEGER,,0,0,1,
FDS,PROVIDED,main.f90,79,runtime_scalar,,,no,"no write found (initialised in declaration, via namelist/READ of a different name, or by intrinsic/MPI with unresolved intent)",INTEGER,,0,0,1,
GLOBAL_CONSTANTS,ACCUMULATE_WATER,cons.f90,200,runtime_scalar,GET_QUANTITY_INDEX(read.f90:17217),VENT_PARTICLE_EXTRACTION(part.f90:3098),no,"written only outside the time loop (setup/IO); read-only while stepping -> needs a device/const mirror, not a blocker for PURE",LOGICAL,,1,0,1,
GLOBAL_CONSTANTS,AEROSOL_SCRUBBING,cons.f90,236,runtime_scalar,,MOVE_IN_GAS(part.f90:2963),no,"no write found (initialised in declaration, via namelist/READ of a different name, or by intrinsic/MPI with unresolved intent)",LOGICAL,,0,0,1,
GLOBAL_CONSTANTS,ALIGNMENT_TOLERANCE,cons.f90,598,runtime_scalar,,INIT_WALL_CELL(init.f90:3195),no,"no write found (initialised in declaration, via namelist/READ of a different name, or by intrinsic/MPI with unresolved intent)",REAL(EB),,0,0,1,
GLOBAL_CONSTANTS,ALLOW_RANDOM_RADIATION_ROTATION,cons.f90,504,runtime_scalar,INIT_RADIATION(radi.f90:2862),FDS(main.f90:303); FDS[MAIN_LOOP](main.f90:1023),no,"written only outside the time loop (setup/IO); read-only while stepping -> needs a device/const mirror, not a blocker for PURE",LOGICAL,,1,0,3,
GLOBAL_CONSTANTS,ANGLE_INCREMENT,cons.f90,508,runtime_scalar,READ_RADI(read.f90:10238),INITIALIZE_DIAGNOSTIC_FILE(dump.f90:3817); FDS(main.f90:509); ALLOCATE_RADIATION_RECV_PKG(main.f90:3997); ALLOCATE_RADIATION_SEND_PKG(main.f90:4039); MESH_EXCHANGE(main.f90:3498),no,"written only outside the time loop (setup/IO); read-only while stepping -> needs a device/const mirror, not a blocker for PURE",INTEGER,,1,0,7,
GLOBAL_CONSTANTS,APPEND,cons.f90,195,runtime_scalar,READ_MISC(read.f90:1969),INITIALIZE_DIAGNOSTIC_FILE(dump.f90:3066); INITIALIZE_MESH_DUMPS(dump.f90:1108); WRITE_SMOKEVIEW_FILE(dump.f90:1825); INITIALIZE_PROFILES(init.f90:2837),no,"written only outside the time loop (setup/IO); read-only while stepping -> needs a device/const mirror, not a blocker for PURE",LOGICAL,,1,0,4,
GLOBAL_CONSTANTS,BAROCLINIC,cons.f90,229,runtime_scalar,,PRESSURE_ITERATION_SCHEME(main.f90:1609); READ_PRES(read.f90:10066),no,"no write found (initialised in declaration, via namelist/READ of a different name, or by intrinsic/MPI with unresolved intent)",LOGICAL,,0,0,2,
GLOBAL_CONSTANTS,BINGEOM_DIR,cons.f90,318,runtime_scalar,READ_DUMP(read.f90:2359),READ_GEOM(geom.f90:2638),no,"written only outside the time loop (setup/IO); read-only while stepping -> needs a device/const mirror, not a blocker for PURE",CHARACTER(FILE_LENGTH),,1,0,1,
GLOBAL_CONSTANTS,BNDF_DEFAULT,cons.f90,221,runtime_scalar,,INITIALIZE_MESH_DUMPS(dump.f90:1314); READ_OBST(read.f90:10888),no,"no write found (initialised in declaration, via namelist/READ of a different name, or by intrinsic/MPI with unresolved intent)",LOGICAL,,0,0,2,
GLOBAL_CONSTANTS,BNDF_TIME_INTEGRALS,cons.f90,589,runtime_scalar,READ_BNDF(read.f90:16632),INITIALIZE_MESH_DUMPS(dump.f90:1449),no,"written only outside the time loop (setup/IO); read-only while stepping -> needs a device/const mirror, not a blocker for PURE",INTEGER,,1,0,1,
GLOBAL_CONSTANTS,CCVOL_LINK,cons.f90,756,runtime_scalar,CC_SET_DATA(ccib.f90:7238); READ_GEOM(geom.f90:2702),CC_SET_DATA(ccib.f90:7238); CC_EDGE_TAU_OMG(ccib.f90:14709); GET_LINKED_FACE_INDEXES_F(ccib.f90:23213); LINK_FACES_TO_NEIGHBORS(ccib.f90:23483); SET_UNKF_CF(ccib.f90:24035),no,"written only outside the time loop (setup/IO); read-only while stepping -> needs a device/const mirror, not a blocker for PURE",REAL(EB),,2,0,9,
GLOBAL_CONSTANTS,CC_IBM,cons.f90,732,runtime_scalar,READ_GEOM(geom.f90:2698),GET_FH_FROM_PRHS_AND_BCS(ccib.f90:2102); ROTATED_CUBE_ANN_SOLN(ccib.f90:6298); ROTATED_CUBE_RHS_ZZ(ccib.f90:6446); ROTATED_CUBE_VELOCITY_FLUX(ccib.f90:6127); DIVERGENCE_PART_1(divg.f90:98),no,"written only outside the time loop (setup/IO); read-only while stepping -> needs a device/const mirror, not a blocker for PURE",LOGICAL,,1,0,82,
GLOBAL_CONSTANTS,CC_ONLY_IBEDGES_FLAG,cons.f90,735,runtime_scalar,CC_SET_DATA(ccib.f90:7191),CC_SET_DATA(ccib.f90:7331),no,"written only outside the time loop (setup/IO); read-only while stepping -> needs a device/const mirror, not a blocker for PURE",LOGICAL,,1,0,1,
GLOBAL_CONSTANTS,CFL_FILE,cons.f90,238,runtime_scalar,,ASSIGN_FILE_NAMES(dump.f90:596); FDS[MAIN_LOOP](main.f90:901),no,"no write found (initialised in declaration, via namelist/READ of a different name, or by intrinsic/MPI with unresolved intent)",LOGICAL,,0,0,2,
GLOBAL_CONSTANTS,CFL_MAX,cons.f90,357,runtime_scalar,READ_MISC(read.f90:1858),CHECK_STABILITY(velo.f90:3186),no,"written only outside the time loop (setup/IO); read-only while stepping -> needs a device/const mirror, not a blocker for PURE",REAL(EB),,1,0,1,
GLOBAL_CONSTANTS,CFL_MIN,cons.f90,358,runtime_scalar,READ_MISC(read.f90:1859),CHECK_STABILITY(velo.f90:3188),no,"written only outside the time loop (setup/IO); read-only while stepping -> needs a device/const mirror, not a blocker for PURE",REAL(EB),,1,0,1,
GLOBAL_CONSTANTS,CFL_VELOCITY_NORM,cons.f90,710,runtime_scalar,FDS(main.f90:163); READ_MISC(read.f90:1857),GAS_PHASE_OUTPUT(dump.f90:8963); INITIALIZE_DIAGNOSTIC_FILE(dump.f90:3115); CHECK_STABILITY(velo.f90:3066),no,"written only outside the time loop (setup/IO); read-only while stepping -> needs a device/const mirror, not a blocker for PURE",INTEGER,,2,0,4,
GLOBAL_CONSTANTS,CFL_VELOCITY_NORM_USER_SPECIFIED,cons.f90,711,runtime_scalar,READ_MISC(read.f90:1851),FDS(main.f90:163),no,"written only outside the time loop (setup/IO); read-only while stepping -> needs a device/const mirror, not a blocker for PURE",LOGICAL,,1,0,1,
GLOBAL_CONSTANTS,CHARACTERISTIC_CELL_SIZE,cons.f90,595,runtime_scalar,READ_MESH(read.f90:796),WRITE_SMOKEVIEW_FILE(dump.f90:2265); PROC_MESH(read.f90:916); READ_DEVC(read.f90:13866); READ_MESH(read.f90:796); READ_PRES(read.f90:10161),no,"written only outside the time loop (setup/IO); read-only while stepping -> needs a device/const mirror, not a blocker for PURE",REAL(EB),,1,0,6,
GLOBAL_CONSTANTS,CHAR_INDEX,cons.f90,174,runtime_scalar,PROC_MATL(read.f90:7741),PERFORM_PYROLYSIS(wall.f90:3017),no,"written only outside the time loop (setup/IO); read-only while stepping -> needs a device/const mirror, not a blocker for PURE",INTEGER,,1,0,1,
GLOBAL_CONSTANTS,CHAR_LIST,cons.f90,628,runtime_scalar,,DUMP_MMS(dump.f90:13124),no,"no write found (initialised in declaration, via namelist/READ of a different name, or by intrinsic/MPI with unresolved intent)",CHARACTER(9),,0,0,1,
GLOBAL_CONSTANTS,CHECK_FO,cons.f90,224,runtime_scalar,,SOLID_HEAT_TRANSFER(wall.f90:2070),no,"no write found (initialised in declaration, via namelist/READ of a different name, or by intrinsic/MPI with unresolved intent)",LOGICAL,,0,0,1,
GLOBAL_CONSTANTS,CHECK_HT,cons.f90,240,runtime_scalar,,CHECK_CFLVN_LINKED_CELLS(ccib.f90:1011); CHECK_STABILITY(velo.f90:3092),no,"no write found (initialised in declaration, via namelist/READ of a different name, or by intrinsic/MPI with unresolved intent)",LOGICAL,,0,0,2,
GLOBAL_CONSTANTS,CHECK_MESH_ALIGNMENT,cons.f90,207,runtime_scalar,READ_TIME(read.f90:1515),FDS(main.f90:207); READ_MESH(read.f90:524),no,"written only outside the time loop (setup/IO); read-only while stepping -> needs a device/const mirror, not a blocker for PURE",LOGICAL,,1,0,2,
GLOBAL_CONSTANTS,CHECK_POISSON,cons.f90,203,runtime_scalar,,WRITE_DIAGNOSTICS(dump.f90:4467); READ_GEOM(geom.f90:2703); GLMAT_SOLVER(pres.f90:3463); PRESSURE_SOLVER_CHECK_RESIDUALS_U(pres.f90:5917); ULMAT_H_MATRIX_SOLVER_SETUP(pres.f90:2849),no,"no write found (initialised in declaration, via namelist/READ of a different name, or by intrinsic/MPI with unresolved intent)",LOGICAL,,0,0,8,
GLOBAL_CONSTANTS,CHECK_REALIZABILITY,cons.f90,251,runtime_scalar,,CHECK_CHEMICALLY_ACTIVE_STATE(fire.f90:436); SET_SPECIES_SOURCE_TERM_CELL(fire.f90:482); SET_SPECIES_SOURCE_TERM_CUTCELL(fire.f90:531),no,"no write found (initialised in declaration, via namelist/READ of a different name, or by intrinsic/MPI with unresolved intent)",LOGICAL,,0,0,3,
GLOBAL_CONSTANTS,CHECK_VN,cons.f90,223,runtime_scalar,,CHECK_CFLVN_LINKED_CELLS(ccib.f90:869); DIVERGENCE_PART_1(divg.f90:111); WRITE_DIAGNOSTICS(dump.f90:4393); INITIALIZE_MESH_VARIABLES_1(init.f90:565); CHECK_STABILITY(velo.f90:3118),no,"no write found (initialised in declaration, via namelist/READ of a different name, or by intrinsic/MPI with unresolved intent)",LOGICAL,,0,0,5,
GLOBAL_CONSTANTS,CHID,cons.f90,313,runtime_scalar,READ_HEAD(read.f90:451),CC_SET_DATA(ccib.f90:7291); GET_CRTCFCC_INT_STENCILS(ccib.f90:18107); ASSIGN_FILE_NAMES(dump.f90:307); DUMP_BNDF_VTKHDF(dump.f90:12218); DUMP_PART_VTKHDF(dump.f90:4673),no,"written only outside the time loop (setup/IO); read-only while stepping -> needs a device/const mirror, not a blocker for PURE",CHARACTER(CHID_LENGTH),,1,0,24,
GLOBAL_CONSTANTS,CHI_R_MAX,cons.f90,377,runtime_scalar,,COMBUSTION_MODEL(fire.f90:1033),no,"no write found (initialised in declaration, via namelist/READ of a different name, or by intrinsic/MPI with unresolved intent)",REAL(EB),,0,0,1,
GLOBAL_CONSTANTS,CHI_R_MIN,cons.f90,376,runtime_scalar,,COMBUSTION_MODEL(fire.f90:1033),no,"no write found (initialised in declaration, via namelist/READ of a different name, or by intrinsic/MPI with unresolved intent)",REAL(EB),,0,0,1,
GLOBAL_CONSTANTS,CLIP_DT_RESTRICTIONS_MAX,cons.f90,589,runtime_scalar,,CHECK_STABILITY(velo.f90:3157),no,"no write found (initialised in declaration, via namelist/READ of a different name, or by intrinsic/MPI with unresolved intent)",INTEGER,,0,0,1,
GLOBAL_CONSTANTS,CO2_INDEX,cons.f90,164,runtime_scalar,READ_SPEC(read.f90:3283),RADIATION_FVM(radi.f90:3929),no,"written only outside the time loop (setup/IO); read-only while stepping -> needs a device/const mirror, not a blocker for PURE",INTEGER,,1,0,1,
GLOBAL_CONSTANTS,COLUMN_DUMP_LIMIT,cons.f90,215,runtime_scalar,,ASSIGN_FILE_NAMES(dump.f90:352),no,"no write found (initialised in declaration, via namelist/READ of a different name, or by intrinsic/MPI with unresolved intent)",LOGICAL,,0,0,1,
GLOBAL_CONSTANTS,COMBUSTION_ODE_SOLVER,cons.f90,465,runtime_scalar,PROC_REAC_1(read.f90:5594),INITIALIZE_DIAGNOSTIC_FILE(dump.f90:3356); CHECK_CHEMICALLY_ACTIVE_STATE(fire.f90:400); COMBUSTION_GENERAL_LOAD_BALANCED(fire.f90:198); COMBUSTION_MODEL(fire.f90:886),no,"written only outside the time loop (setup/IO); read-only while stepping -> needs a device/const mirror, not a blocker for PURE",INTEGER,,1,0,4,
GLOBAL_CONSTANTS,COMPILE_DATE,cons.f90,327,runtime_scalar,FDS(main.f90:134),,no,"written only outside the time loop (setup/IO); read-only while stepping -> needs a device/const mirror, not a blocker for PURE",CHARACTER(FORMULA_LENGTH),,1,0,1,
GLOBAL_CONSTANTS,COMPUTE_ADIABATIC_FLAME_TEMPERATURE,cons.f90,476,runtime_scalar,,INITIALIZE_DIAGNOSTIC_FILE(dump.f90:3465),no,"no write found (initialised in declaration, via namelist/READ of a different name, or by intrinsic/MPI with unresolved intent)",LOGICAL,,0,0,1,
GLOBAL_CONSTANTS,CONSTANT_SPECIFIC_HEAT_RATIO,cons.f90,239,runtime_scalar,READ_MISC(read.f90:1884),CC_DIVERGENCE_PART_1(ccib.f90:8503); DIVERGENCE_PART_1(divg.f90:427),no,"written only outside the time loop (setup/IO); read-only while stepping -> needs a device/const mirror, not a blocker for PURE",LOGICAL,,1,0,2,
GLOBAL_CONSTANTS,CPOPR,cons.f90,331,runtime_scalar,READ_SPEC(read.f90:3553),CC_CONDUCTION_HEAT_FLUX(ccib.f90:11073); DIVERGENCE_PART_1(divg.f90:478); GAS_PHASE_OUTPUT(dump.f90:8840),no,"written only outside the time loop (setup/IO); read-only while stepping -> needs a device/const mirror, not a blocker for PURE",REAL(EB),,1,0,3,
GLOBAL_CONSTANTS,CPU_TIME_START,cons.f90,722,runtime_scalar,FDS(main.f90:129),GAS_PHASE_OUTPUT(dump.f90:8881); WRITE_DIAGNOSTICS(dump.f90:4368),no,"written only outside the time loop (setup/IO); read-only while stepping -> needs a device/const mirror, not a blocker for PURE",REAL(EB),,1,0,3,
GLOBAL_CONSTANTS,CTRL_COLUMN_LIMIT,cons.f90,614,runtime_scalar,ASSIGN_FILE_NAMES(dump.f90:364),ASSIGN_FILE_NAMES(dump.f90:355),no,"written only outside the time loop (setup/IO); read-only while stepping -> needs a device/const mirror, not a blocker for PURE",INTEGER,,1,0,1,
GLOBAL_CONSTANTS,CTRL_DIRECT_FORCE,cons.f90,279,runtime_scalar,READ_CTRL(read.f90:14778),VELOCITY_FLUX(velo.f90:839); DIRECT_FORCE(velo.f90:869),no,"written only outside the time loop (setup/IO); read-only while stepping -> needs a device/const mirror, not a blocker for PURE",LOGICAL,,1,0,2,
GLOBAL_CONSTANTS,CYLINDRICAL,cons.f90,190,runtime_scalar,,CHECK_DIVERGENCE(divg.f90:1679); DIVERGENCE_PART_1(divg.f90:558); INITIALIZE_DIAGNOSTIC_FILE(dump.f90:3124); UPDATE_DEVICES_1(dump.f90:8012); SELECT_SPATIAL_STATISTIC(dump.f90:8160),no,"no write found (initialised in declaration, via namelist/READ of a different name, or by intrinsic/MPI with unresolved intent)",LOGICAL,,0,0,21,
GLOBAL_CONSTANTS,C_DEARDORFF,cons.f90,348,runtime_scalar,,GAS_PHASE_OUTPUT(dump.f90:8915); INITIALIZE_DIAGNOSTIC_FILE(dump.f90:3139); COMBUSTION_MODEL(fire.f90:819); MOVE_IN_GAS(part.f90:2724); COMPUTE_VISCOSITY(velo.f90:192),no,"no write found (initialised in declaration, via namelist/READ of a different name, or by intrinsic/MPI with unresolved intent)",REAL(EB),,0,0,5,
GLOBAL_CONSTANTS,C_SMAGORINSKY,cons.f90,347,runtime_scalar,,INITIALIZE_DIAGNOSTIC_FILE(dump.f90:3135); INITIALIZE_MESH_VARIABLES_1(init.f90:815); COMPUTE_VISCOSITY(velo.f90:326),no,"no write found (initialised in declaration, via namelist/READ of a different name, or by intrinsic/MPI with unresolved intent)",REAL(EB),,0,0,3,
GLOBAL_CONSTANTS,C_VREMAN,cons.f90,349,runtime_scalar,,INITIALIZE_DIAGNOSTIC_FILE(dump.f90:3141); COMPUTE_VISCOSITY(velo.f90:243),no,"no write found (initialised in declaration, via namelist/READ of a different name, or by intrinsic/MPI with unresolved intent)",REAL(EB),,0,0,2,
GLOBAL_CONSTANTS,C_WALE,cons.f90,350,runtime_scalar,,INITIALIZE_DIAGNOSTIC_FILE(dump.f90:3143),no,"no write found (initialised in declaration, via namelist/READ of a different name, or by intrinsic/MPI with unresolved intent)",REAL(EB),,0,0,1,
GLOBAL_CONSTANTS,DECIMAL_SPECIFIER,cons.f90,319,runtime_scalar,,DUMP_BNDF(dump.f90:12114); DUMP_MMS(dump.f90:13115); DUMP_PART(dump.f90:4519); DUMP_PROF(dump.f90:11478); DUMP_ROTCUBE_MMS(dump.f90:12904),no,"no write found (initialised in declaration, via namelist/READ of a different name, or by intrinsic/MPI with unresolved intent)",CHARACTER(5),,0,0,12,
GLOBAL_CONSTANTS,DEFAULT_SURF_INDEX,cons.f90,640,runtime_scalar,READ_SURF(read.f90:8443),INITIALIZE_DIAGNOSTIC_FILE(dump.f90:3147); WRITE_SMOKEVIEW_FILE(dump.f90:1980); READ_GEOM(geom.f90:2571); INITIALIZE_WALL_ARRAY(init.f90:52); READ_OBST(read.f90:11321),no,"written only outside the time loop (setup/IO); read-only while stepping -> needs a device/const mirror, not a blocker for PURE",INTEGER,,1,0,6,
GLOBAL_CONSTANTS,DEPOSITION,cons.f90,235,runtime_scalar,READ_SPEC(read.f90:3510),COMBUSTION_LOAD_BALANCED(fire.f90:79); WALL_BC(wall.f90:164),no,"written only outside the time loop (setup/IO); read-only while stepping -> needs a device/const mirror, not a blocker for PURE",LOGICAL,,1,0,2,
GLOBAL_CONSTANTS,DEVC_COLUMN_LIMIT,cons.f90,614,runtime_scalar,ASSIGN_FILE_NAMES(dump.f90:360),ASSIGN_FILE_NAMES(dump.f90:353),no,"written only outside the time loop (setup/IO); read-only while stepping -> needs a device/const mirror, not a blocker for PURE",INTEGER,,1,0,1,
GLOBAL_CONSTANTS,DEVC_PARTICLE_FLUX,cons.f90,676,runtime_scalar,PROC_DEVC(read.f90:15327),UPDATE_DEVICES_1(dump.f90:7793),no,"written only outside the time loop (setup/IO); read-only while stepping -> needs a device/const mirror, not a blocker for PURE",LOGICAL,,1,0,2,
GLOBAL_CONSTANTS,DIAGNOSTICS_INTERVAL,cons.f90,430,runtime_scalar,READ_DUMP(read.f90:2416),FDS[MAIN_LOOP](main.f90:724),no,"written only outside the time loop (setup/IO); read-only while stepping -> needs a device/const mirror, not a blocker for PURE",INTEGER,,1,0,1,
GLOBAL_CONSTANTS,DROPLET_SURF_INDEX,cons.f90,642,runtime_scalar,READ_SURF(read.f90:8133),GAS_PHASE_OUTPUT(dump.f90:9728),no,"written only outside the time loop (setup/IO); read-only while stepping -> needs a device/const mirror, not a blocker for PURE",INTEGER,,1,0,1,
GLOBAL_CONSTANTS,DSC_CONVERSION_FACTOR,cons.f90,819,runtime_scalar,,TGA_ANALYSIS(wall.f90:3833),no,"no write found (initialised in declaration, via namelist/READ of a different name, or by intrinsic/MPI with unresolved intent)",REAL(EB),,0,0,1,
GLOBAL_CONSTANTS,DT_END_FILL,cons.f90,429,runtime_scalar,,FDS[MAIN_LOOP](main.f90:719),no,"no write found (initialised in declaration, via namelist/READ of a different name, or by intrinsic/MPI with unresolved intent)",REAL(EB),,0,0,1,
GLOBAL_CONSTANTS,DT_END_MINIMUM,cons.f90,428,runtime_scalar,,FDS[MAIN_LOOP](main.f90:719),no,"no write found (initialised in declaration, via namelist/READ of a different name, or by intrinsic/MPI with unresolved intent)",REAL(EB),,0,0,1,
GLOBAL_CONSTANTS,DT_EXTERNAL,cons.f90,827,runtime_scalar,,FDS(main.f90:198); FDS[MAIN_LOOP](main.f90:756),no,"no write found (initialised in declaration, via namelist/READ of a different name, or by intrinsic/MPI with unresolved intent)",REAL(EB),,0,0,2,
GLOBAL_CONSTANTS,DT_EXTERNAL_HEARTBEAT,cons.f90,827,runtime_scalar,,FDS(main.f90:200),no,"no write found (initialised in declaration, via namelist/READ of a different name, or by intrinsic/MPI with unresolved intent)",REAL(EB),,0,0,1,
GLOBAL_CONSTANTS,DT_INITIAL,cons.f90,421,runtime_scalar,INITIALIZE_MESH_VARIABLES_1(init.f90:714),CHECK_STABILITY(velo.f90:3190); VELOCITY_PREDICTOR(velo.f90:1674),no,"written only outside the time loop (setup/IO); read-only while stepping -> needs a device/const mirror, not a blocker for PURE",REAL(EB),,1,0,3,
GLOBAL_CONSTANTS,DUCT_HT,cons.f90,261,runtime_scalar,,INSERT_ALL_PARTICLES(part.f90:255),no,"no write found (initialised in declaration, via namelist/READ of a different name, or by intrinsic/MPI with unresolved intent)",LOGICAL,,0,0,1,
GLOBAL_CONSTANTS,DY_MIN_BLOWING,cons.f90,385,runtime_scalar,,CONDENSATION_EVAPORATION(fire.f90:2063); PARTICLE_MASS_ENERGY_TRANSFER(part.f90:3969),no,"no write found (initialised in declaration, via namelist/READ of a different name, or by intrinsic/MPI with unresolved intent)",REAL(EB),,0,0,2,
GLOBAL_CONSTANTS,DZF_MAX,cons.f90,542,runtime_scalar,READ_TRAN(read.f90:1400),READ_TRAN(read.f90:1400),no,"written only outside the time loop (setup/IO); read-only while stepping -> needs a device/const mirror, not a blocker for PURE",REAL(EB),,1,0,1,
GLOBAL_CONSTANTS,DZS_MAX,cons.f90,542,runtime_scalar,READ_TRAN(read.f90:1399),INITIALIZE_ATMOSPHERE(init.f90:460); READ_TRAN(read.f90:1399),no,"written only outside the time loop (setup/IO); read-only while stepping -> needs a device/const mirror, not a blocker for PURE",REAL(EB),,1,0,2,
GLOBAL_CONSTANTS,DZZ_CLIP,cons.f90,494,runtime_scalar,PROC_REAC_1(read.f90:5634),SET_SPECIES_SOURCE_TERM_CELL(fire.f90:495); SET_SPECIES_SOURCE_TERM_CUTCELL(fire.f90:542),no,"written only outside the time loop (setup/IO); read-only while stepping -> needs a device/const mirror, not a blocker for PURE",REAL(EB),,1,0,2,
GLOBAL_CONSTANTS,EC_LL,cons.f90,448,runtime_scalar,READ_MISC(read.f90:2076),GAS_PHASE_OUTPUT(dump.f90:9111),no,"written only outside the time loop (setup/IO); read-only while stepping -> needs a device/const mirror, not a blocker for PURE",REAL(EB),,1,0,1,
GLOBAL_CONSTANTS,EXTINCTION_MODEL,cons.f90,497,runtime_scalar,INITIALIZE_DIAGNOSTIC_FILE(dump.f90:3350); READ_COMB(read.f90:4700),INITIALIZE_DIAGNOSTIC_FILE(dump.f90:3458),no,"written only outside the time loop (setup/IO); read-only while stepping -> needs a device/const mirror, not a blocker for PURE",CHARACTER(LABEL_LENGTH),,2,0,1,
GLOBAL_CONSTANTS,EXTINCT_MOD,cons.f90,466,runtime_scalar,READ_COMB(read.f90:4690),INITIALIZE_DIAGNOSTIC_FILE(dump.f90:3348); COMBUSTION_MODEL(fire.f90:999),no,"written only outside the time loop (setup/IO); read-only while stepping -> needs a device/const mirror, not a blocker for PURE",INTEGER,,1,0,2,
GLOBAL_CONSTANTS,FINITE_RATE_MIN_TEMP,cons.f90,455,runtime_scalar,READ_COMB(read.f90:4668),CHECK_CHEMICALLY_ACTIVE_STATE(fire.f90:430),no,"written only outside the time loop (setup/IO); read-only while stepping -> needs a device/const mirror, not a blocker for PURE",REAL(EB),,1,0,1,
GLOBAL_CONSTANTS,FIXED_MIX_TIME,cons.f90,450,runtime_scalar,,COMBUSTION_MODEL(fire.f90:804),no,"no write found (initialised in declaration, via namelist/READ of a different name, or by intrinsic/MPI with unresolved intent)",REAL(EB),,0,0,1,
GLOBAL_CONSTANTS,FLUSH_FILE_BUFFERS,cons.f90,213,runtime_scalar,,FDS[MAIN_LOOP](main.f90:1177),no,"no write found (initialised in declaration, via namelist/READ of a different name, or by intrinsic/MPI with unresolved intent)",LOGICAL,,0,0,1,
GLOBAL_CONSTANTS,FLUX_LIMITER_MW_CORRECTION,cons.f90,299,runtime_scalar,,SPECIES_ADVECTION_PART_1_NEW(divg.f90:1090); INITIALIZE_MESH_VARIABLES_1(init.f90:605); MASS_FINITE_DIFFERENCES(mass.f90:194),no,"no write found (initialised in declaration, via namelist/READ of a different name, or by intrinsic/MPI with unresolved intent)",LOGICAL,,0,0,3,
GLOBAL_CONSTANTS,FMT_R,cons.f90,626,runtime_scalar,,CC_SET_DATA(ccib.f90:7297); DUMP_PROF(dump.f90:11485); TGA_ANALYSIS(wall.f90:3803),no,"no write found (initialised in declaration, via namelist/READ of a different name, or by intrinsic/MPI with unresolved intent)",CHARACTER(9),,0,0,3,
GLOBAL_CONSTANTS,FN_CFL,cons.f90,616,runtime_scalar,ASSIGN_FILE_NAMES(dump.f90:598),,no,"written only outside the time loop (setup/IO); read-only while stepping -> needs a device/const mirror, not a blocker for PURE",CHARACTER(FN_LENGTH),,1,0,1,
GLOBAL_CONSTANTS,FN_CVODE_SUBSTEPS,cons.f90,618,runtime_scalar,ASSIGN_FILE_NAMES(dump.f90:618),,no,"written only outside the time loop (setup/IO); read-only while stepping -> needs a device/const mirror, not a blocker for PURE",CHARACTER(FN_LENGTH),,1,0,1,
GLOBAL_CONSTANTS,FN_DEVC_CTRL,cons.f90,617,runtime_scalar,ASSIGN_FILE_NAMES(dump.f90:603),,no,"written only outside the time loop (setup/IO); read-only while stepping -> needs a device/const mirror, not a blocker for PURE",CHARACTER(FN_LENGTH),,1,0,1,
GLOBAL_CONSTANTS,FN_GIT,cons.f90,617,runtime_scalar,ASSIGN_FILE_NAMES(dump.f90:307),WRITE_SMOKEVIEW_FILE(dump.f90:1870),no,"written only outside the time loop (setup/IO); read-only while stepping -> needs a device/const mirror, not a blocker for PURE",CHARACTER(FN_LENGTH),,1,0,2,
GLOBAL_CONSTANTS,FN_HISTOGRAM,cons.f90,617,runtime_scalar,ASSIGN_FILE_NAMES(dump.f90:349),,no,"written only outside the time loop (setup/IO); read-only while stepping -> needs a device/const mirror, not a blocker for PURE",CHARACTER(FN_LENGTH),,1,0,1,
GLOBAL_CONSTANTS,FN_HRR,cons.f90,616,runtime_scalar,ASSIGN_FILE_NAMES(dump.f90:338),WRITE_SMOKEVIEW_FILE(dump.f90:1893),no,"written only outside the time loop (setup/IO); read-only while stepping -> needs a device/const mirror, not a blocker for PURE",CHARACTER(FN_LENGTH),,1,0,2,
GLOBAL_CONSTANTS,FN_HVAC,cons.f90,617,runtime_scalar,ASSIGN_FILE_NAMES(dump.f90:343),WRITE_SMOKEVIEW_FILE(dump.f90:2397),no,"written only outside the time loop (setup/IO); read-only while stepping -> needs a device/const mirror, not a blocker for PURE",CHARACTER(FN_LENGTH),,1,0,2,
GLOBAL_CONSTANTS,FN_INPUT,cons.f90,616,runtime_scalar,,WRITE_SMOKEVIEW_FILE(dump.f90:1877),no,"no write found (initialised in declaration, via namelist/READ of a different name, or by intrinsic/MPI with unresolved intent)",CHARACTER(FN_LENGTH),,0,0,1,
GLOBAL_CONSTANTS,FN_LINE,cons.f90,617,runtime_scalar,ASSIGN_FILE_NAMES(dump.f90:389),,no,"written only outside the time loop (setup/IO); read-only while stepping -> needs a device/const mirror, not a blocker for PURE",CHARACTER(FN_LENGTH),,1,0,1,
GLOBAL_CONSTANTS,FN_MASS,cons.f90,616,runtime_scalar,ASSIGN_FILE_NAMES(dump.f90:334),WRITE_SMOKEVIEW_FILE(dump.f90:1918),no,"written only outside the time loop (setup/IO); read-only while stepping -> needs a device/const mirror, not a blocker for PURE",CHARACTER(FN_LENGTH),,1,0,2,
GLOBAL_CONSTANTS,FN_NOTREADY,cons.f90,617,runtime_scalar,ASSIGN_FILE_NAMES(dump.f90:588),,no,"written only outside the time loop (setup/IO); read-only while stepping -> needs a device/const mirror, not a blocker for PURE",CHARACTER(FN_LENGTH),,1,0,1,
GLOBAL_CONSTANTS,FN_OUTPUT,cons.f90,616,runtime_scalar,ASSIGN_FILE_NAMES(dump.f90:316),ASSIGN_FILE_NAMES(dump.f90:318); INITIALIZE_DIAGNOSTIC_FILE(dump.f90:3067),no,"written only outside the time loop (setup/IO); read-only while stepping -> needs a device/const mirror, not a blocker for PURE",CHARACTER(FN_LENGTH),,1,0,2,
GLOBAL_CONSTANTS,FN_PARAVIEW,cons.f90,624,runtime_scalar,ASSIGN_FILE_NAMES(dump.f90:613),WRITE_PARAVIEW_STATE_FILE(vtkf.f90:4021),no,"written only outside the time loop (setup/IO); read-only while stepping -> needs a device/const mirror, not a blocker for PURE",CHARACTER(FN_LENGTH),,1,0,2,
GLOBAL_CONSTANTS,FN_SMV,cons.f90,616,runtime_scalar,ASSIGN_FILE_NAMES(dump.f90:311),WRITE_SMOKEVIEW_FILE(dump.f90:1824); FDS(main.f90:255),no,"written only outside the time loop (setup/IO); read-only while stepping -> needs a device/const mirror, not a blocker for PURE",CHARACTER(FN_LENGTH),,1,0,3,
GLOBAL_CONSTANTS,FN_STEPS,cons.f90,616,runtime_scalar,ASSIGN_FILE_NAMES(dump.f90:328),WRITE_SMOKEVIEW_FILE(dump.f90:1898),no,"written only outside the time loop (setup/IO); read-only while stepping -> needs a device/const mirror, not a blocker for PURE",CHARACTER(FN_LENGTH),,1,0,2,
GLOBAL_CONSTANTS,FN_STL,cons.f90,618,runtime_scalar,ASSIGN_FILE_NAMES(dump.f90:608),WRITE_STL_FILE(dump.f90:1593),no,"written only outside the time loop (setup/IO); read-only while stepping -> needs a device/const mirror, not a blocker for PURE",CHARACTER(FN_LENGTH),,1,0,2,
GLOBAL_CONSTANTS,FN_STOP,cons.f90,616,runtime_scalar,READ_HEAD(read.f90:483),FDS[MAIN_LOOP](main.f90:705); TGA_ANALYSIS(wall.f90:3788),no,"written only outside the time loop (setup/IO); read-only while stepping -> needs a device/const mirror, not a blocker for PURE",CHARACTER(FN_LENGTH),,1,0,2,
GLOBAL_CONSTANTS,FN_TGA,cons.f90,617,runtime_scalar,,ASSIGN_FILE_NAMES(dump.f90:581); TGA_ANALYSIS(wall.f90:3793),no,"no write found (initialised in declaration, via namelist/READ of a different name, or by intrinsic/MPI with unresolved intent)",CHARACTER(FN_LENGTH),,0,0,2,
GLOBAL_CONSTANTS,FN_VELOCITY_ERROR,cons.f90,617,runtime_scalar,ASSIGN_FILE_NAMES(dump.f90:593),,no,"written only outside the time loop (setup/IO); read-only while stepping -> needs a device/const mirror, not a blocker for PURE",CHARACTER(FN_LENGTH),,1,0,1,
GLOBAL_CONSTANTS,FUEL_INDEX,cons.f90,160,runtime_scalar,,INIT_RADIATION(radi.f90:2914),no,"no write found (initialised in declaration, via namelist/READ of a different name, or by intrinsic/MPI with unresolved intent)",INTEGER,,0,0,1,
GLOBAL_CONSTANTS,GET_CUTCELLS_VERBOSE,cons.f90,757,runtime_scalar,,CC_CHECK_DIVERGENCE(ccib.f90:16444); CC_SET_DATA(ccib.f90:7233); FILL_IJKO_INTERP_STENCILS(ccib.f90:18946); GET_CRTCFCC_INT_STENCILS(ccib.f90:16716); INIT_CUTCELL_DATA(ccib.f90:7992),no,"no write found (initialised in declaration, via namelist/READ of a different name, or by intrinsic/MPI with unresolved intent)",LOGICAL,,0,0,20,
GLOBAL_CONSTANTS,GLMAT_VERBOSE,cons.f90,733,runtime_scalar,DEFINE_PRES_METHOD(func.f90:7158); READ_GEOM(geom.f90:2703),GET_MATRIXGRAPH_H_WHLDOM(pres.f90:5291),no,"written only outside the time loop (setup/IO); read-only while stepping -> needs a device/const mirror, not a blocker for PURE",LOGICAL,,2,0,2,
GLOBAL_CONSTANTS,GLOBAL_ODE_REL_ERROR,cons.f90,452,runtime_scalar,READ_COMB(read.f90:4720),INITIALIZE_DIAGNOSTIC_FILE(dump.f90:3373); COMBUSTION_MODEL(fire.f90:949),no,"written only outside the time loop (setup/IO); read-only while stepping -> needs a device/const mirror, not a blocker for PURE",REAL(EB),,1,0,2,
GLOBAL_CONSTANTS,GM1OG,cons.f90,340,runtime_scalar,READ_SPEC(read.f90:3551),DIVERGENCE_PART_1(divg.f90:612),no,"written only outside the time loop (setup/IO); read-only while stepping -> needs a device/const mirror, not a blocker for PURE",REAL(EB),,1,0,1,
GLOBAL_CONSTANTS,GRAV,cons.f90,374,runtime_scalar,READ_MISC(read.f90:1917),COMBUSTION_MODEL(fire.f90:822); HEAT_TRANSFER_COEFFICIENT(func.f90:3229); MOVE_PARTICLES(part.f90:2524); CALC_AGGLOMERATION(soot.f90:327),no,"written only outside the time loop (setup/IO); read-only while stepping -> needs a device/const mirror, not a blocker for PURE",REAL(EB),,1,0,4,
GLOBAL_CONSTANTS,GRAVITATIONAL_DEPOSITION,cons.f90,230,runtime_scalar,,CALC_DEPOSITION(wall.f90:1703),no,"no write found (initialised in declaration, via namelist/READ of a different name, or by intrinsic/MPI with unresolved intent)",LOGICAL,,0,0,1,
GLOBAL_CONSTANTS,GRAVITATIONAL_SETTLING,cons.f90,231,runtime_scalar,,DENSITY(mass.f90:411); SETTLING_VELOCITY(soot.f90:59),no,"no write found (initialised in declaration, via namelist/READ of a different name, or by intrinsic/MPI with unresolved intent)",LOGICAL,,0,0,2,
GLOBAL_CONSTANTS,GROUND_LEVEL,cons.f90,363,runtime_scalar,,INITIALIZE_ATMOSPHERE(init.f90:468); SET_DENSITY_AND_MASS_FRACTIONS_AT_WALL(init.f90:3647),no,"no write found (initialised in declaration, via namelist/READ of a different name, or by intrinsic/MPI with unresolved intent)",REAL(EB),,0,0,2,
GLOBAL_CONSTANTS,H2O_INDEX,cons.f90,163,runtime_scalar,READ_SPEC(read.f90:3276),GAS_PHASE_OUTPUT(dump.f90:8668); RADIATION_FVM(radi.f90:3928),no,"written only outside the time loop (setup/IO); read-only while stepping -> needs a device/const mirror, not a blocker for PURE",INTEGER,,1,0,2,
GLOBAL_CONSTANTS,H2O_SMIX_INDEX,cons.f90,168,runtime_scalar,READ_SPEC(read.f90:3391),GAS_PHASE_OUTPUT(dump.f90:8782),no,"written only outside the time loop (setup/IO); read-only while stepping -> needs a device/const mirror, not a blocker for PURE",INTEGER,,1,0,1,
GLOBAL_CONSTANTS,HAS_MIRROR_BOUNDARY,cons.f90,834,runtime_scalar,CHECK_FOR_MIRROR_BOUNDARY(radi.f90:3424),,no,"written only outside the time loop (setup/IO); read-only while stepping -> needs a device/const mirror, not a blocker for PURE",LOGICAL,,1,0,1,
GLOBAL_CONSTANTS,HEARTBEAT_FAIL,cons.f90,825,runtime_scalar,,FDS[MAIN_LOOP](main.f90:758),no,"no write found (initialised in declaration, via namelist/READ of a different name, or by intrinsic/MPI with unresolved intent)",LOGICAL,,0,0,1,
GLOBAL_CONSTANTS,HRRPUV_MAX_SMV,cons.f90,456,runtime_scalar,,DUMP_SMOKE3D_VTKHDF(dump.f90:5262); INITIALIZE_MESH_DUMPS(dump.f90:1156); WRITE_SMOKEVIEW_FILE(dump.f90:1954),no,"no write found (initialised in declaration, via namelist/READ of a different name, or by intrinsic/MPI with unresolved intent)",REAL(FB),,0,0,3,
GLOBAL_CONSTANTS,HVAC_LOCAL_PRESSURE,cons.f90,801,runtime_scalar,,INITIALIZE_HVAC(hvac.f90:2449),no,"no write found (initialised in declaration, via namelist/READ of a different name, or by intrinsic/MPI with unresolved intent)",LOGICAL,,0,0,1,
GLOBAL_CONSTANTS,HVAC_MASS_TRANSPORT,cons.f90,260,runtime_scalar,READ_HVAC(hvac.f90:400); READ_MISC(read.f90:2084),DUMP_RESTART(dump.f90:4028); READ_RESTART(dump.f90:4261),no,"written only outside the time loop (setup/IO); read-only while stepping -> needs a device/const mirror, not a blocker for PURE",LOGICAL,,2,0,2,
GLOBAL_CONSTANTS,HVAC_SOLVE,cons.f90,801,runtime_scalar,READ_HVAC(hvac.f90:221),DUMP_RESTART(dump.f90:4024); INITIALIZE_DIAGNOSTIC_FILE(dump.f90:3147); READ_RESTART(dump.f90:4257); WRITE_SMOKEVIEW_FILE(dump.f90:2336); PROC_HVAC(hvac.f90:861),no,"written only outside the time loop (setup/IO); read-only while stepping -> needs a device/const mirror, not a blocker for PURE",LOGICAL,,1,0,11,
GLOBAL_CONSTANTS,HVAC_SURF_INDEX,cons.f90,641,runtime_scalar,READ_SURF(read.f90:8131),INITIALIZE_DIAGNOSTIC_FILE(dump.f90:3147); PROC_HVAC(hvac.f90:1026); READ_VENT(read.f90:12516),no,"written only outside the time loop (setup/IO); read-only while stepping -> needs a device/const mirror, not a blocker for PURE",INTEGER,,1,0,3,
GLOBAL_CONSTANTS,HYPRE_DEVICE_RUN,cons.f90,569,runtime_scalar,,GLMAT_SOLVER(pres.f90:3455); ULMAT_H_MATRIX_SOLVER_SETUP(pres.f90:3012); ULMAT_SOLVER_SETUP(pres.f90:1178); ULMAT_SOLVE_ZONE(pres.f90:1754); READ_PRES(read.f90:10069),no,"no write found (initialised in declaration, via namelist/READ of a different name, or by intrinsic/MPI with unresolved intent)",LOGICAL,,0,0,5,
GLOBAL_CONSTANTS,IBAR_MAX,cons.f90,540,runtime_scalar,READ_MESH(read.f90:697),READ_MESH(read.f90:697),no,"written only outside the time loop (setup/IO); read-only while stepping -> needs a device/const mirror, not a blocker for PURE",INTEGER,,1,0,1,
GLOBAL_CONSTANTS,IBLANK_SMV,cons.f90,821,runtime_scalar,READ_MISC(read.f90:1781),WRITE_SMOKEVIEW_FILE(dump.f90:1966),no,"written only outside the time loop (setup/IO); read-only while stepping -> needs a device/const mirror, not a blocker for PURE",LOGICAL,,1,0,1,
GLOBAL_CONSTANTS,INCLUDE_PYROLYSIS,cons.f90,187,runtime_scalar,PROC_SURF_2(read.f90:9530); READ_MATL(read.f90:7434),INITIALIZE_MESH_VARIABLES_1(init.f90:669),no,"written only outside the time loop (setup/IO); read-only while stepping -> needs a device/const mirror, not a blocker for PURE",LOGICAL,,2,0,1,
GLOBAL_CONSTANTS,INITIALIZATION_PHASE,cons.f90,194,runtime_scalar,FDS(main.f90:671),GAS_PHASE_OUTPUT(dump.f90:8874); MESH_EXCHANGE(main.f90:3846); RADIATION_FVM(radi.f90:3855); CALCULATE_ZZ_F(wall.f90:1213); WALL_BC(wall.f90:91),no,"written only outside the time loop (setup/IO); read-only while stepping -> needs a device/const mirror, not a blocker for PURE",LOGICAL,,1,0,6,
GLOBAL_CONSTANTS,INITIAL_RADIATION_ITERATIONS,cons.f90,510,runtime_scalar,READ_RADI(read.f90:10224); READ_SURF(read.f90:8333),FDS(main.f90:490),no,"written only outside the time loop (setup/IO); read-only while stepping -> needs a device/const mirror, not a blocker for PURE",INTEGER,,2,0,1,
GLOBAL_CONSTANTS,INITIAL_UNMIXED_FRACTION,cons.f90,451,runtime_scalar,READ_COMB(read.f90:4667),GAS_PHASE_OUTPUT(dump.f90:9297); COMBUSTION_GENERAL_LOAD_BALANCED(fire.f90:184); INITIALIZE_MESH_VARIABLES_1(init.f90:835); INITIALIZE_MESH_EXCHANGE_1(main.f90:2255),no,"written only outside the time loop (setup/IO); read-only while stepping -> needs a device/const mirror, not a blocker for PURE",REAL(EB),,1,0,4,
GLOBAL_CONSTANTS,INIT_HRRPUV,cons.f90,243,runtime_scalar,READ_INIT(read.f90:13200),FDS[MAIN_LOOP](main.f90:973); COMPUTE_RADIATION(radi.f90:3763); RADIATION_FVM(radi.f90:3870),no,"written only outside the time loop (setup/IO); read-only while stepping -> needs a device/const mirror, not a blocker for PURE",LOGICAL,,1,0,4,
GLOBAL_CONSTANTS,INIT_INVOKED_BY_SURF,cons.f90,277,runtime_scalar,READ_SURF(read.f90:8587),INSERT_ALL_PARTICLES(part.f90:220),no,"written only outside the time loop (setup/IO); read-only while stepping -> needs a device/const mirror, not a blocker for PURE",LOGICAL,,1,0,1,
GLOBAL_CONSTANTS,INPUT_FILE_LINE_NUMBER,cons.f90,177,runtime_scalar,CHECKREAD(func.f90:210); READ_GEOM(geom.f90:1171); READ_HVAC(hvac.f90:165); READ_BNDF(read.f90:16616); READ_CATF(read.f90:259); READ_CLIP(read.f90:10386); READ_COMB(read.f90:4652); READ_CSVF(read.f90:17334) ... (+32),READ_GEOM(geom.f90:1186); READ_HOLE(read.f90:11771); READ_INIT(read.f90:12979); READ_MESH(read.f90:562); READ_OBST(read.f90:10850),no,"written only outside the time loop (setup/IO); read-only while stepping -> needs a device/const mirror, not a blocker for PURE",INTEGER,,40,0,14,
GLOBAL_CONSTANTS,INTERPOLATED_SURF_INDEX,cons.f90,640,runtime_scalar,READ_SURF(read.f90:8129),INIT_WALL_CELL(init.f90:3254); GET_BOUNDARY_TYPE(init.f90:5089),no,"written only outside the time loop (setup/IO); read-only while stepping -> needs a device/const mirror, not a blocker for PURE",INTEGER,,1,0,2,
GLOBAL_CONSTANTS,INTG_LIST,cons.f90,629,runtime_scalar,,DUMP_SPEC(dump.f90:12860); DUMP_TMP(dump.f90:12832); DUMP_UVW(dump.f90:12803),no,"no write found (initialised in declaration, via namelist/READ of a different name, or by intrinsic/MPI with unresolved intent)",CHARACTER(11),,0,0,3,
GLOBAL_CONSTANTS,ITERATION_SUSPEND_FACTOR,cons.f90,552,runtime_scalar,,INITIALIZE_DIAGNOSTIC_FILE(dump.f90:3185); PRESSURE_ITERATION_SCHEME(main.f90:1737); READ_PRES(read.f90:10066),no,"no write found (initialised in declaration, via namelist/READ of a different name, or by intrinsic/MPI with unresolved intent)",REAL(EB),,0,0,3,
GLOBAL_CONSTANTS,I_FLUX_LIMITER,cons.f90,710,runtime_scalar,READ_MISC(read.f90:1862),CCENTHALPY_ADVECTION(ccib.f90:9654); CCSPECIES_ADVECTION(ccib.f90:9215); GET_CCIFACE_RHOHS_LIM(ccib.f90:13599); GET_CCIFACE_RHOZZ_LIM(ccib.f90:13543); GET_EXPLICIT_ADVDIFFVECTOR_SCALAR_3D(ccib.f90:12285),no,"written only outside the time loop (setup/IO); read-only while stepping -> needs a device/const mirror, not a blocker for PURE",INTEGER,,1,0,9,
GLOBAL_CONSTANTS,I_MAX_TEMP,cons.f90,481,runtime_scalar,,CC_EDGE_TAU_OMG(ccib.f90:14374); SOLID_PHASE_OUTPUT(dump.f90:10456); COMBUSTION_MODEL(fire.f90:810); CONDENSATION_EVAPORATION(fire.f90:2110); REALLOCATE_ONE_D_ARRAYS(init.f90:1790),no,"no write found (initialised in declaration, via namelist/READ of a different name, or by intrinsic/MPI with unresolved intent)",INTEGER,,0,0,10,
GLOBAL_CONSTANTS,I_RAMP_DIRECTION_T,cons.f90,525,runtime_scalar,READ_WIND(read.f90:2204),DIRECT_FORCE(velo.f90:877),no,"written only outside the time loop (setup/IO); read-only while stepping -> needs a device/const mirror, not a blocker for PURE",INTEGER,,1,0,1,
GLOBAL_CONSTANTS,I_RAMP_FVX_T,cons.f90,524,runtime_scalar,READ_WIND(read.f90:2210),DIRECT_FORCE(velo.f90:887),no,"written only outside the time loop (setup/IO); read-only while stepping -> needs a device/const mirror, not a blocker for PURE",INTEGER,,1,0,1,
GLOBAL_CONSTANTS,I_RAMP_FVY_T,cons.f90,524,runtime_scalar,READ_WIND(read.f90:2211),DIRECT_FORCE(velo.f90:908),no,"written only outside the time loop (setup/IO); read-only while stepping -> needs a device/const mirror, not a blocker for PURE",INTEGER,,1,0,1,
GLOBAL_CONSTANTS,I_RAMP_FVZ_T,cons.f90,524,runtime_scalar,READ_WIND(read.f90:2212),DIRECT_FORCE(velo.f90:929),no,"written only outside the time loop (setup/IO); read-only while stepping -> needs a device/const mirror, not a blocker for PURE",INTEGER,,1,0,1,
GLOBAL_CONSTANTS,I_RAMP_GX,cons.f90,523,runtime_scalar,READ_MISC(read.f90:1921),MOVE_IN_GAS(part.f90:2916); VELOCITY_FLUX(velo.f90:645),no,"written only outside the time loop (setup/IO); read-only while stepping -> needs a device/const mirror, not a blocker for PURE",INTEGER,,1,0,2,
GLOBAL_CONSTANTS,I_RAMP_GY,cons.f90,523,runtime_scalar,READ_MISC(read.f90:1922),MOVE_IN_GAS(part.f90:2917); VELOCITY_FLUX(velo.f90:646),no,"written only outside the time loop (setup/IO); read-only while stepping -> needs a device/const mirror, not a blocker for PURE",INTEGER,,1,0,2,
GLOBAL_CONSTANTS,I_RAMP_GZ,cons.f90,523,runtime_scalar,READ_MISC(read.f90:1923),MOVE_IN_GAS(part.f90:2918); VELOCITY_FLUX(velo.f90:647); VELOCITY_FLUX_CYLINDRICAL(velo.f90:1258),no,"written only outside the time loop (setup/IO); read-only while stepping -> needs a device/const mirror, not a blocker for PURE",INTEGER,,1,0,3,
GLOBAL_CONSTANTS,I_RAMP_P0_Z,cons.f90,524,runtime_scalar,READ_WIND(read.f90:2303),INIT_CUTCELL_DATA(ccib.f90:7744); INITIALIZE_ATMOSPHERE(init.f90:457); SURFACE_HEAT_TRANSFER(wall.f90:908),no,"written only outside the time loop (setup/IO); read-only while stepping -> needs a device/const mirror, not a blocker for PURE",INTEGER,,1,0,3,
GLOBAL_CONSTANTS,I_RAMP_PGF_T,cons.f90,524,runtime_scalar,READ_WIND(read.f90:2209),DIRECT_FORCE(velo.f90:889),no,"written only outside the time loop (setup/IO); read-only while stepping -> needs a device/const mirror, not a blocker for PURE",INTEGER,,1,0,1,
GLOBAL_CONSTANTS,I_RAMP_TMP0_Z,cons.f90,524,runtime_scalar,READ_WIND(read.f90:2208),INIT_CUTCELL_DATA(ccib.f90:7745); INITIALIZE_ATMOSPHERE(init.f90:466),no,"written only outside the time loop (setup/IO); read-only while stepping -> needs a device/const mirror, not a blocker for PURE",INTEGER,,1,0,2,
GLOBAL_CONSTANTS,I_RAMP_UX,cons.f90,526,runtime_scalar,READ_MISC(read.f90:1932),INITIALIZE_MESH_VARIABLES_1(init.f90:735),no,"written only outside the time loop (setup/IO); read-only while stepping -> needs a device/const mirror, not a blocker for PURE",INTEGER,,1,0,1,
GLOBAL_CONSTANTS,I_RAMP_UY,cons.f90,526,runtime_scalar,READ_MISC(read.f90:1933),INITIALIZE_MESH_VARIABLES_1(init.f90:740),no,"written only outside the time loop (setup/IO); read-only while stepping -> needs a device/const mirror, not a blocker for PURE",INTEGER,,1,0,1,
GLOBAL_CONSTANTS,I_RAMP_UZ,cons.f90,526,runtime_scalar,READ_MISC(read.f90:1934),INITIALIZE_MESH_VARIABLES_1(init.f90:745),no,"written only outside the time loop (setup/IO); read-only while stepping -> needs a device/const mirror, not a blocker for PURE",INTEGER,,1,0,1,
GLOBAL_CONSTANTS,I_RAMP_VX,cons.f90,526,runtime_scalar,READ_MISC(read.f90:1935),INITIALIZE_MESH_VARIABLES_1(init.f90:751),no,"written only outside the time loop (setup/IO); read-only while stepping -> needs a device/const mirror, not a blocker for PURE",INTEGER,,1,0,1,
GLOBAL_CONSTANTS,I_RAMP_VY,cons.f90,526,runtime_scalar,READ_MISC(read.f90:1936),INITIALIZE_MESH_VARIABLES_1(init.f90:756),no,"written only outside the time loop (setup/IO); read-only while stepping -> needs a device/const mirror, not a blocker for PURE",INTEGER,,1,0,1,
GLOBAL_CONSTANTS,I_RAMP_VZ,cons.f90,526,runtime_scalar,READ_MISC(read.f90:1937),INITIALIZE_MESH_VARIABLES_1(init.f90:761),no,"written only outside the time loop (setup/IO); read-only while stepping -> needs a device/const mirror, not a blocker for PURE",INTEGER,,1,0,1,
GLOBAL_CONSTANTS,I_RAMP_WX,cons.f90,526,runtime_scalar,READ_MISC(read.f90:1938),INITIALIZE_MESH_VARIABLES_1(init.f90:767),no,"written only outside the time loop (setup/IO); read-only while stepping -> needs a device/const mirror, not a blocker for PURE",INTEGER,,1,0,1,
GLOBAL_CONSTANTS,I_RAMP_WY,cons.f90,526,runtime_scalar,READ_MISC(read.f90:1939),INITIALIZE_MESH_VARIABLES_1(init.f90:772),no,"written only outside the time loop (setup/IO); read-only while stepping -> needs a device/const mirror, not a blocker for PURE",INTEGER,,1,0,1,
GLOBAL_CONSTANTS,I_RAMP_WZ,cons.f90,526,runtime_scalar,READ_MISC(read.f90:1940),INITIALIZE_MESH_VARIABLES_1(init.f90:777),no,"written only outside the time loop (setup/IO); read-only while stepping -> needs a device/const mirror, not a blocker for PURE",INTEGER,,1,0,1,
GLOBAL_CONSTANTS,I_WATER,cons.f90,462,runtime_scalar,PROC_REAC_1(read.f90:5499),CALCULATE_ZZ_F(wall.f90:1104),no,"written only outside the time loop (setup/IO); read-only while stepping -> needs a device/const mirror, not a blocker for PURE",INTEGER,,1,0,1,
GLOBAL_CONSTANTS,JBAR_MAX,cons.f90,540,runtime_scalar,READ_MESH(read.f90:698),READ_MESH(read.f90:698),no,"written only outside the time loop (setup/IO); read-only while stepping -> needs a device/const mirror, not a blocker for PURE",INTEGER,,1,0,1,
GLOBAL_CONSTANTS,KAPPA0,cons.f90,353,runtime_scalar,READ_RADI(read.f90:10232),INITIALIZE_DIAGNOSTIC_FILE(dump.f90:3835); RADIATION_FVM(radi.f90:3995),no,"written only outside the time loop (setup/IO); read-only while stepping -> needs a device/const mirror, not a blocker for PURE",REAL(EB),,1,0,2,
GLOBAL_CONSTANTS,KBAR_MAX,cons.f90,540,runtime_scalar,READ_MESH(read.f90:699),READ_MESH(read.f90:699),no,"written only outside the time loop (setup/IO); read-only while stepping -> needs a device/const mirror, not a blocker for PURE",INTEGER,,1,0,1,
GLOBAL_CONSTANTS,LEVEL_SET_COUPLED_FIRE,cons.f90,653,runtime_scalar,READ_MISC(read.f90:1989),INITIALIZE_LEVEL_SET_FIRESPREAD_1(vege.f90:61); IGNITE_GRID_CELL(vege.f90:592),no,"written only outside the time loop (setup/IO); read-only while stepping -> needs a device/const mirror, not a blocker for PURE",LOGICAL,,1,0,2,
GLOBAL_CONSTANTS,LEVEL_SET_COUPLED_WIND,cons.f90,654,runtime_scalar,READ_MISC(read.f90:1988),LEVEL_SET_FIRESPREAD(vege.f90:356),no,"written only outside the time loop (setup/IO); read-only while stepping -> needs a device/const mirror, not a blocker for PURE",LOGICAL,,1,0,1,
GLOBAL_CONSTANTS,LEVEL_SET_MODE,cons.f90,652,runtime_scalar,,DUMP_RESTART(dump.f90:4037); READ_RESTART(dump.f90:4270); FDS(main.f90:398); INITIALIZE_MESH_EXCHANGE_1(main.f90:2259); MESH_EXCHANGE(main.f90:3175),no,"no write found (initialised in declaration, via namelist/READ of a different name, or by intrinsic/MPI with unresolved intent)",INTEGER,,0,0,12,
GLOBAL_CONSTANTS,LIMITING_DT_RATIO,cons.f90,364,runtime_scalar,,VELOCITY_PREDICTOR(velo.f90:1674),no,"no write found (initialised in declaration, via namelist/READ of a different name, or by intrinsic/MPI with unresolved intent)",REAL(EB),,0,0,1,
GLOBAL_CONSTANTS,LIQUID_DROPLETS,cons.f90,225,runtime_scalar,READ_PART(read.f90:6051),PARTICLE_MASS_ENERGY_TRANSFER(part.f90:3639); RADIATION_FVM(radi.f90:3952); CALCULATE_ZZ_F(wall.f90:1196); SOLID_HEAT_TRANSFER(wall.f90:1891),no,"written only outside the time loop (setup/IO); read-only while stepping -> needs a device/const mirror, not a blocker for PURE",LOGICAL,,1,0,4,
GLOBAL_CONSTANTS,LOWER_MESH_INDEX,cons.f90,402,runtime_scalar,READ_MESH(read.f90:712),CC_CHECK_DIVERGENCE(ccib.f90:16289); CC_CHECK_MASS_DENSITY(ccib.f90:12533); CC_DENSITY(ccib.f90:11767); CC_EXCHANGE_UNPACKING_ARRAYS(ccib.f90:3808); CC_H_INTERP(ccib.f90:7053),no,"written only outside the time loop (setup/IO); read-only while stepping -> needs a device/const mirror, not a blocker for PURE",INTEGER,,1,0,91,
GLOBAL_CONSTANTS,LU_BINGEOM,cons.f90,603,runtime_scalar,,READ_GEOM(geom.f90:2639),no,"no write found (initialised in declaration, via namelist/READ of a different name, or by intrinsic/MPI with unresolved intent)",INTEGER,,0,0,1,
GLOBAL_CONSTANTS,LU_CFL,cons.f90,605,runtime_scalar,ASSIGN_FILE_NAMES(dump.f90:597),WRITE_CFL_FILE(main.f90:1880),no,"written only outside the time loop (setup/IO); read-only while stepping -> needs a device/const mirror, not a blocker for PURE",INTEGER,,1,0,2,
GLOBAL_CONSTANTS,LU_CVODE_SUBSTEPS,cons.f90,606,runtime_scalar,ASSIGN_FILE_NAMES(dump.f90:617),,no,"written only outside the time loop (setup/IO); read-only while stepping -> needs a device/const mirror, not a blocker for PURE",INTEGER,,1,0,1,
GLOBAL_CONSTANTS,LU_DEVC_CTRL,cons.f90,608,runtime_scalar,ASSIGN_FILE_NAMES(dump.f90:602),,no,"written only outside the time loop (setup/IO); read-only while stepping -> needs a device/const mirror, not a blocker for PURE",INTEGER,,1,0,1,
GLOBAL_CONSTANTS,LU_ERR,cons.f90,602,runtime_scalar,,CC_CHECK_DIVERGENCE(ccib.f90:16488); CC_SET_DATA(ccib.f90:7196); GET_CRTCFCC_INT_STENCILS(ccib.f90:16930); GET_GASPHASE_CUTFACES_DATA(ccib.f90:21533); GET_GASPHASE_REGRCFACES_DATA(ccib.f90:22512),no,"no write found (initialised in declaration, via namelist/READ of a different name, or by intrinsic/MPI with unresolved intent)",INTEGER,,0,0,55,
GLOBAL_CONSTANTS,LU_EXTERNAL,cons.f90,826,runtime_scalar,FDS(main.f90:199),,no,"written only outside the time loop (setup/IO); read-only while stepping -> needs a device/const mirror, not a blocker for PURE",INTEGER,,1,0,1,
GLOBAL_CONSTANTS,LU_EXTERNAL_HEARTBEAT,cons.f90,826,runtime_scalar,FDS(main.f90:200),,no,"written only outside the time loop (setup/IO); read-only while stepping -> needs a device/const mirror, not a blocker for PURE",INTEGER,,1,0,1,
GLOBAL_CONSTANTS,LU_GIT,cons.f90,602,runtime_scalar,,WRITE_SMOKEVIEW_FILE(dump.f90:1870),no,"no write found (initialised in declaration, via namelist/READ of a different name, or by intrinsic/MPI with unresolved intent)",INTEGER,,0,0,1,
GLOBAL_CONSTANTS,LU_HISTOGRAM,cons.f90,607,runtime_scalar,ASSIGN_FILE_NAMES(dump.f90:348),,no,"written only outside the time loop (setup/IO); read-only while stepping -> needs a device/const mirror, not a blocker for PURE",INTEGER,,1,0,1,
GLOBAL_CONSTANTS,LU_HRR,cons.f90,605,runtime_scalar,ASSIGN_FILE_NAMES(dump.f90:337),DUMP_HRR(dump.f90:11857),no,"written only outside the time loop (setup/IO); read-only while stepping -> needs a device/const mirror, not a blocker for PURE",INTEGER,,1,0,2,
GLOBAL_CONSTANTS,LU_HVAC,cons.f90,607,runtime_scalar,ASSIGN_FILE_NAMES(dump.f90:342),,no,"written only outside the time loop (setup/IO); read-only while stepping -> needs a device/const mirror, not a blocker for PURE",INTEGER,,1,0,1,
GLOBAL_CONSTANTS,LU_INFO,cons.f90,608,runtime_scalar,ASSIGN_FILE_NAMES(dump.f90:312),,no,"written only outside the time loop (setup/IO); read-only while stepping -> needs a device/const mirror, not a blocker for PURE",INTEGER,,1,0,1,
GLOBAL_CONSTANTS,LU_INPUT,cons.f90,602,runtime_scalar,,READ_GEOM(geom.f90:1171); PROC_MESH(read.f90:921); READ_DEVC(read.f90:13784); READ_HOLE(read.f90:11748); READ_INIT(read.f90:12970),no,"no write found (initialised in declaration, via namelist/READ of a different name, or by intrinsic/MPI with unresolved intent)",INTEGER,,0,0,15,
GLOBAL_CONSTANTS,LU_LINE,cons.f90,605,runtime_scalar,ASSIGN_FILE_NAMES(dump.f90:388),,no,"written only outside the time loop (setup/IO); read-only while stepping -> needs a device/const mirror, not a blocker for PURE",INTEGER,,1,0,1,
GLOBAL_CONSTANTS,LU_MASS,cons.f90,605,runtime_scalar,ASSIGN_FILE_NAMES(dump.f90:333),,no,"written only outside the time loop (setup/IO); read-only while stepping -> needs a device/const mirror, not a blocker for PURE",INTEGER,,1,0,1,
GLOBAL_CONSTANTS,LU_NOTREADY,cons.f90,605,runtime_scalar,ASSIGN_FILE_NAMES(dump.f90:587),,no,"written only outside the time loop (setup/IO); read-only while stepping -> needs a device/const mirror, not a blocker for PURE",INTEGER,,1,0,1,
GLOBAL_CONSTANTS,LU_OUTPUT,cons.f90,602,runtime_scalar,,INITIALIZE_DIAGNOSTIC_FILE(dump.f90:3068); WRITE_DIAGNOSTICS(dump.f90:4402); GET_MATRIXGRAPH_H_WHLDOM(pres.f90:5292),no,"no write found (initialised in declaration, via namelist/READ of a different name, or by intrinsic/MPI with unresolved intent)",INTEGER,,0,0,3,
GLOBAL_CONSTANTS,LU_PARAVIEW,cons.f90,604,runtime_scalar,ASSIGN_FILE_NAMES(dump.f90:612),WRITE_PARAVIEW_STATE_FILE(vtkf.f90:4021),no,"written only outside the time loop (setup/IO); read-only while stepping -> needs a device/const mirror, not a blocker for PURE",INTEGER,,1,0,2,
GLOBAL_CONSTANTS,LU_SETCC,cons.f90,603,runtime_scalar,,CC_SET_DATA(ccib.f90:7406); FILL_IJKO_INTERP_STENCILS(ccib.f90:18947); GET_CRTCFCC_INT_STENCILS(ccib.f90:16717); CC_GRID_BUILD_CUTCELL_MESH_WORK(geom.f90:26744); CC_GRID_GLOBAL_INIT(geom.f90:15268),no,"no write found (initialised in declaration, via namelist/READ of a different name, or by intrinsic/MPI with unresolved intent)",INTEGER,,0,0,16,
GLOBAL_CONSTANTS,LU_SMV,cons.f90,602,runtime_scalar,,WRITE_SMOKEVIEW_FILE(dump.f90:1843); FDS(main.f90:255); WRITE_STRINGS(main.f90:4194),no,"no write found (initialised in declaration, via namelist/READ of a different name, or by intrinsic/MPI with unresolved intent)",INTEGER,,0,0,3,
GLOBAL_CONSTANTS,LU_STEPS,cons.f90,605,runtime_scalar,ASSIGN_FILE_NAMES(dump.f90:327),WRITE_DIAGNOSTICS(dump.f90:4368),no,"written only outside the time loop (setup/IO); read-only while stepping -> needs a device/const mirror, not a blocker for PURE",INTEGER,,1,0,2,
GLOBAL_CONSTANTS,LU_STL,cons.f90,604,runtime_scalar,ASSIGN_FILE_NAMES(dump.f90:607),WRITE_STL_FILE(dump.f90:1608),no,"written only outside the time loop (setup/IO); read-only while stepping -> needs a device/const mirror, not a blocker for PURE",INTEGER,,1,0,2,
GLOBAL_CONSTANTS,LU_TGA,cons.f90,608,runtime_scalar,ASSIGN_FILE_NAMES(dump.f90:580),TGA_ANALYSIS(wall.f90:3793),no,"written only outside the time loop (setup/IO); read-only while stepping -> needs a device/const mirror, not a blocker for PURE",INTEGER,,1,0,2,
GLOBAL_CONSTANTS,LU_VELOCITY_ERROR,cons.f90,605,runtime_scalar,ASSIGN_FILE_NAMES(dump.f90:592),PRESSURE_ITERATION_SCHEME(main.f90:1714),no,"written only outside the time loop (setup/IO); read-only while stepping -> needs a device/const mirror, not a blocker for PURE",INTEGER,,1,0,2,
GLOBAL_CONSTANTS,MASS_FILE,cons.f90,216,runtime_scalar,,ASSIGN_FILE_NAMES(dump.f90:332); UPDATE_MASS(dump.f90:11881); WRITE_SMOKEVIEW_FILE(dump.f90:1914),no,"no write found (initialised in declaration, via namelist/READ of a different name, or by intrinsic/MPI with unresolved intent)",LOGICAL,,0,0,3,
GLOBAL_CONSTANTS,MAXIMUM_GEOMETRY_ZVALS,cons.f90,776,runtime_scalar,,READ_GEOM(geom.f90:1204),no,"no write found (initialised in declaration, via namelist/READ of a different name, or by intrinsic/MPI with unresolved intent)",INTEGER,,0,0,1,
GLOBAL_CONSTANTS,MAXIMUM_PARTICLES,cons.f90,674,runtime_scalar,READ_DUMP(read.f90:2360),INSERT_SPRAY_PARTICLES(part.f90:395); INSERT_VOLUMETRIC_PARTICLES(part.f90:1262); PARTICLE_FACE_INSERT(part.f90:764),no,"written only outside the time loop (setup/IO); read-only while stepping -> needs a device/const mirror, not a blocker for PURE",INTEGER,,1,0,3,
GLOBAL_CONSTANTS,MAX_CHEMISTRY_SUBSTEPS,cons.f90,467,runtime_scalar,READ_COMB(read.f90:4717),COMBUSTION_MODEL(fire.f90:833),no,"written only outside the time loop (setup/IO); read-only while stepping -> needs a device/const mirror, not a blocker for PURE",INTEGER,,1,0,1,
GLOBAL_CONSTANTS,MAX_DEVICES_EXIST,cons.f90,253,runtime_scalar,READ_DEVC(read.f90:14442),EXCHANGE_GLOBAL_OUTPUTS(main.f90:4440),no,"written only outside the time loop (setup/IO); read-only while stepping -> needs a device/const mirror, not a blocker for PURE",LOGICAL,,1,0,2,
GLOBAL_CONSTANTS,MAX_PREDICTOR_PRESSURE_ITERATIONS,cons.f90,558,runtime_scalar,READ_PRES(read.f90:10199),PRESSURE_ITERATION_SCHEME(main.f90:1726); READ_PRES(read.f90:10067),no,"written only outside the time loop (setup/IO); read-only while stepping -> needs a device/const mirror, not a blocker for PURE",INTEGER,,1,0,2,
GLOBAL_CONSTANTS,MAX_PRESSURE_ITERATIONS,cons.f90,559,runtime_scalar,READ_PRES(read.f90:10178),INITIALIZE_DIAGNOSTIC_FILE(dump.f90:3183); PRESSURE_ITERATION_SCHEME(main.f90:1727); READ_PRES(read.f90:10067),no,"written only outside the time loop (setup/IO); read-only while stepping -> needs a device/const mirror, not a blocker for PURE",INTEGER,,1,0,3,
GLOBAL_CONSTANTS,MCC_CONVERSION_FACTOR,cons.f90,818,runtime_scalar,,TGA_ANALYSIS(wall.f90:3832),no,"no write found (initialised in declaration, via namelist/READ of a different name, or by intrinsic/MPI with unresolved intent)",REAL(EB),,0,0,1,
GLOBAL_CONSTANTS,MESH_SEPARATION_DISTANCE,cons.f90,596,runtime_scalar,PROC_MESH(read.f90:916),INITIALIZE_MESH_DUMPS(dump.f90:1395); FIND_THIN_WALL_BACK_INDEX(init.f90:4384); FIND_WALL_BACK_INDEX(init.f90:3946); INIT_WALL_CELL(init.f90:3164); PROC_MESH(read.f90:944),no,"written only outside the time loop (setup/IO); read-only while stepping -> needs a device/const mirror, not a blocker for PURE",REAL(EB),,1,0,5,
GLOBAL_CONSTANTS,MINIMUM_ZONE_VOLUME,cons.f90,697,runtime_scalar,,INITIALIZE_PRESSURE_ZONES(main.f90:2749),no,"no write found (initialised in declaration, via namelist/READ of a different name, or by intrinsic/MPI with unresolved intent)",REAL(EB),,0,0,1,
GLOBAL_CONSTANTS,MIN_DEVICES_EXIST,cons.f90,252,runtime_scalar,READ_DEVC(read.f90:14441),EXCHANGE_GLOBAL_OUTPUTS(main.f90:4439),no,"written only outside the time loop (setup/IO); read-only while stepping -> needs a device/const mirror, not a blocker for PURE",LOGICAL,,1,0,2,
GLOBAL_CONSTANTS,MIRROR_SURF_INDEX,cons.f90,640,runtime_scalar,READ_SURF(read.f90:8128),INITIALIZE_DIAGNOSTIC_FILE(dump.f90:3608); GET_BOUNDARY_TYPE(init.f90:5078); SET_DENSITY_AND_MASS_FRACTIONS_AT_WALL(init.f90:3692); READ_VENT(read.f90:12513),no,"written only outside the time loop (setup/IO); read-only while stepping -> needs a device/const mirror, not a blocker for PURE",INTEGER,,1,0,4,
GLOBAL_CONSTANTS,MPI_COMM_RS,cons.f90,746,runtime_scalar,DEFINE_RS_COMM_INFO(main.f90:5124),GLMAT_SOLVER(pres.f90:3415),no,"written only outside the time loop (setup/IO); read-only while stepping -> needs a device/const mirror, not a blocker for PURE",TYPE:MPI_COMM(MPI_COMM),,1,0,1,
GLOBAL_CONSTANTS,MPI_COMM_RS_MASTERS,cons.f90,746,runtime_scalar,,,maybe,"no write found (initialised in declaration, via namelist/READ of a different name, or by intrinsic/MPI with unresolved intent) | passed at run time to callee(s) with unresolved intent: GLMAT_SOLVER, GET_H_MATRIX_LUDCMP, FINISH_GLMAT_SOLVER",TYPE:MPI_COMM(MPI_COMM),,0,0,2,
GLOBAL_CONSTANTS,MPI_PARTICLE_EXCHANGE,cons.f90,677,runtime_scalar,PROC_PART(read.f90:6574),INITIALIZE_MESH_EXCHANGE_1(main.f90:2287); MESH_EXCHANGE(main.f90:3185); POST_RECEIVES(main.f90:2988); FDS[MAIN_LOOP](main.f90:798),no,"written only outside the time loop (setup/IO); read-only while stepping -> needs a device/const mirror, not a blocker for PURE",LOGICAL,,1,0,4,
GLOBAL_CONSTANTS,MU_AIR_0,cons.f90,355,runtime_scalar,,COMPUTE_VISCOSITY(velo.f90:73),no,"no write found (initialised in declaration, via namelist/READ of a different name, or by intrinsic/MPI with unresolved intent)",REAL(EB),,0,0,1,
GLOBAL_CONSTANTS,MW_AIR,cons.f90,438,runtime_scalar,,GAS_PHASE_OUTPUT(dump.f90:9217); INIT_RADIATION(radi.f90:3169),no,"no write found (initialised in declaration, via namelist/READ of a different name, or by intrinsic/MPI with unresolved intent)",REAL(EB),,0,0,2,
GLOBAL_CONSTANTS,MW_O2,cons.f90,440,runtime_scalar,SIMPLE_SPECIES_MW(data.f90:2899),SOOT_SURFACE_OXIDATION(soot.f90:428),no,"written only outside the time loop (setup/IO); read-only while stepping -> needs a device/const mirror, not a blocker for PURE",REAL(EB),,1,0,1,
GLOBAL_CONSTANTS,MY_RANK,cons.f90,400,runtime_scalar,FDS(main.f90:109),CC_CHECK_DIVERGENCE(ccib.f90:16487); CC_RHO0W_INTERP(ccib.f90:6984); CC_SET_DATA(ccib.f90:7195); FILL_IJKO_INTERP_STENCILS(ccib.f90:18958); FILL_UNKZ_GUARDCELLS(ccib.f90:20015),no,"written only outside the time loop (setup/IO); read-only while stepping -> needs a device/const mirror, not a blocker for PURE",INTEGER,,1,0,82,
GLOBAL_CONSTANTS,MY_RANK_RS,cons.f90,741,runtime_scalar,DEFINE_RS_COMM_INFO(main.f90:5125),FINISH_GLMAT_SOLVER(pres.f90:6084); GLMAT_SOLVER(pres.f90:3413),no,"written only outside the time loop (setup/IO); read-only while stepping -> needs a device/const mirror, not a blocker for PURE",INTEGER,,1,0,2,
GLOBAL_CONSTANTS,NEAR_WALL_PARTICLE_INTERPOLATION,cons.f90,265,runtime_scalar,,GET_FACE_TLW(part.f90:3358),no,"no write found (initialised in declaration, via namelist/READ of a different name, or by intrinsic/MPI with unresolved intent)",LOGICAL,,0,0,1,
GLOBAL_CONSTANTS,NEIGHBOR_SEPARATION_DISTANCE,cons.f90,597,runtime_scalar,PROC_MESH(read.f90:917),PROC_MESH(read.f90:917),no,"written only outside the time loop (setup/IO); read-only while stepping -> needs a device/const mirror, not a blocker for PURE",REAL(EB),,1,0,1,
GLOBAL_CONSTANTS,NFRAMES,cons.f90,587,runtime_scalar,READ_DUMP(read.f90:2362),WRITE_SMOKEVIEW_FILE(dump.f90:1934); INITIALIZE_OUTPUT_CLOCKS(func.f90:447); WRITE_PARAVIEW_STATE_FILE(vtkf.f90:4042),no,"written only outside the time loop (setup/IO); read-only while stepping -> needs a device/const mirror, not a blocker for PURE",INTEGER,,1,0,3,
GLOBAL_CONSTANTS,NMESHES,cons.f90,540,runtime_scalar,READ_MESH(read.f90:528),CC_CHECK_DIVERGENCE(ccib.f90:16265); CC_EXCHANGE_UNPACKING_ARRAYS(ccib.f90:3812); CC_RHO0W_INTERP(ccib.f90:6982); CC_SET_DATA(ccib.f90:7208); FILL_IJKO_INTERP_STENCILS(ccib.f90:18942),no,"written only outside the time loop (setup/IO); read-only while stepping -> needs a device/const mirror, not a blocker for PURE",INTEGER,,1,0,96,
GLOBAL_CONSTANTS,NODE_Z_MIN,cons.f90,800,runtime_scalar,READ_HVAC(hvac.f90:753),INITIALIZE_ATMOSPHERE(init.f90:460),no,"written only outside the time loop (setup/IO); read-only while stepping -> needs a device/const mirror, not a blocker for PURE",REAL(EB),,1,0,1,
GLOBAL_CONSTANTS,NOISE,cons.f90,191,runtime_scalar,READ_MISC(read.f90:1970),INITIAL_NOISE(init.f90:5256),no,"written only outside the time loop (setup/IO); read-only while stepping -> needs a device/const mirror, not a blocker for PURE",LOGICAL,,1,0,1,
GLOBAL_CONSTANTS,NOISE_VELOCITY,cons.f90,365,runtime_scalar,,INITIAL_NOISE(init.f90:5269),no,"no write found (initialised in declaration, via namelist/READ of a different name, or by intrinsic/MPI with unresolved intent)",REAL(EB),,0,0,1,
GLOBAL_CONSTANTS,NO_PRESSURE_ZONES,cons.f90,278,runtime_scalar,READ_MISC(read.f90:1983),INITIALIZE_PRESSURE_ZONES(main.f90:2620),no,"written only outside the time loop (setup/IO); read-only while stepping -> needs a device/const mirror, not a blocker for PURE",LOGICAL,,1,0,1,
GLOBAL_CONSTANTS,NUCLEATION_SITES,cons.f90,690,runtime_scalar,,CONDENSATION_EVAPORATION(fire.f90:2062),no,"no write found (initialised in declaration, via namelist/READ of a different name, or by intrinsic/MPI with unresolved intent)",REAL(EB),,0,0,1,
GLOBAL_CONSTANTS,NUMBER_RADIATION_ANGLES,cons.f90,507,runtime_scalar,READ_RADI(read.f90:10225),INITIALIZE_DIAGNOSTIC_FILE(dump.f90:3807); INITIALIZE_MESH_DUMPS(dump.f90:1561); ALLOCATE_BOUNDARY_RADIA_ARRAYS(func.f90:4375); PACK_BOUNDARY_RADIA(func.f90:5144); ALLOCATE_RADIATION_RECV_PKG(main.f90:4000),no,"written only outside the time loop (setup/IO); read-only while stepping -> needs a device/const mirror, not a blocker for PURE",INTEGER,,1,0,11,
GLOBAL_CONSTANTS,NUMBER_SPECTRAL_BANDS,cons.f90,506,runtime_scalar,READ_RADI(read.f90:10289),GAS_PHASE_OUTPUT(dump.f90:9519); INITIALIZE_DIAGNOSTIC_FILE(dump.f90:3829); SOLID_PHASE_OUTPUT(dump.f90:10322); ALLOCATE_BOUNDARY_RADIA_ARRAYS(func.f90:4373); PACK_BOUNDARY_RADIA(func.f90:5143),no,"written only outside the time loop (setup/IO); read-only while stepping -> needs a device/const mirror, not a blocker for PURE",INTEGER,,1,0,12,
GLOBAL_CONSTANTS,NWP_MAX,cons.f90,642,runtime_scalar,REALLOCATE_ONE_D_ARRAYS(init.f90:1736); PROC_WALL(read.f90:9946),REALLOCATE_ONE_D_ARRAYS(init.f90:1736); SOLID_HEAT_TRANSFER(wall.f90:2017),no,"written only outside the time loop (setup/IO); read-only while stepping -> needs a device/const mirror, not a blocker for PURE",INTEGER,,2,0,2,
GLOBAL_CONSTANTS,N_AGGLOMERATION_SPECIES,cons.f90,688,runtime_scalar,READ_SPEC(read.f90:2727),INITIALIZE_DIAGNOSTIC_FILE(dump.f90:3493); FDS[MAIN_LOOP](main.f90:970); CALC_AGGLOMERATION(soot.f90:280),no,"written only outside the time loop (setup/IO); read-only while stepping -> needs a device/const mirror, not a blocker for PURE",INTEGER,,1,0,3,
GLOBAL_CONSTANTS,N_AIRCOILS,cons.f90,795,runtime_scalar,READ_HVAC(hvac.f90:193),PROC_HVAC(hvac.f90:933),no,"written only outside the time loop (setup/IO); read-only while stepping -> needs a device/const mirror, not a blocker for PURE",INTEGER,,1,0,1,
GLOBAL_CONSTANTS,N_DUCTNODES,cons.f90,795,runtime_scalar,READ_HVAC(hvac.f90:187),DUMP_RESTART(dump.f90:4030); READ_RESTART(dump.f90:4263); WRITE_SMOKEVIEW_FILE(dump.f90:2339); PROC_HVAC(hvac.f90:877); MPI_INITIALIZATION_CHORES(main.f90:1283),no,"written only outside the time loop (setup/IO); read-only while stepping -> needs a device/const mirror, not a blocker for PURE",INTEGER,,1,0,5,
GLOBAL_CONSTANTS,N_DUCTS,cons.f90,795,runtime_scalar,READ_HVAC(hvac.f90:185),DUMP_RESTART(dump.f90:4025); READ_RESTART(dump.f90:4258); WRITE_SMOKEVIEW_FILE(dump.f90:2343); PROC_HVAC(hvac.f90:863); MPI_INITIALIZATION_CHORES(main.f90:1283),no,"written only outside the time loop (setup/IO); read-only while stepping -> needs a device/const mirror, not a blocker for PURE",INTEGER,,1,0,6,
GLOBAL_CONSTANTS,N_FACE,cons.f90,727,runtime_scalar,INITIALIZE_GLOBAL_VARIABLES(init.f90:2936),ASSIGN_FILE_NAMES(dump.f90:568),no,"written only outside the time loop (setup/IO); read-only while stepping -> needs a device/const mirror, not a blocker for PURE",INTEGER,,1,0,1,
GLOBAL_CONSTANTS,N_FANS,cons.f90,795,runtime_scalar,READ_HVAC(hvac.f90:191),PROC_HVAC(hvac.f90:920),no,"written only outside the time loop (setup/IO); read-only while stepping -> needs a device/const mirror, not a blocker for PURE",INTEGER,,1,0,1,
GLOBAL_CONSTANTS,N_FILTERS,cons.f90,795,runtime_scalar,READ_HVAC(hvac.f90:189),PROC_HVAC(hvac.f90:1174),no,"written only outside the time loop (setup/IO); read-only while stepping -> needs a device/const mirror, not a blocker for PURE",INTEGER,,1,0,1,
GLOBAL_CONSTANTS,N_FIXED_CHEMISTRY_SUBSTEPS,cons.f90,471,runtime_scalar,PROC_REAC_1(read.f90:5597),INITIALIZE_DIAGNOSTIC_FILE(dump.f90:3367); COMBUSTION_MODEL(fire.f90:844),no,"written only outside the time loop (setup/IO); read-only while stepping -> needs a device/const mirror, not a blocker for PURE",INTEGER,,1,0,2,
GLOBAL_CONSTANTS,N_INIT,cons.f90,695,runtime_scalar,READ_INIT(read.f90:12968),INIT_CUTCELL_DATA(ccib.f90:7756); DUMP_RESTART(dump.f90:3931); READ_RESTART(dump.f90:4120); INITIALIZE_MESH_VARIABLES_1(init.f90:860); INSERT_ALL_PARTICLES(part.f90:176),no,"written only outside the time loop (setup/IO); read-only while stepping -> needs a device/const mirror, not a blocker for PURE",INTEGER,,1,0,8,
GLOBAL_CONSTANTS,N_LAGRANGIAN_CLASSES,cons.f90,674,runtime_scalar,PROC_HVAC(hvac.f90:946); READ_PART(read.f90:5952),ASSIGN_FILE_NAMES(dump.f90:451); DUMP_PART(dump.f90:4522); DUMP_PART_VTKHDF(dump.f90:4669); GAS_PHASE_OUTPUT(dump.f90:9376); INITIALIZE_DIAGNOSTIC_FILE(dump.f90:3683),no,"written only outside the time loop (setup/IO); read-only while stepping -> needs a device/const mirror, not a blocker for PURE",INTEGER,,2,0,21,
GLOBAL_CONSTANTS,N_LP_ARRAY_INDICES,cons.f90,674,runtime_scalar,READ_PART(read.f90:5976),DIVERGENCE_PART_1(divg.f90:666); GAS_PHASE_OUTPUT(dump.f90:8771); ALLOCATE_BOUNDARY_PROP2_ARRAYS(func.f90:4321); PACK_BOUNDARY_PROP2(func.f90:5100); INITIALIZE_MESH_VARIABLES_1(init.f90:656),no,"written only outside the time loop (setup/IO); read-only while stepping -> needs a device/const mirror, not a blocker for PURE",INTEGER,,1,0,7,
GLOBAL_CONSTANTS,N_MATL,cons.f90,640,runtime_scalar,READ_MATL(read.f90:7195),INITIALIZE_DIAGNOSTIC_FILE(dump.f90:3513); READ_OBST(read.f90:11487),no,"written only outside the time loop (setup/IO); read-only while stepping -> needs a device/const mirror, not a blocker for PURE",INTEGER,,1,0,2,
GLOBAL_CONSTANTS,N_MOVE,cons.f90,695,runtime_scalar,READ_MOVE(read.f90:1548),READ_DEVC(read.f90:13917),no,"written only outside the time loop (setup/IO); read-only while stepping -> needs a device/const mirror, not a blocker for PURE",INTEGER,,1,0,1,
GLOBAL_CONSTANTS,N_MPI_PROCESSES,cons.f90,401,runtime_scalar,FDS(main.f90:110),CC_CHECK_DIVERGENCE(ccib.f90:16445); EXCHANGE_BACK_CFACE_DATA(ccib.f90:333); FILL_IJKO_INTERP_STENCILS(ccib.f90:18942); FILL_UNKZ_GUARDCELLS(ccib.f90:20010); GET_LINKED_MATRIX_INDEXES_Z(ccib.f90:23098),no,"written only outside the time loop (setup/IO); read-only while stepping -> needs a device/const mirror, not a blocker for PURE",INTEGER,,1,0,47,
GLOBAL_CONSTANTS,N_MPI_RS,cons.f90,741,runtime_scalar,DEFINE_RS_COMM_INFO(main.f90:5126),GLMAT_SOLVER(pres.f90:3412),no,"written only outside the time loop (setup/IO); read-only while stepping -> needs a device/const mirror, not a blocker for PURE",INTEGER,,1,0,1,
GLOBAL_CONSTANTS,N_MULT,cons.f90,695,runtime_scalar,READ_MULT(read.f90:1626),READ_HOLE(read.f90:11760); READ_INIT(read.f90:12986); READ_MESH(read.f90:551); READ_OBST(read.f90:10795); READ_VENT(read.f90:12300),no,"written only outside the time loop (setup/IO); read-only while stepping -> needs a device/const mirror, not a blocker for PURE",INTEGER,,1,0,5,
GLOBAL_CONSTANTS,N_ORIENTATION_VECTOR,cons.f90,807,runtime_scalar,READ_DATA(read.f90:102); READ_DEVC(read.f90:14004); READ_PART(read.f90:6291),INIT_RADIATION(radi.f90:2857); READ_DEVC(read.f90:13989),no,"written only outside the time loop (setup/IO); read-only while stepping -> needs a device/const mirror, not a blocker for PURE",INTEGER,,3,0,2,
GLOBAL_CONSTANTS,N_PASSIVE_SCALARS,cons.f90,469,runtime_scalar,,GET_RHOZZ_CC_3D(ccib.f90:13243); CLIP_PASSIVE_SCALARS(mass.f90:972),no,"no write found (initialised in declaration, via namelist/READ of a different name, or by intrinsic/MPI with unresolved intent)",INTEGER,,0,0,2,
GLOBAL_CONSTANTS,N_RAMP,cons.f90,524,runtime_scalar,GET_RAMP_INDEX(func.f90:6887); READ_MISC(read.f90:1924),MPI_INITIALIZATION_CHORES(main.f90:1288),no,"written only outside the time loop (setup/IO); read-only while stepping -> needs a device/const mirror, not a blocker for PURE",INTEGER,,2,0,1,
GLOBAL_CONSTANTS,N_REACTIONS,cons.f90,461,runtime_scalar,READ_REAC(read.f90:4765),CCCOMPUTE_RADIATION(ccib.f90:7138); DIVERGENCE_PART_1(divg.f90:666); GAS_PHASE_OUTPUT(dump.f90:8735); INITIALIZE_DIAGNOSTIC_FILE(dump.f90:3249); SOLID_PHASE_OUTPUT(dump.f90:10236),no,"written only outside the time loop (setup/IO); read-only while stepping -> needs a device/const mirror, not a blocker for PURE",INTEGER,,1,0,17,
GLOBAL_CONSTANTS,N_SPECIES,cons.f90,460,runtime_scalar,READ_RESTART(dump.f90:4145); READ_SPEC(read.f90:2966),DUMP_RESTART(dump.f90:3953); INITIALIZE_DIAGNOSTIC_FILE(dump.f90:3204); UPDATE_MASS(dump.f90:11902); CONDENSATION_EVAPORATION(fire.f90:2005); INIT_RADIATION(radi.f90:2987),no,"written only outside the time loop (setup/IO); read-only while stepping -> needs a device/const mirror, not a blocker for PURE",INTEGER,,2,0,7,
GLOBAL_CONSTANTS,N_SURF,cons.f90,640,runtime_scalar,READ_SURF(read.f90:8071),DUMP_RESTART(dump.f90:3937); INITIALIZE_DIAGNOSTIC_FILE(dump.f90:3145); READ_RESTART(dump.f90:4126); WRITE_SMOKEVIEW_FILE(dump.f90:1982); READ_GEOM(geom.f90:2261),no,"written only outside the time loop (setup/IO); read-only while stepping -> needs a device/const mirror, not a blocker for PURE",INTEGER,,1,0,15,
GLOBAL_CONSTANTS,N_SURFACE_DENSITY_SPECIES,cons.f90,464,runtime_scalar,GET_QUANTITY_INDEX(read.f90:17165); READ_SPEC(read.f90:3407),ALLOCATE_BOUNDARY_PROP1_ARRAYS(func.f90:4272); PACK_BOUNDARY_PROP1(func.f90:5047),no,"written only outside the time loop (setup/IO); read-only while stepping -> needs a device/const mirror, not a blocker for PURE",INTEGER,,2,0,2,
GLOBAL_CONSTANTS,N_TERRAIN_IMAGES,cons.f90,311,runtime_scalar,READ_MISC(read.f90:1816),WRITE_SMOKEVIEW_FILE(dump.f90:1854),no,"written only outside the time loop (setup/IO); read-only while stepping -> needs a device/const mirror, not a blocker for PURE",INTEGER,,1,0,1,
GLOBAL_CONSTANTS,N_TOTAL_SCALARS,cons.f90,470,runtime_scalar,READ_SPEC(read.f90:3032),CC_DENSITY(ccib.f90:11786); CC_DIFFUSIVE_MASS_FLUXES(ccib.f90:11242); CC_DIVERGENCE_PART_1(ccib.f90:8388); CC_DIFFUSIVE_HEAT_FLUXES(ccib.f90:10226); GET_GASPHASE_REGRCFACES_DATA(ccib.f90:22092),no,"written only outside the time loop (setup/IO); read-only while stepping -> needs a device/const mirror, not a blocker for PURE",INTEGER,,1,0,25,
GLOBAL_CONSTANTS,N_TRACKED_SPECIES,cons.f90,463,runtime_scalar,READ_RESTART(dump.f90:4145); SPEC_INIT(init.f90:5499); READ_SPEC(read.f90:3031),ADD_Q_DOT_CUTCELLS(ccib.f90:5966); CC_CHECK_MASS_DENSITY(ccib.f90:12549); CC_CV_RHOZZ_AVERAGE(ccib.f90:13116); CC_DENSITY(ccib.f90:11777); CC_DIFFUSIVE_MASS_FLUXES(ccib.f90:11228),no,"written only outside the time loop (setup/IO); read-only while stepping -> needs a device/const mirror, not a blocker for PURE",INTEGER,,3,0,79,
GLOBAL_CONSTANTS,N_VENT_TOTAL,cons.f90,660,runtime_scalar,READ_VENT(read.f90:12165),FDS(main.f90:179); EXCHANGE_VENT_AREA(main.f90:5059); READ_VENT(read.f90:12155); SYNTHETIC_TURBULENCE(turb.f90:1716),no,"written only outside the time loop (setup/IO); read-only while stepping -> needs a device/const mirror, not a blocker for PURE",INTEGER,,1,0,4,
GLOBAL_CONSTANTS,N_ZONE,cons.f90,695,runtime_scalar,INITIALIZE_PRESSURE_ZONES(main.f90:2679); READ_ZONE(read.f90:13625),DIVERGENCE_PART_1(divg.f90:88); DIVERGENCE_PART_2(divg.f90:1476); DUMP_HRR(dump.f90:11847); INITIALIZE_DIAGNOSTIC_FILE(dump.f90:3842); INITIALIZE_MESH_VARIABLES_2(init.f90:1044),no,"written only outside the time loop (setup/IO); read-only while stepping -> needs a device/const mirror, not a blocker for PURE",INTEGER,,2,0,18,
GLOBAL_CONSTANTS,O2_INDEX,cons.f90,161,runtime_scalar,READ_SPEC(read.f90:3287),SET_DENSITY_AND_MASS_FRACTIONS_AT_WALL(init.f90:3555); SOOT_SURFACE_OXIDATION(soot.f90:425); PYROLYSIS(wall.f90:3481); PERFORM_PYROLYSIS(wall.f90:3007),no,"written only outside the time loop (setup/IO); read-only while stepping -> needs a device/const mirror, not a blocker for PURE",INTEGER,,1,0,4,
GLOBAL_CONSTANTS,OBST_SHAPE_AREA_ADJUST,cons.f90,267,runtime_scalar,READ_OBST(read.f90:10951),INITIALIZE_MESH_VARIABLES_1(init.f90:917); READ_OBST(read.f90:10961),no,"written only outside the time loop (setup/IO); read-only while stepping -> needs a device/const mirror, not a blocker for PURE",LOGICAL,,1,0,2,
GLOBAL_CONSTANTS,ONE_CC_PER_CARTESIAN_CELL,cons.f90,737,runtime_scalar,,CC_GRID_ENFORCE_ONE_CC_PER_CARTESIAN_CELL(geom.f90:14289),no,"no write found (initialised in declaration, via namelist/READ of a different name, or by intrinsic/MPI with unresolved intent)",LOGICAL,,0,0,1,
GLOBAL_CONSTANTS,ONE_UNKH_PER_CUTCELL,cons.f90,736,runtime_scalar,,CC_COMPUTE_KRES(ccib.f90:3710); CC_H_INTERP(ccib.f90:7091); CC_PROJECT_VELOCITY(ccib.f90:2738); GET_CUTCELL_DDDT(ccib.f90:2633); GET_H_GUARD_CUTCELL(ccib.f90:527),no,"no write found (initialised in declaration, via namelist/READ of a different name, or by intrinsic/MPI with unresolved intent)",LOGICAL,,0,0,9,
GLOBAL_CONSTANTS,OPEN_SURF_INDEX,cons.f90,640,runtime_scalar,READ_SURF(read.f90:8127),INITIALIZE_DIAGNOSTIC_FILE(dump.f90:3604); GET_BOUNDARY_TYPE(init.f90:5084); SET_DENSITY_AND_MASS_FRACTIONS_AT_WALL(init.f90:3696); READ_VENT(read.f90:12512),no,"written only outside the time loop (setup/IO); read-only while stepping -> needs a device/const mirror, not a blocker for PURE",INTEGER,,1,0,4,
GLOBAL_CONSTANTS,OPEN_WIND_BOUNDARY,cons.f90,275,runtime_scalar,READ_WIND(read.f90:2169),GET_PRES_CFACE_BCS(ccib.f90:2541); PRESSURE_SOLVER_COMPUTE_RHS(pres.f90:174); SYNTHETIC_TURBULENCE(turb.f90:1726); VELOCITY_BC(velo.f90:2121); VELOCITY_FLUX(velo.f90:837),no,"written only outside the time loop (setup/IO); read-only while stepping -> needs a device/const mirror, not a blocker for PURE",LOGICAL,,1,0,6,
GLOBAL_CONSTANTS,ORIENTED_PARTICLES,cons.f90,227,runtime_scalar,READ_PART(read.f90:6289),RADIATION_FVM(radi.f90:4845),no,"written only outside the time loop (setup/IO); read-only while stepping -> needs a device/const mirror, not a blocker for PURE",LOGICAL,,1,0,1,
GLOBAL_CONSTANTS,ORIGIN_LAT,cons.f90,380,runtime_scalar,,INITIALIZE_DIAGNOSTIC_FILE(dump.f90:3105),no,"no write found (initialised in declaration, via namelist/READ of a different name, or by intrinsic/MPI with unresolved intent)",REAL(EB),,0,0,1,
GLOBAL_CONSTANTS,ORIGIN_LON,cons.f90,381,runtime_scalar,,INITIALIZE_DIAGNOSTIC_FILE(dump.f90:3108),no,"no write found (initialised in declaration, via namelist/READ of a different name, or by intrinsic/MPI with unresolved intent)",REAL(EB),,0,0,1,
GLOBAL_CONSTANTS,OUTPUT_CHEM_IT,cons.f90,474,runtime_scalar,READ_DEVC(read.f90:14426); READ_SLCF(read.f90:16309),COMBUSTION_GENERAL_LOAD_BALANCED(fire.f90:268); COMBUSTION_MODEL(fire.f90:960); GATHER_CELLS_FROM_MPI_PROCESSES(fire.f90:743); INITIALIZE_MESH_VARIABLES_1(init.f90:574),no,"written only outside the time loop (setup/IO); read-only while stepping -> needs a device/const mirror, not a blocker for PURE",LOGICAL,,2,0,6,
GLOBAL_CONSTANTS,OUTPUT_WALL_QUANTITIES,cons.f90,289,runtime_scalar,GET_QUANTITY_INDEX(read.f90:17032),WALL_BC(wall.f90:164),no,"written only outside the time loop (setup/IO); read-only while stepping -> needs a device/const mirror, not a blocker for PURE",LOGICAL,,1,0,1,
GLOBAL_CONSTANTS,OUT_FILE_OPENED,cons.f90,630,runtime_scalar,INITIALIZE_DIAGNOSTIC_FILE(dump.f90:3073),,no,"written only outside the time loop (setup/IO); read-only while stepping -> needs a device/const mirror, not a blocker for PURE",LOGICAL,,1,0,1,
GLOBAL_CONSTANTS,OVERWRITE,cons.f90,242,runtime_scalar,,ASSIGN_FILE_NAMES(dump.f90:317),no,"no write found (initialised in declaration, via namelist/READ of a different name, or by intrinsic/MPI with unresolved intent)",LOGICAL,,0,0,1,
GLOBAL_CONSTANTS,OXIDATION_REACTION,cons.f90,271,runtime_scalar,READ_MATL(read.f90:7450),UPDATE_HRR(dump.f90:11772),no,"written only outside the time loop (setup/IO); read-only while stepping -> needs a device/const mirror, not a blocker for PURE",LOGICAL,,1,0,1,
GLOBAL_CONSTANTS,OXPYRO_MODEL,cons.f90,288,runtime_scalar,PROC_PART(read.f90:6552); PROC_WALL(read.f90:9977),SOLID_HEAT_TRANSFER(wall.f90:1966); PERFORM_PYROLYSIS(wall.f90:3035),no,"written only outside the time loop (setup/IO); read-only while stepping -> needs a device/const mirror, not a blocker for PURE",LOGICAL,,2,0,2,
GLOBAL_CONSTANTS,PARAVIEW_PROJECT,cons.f90,284,runtime_scalar,READ_DUMP(read.f90:2377),ASSIGN_FILE_NAMES(dump.f90:611); FDS(main.f90:481),no,"written only outside the time loop (setup/IO); read-only while stepping -> needs a device/const mirror, not a blocker for PURE",LOGICAL,,1,0,2,
GLOBAL_CONSTANTS,PARTICLE_CFL,cons.f90,248,runtime_scalar,,INSERT_ALL_PARTICLES(part.f90:286); MOVE_IN_GAS(part.f90:2971); PARTICLE_MASS_ENERGY_TRANSFER(part.f90:4315),no,"no write found (initialised in declaration, via namelist/READ of a different name, or by intrinsic/MPI with unresolved intent)",LOGICAL,,0,0,3,
GLOBAL_CONSTANTS,PARTICLE_CFL_MAX,cons.f90,372,runtime_scalar,,CHECK_STABILITY(velo.f90:3186),no,"no write found (initialised in declaration, via namelist/READ of a different name, or by intrinsic/MPI with unresolved intent)",REAL(EB),,0,0,1,
GLOBAL_CONSTANTS,PARTICLE_CFL_MIN,cons.f90,373,runtime_scalar,,CHECK_STABILITY(velo.f90:3188),no,"no write found (initialised in declaration, via namelist/READ of a different name, or by intrinsic/MPI with unresolved intent)",REAL(EB),,0,0,1,
GLOBAL_CONSTANTS,PARTICLE_DRAG,cons.f90,197,runtime_scalar,READ_PART(read.f90:6348),INITIALIZE_MESH_VARIABLES_1(init.f90:550); INITIALIZE_MESH_EXCHANGE_1(main.f90:2235); FDS[MAIN_LOOP](main.f90:839); MOVE_PARTICLES(part.f90:1861),no,"written only outside the time loop (setup/IO); read-only while stepping -> needs a device/const mirror, not a blocker for PURE",LOGICAL,,1,0,4,
GLOBAL_CONSTANTS,PARTICLE_FILE,cons.f90,196,runtime_scalar,PROC_PROP(read.f90:7084); PROC_SURF_2(read.f90:9497); READ_INIT(read.f90:13358); READ_PART(read.f90:5972),ASSIGN_FILE_NAMES(dump.f90:549); INITIALIZE_MESH_DUMPS(dump.f90:1499); INITIALIZE_MESH_VARIABLES_1(init.f90:929),no,"written only outside the time loop (setup/IO); read-only while stepping -> needs a device/const mirror, not a blocker for PURE",LOGICAL,,4,0,4,
GLOBAL_CONSTANTS,PATCH_VELOCITY,cons.f90,241,runtime_scalar,PROC_DEVC(read.f90:15660),VELOCITY_FLUX(velo.f90:841),no,"written only outside the time loop (setup/IO); read-only while stepping -> needs a device/const mirror, not a blocker for PURE",LOGICAL,,1,0,2,
GLOBAL_CONSTANTS,PERIODIC_DOMAIN_X,cons.f90,272,runtime_scalar,READ_VENT(read.f90:12768),ADD_TO_PARTICLE_SEND_BUFFER(part.f90:4875),no,"written only outside the time loop (setup/IO); read-only while stepping -> needs a device/const mirror, not a blocker for PURE",LOGICAL,,1,0,2,
GLOBAL_CONSTANTS,PERIODIC_DOMAIN_Y,cons.f90,273,runtime_scalar,READ_VENT(read.f90:12769),ADD_TO_PARTICLE_SEND_BUFFER(part.f90:4886),no,"written only outside the time loop (setup/IO); read-only while stepping -> needs a device/const mirror, not a blocker for PURE",LOGICAL,,1,0,2,
GLOBAL_CONSTANTS,PERIODIC_DOMAIN_Z,cons.f90,274,runtime_scalar,READ_VENT(read.f90:12770),ADD_TO_PARTICLE_SEND_BUFFER(part.f90:4897),no,"written only outside the time loop (setup/IO); read-only while stepping -> needs a device/const mirror, not a blocker for PURE",LOGICAL,,1,0,2,
GLOBAL_CONSTANTS,PERIODIC_FLOW_ONLY_SURF_INDEX,cons.f90,641,runtime_scalar,READ_SURF(read.f90:8135),INIT_WALL_CELL(init.f90:3151); READ_VENT(read.f90:12509),no,"written only outside the time loop (setup/IO); read-only while stepping -> needs a device/const mirror, not a blocker for PURE",INTEGER,,1,0,2,
GLOBAL_CONSTANTS,PERIODIC_SURF_INDEX,cons.f90,641,runtime_scalar,READ_SURF(read.f90:8130),INIT_WALL_CELL(init.f90:3151); READ_VENT(read.f90:12514),no,"written only outside the time loop (setup/IO); read-only while stepping -> needs a device/const mirror, not a blocker for PURE",INTEGER,,1,0,2,
GLOBAL_CONSTANTS,PERIODIC_TEST,cons.f90,587,runtime_scalar,,CC_DENSITY(ccib.f90:11751); CC_DIVERGENCE_PART_1(ccib.f90:8644); CC_H_INTERP(ccib.f90:7081); CC_NO_FLUX(ccib.f90:15448); CC_RHO0W_INTERP(ccib.f90:6978),no,"no write found (initialised in declaration, via namelist/READ of a different name, or by intrinsic/MPI with unresolved intent)",INTEGER,,0,0,34,
GLOBAL_CONSTANTS,PL3D_PARTICLE_FLUX,cons.f90,676,runtime_scalar,READ_DUMP(read.f90:2536),DUMP_SLCF(dump.f90:6820),no,"written only outside the time loop (setup/IO); read-only while stepping -> needs a device/const mirror, not a blocker for PURE",LOGICAL,,1,0,1,
GLOBAL_CONSTANTS,PLATE_FILM_FACTOR,cons.f90,379,runtime_scalar,,PARTICLE_MASS_ENERGY_TRANSFER(part.f90:3984),no,"no write found (initialised in declaration, via namelist/READ of a different name, or by intrinsic/MPI with unresolved intent)",REAL(EB),,0,0,1,
GLOBAL_CONSTANTS,POROUS_FLOOR,cons.f90,670,runtime_scalar,,VENT_PARTICLE_EXTRACTION(part.f90:3104),no,"no write found (initialised in declaration, via namelist/READ of a different name, or by intrinsic/MPI with unresolved intent)",LOGICAL,,0,0,1,
GLOBAL_CONSTANTS,PRESSURE_RELAX_TIME,cons.f90,698,runtime_scalar,,DIVERGENCE_PART_2(divg.f90:1497); READ_PRES(read.f90:10067),no,"no write found (initialised in declaration, via namelist/READ of a different name, or by intrinsic/MPI with unresolved intent)",REAL(EB),,0,0,2,
GLOBAL_CONSTANTS,PRESSURE_TOLERANCE,cons.f90,551,runtime_scalar,READ_PRES(read.f90:10162),INITIALIZE_DIAGNOSTIC_FILE(dump.f90:3182); PRESSURE_ITERATION_SCHEME(main.f90:1724); READ_PRES(read.f90:10067),no,"written only outside the time loop (setup/IO); read-only while stepping -> needs a device/const mirror, not a blocker for PURE",REAL(EB),,1,0,3,
GLOBAL_CONSTANTS,PRES_FLAG,cons.f90,572,runtime_scalar,DEFINE_PRES_METHOD(func.f90:7156),CC_PROJECT_VELOCITY(ccib.f90:2833); GET_FH_FROM_PRHS_AND_BCS(ccib.f90:2109); GET_H_CUTFACES(ccib.f90:21330); GET_H_GUARD_CUTCELL(ccib.f90:526); GET_PRES_CFACE_BCS(ccib.f90:2322),no,"written only outside the time loop (setup/IO); read-only while stepping -> needs a device/const mirror, not a blocker for PURE",INTEGER,,1,0,20,
GLOBAL_CONSTANTS,PRES_METHOD,cons.f90,561,runtime_scalar,DEFINE_PRES_METHOD(func.f90:7155),INITIALIZE_DIAGNOSTIC_FILE(dump.f90:3853); INITIALIZE_MESH_VARIABLES_2(init.f90:1133),no,"written only outside the time loop (setup/IO); read-only while stepping -> needs a device/const mirror, not a blocker for PURE",CHARACTER(LABEL_LENGTH),,1,0,2,
GLOBAL_CONSTANTS,PRES_ON_WHOLE_DOMAIN,cons.f90,734,runtime_scalar,DEFINE_PRES_METHOD(func.f90:7157); READ_GEOM(geom.f90:2701),COPY_H_OMESH_TO_MESH(pres.f90:4084); GET_BCS_H_MATRIX(pres.f90:4953); GET_H_MATRIX(pres.f90:5143); GET_H_REGFACES(pres.f90:5579); GET_MATRIXGRAPH_H_WHLDOM(pres.f90:5404),no,"written only outside the time loop (setup/IO); read-only while stepping -> needs a device/const mirror, not a blocker for PURE",LOGICAL,,2,0,10,
GLOBAL_CONSTANTS,PR_AIR,cons.f90,356,runtime_scalar,,HEAT_TRANSFER_COEFFICIENT(func.f90:3242); PROC_DEVC(read.f90:15471),no,"no write found (initialised in declaration, via namelist/READ of a different name, or by intrinsic/MPI with unresolved intent)",REAL(EB),,0,0,2,
GLOBAL_CONSTANTS,PR_ONTH,cons.f90,354,runtime_scalar,READ_MISC(read.f90:1776),GAS_PHASE_OUTPUT(dump.f90:9177); HEAT_TRANSFER_COEFFICIENT(func.f90:3237),no,"written only outside the time loop (setup/IO); read-only while stepping -> needs a device/const mirror, not a blocker for PURE",REAL(EB),,1,0,2,
GLOBAL_CONSTANTS,PR_T,cons.f90,361,runtime_scalar,READ_MISC(read.f90:1790),INITIALIZE_DIAGNOSTIC_FILE(dump.f90:3161),no,"written only outside the time loop (setup/IO); read-only while stepping -> needs a device/const mirror, not a blocker for PURE",REAL(EB),,1,0,1,
GLOBAL_CONSTANTS,P_INF,cons.f90,337,runtime_scalar,,INIT_CUTCELL_DATA(ccib.f90:7740); DUMP_HRR(dump.f90:11851); INITIALIZE_DIAGNOSTIC_FILE(dump.f90:3120); INITIALIZE_HVAC(hvac.f90:2458); PROC_HVAC(hvac.f90:1001),no,"no write found (initialised in declaration, via namelist/READ of a different name, or by intrinsic/MPI with unresolved intent)",REAL(EB),,0,0,10,
GLOBAL_CONSTANTS,QR_CLIP,cons.f90,516,runtime_scalar,READ_RADI(read.f90:10261),GAS_PHASE_OUTPUT(dump.f90:8941); GET_SMOKE3D_QQ(dump.f90:5140); RADIATION_FVM(radi.f90:4038),no,"written only outside the time loop (setup/IO); read-only while stepping -> needs a device/const mirror, not a blocker for PURE",REAL(EB),,1,0,3,
GLOBAL_CONSTANTS,RADIATION,cons.f90,185,runtime_scalar,READ_MISC(read.f90:1990); READ_SURF(read.f90:8334); TGA_ANALYSIS(wall.f90:3751),CCCOMPUTE_RADIATION(ccib.f90:7137); DUMP_RESTART(dump.f90:3921); INITIALIZE_DIAGNOSTIC_FILE(dump.f90:3805); READ_RESTART(dump.f90:4110); INITIALIZE_BOUNDARY_ONE_D(func.f90:4897),no,"written only outside the time loop (setup/IO); read-only while stepping -> needs a device/const mirror, not a blocker for PURE",LOGICAL,,3,0,20,
GLOBAL_CONSTANTS,RADIATION_ITERATIONS,cons.f90,509,runtime_scalar,,FDS[MAIN_LOOP](main.f90:1022); RADIATION_FVM(radi.f90:3865),no,"no write found (initialised in declaration, via namelist/READ of a different name, or by intrinsic/MPI with unresolved intent)",INTEGER,,0,0,2,
GLOBAL_CONSTANTS,RAD_DIFF_SCHEME,cons.f90,511,runtime_scalar,READ_RADI(read.f90:10267),INITIALIZE_DIAGNOSTIC_FILE(dump.f90:3808); RADIATION_FVM(radi.f90:3825),no,"written only outside the time loop (setup/IO); read-only while stepping -> needs a device/const mirror, not a blocker for PURE",INTEGER,,1,0,2,
GLOBAL_CONSTANTS,RANDOMIZE_RADIATION_DIRECTIONS,cons.f90,503,runtime_scalar,,INIT_RADIATION(radi.f90:2862),no,"no write found (initialised in declaration, via namelist/READ of a different name, or by intrinsic/MPI with unresolved intent)",LOGICAL,,0,0,1,
GLOBAL_CONSTANTS,REACTING_THIN_OBSTRUCTIONS,cons.f90,280,runtime_scalar,READ_OBST(read.f90:11354),INITIALIZE_MESH_VARIABLES_1(init.f90:669),no,"written only outside the time loop (setup/IO); read-only while stepping -> needs a device/const mirror, not a blocker for PURE",LOGICAL,,1,0,2,
GLOBAL_CONSTANTS,REAC_SOURCE_CHECK,cons.f90,475,runtime_scalar,READ_DEVC(read.f90:14427); READ_SLCF(read.f90:16311),COMBUSTION_GENERAL_LOAD_BALANCED(fire.f90:139); COMBUSTION_MODEL(fire.f90:1037); SET_SPECIES_SOURCE_TERM_CELL(fire.f90:478); SET_SPECIES_SOURCE_TERM_CUTCELL(fire.f90:526); INITIALIZE_MESH_VARIABLES_1(init.f90:593),no,"written only outside the time loop (setup/IO); read-only while stepping -> needs a device/const mirror, not a blocker for PURE",LOGICAL,,2,0,7,
GLOBAL_CONSTANTS,READ_EXTERNAL,cons.f90,825,runtime_scalar,READ_CTRL(read.f90:14797); READ_RAMP(read.f90:10463),FDS(main.f90:197); MPI_INITIALIZATION_CHORES(main.f90:1287); FDS[MAIN_LOOP](main.f90:753),no,"written only outside the time loop (setup/IO); read-only while stepping -> needs a device/const mirror, not a blocker for PURE",LOGICAL,,2,0,3,
GLOBAL_CONSTANTS,REAL_LIST,cons.f90,627,runtime_scalar,,DUMP_HRR(dump.f90:11855); DUMP_PROF(dump.f90:11485),no,"no write found (initialised in declaration, via namelist/READ of a different name, or by intrinsic/MPI with unresolved intent)",CHARACTER(25),,0,0,2,
GLOBAL_CONSTANTS,RELAXATION_FACTOR,cons.f90,426,runtime_scalar,,CC_NO_FLUX(ccib.f90:15452); READ_PRES(read.f90:10068); NO_FLUX(velo.f90:1366),no,"no write found (initialised in declaration, via namelist/READ of a different name, or by intrinsic/MPI with unresolved intent)",REAL(EB),,0,0,3,
GLOBAL_CONSTANTS,RENDER_FILE,cons.f90,309,runtime_scalar,READ_DUMP(read.f90:2372),WRITE_SMOKEVIEW_FILE(dump.f90:1938),no,"written only outside the time loop (setup/IO); read-only while stepping -> needs a device/const mirror, not a blocker for PURE",CHARACTER(FORMULA_LENGTH),,1,0,1,
GLOBAL_CONSTANTS,RESTART,cons.f90,198,runtime_scalar,,INIT_CUTCELL_DATA(ccib.f90:7781); ASSIGN_FILE_NAMES(dump.f90:474); FDS(main.f90:450),no,"no write found (initialised in declaration, via namelist/READ of a different name, or by intrinsic/MPI with unresolved intent)",LOGICAL,,0,0,3,
GLOBAL_CONSTANTS,RESTART_CHID,cons.f90,314,runtime_scalar,READ_MISC(read.f90:1780),ASSIGN_FILE_NAMES(dump.f90:559),no,"written only outside the time loop (setup/IO); read-only while stepping -> needs a device/const mirror, not a blocker for PURE",CHARACTER(CHID_LENGTH),,1,0,1,
GLOBAL_CONSTANTS,RESTRICT_TIME_STEP,cons.f90,212,runtime_scalar,,CHECK_STABILITY(velo.f90:3189),no,"no write found (initialised in declaration, via namelist/READ of a different name, or by intrinsic/MPI with unresolved intent)",LOGICAL,,0,0,1,
GLOBAL_CONSTANTS,RESULTS_DIR,cons.f90,315,runtime_scalar,READ_DUMP(read.f90:2373),ASSIGN_FILE_NAMES(dump.f90:464); DUMP_SLCF(dump.f90:6835); CC_GRID_GLOBAL_INIT(geom.f90:15267); GET_CELL_LINK_INFO(geom.f90:6322),no,"written only outside the time loop (setup/IO); read-only while stepping -> needs a device/const mirror, not a blocker for PURE",CHARACTER(FILE_LENGTH),,1,0,4,
GLOBAL_CONSTANTS,REVISION,cons.f90,325,runtime_scalar,FDS(main.f90:134),WRITE_SMOKEVIEW_FILE(dump.f90:1882),no,"written only outside the time loop (setup/IO); read-only while stepping -> needs a device/const mirror, not a blocker for PURE",CHARACTER(FORMULA_LENGTH),,1,0,2,
GLOBAL_CONSTANTS,REVISION_DATE,cons.f90,326,runtime_scalar,FDS(main.f90:134),,no,"written only outside the time loop (setup/IO); read-only while stepping -> needs a device/const mirror, not a blocker for PURE",CHARACTER(FORMULA_LENGTH),,1,0,1,
GLOBAL_CONSTANTS,RHOA,cons.f90,336,runtime_scalar,READ_SPEC(read.f90:3547),CFACE_PREDICT_NORMAL_VELOCITY(ccib.f90:6040); PREDICT_NORMAL_VELOCITY(divg.f90:1378); SOLID_PHASE_OUTPUT(dump.f90:10273); INITIALIZE_BOUNDARY_PROP1(func.f90:4936); INIT_CFACE_CELL(geom.f90:6708),no,"written only outside the time loop (setup/IO); read-only while stepping -> needs a device/const mirror, not a blocker for PURE",REAL(EB),,1,0,11,
GLOBAL_CONSTANTS,RHOMAX,cons.f90,705,runtime_scalar,READ_CLIP(read.f90:10404),CC_CHECK_MASS_DENSITY(ccib.f90:12588); GET_RHOZZ_CC_3D(ccib.f90:13210); INITIALIZE_DIAGNOSTIC_FILE(dump.f90:3730); CHECK_MASS_DENSITY(mass.f90:809); CHECK_STABILITY(velo.f90:3159),no,"written only outside the time loop (setup/IO); read-only while stepping -> needs a device/const mirror, not a blocker for PURE",REAL(EB),,1,0,5,
GLOBAL_CONSTANTS,RHOMIN,cons.f90,704,runtime_scalar,READ_CLIP(read.f90:10403),CC_CHECK_MASS_DENSITY(ccib.f90:12588); GET_RHOZZ_CC_3D(ccib.f90:13210); INITIALIZE_DIAGNOSTIC_FILE(dump.f90:3729); CHECK_MASS_DENSITY(mass.f90:809); CHECK_STABILITY(velo.f90:3158),no,"written only outside the time loop (setup/IO); read-only while stepping -> needs a device/const mirror, not a blocker for PURE",REAL(EB),,1,0,5,
GLOBAL_CONSTANTS,RND_SEED,cons.f90,180,runtime_scalar,,INITIAL_NOISE(init.f90:5248); EDDY_AMPLITUDE(turb.f90:1963); EDDY_POSITION(turb.f90:1926),no,"no write found (initialised in declaration, via namelist/READ of a different name, or by intrinsic/MPI with unresolved intent)",INTEGER,,0,0,3,
GLOBAL_CONSTANTS,RPR_T,cons.f90,333,runtime_scalar,READ_MISC(read.f90:1965),DIVERGENCE_PART_1(divg.f90:476); GAS_PHASE_OUTPUT(dump.f90:8978),no,"written only outside the time loop (setup/IO); read-only while stepping -> needs a device/const mirror, not a blocker for PURE",REAL(EB),,1,0,2,
GLOBAL_CONSTANTS,RSC_T,cons.f90,332,runtime_scalar,READ_MISC(read.f90:1964),DIVERGENCE_PART_1(divg.f90:122); GAS_PHASE_OUTPUT(dump.f90:8856); MOVE_IN_GAS(part.f90:2680); CALCULATE_RHO_D_F(wall.f90:1009); SURFACE_HEAT_TRANSFER(wall.f90:903),no,"written only outside the time loop (setup/IO); read-only while stepping -> needs a device/const mirror, not a blocker for PURE",REAL(EB),,1,0,5,
GLOBAL_CONSTANTS,RSUM0,cons.f90,479,runtime_scalar,READ_SPEC(read.f90:3539),INIT_CUTCELL_DATA(ccib.f90:7749); PROC_HVAC(hvac.f90:991); INITIALIZE_ATMOSPHERE(init.f90:467); INITIALIZE_MESH_VARIABLES_1(init.f90:599); SET_DENSITY_AND_MASS_FRACTIONS_AT_WALL(init.f90:3634),no,"written only outside the time loop (setup/IO); read-only while stepping -> needs a device/const mirror, not a blocker for PURE",REAL(EB),,1,0,8,
GLOBAL_CONSTANTS,RTE_SOURCE_CORRECTION,cons.f90,249,runtime_scalar,READ_RADI(read.f90:10282),GET_SMOKE3D_QQ(dump.f90:5138); FDS[MAIN_LOOP](main.f90:1061); RADIATION_FVM(radi.f90:4087),no,"written only outside the time loop (setup/IO); read-only while stepping -> needs a device/const mirror, not a blocker for PURE",LOGICAL,,1,0,3,
GLOBAL_CONSTANTS,SC_T,cons.f90,362,runtime_scalar,READ_MISC(read.f90:1791),DIVERGENCE_PART_1(divg.f90:146); INITIALIZE_DIAGNOSTIC_FILE(dump.f90:3162),no,"written only outside the time loop (setup/IO); read-only while stepping -> needs a device/const mirror, not a blocker for PURE",REAL(EB),,1,0,2,
GLOBAL_CONSTANTS,SEPARATOR,cons.f90,320,runtime_scalar,READ_DUMP(read.f90:2521),DUMP_MMS(dump.f90:13132); DUMP_PROF(dump.f90:11485); DUMP_SPEC(dump.f90:12862); DUMP_UVW(dump.f90:12805); PROC_DEVC(read.f90:15171),no,"written only outside the time loop (setup/IO); read-only while stepping -> needs a device/const mirror, not a blocker for PURE",CHARACTER(1),,1,0,5,
GLOBAL_CONSTANTS,SETUP_ONLY,cons.f90,206,runtime_scalar,READ_TIME(read.f90:1510),WRITE_SMOKEVIEW_FILE(dump.f90:1838); FDS(main.f90:207),no,"written only outside the time loop (setup/IO); read-only while stepping -> needs a device/const mirror, not a blocker for PURE",LOGICAL,,1,0,2,
GLOBAL_CONSTANTS,SIM_MODE,cons.f90,587,runtime_scalar,READ_MISC(read.f90:1856),CC_COMPUTE_VISCOSITY(ccib.f90:5898); DIVERGENCE_PART_1(divg.f90:119); GAS_PHASE_OUTPUT(dump.f90:8836); INITIALIZE_DIAGNOSTIC_FILE(dump.f90:3126); WRITE_DIAGNOSTICS(dump.f90:4334),no,"written only outside the time loop (setup/IO); read-only while stepping -> needs a device/const mirror, not a blocker for PURE",INTEGER,,1,0,12,
GLOBAL_CONSTANTS,SLCF_PARTICLE_FLUX,cons.f90,676,runtime_scalar,READ_SLCF(read.f90:16281),DUMP_SLCF(dump.f90:6818); DUMP_SLCF_VTK(dump.f90:7436),no,"written only outside the time loop (setup/IO); read-only while stepping -> needs a device/const mirror, not a blocker for PURE",LOGICAL,,1,0,3,
GLOBAL_CONSTANTS,SMOKE3D,cons.f90,208,runtime_scalar,READ_DUMP(read.f90:2541),INITIALIZE_MESH_DUMPS(dump.f90:1146),no,"written only outside the time loop (setup/IO); read-only while stepping -> needs a device/const mirror, not a blocker for PURE",LOGICAL,,1,0,1,
GLOBAL_CONSTANTS,SMOKE3D_VERSION,cons.f90,178,runtime_scalar,,INITIALIZE_MESH_DUMPS(dump.f90:1152),no,"no write found (initialised in declaration, via namelist/READ of a different name, or by intrinsic/MPI with unresolved intent)",INTEGER,,0,0,1,
GLOBAL_CONSTANTS,SMOKE_ALBEDO,cons.f90,370,runtime_scalar,,WRITE_SMOKEVIEW_FILE(dump.f90:1948),no,"no write found (initialised in declaration, via namelist/READ of a different name, or by intrinsic/MPI with unresolved intent)",REAL(EB),,0,0,1,
GLOBAL_CONSTANTS,SMV_PARALLEL_WRITE,cons.f90,209,runtime_scalar,,WRITE_SMOKEVIEW_FILE(dump.f90:2683),no,"no write found (initialised in declaration, via namelist/READ of a different name, or by intrinsic/MPI with unresolved intent)",LOGICAL,,0,0,1,
GLOBAL_CONSTANTS,SOLID_HEAT_TRANSFER_3D,cons.f90,259,runtime_scalar,READ_SURF(read.f90:8465),FDS[MAIN_LOOP](main.f90:1013),no,"written only outside the time loop (setup/IO); read-only while stepping -> needs a device/const mirror, not a blocker for PURE",LOGICAL,,1,0,1,
GLOBAL_CONSTANTS,SOLID_PARTICLES,cons.f90,226,runtime_scalar,READ_PART(read.f90:6008),PARTICLE_MASS_ENERGY_TRANSFER(part.f90:3639); RADIATION_FVM(radi.f90:3979); WALL_BC(wall.f90:244),no,"written only outside the time loop (setup/IO); read-only while stepping -> needs a device/const mirror, not a blocker for PURE",LOGICAL,,1,0,3,
GLOBAL_CONSTANTS,SOOT_INDEX,cons.f90,167,runtime_scalar,READ_SPEC(read.f90:3299),GAS_PHASE_OUTPUT(dump.f90:9343); RADIATION_FVM(radi.f90:4068); INIT_RADIATION(radi.f90:3125); PROC_DEVC(read.f90:15418); SOOT_SURFACE_OXIDATION(soot.f90:410),no,"written only outside the time loop (setup/IO); read-only while stepping -> needs a device/const mirror, not a blocker for PURE",INTEGER,,1,0,5,
GLOBAL_CONSTANTS,SOOT_OXIDATION,cons.f90,687,runtime_scalar,,COMBUSTION_LOAD_BALANCED(fire.f90:79),no,"no write found (initialised in declaration, via namelist/READ of a different name, or by intrinsic/MPI with unresolved intent)",LOGICAL,,0,0,1,
GLOBAL_CONSTANTS,SPATIAL_GRAVITY_VARIATION,cons.f90,222,runtime_scalar,READ_RAMP(read.f90:10539),MOVE_IN_GAS(part.f90:2915); VELOCITY_FLUX(velo.f90:644),no,"written only outside the time loop (setup/IO); read-only while stepping -> needs a device/const mirror, not a blocker for PURE",LOGICAL,,1,0,2,
GLOBAL_CONSTANTS,SPEC_RESTART,cons.f90,247,runtime_scalar,READ_CSVF(read.f90:17365),FDS(main.f90:384),no,"written only outside the time loop (setup/IO); read-only while stepping -> needs a device/const mirror, not a blocker for PURE",LOGICAL,,1,0,1,
GLOBAL_CONSTANTS,SPHERE_FILM_FACTOR,cons.f90,378,runtime_scalar,,PARTICLE_MASS_ENERGY_TRANSFER(part.f90:4056),no,"no write found (initialised in declaration, via namelist/READ of a different name, or by intrinsic/MPI with unresolved intent)",REAL(EB),,0,0,1,
GLOBAL_CONSTANTS,STATUS_FILES,cons.f90,210,runtime_scalar,,ASSIGN_FILE_NAMES(dump.f90:586),no,"no write found (initialised in declaration, via namelist/READ of a different name, or by intrinsic/MPI with unresolved intent)",LOGICAL,,0,0,1,
GLOBAL_CONSTANTS,STOP_AT_ITER,cons.f90,588,runtime_scalar,READ_HEAD(read.f90:486),FDS[MAIN_LOOP](main.f90:707),no,"written only outside the time loop (setup/IO); read-only while stepping -> needs a device/const mirror, not a blocker for PURE",INTEGER,,1,0,1,
GLOBAL_CONSTANTS,STORE_CARTESIAN_DIVERGENCE,cons.f90,730,runtime_scalar,READ_DEVC(read.f90:14436); READ_SLCF(read.f90:16325),CC_CHECK_DIVERGENCE(ccib.f90:16414); CHECK_DIVERGENCE(divg.f90:1666); INITIALIZE_MESH_VARIABLES_1(init.f90:650); FDS[MAIN_LOOP](main.f90:1096),no,"written only outside the time loop (setup/IO); read-only while stepping -> needs a device/const mirror, not a blocker for PURE",LOGICAL,,2,0,6,
GLOBAL_CONSTANTS,STORE_CUTCELL_DIVERGENCE,cons.f90,729,runtime_scalar,READ_DEVC(read.f90:14435); READ_SLCF(read.f90:16324),CC_CHECK_DIVERGENCE(ccib.f90:16271); INITIALIZE_MESH_VARIABLES_1(init.f90:646),no,"written only outside the time loop (setup/IO); read-only while stepping -> needs a device/const mirror, not a blocker for PURE",LOGICAL,,2,0,4,
GLOBAL_CONSTANTS,STORE_FIRE_ARRIVAL,cons.f90,295,runtime_scalar,PROC_DEVC(read.f90:15672); READ_BNDF(read.f90:16688),DUMP_RESTART(dump.f90:4044); READ_RESTART(dump.f90:4278); INITIALIZE_MESH_VARIABLES_2(init.f90:1215); COMPUTE_FIRE_SPREAD_OUTPUTS(vege.f90:1270),no,"written only outside the time loop (setup/IO); read-only while stepping -> needs a device/const mirror, not a blocker for PURE",LOGICAL,,2,0,5,
GLOBAL_CONSTANTS,STORE_FIRE_RESIDENCE,cons.f90,296,runtime_scalar,PROC_DEVC(read.f90:15675); READ_BNDF(read.f90:16689),DUMP_RESTART(dump.f90:4045); READ_RESTART(dump.f90:4279); INITIALIZE_MESH_VARIABLES_2(init.f90:1219); COMPUTE_FIRE_SPREAD_OUTPUTS(vege.f90:1280),no,"written only outside the time loop (setup/IO); read-only while stepping -> needs a device/const mirror, not a blocker for PURE",LOGICAL,,2,0,5,
GLOBAL_CONSTANTS,STORE_LS_SPREAD_RATE,cons.f90,297,runtime_scalar,PROC_DEVC(read.f90:15678); READ_BNDF(read.f90:16690),DUMP_RESTART(dump.f90:4046); READ_RESTART(dump.f90:4280); INITIALIZE_MESH_VARIABLES_2(init.f90:1223); IGNITE_GRID_CELL(vege.f90:595),no,"written only outside the time loop (setup/IO); read-only while stepping -> needs a device/const mirror, not a blocker for PURE",LOGICAL,,2,0,5,
GLOBAL_CONSTANTS,STORE_PRESSURE_POISSON_RESIDUAL,cons.f90,270,runtime_scalar,READ_DEVC(read.f90:14439); READ_SLCF(read.f90:16329),INITIALIZE_MESH_VARIABLES_1(init.f90:640); PRESSURE_SOLVER_CHECK_RESIDUALS_U(pres.f90:6029); PRESSURE_SOLVER_CHECK_RESIDUALS(pres.f90:794),no,"written only outside the time loop (setup/IO); read-only while stepping -> needs a device/const mirror, not a blocker for PURE",LOGICAL,,2,0,5,
GLOBAL_CONSTANTS,STORE_RADIATION_TERMS,cons.f90,269,runtime_scalar,GET_QUANTITY_INDEX(read.f90:17016),INITIALIZE_MESH_VARIABLES_1(init.f90:682); RADIATION_FVM(radi.f90:3876),no,"written only outside the time loop (setup/IO); read-only while stepping -> needs a device/const mirror, not a blocker for PURE",LOGICAL,,1,0,2,
GLOBAL_CONSTANTS,STORE_SPECIES_FLUX,cons.f90,268,runtime_scalar,GET_QUANTITY_INDEX(read.f90:17014),DIVERGENCE_PART_1(divg.f90:269); SOLID_PHASE_OUTPUT(dump.f90:10596); INITIALIZE_MESH_VARIABLES_1(init.f90:617); DENSITY(mass.f90:461),no,"written only outside the time loop (setup/IO); read-only while stepping -> needs a device/const mirror, not a blocker for PURE",LOGICAL,,1,0,4,
GLOBAL_CONSTANTS,STRATIFICATION,cons.f90,217,runtime_scalar,READ_RAMP(read.f90:10540),CC_DIVERGENCE_PART_1(ccib.f90:8621); CC_RHO0W_INTERP(ccib.f90:6977); INIT_CUTCELL_DATA(ccib.f90:7742); DIVERGENCE_PART_1(divg.f90:679); INITIALIZE_DIAGNOSTIC_FILE(dump.f90:3190),no,"written only outside the time loop (setup/IO); read-only while stepping -> needs a device/const mirror, not a blocker for PURE",LOGICAL,,1,0,8,
GLOBAL_CONSTANTS,SUPPRESSION,cons.f90,199,runtime_scalar,READ_REAC(read.f90:4881),INITIALIZE_DIAGNOSTIC_FILE(dump.f90:3457); COMBUSTION_MODEL(fire.f90:871),no,"written only outside the time loop (setup/IO); read-only while stepping -> needs a device/const mirror, not a blocker for PURE",LOGICAL,,1,0,2,
GLOBAL_CONSTANTS,SUSPEND_PRESSURE_ITERATIONS,cons.f90,549,runtime_scalar,,INITIALIZE_DIAGNOSTIC_FILE(dump.f90:3184); PRESSURE_ITERATION_SCHEME(main.f90:1735); READ_PRES(read.f90:10068),no,"no write found (initialised in declaration, via namelist/READ of a different name, or by intrinsic/MPI with unresolved intent)",LOGICAL,,0,0,3,
GLOBAL_CONSTANTS,SYNTHETIC_EDDY_METHOD,cons.f90,244,runtime_scalar,FDS(main.f90:418); READ_VENT(read.f90:12591),FDS(main.f90:413); FDS[MAIN_LOOP](main.f90:919),no,"written only outside the time loop (setup/IO); read-only while stepping -> needs a device/const mirror, not a blocker for PURE",LOGICAL,,2,0,3,
GLOBAL_CONSTANTS,TAU_CHEM,cons.f90,367,runtime_scalar,,COMBUSTION_MODEL(fire.f90:823),no,"no write found (initialised in declaration, via namelist/READ of a different name, or by intrinsic/MPI with unresolved intent)",REAL(EB),,0,0,1,
GLOBAL_CONSTANTS,TAU_FLAME,cons.f90,368,runtime_scalar,,COMBUSTION_MODEL(fire.f90:824),no,"no write found (initialised in declaration, via namelist/READ of a different name, or by intrinsic/MPI with unresolved intent)",REAL(EB),,0,0,1,
GLOBAL_CONSTANTS,TEMP_MAX_SMV,cons.f90,457,runtime_scalar,,DUMP_SMOKE3D_VTKHDF(dump.f90:5273); INITIALIZE_MESH_DUMPS(dump.f90:1157); WRITE_SMOKEVIEW_FILE(dump.f90:1960),no,"no write found (initialised in declaration, via namelist/READ of a different name, or by intrinsic/MPI with unresolved intent)",REAL(FB),,0,0,3,
GLOBAL_CONSTANTS,TEMP_MIN_SMV,cons.f90,458,runtime_scalar,,INITIALIZE_MESH_DUMPS(dump.f90:1157); WRITE_SMOKEVIEW_FILE(dump.f90:1960),no,"no write found (initialised in declaration, via namelist/READ of a different name, or by intrinsic/MPI with unresolved intent)",REAL(FB),,0,0,2,
GLOBAL_CONSTANTS,TENSOR_DIFFUSIVITY,cons.f90,281,runtime_scalar,,DIVERGENCE_PART_1(divg.f90:143),no,"no write found (initialised in declaration, via namelist/READ of a different name, or by intrinsic/MPI with unresolved intent)",LOGICAL,,0,0,1,
GLOBAL_CONSTANTS,TERRAIN_CASE,cons.f90,659,runtime_scalar,READ_GEOM(geom.f90:1392); READ_MISC(read.f90:1982); READ_SLCF(read.f90:16341),ASSIGN_FILE_NAMES(dump.f90:432); INITIALIZE_MESH_DUMPS(dump.f90:1063); CC_GRID_BUILD_CUTCELL_MESH_WORK(geom.f90:26807); CC_GRID_FINALIZE_TERRAIN(geom.f90:15903); CC_GRID_INIT_MESH_STORAGE(geom.f90:15822),no,"written only outside the time loop (setup/IO); read-only while stepping -> needs a device/const mirror, not a blocker for PURE",LOGICAL,,3,0,12,
GLOBAL_CONSTANTS,TEST_FILTER_QUADRATURE,cons.f90,716,runtime_scalar,,TEST_FILTER(turb.f90:973),no,"no write found (initialised in declaration, via namelist/READ of a different name, or by intrinsic/MPI with unresolved intent)",INTEGER,,0,0,1,
GLOBAL_CONSTANTS,TEST_NEW_CHAR_MODEL,cons.f90,298,runtime_scalar,,SOLID_PHASE_OUTPUT(dump.f90:10901); PERFORM_PYROLYSIS(wall.f90:3017),no,"no write found (initialised in declaration, via namelist/READ of a different name, or by intrinsic/MPI with unresolved intent)",LOGICAL,,0,0,2,
GLOBAL_CONSTANTS,TEST_NEW_KSGS_MODEL,cons.f90,300,runtime_scalar,,GAS_PHASE_OUTPUT(dump.f90:8912); COMBUSTION_MODEL(fire.f90:815),no,"no write found (initialised in declaration, via namelist/READ of a different name, or by intrinsic/MPI with unresolved intent)",LOGICAL,,0,0,2,
GLOBAL_CONSTANTS,TGA_CONVERSION_FACTOR,cons.f90,817,runtime_scalar,,TGA_ANALYSIS(wall.f90:3829),no,"no write found (initialised in declaration, via namelist/READ of a different name, or by intrinsic/MPI with unresolved intent)",REAL(EB),,0,0,1,
GLOBAL_CONSTANTS,TGA_DT,cons.f90,813,runtime_scalar,TGA_ANALYSIS(wall.f90:3783),TGA_ANALYSIS(wall.f90:3783),no,"written only outside the time loop (setup/IO); read-only while stepping -> needs a device/const mirror, not a blocker for PURE",REAL(EB),,1,0,1,
GLOBAL_CONSTANTS,TGA_DUMP,cons.f90,814,runtime_scalar,,TGA_ANALYSIS(wall.f90:3805),no,"no write found (initialised in declaration, via namelist/READ of a different name, or by intrinsic/MPI with unresolved intent)",REAL(EB),,0,0,1,
GLOBAL_CONSTANTS,TGA_FINAL_TEMPERATURE,cons.f90,816,runtime_scalar,TGA_ANALYSIS(wall.f90:3753),TGA_ANALYSIS(wall.f90:3753),no,"written only outside the time loop (setup/IO); read-only while stepping -> needs a device/const mirror, not a blocker for PURE",REAL(EB),,1,0,1,
GLOBAL_CONSTANTS,TGA_HEATING_RATE,cons.f90,815,runtime_scalar,TGA_ANALYSIS(wall.f90:3752),TGA_ANALYSIS(wall.f90:3752),no,"written only outside the time loop (setup/IO); read-only while stepping -> needs a device/const mirror, not a blocker for PURE",REAL(EB),,1,0,1,
GLOBAL_CONSTANTS,TGA_SURF_INDEX,cons.f90,810,runtime_scalar,READ_SURF(read.f90:8332),ASSIGN_FILE_NAMES(dump.f90:579); SET_DENSITY_AND_MASS_FRACTIONS_AT_WALL(init.f90:3565); FDS(main.f90:342); INITIALIZE_SINGLE_PARTICLE(part.f90:1641); TGA_ANALYSIS(wall.f90:3749),no,"written only outside the time loop (setup/IO); read-only while stepping -> needs a device/const mirror, not a blocker for PURE",INTEGER,,1,0,5,
GLOBAL_CONSTANTS,THERMOPHORETIC_DEPOSITION,cons.f90,232,runtime_scalar,,CALC_DEPOSITION(wall.f90:1699),no,"no write found (initialised in declaration, via namelist/READ of a different name, or by intrinsic/MPI with unresolved intent)",LOGICAL,,0,0,1,
GLOBAL_CONSTANTS,THERMOPHORETIC_SETTLING,cons.f90,233,runtime_scalar,,DENSITY(mass.f90:411); SETTLING_VELOCITY(soot.f90:72),no,"no write found (initialised in declaration, via namelist/READ of a different name, or by intrinsic/MPI with unresolved intent)",LOGICAL,,0,0,2,
GLOBAL_CONSTANTS,TIME_SHRINK_FACTOR,cons.f90,425,runtime_scalar,READ_TIME(read.f90:1495),DUMP_BNDF(dump.f90:11967); DUMP_BNDF_VTKHDF(dump.f90:12211); DUMP_HRR(dump.f90:11838); DUMP_ISOF(dump.f90:4878); DUMP_PART(dump.f90:4516),no,"written only outside the time loop (setup/IO); read-only while stepping -> needs a device/const mirror, not a blocker for PURE",REAL(EB),,1,0,25,
GLOBAL_CONSTANTS,TITLE,cons.f90,308,runtime_scalar,READ_HEAD(read.f90:452),INITIALIZE_DIAGNOSTIC_FILE(dump.f90:3079); WRITE_SMOKEVIEW_FILE(dump.f90:1850); FDS(main.f90:142),no,"written only outside the time loop (setup/IO); read-only while stepping -> needs a device/const mirror, not a blocker for PURE",CHARACTER(FORMULA_LENGTH),,1,0,3,
GLOBAL_CONSTANTS,TMPA,cons.f90,334,runtime_scalar,READ_MISC(read.f90:1772); READ_WIND(read.f90:2278),CC_DENSITY(ccib.f90:11826); CFACE_THERMAL_GASVARS(ccib.f90:6885); INIT_CUTCELL_DATA(ccib.f90:7741); DUMP_SMOKE3D_VTKHDF(dump.f90:5271); GAS_PHASE_OUTPUT(dump.f90:9199),no,"written only outside the time loop (setup/IO); read-only while stepping -> needs a device/const mirror, not a blocker for PURE",REAL(EB),,2,0,22,
GLOBAL_CONSTANTS,TMPA4,cons.f90,335,runtime_scalar,READ_MISC(read.f90:1907),ALLOCATE_BOUNDARY_RADIA_ARRAYS(func.f90:4380); INITIALIZE_BOUNDARY_PROP1(func.f90:4926); INITIALIZE_MESH_VARIABLES_1(init.f90:850); REALLOCATE_ONE_D_ARRAYS(init.f90:1806); INITIALIZE_RADIATION_EXCHANGE(main.f90:2322),no,"written only outside the time loop (setup/IO); read-only while stepping -> needs a device/const mirror, not a blocker for PURE",REAL(EB),,1,0,7,
GLOBAL_CONSTANTS,TMPMAX,cons.f90,703,runtime_scalar,READ_CLIP(read.f90:10396); READ_MISC(read.f90:1912),INITIALIZE_DIAGNOSTIC_FILE(dump.f90:3728); SOLID_HEAT_TRANSFER(wall.f90:2684),no,"written only outside the time loop (setup/IO); read-only while stepping -> needs a device/const mirror, not a blocker for PURE",REAL(EB),,2,0,2,
GLOBAL_CONSTANTS,TMPMIN,cons.f90,702,runtime_scalar,PROC_SPEC_1(read.f90:4346); READ_CLIP(read.f90:10395); READ_INIT(read.f90:13286); READ_MISC(read.f90:1911); READ_SURF(read.f90:8998); READ_VENT(read.f90:12651); READ_WIND(read.f90:2318),INITIALIZE_DIAGNOSTIC_FILE(dump.f90:3727); MOVE_IN_GAS(part.f90:2796); PARTICLE_MASS_ENERGY_TRANSFER(part.f90:3846); READ_INIT(read.f90:13286); READ_VENT(read.f90:12651),no,"written only outside the time loop (setup/IO); read-only while stepping -> needs a device/const mirror, not a blocker for PURE",REAL(EB),,7,0,6,
GLOBAL_CONSTANTS,TMP_RESTART,cons.f90,246,runtime_scalar,READ_CSVF(read.f90:17360),FDS(main.f90:383),no,"written only outside the time loop (setup/IO); read-only while stepping -> needs a device/const mirror, not a blocker for PURE",LOGICAL,,1,0,1,
GLOBAL_CONSTANTS,TUNNEL_NXP,cons.f90,574,runtime_scalar,READ_PRES(read.f90:10179),TUNNEL_POISSON_SOLVER(pres.f90:621); READ_PRES(read.f90:10187),no,"written only outside the time loop (setup/IO); read-only while stepping -> needs a device/const mirror, not a blocker for PURE",INTEGER,,1,0,2,
GLOBAL_CONSTANTS,TUNNEL_PRECONDITIONER,cons.f90,573,runtime_scalar,,PRESSURE_ITERATION_SCHEME(main.f90:1657); ULMAT_SOLVE_ZONE(pres.f90:1560); PRESSURE_SOLVER_FFT(pres.f90:436); READ_PRES(read.f90:10068),no,"no write found (initialised in declaration, via namelist/READ of a different name, or by intrinsic/MPI with unresolved intent)",LOGICAL,,0,0,4,
GLOBAL_CONSTANTS,TURBULENT_DEPOSITION,cons.f90,234,runtime_scalar,,CALC_DEPOSITION(wall.f90:1709),no,"no write found (initialised in declaration, via namelist/READ of a different name, or by intrinsic/MPI with unresolved intent)",LOGICAL,,0,0,1,
GLOBAL_CONSTANTS,TURBULENT_FLAME_SPEED,cons.f90,369,runtime_scalar,,COMBUSTION_MODEL(fire.f90:823),no,"no write found (initialised in declaration, via namelist/READ of a different name, or by intrinsic/MPI with unresolved intent)",REAL(EB),,0,0,1,
GLOBAL_CONSTANTS,TURB_MODEL,cons.f90,587,runtime_scalar,READ_MISC(read.f90:2023),GAS_PHASE_OUTPUT(dump.f90:8817); INITIALIZE_DIAGNOSTIC_FILE(dump.f90:3133); INITIALIZE_MESH_VARIABLES_1(init.f90:570); INIT_TURB_ARRAYS(turb.f90:51); COMPUTE_VISCOSITY(velo.f90:105),no,"written only outside the time loop (setup/IO); read-only while stepping -> needs a device/const mirror, not a blocker for PURE",INTEGER,,1,0,6,
GLOBAL_CONSTANTS,TWO_D,cons.f90,205,runtime_scalar,READ_MESH(read.f90:703),CC_RESTORE_UVW_UNLINKED(ccib.f90:3566); CC_CUTEDGE_DUIDXJ_TAU_OMG(ccib.f90:14020); CHECK_CFLVN_LINKED_CELLS(ccib.f90:861); GET_LINKED_FACE_INDEXES_F(ccib.f90:23186); LINK_FACES_TO_NEIGHBORS(ccib.f90:23536),no,"written only outside the time loop (setup/IO); read-only while stepping -> needs a device/const mirror, not a blocker for PURE",LOGICAL,,1,0,27,
GLOBAL_CONSTANTS,T_BEGIN,cons.f90,422,runtime_scalar,READ_TIME(read.f90:1496),CFACE_PREDICT_NORMAL_VELOCITY(ccib.f90:6023); CFACE_THERMAL_GASVARS(ccib.f90:6885); GET_PRES_CFACE_BCS(ccib.f90:2520); PREDICT_NORMAL_VELOCITY(divg.f90:1354); DUMP_BNDF(dump.f90:11967),no,"written only outside the time loop (setup/IO); read-only while stepping -> needs a device/const mirror, not a blocker for PURE",REAL(EB),,1,0,55,
GLOBAL_CONSTANTS,T_END,cons.f90,423,runtime_scalar,READ_TIME(read.f90:1497),DUMP_ISOF(dump.f90:5028); INITIALIZE_DIAGNOSTIC_FILE(dump.f90:3119); WRITE_SMOKEVIEW_FILE(dump.f90:1929); INITIALIZE_OUTPUT_CLOCKS(func.f90:447); READ_GEOM(geom.f90:2696),no,"written only outside the time loop (setup/IO); read-only while stepping -> needs a device/const mirror, not a blocker for PURE",REAL(EB),,1,0,12,
GLOBAL_CONSTANTS,T_END_CLOCK,cons.f90,424,runtime_scalar,,FDS[MAIN_LOOP](main.f90:1199),no,"no write found (initialised in declaration, via namelist/READ of a different name, or by intrinsic/MPI with unresolved intent)",REAL(EB),,0,0,1,
GLOBAL_CONSTANTS,U0,cons.f90,341,runtime_scalar,READ_WIND(read.f90:2130),GET_PRES_CFACE_BCS(ccib.f90:2540); INITIALIZE_MESH_VARIABLES_1(init.f90:790); INITIALIZE_MESH_EXCHANGE_1(main.f90:2219); PRESSURE_SOLVER_COMPUTE_RHS(pres.f90:172),no,"written only outside the time loop (setup/IO); read-only while stepping -> needs a device/const mirror, not a blocker for PURE",REAL(EB),,1,0,4,
GLOBAL_CONSTANTS,UGLMAT_SOLVER_LIBRARY,cons.f90,571,runtime_scalar,DEFINE_PRES_METHOD(func.f90:7159),INITIALIZE_MESH_VARIABLES_2(init.f90:1137); FINISH_GLMAT_SOLVER(pres.f90:6086); GLMAT_SOLVER(pres.f90:3424),no,"written only outside the time loop (setup/IO); read-only while stepping -> needs a device/const mirror, not a blocker for PURE",INTEGER,,1,0,3,
GLOBAL_CONSTANTS,ULMAT_SOLVER_LIBRARY,cons.f90,570,runtime_scalar,DEFINE_PRES_METHOD(func.f90:7175),INITIALIZE_DIAGNOSTIC_FILE(dump.f90:3176); INITIALIZE_MESH_VARIABLES_2(init.f90:1135); FINISH_ULMAT_SOLVER(pres.f90:3100); ULMAT_H_MATRIX_SOLVER_SETUP(pres.f90:2862); ULMAT_SOLVE_ZONE(pres.f90:1737),no,"written only outside the time loop (setup/IO); read-only while stepping -> needs a device/const mirror, not a blocker for PURE",INTEGER,,1,0,5,
GLOBAL_CONSTANTS,UNFREEZE_TIME,cons.f90,431,runtime_scalar,READ_MISC(read.f90:1825),FDS(main.f90:683); FDS[MAIN_LOOP](main.f90:728),no,"written only outside the time loop (setup/IO); read-only while stepping -> needs a device/const mirror, not a blocker for PURE",REAL(EB),,1,0,2,
GLOBAL_CONSTANTS,UPDATE_DEVICES_AGAIN,cons.f90,591,runtime_scalar,PROC_DEVC(read.f90:15279),,no,"written only outside the time loop (setup/IO); read-only while stepping -> needs a device/const mirror, not a blocker for PURE",LOGICAL,,1,0,1,
GLOBAL_CONSTANTS,UPPER_MESH_INDEX,cons.f90,403,runtime_scalar,READ_MESH(read.f90:713),CC_CHECK_DIVERGENCE(ccib.f90:16289); CC_CHECK_MASS_DENSITY(ccib.f90:12533); CC_DENSITY(ccib.f90:11767); CC_EXCHANGE_UNPACKING_ARRAYS(ccib.f90:3808); CC_H_INTERP(ccib.f90:7053),no,"written only outside the time loop (setup/IO); read-only while stepping -> needs a device/const mirror, not a blocker for PURE",INTEGER,,1,0,91,
GLOBAL_CONSTANTS,USE_ATMOSPHERIC_INTERPOLATION,cons.f90,264,runtime_scalar,READ_TRAN(read.f90:1404),SURFACE_HEAT_TRANSFER(wall.f90:844),no,"written only outside the time loop (setup/IO); read-only while stepping -> needs a device/const mirror, not a blocker for PURE",LOGICAL,,1,0,2,
GLOBAL_CONSTANTS,UVW_FILE,cons.f90,310,runtime_scalar,,FDS(main.f90:368),no,"no write found (initialised in declaration, via namelist/READ of a different name, or by intrinsic/MPI with unresolved intent)",CHARACTER(FORMULA_LENGTH),,0,0,1,
GLOBAL_CONSTANTS,UVW_RESTART,cons.f90,245,runtime_scalar,READ_CSVF(read.f90:17355),FDS(main.f90:382),no,"written only outside the time loop (setup/IO); read-only while stepping -> needs a device/const mirror, not a blocker for PURE",LOGICAL,,1,0,1,
GLOBAL_CONSTANTS,V0,cons.f90,342,runtime_scalar,READ_WIND(read.f90:2131),GET_PRES_CFACE_BCS(ccib.f90:2540); INITIALIZE_MESH_VARIABLES_1(init.f90:790); INITIALIZE_MESH_EXCHANGE_1(main.f90:2223); PRESSURE_SOLVER_COMPUTE_RHS(pres.f90:172),no,"written only outside the time loop (setup/IO); read-only while stepping -> needs a device/const mirror, not a blocker for PURE",REAL(EB),,1,0,4,
GLOBAL_CONSTANTS,VELOCITY_ERROR_FILE,cons.f90,237,runtime_scalar,,ASSIGN_FILE_NAMES(dump.f90:591); PRESSURE_ITERATION_SCHEME(main.f90:1711),no,"no write found (initialised in declaration, via namelist/READ of a different name, or by intrinsic/MPI with unresolved intent)",LOGICAL,,0,0,2,
GLOBAL_CONSTANTS,VELOCITY_TOLERANCE,cons.f90,550,runtime_scalar,READ_PRES(read.f90:10161),INITIALIZE_DIAGNOSTIC_FILE(dump.f90:3181); PRESSURE_ITERATION_SCHEME(main.f90:1729); READ_PRES(read.f90:10068),no,"written only outside the time loop (setup/IO); read-only while stepping -> needs a device/const mirror, not a blocker for PURE",REAL(EB),,1,0,3,
GLOBAL_CONSTANTS,VERBOSE,cons.f90,258,runtime_scalar,,COMBUSTION_GENERAL_LOAD_BALANCED(fire.f90:333); FDS(main.f90:144); MPI_INITIALIZATION_CHORES(main.f90:1591); FDS[MAIN_LOOP](main.f90:708),no,"no write found (initialised in declaration, via namelist/READ of a different name, or by intrinsic/MPI with unresolved intent)",LOGICAL,,0,0,4,
GLOBAL_CONSTANTS,VERSION_NUMBER,cons.f90,324,runtime_scalar,,INITIALIZE_MESH_DUMPS(dump.f90:1521),no,"no write found (initialised in declaration, via namelist/READ of a different name, or by intrinsic/MPI with unresolved intent)",REAL(FB),,0,0,1,
GLOBAL_CONSTANTS,VISIBILITY_FACTOR,cons.f90,447,runtime_scalar,,GAS_PHASE_OUTPUT(dump.f90:9111),no,"no write found (initialised in declaration, via namelist/READ of a different name, or by intrinsic/MPI with unresolved intent)",REAL(EB),,0,0,1,
GLOBAL_CONSTANTS,VN_MAX,cons.f90,359,runtime_scalar,READ_MISC(read.f90:1860),CHECK_STABILITY(velo.f90:3186),no,"written only outside the time loop (setup/IO); read-only while stepping -> needs a device/const mirror, not a blocker for PURE",REAL(EB),,1,0,1,
GLOBAL_CONSTANTS,VN_MIN,cons.f90,360,runtime_scalar,READ_MISC(read.f90:1861),CHECK_STABILITY(velo.f90:3188),no,"written only outside the time loop (setup/IO); read-only while stepping -> needs a device/const mirror, not a blocker for PURE",REAL(EB),,1,0,1,
GLOBAL_CONSTANTS,VTK_DIR,cons.f90,316,runtime_scalar,READ_DUMP(read.f90:2378),DUMP_BNDF_VTKHDF(dump.f90:12218); DUMP_PART_VTKHDF(dump.f90:4673); DUMP_SLCF_VTK(dump.f90:7379); DUMP_SMOKE3D_VTKHDF(dump.f90:5207); INITIALIZE_VTKHDF_BNDF_STEP1(vtkf.f90:2224),no,"written only outside the time loop (setup/IO); read-only while stepping -> needs a device/const mirror, not a blocker for PURE",CHARACTER(FILE_LENGTH),,1,0,9,
GLOBAL_CONSTANTS,VTK_HDF,cons.f90,283,runtime_scalar,,FDS(main.f90:613); FDS[MAIN_LOOP](main.f90:1140),no,"no write found (initialised in declaration, via namelist/READ of a different name, or by intrinsic/MPI with unresolved intent)",LOGICAL,,0,0,2,
GLOBAL_CONSTANTS,W0,cons.f90,343,runtime_scalar,READ_WIND(read.f90:2132),GET_PRES_CFACE_BCS(ccib.f90:2540); INITIALIZE_MESH_VARIABLES_1(init.f90:790); INITIALIZE_MESH_EXCHANGE_1(main.f90:2227); PRESSURE_SOLVER_COMPUTE_RHS(pres.f90:172),no,"written only outside the time loop (setup/IO); read-only while stepping -> needs a device/const mirror, not a blocker for PURE",REAL(EB),,1,0,4,
GLOBAL_CONSTANTS,WALL_CLOCK_START,cons.f90,720,runtime_scalar,FDS(main.f90:127),GAS_PHASE_OUTPUT(dump.f90:8872); FDS[MAIN_LOOP](main.f90:1199),no,"written only outside the time loop (setup/IO); read-only while stepping -> needs a device/const mirror, not a blocker for PURE",REAL(EB),,1,0,3,
GLOBAL_CONSTANTS,WALL_CLOCK_START_ITERATIONS,cons.f90,721,runtime_scalar,FDS(main.f90:664),GAS_PHASE_OUTPUT(dump.f90:8877); FDS(main.f90:666),no,"written only outside the time loop (setup/IO); read-only while stepping -> needs a device/const mirror, not a blocker for PURE",REAL(EB),,1,0,2,
GLOBAL_CONSTANTS,WALL_INCREMENT,cons.f90,588,runtime_scalar,READ_MATL(read.f90:7422),FDS[MAIN_LOOP](main.f90:1011); SOLID_HEAT_TRANSFER(wall.f90:2306); WALL_BC(wall.f90:92),no,"written only outside the time loop (setup/IO); read-only while stepping -> needs a device/const mirror, not a blocker for PURE",INTEGER,,1,0,3,
GLOBAL_CONSTANTS,WORKING_DIR,cons.f90,317,runtime_scalar,READ_DUMP(read.f90:2652),WRITE_PARAVIEW_STATE_FILE(vtkf.f90:4083),no,"written only outside the time loop (setup/IO); read-only while stepping -> needs a device/const mirror, not a blocker for PURE",CHARACTER(FILE_LENGTH),,1,0,1,
GLOBAL_CONSTANTS,WRITE_DEVC_CTRL,cons.f90,276,runtime_scalar,PROC_DEVC(read.f90:15689); READ_CTRL(read.f90:14865),ASSIGN_FILE_NAMES(dump.f90:601),no,"written only outside the time loop (setup/IO); read-only while stepping -> needs a device/const mirror, not a blocker for PURE",LOGICAL,,2,0,2,
GLOBAL_CONSTANTS,WRITE_PARCSRPCG_MATRIX,cons.f90,204,runtime_scalar,,READ_PRES(read.f90:10069),no,"no write found (initialised in declaration, via namelist/READ of a different name, or by intrinsic/MPI with unresolved intent)",LOGICAL,,0,0,1,
GLOBAL_CONSTANTS,WRITE_SMV,cons.f90,287,runtime_scalar,READ_DUMP(read.f90:2381),INITIALIZE_MESH_DUMPS(dump.f90:1032); WRITE_SMOKEVIEW_FILE(dump.f90:1818); FDS(main.f90:216),no,"written only outside the time loop (setup/IO); read-only while stepping -> needs a device/const mirror, not a blocker for PURE",LOGICAL,,1,0,3,
GLOBAL_CONSTANTS,WRITE_STL,cons.f90,202,runtime_scalar,,ASSIGN_FILE_NAMES(dump.f90:606); FDS(main.f90:224),no,"no write found (initialised in declaration, via namelist/READ of a different name, or by intrinsic/MPI with unresolved intent)",LOGICAL,,0,0,2,
GLOBAL_CONSTANTS,WRITE_VTK,cons.f90,286,runtime_scalar,READ_DUMP(read.f90:2380),DUMP_RESTART(dump.f90:4039); INITIALIZE_MESH_DUMPS(dump.f90:1291); READ_RESTART(dump.f90:4272); FDS(main.f90:613); FDS[MAIN_LOOP](main.f90:1140),no,"written only outside the time loop (setup/IO); read-only while stepping -> needs a device/const mirror, not a blocker for PURE",LOGICAL,,1,0,5,
GLOBAL_CONSTANTS,WRITE_VTK_GEOM,cons.f90,285,runtime_scalar,READ_DUMP(read.f90:2379),FDS(main.f90:601),no,"written only outside the time loop (setup/IO); read-only while stepping -> needs a device/const mirror, not a blocker for PURE",LOGICAL,,1,0,1,
GLOBAL_CONSTANTS,WRITE_XYZ,cons.f90,201,runtime_scalar,,INITIALIZE_MESH_DUMPS(dump.f90:1032),no,"no write found (initialised in declaration, via namelist/READ of a different name, or by intrinsic/MPI with unresolved intent)",LOGICAL,,0,0,1,
GLOBAL_CONSTANTS,XF_MAX,cons.f90,541,runtime_scalar,READ_MESH(read.f90:772),DUMP_ISOF(dump.f90:4928); GET_EXT_INB_CUTFACES_TO_CFACE(geom.f90:12268); INIT_WALL_CELL(init.f90:3153); ADD_TO_PARTICLE_SEND_BUFFER(part.f90:4876); PROC_MESH(read.f90:944),no,"written only outside the time loop (setup/IO); read-only while stepping -> needs a device/const mirror, not a blocker for PURE",REAL(EB),,1,0,15,
GLOBAL_CONSTANTS,XS_MIN,cons.f90,541,runtime_scalar,READ_MESH(read.f90:771),DUMP_ISOF(dump.f90:4928); GET_EXT_INB_CUTFACES_TO_CFACE(geom.f90:12268); INIT_WALL_CELL(init.f90:3154); ADD_TO_PARTICLE_SEND_BUFFER(part.f90:4877); PROC_MESH(read.f90:944),no,"written only outside the time loop (setup/IO); read-only while stepping -> needs a device/const mirror, not a blocker for PURE",REAL(EB),,1,0,15,
GLOBAL_CONSTANTS,YF_MAX,cons.f90,541,runtime_scalar,READ_MESH(read.f90:774),DUMP_ISOF(dump.f90:4929); GET_EXT_INB_CUTFACES_TO_CFACE(geom.f90:12271); INIT_WALL_CELL(init.f90:3155); ADD_TO_PARTICLE_SEND_BUFFER(part.f90:4887); PROC_MESH(read.f90:947),no,"written only outside the time loop (setup/IO); read-only while stepping -> needs a device/const mirror, not a blocker for PURE",REAL(EB),,1,0,11,
GLOBAL_CONSTANTS,YS_MIN,cons.f90,541,runtime_scalar,READ_MESH(read.f90:773),DUMP_ISOF(dump.f90:4929); GET_EXT_INB_CUTFACES_TO_CFACE(geom.f90:12271); INIT_WALL_CELL(init.f90:3156); ADD_TO_PARTICLE_SEND_BUFFER(part.f90:4888); PROC_MESH(read.f90:947),no,"written only outside the time loop (setup/IO); read-only while stepping -> needs a device/const mirror, not a blocker for PURE",REAL(EB),,1,0,11,
GLOBAL_CONSTANTS,ZETA_0_RAMP_INDEX,cons.f90,472,runtime_scalar,READ_COMB(read.f90:4724),COMBUSTION_GENERAL_LOAD_BALANCED(fire.f90:184),no,"written only outside the time loop (setup/IO); read-only while stepping -> needs a device/const mirror, not a blocker for PURE",INTEGER,,1,0,1,
GLOBAL_CONSTANTS,ZETA_INDEX,cons.f90,172,runtime_scalar,,GET_RHOZZ_CC_3D(ccib.f90:13244); CLIP_PASSIVE_SCALARS(mass.f90:984),no,"no write found (initialised in declaration, via namelist/READ of a different name, or by intrinsic/MPI with unresolved intent)",INTEGER,,0,0,2,
GLOBAL_CONSTANTS,ZF_MAX,cons.f90,541,runtime_scalar,READ_MESH(read.f90:776),DUMP_ISOF(dump.f90:4930); GET_EXT_INB_CUTFACES_TO_CFACE(geom.f90:12274); INIT_WALL_CELL(init.f90:3157); ADD_TO_PARTICLE_SEND_BUFFER(part.f90:4898); PROC_MESH(read.f90:950),no,"written only outside the time loop (setup/IO); read-only while stepping -> needs a device/const mirror, not a blocker for PURE",REAL(EB),,1,0,11,
GLOBAL_CONSTANTS,ZS_MIN,cons.f90,541,runtime_scalar,READ_MESH(read.f90:775),DUMP_ISOF(dump.f90:4930); INITIALIZE_MESH_DUMPS(dump.f90:1076); GET_EXT_INB_CUTFACES_TO_CFACE(geom.f90:12274); INITIALIZE_ATMOSPHERE(init.f90:460); INIT_WALL_CELL(init.f90:3158),no,"written only outside the time loop (setup/IO); read-only while stepping -> needs a device/const mirror, not a blocker for PURE",REAL(EB),,1,0,13,
GLOBAL_CONSTANTS,ZZ_MIN_GLOBAL,cons.f90,449,runtime_scalar,,GAS_PHASE_OUTPUT(dump.f90:9268); COMBUSTION_MODEL(fire.f90:876); CONDENSATION_EVAPORATION(fire.f90:1983); SOOT_SURFACE_OXIDATION(soot.f90:417),no,"no write found (initialised in declaration, via namelist/READ of a different name, or by intrinsic/MPI with unresolved intent)",REAL(EB),,0,0,4,
GLOBMAT_SOLVER,IPZ,pres.f90,3184,runtime_scalar,,FINISH_GLMAT_SOLVER(pres.f90:6083); GET_BCS_H_MATRIX(pres.f90:4934); GET_H_MATRIX(pres.f90:5038); GET_MATRIXGRAPH_H_WHLDOM(pres.f90:5326); GET_MATRIX_INDEXES_H(pres.f90:5718),no,"no write found (initialised in declaration, via namelist/READ of a different name, or by intrinsic/MPI with unresolved intent)",INTEGER,,0,0,6,
HVAC_ROUTINES,MESSAGE,hvac.f90,29,runtime_scalar,,INITIALIZE_HVAC(hvac.f90:2390); PROC_HVAC(hvac.f90:867),no,"no write found (initialised in declaration, via namelist/READ of a different name, or by intrinsic/MPI with unresolved intent)",CHARACTER(255),,0,0,2,
HVAC_ROUTINES,N_DUCT_QUANTITY,hvac.f90,62,runtime_scalar,READ_HVAC(hvac.f90:723),WRITE_SMOKEVIEW_FILE(dump.f90:2394),no,"written only outside the time loop (setup/IO); read-only while stepping -> needs a device/const mirror, not a blocker for PURE",INTEGER,,1,0,1,
HVAC_ROUTINES,N_NODE_QUANTITY,hvac.f90,63,runtime_scalar,READ_HVAC(hvac.f90:741),WRITE_SMOKEVIEW_FILE(dump.f90:2394),no,"written only outside the time loop (setup/IO); read-only while stepping -> needs a device/const mirror, not a blocker for PURE",INTEGER,,1,0,1,
HYPRE_INTERFACE,HYPRE_IERR,imkl.f90,235,runtime_scalar,,,maybe,"no write found (initialised in declaration, via namelist/READ of a different name, or by intrinsic/MPI with unresolved intent) | passed at run time to callee(s) with unresolved intent: ULMAT_SOLVE_ZONE, ULMAT_H_MATRIX_SOLVER_SETUP, FINISH_ULMAT_SOLVER, GLMAT_SOLVER",INTEGER,,0,0,5,
MANUFACTURED_SOLUTIONS,RHO_0_MMS,turb.f90,3328,runtime_scalar,SAAD_MMS_1(turb.f90:3350); SHUNN_MMS_3(turb.f90:3381),,no,"written only outside the time loop (setup/IO); read-only while stepping -> needs a device/const mirror, not a blocker for PURE",REAL(EB),,2,0,2,
MANUFACTURED_SOLUTIONS,RHO_1_MMS,turb.f90,3328,runtime_scalar,SAAD_MMS_1(turb.f90:3351); SHUNN_MMS_3(turb.f90:3382),,no,"written only outside the time loop (setup/IO); read-only while stepping -> needs a device/const mirror, not a blocker for PURE",REAL(EB),,2,0,2,
OUTPUT_CLOCKS,DT_BNDF,cons.f90,884,runtime_scalar,READ_RESTART(dump.f90:4143); INITIALIZE_OUTPUT_CLOCKS(func.f90:449); READ_DUMP(read.f90:2389),DUMP_RESTART(dump.f90:3951),no,"written only outside the time loop (setup/IO); read-only while stepping -> needs a device/const mirror, not a blocker for PURE",REAL(EB),,3,0,3,
OUTPUT_CLOCKS,DT_BNDF_SPECIFIED,cons.f90,887,runtime_scalar,READ_DUMP(read.f90:2389),READ_RESTART(dump.f90:4286),no,"written only outside the time loop (setup/IO); read-only while stepping -> needs a device/const mirror, not a blocker for PURE",REAL(EB),,1,0,1,
OUTPUT_CLOCKS,DT_BNDF_VTK,cons.f90,886,runtime_scalar,INITIALIZE_OUTPUT_CLOCKS(func.f90:473); READ_DUMP(read.f90:2412),,no,"written only outside the time loop (setup/IO); read-only while stepping -> needs a device/const mirror, not a blocker for PURE",REAL(EB),,2,0,1,
OUTPUT_CLOCKS,DT_CPU,cons.f90,885,runtime_scalar,READ_RESTART(dump.f90:4143); INITIALIZE_OUTPUT_CLOCKS(func.f90:450); READ_DUMP(read.f90:2390),DUMP_RESTART(dump.f90:3951),no,"written only outside the time loop (setup/IO); read-only while stepping -> needs a device/const mirror, not a blocker for PURE",REAL(EB),,3,0,3,
OUTPUT_CLOCKS,DT_CPU_SPECIFIED,cons.f90,890,runtime_scalar,READ_DUMP(read.f90:2390),READ_RESTART(dump.f90:4287),no,"written only outside the time loop (setup/IO); read-only while stepping -> needs a device/const mirror, not a blocker for PURE",REAL(EB),,1,0,1,
OUTPUT_CLOCKS,DT_CTRL,cons.f90,884,runtime_scalar,READ_RESTART(dump.f90:4143); INITIALIZE_OUTPUT_CLOCKS(func.f90:451); READ_DUMP(read.f90:2391),DUMP_RESTART(dump.f90:3951),no,"written only outside the time loop (setup/IO); read-only while stepping -> needs a device/const mirror, not a blocker for PURE",REAL(EB),,3,0,3,
OUTPUT_CLOCKS,DT_CTRL_SPECIFIED,cons.f90,889,runtime_scalar,READ_DUMP(read.f90:2391),READ_RESTART(dump.f90:4288),no,"written only outside the time loop (setup/IO); read-only while stepping -> needs a device/const mirror, not a blocker for PURE",REAL(EB),,1,0,1,
OUTPUT_CLOCKS,DT_DEVC,cons.f90,884,runtime_scalar,READ_RESTART(dump.f90:4143); INITIALIZE_OUTPUT_CLOCKS(func.f90:452); READ_DUMP(read.f90:2392),DUMP_RESTART(dump.f90:3951),no,"written only outside the time loop (setup/IO); read-only while stepping -> needs a device/const mirror, not a blocker for PURE",REAL(EB),,3,0,3,
OUTPUT_CLOCKS,DT_DEVC_SPECIFIED,cons.f90,887,runtime_scalar,READ_DUMP(read.f90:2392),READ_RESTART(dump.f90:4289),no,"written only outside the time loop (setup/IO); read-only while stepping -> needs a device/const mirror, not a blocker for PURE",REAL(EB),,1,0,1,
OUTPUT_CLOCKS,DT_FLUSH,cons.f90,885,runtime_scalar,READ_RESTART(dump.f90:4143); INITIALIZE_OUTPUT_CLOCKS(func.f90:453); READ_DUMP(read.f90:2393),DUMP_RESTART(dump.f90:3951),no,"written only outside the time loop (setup/IO); read-only while stepping -> needs a device/const mirror, not a blocker for PURE",REAL(EB),,3,0,3,
OUTPUT_CLOCKS,DT_FLUSH_SPECIFIED,cons.f90,890,runtime_scalar,READ_DUMP(read.f90:2393),READ_RESTART(dump.f90:4290),no,"written only outside the time loop (setup/IO); read-only while stepping -> needs a device/const mirror, not a blocker for PURE",REAL(EB),,1,0,1,
OUTPUT_CLOCKS,DT_GEOM,cons.f90,885,runtime_scalar,READ_RESTART(dump.f90:4143); INITIALIZE_OUTPUT_CLOCKS(func.f90:454); READ_DUMP(read.f90:2394),DUMP_RESTART(dump.f90:3951),no,"written only outside the time loop (setup/IO); read-only while stepping -> needs a device/const mirror, not a blocker for PURE",REAL(EB),,3,0,3,
OUTPUT_CLOCKS,DT_GEOM_SPECIFIED,cons.f90,890,runtime_scalar,READ_DUMP(read.f90:2394),READ_RESTART(dump.f90:4291),no,"written only outside the time loop (setup/IO); read-only while stepping -> needs a device/const mirror, not a blocker for PURE",REAL(EB),,1,0,1,
OUTPUT_CLOCKS,DT_HRR,cons.f90,884,runtime_scalar,READ_RESTART(dump.f90:4143); INITIALIZE_OUTPUT_CLOCKS(func.f90:455); READ_DUMP(read.f90:2395),DUMP_RESTART(dump.f90:3951),no,"written only outside the time loop (setup/IO); read-only while stepping -> needs a device/const mirror, not a blocker for PURE",REAL(EB),,3,0,3,
OUTPUT_CLOCKS,DT_HRR_SPECIFIED,cons.f90,888,runtime_scalar,READ_DUMP(read.f90:2395),READ_RESTART(dump.f90:4292),no,"written only outside the time loop (setup/IO); read-only while stepping -> needs a device/const mirror, not a blocker for PURE",REAL(EB),,1,0,1,
OUTPUT_CLOCKS,DT_HVAC,cons.f90,884,runtime_scalar,INITIALIZE_OUTPUT_CLOCKS(func.f90:456); READ_DUMP(read.f90:2396),,no,"written only outside the time loop (setup/IO); read-only while stepping -> needs a device/const mirror, not a blocker for PURE",REAL(EB),,2,0,1,
OUTPUT_CLOCKS,DT_ISOF,cons.f90,884,runtime_scalar,READ_RESTART(dump.f90:4143); INITIALIZE_OUTPUT_CLOCKS(func.f90:457); READ_DUMP(read.f90:2397),DUMP_RESTART(dump.f90:3951),no,"written only outside the time loop (setup/IO); read-only while stepping -> needs a device/const mirror, not a blocker for PURE",REAL(EB),,3,0,3,
OUTPUT_CLOCKS,DT_ISOF_SPECIFIED,cons.f90,888,runtime_scalar,READ_DUMP(read.f90:2397),READ_RESTART(dump.f90:4293),no,"written only outside the time loop (setup/IO); read-only while stepping -> needs a device/const mirror, not a blocker for PURE",REAL(EB),,1,0,1,
OUTPUT_CLOCKS,DT_MASS,cons.f90,884,runtime_scalar,READ_RESTART(dump.f90:4143); INITIALIZE_OUTPUT_CLOCKS(func.f90:458); READ_DUMP(read.f90:2398),DUMP_RESTART(dump.f90:3951),no,"written only outside the time loop (setup/IO); read-only while stepping -> needs a device/const mirror, not a blocker for PURE",REAL(EB),,3,0,3,
OUTPUT_CLOCKS,DT_MASS_SPECIFIED,cons.f90,889,runtime_scalar,READ_DUMP(read.f90:2398),READ_RESTART(dump.f90:4294),no,"written only outside the time loop (setup/IO); read-only while stepping -> needs a device/const mirror, not a blocker for PURE",REAL(EB),,1,0,1,
OUTPUT_CLOCKS,DT_PART,cons.f90,884,runtime_scalar,READ_RESTART(dump.f90:4143); INITIALIZE_OUTPUT_CLOCKS(func.f90:459); READ_DUMP(read.f90:2399),DUMP_RESTART(dump.f90:3951),no,"written only outside the time loop (setup/IO); read-only while stepping -> needs a device/const mirror, not a blocker for PURE",REAL(EB),,3,0,3,
OUTPUT_CLOCKS,DT_PART_SPECIFIED,cons.f90,888,runtime_scalar,READ_DUMP(read.f90:2399),READ_RESTART(dump.f90:4295),no,"written only outside the time loop (setup/IO); read-only while stepping -> needs a device/const mirror, not a blocker for PURE",REAL(EB),,1,0,1,
OUTPUT_CLOCKS,DT_PART_VTK,cons.f90,886,runtime_scalar,INITIALIZE_OUTPUT_CLOCKS(func.f90:474); READ_DUMP(read.f90:2413),,no,"written only outside the time loop (setup/IO); read-only while stepping -> needs a device/const mirror, not a blocker for PURE",REAL(EB),,2,0,1,
OUTPUT_CLOCKS,DT_PL3D,cons.f90,884,runtime_scalar,READ_RESTART(dump.f90:4143); INITIALIZE_OUTPUT_CLOCKS(func.f90:460); READ_DUMP(read.f90:2400),DUMP_RESTART(dump.f90:3951),no,"written only outside the time loop (setup/IO); read-only while stepping -> needs a device/const mirror, not a blocker for PURE",REAL(EB),,3,0,3,
OUTPUT_CLOCKS,DT_PL3D_SPECIFIED,cons.f90,887,runtime_scalar,READ_DUMP(read.f90:2400),READ_RESTART(dump.f90:4296),no,"written only outside the time loop (setup/IO); read-only while stepping -> needs a device/const mirror, not a blocker for PURE",REAL(EB),,1,0,1,
OUTPUT_CLOCKS,DT_PROF,cons.f90,884,runtime_scalar,READ_RESTART(dump.f90:4143); INITIALIZE_OUTPUT_CLOCKS(func.f90:461); READ_DUMP(read.f90:2401),DUMP_RESTART(dump.f90:3951),no,"written only outside the time loop (setup/IO); read-only while stepping -> needs a device/const mirror, not a blocker for PURE",REAL(EB),,3,0,3,
OUTPUT_CLOCKS,DT_PROF_SPECIFIED,cons.f90,889,runtime_scalar,READ_DUMP(read.f90:2401),READ_RESTART(dump.f90:4297),no,"written only outside the time loop (setup/IO); read-only while stepping -> needs a device/const mirror, not a blocker for PURE",REAL(EB),,1,0,1,
OUTPUT_CLOCKS,DT_RADF,cons.f90,885,runtime_scalar,READ_RESTART(dump.f90:4143); INITIALIZE_OUTPUT_CLOCKS(func.f90:462); READ_DUMP(read.f90:2402),DUMP_RESTART(dump.f90:3951),no,"written only outside the time loop (setup/IO); read-only while stepping -> needs a device/const mirror, not a blocker for PURE",REAL(EB),,3,0,3,
OUTPUT_CLOCKS,DT_RADF_SPECIFIED,cons.f90,891,runtime_scalar,READ_DUMP(read.f90:2402),READ_RESTART(dump.f90:4298),no,"written only outside the time loop (setup/IO); read-only while stepping -> needs a device/const mirror, not a blocker for PURE",REAL(EB),,1,0,1,
OUTPUT_CLOCKS,DT_RESTART,cons.f90,884,runtime_scalar,INITIALIZE_OUTPUT_CLOCKS(func.f90:463); READ_DUMP(read.f90:2403),,no,"written only outside the time loop (setup/IO); read-only while stepping -> needs a device/const mirror, not a blocker for PURE",REAL(EB),,2,0,1,
OUTPUT_CLOCKS,DT_SL3D,cons.f90,885,runtime_scalar,READ_RESTART(dump.f90:4144); INITIALIZE_OUTPUT_CLOCKS(func.f90:465); READ_DUMP(read.f90:2405),DUMP_RESTART(dump.f90:3952),no,"written only outside the time loop (setup/IO); read-only while stepping -> needs a device/const mirror, not a blocker for PURE",REAL(EB),,3,0,3,
OUTPUT_CLOCKS,DT_SL3D_SPECIFIED,cons.f90,890,runtime_scalar,READ_DUMP(read.f90:2405),READ_RESTART(dump.f90:4300),no,"written only outside the time loop (setup/IO); read-only while stepping -> needs a device/const mirror, not a blocker for PURE",REAL(EB),,1,0,1,
OUTPUT_CLOCKS,DT_SL3D_VTK,cons.f90,886,runtime_scalar,INITIALIZE_OUTPUT_CLOCKS(func.f90:471); READ_DUMP(read.f90:2410),,no,"written only outside the time loop (setup/IO); read-only while stepping -> needs a device/const mirror, not a blocker for PURE",REAL(EB),,2,0,1,
OUTPUT_CLOCKS,DT_SLCF,cons.f90,884,runtime_scalar,READ_RESTART(dump.f90:4144); INITIALIZE_OUTPUT_CLOCKS(func.f90:464); READ_DUMP(read.f90:2404),DUMP_RESTART(dump.f90:3952),no,"written only outside the time loop (setup/IO); read-only while stepping -> needs a device/const mirror, not a blocker for PURE",REAL(EB),,3,0,3,
OUTPUT_CLOCKS,DT_SLCF_SPECIFIED,cons.f90,887,runtime_scalar,READ_DUMP(read.f90:2404),READ_RESTART(dump.f90:4299),no,"written only outside the time loop (setup/IO); read-only while stepping -> needs a device/const mirror, not a blocker for PURE",REAL(EB),,1,0,1,
OUTPUT_CLOCKS,DT_SLCF_VTK,cons.f90,886,runtime_scalar,INITIALIZE_OUTPUT_CLOCKS(func.f90:470); READ_DUMP(read.f90:2409),,no,"written only outside the time loop (setup/IO); read-only while stepping -> needs a device/const mirror, not a blocker for PURE",REAL(EB),,2,0,1,
OUTPUT_CLOCKS,DT_SM3D_VTK,cons.f90,886,runtime_scalar,INITIALIZE_OUTPUT_CLOCKS(func.f90:472); READ_DUMP(read.f90:2411),,no,"written only outside the time loop (setup/IO); read-only while stepping -> needs a device/const mirror, not a blocker for PURE",REAL(EB),,2,0,1,
OUTPUT_CLOCKS,DT_SMOKE3D,cons.f90,885,runtime_scalar,READ_RESTART(dump.f90:4144); INITIALIZE_OUTPUT_CLOCKS(func.f90:466); READ_DUMP(read.f90:2406),DUMP_RESTART(dump.f90:3952),no,"written only outside the time loop (setup/IO); read-only while stepping -> needs a device/const mirror, not a blocker for PURE",REAL(EB),,3,0,3,
OUTPUT_CLOCKS,DT_SMOKE3D_SPECIFIED,cons.f90,891,runtime_scalar,READ_DUMP(read.f90:2406),READ_RESTART(dump.f90:4301),no,"written only outside the time loop (setup/IO); read-only while stepping -> needs a device/const mirror, not a blocker for PURE",REAL(EB),,1,0,1,
OUTPUT_CLOCKS,DT_SPEC,cons.f90,885,runtime_scalar,READ_RESTART(dump.f90:4304); INITIALIZE_OUTPUT_CLOCKS(func.f90:469); READ_DUMP(read.f90:2415),,no,"written only outside the time loop (setup/IO); read-only while stepping -> needs a device/const mirror, not a blocker for PURE",REAL(EB),,3,0,2,
OUTPUT_CLOCKS,DT_SPEC_SPECIFIED,cons.f90,892,runtime_scalar,READ_DUMP(read.f90:2415),READ_RESTART(dump.f90:4304),no,"written only outside the time loop (setup/IO); read-only while stepping -> needs a device/const mirror, not a blocker for PURE",REAL(EB),,1,0,1,
OUTPUT_CLOCKS,DT_TMP,cons.f90,885,runtime_scalar,READ_RESTART(dump.f90:4303); INITIALIZE_OUTPUT_CLOCKS(func.f90:468); READ_DUMP(read.f90:2414),,no,"written only outside the time loop (setup/IO); read-only while stepping -> needs a device/const mirror, not a blocker for PURE",REAL(EB),,3,0,2,
OUTPUT_CLOCKS,DT_TMP_SPECIFIED,cons.f90,891,runtime_scalar,READ_DUMP(read.f90:2414),READ_RESTART(dump.f90:4303),no,"written only outside the time loop (setup/IO); read-only while stepping -> needs a device/const mirror, not a blocker for PURE",REAL(EB),,1,0,1,
OUTPUT_CLOCKS,DT_UVW,cons.f90,885,runtime_scalar,READ_RESTART(dump.f90:4144); INITIALIZE_OUTPUT_CLOCKS(func.f90:467); READ_DUMP(read.f90:2407),DUMP_RESTART(dump.f90:3952),no,"written only outside the time loop (setup/IO); read-only while stepping -> needs a device/const mirror, not a blocker for PURE",REAL(EB),,3,0,3,
OUTPUT_CLOCKS,DT_UVW_SPECIFIED,cons.f90,891,runtime_scalar,READ_DUMP(read.f90:2407),READ_RESTART(dump.f90:4302),no,"written only outside the time loop (setup/IO); read-only while stepping -> needs a device/const mirror, not a blocker for PURE",REAL(EB),,1,0,1,
OUTPUT_CLOCKS,DT_VTK,cons.f90,885,runtime_scalar,READ_RESTART(dump.f90:4144); READ_DUMP(read.f90:2408),DUMP_RESTART(dump.f90:3952),no,"written only outside the time loop (setup/IO); read-only while stepping -> needs a device/const mirror, not a blocker for PURE",REAL(EB),,2,0,2,
OUTPUT_CLOCKS,DT_VTK_SPECIFIED,cons.f90,892,runtime_scalar,READ_DUMP(read.f90:2408),READ_RESTART(dump.f90:4305); WRITE_PARAVIEW_STATE_FILE(vtkf.f90:4039),no,"written only outside the time loop (setup/IO); read-only while stepping -> needs a device/const mirror, not a blocker for PURE",REAL(EB),,1,0,2,
OUTPUT_CLOCKS,RAMP_BNDF_INDEX,cons.f90,846,runtime_scalar,READ_DUMP(read.f90:2490),INITIALIZE_OUTPUT_CLOCKS(func.f90:449),no,"written only outside the time loop (setup/IO); read-only while stepping -> needs a device/const mirror, not a blocker for PURE",INTEGER,,1,0,1,
OUTPUT_CLOCKS,RAMP_CPU_INDEX,cons.f90,848,runtime_scalar,READ_DUMP(read.f90:2491),INITIALIZE_OUTPUT_CLOCKS(func.f90:450),no,"written only outside the time loop (setup/IO); read-only while stepping -> needs a device/const mirror, not a blocker for PURE",INTEGER,,1,0,1,
OUTPUT_CLOCKS,RAMP_CTRL_INDEX,cons.f90,847,runtime_scalar,READ_DUMP(read.f90:2492),INITIALIZE_OUTPUT_CLOCKS(func.f90:451),no,"written only outside the time loop (setup/IO); read-only while stepping -> needs a device/const mirror, not a blocker for PURE",INTEGER,,1,0,1,
OUTPUT_CLOCKS,RAMP_DEVC_INDEX,cons.f90,849,runtime_scalar,READ_DUMP(read.f90:2493),INITIALIZE_OUTPUT_CLOCKS(func.f90:452),no,"written only outside the time loop (setup/IO); read-only while stepping -> needs a device/const mirror, not a blocker for PURE",INTEGER,,1,0,1,
OUTPUT_CLOCKS,RAMP_DT_INDEX,cons.f90,871,runtime_scalar,READ_TIME(read.f90:1526),CHECK_STABILITY(velo.f90:3203),no,"written only outside the time loop (setup/IO); read-only while stepping -> needs a device/const mirror, not a blocker for PURE",INTEGER,,1,0,1,
OUTPUT_CLOCKS,RAMP_FLSH_INDEX,cons.f90,850,runtime_scalar,READ_DUMP(read.f90:2494),INITIALIZE_OUTPUT_CLOCKS(func.f90:453),no,"written only outside the time loop (setup/IO); read-only while stepping -> needs a device/const mirror, not a blocker for PURE",INTEGER,,1,0,1,
OUTPUT_CLOCKS,RAMP_GEOM_INDEX,cons.f90,851,runtime_scalar,READ_DUMP(read.f90:2495),INITIALIZE_OUTPUT_CLOCKS(func.f90:454),no,"written only outside the time loop (setup/IO); read-only while stepping -> needs a device/const mirror, not a blocker for PURE",INTEGER,,1,0,1,
OUTPUT_CLOCKS,RAMP_HRR_INDEX,cons.f90,852,runtime_scalar,READ_DUMP(read.f90:2496),INITIALIZE_OUTPUT_CLOCKS(func.f90:455),no,"written only outside the time loop (setup/IO); read-only while stepping -> needs a device/const mirror, not a blocker for PURE",INTEGER,,1,0,1,
OUTPUT_CLOCKS,RAMP_HVAC_INDEX,cons.f90,853,runtime_scalar,READ_DUMP(read.f90:2497),INITIALIZE_OUTPUT_CLOCKS(func.f90:456),no,"written only outside the time loop (setup/IO); read-only while stepping -> needs a device/const mirror, not a blocker for PURE",INTEGER,,1,0,1,
OUTPUT_CLOCKS,RAMP_ISOF_INDEX,cons.f90,854,runtime_scalar,READ_DUMP(read.f90:2498),INITIALIZE_OUTPUT_CLOCKS(func.f90:457),no,"written only outside the time loop (setup/IO); read-only while stepping -> needs a device/const mirror, not a blocker for PURE",INTEGER,,1,0,1,
OUTPUT_CLOCKS,RAMP_MASS_INDEX,cons.f90,855,runtime_scalar,READ_DUMP(read.f90:2499),INITIALIZE_OUTPUT_CLOCKS(func.f90:458),no,"written only outside the time loop (setup/IO); read-only while stepping -> needs a device/const mirror, not a blocker for PURE",INTEGER,,1,0,1,
OUTPUT_CLOCKS,RAMP_PART_INDEX,cons.f90,856,runtime_scalar,READ_DUMP(read.f90:2500),INITIALIZE_OUTPUT_CLOCKS(func.f90:459),no,"written only outside the time loop (setup/IO); read-only while stepping -> needs a device/const mirror, not a blocker for PURE",INTEGER,,1,0,1,
OUTPUT_CLOCKS,RAMP_PL3D_INDEX,cons.f90,857,runtime_scalar,READ_DUMP(read.f90:2501),INITIALIZE_OUTPUT_CLOCKS(func.f90:460),no,"written only outside the time loop (setup/IO); read-only while stepping -> needs a device/const mirror, not a blocker for PURE",INTEGER,,1,0,1,
OUTPUT_CLOCKS,RAMP_PROF_INDEX,cons.f90,858,runtime_scalar,READ_DUMP(read.f90:2502),INITIALIZE_OUTPUT_CLOCKS(func.f90:461),no,"written only outside the time loop (setup/IO); read-only while stepping -> needs a device/const mirror, not a blocker for PURE",INTEGER,,1,0,1,
OUTPUT_CLOCKS,RAMP_RADF_INDEX,cons.f90,859,runtime_scalar,READ_DUMP(read.f90:2503),INITIALIZE_OUTPUT_CLOCKS(func.f90:462),no,"written only outside the time loop (setup/IO); read-only while stepping -> needs a device/const mirror, not a blocker for PURE",INTEGER,,1,0,1,
OUTPUT_CLOCKS,RAMP_RSRT_INDEX,cons.f90,860,runtime_scalar,READ_DUMP(read.f90:2504),INITIALIZE_OUTPUT_CLOCKS(func.f90:463),no,"written only outside the time loop (setup/IO); read-only while stepping -> needs a device/const mirror, not a blocker for PURE",INTEGER,,1,0,1,
OUTPUT_CLOCKS,RAMP_SL3D_INDEX,cons.f90,862,runtime_scalar,READ_DUMP(read.f90:2506),INITIALIZE_OUTPUT_CLOCKS(func.f90:465),no,"written only outside the time loop (setup/IO); read-only while stepping -> needs a device/const mirror, not a blocker for PURE",INTEGER,,1,0,1,
OUTPUT_CLOCKS,RAMP_SLCF_INDEX,cons.f90,861,runtime_scalar,READ_DUMP(read.f90:2505),INITIALIZE_OUTPUT_CLOCKS(func.f90:464),no,"written only outside the time loop (setup/IO); read-only while stepping -> needs a device/const mirror, not a blocker for PURE",INTEGER,,1,0,1,
OUTPUT_CLOCKS,RAMP_SM3D_INDEX,cons.f90,863,runtime_scalar,READ_DUMP(read.f90:2507),INITIALIZE_OUTPUT_CLOCKS(func.f90:466),no,"written only outside the time loop (setup/IO); read-only while stepping -> needs a device/const mirror, not a blocker for PURE",INTEGER,,1,0,1,
OUTPUT_CLOCKS,RAMP_SPEC_INDEX,cons.f90,864,runtime_scalar,READ_DUMP(read.f90:2510),INITIALIZE_OUTPUT_CLOCKS(func.f90:469),no,"written only outside the time loop (setup/IO); read-only while stepping -> needs a device/const mirror, not a blocker for PURE",INTEGER,,1,0,1,
OUTPUT_CLOCKS,RAMP_TIME_INDEX,cons.f90,870,runtime_scalar,READ_TIME(read.f90:1525),CHECK_STABILITY(velo.f90:3168),no,"written only outside the time loop (setup/IO); read-only while stepping -> needs a device/const mirror, not a blocker for PURE",INTEGER,,1,0,1,
OUTPUT_CLOCKS,RAMP_TMP_INDEX,cons.f90,872,runtime_scalar,READ_DUMP(read.f90:2509),INITIALIZE_OUTPUT_CLOCKS(func.f90:468),no,"written only outside the time loop (setup/IO); read-only while stepping -> needs a device/const mirror, not a blocker for PURE",INTEGER,,1,0,1,
OUTPUT_CLOCKS,RAMP_UVW_INDEX,cons.f90,873,runtime_scalar,READ_DUMP(read.f90:2508),INITIALIZE_OUTPUT_CLOCKS(func.f90:467),no,"written only outside the time loop (setup/IO); read-only while stepping -> needs a device/const mirror, not a blocker for PURE",INTEGER,,1,0,1,
OUTPUT_DATA,N_BNDF,data.f90,15,runtime_scalar,READ_BNDF(read.f90:16615),ASSIGN_FILE_NAMES(dump.f90:420); DUMP_BNDF(dump.f90:11969); DUMP_BNDF_VTKHDF(dump.f90:12252); DUMP_RESTART(dump.f90:4039); INITIALIZE_DIAGNOSTIC_FILE(dump.f90:3795),no,"written only outside the time loop (setup/IO); read-only while stepping -> needs a device/const mirror, not a blocker for PURE",INTEGER,,1,0,9,
OUTPUT_DATA,N_ISOF,data.f90,15,runtime_scalar,READ_ISOF(read.f90:15883),ASSIGN_FILE_NAMES(dump.f90:410); DUMP_ISOF(dump.f90:4917); INITIALIZE_DIAGNOSTIC_FILE(dump.f90:3772); INITIALIZE_MESH_DUMPS(dump.f90:1106),no,"written only outside the time loop (setup/IO); read-only while stepping -> needs a device/const mirror, not a blocker for PURE",INTEGER,,1,0,4,
OUTPUT_DATA,N_PROF,data.f90,15,runtime_scalar,READ_PROF(read.f90:15709),ASSIGN_FILE_NAMES(dump.f90:394); DUMP_PROF(dump.f90:11384); INITIALIZE_PROFILES(init.f90:2782); VOLUME_INIT_PARTICLE(part.f90:1535); READ_PROF(read.f90:15715),no,"written only outside the time loop (setup/IO); read-only while stepping -> needs a device/const mirror, not a blocker for PURE",INTEGER,,1,0,5,
OUTPUT_DATA,N_RADF_MAX,data.f90,15,runtime_scalar,READ_RADF(read.f90:16596),ASSIGN_FILE_NAMES(dump.f90:428); READ_RADF(read.f90:16596),no,"written only outside the time loop (setup/IO); read-only while stepping -> needs a device/const mirror, not a blocker for PURE",INTEGER,,1,0,2,
OUTPUT_DATA,N_SLCF_MAX,data.f90,15,runtime_scalar,READ_SLCF(read.f90:16357),ASSIGN_FILE_NAMES(dump.f90:414); DUMP_SLCF(dump.f90:7036); INITIALIZE_MESH_DUMPS(dump.f90:1196); READ_SLCF(read.f90:16357),no,"written only outside the time loop (setup/IO); read-only while stepping -> needs a device/const mirror, not a blocker for PURE",INTEGER,,1,0,4,
OUTPUT_DATA,N_SMOKE3D,data.f90,15,runtime_scalar,READ_SM3D(read.f90:16729),ASSIGN_FILE_NAMES(dump.f90:436); DUMP_SMOKE3D(dump.f90:5069); DUMP_SMOKE3D_VTKHDF(dump.f90:5209); INITIALIZE_MESH_DUMPS(dump.f90:1148); INITIALIZE_VTKHDF_FILES(vtkf.f90:1342),no,"written only outside the time loop (setup/IO); read-only while stepping -> needs a device/const mirror, not a blocker for PURE",INTEGER,,1,0,5,
RAD,KAPPA_C_FAC,radi.f90,2775,runtime_scalar,INIT_RADIATION(radi.f90:3101),INIT_RADIATION(radi.f90:3102),no,"written only outside the time loop (setup/IO); read-only while stepping -> needs a device/const mirror, not a blocker for PURE",REAL(EB),,1,0,1,
RAD,KAPPA_C_MAX,radi.f90,2773,runtime_scalar,,INIT_RADIATION(radi.f90:3101),no,"no write found (initialised in declaration, via namelist/READ of a different name, or by intrinsic/MPI with unresolved intent)",REAL(EB),,0,0,1,
RAD,KAPPA_C_MIN,radi.f90,2773,runtime_scalar,,INIT_RADIATION(radi.f90:3101),no,"no write found (initialised in declaration, via namelist/READ of a different name, or by intrinsic/MPI with unresolved intent)",REAL(EB),,0,0,1,
RAD,KAPPA_X_FAC,radi.f90,2774,runtime_scalar,INIT_RADIATION(radi.f90:3099),INIT_RADIATION(radi.f90:3100),no,"written only outside the time loop (setup/IO); read-only while stepping -> needs a device/const mirror, not a blocker for PURE",REAL(EB),,1,0,1,
RAD,KAPPA_X_MAX,radi.f90,2772,runtime_scalar,,INIT_RADIATION(radi.f90:3099),no,"no write found (initialised in declaration, via namelist/READ of a different name, or by intrinsic/MPI with unresolved intent)",REAL(EB),,0,0,1,
RAD,KAPPA_X_MIN,radi.f90,2772,runtime_scalar,,INIT_RADIATION(radi.f90:3099),no,"no write found (initialised in declaration, via namelist/READ of a different name, or by intrinsic/MPI with unresolved intent)",REAL(EB),,0,0,1,
RAD,LOG_KAPPA_C_FAC,radi.f90,2775,runtime_scalar,INIT_RADIATION(radi.f90:3102),,no,"written only outside the time loop (setup/IO); read-only while stepping -> needs a device/const mirror, not a blocker for PURE",REAL(EB),,1,0,1,
RAD,LOG_KAPPA_X_FAC,radi.f90,2774,runtime_scalar,INIT_RADIATION(radi.f90:3100),,no,"written only outside the time loop (setup/IO); read-only while stepping -> needs a device/const mirror, not a blocker for PURE",REAL(EB),,1,0,1,
RAD,N_KAPPA_T,radi.f90,2770,runtime_scalar,,INIT_RADIATION(radi.f90:3150),no,"no write found (initialised in declaration, via namelist/READ of a different name, or by intrinsic/MPI with unresolved intent)",INTEGER,,0,0,1,
RAD,N_KAPPA_X,radi.f90,2771,runtime_scalar,,INIT_RADIATION(radi.f90:3099),no,"no write found (initialised in declaration, via namelist/READ of a different name, or by intrinsic/MPI with unresolved intent)",INTEGER,,0,0,1,
RAD,N_RADCAL_ARRAY_SIZE,radi.f90,2779,runtime_scalar,INIT_RADIATION(radi.f90:2986),RADIATION_FVM(radi.f90:3999); INIT_RADIATION(radi.f90:2991),no,"written only outside the time loop (setup/IO); read-only while stepping -> needs a device/const mirror, not a blocker for PURE",INTEGER,,1,0,2,
RAD,TYY_FAC,radi.f90,2769,runtime_scalar,INIT_RADIATION(radi.f90:3274),,no,"written only outside the time loop (setup/IO); read-only while stepping -> needs a device/const mirror, not a blocker for PURE",REAL(EB),,1,0,1,
RADCAL_VAR,LAMBDAMAX,rcal.f90,24,runtime_scalar,INIT_RADIATION(radi.f90:3146),,no,"written only outside the time loop (setup/IO); read-only while stepping -> needs a device/const mirror, not a blocker for PURE",REAL(EB),,1,0,1,
RADCAL_VAR,LAMBDAMIN,rcal.f90,23,runtime_scalar,INIT_RADIATION(radi.f90:3145),,no,"written only outside the time loop (setup/IO); read-only while stepping -> needs a device/const mirror, not a blocker for PURE",REAL(EB),,1,0,1,
RADCAL_VAR,NPT,rcal.f90,30,runtime_scalar,INIT_RADIATION(radi.f90:3143),,no,"written only outside the time loop (setup/IO); read-only while stepping -> needs a device/const mirror, not a blocker for PURE",INTEGER,,1,0,1,
RADCAL_VAR,OMMAX,rcal.f90,22,runtime_scalar,INIT_RADIATION(radi.f90:3155),,no,"written only outside the time loop (setup/IO); read-only while stepping -> needs a device/const mirror, not a blocker for PURE",REAL(EB),,1,0,1,
RADCAL_VAR,OMMIN,rcal.f90,21,runtime_scalar,INIT_RADIATION(radi.f90:3154),,no,"written only outside the time loop (setup/IO); read-only while stepping -> needs a device/const mirror, not a blocker for PURE",REAL(EB),,1,0,1,
RADCAL_VAR,TAU,rcal.f90,26,runtime_scalar,,RADIATION_FVM(radi.f90:4913),no,"no write found (initialised in declaration, via namelist/READ of a different name, or by intrinsic/MPI with unresolved intent)",REAL(EB),,0,0,1,
RADCAL_VAR,TWALL,rcal.f90,25,runtime_scalar,INIT_RADIATION(radi.f90:3144),,no,"written only outside the time loop (setup/IO); read-only while stepping -> needs a device/const mirror, not a blocker for PURE",REAL(EB),,1,0,1,
RADCONS,DPHI0,cons.f90,930,runtime_scalar,INIT_RADIATION(radi.f90:2825),RADIATION_FVM(radi.f90:4438),no,"written only outside the time loop (setup/IO); read-only while stepping -> needs a device/const mirror, not a blocker for PURE",REAL(EB),,1,0,2,
RADCONS,FOUR_SIGMA,cons.f90,931,runtime_scalar,INIT_RADIATION(radi.f90:2817),RADIATION_FVM(radi.f90:3966),no,"written only outside the time loop (setup/IO); read-only while stepping -> needs a device/const mirror, not a blocker for PURE",REAL(EB),,1,0,2,
RADCONS,LTSTEP,cons.f90,933,runtime_scalar,INIT_RADIATION(radi.f90:2884),INIT_RADIATION(radi.f90:2892),no,"written only outside the time loop (setup/IO); read-only while stepping -> needs a device/const mirror, not a blocker for PURE",REAL(EB),,1,0,1,
RADCONS,NLAMBDAT,cons.f90,947,runtime_scalar,INIT_RADIATION(radi.f90:2883),INIT_RADIATION(radi.f90:2885),no,"written only outside the time loop (setup/IO); read-only while stepping -> needs a device/const mirror, not a blocker for PURE",INTEGER,,1,0,1,
RADCONS,NRT,cons.f90,944,runtime_scalar,READ_RADI(read.f90:10340),INITIALIZE_DIAGNOSTIC_FILE(dump.f90:3824),no,"written only outside the time loop (setup/IO); read-only while stepping -> needs a device/const mirror, not a blocker for PURE",INTEGER,,1,0,1,
RADCONS,PATH_LENGTH,cons.f90,926,runtime_scalar,INIT_RADIATION(radi.f90:3136); READ_RADI(read.f90:10237),INITIALIZE_DIAGNOSTIC_FILE(dump.f90:3828); INIT_RADIATION(radi.f90:3136),no,"written only outside the time loop (setup/IO); read-only while stepping -> needs a device/const mirror, not a blocker for PURE",REAL(EB),,2,0,2,
RADCONS,RADTMP,cons.f90,925,runtime_scalar,READ_RADI(read.f90:10233),GAS_PHASE_OUTPUT(dump.f90:9523); RADIATION_FVM(radi.f90:3948); INIT_RADIATION(radi.f90:3144),no,"written only outside the time loop (setup/IO); read-only while stepping -> needs a device/const mirror, not a blocker for PURE",REAL(EB),,1,0,3,
RADCONS,RPI_SIGMA,cons.f90,932,runtime_scalar,INIT_RADIATION(radi.f90:2818),RADIATION_FVM(radi.f90:4311),no,"written only outside the time loop (setup/IO); read-only while stepping -> needs a device/const mirror, not a blocker for PURE",REAL(EB),,1,0,2,
RADCONS,RTMPMAX,cons.f90,934,runtime_scalar,INIT_RADIATION(radi.f90:2873),INIT_RADIATION(radi.f90:3163),no,"written only outside the time loop (setup/IO); read-only while stepping -> needs a device/const mirror, not a blocker for PURE",REAL(EB),,1,0,1,
RADCONS,RTMPMIN,cons.f90,935,runtime_scalar,INIT_RADIATION(radi.f90:2874),INIT_RADIATION(radi.f90:3163),no,"written only outside the time loop (setup/IO); read-only while stepping -> needs a device/const mirror, not a blocker for PURE",REAL(EB),,1,0,1,
RADCONS,TIME_STEP_INCREMENT,cons.f90,939,runtime_scalar,READ_RADI(read.f90:10226),INITIALIZE_DIAGNOSTIC_FILE(dump.f90:3816); FDS(main.f90:492); FDS[MAIN_LOOP](main.f90:1025); RADIATION_FVM(radi.f90:3855),no,"written only outside the time loop (setup/IO); read-only while stepping -> needs a device/const mirror, not a blocker for PURE",INTEGER,,1,0,4,
RADCONS,UIIDIM,cons.f90,946,runtime_scalar,READ_RADI(read.f90:10292),INITIALIZE_MESH_VARIABLES_1(init.f90:854); SPEC_INIT(init.f90:5522); TMP_INIT(init.f90:5452),no,"written only outside the time loop (setup/IO); read-only while stepping -> needs a device/const mirror, not a blocker for PURE",INTEGER,,1,0,3,
RADCONS,WIDE_BAND_MODEL,cons.f90,949,runtime_scalar,READ_RADI(read.f90:10234),RADIATION_FVM(radi.f90:3874); INIT_RADIATION(radi.f90:2878),no,"written only outside the time loop (setup/IO); read-only while stepping -> needs a device/const mirror, not a blocker for PURE",LOGICAL,,1,0,2,
RADCONS,WSGG_MODEL,cons.f90,950,runtime_scalar,READ_RADI(read.f90:10235),RADIATION_FVM(radi.f90:3874); INIT_RADIATION(radi.f90:2982),no,"written only outside the time loop (setup/IO); read-only while stepping -> needs a device/const mirror, not a blocker for PURE",LOGICAL,,1,0,2,
READ_INPUT,BAD,read.f90,37,runtime_scalar,READ_DEVC(read.f90:14082),READ_DEVC(read.f90:14226),no,"written only outside the time loop (setup/IO); read-only while stepping -> needs a device/const mirror, not a blocker for PURE",LOGICAL,,1,0,1,
READ_INPUT,DB,read.f90,33,runtime_scalar,SET_DEVC_DEFAULTS(read.f90:14569); SET_INIT_DEFAULTS(read.f90:13554); READ_SLCF(read.f90:16050); COUNT_UNIQUE_SLCF(read.f90:16435); SET_VENT_DEFAULTS(read.f90:12877),READ_DEVC(read.f90:13764); READ_INIT(read.f90:12963); READ_SLCF(read.f90:15962); COUNT_UNIQUE_SLCF(read.f90:16453); READ_VENT(read.f90:12129),no,"written only outside the time loop (setup/IO); read-only while stepping -> needs a device/const mirror, not a blocker for PURE",CHARACTER(LABEL_LENGTH),,5,0,5,
READ_INPUT,EX,read.f90,37,runtime_scalar,READ_OBST(read.f90:11278); READ_VENT(read.f90:12488),READ_OBST(read.f90:11279); READ_VENT(read.f90:12489),no,"written only outside the time loop (setup/IO); read-only while stepping -> needs a device/const mirror, not a blocker for PURE",LOGICAL,,2,0,2,
READ_INPUT,FYI,read.f90,34,runtime_scalar,READ_HEAD(read.f90:453); SET_MATL_DEFAULTS(read.f90:7599); READ_PROF(read.f90:15738); SET_REAC_DEFAULTS(read.f90:5170); SET_SPEC_DEFAULT(read.f90:3863); SET_SURF_DEFAULTS(read.f90:9202),READ_DEVC(read.f90:13765); READ_HOLE(read.f90:11738); READ_MESH(read.f90:524); READ_OBST(read.f90:10764); READ_PROF(read.f90:15707),no,"written only outside the time loop (setup/IO); read-only while stepping -> needs a device/const mirror, not a blocker for PURE",CHARACTER(MESSAGE_LENGTH),,6,0,9,
READ_INPUT,I,read.f90,47,runtime_scalar,READ_SURF(read.f90:8963),READ_DEVC(read.f90:13917); READ_INIT(read.f90:13483); READ_RADF(read.f90:16578); READ_SLCF(read.f90:16034); READ_TRAN(read.f90:996),no,"written only outside the time loop (setup/IO); read-only while stepping -> needs a device/const mirror, not a blocker for PURE",INTEGER,,1,0,7,
READ_INPUT,ID,read.f90,33,runtime_scalar,SET_DEVC_DEFAULTS(read.f90:14538); READ_HOLE(read.f90:11788); READ_MATL(read.f90:7256); SET_MATL_DEFAULTS(read.f90:7603); READ_MESH(read.f90:613); SET_PART_DEFAULTS(read.f90:6439); READ_PROF(read.f90:15739); SET_PROP_DEFAULTS(read.f90:6988) ... (+8),READ_DEVC(read.f90:13765); READ_HOLE(read.f90:11738); READ_MESH(read.f90:524); READ_PROF(read.f90:15707); READ_SLCF(read.f90:15962),no,"written only outside the time loop (setup/IO); read-only while stepping -> needs a device/const mirror, not a blocker for PURE",CHARACTER(LABEL_LENGTH),,16,0,6,
READ_INPUT,IERROR,read.f90,47,runtime_scalar,READ_TRAN(read.f90:1180),READ_TRAN(read.f90:1182),no,"written only outside the time loop (setup/IO); read-only while stepping -> needs a device/const mirror, not a blocker for PURE",INTEGER,,1,0,1,
READ_INPUT,IOS,read.f90,47,runtime_scalar,READ_BNDF(read.f90:16618); READ_CATF(read.f90:261); READ_CLIP(read.f90:10388); READ_COMB(read.f90:4654); READ_CSVF(read.f90:17336); READ_CTRL(read.f90:14723); READ_DEVC(read.f90:13786); READ_DUMP(read.f90:2422) ... (+25),READ_DEVC(read.f90:13787); READ_HOLE(read.f90:11752); READ_INIT(read.f90:12974); READ_MESH(read.f90:536); READ_OBST(read.f90:10784),no,"written only outside the time loop (setup/IO); read-only while stepping -> needs a device/const mirror, not a blocker for PURE",INTEGER,,33,0,12,
READ_INPUT,IZERO,read.f90,47,runtime_scalar,,PROC_DEVC(read.f90:15622); READ_DEVC(read.f90:13805); READ_INIT(read.f90:13007); READ_MESH(read.f90:579); READ_OBST(read.f90:10861),no,"no write found (initialised in declaration, via namelist/READ of a different name, or by intrinsic/MPI with unresolved intent)",INTEGER,,0,0,11,
READ_INPUT,J,read.f90,47,runtime_scalar,,READ_OBST(read.f90:11552); READ_RADF(read.f90:16580); READ_SLCF(read.f90:16234); READ_TRAN(read.f90:1332); READ_VENT(read.f90:12392),no,"no write found (initialised in declaration, via namelist/READ of a different name, or by intrinsic/MPI with unresolved intent)",INTEGER,,0,0,6,
READ_INPUT,K,read.f90,47,runtime_scalar,,READ_OBST(read.f90:11551); READ_RADF(read.f90:16582); READ_SLCF(read.f90:16238); READ_TRAN(read.f90:996); READ_VENT(read.f90:12391),no,"no write found (initialised in declaration, via namelist/READ of a different name, or by intrinsic/MPI with unresolved intent)",INTEGER,,0,0,6,
READ_INPUT,MAX_LEAK_PATHS,read.f90,47,runtime_scalar,READ_MISC(read.f90:1822),READ_ZONE(read.f90:13618),no,"written only outside the time loop (setup/IO); read-only while stepping -> needs a device/const mirror, not a blocker for PURE",INTEGER,,1,0,1,
READ_INPUT,MB,read.f90,33,runtime_scalar,READ_VENT(read.f90:12188); SET_VENT_DEFAULTS(read.f90:12883),READ_VENT(read.f90:12130),no,"written only outside the time loop (setup/IO); read-only while stepping -> needs a device/const mirror, not a blocker for PURE",CHARACTER(LABEL_LENGTH),,2,0,1,
READ_INPUT,MESSAGE,read.f90,34,runtime_scalar,READ_TABL(read.f90:10671),PROC_DEVC(read.f90:15173); PROC_OBST(read.f90:15131); READ_DEVC(read.f90:13795); READ_HOLE(read.f90:11765); READ_INIT(read.f90:12979),no,"written only outside the time loop (setup/IO); read-only while stepping -> needs a device/const mirror, not a blocker for PURE",CHARACTER(MESSAGE_LENGTH),,1,0,13,
READ_INPUT,N_HT3D_OBST,read.f90,56,runtime_scalar,READ_OBST(read.f90:10831),PROC_MESH(read.f90:859); READ_OBST(read.f90:10830),no,"written only outside the time loop (setup/IO); read-only while stepping -> needs a device/const mirror, not a blocker for PURE",INTEGER,,1,0,2,
READ_INPUT,N_HT3D_SURF_LINES,read.f90,56,runtime_scalar,READ_SURF(read.f90:8085),PROC_MESH(read.f90:847); READ_OBST(read.f90:10827),no,"written only outside the time loop (setup/IO); read-only while stepping -> needs a device/const mirror, not a blocker for PURE",INTEGER,,1,0,2,
READ_INPUT,N_INIT_RESERVED,read.f90,47,runtime_scalar,READ_DEVC(read.f90:13810),READ_DEVC(read.f90:14412); READ_INIT(read.f90:13001),no,"written only outside the time loop (setup/IO); read-only while stepping -> needs a device/const mirror, not a blocker for PURE",INTEGER,,1,0,2,
READ_INPUT,ODE_SOLVER,read.f90,33,runtime_scalar,READ_COMB(read.f90:4648),PROC_DEVC(read.f90:15262),no,"written only outside the time loop (setup/IO); read-only while stepping -> needs a device/const mirror, not a blocker for PURE",CHARACTER(LABEL_LENGTH),,1,0,1,
READ_INPUT,PBX,read.f90,41,runtime_scalar,READ_SLCF(read.f90:16047); COUNT_UNIQUE_SLCF(read.f90:16432); SET_VENT_DEFAULTS(read.f90:12890),READ_SLCF(read.f90:15963); COUNT_UNIQUE_SLCF(read.f90:16442); READ_VENT(read.f90:12130),no,"written only outside the time loop (setup/IO); read-only while stepping -> needs a device/const mirror, not a blocker for PURE",REAL(EB),,3,0,3,
READ_INPUT,PBY,read.f90,41,runtime_scalar,READ_SLCF(read.f90:16048); COUNT_UNIQUE_SLCF(read.f90:16433); SET_VENT_DEFAULTS(read.f90:12891),READ_SLCF(read.f90:15963); COUNT_UNIQUE_SLCF(read.f90:16442); READ_VENT(read.f90:12130),no,"written only outside the time loop (setup/IO); read-only while stepping -> needs a device/const mirror, not a blocker for PURE",REAL(EB),,3,0,3,
READ_INPUT,PBZ,read.f90,41,runtime_scalar,READ_SLCF(read.f90:16049); COUNT_UNIQUE_SLCF(read.f90:16434); SET_VENT_DEFAULTS(read.f90:12892),READ_SLCF(read.f90:15963); COUNT_UNIQUE_SLCF(read.f90:16442); READ_VENT(read.f90:12130),no,"written only outside the time loop (setup/IO); read-only while stepping -> needs a device/const mirror, not a blocker for PURE",REAL(EB),,3,0,3,
READ_INPUT,RADIATIVE_FRACTION,read.f90,43,runtime_scalar,SET_INIT_DEFAULTS(read.f90:13538); SET_REAC_DEFAULTS(read.f90:5184),READ_INIT(read.f90:12966),no,"written only outside the time loop (setup/IO); read-only while stepping -> needs a device/const mirror, not a blocker for PURE",REAL(EB),,2,0,1,
READ_INPUT,TARGET_PARTICLES_INCLUDED,read.f90,37,runtime_scalar,READ_DEVC(read.f90:14409),,no,"written only outside the time loop (setup/IO); read-only while stepping -> needs a device/const mirror, not a blocker for PURE",LOGICAL,,1,0,1,
READ_INPUT,THICKEN_OBSTRUCTIONS,read.f90,37,runtime_scalar,READ_MISC(read.f90:1815),READ_OBST(read.f90:10890),no,"written only outside the time loop (setup/IO); read-only while stepping -> needs a device/const mirror, not a blocker for PURE",LOGICAL,,1,0,1,
SOOT_ROUTINES,MIN_AGGLOMERATION,soot.f90,12,runtime_scalar,,CALC_AGGLOMERATION(soot.f90:289),no,"no write found (initialised in declaration, via namelist/READ of a different name, or by intrinsic/MPI with unresolved intent)",REAL(EB),,0,0,1,
TYPES,N_GEOMETRY,type.f90,1195,runtime_scalar,READ_GEOM(geom.f90:1168),CC_SET_DATA(ccib.f90:7194); INIT_CUTCELL_DATA(ccib.f90:7963); ASSIGN_FILE_NAMES(dump.f90:450); WRITE_SMOKEVIEW_FILE(dump.f90:2000); WRITE_STL_FILE(dump.f90:1620),no,"written only outside the time loop (setup/IO); read-only while stepping -> needs a device/const mirror, not a blocker for PURE",INTEGER,,1,0,15,
VEGE,BETA_OP_ROTH,vege.f90,15,runtime_scalar,INITIALIZE_LEVEL_SET_FIRESPREAD_2(vege.f90:280),INITIALIZE_LEVEL_SET_FIRESPREAD_2(vege.f90:282),no,"written only outside the time loop (setup/IO); read-only while stepping -> needs a device/const mirror, not a blocker for PURE",REAL(EB),,1,0,1,
VEGE,E_ROTH,vege.f90,15,runtime_scalar,INITIALIZE_LEVEL_SET_FIRESPREAD_2(vege.f90:279),INITIALIZE_LEVEL_SET_FIRESPREAD_2(vege.f90:282),no,"written only outside the time loop (setup/IO); read-only while stepping -> needs a device/const mirror, not a blocker for PURE",REAL(EB),,1,0,1,
VEGE,IZERO,vege.f90,13,runtime_scalar,,INITIALIZE_LEVEL_SET_FIRESPREAD_1(vege.f90:67); INITIALIZE_LEVEL_SET_FIRESPREAD_2(vege.f90:190),no,"no write found (initialised in declaration, via namelist/READ of a different name, or by intrinsic/MPI with unresolved intent)",INTEGER,,0,0,2,
VEGE,LIMITER_LS,vege.f90,14,runtime_scalar,INITIALIZE_LEVEL_SET_FIRESPREAD_2(vege.f90:206),INITIALIZE_LEVEL_SET_FIRESPREAD_2(vege.f90:207); LEVEL_SET_ADVECT_FLUX(vege.f90:892),no,"written only outside the time loop (setup/IO); read-only while stepping -> needs a device/const mirror, not a blocker for PURE",INTEGER,,1,0,2,
CC_SCALARS,A_LINK,ccib.f90,118,runtime_array,COMPUTE_LINKED_CUTFACE_BAROCLINIC(ccib.f90:1868),COMPUTE_LINKED_CUTFACE_BAROCLINIC(ccib.f90:1881),yes,written at run time by mesh kernels: COMPUTE_LINKED_CUTFACE_BAROCLINIC,REAL(EB),:,1,1,1,allocated with mesh-number bounds: ccib.f90:1868[MESHES(NM)%NUNK_F]
CC_SCALARS,F_LINK,ccib.f90,118,runtime_array,COMPUTE_LINKED_CUTFACE_BAROCLINIC(ccib.f90:1868),COMPUTE_LINKED_CUTFACE_BAROCLINIC(ccib.f90:1880); GET_LHS_CUTCELL(ccib.f90:1593); GET_RHSLHS_POISSON_RC(ccib.f90:1160),yes,written at run time by mesh kernels: COMPUTE_LINKED_CUTFACE_BAROCLINIC,REAL(EB),:,1,1,3,allocated with mesh-number bounds: ccib.f90:1868[MESHES(NM)%NUNK_F]
CC_SCALARS,F_Z,ccib.f90,77,runtime_array,CC_DENSITY_EXPLICIT(ccib.f90:11924); CC_ROTATED_CUBE_RHS_ZZ(ccib.f90:6538); GET_ADVDIFFVECTOR_SCALAR_3D(ccib.f90:13679); GET_EXPLICIT_ADVDIFFVECTOR_SCALAR_3D(ccib.f90:12181); GET_M_DOT_PPP_SCALAR_3D(ccib.f90:12010); GET_SHUNN3_QZ(ccib.f90:6638),CC_ROTATED_CUBE_RHS_ZZ(ccib.f90:6538); GET_ADVDIFFVECTOR_SCALAR_3D(ccib.f90:13679); GET_EXPLICIT_ADVDIFFVECTOR_SCALAR_3D(ccib.f90:12181); GET_M_DOT_PPP_SCALAR_3D(ccib.f90:12010); GET_SHUNN3_QZ(ccib.f90:6638),yes,"written at run time by mesh kernels: CC_ROTATED_CUBE_RHS_ZZ, GET_ADVDIFFVECTOR_SCALAR_3D, GET_EXPLICIT_ADVDIFFVECTOR_SCALAR_3D, GET_M_DOT_PPP_SCALAR_3D, GET_SHUNN3_QZ",REAL(EB),:,6,6,5,
CC_SCALARS,ROTMAT,ccib.f90,106,runtime_array,CC_ROTATED_CUBE_RHS_ZZ(ccib.f90:6496); ROTATED_CUBE_RHS_ZZ(ccib.f90:6420); ROTATED_CUBE_VELOCITY_FLUX(ccib.f90:6116); ROTATED_CUBE_ANN_SOLN(ccib.f90:6239),CC_ROTATED_CUBE_RHS_ZZ(ccib.f90:6498); ROTATED_CUBE_ANN_SOLN(ccib.f90:6241); ROTATED_CUBE_RHS_ZZ(ccib.f90:6422); ROTATED_CUBE_VELOCITY_FLUX(ccib.f90:6118),yes,"written at run time by mesh kernels: CC_ROTATED_CUBE_RHS_ZZ, ROTATED_CUBE_RHS_ZZ, ROTATED_CUBE_VELOCITY_FLUX",REAL(EB),"2,2",4,3,4,
CC_SCALARS,RZ_Z,ccib.f90,77,runtime_array,CC_CV_RHOZZ_AVERAGE(ccib.f90:13118); CC_DENSITY_EXPLICIT(ccib.f90:11946); GET_RHOZZVECTOR_SCALAR_3D(ccib.f90:13434); INIT_CUTCELL_DATA(ccib.f90:7703),CC_CV_RHOZZ_AVERAGE(ccib.f90:13125); GET_RHOZZVECTOR_SCALAR_3D(ccib.f90:13448); INIT_CUTCELL_DATA(ccib.f90:7713); PUT_RHOZZVECTOR_SCALAR_3D(ccib.f90:13393),yes,"written at run time by mesh kernels: CC_CV_RHOZZ_AVERAGE, GET_RHOZZVECTOR_SCALAR_3D",REAL(EB),:,4,3,4,
CC_SCALARS,RZ_ZS,ccib.f90,77,runtime_array,CC_CV_RHOZZ_AVERAGE(ccib.f90:13097); GET_RHOZZVECTOR_SCALAR_3D(ccib.f90:13435),CC_CV_RHOZZ_AVERAGE(ccib.f90:13103); GET_RHOZZVECTOR_SCALAR_3D(ccib.f90:13447),yes,"written at run time by mesh kernels: CC_CV_RHOZZ_AVERAGE, GET_RHOZZVECTOR_SCALAR_3D",REAL(EB),:,2,2,2,
CC_SCALARS,TROTMAT,ccib.f90,106,runtime_array,CC_ROTATED_CUBE_RHS_ZZ(ccib.f90:6498); ROTATED_CUBE_RHS_ZZ(ccib.f90:6422); ROTATED_CUBE_VELOCITY_FLUX(ccib.f90:6118); ROTATED_CUBE_ANN_SOLN(ccib.f90:6241),CC_ROTATED_CUBE_RHS_ZZ(ccib.f90:6533); ROTATED_CUBE_ANN_SOLN(ccib.f90:6255); ROTATED_CUBE_RHS_ZZ(ccib.f90:6454); ROTATED_CUBE_VELOCITY_FLUX(ccib.f90:6138),yes,"written at run time by mesh kernels: CC_ROTATED_CUBE_RHS_ZZ, ROTATED_CUBE_RHS_ZZ, ROTATED_CUBE_VELOCITY_FLUX",REAL(EB),"2,2",4,3,4,
CC_SCALARS,XCELL,ccib.f90,59,runtime_array,GET_RCFACES_H(ccib.f90:21708); GET_CRTCFCC_INT_STENCILS(ccib.f90:16776); GET_GASPHASE_REGRCFACES_DATA(ccib.f90:21993),GET_CRTCFCC_INT_STENCILS(ccib.f90:16779); COMPUTE_DCOEF(ccib.f90:18183); GET_INTSTENCILS_EP(ccib.f90:18756); GET_GASPHASE_REGRCFACES_DATA(ccib.f90:22484),yes,written at run time by mesh kernels: GET_RCFACES_H,REAL(EB),:,3,1,5,
CC_SCALARS,YCELL,ccib.f90,59,runtime_array,GET_RCFACES_H(ccib.f90:21712); GET_CRTCFCC_INT_STENCILS(ccib.f90:16800); GET_GASPHASE_REGRCFACES_DATA(ccib.f90:21997),GET_CRTCFCC_INT_STENCILS(ccib.f90:16803); COMPUTE_DCOEF(ccib.f90:18188); GET_INTSTENCILS_EP(ccib.f90:18761); GET_GASPHASE_REGRCFACES_DATA(ccib.f90:22484),yes,written at run time by mesh kernels: GET_RCFACES_H,REAL(EB),:,3,1,5,
CC_SCALARS,ZCELL,ccib.f90,59,runtime_array,GET_RCFACES_H(ccib.f90:21716); GET_CRTCFCC_INT_STENCILS(ccib.f90:16824); GET_GASPHASE_REGRCFACES_DATA(ccib.f90:22001),GET_CRTCFCC_INT_STENCILS(ccib.f90:16827); COMPUTE_DCOEF(ccib.f90:18193); GET_INTSTENCILS_EP(ccib.f90:18766); GET_GASPHASE_REGRCFACES_DATA(ccib.f90:22484),yes,written at run time by mesh kernels: GET_RCFACES_H,REAL(EB),:,3,1,5,
CHEMCONS,CVODE_WARNING_CELLS,cons.f90,981,runtime_array,CVODE_SERIAL(chem.f90:963); COMBUSTION_LOAD_BALANCED(fire.f90:61); DUMP_CVODE_WARNING_SUMMARY(fire.f90:1303),,yes,written at run time by mesh kernels: COMBUSTION_LOAD_BALANCED,INTEGER,-100:100,3,3,1,
COMPLEX_GEOMETRY,REQ11,geom.f90,130,runtime_array,MESH_CC_EXCHANGE(ccib.f90:4727); FINISH_CC(ccib.f90:8298),MESH_CC_EXCHANGE(ccib.f90:4048),yes,written at run time by mesh kernels: MESH_CC_EXCHANGE,TYPE:MPI_REQUEST(MPI_REQUEST),:,2,1,1,
COMPLEX_GEOMETRY,REQ112,geom.f90,130,runtime_array,MESH_CC_EXCHANGE(ccib.f90:4733),MESH_CC_EXCHANGE(ccib.f90:4063),yes,written at run time by mesh kernels: MESH_CC_EXCHANGE,TYPE:MPI_REQUEST(MPI_REQUEST),:,1,1,1,
COMPLEX_GEOMETRY,REQ12,geom.f90,130,runtime_array,MESH_CC_EXCHANGE(ccib.f90:4739); FINISH_CC(ccib.f90:8299),MESH_CC_EXCHANGE(ccib.f90:4077),yes,written at run time by mesh kernels: MESH_CC_EXCHANGE,TYPE:MPI_REQUEST(MPI_REQUEST),:,2,1,1,
COMPLEX_GEOMETRY,REQ13,geom.f90,130,runtime_array,MESH_CC_EXCHANGE(ccib.f90:4745); FINISH_CC(ccib.f90:8300),MESH_CC_EXCHANGE(ccib.f90:4091),yes,written at run time by mesh kernels: MESH_CC_EXCHANGE,TYPE:MPI_REQUEST(MPI_REQUEST),:,2,1,1,
COMPLEX_GEOMETRY,T_CC_USED,geom.f90,162,runtime_array,CCCOMPUTE_RADIATION(ccib.f90:7159); CC_COMPUTE_VELOCITY_ERROR(ccib.f90:16181); CC_COMPUTE_VISCOSITY(ccib.f90:5935); CC_DENSITY(ccib.f90:11898); CC_DIVERGENCE_PART_1(ccib.f90:8836); CC_END_STEP(ccib.f90:7666); CC_NO_FLUX(ccib.f90:15572); CC_VELOCITY_FLUX(ccib.f90:15219) ... (+15),CCCOMPUTE_RADIATION(ccib.f90:7159); CC_COMPUTE_VELOCITY_ERROR(ccib.f90:16181); CC_COMPUTE_VISCOSITY(ccib.f90:5935); CC_DENSITY(ccib.f90:11898); CC_DIVERGENCE_PART_1(ccib.f90:8836),yes,"written at run time by mesh kernels: CCCOMPUTE_RADIATION, CC_COMPUTE_VELOCITY_ERROR, CC_COMPUTE_VISCOSITY, CC_DENSITY, CC_DIVERGENCE_PART_1, CC_NO_FLUX",REAL(EB),SET_CUTCELLS_TIME_INDEX:MESH_CC_EXCHANGE_TIME_INDEX,23,9,17,declared dims SET_CUTCELLS_TIME_INDEX:MESH_CC_EXCHANGE_TIME_INDEX
CONTROL_VARIABLES,CONTROL,devc.f90,207,runtime_array,UPDATE_CONTROLS(ctrl.f90:35); READ_RESTART(dump.f90:4165),DUMP_RESTART(dump.f90:3970); GAS_PHASE_OUTPUT(dump.f90:9439); UPDATE_DEVICES_1(dump.f90:7843); OPEN_AND_CLOSE(init.f90:4556); SET_DENSITY_AND_MASS_FRACTIONS_AT_WALL(init.f90:3614),yes,,TYPE:CONTROL_TYPE(CONTROL_TYPE),:,2,1,13,
DEVICE_VARIABLES,DEVC_PIPE_OPERATING,devc.f90,8,runtime_array,EXCHANGE_GLOBAL_OUTPUTS(main.f90:4420); FDS(main.f90:657); READ_DEVC(read.f90:14464),GAS_PHASE_OUTPUT(dump.f90:8925); FDS(main.f90:658); EXCHANGE_GLOBAL_OUTPUTS(main.f90:4424); INSERT_SPRAY_PARTICLES(part.f90:355),yes,written at run time by mesh kernels: EXCHANGE_GLOBAL_OUTPUTS,INTEGER,:,3,1,5,
DEVICE_VARIABLES,DEVICE,devc.f90,125,runtime_array,MESH_EXCHANGE(main.f90:3902),DUMP_RESTART(dump.f90:3955); GAS_PHASE_OUTPUT(dump.f90:8682); INITIALIZE_DIAGNOSTIC_FILE(dump.f90:3737); READ_RESTART(dump.f90:4147); SOLID_PHASE_OUTPUT(dump.f90:10119),yes,written at run time by mesh kernels: MESH_EXCHANGE,TYPE:DEVICE_TYPE(DEVICE_TYPE),:,1,1,26,
FDS,DT_NEW,main.f90,67,runtime_array,MPI_INITIALIZATION_CHORES(main.f90:1334); FDS[MAIN_LOOP](main.f90:735),FDS[MAIN_LOOP](main.f90:715),yes,written at run time by mesh kernels: FDS[MAIN_LOOP],REAL(EB),:,2,1,2,allocated with mesh-number bounds: main.f90:1334[NMESHES]
FDS,LOGICAL_BUFFER_EXTERNAL,main.f90,89,runtime_array,EXCHANGE_EXTERNAL(main.f90:5030),,yes,,LOGICAL,:,1,1,1,
FDS,REAL_BUFFER_10,main.f90,91,runtime_array,PRESSURE_ITERATION_SCHEME(main.f90:1698),PRESSURE_ITERATION_SCHEME(main.f90:1704),yes,written at run time by mesh kernels: PRESSURE_ITERATION_SCHEME,REAL(EB),":,:",1,1,2,"allocated with mesh-number bounds: main.f90:1284[10,NMESHES]"
FDS,REAL_BUFFER_20,main.f90,91,runtime_array,WRITE_CFL_FILE(main.f90:1847),WRITE_CFL_FILE(main.f90:1868),yes,written at run time by mesh kernels: WRITE_CFL_FILE,REAL(EB),":,:",1,1,2,"allocated with mesh-number bounds: main.f90:1285[20,NMESHES]"
FDS,REAL_BUFFER_DUCT,main.f90,90,runtime_array,EXCHANGE_HVAC_SOLUTION(main.f90:4996),,yes,,REAL(EB),:,1,1,1,
FDS,REAL_BUFFER_EXTERNAL,main.f90,90,runtime_array,EXCHANGE_EXTERNAL(main.f90:5035),,yes,,REAL(EB),:,1,1,1,
FDS,REQ,main.f90,85,runtime_array,MESH_EXCHANGE(main.f90:3629); MPI_INITIALIZATION_CHORES(main.f90:1412),MESH_EXCHANGE(main.f90:3231); MPI_INITIALIZATION_CHORES(main.f90:1534); POST_RECEIVES(main.f90:3033),yes,written at run time by mesh kernels: MESH_EXCHANGE,TYPE:MPI_REQUEST(MPI_REQUEST),:,2,1,3,
FDS,REQ1,main.f90,85,runtime_array,END_FDS(main.f90:1982); MESH_EXCHANGE(main.f90:3634); MPI_INITIALIZATION_CHORES(main.f90:1413),MESH_EXCHANGE(main.f90:3197); POST_RECEIVES(main.f90:3000),yes,written at run time by mesh kernels: MESH_EXCHANGE,TYPE:MPI_REQUEST(MPI_REQUEST),:,3,2,3,
FDS,REQ14,main.f90,85,runtime_array,END_FDS(main.f90:1989); MESH_EXCHANGE(main.f90:3677); MPI_INITIALIZATION_CHORES(main.f90:1420),MESH_EXCHANGE(main.f90:3219); POST_RECEIVES(main.f90:3022),yes,written at run time by mesh kernels: MESH_EXCHANGE,TYPE:MPI_REQUEST(MPI_REQUEST),:,3,2,3,
FDS,REQ15,main.f90,85,runtime_array,END_FDS(main.f90:1991); MESH_EXCHANGE(main.f90:3682); MPI_INITIALIZATION_CHORES(main.f90:1421),MESH_EXCHANGE(main.f90:3201); POST_RECEIVES(main.f90:3004),yes,written at run time by mesh kernels: MESH_EXCHANGE,TYPE:MPI_REQUEST(MPI_REQUEST),:,3,2,3,
FDS,REQ2,main.f90,85,runtime_array,END_FDS(main.f90:1983); MESH_EXCHANGE(main.f90:3643); MPI_INITIALIZATION_CHORES(main.f90:1414),MESH_EXCHANGE(main.f90:3187); POST_RECEIVES(main.f90:2990),yes,written at run time by mesh kernels: MESH_EXCHANGE,TYPE:MPI_REQUEST(MPI_REQUEST),:,3,2,3,
FDS,REQ3,main.f90,85,runtime_array,END_FDS(main.f90:1984); MESH_EXCHANGE(main.f90:3648); MPI_INITIALIZATION_CHORES(main.f90:1415),MESH_EXCHANGE(main.f90:3206); POST_RECEIVES(main.f90:3009),yes,written at run time by mesh kernels: MESH_EXCHANGE,TYPE:MPI_REQUEST(MPI_REQUEST),:,3,2,3,
FDS,REQ4,main.f90,85,runtime_array,END_FDS(main.f90:1985); MESH_EXCHANGE(main.f90:3662); MPI_INITIALIZATION_CHORES(main.f90:1416),MESH_EXCHANGE(main.f90:3210); POST_RECEIVES(main.f90:3013),yes,written at run time by mesh kernels: MESH_EXCHANGE,TYPE:MPI_REQUEST(MPI_REQUEST),:,3,2,3,
FDS,REQ5,main.f90,85,runtime_array,ALLOCATE_RADIATION_RECV_PKG(main.f90:3985); END_FDS(main.f90:1986); MESH_EXCHANGE(main.f90:3672); MPI_INITIALIZATION_CHORES(main.f90:1417),ALLOCATE_RADIATION_RECV_PKG(main.f90:4013); ALLOCATE_RADIATION_SEND_PKG(main.f90:4053),yes,"written at run time by mesh kernels: ALLOCATE_RADIATION_RECV_PKG, MESH_EXCHANGE",TYPE:MPI_REQUEST(MPI_REQUEST),:,4,3,4,
FDS,REQ6,main.f90,85,runtime_array,END_FDS(main.f90:1987); MESH_EXCHANGE(main.f90:3667); INITIALIZE_BACK_WALL_EXCHANGE(main.f90:2548); MPI_INITIALIZATION_CHORES(main.f90:1418),MESH_EXCHANGE(main.f90:3287); POST_RECEIVES(main.f90:3069),yes,written at run time by mesh kernels: MESH_EXCHANGE,TYPE:MPI_REQUEST(MPI_REQUEST),:,4,2,4,
FDS,REQ7,main.f90,85,runtime_array,END_FDS(main.f90:1988); MESH_EXCHANGE(main.f90:3657); MPI_INITIALIZATION_CHORES(main.f90:1419),MESH_EXCHANGE(main.f90:3214); POST_RECEIVES(main.f90:3017),yes,written at run time by mesh kernels: MESH_EXCHANGE,TYPE:MPI_REQUEST(MPI_REQUEST),:,3,2,3,
FDS,STATE_ARRAY,main.f90,69,runtime_array,EXCHANGE_GLOBAL_OUTPUTS(main.f90:4401),EXCHANGE_GLOBAL_OUTPUTS(main.f90:4414),yes,written at run time by mesh kernels: EXCHANGE_GLOBAL_OUTPUTS,LOGICAL,:,1,1,2,
FDS,TC2_ARRAY,main.f90,68,runtime_array,EXCHANGE_GLOBAL_OUTPUTS(main.f90:4443),EXCHANGE_GLOBAL_OUTPUTS(main.f90:4461),yes,written at run time by mesh kernels: EXCHANGE_GLOBAL_OUTPUTS,REAL(EB),":,:",1,1,2,
FDS,TC_ARRAY,main.f90,67,runtime_array,EXCHANGE_GLOBAL_OUTPUTS(main.f90:4442),EXCHANGE_GLOBAL_OUTPUTS(main.f90:4456),yes,written at run time by mesh kernels: EXCHANGE_GLOBAL_OUTPUTS,REAL(EB),:,1,1,2,
FIRE,CHEM_SEQ_ARR,fire.f90,26,runtime_array,DISTRIBUTE_CELLS_ACCROSS_MPI_PROCESSES(fire.f90:610),DISTRIBUTE_CELLS_ACCROSS_MPI_PROCESSES(fire.f90:661); GATHER_CELLS_FROM_MPI_PROCESSES(fire.f90:736),yes,written at run time by mesh kernels: DISTRIBUTE_CELLS_ACCROSS_MPI_PROCESSES,INTEGER,:,1,1,2,
FIRE,DZ_F0,fire.f90,17,runtime_array,COMBUSTION_MODEL(fire.f90:865); REACTION_RATE(fire.f90:1689),,yes,written at run time by mesh kernels: COMBUSTION_MODEL,REAL(EB),:,2,2,2,
FIRE,INTEGERS_TEST_ARRAY,fire.f90,26,runtime_array,DISTRIBUTE_CELLS_ACCROSS_MPI_PROCESSES(fire.f90:591),DISTRIBUTE_CELLS_ACCROSS_MPI_PROCESSES(fire.f90:655),yes,written at run time by mesh kernels: DISTRIBUTE_CELLS_ACCROSS_MPI_PROCESSES,INTEGER,:,1,1,1,
FIRE,NCELLS_TO_RECV_ARRAY,fire.f90,25,runtime_array,DISTRIBUTE_CELLS_ACCROSS_MPI_PROCESSES(fire.f90:581),DISTRIBUTE_CELLS_ACCROSS_MPI_PROCESSES(fire.f90:676); GATHER_CELLS_FROM_MPI_PROCESSES(fire.f90:709),yes,written at run time by mesh kernels: DISTRIBUTE_CELLS_ACCROSS_MPI_PROCESSES,INTEGER,:,1,1,2,
FIRE,NCELLS_TO_SEND_ARRAY,fire.f90,25,runtime_array,DISTRIBUTE_CELLS_ACCROSS_MPI_PROCESSES(fire.f90:580),DISTRIBUTE_CELLS_ACCROSS_MPI_PROCESSES(fire.f90:607); GATHER_CELLS_FROM_MPI_PROCESSES(fire.f90:710),yes,written at run time by mesh kernels: DISTRIBUTE_CELLS_ACCROSS_MPI_PROCESSES,INTEGER,:,1,1,2,
FIRE,NCHEM_ACTIVE_CELLS_AND_CC_RANK_WISE,fire.f90,27,runtime_array,COMBUSTION_GENERAL_LOAD_BALANCED(fire.f90:188),COMBUSTION_GENERAL_LOAD_BALANCED(fire.f90:190); DISTRIBUTE_CELLS_ACCROSS_MPI_PROCESSES(fire.f90:572); GATHER_CELLS_FROM_MPI_PROCESSES(fire.f90:705),yes,written at run time by mesh kernels: COMBUSTION_GENERAL_LOAD_BALANCED,INTEGER,:,1,1,3,
FIRE,NEW_INDEX,fire.f90,26,runtime_array,DISTRIBUTE_CELLS_ACCROSS_MPI_PROCESSES(fire.f90:651),DISTRIBUTE_CELLS_ACCROSS_MPI_PROCESSES(fire.f90:662),yes,written at run time by mesh kernels: DISTRIBUTE_CELLS_ACCROSS_MPI_PROCESSES,INTEGER,:,1,1,1,
FIRE,REALS_TO_RECV_ARRAY,fire.f90,23,runtime_array,DISTRIBUTE_CELLS_ACCROSS_MPI_PROCESSES(fire.f90:679),COMBUSTION_GENERAL_LOAD_BALANCED(fire.f90:204),yes,written at run time by mesh kernels: DISTRIBUTE_CELLS_ACCROSS_MPI_PROCESSES,REAL(EB),":,:",1,1,2,
FIRE,REALS_TO_SEND_ARRAY,fire.f90,23,runtime_array,DISTRIBUTE_CELLS_ACCROSS_MPI_PROCESSES(fire.f90:585),DISTRIBUTE_CELLS_ACCROSS_MPI_PROCESSES(fire.f90:662),yes,written at run time by mesh kernels: DISTRIBUTE_CELLS_ACCROSS_MPI_PROCESSES,REAL(EB),":,:",1,1,1,
FIRE,RESULTS_TO_RECV_ARRAY,fire.f90,24,runtime_array,GATHER_CELLS_FROM_MPI_PROCESSES(fire.f90:712),GATHER_CELLS_FROM_MPI_PROCESSES(fire.f90:738),yes,written at run time by mesh kernels: GATHER_CELLS_FROM_MPI_PROCESSES,REAL(EB),":,:",1,1,1,
FIRE,RESULTS_TO_SEND_ARRAY,fire.f90,23,runtime_array,COMBUSTION_GENERAL_LOAD_BALANCED(fire.f90:201),GATHER_CELLS_FROM_MPI_PROCESSES(fire.f90:715),yes,written at run time by mesh kernels: COMBUSTION_GENERAL_LOAD_BALANCED,REAL(EB),":,:",1,1,2,
FIRE,REVC_DISPS,fire.f90,25,runtime_array,DISTRIBUTE_CELLS_ACCROSS_MPI_PROCESSES(fire.f90:583); GATHER_CELLS_FROM_MPI_PROCESSES(fire.f90:707),DISTRIBUTE_CELLS_ACCROSS_MPI_PROCESSES(fire.f90:676); GATHER_CELLS_FROM_MPI_PROCESSES(fire.f90:710),yes,"written at run time by mesh kernels: DISTRIBUTE_CELLS_ACCROSS_MPI_PROCESSES, GATHER_CELLS_FROM_MPI_PROCESSES",INTEGER,:,2,2,2,
FIRE,REV_NEW_INDEX,fire.f90,26,runtime_array,DISTRIBUTE_CELLS_ACCROSS_MPI_PROCESSES(fire.f90:652),DISTRIBUTE_CELLS_ACCROSS_MPI_PROCESSES(fire.f90:661),yes,written at run time by mesh kernels: DISTRIBUTE_CELLS_ACCROSS_MPI_PROCESSES,INTEGER,:,1,1,1,
FIRE,SEND_DISPS,fire.f90,25,runtime_array,DISTRIBUTE_CELLS_ACCROSS_MPI_PROCESSES(fire.f90:582); GATHER_CELLS_FROM_MPI_PROCESSES(fire.f90:707),DISTRIBUTE_CELLS_ACCROSS_MPI_PROCESSES(fire.f90:675); GATHER_CELLS_FROM_MPI_PROCESSES(fire.f90:709),yes,"written at run time by mesh kernels: DISTRIBUTE_CELLS_ACCROSS_MPI_PROCESSES, GATHER_CELLS_FROM_MPI_PROCESSES",INTEGER,:,2,2,2,
GLOBAL_CONSTANTS,CELL_COUNT,cons.f90,643,runtime_array,EXCHANGE_GEOMETRY_INFO(func.f90:5338); REALLOCATE_CELL(func.f90:3871); READ_OBST(read.f90:11592),DIVERGENCE_PART_2(divg.f90:1549); DUMP_SLCF(dump.f90:6783); DUMP_SLCF_VTK(dump.f90:7402); EXCHANGE_GEOMETRY_INFO(func.f90:5358); PACK_CELL(func.f90:5183),yes,"written at run time by mesh kernels: EXCHANGE_GEOMETRY_INFO, REALLOCATE_CELL",INTEGER,:,3,2,11,allocated with mesh-number bounds: read.f90:11592[NMESHES]
GLOBAL_CONSTANTS,CELL_COUNT_INTEGERS,cons.f90,643,runtime_array,EXCHANGE_GEOMETRY_INFO(func.f90:5339); REALLOCATE_CELL(func.f90:3873); READ_OBST(read.f90:11593),,yes,"written at run time by mesh kernels: EXCHANGE_GEOMETRY_INFO, REALLOCATE_CELL",INTEGER,:,3,2,3,allocated with mesh-number bounds: read.f90:11593[NMESHES]
GLOBAL_CONSTANTS,CELL_COUNT_LOGICALS,cons.f90,643,runtime_array,EXCHANGE_GEOMETRY_INFO(func.f90:5340); REALLOCATE_CELL(func.f90:3874); READ_OBST(read.f90:11594),,yes,"written at run time by mesh kernels: EXCHANGE_GEOMETRY_INFO, REALLOCATE_CELL",INTEGER,:,3,2,3,allocated with mesh-number bounds: read.f90:11594[NMESHES]
GLOBAL_CONSTANTS,CHANGE_TIME_STEP_INDEX,cons.f90,302,runtime_array,CHECK_STABILITY(velo.f90:3180); FDS[MAIN_LOOP](main.f90:859); READ_MESH(read.f90:583),FDS[MAIN_LOOP](main.f90:715),yes,"written at run time by mesh kernels: FDS[MAIN_LOOP], CHECK_STABILITY",INTEGER,:,3,2,3,allocated with mesh-number bounds: read.f90:582[NMESHES]
GLOBAL_CONSTANTS,CONNECTED_ZONES,cons.f90,696,runtime_array,MERGE_PRESSURE_ZONES(divg.f90:1309); EXCHANGE_DIVERGENCE_INFO(main.f90:2046); INITIALIZE_DIVERGENCE_INTEGRALS(main.f90:2016); MPI_INITIALIZATION_CHORES(main.f90:1574),DIVERGENCE_PART_2(divg.f90:1484); GET_MATRIX_INDEXES_H(pres.f90:5721); ULMAT_SOLVER_SETUP(pres.f90:1213),yes,written at run time by mesh kernels: MERGE_PRESSURE_ZONES,INTEGER,":,:",4,3,5,
GLOBAL_CONSTANTS,DSUM,cons.f90,648,runtime_array,DIVERGENCE_PART_1(divg.f90:739); EXCHANGE_DIVERGENCE_INFO(main.f90:2038); INITIALIZE_DIVERGENCE_INTEGRALS(main.f90:2013); MPI_INITIALIZATION_CHORES(main.f90:1581),DIVERGENCE_PART_1(divg.f90:739); DIVERGENCE_PART_2(divg.f90:1480),yes,written at run time by mesh kernels: DIVERGENCE_PART_1,REAL(EB),:,4,3,3,
GLOBAL_CONSTANTS,FILE_COUNTER,cons.f90,406,runtime_array,GET_FILE_NUMBER(func.f90:188); ASSIGN_FILE_NAMES(dump.f90:303),,yes,,INTEGER,:,2,1,1,
GLOBAL_CONSTANTS,FVEC,cons.f90,345,runtime_array,DIRECT_FORCE(velo.f90:871); READ_WIND(read.f90:2183),VELOCITY_FLUX(velo.f90:839); DIRECT_FORCE(velo.f90:871),yes,written at run time by mesh kernels: DIRECT_FORCE,REAL(EB),3,2,1,2,
GLOBAL_CONSTANTS,H_BAR,cons.f90,580,runtime_array,TUNNEL_POISSON_SOLVER(pres.f90:677); READ_PRES(read.f90:10194),ULMAT_SOLVE_ZONE(pres.f90:1579); PRESSURE_SOLVER_FFT(pres.f90:439); TUNNEL_POISSON_SOLVER(pres.f90:687),yes,written at run time by mesh kernels: TUNNEL_POISSON_SOLVER,REAL(EB),:,2,1,4,
GLOBAL_CONSTANTS,LU_ISOF,cons.f90,612,runtime_array,DUMP_ISOF(dump.f90:5031); ASSIGN_FILE_NAMES(dump.f90:473),ASSIGN_FILE_NAMES(dump.f90:474); DUMP_ISOF(dump.f90:5024); INITIALIZE_MESH_DUMPS(dump.f90:1109),yes,written at run time by mesh kernels: DUMP_ISOF,INTEGER,":,:",2,1,3,"allocated with mesh-number bounds: dump.f90:411[N_ISOF,NMESHES]"
GLOBAL_CONSTANTS,LU_ISOF2,cons.f90,612,runtime_array,DUMP_ISOF(dump.f90:5031); ASSIGN_FILE_NAMES(dump.f90:475),ASSIGN_FILE_NAMES(dump.f90:476); DUMP_ISOF(dump.f90:5025); INITIALIZE_MESH_DUMPS(dump.f90:1110),yes,written at run time by mesh kernels: DUMP_ISOF,INTEGER,":,:",2,1,3,"allocated with mesh-number bounds: dump.f90:413[N_ISOF,NMESHES]"
GLOBAL_CONSTANTS,NCELLS_VTK,cons.f90,634,runtime_array,INITIALIZE_VTKHDF_BNDF_STEP1(vtkf.f90:2369); WRITE_VTKHDF_GEOM_FILE(vtkf.f90:1665),DUMP_BNDF_VTKHDF(dump.f90:12222); INITIALIZE_VTKHDF_BNDF_STEP1(vtkf.f90:2377); INITIALIZE_VTKHDF_BNDF_STEP2(vtkf.f90:2456); WRITE_VTKHDF_GEOM_FILE(vtkf.f90:1824),yes,written at run time by mesh kernels: INITIALIZE_VTKHDF_BNDF_STEP1,INTEGER(IB32),:,2,1,4,allocated with mesh-number bounds: vtkf.f90:1654[1:2*NMESHES]
GLOBAL_CONSTANTS,NCONNECTIONS_VTK,cons.f90,634,runtime_array,INITIALIZE_VTKHDF_BNDF_STEP1(vtkf.f90:2371); WRITE_VTKHDF_GEOM_FILE(vtkf.f90:1669),INITIALIZE_VTKHDF_BNDF_STEP1(vtkf.f90:2377); INITIALIZE_VTKHDF_BNDF_STEP2(vtkf.f90:2458); WRITE_VTKHDF_GEOM_FILE(vtkf.f90:1824),yes,written at run time by mesh kernels: INITIALIZE_VTKHDF_BNDF_STEP1,INTEGER(IB32),:,2,1,3,allocated with mesh-number bounds: vtkf.f90:1656[1:2*NMESHES]
GLOBAL_CONSTANTS,NEAREST_RADIATION_ANGLE,cons.f90,804,runtime_array,CALCULATE_DIRECTION_COEFFICIENTS(radi.f90:3590),RADIATION_FVM(radi.f90:4872),yes,,INTEGER,:,1,1,1,
GLOBAL_CONSTANTS,NPOINTS_VTK,cons.f90,634,runtime_array,INITIALIZE_VTKHDF_BNDF_STEP1(vtkf.f90:2370); WRITE_VTKHDF_GEOM_FILE(vtkf.f90:1667),DUMP_BNDF_VTKHDF(dump.f90:12223); INITIALIZE_VTKHDF_BNDF_STEP1(vtkf.f90:2377); INITIALIZE_VTKHDF_BNDF_STEP2(vtkf.f90:2455); WRITE_VTKHDF_GEOM_FILE(vtkf.f90:1824),yes,written at run time by mesh kernels: INITIALIZE_VTKHDF_BNDF_STEP1,INTEGER(IB32),:,2,1,4,allocated with mesh-number bounds: vtkf.f90:1655[1:2*NMESHES]
GLOBAL_CONSTANTS,PRESSURE_ERROR_MAX,cons.f90,554,runtime_array,PRESSURE_ITERATION_SCHEME(main.f90:1705); PRESSURE_SOLVER_CHECK_RESIDUALS_U(pres.f90:6027); PRESSURE_SOLVER_CHECK_RESIDUALS(pres.f90:792); INITIALIZE_GLOBAL_VARIABLES(init.f90:2951),WRITE_DIAGNOSTICS(dump.f90:4444); PRESSURE_ITERATION_SCHEME(main.f90:1699),yes,"written at run time by mesh kernels: PRESSURE_ITERATION_SCHEME, PRESSURE_SOLVER_CHECK_RESIDUALS_U, PRESSURE_SOLVER_CHECK_RESIDUALS",REAL(EB),:,4,3,4,allocated with mesh-number bounds: init.f90:2947[NMESHES]
GLOBAL_CONSTANTS,PRESSURE_ERROR_MAX_LOC,cons.f90,556,runtime_array,PRESSURE_ITERATION_SCHEME(main.f90:1707); PRESSURE_SOLVER_CHECK_RESIDUALS_U(pres.f90:6028); PRESSURE_SOLVER_CHECK_RESIDUALS(pres.f90:793); INITIALIZE_GLOBAL_VARIABLES(init.f90:2952),WRITE_DIAGNOSTICS(dump.f90:4445); PRESSURE_ITERATION_SCHEME(main.f90:1701),yes,"written at run time by mesh kernels: PRESSURE_ITERATION_SCHEME, PRESSURE_SOLVER_CHECK_RESIDUALS_U, PRESSURE_SOLVER_CHECK_RESIDUALS",INTEGER,":,:",4,3,4,"allocated with mesh-number bounds: init.f90:2949[3,NMESHES]"
GLOBAL_CONSTANTS,PSUM,cons.f90,648,runtime_array,DIVERGENCE_PART_1(divg.f90:745); EXCHANGE_DIVERGENCE_INFO(main.f90:2039); INITIALIZE_DIVERGENCE_INTEGRALS(main.f90:2012); INITIALIZE_MESH_VARIABLES_2(init.f90:1060); MPI_INITIALIZATION_CHORES(main.f90:1582),DIVERGENCE_PART_1(divg.f90:750); DIVERGENCE_PART_2(divg.f90:1477); INITIALIZE_MESH_VARIABLES_2(init.f90:1070),yes,written at run time by mesh kernels: DIVERGENCE_PART_1,REAL(EB),:,5,3,4,
GLOBAL_CONSTANTS,RADIATION_COMPLETED,cons.f90,501,runtime_array,COMPUTE_RADIATION(radi.f90:3758); RADIATION_FVM(radi.f90:4287); FDS[MAIN_LOOP](main.f90:1187); READ_MESH(read.f90:588),FDS[MAIN_LOOP](main.f90:1189),yes,"written at run time by mesh kernels: FDS[MAIN_LOOP], COMPUTE_RADIATION, RADIATION_FVM",LOGICAL,:,4,3,4,allocated with mesh-number bounds: read.f90:588[NMESHES]
GLOBAL_CONSTANTS,TP_AA,cons.f90,575,runtime_array,TUNNEL_POISSON_SOLVER(pres.f90:559),TUNNEL_POISSON_SOLVER(pres.f90:621),yes,written at run time by mesh kernels: TUNNEL_POISSON_SOLVER,REAL(EB),:,1,1,2,
GLOBAL_CONSTANTS,TP_BB,cons.f90,576,runtime_array,TUNNEL_POISSON_SOLVER(pres.f90:560),TUNNEL_POISSON_SOLVER(pres.f90:611),yes,written at run time by mesh kernels: TUNNEL_POISSON_SOLVER,REAL(EB),:,1,1,2,
GLOBAL_CONSTANTS,TP_CC,cons.f90,577,runtime_array,TUNNEL_POISSON_SOLVER(pres.f90:546),TUNNEL_POISSON_SOLVER(pres.f90:550),yes,written at run time by mesh kernels: TUNNEL_POISSON_SOLVER,REAL(EB),:,1,1,2,
GLOBAL_CONSTANTS,TP_DD,cons.f90,578,runtime_array,TUNNEL_POISSON_SOLVER(pres.f90:558),TUNNEL_POISSON_SOLVER(pres.f90:612),yes,written at run time by mesh kernels: TUNNEL_POISSON_SOLVER,REAL(EB),:,1,1,2,
GLOBAL_CONSTANTS,TP_RDXN,cons.f90,579,runtime_array,TUNNEL_POISSON_SOLVER(pres.f90:540),ULMAT_SOLVE_ZONE(pres.f90:1579); TUNNEL_POISSON_SOLVER(pres.f90:558),yes,written at run time by mesh kernels: TUNNEL_POISSON_SOLVER,REAL(EB),:,1,1,3,
GLOBAL_CONSTANTS,T_USED,cons.f90,719,runtime_array,CCCOMPUTE_RADIATION(ccib.f90:7158); CC_BAROCLINIC_CORRECTION(ccib.f90:1762); CC_COMPUTE_KRES(ccib.f90:3731); CC_COMPUTE_VELOCITY_ERROR(ccib.f90:16179); CC_COMPUTE_VISCOSITY(ccib.f90:5933); CC_DENSITY(ccib.f90:11897); CC_DIVERGENCE_PART_1(ccib.f90:8834); CC_END_STEP(ccib.f90:7665) ... (+87),CCCOMPUTE_RADIATION(ccib.f90:7158); CC_BAROCLINIC_CORRECTION(ccib.f90:1762); CC_COMPUTE_KRES(ccib.f90:3731); CC_COMPUTE_VELOCITY_ERROR(ccib.f90:16179); CC_COMPUTE_VISCOSITY(ccib.f90:5933),yes,"written at run time by mesh kernels: CCCOMPUTE_RADIATION, CC_BAROCLINIC_CORRECTION, CC_COMPUTE_KRES, CC_COMPUTE_VELOCITY_ERROR, CC_COMPUTE_VISCOSITY, CC_DENSITY",REAL(EB),:,95,82,75,
GLOBAL_CONSTANTS,USUM,cons.f90,648,runtime_array,DIVERGENCE_PART_1(divg.f90:765); DIVERGENCE_PART_2(divg.f90:1506); EXCHANGE_DIVERGENCE_INFO(main.f90:2040); INITIALIZE_DIVERGENCE_INTEGRALS(main.f90:2011); MPI_INITIALIZATION_CHORES(main.f90:1583),DIVERGENCE_PART_1(divg.f90:765); DIVERGENCE_PART_2(divg.f90:1479),yes,"written at run time by mesh kernels: DIVERGENCE_PART_1, DIVERGENCE_PART_2",REAL(EB),:,5,4,3,
GLOBAL_CONSTANTS,VELOCITY_ERROR_MAX,cons.f90,553,runtime_array,CC_COMPUTE_VELOCITY_ERROR(ccib.f90:16174); PRESSURE_ITERATION_SCHEME(main.f90:1704); COMPUTE_VELOCITY_ERROR(pres.f90:834); INITIALIZE_GLOBAL_VARIABLES(init.f90:2958),CC_COMPUTE_VELOCITY_ERROR(ccib.f90:16170); GAS_PHASE_OUTPUT(dump.f90:8919); WRITE_DIAGNOSTICS(dump.f90:4437); PRESSURE_ITERATION_SCHEME(main.f90:1698); COMPUTE_VELOCITY_ERROR(pres.f90:1060),yes,"written at run time by mesh kernels: CC_COMPUTE_VELOCITY_ERROR, PRESSURE_ITERATION_SCHEME, COMPUTE_VELOCITY_ERROR",REAL(EB),:,4,3,5,allocated with mesh-number bounds: init.f90:2954[NMESHES]
GLOBAL_CONSTANTS,VELOCITY_ERROR_MAX_LOC,cons.f90,555,runtime_array,CC_COMPUTE_VELOCITY_ERROR(ccib.f90:16171); PRESSURE_ITERATION_SCHEME(main.f90:1706); COMPUTE_VELOCITY_ERROR(pres.f90:1061); INITIALIZE_GLOBAL_VARIABLES(init.f90:2959),WRITE_DIAGNOSTICS(dump.f90:4438); PRESSURE_ITERATION_SCHEME(main.f90:1700),yes,"written at run time by mesh kernels: CC_COMPUTE_VELOCITY_ERROR, PRESSURE_ITERATION_SCHEME, COMPUTE_VELOCITY_ERROR",INTEGER,":,:",4,3,4,"allocated with mesh-number bounds: init.f90:2956[3,NMESHES]"
GLOBAL_CONSTANTS,VIEW_ANGLE_FACTOR,cons.f90,806,runtime_array,CALCULATE_DIRECTION_COEFFICIENTS(radi.f90:3580),RADIATION_FVM(radi.f90:4871),yes,,REAL(EB),:,1,1,1,
GLOBMAT_SOLVER,H_RESTORE_MESHES,pres.f90,3200,runtime_array,SAVE_HS_FOR_SETUP(pres.f90:3272),RESTORE_HS_AFTER_SETUP(pres.f90:3281); SAVE_HS_FOR_SETUP(pres.f90:3269),yes,written at run time by mesh kernels: SAVE_HS_FOR_SETUP,TYPE:H_RESTORE_TYPE(H_RESTORE_TYPE),:,1,1,2,allocated with mesh-number bounds: pres.f90:3267[LOWER_MESH_INDEX:UPPER_MESH_INDEX]
GLOBMAT_SOLVER,IPARM,pres.f90,3176,runtime_array,GET_H_MATRIX_LUDCMP(pres.f90:4644); GLMAT_SOLVER(pres.f90:3428); SET_CLUSTER_SOLVER_IPARM(pres.f90:4884),,yes,"written at run time by mesh kernels: GLMAT_SOLVER | passed at run time to callee(s) with unresolved intent: GLMAT_SOLVER, GET_H_MATRIX_LUDCMP, FINISH_GLMAT_SOLVER",INTEGER, : ,3,3,2,
GLOBMAT_SOLVER,ZSL_COMM,pres.f90,3194,runtime_array,GET_H_MATRIX_LUDCMP(pres.f90:4733),,yes,passed at run time to callee(s) with unresolved intent: GET_H_MATRIX_LUDCMP,TYPE:ZSL_COMM_TYPE(ZSL_COMM_TYPE),:,1,1,1,
HVAC_ROUTINES,DUCT_MF,hvac.f90,44,runtime_array,HVAC_CALC(hvac.f90:1427); HVAC_UPDATE(hvac.f90:1671); EXCHANGE_HVAC_SOLUTION(main.f90:5014); PROC_HVAC(hvac.f90:1224),CALCULATE_ZZ_F(wall.f90:1120),yes,,REAL(EB),:,4,3,2,
HVAC_ROUTINES,LHS,hvac.f90,30,runtime_array,HVAC_CALC(hvac.f90:1499); HVAC_QFAN_CALC(hvac.f90:4050); LHSDUCT(hvac.f90:2106); LHSDUCT_QFAN(hvac.f90:4547); LHSNODE(hvac.f90:1976); LHSNODE_QFAN(hvac.f90:4463),,yes,,REAL(EB),":,:",6,6,1,
HVAC_ROUTINES,NODE_AREA_EX,hvac.f90,41,runtime_array,COLLAPSE_HVAC_BC(hvac.f90:3134); EXCHANGE_HVAC_SOLUTION(main.f90:5007); PROC_HVAC(hvac.f90:1216),,yes,,REAL(EB),:,3,2,1,
HVAC_ROUTINES,NODE_PROPERTIES,hvac.f90,46,runtime_array,EXCHANGE_HVAC_BC(main.f90:4979); PROC_HVAC(hvac.f90:1202); FDS(main.f90:564); FDS[MAIN_LOOP](main.f90:811),PROC_HVAC(hvac.f90:1203),yes,written at run time by mesh kernels: FDS[MAIN_LOOP],REAL(EB),":,:",4,2,3,
HVAC_ROUTINES,NODE_TMP_EX,hvac.f90,42,runtime_array,HVAC_UPDATE(hvac.f90:1615); EXCHANGE_HVAC_SOLUTION(main.f90:5008); PROC_HVAC(hvac.f90:1215),,yes,,REAL(EB),:,3,2,1,
HVAC_ROUTINES,NODE_ZONE,hvac.f90,57,runtime_array,INITIALIZE_HVAC(hvac.f90:2407); EXCHANGE_HVAC_BC(main.f90:4980); PROC_HVAC(hvac.f90:1213); FDS(main.f90:565); FDS[MAIN_LOOP](main.f90:812),INITIALIZE_HVAC(hvac.f90:2405),yes,"written at run time by mesh kernels: INITIALIZE_HVAC, FDS[MAIN_LOOP]",INTEGER,:,5,3,4,
HVAC_ROUTINES,NODE_ZZ_EX,hvac.f90,59,runtime_array,HVAC_UPDATE(hvac.f90:1616); EXCHANGE_HVAC_SOLUTION(main.f90:5012); PROC_HVAC(hvac.f90:1217),,yes,,REAL(EB),":,:",3,2,1,
HVAC_ROUTINES,RHS,hvac.f90,31,runtime_array,HVAC_CALC(hvac.f90:1500); HVAC_QFAN_CALC(hvac.f90:4051); MATRIX_SOLVE(hvac.f90:1570); MATRIX_SOLVE_QFAN(hvac.f90:4411); RHSDUCT(hvac.f90:2083); RHSDUCT_QFAN(hvac.f90:4523); RHSNODE(hvac.f90:1947); RHSNODE_QFAN(hvac.f90:4437),,yes,,REAL(EB),:,8,8,1,
LOCMAT_SOLVER,D_H_MAT,pres.f90,1107,runtime_array,ULMAT_BCS_H_MATRIX(pres.f90:2776); ULMAT_H_MATRIX(pres.f90:2542); ULMAT_H_MATRIX_SOLVER_SETUP(pres.f90:2969),ULMAT_BCS_H_MATRIX(pres.f90:2776); ULMAT_H_MATRIX(pres.f90:2607); ULMAT_H_MATRIX_SOLVER_SETUP(pres.f90:2879),yes,"written at run time by mesh kernels: ULMAT_BCS_H_MATRIX, ULMAT_H_MATRIX, ULMAT_H_MATRIX_SOLVER_SETUP | passed at run time to callee(s) with unresolved intent: ULMAT_H_MATRIX_SOLVER_SETUP",REAL(EB),":,:",3,3,3,
LOCMAT_SOLVER,IPARM,pres.f90,1113,runtime_array,ULMAT_DEFINE_IPARM(pres.f90:2798),ULMAT_H_MATRIX_SOLVER_SETUP(pres.f90:2930),yes,"passed at run time to callee(s) with unresolved intent: ULMAT_SOLVE_ZONE, ULMAT_H_MATRIX_SOLVER_SETUP, FINISH_ULMAT_SOLVER",INTEGER, : ,1,1,3,
LOCMAT_SOLVER,JD_H_MAT,pres.f90,1106,runtime_array,ADD_INPLACE_NNZ_H(pres.f90:2510); ULMAT_H_MATRIX_SOLVER_SETUP(pres.f90:2968); ULMAT_MATRIXGRAPH_H(pres.f90:2172),ULMAT_BCS_H_MATRIX(pres.f90:2770); ULMAT_H_MATRIX_SOLVER_SETUP(pres.f90:2877); ULMAT_MATRIXGRAPH_H(pres.f90:2352),yes,"written at run time by mesh kernels: ULMAT_H_MATRIX_SOLVER_SETUP, ULMAT_MATRIXGRAPH_H | passed at run time to callee(s) with unresolved intent: ULMAT_H_MATRIX_SOLVER_SETUP",INTEGER,":,:",3,3,3,
LOCMAT_SOLVER,NNZ_H_MAT,pres.f90,1105,runtime_array,ADD_INPLACE_NNZ_H(pres.f90:2512); ULMAT_H_MATRIX_SOLVER_SETUP(pres.f90:2967); ULMAT_MATRIXGRAPH_H(pres.f90:2169),ULMAT_BCS_H_MATRIX(pres.f90:2769); ULMAT_H_MATRIX_SOLVER_SETUP(pres.f90:2855); ULMAT_MATRIXGRAPH_H(pres.f90:2259),yes,"written at run time by mesh kernels: ULMAT_H_MATRIX_SOLVER_SETUP, ULMAT_MATRIXGRAPH_H | passed at run time to callee(s) with unresolved intent: ULMAT_H_MATRIX_SOLVER_SETUP",INTEGER,:,3,3,3,
MESH_VARIABLES,MESHES,mesh.f90,356,runtime_array,CC_DENSITY(ccib.f90:11788); COPY_CC_MUNKH_TO_UNKH(ccib.f90:22902); EXCHANGE_BACK_CFACE_DATA(ccib.f90:358); GET_H_CUTFACES(ccib.f90:21400); MESH_CC_EXCHANGE(ccib.f90:4776); COMBUSTION_GENERAL_LOAD_BALANCED(fire.f90:172); GET_BOUNDARY_TYPE(init.f90:5188); EXCHANGE_DIAGNOSTICS(main.f90:4343) ... (+61),ADD_Q_DOT_CUTCELLS(ccib.f90:5957); CCCOMPUTE_RADIATION(ccib.f90:7139); CC_BAROCLINIC_CORRECTION(ccib.f90:1682); CC_CHECK_DIVERGENCE(ccib.f90:16356); CC_CHECK_MASS_DENSITY(ccib.f90:12545),yes,"written at run time by mesh kernels: CC_DENSITY, COPY_CC_MUNKH_TO_UNKH, EXCHANGE_BACK_CFACE_DATA, GET_H_CUTFACES, MESH_CC_EXCHANGE, COMBUSTION_GENERAL_LOAD_BALANCED",TYPE:MESH_TYPE(MESH_TYPE),:,69,17,378,allocated with mesh-number bounds: read.f90:579[NMESHES]
OUTPUT_CLOCKS,BNDF_COUNTER,cons.f90,878,runtime_array,DUMP_MESH_OUTPUTS(dump.f90:211); INITIALIZE_OUTPUT_CLOCKS(func.f90:449),DUMP_BNDF(dump.f90:12019); PACK_VTK_BNDF(dump.f90:12419),yes,,INTEGER,:,2,1,3,
OUTPUT_CLOCKS,BNDF_VTK_COUNTER,cons.f90,881,runtime_array,DUMP_MESH_OUTPUTS(dump.f90:140); INITIALIZE_OUTPUT_CLOCKS(func.f90:473),INITIALIZE_VTKHDF_FILES(vtkf.f90:1349),yes,,INTEGER,:,2,1,2,
OUTPUT_CLOCKS,CPU_COUNTER,cons.f90,878,runtime_array,DUMP_GLOBAL_OUTPUTS(main.f90:4700); INITIALIZE_OUTPUT_CLOCKS(func.f90:450),,yes,,INTEGER,:,2,1,1,
OUTPUT_CLOCKS,CTRL_COUNTER,cons.f90,878,runtime_array,DUMP_GLOBAL_OUTPUTS(main.f90:4693); INITIALIZE_OUTPUT_CLOCKS(func.f90:451),,yes,,INTEGER,:,2,1,1,
OUTPUT_CLOCKS,DEVC_COUNTER,cons.f90,878,runtime_array,DUMP_GLOBAL_OUTPUTS(main.f90:4667); INITIALIZE_OUTPUT_CLOCKS(func.f90:452),,yes,,INTEGER,:,2,1,1,
OUTPUT_CLOCKS,FLSH_COUNTER,cons.f90,878,runtime_array,INITIALIZE_OUTPUT_CLOCKS(func.f90:453); FDS[MAIN_LOOP](main.f90:1180),FDS[MAIN_LOOP](main.f90:1178),yes,written at run time by mesh kernels: FDS[MAIN_LOOP],INTEGER,:,2,1,2,
OUTPUT_CLOCKS,GEOM_COUNTER,cons.f90,878,runtime_array,DUMP_GLOBAL_OUTPUTS(main.f90:4631); INITIALIZE_OUTPUT_CLOCKS(func.f90:454),,yes,,INTEGER,:,2,1,1,
OUTPUT_CLOCKS,HRR_COUNTER,cons.f90,878,runtime_array,DUMP_GLOBAL_OUTPUTS(main.f90:4609); INITIALIZE_OUTPUT_CLOCKS(func.f90:455),,yes,,INTEGER,:,2,1,1,
OUTPUT_CLOCKS,HVAC_COUNTER,cons.f90,879,runtime_array,DUMP_GLOBAL_OUTPUTS(main.f90:4620); INITIALIZE_OUTPUT_CLOCKS(func.f90:456),,yes,,INTEGER,:,2,1,1,
OUTPUT_CLOCKS,ISOF_COUNTER,cons.f90,879,runtime_array,DUMP_MESH_OUTPUTS(dump.f90:179); INITIALIZE_OUTPUT_CLOCKS(func.f90:457),,yes,,INTEGER,:,2,1,1,
OUTPUT_CLOCKS,MASS_COUNTER,cons.f90,879,runtime_array,DUMP_GLOBAL_OUTPUTS(main.f90:4643); INITIALIZE_OUTPUT_CLOCKS(func.f90:458),,yes,,INTEGER,:,2,1,1,
OUTPUT_CLOCKS,PART_COUNTER,cons.f90,879,runtime_array,DUMP_MESH_OUTPUTS(dump.f90:171); INITIALIZE_OUTPUT_CLOCKS(func.f90:459),,yes,,INTEGER,:,2,1,1,
OUTPUT_CLOCKS,PART_VTK_COUNTER,cons.f90,881,runtime_array,DUMP_MESH_OUTPUTS(dump.f90:154); INITIALIZE_OUTPUT_CLOCKS(func.f90:474),INITIALIZE_VTKHDF_FILES(vtkf.f90:1354),yes,,INTEGER,:,2,1,2,
OUTPUT_CLOCKS,PL3D_COUNTER,cons.f90,879,runtime_array,DUMP_MESH_OUTPUTS(dump.f90:219); INITIALIZE_OUTPUT_CLOCKS(func.f90:460),,yes,,INTEGER,:,2,1,1,
OUTPUT_CLOCKS,PROF_COUNTER,cons.f90,879,runtime_array,DUMP_MESH_OUTPUTS(dump.f90:229); INITIALIZE_OUTPUT_CLOCKS(func.f90:461),,yes,,INTEGER,:,2,1,1,
OUTPUT_CLOCKS,RADF_COUNTER,cons.f90,879,runtime_array,RADIATION_FVM(radi.f90:5061); INITIALIZE_OUTPUT_CLOCKS(func.f90:462),RADIATION_FVM(radi.f90:5042),yes,written at run time by mesh kernels: RADIATION_FVM,INTEGER,:,2,1,2,
OUTPUT_CLOCKS,RSRT_CLOCK,cons.f90,875,runtime_array,EVALUATE_CONTROL(ctrl.f90:292); INITIALIZE_OUTPUT_CLOCKS(func.f90:463),FDS[MAIN_LOOP](main.f90:1186),yes,,REAL(EB),:,2,1,2,
OUTPUT_CLOCKS,RSRT_COUNTER,cons.f90,880,runtime_array,INITIALIZE_OUTPUT_CLOCKS(func.f90:463); FDS[MAIN_LOOP](main.f90:1193),FDS[MAIN_LOOP](main.f90:1186),yes,written at run time by mesh kernels: FDS[MAIN_LOOP],INTEGER,:,2,1,2,
OUTPUT_CLOCKS,SL3D_COUNTER,cons.f90,880,runtime_array,DUMP_MESH_OUTPUTS(dump.f90:203); INITIALIZE_OUTPUT_CLOCKS(func.f90:465),,yes,,INTEGER,:,2,1,1,
OUTPUT_CLOCKS,SL3D_VTK_COUNTER,cons.f90,881,runtime_array,DUMP_MESH_OUTPUTS(dump.f90:98); INITIALIZE_OUTPUT_CLOCKS(func.f90:471),,yes,,INTEGER,:,2,1,1,
OUTPUT_CLOCKS,SLCF_COUNTER,cons.f90,880,runtime_array,DUMP_MESH_OUTPUTS(dump.f90:195); INITIALIZE_OUTPUT_CLOCKS(func.f90:464),,yes,,INTEGER,:,2,1,1,
OUTPUT_CLOCKS,SLCF_VTK_COUNTER,cons.f90,881,runtime_array,DUMP_MESH_OUTPUTS(dump.f90:112); INITIALIZE_OUTPUT_CLOCKS(func.f90:470),INITIALIZE_VTKHDF_FILES(vtkf.f90:1333),yes,,INTEGER,:,2,1,2,
OUTPUT_CLOCKS,SM3D_COUNTER,cons.f90,880,runtime_array,DUMP_MESH_OUTPUTS(dump.f90:187); INITIALIZE_OUTPUT_CLOCKS(func.f90:466),,yes,,INTEGER,:,2,1,1,
OUTPUT_CLOCKS,SM3D_VTK_COUNTER,cons.f90,881,runtime_array,DUMP_MESH_OUTPUTS(dump.f90:126); INITIALIZE_OUTPUT_CLOCKS(func.f90:472),INITIALIZE_VTKHDF_FILES(vtkf.f90:1341),yes,,INTEGER,:,2,1,2,
OUTPUT_CLOCKS,SPEC_COUNTER,cons.f90,880,runtime_array,DUMP_MESH_OUTPUTS(dump.f90:261); INITIALIZE_OUTPUT_CLOCKS(func.f90:469),,yes,,INTEGER,:,2,1,1,
OUTPUT_CLOCKS,TMP_COUNTER,cons.f90,880,runtime_array,DUMP_MESH_OUTPUTS(dump.f90:252); INITIALIZE_OUTPUT_CLOCKS(func.f90:468),,yes,,INTEGER,:,2,1,1,
OUTPUT_CLOCKS,UVW_COUNTER,cons.f90,880,runtime_array,DUMP_MESH_OUTPUTS(dump.f90:243); INITIALIZE_OUTPUT_CLOCKS(func.f90:467),,yes,,INTEGER,:,2,1,1,
OUTPUT_DATA,ENTHALPY_SUM,data.f90,18,runtime_array,UPDATE_HRR(dump.f90:11654); READ_RESTART(dump.f90:4139); INITIALIZE_GLOBAL_VARIABLES(init.f90:2940),DUMP_RESTART(dump.f90:3950); UPDATE_HRR(dump.f90:11653),yes,written at run time by mesh kernels: UPDATE_HRR,REAL(EB),:,3,1,3,allocated with mesh-number bounds: init.f90:2938[NMESHES]
OUTPUT_DATA,MASS_DT,data.f90,19,runtime_array,UPDATE_MASS(dump.f90:11920); DUMP_GLOBAL_OUTPUTS(main.f90:4638); READ_RESTART(dump.f90:4145); INITIALIZE_GLOBAL_VARIABLES(init.f90:2945),DUMP_RESTART(dump.f90:3953); UPDATE_MASS(dump.f90:11920),yes,written at run time by mesh kernels: UPDATE_MASS,REAL(EB),:,4,2,3,
OUTPUT_DATA,M_DOT,data.f90,19,runtime_array,UPDATE_HRR(dump.f90:11797); PARTICLE_MASS_ENERGY_TRANSFER(part.f90:3948); DEPOSIT_PARTICLE_MASS(wall.f90:1555); INITIALIZE_GLOBAL_VARIABLES(init.f90:2943); FDS[MAIN_LOOP](main.f90:938),UPDATE_HRR(dump.f90:11797); PARTICLE_MASS_ENERGY_TRANSFER(part.f90:3948); DEPOSIT_PARTICLE_MASS(wall.f90:1555),yes,"written at run time by mesh kernels: UPDATE_HRR, FDS[MAIN_LOOP], PARTICLE_MASS_ENERGY_TRANSFER, DEPOSIT_PARTICLE_MASS",REAL(EB),:,5,4,4,
OUTPUT_DATA,M_DOT_SUM,data.f90,19,runtime_array,DUMP_HRR(dump.f90:11841); UPDATE_HRR(dump.f90:11820); DUMP_GLOBAL_OUTPUTS(main.f90:4603); READ_RESTART(dump.f90:4145); INITIALIZE_GLOBAL_VARIABLES(init.f90:2944),DUMP_HRR(dump.f90:11841); DUMP_RESTART(dump.f90:3953); UPDATE_HRR(dump.f90:11820),yes,"written at run time by mesh kernels: DUMP_HRR, UPDATE_HRR",REAL(EB),:,5,3,4,
OUTPUT_DATA,Q_DOT,data.f90,19,runtime_array,UPDATE_HRR(dump.f90:11670); PARTICLE_MASS_ENERGY_TRANSFER(part.f90:3944); DEPOSIT_PARTICLE_MASS(wall.f90:1527); INITIALIZE_GLOBAL_VARIABLES(init.f90:2941); FDS[MAIN_LOOP](main.f90:937),UPDATE_HRR(dump.f90:11670); PARTICLE_MASS_ENERGY_TRANSFER(part.f90:3944); DEPOSIT_PARTICLE_MASS(wall.f90:1527),yes,"written at run time by mesh kernels: UPDATE_HRR, FDS[MAIN_LOOP], PARTICLE_MASS_ENERGY_TRANSFER, DEPOSIT_PARTICLE_MASS",REAL(EB),:,5,4,4,
OUTPUT_DATA,Q_DOT_SUM,data.f90,19,runtime_array,DUMP_HRR(dump.f90:11840); UPDATE_HRR(dump.f90:11819); DUMP_GLOBAL_OUTPUTS(main.f90:4602); READ_RESTART(dump.f90:4145); INITIALIZE_GLOBAL_VARIABLES(init.f90:2942),DUMP_HRR(dump.f90:11840); DUMP_RESTART(dump.f90:3953); UPDATE_HRR(dump.f90:11819),yes,"written at run time by mesh kernels: DUMP_HRR, UPDATE_HRR",REAL(EB),:,5,3,4,
RADCONS,DLANG,cons.f90,905,runtime_array,CALCULATE_DIRECTION_COEFFICIENTS(radi.f90:3499),RADIATION_FVM(radi.f90:4638); INTERPOLATE_IL(radi.f90:3626),yes,,REAL(EB),":,:",1,1,3,
RADCONS,DLANG_OLD,cons.f90,906,runtime_array,CALCULATE_DIRECTION_COEFFICIENTS(radi.f90:3509),INTERPOLATE_IL(radi.f90:3627),yes,,REAL(EB),":,:",1,1,2,
RADCONS,DLB,cons.f90,917,runtime_array,CALCULATE_DIRECTION_COEFFICIENTS(radi.f90:3497),RADIATION_FVM(radi.f90:4441),yes,,REAL(EB),:,1,1,2,
RADCONS,DLM,cons.f90,922,runtime_array,CALCULATE_DIRECTION_COEFFICIENTS(radi.f90:3560); CALCULATE_FVM_ANGLES(radi.f90:3400),RADIATION_FVM(radi.f90:4343),yes,,INTEGER,":,:",2,1,2,
RADCONS,DLN,cons.f90,904,runtime_array,CALCULATE_DIRECTION_COEFFICIENTS(radi.f90:3535),ALLOCATE_RADIATION_RECV_PKG(main.f90:4001); ALLOCATE_RADIATION_SEND_PKG(main.f90:4043); MESH_EXCHANGE(main.f90:3499); RADIATION_FVM(radi.f90:4259),yes,,REAL(EB),":,:",1,1,5,
RADCONS,DLO_ORIENTATION,cons.f90,920,runtime_array,CALCULATE_DIRECTION_COEFFICIENTS(radi.f90:3584),RADIATION_FVM(radi.f90:4864),yes,,REAL(EB),":,:",1,1,2,
RADCONS,DLX,cons.f90,911,runtime_array,CALCULATE_DIRECTION_COEFFICIENTS(radi.f90:3495),INITIALIZE_MESH_DUMPS(dump.f90:1564); RADIATION_FVM(radi.f90:4268),yes,,REAL(EB),:,1,1,3,
RADCONS,DLY,cons.f90,912,runtime_array,CALCULATE_DIRECTION_COEFFICIENTS(radi.f90:3496),INITIALIZE_MESH_DUMPS(dump.f90:1564); RADIATION_FVM(radi.f90:4268),yes,,REAL(EB),:,1,1,3,
RADCONS,DLZ,cons.f90,913,runtime_array,CALCULATE_DIRECTION_COEFFICIENTS(radi.f90:3498),INITIALIZE_MESH_DUMPS(dump.f90:1564); RADIATION_FVM(radi.f90:4268),yes,,REAL(EB),:,1,1,3,
TYPES,DUCT,type.f90,2033,runtime_array,COLLAPSE_HVAC_BC(hvac.f90:3128); DETERMINE_FIXED_ELEMENTS(hvac.f90:2558); FIND_DUCTRUNS(hvac.f90:4159); HVAC_CALC(hvac.f90:1419); UPDATE_LOSS(hvac.f90:2806); CONNECTION_CHECK(hvac.f90:1272); PROC_HVAC(hvac.f90:1221),DUMP_RESTART(dump.f90:4026); READ_RESTART(dump.f90:4259); WRITE_SMOKEVIEW_FILE(dump.f90:2344); INITIALIZE_HVAC(hvac.f90:2500); PROC_HVAC(hvac.f90:864),yes,,TYPE:DUCT_TYPE(DUCT_TYPE),:,7,5,6,
TYPES,DUCTNODE,type.f90,1941,runtime_array,FIND_DUCTRUNS(hvac.f90:4274); HVAC_CALC(hvac.f90:1422); HVAC_UPDATE(hvac.f90:1613); CONNECTION_CHECK(hvac.f90:1274),DUMP_RESTART(dump.f90:4031); READ_RESTART(dump.f90:4264); WRITE_SMOKEVIEW_FILE(dump.f90:2340); INITIALIZE_HVAC(hvac.f90:2410); PROC_HVAC(hvac.f90:878),yes,,TYPE:DUCTNODE_TYPE(DUCTNODE_TYPE),:,4,3,7,
TYPES,INITIALIZATION,type.f90,1718,runtime_array,INSERT_ALL_PARTICLES(part.f90:248),INIT_CUTCELL_DATA(ccib.f90:7757); DUMP_RESTART(dump.f90:3932); READ_RESTART(dump.f90:4121); INITIALIZE_MESH_VARIABLES_1(init.f90:861); MESH_EXCHANGE(main.f90:3901),yes,written at run time by mesh kernels: INSERT_ALL_PARTICLES,TYPE:INITIALIZATION_TYPE(INITIALIZATION_TYPE),:,1,1,12,
TYPES,P_ZONE,type.f90,1751,runtime_array,DIVERGENCE_PART_2(divg.f90:1520); FIND_NETWORKS(hvac.f90:2736); REALLOCATE_P_ZONE(func.f90:3846); INITIALIZE_PRESSURE_ZONES(main.f90:2699); READ_ZONE(read.f90:13689),INITIALIZE_DIAGNOSTIC_FILE(dump.f90:3845); INITIALIZE_PRESSURE_ZONES(main.f90:2632); READ_ZONE(read.f90:13663),yes,written at run time by mesh kernels: DIVERGENCE_PART_2,TYPE:P_ZONE_TYPE(P_ZONE_TYPE),:,5,2,4,
TYPES,RAMPS,type.f90,1583,runtime_array,EVALUATE_RAMP(func.f90:833); PROC_MATL(read.f90:7720); PROC_PROP(read.f90:7147); READ_RAMP(read.f90:10426),INITIALIZE_BOUNDARY_ONE_D(func.f90:4860); INITIALIZE_ATMOSPHERE(init.f90:457); CHECK_STABILITY(velo.f90:3172); CALCULATE_ZZ_F(wall.f90:1233),yes,,TYPE:RAMPS_TYPE(RAMPS_TYPE),:,4,1,4,
TYPES,ZONE_SOLVE,type.f90,1822,runtime_array,ADD_INPLACE_NNZ_H_WHLDOM(ccib.f90:21154); GET_H_MATRIX_CC(ccib.f90:20625),GET_CC_IROW(ccib.f90:20471); GET_CC_MATRIXGRAPH_H(ccib.f90:20908); GET_CUTCELL_FH(ccib.f90:20533); GET_CUTCELL_HP(ccib.f90:20492); GET_FH_FROM_PRHS_AND_BCS(ccib.f90:2091),yes,written at run time by mesh kernels: GET_H_MATRIX_CC,TYPE:ZONE_SOLVE_TYPE(ZONE_SOLVE_TYPE),:,2,2,14,
CC_SCALARS,CF_BACK_MAP_IDX,ccib.f90,149,runtime_array,INITIALIZE_BACK_CFACE_EXCHANGE(ccib.f90:305),EXCHANGE_BACK_CFACE_DATA(ccib.f90:353),no,"written only outside the time loop (setup/IO); read-only while stepping -> needs a device/const mirror, not a blocker for PURE",INTEGER,:,1,0,2,
CC_SCALARS,CF_BACK_RDISPL3,ccib.f90,148,runtime_array,INITIALIZE_BACK_CFACE_EXCHANGE(ccib.f90:300),EXCHANGE_BACK_CFACE_DATA(ccib.f90:348),no,"written only outside the time loop (setup/IO); read-only while stepping -> needs a device/const mirror, not a blocker for PURE",INTEGER,:,1,0,2,
CC_SCALARS,CF_BACK_RECV_CNT3,ccib.f90,148,runtime_array,INITIALIZE_BACK_CFACE_EXCHANGE(ccib.f90:300),EXCHANGE_BACK_CFACE_DATA(ccib.f90:348),no,"written only outside the time loop (setup/IO); read-only while stepping -> needs a device/const mirror, not a blocker for PURE",INTEGER,:,1,0,2,
CC_SCALARS,CF_BACK_RECV_IDX,ccib.f90,150,runtime_array,INITIALIZE_BACK_CFACE_EXCHANGE(ccib.f90:309),EXCHANGE_BACK_CFACE_DATA(ccib.f90:339),no,"written only outside the time loop (setup/IO); read-only while stepping -> needs a device/const mirror, not a blocker for PURE",INTEGER,:,1,0,2,
CC_SCALARS,CF_BACK_RECV_NOM,ccib.f90,150,runtime_array,INITIALIZE_BACK_CFACE_EXCHANGE(ccib.f90:308),EXCHANGE_BACK_CFACE_DATA(ccib.f90:341),no,"written only outside the time loop (setup/IO); read-only while stepping -> needs a device/const mirror, not a blocker for PURE",INTEGER,:,1,0,2,
CC_SCALARS,CF_BACK_SDISPL3,ccib.f90,148,runtime_array,INITIALIZE_BACK_CFACE_EXCHANGE(ccib.f90:299),EXCHANGE_BACK_CFACE_DATA(ccib.f90:349),no,"written only outside the time loop (setup/IO); read-only while stepping -> needs a device/const mirror, not a blocker for PURE",INTEGER,:,1,0,2,
CC_SCALARS,CF_BACK_SEND_CNT3,ccib.f90,148,runtime_array,INITIALIZE_BACK_CFACE_EXCHANGE(ccib.f90:299),EXCHANGE_BACK_CFACE_DATA(ccib.f90:349),no,"written only outside the time loop (setup/IO); read-only while stepping -> needs a device/const mirror, not a blocker for PURE",INTEGER,:,1,0,2,
CC_SCALARS,CF_BACK_SEND_NOM,ccib.f90,149,runtime_array,INITIALIZE_BACK_CFACE_EXCHANGE(ccib.f90:304),EXCHANGE_BACK_CFACE_DATA(ccib.f90:355),no,"written only outside the time loop (setup/IO); read-only while stepping -> needs a device/const mirror, not a blocker for PURE",INTEGER,:,1,0,2,
CC_SCALARS,DELTA_UNKZ,ccib.f90,78,runtime_array,SET_CFACES_P1_RDN(ccib.f90:7494),,no,"written only outside the time loop (setup/IO); read-only while stepping -> needs a device/const mirror, not a blocker for PURE",REAL(EB),":,:",1,0,1,
CC_SCALARS,DXCELL,ccib.f90,60,runtime_array,GET_CRTCFCC_INT_STENCILS(ccib.f90:16766),GET_CRTCFCC_INT_STENCILS(ccib.f90:16768); COMPUTE_DCOEF(ccib.f90:18236),no,"written only outside the time loop (setup/IO); read-only while stepping -> needs a device/const mirror, not a blocker for PURE",REAL(EB),:,1,0,2,
CC_SCALARS,DXFACE,ccib.f90,60,runtime_array,GET_CRTCFCC_INT_STENCILS(ccib.f90:16771),GET_CRTCFCC_INT_STENCILS(ccib.f90:16773),no,"written only outside the time loop (setup/IO); read-only while stepping -> needs a device/const mirror, not a blocker for PURE",REAL(EB),:,1,0,1,
CC_SCALARS,DYCELL,ccib.f90,60,runtime_array,GET_CRTCFCC_INT_STENCILS(ccib.f90:16790),GET_CRTCFCC_INT_STENCILS(ccib.f90:16792); COMPUTE_DCOEF(ccib.f90:18269),no,"written only outside the time loop (setup/IO); read-only while stepping -> needs a device/const mirror, not a blocker for PURE",REAL(EB),:,1,0,2,
CC_SCALARS,DYFACE,ccib.f90,60,runtime_array,GET_CRTCFCC_INT_STENCILS(ccib.f90:16795),GET_CRTCFCC_INT_STENCILS(ccib.f90:16797),no,"written only outside the time loop (setup/IO); read-only while stepping -> needs a device/const mirror, not a blocker for PURE",REAL(EB),:,1,0,1,
CC_SCALARS,DZCELL,ccib.f90,60,runtime_array,GET_CRTCFCC_INT_STENCILS(ccib.f90:16814),GET_CRTCFCC_INT_STENCILS(ccib.f90:16816); COMPUTE_DCOEF(ccib.f90:18302),no,"written only outside the time loop (setup/IO); read-only while stepping -> needs a device/const mirror, not a blocker for PURE",REAL(EB),:,1,0,2,
CC_SCALARS,DZFACE,ccib.f90,60,runtime_array,GET_CRTCFCC_INT_STENCILS(ccib.f90:16819),GET_CRTCFCC_INT_STENCILS(ccib.f90:16821),no,"written only outside the time loop (setup/IO); read-only while stepping -> needs a device/const mirror, not a blocker for PURE",REAL(EB),:,1,0,1,
CC_SCALARS,F_WORK,ccib.f90,81,runtime_array,,CCENTHALPY_ADVECTION(ccib.f90:9515); CCSPECIES_ADVECTION(ccib.f90:8970); GET_EXPLICIT_ADVDIFFVECTOR_SCALAR_3D(ccib.f90:12067),no,"no write found (initialised in declaration, via namelist/READ of a different name, or by intrinsic/MPI with unresolved intent)",REAL(EB),"0:3,0:3,0:3",0,0,3,
CC_SCALARS,JM_MAT_Z,ccib.f90,75,runtime_array,GET_MMATRIX_SCALAR_3D(ccib.f90:21245),,no,"written only outside the time loop (setup/IO); read-only while stepping -> needs a device/const mirror, not a blocker for PURE",INTEGER,:,1,0,1,
CC_SCALARS,M_MAT_Z,ccib.f90,74,runtime_array,GET_MMATRIX_SCALAR_3D(ccib.f90:21244),GET_MMATRIX_SCALAR_3D(ccib.f90:21259),no,"written only outside the time loop (setup/IO); read-only while stepping -> needs a device/const mirror, not a blocker for PURE",REAL(EB),:,1,0,1,
CC_SCALARS,NUNKZ_LOC,ccib.f90,66,runtime_array,GET_LINKED_MATRIX_INDEXES_Z(ccib.f90:22969),CC_CV_RHOZZ_AVERAGE(ccib.f90:13148); CC_DIVERGENCE_PART_1(ccib.f90:8765); CHECK_CFLVN_LINKED_CELLS(ccib.f90:845); GET_LINKED_MATRIX_INDEXES_Z(ccib.f90:22991),no,"written only outside the time loop (setup/IO); read-only while stepping -> needs a device/const mirror, not a blocker for PURE",INTEGER,:,1,0,4,allocated with mesh-number bounds: ccib.f90:22969[1:NMESHES]
CC_SCALARS,NUNKZ_TOT,ccib.f90,66,runtime_array,GET_LINKED_MATRIX_INDEXES_Z(ccib.f90:23097),GET_LINKED_MATRIX_INDEXES_Z(ccib.f90:23110),no,"written only outside the time loop (setup/IO); read-only while stepping -> needs a device/const mirror, not a blocker for PURE",INTEGER,:,1,0,1,allocated with mesh-number bounds: ccib.f90:23097[1:NMESHES]
CC_SCALARS,P_0_CV,ccib.f90,77,runtime_array,INIT_CUTCELL_DATA(ccib.f90:7740),ADD_CUTCELL_D_PBAR_DT(ccib.f90:695); ADD_CUTCELL_PSUM(ccib.f90:738); ADD_LINKEDCELL_D_PBAR_DT(ccib.f90:673); ADD_LINKEDCELL_PSUM(ccib.f90:718); CC_DENSITY(ccib.f90:11779),no,"written only outside the time loop (setup/IO); read-only while stepping -> needs a device/const mirror, not a blocker for PURE",REAL(EB),:,1,0,6,
CC_SCALARS,RHO_0_CV,ccib.f90,77,runtime_array,INIT_CUTCELL_DATA(ccib.f90:7749),CC_DIVERGENCE_PART_1(ccib.f90:8629); CC_VELOCITY_FLUX(ccib.f90:15109); INIT_CUTCELL_DATA(ccib.f90:7803),no,"written only outside the time loop (setup/IO); read-only while stepping -> needs a device/const mirror, not a blocker for PURE",REAL(EB),:,1,0,3,
CC_SCALARS,UNKZ_ILC,ccib.f90,66,runtime_array,GET_LINKED_MATRIX_INDEXES_Z(ccib.f90:23105),CC_DIVERGENCE_PART_1(ccib.f90:8765); CHECK_CFLVN_LINKED_CELLS(ccib.f90:848); GET_LINKED_MATRIX_INDEXES_Z(ccib.f90:23109),no,"written only outside the time loop (setup/IO); read-only while stepping -> needs a device/const mirror, not a blocker for PURE",INTEGER,:,1,0,3,allocated with mesh-number bounds: ccib.f90:23105[1:NMESHES]
CC_SCALARS,UNKZ_IND,ccib.f90,66,runtime_array,GET_LINKED_MATRIX_INDEXES_Z(ccib.f90:23107),ADD_CUTCELL_D_PBAR_DT(ccib.f90:695); ADD_CUTCELL_PSUM(ccib.f90:738); ADD_LINKEDCELL_D_PBAR_DT(ccib.f90:673); ADD_LINKEDCELL_PSUM(ccib.f90:718); CC_CV_RHOZZ_AVERAGE(ccib.f90:13102),no,"written only outside the time loop (setup/IO); read-only while stepping -> needs a device/const mirror, not a blocker for PURE",INTEGER,:,1,0,21,allocated with mesh-number bounds: ccib.f90:23107[1:NMESHES]
CC_SCALARS,U_WORK,ccib.f90,82,runtime_array,,CCENTHALPY_ADVECTION(ccib.f90:9514); CCSPECIES_ADVECTION(ccib.f90:8969); GET_EXPLICIT_ADVDIFFVECTOR_SCALAR_3D(ccib.f90:12066),no,"no write found (initialised in declaration, via namelist/READ of a different name, or by intrinsic/MPI with unresolved intent)",REAL(EB),"-1:3,-1:3,-1:3",0,0,3,
CC_SCALARS,XFACE,ccib.f90,59,runtime_array,GET_CRTCFCC_INT_STENCILS(ccib.f90:16782),GET_CLOSEPT_CCVT(ccib.f90:19384); GET_CRTCFCC_INT_STENCILS(ccib.f90:16785); COMPUTE_DCOEF(ccib.f90:18181); GET_INTSTENCILS_EP(ccib.f90:18754),no,"written only outside the time loop (setup/IO); read-only while stepping -> needs a device/const mirror, not a blocker for PURE",REAL(EB),:,1,0,4,
CC_SCALARS,YFACE,ccib.f90,59,runtime_array,GET_CRTCFCC_INT_STENCILS(ccib.f90:16806),GET_CLOSEPT_CCVT(ccib.f90:19369); GET_CRTCFCC_INT_STENCILS(ccib.f90:16809); COMPUTE_DCOEF(ccib.f90:18186); GET_INTSTENCILS_EP(ccib.f90:18759),no,"written only outside the time loop (setup/IO); read-only while stepping -> needs a device/const mirror, not a blocker for PURE",REAL(EB),:,1,0,4,
CC_SCALARS,ZFACE,ccib.f90,59,runtime_array,GET_CRTCFCC_INT_STENCILS(ccib.f90:16830),GET_CLOSEPT_CCVT(ccib.f90:19370); GET_CRTCFCC_INT_STENCILS(ccib.f90:16833); COMPUTE_DCOEF(ccib.f90:18191); GET_INTSTENCILS_EP(ccib.f90:18764),no,"written only outside the time loop (setup/IO); read-only while stepping -> needs a device/const mirror, not a blocker for PURE",REAL(EB),:,1,0,4,
CC_SCALARS,Z_WORK,ccib.f90,82,runtime_array,,CCENTHALPY_ADVECTION(ccib.f90:9516); CCSPECIES_ADVECTION(ccib.f90:8971); GET_EXPLICIT_ADVDIFFVECTOR_SCALAR_3D(ccib.f90:12068),no,"no write found (initialised in declaration, via namelist/READ of a different name, or by intrinsic/MPI with unresolved intent)",REAL(EB),"-1:3,-1:3,-1:3",0,0,3,
CHEMCONS,IGNITION_ZONES,cons.f90,1001,runtime_array,PROC_DEVC(read.f90:15241),CHECK_CHEMICALLY_ACTIVE_STATE(fire.f90:403),no,"written only outside the time loop (setup/IO); read-only while stepping -> needs a device/const mirror, not a blocker for PURE",TYPE:IGNITION_ZONE_TYPE(IGNITION_ZONE_TYPE),MAX_IGNITION_ZONES,1,0,2,
COMPLEX_GEOMETRY_GRID,CC_IS_CRS,geom.f90,5436,runtime_array,COLLAPSE_CROSSINGS(geom.f90:17754); GET_IS_SOLID_PT(geom.f90:19398); GET_X2_INTERSECTIONS(geom.f90:17268); INSERT_RAY_CROSS(geom.f90:17794),GET_CARTEDGE_CUTEDGES(geom.f90:18089); GET_X2_VERTVAR(geom.f90:17920),no,"written only outside the time loop (setup/IO); read-only while stepping -> needs a device/const mirror, not a blocker for PURE",INTEGER,:,4,0,2,
COMPLEX_GEOMETRY_GRID,CC_SVAR_CRS,geom.f90,5435,runtime_array,COLLAPSE_CROSSINGS(geom.f90:17748); GET_IS_SOLID_PT(geom.f90:19397); GET_X2_INTERSECTIONS(geom.f90:17267); INSERT_RAY_CROSS(geom.f90:17793),CC_GRID_BUILD_CUTCELL_MESH_WORK(geom.f90:26799); GET_CARTEDGE_CUTEDGES(geom.f90:18095); GET_X2_VERTVAR(geom.f90:17925),no,"written only outside the time loop (setup/IO); read-only while stepping -> needs a device/const mirror, not a blocker for PURE",REAL(EB),:,4,0,3,
COMPLEX_GEOMETRY_GRID,CELLRT,geom.f90,5427,runtime_array,CC_GRID_ALLOCATE_CELLRT(geom.f90:26591); CC_GRID_BUILD_CUTCELL_MESH_WORK(geom.f90:26880); GET_CARTCELL_CUTCELLS(geom.f90:25546); GET_CARTCELL_CUTFACES(geom.f90:24138); GET_CARTFACE_CUTEDGES(geom.f90:19364),GET_CARTCELL_CUTEDGES(geom.f90:22900); GET_CARTCELL_CUTFACES(geom.f90:23529),no,"written only outside the time loop (setup/IO); read-only while stepping -> needs a device/const mirror, not a blocker for PURE",LOGICAL,":,:,:",5,0,5,
COMPLEX_GEOMETRY_GRID,CUT_EDGE_AUX,geom.f90,5398,runtime_array,CUT_EDGE_ARRAY_REALLOC(geom.f90:18399),,no,"written only outside the time loop (setup/IO); read-only while stepping -> needs a device/const mirror, not a blocker for PURE",TYPE:CC_CUTEDGE_TYPE(CC_CUTEDGE_TYPE),:,1,0,1,
COMPLEX_GEOMETRY_GRID,CUT_FACE_AUX,geom.f90,5399,runtime_array,CUT_FACE_ARRAY_REALLOC(geom.f90:22268),,no,"written only outside the time loop (setup/IO); read-only while stepping -> needs a device/const mirror, not a blocker for PURE",TYPE:CC_CUTFACE_TYPE(CC_CUTFACE_TYPE),:,1,0,1,"allocated with mesh-number bounds: geom.f90:9556[MAX(SIZE(MESHES(NM)%CUT_FACE,DIM=1),MESHES(NM)%N_CUTFACE_MESH+MESHES(NM)%N_GCCUTFACE_MESH)]; geom.f90:10251[MAX(SIZE(MESHES(NM)%CUT_FACE,DIM=1),NCF_MESH+NFC_BND+NFC_MSH+NGF_MESH+NFC_GCR)]"
COMPLEX_GEOMETRY_GRID,DX1FACE,geom.f90,5431,runtime_array,CC_GRID_BUILD_CUTCELL_MESH_WORK(geom.f90:26650); GET_CARTCELL_CUTEDGES(geom.f90:22567); GET_CARTCELL_CUTFACES(geom.f90:23199); SNAP_GEOM_NODES(geom.f90:15733),GET_CARTCELL_CUTEDGES(geom.f90:22589); SNAP_GEOM_NODES(geom.f90:15762),no,"written only outside the time loop (setup/IO); read-only while stepping -> needs a device/const mirror, not a blocker for PURE",REAL(EB),:,4,0,4,
COMPLEX_GEOMETRY_GRID,DX2CELL,geom.f90,5431,runtime_array,CC_GRID_BUILD_CUTCELL_MESH_WORK(geom.f90:26659); GET_CARTCELL_CUTFACES(geom.f90:23208),GET_CARTEDGE_CUTEDGES(geom.f90:18095),no,"written only outside the time loop (setup/IO); read-only while stepping -> needs a device/const mirror, not a blocker for PURE",REAL(EB),:,2,0,3,
COMPLEX_GEOMETRY_GRID,DX2FACE,geom.f90,5431,runtime_array,CC_GRID_BUILD_CUTCELL_MESH_WORK(geom.f90:26652); GET_CARTCELL_CUTFACES(geom.f90:23201),GET_CARTFACE_CUTEDGES(geom.f90:18924); GET_X2_VERTVAR(geom.f90:17925),no,"written only outside the time loop (setup/IO); read-only while stepping -> needs a device/const mirror, not a blocker for PURE",REAL(EB),:,2,0,4,
COMPLEX_GEOMETRY_GRID,DX3CELL,geom.f90,5431,runtime_array,CC_GRID_BUILD_CUTCELL_MESH_WORK(geom.f90:26664); GET_CARTCELL_CUTFACES(geom.f90:23213),,no,"written only outside the time loop (setup/IO); read-only while stepping -> needs a device/const mirror, not a blocker for PURE",REAL(EB),:,2,0,2,
COMPLEX_GEOMETRY_GRID,DX3FACE,geom.f90,5431,runtime_array,CC_GRID_BUILD_CUTCELL_MESH_WORK(geom.f90:26654); GET_CARTCELL_CUTFACES(geom.f90:23203),GET_CARTFACE_CUTEDGES(geom.f90:19081),no,"written only outside the time loop (setup/IO); read-only while stepping -> needs a device/const mirror, not a blocker for PURE",REAL(EB),:,2,0,3,
COMPLEX_GEOMETRY_GRID,DXCELL,geom.f90,5391,runtime_array,DEFINE_XYZFACE_CELL(geom.f90:15432),BLOCK_CUT_CELL(geom.f90:11385); CC_GRID_BUILD_CUTCELL_MESH_WORK(geom.f90:26696); CC_GRID_GET_REGULAR_CUTCELLS_BOX(geom.f90:27532); DEFINE_REGULAR_CUTFACES(geom.f90:22014); DEFINE_XYZFACE_CELL(geom.f90:15434),no,"written only outside the time loop (setup/IO); read-only while stepping -> needs a device/const mirror, not a blocker for PURE",REAL(EB),:,1,0,9,
COMPLEX_GEOMETRY_GRID,DXFACE,geom.f90,5391,runtime_array,DEFINE_XYZFACE_CELL(geom.f90:15437),CC_GRID_BUILD_CUTCELL_MESH_WORK(geom.f90:26650); CC_GRID_TAG_CAVITY_CUTCELLS(geom.f90:12721); DEFINE_XYZFACE_CELL(geom.f90:15439); GET_CARTCELL_CUTEDGES(geom.f90:22567); GET_CARTCELL_CUTFACES(geom.f90:23199),no,"written only outside the time loop (setup/IO); read-only while stepping -> needs a device/const mirror, not a blocker for PURE",REAL(EB),:,1,0,7,
COMPLEX_GEOMETRY_GRID,DYCELL,geom.f90,5391,runtime_array,DEFINE_XYZFACE_CELL(geom.f90:15456),BLOCK_CUT_CELL(geom.f90:11378); CC_GRID_BUILD_CUTCELL_MESH_WORK(geom.f90:26659); CC_GRID_GET_REGULAR_CUTCELLS_BOX(geom.f90:27532); DEFINE_REGULAR_CUTFACES(geom.f90:21936); DEFINE_XYZFACE_CELL(geom.f90:15458),no,"written only outside the time loop (setup/IO); read-only while stepping -> needs a device/const mirror, not a blocker for PURE",REAL(EB),:,1,0,9,
COMPLEX_GEOMETRY_GRID,DYFACE,geom.f90,5391,runtime_array,DEFINE_XYZFACE_CELL(geom.f90:15461),CC_GRID_BUILD_CUTCELL_MESH_WORK(geom.f90:26652); CC_GRID_TAG_CAVITY_CUTCELLS(geom.f90:12720); DEFINE_XYZFACE_CELL(geom.f90:15463); GET_CARTCELL_CUTEDGES(geom.f90:22572); GET_CARTCELL_CUTFACES(geom.f90:23201),no,"written only outside the time loop (setup/IO); read-only while stepping -> needs a device/const mirror, not a blocker for PURE",REAL(EB),:,1,0,7,
COMPLEX_GEOMETRY_GRID,DZCELL,geom.f90,5391,runtime_array,DEFINE_XYZFACE_CELL(geom.f90:15480),BLOCK_CUT_CELL(geom.f90:11378); CC_GRID_BUILD_CUTCELL_MESH_WORK(geom.f90:26664); CC_GRID_GET_REGULAR_CUTCELLS_BOX(geom.f90:27532); DEFINE_REGULAR_CUTFACES(geom.f90:21936); DEFINE_XYZFACE_CELL(geom.f90:15482),no,"written only outside the time loop (setup/IO); read-only while stepping -> needs a device/const mirror, not a blocker for PURE",REAL(EB),:,1,0,9,
COMPLEX_GEOMETRY_GRID,DZFACE,geom.f90,5391,runtime_array,DEFINE_XYZFACE_CELL(geom.f90:15485),CC_GRID_BUILD_CUTCELL_MESH_WORK(geom.f90:26654); CC_GRID_TAG_CAVITY_CUTCELLS(geom.f90:12720); DEFINE_XYZFACE_CELL(geom.f90:15487); GET_CARTCELL_CUTEDGES(geom.f90:22577); GET_CARTCELL_CUTFACES(geom.f90:23203),no,"written only outside the time loop (setup/IO); read-only while stepping -> needs a device/const mirror, not a blocker for PURE",REAL(EB),:,1,0,7,
COMPLEX_GEOMETRY_GRID,EDGE_CROSS_AUX,geom.f90,5397,runtime_array,EDGE_CROSS_ARRAY_REALLOCATE(geom.f90:18374),,no,"written only outside the time loop (setup/IO); read-only while stepping -> needs a device/const mirror, not a blocker for PURE",TYPE:CC_EDGECROSS_TYPE(CC_EDGECROSS_TYPE),:,1,0,1,
COMPLEX_GEOMETRY_GRID,FACERT,geom.f90,5428,runtime_array,CC_GRID_BUILD_CUTCELL_MESH_WORK(geom.f90:26772); GET_BODINT_PLANE(geom.f90:17072); GET_CARTFACE_CUTEDGES(geom.f90:19022),GET_CARTFACE_CUTEDGES(geom.f90:19360),no,"written only outside the time loop (setup/IO); read-only while stepping -> needs a device/const mirror, not a blocker for PURE",LOGICAL,":,:",3,0,2,
COMPLEX_GEOMETRY_GRID,FDS_AREA_GEOM,geom.f90,5481,runtime_array,GET_EXT_INB_CUTFACES_TO_CFACE(geom.f90:12298),GET_EXT_INB_CUTFACES_TO_CFACE(geom.f90:12306); INIT_CFACE_CELL(geom.f90:6706),no,"written only outside the time loop (setup/IO); read-only while stepping -> needs a device/const mirror, not a blocker for PURE",REAL(EB),":,:",1,0,3,
COMPLEX_GEOMETRY_GRID,FM_PENDING_BLOCK_SCAN,geom.f90,5380,runtime_array,CC_GRID_EXCHANGE_AND_REBLOCK(geom.f90:12865); CC_GRID_EXCHANGE_REBLOCK_PASS(geom.f90:12790); CC_GRID_REBLOCK_MESH_AFTER_NEIGHBOR_EXCHANGE(geom.f90:12748); CC_GRID_TAG_COARSE_CELL_FROM_NEIGHBOR_BLOCK(geom.f90:12926); PROMOTE_REFINEMENT_FOOTPRINTS_FROM_BLOCKED_FINE(geom.f90:9002); TAG_FINE_CELLS_IN_COARSE_CELL_VOLUME(geom.f90:8958),CC_GRID_EXCHANGE_REBLOCK_PASS(geom.f90:12817),no,"written only outside the time loop (setup/IO); read-only while stepping -> needs a device/const mirror, not a blocker for PURE",LOGICAL,:,6,0,4,allocated with mesh-number bounds: geom.f90:12865[1:NMESHES]
COMPLEX_GEOMETRY_GRID,SPCELLS_TO_BLOCK,geom.f90,5376,runtime_array,CC_GRID_STORE_SPECIAL_CELLS_TO_BLOCK(geom.f90:15891); GET_CARTCELL_CUTCELLS(geom.f90:25565); GET_CARTCELL_CUTFACES(geom.f90:24325),CC_GRID_STORE_SPECIAL_CELLS_TO_BLOCK(geom.f90:15887); GET_CARTCELL_CUTCELLS(geom.f90:25564); GET_CARTCELL_CUTFACES(geom.f90:24324),no,"written only outside the time loop (setup/IO); read-only while stepping -> needs a device/const mirror, not a blocker for PURE",INTEGER,:,3,0,4,
COMPLEX_GEOMETRY_GRID,SPCELLS_TO_BLOCK_AUX,geom.f90,5376,runtime_array,GET_CARTCELL_CUTCELLS(geom.f90:25563); GET_CARTCELL_CUTFACES(geom.f90:24323),,no,"written only outside the time loop (setup/IO); read-only while stepping -> needs a device/const mirror, not a blocker for PURE",INTEGER,:,2,0,2,
COMPLEX_GEOMETRY_GRID,X1FACE,geom.f90,5430,runtime_array,CC_GRID_BUILD_CUTCELL_MESH_WORK(geom.f90:26650); CC_GRID_GET_REGULAR_CUTCELLS_BOX(geom.f90:27095); GET_CARTCELL_CUTEDGES(geom.f90:22566); GET_CARTCELL_CUTFACES(geom.f90:23199); GET_CARTFACE_CUTFACES(geom.f90:20000); SNAP_GEOM_NODES(geom.f90:15733),CC_GRID_BUILD_CUTCELL_MESH_WORK(geom.f90:26767); CC_GRID_GET_REGULAR_CUTCELLS_BOX(geom.f90:27195); GET_CARTCELL_CUTEDGES(geom.f90:22589); GET_CARTCELL_CUTFACES(geom.f90:23289); GET_CARTEDGE_CUTEDGES(geom.f90:18263),no,"written only outside the time loop (setup/IO); read-only while stepping -> needs a device/const mirror, not a blocker for PURE",REAL(EB),:,6,0,8,
COMPLEX_GEOMETRY_GRID,X2CELL,geom.f90,5430,runtime_array,CC_GRID_BUILD_CUTCELL_MESH_WORK(geom.f90:26659); GET_CARTCELL_CUTFACES(geom.f90:23208),GET_CARTEDGE_CUTEDGES(geom.f90:18095),no,"written only outside the time loop (setup/IO); read-only while stepping -> needs a device/const mirror, not a blocker for PURE",REAL(EB),:,2,0,3,
COMPLEX_GEOMETRY_GRID,X2FACE,geom.f90,5430,runtime_array,CC_GRID_BUILD_CUTCELL_MESH_WORK(geom.f90:26652); CC_GRID_GET_REGULAR_CUTCELLS_BOX(geom.f90:27096); GET_CARTCELL_CUTFACES(geom.f90:23201); GET_CARTFACE_CUTFACES(geom.f90:20001),CC_GRID_BUILD_CUTCELL_MESH_WORK(geom.f90:26774); CC_GRID_GET_REGULAR_CUTCELLS_BOX(geom.f90:27195); GET_CARTCELL_CUTFACES(geom.f90:23295); GET_CARTEDGE_CUTEDGES(geom.f90:18234); GET_CARTFACE_CUTEDGES(geom.f90:18848),no,"written only outside the time loop (setup/IO); read-only while stepping -> needs a device/const mirror, not a blocker for PURE",REAL(EB),:,4,0,7,
COMPLEX_GEOMETRY_GRID,X3CELL,geom.f90,5430,runtime_array,CC_GRID_BUILD_CUTCELL_MESH_WORK(geom.f90:26664); GET_CARTCELL_CUTFACES(geom.f90:23213),,no,"written only outside the time loop (setup/IO); read-only while stepping -> needs a device/const mirror, not a blocker for PURE",REAL(EB),:,2,0,2,
COMPLEX_GEOMETRY_GRID,X3FACE,geom.f90,5430,runtime_array,CC_GRID_BUILD_CUTCELL_MESH_WORK(geom.f90:26654); CC_GRID_GET_REGULAR_CUTCELLS_BOX(geom.f90:27097); GET_CARTCELL_CUTFACES(geom.f90:23203); GET_CARTFACE_CUTFACES(geom.f90:20002),CC_GRID_BUILD_CUTCELL_MESH_WORK(geom.f90:26774); CC_GRID_GET_REGULAR_CUTCELLS_BOX(geom.f90:27195); GET_CARTCELL_CUTFACES(geom.f90:23295); GET_CARTEDGE_CUTEDGES(geom.f90:18267); GET_CARTFACE_CUTEDGES(geom.f90:18850),no,"written only outside the time loop (setup/IO); read-only while stepping -> needs a device/const mirror, not a blocker for PURE",REAL(EB),:,4,0,6,
COMPLEX_GEOMETRY_GRID,XCELL,geom.f90,5390,runtime_array,DEFINE_XYZFACE_CELL(geom.f90:15442),BLOCK_CUT_CELL(geom.f90:11386); CC_GRID_BUILD_CUTCELL_MESH_WORK(geom.f90:26696); CC_GRID_GET_REGULAR_CUTCELLS_BOX(geom.f90:26921); CC_GRID_TAG_COARSE_CELL_FROM_NEIGHBOR_BLOCK(geom.f90:12909); CC_GRID_TAG_NEIGHBOR_BLOCK_BY_CENTROID(geom.f90:12944),no,"written only outside the time loop (setup/IO); read-only while stepping -> needs a device/const mirror, not a blocker for PURE",REAL(EB),:,1,0,11,
COMPLEX_GEOMETRY_GRID,XFACE,geom.f90,5390,runtime_array,DEFINE_XYZFACE_CELL(geom.f90:15448),BLOCK_CUT_CELL(geom.f90:11277); CC_GRID_BUILD_CUTCELL_MESH_WORK(geom.f90:26650); CC_GRID_GET_REGULAR_CUTCELLS_BOX(geom.f90:27095); CC_GRID_RESET_LINK_STATE_AND_TAG_SLIVERS(geom.f90:5842); CC_GRID_TAG_COARSE_CELL_FROM_NEIGHBOR_BLOCK(geom.f90:12912),no,"written only outside the time loop (setup/IO); read-only while stepping -> needs a device/const mirror, not a blocker for PURE",REAL(EB),:,1,0,16,
COMPLEX_GEOMETRY_GRID,YCELL,geom.f90,5390,runtime_array,DEFINE_XYZFACE_CELL(geom.f90:15466),BLOCK_CUT_CELL(geom.f90:11379); CC_GRID_BUILD_CUTCELL_MESH_WORK(geom.f90:26659); CC_GRID_GET_REGULAR_CUTCELLS_BOX(geom.f90:26923); CC_GRID_TAG_COARSE_CELL_FROM_NEIGHBOR_BLOCK(geom.f90:12910); CC_GRID_TAG_NEIGHBOR_BLOCK_BY_CENTROID(geom.f90:12945),no,"written only outside the time loop (setup/IO); read-only while stepping -> needs a device/const mirror, not a blocker for PURE",REAL(EB),:,1,0,11,
COMPLEX_GEOMETRY_GRID,YFACE,geom.f90,5390,runtime_array,DEFINE_XYZFACE_CELL(geom.f90:15472),BLOCK_CUT_CELL(geom.f90:11277); CC_GRID_BUILD_CUTCELL_MESH_WORK(geom.f90:26652); CC_GRID_GET_REGULAR_CUTCELLS_BOX(geom.f90:27096); CC_GRID_RESET_LINK_STATE_AND_TAG_SLIVERS(geom.f90:5843); CC_GRID_TAG_COARSE_CELL_FROM_NEIGHBOR_BLOCK(geom.f90:12913),no,"written only outside the time loop (setup/IO); read-only while stepping -> needs a device/const mirror, not a blocker for PURE",REAL(EB),:,1,0,16,
COMPLEX_GEOMETRY_GRID,ZCELL,geom.f90,5390,runtime_array,DEFINE_XYZFACE_CELL(geom.f90:15490),BLOCK_CUT_CELL(geom.f90:11379); CC_GRID_BUILD_CUTCELL_MESH_WORK(geom.f90:26664); CC_GRID_GET_REGULAR_CUTCELLS_BOX(geom.f90:26925); CC_GRID_TAG_COARSE_CELL_FROM_NEIGHBOR_BLOCK(geom.f90:12911); CC_GRID_TAG_NEIGHBOR_BLOCK_BY_CENTROID(geom.f90:12946),no,"written only outside the time loop (setup/IO); read-only while stepping -> needs a device/const mirror, not a blocker for PURE",REAL(EB),:,1,0,11,
COMPLEX_GEOMETRY_GRID,ZFACE,geom.f90,5390,runtime_array,DEFINE_XYZFACE_CELL(geom.f90:15496),BLOCK_CUT_CELL(geom.f90:11277); CC_GRID_BUILD_CUTCELL_MESH_WORK(geom.f90:26654); CC_GRID_FINALIZE_TERRAIN(geom.f90:15910); CC_GRID_GET_REGULAR_CUTCELLS_BOX(geom.f90:27097); CC_GRID_RESET_LINK_STATE_AND_TAG_SLIVERS(geom.f90:5844),no,"written only outside the time loop (setup/IO); read-only while stepping -> needs a device/const mirror, not a blocker for PURE",REAL(EB),:,1,0,17,
DEVICE_VARIABLES,PROPERTY,devc.f90,124,runtime_array,PROC_DEVC(read.f90:15422),DUMP_BNDF_VTKHDF(dump.f90:12257); GAS_PHASE_OUTPUT(dump.f90:8676); INITIALIZE_DIAGNOSTIC_FILE(dump.f90:3697); SOLID_PHASE_OUTPUT(dump.f90:10122); UPDATE_DEVICES_1(dump.f90:7851),no,"written only outside the time loop (setup/IO); read-only while stepping -> needs a device/const mirror, not a blocker for PURE",TYPE:PROPERTY_TYPE(PROPERTY_TYPE),:,1,0,14,
FDS,MESHES_PER_PROCESS,main.f90,92,runtime_array,FDS(main.f90:356),FDS(main.f90:359); FDS[MAIN_LOOP](main.f90:1155),no,"written only outside the time loop (setup/IO); read-only while stepping -> needs a device/const mirror, not a blocker for PURE",INTEGER,:,1,0,2,
FDS,STATUS,main.f90,82,runtime_array,,FDS(main.f90:255); EXCHANGE_DIAGNOSTICS(main.f90:4341); EXCHANGE_GLOBAL_OUTPUTS(main.f90:4521); WRITE_STRINGS(main.f90:4198),no,"no write found (initialised in declaration, via namelist/READ of a different name, or by intrinsic/MPI with unresolved intent)",INTEGER,MPI_STATUS_SIZE,0,0,4,
GLOBAL_CONSTANTS,AGGLOMERATION_SMIX_INDEX,cons.f90,689,runtime_array,READ_SPEC(read.f90:3048),CALC_AGGLOMERATION(soot.f90:286); SOOT_SURFACE_OXIDATION(soot.f90:441),no,"written only outside the time loop (setup/IO); read-only while stepping -> needs a device/const mirror, not a blocker for PURE",INTEGER,:,1,0,2,
GLOBAL_CONSTANTS,AGGLOMERATION_SPEC_INDEX,cons.f90,689,runtime_array,READ_SPEC(read.f90:3046),INITIALIZE_DIAGNOSTIC_FILE(dump.f90:3497); SOOT_SURFACE_OXIDATION(soot.f90:440),no,"written only outside the time loop (setup/IO); read-only while stepping -> needs a device/const mirror, not a blocker for PURE",INTEGER,:,1,0,2,
GLOBAL_CONSTANTS,COUNTS,cons.f90,417,runtime_array,MPI_INITIALIZATION_CHORES(main.f90:1303),EXCHANGE_GEOMETRY_INFO(func.f90:5338); FDS(main.f90:162); MPI_INITIALIZATION_CHORES(main.f90:1308); ZONE_BOUNDARY_EXCHANGE(main.f90:2935); FDS[MAIN_LOOP](main.f90:739),no,"written only outside the time loop (setup/IO); read-only while stepping -> needs a device/const mirror, not a blocker for PURE",INTEGER,:,1,0,5,
GLOBAL_CONSTANTS,COUNTS_10,cons.f90,417,runtime_array,MPI_INITIALIZATION_CHORES(main.f90:1325),PRESSURE_ITERATION_SCHEME(main.f90:1703),no,"written only outside the time loop (setup/IO); read-only while stepping -> needs a device/const mirror, not a blocker for PURE",INTEGER,:,1,0,2,
GLOBAL_CONSTANTS,COUNTS_20,cons.f90,417,runtime_array,MPI_INITIALIZATION_CHORES(main.f90:1327),WRITE_CFL_FILE(main.f90:1868),no,"written only outside the time loop (setup/IO); read-only while stepping -> needs a device/const mirror, not a blocker for PURE",INTEGER,:,1,0,2,
GLOBAL_CONSTANTS,COUNTS_TP,cons.f90,581,runtime_array,MPI_INITIALIZATION_CHORES(main.f90:1304),MPI_INITIALIZATION_CHORES(main.f90:1309); TUNNEL_POISSON_SOLVER(pres.f90:633),no,"written only outside the time loop (setup/IO); read-only while stepping -> needs a device/const mirror, not a blocker for PURE",INTEGER,:,1,0,2,
GLOBAL_CONSTANTS,CP_Z,cons.f90,483,runtime_array,PROC_SMIX(read.f90:4437); PROC_SPEC_2(read.f90:4615),HEAT_TRANSFER_COEFFICIENT(func.f90:3293),no,"written only outside the time loop (setup/IO); read-only while stepping -> needs a device/const mirror, not a blocker for PURE",REAL(EB),":,:",2,0,1,
GLOBAL_CONSTANTS,DISPLS,cons.f90,417,runtime_array,MPI_INITIALIZATION_CHORES(main.f90:1319),EXCHANGE_GEOMETRY_INFO(func.f90:5338); FDS(main.f90:162); EXCHANGE_GLOBAL_OUTPUTS(main.f90:4393); MPI_INITIALIZATION_CHORES(main.f90:1322); WRITE_CFL_FILE(main.f90:1868),no,"written only outside the time loop (setup/IO); read-only while stepping -> needs a device/const mirror, not a blocker for PURE",INTEGER,:,1,0,7,
GLOBAL_CONSTANTS,DISPLS_10,cons.f90,417,runtime_array,MPI_INITIALIZATION_CHORES(main.f90:1326),PRESSURE_ITERATION_SCHEME(main.f90:1703),no,"written only outside the time loop (setup/IO); read-only while stepping -> needs a device/const mirror, not a blocker for PURE",INTEGER,:,1,0,2,
GLOBAL_CONSTANTS,DISPLS_20,cons.f90,417,runtime_array,MPI_INITIALIZATION_CHORES(main.f90:1328),WRITE_CFL_FILE(main.f90:1869),no,"written only outside the time loop (setup/IO); read-only while stepping -> needs a device/const mirror, not a blocker for PURE",INTEGER,:,1,0,2,
GLOBAL_CONSTANTS,DISPLS_TP,cons.f90,582,runtime_array,MPI_INITIALIZATION_CHORES(main.f90:1320),MPI_INITIALIZATION_CHORES(main.f90:1323); TUNNEL_POISSON_SOLVER(pres.f90:633),no,"written only outside the time loop (setup/IO); read-only while stepping -> needs a device/const mirror, not a blocker for PURE",INTEGER,:,1,0,2,
GLOBAL_CONSTANTS,D_Z,cons.f90,490,runtime_array,PROC_SMIX(read.f90:4441),CC_DIFFUSIVE_MASS_FLUXES(ccib.f90:11246); CC_ROTATED_CUBE_RHS_ZZ(ccib.f90:6515); ROTATED_CUBE_RHS_ZZ(ccib.f90:6439); DIVERGENCE_PART_1(divg.f90:132); GAS_PHASE_OUTPUT(dump.f90:8858),no,"written only outside the time loop (setup/IO); read-only while stepping -> needs a device/const mirror, not a blocker for PURE",REAL(EB),":,:",1,0,11,
GLOBAL_CONSTANTS,EDGE_COUNT,cons.f90,644,runtime_array,READ_RESTART(dump.f90:4138); GET_REGULAR_CUT_EDGES_BC(geom.f90:7218); GET_SOLID_CUTCELL_EDGES_BC(geom.f90:7907); DEFINE_EDGE(init.f90:1397); INITIALIZE_EDGES(init.f90:1235); READ_OBST(read.f90:11596),DUMP_RESTART(dump.f90:3949); GET_REGULAR_CUT_EDGES_BC(geom.f90:7178); GET_SOLID_CUTCELL_EDGES_BC(geom.f90:7858); DEFINE_EDGE(init.f90:1397); VELOCITY_BC(velo.f90:1905),no,"written only outside the time loop (setup/IO); read-only while stepping -> needs a device/const mirror, not a blocker for PURE",INTEGER,:,6,0,8,allocated with mesh-number bounds: read.f90:11596[NMESHES]
GLOBAL_CONSTANTS,FISHPAK_BC,cons.f90,587,runtime_array,,INITIALIZE_POISSON_SOLVER(init.f90:2382); ULMAT_SOLVER_SETUP(pres.f90:1275); READ_PRES(read.f90:10066),no,"no write found (initialised in declaration, via namelist/READ of a different name, or by intrinsic/MPI with unresolved intent)",INTEGER,3,0,0,3,
GLOBAL_CONSTANTS,FN_BNDF,cons.f90,621,runtime_array,,ASSIGN_FILE_NAMES(dump.f90:524); DUMP_BNDF(dump.f90:11974); INITIALIZE_MESH_DUMPS(dump.f90:1476),no,"no write found (initialised in declaration, via namelist/READ of a different name, or by intrinsic/MPI with unresolved intent)",CHARACTER(FN_LENGTH),":,:",0,0,3,"allocated with mesh-number bounds: dump.f90:420[2*N_BNDF,NMESHES]"
GLOBAL_CONSTANTS,FN_BNDF_VTK,cons.f90,622,runtime_array,,,no,"no write found (initialised in declaration, via namelist/READ of a different name, or by intrinsic/MPI with unresolved intent)",CHARACTER(FN_LENGTH),:,0,0,1,allocated with mesh-number bounds: dump.f90:448[NMESHES+1]
GLOBAL_CONSTANTS,FN_BNDG,cons.f90,621,runtime_array,,ASSIGN_FILE_NAMES(dump.f90:527); DUMP_BNDF(dump.f90:12130); WRITE_SMOKEVIEW_FILE(dump.f90:2440),no,"no write found (initialised in declaration, via namelist/READ of a different name, or by intrinsic/MPI with unresolved intent)",CHARACTER(FN_LENGTH),":,:",0,0,3,"allocated with mesh-number bounds: dump.f90:425[2*N_BNDF,NMESHES]"
GLOBAL_CONSTANTS,FN_CFACE_GEOM,cons.f90,620,runtime_array,,ASSIGN_FILE_NAMES(dump.f90:537); WRITE_SMOKEVIEW_FILE(dump.f90:2451),no,"no write found (initialised in declaration, via namelist/READ of a different name, or by intrinsic/MPI with unresolved intent)",CHARACTER(FN_LENGTH),:,0,0,2,allocated with mesh-number bounds: dump.f90:423[NMESHES]
GLOBAL_CONSTANTS,FN_CORE,cons.f90,619,runtime_array,,ASSIGN_FILE_NAMES(dump.f90:561); DUMP_RESTART(dump.f90:3895),no,"no write found (initialised in declaration, via namelist/READ of a different name, or by intrinsic/MPI with unresolved intent)",CHARACTER(FN_LENGTH),:,0,0,2,allocated with mesh-number bounds: dump.f90:440[NMESHES]
GLOBAL_CONSTANTS,FN_CTRL,cons.f90,619,runtime_array,ASSIGN_FILE_NAMES(dump.f90:383),ASSIGN_FILE_NAMES(dump.f90:381); WRITE_SMOKEVIEW_FILE(dump.f90:1911),no,"written only outside the time loop (setup/IO); read-only while stepping -> needs a device/const mirror, not a blocker for PURE",CHARACTER(FN_LENGTH),:,1,0,2,
GLOBAL_CONSTANTS,FN_DEVC,cons.f90,619,runtime_array,ASSIGN_FILE_NAMES(dump.f90:377),ASSIGN_FILE_NAMES(dump.f90:375); WRITE_SMOKEVIEW_FILE(dump.f90:1904),no,"written only outside the time loop (setup/IO); read-only while stepping -> needs a device/const mirror, not a blocker for PURE",CHARACTER(FN_LENGTH),:,1,0,2,
GLOBAL_CONSTANTS,FN_GEOM,cons.f90,620,runtime_array,,ASSIGN_FILE_NAMES(dump.f90:571); WRITE_SMOKEVIEW_FILE(dump.f90:2003),no,"no write found (initialised in declaration, via namelist/READ of a different name, or by intrinsic/MPI with unresolved intent)",CHARACTER(FN_LENGTH),:,0,0,2,
GLOBAL_CONSTANTS,FN_GEOM_VTK,cons.f90,622,runtime_array,,,no,"no write found (initialised in declaration, via namelist/READ of a different name, or by intrinsic/MPI with unresolved intent)",CHARACTER(FN_LENGTH),:,0,0,1,
GLOBAL_CONSTANTS,FN_ISOF,cons.f90,621,runtime_array,,ASSIGN_FILE_NAMES(dump.f90:477); DUMP_ISOF(dump.f90:5024); INITIALIZE_MESH_DUMPS(dump.f90:1109),no,"no write found (initialised in declaration, via namelist/READ of a different name, or by intrinsic/MPI with unresolved intent)",CHARACTER(FN_LENGTH),":,:",0,0,3,"allocated with mesh-number bounds: dump.f90:410[N_ISOF,NMESHES]"
GLOBAL_CONSTANTS,FN_ISOF2,cons.f90,621,runtime_array,,ASSIGN_FILE_NAMES(dump.f90:478); DUMP_ISOF(dump.f90:5025); INITIALIZE_MESH_DUMPS(dump.f90:1110),no,"no write found (initialised in declaration, via namelist/READ of a different name, or by intrinsic/MPI with unresolved intent)",CHARACTER(FN_LENGTH),":,:",0,0,3,"allocated with mesh-number bounds: dump.f90:412[N_ISOF,NMESHES]"
GLOBAL_CONSTANTS,FN_OBST_VTK,cons.f90,622,runtime_array,,,no,"no write found (initialised in declaration, via namelist/READ of a different name, or by intrinsic/MPI with unresolved intent)",CHARACTER(FN_LENGTH),:,0,0,1,allocated with mesh-number bounds: dump.f90:449[NMESHES+1]
GLOBAL_CONSTANTS,FN_PART,cons.f90,619,runtime_array,,ASSIGN_FILE_NAMES(dump.f90:552); DUMP_PART(dump.f90:4518); INITIALIZE_MESH_DUMPS(dump.f90:1508),no,"no write found (initialised in declaration, via namelist/READ of a different name, or by intrinsic/MPI with unresolved intent)",CHARACTER(FN_LENGTH),:,0,0,3,allocated with mesh-number bounds: dump.f90:438[2*NMESHES]
GLOBAL_CONSTANTS,FN_PART_VTK,cons.f90,623,runtime_array,,,no,"no write found (initialised in declaration, via namelist/READ of a different name, or by intrinsic/MPI with unresolved intent)",CHARACTER(FN_LENGTH),":,:",0,0,1,"allocated with mesh-number bounds: dump.f90:451[N_LAGRANGIAN_CLASSES,NMESHES+1]"
GLOBAL_CONSTANTS,FN_PL3D,cons.f90,619,runtime_array,,DUMP_SLCF(dump.f90:6835),no,"no write found (initialised in declaration, via namelist/READ of a different name, or by intrinsic/MPI with unresolved intent)",CHARACTER(FN_LENGTH),:,0,0,2,allocated with mesh-number bounds: dump.f90:407[2*NMESHES]
GLOBAL_CONSTANTS,FN_PROF,cons.f90,619,runtime_array,,ASSIGN_FILE_NAMES(dump.f90:400); DUMP_PROF(dump.f90:11478); INITIALIZE_PROFILES(init.f90:2838),no,"no write found (initialised in declaration, via namelist/READ of a different name, or by intrinsic/MPI with unresolved intent)",CHARACTER(FN_LENGTH),:,0,0,3,
GLOBAL_CONSTANTS,FN_RADF,cons.f90,621,runtime_array,,ASSIGN_FILE_NAMES(dump.f90:512); INITIALIZE_MESH_DUMPS(dump.f90:1542); RADIATION_FVM(radi.f90:5046),no,"no write found (initialised in declaration, via namelist/READ of a different name, or by intrinsic/MPI with unresolved intent)",CHARACTER(FN_LENGTH),":,:",0,0,3,"allocated with mesh-number bounds: dump.f90:429[N_RADF_MAX,NMESHES]"
GLOBAL_CONSTANTS,FN_RESTART,cons.f90,620,runtime_array,,ASSIGN_FILE_NAMES(dump.f90:559); READ_RESTART(dump.f90:4082),no,"no write found (initialised in declaration, via namelist/READ of a different name, or by intrinsic/MPI with unresolved intent)",CHARACTER(FN_LENGTH),:,0,0,2,allocated with mesh-number bounds: dump.f90:442[NMESHES]
GLOBAL_CONSTANTS,FN_SL3D_VTK,cons.f90,623,runtime_array,,,no,"no write found (initialised in declaration, via namelist/READ of a different name, or by intrinsic/MPI with unresolved intent)",CHARACTER(FN_LENGTH),":,:",0,0,1,"allocated with mesh-number bounds: dump.f90:446[MESHES(1)%N_UNIQUE_SLCF,NMESHES+1]"
GLOBAL_CONSTANTS,FN_SLCF,cons.f90,621,runtime_array,,ASSIGN_FILE_NAMES(dump.f90:501); DUMP_SLCF(dump.f90:7025); INITIALIZE_MESH_DUMPS(dump.f90:1195),no,"no write found (initialised in declaration, via namelist/READ of a different name, or by intrinsic/MPI with unresolved intent)",CHARACTER(FN_LENGTH),":,:",0,0,3,"allocated with mesh-number bounds: dump.f90:414[3*N_SLCF_MAX,NMESHES]"
GLOBAL_CONSTANTS,FN_SLCF_GEOM,cons.f90,621,runtime_array,,ASSIGN_FILE_NAMES(dump.f90:502); DUMP_SLCF(dump.f90:7118); INITIALIZE_MESH_DUMPS(dump.f90:1242),no,"no write found (initialised in declaration, via namelist/READ of a different name, or by intrinsic/MPI with unresolved intent)",CHARACTER(FN_LENGTH),":,:",0,0,3,"allocated with mesh-number bounds: dump.f90:416[N_SLCF_MAX,NMESHES]"
GLOBAL_CONSTANTS,FN_SMOKE3D,cons.f90,621,runtime_array,,ASSIGN_FILE_NAMES(dump.f90:488); INITIALIZE_MESH_DUMPS(dump.f90:1151),no,"no write found (initialised in declaration, via namelist/READ of a different name, or by intrinsic/MPI with unresolved intent)",CHARACTER(FN_LENGTH),":,:",0,0,2,"allocated with mesh-number bounds: dump.f90:436[N_SMOKE3D*2,NMESHES]"
GLOBAL_CONSTANTS,FN_SMOKE3D_VTK,cons.f90,622,runtime_array,,DUMP_SMOKE3D_VTKHDF(dump.f90:5226),no,"no write found (initialised in declaration, via namelist/READ of a different name, or by intrinsic/MPI with unresolved intent)",CHARACTER(FN_LENGTH),:,0,0,2,allocated with mesh-number bounds: dump.f90:447[NMESHES+1]
GLOBAL_CONSTANTS,FN_TERRAIN,cons.f90,619,runtime_array,,ASSIGN_FILE_NAMES(dump.f90:544); INITIALIZE_MESH_DUMPS(dump.f90:1084),no,"no write found (initialised in declaration, via namelist/READ of a different name, or by intrinsic/MPI with unresolved intent)",CHARACTER(FN_LENGTH),:,0,0,2,allocated with mesh-number bounds: dump.f90:433[NMESHES]
GLOBAL_CONSTANTS,FN_XYZ,cons.f90,619,runtime_array,,ASSIGN_FILE_NAMES(dump.f90:464); INITIALIZE_MESH_DUMPS(dump.f90:1033),no,"no write found (initialised in declaration, via namelist/READ of a different name, or by intrinsic/MPI with unresolved intent)",CHARACTER(FN_LENGTH),:,0,0,2,allocated with mesh-number bounds: dump.f90:405[NMESHES]
GLOBAL_CONSTANTS,GVEC,cons.f90,344,runtime_array,READ_MISC(read.f90:1803),CC_DIVERGENCE_PART_1(ccib.f90:8629); DIVERGENCE_PART_1(divg.f90:684); WRITE_SMOKEVIEW_FILE(dump.f90:1975); INITIALIZE_ATMOSPHERE(init.f90:467); MOVE_PARTICLES(part.f90:2022),no,"written only outside the time loop (setup/IO); read-only while stepping -> needs a device/const mirror, not a blocker for PURE",REAL(EB),3,1,0,10,
GLOBAL_CONSTANTS,G_F_Z,cons.f90,491,runtime_array,PROC_SMIX(read.f90:4445),INITIALIZE_DIAGNOSTIC_FILE(dump.f90:3306),no,"written only outside the time loop (setup/IO); read-only while stepping -> needs a device/const mirror, not a blocker for PURE",REAL(EB),":,:",1,0,1,
GLOBAL_CONSTANTS,H_SENS_Z,cons.f90,493,runtime_array,PROC_SMIX(read.f90:4425),PARTICLE_MASS_ENERGY_TRANSFER(part.f90:4081),no,"written only outside the time loop (setup/IO); read-only while stepping -> needs a device/const mirror, not a blocker for PURE",REAL(EB),":,:",1,0,1,
GLOBAL_CONSTANTS,I_OFFSET,cons.f90,583,runtime_array,MPI_INITIALIZATION_CHORES(main.f90:1314),MPI_INITIALIZATION_CHORES(main.f90:1316); ULMAT_SOLVE_ZONE(pres.f90:1579); PRESSURE_SOLVER_FFT(pres.f90:439); TUNNEL_POISSON_SOLVER(pres.f90:540),no,"written only outside the time loop (setup/IO); read-only while stepping -> needs a device/const mirror, not a blocker for PURE",INTEGER,:,1,0,4,allocated with mesh-number bounds: main.f90:1301[NMESHES]
GLOBAL_CONSTANTS,LU_BNDF,cons.f90,612,runtime_array,ASSIGN_FILE_NAMES(dump.f90:518),DUMP_BNDF(dump.f90:11974); INITIALIZE_MESH_DUMPS(dump.f90:1483),no,"written only outside the time loop (setup/IO); read-only while stepping -> needs a device/const mirror, not a blocker for PURE",INTEGER,":,:",1,0,3,"allocated with mesh-number bounds: dump.f90:421[2*N_BNDF,NMESHES]"
GLOBAL_CONSTANTS,LU_BNDG,cons.f90,612,runtime_array,ASSIGN_FILE_NAMES(dump.f90:521),DUMP_BNDF(dump.f90:12130),no,"written only outside the time loop (setup/IO); read-only while stepping -> needs a device/const mirror, not a blocker for PURE",INTEGER,":,:",1,0,2,"allocated with mesh-number bounds: dump.f90:426[2*N_BNDF,NMESHES]"
GLOBAL_CONSTANTS,LU_CFACE_GEOM,cons.f90,610,runtime_array,ASSIGN_FILE_NAMES(dump.f90:536),,no,"written only outside the time loop (setup/IO); read-only while stepping -> needs a device/const mirror, not a blocker for PURE",INTEGER,:,1,0,1,allocated with mesh-number bounds: dump.f90:424[NMESHES]
GLOBAL_CONSTANTS,LU_CORE,cons.f90,609,runtime_array,ASSIGN_FILE_NAMES(dump.f90:560),DUMP_RESTART(dump.f90:3895),no,"written only outside the time loop (setup/IO); read-only while stepping -> needs a device/const mirror, not a blocker for PURE",INTEGER,:,1,0,2,allocated with mesh-number bounds: dump.f90:441[NMESHES]
GLOBAL_CONSTANTS,LU_CTRL,cons.f90,609,runtime_array,ASSIGN_FILE_NAMES(dump.f90:380),,no,"written only outside the time loop (setup/IO); read-only while stepping -> needs a device/const mirror, not a blocker for PURE",INTEGER,:,1,0,1,
GLOBAL_CONSTANTS,LU_DEVC,cons.f90,609,runtime_array,ASSIGN_FILE_NAMES(dump.f90:374),,no,"written only outside the time loop (setup/IO); read-only while stepping -> needs a device/const mirror, not a blocker for PURE",INTEGER,:,1,0,1,
GLOBAL_CONSTANTS,LU_GEOM,cons.f90,610,runtime_array,ASSIGN_FILE_NAMES(dump.f90:570),,no,"written only outside the time loop (setup/IO); read-only while stepping -> needs a device/const mirror, not a blocker for PURE",INTEGER,:,1,0,1,
GLOBAL_CONSTANTS,LU_PART,cons.f90,609,runtime_array,ASSIGN_FILE_NAMES(dump.f90:550),DUMP_PART(dump.f90:4518); INITIALIZE_MESH_DUMPS(dump.f90:1518),no,"written only outside the time loop (setup/IO); read-only while stepping -> needs a device/const mirror, not a blocker for PURE",INTEGER,:,1,0,3,allocated with mesh-number bounds: dump.f90:439[2*NMESHES]
GLOBAL_CONSTANTS,LU_PL3D,cons.f90,609,runtime_array,ASSIGN_FILE_NAMES(dump.f90:462),DUMP_SLCF(dump.f90:6853),no,"written only outside the time loop (setup/IO); read-only while stepping -> needs a device/const mirror, not a blocker for PURE",INTEGER,:,1,0,2,allocated with mesh-number bounds: dump.f90:408[2*NMESHES]
GLOBAL_CONSTANTS,LU_PROF,cons.f90,609,runtime_array,ASSIGN_FILE_NAMES(dump.f90:398),DUMP_PROF(dump.f90:11478); INITIALIZE_PROFILES(init.f90:2838),no,"written only outside the time loop (setup/IO); read-only while stepping -> needs a device/const mirror, not a blocker for PURE",INTEGER,:,1,0,3,
GLOBAL_CONSTANTS,LU_RADF,cons.f90,613,runtime_array,ASSIGN_FILE_NAMES(dump.f90:510),INITIALIZE_MESH_DUMPS(dump.f90:1542); RADIATION_FVM(radi.f90:5046),no,"written only outside the time loop (setup/IO); read-only while stepping -> needs a device/const mirror, not a blocker for PURE",INTEGER,":,:",1,0,3,"allocated with mesh-number bounds: dump.f90:430[N_RADF_MAX,NMESHES]"
GLOBAL_CONSTANTS,LU_RESTART,cons.f90,609,runtime_array,ASSIGN_FILE_NAMES(dump.f90:558),READ_RESTART(dump.f90:4088),no,"written only outside the time loop (setup/IO); read-only while stepping -> needs a device/const mirror, not a blocker for PURE",INTEGER,:,1,0,2,allocated with mesh-number bounds: dump.f90:443[NMESHES]
GLOBAL_CONSTANTS,LU_SLCF,cons.f90,612,runtime_array,ASSIGN_FILE_NAMES(dump.f90:496),DUMP_SLCF(dump.f90:7025); INITIALIZE_MESH_DUMPS(dump.f90:1195),no,"written only outside the time loop (setup/IO); read-only while stepping -> needs a device/const mirror, not a blocker for PURE",INTEGER,":,:",1,0,3,"allocated with mesh-number bounds: dump.f90:415[3*N_SLCF_MAX,NMESHES]"
GLOBAL_CONSTANTS,LU_SLCF_GEOM,cons.f90,612,runtime_array,ASSIGN_FILE_NAMES(dump.f90:497),DUMP_SLCF(dump.f90:7118),no,"written only outside the time loop (setup/IO); read-only while stepping -> needs a device/const mirror, not a blocker for PURE",INTEGER,":,:",1,0,2,"allocated with mesh-number bounds: dump.f90:417[N_SLCF_MAX,NMESHES]"
GLOBAL_CONSTANTS,LU_SMOKE3D,cons.f90,613,runtime_array,ASSIGN_FILE_NAMES(dump.f90:487),INITIALIZE_MESH_DUMPS(dump.f90:1151),no,"written only outside the time loop (setup/IO); read-only while stepping -> needs a device/const mirror, not a blocker for PURE",INTEGER,":,:",1,0,2,"allocated with mesh-number bounds: dump.f90:437[N_SMOKE3D*2,NMESHES]"
GLOBAL_CONSTANTS,LU_TERRAIN,cons.f90,609,runtime_array,ASSIGN_FILE_NAMES(dump.f90:543),INITIALIZE_MESH_DUMPS(dump.f90:1085),no,"written only outside the time loop (setup/IO); read-only while stepping -> needs a device/const mirror, not a blocker for PURE",INTEGER,:,1,0,2,allocated with mesh-number bounds: dump.f90:434[NMESHES]
GLOBAL_CONSTANTS,LU_XYZ,cons.f90,609,runtime_array,ASSIGN_FILE_NAMES(dump.f90:461),INITIALIZE_MESH_DUMPS(dump.f90:1033),no,"written only outside the time loop (setup/IO); read-only while stepping -> needs a device/const mirror, not a blocker for PURE",INTEGER,:,1,0,2,allocated with mesh-number bounds: dump.f90:406[NMESHES]
GLOBAL_CONSTANTS,MATL_NAME,cons.f90,639,runtime_array,READ_MATL(read.f90:7201),INITIALIZE_DIAGNOSTIC_FILE(dump.f90:3516),no,"written only outside the time loop (setup/IO); read-only while stepping -> needs a device/const mirror, not a blocker for PURE",CHARACTER(LABEL_LENGTH),1:1000,1,0,1,
GLOBAL_CONSTANTS,MAX_CELL_ASPECT_RATIO,cons.f90,304,runtime_array,FDS(main.f90:161); READ_MESH(read.f90:585); READ_TRAN(read.f90:1460),INITIALIZE_DIAGNOSTIC_FILE(dump.f90:3113); FDS(main.f90:163); READ_TRAN(read.f90:1460),no,"written only outside the time loop (setup/IO); read-only while stepping -> needs a device/const mirror, not a blocker for PURE",REAL(EB),:,3,0,4,allocated with mesh-number bounds: read.f90:584[NMESHES]
GLOBAL_CONSTANTS,MAX_PARTICLE_DIAMETER,cons.f90,691,runtime_array,READ_SPEC(read.f90:3186),INITIALIZE_DIAGNOSTIC_FILE(dump.f90:3501),no,"written only outside the time loop (setup/IO); read-only while stepping -> needs a device/const mirror, not a blocker for PURE",REAL(EB),:,1,0,1,
GLOBAL_CONSTANTS,MESH_NAME,cons.f90,543,runtime_array,READ_MESH(read.f90:740),WRITE_SMOKEVIEW_FILE(dump.f90:2499); INIT_WALL_CELL(init.f90:3040); READ_MESH(read.f90:739),no,"written only outside the time loop (setup/IO); read-only while stepping -> needs a device/const mirror, not a blocker for PURE",CHARACTER(LABEL_LENGTH),:,1,0,3,allocated with mesh-number bounds: read.f90:581[NMESHES]
GLOBAL_CONSTANTS,MIN_PARTICLE_DIAMETER,cons.f90,691,runtime_array,READ_SPEC(read.f90:3187),INITIALIZE_DIAGNOSTIC_FILE(dump.f90:3500),no,"written only outside the time loop (setup/IO); read-only while stepping -> needs a device/const mirror, not a blocker for PURE",REAL(EB),:,1,0,1,
GLOBAL_CONSTANTS,MPI_COMM_NEIGHBORS,cons.f90,412,runtime_array,,FILL_UNKZ_GUARDCELLS(ccib.f90:20392); EXCHANGE_GEOMETRY_INFO(func.f90:5365); INITIALIZE_BACK_WALL_EXCHANGE(main.f90:2483); ZONE_BOUNDARY_EXCHANGE(main.f90:2851),no,"no write found (initialised in declaration, via namelist/READ of a different name, or by intrinsic/MPI with unresolved intent)",TYPE:MPI_COMM(MPI_COMM),:,0,0,5,allocated with mesh-number bounds: main.f90:1366[NMESHES]
GLOBAL_CONSTANTS,MPI_COMM_NEIGHBORS_ROOT,cons.f90,415,runtime_array,MPI_INITIALIZATION_CHORES(main.f90:1384),FILL_UNKZ_GUARDCELLS(ccib.f90:20415); EXCHANGE_GEOMETRY_INFO(func.f90:5367); INITIALIZE_BACK_WALL_EXCHANGE(main.f90:2485); ZONE_BOUNDARY_EXCHANGE(main.f90:2854),no,"written only outside the time loop (setup/IO); read-only while stepping -> needs a device/const mirror, not a blocker for PURE",INTEGER,:,1,0,5,allocated with mesh-number bounds: main.f90:1367[NMESHES]
GLOBAL_CONSTANTS,MU_RSQMW_Z,cons.f90,488,runtime_array,PROC_SMIX(read.f90:4433),CC_EDGE_TAU_OMG(ccib.f90:14375); VELOCITY_BC(velo.f90:2375),no,"written only outside the time loop (setup/IO); read-only while stepping -> needs a device/const mirror, not a blocker for PURE",REAL(EB),":,:",1,0,2,
GLOBAL_CONSTANTS,NU_SOOT_OX,cons.f90,683,runtime_array,READ_SPEC(read.f90:3605),SOOT_SURFACE_OXIDATION(soot.f90:432),no,"written only outside the time loop (setup/IO); read-only while stepping -> needs a device/const mirror, not a blocker for PURE",REAL(EB),:,1,0,1,
GLOBAL_CONSTANTS,N_PARTICLE_BINS,cons.f90,689,runtime_array,READ_SPEC(read.f90:3185),INITIALIZE_DIAGNOSTIC_FILE(dump.f90:3498); CALC_AGGLOMERATION(soot.f90:286); SOOT_SURFACE_OXIDATION(soot.f90:441),no,"written only outside the time loop (setup/IO); read-only while stepping -> needs a device/const mirror, not a blocker for PURE",INTEGER,:,1,0,3,
GLOBAL_CONSTANTS,OVEC,cons.f90,346,runtime_array,READ_WIND(read.f90:2195),VELOCITY_FLUX(velo.f90:840); CORIOLIS_FORCE(velo.f90:997),no,"written only outside the time loop (setup/IO); read-only while stepping -> needs a device/const mirror, not a blocker for PURE",REAL(EB),3,1,0,2,
GLOBAL_CONSTANTS,PROCESS,cons.f90,405,runtime_array,READ_MESH(read.f90:716),CC_RHO0W_INTERP(ccib.f90:6984); FILL_IJKO_INTERP_STENCILS(ccib.f90:18958); FILL_UNKZ_GUARDCELLS(ccib.f90:20015); GET_GASPHASE_CUTFACES_DATA(ccib.f90:21531); GET_GASPHASE_REGRCFACES_DATA(ccib.f90:22811),no,"written only outside the time loop (setup/IO); read-only while stepping -> needs a device/const mirror, not a blocker for PURE",INTEGER,:,1,0,65,allocated with mesh-number bounds: read.f90:580[NMESHES]
GLOBAL_CONSTANTS,RSQ_MW_Z,cons.f90,496,runtime_array,PROC_SMIX(read.f90:4412),CC_EDGE_TAU_OMG(ccib.f90:14375); VELOCITY_BC(velo.f90:2375),no,"written only outside the time loop (setup/IO); read-only while stepping -> needs a device/const mirror, not a blocker for PURE",REAL(EB),:,1,0,2,
GLOBAL_CONSTANTS,SETUP_PRESSURE_ZONES_INDEX,cons.f90,303,runtime_array,ZONE_BOUNDARY_EXCHANGE(main.f90:2843); READ_MESH(read.f90:587),ZONE_BOUNDARY_EXCHANGE(main.f90:2845),no,"written only outside the time loop (setup/IO); read-only while stepping -> needs a device/const mirror, not a blocker for PURE",INTEGER,:,2,0,2,allocated with mesh-number bounds: read.f90:586[NMESHES]
GLOBAL_CONSTANTS,TERRAIN_IMAGE,cons.f90,312,runtime_array,READ_MISC(read.f90:1818),WRITE_SMOKEVIEW_FILE(dump.f90:1858),no,"written only outside the time loop (setup/IO); read-only while stepping -> needs a device/const mirror, not a blocker for PURE",CHARACTER(FORMULA_LENGTH),MAX_TERRAIN_IMAGES,1,0,1,
GLOBAL_CONSTANTS,TEX_ORI,cons.f90,352,runtime_array,READ_MISC(read.f90:1916),WRITE_SMOKEVIEW_FILE(dump.f90:2259),no,"written only outside the time loop (setup/IO); read-only while stepping -> needs a device/const mirror, not a blocker for PURE",REAL(EB),3,1,0,1,
GLOBAL_CONSTANTS,VENT_TOTAL_AREA,cons.f90,832,runtime_array,EXCHANGE_VENT_AREA(main.f90:5059); READ_VENT(read.f90:12156),EXCHANGE_VENT_AREA(main.f90:5064); READ_VENT(read.f90:12864),no,"written only outside the time loop (setup/IO); read-only while stepping -> needs a device/const mirror, not a blocker for PURE",REAL(EB),:,2,0,2,
GLOBAL_CONSTANTS,Z2Y,cons.f90,482,runtime_array,READ_SPEC(read.f90:3521),GAS_PHASE_OUTPUT(dump.f90:9278); INITIALIZE_DIAGNOSTIC_FILE(dump.f90:3205); SOLID_PHASE_OUTPUT(dump.f90:10305); PERFORM_PYROLYSIS(wall.f90:3123),no,"written only outside the time loop (setup/IO); read-only while stepping -> needs a device/const mirror, not a blocker for PURE",REAL(EB),":,:",1,0,4,
HVAC_ROUTINES,DUCT_AIRCOIL_A,hvac.f90,26,runtime_array,READ_HVAC(hvac.f90:353),PROC_HVAC(hvac.f90:931),no,"written only outside the time loop (setup/IO); read-only while stepping -> needs a device/const mirror, not a blocker for PURE",CHARACTER(LABEL_LENGTH),:,1,0,1,
HVAC_ROUTINES,DUCT_FAN_A,hvac.f90,25,runtime_array,READ_HVAC(hvac.f90:354),PROC_HVAC(hvac.f90:918),no,"written only outside the time loop (setup/IO); read-only while stepping -> needs a device/const mirror, not a blocker for PURE",CHARACTER(LABEL_LENGTH),:,1,0,1,
HVAC_ROUTINES,DUCT_NODE_A,hvac.f90,23,runtime_array,READ_HVAC(hvac.f90:385),PROC_HVAC(hvac.f90:866),no,"written only outside the time loop (setup/IO); read-only while stepping -> needs a device/const mirror, not a blocker for PURE",CHARACTER(LABEL_LENGTH),":,:",1,0,1,
HVAC_ROUTINES,DUCT_QUANTITY_ARRAY,hvac.f90,65,runtime_array,READ_HVAC(hvac.f90:726),WRITE_SMOKEVIEW_FILE(dump.f90:2409),no,"written only outside the time loop (setup/IO); read-only while stepping -> needs a device/const mirror, not a blocker for PURE",TYPE:HVAC_QUANTITY_TYPE(HVAC_QUANTITY_TYPE),:,1,0,1,
HVAC_ROUTINES,LEAK_PATH,hvac.f90,28,runtime_array,LEAKAGE_HVAC(hvac.f90:3372); READ_HVAC(hvac.f90:211),INITIALIZE_HVAC(hvac.f90:2500),no,"written only outside the time loop (setup/IO); read-only while stepping -> needs a device/const mirror, not a blocker for PURE",INTEGER,":,:",2,0,1,
HVAC_ROUTINES,NODE_DUCT_A,hvac.f90,22,runtime_array,READ_HVAC(hvac.f90:427),PROC_HVAC(hvac.f90:882),no,"written only outside the time loop (setup/IO); read-only while stepping -> needs a device/const mirror, not a blocker for PURE",CHARACTER(LABEL_LENGTH),":,:",1,0,1,
HVAC_ROUTINES,NODE_FILTER_A,hvac.f90,24,runtime_array,READ_HVAC(hvac.f90:428),PROC_HVAC(hvac.f90:1173),no,"written only outside the time loop (setup/IO); read-only while stepping -> needs a device/const mirror, not a blocker for PURE",CHARACTER(LABEL_LENGTH),:,1,0,1,
HVAC_ROUTINES,NODE_QUANTITY_ARRAY,hvac.f90,66,runtime_array,READ_HVAC(hvac.f90:744),WRITE_SMOKEVIEW_FILE(dump.f90:2401),no,"written only outside the time loop (setup/IO); read-only while stepping -> needs a device/const mirror, not a blocker for PURE",TYPE:HVAC_QUANTITY_TYPE(HVAC_QUANTITY_TYPE),:,1,0,1,
OUTPUT_CLOCKS,BNDF_CLOCK,cons.f90,874,runtime_array,INITIALIZE_OUTPUT_CLOCKS(func.f90:449),DUMP_BNDF(dump.f90:12024); PACK_VTK_BNDF(dump.f90:12424),no,"written only outside the time loop (setup/IO); read-only while stepping -> needs a device/const mirror, not a blocker for PURE",REAL(EB),:,1,0,3,
OUTPUT_CLOCKS,BNDF_VTK_CLOCK,cons.f90,877,runtime_array,INITIALIZE_OUTPUT_CLOCKS(func.f90:473),INITIALIZE_VTKHDF_FILES(vtkf.f90:1349),no,"written only outside the time loop (setup/IO); read-only while stepping -> needs a device/const mirror, not a blocker for PURE",REAL(EB),:,1,0,2,
OUTPUT_CLOCKS,CPU_CLOCK,cons.f90,874,runtime_array,INITIALIZE_OUTPUT_CLOCKS(func.f90:450),,no,"written only outside the time loop (setup/IO); read-only while stepping -> needs a device/const mirror, not a blocker for PURE",REAL(EB),:,1,0,1,
OUTPUT_CLOCKS,CTRL_CLOCK,cons.f90,874,runtime_array,INITIALIZE_OUTPUT_CLOCKS(func.f90:451),,no,"written only outside the time loop (setup/IO); read-only while stepping -> needs a device/const mirror, not a blocker for PURE",REAL(EB),:,1,0,1,
OUTPUT_CLOCKS,DEVC_CLOCK,cons.f90,874,runtime_array,INITIALIZE_OUTPUT_CLOCKS(func.f90:452),,no,"written only outside the time loop (setup/IO); read-only while stepping -> needs a device/const mirror, not a blocker for PURE",REAL(EB),:,1,0,1,
OUTPUT_CLOCKS,FLSH_CLOCK,cons.f90,874,runtime_array,INITIALIZE_OUTPUT_CLOCKS(func.f90:453),FDS[MAIN_LOOP](main.f90:1178),no,"written only outside the time loop (setup/IO); read-only while stepping -> needs a device/const mirror, not a blocker for PURE",REAL(EB),:,1,0,2,
OUTPUT_CLOCKS,GEOM_CLOCK,cons.f90,874,runtime_array,INITIALIZE_OUTPUT_CLOCKS(func.f90:454),,no,"written only outside the time loop (setup/IO); read-only while stepping -> needs a device/const mirror, not a blocker for PURE",REAL(EB),:,1,0,1,
OUTPUT_CLOCKS,HRR_CLOCK,cons.f90,874,runtime_array,INITIALIZE_OUTPUT_CLOCKS(func.f90:455),,no,"written only outside the time loop (setup/IO); read-only while stepping -> needs a device/const mirror, not a blocker for PURE",REAL(EB),:,1,0,1,
OUTPUT_CLOCKS,HVAC_CLOCK,cons.f90,874,runtime_array,INITIALIZE_OUTPUT_CLOCKS(func.f90:456),,no,"written only outside the time loop (setup/IO); read-only while stepping -> needs a device/const mirror, not a blocker for PURE",REAL(EB),:,1,0,1,
OUTPUT_CLOCKS,ISOF_CLOCK,cons.f90,875,runtime_array,INITIALIZE_OUTPUT_CLOCKS(func.f90:457),,no,"written only outside the time loop (setup/IO); read-only while stepping -> needs a device/const mirror, not a blocker for PURE",REAL(EB),:,1,0,1,
OUTPUT_CLOCKS,MASS_CLOCK,cons.f90,875,runtime_array,INITIALIZE_OUTPUT_CLOCKS(func.f90:458),,no,"written only outside the time loop (setup/IO); read-only while stepping -> needs a device/const mirror, not a blocker for PURE",REAL(EB),:,1,0,1,
OUTPUT_CLOCKS,PART_CLOCK,cons.f90,875,runtime_array,INITIALIZE_OUTPUT_CLOCKS(func.f90:459),,no,"written only outside the time loop (setup/IO); read-only while stepping -> needs a device/const mirror, not a blocker for PURE",REAL(EB),:,1,0,1,
OUTPUT_CLOCKS,PART_VTK_CLOCK,cons.f90,877,runtime_array,INITIALIZE_OUTPUT_CLOCKS(func.f90:474),INITIALIZE_VTKHDF_FILES(vtkf.f90:1354),no,"written only outside the time loop (setup/IO); read-only while stepping -> needs a device/const mirror, not a blocker for PURE",REAL(EB),:,1,0,2,
OUTPUT_CLOCKS,PL3D_CLOCK,cons.f90,875,runtime_array,INITIALIZE_OUTPUT_CLOCKS(func.f90:460),INITIALIZE_DIAGNOSTIC_FILE(dump.f90:3754),no,"written only outside the time loop (setup/IO); read-only while stepping -> needs a device/const mirror, not a blocker for PURE",REAL(EB),:,1,0,2,
OUTPUT_CLOCKS,PROF_CLOCK,cons.f90,875,runtime_array,INITIALIZE_OUTPUT_CLOCKS(func.f90:461),,no,"written only outside the time loop (setup/IO); read-only while stepping -> needs a device/const mirror, not a blocker for PURE",REAL(EB),:,1,0,1,
OUTPUT_CLOCKS,RADF_CLOCK,cons.f90,875,runtime_array,INITIALIZE_OUTPUT_CLOCKS(func.f90:462),INITIALIZE_MESH_DUMPS(dump.f90:1548); RADIATION_FVM(radi.f90:5042),no,"written only outside the time loop (setup/IO); read-only while stepping -> needs a device/const mirror, not a blocker for PURE",REAL(EB),:,1,0,3,
OUTPUT_CLOCKS,SL3D_CLOCK,cons.f90,876,runtime_array,INITIALIZE_OUTPUT_CLOCKS(func.f90:465),,no,"written only outside the time loop (setup/IO); read-only while stepping -> needs a device/const mirror, not a blocker for PURE",REAL(EB),:,1,0,1,
OUTPUT_CLOCKS,SL3D_VTK_CLOCK,cons.f90,877,runtime_array,INITIALIZE_OUTPUT_CLOCKS(func.f90:471),,no,"written only outside the time loop (setup/IO); read-only while stepping -> needs a device/const mirror, not a blocker for PURE",REAL(EB),:,1,0,1,
OUTPUT_CLOCKS,SLCF_CLOCK,cons.f90,876,runtime_array,INITIALIZE_OUTPUT_CLOCKS(func.f90:464),,no,"written only outside the time loop (setup/IO); read-only while stepping -> needs a device/const mirror, not a blocker for PURE",REAL(EB),:,1,0,1,
OUTPUT_CLOCKS,SLCF_VTK_CLOCK,cons.f90,877,runtime_array,INITIALIZE_OUTPUT_CLOCKS(func.f90:470),INITIALIZE_VTKHDF_FILES(vtkf.f90:1333),no,"written only outside the time loop (setup/IO); read-only while stepping -> needs a device/const mirror, not a blocker for PURE",REAL(EB),:,1,0,2,
OUTPUT_CLOCKS,SM3D_CLOCK,cons.f90,876,runtime_array,INITIALIZE_OUTPUT_CLOCKS(func.f90:466),,no,"written only outside the time loop (setup/IO); read-only while stepping -> needs a device/const mirror, not a blocker for PURE",REAL(EB),:,1,0,1,
OUTPUT_CLOCKS,SM3D_VTK_CLOCK,cons.f90,877,runtime_array,INITIALIZE_OUTPUT_CLOCKS(func.f90:472),INITIALIZE_VTKHDF_FILES(vtkf.f90:1341),no,"written only outside the time loop (setup/IO); read-only while stepping -> needs a device/const mirror, not a blocker for PURE",REAL(EB),:,1,0,2,
OUTPUT_CLOCKS,SPEC_CLOCK,cons.f90,876,runtime_array,INITIALIZE_OUTPUT_CLOCKS(func.f90:469),,no,"written only outside the time loop (setup/IO); read-only while stepping -> needs a device/const mirror, not a blocker for PURE",REAL(EB),:,1,0,1,
OUTPUT_CLOCKS,TMP_CLOCK,cons.f90,876,runtime_array,INITIALIZE_OUTPUT_CLOCKS(func.f90:468),,no,"written only outside the time loop (setup/IO); read-only while stepping -> needs a device/const mirror, not a blocker for PURE",REAL(EB),:,1,0,1,
OUTPUT_CLOCKS,UVW_CLOCK,cons.f90,876,runtime_array,INITIALIZE_OUTPUT_CLOCKS(func.f90:467),,no,"written only outside the time loop (setup/IO); read-only while stepping -> needs a device/const mirror, not a blocker for PURE",REAL(EB),:,1,0,1,
OUTPUT_DATA,OUTPUT_QUANTITY,data.f90,41,runtime_array,DEFINE_OUTPUT_QUANTITIES(data.f90:60); SET_QUANTITIES_AMBIENT(data.f90:1739),DUMP_BNDF(dump.f90:11983); PACK_VTK_BNDF(dump.f90:12383); DUMP_PROF(dump.f90:11503); DUMP_SLCF(dump.f90:6851); FACE_VALUE(dump.f90:7225),no,"written only outside the time loop (setup/IO); read-only while stepping -> needs a device/const mirror, not a blocker for PURE",TYPE:OUTPUT_QUANTITY_TYPE(OUTPUT_QUANTITY_TYPE),:,2,0,18,
OUTPUT_DATA,PLOT3D_PART_INDEX,data.f90,11,runtime_array,READ_DUMP(read.f90:2533),DUMP_SLCF(dump.f90:6873),no,"written only outside the time loop (setup/IO); read-only while stepping -> needs a device/const mirror, not a blocker for PURE",INTEGER,5,1,0,1,
OUTPUT_DATA,PLOT3D_QUANTITY,data.f90,13,runtime_array,READ_DUMP(read.f90:2363),INITIALIZE_DIAGNOSTIC_FILE(dump.f90:3758),no,"written only outside the time loop (setup/IO); read-only while stepping -> needs a device/const mirror, not a blocker for PURE",CHARACTER(LABEL_LENGTH),5,1,0,1,
OUTPUT_DATA,PLOT3D_QUANTITY_INDEX,data.f90,11,runtime_array,READ_DUMP(read.f90:2532),DUMP_SLCF(dump.f90:6851),no,"written only outside the time loop (setup/IO); read-only while stepping -> needs a device/const mirror, not a blocker for PURE",INTEGER,5,1,0,1,
OUTPUT_DATA,PLOT3D_SMOKEVIEW_BAR_LABEL,data.f90,13,runtime_array,READ_DUMP(read.f90:2532),DUMP_SLCF(dump.f90:6849),no,"written only outside the time loop (setup/IO); read-only while stepping -> needs a device/const mirror, not a blocker for PURE",CHARACTER(LABEL_LENGTH),5,1,0,1,
OUTPUT_DATA,PLOT3D_SMOKEVIEW_LABEL,data.f90,14,runtime_array,READ_DUMP(read.f90:2532),DUMP_SLCF(dump.f90:6847),no,"written only outside the time loop (setup/IO); read-only while stepping -> needs a device/const mirror, not a blocker for PURE",CHARACTER(LABEL_LENGTH),5,1,0,1,
OUTPUT_DATA,PLOT3D_VELO_INDEX,data.f90,12,runtime_array,READ_DUMP(read.f90:2370),DUMP_SLCF(dump.f90:6874),no,"written only outside the time loop (setup/IO); read-only while stepping -> needs a device/const mirror, not a blocker for PURE",INTEGER,5,1,0,1,
OUTPUT_DATA,PLOT3D_Y_INDEX,data.f90,11,runtime_array,READ_DUMP(read.f90:2533),DUMP_SLCF(dump.f90:6871); INITIALIZE_DIAGNOSTIC_FILE(dump.f90:3757),no,"written only outside the time loop (setup/IO); read-only while stepping -> needs a device/const mirror, not a blocker for PURE",INTEGER,5,1,0,2,
OUTPUT_DATA,PLOT3D_Z_INDEX,data.f90,11,runtime_array,READ_DUMP(read.f90:2533),DUMP_SLCF(dump.f90:6872); INITIALIZE_DIAGNOSTIC_FILE(dump.f90:3760),no,"written only outside the time loop (setup/IO); read-only while stepping -> needs a device/const mirror, not a blocker for PURE",INTEGER,5,1,0,2,
OUTPUT_DATA,SMOKE3D_FILE,data.f90,27,runtime_array,,ASSIGN_FILE_NAMES(dump.f90:486); DUMP_SMOKE3D(dump.f90:5071); DUMP_SMOKE3D_VTKHDF(dump.f90:5211); INITIALIZE_MESH_DUMPS(dump.f90:1149),no,"no write found (initialised in declaration, via namelist/READ of a different name, or by intrinsic/MPI with unresolved intent)",TYPE:SMOKE3D_TYPE(SMOKE3D_TYPE),:,0,0,4,
PROPERTY_DATA,ELEMENT,data.f90,2322,runtime_array,MAKE_PERIODIC_TABLE(data.f90:2769),GAS_PHASE_OUTPUT(dump.f90:9320),no,"written only outside the time loop (setup/IO); read-only while stepping -> needs a device/const mirror, not a blocker for PURE",TYPE:ELEMENT_TYPE(ELEMENT_TYPE),118,1,0,1,
RAD,KAPPA_COND,radi.f90,2778,runtime_array,INIT_RADIATION(radi.f90:3110),,no,"written only outside the time loop (setup/IO); read-only while stepping -> needs a device/const mirror, not a blocker for PURE",REAL(EB),:,1,0,1,
RAD,RADCAL_SPECIES2KAPPA,radi.f90,2777,runtime_array,INIT_RADIATION(radi.f90:3152),INIT_RADIATION(radi.f90:3201),no,"written only outside the time loop (setup/IO); read-only while stepping -> needs a device/const mirror, not a blocker for PURE",REAL(EB),":,:,:,:",1,0,1,
RAD,RADCAL_SPECIES_ID,radi.f90,2781,runtime_array,INIT_RADIATION(radi.f90:2993),,no,"written only outside the time loop (setup/IO); read-only while stepping -> needs a device/const mirror, not a blocker for PURE",CHARACTER(LABEL_LENGTH),16,1,0,1,
RAD,RADCAL_SPECIES_INDEX,radi.f90,2780,runtime_array,INIT_RADIATION(radi.f90:2992),INIT_RADIATION(radi.f90:3182),no,"written only outside the time loop (setup/IO); read-only while stepping -> needs a device/const mirror, not a blocker for PURE",INTEGER,16,1,0,1,
RAD,Y2RADCAL_SPECIES,radi.f90,2776,runtime_array,INIT_RADIATION(radi.f90:3106),INIT_RADIATION(radi.f90:3122),no,"written only outside the time loop (setup/IO); read-only while stepping -> needs a device/const mirror, not a blocker for PURE",REAL(EB),":,:",1,0,1,
RADCAL_VAR,PARTIAL_PRESSURES_ATM,rcal.f90,16,runtime_array,INIT_RADIATION(radi.f90:3181),,no,"written only outside the time loop (setup/IO); read-only while stepping -> needs a device/const mirror, not a blocker for PURE",REAL(EB),":,:",1,0,1,
RADCAL_VAR,SEGMENT_LENGTH_M,rcal.f90,18,runtime_array,INIT_RADIATION(radi.f90:3141),,no,"written only outside the time loop (setup/IO); read-only while stepping -> needs a device/const mirror, not a blocker for PURE",REAL(EB),:,1,0,1,
RADCAL_VAR,TEMP_GAS,rcal.f90,17,runtime_array,INIT_RADIATION(radi.f90:3163),INIT_RADIATION(radi.f90:3165),no,"written only outside the time loop (setup/IO); read-only while stepping -> needs a device/const mirror, not a blocker for PURE",REAL(EB),:,1,0,1,
RADCAL_VAR,TOTAL_PRESSURE_ATM,rcal.f90,19,runtime_array,INIT_RADIATION(radi.f90:3142),,no,"written only outside the time loop (setup/IO); read-only while stepping -> needs a device/const mirror, not a blocker for PURE",REAL(EB),:,1,0,1,
RADCONS,AXIS_COMP,cons.f90,916,runtime_array,CALCULATE_FVM_ANGLES(radi.f90:3332),,no,"written only outside the time loop (setup/IO); read-only while stepping -> needs a device/const mirror, not a blocker for PURE",REAL(EB),:,1,0,1,
RADCONS,AZIM_COMP,cons.f90,915,runtime_array,CALCULATE_FVM_ANGLES(radi.f90:3330),,no,"written only outside the time loop (setup/IO); read-only while stepping -> needs a device/const mirror, not a blocker for PURE",REAL(EB),:,1,0,1,
RADCONS,BBFRAC,cons.f90,908,runtime_array,INIT_RADIATION(radi.f90:2888),INIT_RADIATION(radi.f90:2896),no,"written only outside the time loop (setup/IO); read-only while stepping -> needs a device/const mirror, not a blocker for PURE",REAL(EB),:,1,0,1,
RADCONS,DLANG_LOCAL,cons.f90,907,runtime_array,CALCULATE_FVM_ANGLES(radi.f90:3333),,no,"written only outside the time loop (setup/IO); read-only while stepping -> needs a device/const mirror, not a blocker for PURE",REAL(EB),":,:",1,0,1,
RADCONS,DLB_COMP,cons.f90,918,runtime_array,CALCULATE_FVM_ANGLES(radi.f90:3331),,no,"written only outside the time loop (setup/IO); read-only while stepping -> needs a device/const mirror, not a blocker for PURE",REAL(EB),:,1,0,1,
RADCONS,MERI_COMP,cons.f90,914,runtime_array,CALCULATE_FVM_ANGLES(radi.f90:3329),,no,"written only outside the time loop (setup/IO); read-only while stepping -> needs a device/const mirror, not a blocker for PURE",REAL(EB),:,1,0,1,
RADCONS,NRP,cons.f90,923,runtime_array,READ_RADI(read.f90:10355),INITIALIZE_DIAGNOSTIC_FILE(dump.f90:3825); RADIATION_FVM(radi.f90:4444); INIT_RADIATION(radi.f90:2825),no,"written only outside the time loop (setup/IO); read-only while stepping -> needs a device/const mirror, not a blocker for PURE",INTEGER,:,1,0,3,
RADCONS,RSA,cons.f90,919,runtime_array,CALCULATE_FVM_ANGLES(radi.f90:3327),INITIALIZE_DIAGNOSTIC_FILE(dump.f90:3825); RADIATION_FVM(radi.f90:4455); INTERPOLATE_IL(radi.f90:3658),no,"written only outside the time loop (setup/IO); read-only while stepping -> needs a device/const mirror, not a blocker for PURE",REAL(EB),:,1,0,4,
RADCONS,WL_HIGH,cons.f90,910,runtime_array,INIT_RADIATION(radi.f90:2919); READ_RADI(read.f90:10318),GAS_PHASE_OUTPUT(dump.f90:9523); RADIATION_FVM(radi.f90:3932); INIT_RADIATION(radi.f90:3158),no,"written only outside the time loop (setup/IO); read-only while stepping -> needs a device/const mirror, not a blocker for PURE",REAL(EB),:,2,0,3,
RADCONS,WL_LOW,cons.f90,909,runtime_array,INIT_RADIATION(radi.f90:2918); READ_RADI(read.f90:10317),GAS_PHASE_OUTPUT(dump.f90:9523); RADIATION_FVM(radi.f90:3932); INIT_RADIATION(radi.f90:3159),no,"written only outside the time loop (setup/IO); read-only while stepping -> needs a device/const mirror, not a blocker for PURE",REAL(EB),:,2,0,3,
READ_INPUT,HT3D_OBST,read.f90,62,runtime_array,READ_OBST(read.f90:10832); REALLOCATE_HT3D_OBST(read.f90:17462),PROC_MESH(read.f90:860),no,"written only outside the time loop (setup/IO); read-only while stepping -> needs a device/const mirror, not a blocker for PURE",TYPE:HT3D_OBST_TYPE(HT3D_OBST_TYPE),:,2,0,2,
READ_INPUT,HT3D_SURF_LIST,read.f90,57,runtime_array,READ_SURF(read.f90:8086),READ_OBST(read.f90:10828),no,"written only outside the time loop (setup/IO); read-only while stepping -> needs a device/const mirror, not a blocker for PURE",CHARACTER(LABEL_LENGTH),20,1,0,1,
READ_INPUT,I_DUM,read.f90,47,runtime_array,PROC_DEVC(read.f90:15273); READ_BNDF(read.f90:16662); READ_DUMP(read.f90:2532); READ_ISOF(read.f90:15923); READ_PART(read.f90:6402); READ_PROF(read.f90:15844); READ_SLCF(read.f90:16161); READ_SM3D(read.f90:16752),,no,"written only outside the time loop (setup/IO); read-only while stepping -> needs a device/const mirror, not a blocker for PURE",INTEGER,10,8,0,3,
READ_INPUT,TEXTURE_ORIGIN,read.f90,40,runtime_array,READ_MISC(read.f90:1784); READ_OBST(read.f90:10893); SET_VENT_DEFAULTS(read.f90:12899),READ_OBST(read.f90:10767); READ_VENT(read.f90:12132),no,"written only outside the time loop (setup/IO); read-only while stepping -> needs a device/const mirror, not a blocker for PURE",REAL(EB),3,3,0,2,
READ_INPUT,XB,read.f90,40,runtime_array,READ_DEVC(read.f90:13879); SET_DEVC_DEFAULTS(read.f90:14562); READ_HOLE(read.f90:11793); READ_INIT(read.f90:13063); SET_INIT_DEFAULTS(read.f90:13555); READ_MESH(read.f90:605); READ_OBST(read.f90:10790); READ_RADF(read.f90:16546) ... (+4),READ_DEVC(read.f90:13771); READ_HOLE(read.f90:11738); READ_INIT(read.f90:12967); READ_MESH(read.f90:524); READ_OBST(read.f90:10767),no,"written only outside the time loop (setup/IO); read-only while stepping -> needs a device/const mirror, not a blocker for PURE",REAL(EB),6,12,0,9,
SOOT_ROUTINES,A_FAC,soot.f90,14,runtime_array,INITIALIZE_AGGLOMERATION(soot.f90:218),CALC_AGGLOMERATION(soot.f90:328),no,"written only outside the time loop (setup/IO); read-only while stepping -> needs a device/const mirror, not a blocker for PURE",REAL(EB),":,:",1,0,1,
SOOT_ROUTINES,BIN_ETA,soot.f90,16,runtime_array,INITIALIZE_AGGLOMERATION(soot.f90:189),CALC_AGGLOMERATION(soot.f90:368),no,"written only outside the time loop (setup/IO); read-only while stepping -> needs a device/const mirror, not a blocker for PURE",REAL(EB),":,:,:,:",1,0,1,
SOOT_ROUTINES,BIN_ETA_INDEX,soot.f90,17,runtime_array,INITIALIZE_AGGLOMERATION(soot.f90:190),CALC_AGGLOMERATION(soot.f90:368),no,"written only outside the time loop (setup/IO); read-only while stepping -> needs a device/const mirror, not a blocker for PURE",INTEGER,":,:,:,:",1,0,1,
SOOT_ROUTINES,BIN_X,soot.f90,14,runtime_array,INITIALIZE_AGGLOMERATION(soot.f90:212),CALC_AGGLOMERATION(soot.f90:288),no,"written only outside the time loop (setup/IO); read-only while stepping -> needs a device/const mirror, not a blocker for PURE",REAL(EB),":,:",1,0,1,
SOOT_ROUTINES,FU1_FAC,soot.f90,15,runtime_array,INITIALIZE_AGGLOMERATION(soot.f90:234),CALC_AGGLOMERATION(soot.f90:337),no,"written only outside the time loop (setup/IO); read-only while stepping -> needs a device/const mirror, not a blocker for PURE",REAL(EB),":,:,:",1,0,1,
SOOT_ROUTINES,FU2_FAC,soot.f90,15,runtime_array,INITIALIZE_AGGLOMERATION(soot.f90:236),CALC_AGGLOMERATION(soot.f90:338),no,"written only outside the time loop (setup/IO); read-only while stepping -> needs a device/const mirror, not a blocker for PURE",REAL(EB),":,:,:",1,0,1,
SOOT_ROUTINES,MOBILITY_FAC,soot.f90,14,runtime_array,INITIALIZE_AGGLOMERATION(soot.f90:217),CALC_AGGLOMERATION(soot.f90:326),no,"written only outside the time loop (setup/IO); read-only while stepping -> needs a device/const mirror, not a blocker for PURE",REAL(EB),":,:",1,0,1,
SOOT_ROUTINES,PARTICLE_RADIUS,soot.f90,14,runtime_array,INITIALIZE_AGGLOMERATION(soot.f90:216),INITIALIZE_DIAGNOSTIC_FILE(dump.f90:3504); CALC_AGGLOMERATION(soot.f90:324),no,"written only outside the time loop (setup/IO); read-only while stepping -> needs a device/const mirror, not a blocker for PURE",REAL(EB),":,:",1,0,2,
SOOT_ROUTINES,PHI_B_FAC,soot.f90,15,runtime_array,INITIALIZE_AGGLOMERATION(soot.f90:229),CALC_AGGLOMERATION(soot.f90:341),no,"written only outside the time loop (setup/IO); read-only while stepping -> needs a device/const mirror, not a blocker for PURE",REAL(EB),":,:,:",1,0,1,
SOOT_ROUTINES,PHI_G_FAC,soot.f90,15,runtime_array,INITIALIZE_AGGLOMERATION(soot.f90:225),CALC_AGGLOMERATION(soot.f90:343),no,"written only outside the time loop (setup/IO); read-only while stepping -> needs a device/const mirror, not a blocker for PURE",REAL(EB),":,:,:",1,0,1,
SOOT_ROUTINES,PHI_I_FAC,soot.f90,15,runtime_array,INITIALIZE_AGGLOMERATION(soot.f90:232),CALC_AGGLOMERATION(soot.f90:348),no,"written only outside the time loop (setup/IO); read-only while stepping -> needs a device/const mirror, not a blocker for PURE",REAL(EB),":,:,:",1,0,1,
SOOT_ROUTINES,PHI_S_FAC,soot.f90,15,runtime_array,INITIALIZE_AGGLOMERATION(soot.f90:231),CALC_AGGLOMERATION(soot.f90:344),no,"written only outside the time loop (setup/IO); read-only while stepping -> needs a device/const mirror, not a blocker for PURE",REAL(EB),":,:,:",1,0,1,
TRAN,TRANS,func.f90,6636,runtime_array,,WRITE_SMOKEVIEW_FILE(dump.f90:2462); CC_GRID_BUILD_CUTCELL_MESH_WORK(geom.f90:26737); GET_CARTCELL_CUTEDGES(geom.f90:22582); INITIALIZE_POISSON_SOLVER(init.f90:2355); READ_TRAN(read.f90:1022),no,"no write found (initialised in declaration, via namelist/READ of a different name, or by intrinsic/MPI with unresolved intent)",TYPE:TRAN_TYPE(TRAN_TYPE),:,0,0,5,allocated with mesh-number bounds: read.f90:1006[NMESHES]
TYPES,AIRCOIL,type.f90,2120,runtime_array,READ_HVAC(hvac.f90:584),PROC_HVAC(hvac.f90:934),no,"written only outside the time loop (setup/IO); read-only while stepping -> needs a device/const mirror, not a blocker for PURE",TYPE:AIRCOIL_TYPE(AIRCOIL_TYPE),:,1,0,1,
TYPES,BOUNDARY_FILE,type.f90,1622,runtime_array,,DUMP_BNDF(dump.f90:11971); DUMP_BNDF_VTKHDF(dump.f90:12256); INITIALIZE_DIAGNOSTIC_FILE(dump.f90:3798); INITIALIZE_MESH_DUMPS(dump.f90:1465); SOLID_PHASE_OUTPUT(dump.f90:10164),no,"no write found (initialised in declaration, via namelist/READ of a different name, or by intrinsic/MPI with unresolved intent)",TYPE:BOUNDARY_FILE_TYPE(BOUNDARY_FILE_TYPE),:,0,0,7,
TYPES,CSVFINFO,type.f90,1531,runtime_array,READ_CSVF(read.f90:17354),FDS(main.f90:382),no,"written only outside the time loop (setup/IO); read-only while stepping -> needs a device/const mirror, not a blocker for PURE",TYPE:CSVF_TYPE(CSVF_TYPE),:,1,0,1,allocated with mesh-number bounds: read.f90:17348[NMESHES]
TYPES,FAN,type.f90,2105,runtime_array,READ_HVAC(hvac.f90:508),PROC_HVAC(hvac.f90:921),no,"written only outside the time loop (setup/IO); read-only while stepping -> needs a device/const mirror, not a blocker for PURE",TYPE:FAN_TYPE(FAN_TYPE),:,1,0,1,
TYPES,FILTER,type.f90,1886,runtime_array,READ_HVAC(hvac.f90:552),PROC_HVAC(hvac.f90:1175),no,"written only outside the time loop (setup/IO); read-only while stepping -> needs a device/const mirror, not a blocker for PURE",TYPE:FILTER_TYPE(FILTER_TYPE),:,1,0,1,
TYPES,GEOMETRY,type.f90,1196,runtime_array,CC_INIT_GEOM(geom.f90:676); SNAP_GEOM_NODES(geom.f90:15702),CC_SET_DATA(ccib.f90:7223); GET_CFACE_RAD_NVEC(ccib.f90:6777); GET_CLSPT_INBCF(ccib.f90:19193); GET_CRTCFCC_INT_STENCILS(ccib.f90:16894); GET_UVWGAS_CFACE(ccib.f90:6751),no,"written only outside the time loop (setup/IO); read-only while stepping -> needs a device/const mirror, not a blocker for PURE",TYPE:GEOMETRY_TYPE(GEOMETRY_TYPE),:,2,0,23,
TYPES,INIT_RESERVED,type.f90,1728,runtime_array,READ_DEVC(read.f90:14413),READ_INIT(read.f90:13032),no,"written only outside the time loop (setup/IO); read-only while stepping -> needs a device/const mirror, not a blocker for PURE",TYPE:INIT_RESERVED_TYPE(INIT_RESERVED_TYPE),:,1,0,2,
TYPES,ISOSURFACE_FILE,type.f90,1642,runtime_array,,DUMP_ISOF(dump.f90:4919); INITIALIZE_DIAGNOSTIC_FILE(dump.f90:3775); INITIALIZE_MESH_DUMPS(dump.f90:1107),no,"no write found (initialised in declaration, via namelist/READ of a different name, or by intrinsic/MPI with unresolved intent)",TYPE:ISOSURFACE_FILE_TYPE(ISOSURFACE_FILE_TYPE),:,0,0,3,
TYPES,LAGRANGIAN_PARTICLE_CLASS,type.f90,171,runtime_array,PROC_HVAC(hvac.f90:961); PROC_PART(read.f90:6637),COMPUTE_PARTICLE_FLUXES(dump.f90:12729); DUMP_PART(dump.f90:4526); DUMP_PART_VTKHDF(dump.f90:4671); DUMP_PROF(dump.f90:11406); DUMP_RESTART(dump.f90:4009),no,"written only outside the time loop (setup/IO); read-only while stepping -> needs a device/const mirror, not a blocker for PURE",TYPE:LAGRANGIAN_PARTICLE_CLASS_TYPE(LAGRANGIAN_PARTICLE_CLASS_TYPE),:,2,0,41,
TYPES,MATERIAL,type.f90,836,runtime_array,READ_MATL(read.f90:7559),INITIALIZE_DIAGNOSTIC_FILE(dump.f90:3515); SOLID_PHASE_OUTPUT(dump.f90:10455); WRITE_SMOKEVIEW_FILE(dump.f90:1988); CONDENSATION_EVAPORATION(fire.f90:2170); INITIALIZE_BOUNDARY_ONE_D(func.f90:4897),no,"written only outside the time loop (setup/IO); read-only while stepping -> needs a device/const mirror, not a blocker for PURE",TYPE:MATERIAL_TYPE(MATERIAL_TYPE),:,1,0,13,
TYPES,MOVEMENT,type.f90,1846,runtime_array,,READ_DEVC(read.f90:13918),no,"no write found (initialised in declaration, via namelist/READ of a different name, or by intrinsic/MPI with unresolved intent)",TYPE:MOVEMENT_TYPE(MOVEMENT_TYPE),:,0,0,1,
TYPES,MULTIPLIER,type.f90,1871,runtime_array,,ADJUST_OBST_SHAPE_AREA(init.f90:363); READ_HOLE(read.f90:11761); READ_INIT(read.f90:12987); READ_MESH(read.f90:552); READ_OBST(read.f90:10796),no,"no write found (initialised in declaration, via namelist/READ of a different name, or by intrinsic/MPI with unresolved intent)",TYPE:MULTIPLIER_TYPE(MULTIPLIER_TYPE),:,0,0,6,
TYPES,ORIGINAL_VENTS,type.f90,1564,runtime_array,READ_VENT(read.f90:12342),WRITE_SMOKEVIEW_FILE(dump.f90:2329),no,"written only outside the time loop (setup/IO); read-only while stepping -> needs a device/const mirror, not a blocker for PURE",TYPE:ORIGINAL_VENTS_TYPE(ORIGINAL_VENTS_TYPE),:,1,0,2,
TYPES,PROFILE,type.f90,1651,runtime_array,,DUMP_PROF(dump.f90:11388); SOLID_PHASE_OUTPUT(dump.f90:10165); INITIALIZE_PROFILES(init.f90:2784); VOLUME_INIT_PARTICLE(part.f90:1536); READ_PROF(read.f90:15830),no,"no write found (initialised in declaration, via namelist/READ of a different name, or by intrinsic/MPI with unresolved intent)",TYPE:PROFILE_TYPE(PROFILE_TYPE),:,0,0,5,
TYPES,REACTION,type.f90,776,runtime_array,READ_REAC(read.f90:5073); READ_SPEC(read.f90:3261),GAS_PHASE_OUTPUT(dump.f90:8736); INITIALIZE_DIAGNOSTIC_FILE(dump.f90:3250); SOLID_PHASE_OUTPUT(dump.f90:10239); WRITE_SMOKEVIEW_FILE(dump.f90:2273); CHECK_AUTO_IGNITION(fire.f90:1360),no,"written only outside the time loop (setup/IO); read-only while stepping -> needs a device/const mirror, not a blocker for PURE",TYPE:REACTION_TYPE(REACTION_TYPE),:,2,0,14,
TYPES,SPECIES,type.f90,588,runtime_array,INIT_RADIATION(radi.f90:2996); GET_QUANTITY_INDEX(read.f90:17166); PROC_REAC_2(read.f90:5690); PROC_SPEC_1(read.f90:4195); READ_SPEC(read.f90:3345),GAS_PHASE_OUTPUT(dump.f90:8663); INITIALIZE_DIAGNOSTIC_FILE(dump.f90:3205); SOLID_PHASE_OUTPUT(dump.f90:10435); CONDENSATION_EVAPORATION(fire.f90:1969); PARTICLE_MASS_ENERGY_TRANSFER(part.f90:3722),no,"written only outside the time loop (setup/IO); read-only while stepping -> needs a device/const mirror, not a blocker for PURE",TYPE:SPECIES_TYPE(SPECIES_TYPE),:,5,0,11,
TYPES,SPECIES_MIXTURE,type.f90,660,runtime_array,GET_QUANTITY_INDEX(read.f90:17175); READ_PART(read.f90:6104); READ_SPEC(read.f90:3381),CC_DIVERGENCE_PART_1(ccib.f90:8550); INIT_CUTCELL_DATA(ccib.f90:7815); DIVERGENCE_PART_1(divg.f90:144); SPECIES_ADVECTION_PART_1_NEW(divg.f90:1195); GAS_PHASE_OUTPUT(dump.f90:8656),no,"written only outside the time loop (setup/IO); read-only while stepping -> needs a device/const mirror, not a blocker for PURE",TYPE:SPECIES_MIXTURE_TYPE(SPECIES_MIXTURE_TYPE),:,3,0,35,
TYPES,SURFACE,type.f90,1031,runtime_array,READ_INIT(read.f90:13336); READ_SURF(read.f90:8114),CC_EDGE_TAU_OMG(ccib.f90:14726); CFACE_PREDICT_NORMAL_VELOCITY(ccib.f90:6016); PREDICT_NORMAL_VELOCITY(divg.f90:1339); DUMP_PART_VTKHDF(dump.f90:4783); DUMP_PROF(dump.f90:11413),no,"written only outside the time loop (setup/IO); read-only while stepping -> needs a device/const mirror, not a blocker for PURE",TYPE:SURFACE_TYPE(SURFACE_TYPE),:,2,0,76,
TYPES,TABLES,type.f90,1572,runtime_array,,INSERT_SPRAY_PARTICLES(part.f90:423),no,"no write found (initialised in declaration, via namelist/READ of a different name, or by intrinsic/MPI with unresolved intent)",TYPE:TABLES_TYPE(TABLES_TYPE),:,0,0,1,
WSGG_ARRAYS,WSGG_B1_ARRAY,radi.f90,324,runtime_array,INIT_RADIATION(radi.f90:3233),,no,"written only outside the time loop (setup/IO); read-only while stepping -> needs a device/const mirror, not a blocker for PURE",REAL(EB),":,:",1,0,1,
WSGG_ARRAYS,WSGG_B2_ARRAY,radi.f90,324,runtime_array,INIT_RADIATION(radi.f90:3238),,no,"written only outside the time loop (setup/IO); read-only while stepping -> needs a device/const mirror, not a blocker for PURE",REAL(EB),":,:",1,0,1,
WSGG_ARRAYS,WSGG_C_ARRAY,radi.f90,325,runtime_array,INIT_RADIATION(radi.f90:3243),,no,"written only outside the time loop (setup/IO); read-only while stepping -> needs a device/const mirror, not a blocker for PURE",REAL(EB),":,:,:",1,0,1,
WSGG_ARRAYS,WSGG_D_ARRAY,radi.f90,324,runtime_array,INIT_RADIATION(radi.f90:3268),,no,"written only outside the time loop (setup/IO); read-only while stepping -> needs a device/const mirror, not a blocker for PURE",REAL(EB),":,:",1,0,1,
WSGG_ARRAYS,WSGG_KAPPAP1_ARRAY,radi.f90,326,runtime_array,INIT_RADIATION(radi.f90:3264),,no,"written only outside the time loop (setup/IO); read-only while stepping -> needs a device/const mirror, not a blocker for PURE",REAL(EB),:,1,0,1,
WSGG_ARRAYS,WSGG_KAPPAP2_ARRAY,radi.f90,326,runtime_array,INIT_RADIATION(radi.f90:3266),,no,"written only outside the time loop (setup/IO); read-only while stepping -> needs a device/const mirror, not a blocker for PURE",REAL(EB),:,1,0,1,
CC_SCALARS,B1,ccib.f90,115,pointer,CC_DIFFUSIVE_MASS_FLUXES(ccib.f90:11434); CFACE_PREDICT_NORMAL_VELOCITY(ccib.f90:6012),CC_DIFFUSIVE_MASS_FLUXES(ccib.f90:11235); GET_BBCUTFACE_RHO_D_DZDN(ccib.f90:11705); GET_BBRCFACE_RHO_D_DZDN(ccib.f90:11662); GET_BBREGFACE_RHO_D_DZDN(ccib.f90:11608); CC_CONDUCTION_HEAT_FLUX(ccib.f90:10959),yes,"written at run time by mesh kernels: CC_DIFFUSIVE_MASS_FLUXES, CFACE_PREDICT_NORMAL_VELOCITY",TYPE:BOUNDARY_PROP1_TYPE(BOUNDARY_PROP1_TYPE),,2,2,15,
CC_SCALARS,BC,ccib.f90,113,pointer,,CC_CUTCELL_VELOCITY(ccib.f90:3788); GET_BBRCFACE_RHO_D_DZDN(ccib.f90:11627); GET_BBREGFACE_RHO_D_DZDN(ccib.f90:11604); CCENTHALPY_ADVECTION(ccib.f90:9911); CCSPECIES_ADVECTION(ccib.f90:9022),yes,"no write found (initialised in declaration, via namelist/READ of a different name, or by intrinsic/MPI with unresolved intent)",TYPE:BOUNDARY_COORD_TYPE(BOUNDARY_COORD_TYPE),,0,0,29,
CC_SCALARS,CC,ccib.f90,110,pointer,ADD_CUTCELL_D_PBAR_DT(ccib.f90:696); CC_CHECK_MASS_DENSITY(ccib.f90:12548); CC_CV_RHOZZ_AVERAGE(ccib.f90:13164); CC_COMPUTE_KRES(ccib.f90:3713); CC_DENSITY(ccib.f90:11800); CC_DIVERGENCE_PART_1(ccib.f90:8533); CCSPECIES_ADVECTION(ccib.f90:8975); GET_CUTCELL_HP(ccib.f90:20495) ... (+5),ADD_CUTCELL_D_PBAR_DT(ccib.f90:694); ADD_CUTCELL_PSUM(ccib.f90:737); CC_CHECK_MASS_DENSITY(ccib.f90:12547); CC_CV_RHOZZ_AVERAGE(ccib.f90:13108); CC_COMPUTE_KRES(ccib.f90:3709),yes,"written at run time by mesh kernels: ADD_CUTCELL_D_PBAR_DT, CC_CHECK_MASS_DENSITY, CC_CV_RHOZZ_AVERAGE, CC_COMPUTE_KRES, CC_DENSITY, CC_DIVERGENCE_PART_1",TYPE:CC_CUTCELL_TYPE(CC_CUTCELL_TYPE),,13,10,26,
CC_SCALARS,CF,ccib.f90,111,pointer,CC_BAROCLINIC_CORRECTION(ccib.f90:1684); CC_DIFFUSIVE_HEAT_FLUXES(ccib.f90:10622); CC_MATCH_VELOCITY(ccib.f90:5806); CC_MATCH_VELOCITY_FLUX(ccib.f90:5355); CC_NO_FLUX(ccib.f90:15472); CC_PROJECT_VELOCITY(ccib.f90:2727); CC_RESTORE_UVW_UNLINKED(ccib.f90:3591); CC_VELOCITY_BC(ccib.f90:13960) ... (+9),CC_BAROCLINIC_CORRECTION(ccib.f90:1683); CCSPECIES_ADVECTION(ccib.f90:9342); CC_DIFFUSIVE_HEAT_FLUXES(ccib.f90:10608); CC_MATCH_VELOCITY(ccib.f90:5805); CC_MATCH_VELOCITY_FLUX(ccib.f90:5354),yes,"written at run time by mesh kernels: CC_BAROCLINIC_CORRECTION, CC_DIFFUSIVE_HEAT_FLUXES, CC_MATCH_VELOCITY, CC_MATCH_VELOCITY_FLUX, CC_NO_FLUX, CC_PROJECT_VELOCITY",TYPE:CC_CUTFACE_TYPE(CC_CUTFACE_TYPE),,17,13,21,
CC_SCALARS,CFA,ccib.f90,109,pointer,CFACE_PREDICT_NORMAL_VELOCITY(ccib.f90:6052),CC_DIFFUSIVE_MASS_FLUXES(ccib.f90:11234); CCENTHALPY_ADVECTION(ccib.f90:10189); CCSPECIES_ADVECTION(ccib.f90:9476); CC_CONDUCTION_HEAT_FLUX(ccib.f90:11119); CC_DIFFUSIVE_HEAT_FLUXES(ccib.f90:10455),yes,written at run time by mesh kernels: CFACE_PREDICT_NORMAL_VELOCITY,TYPE:CFACE_TYPE(CFACE_TYPE),,1,1,10,
CC_SCALARS,EWC,ccib.f90,114,pointer,CC_MATCH_VELOCITY(ccib.f90:5409),CC_COMPUTE_VELOCITY_ERROR(ccib.f90:15682); CC_MATCH_VELOCITY(ccib.f90:5418); CC_MATCH_VELOCITY_FLUX(ccib.f90:5180); COPY_CC_MUNKH_TO_UNKH(ccib.f90:22879); FILL_UNKZ_GUARDCELLS(ccib.f90:19865),yes,written at run time by mesh kernels: CC_MATCH_VELOCITY,TYPE:EXTERNAL_WALL_TYPE(EXTERNAL_WALL_TYPE),,1,1,11,
CC_SCALARS,F_TEMP,ccib.f90,83,pointer,CCENTHALPY_ADVECTION(ccib.f90:9654); CCSPECIES_ADVECTION(ccib.f90:9215); GET_EXPLICIT_ADVDIFFVECTOR_SCALAR_3D(ccib.f90:12285),CCENTHALPY_ADVECTION(ccib.f90:9655); CCSPECIES_ADVECTION(ccib.f90:9216); GET_EXPLICIT_ADVDIFFVECTOR_SCALAR_3D(ccib.f90:12286),yes,"written at run time by mesh kernels: CCENTHALPY_ADVECTION, CCSPECIES_ADVECTION, GET_EXPLICIT_ADVDIFFVECTOR_SCALAR_3D",REAL(EB),":,:,:",3,3,3,
CC_SCALARS,RCF,ccib.f90,112,pointer,CC_DIFFUSIVE_HEAT_FLUXES(ccib.f90:10581); GET_CC_MATRIXGRAPH_H(ccib.f90:21072); GET_GASPHASE_REGRCFACES_DATA(ccib.f90:22794),CC_BAROCLINIC_CORRECTION(ccib.f90:1720); CCSPECIES_ADVECTION(ccib.f90:9089); CC_DIFFUSIVE_HEAT_FLUXES(ccib.f90:10573); CC_PROJECT_VELOCITY(ccib.f90:2815); CC_VELOCITY_FLUX(ccib.f90:15102),yes,"written at run time by mesh kernels: CC_DIFFUSIVE_HEAT_FLUXES, GET_CC_MATRIXGRAPH_H",TYPE:CC_RCFACE_TYPE(CC_RCFACE_TYPE),,3,2,7,
CC_SCALARS,U_TEMP,ccib.f90,83,pointer,CCENTHALPY_ADVECTION(ccib.f90:9653); CCSPECIES_ADVECTION(ccib.f90:9214); GET_EXPLICIT_ADVDIFFVECTOR_SCALAR_3D(ccib.f90:12284),CCENTHALPY_ADVECTION(ccib.f90:9654); CCSPECIES_ADVECTION(ccib.f90:9215); GET_EXPLICIT_ADVDIFFVECTOR_SCALAR_3D(ccib.f90:12285),yes,"written at run time by mesh kernels: CCENTHALPY_ADVECTION, CCSPECIES_ADVECTION, GET_EXPLICIT_ADVDIFFVECTOR_SCALAR_3D",REAL(EB),":,:,:",3,3,3,
CC_SCALARS,WC,ccib.f90,108,pointer,GET_GASPHASE_CUTFACES_DATA(ccib.f90:21498),GET_BBCUTFACE_RHO_D_DZDN(ccib.f90:11683); GET_BBRCFACE_RHO_D_DZDN(ccib.f90:11625); GET_BBREGFACE_RHO_D_DZDN(ccib.f90:11602); CCENTHALPY_ADVECTION(ccib.f90:9909); CCSPECIES_ADVECTION(ccib.f90:8984),yes,"written only outside the time loop (setup/IO); read-only while stepping -> needs a device/const mirror, not a blocker for PURE",TYPE:WALL_TYPE(WALL_TYPE),,1,0,26,
CC_SCALARS,X1FACEP,ccib.f90,62,pointer,,GET_CRTCFCC_INT_STENCILS(ccib.f90:16725),yes,"no write found (initialised in declaration, via namelist/READ of a different name, or by intrinsic/MPI with unresolved intent)",REAL(EB),:,0,0,1,
CC_SCALARS,X2CELLP,ccib.f90,63,pointer,,GET_CRTCFCC_INT_STENCILS(ccib.f90:16728),yes,"no write found (initialised in declaration, via namelist/READ of a different name, or by intrinsic/MPI with unresolved intent)",REAL(EB),:,0,0,1,
CC_SCALARS,X2FACEP,ccib.f90,62,pointer,,GET_CRTCFCC_INT_STENCILS(ccib.f90:16726),yes,"no write found (initialised in declaration, via namelist/READ of a different name, or by intrinsic/MPI with unresolved intent)",REAL(EB),:,0,0,1,
CC_SCALARS,X3CELLP,ccib.f90,63,pointer,,GET_CRTCFCC_INT_STENCILS(ccib.f90:16729),yes,"no write found (initialised in declaration, via namelist/READ of a different name, or by intrinsic/MPI with unresolved intent)",REAL(EB),:,0,0,1,
CC_SCALARS,X3FACEP,ccib.f90,62,pointer,,GET_CRTCFCC_INT_STENCILS(ccib.f90:16727),yes,"no write found (initialised in declaration, via namelist/READ of a different name, or by intrinsic/MPI with unresolved intent)",REAL(EB),:,0,0,1,
CC_SCALARS,Z_TEMP,ccib.f90,83,pointer,CCENTHALPY_ADVECTION(ccib.f90:9652); CCSPECIES_ADVECTION(ccib.f90:9213); GET_EXPLICIT_ADVDIFFVECTOR_SCALAR_3D(ccib.f90:12283),CCENTHALPY_ADVECTION(ccib.f90:9654); CCSPECIES_ADVECTION(ccib.f90:9215); GET_EXPLICIT_ADVDIFFVECTOR_SCALAR_3D(ccib.f90:12285),yes,"written at run time by mesh kernels: CCENTHALPY_ADVECTION, CCSPECIES_ADVECTION, GET_EXPLICIT_ADVDIFFVECTOR_SCALAR_3D",REAL(EB),":,:,:",3,3,3,
COMPLEX_GEOMETRY_GRID,CE,geom.f90,5395,pointer,,GET_CARTEDGE_CUTEDGES(geom.f90:18281),yes,"no write found (initialised in declaration, via namelist/READ of a different name, or by intrinsic/MPI with unresolved intent)",TYPE:CC_CUTEDGE_TYPE(CC_CUTEDGE_TYPE),,0,0,1,
COMPLEX_GEOMETRY_GRID,CF,geom.f90,5394,pointer,CC_GRID_GET_REGULAR_CUTCELLS_BOX(geom.f90:27238); DEFINE_REGULAR_CUTFACES(geom.f90:21925); GET_CARTCELL_CUTFACES(geom.f90:23768); GET_CARTFACE_CUTFACES(geom.f90:20848),DEFINE_REGULAR_CUTFACES(geom.f90:21940); GET_CARTCELL_CUTFACES(geom.f90:23769); GET_CARTFACE_CUTFACES(geom.f90:20849),yes,"written only outside the time loop (setup/IO); read-only while stepping -> needs a device/const mirror, not a blocker for PURE",TYPE:CC_CUTFACE_TYPE(CC_CUTFACE_TYPE),,4,0,4,
COMPLEX_GEOMETRY_GRID,M,geom.f90,5393,pointer,,DEFINE_XYZFACE_CELL(geom.f90:15407),yes,"no write found (initialised in declaration, via namelist/READ of a different name, or by intrinsic/MPI with unresolved intent)",TYPE:MESH_TYPE(MESH_TYPE),,0,0,5,
DIVG,RHOP,divg.f90,12,pointer,,DIVERGENCE_PART_1(divg.f90:99); ENTHALPY_ADVECTION_NEW(divg.f90:819); SPECIES_ADVECTION_PART_1_NEW(divg.f90:1001); SPECIES_ADVECTION_PART_2(divg.f90:1263),yes,"no write found (initialised in declaration, via namelist/READ of a different name, or by intrinsic/MPI with unresolved intent)",REAL(EB),":,:,:",0,0,4,
DIVG,UU,divg.f90,12,pointer,,ENTHALPY_ADVECTION_NEW(divg.f90:829); SPECIES_ADVECTION_PART_1_NEW(divg.f90:1012); SPECIES_ADVECTION_PART_2(divg.f90:1249),yes,"no write found (initialised in declaration, via namelist/READ of a different name, or by intrinsic/MPI with unresolved intent)",REAL(EB),":,:,:",0,0,4,
DIVG,VV,divg.f90,12,pointer,,ENTHALPY_ADVECTION_NEW(divg.f90:830); SPECIES_ADVECTION_PART_1_NEW(divg.f90:1013); SPECIES_ADVECTION_PART_2(divg.f90:1251),yes,"no write found (initialised in declaration, via namelist/READ of a different name, or by intrinsic/MPI with unresolved intent)",REAL(EB),":,:,:",0,0,4,
DIVG,WW,divg.f90,12,pointer,,DIVERGENCE_PART_1(divg.f90:684); ENTHALPY_ADVECTION_NEW(divg.f90:831); SPECIES_ADVECTION_PART_1_NEW(divg.f90:1014); SPECIES_ADVECTION_PART_2(divg.f90:1253),yes,"no write found (initialised in declaration, via namelist/READ of a different name, or by intrinsic/MPI with unresolved intent)",REAL(EB),":,:,:",0,0,4,
DIVG,ZZP,divg.f90,13,pointer,,DIVERGENCE_PART_1(divg.f90:174); ENTHALPY_ADVECTION_NEW(divg.f90:817); SPECIES_ADVECTION_PART_1_NEW(divg.f90:1001); SPECIES_ADVECTION_PART_2(divg.f90:1263),yes,"no write found (initialised in declaration, via namelist/READ of a different name, or by intrinsic/MPI with unresolved intent)",REAL(EB),":,:,:,:",0,0,4,
DUMP,WFX,dump.f90,37,pointer,COMPUTE_PARTICLE_FLUXES(dump.f90:12723),COMPUTE_PARTICLE_FLUXES(dump.f90:12739); GAS_PHASE_OUTPUT(dump.f90:9548),yes,written at run time by mesh kernels: COMPUTE_PARTICLE_FLUXES,REAL(EB),":,:,:",1,1,2,
DUMP,WFY,dump.f90,37,pointer,COMPUTE_PARTICLE_FLUXES(dump.f90:12724),COMPUTE_PARTICLE_FLUXES(dump.f90:12740); GAS_PHASE_OUTPUT(dump.f90:9551),yes,written at run time by mesh kernels: COMPUTE_PARTICLE_FLUXES,REAL(EB),":,:,:",1,1,2,
DUMP,WFZ,dump.f90,37,pointer,COMPUTE_PARTICLE_FLUXES(dump.f90:12725),COMPUTE_PARTICLE_FLUXES(dump.f90:12741); GAS_PHASE_OUTPUT(dump.f90:9554),yes,written at run time by mesh kernels: COMPUTE_PARTICLE_FLUXES,REAL(EB),":,:,:",1,1,2,
FDS,M,main.f90,71,pointer,EXCHANGE_GLOBAL_OUTPUTS(main.f90:4576); MESH_EXCHANGE(main.f90:3908); EXCHANGE_VENT_AREA(main.f90:5064); INITIALIZE_BACK_WALL_EXCHANGE(main.f90:2485); INITIALIZE_PRESSURE_ZONES(main.f90:2623); ZONE_BOUNDARY_EXCHANGE(main.f90:2853),ALLOCATE_RADIATION_RECV_PKG(main.f90:3990); ALLOCATE_RADIATION_SEND_PKG(main.f90:4032); EXCHANGE_GLOBAL_OUTPUTS(main.f90:4573); EXCHANGE_VENT_AREA(main.f90:5063); INITIALIZE_BACK_WALL_EXCHANGE(main.f90:2403),yes,"written at run time by mesh kernels: EXCHANGE_GLOBAL_OUTPUTS, MESH_EXCHANGE",TYPE:MESH_TYPE(MESH_TYPE),,6,2,10,
FDS,M2,main.f90,72,pointer,MESH_EXCHANGE(main.f90:3238); MPI_INITIALIZATION_CHORES(main.f90:1439),MESH_EXCHANGE(main.f90:3337); MPI_INITIALIZATION_CHORES(main.f90:1495),yes,written at run time by mesh kernels: MESH_EXCHANGE,TYPE:OMESH_TYPE(OMESH_TYPE),,2,1,2,
FDS,M3,main.f90,72,pointer,ALLOCATE_RADIATION_RECV_PKG(main.f90:4012); MESH_EXCHANGE(main.f90:3322); POST_RECEIVES(main.f90:2999); MPI_INITIALIZATION_CHORES(main.f90:1460),ALLOCATE_RADIATION_RECV_PKG(main.f90:3995); ALLOCATE_RADIATION_SEND_PKG(main.f90:4035); INITIALIZE_BACK_WALL_EXCHANGE(main.f90:2430); MESH_EXCHANGE(main.f90:3148); MPI_INITIALIZATION_CHORES(main.f90:1460),yes,"written at run time by mesh kernels: ALLOCATE_RADIATION_RECV_PKG, MESH_EXCHANGE, POST_RECEIVES",TYPE:OMESH_TYPE(OMESH_TYPE),,4,3,6,
FDS,M4,main.f90,71,pointer,MESH_EXCHANGE(main.f90:3964); MPI_INITIALIZATION_CHORES(main.f90:1356),MPI_INITIALIZATION_CHORES(main.f90:1355),yes,written at run time by mesh kernels: MESH_EXCHANGE,TYPE:MESH_TYPE(MESH_TYPE),,2,1,2,
GLOBAL_CONSTANTS,COS_HALF_VIEW_ANGLE,cons.f90,805,pointer,PROC_DEVC(read.f90:15214); READ_DATA(read.f90:106); READ_DEVC(read.f90:14007); READ_PART(read.f90:6295),RADIATION_FVM(radi.f90:4867); READ_DEVC(read.f90:13993),yes,"written only outside the time loop (setup/IO); read-only while stepping -> needs a device/const mirror, not a blocker for PURE",REAL(EB),:,4,0,3,
GLOBAL_CONSTANTS,ORIENTATION_VECTOR,cons.f90,803,pointer,READ_DATA(read.f90:105); READ_DEVC(read.f90:14006); READ_PART(read.f90:6294),GAS_PHASE_OUTPUT(dump.f90:8831); WRITE_SMOKEVIEW_FILE(dump.f90:2313); INITIALIZE_SINGLE_PARTICLE(part.f90:1663); INSERT_SPRAY_PARTICLES(part.f90:376); MOVE_IN_GAS(part.f90:2987),yes,"written only outside the time loop (setup/IO); read-only while stepping -> needs a device/const mirror, not a blocker for PURE",REAL(EB),":,:",3,0,7,
GLOBMAT_SOLVER,CC,pres.f90,3171,pointer,,GLMAT_SOLVER(pres.f90:3389),yes,"no write found (initialised in declaration, via namelist/READ of a different name, or by intrinsic/MPI with unresolved intent)",TYPE:CC_CUTCELL_TYPE(CC_CUTCELL_TYPE),,0,0,1,
GLOBMAT_SOLVER,ZSL,pres.f90,3187,pointer,GET_BCS_H_MATRIX(pres.f90:4995); GET_H_MATRIX(pres.f90:5121); GET_H_MATRIX_LUDCMP(pres.f90:4456); GET_MATRIXGRAPH_H_WHLDOM(pres.f90:5329); GET_MATRIX_INDEXES_H(pres.f90:5721); GLMAT_SOLVER(pres.f90:3358),FINISH_GLMAT_SOLVER(pres.f90:6084); GET_BCS_H_MATRIX(pres.f90:4961); GET_H_MATRIX(pres.f90:5099); GET_MATRIXGRAPH_H_WHLDOM(pres.f90:5329); GET_MATRIX_INDEXES_H(pres.f90:5730),yes,"written at run time by mesh kernels: GET_BCS_H_MATRIX, GET_H_MATRIX, GET_MATRIXGRAPH_H_WHLDOM, GET_MATRIX_INDEXES_H, GLMAT_SOLVER | passed at run time to callee(s) with unresolved intent: GLMAT_SOLVER, GET_H_MATRIX_LUDCMP, FINISH_GLMAT_SOLVER",TYPE:ZONE_SOLVE_TYPE(ZONE_SOLVE_TYPE),,6,6,6,
HVAC_ROUTINES,NODE_AREA,hvac.f90,47,pointer,INITIALIZE_HVAC(hvac.f90:2415),INITIALIZE_HVAC(hvac.f90:2415),yes,written at run time by mesh kernels: INITIALIZE_HVAC,REAL(EB),:,1,1,2,
HVAC_ROUTINES,NODE_H,hvac.f90,48,pointer,INITIALIZE_HVAC(hvac.f90:2421),INITIALIZE_HVAC(hvac.f90:2421),yes,written at run time by mesh kernels: INITIALIZE_HVAC,REAL(EB),:,1,1,2,
HVAC_ROUTINES,NODE_P,hvac.f90,49,pointer,INITIALIZE_HVAC(hvac.f90:2458),INITIALIZE_HVAC(hvac.f90:2458),yes,written at run time by mesh kernels: INITIALIZE_HVAC,REAL(EB),:,1,1,2,
HVAC_ROUTINES,NODE_RHO,hvac.f90,50,pointer,INITIALIZE_HVAC(hvac.f90:2416),INITIALIZE_HVAC(hvac.f90:2416),yes,written at run time by mesh kernels: INITIALIZE_HVAC,REAL(EB),:,1,1,2,
HVAC_ROUTINES,NODE_TMP,hvac.f90,54,pointer,INITIALIZE_HVAC(hvac.f90:2420),INITIALIZE_HVAC(hvac.f90:2420),yes,written at run time by mesh kernels: INITIALIZE_HVAC,REAL(EB),:,1,1,2,
HVAC_ROUTINES,NODE_X,hvac.f90,51,pointer,INITIALIZE_HVAC(hvac.f90:2425),INITIALIZE_HVAC(hvac.f90:2425),yes,written at run time by mesh kernels: INITIALIZE_HVAC,REAL(EB),:,1,1,2,
HVAC_ROUTINES,NODE_Y,hvac.f90,52,pointer,INITIALIZE_HVAC(hvac.f90:2426),INITIALIZE_HVAC(hvac.f90:2426),yes,written at run time by mesh kernels: INITIALIZE_HVAC,REAL(EB),:,1,1,2,
HVAC_ROUTINES,NODE_Z,hvac.f90,53,pointer,INITIALIZE_HVAC(hvac.f90:2427),INITIALIZE_HVAC(hvac.f90:2427),yes,written at run time by mesh kernels: INITIALIZE_HVAC,REAL(EB),:,1,1,2,
HVAC_ROUTINES,NODE_ZZ,hvac.f90,55,pointer,INITIALIZE_HVAC(hvac.f90:2418),INITIALIZE_HVAC(hvac.f90:2418),yes,written at run time by mesh kernels: INITIALIZE_HVAC,REAL(EB),":,:",1,1,2,
READ_INPUT,M,read.f90,49,pointer,READ_SLCF(read.f90:16000),PROC_DEVC(read.f90:15224); READ_DEVC(read.f90:14088); READ_HOLE(read.f90:12014); READ_INIT(read.f90:13077); READ_OBST(read.f90:10842),yes,"written only outside the time loop (setup/IO); read-only while stepping -> needs a device/const mirror, not a blocker for PURE",TYPE:MESH_TYPE(MESH_TYPE),,1,0,11,
READ_INPUT,ML,read.f90,53,pointer,PROC_MATL(read.f90:7674); PROC_WALL(read.f90:9943); READ_MATL(read.f90:7332),READ_OBST(read.f90:11354),yes,"written only outside the time loop (setup/IO); read-only while stepping -> needs a device/const mirror, not a blocker for PURE",TYPE:MATERIAL_TYPE(MATERIAL_TYPE),,3,0,1,
READ_INPUT,OB,read.f90,50,pointer,READ_HOLE(read.f90:12017); READ_OBST(read.f90:11145),PROC_OBST(read.f90:15123); READ_HOLE(read.f90:11885); READ_OBST(read.f90:11168); READ_VENT(read.f90:12750),yes,"written only outside the time loop (setup/IO); read-only while stepping -> needs a device/const mirror, not a blocker for PURE",TYPE:OBSTRUCTION_TYPE(OBSTRUCTION_TYPE),,2,0,4,
READ_INPUT,RN,read.f90,54,pointer,PROC_DEVC(read.f90:15222); PROC_REAC_2(read.f90:5728); READ_REAC(read.f90:4814),PROC_DEVC(read.f90:15222),yes,"written only outside the time loop (setup/IO); read-only while stepping -> needs a device/const mirror, not a blocker for PURE",TYPE:REACTION_TYPE(REACTION_TYPE),,3,0,1,
READ_INPUT,SF,read.f90,52,pointer,PROC_SURF_1(read.f90:9359); PROC_SURF_2(read.f90:9483); PROC_WALL(read.f90:9960); READ_SURF(read.f90:8163),READ_OBST(read.f90:11352),yes,"written only outside the time loop (setup/IO); read-only while stepping -> needs a device/const mirror, not a blocker for PURE",TYPE:SURFACE_TYPE(SURFACE_TYPE),,4,0,1,
READ_INPUT,VT,read.f90,51,pointer,READ_VENT(read.f90:12439),READ_VENT(read.f90:12482),yes,"written only outside the time loop (setup/IO); read-only while stepping -> needs a device/const mirror, not a blocker for PURE",TYPE:VENTS_TYPE(VENTS_TYPE),,1,0,1,
SOOT_ROUTINES,B1,soot.f90,20,pointer,SOOT_SURFACE_OXIDATION(soot.f90:444),SOOT_SURFACE_OXIDATION(soot.f90:417),yes,written at run time by mesh kernels: SOOT_SURFACE_OXIDATION,TYPE:BOUNDARY_PROP1_TYPE(BOUNDARY_PROP1_TYPE),,1,1,2,
SOOT_ROUTINES,BC,soot.f90,21,pointer,,DROPLET_SCRUBBING(soot.f90:556); SETTLING_VELOCITY(soot.f90:142); SOOT_SURFACE_OXIDATION(soot.f90:419),yes,"no write found (initialised in declaration, via namelist/READ of a different name, or by intrinsic/MPI with unresolved intent)",TYPE:BOUNDARY_COORD_TYPE(BOUNDARY_COORD_TYPE),,0,0,3,
SOOT_ROUTINES,CFA,soot.f90,19,pointer,,SOOT_SURFACE_OXIDATION(soot.f90:476),yes,"no write found (initialised in declaration, via namelist/READ of a different name, or by intrinsic/MPI with unresolved intent)",TYPE:CFACE_TYPE(CFACE_TYPE),,0,0,1,
SOOT_ROUTINES,WC,soot.f90,18,pointer,,SETTLING_VELOCITY(soot.f90:138); SOOT_SURFACE_OXIDATION(soot.f90:414),yes,"no write found (initialised in declaration, via namelist/READ of a different name, or by intrinsic/MPI with unresolved intent)",TYPE:WALL_TYPE(WALL_TYPE),,0,0,2,
VEGE,B1,vege.f90,23,pointer,IGNITE_GRID_CELL(vege.f90:567),LEVEL_SET_FIRESPREAD(vege.f90:522); IGNITE_GRID_CELL(vege.f90:592),yes,written at run time by mesh kernels: IGNITE_GRID_CELL,TYPE:BOUNDARY_PROP1_TYPE(BOUNDARY_PROP1_TYPE),,1,1,2,
VEGE,B2,vege.f90,24,pointer,LEVEL_SET_FIRESPREAD(vege.f90:521); IGNITE_GRID_CELL(vege.f90:580),IGNITE_GRID_CELL(vege.f90:590),yes,"written at run time by mesh kernels: LEVEL_SET_FIRESPREAD, IGNITE_GRID_CELL",TYPE:BOUNDARY_PROP2_TYPE(BOUNDARY_PROP2_TYPE),,2,2,2,
VEGE,BC,vege.f90,25,pointer,,INITIALIZE_LEVEL_SET_FIRESPREAD_1(vege.f90:99),yes,"no write found (initialised in declaration, via namelist/READ of a different name, or by intrinsic/MPI with unresolved intent)",TYPE:BOUNDARY_COORD_TYPE(BOUNDARY_COORD_TYPE),,0,0,1,
VEGE,CF,vege.f90,21,pointer,,INITIALIZE_LEVEL_SET_FIRESPREAD_1(vege.f90:94),yes,"no write found (initialised in declaration, via namelist/READ of a different name, or by intrinsic/MPI with unresolved intent)",TYPE:CC_CUTFACE_TYPE(CC_CUTFACE_TYPE),,0,0,1,
VEGE,CFA,vege.f90,20,pointer,,INITIALIZE_LEVEL_SET_FIRESPREAD_1(vege.f90:98); LEVEL_SET_FIRESPREAD(vege.f90:526),yes,"no write found (initialised in declaration, via namelist/READ of a different name, or by intrinsic/MPI with unresolved intent)",TYPE:CFACE_TYPE(CFACE_TYPE),,0,0,2,
VEGE,M,vege.f90,18,pointer,INITIALIZE_LEVEL_SET_FIRESPREAD_2(vege.f90:228),INITIALIZE_LEVEL_SET_FIRESPREAD_1(vege.f90:67); INITIALIZE_LEVEL_SET_FIRESPREAD_2(vege.f90:190),yes,"written only outside the time loop (setup/IO); read-only while stepping -> needs a device/const mirror, not a blocker for PURE",TYPE:MESH_TYPE(MESH_TYPE),,1,0,2,
VEGE,PHI_LS_P,vege.f90,16,pointer,FILL_BOUNDARY_VALUES(vege.f90:704),LEVEL_SET_ADVECT_FLUX(vege.f90:887); LEVEL_SET_SPREAD_RATE(vege.f90:773),yes,written at run time by mesh kernels: FILL_BOUNDARY_VALUES,REAL(EB),":,:",1,1,4,
VEGE,SF,vege.f90,22,pointer,INITIALIZE_LEVEL_SET_FIRESPREAD_1(vege.f90:56); INITIALIZE_LEVEL_SET_FIRESPREAD_2(vege.f90:273); ROS_NO_WIND_NO_SLOPE(vege.f90:1048),INITIALIZE_LEVEL_SET_FIRESPREAD_1(vege.f90:54); INITIALIZE_LEVEL_SET_FIRESPREAD_2(vege.f90:269); LEVEL_SET_FIRESPREAD(vege.f90:338); IGNITE_GRID_CELL(vege.f90:577),yes,"written only outside the time loop (setup/IO); read-only while stepping -> needs a device/const mirror, not a blocker for PURE",TYPE:SURFACE_TYPE(SURFACE_TYPE),,3,0,4,
VEGE,WC,vege.f90,19,pointer,,INITIALIZE_LEVEL_SET_FIRESPREAD_1(vege.f90:128); LEVEL_SET_FIRESPREAD(vege.f90:518),yes,"no write found (initialised in declaration, via namelist/READ of a different name, or by intrinsic/MPI with unresolved intent)",TYPE:WALL_TYPE(WALL_TYPE),,0,0,2,
WALL_ROUTINES,PBAR_P,wall.f90,12,pointer,,ASSIGN_GHOST_VALUE(wall.f90:347); CALCULATE_RHO_F(wall.f90:1607); CALCULATE_ZZ_F(wall.f90:1399); SURFACE_HEAT_TRANSFER(wall.f90:717),yes,"no write found (initialised in declaration, via namelist/READ of a different name, or by intrinsic/MPI with unresolved intent)",REAL(EB),":,:",0,0,5,
WALL_ROUTINES,RHOP,wall.f90,13,pointer,ASSIGN_GHOST_VALUE(wall.f90:343); CALCULATE_RHO_F(wall.f90:1627); SURFACE_HEAT_TRANSFER(wall.f90:717),ASSIGN_GHOST_VALUE(wall.f90:347); NEAR_SURFACE_GAS_VARIABLES(wall.f90:444); SURFACE_HEAT_TRANSFER(wall.f90:718),yes,"written at run time by mesh kernels: ASSIGN_GHOST_VALUE, CALCULATE_RHO_F, SURFACE_HEAT_TRANSFER",REAL(EB),":,:,:",3,3,5,
WALL_ROUTINES,UU,wall.f90,13,pointer,,CALCULATE_ZZ_F(wall.f90:1173); NEAR_SURFACE_GAS_VARIABLES(wall.f90:429); SURFACE_HEAT_TRANSFER(wall.f90:673),yes,"no write found (initialised in declaration, via namelist/READ of a different name, or by intrinsic/MPI with unresolved intent)",REAL(EB),":,:,:",0,0,4,
WALL_ROUTINES,VV,wall.f90,13,pointer,,CALCULATE_ZZ_F(wall.f90:1175); NEAR_SURFACE_GAS_VARIABLES(wall.f90:425); SURFACE_HEAT_TRANSFER(wall.f90:675),yes,"no write found (initialised in declaration, via namelist/READ of a different name, or by intrinsic/MPI with unresolved intent)",REAL(EB),":,:,:",0,0,4,
WALL_ROUTINES,WW,wall.f90,13,pointer,,CALCULATE_ZZ_F(wall.f90:1177); NEAR_SURFACE_GAS_VARIABLES(wall.f90:426); SURFACE_HEAT_TRANSFER(wall.f90:677),yes,"no write found (initialised in declaration, via namelist/READ of a different name, or by intrinsic/MPI with unresolved intent)",REAL(EB),":,:,:",0,0,4,
WALL_ROUTINES,ZZP,wall.f90,14,pointer,ASSIGN_GHOST_VALUE(wall.f90:344); CALCULATE_ZZ_F(wall.f90:1455); SURFACE_HEAT_TRANSFER(wall.f90:713),ASSIGN_GHOST_VALUE(wall.f90:345); NEAR_SURFACE_GAS_VARIABLES(wall.f90:445); SURFACE_HEAT_TRANSFER(wall.f90:715),yes,"written at run time by mesh kernels: ASSIGN_GHOST_VALUE, CALCULATE_ZZ_F, SURFACE_HEAT_TRANSFER",REAL(EB),":,:,:,:",3,3,5,
CC_SCALARS,AMP_Z,ccib.f90,102,constant,,ROTATED_CUBE_ANN_SOLN(ccib.f90:6359),no,,REAL(EB),,0,0,1,
CC_SCALARS,A_THRESH_FORCING,ccib.f90,48,constant,,CC_NO_FLUX(ccib.f90:15471),no,,REAL(EB),,0,0,1,
CC_SCALARS,CC_LINEAR_INTERPOLATION,ccib.f90,86,constant,,GET_INTSTENCILS_EP(ccib.f90:18667),no,,INTEGER,,0,0,1,
CC_SCALARS,DEBUG_CC_INTERPOLATION,ccib.f90,41,constant,,GET_CRTCFCC_INT_STENCILS(ccib.f90:16928),no,,LOGICAL,,0,0,1,
CC_SCALARS,DEBUG_CC_SCALAR_TRANSPORT,ccib.f90,43,constant,,CC_CHECK_DIVERGENCE(ccib.f90:16443); GET_RHOZZ_CC_3D(ccib.f90:13208),no,,LOGICAL,,0,0,2,
CC_SCALARS,DEBUG_MATVEC_DATA,ccib.f90,42,constant,,CC_SET_DATA(ccib.f90:7354); GET_GASPHASE_CUTFACES_DATA(ccib.f90:21528); GET_GASPHASE_REGRCFACES_DATA(ccib.f90:22808),no,,LOGICAL,,0,0,3,
CC_SCALARS,DISPL,ccib.f90,105,constant,,CC_ROTATED_CUBE_RHS_ZZ(ccib.f90:6532); ROTATED_CUBE_ANN_SOLN(ccib.f90:6254); ROTATED_CUBE_RHS_ZZ(ccib.f90:6453); ROTATED_CUBE_VELOCITY_FLUX(ccib.f90:6137),no,,REAL(EB),,0,0,4,
CC_SCALARS,DISPXY,ccib.f90,104,constant,,CC_ROTATED_CUBE_RHS_ZZ(ccib.f90:6534); ROTATED_CUBE_ANN_SOLN(ccib.f90:6256); ROTATED_CUBE_RHS_ZZ(ccib.f90:6455); ROTATED_CUBE_VELOCITY_FLUX(ccib.f90:6139),no,,REAL(EB),"1:2,1",0,0,4,
CC_SCALARS,GAM,ccib.f90,102,constant,,ROTATED_CUBE_ANN_SOLN(ccib.f90:6359),no,,REAL(EB),,0,0,1,
CC_SCALARS,MEAN_Z,ccib.f90,102,constant,,ROTATED_CUBE_ANN_SOLN(ccib.f90:6361),no,,REAL(EB),,0,0,1,
CC_SCALARS,NWAVE,ccib.f90,103,constant,,ROTATED_CUBE_ANN_SOLN(ccib.f90:6259); ROTATED_CUBE_VELOCITY_FLUX(ccib.f90:6143),no,,REAL(EB),,0,0,2,
CC_SCALARS,N_INT_EP_CVARS,ccib.f90,94,constant,,GET_CRTCFCC_INT_STENCILS(ccib.f90:17744),no,,INTEGER,,0,0,1,
CC_SCALARS,N_INT_EP_FVARS,ccib.f90,93,constant,,GET_CRTCFCC_INT_STENCILS(ccib.f90:17745),no,,INTEGER,,0,0,1,
CC_SCALARS,N_SPEC_BACKG,ccib.f90,100,constant,,CC_ROTATED_CUBE_RHS_ZZ(ccib.f90:6518); ROTATED_CUBE_ANN_SOLN(ccib.f90:6362); ROTATED_CUBE_RHS_ZZ(ccib.f90:6462),no,,INTEGER,,0,0,3,
CC_SCALARS,N_SPEC_NEUMN,ccib.f90,101,constant,,CC_ROTATED_CUBE_RHS_ZZ(ccib.f90:6520); ROTATED_CUBE_ANN_SOLN(ccib.f90:6359); ROTATED_CUBE_RHS_ZZ(ccib.f90:6439),no,,INTEGER,,0,0,3,
CC_SCALARS,STM_THRESH_EXTRP,ccib.f90,49,constant,,CC_EDGE_TAU_OMG(ccib.f90:14795),no,,REAL(EB),,0,0,1,
CC_SCALARS,TIME_CC_IBM,ccib.f90,44,constant,,CCCOMPUTE_RADIATION(ccib.f90:7159); CC_COMPUTE_VELOCITY_ERROR(ccib.f90:16180); CC_COMPUTE_VISCOSITY(ccib.f90:5934); CC_DENSITY(ccib.f90:11898); CC_DIVERGENCE_PART_1(ccib.f90:8835),no,,LOGICAL,,0,0,10,
CC_SCALARS,V_THRESH_INSPRES,ccib.f90,50,constant,,UNSTRUCTURED_POISSON_RESIDUAL(ccib.f90:1360),no,,REAL(EB),,0,0,1,
COMPLEX_GEOMETRY,CCCOMPUTE_RADIATION_TIME_INDEX,geom.f90,150,constant,,CCCOMPUTE_RADIATION(ccib.f90:7159),no,,INTEGER,,0,0,1,
COMPLEX_GEOMETRY,CC_CGSC,geom.f90,77,constant,,CC_CHECK_DIVERGENCE(ccib.f90:16318); CC_CHECK_MASS_DENSITY(ccib.f90:12569); CC_COMPUTE_VELOCITY_ERROR(ccib.f90:15679); CC_COMPUTE_VISCOSITY(ccib.f90:5905); CC_DENSITY(ccib.f90:11825),no,,INTEGER,,0,0,72,
COMPLEX_GEOMETRY,CC_COMPUTE_VELOCITY_ERROR_TIME_INDEX,geom.f90,159,constant,,CC_COMPUTE_VELOCITY_ERROR(ccib.f90:16181),no,,INTEGER,,0,0,1,
COMPLEX_GEOMETRY,CC_COMPUTE_VISCOSITY_TIME_INDEX,geom.f90,153,constant,,CC_COMPUTE_VISCOSITY(ccib.f90:5935),no,,INTEGER,,0,0,1,
COMPLEX_GEOMETRY,CC_CUTCFE,geom.f90,40,constant,,CC_SET_DATA(ccib.f90:7366); CC_EDGE_TAU_OMG(ccib.f90:14368); FILL_UNKZ_GUARDCELLS(ccib.f90:19866); GET_CLOSEPT_CCVT(ccib.f90:19403); GET_CRTCFCC_INT_STENCILS(ccib.f90:17111),no,,INTEGER,,0,0,44,
COMPLEX_GEOMETRY,CC_DENSITY_TIME_INDEX,geom.f90,151,constant,,CC_DENSITY(ccib.f90:11898),no,,INTEGER,,0,0,1,
COMPLEX_GEOMETRY,CC_DIVERGENCE_PART_1_TIME_INDEX,geom.f90,155,constant,,CC_DIVERGENCE_PART_1(ccib.f90:8836),no,,INTEGER,,0,0,1,
COMPLEX_GEOMETRY,CC_ECRS,geom.f90,62,constant,,GET_CARTEDGE_CUTEDGES(geom.f90:18145),no,,INTEGER,,0,0,1,
COMPLEX_GEOMETRY,CC_EGSC,geom.f90,60,constant,,CC_EDGE_TAU_OMG(ccib.f90:14423); GET_RCEDGE_FACE_LIST(ccib.f90:19611); ADD_CUTEDGE_TO_EDGE(geom.f90:9149); BLOCK_CUT_CELL(geom.f90:11934); BLOCK_SMALL_UNLINKED_CUTCELLS(geom.f90:11013),no,,INTEGER,,0,0,15,
COMPLEX_GEOMETRY,CC_ETYPE_CFGAS,geom.f90,96,constant,,LINK_FACES_TO_NEIGHBORS(ccib.f90:23492); BLOCK_CUT_CELL(geom.f90:11512); CUT_CELL_FACE_ARRAYS_CLEANUP(geom.f90:10782); DROP_CUT_EDGE(geom.f90:9673); GET_CARTFACE_CUTFACES(geom.f90:20196),no,,INTEGER,,0,0,8,
COMPLEX_GEOMETRY,CC_ETYPE_CFINB,geom.f90,97,constant,,ADD_CUTEDGE_TO_FACE(geom.f90:9131); ADD_REGEDGE_TO_FACE(geom.f90:9363); BLOCK_CUT_CELL(geom.f90:11270); DROP_CUT_EDGE(geom.f90:9676); GET_CARTCELL_CUTFACES(geom.f90:23580),no,,INTEGER,,0,0,8,
COMPLEX_GEOMETRY,CC_ETYPE_EP,geom.f90,109,constant,,GET_CRTCFCC_INT_STENCILS(ccib.f90:17908); RESTRICT_EP(ccib.f90:18451),no,,INTEGER,,0,0,2,
COMPLEX_GEOMETRY,CC_ETYPE_RCGAS,geom.f90,108,constant,,GET_CRTCFCC_INT_STENCILS(ccib.f90:17840); COMPUTE_DCOEF(ccib.f90:18135); RESTRICT_EP(ccib.f90:18399),no,,INTEGER,,0,0,3,
COMPLEX_GEOMETRY,CC_ETYPE_RGGAS,geom.f90,95,constant,,LINK_FACES_TO_NEIGHBORS(ccib.f90:23425); GET_RCEDGE_CUTFACE(ccib.f90:19765); ADD_REGEDGE_TO_FACE(geom.f90:9360); BLOCK_CUT_CELL(geom.f90:11473); CUT_CELL_FACE_ARRAYS_CLEANUP(geom.f90:10775),no,,INTEGER,,0,0,9,
COMPLEX_GEOMETRY,CC_ETYPE_SCINB,geom.f90,107,constant,,COMPUTE_DCOEF(ccib.f90:18152); RESTRICT_EP(ccib.f90:18425),no,,INTEGER,,0,0,2,
COMPLEX_GEOMETRY,CC_FGSC,geom.f90,66,constant,,CC_COMPUTE_VELOCITY_ERROR(ccib.f90:15795); CC_H_INTERP(ccib.f90:7105); CC_MATCH_VELOCITY(ccib.f90:5439); CC_MATCH_VELOCITY_FLUX(ccib.f90:5201); CC_NO_FLUX(ccib.f90:15554),no,,INTEGER,,0,0,59,
COMPLEX_GEOMETRY,CC_FTYPE_CCGAS,geom.f90,106,constant,,GET_CRTCFCC_INT_STENCILS(ccib.f90:17955); RESTRICT_EP(ccib.f90:18469),no,,INTEGER,,0,0,2,
COMPLEX_GEOMETRY,CC_FTYPE_CFGAS,geom.f90,101,constant,,CC_CHECK_MASS_DENSITY(ccib.f90:12610); CC_CUTCELL_VELOCITY(ccib.f90:3769); CC_DIFFUSIVE_MASS_FLUXES(ccib.f90:11276); GET_BBCUTFACE_RHO_D_DZDN(ccib.f90:11696); GET_BBRCFACE_RHO_D_DZDN(ccib.f90:11638),no,,INTEGER,,0,0,51,
COMPLEX_GEOMETRY,CC_FTYPE_CFINB,geom.f90,102,constant,,CC_CHECK_MASS_DENSITY(ccib.f90:12603); CC_CUTCELL_VELOCITY(ccib.f90:3778); GET_LINKED_CELLS_BBOX(ccib.f90:7577); SET_CFACES_P1_RDN(ccib.f90:7469); CHECK_CFLVN_LINKED_CELLS(ccib.f90:973),no,,INTEGER,,0,0,31,
COMPLEX_GEOMETRY,CC_FTYPE_RCGAS,geom.f90,105,constant,,CC_CHECK_MASS_DENSITY(ccib.f90:12615); CC_CUTCELL_VELOCITY(ccib.f90:3758); GET_LINKED_CELLS_BBOX(ccib.f90:7590); CHECK_CFLVN_LINKED_CELLS(ccib.f90:929); RESTRICT_EP(ccib.f90:18468),no,,INTEGER,,0,0,35,
COMPLEX_GEOMETRY,CC_FTYPE_RGGAS,geom.f90,100,constant,,CC_CHECK_MASS_DENSITY(ccib.f90:12624); CC_DIFFUSIVE_MASS_FLUXES(ccib.f90:11274); GET_BBRCFACE_RHO_D_DZDN(ccib.f90:11635); CCENTHALPY_ADVECTION(ccib.f90:9619); CCSPECIES_ADVECTION(ccib.f90:9106),no,,INTEGER,,0,0,12,
COMPLEX_GEOMETRY,CC_FTYPE_SVERT,geom.f90,103,constant,,GET_CRTCFCC_INT_STENCILS(ccib.f90:16921); GET_CELL_LINK_INFO(geom.f90:6137),no,,INTEGER,,0,0,2,
COMPLEX_GEOMETRY,CC_GASPHASE,geom.f90,39,constant,,CC_BAROCLINIC_CORRECTION(ccib.f90:1683); CC_CHECK_DIVERGENCE(ccib.f90:16318); CC_CHECK_MASS_DENSITY(ccib.f90:12569); CC_COMPUTE_VELOCITY_ERROR(ccib.f90:15679); CC_CUTFACE_VELOCITY(ccib.f90:2014),no,,INTEGER,,0,0,82,
COMPLEX_GEOMETRY,CC_GCELL_CUT,geom.f90,45,constant,,CC_GRID_BUILD_GCELLS(geom.f90:15103),no,,INTEGER,,0,0,1,
COMPLEX_GEOMETRY,CC_GG,geom.f90,49,constant,,GET_CARTFACE_CUTEDGES(geom.f90:18871); GET_X2_VERTVAR(geom.f90:17921),no,,INTEGER,,0,0,2,
COMPLEX_GEOMETRY,CC_GS,geom.f90,51,constant,,ADD_CUTEDGE_TO_FACE(geom.f90:9069); ADD_REGEDGE_TO_FACE(geom.f90:9312); GET_CARTCELL_CUTEDGES(geom.f90:22818); GET_CARTCELL_CUTFACES(geom.f90:23428); GET_CARTEDGE_CUTEDGES(geom.f90:18239),no,,INTEGER,,0,0,6,
COMPLEX_GEOMETRY,CC_IDCC,geom.f90,82,constant,,ADD_CUTCELL_D_PBAR_DT(ccib.f90:691); ADD_CUTCELL_PSUM(ccib.f90:736); CC_COMPUTE_VELOCITY_ERROR(ccib.f90:15741); CC_SET_DATA(ccib.f90:7357); COPY_CC_MUNKH_TO_UNKH(ccib.f90:22885),no,,INTEGER,,0,0,62,
COMPLEX_GEOMETRY,CC_IDCE,geom.f90,61,constant,,CC_EDGE_TAU_OMG(ccib.f90:14421); GET_CLOSEPT_CCVT(ccib.f90:19409); GET_CRTCFCC_INT_STENCILS(ccib.f90:17298); LINK_FACES_TO_NEIGHBORS(ccib.f90:23430); GET_RCEDGE_FACE_LIST(ccib.f90:19610),no,,INTEGER,,0,0,21,
COMPLEX_GEOMETRY,CC_IDCF,geom.f90,69,constant,,CC_COMPUTE_VELOCITY_ERROR(ccib.f90:15797); CC_COMPUTE_VISCOSITY(ccib.f90:5906); CC_MATCH_VELOCITY(ccib.f90:5433); CC_MATCH_VELOCITY_FLUX(ccib.f90:5195); CC_PROJECT_VELOCITY(ccib.f90:2733),no,,INTEGER,,0,0,60,
COMPLEX_GEOMETRY,CC_IDRC,geom.f90,71,constant,,CC_CHECK_MASS_DENSITY(ccib.f90:12622); CC_PROJECT_VELOCITY(ccib.f90:2842); CHECK_CFLVN_LINKED_CELLS(ccib.f90:873); DEFINE_SHARED_FACES(ccib.f90:19795); GET_CRTCFCC_INT_STENCILS(ccib.f90:16839),no,,INTEGER,,0,0,20,
COMPLEX_GEOMETRY,CC_INBOUNDARY,geom.f90,42,constant,,CC_PROJECT_VELOCITY(ccib.f90:2726); CC_SET_DATA(ccib.f90:7280); SET_CFACES_P1_RDN(ccib.f90:7504); CUTFACE_VELOCITIES(ccib.f90:777); GET_BOUND_VEL(ccib.f90:16210),no,,INTEGER,,0,0,17,
COMPLEX_GEOMETRY,CC_INBOUNDCC,geom.f90,37,constant,,CC_GRID_WRITE_VERBOSE_SUMMARY(geom.f90:14871); GET_CARTCELL_CUTEDGES(geom.f90:22819); GET_CARTCELL_CUTFACES(geom.f90:24508),no,,INTEGER,,0,0,3,
COMPLEX_GEOMETRY,CC_INBOUNDCF,geom.f90,38,constant,,ADD_CUTEDGE_TO_FACE(geom.f90:9070); ADD_REGEDGE_TO_FACE(geom.f90:9313); CC_GRID_WRITE_VERBOSE_SUMMARY(geom.f90:14881); GET_CARTCELL_CUTFACES(geom.f90:23429); GET_CARTFACE_CUTEDGES(geom.f90:18969),no,,INTEGER,,0,0,5,
COMPLEX_GEOMETRY,CC_NCVARS,geom.f90,86,constant,,CC_GRID_INIT_MESH_STORAGE(geom.f90:15817); GLMAT_SOLVER_SETUP(pres.f90:3838),no,,INTEGER,,0,0,2,
COMPLEX_GEOMETRY,CC_NEVARS,geom.f90,63,constant,,CC_GRID_INIT_MESH_STORAGE(geom.f90:15805),no,,INTEGER,,0,0,1,
COMPLEX_GEOMETRY,CC_NFVARS,geom.f90,74,constant,,CC_GRID_INIT_MESH_STORAGE(geom.f90:15811),no,,INTEGER,,0,0,1,
COMPLEX_GEOMETRY,CC_NO_FLUX_TIME_INDEX,geom.f90,158,constant,,CC_NO_FLUX(ccib.f90:15572),no,,INTEGER,,0,0,1,
COMPLEX_GEOMETRY,CC_NVVARS,geom.f90,57,constant,,CC_GRID_INIT_MESH_STORAGE(geom.f90:15799),no,,INTEGER,,0,0,1,
COMPLEX_GEOMETRY,CC_SET_DATA_TIME_INDEX,geom.f90,148,constant,,CC_SET_DATA(ccib.f90:7415),no,,INTEGER,,0,0,1,
COMPLEX_GEOMETRY,CC_SG,geom.f90,52,constant,,GET_CARTEDGE_CUTEDGES(geom.f90:18240); GET_X2_VERTVAR(geom.f90:17946),no,,INTEGER,,0,0,2,
COMPLEX_GEOMETRY,CC_SOLID,geom.f90,41,constant,,CC_CHECK_DIVERGENCE(ccib.f90:16418); CC_COMPUTE_VELOCITY_ERROR(ccib.f90:15795); CC_COMPUTE_VISCOSITY(ccib.f90:5905); CC_DENSITY(ccib.f90:11825); CCENTHALPY_ADVECTION(ccib.f90:9634),no,,INTEGER,,0,0,79,
COMPLEX_GEOMETRY,CC_SS,geom.f90,50,constant,,GET_CARTEDGE_CUTEDGES(geom.f90:18089); GET_X2_VERTVAR(geom.f90:17921),no,,INTEGER,,0,0,2,
COMPLEX_GEOMETRY,CC_UNDEFINED,geom.f90,43,constant,,CC_EXCHANGE_UNPACKING_ARRAYS(ccib.f90:3835); FILL_UNKZ_GUARDCELLS(ccib.f90:19853); GET_CC_IROW(ccib.f90:20468); GET_CC_UNKH(ccib.f90:20448); GET_CRTCFCC_INT_STENCILS(ccib.f90:17021),no,,INTEGER,,0,0,44,
COMPLEX_GEOMETRY,CC_UNKF,geom.f90,73,constant,,CC_RESTORE_UVW_UNLINKED(ccib.f90:3563); COMPUTE_LINKED_CUTFACE_BAROCLINIC(ccib.f90:1877); GET_LINKED_FACE_INDEXES_F(ccib.f90:23255); LINK_FACES_TO_NEIGHBORS(ccib.f90:23453); SET_UNKF_CF(ccib.f90:24016),no,,INTEGER,,0,0,10,
COMPLEX_GEOMETRY,CC_UNKH,geom.f90,85,constant,,COPY_CC_MUNKH_TO_UNKH(ccib.f90:22889); GET_CC_MATRIXGRAPH_H(ccib.f90:21022); GET_H_CUTFACES(ccib.f90:21404); GET_H_MATRIX_CC(ccib.f90:20791); GET_RCFACES_H(ccib.f90:21640),no,,INTEGER,,0,0,6,
COMPLEX_GEOMETRY,CC_UNKZ,geom.f90,84,constant,,ADD_LINKEDCELL_D_PBAR_DT(ccib.f90:673); ADD_LINKEDCELL_PSUM(ccib.f90:718); CC_CHECK_MASS_DENSITY(ccib.f90:12570); CC_CV_RHOZZ_AVERAGE(ccib.f90:13101); CC_DENSITY(ccib.f90:11776),no,,INTEGER,,0,0,32,
COMPLEX_GEOMETRY,CC_VELOCITY_FLUX_TIME_INDEX,geom.f90,152,constant,,CC_VELOCITY_FLUX(ccib.f90:15219),no,,INTEGER,,0,0,1,
COMPLEX_GEOMETRY,CC_VGSC,geom.f90,56,constant,,GET_CLOSEPT_CCVT(ccib.f90:19431); DUMP_SMOKE3D(dump.f90:5099); GET_SMOKE3D_QQ(dump.f90:5157); ADD_CUTEDGE_TO_FACE(geom.f90:9103); CC_GRID_GET_REGULAR_CUTCELLS_BOX(geom.f90:26941),no,,INTEGER,,0,0,10,
COMPLEX_GEOMETRY,CC_VTYPE_NINB,geom.f90,92,constant,,BLOCK_SMALL_UNLINKED_CUTCELLS(geom.f90:11030); GET_CARTEDGE_CUTEDGES(geom.f90:18279); GET_CARTFACE_CUTEDGES(geom.f90:19317),no,,INTEGER,,0,0,3,
COMPLEX_GEOMETRY,CC_VTYPE_VGAS,geom.f90,89,constant,,ADD_CUTEDGE_TO_EDGE(geom.f90:9191); ADD_CUTEDGE_TO_FACE(geom.f90:9101); BLOCK_CUT_CELL(geom.f90:11541); GET_CARTEDGE_CUTEDGES(geom.f90:18286),no,,INTEGER,,0,0,4,
COMPLEX_GEOMETRY,CC_VTYPE_VINB,geom.f90,91,constant,,ADD_CUTEDGE_TO_EDGE(geom.f90:9172); ADD_CUTEDGE_TO_FACE(geom.f90:9102); ADD_REGEDGE_TO_FACE(geom.f90:9333); GET_CARTEDGE_CUTEDGES(geom.f90:18287); GET_CARTFACE_CUTEDGES(geom.f90:19323),no,,INTEGER,,0,0,5,
COMPLEX_GEOMETRY,EDGS_WSEL,geom.f90,112,constant,,GET_GEOM_TRIBIN(geom.f90:15613),no,,INTEGER,,0,0,1,
COMPLEX_GEOMETRY,GET_CARTCELL_CUTCELLS_TIME_INDEX,geom.f90,147,constant,,CC_SET_DATA(ccib.f90:7300); GET_CARTCELL_CUTCELLS(geom.f90:25826),no,,INTEGER,,0,0,2,
COMPLEX_GEOMETRY,GET_CARTCELL_CUTEDGES_TIME_INDEX,geom.f90,144,constant,,GET_CARTCELL_CUTEDGES(geom.f90:22941),no,,INTEGER,,0,0,1,
COMPLEX_GEOMETRY,GET_CARTCELL_CUTFACES_TIME_INDEX,geom.f90,146,constant,,GET_CARTCELL_CUTFACES(geom.f90:24585),no,,INTEGER,,0,0,1,
COMPLEX_GEOMETRY,GET_CARTEDGE_CUTEDGES_TIME_INDEX,geom.f90,141,constant,,GET_CARTEDGE_CUTEDGES(geom.f90:18355),no,,INTEGER,,0,0,1,
COMPLEX_GEOMETRY,GET_CARTFACE_CUTEDGES_TIME_INDEX,geom.f90,143,constant,,GET_CARTFACE_CUTEDGES(geom.f90:19373),no,,INTEGER,,0,0,1,
COMPLEX_GEOMETRY,GET_CARTFACE_CUTFACES_TIME_INDEX,geom.f90,145,constant,,GET_CARTFACE_CUTFACES(geom.f90:19940),no,,INTEGER,,0,0,1,
COMPLEX_GEOMETRY,GET_X2_VERTVAR_TIME_INDEX,geom.f90,140,constant,,GET_X2_VERTVAR(geom.f90:17989),no,,INTEGER,,0,0,1,
COMPLEX_GEOMETRY,INIT_CUTCELL_DATA_TIME_INDEX,geom.f90,149,constant,,INIT_CUTCELL_DATA(ccib.f90:7995),no,,INTEGER,,0,0,1,
COMPLEX_GEOMETRY,MESH_CC_EXCHANGE_TIME_INDEX,geom.f90,160,constant,,MESH_CC_EXCHANGE(ccib.f90:5000),no,,INTEGER,,0,0,1,
COMPLEX_GEOMETRY,NODS_VLEL,geom.f90,113,constant,,CC_GRID_GLOBAL_INIT(geom.f90:15225),no,,INTEGER,,0,0,1,
COMPLEX_GEOMETRY,NODS_WSEL,geom.f90,111,constant,,CC_GRID_GLOBAL_INIT(geom.f90:15216); INIT_CFACE_CELL(geom.f90:6618),no,,INTEGER,,0,0,2,
COMPLEX_GEOMETRY,N_SET_CUTCELLS_3D_CALLS,geom.f90,135,constant,,CC_SET_DATA(ccib.f90:7255),no,,INTEGER,,0,0,1,
COMPLEX_GEOMETRY,SET_CUTCELLS_TIME_INDEX,geom.f90,137,constant,,CC_SET_DATA(ccib.f90:7300),no,,INTEGER,,0,0,1,
COMPLEX_GEOMETRY_GRID,ADIFF_INFO_FACTOR,geom.f90,5359,constant,,SET_GC_CUTCELLS_3D(geom.f90:12450),no,,REAL(EB),,0,0,1,
COMPLEX_GEOMETRY_GRID,BLOCKED_CAVITY_CELL,geom.f90,5488,constant,,CC_GRID_TAG_CAVITY_CUTCELLS(geom.f90:12680),no,,INTEGER,,0,0,1,
COMPLEX_GEOMETRY_GRID,BLOCKED_REFI_INTER,geom.f90,5487,constant,,CC_GRID_TAG_BLOCK_FINE_CELL_CASE(geom.f90:13471); CC_GRID_TAG_NONRAY_MULTI_COVER_WALL(geom.f90:13338); CC_GRID_TAG_NONRAY_SINGLE_COVER_WALL(geom.f90:13274); EXCHANGE_CC_NOADVANCE_INFO(geom.f90:5620); PROMOTE_REFINEMENT_FOOTPRINTS_FROM_BLOCKED_FINE(geom.f90:9000),no,,INTEGER,,0,0,6,
COMPLEX_GEOMETRY_GRID,BLOCKED_SMALL_CELL,geom.f90,5485,constant,,CC_GRID_RESET_LINK_STATE_AND_TAG_SLIVERS(geom.f90:5863); GET_CARTCELL_CUTCELLS(geom.f90:25729),no,,INTEGER,,0,0,2,
COMPLEX_GEOMETRY_GRID,BLOCKED_SPECIAL_CELL,geom.f90,5490,constant,,CC_GRID_APPLY_SPECIAL_CELL_BLOCKING(geom.f90:14174),no,,INTEGER,,0,0,1,
COMPLEX_GEOMETRY_GRID,BLOCKED_SPLIT_CELL,geom.f90,5486,constant,,INIT_CFACE_CELL(geom.f90:6539),no,,INTEGER,,0,0,1,
COMPLEX_GEOMETRY_GRID,BLOCKED_UNLINK_CELL,geom.f90,5489,constant,,GET_CELL_LINK_INFO(geom.f90:6404),no,,INTEGER,,0,0,1,
COMPLEX_GEOMETRY_GRID,DEBUG_SET_CUTCELLS,geom.f90,5355,constant,,BLOCK_SMALL_UNLINKED_CUTCELLS(geom.f90:10849); CC_GRID_GLOBAL_INIT(geom.f90:15166); CC_GRID_POSTPROCESS_AND_CLEANUP(geom.f90:14469); GET_CARTCELL_CUTFACES(geom.f90:23848); GET_CC_FACE_CELL_LIST_INFO(geom.f90:13991),no,,LOGICAL,,0,0,7,
COMPLEX_GEOMETRY_GRID,DELTA_CELL,geom.f90,5444,constant,,GET_CARTCELL_CUTCELLS(geom.f90:25089); GET_CARTCELL_CUTFACES(geom.f90:23120),no,,INTEGER,,0,0,2,
COMPLEX_GEOMETRY_GRID,DELTA_EDGE,geom.f90,5445,constant,,GET_CARTCELL_CUTCELLS(geom.f90:25069); GET_CARTCELL_CUTFACES(geom.f90:23115); GET_CARTFACE_CUTFACES(geom.f90:19928),no,,INTEGER,,0,0,3,
COMPLEX_GEOMETRY_GRID,DELTA_FACE,geom.f90,5446,constant,,GET_CARTCELL_CUTCELLS(geom.f90:25070); GET_CARTFACE_CUTFACES(geom.f90:19931),no,,INTEGER,,0,0,2,
COMPLEX_GEOMETRY_GRID,DELTA_TBIN,geom.f90,5374,constant,,GET_GEOM_TRIBIN(geom.f90:15629),no,,INTEGER,,0,0,1,
COMPLEX_GEOMETRY_GRID,DELTA_VERT,geom.f90,5447,constant,,GET_INTSTENCILS_EP(ccib.f90:18655); GET_CARTCELL_CUTCELLS(geom.f90:25080); GET_CARTCELL_CUTFACES(geom.f90:23961); GET_CARTFACE_CUTFACES(geom.f90:19929); GET_TRIANG_FACE_INT(geom.f90:25941),no,,INTEGER,,0,0,5,
COMPLEX_GEOMETRY_GRID,DIST_THRES,geom.f90,5460,constant,,GET_CRTCFCC_INT_STENCILS(ccib.f90:16852),no,,REAL(EB),,0,0,1,
COMPLEX_GEOMETRY_GRID,DO_NOADVANCE,geom.f90,5364,constant,,GET_CARTCELL_CUTCELLS(geom.f90:25728),no,,LOGICAL,,0,0,1,
COMPLEX_GEOMETRY_GRID,GAMMA_MULT,geom.f90,5373,constant,,GET_GEOM_TRIBIN(geom.f90:15624),no,,REAL(EB),,0,0,1,
COMPLEX_GEOMETRY_GRID,GLOBAL_DELTA_CELL,geom.f90,5451,constant,,CC_GRID_INIT_MESH_STORAGE(geom.f90:15858); CUT_CELL_ARRAY_REALLOC(geom.f90:8375); GET_CARTCELL_CUTCELLS(geom.f90:25563); GET_CARTCELL_CUTFACES(geom.f90:24323),no,,INTEGER,,0,0,4,
COMPLEX_GEOMETRY_GRID,GLOBAL_DELTA_EDGE,geom.f90,5452,constant,,CC_GRID_INIT_MESH_STORAGE(geom.f90:15840); CUT_EDGE_ARRAY_REALLOC(geom.f90:18397); EDGE_CROSS_ARRAY_REALLOCATE(geom.f90:18372),no,,INTEGER,,0,0,3,
COMPLEX_GEOMETRY_GRID,GLOBAL_DELTA_FACE,geom.f90,5453,constant,,CC_GRID_INIT_MESH_STORAGE(geom.f90:15852); CUT_FACE_ARRAY_REALLOC(geom.f90:22265),no,,INTEGER,,0,0,2,
COMPLEX_GEOMETRY_GRID,INDEX_UNDEFINED,geom.f90,5462,constant,,GET_INTSTENCILS_EP(ccib.f90:18644),no,,INTEGER,,0,0,1,
COMPLEX_GEOMETRY_GRID,INT_H_IND,geom.f90,5470,constant,,GET_PRES_CFACE_TEST(ccib.f90:6825); MESH_CC_EXCHANGE(ccib.f90:4235),no,,INTEGER,,0,0,2,
COMPLEX_GEOMETRY_GRID,INT_MUDNS_IND,geom.f90,5470,constant,,MESH_CC_EXCHANGE(ccib.f90:4240),no,,INTEGER,,0,0,1,
COMPLEX_GEOMETRY_GRID,INT_MU_IND,geom.f90,5470,constant,,CC_EDGE_TAU_OMG(ccib.f90:14444); MESH_CC_EXCHANGE(ccib.f90:4239),no,,INTEGER,,0,0,2,
COMPLEX_GEOMETRY_GRID,INT_P_IND,geom.f90,5470,constant,,GET_CRTCFCC_INT_STENCILS(ccib.f90:16711); MESH_CC_EXCHANGE(ccib.f90:4241),no,,INTEGER,,0,0,2,
COMPLEX_GEOMETRY_GRID,INT_RHO0_IND,geom.f90,5471,constant,,CC_RHO0W_INTERP(ccib.f90:7009); MESH_CC_EXCHANGE(ccib.f90:4971),no,,INTEGER,,0,0,2,
COMPLEX_GEOMETRY_GRID,INT_RHO_IND,geom.f90,5470,constant,,GET_PRES_CFACE_TEST(ccib.f90:6825); MESH_CC_EXCHANGE(ccib.f90:4236),no,,INTEGER,,0,0,2,
COMPLEX_GEOMETRY_GRID,INT_RSUM_IND,geom.f90,5470,constant,,MESH_CC_EXCHANGE(ccib.f90:4238),no,,INTEGER,,0,0,1,
COMPLEX_GEOMETRY_GRID,INT_TMP_IND,geom.f90,5470,constant,,MESH_CC_EXCHANGE(ccib.f90:4237),no,,INTEGER,,0,0,1,
COMPLEX_GEOMETRY_GRID,INT_VELS_IND,geom.f90,5469,constant,,MESH_CC_EXCHANGE(ccib.f90:4336),no,,INTEGER,,0,0,1,
COMPLEX_GEOMETRY_GRID,INT_VEL_IND,geom.f90,5469,constant,,CC_EDGE_TAU_OMG(ccib.f90:14453); MESH_CC_EXCHANGE(ccib.f90:4354),no,,INTEGER,,0,0,2,
COMPLEX_GEOMETRY_GRID,INT_WCEN_IND,geom.f90,5471,constant,,CC_RHO0W_INTERP(ccib.f90:7011); GET_CRTCFCC_INT_STENCILS(ccib.f90:16714); MESH_CC_EXCHANGE(ccib.f90:4972),no,,INTEGER,,0,0,3,
COMPLEX_GEOMETRY_GRID,LINK_FCT,geom.f90,5478,constant,,GET_CELL_LINK_INFO(geom.f90:6015),no,,REAL(EB),,0,0,1,
COMPLEX_GEOMETRY_GRID,MIN_LENGTH_FACTOR,geom.f90,5361,constant,,CC_GRID_RESET_LINK_STATE_AND_TAG_SLIVERS(geom.f90:5861); GET_CARTCELL_CUTCELLS(geom.f90:25791),no,,REAL(EB),,0,0,2,
COMPLEX_GEOMETRY_GRID,MIN_VOL_FACTOR,geom.f90,5358,constant,,GET_CARTCELL_CUTCELLS(geom.f90:25728),no,,REAL(EB),,0,0,1,
COMPLEX_GEOMETRY_GRID,NOT_BLOCKED,geom.f90,5484,constant,,APPLY_OWN_BLOCKED_TO_REPLICAS(geom.f90:9023); CC_GRID_ENFORCE_ONE_CC_PER_CARTESIAN_CELL(geom.f90:14296); CC_GRID_TAG_BLOCK_FINE_CELL_CASE(geom.f90:13470); CC_GRID_TAG_CAVITY_CUTCELLS(geom.f90:12680); CC_GRID_TAG_COARSE_CELL_FROM_NEIGHBOR_BLOCK(geom.f90:12923),no,,INTEGER,,0,0,15,
COMPLEX_GEOMETRY_GRID,N_INT_FVARS,geom.f90,5469,constant,,ALLOC_CELL_STATE_VARS(geom.f90:8510),no,,INTEGER,,0,0,1,
COMPLEX_GEOMETRY_GRID,N_LINK_ATTMP,geom.f90,5475,constant,,GET_CELL_LINK_INFO(geom.f90:6307),no,,INTEGER,,0,0,1,
COMPLEX_GEOMETRY_GRID,N_LINK_ATTMP_F,geom.f90,5475,constant,,GET_LINKED_FACE_INDEXES_F(ccib.f90:23227),no,,INTEGER,,0,0,1,
COMPLEX_GEOMETRY_GRID,SNAP_DIST_FACTOR,geom.f90,5360,constant,,SNAP_GEOM_NODES(geom.f90:15762),no,,REAL(EB),,0,0,1,
FDS,REQUIRED,main.f90,80,constant,,,no,,INTEGER,,0,0,1,
GLOBAL_CONSTANTS,AEROSOL_SPECIES,cons.f90,31,constant,,INITIALIZE_DIAGNOSTIC_FILE(dump.f90:3217),no,,INTEGER,,0,0,1,
GLOBAL_CONSTANTS,ATMOSPHERIC_PROFILE,cons.f90,114,constant,,SET_DENSITY_AND_MASS_FRACTIONS_AT_WALL(init.f90:3646),no,,INTEGER,,0,0,1,
GLOBAL_CONSTANTS,BOUNDARY_FUEL_MODEL_BC,cons.f90,72,constant,,CC_EDGE_TAU_OMG(ccib.f90:14763); VELOCITY_BC(velo.f90:2384),no,,INTEGER,,0,0,2,
GLOBAL_CONSTANTS,CC_ALLOC_DELEM,cons.f90,786,constant,,ADD_CUTEDGE_TO_EDGE(geom.f90:9161); ADD_CUTEDGE_TO_FACE(geom.f90:9066); ADD_REGEDGE_TO_FACE(geom.f90:9309); GET_CARTCELL_CUTEDGES(geom.f90:22816); GET_CARTCELL_CUTFACES(geom.f90:24506),no,,INTEGER,,0,0,8,
GLOBAL_CONSTANTS,CC_ALLOC_DVERT,cons.f90,785,constant,,ADD_CUTEDGE_TO_EDGE(geom.f90:9161); ADD_CUTEDGE_TO_FACE(geom.f90:9066); ADD_REGEDGE_TO_FACE(geom.f90:9309); GET_CARTCELL_CUTEDGES(geom.f90:22816); GET_CARTCELL_CUTFACES(geom.f90:24506),no,,INTEGER,,0,0,7,
GLOBAL_CONSTANTS,CC_MAX_WSTRIANG_SEG,cons.f90,788,constant,,GET_CARTCELL_CUTEDGES(geom.f90:22851); GET_CARTCELL_CUTFACES(geom.f90:23116); GET_CARTFACE_CUTEDGES(geom.f90:18865); GET_TRIANG_FACE_INT(geom.f90:25961); NEW_EDGE_ALLOC(geom.f90:18436),no,,INTEGER,,0,0,6,
GLOBAL_CONSTANTS,CELL_CENTER,cons.f90,119,constant,,DUMP_SLCF(dump.f90:7006); DUMP_SLCF_VTK(dump.f90:7598); PROC_DEVC(read.f90:15375); READ_DEVC(read.f90:14508),no,,INTEGER,,0,0,4,
GLOBAL_CONSTANTS,CELL_EDGE,cons.f90,121,constant,,DUMP_SLCF(dump.f90:6928); DUMP_SLCF_VTK(dump.f90:7520); PROC_DEVC(read.f90:15385),no,,INTEGER,,0,0,3,
GLOBAL_CONSTANTS,CELL_FACE,cons.f90,120,constant,,DUMP_SLCF(dump.f90:6923); DUMP_SLCF_VTK(dump.f90:7516); UPDATE_DEVICES_1(dump.f90:7983); PROC_DEVC(read.f90:15379),no,,INTEGER,,0,0,4,
GLOBAL_CONSTANTS,CLOCK_STOP,cons.f90,136,constant,,FDS[MAIN_LOOP](main.f90:1199),no,,INTEGER,,0,0,1,
GLOBAL_CONSTANTS,CONSMAG,cons.f90,41,constant,,GAS_PHASE_OUTPUT(dump.f90:8818); INITIALIZE_DIAGNOSTIC_FILE(dump.f90:3134); INITIALIZE_MESH_VARIABLES_1(init.f90:571); COMPUTE_VISCOSITY(velo.f90:111),no,,INTEGER,,0,0,4,
GLOBAL_CONSTANTS,CONSTANT_EDDY_VISCOSITY,cons.f90,46,constant,,INITIALIZE_DIAGNOSTIC_FILE(dump.f90:3155); COMPUTE_VISCOSITY(velo.f90:321),no,,INTEGER,,0,0,2,
GLOBAL_CONSTANTS,CONVECTIVE_FLUX_BC,cons.f90,54,constant,,PARTICLE_MASS_ENERGY_TRANSFER(part.f90:3807); SURFACE_HEAT_TRANSFER(wall.f90:751),no,,INTEGER,,0,0,2,
GLOBAL_CONSTANTS,CTRL_STOP,cons.f90,128,constant,,FDS[MAIN_LOOP](main.f90:1137),no,,INTEGER,,0,0,1,
GLOBAL_CONSTANTS,CVODE_SOLVER,cons.f90,35,constant,,INITIALIZE_DIAGNOSTIC_FILE(dump.f90:3361); CHECK_CHEMICALLY_ACTIVE_STATE(fire.f90:400); COMBUSTION_GENERAL_LOAD_BALANCED(fire.f90:198); COMBUSTION_MODEL(fire.f90:943),no,,INTEGER,,0,0,4,
GLOBAL_CONSTANTS,DEARDORFF,cons.f90,43,constant,,INITIALIZE_DIAGNOSTIC_FILE(dump.f90:3138); COMPUTE_VISCOSITY(velo.f90:123); COMPUTE_STRAIN_RATE(velo.f90:436),no,,INTEGER,,0,0,3,
GLOBAL_CONSTANTS,DEFAULT_HTC_MODEL,cons.f90,62,constant,,HEAT_TRANSFER_COEFFICIENT(func.f90:3227),no,,INTEGER,,0,0,1,
GLOBAL_CONSTANTS,DEFAULT_VOLFRAC_LINK,cons.f90,754,constant,,CHECK_CFLVN_LINKED_CELLS(ccib.f90:1033); READ_GEOM(geom.f90:2702),no,,REAL(EB),,0,0,2,
GLOBAL_CONSTANTS,DIRICHLET,cons.f90,103,constant,,GET_FH_FROM_PRHS_AND_BCS(ccib.f90:2119); INITIALIZE_POISSON_SOLVER(init.f90:2611); CHECK_UNSUPPORTED_MESH(pres.f90:4023); GLMAT_SOLVER(pres.f90:3613); ULMAT_SOLVER_SETUP(pres.f90:1259),no,,INTEGER,,0,0,7,
GLOBAL_CONSTANTS,DISK_DRAG,cons.f90,143,constant,,MOVE_IN_GAS(part.f90:2803),no,,INTEGER,,0,0,1,
GLOBAL_CONSTANTS,DNS_MODE,cons.f90,25,constant,,CC_COMPUTE_VISCOSITY(ccib.f90:5898); DIVERGENCE_PART_1(divg.f90:119); GAS_PHASE_OUTPUT(dump.f90:8836); INITIALIZE_DIAGNOSTIC_FILE(dump.f90:3127); WRITE_DIAGNOSTICS(dump.f90:4334),no,,INTEGER,,0,0,12,
GLOBAL_CONSTANTS,DYNSMAG,cons.f90,42,constant,,GAS_PHASE_OUTPUT(dump.f90:8818); INITIALIZE_DIAGNOSTIC_FILE(dump.f90:3136); INITIALIZE_MESH_VARIABLES_1(init.f90:571); INIT_TURB_ARRAYS(turb.f90:51); COMPUTE_VISCOSITY(velo.f90:111),no,,INTEGER,,0,0,5,
GLOBAL_CONSTANTS,EDG1,cons.f90,771,constant,,READ_GEOM(geom.f90:1713); GET_REMAINING_CUTFACES(geom.f90:10299); GET_TRIANG_FACE_INT(geom.f90:26043),no,,INTEGER,,0,0,3,
GLOBAL_CONSTANTS,EDG2,cons.f90,772,constant,,GET_REMAINING_CUTFACES(geom.f90:10304); GET_TRIANG_FACE_INT(geom.f90:26044),no,,INTEGER,,0,0,2,
GLOBAL_CONSTANTS,EDG3,cons.f90,773,constant,,READ_GEOM(geom.f90:1713); GET_REMAINING_CUTFACES(geom.f90:10309); GET_TRIANG_FACE_INT(geom.f90:26045),no,,INTEGER,,0,0,3,
GLOBAL_CONSTANTS,EDG4,cons.f90,774,constant,,GET_REMAINING_CUTFACES(geom.f90:10314),no,,INTEGER,,0,0,1,
GLOBAL_CONSTANTS,EXPLICIT_EULER,cons.f90,33,constant,,INITIALIZE_DIAGNOSTIC_FILE(dump.f90:3357); COMBUSTION_MODEL(fire.f90:888),no,,INTEGER,,0,0,2,
GLOBAL_CONSTANTS,EXPOSED,cons.f90,75,constant,,INITIALIZE_DIAGNOSTIC_FILE(dump.f90:3638); INIT_CFACE_CELL(geom.f90:6607); SOLID_HEAT_TRANSFER(wall.f90:1887),no,,INTEGER,,0,0,3,
GLOBAL_CONSTANTS,EXTERNAL_CFACE,cons.f90,781,constant,,MESH_EXCHANGE(main.f90:3894); MOVE_PARTICLES(part.f90:1901),no,,INTEGER,,0,0,2,
GLOBAL_CONSTANTS,EXTINCTION_1,cons.f90,37,constant,,INITIALIZE_DIAGNOSTIC_FILE(dump.f90:3349); COMBUSTION_MODEL(fire.f90:1000),no,,INTEGER,,0,0,2,
GLOBAL_CONSTANTS,EXTINCTION_2,cons.f90,38,constant,,INITIALIZE_DIAGNOSTIC_FILE(dump.f90:3351); COMBUSTION_MODEL(fire.f90:1001),no,,INTEGER,,0,0,2,
GLOBAL_CONSTANTS,FALLOFF_LINDEMANN_TYPE,cons.f90,158,constant,,INITIALIZE_DIAGNOSTIC_FILE(dump.f90:3439),no,,INTEGER,,0,0,1,
GLOBAL_CONSTANTS,FALLOFF_TROE_TYPE,cons.f90,157,constant,,INITIALIZE_DIAGNOSTIC_FILE(dump.f90:3439),no,,INTEGER,,0,0,1,
GLOBAL_CONSTANTS,FFT_FLAG,cons.f90,562,constant,,GAS_PHASE_OUTPUT(dump.f90:9786); INITIALIZE_DIAGNOSTIC_FILE(dump.f90:3172); PRESSURE_ITERATION_SCHEME(main.f90:1656),no,,INTEGER,,0,0,3,
GLOBAL_CONSTANTS,FISHPAK_BC_DIRICHLET_DIRICHLET,cons.f90,98,constant,,INITIALIZE_POISSON_SOLVER(init.f90:2504),no,,INTEGER,,0,0,1,
GLOBAL_CONSTANTS,FISHPAK_BC_DIRICHLET_NEUMANN,cons.f90,99,constant,,INITIALIZE_POISSON_SOLVER(init.f90:2503); TUNNEL_POISSON_SOLVER(pres.f90:620),no,,INTEGER,,0,0,2,
GLOBAL_CONSTANTS,FISHPAK_BC_NEUMANN_DIRICHLET,cons.f90,101,constant,,INITIALIZE_POISSON_SOLVER(init.f90:2504); TUNNEL_POISSON_SOLVER(pres.f90:610),no,,INTEGER,,0,0,2,
GLOBAL_CONSTANTS,FISHPAK_BC_NEUMANN_NEUMANN,cons.f90,100,constant,,INITIALIZE_POISSON_SOLVER(init.f90:2493); TUNNEL_POISSON_SOLVER(pres.f90:610),no,,INTEGER,,0,0,2,
GLOBAL_CONSTANTS,FISHPAK_BC_PERIODIC,cons.f90,97,constant,,INITIALIZE_POISSON_SOLVER(init.f90:2382); ULMAT_SOLVER_SETUP(pres.f90:1275); READ_PRES(read.f90:10167),no,,INTEGER,,0,0,3,
GLOBAL_CONSTANTS,FM_HTC_MODEL,cons.f90,66,constant,,HEAT_TRANSFER_COEFFICIENT(func.f90:3279),no,,INTEGER,,0,0,1,
GLOBAL_CONSTANTS,FREE_SLIP_BC,cons.f90,70,constant,,CC_EDGE_TAU_OMG(ccib.f90:14728); SOLID_PHASE_OUTPUT(dump.f90:10745); VELOCITY_BC(velo.f90:2037),no,,INTEGER,,0,0,3,
GLOBAL_CONSTANTS,GAS_SPECIES,cons.f90,30,constant,,INITIALIZE_DIAGNOSTIC_FILE(dump.f90:3215),no,,INTEGER,,0,0,1,
GLOBAL_CONSTANTS,GLMAT_FLAG,cons.f90,563,constant,,INITIALIZE_DIAGNOSTIC_FILE(dump.f90:3173); INITIALIZE_POISSON_SOLVER(init.f90:2371); FDS(main.f90:1230); GLOBAL_MATRIX_REASSIGN(main.f90:1818); PRESSURE_ITERATION_SCHEME(main.f90:1661),no,,INTEGER,,0,0,10,
GLOBAL_CONSTANTS,HIGH_IND,cons.f90,760,constant,,CC_CHECK_DIVERGENCE(ccib.f90:16265); CC_CHECK_MASS_DENSITY(ccib.f90:12691); CC_DIFFUSIVE_MASS_FLUXES(ccib.f90:11263); GET_BBRCFACE_RHO_D_DZDN(ccib.f90:11657); CC_CONDUCTION_HEAT_FLUX(ccib.f90:10747),no,,INTEGER,,0,0,78,
GLOBAL_CONSTANTS,HVAC_BOUNDARY,cons.f90,95,constant,,PROC_HVAC(hvac.f90:1043); INITIALIZE_MESH_VARIABLES_2(init.f90:1112); READ_VENT(read.f90:12516),no,,INTEGER,,0,0,3,
GLOBAL_CONSTANTS,HYPRE_FLAG,cons.f90,568,constant,,INITIALIZE_DIAGNOSTIC_FILE(dump.f90:3178); INITIALIZE_MESH_VARIABLES_2(init.f90:1135); FINISH_GLMAT_SOLVER(pres.f90:6094); GLMAT_SOLVER(pres.f90:3445); FINISH_ULMAT_SOLVER(pres.f90:3115),no,,INTEGER,,0,0,7,
GLOBAL_CONSTANTS,IAXIS,cons.f90,763,constant,,ADD_Q_DOT_CUTCELLS(ccib.f90:5958); CCCOMPUTE_RADIATION(ccib.f90:7148); CC_BAROCLINIC_CORRECTION(ccib.f90:1702); CC_CHECK_DIVERGENCE(ccib.f90:16277); CC_CHECK_MASS_DENSITY(ccib.f90:12547),no,,INTEGER,,0,0,212,
GLOBAL_CONSTANTS,IMPINGING_JET_HTC_MODEL,cons.f90,65,constant,,HEAT_TRANSFER_COEFFICIENT(func.f90:3207),no,,INTEGER,,0,0,1,
GLOBAL_CONSTANTS,INFLOW_OUTFLOW,cons.f90,59,constant,,SURFACE_HEAT_TRANSFER(wall.f90:668),no,,INTEGER,,0,0,1,
GLOBAL_CONSTANTS,INFLOW_OUTFLOW_MASS_FLUX,cons.f90,87,constant,,CALCULATE_ZZ_F(wall.f90:1131),no,,INTEGER,,0,0,1,
GLOBAL_CONSTANTS,INSTABILITY_STOP,cons.f90,124,constant,,FDS[MAIN_LOOP](main.f90:871); VELOCITY_PREDICTOR(velo.f90:1674); INITIALIZE_VTKHDF_FILES(vtkf.f90:1333),no,,INTEGER,,0,0,3,
GLOBAL_CONSTANTS,INSULATED,cons.f90,77,constant,,INITIALIZE_DIAGNOSTIC_FILE(dump.f90:3637); SOLID_HEAT_TRANSFER(wall.f90:1977),no,,INTEGER,,0,0,2,
GLOBAL_CONSTANTS,INTERPOLATED_BC,cons.f90,60,constant,,PREDICT_NORMAL_VELOCITY(divg.f90:1351); SURFACE_HEAT_TRANSFER(wall.f90:821),no,,INTEGER,,0,0,2,
GLOBAL_CONSTANTS,INTERPOLATED_BOUNDARY,cons.f90,93,constant,,CC_BAROCLINIC_CORRECTION(ccib.f90:1696); CC_COMPUTE_VELOCITY_ERROR(ccib.f90:15671); CC_DIFFUSIVE_MASS_FLUXES(ccib.f90:11252); CCENTHALPY_ADVECTION(ccib.f90:9523); CCSPECIES_ADVECTION(ccib.f90:8982),no,,INTEGER,,0,0,72,
GLOBAL_CONSTANTS,JAXIS,cons.f90,764,constant,,ADD_Q_DOT_CUTCELLS(ccib.f90:5959); CCCOMPUTE_RADIATION(ccib.f90:7149); CC_BAROCLINIC_CORRECTION(ccib.f90:1702); CC_CHECK_DIVERGENCE(ccib.f90:16359); CC_CHECK_MASS_DENSITY(ccib.f90:12547),no,,INTEGER,,0,0,188,
GLOBAL_CONSTANTS,KAXIS,cons.f90,765,constant,,ADD_Q_DOT_CUTCELLS(ccib.f90:5960); CCCOMPUTE_RADIATION(ccib.f90:7150); CC_BAROCLINIC_CORRECTION(ccib.f90:1702); CC_CHECK_DIVERGENCE(ccib.f90:16277); CC_CHECK_MASS_DENSITY(ccib.f90:12547),no,,INTEGER,,0,0,213,
GLOBAL_CONSTANTS,K_BOLTZMANN,cons.f90,393,constant,,CALC_DEPOSITION(wall.f90:1714),no,,REAL(EB),,0,0,1,
GLOBAL_CONSTANTS,LES_MODE,cons.f90,26,constant,,DIVERGENCE_PART_1(divg.f90:120); INITIALIZE_DIAGNOSTIC_FILE(dump.f90:3128); CALCULATE_RHO_D_F(wall.f90:1011); SURFACE_HEAT_TRANSFER(wall.f90:890),no,,INTEGER,,0,0,4,
GLOBAL_CONSTANTS,LOGLAW_HTC_MODEL,cons.f90,63,constant,,HEAT_TRANSFER_COEFFICIENT(func.f90:3266),no,,INTEGER,,0,0,1,
GLOBAL_CONSTANTS,LOW_IND,cons.f90,759,constant,,CC_CHECK_DIVERGENCE(ccib.f90:16265); CC_CHECK_MASS_DENSITY(ccib.f90:12691); CC_DIFFUSIVE_MASS_FLUXES(ccib.f90:11264); GET_BBRCFACE_RHO_D_DZDN(ccib.f90:11659); CC_DIVERGENCE_PART_1(ccib.f90:8357),no,,INTEGER,,0,0,92,
GLOBAL_CONSTANTS,MAX_DIM,cons.f90,762,constant,,CC_CHECK_DIVERGENCE(ccib.f90:16266); READ_GEOM(geom.f90:2671); ADD_CUTEDGE_TO_EDGE(geom.f90:9164); ADD_CUTEDGE_TO_FACE(geom.f90:9069); ADD_REGEDGE_TO_FACE(geom.f90:9312),no,,INTEGER,,0,0,22,
GLOBAL_CONSTANTS,MIDPOINT_QUADRATURE,cons.f90,715,constant,,TEST_FILTER(turb.f90:1023),no,,INTEGER,,0,0,1,
GLOBAL_CONSTANTS,MIRROR_BOUNDARY,cons.f90,92,constant,,CC_BAROCLINIC_CORRECTION(ccib.f90:1697); CC_NO_FLUX(ccib.f90:15524); CC_PROJECT_VELOCITY(ccib.f90:2737); CC_STORE_FACE_FV(ccib.f90:15591); COMPUTE_LINKED_CUTFACE_BAROCLINIC(ccib.f90:1910),no,,INTEGER,,0,0,27,
GLOBAL_CONSTANTS,MKL_CPARDISO_FLAG,cons.f90,567,constant,,INITIALIZE_MESH_VARIABLES_2(init.f90:1138); FINISH_GLMAT_SOLVER(pres.f90:6086); GLMAT_SOLVER(pres.f90:3425),no,,INTEGER,,0,0,3,
GLOBAL_CONSTANTS,MKL_PARDISO_FLAG,cons.f90,566,constant,,INITIALIZE_DIAGNOSTIC_FILE(dump.f90:3177); INITIALIZE_MESH_VARIABLES_2(init.f90:1136); FINISH_ULMAT_SOLVER(pres.f90:3100); ULMAT_H_MATRIX_SOLVER_SETUP(pres.f90:2863); ULMAT_SOLVE_ZONE(pres.f90:1738),no,,INTEGER,,0,0,5,
GLOBAL_CONSTANTS,NDC,cons.f90,665,constant,,MOVE_IN_GAS(part.f90:2843),no,,INTEGER,,0,0,1,
GLOBAL_CONSTANTS,NDC2,cons.f90,665,constant,,INSERT_SPRAY_PARTICLES(part.f90:443),no,,INTEGER,,0,0,1,
GLOBAL_CONSTANTS,NET_FLUX_BC,cons.f90,55,constant,,PARTICLE_MASS_ENERGY_TRANSFER(part.f90:3807); SURFACE_HEAT_TRANSFER(wall.f90:751),no,,INTEGER,,0,0,2,
GLOBAL_CONSTANTS,NEUMANN,cons.f90,104,constant,,GET_FH_FROM_PRHS_AND_BCS(ccib.f90:2153); INITIALIZE_POISSON_SOLVER(init.f90:2609); GLMAT_SOLVER(pres.f90:3594); ULMAT_SOLVE_ZONE(pres.f90:1603); PRESSURE_SOLVER_COMPUTE_RHS(pres.f90:77),no,,INTEGER,,0,0,5,
GLOBAL_CONSTANTS,NOD1,cons.f90,767,constant,,READ_GEOM(geom.f90:1713); ADD_CUTEDGE_TO_EDGE(geom.f90:9174); ADD_CUTEDGE_TO_FACE(geom.f90:9077); ADD_REGEDGE_TO_FACE(geom.f90:9325); BLOCK_CUT_CELL(geom.f90:11540),no,,INTEGER,,0,0,22,
GLOBAL_CONSTANTS,NOD2,cons.f90,768,constant,,READ_GEOM(geom.f90:1713); ADD_CUTEDGE_TO_EDGE(geom.f90:9171); ADD_CUTEDGE_TO_FACE(geom.f90:9078); ADD_REGEDGE_TO_FACE(geom.f90:9325); BLOCK_CUT_CELL(geom.f90:11547),no,,INTEGER,,0,0,21,
GLOBAL_CONSTANTS,NOD3,cons.f90,769,constant,,READ_GEOM(geom.f90:1819); CC_GRID_GET_REGULAR_CUTCELLS_BOX(geom.f90:27202); CC_GRID_GLOBAL_INIT(geom.f90:15216); GET_CARTCELL_CUTCELLS(geom.f90:25165); GET_CARTCELL_CUTFACES(geom.f90:23314),no,,INTEGER,,0,0,11,
GLOBAL_CONSTANTS,NOD4,cons.f90,770,constant,,READ_GEOM(geom.f90:1820); CC_GRID_GET_REGULAR_CUTCELLS_BOX(geom.f90:27205); CC_GRID_GLOBAL_INIT(geom.f90:15225); GET_CARTCELL_CUTCELLS(geom.f90:25166); GET_CARTCELL_CUTFACES(geom.f90:23368),no,,INTEGER,,0,0,7,
GLOBAL_CONSTANTS,NO_CONVECTION,cons.f90,57,constant,,SURFACE_HEAT_TRANSFER(wall.f90:663),no,,INTEGER,,0,0,1,
GLOBAL_CONSTANTS,NO_MASS_FLUX,cons.f90,84,constant,,CALCULATE_ZZ_F(wall.f90:1135),no,,INTEGER,,0,0,1,
GLOBAL_CONSTANTS,NO_SLIP_BC,cons.f90,71,constant,,CC_EDGE_TAU_OMG(ccib.f90:14733); VELOCITY_BC(velo.f90:2264),no,,INTEGER,,0,0,2,
GLOBAL_CONSTANTS,NO_STOP,cons.f90,123,constant,,COMBUSTION_GENERAL_LOAD_BALANCED(fire.f90:129); GATHER_CELLS_FROM_MPI_PROCESSES(fire.f90:745); FIND_WALL_BACK_INDICES(init.f90:3777),no,,INTEGER,,0,0,3,
GLOBAL_CONSTANTS,NO_TURB_MODEL,cons.f90,40,constant,,COMPUTE_VISCOSITY(velo.f90:107),no,,INTEGER,,0,0,1,
GLOBAL_CONSTANTS,NULL_BOUNDARY,cons.f90,89,constant,,CC_BAROCLINIC_CORRECTION(ccib.f90:1697); CC_DIFFUSIVE_MASS_FLUXES(ccib.f90:11450); CCENTHALPY_ADVECTION(ccib.f90:9902); CCSPECIES_ADVECTION(ccib.f90:9091); CC_CONDUCTION_HEAT_FLUX(ccib.f90:10948),no,,INTEGER,,0,0,48,
GLOBAL_CONSTANTS,N_TIMERS,cons.f90,718,constant,,FDS(main.f90:130),no,,INTEGER,,0,0,1,
GLOBAL_CONSTANTS,OBST_BOX_TYPE,cons.f90,153,constant,,ADJUST_OBST_SHAPE_AREA(init.f90:379); READ_OBST(read.f90:10930),no,,INTEGER,,0,0,2,
GLOBAL_CONSTANTS,OBST_CONE_TYPE,cons.f90,152,constant,,ADJUST_OBST_SHAPE_AREA(init.f90:374); READ_OBST(read.f90:10929),no,,INTEGER,,0,0,2,
GLOBAL_CONSTANTS,OBST_CYLINDER_TYPE,cons.f90,151,constant,,ADJUST_OBST_SHAPE_AREA(init.f90:367); READ_OBST(read.f90:10928),no,,INTEGER,,0,0,2,
GLOBAL_CONSTANTS,OBST_SPHERE_TYPE,cons.f90,150,constant,,ADJUST_OBST_SHAPE_AREA(init.f90:365); READ_OBST(read.f90:10927),no,,INTEGER,,0,0,2,
GLOBAL_CONSTANTS,OPEN_BOUNDARY,cons.f90,91,constant,,CC_DIFFUSIVE_MASS_FLUXES(ccib.f90:11513); CC_CONDUCTION_HEAT_FLUX(ccib.f90:11056); FIX_CC_DIFF_MASS_FLUXES(ccib.f90:8853); CC_PROJECT_VELOCITY(ccib.f90:2832); GET_LINKED_FACE_INDEXES_F(ccib.f90:23197),no,,INTEGER,,0,0,38,
GLOBAL_CONSTANTS,PERIODIC_BOUNDARY,cons.f90,94,constant,,CC_BAROCLINIC_CORRECTION(ccib.f90:1696); CC_COMPUTE_VELOCITY_ERROR(ccib.f90:15671); CC_DIFFUSIVE_MASS_FLUXES(ccib.f90:11253); CCENTHALPY_ADVECTION(ccib.f90:9524); CCSPECIES_ADVECTION(ccib.f90:8982),no,,INTEGER,,0,0,25,
GLOBAL_CONSTANTS,POROUS_DRAG,cons.f90,142,constant,,INITIALIZE_SINGLE_PARTICLE(part.f90:1683); MOVE_IN_GAS(part.f90:2792); DEPOSIT_PARTICLE_MASS(wall.f90:1495),no,,INTEGER,,0,0,3,
GLOBAL_CONSTANTS,PYROLYSIS_LIQUID,cons.f90,109,constant,,INITIALIZE_DIAGNOSTIC_FILE(dump.f90:3576); PYROLYSIS(wall.f90:3245),no,,INTEGER,,0,0,2,
GLOBAL_CONSTANTS,PYROLYSIS_NONE,cons.f90,107,constant,,PROC_HVAC(hvac.f90:1046); FIND_WALL_BACK_INDEX(init.f90:4254),no,,INTEGER,,0,0,2,
GLOBAL_CONSTANTS,PYROLYSIS_PREDICTED,cons.f90,110,constant,,DUMP_PROF(dump.f90:11414); SOLID_PHASE_OUTPUT(dump.f90:10180); FIND_WALL_BACK_INDEX(init.f90:4255); DEPOSIT_PARTICLE_MASS(wall.f90:1487); SOLID_HEAT_TRANSFER(wall.f90:2014),no,,INTEGER,,0,0,5,
GLOBAL_CONSTANTS,PYROLYSIS_SOLID,cons.f90,108,constant,,INITIALIZE_DIAGNOSTIC_FILE(dump.f90:3542); PYROLYSIS(wall.f90:3469),no,,INTEGER,,0,0,2,
GLOBAL_CONSTANTS,PYROLYSIS_SPECIFIED,cons.f90,111,constant,,GET_BOUNDARY_TYPE(init.f90:5142); SOLID_HEAT_TRANSFER(wall.f90:2215),no,,INTEGER,,0,0,2,
GLOBAL_CONSTANTS,PYROLYSIS_SURFACE_OXIDATION,cons.f90,112,constant,,INITIALIZE_DIAGNOSTIC_FILE(dump.f90:3542); PYROLYSIS(wall.f90:3491),no,,INTEGER,,0,0,2,
GLOBAL_CONSTANTS,P_STP,cons.f90,390,constant,,GAS_PHASE_OUTPUT(dump.f90:9217); RADIATION_FVM(radi.f90:4066); INIT_RADIATION(radi.f90:3142),no,,REAL(EB),,0,0,3,
GLOBAL_CONSTANTS,R0,cons.f90,391,constant,,GAS_PHASE_OUTPUT(dump.f90:9217); INITIALIZE_DIAGNOSTIC_FILE(dump.f90:3222); CONDENSATION_EVAPORATION(fire.f90:1984); PARTICLE_MASS_ENERGY_TRANSFER(part.f90:3973); INIT_RADIATION(radi.f90:3169),no,,REAL(EB),,0,0,6,
GLOBAL_CONSTANTS,RAMP_PROFILE,cons.f90,117,constant,,SET_DENSITY_AND_MASS_FRACTIONS_AT_WALL(init.f90:3654),no,,INTEGER,,0,0,1,
GLOBAL_CONSTANTS,RAYLEIGH_HTC_MODEL,cons.f90,64,constant,,HEAT_TRANSFER_COEFFICIENT(func.f90:3272),no,,INTEGER,,0,0,1,
GLOBAL_CONSTANTS,REALIZABILITY_STOP,cons.f90,131,constant,,CHECK_CHEMICALLY_ACTIVE_STATE(fire.f90:443); SET_SPECIES_SOURCE_TERM_CELL(fire.f90:487); SET_SPECIES_SOURCE_TERM_CUTCELL(fire.f90:536),no,,INTEGER,,0,0,3,
GLOBAL_CONSTANTS,RK2_RICHARDSON,cons.f90,34,constant,,INITIALIZE_DIAGNOSTIC_FILE(dump.f90:3359); COMBUSTION_MODEL(fire.f90:897),no,,INTEGER,,0,0,2,
GLOBAL_CONSTANTS,RM_B,cons.f90,667,constant,,PARTICLE_MASS_ENERGY_TRANSFER(part.f90:4046),no,,INTEGER,,0,0,1,
GLOBAL_CONSTANTS,RM_FL_LEWIS_B,cons.f90,669,constant,,PARTICLE_MASS_ENERGY_TRANSFER(part.f90:4048),no,,INTEGER,,0,0,1,
GLOBAL_CONSTANTS,RM_LEWIS_B,cons.f90,668,constant,,PARTICLE_MASS_ENERGY_TRANSFER(part.f90:4046),no,,INTEGER,,0,0,1,
GLOBAL_CONSTANTS,RM_NO_B,cons.f90,666,constant,,PARTICLE_MASS_ENERGY_TRANSFER(part.f90:4044),no,,INTEGER,,0,0,1,
GLOBAL_CONSTANTS,SCREEN_DRAG,cons.f90,141,constant,,INITIALIZE_SINGLE_PARTICLE(part.f90:1659); MOVE_IN_GAS(part.f90:2792); DEPOSIT_PARTICLE_MASS(wall.f90:1495),no,,INTEGER,,0,0,3,
GLOBAL_CONSTANTS,SETUP_ONLY_STOP,cons.f90,127,constant,,FDS(main.f90:240),no,,INTEGER,,0,0,1,
GLOBAL_CONSTANTS,SETUP_STOP,cons.f90,126,constant,,CC_SET_DATA(ccib.f90:7200); READ_GEOM(geom.f90:1173); CC_GRID_BUILD_CUTCELL_MESH_WORK(geom.f90:26795); CC_GRID_GLOBAL_INIT(geom.f90:15153); INITIALIZE_DEVICES(init.f90:2692),no,,INTEGER,,0,0,29,
GLOBAL_CONSTANTS,SIGMA,cons.f90,392,constant,,GAS_PHASE_OUTPUT(dump.f90:9184); SOLID_PHASE_OUTPUT(dump.f90:10296); ALLOCATE_BOUNDARY_RADIA_ARRAYS(func.f90:4380); INITIALIZE_BOUNDARY_PROP1(func.f90:4926); INIT_CFACE_CELL(geom.f90:6698),no,,REAL(EB),,0,0,18,
GLOBAL_CONSTANTS,SIMPSON_QUADRATURE,cons.f90,715,constant,,TEST_FILTER(turb.f90:999),no,,INTEGER,,0,0,1,
GLOBAL_CONSTANTS,SOLID_BOUNDARY,cons.f90,90,constant,,CC_BAROCLINIC_CORRECTION(ccib.f90:1697); CCENTHALPY_ADVECTION(ccib.f90:9926); CCSPECIES_ADVECTION(ccib.f90:8995); CC_DIFFUSIVE_HEAT_FLUXES(ccib.f90:10488); CC_NO_FLUX(ccib.f90:15524),no,,INTEGER,,0,0,68,
GLOBAL_CONSTANTS,SPECIFIED_MASS_FLUX,cons.f90,86,constant,,CFACE_PREDICT_NORMAL_VELOCITY(ccib.f90:6018); PREDICT_NORMAL_VELOCITY(divg.f90:1351); FIND_WALL_BACK_INDEX(init.f90:4257); SET_DENSITY_AND_MASS_FRACTIONS_AT_WALL(init.f90:3635); CALCULATE_ZZ_F(wall.f90:1090),no,,INTEGER,,0,0,5,
GLOBAL_CONSTANTS,SPECIFIED_MASS_FRACTION,cons.f90,85,constant,,CALCULATE_ZZ_F(wall.f90:1121),no,,INTEGER,,0,0,1,
GLOBAL_CONSTANTS,SPECIFIED_TEMPERATURE,cons.f90,56,constant,,INITIALIZE_DIAGNOSTIC_FILE(dump.f90:3647); SURFACE_HEAT_TRANSFER(wall.f90:723),no,,INTEGER,,0,0,2,
GLOBAL_CONSTANTS,SURF_CARTESIAN,cons.f90,79,constant,,DUMP_PROF(dump.f90:11429); GAS_PHASE_OUTPUT(dump.f90:9738); INITIALIZE_DIAGNOSTIC_FILE(dump.f90:3635); HEAT_TRANSFER_COEFFICIENT(func.f90:3179); INITIALIZE_SINGLE_PARTICLE(part.f90:1649),no,,INTEGER,,0,0,10,
GLOBAL_CONSTANTS,SURF_CYLINDRICAL,cons.f90,80,constant,,DUMP_PROF(dump.f90:11430); GAS_PHASE_OUTPUT(dump.f90:9739); INITIALIZE_DIAGNOSTIC_FILE(dump.f90:3640); SOLID_PHASE_OUTPUT(dump.f90:10405); HEAT_TRANSFER_COEFFICIENT(func.f90:3231),no,,INTEGER,,0,0,10,
GLOBAL_CONSTANTS,SURF_INNER_CYLINDRICAL,cons.f90,81,constant,,DUMP_PROF(dump.f90:11429); INITIALIZE_DIAGNOSTIC_FILE(dump.f90:3641); SOLID_PHASE_OUTPUT(dump.f90:10405); DEPOSIT_PARTICLE_MASS(wall.f90:1505); SOLID_HEAT_TRANSFER(wall.f90:2114),no,,INTEGER,,0,0,5,
GLOBAL_CONSTANTS,SURF_SPHERICAL,cons.f90,82,constant,,DUMP_PROF(dump.f90:11430); GAS_PHASE_OUTPUT(dump.f90:9177); INITIALIZE_DIAGNOSTIC_FILE(dump.f90:3642); SOLID_PHASE_OUTPUT(dump.f90:10406); INITIALIZE_SINGLE_PARTICLE(part.f90:1653),no,,INTEGER,,0,0,10,
GLOBAL_CONSTANTS,SVLES_MODE,cons.f90,28,constant,,INITIALIZE_DIAGNOSTIC_FILE(dump.f90:3130); COMPUTE_VISCOSITY(velo.f90:71),no,,INTEGER,,0,0,2,
GLOBAL_CONSTANTS,TGA_ANALYSIS_STOP,cons.f90,129,constant,,FDS(main.f90:548),no,,INTEGER,,0,0,1,
GLOBAL_CONSTANTS,THERMALLY_THICK,cons.f90,58,constant,,GAS_PHASE_OUTPUT(dump.f90:9734); INITIALIZE_DIAGNOSTIC_FILE(dump.f90:3613); SOLID_PHASE_OUTPUT(dump.f90:10175); WRITE_SMOKEVIEW_FILE(dump.f90:1987); CONDENSATION_EVAPORATION(fire.f90:2164),no,,INTEGER,,0,0,16,
GLOBAL_CONSTANTS,TIME_EFLUX,cons.f90,528,constant,,RADIATION_FVM(radi.f90:4913),no,,INTEGER,,0,0,1,
GLOBAL_CONSTANTS,TIME_HEAT,cons.f90,528,constant,,CALCULATE_ZZ_F(wall.f90:1239); SURFACE_HEAT_TRANSFER(wall.f90:753),no,,INTEGER,,0,0,2,
GLOBAL_CONSTANTS,TIME_PART,cons.f90,528,constant,,PARTICLE_FACE_INSERT(part.f90:693),no,,INTEGER,,0,0,1,
GLOBAL_CONSTANTS,TIME_TB,cons.f90,529,constant,,SOLID_HEAT_TRANSFER(wall.f90:2130),no,,INTEGER,,0,0,1,
GLOBAL_CONSTANTS,TIME_TEMP,cons.f90,528,constant,,INIT_THIN_WALL_CELL(init.f90:3495); SET_DENSITY_AND_MASS_FRACTIONS_AT_WALL(init.f90:3723); SOLID_HEAT_TRANSFER(wall.f90:2177); SURFACE_HEAT_TRANSFER(wall.f90:728),no,,INTEGER,,0,0,4,
GLOBAL_CONSTANTS,TIME_TGB,cons.f90,529,constant,,SOLID_HEAT_TRANSFER(wall.f90:2136),no,,INTEGER,,0,0,1,
GLOBAL_CONSTANTS,TIME_TGF,cons.f90,529,constant,,CFACE_THERMAL_GASVARS(ccib.f90:6885); NEAR_SURFACE_GAS_VARIABLES(wall.f90:439),no,,INTEGER,,0,0,2,
GLOBAL_CONSTANTS,TIME_VELO,cons.f90,528,constant,,CFACE_PREDICT_NORMAL_VELOCITY(ccib.f90:6023); PREDICT_NORMAL_VELOCITY(divg.f90:1354); SYNTHETIC_TURBULENCE(turb.f90:1741); VELOCITY_BC(velo.f90:2314); NEAR_SURFACE_GAS_VARIABLES(wall.f90:417),no,,INTEGER,,0,0,5,
GLOBAL_CONSTANTS,TMPM,cons.f90,389,constant,,INIT_CUTCELL_DATA(ccib.f90:7766); DUMP_SMOKE3D_VTKHDF(dump.f90:5271); GAS_PHASE_OUTPUT(dump.f90:8703); GET_SMOKE3D_QQ(dump.f90:5140); INITIALIZE_DIAGNOSTIC_FILE(dump.f90:3121),no,,REAL(EB),,0,0,14,
GLOBAL_CONSTANTS,TRAPEZOID_QUADRATURE,cons.f90,715,constant,,TEST_FILTER(turb.f90:975),no,,INTEGER,,0,0,1,
GLOBAL_CONSTANTS,UGLMAT_FLAG,cons.f90,564,constant,,GET_RCFACES_H(ccib.f90:21569); INITIALIZE_DIAGNOSTIC_FILE(dump.f90:3174); INITIALIZE_MESH_VARIABLES_2(init.f90:1137); INITIALIZE_POISSON_SOLVER(init.f90:2371); FDS(main.f90:1230),no,,INTEGER,,0,0,11,
GLOBAL_CONSTANTS,ULMAT_FLAG,cons.f90,565,constant,,CC_PROJECT_VELOCITY(ccib.f90:2833); GET_FH_FROM_PRHS_AND_BCS(ccib.f90:2109); GET_H_CUTFACES(ccib.f90:21330); GET_H_GUARD_CUTCELL(ccib.f90:526); GET_PRES_CFACE_BCS(ccib.f90:2322),no,,INTEGER,,0,0,18,
GLOBAL_CONSTANTS,USER_DRAG,cons.f90,140,constant,,MOVE_IN_GAS(part.f90:2788),no,,INTEGER,,0,0,1,
GLOBAL_CONSTANTS,USER_STOP,cons.f90,125,constant,,FDS[MAIN_LOOP](main.f90:708),no,,INTEGER,,0,0,1,
GLOBAL_CONSTANTS,VELO_PROF_X,cons.f90,529,constant,,SET_DENSITY_AND_MASS_FRACTIONS_AT_WALL(init.f90:3657),no,,INTEGER,,0,0,1,
GLOBAL_CONSTANTS,VELO_PROF_Y,cons.f90,529,constant,,SET_DENSITY_AND_MASS_FRACTIONS_AT_WALL(init.f90:3663),no,,INTEGER,,0,0,1,
GLOBAL_CONSTANTS,VELO_PROF_Z,cons.f90,529,constant,,SET_DENSITY_AND_MASS_FRACTIONS_AT_WALL(init.f90:3669); VELOCITY_BC(velo.f90:2322),no,,INTEGER,,0,0,2,
GLOBAL_CONSTANTS,VLES_MODE,cons.f90,27,constant,,INITIALIZE_DIAGNOSTIC_FILE(dump.f90:3129),no,,INTEGER,,0,0,1,
GLOBAL_CONSTANTS,VOID,cons.f90,76,constant,,INITIALIZE_DIAGNOSTIC_FILE(dump.f90:3636); SOLID_HEAT_TRANSFER(wall.f90:1887),no,,INTEGER,,0,0,2,
GLOBAL_CONSTANTS,VREMAN,cons.f90,44,constant,,INITIALIZE_DIAGNOSTIC_FILE(dump.f90:3140); COMPUTE_VISCOSITY(velo.f90:199),no,,INTEGER,,0,0,2,
GLOBAL_CONSTANTS,WALE,cons.f90,45,constant,,INITIALIZE_DIAGNOSTIC_FILE(dump.f90:3142); COMPUTE_VISCOSITY(velo.f90:254),no,,INTEGER,,0,0,2,
GLOBAL_CONSTANTS,WALL_MODEL_BC,cons.f90,69,constant,,CC_EDGE_TAU_OMG(ccib.f90:14738); VELOCITY_BC(velo.f90:2363),no,,INTEGER,,0,0,2,
GLOBMAT_SOLVER,IS_CUTCFE,pres.f90,3154,constant,,GET_BCS_H_MATRIX(pres.f90:4955); PRESSURE_SOLVER_CHECK_RESIDUALS_U(pres.f90:5928),no,,INTEGER,,0,0,2,
GLOBMAT_SOLVER,IS_GASPHASE,pres.f90,3153,constant,,COPY_H_OMESH_TO_MESH(pres.f90:4104); GET_BCS_H_MATRIX(pres.f90:4953); GET_H_MATRIX(pres.f90:5154); GET_MATRIXGRAPH_H_WHLDOM(pres.f90:5413); GET_MATRIX_INDEXES_H(pres.f90:5754),no,,INTEGER,,0,0,6,
GLOBMAT_SOLVER,IS_SOLID,pres.f90,3155,constant,,PRESSURE_SOLVER_CHECK_RESIDUALS_U(pres.f90:5926); SET_CCVAR_CGSC_H(pres.f90:5866),no,,INTEGER,,0,0,2,
GLOBMAT_SOLVER,IS_UNDEFINED,pres.f90,3156,constant,,COPY_CCVAR_IN_HS(pres.f90:4350); GET_MATRIXGRAPH_H_WHLDOM(pres.f90:5508); GET_MATRIX_INDEXES_H(pres.f90:5716); SET_CCVAR_CGSC_H(pres.f90:5853); WRITE_EWC_TYPE_DIAGNOSTIC(pres.f90:4319),no,,INTEGER,,0,0,5,
GLOBMAT_SOLVER,IS_WALLT,pres.f90,3162,constant,,COPY_CCVAR_IN_HS(pres.f90:4349); COPY_HS_IN_CCVAR(pres.f90:4239); GLMAT_SOLVER_SETUP(pres.f90:3720),no,,INTEGER,,0,0,3,
GLOBMAT_SOLVER,NGUARD,pres.f90,3150,constant,,SET_CCVAR_CGSC_H(pres.f90:5832),no,,INTEGER,,0,0,1,
GLOBMAT_SOLVER,SYMM_INDEFINITE,pres.f90,3203,constant,,GET_BCS_H_MATRIX(pres.f90:5007); GLMAT_SOLVER(pres.f90:3369),no,,INTEGER,,0,0,2,
GLOBMAT_SOLVER,SYMM_POSITIVE_DEFINITE,pres.f90,3204,constant,,GET_BCS_H_MATRIX(pres.f90:5005),no,,INTEGER,,0,0,1,
HYPRE_INTERFACE,HYPRE_PRECOND_COARSENINGTYPE,imkl.f90,244,constant,,,no,"passed at run time to callee(s) with unresolved intent: ULMAT_H_MATRIX_SOLVER_SETUP, GET_H_MATRIX_LUDCMP",INTEGER,,0,0,1,
HYPRE_INTERFACE,HYPRE_PRECOND_ID,imkl.f90,237,constant,,,no,"passed at run time to callee(s) with unresolved intent: ULMAT_H_MATRIX_SOLVER_SETUP, GET_H_MATRIX_LUDCMP",INTEGER,,0,0,1,
HYPRE_INTERFACE,HYPRE_PRECOND_MAXITER,imkl.f90,263,constant,,,no,"passed at run time to callee(s) with unresolved intent: ULMAT_H_MATRIX_SOLVER_SETUP, GET_H_MATRIX_LUDCMP",INTEGER,,0,0,1,
HYPRE_INTERFACE,HYPRE_PRECOND_NUMSWEEPS,imkl.f90,261,constant,,,no,"passed at run time to callee(s) with unresolved intent: ULMAT_H_MATRIX_SOLVER_SETUP, GET_H_MATRIX_LUDCMP",INTEGER,,0,0,1,
HYPRE_INTERFACE,HYPRE_PRECOND_SETPRINTLEVEL,imkl.f90,243,constant,,,no,"passed at run time to callee(s) with unresolved intent: ULMAT_H_MATRIX_SOLVER_SETUP, GET_H_MATRIX_LUDCMP",INTEGER,,0,0,1,
HYPRE_INTERFACE,HYPRE_PRECOND_SETRELAXTYPE,imkl.f90,251,constant,,,no,"passed at run time to callee(s) with unresolved intent: ULMAT_H_MATRIX_SOLVER_SETUP, GET_H_MATRIX_LUDCMP",INTEGER,,0,0,1,
HYPRE_INTERFACE,HYPRE_PRECOND_TOL,imkl.f90,262,constant,,,no,"passed at run time to callee(s) with unresolved intent: ULMAT_H_MATRIX_SOLVER_SETUP, GET_H_MATRIX_LUDCMP",REAL(KIND=8),,0,0,1,
HYPRE_INTERFACE,HYPRE_SOLVER_MAXIT,imkl.f90,238,constant,,,no,"passed at run time to callee(s) with unresolved intent: ULMAT_H_MATRIX_SOLVER_SETUP, GET_H_MATRIX_LUDCMP",INTEGER,,0,0,1,
HYPRE_INTERFACE,HYPRE_SOLVER_SETLOGGING,imkl.f90,242,constant,,,no,"passed at run time to callee(s) with unresolved intent: ULMAT_H_MATRIX_SOLVER_SETUP, GET_H_MATRIX_LUDCMP",INTEGER,,0,0,1,
HYPRE_INTERFACE,HYPRE_SOLVER_SETPRINTLEVEL,imkl.f90,241,constant,,GLMAT_SOLVER(pres.f90:3463); ULMAT_SOLVE_ZONE(pres.f90:1761),no,"passed at run time to callee(s) with unresolved intent: ULMAT_H_MATRIX_SOLVER_SETUP, GET_H_MATRIX_LUDCMP",INTEGER,,0,0,3,
HYPRE_INTERFACE,HYPRE_SOLVER_SETTWONORM,imkl.f90,240,constant,,,no,"passed at run time to callee(s) with unresolved intent: ULMAT_H_MATRIX_SOLVER_SETUP, GET_H_MATRIX_LUDCMP",INTEGER,,0,0,1,
HYPRE_INTERFACE,HYPRE_SOLVER_TOL,imkl.f90,239,constant,,,no,"passed at run time to callee(s) with unresolved intent: ULMAT_H_MATRIX_SOLVER_SETUP, GET_H_MATRIX_LUDCMP",REAL(KIND=8),,0,0,1,
LOCMAT_SOLVER,IS_UNDEFINED,pres.f90,1102,constant,,ULMAT_MATRIXGRAPH_H(pres.f90:2347); ULMAT_SOLVER_SETUP(pres.f90:1316),no,,INTEGER,,0,0,2,
LOCMAT_SOLVER,NNZ_STENCIL_H,pres.f90,1104,constant,,ULMAT_H_MATRIX(pres.f90:2542); ULMAT_MATRIXGRAPH_H(pres.f90:2172),no,,INTEGER,,0,0,2,
LOCMAT_SOLVER,SYMM_INDEFINITE,pres.f90,1110,constant,,ULMAT_BCS_H_MATRIX(pres.f90:2784); ULMAT_H_MATRIX_SOLVER_SETUP(pres.f90:2965); ULMAT_SOLVE_ZONE(pres.f90:1683),no,,INTEGER,,0,0,3,
LOCMAT_SOLVER,SYMM_POSITIVE_DEFINITE,pres.f90,1111,constant,,ULMAT_BCS_H_MATRIX(pres.f90:2785),no,,INTEGER,,0,0,1,
MANUFACTURED_SOLUTIONS,DIFF_MMS,turb.f90,3329,constant,,DIVERGENCE_PART_1(divg.f90:154),no,,REAL(EB),,0,0,1,
MANUFACTURED_SOLUTIONS,UF_MMS,turb.f90,3329,constant,,CC_DIVERGENCE_PART_1(ccib.f90:8653); GET_SHUNN3_QZ(ccib.f90:6635); DIVERGENCE_PART_1(divg.f90:700); GAS_PHASE_OUTPUT(dump.f90:9800); DENSITY(mass.f90:488),no,,REAL(EB),,0,0,8,
MANUFACTURED_SOLUTIONS,WF_MMS,turb.f90,3329,constant,,CC_DIVERGENCE_PART_1(ccib.f90:8654); GET_SHUNN3_QZ(ccib.f90:6636); DIVERGENCE_PART_1(divg.f90:701); GAS_PHASE_OUTPUT(dump.f90:9801); DENSITY(mass.f90:489),no,,REAL(EB),,0,0,8,
OUTPUT_DATA,N_Q_DOT,data.f90,10,constant,READ_RESTART(dump.f90:4145),DUMP_HRR(dump.f90:11844); DUMP_RESTART(dump.f90:3953),no,,INTEGER,,1,0,3,
PRECISION_PARAMETERS,CR2,prec.f90,55,constant,,PARTICLE_MASS_ENERGY_TRANSFER(part.f90:3763),no,,REAL(EB),,0,0,1,
PRECISION_PARAMETERS,DEG2RAD,prec.f90,57,constant,,DIRECT_FORCE(velo.f90:878),no,,REAL(EB),,0,0,1,
PRECISION_PARAMETERS,EB,prec.f90,8,constant,,CC_COMPUTE_VELOCITY_ERROR(ccib.f90:16162); CCENTHALPY_ADVECTION(ccib.f90:9658); CCSPECIES_ADVECTION(ccib.f90:8996); CC_CONDUCTION_HEAT_FLUX(ccib.f90:10777); CC_DIFFUSIVE_HEAT_FLUXES(ccib.f90:10340),no,,INTEGER,,0,0,90,
PRECISION_PARAMETERS,EIONTH,prec.f90,53,constant,,SOLID_PHASE_OUTPUT(dump.f90:10360),no,,REAL(EB),,0,0,1,
PRECISION_PARAMETERS,FB,prec.f90,7,constant,,DUMP_BNDF(dump.f90:11967); DUMP_BNDF_VTKHDF(dump.f90:12211); PACK_VTK_BNDF(dump.f90:12383); DUMP_CFACES_GEOM(dump.f90:6362); DUMP_HRR(dump.f90:11838),no,,INTEGER,,0,0,34,
PRECISION_PARAMETERS,FOTH,prec.f90,52,constant,,MOVE_IN_GAS(part.f90:2758); VELOCITY_FLUX(velo.f90:703); VELOCITY_FLUX_CYLINDRICAL(velo.f90:1293),no,,REAL(EB),,0,0,3,
PRECISION_PARAMETERS,FOTHPI,prec.f90,55,constant,,GAS_PHASE_OUTPUT(dump.f90:9704); SOLID_PHASE_OUTPUT(dump.f90:10824); CONDENSATION_EVAPORATION(fire.f90:2061); INITIALIZE_SINGLE_PARTICLE(part.f90:1731); VOLUME_INIT_PARTICLE(part.f90:1561),no,,REAL(EB),,0,0,10,
PRECISION_PARAMETERS,FTTOT,prec.f90,53,constant,,SOLID_PHASE_OUTPUT(dump.f90:10359),no,,REAL(EB),,0,0,1,
PRECISION_PARAMETERS,HUGE_EB,prec.f90,47,constant,,REALLOCATE_ONE_D_ARRAYS(init.f90:1698); INSERT_VOLUMETRIC_PARTICLES(part.f90:1234); RADIATION_FVM(radi.f90:4641),no,,REAL(EB),,0,0,3,
PRECISION_PARAMETERS,IB32,prec.f90,12,constant,,INITIALIZE_VTKHDF_BNDF_STEP1(vtkf.f90:2369); WRITE_VTKHDF_GEOM_FILE(vtkf.f90:1816),no,,INTEGER,,0,0,2,
PRECISION_PARAMETERS,IB8,prec.f90,10,constant,,DUMP_SMOKE3D_VTKHDF(dump.f90:5254); WRITE_STL_FILE(dump.f90:1590),no,,INTEGER,,0,0,2,
PRECISION_PARAMETERS,INTEGER_ONE,prec.f90,56,constant,,DUMP_CFACES_GEOM(dump.f90:6358); INITIALIZE_MESH_DUMPS(dump.f90:1152); WRITE_SMOKEVIEW_FILE(dump.f90:2264); GET_CELL_LINK_INFO(geom.f90:6086); GET_EXT_INB_CUTFACES_TO_CFACE(geom.f90:12182),no,,INTEGER,,0,0,14,
PRECISION_PARAMETERS,INTEGER_THREE,prec.f90,56,constant,,INIT_CUTCELL_DATA(ccib.f90:7948); INIT_CFACE_CELL(geom.f90:6672),no,,INTEGER,,0,0,2,
PRECISION_PARAMETERS,INTEGER_TWO,prec.f90,56,constant,,GET_EXT_INB_CUTFACES_TO_CFACE(geom.f90:12322); INIT_CFACE_CELL(geom.f90:6598),no,,INTEGER,,0,0,2,
PRECISION_PARAMETERS,INTEGER_ZERO,prec.f90,56,constant,,DUMP_CFACES_GEOM(dump.f90:6360); INITIALIZE_MESH_DUMPS(dump.f90:1525),no,,INTEGER,,0,0,2,
PRECISION_PARAMETERS,LOGTEN,prec.f90,58,constant,,GAS_PHASE_OUTPUT(dump.f90:9132),no,,REAL(EB),,0,0,1,
PRECISION_PARAMETERS,MAX_IGNITION_ZONES,prec.f90,27,constant,,PROC_DEVC(read.f90:15236),no,,INTEGER,,0,0,1,
PRECISION_PARAMETERS,MAX_LAYERS,prec.f90,15,constant,,SOLID_HEAT_TRANSFER(wall.f90:2004),no,,INTEGER,,0,0,1,
PRECISION_PARAMETERS,MAX_MATERIALS,prec.f90,17,constant,,FIND_THIN_WALL_BACK_INDEX(init.f90:4325); FIND_WALL_BACK_INDEX(init.f90:4042); READ_OBST(read.f90:11483),no,,INTEGER,,0,0,3,
PRECISION_PARAMETERS,MAX_SPECIES,prec.f90,14,constant,,READ_INIT(read.f90:13204),no,,INTEGER,,0,0,1,
PRECISION_PARAMETERS,MESH_STRING_LENGTH,prec.f90,35,constant,,WRITE_STRINGS(main.f90:4177),no,,INTEGER,,0,0,1,
PRECISION_PARAMETERS,MICRON,prec.f90,42,constant,,UPDATE_DEVICES_1(dump.f90:7897); INSERT_VOLUMETRIC_PARTICLES(part.f90:1300),no,,REAL(EB),,0,0,2,
PRECISION_PARAMETERS,N_OUTPUT_QUANTITIES,prec.f90,37,constant,,UPDATE_DEVICES_1(dump.f90:7957); READ_DEVC(read.f90:14506),no,,INTEGER,,0,0,2,
PRECISION_PARAMETERS,ONE_M_EPS,prec.f90,40,constant,,SEARCH_OTHER_MESHES(func.f90:5426); SEARCH_OTHER_MESHES_FACE(geom.f90:230); DEFINE_EDGE(init.f90:1464); PYROLYSIS(wall.f90:3327),no,,REAL(EB),,0,0,4,
PRECISION_PARAMETERS,ONTH,prec.f90,52,constant,,CHECK_CFLVN_LINKED_CELLS(ccib.f90:1017); GAS_PHASE_OUTPUT(dump.f90:9051); SOLID_PHASE_OUTPUT(dump.f90:10358); COMBUSTION_MODEL(fire.f90:913); CONDENSATION_EVAPORATION(fire.f90:2162),no,,REAL(EB),,0,0,18,
PRECISION_PARAMETERS,PI,prec.f90,54,constant,,GAS_PHASE_OUTPUT(dump.f90:9739); SOLID_PHASE_OUTPUT(dump.f90:10820); SELECT_SPATIAL_STATISTIC(dump.f90:8163); UPDATE_HRR(dump.f90:11668); CONDENSATION_EVAPORATION(fire.f90:2067),no,,REAL(EB),,0,0,30,
PRECISION_PARAMETERS,PIO2,prec.f90,54,constant,,MOVE_PARTICLES(part.f90:2330); LEVEL_SET_FIRESPREAD(vege.f90:480),no,,REAL(EB),,0,0,2,
PRECISION_PARAMETERS,POINTS_ARRAY_DIM,prec.f90,38,constant,,READ_DEVC(read.f90:14031),no,,INTEGER,,0,0,1,
PRECISION_PARAMETERS,RFPI,prec.f90,55,constant,,RADIATION_FVM(radi.f90:4456),no,,REAL(EB),,0,0,1,
PRECISION_PARAMETERS,RPI,prec.f90,54,constant,,INITIALIZE_RADIATION_EXCHANGE(main.f90:2322); RADIATION_FVM(radi.f90:4227); INIT_RADIATION(radi.f90:2818),no,,REAL(EB),,0,0,3,
PRECISION_PARAMETERS,SR2,prec.f90,53,constant,,EMBER_IGNITION_MODEL(func.f90:3052),no,,REAL(EB),,0,0,1,
PRECISION_PARAMETERS,SR3,prec.f90,53,constant,,SOLID_PHASE_OUTPUT(dump.f90:10358),no,,REAL(EB),,0,0,1,
PRECISION_PARAMETERS,TINY_EB,prec.f90,46,constant,,COMBUSTION_MODEL(fire.f90:862); PARTICLE_FACE_INSERT(part.f90:937); CALC_AGGLOMERATION(soot.f90:375),no,,REAL(EB),,0,0,3,
PRECISION_PARAMETERS,TWENTY_EPSILON_EB,prec.f90,43,constant,,CC_CHECK_MASS_DENSITY(ccib.f90:12636); CC_COMPUTE_KRES(ccib.f90:3724); CC_CUTCELL_VELOCITY(ccib.f90:3794); CC_RHO0W_INTERP(ccib.f90:7021); CC_EDGE_TAU_OMG(ccib.f90:14782),no,,REAL(EB),,0,0,116,
PRECISION_PARAMETERS,TWOPI,prec.f90,54,constant,,UPDATE_DEVICES_1(dump.f90:8013); RANDOM_CONE(func.f90:6123); RANDOM_RING(func.f90:6161); RING_MESH_INTERSECTION_ARC(func.f90:6509); INSERT_SPRAY_PARTICLES(part.f90:477),no,,REAL(EB),,0,0,9,
PRECISION_PARAMETERS,TWO_EPSILON_EB,prec.f90,45,constant,,OM_CART_TO_VEL_CF(ccib.f90:13894); SET_CFACES_P1_RDN(ccib.f90:7484); CHECK_MASS_DENSITY(mass.f90:838); TUNNEL_POISSON_SOLVER(pres.f90:574); RADIATION_FVM(radi.f90:4601),no,,REAL(EB),,0,0,8,
PRECISION_PARAMETERS,TWTH,prec.f90,52,constant,,COMBUSTION_MODEL(fire.f90:821); MOVE_IN_GAS(part.f90:2725); DROPLET_SCRUBBING(soot.f90:565),no,,REAL(EB),,0,0,3,
TYPES,CC_MAXCEELEM_FACE,type.f90,1272,constant,,GET_CARTFACE_CUTFACES(geom.f90:20141),no,,INTEGER,,0,0,1,
TYPES,CC_MAXVERTS_CELL,type.f90,1386,constant,,GET_CARTCELL_CUTCELLS(geom.f90:25229),no,,INTEGER,,0,0,1,
TYPES,CC_MAXVERTS_FACE,type.f90,1271,constant,,GET_CARTCELL_CUTFACES(geom.f90:23573); GET_CARTFACE_CUTFACES(geom.f90:20142); GET_TRIANG_FACE_INT(geom.f90:26213),no,,INTEGER,,0,0,3,
TYPES,CC_MAXVERT_CUTFACE,type.f90,1274,constant,,GET_CARTCELL_CUTFACES(geom.f90:23766),no,,INTEGER,,0,0,1,
TYPES,CC_NPARAM_CCFACE,type.f90,1387,constant,,CC_GRID_GET_REGULAR_CUTCELLS_BOX(geom.f90:27508); CC_GRID_INSERT_SINGLE_CARTESIAN_CUTCELL(geom.f90:13216); GET_CARTCELL_CUTCELLS(geom.f90:25083); GET_REMAINING_CUTCELLS(geom.f90:9990); NEW_CELL_ALLOC(geom.f90:8425),no,,INTEGER,,0,0,6,
VEGE,PHI_LS_MAX,vege.f90,17,constant,,LEVEL_SET_FIRESPREAD(vege.f90:343),no,,REAL(EB),,0,0,1,
VEGE,PHI_LS_MIN,vege.f90,17,constant,,INITIALIZE_LEVEL_SET_FIRESPREAD_1(vege.f90:68); LEVEL_SET_FIRESPREAD(vege.f90:495),no,,REAL(EB),,0,0,2,
