stage,all_stages,stage_note,routine,file,call_site,depth,call_chain,n_mesh_reads,n_mesh_writes,n_globals_read,n_globals_written,crosses_meshes,hidden_state,global_reduction,uniform_grid_assumption,cross_mesh_kinds,hs_global_writes,hs_save_writes,hs_prev_step_reads,ptr_state,n_wall_cface_fields,ev_cross,ev_hidden,ev_reduction,ev_uniform,ev_ptr
predictor,predictor,,MATH_FUNCTIONS::SEM_U01,func.f90,main.f90:919,2,SYNTHETIC_TURBULENCE > EDDY_POSITION > SEM_U01; called by EDDY_POSITION (turb.f90:1931),0,0,0,0,no,no,no,no,,0,0,0,no,0,,,,,
predictor,predictor|other/shared,,PHYSICAL_FUNCTIONS::SURFACE_VELOCITY_PROFILE_FACTOR,func.f90,main.f90:919,3,SYNTHETIC_TURBULENCE > EDDY_AMPLITUDE > LOCAL_VELOCITY_LOOKUP > SURFACE_VELOCITY_PROFILE_FACTOR; called by LOCAL_VELOCITY_LOOKUP (turb.f90:2025),0,0,2,0,no,no,no,no,,0,0,0,no,0,,,,,
predictor,predictor,,TURBULENCE::EDDY_AMPLITUDE,turb.f90,main.f90:919,1,SYNTHETIC_TURBULENCE > EDDY_AMPLITUDE; called by SYNTHETIC_TURBULENCE (turb.f90:1784),1,1,2,0,no,no,no,no,,0,0,0,no,1,,,,,
predictor,predictor,,TURBULENCE::EDDY_POSITION,turb.f90,main.f90:919,1,SYNTHETIC_TURBULENCE > EDDY_POSITION; called by SYNTHETIC_TURBULENCE (turb.f90:1783),1,1,2,0,no,no,no,no,,0,0,0,no,1,,,,,
predictor,predictor,,TURBULENCE::EDDY_VELOCITY_CONTRIB,turb.f90,main.f90:919,1,SYNTHETIC_TURBULENCE > EDDY_VELOCITY_CONTRIB; called by SYNTHETIC_TURBULENCE (turb.f90:1810),0,0,0,0,no,no,no,no,,0,0,0,no,0,,,,,
predictor,predictor,,TURBULENCE::LOCAL_VELOCITY_LOOKUP,turb.f90,main.f90:919,2,SYNTHETIC_TURBULENCE > EDDY_AMPLITUDE > LOCAL_VELOCITY_LOOKUP; called by EDDY_AMPLITUDE (turb.f90:1995),0,0,2,0,no,no,no,no,,0,0,0,no,0,,,,,
predictor,predictor,,TURBULENCE::SYNTHETIC_TURBULENCE,turb.f90,main.f90:919,0,SYNTHETIC_TURBULENCE,5,1,7,0,no,no,yes,no,,0,0,0,yes,2,,,MPI_ALLREDUCE(VENT_MEAN_SUM)@turb.f90:1889; MPI_ALLREDUCE(VENT_MEAN_CNT)@turb.f90:1890,,POINT_TO_MESH pointer N_VENT@turb.f90:1720
predictor,predictor,,VELO::VELOCITY_PREDICTOR,velo.f90,main.f90:863,0,VELOCITY_PREDICTOR,17,3,9,2,no,yes,no,no,,1,0,0,yes,0,,global-write STOP_STATUS@velo.f90:1674,,,POINT_TO_MESH pointer U@velo.f90:1595
corrector,corrector,,DIVG::CHECK_DIVERGENCE,divg.f90,main.f90:1096,0,CHECK_DIVERGENCE,21,13,5,1,no,no,no,no,,0,0,0,yes,2,,,,,POINT_TO_MESH pointer US@divg.f90:1655
corrector,corrector,,VELO::VELOCITY_CORRECTOR,velo.f90,main.f90:1095,0,VELOCITY_CORRECTOR,20,3,6,1,no,no,no,no,,0,0,0,yes,0,,,,,POINT_TO_MESH pointer U@velo.f90:1706
predictor/corrector,predictor/corrector,,CC_SCALARS::ADD_CUTCELL_D_PBAR_DT,ccib.f90,main.f90:850,1,DIVERGENCE_PART_2 > ADD_CUTCELL_D_PBAR_DT; called by DIVERGENCE_PART_2 (divg.f90:1535),3,2,5,1,no,yes,no,no,,1,0,0,yes,2,,global-write CC@ccib.f90:691,,,POINT_TO_MESH pointer CCVAR@ccib.f90:691
predictor/corrector,predictor/corrector,,CC_SCALARS::ADD_CUTCELL_PSUM,ccib.f90,main.f90:840,1,DIVERGENCE_PART_1 > ADD_CUTCELL_PSUM; called by DIVERGENCE_PART_1 (divg.f90:745),3,0,4,1,no,yes,no,no,,1,0,1,yes,2,,global-write CC@ccib.f90:736; prev-step read CCVAR@ccib.f90:736 (first writer site main.f90:850),,,POINT_TO_MESH pointer CCVAR@ccib.f90:736
predictor/corrector,predictor/corrector,,CC_SCALARS::ADD_LINKEDCELL_D_PBAR_DT,ccib.f90,main.f90:850,1,DIVERGENCE_PART_2 > ADD_LINKEDCELL_D_PBAR_DT; called by DIVERGENCE_PART_2 (divg.f90:1537),2,0,3,0,no,no,no,no,,0,0,0,yes,1,,,,,POINT_TO_MESH pointer CCVAR@ccib.f90:673
predictor/corrector,predictor/corrector,,CC_SCALARS::ADD_LINKEDCELL_PSUM,ccib.f90,main.f90:840,1,DIVERGENCE_PART_1 > ADD_LINKEDCELL_PSUM; called by DIVERGENCE_PART_1 (divg.f90:747),2,0,3,0,no,yes,no,no,,0,0,1,yes,1,,prev-step read CCVAR@ccib.f90:718 (first writer site main.f90:850),,,POINT_TO_MESH pointer CCVAR@ccib.f90:718
predictor/corrector,predictor/corrector,,CC_SCALARS::CC_CHECK_DIVERGENCE,ccib.f90,main.f90:905,1,CC_END_STEP > CC_CHECK_DIVERGENCE; called by CC_END_STEP (ccib.f90:7659),28,14,10,0,no,yes,yes,no,,0,0,2,yes,5,,prev-step read CELL@ccib.f90:16319 (first writer site main.f90:942); prev-step read CELL_INDEX@ccib.f90:16319 (first writer site main.f90:942),MPI_ALLREDUCE(RESMAXV)@ccib.f90:16466; MPI_ALLREDUCE(DIVMNX)@ccib.f90:16467; MPI_ALLREDUCE(DIVVOLMNX)@ccib.f90:16468,,POINT_TO_MESH pointer CCVELDIV@ccib.f90:16271
predictor/corrector,predictor/corrector,,CC_SCALARS::CC_CHECK_MASS_DENSITY,ccib.f90,main.f90:786,2,CC_DENSITY > CC_DENSITY_EXPLICIT > CC_CHECK_MASS_DENSITY; called by CC_DENSITY_EXPLICIT (ccib.f90:11976),22,7,7,1,no,yes,no,no,,1,0,4,yes,8,,global-write CC@ccib.f90:12546; prev-step read CCVAR@ccib.f90:12569 (first writer site main.f90:850); prev-step read CELL@ccib.f90:12547 (first writer site main.f90:942); prev-step read CELL_INDEX@ccib.f90:12547 (first writer site main.f90:942),,,POINT_TO_MESH pointer WORK4@ccib.f90:12537
predictor/corrector,predictor/corrector,,CC_SCALARS::CC_CHECK_MASS_DENSITY::CC_CV_RHOZZ_AVERAGE,ccib.f90,main.f90:786,3,CC_DENSITY > CC_DENSITY_EXPLICIT > CC_CHECK_MASS_DENSITY > CC_CV_RHOZZ_AVERAGE; called by CC_CHECK_MASS_DENSITY (ccib.f90:13074),12,2,8,3,no,yes,no,no,,3,0,3,yes,5,,global-write CC@ccib.f90:13108; global-write RZ_Z@ccib.f90:13118; global-write RZ_ZS@ccib.f90:13097; prev-step read CCVAR@ccib.f90:13101 (first writer site main.f90:850); prev-step read CELL@ccib.f90:13108 (first writer site main.f90:942); prev-step read CELL_INDEX@ccib.f90:13108 (first writer site main.f90:942),,,POINT_TO_MESH pointer KBAR@ccib.f90:13098
predictor/corrector,predictor/corrector,,CC_SCALARS::CC_COMPUTE_KRES,ccib.f90,main.f90:766,1,COMPUTE_VISCOSITY > CC_COMPUTE_KRES; called by COMPUTE_VISCOSITY (velo.f90:298),4,2,3,2,no,yes,no,no,,1,0,2,yes,4,,global-write CC@ccib.f90:3709; prev-step read CELL@ccib.f90:3709 (first writer site main.f90:942); prev-step read CELL_INDEX@ccib.f90:3709 (first writer site main.f90:942),,,POINT_TO_MESH pointer CELL@ccib.f90:3709
predictor/corrector,predictor/corrector,,CC_SCALARS::CC_COMPUTE_VISCOSITY,ccib.f90,main.f90:766,1,COMPUTE_VISCOSITY > CC_COMPUTE_VISCOSITY; called by COMPUTE_VISCOSITY (velo.f90:367),21,1,4,2,no,yes,no,no,,0,0,7,yes,3,,prev-step read CCVAR@ccib.f90:5905 (first writer site main.f90:850); prev-step read CELL@ccib.f90:5904 (first writer site main.f90:942); prev-step read CELL_INDEX@ccib.f90:5904 (first writer site main.f90:942),,,POINT_TO_MESH pointer RHO@ccib.f90:5884
predictor/corrector,predictor/corrector|output,,CC_SCALARS::CC_CUTCELL_VELOCITY,ccib.f90,main.f90:766,2,COMPUTE_VISCOSITY > CC_COMPUTE_KRES > CC_CUTCELL_VELOCITY; called by CC_COMPUTE_KRES (ccib.f90:3712),13,0,2,2,no,yes,no,no,,2,0,1,yes,4,,global-write BC@ccib.f90:3786; global-write CC@ccib.f90:3753; prev-step read CUT_FACE@ccib.f90:3773 (first writer site main.f90:779),,,POINT_TO_MESH pointer CUT_CELL@ccib.f90:3753
predictor/corrector,predictor/corrector,,CC_SCALARS::CC_DENSITY,ccib.f90,main.f90:786,0,CC_DENSITY,21,8,15,3,no,yes,no,no,,1,0,3,yes,6,,global-write CC@ccib.f90:11794; prev-step read CCVAR@ccib.f90:11776 (first writer site main.f90:850); prev-step read CELL@ccib.f90:11794 (first writer site main.f90:942); prev-step read CELL_INDEX@ccib.f90:11794 (first writer site main.f90:942),,,POINT_TO_MESH pointer KBAR@ccib.f90:11773
predictor/corrector,predictor/corrector,,CC_SCALARS::CC_DENSITY_EXPLICIT,ccib.f90,main.f90:786,1,CC_DENSITY > CC_DENSITY_EXPLICIT; called by CC_DENSITY (ccib.f90:11761),0,0,9,2,no,yes,no,no,,2,0,0,no,0,,global-write F_Z@ccib.f90:11924; global-write RZ_Z@ccib.f90:11946,,,
predictor/corrector,predictor/corrector,,CC_SCALARS::CC_DIFFUSIVE_MASS_FLUXES,ccib.f90,main.f90:840,2,DIVERGENCE_PART_1 > CC_DIVERGENCE_PART_1 > CC_DIFFUSIVE_MASS_FLUXES; called by CC_DIVERGENCE_PART_1 (ccib.f90:8440),28,6,6,2,no,yes,no,no,,2,0,0,yes,18,,global-write B1@ccib.f90:11234; global-write CFA@ccib.f90:11233,,,POINT_TO_MESH pointer ZZS@ccib.f90:11219
predictor/corrector,predictor/corrector,,CC_SCALARS::CC_DIFFUSIVE_MASS_FLUXES::GET_BBCUTFACE_RHO_D_DZDN,ccib.f90,main.f90:840,3,DIVERGENCE_PART_1 > CC_DIVERGENCE_PART_1 > CC_DIFFUSIVE_MASS_FLUXES > GET_BBCUTFACE_RHO_D_DZDN; called by CC_DIFFUSIVE_MASS_FLUXES (ccib.f90:11572),5,0,3,2,no,yes,no,no,,2,0,0,yes,5,,global-write B1@ccib.f90:11683; global-write WC@ccib.f90:11682,,,POINT_TO_MESH pointer WALL@ccib.f90:11682
predictor/corrector,predictor/corrector,,CC_SCALARS::CC_DIFFUSIVE_MASS_FLUXES::GET_BBRCFACE_RHO_D_DZDN,ccib.f90,main.f90:840,3,DIVERGENCE_PART_1 > CC_DIVERGENCE_PART_1 > CC_DIFFUSIVE_MASS_FLUXES > GET_BBRCFACE_RHO_D_DZDN; called by CC_DIFFUSIVE_MASS_FLUXES (ccib.f90:11492),9,0,4,3,no,yes,no,no,,3,0,0,yes,5,,global-write B1@ccib.f90:11625; global-write BC@ccib.f90:11626; global-write WC@ccib.f90:11624,,,POINT_TO_MESH pointer WALL@ccib.f90:11624
predictor/corrector,predictor/corrector,,CC_SCALARS::CC_DIFFUSIVE_MASS_FLUXES::GET_BBREGFACE_RHO_D_DZDN,ccib.f90,main.f90:840,3,DIVERGENCE_PART_1 > CC_DIVERGENCE_PART_1 > CC_DIFFUSIVE_MASS_FLUXES > GET_BBREGFACE_RHO_D_DZDN; called by CC_DIFFUSIVE_MASS_FLUXES (ccib.f90:11453),4,0,4,3,no,yes,no,no,,3,0,0,yes,3,,global-write B1@ccib.f90:11602; global-write BC@ccib.f90:11603; global-write WC@ccib.f90:11601,,,POINT_TO_MESH pointer WALL@ccib.f90:11601
predictor/corrector,predictor/corrector,,CC_SCALARS::CC_DIVERGENCE_PART_1,ccib.f90,main.f90:840,1,DIVERGENCE_PART_1 > CC_DIVERGENCE_PART_1; called by DIVERGENCE_PART_1 (divg.f90:721),37,7,19,3,no,yes,no,no,,1,0,5,yes,5,,global-write CC@ccib.f90:8528; prev-step read CCVAR@ccib.f90:8386 (first writer site main.f90:850); prev-step read CELL@ccib.f90:8528 (first writer site main.f90:942); prev-step read CELL_INDEX@ccib.f90:8528 (first writer site main.f90:942),,,POINT_TO_MESH pointer DS@ccib.f90:8366
predictor/corrector,predictor/corrector,,CC_SCALARS::CC_DIVERGENCE_PART_1::CCENTHALPY_ADVECTION,ccib.f90,main.f90:840,2,DIVERGENCE_PART_1 > CC_DIVERGENCE_PART_1 > CCENTHALPY_ADVECTION; called by CC_DIVERGENCE_PART_1 (ccib.f90:8504),32,2,11,6,no,yes,no,no,,6,0,4,yes,20,,global-write BC@ccib.f90:9910; global-write CFA@ccib.f90:10188; global-write F_TEMP@ccib.f90:9515; global-write U_TEMP@ccib.f90:9514; prev-step read CCVAR@ccib.f90:9634 (first writer site main.f90:850); prev-step read CELL@ccib.f90:9634 (first writer site main.f90:942); prev-step read CELL_INDEX@ccib.f90:9634 (first writer site main.f90:942),,,POINT_TO_MESH pointer CC_REGFACE_IAXIS_Z@ccib.f90:9520
predictor/corrector,predictor/corrector,,CC_SCALARS::CC_DIVERGENCE_PART_1::CCSPECIES_ADVECTION,ccib.f90,main.f90:840,2,DIVERGENCE_PART_1 > CC_DIVERGENCE_PART_1 > CCSPECIES_ADVECTION; called by CC_DIVERGENCE_PART_1 (ccib.f90:8548),30,2,15,9,no,yes,no,no,,9,0,4,yes,19,,global-write BC@ccib.f90:9021; global-write CC@ccib.f90:8975; global-write CF@ccib.f90:9342; global-write CFA@ccib.f90:9475; prev-step read CCVAR@ccib.f90:9196 (first writer site main.f90:850); prev-step read CELL@ccib.f90:9196 (first writer site main.f90:942); prev-step read CELL_INDEX@ccib.f90:9196 (first writer site main.f90:942),,,POINT_TO_MESH pointer WORK7@ccib.f90:8967
predictor/corrector,predictor/corrector,,CC_SCALARS::CC_DIVERGENCE_PART_1::CC_CONDUCTION_HEAT_FLUX,ccib.f90,main.f90:840,2,DIVERGENCE_PART_1 > CC_DIVERGENCE_PART_1 > CC_CONDUCTION_HEAT_FLUX; called by CC_DIVERGENCE_PART_1 (ccib.f90:8463),29,2,7,4,no,yes,no,no,,4,2,0,yes,17,,global-write B1@ccib.f90:10952; global-write BC@ccib.f90:10953; global-write CFA@ccib.f90:11118; global-write WC@ccib.f90:10951; SAVE KPDTDN decl ccib.f90:10644 write ccib.f90:10666; SAVE KPV decl ccib.f90:10644 write ccib.f90:11073,,,POINT_TO_MESH pointer CC_REGFACE_IAXIS_Z@ccib.f90:10650
predictor/corrector,predictor/corrector,,CC_SCALARS::CC_DIVERGENCE_PART_1::CC_DIFFUSIVE_HEAT_FLUXES,ccib.f90,main.f90:840,2,DIVERGENCE_PART_1 > CC_DIVERGENCE_PART_1 > CC_DIFFUSIVE_HEAT_FLUXES; called by CC_DIVERGENCE_PART_1 (ccib.f90:8456),23,8,7,6,no,yes,no,no,,6,0,0,yes,17,,global-write B1@ccib.f90:10455; global-write BC@ccib.f90:10485; global-write CF@ccib.f90:10608; global-write CFA@ccib.f90:10454,,,POINT_TO_MESH pointer CC_REGFACE_IAXIS_Z@ccib.f90:10231
predictor/corrector,predictor/corrector,,CC_SCALARS::CC_DIVERGENCE_PART_1::FIX_CC_DIFF_MASS_FLUXES,ccib.f90,main.f90:840,2,DIVERGENCE_PART_1 > CC_DIVERGENCE_PART_1 > FIX_CC_DIFF_MASS_FLUXES; called by CC_DIVERGENCE_PART_1 (ccib.f90:8443),11,5,1,0,no,no,no,no,,0,0,0,yes,9,,,,,POINT_TO_MESH pointer CC_REGFACE_IAXIS_Z@ccib.f90:8850
predictor/corrector,predictor/corrector,,CC_SCALARS::CC_END_STEP,ccib.f90,main.f90:905,0,CC_END_STEP,0,0,9,2,no,no,no,no,,0,0,0,no,0,,,,,
predictor/corrector,predictor/corrector,,CC_SCALARS::CC_MATCH_VELOCITY,ccib.f90,main.f90:914,1,MATCH_VELOCITY > CC_MATCH_VELOCITY; called by MATCH_VELOCITY (velo.f90:2638),34,20,5,5,yes,yes,no,no,omesh_copy|other_mesh,4,0,2,yes,7,omesh_copy ptr_target US@ccib.f90:5431; omesh_copy ptr_target U@ccib.f90:5431; other_mesh arg CELL@ccib.f90:5438 (+19),global-write BC@ccib.f90:5413; global-write CF@ccib.f90:5803; global-write EWC@ccib.f90:5408; global-write WC@ccib.f90:5407; prev-step read CELL@ccib.f90:5438 (first writer site main.f90:942); prev-step read CELL_INDEX@ccib.f90:5438 (first writer site main.f90:942),,,POINT_TO_MESH pointer US@ccib.f90:5392
predictor/corrector,predictor/corrector,,CC_SCALARS::CC_PROJECT_VELOCITY,ccib.f90,main.f90:863,1,VELOCITY_PREDICTOR > CC_PROJECT_VELOCITY; called by VELOCITY_PREDICTOR (velo.f90:1636),30,7,8,5,no,yes,no,no,,4,3,2,yes,9,,global-write BC@ccib.f90:2834; global-write CF@ccib.f90:2726; global-write RCF@ccib.f90:2814; global-write WC@ccib.f90:2831; SAVE U_STORE decl ccib.f90:2703 write ccib.f90:2716; SAVE V_STORE decl ccib.f90:2703 write ccib.f90:2717; SAVE W_STORE decl ccib.f90:2703 write ccib.f90:2718; prev-step read CC_NRCFACE_H@ccib.f90:2813 (first writer site main.f90:1069); prev-step read RCF_H@ccib.f90:2814 (first writer site main.f90:1069),,,POINT_TO_MESH pointer IBP1@ccib.f90:2712
predictor/corrector,predictor/corrector,,CC_SCALARS::CC_RESCALE_OMESH_STAGGERED_TO_CUTFACE,ccib.f90,main.f90:921,1,VELOCITY_BC > CC_RESCALE_OMESH_STAGGERED_TO_CUTFACE; called by VELOCITY_BC (velo.f90:1899),16,7,0,0,yes,no,no,no,omesh_copy|other_mesh,0,0,0,no,0,omesh_copy read NIC_R@ccib.f90:13868; omesh_copy read I_MAX_R@ccib.f90:13870; omesh_copy read I_MIN_R@ccib.f90:13870 (+21),,,,
predictor/corrector,predictor/corrector,,CC_SCALARS::CC_RESCALE_OMESH_STAGGERED_TO_CUTFACE::OM_CART_TO_VEL_CF,ccib.f90,main.f90:921,2,VELOCITY_BC > CC_RESCALE_OMESH_STAGGERED_TO_CUTFACE > OM_CART_TO_VEL_CF; called by CC_RESCALE_OMESH_STAGGERED_TO_CUTFACE (ccib.f90:13875),2,0,0,0,no,no,no,no,,0,0,0,no,2,,,,,
predictor/corrector,predictor/corrector,,CC_SCALARS::CC_RESTORE_UVW_UNLINKED,ccib.f90,main.f90:779,0,CC_RESTORE_UVW_UNLINKED,19,5,5,5,no,yes,no,no,,4,0,2,yes,8,,global-write BC@ccib.f90:3598; global-write CF@ccib.f90:3586; global-write EWC@ccib.f90:3597; global-write WC@ccib.f90:3595; prev-step read EXTERNAL_WALL@ccib.f90:3597 (first writer site main.f90:840); prev-step read RC_FACE@ccib.f90:3576 (first writer site main.f90:840),,,POINT_TO_MESH pointer KBAR@ccib.f90:3560
predictor/corrector,predictor/corrector,,CC_SCALARS::CC_ROTATED_CUBE_RHS_ZZ,ccib.f90,main.f90:786,2,CC_DENSITY > CC_DENSITY_EXPLICIT > CC_ROTATED_CUBE_RHS_ZZ; called by CC_DENSITY_EXPLICIT (ccib.f90:11934),14,0,11,4,no,yes,no,no,,4,0,1,yes,3,,global-write F_Z@ccib.f90:6538; global-write ROTANG@ccib.f90:6486; global-write ROTMAT@ccib.f90:6496; global-write TROTMAT@ccib.f90:6498; prev-step read CCVAR@ccib.f90:6527 (first writer site main.f90:850),,,POINT_TO_MESH pointer RHO@ccib.f90:6509
predictor/corrector,predictor/corrector,,CC_SCALARS::CC_STORE_FACE_FV,ccib.f90,main.f90:819,2,VELOCITY_FLUX > CC_VELOCITY_FLUX > CC_STORE_FACE_FV; called by CC_VELOCITY_FLUX (ccib.f90:15209),9,1,0,0,no,yes,no,no,,0,0,3,yes,3,,prev-step read FVX_B@ccib.f90:15618 (first writer site main.f90:855); prev-step read FVY_B@ccib.f90:15620 (first writer site main.f90:855); prev-step read FVZ_B@ccib.f90:15622 (first writer site main.f90:855),,,POINT_TO_MESH pointer CUT_FACE@ccib.f90:15589
predictor/corrector,predictor/corrector,,CC_SCALARS::CC_VELOCITY_BC,ccib.f90,main.f90:819,1,VELOCITY_FLUX > CC_VELOCITY_BC; called by VELOCITY_FLUX (velo.f90:609),22,4,3,2,no,yes,no,no,,1,0,0,yes,9,,global-write CF@ccib.f90:13950,,,POINT_TO_MESH pointer US@ccib.f90:13928
predictor/corrector,predictor/corrector,,CC_SCALARS::CC_VELOCITY_BC::CC_CUTEDGE_DUIDXJ_TAU_OMG,ccib.f90,main.f90:819,2,VELOCITY_FLUX > CC_VELOCITY_BC > CC_CUTEDGE_DUIDXJ_TAU_OMG; called by CC_VELOCITY_BC (ccib.f90:13983),7,2,1,0,no,no,no,no,,0,0,0,yes,2,,,,,POINT_TO_MESH pointer IBAR@ccib.f90:14023
predictor/corrector,predictor/corrector,,CC_SCALARS::CC_VELOCITY_BC::CC_EDGE_TAU_OMG,ccib.f90,main.f90:819,2,VELOCITY_FLUX > CC_VELOCITY_BC > CC_EDGE_TAU_OMG; called by CC_VELOCITY_BC (ccib.f90:13991),21,3,6,0,no,yes,no,no,,0,0,2,yes,7,,prev-step read CCVAR@ccib.f90:14744 (first writer site main.f90:850); prev-step read CELL@ccib.f90:14312 (first writer site main.f90:942),,,POINT_TO_MESH pointer EDGE@ccib.f90:14244
predictor/corrector,predictor/corrector,,CC_SCALARS::CC_VELOCITY_BC::CC_RCEDGE_DUIDXJ,ccib.f90,main.f90:819,2,VELOCITY_FLUX > CC_VELOCITY_BC > CC_RCEDGE_DUIDXJ; called by CC_VELOCITY_BC (ccib.f90:13977),6,1,0,0,no,no,no,no,,0,0,0,yes,1,,,,,POINT_TO_MESH pointer EDGE@ccib.f90:14098
predictor/corrector,predictor/corrector,,CC_SCALARS::CC_VELOCITY_BC::CC_RCEDGE_TAU_OMG,ccib.f90,main.f90:819,2,VELOCITY_FLUX > CC_VELOCITY_BC > CC_RCEDGE_TAU_OMG; called by CC_VELOCITY_BC (ccib.f90:13999),1,1,0,0,no,no,no,no,,0,0,0,yes,1,,,,,POINT_TO_MESH pointer EDGE@ccib.f90:14220
predictor/corrector,predictor/corrector,,CC_SCALARS::CC_VELOCITY_CUTFACES,ccib.f90,main.f90:905,1,CC_END_STEP > CC_VELOCITY_CUTFACES; called by CC_END_STEP (ccib.f90:7655),11,7,2,0,no,no,no,no,,0,0,0,yes,2,,,,,POINT_TO_MESH pointer US@ccib.f90:6928
predictor/corrector,predictor/corrector,,CC_SCALARS::CC_VELOCITY_FLUX,ccib.f90,main.f90:819,1,VELOCITY_FLUX > CC_VELOCITY_FLUX; called by VELOCITY_FLUX (velo.f90:852),17,4,11,5,no,yes,no,no,,3,0,2,yes,7,,global-write CC@ccib.f90:15076; global-write CF@ccib.f90:15065; global-write RCF@ccib.f90:15101; prev-step read CCVAR@ccib.f90:15109 (first writer site main.f90:850); prev-step read RC_FACE@ccib.f90:15101 (first writer site main.f90:840),,,POINT_TO_MESH pointer FCVAR@ccib.f90:15060
predictor/corrector,predictor/corrector,,CC_SCALARS::CFACE_PREDICT_NORMAL_VELOCITY,ccib.f90,main.f90:840,1,DIVERGENCE_PART_1 > CFACE_PREDICT_NORMAL_VELOCITY; called by DIVERGENCE_PART_1 (divg.f90:100),7,2,6,2,no,yes,no,no,,2,0,0,yes,5,,global-write B1@ccib.f90:6006; global-write CFA@ccib.f90:6005,,,POINT_TO_MESH pointer PBAR_S@ccib.f90:5995
predictor/corrector,predictor/corrector,,CC_SCALARS::GET_ADVDIFFVECTOR_SCALAR_3D,ccib.f90,main.f90:786,2,CC_DENSITY > CC_DENSITY_EXPLICIT > GET_ADVDIFFVECTOR_SCALAR_3D; called by CC_DENSITY_EXPLICIT (ccib.f90:11928),33,0,11,11,no,yes,no,no,,11,0,3,yes,16,,global-write B1@ccib.f90:13732; global-write BC@ccib.f90:13733; global-write CFA@ccib.f90:13831; global-write F_Z@ccib.f90:13679; prev-step read CCVAR@ccib.f90:13675 (first writer site main.f90:850); prev-step read RC_FACE@ccib.f90:13730 (first writer site main.f90:840); prev-step read UVW_SAVE@ccib.f90:13775 (first writer site main.f90:914),,,POINT_TO_MESH pointer ZZ@ccib.f90:13633
predictor/corrector,predictor/corrector,,CC_SCALARS::GET_CCIFACE_RHOHS_LIM,ccib.f90,main.f90:840,3,DIVERGENCE_PART_1 > CC_DIVERGENCE_PART_1 > CCENTHALPY_ADVECTION > GET_CCIFACE_RHOHS_LIM; called by CCENTHALPY_ADVECTION (ccib.f90:10109),12,0,2,0,no,yes,no,no,,0,0,3,yes,4,,prev-step read CCVAR@ccib.f90:13595 (first writer site main.f90:850); prev-step read CELL@ccib.f90:13595 (first writer site main.f90:942); prev-step read CELL_INDEX@ccib.f90:13595 (first writer site main.f90:942),,,POINT_TO_MESH pointer RHO@ccib.f90:13566
predictor/corrector,predictor/corrector,,CC_SCALARS::GET_CCIFACE_RHOZZ_LIM,ccib.f90,main.f90:786,3,CC_DENSITY > CC_DENSITY_EXPLICIT > GET_ADVDIFFVECTOR_SCALAR_3D > GET_CCIFACE_RHOZZ_LIM; called by GET_ADVDIFFVECTOR_SCALAR_3D (ccib.f90:13781),11,0,1,0,no,yes,no,no,,0,0,3,yes,4,,prev-step read CCVAR@ccib.f90:13539 (first writer site main.f90:850); prev-step read CELL@ccib.f90:13539 (first writer site main.f90:942); prev-step read CELL_INDEX@ccib.f90:13539 (first writer site main.f90:942),,,POINT_TO_MESH pointer RHO@ccib.f90:13514
predictor/corrector,predictor/corrector,,CC_SCALARS::GET_CC_CELL_DIFFUSIVITY,ccib.f90,main.f90:840,3,DIVERGENCE_PART_1 > CC_DIVERGENCE_PART_1 > CC_DIFFUSIVE_MASS_FLUXES > GET_CC_CELL_DIFFUSIVITY; called by CC_DIFFUSIVE_MASS_FLUXES (ccib.f90:11285),0,0,3,0,no,no,no,no,,0,0,0,no,0,,,,,
predictor/corrector,predictor/corrector,,CC_SCALARS::GET_CUTCELL_DDDT,ccib.f90,main.f90:850,1,DIVERGENCE_PART_2 > GET_CUTCELL_DDDT; called by DIVERGENCE_PART_2 (divg.f90:1636),7,1,3,0,no,yes,no,no,,0,0,2,yes,4,,prev-step read CELL@ccib.f90:2629 (first writer site main.f90:942); prev-step read CELL_INDEX@ccib.f90:2629 (first writer site main.f90:942),,,POINT_TO_MESH pointer D_PBAR_DT_S@ccib.f90:2616
predictor/corrector,predictor/corrector,,CC_SCALARS::GET_EXPLICIT_ADVDIFFVECTOR_SCALAR_3D,ccib.f90,main.f90:786,2,CC_DENSITY > CC_DENSITY_EXPLICIT > GET_EXPLICIT_ADVDIFFVECTOR_SCALAR_3D; called by CC_DENSITY_EXPLICIT (ccib.f90:11925),39,3,16,13,no,yes,no,no,,13,0,5,yes,17,,global-write B1@ccib.f90:12089; global-write BC@ccib.f90:12090; global-write F_TEMP@ccib.f90:12067; global-write F_Z@ccib.f90:12181; prev-step read CCVAR@ccib.f90:12177 (first writer site main.f90:850); prev-step read CELL@ccib.f90:12266 (first writer site main.f90:942); prev-step read CELL_INDEX@ccib.f90:12266 (first writer site main.f90:942),,,POINT_TO_MESH pointer WORK_U@ccib.f90:12075
predictor/corrector,predictor/corrector,,CC_SCALARS::GET_LINKED_VELOCITIES,ccib.f90,main.f90:850,1,DIVERGENCE_PART_2 > GET_LINKED_VELOCITIES; called by DIVERGENCE_PART_2 (divg.f90:1568),30,16,7,5,yes,yes,no,no,omesh_copy|other_mesh,4,0,2,yes,12,other_mesh arg CELL@ccib.f90:3261; other_mesh read CELL_INDEX@ccib.f90:3261; other_mesh read FCVAR@ccib.f90:3262 (+12),global-write BC@ccib.f90:3135; global-write CF@ccib.f90:3068; global-write EWC@ccib.f90:3134; global-write WC@ccib.f90:3132; prev-step read CELL@ccib.f90:3261 (first writer site main.f90:942); prev-step read CELL_INDEX@ccib.f90:3261 (first writer site main.f90:942),,,POINT_TO_MESH pointer UN_LNK@ccib.f90:3027
predictor/corrector,predictor/corrector,,CC_SCALARS::GET_M_DOT_PPP_SCALAR_3D,ccib.f90,main.f90:786,2,CC_DENSITY > CC_DENSITY_EXPLICIT > GET_M_DOT_PPP_SCALAR_3D; called by CC_DENSITY_EXPLICIT (ccib.f90:11931),12,3,7,1,no,yes,no,no,,1,0,3,yes,5,,global-write F_Z@ccib.f90:12010; prev-step read CCVAR@ccib.f90:12006 (first writer site main.f90:850); prev-step read CELL@ccib.f90:12017 (first writer site main.f90:942); prev-step read CELL_INDEX@ccib.f90:12017 (first writer site main.f90:942),,,POINT_TO_MESH pointer KBAR@ccib.f90:12003
predictor/corrector,predictor/corrector,,CC_SCALARS::GET_OPENBC_TANGENTIAL_CUTFACE_VEL,ccib.f90,main.f90:921,1,VELOCITY_BC > GET_OPENBC_TANGENTIAL_CUTFACE_VEL; called by VELOCITY_BC (velo.f90:2189),9,0,0,0,no,no,no,no,,0,0,0,yes,0,,,,,POINT_TO_MESH pointer JBAR@ccib.f90:413
predictor/corrector,predictor/corrector,,CC_SCALARS::GET_OPENBC_TANGENTIAL_CUTFACE_VEL::SET_GHOSTFACE_VEL_FREESLIP,ccib.f90,main.f90:921,2,VELOCITY_BC > GET_OPENBC_TANGENTIAL_CUTFACE_VEL > SET_GHOSTFACE_VEL_FREESLIP; called by GET_OPENBC_TANGENTIAL_CUTFACE_VEL (ccib.f90:427),2,1,0,0,no,no,no,no,,0,0,0,yes,2,,,,,POINT_TO_MESH pointer FCVAR@ccib.f90:461
predictor/corrector,predictor/corrector,,CC_SCALARS::GET_OPENBC_TANGENTIAL_CUTFACE_VEL::SET_GHOSTFACE_VEL_WIND,ccib.f90,main.f90:921,2,VELOCITY_BC > GET_OPENBC_TANGENTIAL_CUTFACE_VEL > SET_GHOSTFACE_VEL_WIND; called by GET_OPENBC_TANGENTIAL_CUTFACE_VEL (ccib.f90:446),2,1,0,0,no,no,no,no,,0,0,0,yes,2,,,,,POINT_TO_MESH pointer FCVAR@ccib.f90:492
predictor/corrector,predictor/corrector,,CC_SCALARS::GET_RHOZZVECTOR_SCALAR_3D,ccib.f90,main.f90:786,2,CC_DENSITY > CC_DENSITY_EXPLICIT > GET_RHOZZVECTOR_SCALAR_3D; called by CC_DENSITY_EXPLICIT (ccib.f90:11937),16,0,9,3,no,yes,no,no,,3,0,3,yes,6,,global-write CC@ccib.f90:13454; global-write RZ_Z@ccib.f90:13434; global-write RZ_ZS@ccib.f90:13435; prev-step read CCVAR@ccib.f90:13445 (first writer site main.f90:850); prev-step read CELL@ccib.f90:13454 (first writer site main.f90:942); prev-step read CELL_INDEX@ccib.f90:13454 (first writer site main.f90:942),,,POINT_TO_MESH pointer KBAR@ccib.f90:13442
predictor/corrector,predictor/corrector,,CC_SCALARS::GET_RHOZZ_CC_3D,ccib.f90,main.f90:786,2,CC_DENSITY > CC_DENSITY_EXPLICIT > GET_RHOZZ_CC_3D; called by CC_DENSITY_EXPLICIT (ccib.f90:11979),20,5,12,1,no,yes,no,no,,1,0,3,yes,5,,global-write CC@ccib.f90:13202; prev-step read CCVAR@ccib.f90:13322 (first writer site main.f90:850); prev-step read CELL@ccib.f90:13203 (first writer site main.f90:942); prev-step read CELL_INDEX@ccib.f90:13203 (first writer site main.f90:942),,,POINT_TO_MESH pointer RHOS@ccib.f90:13197
predictor/corrector,predictor/corrector,,CC_SCALARS::GET_SHUNN3_QZ,ccib.f90,main.f90:786,2,CC_DENSITY > CC_DENSITY_EXPLICIT > GET_SHUNN3_QZ; called by CC_DENSITY_EXPLICIT (ccib.f90:11933),11,0,5,1,no,yes,no,no,,1,0,1,yes,3,,global-write F_Z@ccib.f90:6638; prev-step read CCVAR@ccib.f90:6632 (first writer site main.f90:850),,,POINT_TO_MESH pointer KBAR@ccib.f90:6629
predictor/corrector,predictor/corrector,,CC_SCALARS::GET_VELOC_DIVERGENCE_CUTCELL,ccib.f90,main.f90:850,2,DIVERGENCE_PART_2 > GET_CUTCELL_DDDT > GET_VELOC_DIVERGENCE_CUTCELL; called by GET_CUTCELL_DDDT (ccib.f90:2635),11,0,0,0,no,no,no,no,,0,0,0,yes,2,,,,,POINT_TO_MESH pointer CUT_CELL@ccib.f90:16536
predictor/corrector,predictor/corrector,,CC_SCALARS::PUT_RHOZZVECTOR_SCALAR_3D,ccib.f90,main.f90:786,2,CC_DENSITY > CC_DENSITY_EXPLICIT > PUT_RHOZZVECTOR_SCALAR_3D; called by CC_DENSITY_EXPLICIT (ccib.f90:11971),10,2,7,1,no,yes,no,no,,1,0,3,yes,5,,global-write CC@ccib.f90:13390; prev-step read CCVAR@ccib.f90:13411 (first writer site main.f90:850); prev-step read CELL@ccib.f90:13390 (first writer site main.f90:942); prev-step read CELL_INDEX@ccib.f90:13390 (first writer site main.f90:942),,,POINT_TO_MESH pointer ZZS@ccib.f90:13388
predictor/corrector,predictor/corrector,,CC_SCALARS::ROTATED_CUBE_NEUMN_FZ,ccib.f90,main.f90:780,2,DENSITY > ROTATED_CUBE_RHS_ZZ > ROTATED_CUBE_NEUMN_FZ; called by ROTATED_CUBE_RHS_ZZ (ccib.f90:6458),0,0,0,0,no,no,no,no,,0,0,0,no,0,,,,,
predictor/corrector,predictor/corrector,,CC_SCALARS::ROTATED_CUBE_RHS_ZZ,ccib.f90,main.f90:780,1,DENSITY > ROTATED_CUBE_RHS_ZZ; called by DENSITY (mass.f90:497),13,1,7,3,no,yes,no,no,,3,0,3,yes,3,,global-write ROTANG@ccib.f90:6410; global-write ROTMAT@ccib.f90:6420; global-write TROTMAT@ccib.f90:6422; prev-step read CCVAR@ccib.f90:6447 (first writer site main.f90:850); prev-step read CELL@ccib.f90:6445 (first writer site main.f90:942); prev-step read CELL_INDEX@ccib.f90:6445 (first writer site main.f90:942),,,POINT_TO_MESH pointer RHO@ccib.f90:6430
predictor/corrector,predictor/corrector,,CC_SCALARS::ROTATED_CUBE_VELOCITY_FLUX,ccib.f90,main.f90:819,1,VELOCITY_FLUX > ROTATED_CUBE_VELOCITY_FLUX; called by VELOCITY_FLUX (velo.f90:843),13,2,6,3,no,yes,no,no,,3,0,0,yes,1,,global-write ROTANG@ccib.f90:6106; global-write ROTMAT@ccib.f90:6116; global-write TROTMAT@ccib.f90:6118,,,POINT_TO_MESH pointer RHO@ccib.f90:6101
predictor/corrector,predictor/corrector,,CC_SCALARS::SET_EXIMADVFLX_3D,ccib.f90,main.f90:780,1,DENSITY > SET_EXIMADVFLX_3D; called by DENSITY (mass.f90:460),8,3,1,0,no,no,no,no,,0,0,0,yes,4,,,,,POINT_TO_MESH pointer CC_REGFACE_IAXIS_Z@ccib.f90:8016
predictor/corrector,predictor/corrector,,CC_SCALARS::SET_EXIMDIFFLX_3D,ccib.f90,main.f90:840,1,DIVERGENCE_PART_1 > SET_EXIMDIFFLX_3D; called by DIVERGENCE_PART_1 (divg.f90:265),8,3,1,0,no,no,no,no,,0,0,0,yes,5,,,,,POINT_TO_MESH pointer CC_REGFACE_IAXIS_Z@ccib.f90:8224
predictor/corrector,predictor/corrector,,CC_SCALARS::SET_EXIMRHOHSLIM_3D,ccib.f90,main.f90:840,1,DIVERGENCE_PART_1 > SET_EXIMRHOHSLIM_3D; called by DIVERGENCE_PART_1 (divg.f90:599),11,3,5,3,no,yes,no,no,,3,0,0,yes,7,,global-write B1@ccib.f90:8144; global-write BC@ccib.f90:8145; global-write WC@ccib.f90:8142,,,POINT_TO_MESH pointer WORK2@ccib.f90:8118
predictor/corrector,predictor/corrector,,CC_SCALARS::SET_EXIMRHOZZLIM_3D,ccib.f90,main.f90:840,1,DIVERGENCE_PART_1 > SET_EXIMRHOZZLIM_3D; called by DIVERGENCE_PART_1 (divg.f90:658),9,3,2,2,no,yes,no,no,,2,0,0,yes,6,,global-write B1@ccib.f90:8082; global-write WC@ccib.f90:8081,,,POINT_TO_MESH pointer SWORK1@ccib.f90:8058
predictor/corrector,predictor/corrector,,DIVG::DIVERGENCE_PART_1,divg.f90,main.f90:840,0,DIVERGENCE_PART_1,73,23,33,9,no,yes,no,no,,8,0,5,yes,10,,global-write RHOP@divg.f90:63; global-write UU@divg.f90:64; global-write VV@divg.f90:65; global-write WW@divg.f90:66; prev-step read CCVAR@divg.f90:742 (first writer site main.f90:850); prev-step read CELL@divg.f90:466 (first writer site main.f90:942); prev-step read CELL_INDEX@divg.f90:466 (first writer site main.f90:942),serial/presum x6 @divg.f90:739,,POINT_TO_MESH pointer DS@divg.f90:61
predictor/corrector,predictor/corrector,,DIVG::DIVERGENCE_PART_2,divg.f90,main.f90:850,0,DIVERGENCE_PART_2,32,7,13,3,no,yes,no,no,,2,0,2,yes,7,,global-write USUM@divg.f90:1506; global-write P_ZONE@divg.f90:1520; prev-step read CELL@divg.f90:1530 (first writer site main.f90:942); prev-step read CELL_INDEX@divg.f90:1530 (first writer site main.f90:942),serial/presum x1 @divg.f90:1506,,POINT_TO_MESH pointer DS@divg.f90:1461
predictor/corrector,predictor/corrector,,DIVG::ENTHALPY_ADVECTION_NEW,divg.f90,main.f90:840,1,DIVERGENCE_PART_1 > ENTHALPY_ADVECTION_NEW; called by DIVERGENCE_PART_1 (divg.f90:589),33,5,9,0,no,yes,no,no,,0,0,3,yes,6,,prev-step read CELL@divg.f90:871 (first writer site main.f90:942); prev-step read CELL_INDEX@divg.f90:871 (first writer site main.f90:942); prev-step read UVW_SAVE@divg.f90:933 (first writer site main.f90:914),,,POINT_TO_MESH pointer WORK_PAD@divg.f90:803
predictor/corrector,predictor/corrector,,DIVG::MERGE_PRESSURE_ZONES,divg.f90,main.f90:840,1,DIVERGENCE_PART_1 > MERGE_PRESSURE_ZONES; called by DIVERGENCE_PART_1 (divg.f90:88),7,0,0,1,no,yes,no,no,,1,0,2,yes,5,,global-write CONNECTED_ZONES@divg.f90:1309; prev-step read CELL@divg.f90:1305 (first writer site main.f90:942); prev-step read CELL_INDEX@divg.f90:1305 (first writer site main.f90:942),,,POINT_TO_MESH pointer N_EXTERNAL_WALL_CELLS@divg.f90:1301
predictor/corrector,predictor/corrector,,DIVG::PREDICT_NORMAL_VELOCITY,divg.f90,main.f90:840,1,DIVERGENCE_PART_1 > PREDICT_NORMAL_VELOCITY; called by DIVERGENCE_PART_1 (divg.f90:94),9,2,4,0,no,yes,no,no,,0,0,1,yes,4,,prev-step read VENTS@divg.f90:1380 (first writer site main.f90:919),,,POINT_TO_MESH pointer WALL@divg.f90:1336
predictor/corrector,predictor/corrector,,DIVG::SPECIES_ADVECTION_PART_1_NEW,divg.f90,main.f90:840,1,DIVERGENCE_PART_1 > SPECIES_ADVECTION_PART_1_NEW; called by DIVERGENCE_PART_1 (divg.f90:638),27,4,10,0,no,yes,no,no,,0,0,2,yes,6,,prev-step read CELL@divg.f90:1036 (first writer site main.f90:942); prev-step read CELL_INDEX@divg.f90:1036 (first writer site main.f90:942),,,POINT_TO_MESH pointer SWORK1@divg.f90:988
predictor/corrector,predictor/corrector,,DIVG::SPECIES_ADVECTION_PART_2,divg.f90,main.f90:840,1,DIVERGENCE_PART_1 > SPECIES_ADVECTION_PART_2; called by DIVERGENCE_PART_1 (divg.f90:642),28,1,7,0,no,yes,no,no,,0,0,3,yes,6,,prev-step read CELL@divg.f90:1273 (first writer site main.f90:942); prev-step read CELL_INDEX@divg.f90:1272 (first writer site main.f90:942); prev-step read UVW_SAVE@divg.f90:1260 (first writer site main.f90:914),,,POINT_TO_MESH pointer SWORK1@divg.f90:1232
predictor/corrector,predictor/corrector,,MATH_FUNCTIONS::GET_SCALAR_FACE_VALUE,func.f90,main.f90:767,1,MASS_FINITE_DIFFERENCES > GET_SCALAR_FACE_VALUE; called by MASS_FINITE_DIFFERENCES (mass.f90:84),0,0,0,0,no,no,no,no,,0,0,0,no,0,,,,,
predictor/corrector,predictor/corrector,,MATH_FUNCTIONS::GET_SCALAR_FACE_VALUE::MP5,func.f90,main.f90:767,2,MASS_FINITE_DIFFERENCES > GET_SCALAR_FACE_VALUE > MP5; called by GET_SCALAR_FACE_VALUE (func.f90:1445),0,0,0,0,no,no,no,no,,0,0,0,no,0,,,,,
predictor/corrector,predictor/corrector,,MATH_FUNCTIONS::MINMOD2,func.f90,main.f90:767,3,MASS_FINITE_DIFFERENCES > GET_SCALAR_FACE_VALUE > MP5 > MINMOD2; called by MP5 (func.f90:1467),0,0,0,0,no,no,no,no,,0,0,0,no,0,,,,,
predictor/corrector,predictor/corrector,,MATH_FUNCTIONS::MINMOD4,func.f90,main.f90:767,3,MASS_FINITE_DIFFERENCES > GET_SCALAR_FACE_VALUE > MP5 > MINMOD4; called by MP5 (func.f90:1474),0,0,0,0,no,no,no,no,,0,0,0,no,0,,,,,
predictor/corrector,predictor/corrector,,PHYSICAL_FUNCTIONS::COMPUTE_WIND_COMPONENTS,func.f90,main.f90:819,1,VELOCITY_FLUX > COMPUTE_WIND_COMPONENTS; called by VELOCITY_FLUX (velo.f90:837),2,3,0,0,no,no,no,no,,0,0,0,no,0,,,,,
predictor/corrector,predictor/corrector|solid_phase|particles|output,,PHYSICAL_FUNCTIONS::GET_CONDUCTIVITY,func.f90,main.f90:840,1,DIVERGENCE_PART_1 > GET_CONDUCTIVITY; called by DIVERGENCE_PART_1 (divg.f90:468),0,0,3,0,no,no,no,no,,0,0,0,no,0,,,,,
predictor/corrector,predictor/corrector|species_combustion|output,,PHYSICAL_FUNCTIONS::GET_SENSIBLE_ENTHALPY_Z,func.f90,main.f90:840,1,DIVERGENCE_PART_1 > GET_SENSIBLE_ENTHALPY_Z; called by DIVERGENCE_PART_1 (divg.f90:302),0,0,2,0,no,no,no,no,,0,0,0,no,0,,,,,
predictor/corrector,predictor/corrector|species_combustion|solid_phase|particles|output|other/shared,,PHYSICAL_FUNCTIONS::GET_SPECIFIC_GAS_CONSTANT,func.f90,main.f90:780,1,DENSITY > GET_SPECIFIC_GAS_CONSTANT; called by DENSITY (mass.f90:561),0,0,0,0,no,no,no,no,,0,0,0,no,0,,,,,
predictor/corrector,predictor/corrector,,TRAN::G,func.f90,main.f90:819,3,VELOCITY_FLUX > PATCH_VELOCITY_FLUX > GINV > G; called by GINV (func.f90:6738),0,0,1,0,no,no,no,no,,0,0,0,no,0,,,,,
predictor/corrector,predictor/corrector,,TRAN::GINV,func.f90,main.f90:819,2,VELOCITY_FLUX > PATCH_VELOCITY_FLUX > GINV; called by PATCH_VELOCITY_FLUX (velo.f90:1098),0,0,1,0,no,no,no,no,,0,0,0,no,0,,,,,
predictor/corrector,predictor/corrector,,TRAN::GP,func.f90,main.f90:819,3,VELOCITY_FLUX > PATCH_VELOCITY_FLUX > GINV > GP; called by GINV (func.f90:6740),0,0,1,0,no,no,no,no,,0,0,0,no,0,,,,,
predictor/corrector,predictor/corrector,,FDS::INITIALIZE_DIVERGENCE_INTEGRALS,main.f90,main.f90:835,0,INITIALIZE_DIVERGENCE_INTEGRALS,0,0,2,4,no,yes,no,no,,4,0,0,no,0,,global-write CONNECTED_ZONES@main.f90:2016; global-write DSUM@main.f90:2013; global-write PSUM@main.f90:2012; global-write USUM@main.f90:2011,,,
predictor/corrector,predictor/corrector,,MASS::DENSITY,mass.f90,main.f90:780,0,DENSITY,48,17,14,1,no,yes,no,no,,0,0,6,yes,4,,prev-step read CELL@mass.f90:446 (first writer site main.f90:942); prev-step read CELL_INDEX@mass.f90:446 (first writer site main.f90:942); prev-step read D_PBAR_DT@mass.f90:548 (first writer site main.f90:850),,,POINT_TO_MESH pointer WORK_U@mass.f90:399
predictor/corrector,predictor/corrector,,MASS::DENSITY::CHECK_MASS_DENSITY,mass.f90,main.f90:780,1,DENSITY > CHECK_MASS_DENSITY; called by DENSITY (mass.f90:518),16,8,4,0,no,yes,no,no,,0,0,2,yes,2,,prev-step read CELL@mass.f90:811 (first writer site main.f90:942); prev-step read CELL_INDEX@mass.f90:810 (first writer site main.f90:942),,,POINT_TO_MESH pointer WORK4@mass.f90:784
predictor/corrector,predictor/corrector,,MASS::DENSITY::CLIP_PASSIVE_SCALARS,mass.f90,main.f90:780,1,DENSITY > CLIP_PASSIVE_SCALARS; called by DENSITY (mass.f90:540),7,2,3,0,no,yes,no,no,,0,0,2,yes,2,,prev-step read CELL@mass.f90:983 (first writer site main.f90:942); prev-step read CELL_INDEX@mass.f90:983 (first writer site main.f90:942),,,POINT_TO_MESH pointer ZZS@mass.f90:975
predictor/corrector,predictor/corrector,,MASS::MASS_FINITE_DIFFERENCES,mass.f90,main.f90:767,0,MASS_FINITE_DIFFERENCES,27,5,8,1,no,yes,no,no,,0,0,6,yes,6,,prev-step read CELL@mass.f90:108 (first writer site main.f90:942); prev-step read CELL_INDEX@mass.f90:106 (first writer site main.f90:942); prev-step read RHO@mass.f90:48 (first writer site main.f90:780),,,POINT_TO_MESH pointer U@mass.f90:45
predictor/corrector,predictor/corrector,,SOOT_ROUTINES::SETTLING_VELOCITY,soot.f90,main.f90:780,1,DENSITY > SETTLING_VELOCITY; called by DENSITY (mass.f90:411),31,4,8,2,no,yes,no,no,,2,0,2,yes,5,,global-write BC@soot.f90:138; global-write WC@soot.f90:137; prev-step read CELL@soot.f90:63 (first writer site main.f90:942); prev-step read CELL_INDEX@soot.f90:63 (first writer site main.f90:942),,,POINT_TO_MESH pointer RHO@soot.f90:43
predictor/corrector,predictor/corrector|output,,MANUFACTURED_SOLUTIONS::VD2D_MMS_RHO,turb.f90,main.f90:863,2,VELOCITY_PREDICTOR > VD2D_MMS_U > VD2D_MMS_RHO; called by VD2D_MMS_U (turb.f90:3452),0,0,0,0,no,no,no,no,,0,0,0,no,0,,,,,
predictor/corrector,predictor/corrector|output,,MANUFACTURED_SOLUTIONS::VD2D_MMS_RHO_OF_Z,turb.f90,main.f90:863,3,VELOCITY_PREDICTOR > VD2D_MMS_U > VD2D_MMS_RHO > VD2D_MMS_RHO_OF_Z; called by VD2D_MMS_RHO (turb.f90:3444),0,0,0,0,no,no,no,no,,0,0,0,no,0,,,,,
predictor/corrector,predictor/corrector|output,,MANUFACTURED_SOLUTIONS::VD2D_MMS_U,turb.f90,main.f90:863,1,VELOCITY_PREDICTOR > VD2D_MMS_U; called by VELOCITY_PREDICTOR (velo.f90:1653),0,0,0,0,no,no,no,no,,0,0,0,no,0,,,,,
predictor/corrector,predictor/corrector,,MANUFACTURED_SOLUTIONS::VD2D_MMS_U_SRC_3,turb.f90,main.f90:819,2,VELOCITY_FLUX > MMS_VELOCITY_FLUX > VD2D_MMS_U_SRC_3; called by MMS_VELOCITY_FLUX (velo.f90:1043),0,0,0,0,no,no,no,no,,0,0,0,no,0,,,,,
predictor/corrector,predictor/corrector|output,,MANUFACTURED_SOLUTIONS::VD2D_MMS_V,turb.f90,main.f90:863,1,VELOCITY_PREDICTOR > VD2D_MMS_V; called by VELOCITY_PREDICTOR (velo.f90:1662),0,0,0,0,no,no,no,no,,0,0,0,no,0,,,,,
predictor/corrector,predictor/corrector,,MANUFACTURED_SOLUTIONS::VD2D_MMS_V_SRC_3,turb.f90,main.f90:819,2,VELOCITY_FLUX > MMS_VELOCITY_FLUX > VD2D_MMS_V_SRC_3; called by MMS_VELOCITY_FLUX (velo.f90:1051),0,0,0,0,no,no,no,no,,0,0,0,no,0,,,,,
predictor/corrector,predictor/corrector|output,,MANUFACTURED_SOLUTIONS::VD2D_MMS_Z,turb.f90,main.f90:863,3,VELOCITY_PREDICTOR > VD2D_MMS_U > VD2D_MMS_RHO > VD2D_MMS_Z; called by VD2D_MMS_RHO (turb.f90:3444),0,0,0,0,no,no,no,no,,0,0,0,no,0,,,,,
predictor/corrector,predictor/corrector,,MANUFACTURED_SOLUTIONS::VD2D_MMS_Z_SRC,turb.f90,main.f90:780,1,DENSITY > VD2D_MMS_Z_SRC; called by DENSITY (mass.f90:490),0,0,0,0,no,no,no,no,,0,0,0,no,0,,,,,
predictor/corrector,predictor/corrector,,TURBULENCE::CALC_VARDEN_LEONARD_TERM,turb.f90,main.f90:766,2,COMPUTE_VISCOSITY > VARDEN_DYNSMAG > CALC_VARDEN_LEONARD_TERM; called by VARDEN_DYNSMAG (turb.f90:656),19,10,1,0,no,yes,no,no,,0,0,2,yes,0,,prev-step read RHO@turb.f90:733 (first writer site main.f90:780); prev-step read RHOS@turb.f90:735 (first writer site main.f90:780),,,POINT_TO_MESH pointer RHO@turb.f90:733
predictor/corrector,predictor/corrector,,TURBULENCE::COMPRESSION_WAVE,turb.f90,main.f90:863,1,VELOCITY_PREDICTOR > COMPRESSION_WAVE; called by VELOCITY_PREDICTOR (velo.f90:1586),12,8,1,0,no,no,no,no,,0,0,0,yes,0,,,,,POINT_TO_MESH pointer KBAR@turb.f90:187
predictor/corrector,predictor/corrector,,TURBULENCE::EX2G3D,turb.f90,main.f90:766,2,COMPUTE_VISCOSITY > VARDEN_DYNSMAG > EX2G3D; called by VARDEN_DYNSMAG (turb.f90:538),9,0,0,0,no,no,no,no,,0,0,0,yes,0,,,,,POINT_TO_MESH pointer IBAR@turb.f90:847
predictor/corrector,predictor/corrector|output,,TURBULENCE::FILL_EDGES,turb.f90,main.f90:766,1,COMPUTE_VISCOSITY > FILL_EDGES; called by COMPUTE_VISCOSITY (velo.f90:171),6,0,0,0,no,no,no,no,,0,0,0,yes,0,,,,,POINT_TO_MESH pointer IBAR@turb.f90:882
predictor/corrector,predictor/corrector,,TURBULENCE::TENSOR_DIFFUSIVITY_MODEL,turb.f90,main.f90:840,1,DIVERGENCE_PART_1 > TENSOR_DIFFUSIVITY_MODEL; called by DIVERGENCE_PART_1 (divg.f90:187),33,7,1,0,no,no,no,no,,0,0,0,yes,0,,,,,POINT_TO_MESH pointer SWORK1@turb.f90:1305
predictor/corrector,predictor/corrector,,TURBULENCE::TEST_FILTER,turb.f90,main.f90:766,1,COMPUTE_VISCOSITY > TEST_FILTER; called by COMPUTE_VISCOSITY (velo.f90:182),3,0,1,0,no,no,no,no,,0,0,0,yes,0,,,,,POINT_TO_MESH pointer KBP1@turb.f90:979
predictor/corrector,predictor/corrector,,TURBULENCE::VARDEN_DYNSMAG,turb.f90,main.f90:766,1,COMPUTE_VISCOSITY > VARDEN_DYNSMAG; called by COMPUTE_VISCOSITY (velo.f90:113),36,19,1,0,no,yes,no,no,,0,0,2,yes,0,,prev-step read RHO@turb.f90:481 (first writer site main.f90:780); prev-step read RHOS@turb.f90:486 (first writer site main.f90:780),,,POINT_TO_MESH pointer U@turb.f90:478
predictor/corrector,predictor/corrector,,TURBULENCE::WALE_VISCOSITY,turb.f90,main.f90:766,1,COMPUTE_VISCOSITY > WALE_VISCOSITY; called by COMPUTE_VISCOSITY (velo.f90:274),0,0,1,0,no,no,no,no,,0,0,0,no,0,,,,,
predictor/corrector,predictor/corrector,,VELO::COMPUTE_VISCOSITY,velo.f90,main.f90:766,0,COMPUTE_VISCOSITY,46,16,11,1,no,yes,no,no,,0,0,10,yes,6,,prev-step read CELL@velo.f90:83 (first writer site main.f90:942); prev-step read CELL_INDEX@velo.f90:83 (first writer site main.f90:942); prev-step read RHO@velo.f90:62 (first writer site main.f90:780),,,POINT_TO_MESH pointer RHOS@velo.f90:56
predictor/corrector,predictor/corrector,,VELO::COMPUTE_VISCOSITY::COMPUTE_STRAIN_RATE,velo.f90,main.f90:766,1,COMPUTE_VISCOSITY > COMPUTE_STRAIN_RATE; called by COMPUTE_VISCOSITY (velo.f90:103),16,1,1,0,no,no,no,no,,0,0,0,yes,3,,,,,POINT_TO_MESH pointer KBAR@velo.f90:413
predictor/corrector,predictor/corrector,,VELO::MATCH_VELOCITY,velo.f90,main.f90:914,0,MATCH_VELOCITY,28,17,5,1,yes,no,no,no,omesh_copy|other_mesh,0,0,0,yes,4,omesh_copy ptr_target US@velo.f90:2686; omesh_copy ptr_target U@velo.f90:2687; other_mesh read DY@velo.f90:2691 (+10),,,,POINT_TO_MESH pointer US@velo.f90:2651
predictor/corrector,predictor/corrector,,VELO::VELOCITY_BC,velo.f90,main.f90:921,0,VELOCITY_BC,41,8,13,1,yes,yes,no,no,omesh_copy,0,0,1,yes,5,omesh_copy ptr_target US@velo.f90:1863; omesh_copy ptr_target VS@velo.f90:1864; omesh_copy ptr_target WS@velo.f90:1865 (+13),prev-step read CELL@velo.f90:1923 (first writer site main.f90:942),,,POINT_TO_MESH pointer US@velo.f90:1843
predictor/corrector,predictor/corrector,,VELO::VELOCITY_FLUX,velo.f90,main.f90:819,0,VELOCITY_FLUX,31,15,13,1,no,yes,no,no,,0,0,2,yes,2,,prev-step read CELL@velo.f90:678 (first writer site main.f90:942); prev-step read CELL_INDEX@velo.f90:677 (first writer site main.f90:942),,,POINT_TO_MESH pointer US@velo.f90:585
predictor/corrector,predictor/corrector,,VELO::VELOCITY_FLUX::CORIOLIS_FORCE,velo.f90,main.f90:819,1,VELOCITY_FLUX > CORIOLIS_FORCE; called by VELOCITY_FLUX (velo.f90:840),21,6,1,0,no,yes,no,no,,0,0,3,yes,2,,prev-step read U_GHOST@velo.f90:984 (first writer site main.f90:914); prev-step read V_GHOST@velo.f90:985 (first writer site main.f90:914); prev-step read W_GHOST@velo.f90:986 (first writer site main.f90:914),,,POINT_TO_MESH pointer WORK7@velo.f90:962
predictor/corrector,predictor/corrector,,VELO::VELOCITY_FLUX::DIRECT_FORCE,velo.f90,main.f90:819,1,VELOCITY_FLUX > DIRECT_FORCE; called by VELOCITY_FLUX (velo.f90:839),8,3,9,1,no,yes,no,no,,1,0,0,yes,0,,global-write FVEC@velo.f90:871,,,POINT_TO_MESH pointer KBAR@velo.f90:896
predictor/corrector,predictor/corrector,,VELO::VELOCITY_FLUX::MMS_VELOCITY_FLUX,velo.f90,main.f90:819,1,VELOCITY_FLUX > MMS_VELOCITY_FLUX; called by VELOCITY_FLUX (velo.f90:842),9,2,0,0,no,no,no,no,,0,0,0,yes,0,,,,,POINT_TO_MESH pointer KBAR@velo.f90:1040
predictor/corrector,predictor/corrector,,VELO::VELOCITY_FLUX::PATCH_VELOCITY_FLUX,velo.f90,main.f90:819,1,VELOCITY_FLUX > PATCH_VELOCITY_FLUX; called by VELOCITY_FLUX (velo.f90:841),31,3,3,0,no,yes,no,yes,,0,0,2,yes,2,,prev-step read CELL@velo.f90:1111 (first writer site main.f90:942); prev-step read CELL_INDEX@velo.f90:1109 (first writer site main.f90:942),,snap_computational(stretch_aware=yes)@velo.f90:1098; snap_computational(stretch_aware=yes)@velo.f90:1099; snap_computational(stretch_aware=yes)@velo.f90:1100,POINT_TO_MESH pointer HS@velo.f90:1076
predictor/corrector,predictor/corrector,,VELO::VELOCITY_FLUX_CYLINDRICAL,velo.f90,main.f90:820,0,VELOCITY_FLUX_CYLINDRICAL,25,4,3,1,no,yes,no,no,,0,0,2,yes,2,,prev-step read CELL@velo.f90:1279 (first writer site main.f90:942); prev-step read CELL_INDEX@velo.f90:1278 (first writer site main.f90:942),,,POINT_TO_MESH pointer US@velo.f90:1227
predictor/corrector,predictor/corrector,,VELO::VISCOSITY_BC,velo.f90,main.f90:818,0,VISCOSITY_BC,9,4,1,1,yes,yes,no,no,omesh_copy,0,0,1,yes,2,omesh_copy read MU@velo.f90:529; omesh_copy read KRES@velo.f90:530; omesh_copy read DS@velo.f90:532 (+1),prev-step read EXTERNAL_WALL@velo.f90:516 (first writer site main.f90:840),,,POINT_TO_MESH pointer N_EXTERNAL_WALL_CELLS@velo.f90:514
predictor/corrector,predictor/corrector,,VELO::WALL_VELOCITY_NO_GRADH,velo.f90,main.f90:863,1,VELOCITY_PREDICTOR > WALL_VELOCITY_NO_GRADH; called by VELOCITY_PREDICTOR (velo.f90:1640),15,6,3,0,no,yes,no,no,,0,1,2,yes,5,,SAVE UN_WALLS decl velo.f90:3331 write velo.f90:3345; prev-step read CELL@velo.f90:3389 (first writer site main.f90:942); prev-step read CELL_INDEX@velo.f90:3386 (first writer site main.f90:942),,,POINT_TO_MESH pointer N_INTERNAL_WALL_CELLS@velo.f90:3335
pressure,pressure,,CC_SCALARS::ADD_INPLACE_NNZ_H_WHLDOM,ccib.f90,main.f90:1069,3,GLOBAL_MATRIX_REASSIGN > GLMAT_SOLVER_SETUP > GET_MATRIXGRAPH_H_WHLDOM > ADD_INPLACE_NNZ_H_WHLDOM; called by GET_MATRIXGRAPH_H_WHLDOM (pres.f90:5386),0,0,1,1,no,yes,no,no,,1,0,0,no,0,,global-write ZONE_SOLVE@ccib.f90:21154,,,
pressure,pressure,,CC_SCALARS::CC_BAROCLINIC_CORRECTION,ccib.f90,main.f90:855,2,PRESSURE_ITERATION_SCHEME > BAROCLINIC_CORRECTION > CC_BAROCLINIC_CORRECTION; called by BAROCLINIC_CORRECTION (velo.f90:3311),25,7,4,3,no,yes,no,no,,2,0,0,yes,6,,global-write CF@ccib.f90:1683; global-write RCF@ccib.f90:1719,,,POINT_TO_MESH pointer RHO@ccib.f90:1668
pressure,pressure,,CC_SCALARS::CC_COMPUTE_VELOCITY_ERROR,ccib.f90,main.f90:855,1,PRESSURE_ITERATION_SCHEME > CC_COMPUTE_VELOCITY_ERROR; called by PRESSURE_ITERATION_SCHEME (main.f90:1691),45,2,7,5,yes,yes,no,no,omesh_copy|other_mesh,3,0,2,yes,9,other_mesh arg CELL@ccib.f90:15794; other_mesh read CELL_INDEX@ccib.f90:15794; other_mesh read FCVAR@ccib.f90:15795 (+27),global-write EWC@ccib.f90:15681; global-write VELOCITY_ERROR_MAX@ccib.f90:16174; global-write VELOCITY_ERROR_MAX_LOC@ccib.f90:16171; prev-step read CELL@ccib.f90:15794 (first writer site main.f90:942); prev-step read CELL_INDEX@ccib.f90:15794 (first writer site main.f90:942),,,POINT_TO_MESH pointer N_EXTERNAL_WALL_CELLS@ccib.f90:15668
pressure,pressure,,CC_SCALARS::CC_MATCH_VELOCITY_FLUX,ccib.f90,main.f90:855,2,PRESSURE_ITERATION_SCHEME > MATCH_VELOCITY_FLUX > CC_MATCH_VELOCITY_FLUX; called by MATCH_VELOCITY_FLUX (velo.f90:2879),21,4,5,5,yes,yes,no,no,omesh_copy|other_mesh,4,0,2,yes,6,other_mesh arg CELL@ccib.f90:5200; other_mesh read CELL_INDEX@ccib.f90:5200; other_mesh read FCVAR@ccib.f90:5201 (+9),global-write BC@ccib.f90:5175; global-write CF@ccib.f90:5353; global-write EWC@ccib.f90:5172; global-write WC@ccib.f90:5171; prev-step read CELL@ccib.f90:5200 (first writer site main.f90:942); prev-step read CELL_INDEX@ccib.f90:5200 (first writer site main.f90:942),,,POINT_TO_MESH pointer N_EXTERNAL_WALL_CELLS@ccib.f90:5169
pressure,pressure,,CC_SCALARS::CC_NO_FLUX,ccib.f90,main.f90:855,1,PRESSURE_ITERATION_SCHEME > CC_NO_FLUX; called by PRESSURE_ITERATION_SCHEME (main.f90:1634),17,2,12,5,no,yes,no,no,,3,0,0,yes,10,,global-write B1@ccib.f90:15523; global-write BC@ccib.f90:15515; global-write CF@ccib.f90:15464,,,POINT_TO_MESH pointer H@ccib.f90:15456
pressure,pressure,,CC_SCALARS::COMPUTE_LINKED_CUTFACE_BAROCLINIC,ccib.f90,main.f90:855,2,PRESSURE_ITERATION_SCHEME > PRESSURE_SOLVER_CHECK_RESIDUALS_U > COMPUTE_LINKED_CUTFACE_BAROCLINIC; called by PRESSURE_SOLVER_CHECK_RESIDUALS_U (pres.f90:5974),19,0,4,3,no,yes,no,no,,3,0,0,yes,8,,global-write A_LINK@ccib.f90:1867; global-write CF@ccib.f90:1931; global-write F_LINK@ccib.f90:1867,,,POINT_TO_MESH pointer KBAR@ccib.f90:1873
pressure,pressure,,CC_SCALARS::COPY_CC_MUNKH_TO_UNKH,ccib.f90,main.f90:1069,3,GLOBAL_MATRIX_REASSIGN > GLMAT_SOLVER_SETUP > COPY_HS_IN_CCVAR > COPY_CC_MUNKH_TO_UNKH; called by COPY_HS_IN_CCVAR (pres.f90:4260),7,4,2,2,yes,yes,no,no,omesh_copy|other_mesh,2,0,0,yes,4,omesh_copy read MUNKH@ccib.f90:22887; other_mesh read CCVAR@ccib.f90:22899; other_mesh write_component CUT_CELL@ccib.f90:22902 (+3),global-write EWC@ccib.f90:22876; global-write WC@ccib.f90:22875,,,POINT_TO_MESH pointer N_EXTERNAL_WALL_CELLS@ccib.f90:22873
pressure,pressure,,CC_SCALARS::COPY_CC_UNKH_TO_HS,ccib.f90,main.f90:1069,3,GLOBAL_MATRIX_REASSIGN > GLMAT_SOLVER_SETUP > COPY_CCVAR_IN_HS > COPY_CC_UNKH_TO_HS; called by COPY_CCVAR_IN_HS (pres.f90:4362),2,1,0,0,no,no,no,no,,0,0,0,yes,2,,,,,POINT_TO_MESH pointer HS@ccib.f90:22944
pressure,pressure,,CC_SCALARS::GET_BOUNDFACE_GEOM_INFO_H,ccib.f90,main.f90:1069,2,GLOBAL_MATRIX_REASSIGN > GLMAT_SOLVER_SETUP > GET_BOUNDFACE_GEOM_INFO_H; called by GLMAT_SOLVER_SETUP (pres.f90:3880),0,0,0,0,no,no,no,no,,0,0,0,no,0,,,,,
pressure,pressure,,CC_SCALARS::GET_CC_IROW,ccib.f90,main.f90:855,3,PRESSURE_ITERATION_SCHEME > GLMAT_SOLVER > GET_FH_FROM_PRHS_AND_BCS > GET_CC_IROW; called by GET_FH_FROM_PRHS_AND_BCS (ccib.f90:2131),2,0,2,0,no,no,no,no,,0,0,0,yes,2,,,,,POINT_TO_MESH pointer CCVAR@ccib.f90:20469
pressure,pressure,,CC_SCALARS::GET_CC_MATRIXGRAPH_H,ccib.f90,main.f90:1069,3,GLOBAL_MATRIX_REASSIGN > GLMAT_SOLVER_SETUP > GET_MATRIXGRAPH_H_WHLDOM > GET_CC_MATRIXGRAPH_H; called by GET_MATRIXGRAPH_H_WHLDOM (pres.f90:5460),17,3,12,17,yes,yes,no,no,omesh_copy,17,0,0,yes,9,omesh_copy read MUNKH@ccib.f90:20970,global-write BC@ccib.f90:21007; global-write CF@ccib.f90:20933; global-write EWC@ccib.f90:20958; global-write IHI_CELL@ccib.f90:20889,,,POINT_TO_MESH pointer RC_FACE@ccib.f90:20906
pressure,pressure,,CC_SCALARS::GET_CC_UNKH,ccib.f90,main.f90:1069,3,GLOBAL_MATRIX_REASSIGN > GLMAT_SOLVER_SETUP > GET_BCS_H_MATRIX > GET_CC_UNKH; called by GET_BCS_H_MATRIX (pres.f90:4956),2,0,0,0,no,no,no,no,,0,0,0,yes,2,,,,,POINT_TO_MESH pointer CCVAR@ccib.f90:20451
pressure,pressure,,CC_SCALARS::GET_CFACE_OPEN_BC_COEF,ccib.f90,main.f90:1069,3,GLOBAL_MATRIX_REASSIGN > ULMAT_SOLVER_SETUP > ULMAT_BCS_H_MATRIX > GET_CFACE_OPEN_BC_COEF; called by ULMAT_BCS_H_MATRIX (pres.f90:2765),1,0,0,0,no,no,no,no,,0,0,0,yes,1,,,,,POINT_TO_MESH pointer CUT_FACE@ccib.f90:2059
pressure,pressure,,CC_SCALARS::GET_CUTCELL_FH,ccib.f90,main.f90:855,3,PRESSURE_ITERATION_SCHEME > GLMAT_SOLVER > GET_FH_FROM_PRHS_AND_BCS > GET_CUTCELL_FH; called by GET_FH_FROM_PRHS_AND_BCS (ccib.f90:2102),5,0,3,1,no,yes,no,no,,1,0,2,yes,4,,global-write CC@ccib.f90:20532; prev-step read CELL@ccib.f90:20533 (first writer site main.f90:942); prev-step read CELL_INDEX@ccib.f90:20533 (first writer site main.f90:942),,,POINT_TO_MESH pointer CUT_CELL@ccib.f90:20532
pressure,pressure,,CC_SCALARS::GET_CUTCELL_HP,ccib.f90,main.f90:855,2,PRESSURE_ITERATION_SCHEME > GLMAT_SOLVER > GET_CUTCELL_HP; called by GLMAT_SOLVER (pres.f90:3581),5,1,4,1,no,yes,no,no,,1,0,2,yes,4,,global-write CC@ccib.f90:20491; prev-step read CELL@ccib.f90:20492 (first writer site main.f90:942); prev-step read CELL_INDEX@ccib.f90:20492 (first writer site main.f90:942),,,POINT_TO_MESH pointer CELL@ccib.f90:20492
pressure,pressure,,CC_SCALARS::GET_CUTFACE_BAROCLINIC_TORQUE,ccib.f90,main.f90:855,3,PRESSURE_ITERATION_SCHEME > BAROCLINIC_CORRECTION > CC_BAROCLINIC_CORRECTION > GET_CUTFACE_BAROCLINIC_TORQUE; called by CC_BAROCLINIC_CORRECTION (ccib.f90:1712),3,0,0,0,no,no,no,no,,0,0,0,yes,2,,,,,POINT_TO_MESH pointer CUT_CELL@ccib.f90:1792
pressure,pressure,,CC_SCALARS::GET_FH_FROM_PRHS_AND_BCS,ccib.f90,main.f90:855,2,PRESSURE_ITERATION_SCHEME > GLMAT_SOLVER > GET_FH_FROM_PRHS_AND_BCS; called by GLMAT_SOLVER (pres.f90:3366),29,0,5,1,no,yes,no,no,,1,0,0,yes,8,,global-write BC@ccib.f90:2122,,,POINT_TO_MESH pointer KBAR@ccib.f90:2088
pressure,pressure,,CC_SCALARS::GET_FN_DIVERGENCE_CUTCELL,ccib.f90,main.f90:855,3,PRESSURE_ITERATION_SCHEME > ULMAT_SOLVER > ULMAT_SOLVE_ZONE > GET_FN_DIVERGENCE_CUTCELL; called by ULMAT_SOLVE_ZONE (pres.f90:1511),11,0,0,0,no,no,no,no,,0,0,0,yes,2,,,,,POINT_TO_MESH pointer CUT_CELL@ccib.f90:16605
pressure,pressure,,CC_SCALARS::GET_H_CUTFACES,ccib.f90,main.f90:1069,2,GLOBAL_MATRIX_REASSIGN > ULMAT_SOLVER_SETUP > GET_H_CUTFACES; called by ULMAT_SOLVER_SETUP (pres.f90:1386),7,2,5,2,no,yes,no,no,,2,0,0,yes,8,,global-write BC@ccib.f90:21335; global-write WC@ccib.f90:21332,,,POINT_TO_MESH pointer CUT_CELL@ccib.f90:21307
pressure,pressure,,CC_SCALARS::GET_H_GUARD_CUTCELL,ccib.f90,main.f90:855,2,PRESSURE_ITERATION_SCHEME > COPY_H_OMESH_TO_MESH > GET_H_GUARD_CUTCELL; called by COPY_H_OMESH_TO_MESH (pres.f90:4134),23,1,3,0,yes,yes,no,no,omesh_copy|other_mesh,0,0,1,yes,6,other_mesh read CCVAR@ccib.f90:610; omesh_copy read H@ccib.f90:611; omesh_copy read HS@ccib.f90:612 (+16),prev-step read MUNKH@ccib.f90:635 (first writer site main.f90:1069),,,POINT_TO_MESH pointer N_EXTERNAL_WALL_CELLS@ccib.f90:530
pressure,pressure,,CC_SCALARS::GET_H_MATRIX_CC,ccib.f90,main.f90:1069,3,GLOBAL_MATRIX_REASSIGN > GLMAT_SOLVER_SETUP > GET_H_MATRIX > GET_H_MATRIX_CC; called by GET_H_MATRIX (pres.f90:5257),36,0,8,14,yes,yes,no,no,omesh_copy|other_mesh,14,0,0,yes,10,other_mesh read CCVAR@ccib.f90:20678; omesh_copy read MUNKH@ccib.f90:20679; other_mesh read DY@ccib.f90:20684 (+12),global-write IHI_CELL@ccib.f90:20570; global-write IHI_FACE@ccib.f90:20568; global-write ILO_CELL@ccib.f90:20569; global-write ILO_FACE@ccib.f90:20567,,,POINT_TO_MESH pointer IBAR@ccib.f90:20568
pressure,pressure,,CC_SCALARS::GET_LHS_CUTCELL,ccib.f90,main.f90:855,3,PRESSURE_ITERATION_SCHEME > PRESSURE_SOLVER_CHECK_RESIDUALS_U > UNSTRUCTURED_POISSON_RESIDUAL > GET_LHS_CUTCELL; called by UNSTRUCTURED_POISSON_RESIDUAL (ccib.f90:1339),15,0,1,0,no,no,no,no,,0,0,0,yes,5,,,,,POINT_TO_MESH pointer CUT_CELL@ccib.f90:1427
pressure,pressure,,CC_SCALARS::GET_LINKED_FV,ccib.f90,main.f90:855,1,PRESSURE_ITERATION_SCHEME > GET_LINKED_FV; called by PRESSURE_ITERATION_SCHEME (main.f90:1619),18,7,2,1,no,yes,no,no,,1,0,0,yes,6,,global-write CF@ccib.f90:15287,,,POINT_TO_MESH pointer FVX_B@ccib.f90:15240
pressure,pressure,,CC_SCALARS::GET_PRES_CFACE_BCS,ccib.f90,main.f90:855,2,PRESSURE_ITERATION_SCHEME > GLMAT_SOLVER > GET_PRES_CFACE_BCS; called by GLMAT_SOLVER (pres.f90:3348),41,7,10,2,yes,yes,no,no,omesh_copy|other_mesh,2,0,3,yes,12,other_mesh arg CELL@ccib.f90:2335; other_mesh read CELL_INDEX@ccib.f90:2335; other_mesh read FCVAR@ccib.f90:2336 (+7),global-write B1@ccib.f90:2519; global-write BC@ccib.f90:2285; prev-step read CELL@ccib.f90:2335 (first writer site main.f90:942); prev-step read CELL_INDEX@ccib.f90:2335 (first writer site main.f90:942); prev-step read VENTS@ccib.f90:2518 (first writer site main.f90:919),,,POINT_TO_MESH pointer U@ccib.f90:2266
pressure,pressure,,CC_SCALARS::GET_RCFACES_H,ccib.f90,main.f90:1069,3,GLOBAL_MATRIX_REASSIGN > ULMAT_SOLVER_SETUP > ULMAT_GET_H_REGFACES > GET_RCFACES_H; called by ULMAT_GET_H_REGFACES (pres.f90:2138),19,3,17,20,no,yes,no,no,,20,0,0,yes,12,,global-write BC@ccib.f90:21672; global-write CC@ccib.f90:21605; global-write IHI_CELL@ccib.f90:21581; global-write IHI_FACE@ccib.f90:21579,,,POINT_TO_MESH pointer CELL@ccib.f90:21606
pressure,pressure,,CC_SCALARS::GET_RCFACE_BAROCLINIC_TORQUE,ccib.f90,main.f90:855,3,PRESSURE_ITERATION_SCHEME > BAROCLINIC_CORRECTION > CC_BAROCLINIC_CORRECTION > GET_RCFACE_BAROCLINIC_TORQUE; called by CC_BAROCLINIC_CORRECTION (ccib.f90:1735),9,0,0,0,no,no,no,no,,0,0,0,yes,2,,,,,POINT_TO_MESH pointer RC_FACE@ccib.f90:1822
pressure,pressure,,CC_SCALARS::GET_RHSLHS_POISSON_RC,ccib.f90,main.f90:855,3,PRESSURE_ITERATION_SCHEME > PRESSURE_SOLVER_CHECK_RESIDUALS_U > UNSTRUCTURED_POISSON_RESIDUAL_RC > GET_RHSLHS_POISSON_RC; called by UNSTRUCTURED_POISSON_RESIDUAL_RC (ccib.f90:1083),26,0,2,0,no,yes,no,no,,0,0,2,yes,6,,prev-step read CELL@ccib.f90:1116 (first writer site main.f90:942); prev-step read CELL_INDEX@ccib.f90:1116 (first writer site main.f90:942),,,POINT_TO_MESH pointer DX@ccib.f90:1104
pressure,pressure,,CC_SCALARS::INSERT_SORTED_INT_REAL,ccib.f90,main.f90:1069,4,GLOBAL_MATRIX_REASSIGN > GLMAT_SOLVER_SETUP > GET_MATRIXGRAPH_H_WHLDOM > ADD_INPLACE_NNZ_H_WHLDOM > INSERT_SORTED_INT_REAL; called by ADD_INPLACE_NNZ_H_WHLDOM (ccib.f90:21160),0,0,0,0,no,no,no,no,,0,0,0,no,0,,,,,
pressure,pressure,,CC_SCALARS::NUMBER_UNKH_CUTCELLS,ccib.f90,main.f90:1069,3,GLOBAL_MATRIX_REASSIGN > GLMAT_SOLVER_SETUP > GET_MATRIX_INDEXES_H > NUMBER_UNKH_CUTCELLS; called by GET_MATRIX_INDEXES_H (pres.f90:5762),5,1,2,1,no,yes,no,no,,1,0,0,yes,4,,global-write CC@ccib.f90:22846,,,POINT_TO_MESH pointer CUT_CELL@ccib.f90:22842
pressure,pressure,,CC_SCALARS::UNSTRUCTURED_POISSON_RESIDUAL,ccib.f90,main.f90:855,2,PRESSURE_ITERATION_SCHEME > PRESSURE_SOLVER_CHECK_RESIDUALS_U > UNSTRUCTURED_POISSON_RESIDUAL; called by PRESSURE_SOLVER_CHECK_RESIDUALS_U (pres.f90:5929),5,0,2,0,no,no,no,no,,0,0,0,yes,2,,,,,POINT_TO_MESH pointer CCVAR@ccib.f90:1331
pressure,pressure,,CC_SCALARS::UNSTRUCTURED_POISSON_RESIDUAL_RC,ccib.f90,main.f90:855,2,PRESSURE_ITERATION_SCHEME > PRESSURE_SOLVER_CHECK_RESIDUALS_U > UNSTRUCTURED_POISSON_RESIDUAL_RC; called by PRESSURE_SOLVER_CHECK_RESIDUALS_U (pres.f90:5933),1,0,0,0,no,no,no,no,,0,0,0,yes,1,,,,,POINT_TO_MESH pointer CCVAR@ccib.f90:1081
pressure,predictor/corrector|pressure|output,,MEMORY_FUNCTIONS::CHKMEMERR,func.f90,main.f90:1069,2,GLOBAL_MATRIX_REASSIGN > ULMAT_SOLVER_SETUP > CHKMEMERR; called by ULMAT_SOLVER_SETUP (pres.f90:1206),0,0,0,0,no,no,no,no,,0,0,0,no,0,,,,,
pressure,pressure,,FDS::GLOBAL_MATRIX_REASSIGN,main.f90,main.f90:1069,0,GLOBAL_MATRIX_REASSIGN,0,0,5,1,no,yes,no,no,,1,0,0,no,0,,global-write OBST_CREATED_OR_REMOVED@main.f90:1832,,,
pressure,pressure,,FDS::PRESSURE_ITERATION_SCHEME,main.f90,main.f90:855,0,PRESSURE_ITERATION_SCHEME,0,1,36,9,no,yes,no,no,,8,0,0,no,0,,global-write REAL_BUFFER_10@main.f90:1698; global-write ITERATE_BAROCLINIC_TERM@main.f90:1610; global-write PRESSURE_ERROR_MAX@main.f90:1705; global-write PRESSURE_ERROR_MAX_LOC@main.f90:1707,,,
pressure,pressure,,POIS::FSH02S,pois.f90,main.f90:855,4,PRESSURE_ITERATION_SCHEME > PRESSURE_SOLVER_FFT > H3CZSS > S3CFSS > FSH02S; called by S3CFSS (pois.f90:557),0,0,0,0,no,no,no,no,,0,0,0,no,0,,,,,
pressure,pressure,,POIS::FSH03S,pois.f90,main.f90:855,5,PRESSURE_ITERATION_SCHEME > PRESSURE_SOLVER_FFT > H3CZSS > S3CFSS > FSH02S > FSH03S; called by FSH02S (pois.f90:1002),0,0,0,0,no,no,no,no,,0,0,0,no,0,,,,,
pressure,pressure,,POIS::FSH04S,pois.f90,main.f90:855,5,PRESSURE_ITERATION_SCHEME > PRESSURE_SOLVER_FFT > H3CZSS > S3CFSS > FSH02S > FSH04S; called by FSH02S (pois.f90:1010),0,0,0,0,no,no,no,no,,0,0,0,no,0,,,,,
pressure,pressure,,POIS::FSH05S,pois.f90,main.f90:855,5,PRESSURE_ITERATION_SCHEME > PRESSURE_SOLVER_FFT > H3CZSS > S3CFSS > FSH02S > FSH05S; called by FSH02S (pois.f90:1014),0,0,0,0,no,no,no,no,,0,0,0,no,0,,,,,
pressure,pressure,,POIS::FSH06S,pois.f90,main.f90:855,6,PRESSURE_ITERATION_SCHEME > PRESSURE_SOLVER_FFT > H3CZSS > S3CFSS > FSH02S > FSH03S > FSH06S; called by FSH03S (pois.f90:1123),0,0,0,0,no,no,no,no,,0,0,0,no,0,,,,,
pressure,pressure,,POIS::FSH10S,pois.f90,main.f90:855,7,PRESSURE_ITERATION_SCHEME > PRESSURE_SOLVER_FFT > H3CSSS > S3CCSS > FSH15S > FSH16S > FSH17S > FSH10S; called by FSH17S (pois.f90:5564),0,0,0,0,no,no,no,no,,0,0,0,no,0,,,,,
pressure,pressure,,POIS::FSH15S,pois.f90,main.f90:855,4,PRESSURE_ITERATION_SCHEME > PRESSURE_SOLVER_FFT > H3CSSS > S3CCSS > FSH15S; called by S3CCSS (pois.f90:5345),0,0,0,0,no,no,no,no,,0,0,0,no,0,,,,,
pressure,pressure,,POIS::FSH16S,pois.f90,main.f90:855,5,PRESSURE_ITERATION_SCHEME > PRESSURE_SOLVER_FFT > H3CSSS > S3CCSS > FSH15S > FSH16S; called by FSH15S (pois.f90:5401),0,0,0,0,no,no,no,no,,0,0,0,no,0,,,,,
pressure,pressure,,POIS::FSH17S,pois.f90,main.f90:855,6,PRESSURE_ITERATION_SCHEME > PRESSURE_SOLVER_FFT > H3CSSS > S3CCSS > FSH15S > FSH16S > FSH17S; called by FSH16S (pois.f90:5491),0,0,0,0,no,no,no,no,,0,0,0,no,0,,,,,
pressure,pressure,,POIS::FSH18S,pois.f90,main.f90:855,7,PRESSURE_ITERATION_SCHEME > PRESSURE_SOLVER_FFT > H3CSSS > S3CCSS > FSH15S > FSH16S > FSH17S > FSH18S; called by FSH17S (pois.f90:5575),0,0,0,0,no,no,no,no,,0,0,0,no,0,,,,,
pressure,pressure,,POIS::FSH26S,pois.f90,main.f90:855,6,PRESSURE_ITERATION_SCHEME > PRESSURE_SOLVER_FFT > H3CZSS > S3CFSS > FSH02S > FSH03S > FSH26S; called by FSH03S (pois.f90:1073),0,0,0,0,no,no,no,no,,0,0,0,no,0,,,,,
pressure,pressure,,POIS::H2CYSS,pois.f90,main.f90:855,2,PRESSURE_ITERATION_SCHEME > PRESSURE_SOLVER_FFT > H2CYSS; called by PRESSURE_SOLVER_FFT (pres.f90:349),0,0,0,0,no,no,no,no,,0,0,0,no,0,,,,,
pressure,pressure,,POIS::H2CZSS,pois.f90,main.f90:855,2,PRESSURE_ITERATION_SCHEME > PRESSURE_SOLVER_FFT > H2CZSS; called by PRESSURE_SOLVER_FFT (pres.f90:348),0,0,0,0,no,no,no,no,,0,0,0,no,0,,,,,
pressure,pressure,,POIS::H3CSSS,pois.f90,main.f90:855,2,PRESSURE_ITERATION_SCHEME > PRESSURE_SOLVER_FFT > H3CSSS; called by PRESSURE_SOLVER_FFT (pres.f90:368),0,0,0,0,no,no,no,no,,0,0,0,no,0,,,,,
pressure,pressure,,POIS::H3CZSS,pois.f90,main.f90:855,2,PRESSURE_ITERATION_SCHEME > PRESSURE_SOLVER_FFT > H3CZSS; called by PRESSURE_SOLVER_FFT (pres.f90:346),0,0,0,0,no,no,no,no,,0,0,0,no,0,,,,,
pressure,pressure,,POIS::S2CFSS,pois.f90,main.f90:855,3,PRESSURE_ITERATION_SCHEME > PRESSURE_SOLVER_FFT > H2CZSS > S2CFSS; called by H2CZSS (pois.f90:6951),0,0,0,0,no,no,no,no,,0,0,0,no,0,,,,,
pressure,pressure,,POIS::S3CCSS,pois.f90,main.f90:855,3,PRESSURE_ITERATION_SCHEME > PRESSURE_SOLVER_FFT > H3CSSS > S3CCSS; called by H3CSSS (pois.f90:5221),0,0,0,0,no,no,no,no,,0,0,0,no,0,,,,,
pressure,pressure,,POIS::S3CFSS,pois.f90,main.f90:855,3,PRESSURE_ITERATION_SCHEME > PRESSURE_SOLVER_FFT > H3CZSS > S3CFSS; called by H3CZSS (pois.f90:424),0,0,0,0,no,no,no,no,,0,0,0,no,0,,,,,
pressure,pressure,,POIS::SSWAP,pois.f90,main.f90:855,7,PRESSURE_ITERATION_SCHEME > PRESSURE_SOLVER_FFT > H3CZSS > S3CFSS > FSH02S > FSH03S > FSH06S > SSWAP; called by FSH06S (pois.f90:1278),0,0,0,0,no,no,no,no,,0,0,0,no,0,,,,,
pressure,pressure,,POIS::VCOST,pois.f90,main.f90:855,7,PRESSURE_ITERATION_SCHEME > PRESSURE_SOLVER_FFT > H3CZSS > S3CFSS > FSH02S > FSH03S > FSH26S > VCOST; called by FSH26S (pois.f90:1447),0,0,0,0,no,no,no,no,,0,0,0,no,0,,,,,
pressure,pressure,,POIS::VCOST1,pois.f90,main.f90:855,8,PRESSURE_ITERATION_SCHEME > PRESSURE_SOLVER_FFT > H3CZSS > S3CFSS > FSH02S > FSH03S > FSH26S > VCOST > VCOST1; called by VCOST (pois.f90:1502),0,0,0,0,no,no,no,no,,0,0,0,no,0,,,,,
pressure,pressure,,POIS::VCOSTA,pois.f90,main.f90:855,8,PRESSURE_ITERATION_SCHEME > PRESSURE_SOLVER_FFT > H3CZSS > S3CFSS > FSH02S > FSH03S > FSH26S > VCOST > VCOSTA; called by VCOST (pois.f90:1525),0,0,0,0,no,no,no,no,,0,0,0,no,0,,,,,
pressure,pressure,,POIS::VRADB2,pois.f90,main.f90:855,10,PRESSURE_ITERATION_SCHEME > PRESSURE_SOLVER_FFT > H3CZSS > S3CFSS > FSH02S > FSH03S > FSH26S > VSRFTB > VRFFTB > VRFTB1 > VRADB2; called by VRFTB1 (pois.f90:3862),0,0,0,0,no,no,no,no,,0,0,0,no,0,,,,,
pressure,pressure,,POIS::VRADB3,pois.f90,main.f90:855,10,PRESSURE_ITERATION_SCHEME > PRESSURE_SOLVER_FFT > H3CZSS > S3CFSS > FSH02S > FSH03S > FSH26S > VSRFTB > VRFFTB > VRFTB1 > VRADB3; called by VRFTB1 (pois.f90:3870),0,0,0,0,no,no,no,no,,0,0,0,no,0,,,,,
pressure,pressure,,POIS::VRADB4,pois.f90,main.f90:855,10,PRESSURE_ITERATION_SCHEME > PRESSURE_SOLVER_FFT > H3CZSS > S3CFSS > FSH02S > FSH03S > FSH26S > VSRFTB > VRFFTB > VRFTB1 > VRADB4; called by VRFTB1 (pois.f90:3855),0,0,0,0,no,no,no,no,,0,0,0,no,0,,,,,
pressure,pressure,,POIS::VRADB5,pois.f90,main.f90:855,10,PRESSURE_ITERATION_SCHEME > PRESSURE_SOLVER_FFT > H3CZSS > S3CFSS > FSH02S > FSH03S > FSH26S > VSRFTB > VRFFTB > VRFTB1 > VRADB5; called by VRFTB1 (pois.f90:3880),0,0,0,0,no,no,no,no,,0,0,0,no,0,,,,,
pressure,pressure,,POIS::VRADBG,pois.f90,main.f90:855,10,PRESSURE_ITERATION_SCHEME > PRESSURE_SOLVER_FFT > H3CZSS > S3CFSS > FSH02S > FSH03S > FSH26S > VSRFTB > VRFFTB > VRFTB1 > VRADBG; called by VRFTB1 (pois.f90:3886),0,0,0,0,no,no,no,no,,0,0,0,no,0,,,,,
pressure,pressure,,POIS::VRADF2,pois.f90,main.f90:855,10,PRESSURE_ITERATION_SCHEME > PRESSURE_SOLVER_FFT > H3CZSS > S3CFSS > FSH02S > FSH03S > FSH26S > VSRFTF > VRFFTF > VRFTF1 > VRADF2; called by VRFTF1 (pois.f90:1786),0,0,0,0,no,no,no,no,,0,0,0,no,0,,,,,
pressure,pressure,,POIS::VRADF3,pois.f90,main.f90:855,10,PRESSURE_ITERATION_SCHEME > PRESSURE_SOLVER_FFT > H3CZSS > S3CFSS > FSH02S > FSH03S > FSH26S > VSRFTF > VRFFTF > VRFTF1 > VRADF3; called by VRFTF1 (pois.f90:1793),0,0,0,0,no,no,no,no,,0,0,0,no,0,,,,,
pressure,pressure,,POIS::VRADF4,pois.f90,main.f90:855,10,PRESSURE_ITERATION_SCHEME > PRESSURE_SOLVER_FFT > H3CZSS > S3CFSS > FSH02S > FSH03S > FSH26S > VSRFTF > VRFFTF > VRFTF1 > VRADF4; called by VRFTF1 (pois.f90:1780),0,0,0,0,no,no,no,no,,0,0,0,no,0,,,,,
pressure,pressure,,POIS::VRADF5,pois.f90,main.f90:855,10,PRESSURE_ITERATION_SCHEME > PRESSURE_SOLVER_FFT > H3CZSS > S3CFSS > FSH02S > FSH03S > FSH26S > VSRFTF > VRFFTF > VRFTF1 > VRADF5; called by VRFTF1 (pois.f90:1802),0,0,0,0,no,no,no,no,,0,0,0,no,0,,,,,
pressure,pressure,,POIS::VRADFG,pois.f90,main.f90:855,10,PRESSURE_ITERATION_SCHEME > PRESSURE_SOLVER_FFT > H3CZSS > S3CFSS > FSH02S > FSH03S > FSH26S > VSRFTF > VRFFTF > VRFTF1 > VRADFG; called by VRFTF1 (pois.f90:1808),0,0,0,0,no,no,no,no,,0,0,0,no,0,,,,,
pressure,pressure,,POIS::VRFFTB,pois.f90,main.f90:855,8,PRESSURE_ITERATION_SCHEME > PRESSURE_SOLVER_FFT > H3CZSS > S3CFSS > FSH02S > FSH03S > FSH26S > VSRFTB > VRFFTB; called by VSRFTB (pois.f90:2668),0,0,0,0,no,no,no,no,,0,0,0,no,0,,,,,
pressure,pressure,,POIS::VRFFTF,pois.f90,main.f90:855,8,PRESSURE_ITERATION_SCHEME > PRESSURE_SOLVER_FFT > H3CZSS > S3CFSS > FSH02S > FSH03S > FSH26S > VSRFTF > VRFFTF; called by VSRFTF (pois.f90:2711),0,0,0,0,no,no,no,no,,0,0,0,no,0,,,,,
pressure,pressure,,POIS::VRFTB1,pois.f90,main.f90:855,9,PRESSURE_ITERATION_SCHEME > PRESSURE_SOLVER_FFT > H3CZSS > S3CFSS > FSH02S > FSH03S > FSH26S > VSRFTB > VRFFTB > VRFTB1; called by VRFFTB (pois.f90:3811),0,0,0,0,no,no,no,no,,0,0,0,no,0,,,,,
pressure,pressure,,POIS::VRFTF1,pois.f90,main.f90:855,9,PRESSURE_ITERATION_SCHEME > PRESSURE_SOLVER_FFT > H3CZSS > S3CFSS > FSH02S > FSH03S > FSH26S > VSRFTF > VRFFTF > VRFTF1; called by VRFFTF (pois.f90:1707),0,0,0,0,no,no,no,no,,0,0,0,no,0,,,,,
pressure,pressure,,POIS::VSCOSB,pois.f90,main.f90:855,7,PRESSURE_ITERATION_SCHEME > PRESSURE_SOLVER_FFT > H3CZSS > S3CFSS > FSH02S > FSH03S > FSH26S > VSCOSB; called by FSH26S (pois.f90:1463),0,0,0,0,no,no,no,no,,0,0,0,no,0,,,,,
pressure,pressure,,POIS::VSCOSF,pois.f90,main.f90:855,7,PRESSURE_ITERATION_SCHEME > PRESSURE_SOLVER_FFT > H3CZSS > S3CFSS > FSH02S > FSH03S > FSH26S > VSCOSF; called by FSH26S (pois.f90:1460),0,0,0,0,no,no,no,no,,0,0,0,no,0,,,,,
pressure,pressure,,POIS::VSCOSQ,pois.f90,main.f90:855,7,PRESSURE_ITERATION_SCHEME > PRESSURE_SOLVER_FFT > H3CZSS > S3CFSS > FSH02S > FSH03S > FSH26S > VSCOSQ; called by FSH26S (pois.f90:1466),0,0,0,0,no,no,no,no,,0,0,0,no,0,,,,,
pressure,pressure,,POIS::VSCSB1,pois.f90,main.f90:855,8,PRESSURE_ITERATION_SCHEME > PRESSURE_SOLVER_FFT > H3CZSS > S3CFSS > FSH02S > FSH03S > FSH26S > VSCOSB > VSCSB1; called by VSCOSB (pois.f90:1949),0,0,0,0,no,no,no,no,,0,0,0,no,0,,,,,
pressure,pressure,,POIS::VSCSBA,pois.f90,main.f90:855,8,PRESSURE_ITERATION_SCHEME > PRESSURE_SOLVER_FFT > H3CZSS > S3CFSS > FSH02S > FSH03S > FSH26S > VSCOSB > VSCSBA; called by VSCOSB (pois.f90:1969),0,0,0,0,no,no,no,no,,0,0,0,no,0,,,,,
pressure,pressure,,POIS::VSCSF1,pois.f90,main.f90:855,8,PRESSURE_ITERATION_SCHEME > PRESSURE_SOLVER_FFT > H3CZSS > S3CFSS > FSH02S > FSH03S > FSH26S > VSCOSF > VSCSF1; called by VSCOSF (pois.f90:2009),0,0,0,0,no,no,no,no,,0,0,0,no,0,,,,,
pressure,pressure,,POIS::VSCSFA,pois.f90,main.f90:855,8,PRESSURE_ITERATION_SCHEME > PRESSURE_SOLVER_FFT > H3CZSS > S3CFSS > FSH02S > FSH03S > FSH26S > VSCOSF > VSCSFA; called by VSCOSF (pois.f90:2035),0,0,0,0,no,no,no,no,,0,0,0,no,0,,,,,
pressure,pressure,,POIS::VSCSQ1,pois.f90,main.f90:855,8,PRESSURE_ITERATION_SCHEME > PRESSURE_SOLVER_FFT > H3CZSS > S3CFSS > FSH02S > FSH03S > FSH26S > VSCOSQ > VSCSQ1; called by VSCOSQ (pois.f90:2116),0,0,0,0,no,no,no,no,,0,0,0,no,0,,,,,
pressure,pressure,,POIS::VSINT,pois.f90,main.f90:855,7,PRESSURE_ITERATION_SCHEME > PRESSURE_SOLVER_FFT > H3CZSS > S3CFSS > FSH02S > FSH03S > FSH26S > VSINT; called by FSH26S (pois.f90:1425),0,0,0,0,no,no,no,no,,0,0,0,no,0,,,,,
pressure,pressure,,POIS::VSINT1,pois.f90,main.f90:855,8,PRESSURE_ITERATION_SCHEME > PRESSURE_SOLVER_FFT > H3CZSS > S3CFSS > FSH02S > FSH03S > FSH26S > VSINT > VSINT1; called by VSINT (pois.f90:2459),0,0,0,0,no,no,no,no,,0,0,0,no,0,,,,,
pressure,pressure,,POIS::VSINTA,pois.f90,main.f90:855,8,PRESSURE_ITERATION_SCHEME > PRESSURE_SOLVER_FFT > H3CZSS > S3CFSS > FSH02S > FSH03S > FSH26S > VSINT > VSINTA; called by VSINT (pois.f90:2477),0,0,0,0,no,no,no,no,,0,0,0,no,0,,,,,
pressure,pressure,,POIS::VSRFTB,pois.f90,main.f90:855,7,PRESSURE_ITERATION_SCHEME > PRESSURE_SOLVER_FFT > H3CZSS > S3CFSS > FSH02S > FSH03S > FSH26S > VSRFTB; called by FSH26S (pois.f90:1422),0,0,0,0,no,no,no,no,,0,0,0,no,0,,,,,
pressure,pressure,,POIS::VSRFTF,pois.f90,main.f90:855,7,PRESSURE_ITERATION_SCHEME > PRESSURE_SOLVER_FFT > H3CZSS > S3CFSS > FSH02S > FSH03S > FSH26S > VSRFTF; called by FSH26S (pois.f90:1419),0,0,0,0,no,no,no,no,,0,0,0,no,0,,,,,
pressure,pressure,,POIS::VSRTB1,pois.f90,main.f90:855,8,PRESSURE_ITERATION_SCHEME > PRESSURE_SOLVER_FFT > H3CZSS > S3CFSS > FSH02S > FSH03S > FSH26S > VSRFTF > VSRTB1; called by VSRFTF (pois.f90:2714),0,0,0,0,no,no,no,no,,0,0,0,no,0,,,,,
pressure,pressure,,POIS::VSRTF1,pois.f90,main.f90:855,8,PRESSURE_ITERATION_SCHEME > PRESSURE_SOLVER_FFT > H3CZSS > S3CFSS > FSH02S > FSH03S > FSH26S > VSRFTF > VSRTF1; called by VSRFTF (pois.f90:2707),0,0,0,0,no,no,no,no,,0,0,0,no,0,,,,,
pressure,pressure,,POIS::VSSINB,pois.f90,main.f90:855,7,PRESSURE_ITERATION_SCHEME > PRESSURE_SOLVER_FFT > H3CZSS > S3CFSS > FSH02S > FSH03S > FSH26S > VSSINB; called by FSH26S (pois.f90:1441),0,0,0,0,no,no,no,no,,0,0,0,no,0,,,,,
pressure,pressure,,POIS::VSSINF,pois.f90,main.f90:855,7,PRESSURE_ITERATION_SCHEME > PRESSURE_SOLVER_FFT > H3CZSS > S3CFSS > FSH02S > FSH03S > FSH26S > VSSINF; called by FSH26S (pois.f90:1438),0,0,0,0,no,no,no,no,,0,0,0,no,0,,,,,
pressure,pressure,,POIS::VSSINQ,pois.f90,main.f90:855,7,PRESSURE_ITERATION_SCHEME > PRESSURE_SOLVER_FFT > H3CZSS > S3CFSS > FSH02S > FSH03S > FSH26S > VSSINQ; called by FSH26S (pois.f90:1444),0,0,0,0,no,no,no,no,,0,0,0,no,0,,,,,
pressure,pressure,,POIS::VSSNB1,pois.f90,main.f90:855,8,PRESSURE_ITERATION_SCHEME > PRESSURE_SOLVER_FFT > H3CZSS > S3CFSS > FSH02S > FSH03S > FSH26S > VSSINB > VSSNB1; called by VSSINB (pois.f90:2849),0,0,0,0,no,no,no,no,,0,0,0,no,0,,,,,
pressure,pressure,,POIS::VSSNBA,pois.f90,main.f90:855,8,PRESSURE_ITERATION_SCHEME > PRESSURE_SOLVER_FFT > H3CZSS > S3CFSS > FSH02S > FSH03S > FSH26S > VSSINB > VSSNBA; called by VSSINB (pois.f90:2869),0,0,0,0,no,no,no,no,,0,0,0,no,0,,,,,
pressure,pressure,,POIS::VSSNF1,pois.f90,main.f90:855,8,PRESSURE_ITERATION_SCHEME > PRESSURE_SOLVER_FFT > H3CZSS > S3CFSS > FSH02S > FSH03S > FSH26S > VSSINF > VSSNF1; called by VSSINF (pois.f90:2910),0,0,0,0,no,no,no,no,,0,0,0,no,0,,,,,
pressure,pressure,,POIS::VSSNFA,pois.f90,main.f90:855,8,PRESSURE_ITERATION_SCHEME > PRESSURE_SOLVER_FFT > H3CZSS > S3CFSS > FSH02S > FSH03S > FSH26S > VSSINF > VSSNFA; called by VSSINF (pois.f90:2935),0,0,0,0,no,no,no,no,,0,0,0,no,0,,,,,
pressure,pressure,,POIS::VSSNQ1,pois.f90,main.f90:855,8,PRESSURE_ITERATION_SCHEME > PRESSURE_SOLVER_FFT > H3CZSS > S3CFSS > FSH02S > FSH03S > FSH26S > VSSINQ > VSSNQ1; called by VSSINQ (pois.f90:2975),0,0,0,0,no,no,no,no,,0,0,0,no,0,,,,,
pressure,pressure,,GLOBMAT_SOLVER::CHECK_UNSUPPORTED_MESH,pres.f90,main.f90:1069,2,GLOBAL_MATRIX_REASSIGN > GLMAT_SOLVER_SETUP > CHECK_UNSUPPORTED_MESH; called by GLMAT_SOLVER_SETUP (pres.f90:3709),4,0,8,1,no,yes,yes,no,,1,0,0,yes,1,,global-write STOP_STATUS@pres.f90:4043,MPI_ALLREDUCE(MESH_GRAPH)@pres.f90:3950; MPI_ALLREDUCE(DIRI_SET)@pres.f90:4028,,POINT_TO_MESH pointer N_EXTERNAL_WALL_CELLS@pres.f90:4020
pressure,pressure,,GLOBMAT_SOLVER::COMPUTE_GUARD_CELL_INDEXES,pres.f90,main.f90:855,2,PRESSURE_ITERATION_SCHEME > COPY_H_OMESH_TO_MESH > COMPUTE_GUARD_CELL_INDEXES; called by COPY_H_OMESH_TO_MESH (pres.f90:4115),0,0,0,0,no,no,no,no,,0,0,0,no,0,,,,,
pressure,pressure,,GLOBMAT_SOLVER::COPY_CCVAR_IN_HS,pres.f90,main.f90:1069,2,GLOBAL_MATRIX_REASSIGN > GLMAT_SOLVER_SETUP > COPY_CCVAR_IN_HS; called by GLMAT_SOLVER_SETUP (pres.f90:3720),7,1,4,0,no,no,no,no,,0,0,0,yes,3,,,,,POINT_TO_MESH pointer HS@pres.f90:4350
pressure,pressure,,GLOBMAT_SOLVER::COPY_HS_IN_CCVAR,pres.f90,main.f90:1069,2,GLOBAL_MATRIX_REASSIGN > GLMAT_SOLVER_SETUP > COPY_HS_IN_CCVAR; called by GLMAT_SOLVER_SETUP (pres.f90:3724),2,5,6,0,yes,no,no,no,omesh_copy,0,0,0,yes,0,omesh_copy alloc GSCH@pres.f90:4226; omesh_copy alloc MUNKH@pres.f90:4233; omesh_copy alloc EWC_TYPE@pres.f90:4240 (+8),,,,POINT_TO_MESH pointer OMESH@pres.f90:4226
pressure,pressure,,GLOBMAT_SOLVER::COPY_H_OMESH_TO_MESH,pres.f90,main.f90:855,1,PRESSURE_ITERATION_SCHEME > COPY_H_OMESH_TO_MESH; called by PRESSURE_ITERATION_SCHEME (main.f90:1664),12,2,9,3,yes,yes,no,no,omesh_copy,2,0,2,yes,3,omesh_copy read MUNKH@pres.f90:4112; omesh_copy read EWC_TYPE@pres.f90:4116; omesh_copy read H@pres.f90:4117 (+2),global-write CALL_FOR_GLMAT@pres.f90:4067; global-write TNOW@pres.f90:4071; prev-step read EWC_TYPE@pres.f90:4116 (first writer site main.f90:1069); prev-step read MUNKH@pres.f90:4112 (first writer site main.f90:1069),,,POINT_TO_MESH pointer N_EXTERNAL_WALL_CELLS@pres.f90:4079
pressure,pressure,,GLOBMAT_SOLVER::DEALLOCATE_H_RESTORE_STORAGE,pres.f90,main.f90:1069,3,GLOBAL_MATRIX_REASSIGN > GLMAT_SOLVER_SETUP > SAVE_HS_FOR_SETUP > DEALLOCATE_H_RESTORE_STORAGE; called by SAVE_HS_FOR_SETUP (pres.f90:3267),0,0,1,1,no,yes,no,no,,1,0,0,no,0,,global-write H_RESTORE_MESHES@pres.f90:3294,,,
pressure,pressure,,GLOBMAT_SOLVER::FINISH_GLMAT_SOLVER,pres.f90,main.f90:1069,1,GLOBAL_MATRIX_REASSIGN > FINISH_GLMAT_SOLVER; called by GLOBAL_MATRIX_REASSIGN (main.f90:1819),1,3,12,6,yes,yes,no,no,omesh_copy,3,0,0,yes,0,omesh_copy dealloc GSCH@pres.f90:6103; omesh_copy dealloc MUNKH@pres.f90:6104; omesh_copy dealloc EWC_TYPE@pres.f90:6105 (+3),global-write ZSL@pres.f90:6084; global-write ZSL_COMM@pres.f90:6097; global-write ZONE_SOLVE@pres.f90:6108,,,POINT_TO_MESH pointer OMESH@pres.f90:6103
pressure,pressure,,GLOBMAT_SOLVER::GET_BCS_H_MATRIX,pres.f90,main.f90:1069,2,GLOBAL_MATRIX_REASSIGN > GLMAT_SOLVER_SETUP > GET_BCS_H_MATRIX; called by GLMAT_SOLVER_SETUP (pres.f90:3890),16,0,13,1,no,yes,yes,no,,1,0,0,yes,6,,global-write ZSL@pres.f90:4935,MPI_ALLREDUCE(H_MAT_IVEC)@pres.f90:5003,,POINT_TO_MESH pointer N_EXTERNAL_WALL_CELLS@pres.f90:4943
pressure,pressure,,GLOBMAT_SOLVER::GET_H_MATRIX,pres.f90,main.f90:1069,2,GLOBAL_MATRIX_REASSIGN > GLMAT_SOLVER_SETUP > GET_H_MATRIX; called by GLMAT_SOLVER_SETUP (pres.f90:3886),24,0,18,13,yes,yes,no,no,omesh_copy|other_mesh,13,0,0,yes,7,omesh_copy read MUNKH@pres.f90:5172; omesh_copy read EWC_TYPE@pres.f90:5183; other_mesh read DY@pres.f90:5208 (+7),global-write IHI_CELL@pres.f90:5051; global-write IHI_FACE@pres.f90:5049; global-write ILO_CELL@pres.f90:5050; global-write ILO_FACE@pres.f90:5048,,,POINT_TO_MESH pointer IBAR@pres.f90:5049
pressure,pressure,,GLOBMAT_SOLVER::GET_H_MATRIX_LUDCMP,pres.f90,main.f90:1069,2,GLOBAL_MATRIX_REASSIGN > GLMAT_SOLVER_SETUP > GET_H_MATRIX_LUDCMP; called by GLMAT_SOLVER_SETUP (pres.f90:3893),0,0,22,7,no,yes,yes,no,,5,0,0,no,0,,global-write STOP_STATUS@pres.f90:4426; global-write IPARM@pres.f90:4644; global-write MSGLVL@pres.f90:4411; global-write ZSL@pres.f90:4448,MPI_ALLREDUCE(ZSL%NUNKH_LOC_RS)@pres.f90:4479; MPI_ALLREDUCE(ZSL%UNKH_IND_RS)@pres.f90:4480; MPI_GATHERV(NNZ_ROW_H_RS)@pres.f90:4511,,
pressure,pressure,,GLOBMAT_SOLVER::GET_H_REGFACES,pres.f90,main.f90:1069,2,GLOBAL_MATRIX_REASSIGN > GLMAT_SOLVER_SETUP > GET_H_REGFACES; called by GLMAT_SOLVER_SETUP (pres.f90:3871),11,4,17,12,no,yes,no,no,,12,0,0,yes,8,,global-write IHI_CELL@pres.f90:5556; global-write IHI_FACE@pres.f90:5554; global-write ILO_CELL@pres.f90:5555; global-write ILO_FACE@pres.f90:5553,,,POINT_TO_MESH pointer IBAR@pres.f90:5554
pressure,pressure,,GLOBMAT_SOLVER::GET_MATRIXGRAPH_H_WHLDOM,pres.f90,main.f90:1069,2,GLOBAL_MATRIX_REASSIGN > GLMAT_SOLVER_SETUP > GET_MATRIXGRAPH_H_WHLDOM; called by GLMAT_SOLVER_SETUP (pres.f90:3883),21,6,19,14,yes,yes,no,no,omesh_copy,14,0,0,yes,12,omesh_copy read MUNKH@pres.f90:5429; omesh_copy read EWC_TYPE@pres.f90:5437; omesh_copy inquiry EWC_TYPE@pres.f90:5436,global-write NM_START@pres.f90:5339; global-write IHI_CELL@pres.f90:5348; global-write IHI_FACE@pres.f90:5346; global-write ILO_CELL@pres.f90:5347,,,POINT_TO_MESH pointer PRESSURE_ZONE@pres.f90:5307
pressure,pressure,,GLOBMAT_SOLVER::GET_MATRIX_INDEXES_H,pres.f90,main.f90:1069,2,GLOBAL_MATRIX_REASSIGN > GLMAT_SOLVER_SETUP > GET_MATRIX_INDEXES_H; called by GLMAT_SOLVER_SETUP (pres.f90:3854),5,1,14,2,no,yes,yes,no,,2,0,0,yes,1,,global-write ZSL@pres.f90:5719; global-write ZONE_SOLVE@pres.f90:5711,MPI_ALLREDUCE(NUNKH_TOT)@pres.f90:5769,,POINT_TO_MESH pointer KBAR@pres.f90:5741
pressure,pressure,,GLOBMAT_SOLVER::GLMAT_SOLVER,pres.f90,main.f90:855,1,PRESSURE_ITERATION_SCHEME > GLMAT_SOLVER; called by PRESSURE_ITERATION_SCHEME (main.f90:1662),29,2,33,9,no,yes,yes,no,,5,0,0,yes,5,,global-write CALL_FOR_GLMAT@pres.f90:3333; global-write CC@pres.f90:3389; global-write IPARM@pres.f90:3428; global-write TNOW@pres.f90:3336,MPI_ALLREDUCE(SUM_FH)@pres.f90:3396; MPI_ALLREDUCE(SUM_FH)@pres.f90:3403; MPI_GATHERV(ZSL%F_H)@pres.f90:3414,,POINT_TO_MESH pointer KBAR@pres.f90:3375
pressure,pressure,,GLOBMAT_SOLVER::GLMAT_SOLVER_SETUP,pres.f90,main.f90:1069,1,GLOBAL_MATRIX_REASSIGN > GLMAT_SOLVER_SETUP; called by GLOBAL_MATRIX_REASSIGN (main.f90:1820),7,3,14,10,yes,yes,no,no,omesh_copy,9,0,0,yes,3,omesh_copy read EWC_TYPE@pres.f90:3743; omesh_copy write EWC_TYPE@pres.f90:3796; omesh_copy inquiry EWC_TYPE@pres.f90:3734,global-write CALL_FROM_GLMAT_SETUP@pres.f90:3703; global-write ITERATE_PRESSURE@pres.f90:3712; global-write STOP_STATUS@pres.f90:3692; global-write CGSC@pres.f90:3836,,,POINT_TO_MESH pointer N_EXTERNAL_WALL_CELLS@pres.f90:3729
pressure,pressure,,GLOBMAT_SOLVER::GRADIENT_WEIGHT,pres.f90,main.f90:855,2,PRESSURE_ITERATION_SCHEME > PRESSURE_SOLVER_CHECK_RESIDUALS_U > GRADIENT_WEIGHT; called by PRESSURE_SOLVER_CHECK_RESIDUALS_U (pres.f90:6001),5,0,0,0,no,yes,no,no,,0,0,2,yes,3,,prev-step read CELL@pres.f90:6044 (first writer site main.f90:942); prev-step read CELL_INDEX@pres.f90:6044 (first writer site main.f90:942),,,POINT_TO_MESH pointer CELL@pres.f90:6044
pressure,pressure,,GLOBMAT_SOLVER::PRESSURE_SOLVER_CHECK_RESIDUALS_U,pres.f90,main.f90:855,1,PRESSURE_ITERATION_SCHEME > PRESSURE_SOLVER_CHECK_RESIDUALS_U; called by PRESSURE_ITERATION_SCHEME (main.f90:1679),34,4,11,4,no,yes,no,no,,3,0,2,yes,5,,global-write PRESSURE_ERROR_MAX@pres.f90:6027; global-write PRESSURE_ERROR_MAX_LOC@pres.f90:6028; global-write TNOW@pres.f90:5894; prev-step read CELL@pres.f90:5923 (first writer site main.f90:942); prev-step read CELL_INDEX@pres.f90:5923 (first writer site main.f90:942),,,POINT_TO_MESH pointer H@pres.f90:5908
pressure,pressure,,GLOBMAT_SOLVER::REG_INTERP_WALL_DISTANCES,pres.f90,main.f90:855,2,PRESSURE_ITERATION_SCHEME > COPY_H_OMESH_TO_MESH > REG_INTERP_WALL_DISTANCES; called by COPY_H_OMESH_TO_MESH (pres.f90:4113),8,0,1,0,yes,no,no,no,other_mesh,0,0,0,yes,2,other_mesh read X@pres.f90:3251; other_mesh read XC@pres.f90:3251; other_mesh read Y@pres.f90:3252 (+6),,,,POINT_TO_MESH pointer X@pres.f90:3251
pressure,pressure,,GLOBMAT_SOLVER::RESTORE_HS_AFTER_SETUP,pres.f90,main.f90:1069,2,GLOBAL_MATRIX_REASSIGN > GLMAT_SOLVER_SETUP > RESTORE_HS_AFTER_SETUP; called by GLMAT_SOLVER_SETUP (pres.f90:3867),0,1,3,0,no,no,no,no,,0,0,0,no,0,,,,,
pressure,pressure,,GLOBMAT_SOLVER::SAVE_HS_FOR_SETUP,pres.f90,main.f90:1069,2,GLOBAL_MATRIX_REASSIGN > GLMAT_SOLVER_SETUP > SAVE_HS_FOR_SETUP; called by GLMAT_SOLVER_SETUP (pres.f90:3717),1,0,3,1,no,yes,no,no,,1,0,0,no,0,,global-write H_RESTORE_MESHES@pres.f90:3267,,,
pressure,pressure,,GLOBMAT_SOLVER::SET_CCVAR_CGSC_H,pres.f90,main.f90:1069,2,GLOBAL_MATRIX_REASSIGN > GLMAT_SOLVER_SETUP > SET_CCVAR_CGSC_H; called by GLMAT_SOLVER_SETUP (pres.f90:3842),5,1,17,12,no,yes,no,no,,12,0,0,yes,3,,global-write IHI_CELL@pres.f90:5831; global-write IHI_FACE@pres.f90:5829; global-write ILO_CELL@pres.f90:5830; global-write ILO_FACE@pres.f90:5828,,,POINT_TO_MESH pointer KBAR@pres.f90:5863
pressure,pressure,,GLOBMAT_SOLVER::SET_CLUSTER_SOLVER_IPARM,pres.f90,main.f90:1069,3,GLOBAL_MATRIX_REASSIGN > GLMAT_SOLVER_SETUP > GET_H_MATRIX_LUDCMP > SET_CLUSTER_SOLVER_IPARM; called by GET_H_MATRIX_LUDCMP (pres.f90:4418),0,0,1,1,no,yes,no,no,,1,0,0,no,0,,global-write IPARM@pres.f90:4883,,,
pressure,pressure,,GLOBMAT_SOLVER::WRITE_EWC_TYPE_DIAGNOSTIC,pres.f90,main.f90:1069,3,GLOBAL_MATRIX_REASSIGN > GLMAT_SOLVER_SETUP > COPY_HS_IN_CCVAR > WRITE_EWC_TYPE_DIAGNOSTIC; called by COPY_HS_IN_CCVAR (pres.f90:4273),6,0,2,0,yes,no,no,no,omesh_copy,0,0,0,yes,2,omesh_copy read EWC_TYPE@pres.f90:4316; omesh_copy inquiry EWC_TYPE@pres.f90:4303,,,,POINT_TO_MESH pointer N_EXTERNAL_WALL_CELLS@pres.f90:4290
pressure,pressure,,LOCMAT_SOLVER::ADD_INPLACE_NNZ_H,pres.f90,main.f90:1069,3,GLOBAL_MATRIX_REASSIGN > ULMAT_SOLVER_SETUP > ULMAT_MATRIXGRAPH_H > ADD_INPLACE_NNZ_H; called by ULMAT_MATRIXGRAPH_H (pres.f90:2235),0,0,2,2,no,yes,no,no,,2,0,0,no,0,,global-write JD_H_MAT@pres.f90:2510; global-write NNZ_H_MAT@pres.f90:2512,,,
pressure,pressure,,LOCMAT_SOLVER::FINISH_ULMAT_SOLVER,pres.f90,main.f90:1069,1,GLOBAL_MATRIX_REASSIGN > FINISH_ULMAT_SOLVER; called by GLOBAL_MATRIX_REASSIGN (main.f90:1814),1,0,6,2,no,no,no,no,,0,0,0,yes,0,,,,,POINT_TO_MESH pointer ZONE_MESH@pres.f90:3095
pressure,pressure,,LOCMAT_SOLVER::ULMAT_BCS_H_MATRIX,pres.f90,main.f90:1069,2,GLOBAL_MATRIX_REASSIGN > ULMAT_SOLVER_SETUP > ULMAT_BCS_H_MATRIX; called by ULMAT_SOLVER_SETUP (pres.f90:1409),19,1,5,1,no,yes,no,no,,1,0,0,yes,7,,global-write D_H_MAT@pres.f90:2776,,,POINT_TO_MESH pointer ZONE_MESH@pres.f90:2718
pressure,pressure,,LOCMAT_SOLVER::ULMAT_DEFINE_IPARM,pres.f90,main.f90:1069,2,GLOBAL_MATRIX_REASSIGN > ULMAT_SOLVER_SETUP > ULMAT_DEFINE_IPARM; called by ULMAT_SOLVER_SETUP (pres.f90:1390),0,0,0,1,no,yes,no,no,,1,0,0,no,0,,global-write IPARM@pres.f90:2798,,,
pressure,pressure,,LOCMAT_SOLVER::ULMAT_GET_H_REGFACES,pres.f90,main.f90:1069,2,GLOBAL_MATRIX_REASSIGN > ULMAT_SOLVER_SETUP > ULMAT_GET_H_REGFACES; called by ULMAT_SOLVER_SETUP (pres.f90:1385),13,4,1,0,no,no,no,no,,0,0,0,yes,7,,,,,POINT_TO_MESH pointer IBAR@pres.f90:2026
pressure,pressure,,LOCMAT_SOLVER::ULMAT_H_MATRIX,pres.f90,main.f90:1069,2,GLOBAL_MATRIX_REASSIGN > ULMAT_SOLVER_SETUP > ULMAT_H_MATRIX; called by ULMAT_SOLVER_SETUP (pres.f90:1406),22,0,3,1,no,yes,no,no,,1,0,0,yes,9,,global-write D_H_MAT@pres.f90:2541,,,POINT_TO_MESH pointer ZONE_MESH@pres.f90:2537
pressure,pressure,,LOCMAT_SOLVER::ULMAT_H_MATRIX_SOLVER_SETUP,pres.f90,main.f90:1069,2,GLOBAL_MATRIX_REASSIGN > ULMAT_SOLVER_SETUP > ULMAT_H_MATRIX_SOLVER_SETUP; called by ULMAT_SOLVER_SETUP (pres.f90:1412),1,1,11,7,no,yes,no,no,,5,0,0,yes,0,,global-write STOP_STATUS@pres.f90:2924; global-write D_H_MAT@pres.f90:2969; global-write JD_H_MAT@pres.f90:2968; global-write MSGLVL@pres.f90:2849,,,POINT_TO_MESH pointer ZONE_MESH@pres.f90:2842
pressure,pressure,,LOCMAT_SOLVER::ULMAT_MATRIXGRAPH_H,pres.f90,main.f90:1069,2,GLOBAL_MATRIX_REASSIGN > ULMAT_SOLVER_SETUP > ULMAT_MATRIXGRAPH_H; called by ULMAT_SOLVER_SETUP (pres.f90:1403),21,7,3,2,no,yes,no,no,,2,0,0,yes,14,,global-write JD_H_MAT@pres.f90:2171; global-write NNZ_H_MAT@pres.f90:2168,,,POINT_TO_MESH pointer ZONE_MESH@pres.f90:2164
pressure,pressure,,LOCMAT_SOLVER::ULMAT_SOLVER,pres.f90,main.f90:855,1,PRESSURE_ITERATION_SCHEME > ULMAT_SOLVER; called by PRESSURE_ITERATION_SCHEME (main.f90:1668),1,0,4,0,no,no,no,no,,0,0,0,yes,0,,,,,POINT_TO_MESH pointer ZONE_MESH@pres.f90:1446
pressure,pressure,,LOCMAT_SOLVER::ULMAT_SOLVER_SETUP,pres.f90,main.f90:1069,1,GLOBAL_MATRIX_REASSIGN > ULMAT_SOLVER_SETUP; called by GLOBAL_MATRIX_REASSIGN (main.f90:1815),22,14,13,4,no,yes,no,no,,3,0,0,yes,9,,global-write STOP_STATUS@pres.f90:1162; global-write CYL_FCT@pres.f90:1191; global-write TNOW@pres.f90:1154,,,POINT_TO_MESH pointer ZONE_MESH@pres.f90:1318
pressure,pressure,,LOCMAT_SOLVER::ULMAT_SOLVE_ZONE,pres.f90,main.f90:855,2,PRESSURE_ITERATION_SCHEME > ULMAT_SOLVER > ULMAT_SOLVE_ZONE; called by ULMAT_SOLVER (pres.f90:1453),44,6,16,5,no,yes,no,no,,1,0,1,yes,11,,global-write TNOW@pres.f90:1486; prev-step read MUNKH@pres.f90:1501 (first writer site main.f90:1069),,,POINT_TO_MESH pointer ZONE_MESH@pres.f90:1494
pressure,pressure,,PRES::COMPUTE_VELOCITY_ERROR,pres.f90,main.f90:855,1,PRESSURE_ITERATION_SCHEME > COMPUTE_VELOCITY_ERROR; called by PRESSURE_ITERATION_SCHEME (main.f90:1690),33,2,7,3,yes,yes,no,no,omesh_copy|other_mesh,2,0,0,yes,5,omesh_copy read FVX@pres.f90:927; omesh_copy read H@pres.f90:927; other_mesh read RDXN@pres.f90:927 (+13),global-write VELOCITY_ERROR_MAX@pres.f90:834; global-write VELOCITY_ERROR_MAX_LOC@pres.f90:1061,,,POINT_TO_MESH pointer WALL_WORK1@pres.f90:835
pressure,pressure,,PRES::PRESSURE_SOLVER_CHECK_RESIDUALS,pres.f90,main.f90:855,1,PRESSURE_ITERATION_SCHEME > PRESSURE_SOLVER_CHECK_RESIDUALS; called by PRESSURE_ITERATION_SCHEME (main.f90:1677),28,4,7,3,no,yes,no,no,,2,0,0,yes,0,,global-write PRESSURE_ERROR_MAX@pres.f90:792; global-write PRESSURE_ERROR_MAX_LOC@pres.f90:793,,,POINT_TO_MESH pointer H@pres.f90:717
pressure,pressure,,PRES::PRESSURE_SOLVER_COMPUTE_RHS,pres.f90,main.f90:855,1,PRESSURE_ITERATION_SCHEME > PRESSURE_SOLVER_COMPUTE_RHS; called by PRESSURE_ITERATION_SCHEME (main.f90:1650),46,7,10,1,yes,yes,no,yes,other_mesh,0,0,2,yes,4,other_mesh read DX@pres.f90:124; other_mesh read DY@pres.f90:130; other_mesh read DZ@pres.f90:136,prev-step read IPS@pres.f90:233 (first writer site main.f90:1069); prev-step read VENTS@pres.f90:150 (first writer site main.f90:919),,first_cell_width(stretch_aware=no)@pres.f90:125; first_cell_width(stretch_aware=no)@pres.f90:131; first_cell_width(stretch_aware=no)@pres.f90:137,POINT_TO_MESH pointer U@pres.f90:41
pressure,pressure,,PRES::PRESSURE_SOLVER_FFT,pres.f90,main.f90:855,1,PRESSURE_ITERATION_SCHEME > PRESSURE_SOLVER_FFT; called by PRESSURE_ITERATION_SCHEME (main.f90:1659),38,13,9,1,no,yes,no,yes,,0,0,3,yes,0,,prev-step read IPS@pres.f90:343 (first writer site main.f90:1069); prev-step read ITRN@pres.f90:346 (first writer site main.f90:1069); prev-step read JTRN@pres.f90:346 (first writer site main.f90:1069),,snap_computational(stretch_aware=no)@pres.f90:452; snap_computational(stretch_aware=no)@pres.f90:453; snap_computational(stretch_aware=no)@pres.f90:468,POINT_TO_MESH pointer H@pres.f90:336
pressure,pressure,,PRES::TUNNEL_POISSON_SOLVER,pres.f90,main.f90:855,1,PRESSURE_ITERATION_SCHEME > TUNNEL_POISSON_SOLVER; called by PRESSURE_ITERATION_SCHEME (main.f90:1657),23,5,16,7,yes,yes,yes,yes,other_mesh,6,0,3,no,2,other_mesh read DX@pres.f90:541; other_mesh read IBAR@pres.f90:541; other_mesh read DX@pres.f90:542,global-write H_BAR@pres.f90:677; global-write TP_AA@pres.f90:559; global-write TP_BB@pres.f90:560; global-write TP_CC@pres.f90:546; prev-step read CELL@pres.f90:534 (first writer site main.f90:942); prev-step read CELL_INDEX@pres.f90:534 (first writer site main.f90:942); prev-step read IPS@pres.f90:549 (first writer site main.f90:1069),MPI_GATHERV(TP_AA)@pres.f90:633; MPI_GATHERV(TP_BB)@pres.f90:635; MPI_GATHERV(TP_CC)@pres.f90:637,solver_restriction(stretch_aware=yes)@pres.f90:541; first_cell_width(stretch_aware=no)@pres.f90:541; first_cell_width(stretch_aware=no)@pres.f90:542,
pressure,pressure,,VELO::BAROCLINIC_CORRECTION,velo.f90,main.f90:855,1,PRESSURE_ITERATION_SCHEME > BAROCLINIC_CORRECTION; called by PRESSURE_ITERATION_SCHEME (main.f90:1633),23,9,6,1,no,no,no,no,,0,0,0,yes,0,,,,,POINT_TO_MESH pointer BAROCLINIC_TERMS_ATTACHED@velo.f90:3233
pressure,pressure,,VELO::MATCH_VELOCITY_FLUX,velo.f90,main.f90:855,1,PRESSURE_ITERATION_SCHEME > MATCH_VELOCITY_FLUX; called by PRESSURE_ITERATION_SCHEME (main.f90:1638),17,3,4,1,yes,no,no,no,omesh_copy|other_mesh,0,0,0,yes,2,other_mesh read DY@velo.f90:2915; other_mesh read DZ@velo.f90:2915; other_mesh read DX@velo.f90:2923 (+5),,,,POINT_TO_MESH pointer N_EXTERNAL_WALL_CELLS@velo.f90:2891
pressure,pressure,,VELO::NO_FLUX,velo.f90,main.f90:855,1,PRESSURE_ITERATION_SCHEME > NO_FLUX; called by PRESSURE_ITERATION_SCHEME (main.f90:1647),24,5,6,1,yes,yes,no,no,omesh_copy,0,0,2,yes,8,omesh_copy ptr_target H@velo.f90:1382; omesh_copy ptr_target HS@velo.f90:1384,prev-step read CELL@velo.f90:1413 (first writer site main.f90:942); prev-step read CELL_INDEX@velo.f90:1411 (first writer site main.f90:942),,,POINT_TO_MESH pointer H@velo.f90:1369
radiation,radiation,,CC_SCALARS::CCCOMPUTE_RADIATION,ccib.f90,main.f90:1035,0,CCCOMPUTE_RADIATION,3,1,4,2,no,no,no,no,,0,0,0,yes,2,,,,,POINT_TO_MESH pointer CUT_CELL@ccib.f90:7140
radiation,radiation,,CC_SCALARS::GET_CFACE_RAD_NVEC,ccib.f90,main.f90:1034,2,COMPUTE_RADIATION > RADIATION_FVM > GET_CFACE_RAD_NVEC; called by RADIATION_FVM (radi.f90:4266),3,0,1,0,no,no,no,no,,0,0,0,yes,3,,,,,POINT_TO_MESH pointer BOUNDARY_COORD@ccib.f90:6774
radiation,radiation|output,,MATH_FUNCTIONS::INTERPOLATE1D,func.f90,main.f90:1034,2,COMPUTE_RADIATION > RADIATION_FVM > INTERPOLATE1D; called by RADIATION_FVM (radi.f90:3964),0,0,0,0,no,no,no,no,,0,0,0,no,0,,,,,
radiation,radiation,,PHYSICAL_FUNCTIONS::GET_VOLUME_FRACTION,func.f90,main.f90:1034,2,COMPUTE_RADIATION > RADIATION_FVM > GET_VOLUME_FRACTION; called by RADIATION_FVM (radi.f90:3928),0,0,1,0,no,no,no,no,,0,0,0,no,0,,,,,
radiation,radiation,,FDS::ALLOCATE_RADIATION_RECV_PKG,main.f90,main.f90:1029,0,ALLOCATE_RADIATION_RECV_PKG,5,1,13,5,yes,yes,no,no,omesh_copy,4,0,0,no,0,omesh_copy read NIC_R@main.f90:3995; omesh_copy read IOR_R@main.f90:4001; omesh_copy dealloc REAL_RECV_PKG5@main.f90:4007 (+4),global-write M@main.f90:3989; global-write M3@main.f90:3994; global-write N_REQ5@main.f90:3986; global-write REQ5@main.f90:3985,,,
radiation,radiation,,FDS::ALLOCATE_RADIATION_SEND_PKG,main.f90,main.f90:1030,0,ALLOCATE_RADIATION_SEND_PKG,6,1,12,4,yes,yes,no,no,omesh_copy,3,0,0,no,0,omesh_copy read NIC_S@main.f90:4035; omesh_copy read IOR_S@main.f90:4043; omesh_copy dealloc REAL_SEND_PKG5@main.f90:4048 (+4),global-write M@main.f90:4030; global-write M3@main.f90:4034; global-write N_REQ5@main.f90:4051,,,
radiation,radiation,,FDS::CALCULATE_RTE_SOURCE_CORRECTION_FACTOR,main.f90,main.f90:1061,0,CALCULATE_RTE_SOURCE_CORRECTION_FACTOR,0,0,6,4,no,yes,no,no,,3,0,0,no,0,,global-write KFST4_SUM@main.f90:1761; global-write RAD_Q_SUM@main.f90:1760; global-write RTE_SOURCE_CORRECTION_FACTOR@main.f90:1767,,,
radiation,radiation,,RAD::A_WSGG,radi.f90,main.f90:1034,2,COMPUTE_RADIATION > RADIATION_FVM > A_WSGG; called by RADIATION_FVM (radi.f90:3930),0,0,3,0,no,no,no,no,,0,0,0,no,0,,,,,
radiation,radiation|output,,RAD::BLACKBODY_FRACTION,radi.f90,main.f90:1034,2,COMPUTE_RADIATION > RADIATION_FVM > BLACKBODY_FRACTION; called by RADIATION_FVM (radi.f90:3932),0,0,2,0,no,no,no,no,,0,0,0,no,0,,,,,
radiation,radiation,,RAD::CALCULATE_DIRECTION_COEFFICIENTS,radi.f90,main.f90:1027,0,CALCULATE_DIRECTION_COEFFICIENTS,0,0,23,13,no,yes,no,no,,12,0,0,no,0,,global-write NEAREST_RADIATION_ANGLE@radi.f90:3578; global-write VIEW_ANGLE_FACTOR@radi.f90:3579; global-write DLANG@radi.f90:3499; global-write DLANG_OLD@radi.f90:3509,,,
radiation,radiation,,RAD::COMPUTE_RADIATION,radi.f90,main.f90:1034,0,COMPUTE_RADIATION,2,1,4,2,no,yes,no,no,,1,0,0,yes,0,,global-write RADIATION_COMPLETED@radi.f90:3758,,,POINT_TO_MESH pointer CHI_R@radi.f90:3762
radiation,radiation,,RAD::COMPUTE_RADIATION::ADD_VOLUMETRIC_HEAT_SOURCE,radi.f90,main.f90:1034,1,COMPUTE_RADIATION > ADD_VOLUMETRIC_HEAT_SOURCE; called by COMPUTE_RADIATION (radi.f90:3763),10,3,3,0,no,no,no,no,,0,0,0,yes,2,,,,,POINT_TO_MESH pointer KBP1@radi.f90:5106
radiation,radiation,,RAD::COMPUTE_RADIATION::CALC_PARTICLE_TEMP_ORIENTATION,radi.f90,main.f90:1034,2,COMPUTE_RADIATION > RADIATION_FVM > CALC_PARTICLE_TEMP_ORIENTATION; called by RADIATION_FVM (radi.f90:4856),0,0,0,0,no,no,no,no,,0,0,0,no,0,,,,,
radiation,radiation,,RAD::COMPUTE_RADIATION::RADIATION_FVM,radi.f90,main.f90:1034,1,COMPUTE_RADIATION > RADIATION_FVM; called by COMPUTE_RADIATION (radi.f90:3759),77,28,68,5,yes,yes,no,no,omesh_copy,5,0,0,yes,15,omesh_copy read IL_R@radi.f90:4351; omesh_copy read NIC_S@radi.f90:4827; omesh_copy write IL_S@radi.f90:4829 (+5),global-write EXCHANGE_RADIATION@radi.f90:3857; global-write KFST4_SUM@radi.f90:4041; global-write RADIATION_COMPLETED@radi.f90:4287; global-write RAD_Q_SUM@radi.f90:4040,,,POINT_TO_MESH pointer IBAR@radi.f90:3823
radiation,radiation,,RAD::GENERATE_RANDOM_UNIT_VECTOR,radi.f90,main.f90:1027,1,CALCULATE_DIRECTION_COEFFICIENTS > GENERATE_RANDOM_UNIT_VECTOR; called by CALCULATE_DIRECTION_COEFFICIENTS (radi.f90:3449),0,0,0,0,no,no,no,no,,0,0,0,no,0,,,,,
radiation,radiation,,RAD::GET_KAPPA,radi.f90,main.f90:1034,2,COMPUTE_RADIATION > RADIATION_FVM > GET_KAPPA; called by RADIATION_FVM (radi.f90:4012),0,0,13,0,no,no,no,no,,0,0,0,no,0,,,,,
radiation,radiation,,RAD::INTERPOLATE_IL,radi.f90,main.f90:1028,0,INTERPOLATE_IL,15,4,9,1,yes,no,no,no,omesh_copy,0,0,0,yes,6,omesh_copy read NIC_R@radi.f90:3701; omesh_copy write IL_R_OLD@radi.f90:3702; omesh_copy read IL_R@radi.f90:3702 (+3),,,,POINT_TO_MESH pointer N_EXTERNAL_WALL_CELLS@radi.f90:3651
radiation,radiation,,RAD::KAPPA_SOOT,radi.f90,main.f90:1034,2,COMPUTE_RADIATION > RADIATION_FVM > KAPPA_SOOT; called by RADIATION_FVM (radi.f90:4071),0,0,0,0,no,no,no,no,,0,0,0,no,0,,,,,
radiation,radiation,,RAD::KAPPA_WSGG,radi.f90,main.f90:1034,2,COMPUTE_RADIATION > RADIATION_FVM > KAPPA_WSGG; called by RADIATION_FVM (radi.f90:4070),0,0,3,0,no,no,no,no,,0,0,0,no,0,,,,,
species_combustion,species_combustion,,CVODE_INTERFACE::CVODESTATS,chem.f90,main.f90:973,5,COMBUSTION_LOAD_BALANCED > COMBUSTION_GENERAL_LOAD_BALANCED > COMBUSTION_MODEL > CVODE > CVODE_SERIAL > CVODESTATS; called by CVODE_SERIAL (chem.f90:980),0,0,1,0,no,no,no,no,,0,0,0,no,0,,,,,
species_combustion,species_combustion,,CVODE_INTERFACE::CVODE_SERIAL,chem.f90,main.f90:973,4,COMBUSTION_LOAD_BALANCED > COMBUSTION_GENERAL_LOAD_BALANCED > COMBUSTION_MODEL > CVODE > CVODE_SERIAL; called by CVODE (fire.f90:1117),0,0,4,2,no,yes,no,no,,2,1,0,no,0,,global-write CVODE_WARNING_CELLS@chem.f90:963; global-write STOP_STATUS@chem.f90:1001; SAVE ONLY_FIRST_STEP decl chem.f90:796 write chem.f90:915,,,
species_combustion,species_combustion,,CHEMCONS::INIT_CVODE_WARN_MESSAGES,cons.f90,main.f90:973,1,COMBUSTION_LOAD_BALANCED > INIT_CVODE_WARN_MESSAGES; called by COMBUSTION_LOAD_BALANCED (fire.f90:54),0,0,0,0,no,no,no,no,,0,0,0,no,0,,,,,
species_combustion,species_combustion,,FIRE::CALC_ADIABATIC_FLAME_TEMPERATURE,fire.f90,main.f90:973,4,COMBUSTION_LOAD_BALANCED > COMBUSTION_GENERAL_LOAD_BALANCED > COMBUSTION_MODEL > CVODE > CALC_ADIABATIC_FLAME_TEMPERATURE; called by CVODE (fire.f90:1082),0,0,0,0,no,no,no,no,,0,0,0,no,0,,,,,
species_combustion,species_combustion,,FIRE::CALC_AFT_REAC_AND_PROD,fire.f90,main.f90:973,5,COMBUSTION_LOAD_BALANCED > COMBUSTION_GENERAL_LOAD_BALANCED > COMBUSTION_MODEL > CVODE > CALC_ADIABATIC_FLAME_TEMPERATURE > CALC_AFT_REAC_AND_PROD; called by CALC_ADIABATIC_FLAME_TEMPERATURE (fire.f90:1194),0,0,4,0,no,no,no,no,,0,0,0,no,0,,,,,
species_combustion,species_combustion,,FIRE::CALC_FCENT,fire.f90,main.f90:973,5,COMBUSTION_LOAD_BALANCED > COMBUSTION_GENERAL_LOAD_BALANCED > COMBUSTION_MODEL > FIRE_FORWARD_EULER > REACTION_RATE > CALC_FCENT; called by REACTION_RATE (fire.f90:1701),0,0,1,0,no,no,no,no,,0,0,0,no,0,,,,,
species_combustion,species_combustion,,FIRE::CHECK_AUTO_IGNITION,fire.f90,main.f90:973,3,COMBUSTION_LOAD_BALANCED > COMBUSTION_GENERAL_LOAD_BALANCED > COMBUSTION_MODEL > CHECK_AUTO_IGNITION; called by COMBUSTION_MODEL (fire.f90:877),3,0,2,0,no,no,no,no,,0,0,0,yes,0,,,,,POINT_TO_MESH pointer XC@fire.f90:1368
species_combustion,species_combustion,,FIRE::CHECK_CHEMICALLY_ACTIVE_STATE,fire.f90,main.f90:973,2,COMBUSTION_LOAD_BALANCED > COMBUSTION_GENERAL_LOAD_BALANCED > CHECK_CHEMICALLY_ACTIVE_STATE; called by COMBUSTION_GENERAL_LOAD_BALANCED (fire.f90:128),6,0,15,1,no,yes,no,no,,1,0,0,yes,3,,global-write STOP_STATUS@fire.f90:443,,,POINT_TO_MESH pointer CELL@fire.f90:387
species_combustion,species_combustion,,FIRE::CHECK_REACTION,fire.f90,main.f90:973,3,COMBUSTION_LOAD_BALANCED > COMBUSTION_GENERAL_LOAD_BALANCED > CHECK_CHEMICALLY_ACTIVE_STATE > CHECK_REACTION; called by CHECK_CHEMICALLY_ACTIVE_STATE (fire.f90:447),0,0,3,0,no,no,no,no,,0,0,0,no,0,,,,,
species_combustion,species_combustion,,FIRE::COMBUSTION_BC,fire.f90,main.f90:1055,0,COMBUSTION_BC,6,1,1,1,yes,no,no,no,omesh_copy,0,0,0,yes,2,omesh_copy read Q@fire.f90:1912,,,,POINT_TO_MESH pointer N_EXTERNAL_WALL_CELLS@fire.f90:1902
species_combustion,species_combustion,,FIRE::COMBUSTION_GENERAL_LOAD_BALANCED,fire.f90,main.f90:973,1,COMBUSTION_LOAD_BALANCED > COMBUSTION_GENERAL_LOAD_BALANCED; called by COMBUSTION_LOAD_BALANCED (fire.f90:74),25,12,20,5,no,yes,yes,no,,5,0,0,yes,4,,global-write DZ_F0@fire.f90:193; global-write NCHEM_ACTIVE_CELLS_AND_CC_RANK_WISE@fire.f90:187; global-write REALS_TO_RECV_ARRAY@fire.f90:231; global-write RESULTS_TO_SEND_ARRAY@fire.f90:201,MPI_ALLGATHER(NCHEM_ACTIVE_CELLS_AND_CC_RANK_WISE)@fire.f90:189,,POINT_TO_MESH pointer CHEM_ACTIVE_CELLS@fire.f90:121
species_combustion,species_combustion,,FIRE::COMBUSTION_LOAD_BALANCED,fire.f90,main.f90:973,0,COMBUSTION_LOAD_BALANCED,2,3,11,7,no,yes,no,no,,6,0,0,yes,2,,global-write CVODE_WARNING_CELLS@fire.f90:61; global-write COMBUSTION_INIT@fire.f90:51; global-write NVAR_TO_RECEIVE@fire.f90:53; global-write NVAR_TO_SEND@fire.f90:52,,,POINT_TO_MESH pointer Q@fire.f90:59
species_combustion,species_combustion,,FIRE::COMBUSTION_MODEL,fire.f90,main.f90:973,2,COMBUSTION_LOAD_BALANCED > COMBUSTION_GENERAL_LOAD_BALANCED > COMBUSTION_MODEL; called by COMBUSTION_GENERAL_LOAD_BALANCED (fire.f90:214),1,0,27,2,no,yes,no,no,,2,0,0,yes,0,,global-write DZ_F0@fire.f90:865; global-write MOLPCM3@fire.f90:866,,,POINT_TO_MESH pointer STRAIN_RATE@fire.f90:816
species_combustion,species_combustion,,FIRE::CONDENSATION_EVAPORATION,fire.f90,main.f90:976,0,CONDENSATION_EVAPORATION,30,6,12,0,no,no,no,no,,0,0,0,yes,9,,,,,POINT_TO_MESH pointer SWORK1@fire.f90:1950
species_combustion,species_combustion,,FIRE::CVODE,fire.f90,main.f90:973,3,COMBUSTION_LOAD_BALANCED > COMBUSTION_GENERAL_LOAD_BALANCED > COMBUSTION_MODEL > CVODE; called by COMBUSTION_MODEL (fire.f90:949),0,0,6,0,no,no,no,no,,0,0,0,no,0,,,,,
species_combustion,species_combustion,,FIRE::DISTRIBUTE_CELLS_ACCROSS_MPI_PROCESSES,fire.f90,main.f90:973,2,COMBUSTION_LOAD_BALANCED > COMBUSTION_GENERAL_LOAD_BALANCED > DISTRIBUTE_CELLS_ACCROSS_MPI_PROCESSES; called by COMBUSTION_GENERAL_LOAD_BALANCED (fire.f90:196),17,0,18,11,no,yes,no,no,,11,0,0,yes,1,,global-write CHEM_SEQ_ARR@fire.f90:586; global-write INTEGERS_TEST_ARRAY@fire.f90:591; global-write NCELLS_TO_RECV_ARRAY@fire.f90:577; global-write NCELLS_TO_SEND_ARRAY@fire.f90:576,,,POINT_TO_MESH pointer CHEM_ACTIVE_CELLS@fire.f90:605
species_combustion,species_combustion,,FIRE::DUMP_CVODE_WARNING_SUMMARY,fire.f90,main.f90:973,2,COMBUSTION_LOAD_BALANCED > COMBUSTION_GENERAL_LOAD_BALANCED > DUMP_CVODE_WARNING_SUMMARY; called by COMBUSTION_GENERAL_LOAD_BALANCED (fire.f90:334),0,0,5,2,no,yes,yes,no,,2,0,0,no,0,,global-write CVODE_WARNING_CELLS@fire.f90:1303; global-write T_CHEM_COMM@fire.f90:1343,MPI_ALLREDUCE(CVODE_WARNING_CELLS)@fire.f90:1303; MPI_ALLREDUCE(NCHEM_ACTIVE_CELLS_AND_CC_GLOBAL)@fire.f90:1306,,
species_combustion,species_combustion,,FIRE::EXTINCT_1,fire.f90,main.f90:973,3,COMBUSTION_LOAD_BALANCED > COMBUSTION_GENERAL_LOAD_BALANCED > COMBUSTION_MODEL > EXTINCT_1; called by COMBUSTION_MODEL (fire.f90:1000),0,0,3,0,no,no,no,no,,0,0,0,no,0,,,,,
species_combustion,species_combustion,,FIRE::EXTINCT_2,fire.f90,main.f90:973,3,COMBUSTION_LOAD_BALANCED > COMBUSTION_GENERAL_LOAD_BALANCED > COMBUSTION_MODEL > EXTINCT_2; called by COMBUSTION_MODEL (fire.f90:1001),0,0,3,0,no,no,no,no,,0,0,0,no,0,,,,,
species_combustion,species_combustion,,FIRE::FIRE_FORWARD_EULER,fire.f90,main.f90:973,3,COMBUSTION_LOAD_BALANCED > COMBUSTION_GENERAL_LOAD_BALANCED > COMBUSTION_MODEL > FIRE_FORWARD_EULER; called by COMBUSTION_MODEL (fire.f90:892),0,0,1,0,no,no,no,no,,0,0,0,no,0,,,,,
species_combustion,species_combustion,,FIRE::FIRE_RK2,fire.f90,main.f90:973,3,COMBUSTION_LOAD_BALANCED > COMBUSTION_GENERAL_LOAD_BALANCED > COMBUSTION_MODEL > FIRE_RK2; called by COMBUSTION_MODEL (fire.f90:904),0,0,0,0,no,no,no,no,,0,0,0,no,0,,,,,
species_combustion,species_combustion,,FIRE::GATHER_CELLS_FROM_MPI_PROCESSES,fire.f90,main.f90:973,2,COMBUSTION_LOAD_BALANCED > COMBUSTION_GENERAL_LOAD_BALANCED > GATHER_CELLS_FROM_MPI_PROCESSES; called by COMBUSTION_GENERAL_LOAD_BALANCED (fire.f90:234),6,5,18,6,no,yes,no,no,,6,0,0,yes,1,,global-write CHEM_SEQ_ARR@fire.f90:766; global-write RESULTS_TO_RECV_ARRAY@fire.f90:712; global-write RESULTS_TO_SEND_ARRAY@fire.f90:718; global-write REVC_DISPS@fire.f90:707,,,POINT_TO_MESH pointer CHEM_ACTIVE_CELLS@fire.f90:734
species_combustion,species_combustion,,FIRE::REACTION_RATE,fire.f90,main.f90:973,4,COMBUSTION_LOAD_BALANCED > COMBUSTION_GENERAL_LOAD_BALANCED > COMBUSTION_MODEL > FIRE_FORWARD_EULER > REACTION_RATE; called by FIRE_FORWARD_EULER (fire.f90:1531),0,0,9,2,no,yes,no,no,,2,0,0,no,0,,global-write DZ_F0@fire.f90:1689; global-write MOLPCM3@fire.f90:1694,,,
species_combustion,species_combustion,,FIRE::SET_SPECIES_SOURCE_TERM_CELL,fire.f90,main.f90:973,2,COMBUSTION_LOAD_BALANCED > COMBUSTION_GENERAL_LOAD_BALANCED > SET_SPECIES_SOURCE_TERM_CELL; called by COMBUSTION_GENERAL_LOAD_BALANCED (fire.f90:269),5,4,6,1,no,yes,no,no,,1,0,0,yes,0,,global-write STOP_STATUS@fire.f90:487,,,POINT_TO_MESH pointer REAC_SOURCE_TERM@fire.f90:479
species_combustion,species_combustion,,FIRE::SET_SPECIES_SOURCE_TERM_CUTCELL,fire.f90,main.f90:973,2,COMBUSTION_LOAD_BALANCED > COMBUSTION_GENERAL_LOAD_BALANCED > SET_SPECIES_SOURCE_TERM_CUTCELL; called by COMBUSTION_GENERAL_LOAD_BALANCED (fire.f90:292),1,1,7,1,no,yes,no,no,,1,0,0,yes,1,,global-write STOP_STATUS@fire.f90:536,,,POINT_TO_MESH pointer CUT_CELL@fire.f90:527
species_combustion,predictor/corrector|radiation|species_combustion|solid_phase|particles|output,,MATH_FUNCTIONS::INTERPOLATE1D_UNIFORM,func.f90,main.f90:976,1,CONDENSATION_EVAPORATION > INTERPOLATE1D_UNIFORM; called by CONDENSATION_EVAPORATION (fire.f90:1970),0,0,0,0,no,no,no,no,,0,0,0,no,0,,,,,
species_combustion,species_combustion|output,,PHYSICAL_FUNCTIONS::CALC_EQUIV_RATIO,func.f90,main.f90:973,3,COMBUSTION_LOAD_BALANCED > COMBUSTION_GENERAL_LOAD_BALANCED > CHECK_CHEMICALLY_ACTIVE_STATE > CALC_EQUIV_RATIO; called by CHECK_CHEMICALLY_ACTIVE_STATE (fire.f90:411),0,0,2,0,no,no,no,no,,0,0,0,no,0,,,,,
species_combustion,predictor/corrector|species_combustion|solid_phase|particles,,PHYSICAL_FUNCTIONS::CUNNINGHAM,func.f90,main.f90:970,1,CALC_AGGLOMERATION > CUNNINGHAM; called by CALC_AGGLOMERATION (soot.f90:326),0,0,0,0,no,no,no,no,,0,0,0,no,0,,,,,
species_combustion,species_combustion|particles|other/shared,,PHYSICAL_FUNCTIONS::GET_AVERAGE_SPECIFIC_HEAT,func.f90,main.f90:973,2,COMBUSTION_LOAD_BALANCED > SOOT_SURFACE_OXIDATION > GET_AVERAGE_SPECIFIC_HEAT; called by SOOT_SURFACE_OXIDATION (soot.f90:464),0,0,2,0,no,no,no,no,,0,0,0,no,0,,,,,
species_combustion,radiation|species_combustion|solid_phase|particles|output,,PHYSICAL_FUNCTIONS::GET_MASS_FRACTION_ALL,func.f90,main.f90:976,1,CONDENSATION_EVAPORATION > GET_MASS_FRACTION_ALL; called by CONDENSATION_EVAPORATION (fire.f90:1997),0,0,3,0,no,no,no,no,,0,0,0,no,0,,,,,
species_combustion,predictor/corrector|radiation|species_combustion|particles|output,,PHYSICAL_FUNCTIONS::GET_MOLECULAR_WEIGHT,func.f90,main.f90:976,1,CONDENSATION_EVAPORATION > GET_MOLECULAR_WEIGHT; called by CONDENSATION_EVAPORATION (fire.f90:2216),0,0,0,0,no,no,no,no,,0,0,0,no,0,,,,,
species_combustion,predictor/corrector|species_combustion|solid_phase|particles|output|other/shared,,PHYSICAL_FUNCTIONS::GET_SPECIFIC_HEAT,func.f90,main.f90:976,1,CONDENSATION_EVAPORATION > GET_SPECIFIC_HEAT; called by CONDENSATION_EVAPORATION (fire.f90:2037),0,0,3,0,no,no,no,no,,0,0,0,no,0,,,,,
species_combustion,predictor/corrector|species_combustion|solid_phase|particles|output|other/shared,,PHYSICAL_FUNCTIONS::GET_VISCOSITY,func.f90,main.f90:970,1,CALC_AGGLOMERATION > GET_VISCOSITY; called by CALC_AGGLOMERATION (soot.f90:292),0,0,4,0,no,no,no,no,,0,0,0,no,0,,,,,
species_combustion,species_combustion,,PHYSICAL_FUNCTIONS::IS_REALIZABLE,func.f90,main.f90:973,3,COMBUSTION_LOAD_BALANCED > COMBUSTION_GENERAL_LOAD_BALANCED > CHECK_CHEMICALLY_ACTIVE_STATE > IS_REALIZABLE; called by CHECK_CHEMICALLY_ACTIVE_STATE (fire.f90:437),0,0,0,0,no,no,no,no,,0,0,0,no,0,,,,,
species_combustion,species_combustion,,PHYSICAL_FUNCTIONS::MOLAR_CONC_TO_MASS_FRAC,func.f90,main.f90:973,5,COMBUSTION_LOAD_BALANCED > COMBUSTION_GENERAL_LOAD_BALANCED > COMBUSTION_MODEL > CVODE > CVODE_SERIAL > MOLAR_CONC_TO_MASS_FRAC; called by CVODE_SERIAL (chem.f90:933),0,0,2,0,no,no,no,no,,0,0,0,no,0,,,,,
species_combustion,species_combustion,,SOOT_ROUTINES::CALC_AGGLOMERATION,soot.f90,main.f90:970,0,CALC_AGGLOMERATION,17,1,18,0,no,no,no,no,,0,0,0,yes,2,,,,,POINT_TO_MESH pointer KBAR@soot.f90:282
species_combustion,species_combustion,,SOOT_ROUTINES::SOOT_SURFACE_OXIDATION,soot.f90,main.f90:973,1,COMBUSTION_LOAD_BALANCED > SOOT_SURFACE_OXIDATION; called by COMBUSTION_LOAD_BALANCED (fire.f90:79),19,4,15,4,no,yes,no,no,,4,0,0,yes,7,,global-write B1@soot.f90:414; global-write BC@soot.f90:415; global-write CFA@soot.f90:475; global-write WC@soot.f90:413,,,POINT_TO_MESH pointer N_EXTERNAL_WALL_CELLS@soot.f90:412
species_combustion,species_combustion|output,,TURBULENCE::K_SGS_POPE,turb.f90,main.f90:973,3,COMBUSTION_LOAD_BALANCED > COMBUSTION_GENERAL_LOAD_BALANCED > COMBUSTION_MODEL > K_SGS_POPE; called by COMBUSTION_MODEL (fire.f90:816),0,0,0,0,no,no,no,no,,0,0,0,no,0,,,,,
solid_phase,solid_phase,,CC_SCALARS::CFACE_THERMAL_GASVARS,ccib.f90,main.f90:838,1,WALL_BC > CFACE_THERMAL_GASVARS; called by WALL_BC (wall.f90:208),12,1,4,0,no,no,no,no,,0,0,0,yes,4,,,,,POINT_TO_MESH pointer CFACE@ccib.f90:6856
solid_phase,predictor/corrector|solid_phase,,CC_SCALARS::GET_CC_CELL_CONDUCTIVITY,ccib.f90,main.f90:838,2,WALL_BC > CFACE_THERMAL_GASVARS > GET_CC_CELL_CONDUCTIVITY; called by CFACE_THERMAL_GASVARS (ccib.f90:6900),0,0,4,0,no,no,no,no,,0,0,0,no,0,,,,,
solid_phase,solid_phase|output,,CC_SCALARS::GET_UVWGAS_CFACE,ccib.f90,main.f90:838,2,WALL_BC > CFACE_THERMAL_GASVARS > GET_UVWGAS_CFACE; called by CFACE_THERMAL_GASVARS (ccib.f90:6903),5,0,1,0,no,no,no,no,,0,0,0,yes,2,,,,,POINT_TO_MESH pointer CUT_FACE@ccib.f90:6699
solid_phase,solid_phase,,GEOMETRY_FUNCTIONS::GET_INTERPOLATION_WEIGHTS,func.f90,main.f90:838,2,WALL_BC > SOLID_HEAT_TRANSFER > GET_INTERPOLATION_WEIGHTS; called by SOLID_HEAT_TRANSFER (wall.f90:2738),0,0,0,0,no,no,no,no,,0,0,0,no,0,,,,,
solid_phase,solid_phase,,GEOMETRY_FUNCTIONS::GET_N_LAYER_CELLS,func.f90,main.f90:838,2,WALL_BC > SOLID_HEAT_TRANSFER > GET_N_LAYER_CELLS; called by SOLID_HEAT_TRANSFER (wall.f90:2639),0,0,0,0,no,no,no,no,,0,0,0,no,0,,,,,
solid_phase,solid_phase,,GEOMETRY_FUNCTIONS::GET_WALL_NODE_COORDINATES,func.f90,main.f90:838,2,WALL_BC > SOLID_HEAT_TRANSFER > GET_WALL_NODE_COORDINATES; called by SOLID_HEAT_TRANSFER (wall.f90:2724),0,0,0,0,no,no,no,no,,0,0,0,no,0,,,,,
solid_phase,solid_phase|output,,GEOMETRY_FUNCTIONS::GET_WALL_NODE_WEIGHTS,func.f90,main.f90:838,2,WALL_BC > SOLID_HEAT_TRANSFER > GET_WALL_NODE_WEIGHTS; called by SOLID_HEAT_TRANSFER (wall.f90:2051),0,0,0,0,no,no,no,no,,0,0,0,no,0,,,,,
solid_phase,solid_phase,,GEOMETRY_FUNCTIONS::INTERPOLATE_WALL_ARRAY,func.f90,main.f90:838,2,WALL_BC > SOLID_HEAT_TRANSFER > INTERPOLATE_WALL_ARRAY; called by SOLID_HEAT_TRANSFER (wall.f90:2741),0,0,0,0,no,no,no,no,,0,0,0,no,0,,,,,
solid_phase,solid_phase|particles,,MATH_FUNCTIONS::BOX_MULLER,func.f90,main.f90:838,2,WALL_BC > CALCULATE_ZZ_F > BOX_MULLER; called by CALCULATE_ZZ_F (wall.f90:1326),0,0,0,0,no,no,no,no,,0,0,0,no,0,,,,,
solid_phase,predictor/corrector|pressure|radiation|species_combustion|solid_phase|particles|output|other/shared,,MATH_FUNCTIONS::EVALUATE_RAMP,func.f90,main.f90:781,1,LEVEL_SET_FIRESPREAD > EVALUATE_RAMP; called by LEVEL_SET_FIRESPREAD (vege.f90:423),0,0,3,1,no,yes,no,no,,1,0,0,no,0,,global-write RAMPS@func.f90:833,,,
solid_phase,solid_phase|output,,PHYSICAL_FUNCTIONS::FM_HEAT_FLUX_MODEL,func.f90,main.f90:838,2,WALL_BC > HEAT_TRANSFER_COEFFICIENT > FM_HEAT_FLUX_MODEL; called by HEAT_TRANSFER_COEFFICIENT (func.f90:3281),0,0,0,0,no,no,no,no,,0,0,0,no,0,,,,,
solid_phase,species_combustion|solid_phase,,PHYSICAL_FUNCTIONS::GET_REALIZABLE_MF,func.f90,main.f90:838,2,WALL_BC > CALCULATE_ZZ_F > GET_REALIZABLE_MF; called by CALCULATE_ZZ_F (wall.f90:1155),0,0,0,0,no,no,no,no,,0,0,0,no,0,,,,,
solid_phase,predictor/corrector|solid_phase,,PHYSICAL_FUNCTIONS::GET_WIND_AT_HEIGHT,func.f90,main.f90:781,1,LEVEL_SET_FIRESPREAD > GET_WIND_AT_HEIGHT; called by LEVEL_SET_FIRESPREAD (vege.f90:363),0,0,4,0,no,no,no,no,,0,0,0,no,0,,,,,
solid_phase,solid_phase,,PHYSICAL_FUNCTIONS::GET_Y_SURF,func.f90,main.f90:838,4,WALL_BC > SOLID_HEAT_TRANSFER > PERFORM_PYROLYSIS > PYROLYSIS > GET_Y_SURF; called by PYROLYSIS (wall.f90:3316),0,0,2,0,no,no,no,no,,0,0,0,no,0,,,,,
solid_phase,solid_phase|output,,PHYSICAL_FUNCTIONS::HEAT_TRANSFER_COEFFICIENT,func.f90,main.f90:838,1,WALL_BC > HEAT_TRANSFER_COEFFICIENT; called by WALL_BC (wall.f90:118),6,1,8,0,no,yes,no,no,,0,2,0,no,5,,SAVE FRICTION_VELOCITY decl func.f90:3144 write func.f90:3268; SAVE YPLUS decl func.f90:3144 write func.f90:3269,,,
solid_phase,solid_phase|output,,PHYSICAL_FUNCTIONS::HEAT_TRANSFER_COEFFICIENT::CONSTANT_HTC,func.f90,main.f90:838,2,WALL_BC > HEAT_TRANSFER_COEFFICIENT > CONSTANT_HTC; called by HEAT_TRANSFER_COEFFICIENT (func.f90:3194),0,0,1,0,no,no,no,no,,0,0,0,no,0,,,,,
solid_phase,solid_phase|output,,PHYSICAL_FUNCTIONS::LOGLAW_HEAT_FLUX_MODEL,func.f90,main.f90:838,2,WALL_BC > HEAT_TRANSFER_COEFFICIENT > LOGLAW_HEAT_FLUX_MODEL; called by HEAT_TRANSFER_COEFFICIENT (func.f90:3270),0,0,1,0,no,no,no,no,,0,0,0,no,0,,,,,
solid_phase,solid_phase|output,,PHYSICAL_FUNCTIONS::NATURAL_CONVECTION_MODEL,func.f90,main.f90:838,2,WALL_BC > HEAT_TRANSFER_COEFFICIENT > NATURAL_CONVECTION_MODEL; called by HEAT_TRANSFER_COEFFICIENT (func.f90:3243),0,0,0,0,no,no,no,no,,0,0,0,no,0,,,,,
solid_phase,solid_phase,,PHYSICAL_FUNCTIONS::Q_REF_FIT,func.f90,main.f90:838,2,WALL_BC > CALCULATE_ZZ_F > Q_REF_FIT; called by CALCULATE_ZZ_F (wall.f90:1194),0,0,0,0,no,no,no,no,,0,0,0,no,0,,,,,
solid_phase,solid_phase|output,,PHYSICAL_FUNCTIONS::RAYLEIGH_HEAT_FLUX_MODEL,func.f90,main.f90:838,2,WALL_BC > HEAT_TRANSFER_COEFFICIENT > RAYLEIGH_HEAT_FLUX_MODEL; called by HEAT_TRANSFER_COEFFICIENT (func.f90:3275),0,0,1,0,no,no,no,no,,0,0,0,no,0,,,,,
solid_phase,solid_phase|output,,PHYSICAL_FUNCTIONS::SURFACE_DENSITY,func.f90,main.f90:838,2,WALL_BC > DEPOSIT_PARTICLE_MASS > SURFACE_DENSITY; called by DEPOSIT_PARTICLE_MASS (wall.f90:1566),0,0,2,0,no,no,no,no,,0,0,0,no,0,,,,,
solid_phase,solid_phase,,FDS::CHECK_FREEZE_VELOCITY_STATUS,main.f90,main.f90:784,0,CHECK_FREEZE_VELOCITY_STATUS,0,0,2,3,no,yes,no,no,,3,0,0,no,0,,global-write CHECK_FREEZE_VELOCITY@main.f90:5049; global-write FREEZE_VELOCITY@main.f90:5047; global-write SOLID_PHASE_ONLY@main.f90:5048,,,
solid_phase,solid_phase,,QREF_DATA::DEFINE_QREF_ARRAYS,prop.f90,main.f90:838,3,WALL_BC > CALCULATE_ZZ_F > Q_REF_FIT > DEFINE_QREF_ARRAYS; called by Q_REF_FIT (func.f90:3083),0,0,0,0,no,no,no,no,,0,0,0,no,0,,,,,
solid_phase,predictor/corrector|solid_phase|output,,TURBULENCE::WALL_MODEL,turb.f90,main.f90:838,1,WALL_BC > WALL_MODEL; called by WALL_BC (wall.f90:165),0,0,1,0,no,no,no,no,,0,0,0,no,0,,,,,
solid_phase,solid_phase,,VEGE::GET_BOUNDARY_VALUES,vege.f90,main.f90:781,1,LEVEL_SET_FIRESPREAD > GET_BOUNDARY_VALUES; called by LEVEL_SET_FIRESPREAD (vege.f90:329),6,0,2,1,no,yes,no,no,,1,0,0,yes,0,,global-write PHI_LS_P@vege.f90:610,,,POINT_TO_MESH pointer PHI_LS@vege.f90:610
solid_phase,solid_phase,,VEGE::GET_BOUNDARY_VALUES::FILL_BOUNDARY_VALUES,vege.f90,main.f90:781,2,LEVEL_SET_FIRESPREAD > GET_BOUNDARY_VALUES > FILL_BOUNDARY_VALUES; called by GET_BOUNDARY_VALUES (vege.f90:620),13,5,3,1,yes,yes,no,no,omesh_copy,1,0,10,yes,3,omesh_copy read PHI_LS@vege.f90:689; omesh_copy read PHI1_LS@vege.f90:692; omesh_copy read U_LS@vege.f90:695 (+2),global-write PHI_LS_P@vege.f90:704; prev-step read CCVAR@vege.f90:715 (first writer site main.f90:850); prev-step read CELL@vege.f90:660 (first writer site main.f90:942); prev-step read CELL_INDEX@vege.f90:654 (first writer site main.f90:942),,,POINT_TO_MESH pointer CELL_INDEX@vege.f90:654
solid_phase,solid_phase,,VEGE::LEVEL_SET_ADVECT_FLUX,vege.f90,main.f90:781,1,LEVEL_SET_FIRESPREAD > LEVEL_SET_ADVECT_FLUX; called by LEVEL_SET_FIRESPREAD (vege.f90:491),13,4,4,1,no,yes,no,no,,1,0,0,yes,0,,global-write PHI_LS_P@vege.f90:878,,,POINT_TO_MESH pointer LS_WORK1@vege.f90:874
solid_phase,solid_phase,,VEGE::LEVEL_SET_FIRESPREAD,vege.f90,main.f90:781,0,LEVEL_SET_FIRESPREAD,32,9,11,9,no,yes,no,no,,8,0,3,yes,10,,global-write FREEZE_VELOCITY@vege.f90:345; global-write SOLID_PHASE_ONLY@vege.f90:346; global-write B1@vege.f90:518; global-write B2@vege.f90:520; prev-step read CCVAR@vege.f90:512 (first writer site main.f90:850); prev-step read CELL@vege.f90:516 (first writer site main.f90:942); prev-step read CELL_INDEX@vege.f90:515 (first writer site main.f90:942),,,POINT_TO_MESH pointer JBAR@vege.f90:333
solid_phase,solid_phase,,VEGE::LEVEL_SET_FIRESPREAD::IGNITE_GRID_CELL,vege.f90,main.f90:781,1,LEVEL_SET_FIRESPREAD > IGNITE_GRID_CELL; called by LEVEL_SET_FIRESPREAD (vege.f90:522),7,3,5,2,no,yes,no,no,,2,0,0,yes,2,,global-write B1@vege.f90:567; global-write B2@vege.f90:580,,,POINT_TO_MESH pointer SR_X_LS@vege.f90:568
solid_phase,solid_phase,,VEGE::LEVEL_SET_SPREAD_RATE,vege.f90,main.f90:781,1,LEVEL_SET_FIRESPREAD > LEVEL_SET_SPREAD_RATE; called by LEVEL_SET_FIRESPREAD (vege.f90:490),14,2,3,1,no,yes,no,no,,1,0,0,yes,0,,global-write PHI_LS_P@vege.f90:756,,,POINT_TO_MESH pointer PHI_LS@vege.f90:756
solid_phase,solid_phase,,VEGE::SCALAR_FACE_VALUE_LS,vege.f90,main.f90:781,2,LEVEL_SET_FIRESPREAD > LEVEL_SET_ADVECT_FLUX > SCALAR_FACE_VALUE_LS; called by LEVEL_SET_ADVECT_FLUX (vege.f90:892),0,0,0,0,no,no,no,no,,0,0,0,no,0,,,,,
solid_phase,solid_phase,,WALL_ROUTINES::ASSIGN_GHOST_VALUE,wall.f90,main.f90:838,1,WALL_BC > ASSIGN_GHOST_VALUE; called by WALL_BC (wall.f90:113),21,6,7,2,yes,yes,no,no,omesh_copy|other_mesh,2,0,4,yes,4,omesh_copy ptr_target RHOS@wall.f90:305; omesh_copy ptr_target ZZS@wall.f90:306; omesh_copy ptr_target RHO@wall.f90:308 (+8),global-write RHOP@wall.f90:343; global-write ZZP@wall.f90:344; prev-step read CCVAR@wall.f90:369 (first writer site main.f90:850); prev-step read CELL@wall.f90:371 (first writer site main.f90:942); prev-step read CELL_INDEX@wall.f90:361 (first writer site main.f90:942),,,POINT_TO_MESH pointer EXTERNAL_WALL@wall.f90:300
solid_phase,solid_phase,,WALL_ROUTINES::CALCULATE_RHO_D_F,wall.f90,main.f90:838,1,WALL_BC > CALCULATE_RHO_D_F; called by WALL_BC (wall.f90:160),4,0,6,0,no,no,no,no,,0,0,0,yes,1,,,,,POINT_TO_MESH pointer RHO@wall.f90:1000
solid_phase,solid_phase,,WALL_ROUTINES::CALCULATE_RHO_F,wall.f90,main.f90:838,1,WALL_BC > CALCULATE_RHO_F; called by WALL_BC (wall.f90:183),5,3,3,1,no,yes,no,no,,1,0,0,yes,2,,global-write RHOP@wall.f90:1627,,,POINT_TO_MESH pointer WALL@wall.f90:1600
solid_phase,solid_phase,,WALL_ROUTINES::CALCULATE_ZZ_F,wall.f90,main.f90:838,1,WALL_BC > CALCULATE_ZZ_F; called by WALL_BC (wall.f90:181),29,10,23,1,yes,yes,no,no,omesh_copy|other_mesh,1,0,3,yes,8,other_mesh read CELL@wall.f90:1374; other_mesh read CELL_INDEX@wall.f90:1374; other_mesh read OBSTRUCTION@wall.f90:1379 (+4),global-write ZZP@wall.f90:1455; prev-step read CELL@wall.f90:1374 (first writer site main.f90:942); prev-step read CELL_INDEX@wall.f90:1064 (first writer site main.f90:942); prev-step read EXTERNAL_WALL@wall.f90:1369 (first writer site main.f90:840),,,POINT_TO_MESH pointer WALL@wall.f90:1059
solid_phase,solid_phase,,WALL_ROUTINES::CALC_DEPOSITION,wall.f90,main.f90:838,1,WALL_BC > CALC_DEPOSITION; called by WALL_BC (wall.f90:173),8,2,8,0,no,no,no,no,,0,0,0,yes,2,,,,,POINT_TO_MESH pointer WALL@wall.f90:1665
solid_phase,solid_phase,,WALL_ROUTINES::CALC_HVAC_BC,wall.f90,main.f90:838,1,WALL_BC > CALC_HVAC_BC; called by WALL_BC (wall.f90:178),2,0,10,0,no,no,no,no,,0,0,0,no,0,,,,,
solid_phase,solid_phase,,WALL_ROUTINES::DEPOSIT_PARTICLE_MASS,wall.f90,main.f90:838,1,WALL_BC > DEPOSIT_PARTICLE_MASS; called by WALL_BC (wall.f90:267),5,3,6,2,no,yes,no,no,,2,0,0,yes,3,,global-write M_DOT@wall.f90:1555; global-write Q_DOT@wall.f90:1527,serial/presum x4 @wall.f90:1527,,POINT_TO_MESH pointer BOUNDARY_COORD@wall.f90:1482
solid_phase,solid_phase,,WALL_ROUTINES::GET_TRILINEAR_WEIGHTS,wall.f90,main.f90:838,2,WALL_BC > NEAR_SURFACE_GAS_VARIABLES > GET_TRILINEAR_WEIGHTS; called by NEAR_SURFACE_GAS_VARIABLES (wall.f90:457),5,0,0,0,no,yes,no,no,,0,0,2,yes,2,,prev-step read CELL@wall.f90:573 (first writer site main.f90:942); prev-step read CELL_INDEX@wall.f90:573 (first writer site main.f90:942),,,POINT_TO_MESH pointer XC@wall.f90:541
solid_phase,solid_phase,,WALL_ROUTINES::HT3D_TEMPERATURE_EXCHANGE,wall.f90,main.f90:1016,0,HT3D_TEMPERATURE_EXCHANGE,9,2,2,1,yes,no,no,no,other_mesh,0,0,0,no,8,other_mesh ptr_target WALL@wall.f90:3658; other_mesh ptr_target BOUNDARY_COORD@wall.f90:3659; other_mesh ptr_target BOUNDARY_ONE_D@wall.f90:3660 (+1),,,,
solid_phase,solid_phase,,WALL_ROUTINES::NEAR_SURFACE_GAS_VARIABLES,wall.f90,main.f90:838,1,WALL_BC > NEAR_SURFACE_GAS_VARIABLES; called by WALL_BC (wall.f90:116),13,0,8,0,no,no,no,no,,0,0,0,yes,2,,,,,POINT_TO_MESH pointer TMP@wall.f90:442
solid_phase,solid_phase,,WALL_ROUTINES::PYROLYSIS,wall.f90,main.f90:838,3,WALL_BC > SOLID_HEAT_TRANSFER > PERFORM_PYROLYSIS > PYROLYSIS; called by PERFORM_PYROLYSIS (wall.f90:3078),12,0,9,0,no,no,no,no,,0,0,0,yes,0,,,,,POINT_TO_MESH pointer ZZ@wall.f90:3283
solid_phase,solid_phase,,WALL_ROUTINES::SCALAR_TO_POINT,wall.f90,main.f90:838,2,WALL_BC > NEAR_SURFACE_GAS_VARIABLES > SCALAR_TO_POINT; called by NEAR_SURFACE_GAS_VARIABLES (wall.f90:458),0,0,0,0,no,no,no,no,,0,0,0,no,0,,,,,
solid_phase,solid_phase,,WALL_ROUTINES::SOLID_HEAT_TRANSFER,wall.f90,main.f90:838,1,WALL_BC > SOLID_HEAT_TRANSFER; called by WALL_BC (wall.f90:156),13,3,18,0,yes,yes,no,no,other_mesh,0,0,2,yes,11,other_mesh ptr_target WALL@wall.f90:1880; other_mesh ptr_target BOUNDARY_PROP1@wall.f90:1881; other_mesh ptr_target BOUNDARY_PROP2@wall.f90:1882 (+4),prev-step read CELL@wall.f90:1899 (first writer site main.f90:942); prev-step read CELL_INDEX@wall.f90:1899 (first writer site main.f90:942),,,POINT_TO_MESH pointer WALL@wall.f90:1867
solid_phase,solid_phase,,WALL_ROUTINES::SOLID_HEAT_TRANSFER::PERFORM_PYROLYSIS,wall.f90,main.f90:838,2,WALL_BC > SOLID_HEAT_TRANSFER > PERFORM_PYROLYSIS; called by SOLID_HEAT_TRANSFER (wall.f90:2213),5,2,6,0,no,no,no,no,,0,0,0,yes,4,,,,,POINT_TO_MESH pointer TMP@wall.f90:3041
solid_phase,solid_phase,,WALL_ROUTINES::SURFACE_HEAT_TRANSFER,wall.f90,main.f90:838,1,WALL_BC > SURFACE_HEAT_TRANSFER; called by WALL_BC (wall.f90:154),40,6,22,2,yes,yes,no,no,omesh_copy|other_mesh,2,0,2,yes,3,omesh_copy ptr_target RHOS@wall.f90:827; omesh_copy ptr_target ZZS@wall.f90:828; omesh_copy ptr_target RHO@wall.f90:830 (+11),global-write RHOP@wall.f90:717; global-write ZZP@wall.f90:713; prev-step read EXTERNAL_WALL@wall.f90:823 (first writer site main.f90:840); prev-step read VENTS@wall.f90:686 (first writer site main.f90:919),,,POINT_TO_MESH pointer RSUM@wall.f90:636
solid_phase,solid_phase,,WALL_ROUTINES::WALL_BC,wall.f90,main.f90:838,0,WALL_BC,28,5,16,7,no,yes,no,no,,6,0,0,yes,12,,global-write PBAR_P@wall.f90:75; global-write RHOP@wall.f90:73; global-write UU@wall.f90:70; global-write VV@wall.f90:71,,,POINT_TO_MESH pointer US@wall.f90:70
particles,predictor/corrector|particles,,CC_SCALARS::CUTFACE_VELOCITIES,ccib.f90,main.f90:987,1,MOVE_PARTICLES > CUTFACE_VELOCITIES; called by MOVE_PARTICLES (part.f90:1869),11,0,1,0,no,yes,no,no,,0,0,2,yes,8,,prev-step read CCVAR@ccib.f90:792 (first writer site main.f90:850); prev-step read CUT_FACE@ccib.f90:762 (first writer site main.f90:779),,,POINT_TO_MESH pointer CUT_FACE@ccib.f90:762
particles,particles|output,,COMP_FUNCTIONS::GET_FILE_NUMBER,func.f90,main.f90:765,1,INSERT_ALL_PARTICLES > GET_FILE_NUMBER; called by INSERT_ALL_PARTICLES (part.f90:189),0,0,2,1,no,yes,no,no,,1,0,0,no,0,,global-write FILE_COUNTER@func.f90:188,,,
particles,predictor/corrector|pressure|solid_phase|particles|output|other/shared,,COMP_FUNCTIONS::SHUTDOWN,func.f90,main.f90:765,1,INSERT_ALL_PARTICLES > SHUTDOWN; called by INSERT_ALL_PARTICLES (part.f90:212),0,0,5,1,no,yes,no,no,,1,0,0,no,0,,global-write STOP_STATUS@func.f90:137,,,
particles,particles,,GEOMETRY_FUNCTIONS::CIRCLE_CELL_INTERSECTION_AREA,func.f90,main.f90:765,3,INSERT_ALL_PARTICLES > INSERT_VOLUMETRIC_PARTICLES > CONE_MESH_INTERSECTION_VOLUME > CIRCLE_CELL_INTERSECTION_AREA; called by CONE_MESH_INTERSECTION_VOLUME (func.f90:6461),0,0,0,0,no,no,no,no,,0,0,0,no,0,,,,,
particles,particles,,GEOMETRY_FUNCTIONS::CONE_MESH_INTERSECTION_VOLUME,func.f90,main.f90:765,2,INSERT_ALL_PARTICLES > INSERT_VOLUMETRIC_PARTICLES > CONE_MESH_INTERSECTION_VOLUME; called by INSERT_VOLUMETRIC_PARTICLES (part.f90:1120),6,0,0,0,no,no,no,no,,0,0,0,no,0,,,,,
particles,particles,,GEOMETRY_FUNCTIONS::RANDOM_CONE,func.f90,main.f90:765,2,INSERT_ALL_PARTICLES > INSERT_VOLUMETRIC_PARTICLES > RANDOM_CONE; called by INSERT_VOLUMETRIC_PARTICLES (part.f90:1187),6,0,0,0,no,no,no,no,,0,0,0,no,0,,,,,
particles,particles,,GEOMETRY_FUNCTIONS::RANDOM_RECTANGLE,func.f90,main.f90:765,2,INSERT_ALL_PARTICLES > INSERT_VOLUMETRIC_PARTICLES > RANDOM_RECTANGLE; called by INSERT_VOLUMETRIC_PARTICLES (part.f90:1179),0,0,0,0,no,no,no,no,,0,0,0,no,0,,,,,
particles,particles,,GEOMETRY_FUNCTIONS::RANDOM_RING,func.f90,main.f90:765,2,INSERT_ALL_PARTICLES > INSERT_VOLUMETRIC_PARTICLES > RANDOM_RING; called by INSERT_VOLUMETRIC_PARTICLES (part.f90:1197),4,0,0,0,no,no,no,no,,0,0,0,no,0,,,,,
particles,particles,,GEOMETRY_FUNCTIONS::RING_MESH_INTERSECTION_ARC,func.f90,main.f90:765,2,INSERT_ALL_PARTICLES > INSERT_VOLUMETRIC_PARTICLES > RING_MESH_INTERSECTION_ARC; called by INSERT_VOLUMETRIC_PARTICLES (part.f90:1038),4,0,0,0,no,no,no,no,,0,0,0,no,0,,,,,
particles,particles|output|other/shared,,GEOMETRY_FUNCTIONS::SEARCH_OTHER_MESHES,func.f90,main.f90:987,2,MOVE_PARTICLES > VENT_PARTICLE_EXTRACTION > SEARCH_OTHER_MESHES; called by VENT_PARTICLE_EXTRACTION (part.f90:3105),15,0,1,0,yes,no,no,yes,all_meshes,0,0,0,no,0,all_meshes read XS@func.f90:5424; all_meshes read XF@func.f90:5424; all_meshes read YS@func.f90:5424 (+14),,,coord_lookup_table(stretch_aware=yes)@func.f90:5425; coord_lookup_table(stretch_aware=yes)@func.f90:5426; coord_lookup_table(stretch_aware=yes)@func.f90:5427,
particles,particles,,GEOMETRY_FUNCTIONS::UNIFORM_RING,func.f90,main.f90:765,2,INSERT_ALL_PARTICLES > INSERT_VOLUMETRIC_PARTICLES > UNIFORM_RING; called by INSERT_VOLUMETRIC_PARTICLES (part.f90:1195),0,0,0,0,no,no,no,no,,0,0,0,no,0,,,,,
particles,particles|output,,MATH_FUNCTIONS::CROSS_PRODUCT,func.f90,main.f90:987,1,MOVE_PARTICLES > CROSS_PRODUCT; called by MOVE_PARTICLES (part.f90:2224),0,0,0,0,no,no,no,no,,0,0,0,no,0,,,,,
particles,particles,,MATH_FUNCTIONS::F_B,func.f90,main.f90:986,1,PARTICLE_MASS_ENERGY_TRANSFER > F_B; called by PARTICLE_MASS_ENERGY_TRANSFER (part.f90:4050),0,0,0,0,no,no,no,no,,0,0,0,no,0,,,,,
particles,particles,,MATH_FUNCTIONS::RANDOM_CHOICE,func.f90,main.f90:765,2,INSERT_ALL_PARTICLES > INSERT_SPRAY_PARTICLES > RANDOM_CHOICE; called by INSERT_SPRAY_PARTICLES (part.f90:443),0,0,0,0,no,no,no,no,,0,0,0,no,0,,,,,
particles,particles,,MEMORY_FUNCTIONS::NULLIFY_PARTICLE,func.f90,main.f90:765,3,INSERT_ALL_PARTICLES > INSERT_SPRAY_PARTICLES > REMOVE_OLDEST_PARTICLE > NULLIFY_PARTICLE; called by REMOVE_OLDEST_PARTICLE (part.f90:4981),6,11,0,0,no,no,no,no,,0,0,0,no,10,,,,,
particles,particles,,PHYSICAL_FUNCTIONS::DRAG,func.f90,main.f90:987,2,MOVE_PARTICLES > MOVE_IN_GAS > DRAG; called by MOVE_IN_GAS (part.f90:2804),0,0,0,0,no,no,no,no,,0,0,0,no,0,,,,,
particles,particles,,PHYSICAL_FUNCTIONS::DROPLET_H_MASS_H_HEAT_GAS,func.f90,main.f90:986,1,PARTICLE_MASS_ENERGY_TRANSFER > DROPLET_H_MASS_H_HEAT_GAS; called by PARTICLE_MASS_ENERGY_TRANSFER (part.f90:4064),0,0,1,0,no,no,no,no,,0,0,0,no,0,,,,,
particles,particles,,PHYSICAL_FUNCTIONS::EMBER_IGNITION_MODEL,func.f90,main.f90:987,1,MOVE_PARTICLES > EMBER_IGNITION_MODEL; called by MOVE_PARTICLES (part.f90:2469),4,2,1,0,no,no,no,no,,0,0,0,no,2,,,,,
particles,solid_phase|particles|output,,PHYSICAL_FUNCTIONS::FORCED_CONVECTION_MODEL,func.f90,main.f90:986,1,PARTICLE_MASS_ENERGY_TRANSFER > FORCED_CONVECTION_MODEL; called by PARTICLE_MASS_ENERGY_TRANSFER (part.f90:4020),0,0,0,0,no,no,no,no,,0,0,0,no,0,,,,,
particles,species_combustion|solid_phase|particles|output|other/shared,,PHYSICAL_FUNCTIONS::GET_ENTHALPY,func.f90,main.f90:986,1,PARTICLE_MASS_ENERGY_TRANSFER > GET_ENTHALPY; called by PARTICLE_MASS_ENERGY_TRANSFER (part.f90:3879),0,0,3,0,no,no,no,no,,0,0,0,no,0,,,,,
particles,solid_phase|particles,,PHYSICAL_FUNCTIONS::GET_EQUIL_DATA,func.f90,main.f90:986,1,PARTICLE_MASS_ENERGY_TRANSFER > GET_EQUIL_DATA; called by PARTICLE_MASS_ENERGY_TRANSFER (part.f90:3856),0,0,1,0,no,no,no,no,,0,0,0,no,0,,,,,
particles,solid_phase|particles,,PHYSICAL_FUNCTIONS::GET_FILM_PROPERTIES,func.f90,main.f90:986,1,PARTICLE_MASS_ENERGY_TRANSFER > GET_FILM_PROPERTIES; called by PARTICLE_MASS_ENERGY_TRANSFER (part.f90:3984),0,0,4,0,no,no,no,no,,0,0,0,no,0,,,,,
particles,particles,,PHYSICAL_FUNCTIONS::GET_MW_RATIO,func.f90,main.f90:986,1,PARTICLE_MASS_ENERGY_TRANSFER > GET_MW_RATIO; called by PARTICLE_MASS_ENERGY_TRANSFER (part.f90:3917),0,0,4,0,no,no,no,no,,0,0,0,no,0,,,,,
particles,solid_phase|particles,,PHYSICAL_FUNCTIONS::GET_PARTICLE_ENTHALPY,func.f90,main.f90:765,3,INSERT_ALL_PARTICLES > INSERT_VENT_PARTICLES > PARTICLE_FACE_INSERT > GET_PARTICLE_ENTHALPY; called by PARTICLE_FACE_INSERT (part.f90:743),0,0,5,0,no,no,no,no,,0,0,0,no,0,,,,,
particles,predictor/corrector|solid_phase|particles|output,,PHYSICAL_FUNCTIONS::GET_SENSIBLE_ENTHALPY,func.f90,main.f90:986,1,PARTICLE_MASS_ENERGY_TRANSFER > GET_SENSIBLE_ENTHALPY; called by PARTICLE_MASS_ENERGY_TRANSFER (part.f90:3935),0,0,3,0,no,no,no,no,,0,0,0,no,0,,,,,
particles,species_combustion|particles|other/shared,,PHYSICAL_FUNCTIONS::GET_TEMPERATURE,func.f90,main.f90:986,1,PARTICLE_MASS_ENERGY_TRANSFER > GET_TEMPERATURE; called by PARTICLE_MASS_ENERGY_TRANSFER (part.f90:4248),0,0,0,0,no,no,no,no,,0,0,0,no,0,,,,,
particles,pressure|radiation|particles|output|exchange/communication,,TRAN::GET_IJK,func.f90,main.f90:765,1,INSERT_ALL_PARTICLES > GET_IJK; called by INSERT_ALL_PARTICLES (part.f90:292),15,0,0,0,no,no,no,yes,,0,0,0,no,0,,,,coord_lookup_table(stretch_aware=yes)@func.f90:6775; coord_lookup_table(stretch_aware=yes)@func.f90:6776; coord_lookup_table(stretch_aware=yes)@func.f90:6777,
particles,particles,,COMPLEX_GEOMETRY::POINT_IN_POLYGON,geom.f90,main.f90:987,2,MOVE_PARTICLES > POINT_IN_CFACE > POINT_IN_POLYGON; called by POINT_IN_CFACE (geom.f90:27729),0,0,0,0,no,no,no,no,,0,0,0,no,0,,,,,
particles,particles,,COMPLEX_GEOMETRY_GRID::POINT_IN_CFACE,geom.f90,main.f90:987,1,MOVE_PARTICLES > POINT_IN_CFACE; called by MOVE_PARTICLES (part.f90:2085),3,0,0,0,no,no,no,no,,0,0,0,no,3,,,,,
particles,particles,,COMPLEX_GEOMETRY_GRID::RANDOM_CFACE_XYZ,geom.f90,main.f90:765,3,INSERT_ALL_PARTICLES > INSERT_VENT_PARTICLES > PARTICLE_FACE_INSERT > RANDOM_CFACE_XYZ; called by PARTICLE_FACE_INSERT (part.f90:866),2,0,0,0,no,yes,no,no,,0,0,1,no,2,,prev-step read CUT_FACE@geom.f90:27640 (first writer site main.f90:779),,,
particles,particles,,PART::CLIP_PARTICLE_DRAG,part.f90,main.f90:987,1,MOVE_PARTICLES > CLIP_PARTICLE_DRAG; called by MOVE_PARTICLES (part.f90:2570),12,3,1,0,no,no,no,no,,0,0,0,yes,0,,,,,POINT_TO_MESH pointer U@part.f90:4595
particles,pressure|particles|exchange/communication,,PART::GET_RVC,part.f90,main.f90:987,1,MOVE_PARTICLES > GET_RVC; called by MOVE_PARTICLES (part.f90:2558),6,0,1,0,no,yes,no,no,,0,0,2,no,2,,prev-step read CCVAR@part.f90:5009 (first writer site main.f90:850); prev-step read CUT_CELL@part.f90:5010 (first writer site main.f90:766),,,
particles,particles,,PART::INSERT_ALL_PARTICLES,part.f90,main.f90:765,0,INSERT_ALL_PARTICLES,23,1,12,3,yes,yes,no,no,omesh_copy,2,0,1,yes,4,omesh_copy read PARTICLE_SEND_BUFFER@part.f90:301,global-write EXCHANGE_INSERTED_PARTICLES@part.f90:301; global-write INITIALIZATION@part.f90:248; prev-step read OMESH@part.f90:301 (first writer site main.f90:790),,,POINT_TO_MESH pointer XF@part.f90:195
particles,particles,,PART::INSERT_ALL_PARTICLES::INITIALIZE_SINGLE_PARTICLE,part.f90,main.f90:765,2,INSERT_ALL_PARTICLES > INSERT_SPRAY_PARTICLES > INITIALIZE_SINGLE_PARTICLE; called by INSERT_SPRAY_PARTICLES (part.f90:556),14,3,6,2,no,yes,no,no,,2,0,0,yes,3,,global-write TGA_MESH_INDEX@part.f90:1643; global-write TGA_PARTICLE_INDEX@part.f90:1642,,,POINT_TO_MESH pointer NLP@part.f90:1642
particles,particles,,PART::INSERT_ALL_PARTICLES::INSERT_DUCT_PARTICLES,part.f90,main.f90:765,1,INSERT_ALL_PARTICLES > INSERT_DUCT_PARTICLES; called by INSERT_ALL_PARTICLES (part.f90:255),0,0,0,0,no,no,no,no,,0,0,0,no,0,,,,,
particles,particles,,PART::INSERT_ALL_PARTICLES::INSERT_SPRAY_PARTICLES,part.f90,main.f90:765,1,INSERT_ALL_PARTICLES > INSERT_SPRAY_PARTICLES; called by INSERT_ALL_PARTICLES (part.f90:168),12,4,12,1,no,yes,no,no,,1,0,2,yes,3,,global-write N_ACTUATED_SPRINKLERS@part.f90:318; prev-step read CELL@part.f90:549 (first writer site main.f90:942); prev-step read CELL_INDEX@part.f90:539 (first writer site main.f90:942),,,POINT_TO_MESH pointer NLP@part.f90:395
particles,particles,,PART::INSERT_ALL_PARTICLES::INSERT_VENT_PARTICLES,part.f90,main.f90:765,1,INSERT_ALL_PARTICLES > INSERT_VENT_PARTICLES; called by INSERT_ALL_PARTICLES (part.f90:172),4,0,0,0,no,no,no,no,,0,0,0,yes,3,,,,,POINT_TO_MESH pointer N_EXTERNAL_WALL_CELLS@part.f90:605
particles,particles,,PART::INSERT_ALL_PARTICLES::INSERT_VOLUMETRIC_PARTICLES,part.f90,main.f90:765,1,INSERT_ALL_PARTICLES > INSERT_VOLUMETRIC_PARTICLES; called by INSERT_ALL_PARTICLES (part.f90:184),28,4,10,0,no,yes,no,no,,0,0,5,yes,7,,prev-step read CCVAR@part.f90:1228 (first writer site main.f90:850); prev-step read CELL@part.f90:1224 (first writer site main.f90:942); prev-step read CELL_INDEX@part.f90:1224 (first writer site main.f90:942),,,POINT_TO_MESH pointer XF@part.f90:1034
particles,particles,,PART::INSERT_ALL_PARTICLES::PARTICLE_FACE_INSERT,part.f90,main.f90:765,2,INSERT_ALL_PARTICLES > INSERT_VENT_PARTICLES > PARTICLE_FACE_INSERT; called by INSERT_VENT_PARTICLES (part.f90:606),18,7,8,0,no,yes,no,no,,0,0,2,yes,8,,prev-step read CELL@part.f90:641 (first writer site main.f90:942); prev-step read CELL_INDEX@part.f90:640 (first writer site main.f90:942),,,POINT_TO_MESH pointer CELL_INDEX@part.f90:640
particles,particles,,PART::INSERT_ALL_PARTICLES::PARTICLE_SIZE_WEIGHT,part.f90,main.f90:765,3,INSERT_ALL_PARTICLES > INSERT_SPRAY_PARTICLES > INITIALIZE_SINGLE_PARTICLE > PARTICLE_SIZE_WEIGHT; called by INITIALIZE_SINGLE_PARTICLE (part.f90:1706),0,0,0,0,no,no,no,no,,0,0,0,no,0,,,,,
particles,particles,,PART::INSERT_ALL_PARTICLES::VOLUME_INIT_PARTICLE,part.f90,main.f90:765,2,INSERT_ALL_PARTICLES > INSERT_VOLUMETRIC_PARTICLES > VOLUME_INIT_PARTICLE; called by INSERT_VOLUMETRIC_PARTICLES (part.f90:1291),4,3,7,0,no,no,no,no,,0,0,0,yes,2,,,,,POINT_TO_MESH pointer PARTICLE_TAG@part.f90:1513
particles,particles,,PART::MOVE_PARTICLES,part.f90,main.f90:987,0,MOVE_PARTICLES,18,9,8,1,no,no,no,no,,0,0,0,yes,7,,,,,POINT_TO_MESH pointer PART_UVWMAX@part.f90:1856
particles,particles,,PART::MOVE_PARTICLES::GET_FACE_IDW,part.f90,main.f90:987,2,MOVE_PARTICLES > MOVE_IN_GAS > GET_FACE_IDW; called by MOVE_IN_GAS (part.f90:2654),10,0,1,0,no,no,no,no,,0,0,0,yes,4,,,,,POINT_TO_MESH pointer XC@part.f90:3259
particles,particles,,PART::MOVE_PARTICLES::GET_FACE_TLW,part.f90,main.f90:987,2,MOVE_PARTICLES > MOVE_IN_GAS > GET_FACE_TLW; called by MOVE_IN_GAS (part.f90:2656),9,0,2,0,no,no,no,no,,0,0,0,yes,3,,,,,POINT_TO_MESH pointer XC@part.f90:3344
particles,particles,,PART::MOVE_PARTICLES::GET_FACE_VOLUMES,part.f90,main.f90:987,2,MOVE_PARTICLES > MOVE_IN_GAS > GET_FACE_VOLUMES; called by MOVE_IN_GAS (part.f90:3041),8,0,1,0,no,no,no,no,,0,0,0,yes,2,,,,,POINT_TO_MESH pointer DX@part.f90:3455
particles,particles,,PART::MOVE_PARTICLES::MOVE_IN_GAS,part.f90,main.f90:987,1,MOVE_PARTICLES > MOVE_IN_GAS; called by MOVE_PARTICLES (part.f90:1914),34,5,20,0,no,yes,no,no,,0,4,0,yes,4,,SAVE BETA decl part.f90:2609 write part.f90:2931; SAVE DRAG_MAX decl part.f90:2603 write part.f90:3009; SAVE EMBER_VOLUME decl part.f90:2604 write part.f90:2736,,,POINT_TO_MESH pointer CCVAR@part.f90:2629
particles,particles,,PART::MOVE_PARTICLES::MOVE_ON_SOLID,part.f90,main.f90:987,1,MOVE_PARTICLES > MOVE_ON_SOLID; called by MOVE_PARTICLES (part.f90:1955),1,1,0,0,no,no,no,no,,0,0,0,no,1,,,,,
particles,particles,,PART::MOVE_PARTICLES::SHAPE_DEFORMATION,part.f90,main.f90:987,2,MOVE_PARTICLES > MOVE_IN_GAS > SHAPE_DEFORMATION; called by MOVE_IN_GAS (part.f90:2830),0,0,0,0,no,no,no,no,,0,0,0,no,0,,,,,
particles,particles,,PART::MOVE_PARTICLES::VENT_PARTICLE_EXTRACTION,part.f90,main.f90:987,1,MOVE_PARTICLES > VENT_PARTICLE_EXTRACTION; called by MOVE_PARTICLES (part.f90:2341),18,3,4,0,no,no,no,no,,0,0,0,yes,7,,,,,POINT_TO_MESH pointer WALL@part.f90:3085
particles,particles,,PART::MOVE_PARTICLES::WAKE_REDUCTION,part.f90,main.f90:987,2,MOVE_PARTICLES > MOVE_IN_GAS > WAKE_REDUCTION; called by MOVE_IN_GAS (part.f90:2819),0,0,0,0,no,no,no,no,,0,0,0,no,0,,,,,
particles,particles,,PART::PARTICLE_MASS_ENERGY_TRANSFER,part.f90,main.f90:986,0,PARTICLE_MASS_ENERGY_TRANSFER,33,11,21,3,no,yes,no,no,,2,0,1,yes,9,,global-write M_DOT@part.f90:3948; global-write Q_DOT@part.f90:3944; prev-step read QR_W@part.f90:3909 (first writer site main.f90:1034),serial/presum x9 @part.f90:3944,,POINT_TO_MESH pointer NLP@part.f90:3637
particles,particles,,PART::PARTICLE_MASS_ENERGY_TRANSFER::PARTICLE_RUNNING_AVERAGES,part.f90,main.f90:986,1,PARTICLE_MASS_ENERGY_TRANSFER > PARTICLE_RUNNING_AVERAGES; called by PARTICLE_MASS_ENERGY_TRANSFER (part.f90:3707),21,9,5,0,no,no,no,no,,0,0,0,yes,8,,,,,POINT_TO_MESH pointer WORK1@part.f90:4409
particles,particles,,PART::PARTICLE_MOMENTUM_TRANSFER,part.f90,main.f90:839,0,PARTICLE_MOMENTUM_TRANSFER,20,6,2,0,yes,yes,no,no,omesh_copy|other_mesh,0,0,1,yes,2,other_mesh read DY@part.f90:4665; other_mesh read DZ@part.f90:4665; other_mesh read DX@part.f90:4673 (+5),prev-step read EXTERNAL_WALL@part.f90:4646 (first writer site main.f90:840),,,POINT_TO_MESH pointer N_EXTERNAL_WALL_CELLS@part.f90:4643
particles,particles,,PART::REMOVE_OLDEST_PARTICLE,part.f90,main.f90:765,2,INSERT_ALL_PARTICLES > INSERT_SPRAY_PARTICLES > REMOVE_OLDEST_PARTICLE; called by INSERT_SPRAY_PARTICLES (part.f90:396),3,2,1,0,no,no,no,no,,0,0,0,yes,0,,,,,POINT_TO_MESH pointer LAGRANGIAN_PARTICLE@part.f90:4986
particles,particles,,PART::REMOVE_PARTICLES,part.f90,main.f90:986,1,PARTICLE_MASS_ENERGY_TRANSFER > REMOVE_PARTICLES; called by PARTICLE_MASS_ENERGY_TRANSFER (part.f90:3708),10,1,2,0,no,no,no,no,,0,0,0,yes,2,,,,,POINT_TO_MESH pointer NLP@part.f90:4794
particles,particles,,PART::REMOVE_PARTICLES::ADD_TO_PARTICLE_SEND_BUFFER,part.f90,main.f90:986,2,PARTICLE_MASS_ENERGY_TRANSFER > REMOVE_PARTICLES > ADD_TO_PARTICLE_SEND_BUFFER; called by REMOVE_PARTICLES (part.f90:4814),13,3,9,0,yes,yes,no,no,omesh_copy|other_mesh,0,0,1,yes,1,other_mesh read XS@part.f90:4865; other_mesh read XF@part.f90:4865; other_mesh read YS@part.f90:4866 (+5),prev-step read OMESH@part.f90:4912 (first writer site main.f90:790),,,POINT_TO_MESH pointer N_NEIGHBORING_MESHES@part.f90:4863
particles,particles,,SOOT_ROUTINES::DROPLET_SCRUBBING,soot.f90,main.f90:987,2,MOVE_PARTICLES > MOVE_IN_GAS > DROPLET_SCRUBBING; called by MOVE_IN_GAS (part.f90:2963),11,2,4,2,no,yes,no,no,,2,0,0,yes,2,,global-write B1@soot.f90:555; global-write BC@soot.f90:554,,,POINT_TO_MESH pointer LAGRANGIAN_PARTICLE@soot.f90:553
output,output,,CC_SCALARS::ADD_Q_DOT_CUTCELLS,ccib.f90,main.f90:1127,2,UPDATE_GLOBAL_OUTPUTS > UPDATE_HRR > ADD_Q_DOT_CUTCELLS; called by UPDATE_HRR (dump.f90:11680),8,0,1,0,no,no,no,no,,0,0,0,yes,2,,,,,POINT_TO_MESH pointer CUT_CELL@ccib.f90:5958
output,output,,CC_SCALARS::COPY_UNST_DM_TO_CART,ccib.f90,main.f90:1191,1,DUMP_RESTART > COPY_UNST_DM_TO_CART; called by DUMP_RESTART (dump.f90:3901),13,2,2,1,no,yes,no,no,,1,0,0,yes,5,,global-write CC@ccib.f90:376,,,POINT_TO_MESH pointer CUT_CELL@ccib.f90:376
output,output,,CC_SCALARS::GET_MUDNS_CFACE,ccib.f90,main.f90:1127,3,UPDATE_GLOBAL_OUTPUTS > UPDATE_DEVICES_1 > SOLID_PHASE_OUTPUT > GET_MUDNS_CFACE; called by SOLID_PHASE_OUTPUT (dump.f90:10733),3,0,0,0,no,no,no,no,,0,0,0,yes,2,,,,,POINT_TO_MESH pointer CUT_FACE@ccib.f90:6674
output,output,,CC_SCALARS::GET_PRES_CFACE,ccib.f90,main.f90:1127,3,UPDATE_GLOBAL_OUTPUTS > UPDATE_DEVICES_1 > SOLID_PHASE_OUTPUT > GET_PRES_CFACE; called by SOLID_PHASE_OUTPUT (dump.f90:10269),6,0,0,0,no,no,no,no,,0,0,0,yes,4,,,,,POINT_TO_MESH pointer BOUNDARY_PROP1@ccib.f90:6793
output,output,,CC_SCALARS::GET_PRES_CFACE_TEST,ccib.f90,main.f90:1127,3,UPDATE_GLOBAL_OUTPUTS > UPDATE_DEVICES_1 > SOLID_PHASE_OUTPUT > GET_PRES_CFACE_TEST; called by SOLID_PHASE_OUTPUT (dump.f90:10784),5,0,0,0,no,no,no,no,,0,0,0,yes,4,,,,,POINT_TO_MESH pointer CUT_FACE@ccib.f90:6818
output,output,,CONTROL_FUNCTIONS::EVALUATE_CONTROL,ctrl.f90,main.f90:1136,1,UPDATE_CONTROLS > EVALUATE_CONTROL; called by UPDATE_CONTROLS (ctrl.f90:43),0,0,3,1,no,yes,no,no,,1,0,0,no,0,,global-write RSRT_CLOCK@ctrl.f90:292,,,
output,output,,CONTROL_FUNCTIONS::UPDATE_CONTROLS,ctrl.f90,main.f90:1136,0,UPDATE_CONTROLS,0,0,5,1,no,yes,no,no,,1,0,0,no,0,,global-write CONTROL@ctrl.f90:35,,,
output,output,,DUMP::COMPUTE_PARTICLE_FLUXES,dump.f90,main.f90:1127,2,UPDATE_GLOBAL_OUTPUTS > UPDATE_DEVICES_1 > COMPUTE_PARTICLE_FLUXES; called by UPDATE_DEVICES_1 (dump.f90:7793),17,3,4,3,no,yes,no,no,,3,0,0,yes,5,,global-write WFX@dump.f90:12723; global-write WFY@dump.f90:12724; global-write WFZ@dump.f90:12725,,,POINT_TO_MESH pointer WORK4@dump.f90:12723
output,output,,DUMP::DUMP_BNDF,dump.f90,main.f90:1150,1,DUMP_MESH_OUTPUTS > DUMP_BNDF; called by DUMP_MESH_OUTPUTS (dump.f90:209),12,4,13,1,no,yes,no,no,,1,0,0,yes,4,,global-write FROM_BNDF@dump.f90:11965,,,POINT_TO_MESH pointer N_PATCH@dump.f90:11970
output,output,,DUMP::DUMP_BNDF_VTKHDF,dump.f90,main.f90:1150,1,DUMP_MESH_OUTPUTS > DUMP_BNDF_VTKHDF; called by DUMP_MESH_OUTPUTS (dump.f90:137),5,0,12,0,no,no,no,no,,0,0,0,yes,1,,,,,POINT_TO_MESH pointer N_PATCH@dump.f90:12265
output,output,,DUMP::DUMP_BNDF_VTKHDF::GET_PA_POINTS_AND_CELLS,dump.f90,main.f90:1150,2,DUMP_MESH_OUTPUTS > DUMP_BNDF_VTKHDF > GET_PA_POINTS_AND_CELLS; called by DUMP_BNDF_VTKHDF (dump.f90:12268),1,0,0,0,no,no,no,no,,0,0,0,no,0,,,,,
output,output,,DUMP::DUMP_BNDF_VTKHDF::PACK_VTK_BNDF,dump.f90,main.f90:1150,2,DUMP_MESH_OUTPUTS > DUMP_BNDF_VTKHDF > PACK_VTK_BNDF; called by DUMP_BNDF_VTKHDF (dump.f90:12269),6,2,3,0,no,no,no,no,,0,0,0,yes,3,,,,,POINT_TO_MESH pointer IBK@dump.f90:12385
output,output,,DUMP::DUMP_BNDF_VTKHDF::PACK_VTK_GEOM,dump.f90,main.f90:1150,2,DUMP_MESH_OUTPUTS > DUMP_BNDF_VTKHDF > PACK_VTK_GEOM; called by DUMP_BNDF_VTKHDF (dump.f90:12307),0,0,0,0,no,no,no,no,,0,0,0,no,0,,,,,
output,output,,DUMP::DUMP_CFACES_GEOM,dump.f90,main.f90:1165,3,DUMP_GLOBAL_OUTPUTS > DUMP_GEOM > WRITE_CFACES > DUMP_CFACES_GEOM; called by WRITE_CFACES (dump.f90:6320),5,0,0,0,no,no,no,no,,0,0,0,yes,5,,,,,POINT_TO_MESH pointer N_INTERNAL_CFACE_CELLS@dump.f90:6374
output,output,,DUMP::DUMP_CONTROLS,dump.f90,main.f90:1165,1,DUMP_GLOBAL_OUTPUTS > DUMP_CONTROLS; called by DUMP_GLOBAL_OUTPUTS (main.f90:4692),0,0,9,0,no,no,no,no,,0,0,0,no,0,,,,,
output,output,,DUMP::DUMP_CVODE_SUBSTEPS,dump.f90,main.f90:1165,1,DUMP_GLOBAL_OUTPUTS > DUMP_CVODE_SUBSTEPS; called by DUMP_GLOBAL_OUTPUTS (main.f90:4687),0,0,5,0,no,no,no,no,,0,0,0,no,0,,,,,
output,output,,DUMP::DUMP_DEVICES,dump.f90,main.f90:1165,1,DUMP_GLOBAL_OUTPUTS > DUMP_DEVICES; called by DUMP_GLOBAL_OUTPUTS (main.f90:4666),0,0,22,0,no,no,no,no,,0,0,0,no,0,,,,,
output,output,,DUMP::DUMP_GEOM,dump.f90,main.f90:1165,1,DUMP_GLOBAL_OUTPUTS > DUMP_GEOM; called by DUMP_GLOBAL_OUTPUTS (main.f90:4628),0,0,2,0,no,no,no,no,,0,0,0,no,0,,,,,
output,output,,DUMP::DUMP_HRR,dump.f90,main.f90:1165,1,DUMP_GLOBAL_OUTPUTS > DUMP_HRR; called by DUMP_GLOBAL_OUTPUTS (main.f90:4604),1,0,11,2,yes,yes,no,no,literal_mesh,2,0,0,no,0,literal_mesh read PBAR@dump.f90:11851,global-write M_DOT_SUM@dump.f90:11841; global-write Q_DOT_SUM@dump.f90:11840,,,
output,output,,DUMP::DUMP_HVAC,dump.f90,main.f90:1165,1,DUMP_GLOBAL_OUTPUTS > DUMP_HVAC; called by DUMP_GLOBAL_OUTPUTS (main.f90:4619),0,0,11,0,no,no,no,no,,0,0,0,no,0,,,,,
output,output,,DUMP::DUMP_ISOF,dump.f90,main.f90:1150,1,DUMP_MESH_OUTPUTS > DUMP_ISOF; called by DUMP_MESH_OUTPUTS (dump.f90:177),18,7,15,3,no,yes,no,no,,3,0,0,yes,2,,global-write DRY@dump.f90:4880; global-write LU_ISOF@dump.f90:5031; global-write LU_ISOF2@dump.f90:5031,,,POINT_TO_MESH pointer IBLK@dump.f90:4884
output,output,,DUMP::DUMP_MASS,dump.f90,main.f90:1165,1,DUMP_GLOBAL_OUTPUTS > DUMP_MASS; called by DUMP_GLOBAL_OUTPUTS (main.f90:4639),0,0,10,0,no,no,no,no,,0,0,0,no,0,,,,,
output,output,,DUMP::DUMP_MESH_OUTPUTS,dump.f90,main.f90:1150,0,DUMP_MESH_OUTPUTS,0,0,46,22,no,yes,no,no,,21,0,0,no,0,,global-write WROTE_BNDF@dump.f90:141; global-write WROTE_PART@dump.f90:155; global-write WROTE_SL2D@dump.f90:113; global-write WROTE_SL3D@dump.f90:99,,,
output,output,,DUMP::DUMP_MMS,dump.f90,main.f90:1150,1,DUMP_MESH_OUTPUTS > DUMP_MMS; called by DUMP_MESH_OUTPUTS (dump.f90:270),8,0,4,0,no,no,no,no,,0,0,0,yes,0,,,,,POINT_TO_MESH pointer IBAR@dump.f90:13110
output,output,,DUMP::DUMP_PART,dump.f90,main.f90:1150,1,DUMP_MESH_OUTPUTS > DUMP_PART; called by DUMP_MESH_OUTPUTS (dump.f90:169),3,0,8,0,no,no,no,no,,0,0,0,yes,1,,,,,POINT_TO_MESH pointer NLP@dump.f90:4531
output,output,,DUMP::DUMP_PART_VTKHDF,dump.f90,main.f90:1150,1,DUMP_MESH_OUTPUTS > DUMP_PART_VTKHDF; called by DUMP_MESH_OUTPUTS (dump.f90:151),3,0,10,0,no,no,no,no,,0,0,0,yes,1,,,,,POINT_TO_MESH pointer NLP@dump.f90:4754
output,output,,DUMP::DUMP_PROF,dump.f90,main.f90:1150,1,DUMP_MESH_OUTPUTS > DUMP_PROF; called by DUMP_MESH_OUTPUTS (dump.f90:227),3,0,14,0,no,no,no,no,,0,0,0,no,2,,,,,
output,output,,DUMP::DUMP_RESTART,dump.f90,main.f90:1191,0,DUMP_RESTART,71,0,60,0,yes,no,no,no,omesh_copy,0,0,0,yes,19,omesh_copy read NIC_R@dump.f90:4019; omesh_copy read RHO@dump.f90:4020; omesh_copy read RHOS@dump.f90:4020 (+7),,,,POINT_TO_MESH pointer U@dump.f90:3903
output,output,,DUMP::DUMP_ROTCUBE_MMS,dump.f90,main.f90:1150,1,DUMP_MESH_OUTPUTS > DUMP_ROTCUBE_MMS; called by DUMP_MESH_OUTPUTS (dump.f90:276),24,0,2,0,no,no,no,yes,,0,0,0,yes,8,,,,first_cell_width(stretch_aware=no)@dump.f90:12953; first_cell_width(stretch_aware=no)@dump.f90:13054,POINT_TO_MESH pointer IBAR@dump.f90:12895
output,output,,DUMP::DUMP_SLCF,dump.f90,main.f90:1150,1,DUMP_MESH_OUTPUTS > DUMP_SLCF; called by DUMP_MESH_OUTPUTS (dump.f90:193),21,6,24,1,yes,yes,no,no,other_mesh,1,0,0,yes,2,other_mesh read CELL_INDEX@dump.f90:6794; other_mesh arg CELL@dump.f90:6795; other_mesh ptr_bind (whole)@dump.f90:6793,global-write DRY@dump.f90:6885,,,POINT_TO_MESH pointer WORK1@dump.f90:6780
output,output,,DUMP::DUMP_SLCF::CORNER_VALUE,dump.f90,main.f90:1150,2,DUMP_MESH_OUTPUTS > DUMP_SLCF > CORNER_VALUE; called by DUMP_SLCF (dump.f90:7007),2,0,1,0,no,no,no,no,,0,0,0,no,0,,,,,
output,output,,DUMP::DUMP_SLCF::EDGE_VALUE,dump.f90,main.f90:1150,2,DUMP_MESH_OUTPUTS > DUMP_SLCF > EDGE_VALUE; called by DUMP_SLCF (dump.f90:7011),1,0,1,0,no,no,no,no,,0,0,0,no,0,,,,,
output,output,,DUMP::DUMP_SLCF::FACE_VALUE,dump.f90,main.f90:1150,2,DUMP_MESH_OUTPUTS > DUMP_SLCF > FACE_VALUE; called by DUMP_SLCF (dump.f90:7009),4,0,1,0,no,no,no,no,,0,0,0,yes,2,,,,,POINT_TO_MESH pointer CELL_INDEX@dump.f90:7230
output,output,,DUMP::DUMP_SLCF_VTK,dump.f90,main.f90:1150,1,DUMP_MESH_OUTPUTS > DUMP_SLCF_VTK; called by DUMP_MESH_OUTPUTS (dump.f90:95),23,4,7,1,yes,yes,no,no,literal_mesh|other_mesh,1,0,0,yes,2,literal_mesh read N_UNIQUE_SLCF@dump.f90:7373; literal_mesh read UNIQUE_SLICE_IN_DOMAIN@dump.f90:7375; literal_mesh read UNIQUE_SLICE_IS_SL3D@dump.f90:7376 (+10),global-write DRY@dump.f90:7350,,,POINT_TO_MESH pointer WORK1@dump.f90:7399
output,output,,DUMP::DUMP_SLCF_VTK::CORNER_VALUE,dump.f90,main.f90:1150,2,DUMP_MESH_OUTPUTS > DUMP_SLCF_VTK > CORNER_VALUE; called by DUMP_SLCF_VTK (dump.f90:7599),2,0,1,0,no,no,no,no,,0,0,0,no,0,,,,,
output,output,,DUMP::DUMP_SLCF_VTK::EDGE_VALUE,dump.f90,main.f90:1150,2,DUMP_MESH_OUTPUTS > DUMP_SLCF_VTK > EDGE_VALUE; called by DUMP_SLCF_VTK (dump.f90:7603),1,0,1,0,no,no,no,no,,0,0,0,no,0,,,,,
output,output,,DUMP::DUMP_SLCF_VTK::FACE_VALUE,dump.f90,main.f90:1150,2,DUMP_MESH_OUTPUTS > DUMP_SLCF_VTK > FACE_VALUE; called by DUMP_SLCF_VTK (dump.f90:7601),4,0,1,0,no,no,no,no,,0,0,0,yes,2,,,,,POINT_TO_MESH pointer CELL_INDEX@dump.f90:7667
output,output,,DUMP::DUMP_SLICE_GEOM,dump.f90,main.f90:1150,2,DUMP_MESH_OUTPUTS > DUMP_SLCF > DUMP_SLICE_GEOM; called by DUMP_SLCF (dump.f90:7119),0,0,0,0,no,no,no,no,,0,0,0,no,0,,,,,
output,output,,DUMP::DUMP_SLICE_GEOM_DATA,dump.f90,main.f90:1150,2,DUMP_MESH_OUTPUTS > DUMP_SLCF > DUMP_SLICE_GEOM_DATA; called by DUMP_SLCF (dump.f90:7123),0,0,0,0,no,no,no,no,,0,0,0,no,0,,,,,
output,output,,DUMP::DUMP_SMOKE3D,dump.f90,main.f90:1150,1,DUMP_MESH_OUTPUTS > DUMP_SMOKE3D; called by DUMP_MESH_OUTPUTS (dump.f90:185),9,2,5,1,no,yes,no,no,,1,0,0,yes,1,,global-write DRY@dump.f90:5065,,,POINT_TO_MESH pointer WORK3@dump.f90:5067
output,output,,DUMP::DUMP_SMOKE3D_VTKHDF,dump.f90,main.f90:1150,1,DUMP_MESH_OUTPUTS > DUMP_SMOKE3D_VTKHDF; called by DUMP_MESH_OUTPUTS (dump.f90:123),11,2,10,1,no,yes,no,yes,,1,0,0,yes,0,,global-write DRY@dump.f90:5195,,first_cell_width(stretch_aware=no)@dump.f90:5197,POINT_TO_MESH pointer DX@dump.f90:5197
output,output,,DUMP::DUMP_SPEC,dump.f90,main.f90:1150,1,DUMP_MESH_OUTPUTS > DUMP_SPEC; called by DUMP_MESH_OUTPUTS (dump.f90:259),4,0,5,0,no,no,no,no,,0,0,0,yes,0,,,,,POINT_TO_MESH pointer IBAR@dump.f90:12861
output,output,,DUMP::DUMP_TMP,dump.f90,main.f90:1150,1,DUMP_MESH_OUTPUTS > DUMP_TMP; called by DUMP_MESH_OUTPUTS (dump.f90:250),4,0,3,0,no,no,no,no,,0,0,0,yes,0,,,,,POINT_TO_MESH pointer IBAR@dump.f90:12833
output,output,,DUMP::DUMP_UVW,dump.f90,main.f90:1150,1,DUMP_MESH_OUTPUTS > DUMP_UVW; called by DUMP_MESH_OUTPUTS (dump.f90:237),6,0,5,0,no,no,no,no,,0,0,0,yes,0,,,,,POINT_TO_MESH pointer IBAR@dump.f90:12796
output,output,,DUMP::FLUSH_GLOBAL_BUFFERS,dump.f90,main.f90:1179,0,FLUSH_GLOBAL_BUFFERS,0,0,21,1,no,no,no,no,,0,0,0,no,0,,,,,
output,output,,DUMP::GAS_PHASE_OUTPUT,dump.f90,main.f90:1127,2,UPDATE_GLOBAL_OUTPUTS > UPDATE_DEVICES_1 > GAS_PHASE_OUTPUT; called by UPDATE_DEVICES_1 (dump.f90:7966),95,1,60,0,no,no,no,no,,0,0,0,yes,11,,,,,POINT_TO_MESH pointer ZZ@dump.f90:8655
output,output,,DUMP::GETSLICEDIR,dump.f90,main.f90:1150,3,DUMP_MESH_OUTPUTS > DUMP_BNDF_VTKHDF > GET_GEOMSIZES > GETSLICEDIR; called by GET_GEOMSIZES (dump.f90:5354),0,0,0,0,no,no,no,no,,0,0,0,no,0,,,,,
output,output,,DUMP::GET_GASCUTFACE_SCALAR_SLICE,dump.f90,main.f90:1150,4,DUMP_MESH_OUTPUTS > DUMP_BNDF_VTKHDF > PACK_VTK_GEOM > GET_GEOMVALS > GET_GASCUTFACE_SCALAR_SLICE; called by GET_GEOMVALS (dump.f90:6034),2,0,0,0,no,no,no,no,,0,0,0,yes,2,,,,,POINT_TO_MESH pointer CUT_FACE@dump.f90:6706
output,output,,DUMP::GET_GEOMINFO,dump.f90,main.f90:1150,3,DUMP_MESH_OUTPUTS > DUMP_BNDF_VTKHDF > PACK_VTK_GEOM > GET_GEOMINFO; called by PACK_VTK_GEOM (dump.f90:12514),15,0,1,0,no,no,no,no,,0,0,0,yes,6,,,,,POINT_TO_MESH pointer XPLT@dump.f90:5522
output,output,,DUMP::GET_GEOMSIZES,dump.f90,main.f90:1150,2,DUMP_MESH_OUTPUTS > DUMP_BNDF_VTKHDF > GET_GEOMSIZES; called by DUMP_BNDF_VTKHDF (dump.f90:12305),9,0,1,0,no,no,no,no,,0,0,0,yes,6,,,,,POINT_TO_MESH pointer CELL@dump.f90:5372
output,output,,DUMP::GET_GEOMVALS,dump.f90,main.f90:1150,3,DUMP_MESH_OUTPUTS > DUMP_BNDF_VTKHDF > PACK_VTK_GEOM > GET_GEOMVALS; called by PACK_VTK_GEOM (dump.f90:12495),10,0,1,0,no,no,no,no,,0,0,0,yes,6,,,,,POINT_TO_MESH pointer QQ@dump.f90:5995
output,output,,DUMP::GET_LAYER_HEIGHT_INTEGRALS,dump.f90,main.f90:1127,3,UPDATE_GLOBAL_OUTPUTS > UPDATE_DEVICES_1 > GAS_PHASE_OUTPUT > GET_LAYER_HEIGHT_INTEGRALS; called by GAS_PHASE_OUTPUT (dump.f90:9152),5,0,0,0,no,no,no,no,,0,0,0,yes,2,,,,,POINT_TO_MESH pointer CELL@dump.f90:12696
output,output,,DUMP::GET_SMOKE3D_QQ,dump.f90,main.f90:1150,2,DUMP_MESH_OUTPUTS > DUMP_SMOKE3D_VTKHDF > GET_SMOKE3D_QQ; called by DUMP_SMOKE3D_VTKHDF (dump.f90:5222),9,0,4,0,no,no,no,no,,0,0,0,yes,1,,,,,POINT_TO_MESH pointer KBP1@dump.f90:5128
output,output,,DUMP::GET_SOLIDCUTFACE_SCALAR_SLICE,dump.f90,main.f90:1150,4,DUMP_MESH_OUTPUTS > DUMP_BNDF_VTKHDF > PACK_VTK_GEOM > GET_GEOMVALS > GET_SOLIDCUTFACE_SCALAR_SLICE; called by GET_GEOMVALS (dump.f90:6042),5,0,0,0,no,no,no,no,,0,0,0,yes,2,,,,,POINT_TO_MESH pointer CUT_FACE@dump.f90:6580
output,output,,DUMP::GET_SOLIDREGFACE_SCALAR_SLICE,dump.f90,main.f90:1150,4,DUMP_MESH_OUTPUTS > DUMP_BNDF_VTKHDF > PACK_VTK_GEOM > GET_GEOMVALS > GET_SOLIDREGFACE_SCALAR_SLICE; called by GET_GEOMVALS (dump.f90:6052),1,0,0,0,no,no,no,no,,0,0,0,yes,1,,,,,POINT_TO_MESH pointer CCVAR@dump.f90:6534
output,output,,DUMP::HVAC_OUTPUT,dump.f90,main.f90:1127,2,UPDATE_GLOBAL_OUTPUTS > UPDATE_DEVICES_1 > HVAC_OUTPUT; called by UPDATE_DEVICES_1 (dump.f90:8103),0,0,7,0,no,no,no,no,,0,0,0,no,0,,,,,
output,output,,DUMP::IJK,dump.f90,main.f90:1150,4,DUMP_MESH_OUTPUTS > DUMP_BNDF_VTKHDF > PACK_VTK_GEOM > GET_GEOMINFO > IJK; called by GET_GEOMINFO (dump.f90:5533),0,0,0,0,no,no,no,no,,0,0,0,no,0,,,,,
output,output,,DUMP::PARTICLE_OUTPUT,dump.f90,main.f90:1127,2,UPDATE_GLOBAL_OUTPUTS > UPDATE_DEVICES_1 > PARTICLE_OUTPUT; called by UPDATE_DEVICES_1 (dump.f90:8112),4,0,0,0,no,no,no,no,,0,0,0,yes,2,,,,,POINT_TO_MESH pointer LAGRANGIAN_PARTICLE@dump.f90:11084
output,output,,DUMP::SOLID_PHASE_OUTPUT,dump.f90,main.f90:1127,2,UPDATE_GLOBAL_OUTPUTS > UPDATE_DEVICES_1 > SOLID_PHASE_OUTPUT; called by UPDATE_DEVICES_1 (dump.f90:7871),37,0,21,0,no,no,no,no,,0,0,0,yes,13,,,,,POINT_TO_MESH pointer WALL@dump.f90:10131
output,output,,DUMP::SUBGRID_KINETIC_ENERGY,dump.f90,main.f90:1127,3,UPDATE_GLOBAL_OUTPUTS > UPDATE_DEVICES_1 > GAS_PHASE_OUTPUT > SUBGRID_KINETIC_ENERGY; called by GAS_PHASE_OUTPUT (dump.f90:8915),0,0,0,0,no,no,no,no,,0,0,0,no,0,,,,,
output,output,,DUMP::UPDATE_DEVICES_1,dump.f90,main.f90:1127,1,UPDATE_GLOBAL_OUTPUTS > UPDATE_DEVICES_1; called by UPDATE_GLOBAL_OUTPUTS (dump.f90:69),33,0,12,1,no,yes,no,no,,1,0,0,yes,13,,global-write DRY@dump.f90:7850,,,POINT_TO_MESH pointer LAGRANGIAN_PARTICLE@dump.f90:7818
output,output,,DUMP::UPDATE_DEVICES_1::INTERPOLATE_WALL_VALUES,dump.f90,main.f90:1127,2,UPDATE_GLOBAL_OUTPUTS > UPDATE_DEVICES_1 > INTERPOLATE_WALL_VALUES; called by UPDATE_DEVICES_1 (dump.f90:8027),15,0,0,0,no,no,no,no,,0,0,0,yes,3,,,,,POINT_TO_MESH pointer CELL@dump.f90:8234
output,output,,DUMP::UPDATE_DEVICES_1::SELECT_SPATIAL_STATISTIC,dump.f90,main.f90:1127,2,UPDATE_GLOBAL_OUTPUTS > UPDATE_DEVICES_1 > SELECT_SPATIAL_STATISTIC; called by UPDATE_DEVICES_1 (dump.f90:7915),10,0,3,0,no,no,no,no,,0,0,0,yes,5,,,,,POINT_TO_MESH pointer LAGRANGIAN_PARTICLE@dump.f90:8154
output,output,,DUMP::UPDATE_DEVICES_1::SELECT_WALL_VALUE,dump.f90,main.f90:1127,3,UPDATE_GLOBAL_OUTPUTS > UPDATE_DEVICES_1 > INTERPOLATE_WALL_VALUES > SELECT_WALL_VALUE; called by INTERPOLATE_WALL_VALUES (dump.f90:8236),5,0,1,0,no,no,no,no,,0,0,0,yes,2,,,,,POINT_TO_MESH pointer WALL@dump.f90:8290
output,output,,DUMP::UPDATE_GLOBAL_OUTPUTS,dump.f90,main.f90:1127,0,UPDATE_GLOBAL_OUTPUTS,0,0,3,1,no,no,no,no,,0,0,0,no,0,,,,,
output,output,,DUMP::UPDATE_HRR,dump.f90,main.f90:1127,1,UPDATE_GLOBAL_OUTPUTS > UPDATE_HRR; called by UPDATE_GLOBAL_OUTPUTS (dump.f90:65),34,0,13,5,no,yes,no,no,,5,0,0,yes,12,,global-write ENTHALPY_SUM@dump.f90:11654; global-write M_DOT@dump.f90:11797; global-write M_DOT_SUM@dump.f90:11820; global-write Q_DOT@dump.f90:11670,serial/presum x8 @dump.f90:11670,,POINT_TO_MESH pointer KBAR@dump.f90:11656
output,output,,DUMP::UPDATE_MASS,dump.f90,main.f90:1127,1,UPDATE_GLOBAL_OUTPUTS > UPDATE_MASS; called by UPDATE_GLOBAL_OUTPUTS (dump.f90:66),14,0,5,1,no,yes,no,no,,1,0,0,yes,4,,global-write MASS_DT@dump.f90:11920,serial/presum x1 @dump.f90:11920,,POINT_TO_MESH pointer KBAR@dump.f90:11885
output,output,,DUMP::WRITE_CFACES,dump.f90,main.f90:1165,2,DUMP_GLOBAL_OUTPUTS > DUMP_GEOM > WRITE_CFACES; called by DUMP_GEOM (dump.f90:12551),0,0,4,0,no,no,no,no,,0,0,0,no,0,,,,,
output,output,,DUMP::WRITE_DEVC_CTRL_LOG,dump.f90,main.f90:1165,1,DUMP_GLOBAL_OUTPUTS > WRITE_DEVC_CTRL_LOG; called by DUMP_GLOBAL_OUTPUTS (main.f90:4707),0,0,9,0,no,no,no,no,,0,0,0,no,0,,,,,
output,pressure|output|other/shared,,DUMP::WRITE_DIAGNOSTICS,dump.f90,main.f90:1172,0,WRITE_DIAGNOSTICS,24,1,19,1,yes,no,no,no,all_meshes,0,0,0,no,0,all_meshes read CFL@dump.f90:4388; all_meshes arg CFL@dump.f90:4389; all_meshes read ICFL@dump.f90:4391 (+27),,serial/presum x2 @dump.f90:4389,,
output,pressure|output|other/shared,,COMP_FUNCTIONS::GET_DATE,func.f90,main.f90:1172,1,WRITE_DIAGNOSTICS > GET_DATE; called by WRITE_DIAGNOSTICS (dump.f90:4425),0,0,0,0,no,no,no,no,,0,0,0,no,0,,,,,
output,pressure|output|other/shared,,COMP_FUNCTIONS::GET_DATE_ISO_8601,func.f90,main.f90:1172,1,WRITE_DIAGNOSTICS > GET_DATE_ISO_8601; called by WRITE_DIAGNOSTICS (dump.f90:4329),0,0,0,0,no,no,no,no,,0,0,0,no,0,,,,,
output,output,,COMP_FUNCTIONS::SYSTEM_MEM_USAGE,func.f90,main.f90:1127,3,UPDATE_GLOBAL_OUTPUTS > UPDATE_DEVICES_1 > GAS_PHASE_OUTPUT > SYSTEM_MEM_USAGE; called by GAS_PHASE_OUTPUT (dump.f90:8865),0,0,0,0,no,no,no,no,,0,0,0,no,0,,,,,
output,output,,GEOMETRY_FUNCTIONS::TRANSFORM_COORDINATES,func.f90,main.f90:1165,5,DUMP_GLOBAL_OUTPUTS > DUMP_GEOM > WRITE_GEOM > OUTGEOM > PROCESS_GEOM > TRANSFORM_COORDINATES; called by PROCESS_GEOM (geom.f90:3804),0,0,1,0,no,no,no,no,,0,0,0,no,0,,,,,
output,output,,MEMORY_FUNCTIONS::GET_LAGRANGIAN_PARTICLE_INDEX,func.f90,main.f90:1127,2,UPDATE_GLOBAL_OUTPUTS > UPDATE_DEVICES_1 > GET_LAGRANGIAN_PARTICLE_INDEX; called by UPDATE_DEVICES_1 (dump.f90:7812),2,0,0,0,no,no,no,no,,0,0,0,no,0,,,,,
output,pressure|particles|output|exchange/communication|other/shared,,MEMORY_FUNCTIONS::PACK_CFACE,func.f90,main.f90:1191,1,DUMP_RESTART > PACK_CFACE; called by DUMP_RESTART (dump.f90:4001),0,0,1,0,no,no,no,no,,0,0,0,no,0,,,,,
output,output,,MEMORY_FUNCTIONS::REALLOCATE,func.f90,main.f90:1127,3,UPDATE_GLOBAL_OUTPUTS > UPDATE_DEVICES_1 > GAS_PHASE_OUTPUT > REALLOCATE; called by GAS_PHASE_OUTPUT (dump.f90:9420),0,0,0,0,no,no,no,no,,0,0,0,no,0,,,,,
output,output,,MISC_FUNCTIONS::VERBOSE_PRINTOUT,func.f90,main.f90:1207,0,VERBOSE_PRINTOUT,0,0,3,0,no,no,no,no,,0,0,0,no,0,,,,,
output,output,,PHYSICAL_FUNCTIONS::FED,func.f90,main.f90:1127,3,UPDATE_GLOBAL_OUTPUTS > UPDATE_DEVICES_1 > GAS_PHASE_OUTPUT > FED; called by GAS_PHASE_OUTPUT (dump.f90:9163),0,0,4,0,no,no,no,no,,0,0,0,no,0,,,,,
output,output,,PHYSICAL_FUNCTIONS::FIC,func.f90,main.f90:1127,3,UPDATE_GLOBAL_OUTPUTS > UPDATE_DEVICES_1 > GAS_PHASE_OUTPUT > FIC; called by GAS_PHASE_OUTPUT (dump.f90:9141),0,0,2,0,no,no,no,no,,0,0,0,no,0,,,,,
output,output,,PHYSICAL_FUNCTIONS::GET_POTENTIAL_TEMPERATURE,func.f90,main.f90:1127,3,UPDATE_GLOBAL_OUTPUTS > UPDATE_DEVICES_1 > GAS_PHASE_OUTPUT > GET_POTENTIAL_TEMPERATURE; called by GAS_PHASE_OUTPUT (dump.f90:8851),0,0,4,0,no,no,no,no,,0,0,0,no,0,,,,,
output,output,,PHYSICAL_FUNCTIONS::RELATIVE_HUMIDITY,func.f90,main.f90:1127,3,UPDATE_GLOBAL_OUTPUTS > UPDATE_DEVICES_1 > GAS_PHASE_OUTPUT > RELATIVE_HUMIDITY; called by GAS_PHASE_OUTPUT (dump.f90:8786),0,0,1,0,no,no,no,no,,0,0,0,no,0,,,,,
output,output,,COMPLEX_GEOMETRY::AVERAGE_FACE_VALUES,geom.f90,main.f90:1150,3,DUMP_MESH_OUTPUTS > DUMP_BNDF_VTKHDF > PACK_VTK_GEOM > AVERAGE_FACE_VALUES; called by PACK_VTK_GEOM (dump.f90:12517),0,0,0,0,no,no,no,no,,0,0,0,no,0,,,,,
output,output,,COMPLEX_GEOMETRY::COMPARE_VERTS,geom.f90,main.f90:1150,4,DUMP_MESH_OUTPUTS > DUMP_BNDF_VTKHDF > PACK_VTK_GEOM > MAKE_UNIQUE_VERT_ARRAY > COMPARE_VERTS; called by MAKE_UNIQUE_VERT_ARRAY (geom.f90:5210),0,0,0,0,no,no,no,no,,0,0,0,no,0,,,,,
output,output,,COMPLEX_GEOMETRY::DIFF_ANGLE,geom.f90,main.f90:1140,4,INITIALIZE_VTKHDF_FILES > INITIALIZE_VTKHDF_BNDF_STEP1 > GET_GEOMINFO_DUP > TRIANGULATE > DIFF_ANGLE; called by TRIANGULATE (geom.f90:4462),0,0,0,0,no,yes,no,no,,0,1,0,no,0,,SAVE TEST_FLAG decl geom.f90:4291 write geom.f90:4341,,,
output,output,,COMPLEX_GEOMETRY::GEOM2TEXTURE,geom.f90,main.f90:1165,5,DUMP_GLOBAL_OUTPUTS > DUMP_GEOM > WRITE_GEOM > OUTGEOM > PROCESS_GEOM > GEOM2TEXTURE; called by PROCESS_GEOM (geom.f90:3829),0,0,3,0,no,no,no,no,,0,0,0,no,0,,,,,
output,output,,COMPLEX_GEOMETRY::GEOMCLIPS,geom.f90,main.f90:1165,5,DUMP_GLOBAL_OUTPUTS > DUMP_GEOM > WRITE_GEOM > OUTGEOM > PROCESS_GEOM > GEOMCLIPS; called by PROCESS_GEOM (geom.f90:3826),0,0,2,0,no,no,no,no,,0,0,0,no,0,,,,,
output,output,,COMPLEX_GEOMETRY::MAKE_PERMUTATION_ARRAY,geom.f90,main.f90:1150,4,DUMP_MESH_OUTPUTS > DUMP_BNDF_VTKHDF > PACK_VTK_GEOM > MAKE_UNIQUE_VERT_ARRAY > MAKE_PERMUTATION_ARRAY; called by MAKE_UNIQUE_VERT_ARRAY (geom.f90:5207),0,0,0,0,no,no,no,no,,0,0,0,no,0,,,,,
output,output,,COMPLEX_GEOMETRY::MAKE_UNIQUE_VERT_ARRAY,geom.f90,main.f90:1150,3,DUMP_MESH_OUTPUTS > DUMP_BNDF_VTKHDF > PACK_VTK_GEOM > MAKE_UNIQUE_VERT_ARRAY; called by PACK_VTK_GEOM (dump.f90:12515),0,0,0,0,no,no,no,no,,0,0,0,no,0,,,,,
output,output,,COMPLEX_GEOMETRY::MERGE_GEOMS,geom.f90,main.f90:1165,4,DUMP_GLOBAL_OUTPUTS > DUMP_GEOM > WRITE_GEOM > OUTGEOM > MERGE_GEOMS; called by OUTGEOM (geom.f90:4044),0,0,2,0,no,no,no,no,,0,0,0,no,0,,,,,
output,output,,COMPLEX_GEOMETRY::OUTGEOM,geom.f90,main.f90:1165,3,DUMP_GLOBAL_OUTPUTS > DUMP_GEOM > WRITE_GEOM > OUTGEOM; called by WRITE_GEOM (geom.f90:4096),0,0,0,0,no,no,no,no,,0,0,0,no,0,,,,,
output,output,,COMPLEX_GEOMETRY::POINT_IN_TRIANGLE,geom.f90,main.f90:1140,6,INITIALIZE_VTKHDF_FILES > INITIALIZE_VTKHDF_BNDF_STEP1 > GET_GEOMINFO_DUP > TRIANGULATE > VALID_TRIANGLE > POINT_IN_TRIANGLE_FB > POINT_IN_TRIANGLE; called by POINT_IN_TRIANGLE_FB (geom.f90:4362),0,0,0,0,no,no,no,no,,0,0,0,no,0,,,,,
output,output,,COMPLEX_GEOMETRY::POINT_IN_TRIANGLE_FB,geom.f90,main.f90:1140,5,INITIALIZE_VTKHDF_FILES > INITIALIZE_VTKHDF_BNDF_STEP1 > GET_GEOMINFO_DUP > TRIANGULATE > VALID_TRIANGLE > POINT_IN_TRIANGLE_FB; called by VALID_TRIANGLE (geom.f90:4272),0,0,0,0,no,no,no,no,,0,0,0,no,0,,,,,
output,output,,COMPLEX_GEOMETRY::PROCESS_GEOM,geom.f90,main.f90:1165,4,DUMP_GLOBAL_OUTPUTS > DUMP_GEOM > WRITE_GEOM > OUTGEOM > PROCESS_GEOM; called by OUTGEOM (geom.f90:4020),0,0,6,0,no,no,no,no,,0,0,0,no,0,,,,,
output,output,,COMPLEX_GEOMETRY::TRIANGULATE,geom.f90,main.f90:1140,3,INITIALIZE_VTKHDF_FILES > INITIALIZE_VTKHDF_BNDF_STEP1 > GET_GEOMINFO_DUP > TRIANGULATE; called by GET_GEOMINFO_DUP (vtkf.f90:3227),0,0,0,0,no,no,no,no,,0,0,0,no,0,,,,,
output,output,,COMPLEX_GEOMETRY::VALID_TRIANGLE,geom.f90,main.f90:1140,4,INITIALIZE_VTKHDF_FILES > INITIALIZE_VTKHDF_BNDF_STEP1 > GET_GEOMINFO_DUP > TRIANGULATE > VALID_TRIANGLE; called by TRIANGULATE (geom.f90:4591),0,0,0,0,no,no,no,no,,0,0,0,no,0,,,,,
output,output,,COMPLEX_GEOMETRY::WRITE_GEOM,geom.f90,main.f90:1165,2,DUMP_GLOBAL_OUTPUTS > DUMP_GEOM > WRITE_GEOM; called by DUMP_GEOM (dump.f90:12548),0,0,3,0,no,no,no,no,,0,0,0,no,0,,,,,
output,output,,BOXTETRA_ROUTINES::AVERAGE_VERTS2,gsmv.f90,main.f90:1150,5,DUMP_MESH_OUTPUTS > DUMP_ISOF > ISO_TO_FILE > DECIMATE_FB > DECIMATE > AVERAGE_VERTS2; called by DECIMATE (gsmv.f90:516),0,0,0,0,no,no,no,no,,0,0,0,no,0,,,,,
output,output,,BOXTETRA_ROUTINES::AVERAGE_VERTS3,gsmv.f90,main.f90:1150,5,DUMP_MESH_OUTPUTS > DUMP_ISOF > ISO_TO_FILE > DECIMATE_FB > DECIMATE > AVERAGE_VERTS3; called by DECIMATE (gsmv.f90:538),0,0,0,0,no,no,no,no,,0,0,0,no,0,,,,,
output,output,,BOXTETRA_ROUTINES::DECIMATE,gsmv.f90,main.f90:1150,4,DUMP_MESH_OUTPUTS > DUMP_ISOF > ISO_TO_FILE > DECIMATE_FB > DECIMATE; called by DECIMATE_FB (gsmv.f90:337),0,0,0,0,no,no,no,no,,0,0,0,no,0,,,,,
output,output,,BOXTETRA_ROUTINES::DECIMATE_FB,gsmv.f90,main.f90:1150,3,DUMP_MESH_OUTPUTS > DUMP_ISOF > ISO_TO_FILE > DECIMATE_FB; called by ISO_TO_FILE (smvv.f90:85),0,0,0,0,no,no,no,no,,0,0,0,no,0,,,,,
output,output,,BOXTETRA_ROUTINES::DISTANCE3,gsmv.f90,main.f90:1150,5,DUMP_MESH_OUTPUTS > DUMP_ISOF > ISO_TO_FILE > DECIMATE_FB > DECIMATE > DISTANCE3; called by DECIMATE (gsmv.f90:507),0,0,0,0,no,no,no,no,,0,0,0,no,0,,,,,
output,output,,BOXTETRA_ROUTINES::GEOMCLIP,gsmv.f90,main.f90:1165,6,DUMP_GLOBAL_OUTPUTS > DUMP_GEOM > WRITE_GEOM > OUTGEOM > PROCESS_GEOM > GEOMCLIPS > GEOMCLIP; called by GEOMCLIPS (geom.f90:3750),0,0,0,0,no,no,no,no,,0,0,0,no,0,,,,,
output,output,,BOXTETRA_ROUTINES::GET_VERTTYPE,gsmv.f90,main.f90:1150,5,DUMP_MESH_OUTPUTS > DUMP_ISOF > ISO_TO_FILE > DECIMATE_FB > DECIMATE > GET_VERTTYPE; called by DECIMATE (gsmv.f90:493),0,0,0,0,no,no,no,no,,0,0,0,no,0,,,,,
output,output,,BOXTETRA_ROUTINES::IN_BOX3,gsmv.f90,main.f90:1165,7,DUMP_GLOBAL_OUTPUTS > DUMP_GEOM > WRITE_GEOM > OUTGEOM > PROCESS_GEOM > GEOMCLIPS > GEOMCLIP > IN_BOX3; called by GEOMCLIP (gsmv.f90:616),0,0,0,0,no,no,no,no,,0,0,0,no,0,,,,,
output,output,,FDS::DUMP_GLOBAL_OUTPUTS,main.f90,main.f90:1165,0,DUMP_GLOBAL_OUTPUTS,0,0,39,13,no,yes,no,no,,12,0,0,no,0,,global-write CPU_COUNTER@main.f90:4700; global-write CTRL_COUNTER@main.f90:4693; global-write DEVC_COUNTER@main.f90:4667; global-write GEOM_COUNTER@main.f90:4631,,,
output,pressure|output|other/shared,,FDS::DUMP_TIMERS,main.f90,main.f90:1165,1,DUMP_GLOBAL_OUTPUTS > DUMP_TIMERS; called by DUMP_GLOBAL_OUTPUTS (main.f90:4699),0,0,8,1,no,no,no,no,,0,0,0,no,0,,,,,
output,output,,FDS::WRITE_CFL_FILE,main.f90,main.f90:901,0,WRITE_CFL_FILE,15,0,13,1,no,yes,no,no,,1,0,2,no,0,,global-write REAL_BUFFER_20@main.f90:1847; prev-step read MIX_TIME@main.f90:1864 (first writer site main.f90:973); prev-step read Q@main.f90:1863 (first writer site main.f90:973),,,
output,output,,FDS::WRITE_STRINGS,main.f90,main.f90:1169,0,WRITE_STRINGS,2,1,18,1,yes,no,no,no,all_meshes|literal_mesh,0,0,0,no,0,literal_mesh read N_STRINGS@main.f90:4193; literal_mesh arg STRING@main.f90:4194; all_meshes read N_STRINGS@main.f90:4213 (+1),,,,
output,output,,ISOSMOKE::COMPARE_VEC3,smvv.f90,main.f90:1150,5,DUMP_MESH_OUTPUTS > DUMP_ISOF > ISO_TO_FILE > REMOVE_DUPLICATE_ISO_VERTS > GET_MATCH > COMPARE_VEC3; called by GET_MATCH (smvv.f90:165),0,0,0,0,no,no,no,no,,0,0,0,no,0,,,,,
output,output,,ISOSMOKE::FMIX,smvv.f90,main.f90:1150,5,DUMP_MESH_OUTPUTS > DUMP_ISOF > ISO_TO_FILE > ISO_TO_GEOM > GETISOBOX > FMIX; called by GETISOBOX (smvv.f90:776),0,0,0,0,no,no,no,no,,0,0,0,no,0,,,,,
output,output,,ISOSMOKE::GETISOBOX,smvv.f90,main.f90:1150,4,DUMP_MESH_OUTPUTS > DUMP_ISOF > ISO_TO_FILE > ISO_TO_GEOM > GETISOBOX; called by ISO_TO_GEOM (smvv.f90:282),0,0,0,0,no,no,no,no,,0,0,0,no,0,,,,,
output,output,,ISOSMOKE::GET_MATCH,smvv.f90,main.f90:1150,4,DUMP_MESH_OUTPUTS > DUMP_ISOF > ISO_TO_FILE > REMOVE_DUPLICATE_ISO_VERTS > GET_MATCH; called by REMOVE_DUPLICATE_ISO_VERTS (smvv.f90:195),0,0,0,0,no,no,no,no,,0,0,0,no,0,,,,,
output,output,,ISOSMOKE::ISO_HEADER_OUT,smvv.f90,main.f90:1150,3,DUMP_MESH_OUTPUTS > DUMP_ISOF > ISO_TO_FILE > ISO_HEADER_OUT; called by ISO_TO_FILE (smvv.f90:89),0,0,0,0,no,no,no,no,,0,0,0,no,0,,,,,
output,output,,ISOSMOKE::ISO_OUT_GEOM,smvv.f90,main.f90:1150,3,DUMP_MESH_OUTPUTS > DUMP_ISOF > ISO_TO_FILE > ISO_OUT_GEOM; called by ISO_TO_FILE (smvv.f90:123),0,0,0,0,no,no,no,no,,0,0,0,no,0,,,,,
output,output,,ISOSMOKE::ISO_OUT_TIME,smvv.f90,main.f90:1150,3,DUMP_MESH_OUTPUTS > DUMP_ISOF > ISO_TO_FILE > ISO_OUT_TIME; called by ISO_TO_FILE (smvv.f90:121),0,0,0,0,no,no,no,no,,0,0,0,no,0,,,,,
output,output,,ISOSMOKE::ISO_OUT_VALS,smvv.f90,main.f90:1150,3,DUMP_MESH_OUTPUTS > DUMP_ISOF > ISO_TO_FILE > ISO_OUT_VALS; called by ISO_TO_FILE (smvv.f90:125),0,0,0,0,no,no,no,no,,0,0,0,no,0,,,,,
output,output,,ISOSMOKE::ISO_TO_FILE,smvv.f90,main.f90:1150,2,DUMP_MESH_OUTPUTS > DUMP_ISOF > ISO_TO_FILE; called by DUMP_ISOF (dump.f90:5031),0,0,0,0,no,no,no,no,,0,0,0,no,0,,,,,
output,output,,ISOSMOKE::ISO_TO_GEOM,smvv.f90,main.f90:1150,3,DUMP_MESH_OUTPUTS > DUMP_ISOF > ISO_TO_FILE > ISO_TO_GEOM; called by ISO_TO_FILE (smvv.f90:56),0,0,0,0,no,no,no,no,,0,0,0,no,0,,,,,
output,output,,ISOSMOKE::MERGE_GEOM,smvv.f90,main.f90:1150,3,DUMP_MESH_OUTPUTS > DUMP_ISOF > ISO_TO_FILE > MERGE_GEOM; called by ISO_TO_FILE (smvv.f90:60),0,0,0,0,no,no,no,no,,0,0,0,no,0,,,,,
output,output,,ISOSMOKE::REALLOCATE_F,smvv.f90,main.f90:1150,4,DUMP_MESH_OUTPUTS > DUMP_ISOF > ISO_TO_FILE > MERGE_GEOM > REALLOCATE_F; called by MERGE_GEOM (smvv.f90:397),0,0,0,0,no,no,no,no,,0,0,0,no,0,,,,,
output,output,,ISOSMOKE::REALLOCATE_I,smvv.f90,main.f90:1150,4,DUMP_MESH_OUTPUTS > DUMP_ISOF > ISO_TO_FILE > MERGE_GEOM > REALLOCATE_I; called by MERGE_GEOM (smvv.f90:398),0,0,0,0,no,no,no,no,,0,0,0,no,0,,,,,
output,output,,ISOSMOKE::REMOVE_DUPLICATE_ISO_VERTS,smvv.f90,main.f90:1150,3,DUMP_MESH_OUTPUTS > DUMP_ISOF > ISO_TO_FILE > REMOVE_DUPLICATE_ISO_VERTS; called by ISO_TO_FILE (smvv.f90:68),0,0,0,0,no,no,no,no,,0,0,0,no,0,,,,,
output,output,,ISOSMOKE::RLE,smvv.f90,main.f90:1150,3,DUMP_MESH_OUTPUTS > DUMP_SMOKE3D > SMOKE3D_TO_FILE > RLE; called by SMOKE3D_TO_FILE (smvv.f90:976),0,0,0,0,no,no,no,no,,0,0,0,no,0,,,,,
output,output,,ISOSMOKE::SLICE_TO_RLEFILE,smvv.f90,main.f90:1150,2,DUMP_MESH_OUTPUTS > DUMP_SLCF > SLICE_TO_RLEFILE; called by DUMP_SLCF (dump.f90:7055),0,0,0,0,no,no,no,no,,0,0,0,no,0,,,,,
output,output,,ISOSMOKE::SMOKE3D_TO_FILE,smvv.f90,main.f90:1150,2,DUMP_MESH_OUTPUTS > DUMP_SMOKE3D > SMOKE3D_TO_FILE; called by DUMP_SMOKE3D (dump.f90:5110),0,0,8,0,no,no,no,no,,0,0,0,no,0,,,,,
output,output,,ISOSMOKE::UPDATEISOSURFACE,smvv.f90,main.f90:1150,4,DUMP_MESH_OUTPUTS > DUMP_ISOF > ISO_TO_FILE > ISO_TO_GEOM > UPDATEISOSURFACE; called by ISO_TO_GEOM (smvv.f90:286),0,0,0,0,no,no,no,no,,0,0,0,no,0,,,,,
output,output,,MANUFACTURED_SOLUTIONS::VD2D_MMS_H_3,turb.f90,main.f90:1127,3,UPDATE_GLOBAL_OUTPUTS > UPDATE_DEVICES_1 > GAS_PHASE_OUTPUT > VD2D_MMS_H_3; called by GAS_PHASE_OUTPUT (dump.f90:9806),0,0,0,0,no,no,no,no,,0,0,0,no,0,,,,,
output,output,,MANUFACTURED_SOLUTIONS::VD2D_MMS_P_3,turb.f90,main.f90:1127,3,UPDATE_GLOBAL_OUTPUTS > UPDATE_DEVICES_1 > GAS_PHASE_OUTPUT > VD2D_MMS_P_3; called by GAS_PHASE_OUTPUT (dump.f90:9802),0,0,0,0,no,no,no,no,,0,0,0,no,0,,,,,
output,output,,TURBULENCE::SANDIA_OUT,turb.f90,main.f90:1150,1,DUMP_MESH_OUTPUTS > SANDIA_OUT; called by DUMP_MESH_OUTPUTS (dump.f90:282),15,3,3,0,yes,no,no,yes,all_meshes,0,0,0,no,0,all_meshes read KBAR@turb.f90:2430; all_meshes read ZS@turb.f90:2431; all_meshes read DZ@turb.f90:2431 (+10),,,first_cell_width(stretch_aware=no)@turb.f90:2420; first_cell_width(stretch_aware=no)@turb.f90:2431; first_cell_width(stretch_aware=no)@turb.f90:2433,
output,output,,TURBULENCE::TAU_WALL_IJ,turb.f90,main.f90:1127,3,UPDATE_GLOBAL_OUTPUTS > UPDATE_DEVICES_1 > SOLID_PHASE_OUTPUT > TAU_WALL_IJ; called by SOLID_PHASE_OUTPUT (dump.f90:10752),0,0,1,0,no,no,no,no,,0,0,0,no,0,,,,,
output,output,,VEGE::UPDATE_FIRE_SPREAD_OUTPUTS,vege.f90,main.f90:1127,1,UPDATE_GLOBAL_OUTPUTS > UPDATE_FIRE_SPREAD_OUTPUTS; called by UPDATE_GLOBAL_OUTPUTS (dump.f90:68),8,0,1,0,no,no,no,no,,0,0,0,yes,7,,,,,POINT_TO_MESH pointer N_EXTERNAL_WALL_CELLS@vege.f90:1233
output,output,,VEGE::UPDATE_FIRE_SPREAD_OUTPUTS::COMPUTE_FIRE_SPREAD_OUTPUTS,vege.f90,main.f90:1127,2,UPDATE_GLOBAL_OUTPUTS > UPDATE_FIRE_SPREAD_OUTPUTS > COMPUTE_FIRE_SPREAD_OUTPUTS; called by UPDATE_FIRE_SPREAD_OUTPUTS (vege.f90:1240),5,2,3,0,no,no,no,yes,,0,0,0,yes,2,,,,global_min_size(stretch_aware=n/a)@vege.f90:1267,POINT_TO_MESH pointer Q@vege.f90:1268
output,output,,VTK_FDS_INTERFACE::ADD_DATA_TO_SMOKE3D_VTKHDF_FILE,vtkf.f90,main.f90:1150,2,DUMP_MESH_OUTPUTS > DUMP_SMOKE3D_VTKHDF > ADD_DATA_TO_SMOKE3D_VTKHDF_FILE; called by DUMP_SMOKE3D_VTKHDF (dump.f90:5216),2,0,3,0,yes,no,no,no,all_meshes,0,0,0,no,0,all_meshes read NC@vtkf.f90:1056; all_meshes read NP@vtkf.f90:1057,,,,
output,output,,VTK_FDS_INTERFACE::ADD_TYPE,vtkf.f90,main.f90:1140,3,INITIALIZE_VTKHDF_FILES > INITIALIZE_VTKHDF_SLCF > CREATE_OPEN_VTKHDF > ADD_TYPE; called by CREATE_OPEN_VTKHDF (vtkf.f90:758),0,0,0,0,no,no,no,no,,0,0,0,no,0,,,,,
output,output,,VTK_FDS_INTERFACE::ADD_VERSION,vtkf.f90,main.f90:1140,3,INITIALIZE_VTKHDF_FILES > INITIALIZE_VTKHDF_SLCF > CREATE_OPEN_VTKHDF > ADD_VERSION; called by CREATE_OPEN_VTKHDF (vtkf.f90:757),0,0,0,0,no,no,no,no,,0,0,0,no,0,,,,,
output,output,,VTK_FDS_INTERFACE::BUILD_VTK_GAS_PHASE_GEOMETRY2,vtkf.f90,main.f90:1140,3,INITIALIZE_VTKHDF_FILES > INITIALIZE_VTKHDF_SMOKE3D > WRITE_VTKHDF_RECT_GAS_FILE > BUILD_VTK_GAS_PHASE_GEOMETRY2; called by WRITE_VTKHDF_RECT_GAS_FILE (vtkf.f90:1213),3,0,0,0,no,no,no,no,,0,0,0,no,0,,,,,
output,output,,VTK_FDS_INTERFACE::BUILD_VTK_GEOM_GEOMETRY,vtkf.f90,main.f90:1140,2,INITIALIZE_VTKHDF_FILES > INITIALIZE_VTKHDF_BNDF_STEP1 > BUILD_VTK_GEOM_GEOMETRY; called by INITIALIZE_VTKHDF_BNDF_STEP1 (vtkf.f90:2296),0,0,0,0,no,no,no,no,,0,0,0,no,0,,,,,
output,output,,VTK_FDS_INTERFACE::BUILD_VTK_SLICE_GEOMETRY2,vtkf.f90,main.f90:1150,3,DUMP_MESH_OUTPUTS > DUMP_SLCF_VTK > WRITE_VTKHDF_SLICE_CELL_FILE > BUILD_VTK_SLICE_GEOMETRY2; called by WRITE_VTKHDF_SLICE_CELL_FILE (vtkf.f90:3739),4,0,0,0,no,no,no,no,,0,0,0,no,0,,,,,
output,output,,VTK_FDS_INTERFACE::BUILD_VTK_SOLID_PHASE_GEOMETRY,vtkf.f90,main.f90:1140,2,INITIALIZE_VTKHDF_FILES > INITIALIZE_VTKHDF_BNDF_STEP1 > BUILD_VTK_SOLID_PHASE_GEOMETRY; called by INITIALIZE_VTKHDF_BNDF_STEP1 (vtkf.f90:2253),3,0,0,0,no,no,no,no,,0,0,0,no,0,,,,,
output,output,,VTK_FDS_INTERFACE::CLOSE_PART_VTKHDF,vtkf.f90,main.f90:1140,2,INITIALIZE_VTKHDF_FILES > INITIALIZE_VTKHDF_PART > CLOSE_PART_VTKHDF; called by INITIALIZE_VTKHDF_PART (vtkf.f90:1592),0,0,0,0,no,no,no,no,,0,0,0,no,0,,,,,
output,output,,VTK_FDS_INTERFACE::CLOSE_VTKHDF,vtkf.f90,main.f90:1140,2,INITIALIZE_VTKHDF_FILES > INITIALIZE_VTKHDF_SLCF > CLOSE_VTKHDF; called by INITIALIZE_VTKHDF_SLCF (vtkf.f90:1506),0,0,0,0,no,no,no,no,,0,0,0,no,0,,,,,
output,output,,VTK_FDS_INTERFACE::CREATE_OPEN_PART_VTKHDF,vtkf.f90,main.f90:1140,2,INITIALIZE_VTKHDF_FILES > INITIALIZE_VTKHDF_PART > CREATE_OPEN_PART_VTKHDF; called by INITIALIZE_VTKHDF_PART (vtkf.f90:1551),0,0,1,0,no,no,no,no,,0,0,0,no,0,,,,,
output,output,,VTK_FDS_INTERFACE::CREATE_OPEN_VTKHDF,vtkf.f90,main.f90:1140,2,INITIALIZE_VTKHDF_FILES > INITIALIZE_VTKHDF_SLCF > CREATE_OPEN_VTKHDF; called by INITIALIZE_VTKHDF_SLCF (vtkf.f90:1411),0,0,0,0,no,no,no,no,,0,0,0,no,0,,,,,
output,output,,VTK_FDS_INTERFACE::DEALLOCATE_VTK_GAS_PHASE_GEOMETRY,vtkf.f90,main.f90:1140,2,INITIALIZE_VTKHDF_FILES > INITIALIZE_VTKHDF_BNDF_STEP1 > DEALLOCATE_VTK_GAS_PHASE_GEOMETRY; called by INITIALIZE_VTKHDF_BNDF_STEP1 (vtkf.f90:2258),0,0,0,0,no,no,no,no,,0,0,0,no,0,,,,,
output,output,,VTK_FDS_INTERFACE::GETSLICEDIR_DUP,vtkf.f90,main.f90:1140,3,INITIALIZE_VTKHDF_FILES > INITIALIZE_VTKHDF_BNDF_STEP1 > GET_GEOMSIZES_DUP > GETSLICEDIR_DUP; called by GET_GEOMSIZES_DUP (vtkf.f90:2915),0,0,0,0,no,no,no,no,,0,0,0,no,0,,,,,
output,output,,VTK_FDS_INTERFACE::GET_GEOMINFO_DUP,vtkf.f90,main.f90:1140,2,INITIALIZE_VTKHDF_FILES > INITIALIZE_VTKHDF_BNDF_STEP1 > GET_GEOMINFO_DUP; called by INITIALIZE_VTKHDF_BNDF_STEP1 (vtkf.f90:2294),15,0,1,0,no,no,no,no,,0,0,0,yes,6,,,,,POINT_TO_MESH pointer XPLT@vtkf.f90:3107
output,output,,VTK_FDS_INTERFACE::GET_GEOMSIZES_DUP,vtkf.f90,main.f90:1140,2,INITIALIZE_VTKHDF_FILES > INITIALIZE_VTKHDF_BNDF_STEP1 > GET_GEOMSIZES_DUP; called by INITIALIZE_VTKHDF_BNDF_STEP1 (vtkf.f90:2287),9,0,1,0,no,no,no,no,,0,0,0,yes,6,,,,,POINT_TO_MESH pointer CELL@vtkf.f90:2933
output,output,,VTK_FDS_INTERFACE::IJK_DUP,vtkf.f90,main.f90:1140,3,INITIALIZE_VTKHDF_FILES > INITIALIZE_VTKHDF_BNDF_STEP1 > GET_GEOMINFO_DUP > IJK_DUP; called by GET_GEOMINFO_DUP (vtkf.f90:3118),0,0,0,0,no,no,no,no,,0,0,0,no,0,,,,,
output,output,,VTK_FDS_INTERFACE::INITIALIZE_VTKHDF_BNDF_STEP1,vtkf.f90,main.f90:1140,1,INITIALIZE_VTKHDF_FILES > INITIALIZE_VTKHDF_BNDF_STEP1; called by INITIALIZE_VTKHDF_FILES (vtkf.f90:1350),3,0,11,3,yes,yes,no,no,all_meshes,3,0,0,yes,1,all_meshes read N_PATCH@vtkf.f90:2248; all_meshes read N_INTERNAL_CFACE_CELLS@vtkf.f90:2286,global-write NCELLS_VTK@vtkf.f90:2369; global-write NCONNECTIONS_VTK@vtkf.f90:2371; global-write NPOINTS_VTK@vtkf.f90:2370,,,POINT_TO_MESH pointer N_PATCH@vtkf.f90:2249
output,output,,VTK_FDS_INTERFACE::INITIALIZE_VTKHDF_BNDF_STEP2,vtkf.f90,main.f90:1140,1,INITIALIZE_VTKHDF_FILES > INITIALIZE_VTKHDF_BNDF_STEP2; called by INITIALIZE_VTKHDF_FILES (vtkf.f90:1351),3,0,13,0,yes,no,no,no,all_meshes,0,0,0,yes,1,all_meshes read N_PATCH@vtkf.f90:2520; all_meshes read N_INTERNAL_CFACE_CELLS@vtkf.f90:2580,,,,POINT_TO_MESH pointer N_PATCH@vtkf.f90:2526
output,output,,VTK_FDS_INTERFACE::INITIALIZE_VTKHDF_FILES,vtkf.f90,main.f90:1140,0,INITIALIZE_VTKHDF_FILES,2,0,10,0,yes,no,no,no,literal_mesh,0,0,0,no,0,literal_mesh read N_UNIQUE_SLCF@vtkf.f90:1334; literal_mesh arg UNIQUE_SLICE_IN_DOMAIN@vtkf.f90:1335,,,,
output,output,,VTK_FDS_INTERFACE::INITIALIZE_VTKHDF_PART,vtkf.f90,main.f90:1140,1,INITIALIZE_VTKHDF_FILES > INITIALIZE_VTKHDF_PART; called by INITIALIZE_VTKHDF_FILES (vtkf.f90:1355),2,0,10,0,no,no,no,no,,0,0,0,yes,0,,,,,POINT_TO_MESH pointer NLP@vtkf.f90:1564
output,output,,VTK_FDS_INTERFACE::INITIALIZE_VTKHDF_SLCF,vtkf.f90,main.f90:1140,1,INITIALIZE_VTKHDF_FILES > INITIALIZE_VTKHDF_SLCF; called by INITIALIZE_VTKHDF_FILES (vtkf.f90:1335),6,0,8,0,yes,no,no,no,all_meshes|literal_mesh,0,0,0,yes,0,literal_mesh arg UNIQUE_SLICE_NAMES@vtkf.f90:1399; literal_mesh read N_UNIQUE_SLCF@vtkf.f90:1421; all_meshes arg EMPTY_UNIQUE_SLICE@vtkf.f90:1429 (+2),,,,POINT_TO_MESH pointer SLICE@vtkf.f90:1435
output,output,,VTK_FDS_INTERFACE::INITIALIZE_VTKHDF_SMOKE3D,vtkf.f90,main.f90:1140,1,INITIALIZE_VTKHDF_FILES > INITIALIZE_VTKHDF_SMOKE3D; called by INITIALIZE_VTKHDF_FILES (vtkf.f90:1343),0,0,4,0,no,no,no,no,,0,0,0,no,0,,,,,
output,output,,VTK_FDS_INTERFACE::OPEN_PART_VTKHDF,vtkf.f90,main.f90:1150,2,DUMP_MESH_OUTPUTS > DUMP_PART_VTKHDF > OPEN_PART_VTKHDF; called by DUMP_PART_VTKHDF (dump.f90:4676),0,0,0,0,no,no,no,no,,0,0,0,no,0,,,,,
output,output,,VTK_FDS_INTERFACE::OPEN_VTKHDF,vtkf.f90,main.f90:1140,2,INITIALIZE_VTKHDF_FILES > INITIALIZE_VTKHDF_BNDF_STEP2 > OPEN_VTKHDF; called by INITIALIZE_VTKHDF_BNDF_STEP2 (vtkf.f90:2438),0,0,0,0,no,no,no,no,,0,0,0,no,0,,,,,
output,output,,VTK_FDS_INTERFACE::PARALLEL_INIT_F32,vtkf.f90,main.f90:1140,2,INITIALIZE_VTKHDF_FILES > INITIALIZE_VTKHDF_BNDF_STEP2 > PARALLEL_INIT_F32; called by INITIALIZE_VTKHDF_BNDF_STEP2 (vtkf.f90:2475),0,0,0,0,no,no,no,no,,0,0,0,no,0,,,,,
output,output,,VTK_FDS_INTERFACE::PARALLEL_INIT_I32,vtkf.f90,main.f90:1140,2,INITIALIZE_VTKHDF_FILES > INITIALIZE_VTKHDF_SLCF > PARALLEL_INIT_I32; called by INITIALIZE_VTKHDF_SLCF (vtkf.f90:1414),0,0,0,0,no,no,no,no,,0,0,0,no,0,,,,,
output,output,,VTK_FDS_INTERFACE::PARALLEL_INIT_U8,vtkf.f90,main.f90:1140,2,INITIALIZE_VTKHDF_FILES > INITIALIZE_VTKHDF_BNDF_STEP2 > PARALLEL_INIT_U8; called by INITIALIZE_VTKHDF_BNDF_STEP2 (vtkf.f90:2479),0,0,0,0,no,no,no,no,,0,0,0,no,0,,,,,
output,output,,VTK_FDS_INTERFACE::PARALLEL_WRITE_F32,vtkf.f90,main.f90:1140,2,INITIALIZE_VTKHDF_FILES > INITIALIZE_VTKHDF_BNDF_STEP2 > PARALLEL_WRITE_F32; called by INITIALIZE_VTKHDF_BNDF_STEP2 (vtkf.f90:2564),0,0,0,0,no,no,no,no,,0,0,0,no,0,,,,,
output,output,,VTK_FDS_INTERFACE::PARALLEL_WRITE_I32,vtkf.f90,main.f90:1140,2,INITIALIZE_VTKHDF_FILES > INITIALIZE_VTKHDF_SLCF > PARALLEL_WRITE_I32; called by INITIALIZE_VTKHDF_SLCF (vtkf.f90:1458),0,0,0,0,no,no,no,no,,0,0,0,no,0,,,,,
output,output,,VTK_FDS_INTERFACE::PARALLEL_WRITE_U8,vtkf.f90,main.f90:1140,2,INITIALIZE_VTKHDF_FILES > INITIALIZE_VTKHDF_BNDF_STEP2 > PARALLEL_WRITE_U8; called by INITIALIZE_VTKHDF_BNDF_STEP2 (vtkf.f90:2569),0,0,0,0,no,no,no,no,,0,0,0,no,0,,,,,
output,output,,VTK_FDS_INTERFACE::WRITE_VTKHDF_RECT_GAS_FILE,vtkf.f90,main.f90:1140,2,INITIALIZE_VTKHDF_FILES > INITIALIZE_VTKHDF_SMOKE3D > WRITE_VTKHDF_RECT_GAS_FILE; called by INITIALIZE_VTKHDF_SMOKE3D (vtkf.f90:1372),2,0,4,0,yes,no,no,no,all_meshes,0,0,0,no,0,all_meshes read NC@vtkf.f90:1165; all_meshes read NP@vtkf.f90:1166; all_meshes ptr_bind (whole)@vtkf.f90:1212,,,,
output,output,,VTK_FDS_INTERFACE::WRITE_VTKHDF_SLICE_CELL_FILE,vtkf.f90,main.f90:1150,2,DUMP_MESH_OUTPUTS > DUMP_SLCF_VTK > WRITE_VTKHDF_SLICE_CELL_FILE; called by DUMP_SLCF_VTK (dump.f90:7381),2,0,1,0,yes,no,no,no,literal_mesh,0,0,0,yes,0,literal_mesh read N_SLCF_VTK@vtkf.f90:3718,,,,POINT_TO_MESH pointer SLICE@vtkf.f90:3737
output,output,,VTK_FDS_INTERFACE::WRITE_VTKHDF_SLICE_DATA_FILE,vtkf.f90,main.f90:1150,2,DUMP_MESH_OUTPUTS > DUMP_SLCF_VTK > WRITE_VTKHDF_SLICE_DATA_FILE; called by DUMP_SLCF_VTK (dump.f90:7390),0,0,1,0,no,no,no,no,,0,0,0,no,0,,,,,
exchange/communication,pressure|exchange/communication,,CC_SCALARS::CC_H_INTERP,ccib.f90,main.f90:790,2,MESH_EXCHANGE > MESH_CC_EXCHANGE > CC_H_INTERP; called by MESH_CC_EXCHANGE (ccib.f90:4995),21,9,6,0,no,yes,no,no,,0,0,1,yes,4,,prev-step read CCVAR@ccib.f90:7102 (first writer site main.f90:850),,,POINT_TO_MESH pointer H@ccib.f90:7058
exchange/communication,pressure|exchange/communication,,CC_SCALARS::CC_RHO0W_INTERP,ccib.f90,main.f90:790,2,MESH_EXCHANGE > MESH_CC_EXCHANGE > CC_RHO0W_INTERP; called by MESH_CC_EXCHANGE (ccib.f90:4996),5,1,8,1,yes,no,no,no,all_meshes,0,0,0,yes,2,all_meshes read N_CUTCELL_MESH@ccib.f90:6995,,,,POINT_TO_MESH pointer WS@ccib.f90:6989
exchange/communication,pressure|exchange/communication,,CC_SCALARS::EXCHANGE_BACK_CFACE_DATA,ccib.f90,main.f90:790,2,MESH_EXCHANGE > MESH_CC_EXCHANGE > EXCHANGE_BACK_CFACE_DATA; called by MESH_CC_EXCHANGE (ccib.f90:3969),2,1,12,0,yes,no,no,no,other_mesh,0,0,0,no,2,other_mesh read CFACE@ccib.f90:342; other_mesh read BOUNDARY_PROP1@ccib.f90:344; other_mesh write_component BOUNDARY_PROP1@ccib.f90:358,,,,
exchange/communication,pressure|exchange/communication,,CC_SCALARS::GET_BOUND_VEL,ccib.f90,main.f90:790,3,MESH_EXCHANGE > MESH_CC_EXCHANGE > CC_RHO0W_INTERP > GET_BOUND_VEL; called by CC_RHO0W_INTERP (ccib.f90:7018),4,0,4,3,no,yes,no,no,,3,0,0,yes,4,,global-write B1@ccib.f90:16218; global-write BC@ccib.f90:16219; global-write CFA@ccib.f90:16217,,,POINT_TO_MESH pointer CUT_FACE@ccib.f90:16210
exchange/communication,pressure|exchange/communication,,CC_SCALARS::MESH_CC_EXCHANGE,ccib.f90,main.f90:790,1,MESH_EXCHANGE > MESH_CC_EXCHANGE; called by MESH_EXCHANGE (main.f90:3135),75,16,25,11,yes,yes,no,no,all_meshes|neighbour_omesh|omesh_copy,9,1,2,no,8,omesh_copy read NICC_S@ccib.f90:3991; omesh_copy read NICC_R@ccib.f90:3991; omesh_copy read NICF_S@ccib.f90:4003 (+95),global-write CF@ccib.f90:4255; global-write N_REQ11@ccib.f90:3987; global-write N_REQ112@ccib.f90:3999; global-write N_REQ12@ccib.f90:4010; SAVE INITIALIZE_CC_SCALARS_FORC decl ccib.f90:3963 write ccib.f90:4160; prev-step read RC_FACE@ccib.f90:4527 (first writer site main.f90:840); prev-step read UN_LNK@ccib.f90:4524 (first writer site main.f90:850),,,
exchange/communication,pressure|exchange/communication,,CC_SCALARS::MESH_CC_EXCHANGE::CC_TIMEOUT,ccib.f90,main.f90:790,2,MESH_EXCHANGE > MESH_CC_EXCHANGE > CC_TIMEOUT; called by MESH_CC_EXCHANGE (ccib.f90:4728),0,0,2,0,no,no,no,no,,0,0,0,no,0,,,,,
exchange/communication,pressure|exchange/communication,,CC_SCALARS::MESH_CC_EXCHANGE::FILL_GCCUTCELL_SPECIES,ccib.f90,main.f90:790,2,MESH_EXCHANGE > MESH_CC_EXCHANGE > FILL_GCCUTCELL_SPECIES; called by MESH_CC_EXCHANGE (ccib.f90:4993),21,1,9,3,yes,yes,no,no,omesh_copy,3,0,6,yes,6,omesh_copy read NICC_R@ccib.f90:5036; omesh_copy read ICC_UNKZ_CC_R@ccib.f90:5037; omesh_copy inquiry ICC_UNKZ_CC_R@ccib.f90:5035,global-write BC@ccib.f90:5020; global-write EWC@ccib.f90:5021; global-write WC@ccib.f90:5018; prev-step read CCVAR@ccib.f90:5022 (first writer site main.f90:850); prev-step read CELL@ccib.f90:5029 (first writer site main.f90:942); prev-step read CELL_INDEX@ccib.f90:5029 (first writer site main.f90:942),,,POINT_TO_MESH pointer N_EXTERNAL_WALL_CELLS@ccib.f90:5017
exchange/communication,exchange/communication,,DUMP::EXTRAPOLATE_EXTREMA,dump.f90,main.f90:1132,2,EXCHANGE_GLOBAL_OUTPUTS > UPDATE_DEVICES_2 > EXTRAPOLATE_EXTREMA; called by UPDATE_DEVICES_2 (dump.f90:8496),0,0,0,0,no,no,no,no,,0,0,0,no,0,,,,,
exchange/communication,exchange/communication,,DUMP::UPDATE_DEVICES_2,dump.f90,main.f90:1132,1,EXCHANGE_GLOBAL_OUTPUTS > UPDATE_DEVICES_2; called by EXCHANGE_GLOBAL_OUTPUTS (main.f90:4534),0,0,7,0,no,no,no,no,,0,0,0,no,0,,,,,
exchange/communication,output|exchange/communication,,MATH_FUNCTIONS::UPDATE_HISTOGRAM,func.f90,main.f90:1132,2,EXCHANGE_GLOBAL_OUTPUTS > UPDATE_DEVICES_2 > UPDATE_HISTOGRAM; called by UPDATE_DEVICES_2 (dump.f90:8577),0,0,0,0,no,yes,no,no,,0,1,0,no,0,,SAVE IND decl func.f90:743 write func.f90:744,,,
exchange/communication,pressure|particles|exchange/communication|other/shared,,MEMORY_FUNCTIONS::ALLOCATE_STORAGE,func.f90,main.f90:790,1,MESH_EXCHANGE > ALLOCATE_STORAGE; called by MESH_EXCHANGE (main.f90:3890),8,8,2,0,no,no,no,no,,0,0,0,no,6,,,,,
exchange/communication,pressure|particles|output|exchange/communication,,MEMORY_FUNCTIONS::PACK_PARTICLE,func.f90,main.f90:790,1,MESH_EXCHANGE > PACK_PARTICLE; called by MESH_EXCHANGE (main.f90:3892),0,0,2,0,no,no,no,no,,0,0,0,no,0,,,,,
exchange/communication,pressure|particles|output|exchange/communication|other/shared,,MEMORY_FUNCTIONS::PACK_THIN_WALL,func.f90,main.f90:790,1,MESH_EXCHANGE > PACK_THIN_WALL; called by MESH_EXCHANGE (main.f90:3479),0,0,1,0,no,no,no,no,,0,0,0,no,0,,,,,
exchange/communication,pressure|particles|output|exchange/communication|other/shared,,MEMORY_FUNCTIONS::PACK_WALL,func.f90,main.f90:790,1,MESH_EXCHANGE > PACK_WALL; called by MESH_EXCHANGE (main.f90:3467),0,0,1,0,no,no,no,no,,0,0,0,no,0,,,,,
exchange/communication,pressure|particles|exchange/communication,,MEMORY_FUNCTIONS::REALLOCATE_STORAGE_ARRAYS,func.f90,main.f90:790,1,MESH_EXCHANGE > REALLOCATE_STORAGE_ARRAYS; called by MESH_EXCHANGE (main.f90:3870),0,0,0,0,no,no,no,no,,0,0,0,no,0,,,,,
exchange/communication,output|exchange/communication|other/shared,,MEMORY_FUNCTIONS::RE_ALLOCATE_STRINGS,func.f90,main.f90:1132,1,EXCHANGE_GLOBAL_OUTPUTS > RE_ALLOCATE_STRINGS; called by EXCHANGE_GLOBAL_OUTPUTS (main.f90:4573),3,2,0,0,no,no,no,no,,0,0,0,no,0,,,,,
exchange/communication,pressure|exchange/communication|other/shared,,FDS::EXCHANGE_DIAGNOSTICS,main.f90,main.f90:1171,0,EXCHANGE_DIAGNOSTICS,23,23,9,2,yes,no,no,no,all_meshes,0,0,0,no,0,all_meshes write CFL@main.f90:4343; all_meshes write DIVMX@main.f90:4344; all_meshes write DIVMN@main.f90:4345 (+20),,,,
exchange/communication,exchange/communication,,FDS::EXCHANGE_DIVERGENCE_INFO,main.f90,main.f90:845,0,EXCHANGE_DIVERGENCE_INFO,0,0,6,5,yes,yes,no,no,,4,0,0,no,0,exchange routine EXCHANGE_DIVERGENCE_INFO (main.f90:2028),global-write CONNECTED_ZONES@main.f90:2046; global-write DSUM@main.f90:2038; global-write PSUM@main.f90:2039; global-write USUM@main.f90:2040,,,
exchange/communication,exchange/communication,,FDS::EXCHANGE_EXTERNAL,main.f90,main.f90:759,0,EXCHANGE_EXTERNAL,0,0,5,2,yes,yes,no,no,,2,0,0,no,0,exchange routine EXCHANGE_EXTERNAL (main.f90:5022),global-write LOGICAL_BUFFER_EXTERNAL@main.f90:5030; global-write REAL_BUFFER_EXTERNAL@main.f90:5035,,,
exchange/communication,exchange/communication,,FDS::EXCHANGE_GLOBAL_OUTPUTS,main.f90,main.f90:1132,0,EXCHANGE_GLOBAL_OUTPUTS,3,1,23,6,yes,yes,no,no,other_mesh,5,0,0,no,0,other_mesh read N_STRINGS@main.f90:4573; other_mesh read N_STRINGS_MAX@main.f90:4573; other_mesh write N_STRINGS@main.f90:4576 (+2),global-write DEVC_PIPE_OPERATING@main.f90:4420; global-write M@main.f90:4572; global-write STATE_ARRAY@main.f90:4401; global-write TC2_ARRAY@main.f90:4443,,,
exchange/communication,exchange/communication,,FDS::EXCHANGE_HVAC_BC,main.f90,main.f90:828,0,EXCHANGE_HVAC_BC,0,0,4,3,yes,yes,no,no,,2,0,0,no,0,exchange routine EXCHANGE_HVAC_BC (main.f90:4970),global-write NODE_PROPERTIES@main.f90:4979; global-write NODE_ZONE@main.f90:4980,,,
exchange/communication,exchange/communication,,FDS::EXCHANGE_HVAC_SOLUTION,main.f90,main.f90:830,0,EXCHANGE_HVAC_SOLUTION,0,0,11,6,yes,yes,no,no,,5,0,0,no,0,exchange routine EXCHANGE_HVAC_SOLUTION (main.f90:4988),global-write REAL_BUFFER_DUCT@main.f90:4996; global-write DUCT_MF@main.f90:5014; global-write NODE_AREA_EX@main.f90:5007; global-write NODE_TMP_EX@main.f90:5008,,,
exchange/communication,pressure|exchange/communication,,FDS::MESH_EXCHANGE,main.f90,main.f90:790,0,MESH_EXCHANGE,98,50,48,25,yes,yes,no,no,neighbour_omesh|omesh_copy|other_mesh,24,0,17,no,4,omesh_copy read NIC_S@main.f90:3148; omesh_copy read I_MIN_S@main.f90:3153; omesh_copy read I_MAX_S@main.f90:3154 (+147),global-write DEVICE@main.f90:3902; global-write M@main.f90:3141; global-write M2@main.f90:3237; global-write M3@main.f90:3147; prev-step read ANGLE_INC_COUNTER@main.f90:3490 (first writer site main.f90:1034); prev-step read D@main.f90:3303 (first writer site main.f90:818); prev-step read DS@main.f90:3305 (first writer site main.f90:818),,,
exchange/communication,exchange/communication,,FDS::POST_RECEIVES,main.f90,main.f90:802,0,POST_RECEIVES,17,7,31,12,yes,yes,no,no,omesh_copy,11,0,0,no,0,omesh_copy read NIC_R@main.f90:2971; omesh_copy read I_MAX_R@main.f90:2975; omesh_copy read I_MIN_R@main.f90:2975 (+31),global-write M@main.f90:2957; global-write M3@main.f90:2965; global-write N_REQ@main.f90:3033; global-write N_REQ1@main.f90:2998,,,
exchange/communication,pressure|exchange/communication,,FDS::TIMEOUT,main.f90,main.f90:790,1,MESH_EXCHANGE > TIMEOUT; called by MESH_EXCHANGE (main.f90:3629),0,0,5,1,no,no,no,no,,0,0,0,no,0,,,,,
other/shared,predictor|other/shared,,CC_SCALARS::CHECK_CFLVN_LINKED_CELLS,ccib.f90,main.f90:735,1,CHECK_STABILITY > CHECK_CFLVN_LINKED_CELLS; called by CHECK_STABILITY (velo.f90:3149),29,8,10,3,no,yes,no,no,,3,0,16,yes,14,,global-write B1@ccib.f90:1016; global-write BC@ccib.f90:1015; global-write CFA@ccib.f90:1013; prev-step read BOUNDARY_COORD@ccib.f90:1015 (first writer site main.f90:765); prev-step read BOUNDARY_PROP1@ccib.f90:980 (first writer site main.f90:765); prev-step read CCVAR@ccib.f90:867 (first writer site main.f90:850),,,POINT_TO_MESH pointer KBAR@ccib.f90:864
other/shared,pressure|other/shared,,DUMP::TIMINGS,dump.f90,main.f90:758,2,STOP_CHECK > END_FDS > TIMINGS; called by END_FDS (main.f90:1937),0,0,8,0,no,no,no,no,,0,0,0,no,0,,,,,
other/shared,predictor/corrector|pressure|radiation|species_combustion|solid_phase|particles|output|exchange/communication|other/shared,,COMP_FUNCTIONS::CURRENT_TIME,func.f90,main.f90:881,0,CURRENT_TIME,0,0,0,0,no,no,no,no,,0,0,0,no,0,,,,,
other/shared,other/shared,,COMP_FUNCTIONS::FDS_SLEEP,func.f90,main.f90:755,1,READ_EXTERNAL_FILE > FDS_SLEEP; called by READ_EXTERNAL_FILE (func.f90:584),0,0,0,0,no,no,no,no,,0,0,0,no,0,,,,,
other/shared,other/shared,,COMP_FUNCTIONS::READ_EXTERNAL_FILE,func.f90,main.f90:755,0,READ_EXTERNAL_FILE,0,0,8,1,no,yes,no,no,,1,0,0,no,0,,global-write STOP_STATUS@func.f90:580,,,
other/shared,pressure|particles|output|exchange/communication|other/shared,reached from 5 stages,COMP_OPERATORS::EQUATE_INTEGERS,func.f90,main.f90:790,2,MESH_EXCHANGE > PACK_WALL > EQUATE_INTEGERS; called by PACK_WALL (func.f90:4507),0,0,0,0,no,no,no,no,,0,0,0,no,0,,,,,
other/shared,pressure|particles|output|exchange/communication|other/shared,reached from 5 stages,COMP_OPERATORS::EQUATE_INTEGER_VECTORS,func.f90,main.f90:790,2,MESH_EXCHANGE > PACK_WALL > EQUATE_INTEGER_VECTORS; called by PACK_WALL (func.f90:4507),0,0,0,0,no,no,no,no,,0,0,0,no,0,,,,,
other/shared,pressure|particles|output|exchange/communication|other/shared,reached from 5 stages,COMP_OPERATORS::EQUATE_LOGICALS,func.f90,main.f90:790,2,MESH_EXCHANGE > PACK_WALL > EQUATE_LOGICALS; called by PACK_WALL (func.f90:4507),0,0,0,0,no,no,no,no,,0,0,0,no,0,,,,,
other/shared,pressure|particles|output|exchange/communication|other/shared,reached from 5 stages,COMP_OPERATORS::EQUATE_LOGICAL_VECTORS,func.f90,main.f90:790,2,MESH_EXCHANGE > PACK_WALL > EQUATE_LOGICAL_VECTORS; called by PACK_WALL (func.f90:4507),0,0,0,0,no,no,no,no,,0,0,0,no,0,,,,,
other/shared,pressure|particles|output|exchange/communication|other/shared,reached from 5 stages,COMP_OPERATORS::EQUATE_REALS,func.f90,main.f90:790,2,MESH_EXCHANGE > PACK_WALL > EQUATE_REALS; called by PACK_WALL (func.f90:4507),0,0,0,0,no,no,no,no,,0,0,0,no,0,,,,,
other/shared,pressure|particles|output|exchange/communication|other/shared,reached from 5 stages,COMP_OPERATORS::EQUATE_REAL_VECTORS,func.f90,main.f90:790,2,MESH_EXCHANGE > PACK_WALL > EQUATE_REAL_VECTORS; called by PACK_WALL (func.f90:4507),0,0,0,0,no,no,no,no,,0,0,0,no,0,,,,,
other/shared,other/shared,,GEOMETRY_FUNCTIONS::BLOCK_CELL,func.f90,main.f90:942,3,CREATE_OR_REMOVE_OBSTRUCTIONS > OPEN_AND_CLOSE > CREATE_OR_REMOVE_OBST > BLOCK_CELL; called by CREATE_OR_REMOVE_OBST (init.f90:4874),1,1,0,0,no,no,no,no,,0,0,0,no,2,,,,,
other/shared,other/shared,,MATH_FUNCTIONS::GAUSSJ,func.f90,main.f90:829,2,HVAC_CALC > MATRIX_SOLVE > GAUSSJ; called by MATRIX_SOLVE (hvac.f90:1569),0,0,0,0,no,yes,no,no,,0,2,0,no,0,,SAVE ICOL decl func.f90:946 write func.f90:960; SAVE IROW decl func.f90:946 write func.f90:959,,,
other/shared,pressure|particles|exchange/communication|other/shared,reached from 4 stages,MEMORY_FUNCTIONS::ALLOCATE_STORAGE::ALLOCATE_BOUNDARY_COORD_ARRAYS,func.f90,main.f90:790,2,MESH_EXCHANGE > ALLOCATE_STORAGE > ALLOCATE_BOUNDARY_COORD_ARRAYS; called by ALLOCATE_STORAGE (func.f90:3992),4,4,0,0,no,no,no,no,,0,0,0,no,4,,,,,
other/shared,pressure|particles|exchange/communication|other/shared,reached from 4 stages,MEMORY_FUNCTIONS::ALLOCATE_STORAGE::ALLOCATE_BOUNDARY_ONE_D_ARRAYS,func.f90,main.f90:790,2,MESH_EXCHANGE > ALLOCATE_STORAGE > ALLOCATE_BOUNDARY_ONE_D_ARRAYS; called by ALLOCATE_STORAGE (func.f90:3993),4,4,1,0,no,no,no,no,,0,0,0,no,4,,,,,
other/shared,pressure|particles|exchange/communication|other/shared,reached from 4 stages,MEMORY_FUNCTIONS::ALLOCATE_STORAGE::ALLOCATE_BOUNDARY_PROP1_ARRAYS,func.f90,main.f90:790,2,MESH_EXCHANGE > ALLOCATE_STORAGE > ALLOCATE_BOUNDARY_PROP1_ARRAYS; called by ALLOCATE_STORAGE (func.f90:3994),4,4,3,0,no,no,no,no,,0,0,0,no,4,,,,,
other/shared,pressure|particles|exchange/communication|other/shared,reached from 4 stages,MEMORY_FUNCTIONS::ALLOCATE_STORAGE::ALLOCATE_BOUNDARY_PROP2_ARRAYS,func.f90,main.f90:790,2,MESH_EXCHANGE > ALLOCATE_STORAGE > ALLOCATE_BOUNDARY_PROP2_ARRAYS; called by ALLOCATE_STORAGE (func.f90:3995),4,4,2,0,no,no,no,no,,0,0,0,no,4,,,,,
other/shared,pressure|particles|exchange/communication|other/shared,reached from 4 stages,MEMORY_FUNCTIONS::ALLOCATE_STORAGE::ALLOCATE_BOUNDARY_RADIA_ARRAYS,func.f90,main.f90:790,2,MESH_EXCHANGE > ALLOCATE_STORAGE > ALLOCATE_BOUNDARY_RADIA_ARRAYS; called by ALLOCATE_STORAGE (func.f90:3996),4,4,3,0,no,no,no,no,,0,0,0,no,4,,,,,
other/shared,pressure|particles|exchange/communication|other/shared,reached from 4 stages,MEMORY_FUNCTIONS::ALLOCATE_STORAGE::ALLOCATE_BOUNDARY_THR_D_ARRAYS,func.f90,main.f90:790,2,MESH_EXCHANGE > ALLOCATE_STORAGE > ALLOCATE_BOUNDARY_THR_D_ARRAYS; called by ALLOCATE_STORAGE (func.f90:4025),4,4,0,0,no,no,no,no,,0,0,0,no,4,,,,,
other/shared,other/shared,,MEMORY_FUNCTIONS::EXCHANGE_GEOMETRY_INFO,func.f90,main.f90:942,1,CREATE_OR_REMOVE_OBSTRUCTIONS > EXCHANGE_GEOMETRY_INFO; called by CREATE_OR_REMOVE_OBSTRUCTIONS (main.f90:1791),8,3,11,3,yes,yes,yes,no,all_meshes|other_mesh,3,0,0,no,3,other_mesh alloc CELL_INDEX@func.f90:5357; other_mesh read IBP1@func.f90:5357; other_mesh read JBP1@func.f90:5357 (+11),global-write CELL_COUNT@func.f90:5338; global-write CELL_COUNT_INTEGERS@func.f90:5339; global-write CELL_COUNT_LOGICALS@func.f90:5340,MPI_ALLGATHERV(CELL_COUNT)@func.f90:5338; MPI_ALLGATHERV(CELL_COUNT_INTEGERS)@func.f90:5339; MPI_ALLGATHERV(CELL_COUNT_LOGICALS)@func.f90:5340,,
other/shared,pressure|particles|exchange/communication|other/shared,reached from 4 stages,MEMORY_FUNCTIONS::INITIALIZE_BOUNDARY_ONE_D,func.f90,main.f90:790,3,MESH_EXCHANGE > ALLOCATE_STORAGE > ALLOCATE_BOUNDARY_ONE_D_ARRAYS > INITIALIZE_BOUNDARY_ONE_D; called by ALLOCATE_BOUNDARY_ONE_D_ARRAYS (func.f90:4185),1,1,4,0,no,no,no,no,,0,0,0,no,1,,,,,
other/shared,pressure|particles|exchange/communication|other/shared,reached from 4 stages,MEMORY_FUNCTIONS::INITIALIZE_BOUNDARY_PROP1,func.f90,main.f90:790,3,MESH_EXCHANGE > ALLOCATE_STORAGE > ALLOCATE_BOUNDARY_PROP1_ARRAYS > INITIALIZE_BOUNDARY_PROP1; called by ALLOCATE_BOUNDARY_PROP1_ARRAYS (func.f90:4278),2,1,7,0,no,no,no,no,,0,0,0,no,2,,,,,
other/shared,pressure|particles|output|exchange/communication|other/shared,reached from 5 stages,MEMORY_FUNCTIONS::PACK_BOUNDARY_COORD,func.f90,main.f90:790,2,MESH_EXCHANGE > PACK_WALL > PACK_BOUNDARY_COORD; called by PACK_WALL (func.f90:4524),1,0,0,0,no,no,no,no,,0,0,0,no,1,,,,,
other/shared,pressure|particles|output|exchange/communication|other/shared,reached from 5 stages,MEMORY_FUNCTIONS::PACK_BOUNDARY_ONE_D,func.f90,main.f90:790,2,MESH_EXCHANGE > PACK_WALL > PACK_BOUNDARY_ONE_D; called by PACK_WALL (func.f90:4525),1,1,0,0,no,no,no,no,,0,0,0,no,1,,,,,
other/shared,pressure|particles|output|exchange/communication|other/shared,reached from 5 stages,MEMORY_FUNCTIONS::PACK_BOUNDARY_PROP1,func.f90,main.f90:790,2,MESH_EXCHANGE > PACK_WALL > PACK_BOUNDARY_PROP1; called by PACK_WALL (func.f90:4526),1,0,3,0,no,no,no,no,,0,0,0,no,1,,,,,
other/shared,pressure|particles|output|exchange/communication|other/shared,reached from 5 stages,MEMORY_FUNCTIONS::PACK_BOUNDARY_PROP2,func.f90,main.f90:790,2,MESH_EXCHANGE > PACK_WALL > PACK_BOUNDARY_PROP2; called by PACK_WALL (func.f90:4527),1,0,1,0,no,no,no,no,,0,0,0,no,1,,,,,
other/shared,pressure|particles|output|exchange/communication|other/shared,reached from 5 stages,MEMORY_FUNCTIONS::PACK_BOUNDARY_RADIA,func.f90,main.f90:790,2,MESH_EXCHANGE > PACK_WALL > PACK_BOUNDARY_RADIA; called by PACK_WALL (func.f90:4528),1,0,2,0,no,no,no,no,,0,0,0,no,1,,,,,
other/shared,other/shared,,MEMORY_FUNCTIONS::PACK_CELL,func.f90,main.f90:942,2,CREATE_OR_REMOVE_OBSTRUCTIONS > EXCHANGE_GEOMETRY_INFO > PACK_CELL; called by EXCHANGE_GEOMETRY_INFO (func.f90:5345),3,2,1,0,no,no,no,no,,0,0,0,no,3,,,,,
other/shared,pressure|particles|output|exchange/communication|other/shared,reached from 5 stages,MEMORY_FUNCTIONS::REALLOCATE_BOUNDARY_ONE_D,func.f90,main.f90:790,3,MESH_EXCHANGE > PACK_WALL > PACK_BOUNDARY_ONE_D > REALLOCATE_BOUNDARY_ONE_D; called by PACK_BOUNDARY_ONE_D (func.f90:4732),0,0,0,0,no,no,no,no,,0,0,0,no,0,,,,,
other/shared,other/shared,,MEMORY_FUNCTIONS::REALLOCATE_CELL,func.f90,main.f90:942,2,CREATE_OR_REMOVE_OBSTRUCTIONS > EXCHANGE_GEOMETRY_INFO > REALLOCATE_CELL; called by EXCHANGE_GEOMETRY_INFO (func.f90:5358),3,4,0,3,no,yes,no,no,,3,0,0,no,3,,global-write CELL_COUNT@func.f90:3871; global-write CELL_COUNT_INTEGERS@func.f90:3873; global-write CELL_COUNT_LOGICALS@func.f90:3874,,,
other/shared,pressure|solid_phase|particles|exchange/communication|other/shared,reached from 5 stages,PHYSICAL_FUNCTIONS::GET_EMISSIVITY,func.f90,main.f90:838,2,WALL_BC > SOLID_HEAT_TRANSFER > GET_EMISSIVITY; called by SOLID_HEAT_TRANSFER (wall.f90:2143),0,0,1,0,no,no,no,no,,0,0,0,no,0,,,,,
other/shared,radiation|species_combustion|solid_phase|output|other/shared,reached from 5 stages,PHYSICAL_FUNCTIONS::GET_MASS_FRACTION,func.f90,main.f90:1034,2,COMPUTE_RADIATION > RADIATION_FVM > GET_MASS_FRACTION; called by RADIATION_FVM (radi.f90:4068),0,0,2,0,no,no,no,no,,0,0,0,no,0,,,,,
other/shared,other/shared,,HVAC_ROUTINES::ADJUST_LEAKAGE_AREA,hvac.f90,main.f90:829,1,HVAC_CALC > ADJUST_LEAKAGE_AREA; called by HVAC_CALC (hvac.f90:1460),0,0,4,0,no,no,no,no,,0,0,0,no,0,,,,,
other/shared,other/shared,,HVAC_ROUTINES::CALC_COIL_Q,hvac.f90,main.f90:829,2,HVAC_CALC > COIL_UPDATE > CALC_COIL_Q; called by COIL_UPDATE (hvac.f90:3508),0,0,2,0,no,no,no,no,,0,0,0,no,0,,,,,
other/shared,other/shared,,HVAC_ROUTINES::COIL_UPDATE,hvac.f90,main.f90:829,1,HVAC_CALC > COIL_UPDATE; called by HVAC_CALC (hvac.f90:1517),0,0,4,0,no,no,no,no,,0,0,0,no,0,,,,,
other/shared,other/shared,,HVAC_ROUTINES::COIL_UPDATE_QFAN,hvac.f90,main.f90:829,2,HVAC_CALC > HVAC_QFAN_CALC > COIL_UPDATE_QFAN; called by HVAC_QFAN_CALC (hvac.f90:4052),0,0,4,0,no,no,no,no,,0,0,0,no,0,,,,,
other/shared,other/shared,,HVAC_ROUTINES::COLLAPSE_HVAC_BC,hvac.f90,main.f90:829,1,HVAC_CALC > COLLAPSE_HVAC_BC; called by HVAC_CALC (hvac.f90:1430),0,0,25,3,no,yes,no,no,,2,0,0,no,0,,global-write NODE_AREA_EX@hvac.f90:3134; global-write DUCT@hvac.f90:3128,,,
other/shared,other/shared,,HVAC_ROUTINES::COMPUTE_FRICTION_FACTOR,hvac.f90,main.f90:829,2,HVAC_CALC > UPDATE_LOSS > COMPUTE_FRICTION_FACTOR; called by UPDATE_LOSS (hvac.f90:2899),0,0,0,0,no,no,no,no,,0,0,0,no,0,,,,,
other/shared,other/shared,,HVAC_ROUTINES::CONVERGENCE_CHECK,hvac.f90,main.f90:829,1,HVAC_CALC > CONVERGENCE_CHECK; called by HVAC_CALC (hvac.f90:1524),0,0,3,0,no,no,no,no,,0,0,0,no,0,,,,,
other/shared,other/shared,,HVAC_ROUTINES::CONVERGENCE_CHECK_QFAN,hvac.f90,main.f90:829,2,HVAC_CALC > HVAC_QFAN_CALC > CONVERGENCE_CHECK_QFAN; called by HVAC_QFAN_CALC (hvac.f90:4059),0,0,2,0,no,no,no,no,,0,0,0,no,0,,,,,
other/shared,other/shared,,HVAC_ROUTINES::DETERMINE_FIXED_ELEMENTS,hvac.f90,main.f90:829,2,HVAC_CALC > FIND_NETWORKS > DETERMINE_FIXED_ELEMENTS; called by FIND_NETWORKS (hvac.f90:2695),0,0,10,1,no,yes,no,no,,1,0,0,no,0,,global-write DUCT@hvac.f90:2558,,,
other/shared,other/shared,,HVAC_ROUTINES::DPSTARCALC,hvac.f90,main.f90:829,1,HVAC_CALC > DPSTARCALC; called by HVAC_CALC (hvac.f90:1487),0,0,6,0,no,no,no,no,,0,0,0,no,0,,,,,
other/shared,other/shared,,HVAC_ROUTINES::FAN_MAX,hvac.f90,main.f90:829,3,HVAC_CALC > HVAC_QFAN_CALC > QFAN_SIMPLE > FAN_MAX; called by QFAN_SIMPLE (hvac.f90:4122),0,0,3,0,no,no,no,no,,0,0,0,no,0,,,,,
other/shared,other/shared,,HVAC_ROUTINES::FILTER_UPDATE,hvac.f90,main.f90:829,2,HVAC_CALC > UPDATE_LOSS > FILTER_UPDATE; called by UPDATE_LOSS (hvac.f90:2815),0,0,3,0,no,no,no,no,,0,0,0,no,0,,,,,
other/shared,other/shared,,HVAC_ROUTINES::FIND_DUCTRUNS,hvac.f90,main.f90:829,1,HVAC_CALC > FIND_DUCTRUNS; called by HVAC_CALC (hvac.f90:1461),0,0,11,2,no,yes,no,no,,2,0,0,no,0,,global-write DUCT@hvac.f90:4159; global-write DUCTNODE@hvac.f90:4274,,,
other/shared,other/shared,,HVAC_ROUTINES::FIND_NETWORKS,hvac.f90,main.f90:829,1,HVAC_CALC > FIND_NETWORKS; called by HVAC_CALC (hvac.f90:1459),0,0,7,2,no,yes,no,no,,2,0,0,no,0,,global-write NETWORK@hvac.f90:2699; global-write P_ZONE@hvac.f90:2736,,,
other/shared,other/shared,,HVAC_ROUTINES::HVAC_BC_IN,hvac.f90,main.f90:822,0,HVAC_BC_IN,20,0,3,1,no,no,no,no,,0,0,0,yes,7,,,,,POINT_TO_MESH pointer PBAR@hvac.f90:2325
other/shared,other/shared,,HVAC_ROUTINES::HVAC_BC_IN::INITIALIZE_HVAC,hvac.f90,main.f90:822,1,HVAC_BC_IN > INITIALIZE_HVAC; called by HVAC_BC_IN (hvac.f90:2351),30,0,18,10,no,yes,no,no,,10,0,3,yes,9,,global-write NODE_AREA@hvac.f90:2415; global-write NODE_H@hvac.f90:2421; global-write NODE_P@hvac.f90:2458; global-write NODE_RHO@hvac.f90:2416; prev-step read CELL@hvac.f90:2376 (first writer site main.f90:942); prev-step read CELL_INDEX@hvac.f90:2376 (first writer site main.f90:942); prev-step read VENTS@hvac.f90:2378 (first writer site main.f90:919),,,POINT_TO_MESH pointer CELL@hvac.f90:2376
other/shared,other/shared,,HVAC_ROUTINES::HVAC_CALC,hvac.f90,main.f90:829,0,HVAC_CALC,0,0,11,6,no,yes,no,no,,5,1,0,no,0,,global-write DUCT_MF@hvac.f90:1427; global-write LHS@hvac.f90:1499; global-write RHS@hvac.f90:1500; global-write DUCT@hvac.f90:1419; SAVE INITIALIZED_HVAC_MASS_TRANSPORT decl hvac.f90:1405 write hvac.f90:1432,,,
other/shared,other/shared,,HVAC_ROUTINES::HVAC_QFAN_CALC,hvac.f90,main.f90:829,1,HVAC_CALC > HVAC_QFAN_CALC; called by HVAC_CALC (hvac.f90:1491),0,0,2,2,no,yes,no,no,,2,0,0,no,0,,global-write LHS@hvac.f90:4050; global-write RHS@hvac.f90:4051,,,
other/shared,other/shared,,HVAC_ROUTINES::HVAC_UPDATE,hvac.f90,main.f90:829,1,HVAC_CALC > HVAC_UPDATE; called by HVAC_CALC (hvac.f90:1523),0,0,10,4,no,yes,no,no,,4,0,0,no,0,,global-write DUCT_MF@hvac.f90:1671; global-write NODE_TMP_EX@hvac.f90:1615; global-write NODE_ZZ_EX@hvac.f90:1616; global-write DUCTNODE@hvac.f90:1613,,,
other/shared,other/shared,,HVAC_ROUTINES::HVAC_UPDATE_QFAN,hvac.f90,main.f90:829,2,HVAC_CALC > HVAC_QFAN_CALC > HVAC_UPDATE_QFAN; called by HVAC_QFAN_CALC (hvac.f90:4061),0,0,5,0,no,no,no,no,,0,0,0,no,0,,,,,
other/shared,other/shared,,HVAC_ROUTINES::LHSDUCT,hvac.f90,main.f90:829,1,HVAC_CALC > LHSDUCT; called by HVAC_CALC (hvac.f90:1521),0,0,8,1,no,yes,no,no,,1,0,0,no,0,,global-write LHS@hvac.f90:2106,,,
other/shared,other/shared,,HVAC_ROUTINES::LHSDUCT_QFAN,hvac.f90,main.f90:829,2,HVAC_CALC > HVAC_QFAN_CALC > LHSDUCT_QFAN; called by HVAC_QFAN_CALC (hvac.f90:4057),0,0,5,1,no,yes,no,no,,1,0,0,no,0,,global-write LHS@hvac.f90:4547,,,
other/shared,other/shared,,HVAC_ROUTINES::LHSNODE,hvac.f90,main.f90:829,1,HVAC_CALC > LHSNODE; called by HVAC_CALC (hvac.f90:1520),0,0,4,1,no,yes,no,no,,1,0,0,no,0,,global-write LHS@hvac.f90:1976,,,
other/shared,other/shared,,HVAC_ROUTINES::LHSNODE_QFAN,hvac.f90,main.f90:829,2,HVAC_CALC > HVAC_QFAN_CALC > LHSNODE_QFAN; called by HVAC_QFAN_CALC (hvac.f90:4056),0,0,2,1,no,yes,no,no,,1,0,0,no,0,,global-write LHS@hvac.f90:4463,,,
other/shared,other/shared,,HVAC_ROUTINES::MATRIX_SOLVE,hvac.f90,main.f90:829,1,HVAC_CALC > MATRIX_SOLVE; called by HVAC_CALC (hvac.f90:1522),0,0,6,1,no,yes,no,no,,1,0,0,no,0,,global-write RHS@hvac.f90:1570,,,
other/shared,other/shared,,HVAC_ROUTINES::MATRIX_SOLVE_QFAN,hvac.f90,main.f90:829,2,HVAC_CALC > HVAC_QFAN_CALC > MATRIX_SOLVE_QFAN; called by HVAC_QFAN_CALC (hvac.f90:4058),0,0,2,1,no,yes,no,no,,1,0,0,no,0,,global-write RHS@hvac.f90:4411,,,
other/shared,other/shared,,HVAC_ROUTINES::QFAN_SIMPLE,hvac.f90,main.f90:829,2,HVAC_CALC > HVAC_QFAN_CALC > QFAN_SIMPLE; called by HVAC_QFAN_CALC (hvac.f90:4039),0,0,2,0,no,no,no,no,,0,0,0,no,0,,,,,
other/shared,other/shared,,HVAC_ROUTINES::RHSDUCT,hvac.f90,main.f90:829,1,HVAC_CALC > RHSDUCT; called by HVAC_CALC (hvac.f90:1519),0,0,8,1,no,yes,no,no,,1,0,0,no,0,,global-write RHS@hvac.f90:2083,,,
other/shared,other/shared,,HVAC_ROUTINES::RHSDUCT_QFAN,hvac.f90,main.f90:829,2,HVAC_CALC > HVAC_QFAN_CALC > RHSDUCT_QFAN; called by HVAC_QFAN_CALC (hvac.f90:4055),0,0,6,1,no,yes,no,no,,1,0,0,no,0,,global-write RHS@hvac.f90:4523,,,
other/shared,other/shared,,HVAC_ROUTINES::RHSNODE,hvac.f90,main.f90:829,1,HVAC_CALC > RHSNODE; called by HVAC_CALC (hvac.f90:1518),0,0,5,1,no,yes,no,no,,1,0,0,no,0,,global-write RHS@hvac.f90:1947,,,
other/shared,other/shared,,HVAC_ROUTINES::RHSNODE_QFAN,hvac.f90,main.f90:829,2,HVAC_CALC > HVAC_QFAN_CALC > RHSNODE_QFAN; called by HVAC_QFAN_CALC (hvac.f90:4054),0,0,3,1,no,yes,no,no,,1,0,0,no,0,,global-write RHS@hvac.f90:4437,,,
other/shared,other/shared,,HVAC_ROUTINES::SETUP_SOLUTION_POINTERS,hvac.f90,main.f90:829,2,HVAC_CALC > FIND_NETWORKS > SETUP_SOLUTION_POINTERS; called by FIND_NETWORKS (hvac.f90:2750),0,0,4,0,no,no,no,no,,0,0,0,no,0,,,,,
other/shared,other/shared,,HVAC_ROUTINES::SET_DONOR,hvac.f90,main.f90:829,1,HVAC_CALC > SET_DONOR; called by HVAC_CALC (hvac.f90:1515),0,0,3,0,no,no,no,no,,0,0,0,no,0,,,,,
other/shared,other/shared,,HVAC_ROUTINES::SET_DONOR_QFAN,hvac.f90,main.f90:829,2,HVAC_CALC > HVAC_QFAN_CALC > SET_DONOR_QFAN; called by HVAC_QFAN_CALC (hvac.f90:4028),0,0,2,0,no,no,no,no,,0,0,0,no,0,,,,,
other/shared,other/shared,,HVAC_ROUTINES::SET_GUESS,hvac.f90,main.f90:829,1,HVAC_CALC > SET_GUESS; called by HVAC_CALC (hvac.f90:1514),0,0,2,0,no,no,no,no,,0,0,0,no,0,,,,,
other/shared,other/shared,,HVAC_ROUTINES::SET_GUESS_QFAN,hvac.f90,main.f90:829,2,HVAC_CALC > HVAC_QFAN_CALC > SET_GUESS_QFAN; called by HVAC_QFAN_CALC (hvac.f90:4060),0,0,0,0,no,no,no,no,,0,0,0,no,0,,,,,
other/shared,other/shared,,HVAC_ROUTINES::SET_INIT_HVAC_MASS_TRANSPORT,hvac.f90,main.f90:829,1,HVAC_CALC > SET_INIT_HVAC_MASS_TRANSPORT; called by HVAC_CALC (hvac.f90:1431),0,0,5,0,no,no,no,no,,0,0,0,no,0,,,,,
other/shared,other/shared,,HVAC_ROUTINES::UPDATE_FAN,hvac.f90,main.f90:829,2,HVAC_CALC > SET_GUESS > UPDATE_FAN; called by SET_GUESS (hvac.f90:2957),0,0,4,0,no,no,no,no,,0,0,0,no,0,,,,,
other/shared,other/shared,,HVAC_ROUTINES::UPDATE_HVAC_MASS_TRANSPORT,hvac.f90,main.f90:829,2,HVAC_CALC > HVAC_UPDATE > UPDATE_HVAC_MASS_TRANSPORT; called by HVAC_UPDATE (hvac.f90:1797),0,0,3,0,no,no,no,no,,0,0,0,no,0,,,,,
other/shared,other/shared,,HVAC_ROUTINES::UPDATE_LOSS,hvac.f90,main.f90:829,1,HVAC_CALC > UPDATE_LOSS; called by HVAC_CALC (hvac.f90:1516),0,0,6,1,no,yes,no,no,,1,0,0,no,0,,global-write DUCT@hvac.f90:2806,,,
other/shared,other/shared,,HVAC_ROUTINES::UPDATE_LOSS_QFAN,hvac.f90,main.f90:829,2,HVAC_CALC > HVAC_QFAN_CALC > UPDATE_LOSS_QFAN; called by HVAC_QFAN_CALC (hvac.f90:4037),0,0,5,0,no,no,no,no,,0,0,0,no,0,,,,,
other/shared,other/shared,,INIT::CREATE_OR_REMOVE_OBST,init.f90,main.f90:942,2,CREATE_OR_REMOVE_OBSTRUCTIONS > OPEN_AND_CLOSE > CREATE_OR_REMOVE_OBST; called by OPEN_AND_CLOSE (init.f90:4698),5,7,3,1,no,yes,no,no,,1,0,0,yes,1,,global-write OBST_CREATED_OR_REMOVED@init.f90:4864,,,POINT_TO_MESH pointer OBSTRUCTION@init.f90:4869
other/shared,other/shared,,INIT::INIT_WALL_CELL,init.f90,main.f90:942,3,CREATE_OR_REMOVE_OBSTRUCTIONS > REASSIGN_WALL_CELLS > GET_BOUNDARY_TYPE > INIT_WALL_CELL; called by GET_BOUNDARY_TYPE (init.f90:5130),24,6,14,2,yes,yes,no,yes,other_mesh,2,0,0,no,8,other_mesh read DX@init.f90:3194; other_mesh read X@init.f90:3195; other_mesh read DY@init.f90:3197 (+8),global-write EXCHANGE_OBST_MASS@init.f90:3270; global-write STOP_STATUS@init.f90:3186,,implicit_ratio_limit(stretch_aware=yes)@init.f90:3161,
other/shared,other/shared,,INIT::OPEN_AND_CLOSE,init.f90,main.f90:942,1,CREATE_OR_REMOVE_OBSTRUCTIONS > OPEN_AND_CLOSE; called by CREATE_OR_REMOVE_OBSTRUCTIONS (main.f90:1785),12,5,5,1,no,no,no,no,,0,0,0,yes,9,,,,,POINT_TO_MESH pointer N_OBST@init.f90:4533
other/shared,other/shared,,INIT::REASSIGN_WALL_CELLS,init.f90,main.f90:942,1,CREATE_OR_REMOVE_OBSTRUCTIONS > REASSIGN_WALL_CELLS; called by CREATE_OR_REMOVE_OBSTRUCTIONS (main.f90:1793),11,1,1,1,yes,no,no,no,other_mesh,0,0,0,yes,6,other_mesh read CELL@init.f90:4927; other_mesh read CELL_INDEX@init.f90:4927; other_mesh ptr_bind (whole)@init.f90:4923,,,,POINT_TO_MESH pointer N_EXTERNAL_WALL_CELLS@init.f90:4917
other/shared,other/shared,,INIT::REASSIGN_WALL_CELLS::GET_BOUNDARY_TYPE,init.f90,main.f90:942,2,CREATE_OR_REMOVE_OBSTRUCTIONS > REASSIGN_WALL_CELLS > GET_BOUNDARY_TYPE; called by REASSIGN_WALL_CELLS (init.f90:4934),11,6,4,0,yes,no,no,no,omesh_copy|other_mesh,0,0,0,yes,7,other_mesh read CELL_INDEX@init.f90:5167; other_mesh read CELL@init.f90:5168; other_mesh arg CELL@init.f90:5178 (+6),,,,POINT_TO_MESH pointer N_EXTERNAL_WALL_CELLS@init.f90:5074
other/shared,other/shared,,INIT::REASSIGN_WALL_CELLS::REDEFINE_EDGE,init.f90,main.f90:942,2,CREATE_OR_REMOVE_OBSTRUCTIONS > REASSIGN_WALL_CELLS > REDEFINE_EDGE; called by REASSIGN_WALL_CELLS (init.f90:5029),2,0,0,0,no,no,no,no,,0,0,0,yes,2,,,,,POINT_TO_MESH pointer CELL@init.f90:5219
other/shared,other/shared,,INIT::SET_DENSITY_AND_MASS_FRACTIONS_AT_WALL,init.f90,main.f90:942,3,CREATE_OR_REMOVE_OBSTRUCTIONS > REASSIGN_WALL_CELLS > GET_BOUNDARY_TYPE > SET_DENSITY_AND_MASS_FRACTIONS_AT_WALL; called by GET_BOUNDARY_TYPE (init.f90:5131),16,6,14,2,no,yes,no,no,,2,0,0,no,8,,global-write TGA_MESH_INDEX@init.f90:3567; global-write TGA_WALL_INDEX@init.f90:3566,,,
other/shared,other/shared,,FDS::CREATE_OR_REMOVE_OBSTRUCTIONS,main.f90,main.f90:942,0,CREATE_OR_REMOVE_OBSTRUCTIONS,0,0,6,2,no,yes,no,no,,2,0,0,no,0,,global-write OBST_CREATED_OR_REMOVED@main.f90:1788; global-write UPDATE_ALL_ANGLES@main.f90:1795,,,
other/shared,pressure|other/shared,,FDS::END_FDS,main.f90,main.f90:758,1,STOP_CHECK > END_FDS; called by STOP_CHECK (main.f90:1918),0,0,30,10,no,yes,no,no,,9,0,0,no,0,,global-write REQ1@main.f90:1982; global-write REQ14@main.f90:1989; global-write REQ15@main.f90:1991; global-write REQ2@main.f90:1983,,,
other/shared,pressure|other/shared,,FDS::STOP_CHECK,main.f90,main.f90:758,0,STOP_CHECK,0,0,10,3,no,yes,no,no,,2,0,0,no,0,,global-write DIAGNOSTICS@main.f90:1911; global-write STOP_STATUS@main.f90:1903,,,
other/shared,predictor/corrector|pressure|radiation|species_combustion|solid_phase|particles|output|exchange/communication|other/shared,,MESH_POINTERS::POINT_TO_MESH,mesh.f90,main.f90:734,0,POINT_TO_MESH,402,0,0,0,yes,yes,no,no,omesh_copy,0,0,262,no,69,omesh_copy ptr_bind (whole)@mesh.f90:833,prev-step read ADV_FX@mesh.f90:575 (first writer site main.f90:780); prev-step read ADV_FY@mesh.f90:576 (first writer site main.f90:780); prev-step read ADV_FZ@mesh.f90:577 (first writer site main.f90:780),,,
other/shared,predictor|other/shared,,VELO::CHECK_STABILITY,velo.f90,main.f90:735,0,CHECK_STABILITY,31,11,24,2,no,yes,no,no,,1,0,15,yes,6,,global-write CHANGE_TIME_STEP_INDEX@velo.f90:3180; prev-step read BOUNDARY_COORD@velo.f90:3096 (first writer site main.f90:765); prev-step read BOUNDARY_PROP1@velo.f90:3097 (first writer site main.f90:765); prev-step read CELL@velo.f90:3062 (first writer site main.f90:942),,,POINT_TO_MESH pointer VN@velo.f90:3048
