stage,routine,file,variable,kind,owner,category,access,citation,crosses_meshes,hidden_state,global_reduction,uniform_grid_assumption,note
predictor/corrector,CC_SCALARS::ADD_CUTCELL_D_PBAR_DT,ccib.f90,CC,module_global,CC_SCALARS,pointer,RW,ccib.f90:691,no,yes,no,no,
predictor/corrector,CC_SCALARS::ADD_CUTCELL_D_PBAR_DT,ccib.f90,P_0_CV,module_global,CC_SCALARS,runtime_array,R,ccib.f90:695,no,yes,no,no,
predictor/corrector,CC_SCALARS::ADD_CUTCELL_D_PBAR_DT,ccib.f90,UNKZ_IND,module_global,CC_SCALARS,runtime_array,R,ccib.f90:695,no,yes,no,no,
predictor/corrector,CC_SCALARS::ADD_CUTCELL_D_PBAR_DT,ccib.f90,NM_START,module_global,COMPLEX_GEOMETRY,runtime_scalar,R,ccib.f90:695,no,yes,no,no,
predictor/corrector,CC_SCALARS::ADD_CUTCELL_D_PBAR_DT,ccib.f90,PREDICTOR,module_global,GLOBAL_CONSTANTS,runtime_scalar,R,ccib.f90:693,no,yes,no,no,
predictor/corrector,CC_SCALARS::ADD_CUTCELL_D_PBAR_DT,ccib.f90,CCVAR,mesh_field,MESH_TYPE,wall_obst_cutcell,RW,ccib.f90:691,no,yes,no,no,via=alias:CC|ptr
predictor/corrector,CC_SCALARS::ADD_CUTCELL_D_PBAR_DT,ccib.f90,CUT_CELL,mesh_field,MESH_TYPE,wall_obst_cutcell,RW,ccib.f90:691,no,yes,no,no,via=alias:CC|ptr
predictor/corrector,CC_SCALARS::ADD_CUTCELL_D_PBAR_DT,ccib.f90,P_0,mesh_field,MESH_TYPE,pressure_solver,R,ccib.f90:695,no,yes,no,no,via=ptr
predictor/corrector,CC_SCALARS::ADD_CUTCELL_PSUM,ccib.f90,CC,module_global,CC_SCALARS,pointer,RW,ccib.f90:736,no,yes,no,no,
predictor/corrector,CC_SCALARS::ADD_CUTCELL_PSUM,ccib.f90,P_0_CV,module_global,CC_SCALARS,runtime_array,R,ccib.f90:738,no,yes,no,no,
predictor/corrector,CC_SCALARS::ADD_CUTCELL_PSUM,ccib.f90,UNKZ_IND,module_global,CC_SCALARS,runtime_array,R,ccib.f90:738,no,yes,no,no,
predictor/corrector,CC_SCALARS::ADD_CUTCELL_PSUM,ccib.f90,NM_START,module_global,COMPLEX_GEOMETRY,runtime_scalar,R,ccib.f90:738,no,yes,no,no,
predictor/corrector,CC_SCALARS::ADD_CUTCELL_PSUM,ccib.f90,CCVAR,mesh_field,MESH_TYPE,wall_obst_cutcell,R,ccib.f90:736,no,yes,no,no,via=alias:CC|ptr
predictor/corrector,CC_SCALARS::ADD_CUTCELL_PSUM,ccib.f90,CUT_CELL,mesh_field,MESH_TYPE,wall_obst_cutcell,R,ccib.f90:736,no,yes,no,no,via=alias:CC|ptr
predictor/corrector,CC_SCALARS::ADD_CUTCELL_PSUM,ccib.f90,P_0,mesh_field,MESH_TYPE,pressure_solver,R,ccib.f90:738,no,yes,no,no,via=ptr
predictor/corrector,CC_SCALARS::ADD_LINKEDCELL_D_PBAR_DT,ccib.f90,P_0_CV,module_global,CC_SCALARS,runtime_array,R,ccib.f90:673,no,no,no,no,
predictor/corrector,CC_SCALARS::ADD_LINKEDCELL_D_PBAR_DT,ccib.f90,UNKZ_IND,module_global,CC_SCALARS,runtime_array,R,ccib.f90:673,no,no,no,no,
predictor/corrector,CC_SCALARS::ADD_LINKEDCELL_D_PBAR_DT,ccib.f90,NM_START,module_global,COMPLEX_GEOMETRY,runtime_scalar,R,ccib.f90:673,no,no,no,no,
predictor/corrector,CC_SCALARS::ADD_LINKEDCELL_D_PBAR_DT,ccib.f90,CCVAR,mesh_field,MESH_TYPE,wall_obst_cutcell,R,ccib.f90:673,no,no,no,no,via=ptr
predictor/corrector,CC_SCALARS::ADD_LINKEDCELL_D_PBAR_DT,ccib.f90,P_0,mesh_field,MESH_TYPE,pressure_solver,R,ccib.f90:673,no,no,no,no,via=ptr
predictor/corrector,CC_SCALARS::ADD_LINKEDCELL_PSUM,ccib.f90,P_0_CV,module_global,CC_SCALARS,runtime_array,R,ccib.f90:718,no,yes,no,no,
predictor/corrector,CC_SCALARS::ADD_LINKEDCELL_PSUM,ccib.f90,UNKZ_IND,module_global,CC_SCALARS,runtime_array,R,ccib.f90:718,no,yes,no,no,
predictor/corrector,CC_SCALARS::ADD_LINKEDCELL_PSUM,ccib.f90,NM_START,module_global,COMPLEX_GEOMETRY,runtime_scalar,R,ccib.f90:718,no,yes,no,no,
predictor/corrector,CC_SCALARS::ADD_LINKEDCELL_PSUM,ccib.f90,CCVAR,mesh_field,MESH_TYPE,wall_obst_cutcell,R,ccib.f90:718,no,yes,no,no,via=ptr
predictor/corrector,CC_SCALARS::ADD_LINKEDCELL_PSUM,ccib.f90,P_0,mesh_field,MESH_TYPE,pressure_solver,R,ccib.f90:718,no,yes,no,no,via=ptr
predictor/corrector,CC_SCALARS::CC_CHECK_DIVERGENCE,ccib.f90,GET_CUTCELLS_VERBOSE,module_global,GLOBAL_CONSTANTS,runtime_scalar,R,ccib.f90:16444,no,yes,yes,no,
predictor/corrector,CC_SCALARS::CC_CHECK_DIVERGENCE,ccib.f90,ICYC,module_global,GLOBAL_CONSTANTS,runtime_scalar,R,ccib.f90:16489,no,yes,yes,no,
predictor/corrector,CC_SCALARS::CC_CHECK_DIVERGENCE,ccib.f90,LOWER_MESH_INDEX,module_global,GLOBAL_CONSTANTS,runtime_scalar,R,ccib.f90:16289,no,yes,yes,no,
predictor/corrector,CC_SCALARS::CC_CHECK_DIVERGENCE,ccib.f90,LU_ERR,module_global,GLOBAL_CONSTANTS,runtime_scalar,R,ccib.f90:16488,no,yes,yes,no,
predictor/corrector,CC_SCALARS::CC_CHECK_DIVERGENCE,ccib.f90,MY_RANK,module_global,GLOBAL_CONSTANTS,runtime_scalar,R,ccib.f90:16487,no,yes,yes,no,
predictor/corrector,CC_SCALARS::CC_CHECK_DIVERGENCE,ccib.f90,NMESHES,module_global,GLOBAL_CONSTANTS,runtime_scalar,R,ccib.f90:16265,no,yes,yes,no,
predictor/corrector,CC_SCALARS::CC_CHECK_DIVERGENCE,ccib.f90,N_MPI_PROCESSES,module_global,GLOBAL_CONSTANTS,runtime_scalar,R,ccib.f90:16445,no,yes,yes,no,
predictor/corrector,CC_SCALARS::CC_CHECK_DIVERGENCE,ccib.f90,STORE_CARTESIAN_DIVERGENCE,module_global,GLOBAL_CONSTANTS,runtime_scalar,R,ccib.f90:16414,no,yes,yes,no,
predictor/corrector,CC_SCALARS::CC_CHECK_DIVERGENCE,ccib.f90,STORE_CUTCELL_DIVERGENCE,module_global,GLOBAL_CONSTANTS,runtime_scalar,R,ccib.f90:16271,no,yes,yes,no,
predictor/corrector,CC_SCALARS::CC_CHECK_DIVERGENCE,ccib.f90,UPPER_MESH_INDEX,module_global,GLOBAL_CONSTANTS,runtime_scalar,R,ccib.f90:16289,no,yes,yes,no,
predictor/corrector,CC_SCALARS::CC_CHECK_DIVERGENCE,ccib.f90,CARTVELDIV,mesh_field,MESH_TYPE,other,W,ccib.f90:16418,no,yes,yes,no,via=ptr
predictor/corrector,CC_SCALARS::CC_CHECK_DIVERGENCE,ccib.f90,CCVAR,mesh_field,MESH_TYPE,wall_obst_cutcell,R,ccib.f90:16318,no,yes,yes,no,via=ptr
predictor/corrector,CC_SCALARS::CC_CHECK_DIVERGENCE,ccib.f90,CCVELDIV,mesh_field,MESH_TYPE,other,W,ccib.f90:16271,no,yes,yes,no,via=ptr
predictor/corrector,CC_SCALARS::CC_CHECK_DIVERGENCE,ccib.f90,CELL,mesh_field,MESH_TYPE,wall_obst_cutcell,R,ccib.f90:16319,no,yes,yes,no,via=ptr
predictor/corrector,CC_SCALARS::CC_CHECK_DIVERGENCE,ccib.f90,CELL_INDEX,mesh_field,MESH_TYPE,wall_obst_cutcell,R,ccib.f90:16319,no,yes,yes,no,via=ptr
predictor/corrector,CC_SCALARS::CC_CHECK_DIVERGENCE,ccib.f90,CUT_CELL,mesh_field,MESH_TYPE,wall_obst_cutcell,R,ccib.f90:16357,no,yes,yes,no,via=ptr
predictor/corrector,CC_SCALARS::CC_CHECK_DIVERGENCE,ccib.f90,D,mesh_field,MESH_TYPE,cell_centred_solution,R,ccib.f90:16309,no,yes,yes,no,via=alias:DP|ptr
predictor/corrector,CC_SCALARS::CC_CHECK_DIVERGENCE,ccib.f90,DIVMN,mesh_field,MESH_TYPE,other,W,ccib.f90:16430,no,yes,yes,no,via=ptr
predictor/corrector,CC_SCALARS::CC_CHECK_DIVERGENCE,ccib.f90,DIVMX,mesh_field,MESH_TYPE,other,W,ccib.f90:16435,no,yes,yes,no,via=ptr
predictor/corrector,CC_SCALARS::CC_CHECK_DIVERGENCE,ccib.f90,DS,mesh_field,MESH_TYPE,cell_centred_solution,R,ccib.f90:16302,no,yes,yes,no,via=ptr
predictor/corrector,CC_SCALARS::CC_CHECK_DIVERGENCE,ccib.f90,DX,mesh_field,MESH_TYPE,grid_geometry,R,ccib.f90:16328,no,yes,yes,no,via=ptr
predictor/corrector,CC_SCALARS::CC_CHECK_DIVERGENCE,ccib.f90,DY,mesh_field,MESH_TYPE,grid_geometry,R,ccib.f90:16328,no,yes,yes,no,via=ptr
predictor/corrector,CC_SCALARS::CC_CHECK_DIVERGENCE,ccib.f90,DZ,mesh_field,MESH_TYPE,grid_geometry,R,ccib.f90:16328,no,yes,yes,no,via=ptr
predictor/corrector,CC_SCALARS::CC_CHECK_DIVERGENCE,ccib.f90,D_PBAR_DT,mesh_field,MESH_TYPE,pressure_solver,R,ccib.f90:16310,no,yes,yes,no,via=ptr
predictor/corrector,CC_SCALARS::CC_CHECK_DIVERGENCE,ccib.f90,D_PBAR_DT_S,mesh_field,MESH_TYPE,pressure_solver,R,ccib.f90:16303,no,yes,yes,no,via=ptr
predictor/corrector,CC_SCALARS::CC_CHECK_DIVERGENCE,ccib.f90,IBAR,mesh_field,MESH_TYPE,grid_geometry,R,ccib.f90:16317,no,yes,yes,no,via=ptr
predictor/corrector,CC_SCALARS::CC_CHECK_DIVERGENCE,ccib.f90,IMN,mesh_field,MESH_TYPE,other,W,ccib.f90:16431,no,yes,yes,no,via=ptr
predictor/corrector,CC_SCALARS::CC_CHECK_DIVERGENCE,ccib.f90,IMX,mesh_field,MESH_TYPE,other,W,ccib.f90:16436,no,yes,yes,no,via=ptr
predictor/corrector,CC_SCALARS::CC_CHECK_DIVERGENCE,ccib.f90,IRM,mesh_field,MESH_TYPE,other,W,ccib.f90:16426,no,yes,yes,no,via=ptr
predictor/corrector,CC_SCALARS::CC_CHECK_DIVERGENCE,ccib.f90,JBAR,mesh_field,MESH_TYPE,grid_geometry,R,ccib.f90:16316,no,yes,yes,no,via=ptr
predictor/corrector,CC_SCALARS::CC_CHECK_DIVERGENCE,ccib.f90,JMN,mesh_field,MESH_TYPE,other,W,ccib.f90:16432,no,yes,yes,no,via=ptr
predictor/corrector,CC_SCALARS::CC_CHECK_DIVERGENCE,ccib.f90,JMX,mesh_field,MESH_TYPE,other,W,ccib.f90:16437,no,yes,yes,no,via=ptr
predictor/corrector,CC_SCALARS::CC_CHECK_DIVERGENCE,ccib.f90,JRM,mesh_field,MESH_TYPE,other,W,ccib.f90:16427,no,yes,yes,no,via=ptr
predictor/corrector,CC_SCALARS::CC_CHECK_DIVERGENCE,ccib.f90,KBAR,mesh_field,MESH_TYPE,grid_geometry,R,ccib.f90:16315,no,yes,yes,no,via=ptr
predictor/corrector,CC_SCALARS::CC_CHECK_DIVERGENCE,ccib.f90,KMN,mesh_field,MESH_TYPE,other,W,ccib.f90:16433,no,yes,yes,no,via=ptr
predictor/corrector,CC_SCALARS::CC_CHECK_DIVERGENCE,ccib.f90,KMX,mesh_field,MESH_TYPE,other,W,ccib.f90:16438,no,yes,yes,no,via=ptr
predictor/corrector,CC_SCALARS::CC_CHECK_DIVERGENCE,ccib.f90,KRM,mesh_field,MESH_TYPE,other,W,ccib.f90:16428,no,yes,yes,no,via=ptr
predictor/corrector,CC_SCALARS::CC_CHECK_DIVERGENCE,ccib.f90,N_CUTCELL_MESH,mesh_field,MESH_TYPE,wall_obst_cutcell,R,ccib.f90:16356,no,yes,yes,no,via=MESHES
predictor/corrector,CC_SCALARS::CC_CHECK_DIVERGENCE,ccib.f90,PRESSURE_ZONE,mesh_field,MESH_TYPE,pressure_solver,R,ccib.f90:16362,no,yes,yes,no,via=ptr
predictor/corrector,CC_SCALARS::CC_CHECK_DIVERGENCE,ccib.f90,RDX,mesh_field,MESH_TYPE,grid_geometry,R,ccib.f90:16321,no,yes,yes,no,via=ptr
predictor/corrector,CC_SCALARS::CC_CHECK_DIVERGENCE,ccib.f90,RDY,mesh_field,MESH_TYPE,grid_geometry,R,ccib.f90:16322,no,yes,yes,no,via=ptr
predictor/corrector,CC_SCALARS::CC_CHECK_DIVERGENCE,ccib.f90,RDZ,mesh_field,MESH_TYPE,grid_geometry,R,ccib.f90:16323,no,yes,yes,no,via=ptr
predictor/corrector,CC_SCALARS::CC_CHECK_DIVERGENCE,ccib.f90,RESMAX,mesh_field,MESH_TYPE,other,W,ccib.f90:16425,no,yes,yes,no,via=ptr
predictor/corrector,CC_SCALARS::CC_CHECK_DIVERGENCE,ccib.f90,U,mesh_field,MESH_TYPE,face_centred_flux,R,ccib.f90:16306,no,yes,yes,no,via=alias:UP|ptr
predictor/corrector,CC_SCALARS::CC_CHECK_DIVERGENCE,ccib.f90,US,mesh_field,MESH_TYPE,face_centred_flux,R,ccib.f90:16299,no,yes,yes,no,via=ptr
predictor/corrector,CC_SCALARS::CC_CHECK_DIVERGENCE,ccib.f90,V,mesh_field,MESH_TYPE,face_centred_flux,R,ccib.f90:16307,no,yes,yes,no,via=alias:VP|ptr
predictor/corrector,CC_SCALARS::CC_CHECK_DIVERGENCE,ccib.f90,VS,mesh_field,MESH_TYPE,face_centred_flux,R,ccib.f90:16300,no,yes,yes,no,via=ptr
predictor/corrector,CC_SCALARS::CC_CHECK_DIVERGENCE,ccib.f90,W,mesh_field,MESH_TYPE,face_centred_flux,R,ccib.f90:16308,no,yes,yes,no,via=alias:WP|ptr
predictor/corrector,CC_SCALARS::CC_CHECK_DIVERGENCE,ccib.f90,WS,mesh_field,MESH_TYPE,face_centred_flux,R,ccib.f90:16301,no,yes,yes,no,via=ptr
predictor/corrector,CC_SCALARS::CC_CHECK_DIVERGENCE,ccib.f90,XC,mesh_field,MESH_TYPE,grid_geometry,R,ccib.f90:16333,no,yes,yes,no,via=ptr
predictor/corrector,CC_SCALARS::CC_CHECK_DIVERGENCE,ccib.f90,YC,mesh_field,MESH_TYPE,grid_geometry,R,ccib.f90:16333,no,yes,yes,no,via=ptr
predictor/corrector,CC_SCALARS::CC_CHECK_DIVERGENCE,ccib.f90,ZC,mesh_field,MESH_TYPE,grid_geometry,R,ccib.f90:16333,no,yes,yes,no,via=ptr
predictor/corrector,CC_SCALARS::CC_CHECK_MASS_DENSITY,ccib.f90,CC,module_global,CC_SCALARS,pointer,RW,ccib.f90:12546,no,yes,no,no,
predictor/corrector,CC_SCALARS::CC_CHECK_MASS_DENSITY,ccib.f90,LOWER_MESH_INDEX,module_global,GLOBAL_CONSTANTS,runtime_scalar,R,ccib.f90:12533,no,yes,no,no,
predictor/corrector,CC_SCALARS::CC_CHECK_MASS_DENSITY,ccib.f90,N_TRACKED_SPECIES,module_global,GLOBAL_CONSTANTS,runtime_scalar,R,ccib.f90:12549,no,yes,no,no,
predictor/corrector,CC_SCALARS::CC_CHECK_MASS_DENSITY,ccib.f90,PREDICTOR,module_global,GLOBAL_CONSTANTS,runtime_scalar,R,ccib.f90:12541,no,yes,no,no,
predictor/corrector,CC_SCALARS::CC_CHECK_MASS_DENSITY,ccib.f90,RHOMAX,module_global,GLOBAL_CONSTANTS,runtime_scalar,R,ccib.f90:12588,no,yes,no,no,
predictor/corrector,CC_SCALARS::CC_CHECK_MASS_DENSITY,ccib.f90,RHOMIN,module_global,GLOBAL_CONSTANTS,runtime_scalar,R,ccib.f90:12588,no,yes,no,no,
predictor/corrector,CC_SCALARS::CC_CHECK_MASS_DENSITY,ccib.f90,UPPER_MESH_INDEX,module_global,GLOBAL_CONSTANTS,runtime_scalar,R,ccib.f90:12533,no,yes,no,no,
predictor/corrector,CC_SCALARS::CC_CHECK_MASS_DENSITY,ccib.f90,CCVAR,mesh_field,MESH_TYPE,wall_obst_cutcell,R,ccib.f90:12569,no,yes,no,no,via=MESHES|ptr
predictor/corrector,CC_SCALARS::CC_CHECK_MASS_DENSITY,ccib.f90,CELL,mesh_field,MESH_TYPE,wall_obst_cutcell,R,ccib.f90:12547,no,yes,no,no,via=ptr
predictor/corrector,CC_SCALARS::CC_CHECK_MASS_DENSITY,ccib.f90,CELL_INDEX,mesh_field,MESH_TYPE,wall_obst_cutcell,R,ccib.f90:12547,no,yes,no,no,via=ptr
predictor/corrector,CC_SCALARS::CC_CHECK_MASS_DENSITY,ccib.f90,CLIP_RHOMAX,mesh_field,MESH_TYPE,other,RW,ccib.f90:12770,no,yes,no,no,via=ptr
predictor/corrector,CC_SCALARS::CC_CHECK_MASS_DENSITY,ccib.f90,CLIP_RHOMIN,mesh_field,MESH_TYPE,other,RW,ccib.f90:12769,no,yes,no,no,via=ptr
predictor/corrector,CC_SCALARS::CC_CHECK_MASS_DENSITY,ccib.f90,CUT_CELL,mesh_field,MESH_TYPE,wall_obst_cutcell,RW,ccib.f90:12546,no,yes,no,no,via=alias:CC|ptr
predictor/corrector,CC_SCALARS::CC_CHECK_MASS_DENSITY,ccib.f90,CUT_FACE,mesh_field,MESH_TYPE,wall_obst_cutcell,R,ccib.f90:12612,no,yes,no,no,via=ptr
predictor/corrector,CC_SCALARS::CC_CHECK_MASS_DENSITY,ccib.f90,DX,mesh_field,MESH_TYPE,grid_geometry,R,ccib.f90:12625,no,yes,no,no,via=ptr
predictor/corrector,CC_SCALARS::CC_CHECK_MASS_DENSITY,ccib.f90,DY,mesh_field,MESH_TYPE,grid_geometry,R,ccib.f90:12625,no,yes,no,no,via=ptr
predictor/corrector,CC_SCALARS::CC_CHECK_MASS_DENSITY,ccib.f90,DZ,mesh_field,MESH_TYPE,grid_geometry,R,ccib.f90:12625,no,yes,no,no,via=ptr
predictor/corrector,CC_SCALARS::CC_CHECK_MASS_DENSITY,ccib.f90,FCVAR,mesh_field,MESH_TYPE,wall_obst_cutcell,R,ccib.f90:12622,no,yes,no,no,via=ptr
predictor/corrector,CC_SCALARS::CC_CHECK_MASS_DENSITY,ccib.f90,IBAR,mesh_field,MESH_TYPE,grid_geometry,R,ccib.f90:12568,no,yes,no,no,via=ptr
predictor/corrector,CC_SCALARS::CC_CHECK_MASS_DENSITY,ccib.f90,JBAR,mesh_field,MESH_TYPE,grid_geometry,R,ccib.f90:12567,no,yes,no,no,via=ptr
predictor/corrector,CC_SCALARS::CC_CHECK_MASS_DENSITY,ccib.f90,KBAR,mesh_field,MESH_TYPE,grid_geometry,R,ccib.f90:12566,no,yes,no,no,via=ptr
predictor/corrector,CC_SCALARS::CC_CHECK_MASS_DENSITY,ccib.f90,N_CUTCELL_MESH,mesh_field,MESH_TYPE,wall_obst_cutcell,R,ccib.f90:12545,no,yes,no,no,via=MESHES
predictor/corrector,CC_SCALARS::CC_CHECK_MASS_DENSITY,ccib.f90,RC_FACE,mesh_field,MESH_TYPE,wall_obst_cutcell,R,ccib.f90:12623,no,yes,no,no,via=ptr
predictor/corrector,CC_SCALARS::CC_CHECK_MASS_DENSITY,ccib.f90,RHO,mesh_field,MESH_TYPE,cell_centred_solution,RW,ccib.f90:12553,no,yes,no,no,via=alias:RHOP|ptr
predictor/corrector,CC_SCALARS::CC_CHECK_MASS_DENSITY,ccib.f90,RHOS,mesh_field,MESH_TYPE,cell_centred_solution,R,ccib.f90:12542,no,yes,no,no,via=ptr
predictor/corrector,CC_SCALARS::CC_CHECK_MASS_DENSITY,ccib.f90,WORK4,mesh_field,MESH_TYPE,scratch_work,RW,ccib.f90:12537,no,yes,no,no,via=alias:DELTA_RHO|ptr
predictor/corrector,CC_SCALARS::CC_CHECK_MASS_DENSITY,ccib.f90,WORK5,mesh_field,MESH_TYPE,scratch_work,RW,ccib.f90:12804,no,yes,no,no,via=alias:DELTA_RHO_ZZ|ptr
predictor/corrector,CC_SCALARS::CC_CHECK_MASS_DENSITY,ccib.f90,ZZ,mesh_field,MESH_TYPE,cell_centred_solution,RW,ccib.f90:12554,no,yes,no,no,via=alias:RHO_ZZ|ptr
predictor/corrector,CC_SCALARS::CC_CHECK_MASS_DENSITY,ccib.f90,ZZS,mesh_field,MESH_TYPE,cell_centred_solution,R,ccib.f90:12543,no,yes,no,no,via=ptr
predictor/corrector,CC_SCALARS::CC_CHECK_MASS_DENSITY::CC_CV_RHOZZ_AVERAGE,ccib.f90,CC,module_global,CC_SCALARS,pointer,RW,ccib.f90:13108,no,yes,no,no,
predictor/corrector,CC_SCALARS::CC_CHECK_MASS_DENSITY::CC_CV_RHOZZ_AVERAGE,ccib.f90,NUNKZ_LOC,module_global,CC_SCALARS,runtime_array,R,ccib.f90:13148,no,yes,no,no,
predictor/corrector,CC_SCALARS::CC_CHECK_MASS_DENSITY::CC_CV_RHOZZ_AVERAGE,ccib.f90,RZ_Z,module_global,CC_SCALARS,runtime_array,RW,ccib.f90:13118,no,yes,no,no,
predictor/corrector,CC_SCALARS::CC_CHECK_MASS_DENSITY::CC_CV_RHOZZ_AVERAGE,ccib.f90,RZ_ZS,module_global,CC_SCALARS,runtime_array,RW,ccib.f90:13097,no,yes,no,no,
predictor/corrector,CC_SCALARS::CC_CHECK_MASS_DENSITY::CC_CV_RHOZZ_AVERAGE,ccib.f90,UNKZ_IND,module_global,CC_SCALARS,runtime_array,R,ccib.f90:13102,no,yes,no,no,
predictor/corrector,CC_SCALARS::CC_CHECK_MASS_DENSITY::CC_CV_RHOZZ_AVERAGE,ccib.f90,NM_START,module_global,COMPLEX_GEOMETRY,runtime_scalar,R,ccib.f90:13102,no,yes,no,no,
predictor/corrector,CC_SCALARS::CC_CHECK_MASS_DENSITY::CC_CV_RHOZZ_AVERAGE,ccib.f90,N_TRACKED_SPECIES,module_global,GLOBAL_CONSTANTS,runtime_scalar,R,ccib.f90:13116,no,yes,no,no,
predictor/corrector,CC_SCALARS::CC_CHECK_MASS_DENSITY::CC_CV_RHOZZ_AVERAGE,ccib.f90,PREDICTOR,module_global,GLOBAL_CONSTANTS,runtime_scalar,R,ccib.f90:13129,no,yes,no,no,
predictor/corrector,CC_SCALARS::CC_CHECK_MASS_DENSITY::CC_CV_RHOZZ_AVERAGE,ccib.f90,CCVAR,mesh_field,MESH_TYPE,wall_obst_cutcell,R,ccib.f90:13101,no,yes,no,no,via=ptr
predictor/corrector,CC_SCALARS::CC_CHECK_MASS_DENSITY::CC_CV_RHOZZ_AVERAGE,ccib.f90,CELL,mesh_field,MESH_TYPE,wall_obst_cutcell,R,ccib.f90:13108,no,yes,no,no,via=ptr
predictor/corrector,CC_SCALARS::CC_CHECK_MASS_DENSITY::CC_CV_RHOZZ_AVERAGE,ccib.f90,CELL_INDEX,mesh_field,MESH_TYPE,wall_obst_cutcell,R,ccib.f90:13108,no,yes,no,no,via=ptr
predictor/corrector,CC_SCALARS::CC_CHECK_MASS_DENSITY::CC_CV_RHOZZ_AVERAGE,ccib.f90,CUT_CELL,mesh_field,MESH_TYPE,wall_obst_cutcell,RW,ccib.f90:13108,no,yes,no,no,via=alias:CC|ptr
predictor/corrector,CC_SCALARS::CC_CHECK_MASS_DENSITY::CC_CV_RHOZZ_AVERAGE,ccib.f90,DX,mesh_field,MESH_TYPE,grid_geometry,R,ccib.f90:13103,no,yes,no,no,via=ptr
predictor/corrector,CC_SCALARS::CC_CHECK_MASS_DENSITY::CC_CV_RHOZZ_AVERAGE,ccib.f90,DY,mesh_field,MESH_TYPE,grid_geometry,R,ccib.f90:13103,no,yes,no,no,via=ptr
predictor/corrector,CC_SCALARS::CC_CHECK_MASS_DENSITY::CC_CV_RHOZZ_AVERAGE,ccib.f90,DZ,mesh_field,MESH_TYPE,grid_geometry,R,ccib.f90:13103,no,yes,no,no,via=ptr
predictor/corrector,CC_SCALARS::CC_CHECK_MASS_DENSITY::CC_CV_RHOZZ_AVERAGE,ccib.f90,IBAR,mesh_field,MESH_TYPE,grid_geometry,R,ccib.f90:13100,no,yes,no,no,via=ptr
predictor/corrector,CC_SCALARS::CC_CHECK_MASS_DENSITY::CC_CV_RHOZZ_AVERAGE,ccib.f90,JBAR,mesh_field,MESH_TYPE,grid_geometry,R,ccib.f90:13099,no,yes,no,no,via=ptr
predictor/corrector,CC_SCALARS::CC_CHECK_MASS_DENSITY::CC_CV_RHOZZ_AVERAGE,ccib.f90,KBAR,mesh_field,MESH_TYPE,grid_geometry,R,ccib.f90:13098,no,yes,no,no,via=ptr
predictor/corrector,CC_SCALARS::CC_CHECK_MASS_DENSITY::CC_CV_RHOZZ_AVERAGE,ccib.f90,N_CUTCELL_MESH,mesh_field,MESH_TYPE,wall_obst_cutcell,R,ccib.f90:13107,no,yes,no,no,via=MESHES
predictor/corrector,CC_SCALARS::CC_CHECK_MASS_DENSITY::CC_CV_RHOZZ_AVERAGE,ccib.f90,ZZ,mesh_field,MESH_TYPE,cell_centred_solution,RW,ccib.f90:13125,no,yes,no,no,via=alias:RHO_ZZ
predictor/corrector,CC_SCALARS::CC_COMPUTE_KRES,ccib.f90,CC,module_global,CC_SCALARS,pointer,RW,ccib.f90:3709,no,yes,no,no,
predictor/corrector,CC_SCALARS::CC_COMPUTE_KRES,ccib.f90,ONE_UNKH_PER_CUTCELL,module_global,GLOBAL_CONSTANTS,runtime_scalar,R,ccib.f90:3710,no,yes,no,no,
predictor/corrector,CC_SCALARS::CC_COMPUTE_KRES,ccib.f90,T_USED,module_global,GLOBAL_CONSTANTS,runtime_array,RW,ccib.f90:3731,no,yes,no,no,
predictor/corrector,CC_SCALARS::CC_COMPUTE_KRES,ccib.f90,CELL,mesh_field,MESH_TYPE,wall_obst_cutcell,R,ccib.f90:3709,no,yes,no,no,via=ptr
predictor/corrector,CC_SCALARS::CC_COMPUTE_KRES,ccib.f90,CELL_INDEX,mesh_field,MESH_TYPE,wall_obst_cutcell,R,ccib.f90:3709,no,yes,no,no,via=ptr
predictor/corrector,CC_SCALARS::CC_COMPUTE_KRES,ccib.f90,CUT_CELL,mesh_field,MESH_TYPE,wall_obst_cutcell,RW,ccib.f90:3709,no,yes,no,no,via=alias:CC|ptr
predictor/corrector,CC_SCALARS::CC_COMPUTE_KRES,ccib.f90,KRES,mesh_field,MESH_TYPE,cell_centred_solution,W,ccib.f90:3728,no,yes,no,no,via=ptr
predictor/corrector,CC_SCALARS::CC_COMPUTE_KRES,ccib.f90,N_CUTCELL_MESH,mesh_field,MESH_TYPE,wall_obst_cutcell,R,ccib.f90:3708,no,yes,no,no,via=MESHES
predictor/corrector,CC_SCALARS::CC_COMPUTE_VISCOSITY,ccib.f90,T_CC_USED,module_global,COMPLEX_GEOMETRY,runtime_array,RW,ccib.f90:5935,no,yes,no,no,
predictor/corrector,CC_SCALARS::CC_COMPUTE_VISCOSITY,ccib.f90,PREDICTOR,module_global,GLOBAL_CONSTANTS,runtime_scalar,R,ccib.f90:5883,no,yes,no,no,
predictor/corrector,CC_SCALARS::CC_COMPUTE_VISCOSITY,ccib.f90,SIM_MODE,module_global,GLOBAL_CONSTANTS,runtime_scalar,R,ccib.f90:5898,no,yes,no,no,
predictor/corrector,CC_SCALARS::CC_COMPUTE_VISCOSITY,ccib.f90,T_USED,module_global,GLOBAL_CONSTANTS,runtime_array,RW,ccib.f90:5933,no,yes,no,no,
predictor/corrector,CC_SCALARS::CC_COMPUTE_VISCOSITY,ccib.f90,CCVAR,mesh_field,MESH_TYPE,wall_obst_cutcell,R,ccib.f90:5905,no,yes,no,no,via=ptr
predictor/corrector,CC_SCALARS::CC_COMPUTE_VISCOSITY,ccib.f90,CELL,mesh_field,MESH_TYPE,wall_obst_cutcell,R,ccib.f90:5904,no,yes,no,no,via=ptr
predictor/corrector,CC_SCALARS::CC_COMPUTE_VISCOSITY,ccib.f90,CELL_INDEX,mesh_field,MESH_TYPE,wall_obst_cutcell,R,ccib.f90:5904,no,yes,no,no,via=ptr
predictor/corrector,CC_SCALARS::CC_COMPUTE_VISCOSITY,ccib.f90,IBAR,mesh_field,MESH_TYPE,grid_geometry,R,ccib.f90:5903,no,yes,no,no,via=ptr
predictor/corrector,CC_SCALARS::CC_COMPUTE_VISCOSITY,ccib.f90,JBAR,mesh_field,MESH_TYPE,grid_geometry,R,ccib.f90:5902,no,yes,no,no,via=ptr
predictor/corrector,CC_SCALARS::CC_COMPUTE_VISCOSITY,ccib.f90,KBAR,mesh_field,MESH_TYPE,grid_geometry,R,ccib.f90:5901,no,yes,no,no,via=ptr
predictor/corrector,CC_SCALARS::CC_COMPUTE_VISCOSITY,ccib.f90,LES_FILTER_WIDTH,mesh_field,MESH_TYPE,grid_geometry,R,ccib.f90:5908,no,yes,no,no,via=ptr
predictor/corrector,CC_SCALARS::CC_COMPUTE_VISCOSITY,ccib.f90,MU,mesh_field,MESH_TYPE,cell_centred_solution,W,ccib.f90:5905,no,yes,no,no,via=ptr
predictor/corrector,CC_SCALARS::CC_COMPUTE_VISCOSITY,ccib.f90,MU_DNS,mesh_field,MESH_TYPE,cell_centred_solution,R,ccib.f90:5905,no,yes,no,no,via=ptr
predictor/corrector,CC_SCALARS::CC_COMPUTE_VISCOSITY,ccib.f90,RDX,mesh_field,MESH_TYPE,grid_geometry,R,ccib.f90:5910,no,yes,no,no,via=ptr
predictor/corrector,CC_SCALARS::CC_COMPUTE_VISCOSITY,ccib.f90,RDY,mesh_field,MESH_TYPE,grid_geometry,R,ccib.f90:5911,no,yes,no,no,via=ptr
predictor/corrector,CC_SCALARS::CC_COMPUTE_VISCOSITY,ccib.f90,RDZ,mesh_field,MESH_TYPE,grid_geometry,R,ccib.f90:5912,no,yes,no,no,via=ptr
predictor/corrector,CC_SCALARS::CC_COMPUTE_VISCOSITY,ccib.f90,RHO,mesh_field,MESH_TYPE,cell_centred_solution,R,ccib.f90:5884,no,yes,no,no,via=alias:RHOP|ptr
predictor/corrector,CC_SCALARS::CC_COMPUTE_VISCOSITY,ccib.f90,RHOS,mesh_field,MESH_TYPE,cell_centred_solution,R,ccib.f90:5890,no,yes,no,no,via=alias:RHOP|ptr
predictor/corrector,CC_SCALARS::CC_COMPUTE_VISCOSITY,ccib.f90,U,mesh_field,MESH_TYPE,face_centred_flux,R,ccib.f90:5885,no,yes,no,no,via=alias:UU|ptr
predictor/corrector,CC_SCALARS::CC_COMPUTE_VISCOSITY,ccib.f90,US,mesh_field,MESH_TYPE,face_centred_flux,R,ccib.f90:5891,no,yes,no,no,via=alias:UU|ptr
predictor/corrector,CC_SCALARS::CC_COMPUTE_VISCOSITY,ccib.f90,V,mesh_field,MESH_TYPE,face_centred_flux,R,ccib.f90:5886,no,yes,no,no,via=alias:VV|ptr
predictor/corrector,CC_SCALARS::CC_COMPUTE_VISCOSITY,ccib.f90,VS,mesh_field,MESH_TYPE,face_centred_flux,R,ccib.f90:5892,no,yes,no,no,via=alias:VV|ptr
predictor/corrector,CC_SCALARS::CC_COMPUTE_VISCOSITY,ccib.f90,W,mesh_field,MESH_TYPE,face_centred_flux,R,ccib.f90:5887,no,yes,no,no,via=alias:WW|ptr
predictor/corrector,CC_SCALARS::CC_COMPUTE_VISCOSITY,ccib.f90,WS,mesh_field,MESH_TYPE,face_centred_flux,R,ccib.f90:5893,no,yes,no,no,via=alias:WW|ptr
predictor/corrector,CC_SCALARS::CC_COMPUTE_VISCOSITY,ccib.f90,ZZ,mesh_field,MESH_TYPE,cell_centred_solution,R,ccib.f90:5888,no,yes,no,no,via=ptr
predictor/corrector,CC_SCALARS::CC_COMPUTE_VISCOSITY,ccib.f90,ZZS,mesh_field,MESH_TYPE,cell_centred_solution,R,ccib.f90:5894,no,yes,no,no,via=ptr
predictor/corrector,CC_SCALARS::CC_CUTCELL_VELOCITY,ccib.f90,BC,module_global,CC_SCALARS,pointer,RW,ccib.f90:3786,no,yes,no,no,
predictor/corrector,CC_SCALARS::CC_CUTCELL_VELOCITY,ccib.f90,CC,module_global,CC_SCALARS,pointer,RW,ccib.f90:3753,no,yes,no,no,
predictor/corrector,CC_SCALARS::CC_CUTCELL_VELOCITY,ccib.f90,BOUNDARY_COORD,mesh_field,MESH_TYPE,wall_obst_cutcell,R,ccib.f90:3786,no,yes,no,no,via=MESHES|alias:BC
predictor/corrector,CC_SCALARS::CC_CUTCELL_VELOCITY,ccib.f90,CFACE,mesh_field,MESH_TYPE,wall_obst_cutcell,R,ccib.f90:3786,no,yes,no,no,via=ptr
predictor/corrector,CC_SCALARS::CC_CUTCELL_VELOCITY,ccib.f90,CUT_CELL,mesh_field,MESH_TYPE,wall_obst_cutcell,R,ccib.f90:3753,no,yes,no,no,via=alias:CC|ptr
predictor/corrector,CC_SCALARS::CC_CUTCELL_VELOCITY,ccib.f90,CUT_FACE,mesh_field,MESH_TYPE,wall_obst_cutcell,R,ccib.f90:3773,no,yes,no,no,via=ptr
predictor/corrector,CC_SCALARS::CC_CUTCELL_VELOCITY,ccib.f90,DX,mesh_field,MESH_TYPE,grid_geometry,R,ccib.f90:3764,no,yes,no,no,via=ptr
predictor/corrector,CC_SCALARS::CC_CUTCELL_VELOCITY,ccib.f90,DY,mesh_field,MESH_TYPE,grid_geometry,R,ccib.f90:3763,no,yes,no,no,via=ptr
predictor/corrector,CC_SCALARS::CC_CUTCELL_VELOCITY,ccib.f90,DZ,mesh_field,MESH_TYPE,grid_geometry,R,ccib.f90:3763,no,yes,no,no,via=ptr
predictor/corrector,CC_SCALARS::CC_CUTCELL_VELOCITY,ccib.f90,U,mesh_field,MESH_TYPE,face_centred_flux,R,ccib.f90:3763,no,yes,no,no,via=ptr
predictor/corrector,CC_SCALARS::CC_CUTCELL_VELOCITY,ccib.f90,US,mesh_field,MESH_TYPE,face_centred_flux,R,ccib.f90:3763,no,yes,no,no,via=ptr
predictor/corrector,CC_SCALARS::CC_CUTCELL_VELOCITY,ccib.f90,V,mesh_field,MESH_TYPE,face_centred_flux,R,ccib.f90:3764,no,yes,no,no,via=ptr
predictor/corrector,CC_SCALARS::CC_CUTCELL_VELOCITY,ccib.f90,VS,mesh_field,MESH_TYPE,face_centred_flux,R,ccib.f90:3764,no,yes,no,no,via=ptr
predictor/corrector,CC_SCALARS::CC_CUTCELL_VELOCITY,ccib.f90,W,mesh_field,MESH_TYPE,face_centred_flux,R,ccib.f90:3765,no,yes,no,no,via=ptr
predictor/corrector,CC_SCALARS::CC_CUTCELL_VELOCITY,ccib.f90,WS,mesh_field,MESH_TYPE,face_centred_flux,R,ccib.f90:3765,no,yes,no,no,via=ptr
predictor/corrector,CC_SCALARS::CC_DENSITY,ccib.f90,CC,module_global,CC_SCALARS,pointer,RW,ccib.f90:11794,no,yes,no,no,
predictor/corrector,CC_SCALARS::CC_DENSITY,ccib.f90,P_0_CV,module_global,CC_SCALARS,runtime_array,R,ccib.f90:11779,no,yes,no,no,
predictor/corrector,CC_SCALARS::CC_DENSITY,ccib.f90,UNKZ_IND,module_global,CC_SCALARS,runtime_array,R,ccib.f90:11779,no,yes,no,no,
predictor/corrector,CC_SCALARS::CC_DENSITY,ccib.f90,NM_START,module_global,COMPLEX_GEOMETRY,runtime_scalar,R,ccib.f90:11779,no,yes,no,no,
predictor/corrector,CC_SCALARS::CC_DENSITY,ccib.f90,T_CC_USED,module_global,COMPLEX_GEOMETRY,runtime_array,RW,ccib.f90:11898,no,yes,no,no,
predictor/corrector,CC_SCALARS::CC_DENSITY,ccib.f90,ICYC,module_global,GLOBAL_CONSTANTS,runtime_scalar,R,ccib.f90:11753,no,yes,no,no,
predictor/corrector,CC_SCALARS::CC_DENSITY,ccib.f90,LOWER_MESH_INDEX,module_global,GLOBAL_CONSTANTS,runtime_scalar,R,ccib.f90:11767,no,yes,no,no,
predictor/corrector,CC_SCALARS::CC_DENSITY,ccib.f90,N_TOTAL_SCALARS,module_global,GLOBAL_CONSTANTS,runtime_scalar,R,ccib.f90:11786,no,yes,no,no,
predictor/corrector,CC_SCALARS::CC_DENSITY,ccib.f90,N_TRACKED_SPECIES,module_global,GLOBAL_CONSTANTS,runtime_scalar,R,ccib.f90:11777,no,yes,no,no,
predictor/corrector,CC_SCALARS::CC_DENSITY,ccib.f90,PERIODIC_TEST,module_global,GLOBAL_CONSTANTS,runtime_scalar,R,ccib.f90:11751,no,yes,no,no,
predictor/corrector,CC_SCALARS::CC_DENSITY,ccib.f90,PREDICTOR,module_global,GLOBAL_CONSTANTS,runtime_scalar,R,ccib.f90:11765,no,yes,no,no,
predictor/corrector,CC_SCALARS::CC_DENSITY,ccib.f90,SOLID_PHASE_ONLY,module_global,GLOBAL_CONSTANTS,runtime_scalar,R,ccib.f90:11747,no,yes,no,no,
predictor/corrector,CC_SCALARS::CC_DENSITY,ccib.f90,TMPA,module_global,GLOBAL_CONSTANTS,runtime_scalar,R,ccib.f90:11826,no,yes,no,no,
predictor/corrector,CC_SCALARS::CC_DENSITY,ccib.f90,T_USED,module_global,GLOBAL_CONSTANTS,runtime_array,RW,ccib.f90:11897,no,yes,no,no,
predictor/corrector,CC_SCALARS::CC_DENSITY,ccib.f90,UPPER_MESH_INDEX,module_global,GLOBAL_CONSTANTS,runtime_scalar,R,ccib.f90:11767,no,yes,no,no,
predictor/corrector,CC_SCALARS::CC_DENSITY,ccib.f90,CCVAR,mesh_field,MESH_TYPE,wall_obst_cutcell,R,ccib.f90:11776,no,yes,no,no,via=ptr
predictor/corrector,CC_SCALARS::CC_DENSITY,ccib.f90,CELL,mesh_field,MESH_TYPE,wall_obst_cutcell,R,ccib.f90:11794,no,yes,no,no,via=ptr
predictor/corrector,CC_SCALARS::CC_DENSITY,ccib.f90,CELL_INDEX,mesh_field,MESH_TYPE,wall_obst_cutcell,R,ccib.f90:11794,no,yes,no,no,via=ptr
predictor/corrector,CC_SCALARS::CC_DENSITY,ccib.f90,CUT_CELL,mesh_field,MESH_TYPE,wall_obst_cutcell,RW,ccib.f90:11794,no,yes,no,no,via=alias:CC|ptr
predictor/corrector,CC_SCALARS::CC_DENSITY,ccib.f90,IBAR,mesh_field,MESH_TYPE,grid_geometry,R,ccib.f90:11775,no,yes,no,no,via=ptr
predictor/corrector,CC_SCALARS::CC_DENSITY,ccib.f90,IBP1,mesh_field,MESH_TYPE,grid_geometry,R,ccib.f90:11786,no,yes,no,no,via=ptr
predictor/corrector,CC_SCALARS::CC_DENSITY,ccib.f90,JBAR,mesh_field,MESH_TYPE,grid_geometry,R,ccib.f90:11774,no,yes,no,no,via=ptr
predictor/corrector,CC_SCALARS::CC_DENSITY,ccib.f90,JBP1,mesh_field,MESH_TYPE,grid_geometry,R,ccib.f90:11786,no,yes,no,no,via=ptr
predictor/corrector,CC_SCALARS::CC_DENSITY,ccib.f90,KBAR,mesh_field,MESH_TYPE,grid_geometry,R,ccib.f90:11773,no,yes,no,no,via=ptr
predictor/corrector,CC_SCALARS::CC_DENSITY,ccib.f90,KBP1,mesh_field,MESH_TYPE,grid_geometry,R,ccib.f90:11786,no,yes,no,no,via=ptr
predictor/corrector,CC_SCALARS::CC_DENSITY,ccib.f90,N_CUTCELL_MESH,mesh_field,MESH_TYPE,wall_obst_cutcell,R,ccib.f90:11793,no,yes,no,no,via=MESHES
predictor/corrector,CC_SCALARS::CC_DENSITY,ccib.f90,PBAR,mesh_field,MESH_TYPE,pressure_solver,R,ccib.f90:11846,no,yes,no,no,via=ptr
predictor/corrector,CC_SCALARS::CC_DENSITY,ccib.f90,PBAR_S,mesh_field,MESH_TYPE,pressure_solver,R,ccib.f90:11779,no,yes,no,no,via=ptr
predictor/corrector,CC_SCALARS::CC_DENSITY,ccib.f90,PRESSURE_ZONE,mesh_field,MESH_TYPE,pressure_solver,R,ccib.f90:11779,no,yes,no,no,via=ptr
predictor/corrector,CC_SCALARS::CC_DENSITY,ccib.f90,P_0,mesh_field,MESH_TYPE,pressure_solver,R,ccib.f90:11779,no,yes,no,no,via=ptr
predictor/corrector,CC_SCALARS::CC_DENSITY,ccib.f90,RHO,mesh_field,MESH_TYPE,cell_centred_solution,RW,ccib.f90:11788,no,yes,no,no,via=ptr
predictor/corrector,CC_SCALARS::CC_DENSITY,ccib.f90,RHOS,mesh_field,MESH_TYPE,cell_centred_solution,RW,ccib.f90:11780,no,yes,no,no,via=ptr
predictor/corrector,CC_SCALARS::CC_DENSITY,ccib.f90,RHO_ZZN,mesh_field,MESH_TYPE,wall_obst_cutcell,W,ccib.f90:11786,no,yes,no,no,via=MESHES
predictor/corrector,CC_SCALARS::CC_DENSITY,ccib.f90,RSUM,mesh_field,MESH_TYPE,cell_centred_solution,RW,ccib.f90:11778,no,yes,no,no,via=ptr
predictor/corrector,CC_SCALARS::CC_DENSITY,ccib.f90,TMP,mesh_field,MESH_TYPE,cell_centred_solution,RW,ccib.f90:11780,no,yes,no,no,via=ptr
predictor/corrector,CC_SCALARS::CC_DENSITY,ccib.f90,ZZ,mesh_field,MESH_TYPE,cell_centred_solution,RW,ccib.f90:11788,no,yes,no,no,via=ptr
predictor/corrector,CC_SCALARS::CC_DENSITY,ccib.f90,ZZS,mesh_field,MESH_TYPE,cell_centred_solution,RW,ccib.f90:11777,no,yes,no,no,via=ptr
predictor/corrector,CC_SCALARS::CC_DENSITY_EXPLICIT,ccib.f90,F_Z,module_global,CC_SCALARS,runtime_array,RW,ccib.f90:11924,no,yes,no,no,
predictor/corrector,CC_SCALARS::CC_DENSITY_EXPLICIT,ccib.f90,M_MAT_Z,module_global,CC_SCALARS,runtime_array,R,ccib.f90:11956,no,yes,no,no,
predictor/corrector,CC_SCALARS::CC_DENSITY_EXPLICIT,ccib.f90,NUNKZ_LOCAL,module_global,CC_SCALARS,runtime_scalar,R,ccib.f90:11955,no,yes,no,no,
predictor/corrector,CC_SCALARS::CC_DENSITY_EXPLICIT,ccib.f90,RZ_Z,module_global,CC_SCALARS,runtime_array,RW,ccib.f90:11943,no,yes,no,no,
predictor/corrector,CC_SCALARS::CC_DENSITY_EXPLICIT,ccib.f90,CORRECTOR,module_global,GLOBAL_CONSTANTS,runtime_scalar,R,ccib.f90:11922,no,yes,no,no,
predictor/corrector,CC_SCALARS::CC_DENSITY_EXPLICIT,ccib.f90,FIRST_PASS,module_global,GLOBAL_CONSTANTS,runtime_scalar,R,ccib.f90:11922,no,yes,no,no,
predictor/corrector,CC_SCALARS::CC_DENSITY_EXPLICIT,ccib.f90,N_TOTAL_SCALARS,module_global,GLOBAL_CONSTANTS,runtime_scalar,R,ccib.f90:11920,no,yes,no,no,
predictor/corrector,CC_SCALARS::CC_DENSITY_EXPLICIT,ccib.f90,PERIODIC_TEST,module_global,GLOBAL_CONSTANTS,runtime_scalar,R,ccib.f90:11933,no,yes,no,no,
predictor/corrector,CC_SCALARS::CC_DENSITY_EXPLICIT,ccib.f90,PREDICTOR,module_global,GLOBAL_CONSTANTS,runtime_scalar,R,ccib.f90:11922,no,yes,no,no,
predictor/corrector,CC_SCALARS::CC_DIFFUSIVE_MASS_FLUXES,ccib.f90,B1,module_global,CC_SCALARS,pointer,RW,ccib.f90:11234,no,yes,no,no,
predictor/corrector,CC_SCALARS::CC_DIFFUSIVE_MASS_FLUXES,ccib.f90,CFA,module_global,CC_SCALARS,pointer,RW,ccib.f90:11233,no,yes,no,no,
predictor/corrector,CC_SCALARS::CC_DIFFUSIVE_MASS_FLUXES,ccib.f90,D_Z,module_global,GLOBAL_CONSTANTS,runtime_array,R,ccib.f90:11246,no,yes,no,no,
predictor/corrector,CC_SCALARS::CC_DIFFUSIVE_MASS_FLUXES,ccib.f90,N_TOTAL_SCALARS,module_global,GLOBAL_CONSTANTS,runtime_scalar,R,ccib.f90:11242,no,yes,no,no,
predictor/corrector,CC_SCALARS::CC_DIFFUSIVE_MASS_FLUXES,ccib.f90,N_TRACKED_SPECIES,module_global,GLOBAL_CONSTANTS,runtime_scalar,R,ccib.f90:11228,no,yes,no,no,
predictor/corrector,CC_SCALARS::CC_DIFFUSIVE_MASS_FLUXES,ccib.f90,PREDICTOR,module_global,GLOBAL_CONSTANTS,runtime_scalar,R,ccib.f90:11217,no,yes,no,no,
predictor/corrector,CC_SCALARS::CC_DIFFUSIVE_MASS_FLUXES,ccib.f90,BOUNDARY_COORD,mesh_field,MESH_TYPE,wall_obst_cutcell,R,ccib.f90:11517,no,yes,no,no,via=ptr
predictor/corrector,CC_SCALARS::CC_DIFFUSIVE_MASS_FLUXES,ccib.f90,BOUNDARY_PROP1,mesh_field,MESH_TYPE,wall_obst_cutcell,RW,ccib.f90:11234,no,yes,no,no,via=alias:B1|ptr
predictor/corrector,CC_SCALARS::CC_DIFFUSIVE_MASS_FLUXES,ccib.f90,CC_NBBRCFACE_Z,mesh_field,MESH_TYPE,wall_obst_cutcell,R,ccib.f90:11483,no,yes,no,no,via=MESHES
predictor/corrector,CC_SCALARS::CC_DIFFUSIVE_MASS_FLUXES,ccib.f90,CC_NRCFACE_Z,mesh_field,MESH_TYPE,wall_obst_cutcell,R,ccib.f90:11249,no,yes,no,no,via=MESHES
predictor/corrector,CC_SCALARS::CC_DIFFUSIVE_MASS_FLUXES,ccib.f90,CC_NREGFACE_Z,mesh_field,MESH_TYPE,wall_obst_cutcell,R,ccib.f90:11448,no,yes,no,no,via=MESHES
predictor/corrector,CC_SCALARS::CC_DIFFUSIVE_MASS_FLUXES,ccib.f90,CC_REGFACE_IAXIS_Z,mesh_field,MESH_TYPE,wall_obst_cutcell,RW,ccib.f90:11449,no,yes,no,no,via=ptr
predictor/corrector,CC_SCALARS::CC_DIFFUSIVE_MASS_FLUXES,ccib.f90,CC_REGFACE_JAXIS_Z,mesh_field,MESH_TYPE,wall_obst_cutcell,RW,ccib.f90:11461,no,yes,no,no,via=ptr
predictor/corrector,CC_SCALARS::CC_DIFFUSIVE_MASS_FLUXES,ccib.f90,CC_REGFACE_KAXIS_Z,mesh_field,MESH_TYPE,wall_obst_cutcell,RW,ccib.f90:11473,no,yes,no,no,via=ptr
predictor/corrector,CC_SCALARS::CC_DIFFUSIVE_MASS_FLUXES,ccib.f90,CFACE,mesh_field,MESH_TYPE,wall_obst_cutcell,R,ccib.f90:11233,no,yes,no,no,via=alias:CFA|ptr
predictor/corrector,CC_SCALARS::CC_DIFFUSIVE_MASS_FLUXES,ccib.f90,CUT_CELL,mesh_field,MESH_TYPE,wall_obst_cutcell,R,ccib.f90:11279,no,yes,no,no,via=ptr
predictor/corrector,CC_SCALARS::CC_DIFFUSIVE_MASS_FLUXES,ccib.f90,CUT_FACE,mesh_field,MESH_TYPE,wall_obst_cutcell,RW,ccib.f90:11361,no,yes,no,no,via=MESHES|ptr
predictor/corrector,CC_SCALARS::CC_DIFFUSIVE_MASS_FLUXES,ccib.f90,INTERNAL_CFACE_CELLS_LB,mesh_field,MESH_TYPE,wall_obst_cutcell,R,ccib.f90:11232,no,yes,no,no,via=ptr
predictor/corrector,CC_SCALARS::CC_DIFFUSIVE_MASS_FLUXES,ccib.f90,MU,mesh_field,MESH_TYPE,cell_centred_solution,R,ccib.f90:11285,no,yes,no,no,via=ptr
predictor/corrector,CC_SCALARS::CC_DIFFUSIVE_MASS_FLUXES,ccib.f90,MU_DNS,mesh_field,MESH_TYPE,cell_centred_solution,R,ccib.f90:11286,no,yes,no,no,via=ptr
predictor/corrector,CC_SCALARS::CC_DIFFUSIVE_MASS_FLUXES,ccib.f90,N_CUTFACE_MESH,mesh_field,MESH_TYPE,wall_obst_cutcell,R,ccib.f90:11359,no,yes,no,no,via=MESHES
predictor/corrector,CC_SCALARS::CC_DIFFUSIVE_MASS_FLUXES,ccib.f90,N_EXTERNAL_CFACE_CELLS,mesh_field,MESH_TYPE,wall_obst_cutcell,R,ccib.f90:11231,no,yes,no,no,via=ptr
predictor/corrector,CC_SCALARS::CC_DIFFUSIVE_MASS_FLUXES,ccib.f90,N_INTERNAL_CFACE_CELLS,mesh_field,MESH_TYPE,wall_obst_cutcell,R,ccib.f90:11231,no,yes,no,no,via=ptr
predictor/corrector,CC_SCALARS::CC_DIFFUSIVE_MASS_FLUXES,ccib.f90,N_INTWALL_CFACE_CELLS,mesh_field,MESH_TYPE,wall_obst_cutcell,R,ccib.f90:11231,no,yes,no,no,via=ptr
predictor/corrector,CC_SCALARS::CC_DIFFUSIVE_MASS_FLUXES,ccib.f90,RC_FACE,mesh_field,MESH_TYPE,wall_obst_cutcell,RW,ccib.f90:11251,no,yes,no,no,via=MESHES|ptr
predictor/corrector,CC_SCALARS::CC_DIFFUSIVE_MASS_FLUXES,ccib.f90,RHO,mesh_field,MESH_TYPE,cell_centred_solution,R,ccib.f90:11224,no,yes,no,no,via=alias:RHOP|ptr
predictor/corrector,CC_SCALARS::CC_DIFFUSIVE_MASS_FLUXES,ccib.f90,RHOS,mesh_field,MESH_TYPE,cell_centred_solution,R,ccib.f90:11220,no,yes,no,no,via=ptr
predictor/corrector,CC_SCALARS::CC_DIFFUSIVE_MASS_FLUXES,ccib.f90,TMP,mesh_field,MESH_TYPE,cell_centred_solution,R,ccib.f90:11269,no,yes,no,no,via=ptr
predictor/corrector,CC_SCALARS::CC_DIFFUSIVE_MASS_FLUXES,ccib.f90,WALL,mesh_field,MESH_TYPE,wall_obst_cutcell,R,ccib.f90:11252,no,yes,no,no,via=ptr
predictor/corrector,CC_SCALARS::CC_DIFFUSIVE_MASS_FLUXES,ccib.f90,X,mesh_field,MESH_TYPE,grid_geometry,R,ccib.f90:11262,no,yes,no,no,via=MESHES
predictor/corrector,CC_SCALARS::CC_DIFFUSIVE_MASS_FLUXES,ccib.f90,Y,mesh_field,MESH_TYPE,grid_geometry,R,ccib.f90:11290,no,yes,no,no,via=MESHES
predictor/corrector,CC_SCALARS::CC_DIFFUSIVE_MASS_FLUXES,ccib.f90,Z,mesh_field,MESH_TYPE,grid_geometry,R,ccib.f90:11319,no,yes,no,no,via=MESHES
predictor/corrector,CC_SCALARS::CC_DIFFUSIVE_MASS_FLUXES,ccib.f90,ZZ,mesh_field,MESH_TYPE,cell_centred_solution,R,ccib.f90:11223,no,yes,no,no,via=alias:ZZP|ptr
predictor/corrector,CC_SCALARS::CC_DIFFUSIVE_MASS_FLUXES,ccib.f90,ZZS,mesh_field,MESH_TYPE,cell_centred_solution,R,ccib.f90:11219,no,yes,no,no,via=ptr
predictor/corrector,CC_SCALARS::CC_DIFFUSIVE_MASS_FLUXES::GET_BBCUTFACE_RHO_D_DZDN,ccib.f90,B1,module_global,CC_SCALARS,pointer,RW,ccib.f90:11683,no,yes,no,no,
predictor/corrector,CC_SCALARS::CC_DIFFUSIVE_MASS_FLUXES::GET_BBCUTFACE_RHO_D_DZDN,ccib.f90,WC,module_global,CC_SCALARS,pointer,RW,ccib.f90:11682,no,yes,no,no,
predictor/corrector,CC_SCALARS::CC_DIFFUSIVE_MASS_FLUXES::GET_BBCUTFACE_RHO_D_DZDN,ccib.f90,N_TRACKED_SPECIES,module_global,GLOBAL_CONSTANTS,runtime_scalar,R,ccib.f90:11701,no,yes,no,no,
predictor/corrector,CC_SCALARS::CC_DIFFUSIVE_MASS_FLUXES::GET_BBCUTFACE_RHO_D_DZDN,ccib.f90,BOUNDARY_COORD,mesh_field,MESH_TYPE,wall_obst_cutcell,R,ccib.f90:11684,no,yes,no,no,via=ptr
predictor/corrector,CC_SCALARS::CC_DIFFUSIVE_MASS_FLUXES::GET_BBCUTFACE_RHO_D_DZDN,ccib.f90,BOUNDARY_PROP1,mesh_field,MESH_TYPE,wall_obst_cutcell,R,ccib.f90:11683,no,yes,no,no,via=alias:B1|ptr
predictor/corrector,CC_SCALARS::CC_DIFFUSIVE_MASS_FLUXES::GET_BBCUTFACE_RHO_D_DZDN,ccib.f90,CUT_CELL,mesh_field,MESH_TYPE,wall_obst_cutcell,R,ccib.f90:11699,no,yes,no,no,via=ptr
predictor/corrector,CC_SCALARS::CC_DIFFUSIVE_MASS_FLUXES::GET_BBCUTFACE_RHO_D_DZDN,ccib.f90,CUT_FACE,mesh_field,MESH_TYPE,wall_obst_cutcell,R,ccib.f90:11686,no,yes,no,no,via=ptr
predictor/corrector,CC_SCALARS::CC_DIFFUSIVE_MASS_FLUXES::GET_BBCUTFACE_RHO_D_DZDN,ccib.f90,WALL,mesh_field,MESH_TYPE,wall_obst_cutcell,R,ccib.f90:11682,no,yes,no,no,via=alias:WC|ptr
predictor/corrector,CC_SCALARS::CC_DIFFUSIVE_MASS_FLUXES::GET_BBRCFACE_RHO_D_DZDN,ccib.f90,B1,module_global,CC_SCALARS,pointer,RW,ccib.f90:11625,no,yes,no,no,
predictor/corrector,CC_SCALARS::CC_DIFFUSIVE_MASS_FLUXES::GET_BBRCFACE_RHO_D_DZDN,ccib.f90,BC,module_global,CC_SCALARS,pointer,RW,ccib.f90:11626,no,yes,no,no,
predictor/corrector,CC_SCALARS::CC_DIFFUSIVE_MASS_FLUXES::GET_BBRCFACE_RHO_D_DZDN,ccib.f90,WC,module_global,CC_SCALARS,pointer,RW,ccib.f90:11624,no,yes,no,no,
predictor/corrector,CC_SCALARS::CC_DIFFUSIVE_MASS_FLUXES::GET_BBRCFACE_RHO_D_DZDN,ccib.f90,N_TRACKED_SPECIES,module_global,GLOBAL_CONSTANTS,runtime_scalar,R,ccib.f90:11637,no,yes,no,no,
predictor/corrector,CC_SCALARS::CC_DIFFUSIVE_MASS_FLUXES::GET_BBRCFACE_RHO_D_DZDN,ccib.f90,BOUNDARY_COORD,mesh_field,MESH_TYPE,wall_obst_cutcell,R,ccib.f90:11626,no,yes,no,no,via=alias:BC|ptr
predictor/corrector,CC_SCALARS::CC_DIFFUSIVE_MASS_FLUXES::GET_BBRCFACE_RHO_D_DZDN,ccib.f90,BOUNDARY_PROP1,mesh_field,MESH_TYPE,wall_obst_cutcell,R,ccib.f90:11625,no,yes,no,no,via=alias:B1|ptr
predictor/corrector,CC_SCALARS::CC_DIFFUSIVE_MASS_FLUXES::GET_BBRCFACE_RHO_D_DZDN,ccib.f90,CUT_CELL,mesh_field,MESH_TYPE,wall_obst_cutcell,R,ccib.f90:11641,no,yes,no,no,via=ptr
predictor/corrector,CC_SCALARS::CC_DIFFUSIVE_MASS_FLUXES::GET_BBRCFACE_RHO_D_DZDN,ccib.f90,RC_FACE,mesh_field,MESH_TYPE,wall_obst_cutcell,R,ccib.f90:11634,no,yes,no,no,via=ptr
predictor/corrector,CC_SCALARS::CC_DIFFUSIVE_MASS_FLUXES::GET_BBRCFACE_RHO_D_DZDN,ccib.f90,WALL,mesh_field,MESH_TYPE,wall_obst_cutcell,R,ccib.f90:11624,no,yes,no,no,via=alias:WC|ptr
predictor/corrector,CC_SCALARS::CC_DIFFUSIVE_MASS_FLUXES::GET_BBRCFACE_RHO_D_DZDN,ccib.f90,X,mesh_field,MESH_TYPE,grid_geometry,R,ccib.f90:11649,no,yes,no,no,via=MESHES
predictor/corrector,CC_SCALARS::CC_DIFFUSIVE_MASS_FLUXES::GET_BBRCFACE_RHO_D_DZDN,ccib.f90,Y,mesh_field,MESH_TYPE,grid_geometry,R,ccib.f90:11651,no,yes,no,no,via=MESHES
predictor/corrector,CC_SCALARS::CC_DIFFUSIVE_MASS_FLUXES::GET_BBRCFACE_RHO_D_DZDN,ccib.f90,Z,mesh_field,MESH_TYPE,grid_geometry,R,ccib.f90:11653,no,yes,no,no,via=MESHES
predictor/corrector,CC_SCALARS::CC_DIFFUSIVE_MASS_FLUXES::GET_BBRCFACE_RHO_D_DZDN,ccib.f90,ZZ,mesh_field,MESH_TYPE,cell_centred_solution,R,ccib.f90:11636,no,yes,no,no,via=alias:ZZP
predictor/corrector,CC_SCALARS::CC_DIFFUSIVE_MASS_FLUXES::GET_BBREGFACE_RHO_D_DZDN,ccib.f90,B1,module_global,CC_SCALARS,pointer,RW,ccib.f90:11602,no,yes,no,no,
predictor/corrector,CC_SCALARS::CC_DIFFUSIVE_MASS_FLUXES::GET_BBREGFACE_RHO_D_DZDN,ccib.f90,BC,module_global,CC_SCALARS,pointer,RW,ccib.f90:11603,no,yes,no,no,
predictor/corrector,CC_SCALARS::CC_DIFFUSIVE_MASS_FLUXES::GET_BBREGFACE_RHO_D_DZDN,ccib.f90,WC,module_global,CC_SCALARS,pointer,RW,ccib.f90:11601,no,yes,no,no,
predictor/corrector,CC_SCALARS::CC_DIFFUSIVE_MASS_FLUXES::GET_BBREGFACE_RHO_D_DZDN,ccib.f90,N_TRACKED_SPECIES,module_global,GLOBAL_CONSTANTS,runtime_scalar,R,ccib.f90:11608,no,yes,no,no,
predictor/corrector,CC_SCALARS::CC_DIFFUSIVE_MASS_FLUXES::GET_BBREGFACE_RHO_D_DZDN,ccib.f90,BOUNDARY_COORD,mesh_field,MESH_TYPE,wall_obst_cutcell,R,ccib.f90:11603,no,yes,no,no,via=alias:BC|ptr
predictor/corrector,CC_SCALARS::CC_DIFFUSIVE_MASS_FLUXES::GET_BBREGFACE_RHO_D_DZDN,ccib.f90,BOUNDARY_PROP1,mesh_field,MESH_TYPE,wall_obst_cutcell,R,ccib.f90:11602,no,yes,no,no,via=alias:B1|ptr
predictor/corrector,CC_SCALARS::CC_DIFFUSIVE_MASS_FLUXES::GET_BBREGFACE_RHO_D_DZDN,ccib.f90,WALL,mesh_field,MESH_TYPE,wall_obst_cutcell,R,ccib.f90:11601,no,yes,no,no,via=alias:WC|ptr
predictor/corrector,CC_SCALARS::CC_DIFFUSIVE_MASS_FLUXES::GET_BBREGFACE_RHO_D_DZDN,ccib.f90,ZZ,mesh_field,MESH_TYPE,cell_centred_solution,R,ccib.f90:11609,no,yes,no,no,via=alias:ZZP
predictor/corrector,CC_SCALARS::CC_DIVERGENCE_PART_1,ccib.f90,CC,module_global,CC_SCALARS,pointer,RW,ccib.f90:8528,no,yes,no,no,
predictor/corrector,CC_SCALARS::CC_DIVERGENCE_PART_1,ccib.f90,NUNKZ_LOC,module_global,CC_SCALARS,runtime_array,R,ccib.f90:8765,no,yes,no,no,
predictor/corrector,CC_SCALARS::CC_DIVERGENCE_PART_1,ccib.f90,NUNKZ_LOCAL,module_global,CC_SCALARS,runtime_scalar,R,ccib.f90:8713,no,yes,no,no,
predictor/corrector,CC_SCALARS::CC_DIVERGENCE_PART_1,ccib.f90,RHO_0_CV,module_global,CC_SCALARS,runtime_array,R,ccib.f90:8629,no,yes,no,no,
predictor/corrector,CC_SCALARS::CC_DIVERGENCE_PART_1,ccib.f90,UNKZ_ILC,module_global,CC_SCALARS,runtime_array,R,ccib.f90:8765,no,yes,no,no,
predictor/corrector,CC_SCALARS::CC_DIVERGENCE_PART_1,ccib.f90,UNKZ_IND,module_global,CC_SCALARS,runtime_array,R,ccib.f90:8629,no,yes,no,no,
predictor/corrector,CC_SCALARS::CC_DIVERGENCE_PART_1,ccib.f90,NM_START,module_global,COMPLEX_GEOMETRY,runtime_scalar,R,ccib.f90:8629,no,yes,no,no,
predictor/corrector,CC_SCALARS::CC_DIVERGENCE_PART_1,ccib.f90,T_CC_USED,module_global,COMPLEX_GEOMETRY,runtime_array,RW,ccib.f90:8836,no,yes,no,no,
predictor/corrector,CC_SCALARS::CC_DIVERGENCE_PART_1,ccib.f90,CONSTANT_SPECIFIC_HEAT_RATIO,module_global,GLOBAL_CONSTANTS,runtime_scalar,R,ccib.f90:8503,no,yes,no,no,
predictor/corrector,CC_SCALARS::CC_DIVERGENCE_PART_1,ccib.f90,CORRECTOR,module_global,GLOBAL_CONSTANTS,runtime_scalar,R,ccib.f90:8396,no,yes,no,no,
predictor/corrector,CC_SCALARS::CC_DIVERGENCE_PART_1,ccib.f90,GVEC,module_global,GLOBAL_CONSTANTS,runtime_array,R,ccib.f90:8629,no,yes,no,no,
predictor/corrector,CC_SCALARS::CC_DIVERGENCE_PART_1,ccib.f90,N_TOTAL_SCALARS,module_global,GLOBAL_CONSTANTS,runtime_scalar,R,ccib.f90:8388,no,yes,no,no,
predictor/corrector,CC_SCALARS::CC_DIVERGENCE_PART_1,ccib.f90,N_TRACKED_SPECIES,module_global,GLOBAL_CONSTANTS,runtime_scalar,R,ccib.f90:8431,no,yes,no,no,
predictor/corrector,CC_SCALARS::CC_DIVERGENCE_PART_1,ccib.f90,PERIODIC_TEST,module_global,GLOBAL_CONSTANTS,runtime_scalar,R,ccib.f90:8644,no,yes,no,no,
predictor/corrector,CC_SCALARS::CC_DIVERGENCE_PART_1,ccib.f90,PREDICTOR,module_global,GLOBAL_CONSTANTS,runtime_scalar,R,ccib.f90:8364,no,yes,no,no,
predictor/corrector,CC_SCALARS::CC_DIVERGENCE_PART_1,ccib.f90,SOLID_PHASE_ONLY,module_global,GLOBAL_CONSTANTS,runtime_scalar,R,ccib.f90:8353,no,yes,no,no,
predictor/corrector,CC_SCALARS::CC_DIVERGENCE_PART_1,ccib.f90,STRATIFICATION,module_global,GLOBAL_CONSTANTS,runtime_scalar,R,ccib.f90:8621,no,yes,no,no,
predictor/corrector,CC_SCALARS::CC_DIVERGENCE_PART_1,ccib.f90,T_USED,module_global,GLOBAL_CONSTANTS,runtime_array,RW,ccib.f90:8834,no,yes,no,no,
predictor/corrector,CC_SCALARS::CC_DIVERGENCE_PART_1,ccib.f90,SPECIES_MIXTURE,module_global,TYPES,runtime_array,R,ccib.f90:8550,no,yes,no,no,
predictor/corrector,CC_SCALARS::CC_DIVERGENCE_PART_1,ccib.f90,CCVAR,mesh_field,MESH_TYPE,wall_obst_cutcell,R,ccib.f90:8386,no,yes,no,no,via=ptr
predictor/corrector,CC_SCALARS::CC_DIVERGENCE_PART_1,ccib.f90,CELL,mesh_field,MESH_TYPE,wall_obst_cutcell,R,ccib.f90:8528,no,yes,no,no,via=ptr
predictor/corrector,CC_SCALARS::CC_DIVERGENCE_PART_1,ccib.f90,CELL_INDEX,mesh_field,MESH_TYPE,wall_obst_cutcell,R,ccib.f90:8528,no,yes,no,no,via=ptr
predictor/corrector,CC_SCALARS::CC_DIVERGENCE_PART_1,ccib.f90,CUT_CELL,mesh_field,MESH_TYPE,wall_obst_cutcell,RW,ccib.f90:8393,no,yes,no,no,via=alias:CC|ptr
predictor/corrector,CC_SCALARS::CC_DIVERGENCE_PART_1,ccib.f90,D,mesh_field,MESH_TYPE,cell_centred_solution,RW,ccib.f90:8371,no,yes,no,no,via=alias:DP|alias:DPVOL|ptr
predictor/corrector,CC_SCALARS::CC_DIVERGENCE_PART_1,ccib.f90,DEL_RHO_D_DEL_Z,mesh_field,MESH_TYPE,cell_centred_solution,RW,ccib.f90:8388,no,yes,no,no,via=ptr
predictor/corrector,CC_SCALARS::CC_DIVERGENCE_PART_1,ccib.f90,DS,mesh_field,MESH_TYPE,cell_centred_solution,R,ccib.f90:8366,no,yes,no,no,via=ptr
predictor/corrector,CC_SCALARS::CC_DIVERGENCE_PART_1,ccib.f90,DX,mesh_field,MESH_TYPE,grid_geometry,R,ccib.f90:8402,no,yes,no,no,via=ptr
predictor/corrector,CC_SCALARS::CC_DIVERGENCE_PART_1,ccib.f90,DY,mesh_field,MESH_TYPE,grid_geometry,R,ccib.f90:8402,no,yes,no,no,via=ptr
predictor/corrector,CC_SCALARS::CC_DIVERGENCE_PART_1,ccib.f90,DZ,mesh_field,MESH_TYPE,grid_geometry,R,ccib.f90:8402,no,yes,no,no,via=ptr
predictor/corrector,CC_SCALARS::CC_DIVERGENCE_PART_1,ccib.f90,D_SOURCE,mesh_field,MESH_TYPE,cell_centred_solution,R,ccib.f90:8409,no,yes,no,no,via=ptr
predictor/corrector,CC_SCALARS::CC_DIVERGENCE_PART_1,ccib.f90,IBAR,mesh_field,MESH_TYPE,grid_geometry,R,ccib.f90:8385,no,yes,no,no,via=ptr
predictor/corrector,CC_SCALARS::CC_DIVERGENCE_PART_1,ccib.f90,JBAR,mesh_field,MESH_TYPE,grid_geometry,R,ccib.f90:8384,no,yes,no,no,via=ptr
predictor/corrector,CC_SCALARS::CC_DIVERGENCE_PART_1,ccib.f90,KBAR,mesh_field,MESH_TYPE,grid_geometry,R,ccib.f90:8383,no,yes,no,no,via=ptr
predictor/corrector,CC_SCALARS::CC_DIVERGENCE_PART_1,ccib.f90,M_DOT_PPP,mesh_field,MESH_TYPE,cell_centred_solution,R,ccib.f90:8411,no,yes,no,no,via=ptr
predictor/corrector,CC_SCALARS::CC_DIVERGENCE_PART_1,ccib.f90,N_CUTCELL_MESH,mesh_field,MESH_TYPE,wall_obst_cutcell,R,ccib.f90:8392,no,yes,no,no,via=MESHES
predictor/corrector,CC_SCALARS::CC_DIVERGENCE_PART_1,ccib.f90,PBAR,mesh_field,MESH_TYPE,pressure_solver,R,ccib.f90:8372,no,yes,no,no,via=alias:PBAR_P|ptr
predictor/corrector,CC_SCALARS::CC_DIVERGENCE_PART_1,ccib.f90,PBAR_S,mesh_field,MESH_TYPE,pressure_solver,R,ccib.f90:8367,no,yes,no,no,via=ptr
predictor/corrector,CC_SCALARS::CC_DIVERGENCE_PART_1,ccib.f90,Q,mesh_field,MESH_TYPE,cell_centred_solution,R,ccib.f90:8474,no,yes,no,no,via=ptr
predictor/corrector,CC_SCALARS::CC_DIVERGENCE_PART_1,ccib.f90,QR,mesh_field,MESH_TYPE,radiation,R,ccib.f90:8474,no,yes,no,no,via=ptr
predictor/corrector,CC_SCALARS::CC_DIVERGENCE_PART_1,ccib.f90,RHO,mesh_field,MESH_TYPE,cell_centred_solution,R,ccib.f90:8373,no,yes,no,no,via=alias:RHOP|ptr
predictor/corrector,CC_SCALARS::CC_DIVERGENCE_PART_1,ccib.f90,RHOS,mesh_field,MESH_TYPE,cell_centred_solution,R,ccib.f90:8368,no,yes,no,no,via=ptr
predictor/corrector,CC_SCALARS::CC_DIVERGENCE_PART_1,ccib.f90,RSUM,mesh_field,MESH_TYPE,cell_centred_solution,R,ccib.f90:8559,no,yes,no,no,via=ptr
predictor/corrector,CC_SCALARS::CC_DIVERGENCE_PART_1,ccib.f90,R_PBAR,mesh_field,MESH_TYPE,pressure_solver,W,ccib.f90:8378,no,yes,no,no,via=ptr
predictor/corrector,CC_SCALARS::CC_DIVERGENCE_PART_1,ccib.f90,TMP,mesh_field,MESH_TYPE,cell_centred_solution,R,ccib.f90:8518,no,yes,no,no,via=ptr
predictor/corrector,CC_SCALARS::CC_DIVERGENCE_PART_1,ccib.f90,U,mesh_field,MESH_TYPE,face_centred_flux,R,ccib.f90:8492,no,yes,no,no,via=ptr
predictor/corrector,CC_SCALARS::CC_DIVERGENCE_PART_1,ccib.f90,US,mesh_field,MESH_TYPE,face_centred_flux,R,ccib.f90:8497,no,yes,no,no,via=ptr
predictor/corrector,CC_SCALARS::CC_DIVERGENCE_PART_1,ccib.f90,V,mesh_field,MESH_TYPE,face_centred_flux,R,ccib.f90:8493,no,yes,no,no,via=ptr
predictor/corrector,CC_SCALARS::CC_DIVERGENCE_PART_1,ccib.f90,VS,mesh_field,MESH_TYPE,face_centred_flux,R,ccib.f90:8498,no,yes,no,no,via=ptr
predictor/corrector,CC_SCALARS::CC_DIVERGENCE_PART_1,ccib.f90,W,mesh_field,MESH_TYPE,face_centred_flux,R,ccib.f90:8494,no,yes,no,no,via=ptr
predictor/corrector,CC_SCALARS::CC_DIVERGENCE_PART_1,ccib.f90,WORK1,mesh_field,MESH_TYPE,scratch_work,RW,ccib.f90:8380,no,yes,no,no,via=alias:RTRM|ptr
predictor/corrector,CC_SCALARS::CC_DIVERGENCE_PART_1,ccib.f90,WORK5,mesh_field,MESH_TYPE,scratch_work,RW,ccib.f90:8509,no,yes,no,no,via=alias:CP|ptr
predictor/corrector,CC_SCALARS::CC_DIVERGENCE_PART_1,ccib.f90,WORK9,mesh_field,MESH_TYPE,scratch_work,RW,ccib.f90:8510,no,yes,no,no,via=alias:R_H_G|ptr
predictor/corrector,CC_SCALARS::CC_DIVERGENCE_PART_1,ccib.f90,WS,mesh_field,MESH_TYPE,face_centred_flux,R,ccib.f90:8499,no,yes,no,no,via=alias:WW|ptr
predictor/corrector,CC_SCALARS::CC_DIVERGENCE_PART_1,ccib.f90,XC,mesh_field,MESH_TYPE,grid_geometry,R,ccib.f90:8653,no,yes,no,no,via=ptr
predictor/corrector,CC_SCALARS::CC_DIVERGENCE_PART_1,ccib.f90,ZC,mesh_field,MESH_TYPE,grid_geometry,R,ccib.f90:8654,no,yes,no,no,via=ptr
predictor/corrector,CC_SCALARS::CC_DIVERGENCE_PART_1,ccib.f90,ZZ,mesh_field,MESH_TYPE,cell_centred_solution,R,ccib.f90:8428,no,yes,no,no,via=alias:ZZP|ptr
predictor/corrector,CC_SCALARS::CC_DIVERGENCE_PART_1,ccib.f90,ZZS,mesh_field,MESH_TYPE,cell_centred_solution,R,ccib.f90:8426,no,yes,no,no,via=alias:ZZP|ptr
predictor/corrector,CC_SCALARS::CC_DIVERGENCE_PART_1::CCENTHALPY_ADVECTION,ccib.f90,BC,module_global,CC_SCALARS,pointer,RW,ccib.f90:9910,no,yes,no,no,
predictor/corrector,CC_SCALARS::CC_DIVERGENCE_PART_1::CCENTHALPY_ADVECTION,ccib.f90,CFA,module_global,CC_SCALARS,pointer,RW,ccib.f90:10188,no,yes,no,no,
predictor/corrector,CC_SCALARS::CC_DIVERGENCE_PART_1::CCENTHALPY_ADVECTION,ccib.f90,F_TEMP,module_global,CC_SCALARS,pointer,RW,ccib.f90:9515,no,yes,no,no,
predictor/corrector,CC_SCALARS::CC_DIVERGENCE_PART_1::CCENTHALPY_ADVECTION,ccib.f90,F_WORK,module_global,CC_SCALARS,runtime_array,R,ccib.f90:9515,no,yes,no,no,
predictor/corrector,CC_SCALARS::CC_DIVERGENCE_PART_1::CCENTHALPY_ADVECTION,ccib.f90,U_TEMP,module_global,CC_SCALARS,pointer,RW,ccib.f90:9514,no,yes,no,no,
predictor/corrector,CC_SCALARS::CC_DIVERGENCE_PART_1::CCENTHALPY_ADVECTION,ccib.f90,U_WORK,module_global,CC_SCALARS,runtime_array,R,ccib.f90:9514,no,yes,no,no,
predictor/corrector,CC_SCALARS::CC_DIVERGENCE_PART_1::CCENTHALPY_ADVECTION,ccib.f90,WC,module_global,CC_SCALARS,pointer,RW,ccib.f90:9908,no,yes,no,no,
predictor/corrector,CC_SCALARS::CC_DIVERGENCE_PART_1::CCENTHALPY_ADVECTION,ccib.f90,Z_TEMP,module_global,CC_SCALARS,pointer,RW,ccib.f90:9516,no,yes,no,no,
predictor/corrector,CC_SCALARS::CC_DIVERGENCE_PART_1::CCENTHALPY_ADVECTION,ccib.f90,Z_WORK,module_global,CC_SCALARS,runtime_array,R,ccib.f90:9516,no,yes,no,no,
predictor/corrector,CC_SCALARS::CC_DIVERGENCE_PART_1::CCENTHALPY_ADVECTION,ccib.f90,I_FLUX_LIMITER,module_global,GLOBAL_CONSTANTS,runtime_scalar,R,ccib.f90:9654,no,yes,no,no,
predictor/corrector,CC_SCALARS::CC_DIVERGENCE_PART_1::CCENTHALPY_ADVECTION,ccib.f90,N_TRACKED_SPECIES,module_global,GLOBAL_CONSTANTS,runtime_scalar,R,ccib.f90:9535,no,yes,no,no,
predictor/corrector,CC_SCALARS::CC_DIVERGENCE_PART_1::CCENTHALPY_ADVECTION,ccib.f90,BOUNDARY_COORD,mesh_field,MESH_TYPE,wall_obst_cutcell,R,ccib.f90:9910,no,yes,no,no,via=alias:BC|ptr
predictor/corrector,CC_SCALARS::CC_DIVERGENCE_PART_1::CCENTHALPY_ADVECTION,ccib.f90,BOUNDARY_PROP1,mesh_field,MESH_TYPE,wall_obst_cutcell,R,ccib.f90:9909,no,yes,no,no,via=alias:B1|ptr
predictor/corrector,CC_SCALARS::CC_DIVERGENCE_PART_1::CCENTHALPY_ADVECTION,ccib.f90,CCVAR,mesh_field,MESH_TYPE,wall_obst_cutcell,R,ccib.f90:9634,no,yes,no,no,via=ptr
predictor/corrector,CC_SCALARS::CC_DIVERGENCE_PART_1::CCENTHALPY_ADVECTION,ccib.f90,CC_NBBRCFACE_Z,mesh_field,MESH_TYPE,wall_obst_cutcell,R,ccib.f90:10019,no,yes,no,no,via=MESHES
predictor/corrector,CC_SCALARS::CC_DIVERGENCE_PART_1::CCENTHALPY_ADVECTION,ccib.f90,CC_NRCFACE_Z,mesh_field,MESH_TYPE,wall_obst_cutcell,R,ccib.f90:9603,no,yes,no,no,via=MESHES
predictor/corrector,CC_SCALARS::CC_DIVERGENCE_PART_1::CCENTHALPY_ADVECTION,ccib.f90,CC_NREGFACE_Z,mesh_field,MESH_TYPE,wall_obst_cutcell,R,ccib.f90:9521,no,yes,no,no,via=MESHES
predictor/corrector,CC_SCALARS::CC_DIVERGENCE_PART_1::CCENTHALPY_ADVECTION,ccib.f90,CC_REGFACE_IAXIS_Z,mesh_field,MESH_TYPE,wall_obst_cutcell,R,ccib.f90:9520,no,yes,no,no,via=alias:REGFACE_Z|ptr
predictor/corrector,CC_SCALARS::CC_DIVERGENCE_PART_1::CCENTHALPY_ADVECTION,ccib.f90,CC_REGFACE_JAXIS_Z,mesh_field,MESH_TYPE,wall_obst_cutcell,R,ccib.f90:9548,no,yes,no,no,via=alias:REGFACE_Z|ptr
predictor/corrector,CC_SCALARS::CC_DIVERGENCE_PART_1::CCENTHALPY_ADVECTION,ccib.f90,CC_REGFACE_KAXIS_Z,mesh_field,MESH_TYPE,wall_obst_cutcell,R,ccib.f90:9576,no,yes,no,no,via=alias:REGFACE_Z|ptr
predictor/corrector,CC_SCALARS::CC_DIVERGENCE_PART_1::CCENTHALPY_ADVECTION,ccib.f90,CELL,mesh_field,MESH_TYPE,wall_obst_cutcell,R,ccib.f90:9634,no,yes,no,no,via=ptr
predictor/corrector,CC_SCALARS::CC_DIVERGENCE_PART_1::CCENTHALPY_ADVECTION,ccib.f90,CELL_INDEX,mesh_field,MESH_TYPE,wall_obst_cutcell,R,ccib.f90:9634,no,yes,no,no,via=ptr
predictor/corrector,CC_SCALARS::CC_DIVERGENCE_PART_1::CCENTHALPY_ADVECTION,ccib.f90,CFACE,mesh_field,MESH_TYPE,wall_obst_cutcell,R,ccib.f90:10154,no,yes,no,no,via=alias:CFA|ptr
predictor/corrector,CC_SCALARS::CC_DIVERGENCE_PART_1::CCENTHALPY_ADVECTION,ccib.f90,CUT_CELL,mesh_field,MESH_TYPE,wall_obst_cutcell,RW,ccib.f90:9624,no,yes,no,no,via=ptr
predictor/corrector,CC_SCALARS::CC_DIVERGENCE_PART_1::CCENTHALPY_ADVECTION,ccib.f90,CUT_FACE,mesh_field,MESH_TYPE,wall_obst_cutcell,R,ccib.f90:9793,no,yes,no,no,via=MESHES|ptr
predictor/corrector,CC_SCALARS::CC_DIVERGENCE_PART_1::CCENTHALPY_ADVECTION,ccib.f90,D,mesh_field,MESH_TYPE,cell_centred_solution,RW,ccib.f90:9542,no,yes,no,no,via=alias:DPVOL
predictor/corrector,CC_SCALARS::CC_DIVERGENCE_PART_1::CCENTHALPY_ADVECTION,ccib.f90,DX,mesh_field,MESH_TYPE,grid_geometry,R,ccib.f90:9568,no,yes,no,no,via=ptr
predictor/corrector,CC_SCALARS::CC_DIVERGENCE_PART_1::CCENTHALPY_ADVECTION,ccib.f90,DY,mesh_field,MESH_TYPE,grid_geometry,R,ccib.f90:9540,no,yes,no,no,via=ptr
predictor/corrector,CC_SCALARS::CC_DIVERGENCE_PART_1::CCENTHALPY_ADVECTION,ccib.f90,DZ,mesh_field,MESH_TYPE,grid_geometry,R,ccib.f90:9540,no,yes,no,no,via=ptr
predictor/corrector,CC_SCALARS::CC_DIVERGENCE_PART_1::CCENTHALPY_ADVECTION,ccib.f90,INTERNAL_CFACE_CELLS_LB,mesh_field,MESH_TYPE,wall_obst_cutcell,R,ccib.f90:10187,no,yes,no,no,via=ptr
predictor/corrector,CC_SCALARS::CC_DIVERGENCE_PART_1::CCENTHALPY_ADVECTION,ccib.f90,N_CUTCELL_MESH,mesh_field,MESH_TYPE,wall_obst_cutcell,R,ccib.f90:9664,no,yes,no,no,via=MESHES
predictor/corrector,CC_SCALARS::CC_DIVERGENCE_PART_1::CCENTHALPY_ADVECTION,ccib.f90,N_CUTFACE_MESH,mesh_field,MESH_TYPE,wall_obst_cutcell,R,ccib.f90:9792,no,yes,no,no,via=MESHES
predictor/corrector,CC_SCALARS::CC_DIVERGENCE_PART_1::CCENTHALPY_ADVECTION,ccib.f90,N_INTERNAL_CFACE_CELLS,mesh_field,MESH_TYPE,wall_obst_cutcell,R,ccib.f90:10187,no,yes,no,no,via=ptr
predictor/corrector,CC_SCALARS::CC_DIVERGENCE_PART_1::CCENTHALPY_ADVECTION,ccib.f90,RC_FACE,mesh_field,MESH_TYPE,wall_obst_cutcell,R,ccib.f90:9604,no,yes,no,no,via=ptr
predictor/corrector,CC_SCALARS::CC_DIVERGENCE_PART_1::CCENTHALPY_ADVECTION,ccib.f90,RHO,mesh_field,MESH_TYPE,cell_centred_solution,R,ccib.f90:9530,no,yes,no,no,via=alias:RHOP
predictor/corrector,CC_SCALARS::CC_DIVERGENCE_PART_1::CCENTHALPY_ADVECTION,ccib.f90,TMP,mesh_field,MESH_TYPE,cell_centred_solution,R,ccib.f90:9531,no,yes,no,no,via=ptr
predictor/corrector,CC_SCALARS::CC_DIVERGENCE_PART_1::CCENTHALPY_ADVECTION,ccib.f90,US,mesh_field,MESH_TYPE,face_centred_flux,R,ccib.f90:9541,no,yes,no,no,via=alias:UU
predictor/corrector,CC_SCALARS::CC_DIVERGENCE_PART_1::CCENTHALPY_ADVECTION,ccib.f90,UVW_SAVE,mesh_field,MESH_TYPE,ghost_boundary,R,ccib.f90:9541,no,yes,no,no,via=ptr
predictor/corrector,CC_SCALARS::CC_DIVERGENCE_PART_1::CCENTHALPY_ADVECTION,ccib.f90,VS,mesh_field,MESH_TYPE,face_centred_flux,R,ccib.f90:9569,no,yes,no,no,via=alias:VV
predictor/corrector,CC_SCALARS::CC_DIVERGENCE_PART_1::CCENTHALPY_ADVECTION,ccib.f90,WALL,mesh_field,MESH_TYPE,wall_obst_cutcell,R,ccib.f90:9523,no,yes,no,no,via=alias:WC|ptr
predictor/corrector,CC_SCALARS::CC_DIVERGENCE_PART_1::CCENTHALPY_ADVECTION,ccib.f90,WS,mesh_field,MESH_TYPE,face_centred_flux,R,ccib.f90:9597,no,yes,no,no,via=alias:WW
predictor/corrector,CC_SCALARS::CC_DIVERGENCE_PART_1::CCENTHALPY_ADVECTION,ccib.f90,ZZ,mesh_field,MESH_TYPE,cell_centred_solution,R,ccib.f90:9535,no,yes,no,no,via=alias:ZZP
predictor/corrector,CC_SCALARS::CC_DIVERGENCE_PART_1::CCENTHALPY_ADVECTION,ccib.f90,ZZS,mesh_field,MESH_TYPE,cell_centred_solution,R,ccib.f90:9535,no,yes,no,no,via=alias:ZZP
predictor/corrector,CC_SCALARS::CC_DIVERGENCE_PART_1::CCSPECIES_ADVECTION,ccib.f90,BC,module_global,CC_SCALARS,pointer,RW,ccib.f90:9021,no,yes,no,no,
predictor/corrector,CC_SCALARS::CC_DIVERGENCE_PART_1::CCSPECIES_ADVECTION,ccib.f90,CC,module_global,CC_SCALARS,pointer,RW,ccib.f90:8975,no,yes,no,no,
predictor/corrector,CC_SCALARS::CC_DIVERGENCE_PART_1::CCSPECIES_ADVECTION,ccib.f90,CF,module_global,CC_SCALARS,pointer,RW,ccib.f90:9342,no,yes,no,no,
predictor/corrector,CC_SCALARS::CC_DIVERGENCE_PART_1::CCSPECIES_ADVECTION,ccib.f90,CFA,module_global,CC_SCALARS,pointer,RW,ccib.f90:9475,no,yes,no,no,
predictor/corrector,CC_SCALARS::CC_DIVERGENCE_PART_1::CCSPECIES_ADVECTION,ccib.f90,F_TEMP,module_global,CC_SCALARS,pointer,RW,ccib.f90:8970,no,yes,no,no,
predictor/corrector,CC_SCALARS::CC_DIVERGENCE_PART_1::CCSPECIES_ADVECTION,ccib.f90,F_WORK,module_global,CC_SCALARS,runtime_array,R,ccib.f90:8970,no,yes,no,no,
predictor/corrector,CC_SCALARS::CC_DIVERGENCE_PART_1::CCSPECIES_ADVECTION,ccib.f90,RCF,module_global,CC_SCALARS,pointer,RW,ccib.f90:9089,no,yes,no,no,
predictor/corrector,CC_SCALARS::CC_DIVERGENCE_PART_1::CCSPECIES_ADVECTION,ccib.f90,U_TEMP,module_global,CC_SCALARS,pointer,RW,ccib.f90:8969,no,yes,no,no,
predictor/corrector,CC_SCALARS::CC_DIVERGENCE_PART_1::CCSPECIES_ADVECTION,ccib.f90,U_WORK,module_global,CC_SCALARS,runtime_array,R,ccib.f90:8969,no,yes,no,no,
predictor/corrector,CC_SCALARS::CC_DIVERGENCE_PART_1::CCSPECIES_ADVECTION,ccib.f90,WC,module_global,CC_SCALARS,pointer,RW,ccib.f90:8983,no,yes,no,no,
predictor/corrector,CC_SCALARS::CC_DIVERGENCE_PART_1::CCSPECIES_ADVECTION,ccib.f90,Z_TEMP,module_global,CC_SCALARS,pointer,RW,ccib.f90:8971,no,yes,no,no,
predictor/corrector,CC_SCALARS::CC_DIVERGENCE_PART_1::CCSPECIES_ADVECTION,ccib.f90,Z_WORK,module_global,CC_SCALARS,runtime_array,R,ccib.f90:8971,no,yes,no,no,
predictor/corrector,CC_SCALARS::CC_DIVERGENCE_PART_1::CCSPECIES_ADVECTION,ccib.f90,CORRECTOR,module_global,GLOBAL_CONSTANTS,runtime_scalar,R,ccib.f90:8997,no,yes,no,no,
predictor/corrector,CC_SCALARS::CC_DIVERGENCE_PART_1::CCSPECIES_ADVECTION,ccib.f90,I_FLUX_LIMITER,module_global,GLOBAL_CONSTANTS,runtime_scalar,R,ccib.f90:9215,no,yes,no,no,
predictor/corrector,CC_SCALARS::CC_DIVERGENCE_PART_1::CCSPECIES_ADVECTION,ccib.f90,PREDICTOR,module_global,GLOBAL_CONSTANTS,runtime_scalar,R,ccib.f90:8996,no,yes,no,no,
predictor/corrector,CC_SCALARS::CC_DIVERGENCE_PART_1::CCSPECIES_ADVECTION,ccib.f90,BOUNDARY_COORD,mesh_field,MESH_TYPE,wall_obst_cutcell,R,ccib.f90:8985,no,yes,no,no,via=alias:BC|ptr
predictor/corrector,CC_SCALARS::CC_DIVERGENCE_PART_1::CCSPECIES_ADVECTION,ccib.f90,BOUNDARY_PROP1,mesh_field,MESH_TYPE,wall_obst_cutcell,R,ccib.f90:8984,no,yes,no,no,via=alias:B1|ptr
predictor/corrector,CC_SCALARS::CC_DIVERGENCE_PART_1::CCSPECIES_ADVECTION,ccib.f90,CCVAR,mesh_field,MESH_TYPE,wall_obst_cutcell,R,ccib.f90:9196,no,yes,no,no,via=ptr
predictor/corrector,CC_SCALARS::CC_DIVERGENCE_PART_1::CCSPECIES_ADVECTION,ccib.f90,CC_NRCFACE_Z,mesh_field,MESH_TYPE,wall_obst_cutcell,R,ccib.f90:9088,no,yes,no,no,via=MESHES
predictor/corrector,CC_SCALARS::CC_DIVERGENCE_PART_1::CCSPECIES_ADVECTION,ccib.f90,CC_NREGFACE_Z,mesh_field,MESH_TYPE,wall_obst_cutcell,R,ccib.f90:8980,no,yes,no,no,via=MESHES
predictor/corrector,CC_SCALARS::CC_DIVERGENCE_PART_1::CCSPECIES_ADVECTION,ccib.f90,CC_REGFACE_IAXIS_Z,mesh_field,MESH_TYPE,wall_obst_cutcell,R,ccib.f90:8979,no,yes,no,no,via=alias:RGF|ptr
predictor/corrector,CC_SCALARS::CC_DIVERGENCE_PART_1::CCSPECIES_ADVECTION,ccib.f90,CC_REGFACE_JAXIS_Z,mesh_field,MESH_TYPE,wall_obst_cutcell,R,ccib.f90:9015,no,yes,no,no,via=alias:RGF|ptr
predictor/corrector,CC_SCALARS::CC_DIVERGENCE_PART_1::CCSPECIES_ADVECTION,ccib.f90,CC_REGFACE_KAXIS_Z,mesh_field,MESH_TYPE,wall_obst_cutcell,R,ccib.f90:9052,no,yes,no,no,via=alias:RGF|ptr
predictor/corrector,CC_SCALARS::CC_DIVERGENCE_PART_1::CCSPECIES_ADVECTION,ccib.f90,CELL,mesh_field,MESH_TYPE,wall_obst_cutcell,R,ccib.f90:9196,no,yes,no,no,via=ptr
predictor/corrector,CC_SCALARS::CC_DIVERGENCE_PART_1::CCSPECIES_ADVECTION,ccib.f90,CELL_INDEX,mesh_field,MESH_TYPE,wall_obst_cutcell,R,ccib.f90:9196,no,yes,no,no,via=ptr
predictor/corrector,CC_SCALARS::CC_DIVERGENCE_PART_1::CCSPECIES_ADVECTION,ccib.f90,CFACE,mesh_field,MESH_TYPE,wall_obst_cutcell,R,ccib.f90:9358,no,yes,no,no,via=alias:CFA|ptr
predictor/corrector,CC_SCALARS::CC_DIVERGENCE_PART_1::CCSPECIES_ADVECTION,ccib.f90,CUT_CELL,mesh_field,MESH_TYPE,wall_obst_cutcell,RW,ccib.f90:8975,no,yes,no,no,via=alias:CC|ptr
predictor/corrector,CC_SCALARS::CC_DIVERGENCE_PART_1::CCSPECIES_ADVECTION,ccib.f90,CUT_FACE,mesh_field,MESH_TYPE,wall_obst_cutcell,R,ccib.f90:9342,no,yes,no,no,via=alias:CF|ptr
predictor/corrector,CC_SCALARS::CC_DIVERGENCE_PART_1::CCSPECIES_ADVECTION,ccib.f90,DX,mesh_field,MESH_TYPE,grid_geometry,R,ccib.f90:9017,no,yes,no,no,via=ptr
predictor/corrector,CC_SCALARS::CC_DIVERGENCE_PART_1::CCSPECIES_ADVECTION,ccib.f90,DY,mesh_field,MESH_TYPE,grid_geometry,R,ccib.f90:8981,no,yes,no,no,via=ptr
predictor/corrector,CC_SCALARS::CC_DIVERGENCE_PART_1::CCSPECIES_ADVECTION,ccib.f90,DZ,mesh_field,MESH_TYPE,grid_geometry,R,ccib.f90:8981,no,yes,no,no,via=ptr
predictor/corrector,CC_SCALARS::CC_DIVERGENCE_PART_1::CCSPECIES_ADVECTION,ccib.f90,INTERNAL_CFACE_CELLS_LB,mesh_field,MESH_TYPE,wall_obst_cutcell,R,ccib.f90:9474,no,yes,no,no,via=ptr
predictor/corrector,CC_SCALARS::CC_DIVERGENCE_PART_1::CCSPECIES_ADVECTION,ccib.f90,N_CUTCELL_MESH,mesh_field,MESH_TYPE,wall_obst_cutcell,R,ccib.f90:8974,no,yes,no,no,via=MESHES
predictor/corrector,CC_SCALARS::CC_DIVERGENCE_PART_1::CCSPECIES_ADVECTION,ccib.f90,N_CUTFACE_MESH,mesh_field,MESH_TYPE,wall_obst_cutcell,R,ccib.f90:9341,no,yes,no,no,via=MESHES
predictor/corrector,CC_SCALARS::CC_DIVERGENCE_PART_1::CCSPECIES_ADVECTION,ccib.f90,N_INTERNAL_CFACE_CELLS,mesh_field,MESH_TYPE,wall_obst_cutcell,R,ccib.f90:9474,no,yes,no,no,via=ptr
predictor/corrector,CC_SCALARS::CC_DIVERGENCE_PART_1::CCSPECIES_ADVECTION,ccib.f90,RC_FACE,mesh_field,MESH_TYPE,wall_obst_cutcell,R,ccib.f90:9089,no,yes,no,no,via=alias:RCF|ptr
predictor/corrector,CC_SCALARS::CC_DIVERGENCE_PART_1::CCSPECIES_ADVECTION,ccib.f90,RHO,mesh_field,MESH_TYPE,cell_centred_solution,R,ccib.f90:8989,no,yes,no,no,via=alias:RHOP
predictor/corrector,CC_SCALARS::CC_DIVERGENCE_PART_1::CCSPECIES_ADVECTION,ccib.f90,US,mesh_field,MESH_TYPE,face_centred_flux,R,ccib.f90:8994,no,yes,no,no,via=alias:UU
predictor/corrector,CC_SCALARS::CC_DIVERGENCE_PART_1::CCSPECIES_ADVECTION,ccib.f90,UVW_SAVE,mesh_field,MESH_TYPE,ghost_boundary,R,ccib.f90:9003,no,yes,no,no,via=ptr
predictor/corrector,CC_SCALARS::CC_DIVERGENCE_PART_1::CCSPECIES_ADVECTION,ccib.f90,VS,mesh_field,MESH_TYPE,face_centred_flux,R,ccib.f90:9031,no,yes,no,no,via=alias:VV
predictor/corrector,CC_SCALARS::CC_DIVERGENCE_PART_1::CCSPECIES_ADVECTION,ccib.f90,WALL,mesh_field,MESH_TYPE,wall_obst_cutcell,R,ccib.f90:8982,no,yes,no,no,via=alias:WC|ptr
predictor/corrector,CC_SCALARS::CC_DIVERGENCE_PART_1::CCSPECIES_ADVECTION,ccib.f90,WORK7,mesh_field,MESH_TYPE,scratch_work,RW,ccib.f90:8967,no,yes,no,no,via=alias:U_DOT_DEL_RHO_Z_VOL|ptr
predictor/corrector,CC_SCALARS::CC_DIVERGENCE_PART_1::CCSPECIES_ADVECTION,ccib.f90,WS,mesh_field,MESH_TYPE,face_centred_flux,R,ccib.f90:9067,no,yes,no,no,via=alias:WW
predictor/corrector,CC_SCALARS::CC_DIVERGENCE_PART_1::CCSPECIES_ADVECTION,ccib.f90,ZZ,mesh_field,MESH_TYPE,cell_centred_solution,R,ccib.f90:8990,no,yes,no,no,via=alias:ZZP
predictor/corrector,CC_SCALARS::CC_DIVERGENCE_PART_1::CCSPECIES_ADVECTION,ccib.f90,ZZS,mesh_field,MESH_TYPE,cell_centred_solution,R,ccib.f90:8990,no,yes,no,no,via=alias:ZZP
predictor/corrector,CC_SCALARS::CC_DIVERGENCE_PART_1::CC_CONDUCTION_HEAT_FLUX,ccib.f90,B1,module_global,CC_SCALARS,pointer,RW,ccib.f90:10952,no,yes,no,no,
predictor/corrector,CC_SCALARS::CC_DIVERGENCE_PART_1::CC_CONDUCTION_HEAT_FLUX,ccib.f90,BC,module_global,CC_SCALARS,pointer,RW,ccib.f90:10953,no,yes,no,no,
predictor/corrector,CC_SCALARS::CC_DIVERGENCE_PART_1::CC_CONDUCTION_HEAT_FLUX,ccib.f90,CFA,module_global,CC_SCALARS,pointer,RW,ccib.f90:11118,no,yes,no,no,
predictor/corrector,CC_SCALARS::CC_DIVERGENCE_PART_1::CC_CONDUCTION_HEAT_FLUX,ccib.f90,WC,module_global,CC_SCALARS,pointer,RW,ccib.f90:10951,no,yes,no,no,
predictor/corrector,CC_SCALARS::CC_DIVERGENCE_PART_1::CC_CONDUCTION_HEAT_FLUX,ccib.f90,CPOPR,module_global,GLOBAL_CONSTANTS,runtime_scalar,R,ccib.f90:11073,no,yes,no,no,
predictor/corrector,CC_SCALARS::CC_DIVERGENCE_PART_1::CC_CONDUCTION_HEAT_FLUX,ccib.f90,N_TRACKED_SPECIES,module_global,GLOBAL_CONSTANTS,runtime_scalar,R,ccib.f90:10662,no,yes,no,no,
predictor/corrector,CC_SCALARS::CC_DIVERGENCE_PART_1::CC_CONDUCTION_HEAT_FLUX,ccib.f90,PREDICTOR,module_global,GLOBAL_CONSTANTS,runtime_scalar,R,ccib.f90:11116,no,yes,no,no,
predictor/corrector,CC_SCALARS::CC_DIVERGENCE_PART_1::CC_CONDUCTION_HEAT_FLUX,ccib.f90,BOUNDARY_COORD,mesh_field,MESH_TYPE,wall_obst_cutcell,R,ccib.f90:10953,no,yes,no,no,via=alias:BC|ptr
predictor/corrector,CC_SCALARS::CC_DIVERGENCE_PART_1::CC_CONDUCTION_HEAT_FLUX,ccib.f90,BOUNDARY_PROP1,mesh_field,MESH_TYPE,wall_obst_cutcell,R,ccib.f90:10952,no,yes,no,no,via=alias:B1|ptr
predictor/corrector,CC_SCALARS::CC_DIVERGENCE_PART_1::CC_CONDUCTION_HEAT_FLUX,ccib.f90,CC_NBBRCFACE_Z,mesh_field,MESH_TYPE,wall_obst_cutcell,R,ccib.f90:10999,no,yes,no,no,via=MESHES
predictor/corrector,CC_SCALARS::CC_DIVERGENCE_PART_1::CC_CONDUCTION_HEAT_FLUX,ccib.f90,CC_NRCFACE_Z,mesh_field,MESH_TYPE,wall_obst_cutcell,R,ccib.f90:10732,no,yes,no,no,via=MESHES
predictor/corrector,CC_SCALARS::CC_DIVERGENCE_PART_1::CC_CONDUCTION_HEAT_FLUX,ccib.f90,CC_NREGFACE_Z,mesh_field,MESH_TYPE,wall_obst_cutcell,R,ccib.f90:10648,no,yes,no,no,via=MESHES
predictor/corrector,CC_SCALARS::CC_DIVERGENCE_PART_1::CC_CONDUCTION_HEAT_FLUX,ccib.f90,CC_REGFACE_IAXIS_Z,mesh_field,MESH_TYPE,wall_obst_cutcell,R,ccib.f90:10650,no,yes,no,no,via=ptr
predictor/corrector,CC_SCALARS::CC_DIVERGENCE_PART_1::CC_CONDUCTION_HEAT_FLUX,ccib.f90,CC_REGFACE_JAXIS_Z,mesh_field,MESH_TYPE,wall_obst_cutcell,R,ccib.f90:10678,no,yes,no,no,via=ptr
predictor/corrector,CC_SCALARS::CC_DIVERGENCE_PART_1::CC_CONDUCTION_HEAT_FLUX,ccib.f90,CC_REGFACE_KAXIS_Z,mesh_field,MESH_TYPE,wall_obst_cutcell,R,ccib.f90:10706,no,yes,no,no,via=ptr
predictor/corrector,CC_SCALARS::CC_DIVERGENCE_PART_1::CC_CONDUCTION_HEAT_FLUX,ccib.f90,CFACE,mesh_field,MESH_TYPE,wall_obst_cutcell,R,ccib.f90:11118,no,yes,no,no,via=alias:CFA|ptr
predictor/corrector,CC_SCALARS::CC_DIVERGENCE_PART_1::CC_CONDUCTION_HEAT_FLUX,ccib.f90,CUT_CELL,mesh_field,MESH_TYPE,wall_obst_cutcell,RW,ccib.f90:10762,no,yes,no,no,via=ptr
predictor/corrector,CC_SCALARS::CC_DIVERGENCE_PART_1::CC_CONDUCTION_HEAT_FLUX,ccib.f90,CUT_FACE,mesh_field,MESH_TYPE,wall_obst_cutcell,R,ccib.f90:10885,no,yes,no,no,via=MESHES|ptr
predictor/corrector,CC_SCALARS::CC_DIVERGENCE_PART_1::CC_CONDUCTION_HEAT_FLUX,ccib.f90,D,mesh_field,MESH_TYPE,cell_centred_solution,RW,ccib.f90:10670,no,yes,no,no,via=alias:DPVOL
predictor/corrector,CC_SCALARS::CC_DIVERGENCE_PART_1::CC_CONDUCTION_HEAT_FLUX,ccib.f90,DX,mesh_field,MESH_TYPE,grid_geometry,R,ccib.f90:10666,no,yes,no,no,via=ptr
predictor/corrector,CC_SCALARS::CC_DIVERGENCE_PART_1::CC_CONDUCTION_HEAT_FLUX,ccib.f90,DY,mesh_field,MESH_TYPE,grid_geometry,R,ccib.f90:10669,no,yes,no,no,via=ptr
predictor/corrector,CC_SCALARS::CC_DIVERGENCE_PART_1::CC_CONDUCTION_HEAT_FLUX,ccib.f90,DZ,mesh_field,MESH_TYPE,grid_geometry,R,ccib.f90:10669,no,yes,no,no,via=ptr
predictor/corrector,CC_SCALARS::CC_DIVERGENCE_PART_1::CC_CONDUCTION_HEAT_FLUX,ccib.f90,INTERNAL_CFACE_CELLS_LB,mesh_field,MESH_TYPE,wall_obst_cutcell,R,ccib.f90:11117,no,yes,no,no,via=ptr
predictor/corrector,CC_SCALARS::CC_DIVERGENCE_PART_1::CC_CONDUCTION_HEAT_FLUX,ccib.f90,MU,mesh_field,MESH_TYPE,cell_centred_solution,R,ccib.f90:10663,no,yes,no,no,via=ptr
predictor/corrector,CC_SCALARS::CC_DIVERGENCE_PART_1::CC_CONDUCTION_HEAT_FLUX,ccib.f90,MU_DNS,mesh_field,MESH_TYPE,cell_centred_solution,R,ccib.f90:10664,no,yes,no,no,via=ptr
predictor/corrector,CC_SCALARS::CC_DIVERGENCE_PART_1::CC_CONDUCTION_HEAT_FLUX,ccib.f90,N_CUTCELL_MESH,mesh_field,MESH_TYPE,wall_obst_cutcell,R,ccib.f90:10783,no,yes,no,no,via=MESHES
predictor/corrector,CC_SCALARS::CC_DIVERGENCE_PART_1::CC_CONDUCTION_HEAT_FLUX,ccib.f90,N_CUTFACE_MESH,mesh_field,MESH_TYPE,wall_obst_cutcell,R,ccib.f90:10884,no,yes,no,no,via=MESHES
predictor/corrector,CC_SCALARS::CC_DIVERGENCE_PART_1::CC_CONDUCTION_HEAT_FLUX,ccib.f90,N_INTERNAL_CFACE_CELLS,mesh_field,MESH_TYPE,wall_obst_cutcell,R,ccib.f90:11117,no,yes,no,no,via=ptr
predictor/corrector,CC_SCALARS::CC_DIVERGENCE_PART_1::CC_CONDUCTION_HEAT_FLUX,ccib.f90,RC_FACE,mesh_field,MESH_TYPE,wall_obst_cutcell,R,ccib.f90:10734,no,yes,no,no,via=ptr
predictor/corrector,CC_SCALARS::CC_DIVERGENCE_PART_1::CC_CONDUCTION_HEAT_FLUX,ccib.f90,TMP,mesh_field,MESH_TYPE,cell_centred_solution,R,ccib.f90:10659,no,yes,no,no,via=ptr
predictor/corrector,CC_SCALARS::CC_DIVERGENCE_PART_1::CC_CONDUCTION_HEAT_FLUX,ccib.f90,WALL,mesh_field,MESH_TYPE,wall_obst_cutcell,R,ccib.f90:10651,no,yes,no,no,via=alias:WC|ptr
predictor/corrector,CC_SCALARS::CC_DIVERGENCE_PART_1::CC_CONDUCTION_HEAT_FLUX,ccib.f90,X,mesh_field,MESH_TYPE,grid_geometry,R,ccib.f90:10746,no,yes,no,no,via=MESHES
predictor/corrector,CC_SCALARS::CC_DIVERGENCE_PART_1::CC_CONDUCTION_HEAT_FLUX,ccib.f90,Y,mesh_field,MESH_TYPE,grid_geometry,R,ccib.f90:10791,no,yes,no,no,via=MESHES
predictor/corrector,CC_SCALARS::CC_DIVERGENCE_PART_1::CC_CONDUCTION_HEAT_FLUX,ccib.f90,Z,mesh_field,MESH_TYPE,grid_geometry,R,ccib.f90:10836,no,yes,no,no,via=MESHES
predictor/corrector,CC_SCALARS::CC_DIVERGENCE_PART_1::CC_CONDUCTION_HEAT_FLUX,ccib.f90,ZZ,mesh_field,MESH_TYPE,cell_centred_solution,R,ccib.f90:10662,no,yes,no,no,via=alias:ZZP
predictor/corrector,CC_SCALARS::CC_DIVERGENCE_PART_1::CC_CONDUCTION_HEAT_FLUX,ccib.f90,ZZS,mesh_field,MESH_TYPE,cell_centred_solution,R,ccib.f90:10662,no,yes,no,no,via=alias:ZZP
predictor/corrector,CC_SCALARS::CC_DIVERGENCE_PART_1::CC_DIFFUSIVE_HEAT_FLUXES,ccib.f90,B1,module_global,CC_SCALARS,pointer,RW,ccib.f90:10455,no,yes,no,no,
predictor/corrector,CC_SCALARS::CC_DIVERGENCE_PART_1::CC_DIFFUSIVE_HEAT_FLUXES,ccib.f90,BC,module_global,CC_SCALARS,pointer,RW,ccib.f90:10485,no,yes,no,no,
predictor/corrector,CC_SCALARS::CC_DIVERGENCE_PART_1::CC_DIFFUSIVE_HEAT_FLUXES,ccib.f90,CF,module_global,CC_SCALARS,pointer,RW,ccib.f90:10608,no,yes,no,no,
predictor/corrector,CC_SCALARS::CC_DIVERGENCE_PART_1::CC_DIFFUSIVE_HEAT_FLUXES,ccib.f90,CFA,module_global,CC_SCALARS,pointer,RW,ccib.f90:10454,no,yes,no,no,
predictor/corrector,CC_SCALARS::CC_DIVERGENCE_PART_1::CC_DIFFUSIVE_HEAT_FLUXES,ccib.f90,RCF,module_global,CC_SCALARS,pointer,RW,ccib.f90:10573,no,yes,no,no,
predictor/corrector,CC_SCALARS::CC_DIVERGENCE_PART_1::CC_DIFFUSIVE_HEAT_FLUXES,ccib.f90,WC,module_global,CC_SCALARS,pointer,RW,ccib.f90:10479,no,yes,no,no,
predictor/corrector,CC_SCALARS::CC_DIVERGENCE_PART_1::CC_DIFFUSIVE_HEAT_FLUXES,ccib.f90,N_TOTAL_SCALARS,module_global,GLOBAL_CONSTANTS,runtime_scalar,R,ccib.f90:10226,no,yes,no,no,
predictor/corrector,CC_SCALARS::CC_DIVERGENCE_PART_1::CC_DIFFUSIVE_HEAT_FLUXES,ccib.f90,BOUNDARY_COORD,mesh_field,MESH_TYPE,wall_obst_cutcell,R,ccib.f90:10485,no,yes,no,no,via=alias:BC|ptr
predictor/corrector,CC_SCALARS::CC_DIVERGENCE_PART_1::CC_DIFFUSIVE_HEAT_FLUXES,ccib.f90,BOUNDARY_PROP1,mesh_field,MESH_TYPE,wall_obst_cutcell,R,ccib.f90:10455,no,yes,no,no,via=alias:B1|ptr
predictor/corrector,CC_SCALARS::CC_DIVERGENCE_PART_1::CC_DIFFUSIVE_HEAT_FLUXES,ccib.f90,CC_NBBRCFACE_Z,mesh_field,MESH_TYPE,wall_obst_cutcell,R,ccib.f90:10572,no,yes,no,no,via=MESHES
predictor/corrector,CC_SCALARS::CC_DIVERGENCE_PART_1::CC_DIFFUSIVE_HEAT_FLUXES,ccib.f90,CC_NRCFACE_Z,mesh_field,MESH_TYPE,wall_obst_cutcell,R,ccib.f90:10320,no,yes,no,no,via=MESHES
predictor/corrector,CC_SCALARS::CC_DIVERGENCE_PART_1::CC_DIFFUSIVE_HEAT_FLUXES,ccib.f90,CC_NREGFACE_Z,mesh_field,MESH_TYPE,wall_obst_cutcell,R,ccib.f90:10230,no,yes,no,no,via=MESHES
predictor/corrector,CC_SCALARS::CC_DIVERGENCE_PART_1::CC_DIFFUSIVE_HEAT_FLUXES,ccib.f90,CC_REGFACE_IAXIS_Z,mesh_field,MESH_TYPE,wall_obst_cutcell,RW,ccib.f90:10231,no,yes,no,no,via=ptr
predictor/corrector,CC_SCALARS::CC_DIVERGENCE_PART_1::CC_DIFFUSIVE_HEAT_FLUXES,ccib.f90,CC_REGFACE_JAXIS_Z,mesh_field,MESH_TYPE,wall_obst_cutcell,RW,ccib.f90:10261,no,yes,no,no,via=ptr
predictor/corrector,CC_SCALARS::CC_DIVERGENCE_PART_1::CC_DIFFUSIVE_HEAT_FLUXES,ccib.f90,CC_REGFACE_KAXIS_Z,mesh_field,MESH_TYPE,wall_obst_cutcell,RW,ccib.f90:10291,no,yes,no,no,via=ptr
predictor/corrector,CC_SCALARS::CC_DIVERGENCE_PART_1::CC_DIFFUSIVE_HEAT_FLUXES,ccib.f90,CFACE,mesh_field,MESH_TYPE,wall_obst_cutcell,R,ccib.f90:10454,no,yes,no,no,via=alias:CFA|ptr
predictor/corrector,CC_SCALARS::CC_DIVERGENCE_PART_1::CC_DIFFUSIVE_HEAT_FLUXES,ccib.f90,CUT_CELL,mesh_field,MESH_TYPE,wall_obst_cutcell,RW,ccib.f90:10352,no,yes,no,no,via=ptr
predictor/corrector,CC_SCALARS::CC_DIVERGENCE_PART_1::CC_DIFFUSIVE_HEAT_FLUXES,ccib.f90,CUT_FACE,mesh_field,MESH_TYPE,wall_obst_cutcell,RW,ccib.f90:10416,no,yes,no,no,via=alias:CF|ptr
predictor/corrector,CC_SCALARS::CC_DIVERGENCE_PART_1::CC_DIFFUSIVE_HEAT_FLUXES,ccib.f90,D,mesh_field,MESH_TYPE,cell_centred_solution,RW,ccib.f90:10249,no,yes,no,no,via=alias:DPVOL
predictor/corrector,CC_SCALARS::CC_DIVERGENCE_PART_1::CC_DIFFUSIVE_HEAT_FLUXES,ccib.f90,DEL_RHO_D_DEL_Z,mesh_field,MESH_TYPE,cell_centred_solution,RW,ccib.f90:10250,no,yes,no,no,via=ptr
predictor/corrector,CC_SCALARS::CC_DIVERGENCE_PART_1::CC_DIFFUSIVE_HEAT_FLUXES,ccib.f90,DX,mesh_field,MESH_TYPE,grid_geometry,R,ccib.f90:10277,no,yes,no,no,via=ptr
predictor/corrector,CC_SCALARS::CC_DIVERGENCE_PART_1::CC_DIFFUSIVE_HEAT_FLUXES,ccib.f90,DY,mesh_field,MESH_TYPE,grid_geometry,R,ccib.f90:10247,no,yes,no,no,via=ptr
predictor/corrector,CC_SCALARS::CC_DIVERGENCE_PART_1::CC_DIFFUSIVE_HEAT_FLUXES,ccib.f90,DZ,mesh_field,MESH_TYPE,grid_geometry,R,ccib.f90:10247,no,yes,no,no,via=ptr
predictor/corrector,CC_SCALARS::CC_DIVERGENCE_PART_1::CC_DIFFUSIVE_HEAT_FLUXES,ccib.f90,INTERNAL_CFACE_CELLS_LB,mesh_field,MESH_TYPE,wall_obst_cutcell,R,ccib.f90:10453,no,yes,no,no,via=ptr
predictor/corrector,CC_SCALARS::CC_DIVERGENCE_PART_1::CC_DIFFUSIVE_HEAT_FLUXES,ccib.f90,N_CUTCELL_MESH,mesh_field,MESH_TYPE,wall_obst_cutcell,R,ccib.f90:10350,no,yes,no,no,via=MESHES
predictor/corrector,CC_SCALARS::CC_DIVERGENCE_PART_1::CC_DIFFUSIVE_HEAT_FLUXES,ccib.f90,N_CUTFACE_MESH,mesh_field,MESH_TYPE,wall_obst_cutcell,R,ccib.f90:10415,no,yes,no,no,via=MESHES
predictor/corrector,CC_SCALARS::CC_DIVERGENCE_PART_1::CC_DIFFUSIVE_HEAT_FLUXES,ccib.f90,N_INTERNAL_CFACE_CELLS,mesh_field,MESH_TYPE,wall_obst_cutcell,R,ccib.f90:10453,no,yes,no,no,via=ptr
predictor/corrector,CC_SCALARS::CC_DIVERGENCE_PART_1::CC_DIFFUSIVE_HEAT_FLUXES,ccib.f90,RC_FACE,mesh_field,MESH_TYPE,wall_obst_cutcell,RW,ccib.f90:10321,no,yes,no,no,via=alias:RCF|ptr
predictor/corrector,CC_SCALARS::CC_DIVERGENCE_PART_1::CC_DIFFUSIVE_HEAT_FLUXES,ccib.f90,TMP,mesh_field,MESH_TYPE,cell_centred_solution,R,ccib.f90:10242,no,yes,no,no,via=ptr
predictor/corrector,CC_SCALARS::CC_DIVERGENCE_PART_1::CC_DIFFUSIVE_HEAT_FLUXES,ccib.f90,WALL,mesh_field,MESH_TYPE,wall_obst_cutcell,R,ccib.f90:10232,no,yes,no,no,via=alias:WC|ptr
predictor/corrector,CC_SCALARS::CC_DIVERGENCE_PART_1::FIX_CC_DIFF_MASS_FLUXES,ccib.f90,N_TRACKED_SPECIES,module_global,GLOBAL_CONSTANTS,runtime_scalar,R,ccib.f90:8859,no,no,no,no,
predictor/corrector,CC_SCALARS::CC_DIVERGENCE_PART_1::FIX_CC_DIFF_MASS_FLUXES,ccib.f90,CC_NRCFACE_Z,mesh_field,MESH_TYPE,wall_obst_cutcell,R,ccib.f90:8914,no,no,no,no,via=MESHES
predictor/corrector,CC_SCALARS::CC_DIVERGENCE_PART_1::FIX_CC_DIFF_MASS_FLUXES,ccib.f90,CC_NREGFACE_Z,mesh_field,MESH_TYPE,wall_obst_cutcell,R,ccib.f90:8849,no,no,no,no,via=MESHES
predictor/corrector,CC_SCALARS::CC_DIVERGENCE_PART_1::FIX_CC_DIFF_MASS_FLUXES,ccib.f90,CC_REGFACE_IAXIS_Z,mesh_field,MESH_TYPE,wall_obst_cutcell,RW,ccib.f90:8850,no,no,no,no,via=ptr
predictor/corrector,CC_SCALARS::CC_DIVERGENCE_PART_1::FIX_CC_DIFF_MASS_FLUXES,ccib.f90,CC_REGFACE_JAXIS_Z,mesh_field,MESH_TYPE,wall_obst_cutcell,RW,ccib.f90:8872,no,no,no,no,via=ptr
predictor/corrector,CC_SCALARS::CC_DIVERGENCE_PART_1::FIX_CC_DIFF_MASS_FLUXES,ccib.f90,CC_REGFACE_KAXIS_Z,mesh_field,MESH_TYPE,wall_obst_cutcell,RW,ccib.f90:8894,no,no,no,no,via=ptr
predictor/corrector,CC_SCALARS::CC_DIVERGENCE_PART_1::FIX_CC_DIFF_MASS_FLUXES,ccib.f90,CUT_FACE,mesh_field,MESH_TYPE,wall_obst_cutcell,RW,ccib.f90:8932,no,no,no,no,via=MESHES|ptr
predictor/corrector,CC_SCALARS::CC_DIVERGENCE_PART_1::FIX_CC_DIFF_MASS_FLUXES,ccib.f90,N_CUTFACE_MESH,mesh_field,MESH_TYPE,wall_obst_cutcell,R,ccib.f90:8931,no,no,no,no,via=MESHES
predictor/corrector,CC_SCALARS::CC_DIVERGENCE_PART_1::FIX_CC_DIFF_MASS_FLUXES,ccib.f90,RC_FACE,mesh_field,MESH_TYPE,wall_obst_cutcell,RW,ccib.f90:8915,no,no,no,no,via=MESHES|ptr
predictor/corrector,CC_SCALARS::CC_DIVERGENCE_PART_1::FIX_CC_DIFF_MASS_FLUXES,ccib.f90,WALL,mesh_field,MESH_TYPE,wall_obst_cutcell,R,ccib.f90:8852,no,no,no,no,via=ptr
predictor/corrector,CC_SCALARS::CC_DIVERGENCE_PART_1::FIX_CC_DIFF_MASS_FLUXES,ccib.f90,ZZ,mesh_field,MESH_TYPE,cell_centred_solution,R,ccib.f90:8859,no,no,no,no,via=alias:ZZP
predictor/corrector,CC_SCALARS::CC_DIVERGENCE_PART_1::FIX_CC_DIFF_MASS_FLUXES,ccib.f90,ZZS,mesh_field,MESH_TYPE,cell_centred_solution,R,ccib.f90:8859,no,no,no,no,via=alias:ZZP
predictor/corrector,CC_SCALARS::CC_END_STEP,ccib.f90,T_CC_USED,module_global,COMPLEX_GEOMETRY,runtime_array,RW,ccib.f90:7666,no,no,no,no,
predictor/corrector,CC_SCALARS::CC_END_STEP,ccib.f90,CORRECTOR,module_global,GLOBAL_CONSTANTS,runtime_scalar,R,ccib.f90:7660,no,no,no,no,
predictor/corrector,CC_SCALARS::CC_END_STEP,ccib.f90,FREEZE_VELOCITY,module_global,GLOBAL_CONSTANTS,runtime_scalar,R,ccib.f90:7643,no,no,no,no,
predictor/corrector,CC_SCALARS::CC_END_STEP,ccib.f90,LOWER_MESH_INDEX,module_global,GLOBAL_CONSTANTS,runtime_scalar,R,ccib.f90:7649,no,no,no,no,
predictor/corrector,CC_SCALARS::CC_END_STEP,ccib.f90,PREDICTOR,module_global,GLOBAL_CONSTANTS,runtime_scalar,R,ccib.f90:7651,no,no,no,no,
predictor/corrector,CC_SCALARS::CC_END_STEP,ccib.f90,SOLID_PHASE_ONLY,module_global,GLOBAL_CONSTANTS,runtime_scalar,R,ccib.f90:7643,no,no,no,no,
predictor/corrector,CC_SCALARS::CC_END_STEP,ccib.f90,STORE_CUTCELL_DIVERGENCE,module_global,GLOBAL_CONSTANTS,runtime_scalar,R,ccib.f90:7662,no,no,no,no,
predictor/corrector,CC_SCALARS::CC_END_STEP,ccib.f90,T_USED,module_global,GLOBAL_CONSTANTS,runtime_array,RW,ccib.f90:7665,no,no,no,no,
predictor/corrector,CC_SCALARS::CC_END_STEP,ccib.f90,UPPER_MESH_INDEX,module_global,GLOBAL_CONSTANTS,runtime_scalar,R,ccib.f90:7649,no,no,no,no,
predictor/corrector,CC_SCALARS::CC_MATCH_VELOCITY,ccib.f90,BC,module_global,CC_SCALARS,pointer,RW,ccib.f90:5413,yes,yes,no,no,
predictor/corrector,CC_SCALARS::CC_MATCH_VELOCITY,ccib.f90,CF,module_global,CC_SCALARS,pointer,RW,ccib.f90:5803,yes,yes,no,no,
predictor/corrector,CC_SCALARS::CC_MATCH_VELOCITY,ccib.f90,EWC,module_global,CC_SCALARS,pointer,RW,ccib.f90:5408,yes,yes,no,no,
predictor/corrector,CC_SCALARS::CC_MATCH_VELOCITY,ccib.f90,WC,module_global,CC_SCALARS,pointer,RW,ccib.f90:5407,yes,yes,no,no,
predictor/corrector,CC_SCALARS::CC_MATCH_VELOCITY,ccib.f90,T_USED,module_global,GLOBAL_CONSTANTS,runtime_array,RW,ccib.f90:5855,yes,yes,no,no,
predictor/corrector,CC_SCALARS::CC_MATCH_VELOCITY,ccib.f90,BOUNDARY_COORD,mesh_field,MESH_TYPE,wall_obst_cutcell,R,ccib.f90:5413,yes,yes,no,no,via=alias:BC|ptr
predictor/corrector,CC_SCALARS::CC_MATCH_VELOCITY,ccib.f90,CELL,mesh_field,MESH_TYPE,wall_obst_cutcell,R,ccib.f90:5438,yes,yes,no,no,via=M2
predictor/corrector,CC_SCALARS::CC_MATCH_VELOCITY,ccib.f90,CELL_INDEX,mesh_field,MESH_TYPE,wall_obst_cutcell,R,ccib.f90:5438,yes,yes,no,no,via=M2
predictor/corrector,CC_SCALARS::CC_MATCH_VELOCITY,ccib.f90,CUT_FACE,mesh_field,MESH_TYPE,wall_obst_cutcell,RW,ccib.f90:5443,yes,yes,no,no,via=M2|alias:CF|alias:CFO|ptr
predictor/corrector,CC_SCALARS::CC_MATCH_VELOCITY,ccib.f90,DX,mesh_field,MESH_TYPE,grid_geometry,R,ccib.f90:5592,yes,yes,no,no,via=M2
predictor/corrector,CC_SCALARS::CC_MATCH_VELOCITY,ccib.f90,DY,mesh_field,MESH_TYPE,grid_geometry,R,ccib.f90:5468,yes,yes,no,no,via=M2
predictor/corrector,CC_SCALARS::CC_MATCH_VELOCITY,ccib.f90,DZ,mesh_field,MESH_TYPE,grid_geometry,R,ccib.f90:5468,yes,yes,no,no,via=M2
predictor/corrector,CC_SCALARS::CC_MATCH_VELOCITY,ccib.f90,EWC_UN_LNK,mesh_field,MESH_TYPE,wall_obst_cutcell,RW,ccib.f90:5463,yes,yes,no,no,via=ptr
predictor/corrector,CC_SCALARS::CC_MATCH_VELOCITY,ccib.f90,EXTERNAL_WALL,mesh_field,MESH_TYPE,ghost_boundary,RW,ccib.f90:5408,yes,yes,no,no,via=alias:EWC|ptr
predictor/corrector,CC_SCALARS::CC_MATCH_VELOCITY,ccib.f90,FCVAR,mesh_field,MESH_TYPE,wall_obst_cutcell,R,ccib.f90:5433,yes,yes,no,no,via=M2|ptr
predictor/corrector,CC_SCALARS::CC_MATCH_VELOCITY,ccib.f90,IBAR,mesh_field,MESH_TYPE,grid_geometry,R,ccib.f90:5495,yes,yes,no,no,via=ptr
predictor/corrector,CC_SCALARS::CC_MATCH_VELOCITY,ccib.f90,JBAR,mesh_field,MESH_TYPE,grid_geometry,R,ccib.f90:5618,yes,yes,no,no,via=ptr
predictor/corrector,CC_SCALARS::CC_MATCH_VELOCITY,ccib.f90,KBAR,mesh_field,MESH_TYPE,grid_geometry,R,ccib.f90:5740,yes,yes,no,no,via=ptr
predictor/corrector,CC_SCALARS::CC_MATCH_VELOCITY,ccib.f90,N_EXTERNAL_WALL_CELLS,mesh_field,MESH_TYPE,ghost_boundary,R,ccib.f90:5405,yes,yes,no,no,via=MESHES
predictor/corrector,CC_SCALARS::CC_MATCH_VELOCITY,ccib.f90,OMESH,mesh_field,MESH_TYPE,mpi_exchange,RW,ccib.f90:5419,yes,yes,no,no,via=alias:OM|ptr
predictor/corrector,CC_SCALARS::CC_MATCH_VELOCITY,ccib.f90,U,mesh_field,MESH_TYPE,face_centred_flux,RW,ccib.f90:5397,yes,yes,no,no,via=alias:UU|ptr
predictor/corrector,CC_SCALARS::CC_MATCH_VELOCITY,ccib.f90,US,mesh_field,MESH_TYPE,face_centred_flux,R,ccib.f90:5392,yes,yes,no,no,via=ptr
predictor/corrector,CC_SCALARS::CC_MATCH_VELOCITY,ccib.f90,UVW_SAVE,mesh_field,MESH_TYPE,ghost_boundary,W,ccib.f90:5487,yes,yes,no,no,via=ptr
predictor/corrector,CC_SCALARS::CC_MATCH_VELOCITY,ccib.f90,U_GHOST,mesh_field,MESH_TYPE,ghost_boundary,RW,ccib.f90:5823,yes,yes,no,no,via=ptr
predictor/corrector,CC_SCALARS::CC_MATCH_VELOCITY,ccib.f90,V,mesh_field,MESH_TYPE,face_centred_flux,RW,ccib.f90:5398,yes,yes,no,no,via=alias:VV|ptr
predictor/corrector,CC_SCALARS::CC_MATCH_VELOCITY,ccib.f90,VS,mesh_field,MESH_TYPE,face_centred_flux,R,ccib.f90:5393,yes,yes,no,no,via=ptr
predictor/corrector,CC_SCALARS::CC_MATCH_VELOCITY,ccib.f90,V_GHOST,mesh_field,MESH_TYPE,ghost_boundary,RW,ccib.f90:5824,yes,yes,no,no,via=ptr
predictor/corrector,CC_SCALARS::CC_MATCH_VELOCITY,ccib.f90,W,mesh_field,MESH_TYPE,face_centred_flux,RW,ccib.f90:5399,yes,yes,no,no,via=alias:WW|ptr
predictor/corrector,CC_SCALARS::CC_MATCH_VELOCITY,ccib.f90,WALL,mesh_field,MESH_TYPE,wall_obst_cutcell,R,ccib.f90:5407,yes,yes,no,no,via=alias:WC|ptr
predictor/corrector,CC_SCALARS::CC_MATCH_VELOCITY,ccib.f90,WS,mesh_field,MESH_TYPE,face_centred_flux,R,ccib.f90:5394,yes,yes,no,no,via=ptr
predictor/corrector,CC_SCALARS::CC_MATCH_VELOCITY,ccib.f90,W_GHOST,mesh_field,MESH_TYPE,ghost_boundary,RW,ccib.f90:5825,yes,yes,no,no,via=ptr
predictor/corrector,CC_SCALARS::CC_MATCH_VELOCITY,ccib.f90,U,mesh_field,OMESH_TYPE,mpi_exchange,RW,ccib.f90:5431,yes,yes,no,no,via=OM|alias:OM_UU
predictor/corrector,CC_SCALARS::CC_MATCH_VELOCITY,ccib.f90,US,mesh_field,OMESH_TYPE,mpi_exchange,RW,ccib.f90:5431,yes,yes,no,no,via=OM|alias:OM_UU
predictor/corrector,CC_SCALARS::CC_MATCH_VELOCITY,ccib.f90,U_LNK,mesh_field,OMESH_TYPE,mpi_exchange,RW,ccib.f90:5470,yes,yes,no,no,via=OM
predictor/corrector,CC_SCALARS::CC_MATCH_VELOCITY,ccib.f90,V,mesh_field,OMESH_TYPE,mpi_exchange,RW,ccib.f90:5555,yes,yes,no,no,via=OM|alias:OM_VV
predictor/corrector,CC_SCALARS::CC_MATCH_VELOCITY,ccib.f90,VS,mesh_field,OMESH_TYPE,mpi_exchange,RW,ccib.f90:5555,yes,yes,no,no,via=OM|alias:OM_VV
predictor/corrector,CC_SCALARS::CC_MATCH_VELOCITY,ccib.f90,V_LNK,mesh_field,OMESH_TYPE,mpi_exchange,RW,ccib.f90:5594,yes,yes,no,no,via=OM
predictor/corrector,CC_SCALARS::CC_MATCH_VELOCITY,ccib.f90,W,mesh_field,OMESH_TYPE,mpi_exchange,RW,ccib.f90:5678,yes,yes,no,no,via=OM|alias:OM_WW
predictor/corrector,CC_SCALARS::CC_MATCH_VELOCITY,ccib.f90,WS,mesh_field,OMESH_TYPE,mpi_exchange,RW,ccib.f90:5678,yes,yes,no,no,via=OM|alias:OM_WW
predictor/corrector,CC_SCALARS::CC_MATCH_VELOCITY,ccib.f90,W_LNK,mesh_field,OMESH_TYPE,mpi_exchange,RW,ccib.f90:5716,yes,yes,no,no,via=OM
predictor/corrector,CC_SCALARS::CC_PROJECT_VELOCITY,ccib.f90,BC,module_global,CC_SCALARS,pointer,RW,ccib.f90:2834,no,yes,no,no,
predictor/corrector,CC_SCALARS::CC_PROJECT_VELOCITY,ccib.f90,CF,module_global,CC_SCALARS,pointer,RW,ccib.f90:2726,no,yes,no,no,
predictor/corrector,CC_SCALARS::CC_PROJECT_VELOCITY,ccib.f90,RCF,module_global,CC_SCALARS,pointer,RW,ccib.f90:2814,no,yes,no,no,
predictor/corrector,CC_SCALARS::CC_PROJECT_VELOCITY,ccib.f90,WC,module_global,CC_SCALARS,pointer,RW,ccib.f90:2831,no,yes,no,no,
predictor/corrector,CC_SCALARS::CC_PROJECT_VELOCITY,ccib.f90,ONE_UNKH_PER_CUTCELL,module_global,GLOBAL_CONSTANTS,runtime_scalar,R,ccib.f90:2738,no,yes,no,no,
predictor/corrector,CC_SCALARS::CC_PROJECT_VELOCITY,ccib.f90,PREDICTOR,module_global,GLOBAL_CONSTANTS,runtime_scalar,R,ccib.f90:2722,no,yes,no,no,
predictor/corrector,CC_SCALARS::CC_PROJECT_VELOCITY,ccib.f90,PRES_FLAG,module_global,GLOBAL_CONSTANTS,runtime_scalar,R,ccib.f90:2833,no,yes,no,no,
predictor/corrector,CC_SCALARS::CC_PROJECT_VELOCITY,ccib.f90,T_USED,module_global,GLOBAL_CONSTANTS,runtime_array,RW,ccib.f90:3001,no,yes,no,no,
predictor/corrector,CC_SCALARS::CC_PROJECT_VELOCITY,ccib.f90,BOUNDARY_COORD,mesh_field,MESH_TYPE,wall_obst_cutcell,R,ccib.f90:2834,no,yes,no,no,via=alias:BC|ptr
predictor/corrector,CC_SCALARS::CC_PROJECT_VELOCITY,ccib.f90,CC_NRCFACE_H,mesh_field,MESH_TYPE,wall_obst_cutcell,R,ccib.f90:2813,no,yes,no,no,via=MESHES
predictor/corrector,CC_SCALARS::CC_PROJECT_VELOCITY,ccib.f90,CUT_CELL,mesh_field,MESH_TYPE,wall_obst_cutcell,R,ccib.f90:2741,no,yes,no,no,via=ptr
predictor/corrector,CC_SCALARS::CC_PROJECT_VELOCITY,ccib.f90,CUT_FACE,mesh_field,MESH_TYPE,wall_obst_cutcell,RW,ccib.f90:2726,no,yes,no,no,via=alias:CF|ptr
predictor/corrector,CC_SCALARS::CC_PROJECT_VELOCITY,ccib.f90,DX,mesh_field,MESH_TYPE,grid_geometry,R,ccib.f90:2779,no,yes,no,no,via=ptr
predictor/corrector,CC_SCALARS::CC_PROJECT_VELOCITY,ccib.f90,DY,mesh_field,MESH_TYPE,grid_geometry,R,ccib.f90:2751,no,yes,no,no,via=ptr
predictor/corrector,CC_SCALARS::CC_PROJECT_VELOCITY,ccib.f90,DZ,mesh_field,MESH_TYPE,grid_geometry,R,ccib.f90:2751,no,yes,no,no,via=ptr
predictor/corrector,CC_SCALARS::CC_PROJECT_VELOCITY,ccib.f90,FCVAR,mesh_field,MESH_TYPE,wall_obst_cutcell,R,ccib.f90:2733,no,yes,no,no,via=ptr
predictor/corrector,CC_SCALARS::CC_PROJECT_VELOCITY,ccib.f90,FVX,mesh_field,MESH_TYPE,face_centred_flux,R,ccib.f90:2821,no,yes,no,no,via=ptr
predictor/corrector,CC_SCALARS::CC_PROJECT_VELOCITY,ccib.f90,FVY,mesh_field,MESH_TYPE,face_centred_flux,R,ccib.f90:2823,no,yes,no,no,via=ptr
predictor/corrector,CC_SCALARS::CC_PROJECT_VELOCITY,ccib.f90,FVZ,mesh_field,MESH_TYPE,face_centred_flux,R,ccib.f90:2825,no,yes,no,no,via=ptr
predictor/corrector,CC_SCALARS::CC_PROJECT_VELOCITY,ccib.f90,H,mesh_field,MESH_TYPE,cell_centred_solution,R,ccib.f90:2748,no,yes,no,no,via=ptr
predictor/corrector,CC_SCALARS::CC_PROJECT_VELOCITY,ccib.f90,HS,mesh_field,MESH_TYPE,cell_centred_solution,R,ccib.f90:2883,no,yes,no,no,via=ptr
predictor/corrector,CC_SCALARS::CC_PROJECT_VELOCITY,ccib.f90,IBAR,mesh_field,MESH_TYPE,grid_geometry,R,ccib.f90:2732,no,yes,no,no,via=ptr
predictor/corrector,CC_SCALARS::CC_PROJECT_VELOCITY,ccib.f90,IBP1,mesh_field,MESH_TYPE,grid_geometry,R,ccib.f90:2712,no,yes,no,no,via=ptr
predictor/corrector,CC_SCALARS::CC_PROJECT_VELOCITY,ccib.f90,JBAR,mesh_field,MESH_TYPE,grid_geometry,R,ccib.f90:2731,no,yes,no,no,via=ptr
predictor/corrector,CC_SCALARS::CC_PROJECT_VELOCITY,ccib.f90,JBP1,mesh_field,MESH_TYPE,grid_geometry,R,ccib.f90:2712,no,yes,no,no,via=ptr
predictor/corrector,CC_SCALARS::CC_PROJECT_VELOCITY,ccib.f90,KBAR,mesh_field,MESH_TYPE,grid_geometry,R,ccib.f90:2730,no,yes,no,no,via=ptr
predictor/corrector,CC_SCALARS::CC_PROJECT_VELOCITY,ccib.f90,KBP1,mesh_field,MESH_TYPE,grid_geometry,R,ccib.f90:2712,no,yes,no,no,via=ptr
predictor/corrector,CC_SCALARS::CC_PROJECT_VELOCITY,ccib.f90,N_CUTFACE_MESH,mesh_field,MESH_TYPE,wall_obst_cutcell,R,ccib.f90:2725,no,yes,no,no,via=MESHES
predictor/corrector,CC_SCALARS::CC_PROJECT_VELOCITY,ccib.f90,N_EXTERNAL_WALL_CELLS,mesh_field,MESH_TYPE,ghost_boundary,R,ccib.f90:2830,no,yes,no,no,via=ptr
predictor/corrector,CC_SCALARS::CC_PROJECT_VELOCITY,ccib.f90,RCF_H,mesh_field,MESH_TYPE,wall_obst_cutcell,R,ccib.f90:2814,no,yes,no,no,via=MESHES|alias:RCF
predictor/corrector,CC_SCALARS::CC_PROJECT_VELOCITY,ccib.f90,RC_FACE,mesh_field,MESH_TYPE,wall_obst_cutcell,R,ccib.f90:2814,no,yes,no,no,via=alias:RCF|ptr
predictor/corrector,CC_SCALARS::CC_PROJECT_VELOCITY,ccib.f90,U,mesh_field,MESH_TYPE,face_centred_flux,RW,ccib.f90:2716,no,yes,no,no,via=ptr
predictor/corrector,CC_SCALARS::CC_PROJECT_VELOCITY,ccib.f90,US,mesh_field,MESH_TYPE,face_centred_flux,RW,ccib.f90:2751,no,yes,no,no,via=ptr
predictor/corrector,CC_SCALARS::CC_PROJECT_VELOCITY,ccib.f90,V,mesh_field,MESH_TYPE,face_centred_flux,RW,ccib.f90:2717,no,yes,no,no,via=ptr
predictor/corrector,CC_SCALARS::CC_PROJECT_VELOCITY,ccib.f90,VS,mesh_field,MESH_TYPE,face_centred_flux,RW,ccib.f90:2779,no,yes,no,no,via=ptr
predictor/corrector,CC_SCALARS::CC_PROJECT_VELOCITY,ccib.f90,W,mesh_field,MESH_TYPE,face_centred_flux,RW,ccib.f90:2718,no,yes,no,no,via=ptr
predictor/corrector,CC_SCALARS::CC_PROJECT_VELOCITY,ccib.f90,WALL,mesh_field,MESH_TYPE,wall_obst_cutcell,R,ccib.f90:2737,no,yes,no,no,via=alias:WC|ptr
predictor/corrector,CC_SCALARS::CC_PROJECT_VELOCITY,ccib.f90,WS,mesh_field,MESH_TYPE,face_centred_flux,RW,ccib.f90:2806,no,yes,no,no,via=ptr
predictor/corrector,CC_SCALARS::CC_RESCALE_OMESH_STAGGERED_TO_CUTFACE,ccib.f90,NEIGHBORING_MESH,mesh_field,MESH_TYPE,mpi_exchange,R,ccib.f90:13868,yes,no,no,no,via=MR
predictor/corrector,CC_SCALARS::CC_RESCALE_OMESH_STAGGERED_TO_CUTFACE,ccib.f90,N_NEIGHBORING_MESHES,mesh_field,MESH_TYPE,mpi_exchange,R,ccib.f90:13867,yes,no,no,no,via=MR
predictor/corrector,CC_SCALARS::CC_RESCALE_OMESH_STAGGERED_TO_CUTFACE,ccib.f90,OMESH,mesh_field,MESH_TYPE,mpi_exchange,RW,ccib.f90:13868,yes,no,no,no,via=MR|alias:OM
predictor/corrector,CC_SCALARS::CC_RESCALE_OMESH_STAGGERED_TO_CUTFACE,ccib.f90,I_MAX_R,mesh_field,OMESH_TYPE,mpi_exchange,R,ccib.f90:13870,yes,no,no,no,via=OM
predictor/corrector,CC_SCALARS::CC_RESCALE_OMESH_STAGGERED_TO_CUTFACE,ccib.f90,I_MIN_R,mesh_field,OMESH_TYPE,mpi_exchange,R,ccib.f90:13870,yes,no,no,no,via=OM
predictor/corrector,CC_SCALARS::CC_RESCALE_OMESH_STAGGERED_TO_CUTFACE,ccib.f90,J_MAX_R,mesh_field,OMESH_TYPE,mpi_exchange,R,ccib.f90:13872,yes,no,no,no,via=OM
predictor/corrector,CC_SCALARS::CC_RESCALE_OMESH_STAGGERED_TO_CUTFACE,ccib.f90,J_MIN_R,mesh_field,OMESH_TYPE,mpi_exchange,R,ccib.f90:13872,yes,no,no,no,via=OM
predictor/corrector,CC_SCALARS::CC_RESCALE_OMESH_STAGGERED_TO_CUTFACE,ccib.f90,K_MAX_R,mesh_field,OMESH_TYPE,mpi_exchange,R,ccib.f90:13871,yes,no,no,no,via=OM
predictor/corrector,CC_SCALARS::CC_RESCALE_OMESH_STAGGERED_TO_CUTFACE,ccib.f90,K_MIN_R,mesh_field,OMESH_TYPE,mpi_exchange,R,ccib.f90:13871,yes,no,no,no,via=OM
predictor/corrector,CC_SCALARS::CC_RESCALE_OMESH_STAGGERED_TO_CUTFACE,ccib.f90,NIC_R,mesh_field,OMESH_TYPE,mpi_exchange,R,ccib.f90:13868,yes,no,no,no,via=MR
predictor/corrector,CC_SCALARS::CC_RESCALE_OMESH_STAGGERED_TO_CUTFACE,ccib.f90,U,mesh_field,OMESH_TYPE,mpi_exchange,RW,ccib.f90:13879,yes,no,no,no,via=OM
predictor/corrector,CC_SCALARS::CC_RESCALE_OMESH_STAGGERED_TO_CUTFACE,ccib.f90,US,mesh_field,OMESH_TYPE,mpi_exchange,RW,ccib.f90:13875,yes,no,no,no,via=OM
predictor/corrector,CC_SCALARS::CC_RESCALE_OMESH_STAGGERED_TO_CUTFACE,ccib.f90,V,mesh_field,OMESH_TYPE,mpi_exchange,RW,ccib.f90:13880,yes,no,no,no,via=OM
predictor/corrector,CC_SCALARS::CC_RESCALE_OMESH_STAGGERED_TO_CUTFACE,ccib.f90,VS,mesh_field,OMESH_TYPE,mpi_exchange,RW,ccib.f90:13876,yes,no,no,no,via=OM
predictor/corrector,CC_SCALARS::CC_RESCALE_OMESH_STAGGERED_TO_CUTFACE,ccib.f90,W,mesh_field,OMESH_TYPE,mpi_exchange,RW,ccib.f90:13881,yes,no,no,no,via=OM
predictor/corrector,CC_SCALARS::CC_RESCALE_OMESH_STAGGERED_TO_CUTFACE,ccib.f90,WS,mesh_field,OMESH_TYPE,mpi_exchange,RW,ccib.f90:13877,yes,no,no,no,via=OM
predictor/corrector,CC_SCALARS::CC_RESCALE_OMESH_STAGGERED_TO_CUTFACE::OM_CART_TO_VEL_CF,ccib.f90,CUT_FACE,mesh_field,MESH_TYPE,wall_obst_cutcell,R,ccib.f90:13894,no,no,no,no,via=M2
predictor/corrector,CC_SCALARS::CC_RESCALE_OMESH_STAGGERED_TO_CUTFACE::OM_CART_TO_VEL_CF,ccib.f90,FCVAR,mesh_field,MESH_TYPE,wall_obst_cutcell,R,ccib.f90:13893,no,no,no,no,via=M2
predictor/corrector,CC_SCALARS::CC_RESTORE_UVW_UNLINKED,ccib.f90,BC,module_global,CC_SCALARS,pointer,RW,ccib.f90:3598,no,yes,no,no,
predictor/corrector,CC_SCALARS::CC_RESTORE_UVW_UNLINKED,ccib.f90,CF,module_global,CC_SCALARS,pointer,RW,ccib.f90:3586,no,yes,no,no,
predictor/corrector,CC_SCALARS::CC_RESTORE_UVW_UNLINKED,ccib.f90,EWC,module_global,CC_SCALARS,pointer,W,ccib.f90:3597,no,yes,no,no,
predictor/corrector,CC_SCALARS::CC_RESTORE_UVW_UNLINKED,ccib.f90,WC,module_global,CC_SCALARS,pointer,RW,ccib.f90:3595,no,yes,no,no,
predictor/corrector,CC_SCALARS::CC_RESTORE_UVW_UNLINKED,ccib.f90,TWO_D,module_global,GLOBAL_CONSTANTS,runtime_scalar,R,ccib.f90:3566,no,yes,no,no,
predictor/corrector,CC_SCALARS::CC_RESTORE_UVW_UNLINKED,ccib.f90,T_USED,module_global,GLOBAL_CONSTANTS,runtime_array,RW,ccib.f90:3689,no,yes,no,no,
predictor/corrector,CC_SCALARS::CC_RESTORE_UVW_UNLINKED,ccib.f90,BOUNDARY_COORD,mesh_field,MESH_TYPE,wall_obst_cutcell,R,ccib.f90:3598,no,yes,no,no,via=alias:BC|ptr
predictor/corrector,CC_SCALARS::CC_RESTORE_UVW_UNLINKED,ccib.f90,CC_NRCFACE_Z,mesh_field,MESH_TYPE,wall_obst_cutcell,R,ccib.f90:3575,no,yes,no,no,via=MESHES
predictor/corrector,CC_SCALARS::CC_RESTORE_UVW_UNLINKED,ccib.f90,CUT_FACE,mesh_field,MESH_TYPE,wall_obst_cutcell,RW,ccib.f90:3586,no,yes,no,no,via=alias:CF|ptr
predictor/corrector,CC_SCALARS::CC_RESTORE_UVW_UNLINKED,ccib.f90,DX,mesh_field,MESH_TYPE,grid_geometry,R,ccib.f90:3612,no,yes,no,no,via=ptr
predictor/corrector,CC_SCALARS::CC_RESTORE_UVW_UNLINKED,ccib.f90,DY,mesh_field,MESH_TYPE,grid_geometry,R,ccib.f90:3611,no,yes,no,no,via=ptr
predictor/corrector,CC_SCALARS::CC_RESTORE_UVW_UNLINKED,ccib.f90,DZ,mesh_field,MESH_TYPE,grid_geometry,R,ccib.f90:3611,no,yes,no,no,via=ptr
predictor/corrector,CC_SCALARS::CC_RESTORE_UVW_UNLINKED,ccib.f90,EXTERNAL_WALL,mesh_field,MESH_TYPE,ghost_boundary,R,ccib.f90:3597,no,yes,no,no,via=ptr
predictor/corrector,CC_SCALARS::CC_RESTORE_UVW_UNLINKED,ccib.f90,FCVAR,mesh_field,MESH_TYPE,wall_obst_cutcell,R,ccib.f90:3563,no,yes,no,no,via=ptr
predictor/corrector,CC_SCALARS::CC_RESTORE_UVW_UNLINKED,ccib.f90,IBAR,mesh_field,MESH_TYPE,grid_geometry,R,ccib.f90:3562,no,yes,no,no,via=ptr
predictor/corrector,CC_SCALARS::CC_RESTORE_UVW_UNLINKED,ccib.f90,JBAR,mesh_field,MESH_TYPE,grid_geometry,R,ccib.f90:3561,no,yes,no,no,via=ptr
predictor/corrector,CC_SCALARS::CC_RESTORE_UVW_UNLINKED,ccib.f90,KBAR,mesh_field,MESH_TYPE,grid_geometry,R,ccib.f90:3560,no,yes,no,no,via=ptr
predictor/corrector,CC_SCALARS::CC_RESTORE_UVW_UNLINKED,ccib.f90,N_CUTFACE_MESH,mesh_field,MESH_TYPE,wall_obst_cutcell,R,ccib.f90:3585,no,yes,no,no,via=MESHES
predictor/corrector,CC_SCALARS::CC_RESTORE_UVW_UNLINKED,ccib.f90,N_EXTERNAL_WALL_CELLS,mesh_field,MESH_TYPE,ghost_boundary,R,ccib.f90:3594,no,yes,no,no,via=MESHES
predictor/corrector,CC_SCALARS::CC_RESTORE_UVW_UNLINKED,ccib.f90,RC_FACE,mesh_field,MESH_TYPE,wall_obst_cutcell,R,ccib.f90:3576,no,yes,no,no,via=ptr
predictor/corrector,CC_SCALARS::CC_RESTORE_UVW_UNLINKED,ccib.f90,U,mesh_field,MESH_TYPE,face_centred_flux,RW,ccib.f90:3564,no,yes,no,no,via=ptr
predictor/corrector,CC_SCALARS::CC_RESTORE_UVW_UNLINKED,ccib.f90,UN_ULNK,mesh_field,MESH_TYPE,wall_obst_cutcell,RW,ccib.f90:3564,no,yes,no,no,via=ptr
predictor/corrector,CC_SCALARS::CC_RESTORE_UVW_UNLINKED,ccib.f90,V,mesh_field,MESH_TYPE,face_centred_flux,RW,ccib.f90:3567,no,yes,no,no,via=ptr
predictor/corrector,CC_SCALARS::CC_RESTORE_UVW_UNLINKED,ccib.f90,W,mesh_field,MESH_TYPE,face_centred_flux,RW,ccib.f90:3570,no,yes,no,no,via=ptr
predictor/corrector,CC_SCALARS::CC_RESTORE_UVW_UNLINKED,ccib.f90,WALL,mesh_field,MESH_TYPE,wall_obst_cutcell,R,ccib.f90:3595,no,yes,no,no,via=alias:WC|ptr
predictor/corrector,CC_SCALARS::CC_ROTATED_CUBE_RHS_ZZ,ccib.f90,F_Z,module_global,CC_SCALARS,runtime_array,RW,ccib.f90:6538,no,yes,no,no,
predictor/corrector,CC_SCALARS::CC_ROTATED_CUBE_RHS_ZZ,ccib.f90,ROTANG,module_global,CC_SCALARS,runtime_scalar,RW,ccib.f90:6486,no,yes,no,no,
predictor/corrector,CC_SCALARS::CC_ROTATED_CUBE_RHS_ZZ,ccib.f90,ROTMAT,module_global,CC_SCALARS,runtime_array,RW,ccib.f90:6496,no,yes,no,no,
predictor/corrector,CC_SCALARS::CC_ROTATED_CUBE_RHS_ZZ,ccib.f90,TROTMAT,module_global,CC_SCALARS,runtime_array,RW,ccib.f90:6498,no,yes,no,no,
predictor/corrector,CC_SCALARS::CC_ROTATED_CUBE_RHS_ZZ,ccib.f90,UNKZ_IND,module_global,CC_SCALARS,runtime_array,R,ccib.f90:6528,no,yes,no,no,
predictor/corrector,CC_SCALARS::CC_ROTATED_CUBE_RHS_ZZ,ccib.f90,NM_START,module_global,COMPLEX_GEOMETRY,runtime_scalar,R,ccib.f90:6528,no,yes,no,no,
predictor/corrector,CC_SCALARS::CC_ROTATED_CUBE_RHS_ZZ,ccib.f90,D_Z,module_global,GLOBAL_CONSTANTS,runtime_array,R,ccib.f90:6515,no,yes,no,no,
predictor/corrector,CC_SCALARS::CC_ROTATED_CUBE_RHS_ZZ,ccib.f90,LOWER_MESH_INDEX,module_global,GLOBAL_CONSTANTS,runtime_scalar,R,ccib.f90:6503,no,yes,no,no,
predictor/corrector,CC_SCALARS::CC_ROTATED_CUBE_RHS_ZZ,ccib.f90,PERIODIC_TEST,module_global,GLOBAL_CONSTANTS,runtime_scalar,R,ccib.f90:6487,no,yes,no,no,
predictor/corrector,CC_SCALARS::CC_ROTATED_CUBE_RHS_ZZ,ccib.f90,PREDICTOR,module_global,GLOBAL_CONSTANTS,runtime_scalar,R,ccib.f90:6507,no,yes,no,no,
predictor/corrector,CC_SCALARS::CC_ROTATED_CUBE_RHS_ZZ,ccib.f90,UPPER_MESH_INDEX,module_global,GLOBAL_CONSTANTS,runtime_scalar,R,ccib.f90:6503,no,yes,no,no,
predictor/corrector,CC_SCALARS::CC_ROTATED_CUBE_RHS_ZZ,ccib.f90,CCVAR,mesh_field,MESH_TYPE,wall_obst_cutcell,R,ccib.f90:6527,no,yes,no,no,via=ptr
predictor/corrector,CC_SCALARS::CC_ROTATED_CUBE_RHS_ZZ,ccib.f90,CUT_CELL,mesh_field,MESH_TYPE,wall_obst_cutcell,R,ccib.f90:6544,no,yes,no,no,via=ptr
predictor/corrector,CC_SCALARS::CC_ROTATED_CUBE_RHS_ZZ,ccib.f90,DX,mesh_field,MESH_TYPE,grid_geometry,R,ccib.f90:6538,no,yes,no,no,via=ptr
predictor/corrector,CC_SCALARS::CC_ROTATED_CUBE_RHS_ZZ,ccib.f90,DY,mesh_field,MESH_TYPE,grid_geometry,R,ccib.f90:6538,no,yes,no,no,via=ptr
predictor/corrector,CC_SCALARS::CC_ROTATED_CUBE_RHS_ZZ,ccib.f90,DZ,mesh_field,MESH_TYPE,grid_geometry,R,ccib.f90:6538,no,yes,no,no,via=ptr
predictor/corrector,CC_SCALARS::CC_ROTATED_CUBE_RHS_ZZ,ccib.f90,IBAR,mesh_field,MESH_TYPE,grid_geometry,R,ccib.f90:6526,no,yes,no,no,via=ptr
predictor/corrector,CC_SCALARS::CC_ROTATED_CUBE_RHS_ZZ,ccib.f90,JBAR,mesh_field,MESH_TYPE,grid_geometry,R,ccib.f90:6525,no,yes,no,no,via=ptr
predictor/corrector,CC_SCALARS::CC_ROTATED_CUBE_RHS_ZZ,ccib.f90,KBAR,mesh_field,MESH_TYPE,grid_geometry,R,ccib.f90:6524,no,yes,no,no,via=ptr
predictor/corrector,CC_SCALARS::CC_ROTATED_CUBE_RHS_ZZ,ccib.f90,N_CUTCELL_MESH,mesh_field,MESH_TYPE,wall_obst_cutcell,R,ccib.f90:6543,no,yes,no,no,via=MESHES
predictor/corrector,CC_SCALARS::CC_ROTATED_CUBE_RHS_ZZ,ccib.f90,RHO,mesh_field,MESH_TYPE,cell_centred_solution,R,ccib.f90:6509,no,yes,no,no,via=ptr
predictor/corrector,CC_SCALARS::CC_ROTATED_CUBE_RHS_ZZ,ccib.f90,RHOS,mesh_field,MESH_TYPE,cell_centred_solution,R,ccib.f90:6512,no,yes,no,no,via=alias:RHOP|ptr
predictor/corrector,CC_SCALARS::CC_ROTATED_CUBE_RHS_ZZ,ccib.f90,TMP,mesh_field,MESH_TYPE,cell_centred_solution,R,ccib.f90:6535,no,yes,no,no,via=ptr
predictor/corrector,CC_SCALARS::CC_ROTATED_CUBE_RHS_ZZ,ccib.f90,XC,mesh_field,MESH_TYPE,grid_geometry,R,ccib.f90:6530,no,yes,no,no,via=ptr
predictor/corrector,CC_SCALARS::CC_ROTATED_CUBE_RHS_ZZ,ccib.f90,ZC,mesh_field,MESH_TYPE,grid_geometry,R,ccib.f90:6530,no,yes,no,no,via=ptr
predictor/corrector,CC_SCALARS::CC_STORE_FACE_FV,ccib.f90,CUT_FACE,mesh_field,MESH_TYPE,wall_obst_cutcell,RW,ccib.f90:15589,no,yes,no,no,via=ptr
predictor/corrector,CC_SCALARS::CC_STORE_FACE_FV,ccib.f90,FVX,mesh_field,MESH_TYPE,face_centred_flux,R,ccib.f90:15598,no,yes,no,no,via=ptr
predictor/corrector,CC_SCALARS::CC_STORE_FACE_FV,ccib.f90,FVX_B,mesh_field,MESH_TYPE,face_centred_flux,R,ccib.f90:15618,no,yes,no,no,via=ptr
predictor/corrector,CC_SCALARS::CC_STORE_FACE_FV,ccib.f90,FVY,mesh_field,MESH_TYPE,face_centred_flux,R,ccib.f90:15600,no,yes,no,no,via=ptr
predictor/corrector,CC_SCALARS::CC_STORE_FACE_FV,ccib.f90,FVY_B,mesh_field,MESH_TYPE,face_centred_flux,R,ccib.f90:15620,no,yes,no,no,via=ptr
predictor/corrector,CC_SCALARS::CC_STORE_FACE_FV,ccib.f90,FVZ,mesh_field,MESH_TYPE,face_centred_flux,R,ccib.f90:15602,no,yes,no,no,via=ptr
predictor/corrector,CC_SCALARS::CC_STORE_FACE_FV,ccib.f90,FVZ_B,mesh_field,MESH_TYPE,face_centred_flux,R,ccib.f90:15622,no,yes,no,no,via=ptr
predictor/corrector,CC_SCALARS::CC_STORE_FACE_FV,ccib.f90,N_CUTFACE_MESH,mesh_field,MESH_TYPE,wall_obst_cutcell,R,ccib.f90:15588,no,yes,no,no,via=MESHES
predictor/corrector,CC_SCALARS::CC_STORE_FACE_FV,ccib.f90,WALL,mesh_field,MESH_TYPE,wall_obst_cutcell,R,ccib.f90:15591,no,yes,no,no,via=ptr
predictor/corrector,CC_SCALARS::CC_VELOCITY_BC,ccib.f90,CF,module_global,CC_SCALARS,pointer,RW,ccib.f90:13950,no,yes,no,no,
predictor/corrector,CC_SCALARS::CC_VELOCITY_BC,ccib.f90,INT_N_EXT_PTS,module_global,COMPLEX_GEOMETRY_GRID,runtime_scalar,R,ccib.f90:13943,no,yes,no,no,
predictor/corrector,CC_SCALARS::CC_VELOCITY_BC,ccib.f90,T_USED,module_global,GLOBAL_CONSTANTS,runtime_array,RW,ccib.f90:14007,no,yes,no,no,
predictor/corrector,CC_SCALARS::CC_VELOCITY_BC,ccib.f90,CC_IBEDGE,mesh_field,MESH_TYPE,wall_obst_cutcell,R,ccib.f90:13990,no,yes,no,no,via=ptr
predictor/corrector,CC_SCALARS::CC_VELOCITY_BC,ccib.f90,CC_NIBEDGE,mesh_field,MESH_TYPE,wall_obst_cutcell,R,ccib.f90:13989,no,yes,no,no,via=MESHES
predictor/corrector,CC_SCALARS::CC_VELOCITY_BC,ccib.f90,CC_NRCEDGE,mesh_field,MESH_TYPE,wall_obst_cutcell,R,ccib.f90:13975,no,yes,no,no,via=MESHES
predictor/corrector,CC_SCALARS::CC_VELOCITY_BC,ccib.f90,CC_RCEDGE,mesh_field,MESH_TYPE,wall_obst_cutcell,R,ccib.f90:13976,no,yes,no,no,via=ptr
predictor/corrector,CC_SCALARS::CC_VELOCITY_BC,ccib.f90,CUT_EDGE,mesh_field,MESH_TYPE,wall_obst_cutcell,R,ccib.f90:13982,no,yes,no,no,via=ptr
predictor/corrector,CC_SCALARS::CC_VELOCITY_BC,ccib.f90,CUT_FACE,mesh_field,MESH_TYPE,wall_obst_cutcell,RW,ccib.f90:13950,no,yes,no,no,via=alias:CF|ptr
predictor/corrector,CC_SCALARS::CC_VELOCITY_BC,ccib.f90,IBP1,mesh_field,MESH_TYPE,grid_geometry,R,ccib.f90:13951,no,yes,no,no,via=ptr
predictor/corrector,CC_SCALARS::CC_VELOCITY_BC,ccib.f90,JBP1,mesh_field,MESH_TYPE,grid_geometry,R,ccib.f90:13952,no,yes,no,no,via=ptr
predictor/corrector,CC_SCALARS::CC_VELOCITY_BC,ccib.f90,KBP1,mesh_field,MESH_TYPE,grid_geometry,R,ccib.f90:13953,no,yes,no,no,via=ptr
predictor/corrector,CC_SCALARS::CC_VELOCITY_BC,ccib.f90,N_CUTEDGE_MESH,mesh_field,MESH_TYPE,wall_obst_cutcell,R,ccib.f90:13981,no,yes,no,no,via=MESHES
predictor/corrector,CC_SCALARS::CC_VELOCITY_BC,ccib.f90,N_CUTFACE_MESH,mesh_field,MESH_TYPE,wall_obst_cutcell,R,ccib.f90:13949,no,yes,no,no,via=MESHES
predictor/corrector,CC_SCALARS::CC_VELOCITY_BC,ccib.f90,N_GCCUTFACE_MESH,mesh_field,MESH_TYPE,wall_obst_cutcell,R,ccib.f90:13949,no,yes,no,no,via=MESHES
predictor/corrector,CC_SCALARS::CC_VELOCITY_BC,ccib.f90,RHO,mesh_field,MESH_TYPE,cell_centred_solution,R,ccib.f90:13939,no,yes,no,no,via=ptr
predictor/corrector,CC_SCALARS::CC_VELOCITY_BC,ccib.f90,RHOS,mesh_field,MESH_TYPE,cell_centred_solution,R,ccib.f90:13932,no,yes,no,no,via=ptr
predictor/corrector,CC_SCALARS::CC_VELOCITY_BC,ccib.f90,U,mesh_field,MESH_TYPE,face_centred_flux,RW,ccib.f90:13935,no,yes,no,no,via=alias:UU|ptr
predictor/corrector,CC_SCALARS::CC_VELOCITY_BC,ccib.f90,US,mesh_field,MESH_TYPE,face_centred_flux,R,ccib.f90:13928,no,yes,no,no,via=ptr
predictor/corrector,CC_SCALARS::CC_VELOCITY_BC,ccib.f90,V,mesh_field,MESH_TYPE,face_centred_flux,RW,ccib.f90:13936,no,yes,no,no,via=alias:VV|ptr
predictor/corrector,CC_SCALARS::CC_VELOCITY_BC,ccib.f90,VS,mesh_field,MESH_TYPE,face_centred_flux,R,ccib.f90:13929,no,yes,no,no,via=ptr
predictor/corrector,CC_SCALARS::CC_VELOCITY_BC,ccib.f90,W,mesh_field,MESH_TYPE,face_centred_flux,RW,ccib.f90:13937,no,yes,no,no,via=alias:WW|ptr
predictor/corrector,CC_SCALARS::CC_VELOCITY_BC,ccib.f90,WS,mesh_field,MESH_TYPE,face_centred_flux,R,ccib.f90:13930,no,yes,no,no,via=ptr
predictor/corrector,CC_SCALARS::CC_VELOCITY_BC,ccib.f90,ZZ,mesh_field,MESH_TYPE,cell_centred_solution,R,ccib.f90:13938,no,yes,no,no,via=ptr
predictor/corrector,CC_SCALARS::CC_VELOCITY_BC,ccib.f90,ZZS,mesh_field,MESH_TYPE,cell_centred_solution,R,ccib.f90:13931,no,yes,no,no,via=ptr
predictor/corrector,CC_SCALARS::CC_VELOCITY_BC::CC_CUTEDGE_DUIDXJ_TAU_OMG,ccib.f90,TWO_D,module_global,GLOBAL_CONSTANTS,runtime_scalar,R,ccib.f90:14020,no,no,no,no,
predictor/corrector,CC_SCALARS::CC_VELOCITY_BC::CC_CUTEDGE_DUIDXJ_TAU_OMG,ccib.f90,CUT_EDGE,mesh_field,MESH_TYPE,wall_obst_cutcell,RW,ccib.f90:14020,no,no,no,no,via=alias:CE
predictor/corrector,CC_SCALARS::CC_VELOCITY_BC::CC_CUTEDGE_DUIDXJ_TAU_OMG,ccib.f90,CUT_FACE,mesh_field,MESH_TYPE,wall_obst_cutcell,R,ccib.f90:14059,no,no,no,no,via=ptr
predictor/corrector,CC_SCALARS::CC_VELOCITY_BC::CC_CUTEDGE_DUIDXJ_TAU_OMG,ccib.f90,EDGE,mesh_field,MESH_TYPE,ghost_boundary,RW,ccib.f90:14032,no,no,no,no,via=ptr
predictor/corrector,CC_SCALARS::CC_VELOCITY_BC::CC_CUTEDGE_DUIDXJ_TAU_OMG,ccib.f90,IBAR,mesh_field,MESH_TYPE,grid_geometry,R,ccib.f90:14023,no,no,no,no,via=ptr
predictor/corrector,CC_SCALARS::CC_VELOCITY_BC::CC_CUTEDGE_DUIDXJ_TAU_OMG,ccib.f90,JBAR,mesh_field,MESH_TYPE,grid_geometry,R,ccib.f90:14023,no,no,no,no,via=ptr
predictor/corrector,CC_SCALARS::CC_VELOCITY_BC::CC_CUTEDGE_DUIDXJ_TAU_OMG,ccib.f90,KBAR,mesh_field,MESH_TYPE,grid_geometry,R,ccib.f90:14023,no,no,no,no,via=ptr
predictor/corrector,CC_SCALARS::CC_VELOCITY_BC::CC_CUTEDGE_DUIDXJ_TAU_OMG,ccib.f90,MU,mesh_field,MESH_TYPE,cell_centred_solution,R,ccib.f90:14039,no,no,no,no,via=ptr
predictor/corrector,CC_SCALARS::CC_VELOCITY_BC::CC_EDGE_TAU_OMG,ccib.f90,THRES_FCT_EP,module_global,CC_SCALARS,runtime_scalar,R,ccib.f90:14392,no,yes,no,no,
predictor/corrector,CC_SCALARS::CC_VELOCITY_BC::CC_EDGE_TAU_OMG,ccib.f90,CCVOL_LINK,module_global,GLOBAL_CONSTANTS,runtime_scalar,R,ccib.f90:14709,no,yes,no,no,
predictor/corrector,CC_SCALARS::CC_VELOCITY_BC::CC_EDGE_TAU_OMG,ccib.f90,I_MAX_TEMP,module_global,GLOBAL_CONSTANTS,runtime_scalar,R,ccib.f90:14374,no,yes,no,no,
predictor/corrector,CC_SCALARS::CC_VELOCITY_BC::CC_EDGE_TAU_OMG,ccib.f90,MU_RSQMW_Z,module_global,GLOBAL_CONSTANTS,runtime_array,R,ccib.f90:14375,no,yes,no,no,
predictor/corrector,CC_SCALARS::CC_VELOCITY_BC::CC_EDGE_TAU_OMG,ccib.f90,RSQ_MW_Z,module_global,GLOBAL_CONSTANTS,runtime_array,R,ccib.f90:14375,no,yes,no,no,
predictor/corrector,CC_SCALARS::CC_VELOCITY_BC::CC_EDGE_TAU_OMG,ccib.f90,SURFACE,module_global,TYPES,runtime_array,R,ccib.f90:14726,no,yes,no,no,
predictor/corrector,CC_SCALARS::CC_VELOCITY_BC::CC_EDGE_TAU_OMG,ccib.f90,CCVAR,mesh_field,MESH_TYPE,wall_obst_cutcell,R,ccib.f90:14744,no,yes,no,no,via=ptr
predictor/corrector,CC_SCALARS::CC_VELOCITY_BC::CC_EDGE_TAU_OMG,ccib.f90,CC_RCEDGE,mesh_field,MESH_TYPE,wall_obst_cutcell,RW,ccib.f90:14243,no,yes,no,no,via=alias:CC_EDGE|ptr
predictor/corrector,CC_SCALARS::CC_VELOCITY_BC::CC_EDGE_TAU_OMG,ccib.f90,CELL,mesh_field,MESH_TYPE,wall_obst_cutcell,R,ccib.f90:14312,no,yes,no,no,via=ptr
predictor/corrector,CC_SCALARS::CC_VELOCITY_BC::CC_EDGE_TAU_OMG,ccib.f90,CUT_EDGE,mesh_field,MESH_TYPE,wall_obst_cutcell,R,ccib.f90:14426,no,yes,no,no,via=ptr
predictor/corrector,CC_SCALARS::CC_VELOCITY_BC::CC_EDGE_TAU_OMG,ccib.f90,CUT_FACE,mesh_field,MESH_TYPE,wall_obst_cutcell,R,ccib.f90:14709,no,yes,no,no,via=ptr
predictor/corrector,CC_SCALARS::CC_VELOCITY_BC::CC_EDGE_TAU_OMG,ccib.f90,DRAG_UVWMAX,mesh_field,MESH_TYPE,particle,RW,ccib.f90:14784,no,yes,no,no,via=ptr
predictor/corrector,CC_SCALARS::CC_VELOCITY_BC::CC_EDGE_TAU_OMG,ccib.f90,DX,mesh_field,MESH_TYPE,grid_geometry,R,ccib.f90:14269,no,yes,no,no,via=ptr
predictor/corrector,CC_SCALARS::CC_VELOCITY_BC::CC_EDGE_TAU_OMG,ccib.f90,DY,mesh_field,MESH_TYPE,grid_geometry,R,ccib.f90:14261,no,yes,no,no,via=ptr
predictor/corrector,CC_SCALARS::CC_VELOCITY_BC::CC_EDGE_TAU_OMG,ccib.f90,DZ,mesh_field,MESH_TYPE,grid_geometry,R,ccib.f90:14262,no,yes,no,no,via=ptr
predictor/corrector,CC_SCALARS::CC_VELOCITY_BC::CC_EDGE_TAU_OMG,ccib.f90,ECVAR,mesh_field,MESH_TYPE,wall_obst_cutcell,R,ccib.f90:14421,no,yes,no,no,via=ptr
predictor/corrector,CC_SCALARS::CC_VELOCITY_BC::CC_EDGE_TAU_OMG,ccib.f90,EDGE,mesh_field,MESH_TYPE,ghost_boundary,RW,ccib.f90:14244,no,yes,no,no,via=ptr
predictor/corrector,CC_SCALARS::CC_VELOCITY_BC::CC_EDGE_TAU_OMG,ccib.f90,FCVAR,mesh_field,MESH_TYPE,wall_obst_cutcell,R,ccib.f90:14368,no,yes,no,no,via=ptr
predictor/corrector,CC_SCALARS::CC_VELOCITY_BC::CC_EDGE_TAU_OMG,ccib.f90,IBP1,mesh_field,MESH_TYPE,grid_geometry,R,ccib.f90:14496,no,yes,no,no,via=ptr
predictor/corrector,CC_SCALARS::CC_VELOCITY_BC::CC_EDGE_TAU_OMG,ccib.f90,JBP1,mesh_field,MESH_TYPE,grid_geometry,R,ccib.f90:14406,no,yes,no,no,via=ptr
predictor/corrector,CC_SCALARS::CC_VELOCITY_BC::CC_EDGE_TAU_OMG,ccib.f90,KBP1,mesh_field,MESH_TYPE,grid_geometry,R,ccib.f90:14384,no,yes,no,no,via=ptr
predictor/corrector,CC_SCALARS::CC_VELOCITY_BC::CC_EDGE_TAU_OMG,ccib.f90,MU,mesh_field,MESH_TYPE,cell_centred_solution,R,ccib.f90:14377,no,yes,no,no,via=ptr
predictor/corrector,CC_SCALARS::CC_VELOCITY_BC::CC_EDGE_TAU_OMG,ccib.f90,RHO,mesh_field,MESH_TYPE,cell_centred_solution,R,ccib.f90:14376,no,yes,no,no,via=alias:RHOP
predictor/corrector,CC_SCALARS::CC_VELOCITY_BC::CC_EDGE_TAU_OMG,ccib.f90,TMP,mesh_field,MESH_TYPE,cell_centred_solution,R,ccib.f90:14374,no,yes,no,no,via=ptr
predictor/corrector,CC_SCALARS::CC_VELOCITY_BC::CC_EDGE_TAU_OMG,ccib.f90,U,mesh_field,MESH_TYPE,face_centred_flux,R,ccib.f90:14266,no,yes,no,no,via=alias:UU
predictor/corrector,CC_SCALARS::CC_VELOCITY_BC::CC_EDGE_TAU_OMG,ccib.f90,V,mesh_field,MESH_TYPE,face_centred_flux,R,ccib.f90:14257,no,yes,no,no,via=alias:VV
predictor/corrector,CC_SCALARS::CC_VELOCITY_BC::CC_EDGE_TAU_OMG,ccib.f90,W,mesh_field,MESH_TYPE,face_centred_flux,R,ccib.f90:14259,no,yes,no,no,via=alias:WW
predictor/corrector,CC_SCALARS::CC_VELOCITY_BC::CC_RCEDGE_DUIDXJ,ccib.f90,CC_RCEDGE,mesh_field,MESH_TYPE,wall_obst_cutcell,RW,ccib.f90:14097,no,no,no,no,via=alias:CC_EDGE
predictor/corrector,CC_SCALARS::CC_VELOCITY_BC::CC_RCEDGE_DUIDXJ,ccib.f90,EDGE,mesh_field,MESH_TYPE,ghost_boundary,R,ccib.f90:14098,no,no,no,no,via=ptr
predictor/corrector,CC_SCALARS::CC_VELOCITY_BC::CC_RCEDGE_DUIDXJ,ccib.f90,MU,mesh_field,MESH_TYPE,cell_centred_solution,R,ccib.f90:14187,no,no,no,no,via=ptr
predictor/corrector,CC_SCALARS::CC_VELOCITY_BC::CC_RCEDGE_DUIDXJ,ccib.f90,U,mesh_field,MESH_TYPE,face_centred_flux,R,ccib.f90:14160,no,no,no,no,via=alias:UU
predictor/corrector,CC_SCALARS::CC_VELOCITY_BC::CC_RCEDGE_DUIDXJ,ccib.f90,V,mesh_field,MESH_TYPE,face_centred_flux,R,ccib.f90:14143,no,no,no,no,via=alias:VV
predictor/corrector,CC_SCALARS::CC_VELOCITY_BC::CC_RCEDGE_DUIDXJ,ccib.f90,W,mesh_field,MESH_TYPE,face_centred_flux,R,ccib.f90:14145,no,no,no,no,via=alias:WW
predictor/corrector,CC_SCALARS::CC_VELOCITY_BC::CC_RCEDGE_TAU_OMG,ccib.f90,CC_RCEDGE,mesh_field,MESH_TYPE,wall_obst_cutcell,R,ccib.f90:14206,no,no,no,no,via=alias:CC_EDGE
predictor/corrector,CC_SCALARS::CC_VELOCITY_BC::CC_RCEDGE_TAU_OMG,ccib.f90,EDGE,mesh_field,MESH_TYPE,ghost_boundary,W,ccib.f90:14220,no,no,no,no,via=ptr
predictor/corrector,CC_SCALARS::CC_VELOCITY_CUTFACES,ccib.f90,LOWER_MESH_INDEX,module_global,GLOBAL_CONSTANTS,runtime_scalar,R,ccib.f90:6925,no,no,no,no,
predictor/corrector,CC_SCALARS::CC_VELOCITY_CUTFACES,ccib.f90,UPPER_MESH_INDEX,module_global,GLOBAL_CONSTANTS,runtime_scalar,R,ccib.f90:6925,no,no,no,no,
predictor/corrector,CC_SCALARS::CC_VELOCITY_CUTFACES,ccib.f90,CUT_FACE,mesh_field,MESH_TYPE,wall_obst_cutcell,RW,ccib.f90:6939,no,no,no,no,via=alias:CF|ptr
predictor/corrector,CC_SCALARS::CC_VELOCITY_CUTFACES,ccib.f90,DX,mesh_field,MESH_TYPE,grid_geometry,R,ccib.f90:6949,no,no,no,no,via=ptr
predictor/corrector,CC_SCALARS::CC_VELOCITY_CUTFACES,ccib.f90,DY,mesh_field,MESH_TYPE,grid_geometry,R,ccib.f90:6948,no,no,no,no,via=ptr
predictor/corrector,CC_SCALARS::CC_VELOCITY_CUTFACES,ccib.f90,DZ,mesh_field,MESH_TYPE,grid_geometry,R,ccib.f90:6948,no,no,no,no,via=ptr
predictor/corrector,CC_SCALARS::CC_VELOCITY_CUTFACES,ccib.f90,N_CUTFACE_MESH,mesh_field,MESH_TYPE,wall_obst_cutcell,R,ccib.f90:6938,no,no,no,no,via=MESHES
predictor/corrector,CC_SCALARS::CC_VELOCITY_CUTFACES,ccib.f90,U,mesh_field,MESH_TYPE,face_centred_flux,RW,ccib.f90:6932,no,no,no,no,via=alias:UP|ptr
predictor/corrector,CC_SCALARS::CC_VELOCITY_CUTFACES,ccib.f90,US,mesh_field,MESH_TYPE,face_centred_flux,RW,ccib.f90:6928,no,no,no,no,via=alias:UP|ptr
predictor/corrector,CC_SCALARS::CC_VELOCITY_CUTFACES,ccib.f90,V,mesh_field,MESH_TYPE,face_centred_flux,RW,ccib.f90:6933,no,no,no,no,via=alias:VP|ptr
predictor/corrector,CC_SCALARS::CC_VELOCITY_CUTFACES,ccib.f90,VS,mesh_field,MESH_TYPE,face_centred_flux,RW,ccib.f90:6929,no,no,no,no,via=alias:VP|ptr
predictor/corrector,CC_SCALARS::CC_VELOCITY_CUTFACES,ccib.f90,W,mesh_field,MESH_TYPE,face_centred_flux,RW,ccib.f90:6934,no,no,no,no,via=alias:WP|ptr
predictor/corrector,CC_SCALARS::CC_VELOCITY_CUTFACES,ccib.f90,WS,mesh_field,MESH_TYPE,face_centred_flux,RW,ccib.f90:6930,no,no,no,no,via=alias:WP|ptr
predictor/corrector,CC_SCALARS::CC_VELOCITY_FLUX,ccib.f90,CC,module_global,CC_SCALARS,pointer,RW,ccib.f90:15076,no,yes,no,no,
predictor/corrector,CC_SCALARS::CC_VELOCITY_FLUX,ccib.f90,CF,module_global,CC_SCALARS,pointer,RW,ccib.f90:15065,no,yes,no,no,
predictor/corrector,CC_SCALARS::CC_VELOCITY_FLUX,ccib.f90,RCF,module_global,CC_SCALARS,pointer,RW,ccib.f90:15101,no,yes,no,no,
predictor/corrector,CC_SCALARS::CC_VELOCITY_FLUX,ccib.f90,RHO_0_CV,module_global,CC_SCALARS,runtime_array,R,ccib.f90:15109,no,yes,no,no,
predictor/corrector,CC_SCALARS::CC_VELOCITY_FLUX,ccib.f90,UNKZ_IND,module_global,CC_SCALARS,runtime_array,R,ccib.f90:15109,no,yes,no,no,
predictor/corrector,CC_SCALARS::CC_VELOCITY_FLUX,ccib.f90,NM_START,module_global,COMPLEX_GEOMETRY,runtime_scalar,R,ccib.f90:15109,no,yes,no,no,
predictor/corrector,CC_SCALARS::CC_VELOCITY_FLUX,ccib.f90,T_CC_USED,module_global,COMPLEX_GEOMETRY,runtime_array,RW,ccib.f90:15219,no,yes,no,no,
predictor/corrector,CC_SCALARS::CC_VELOCITY_FLUX,ccib.f90,FREEZE_VELOCITY,module_global,GLOBAL_CONSTANTS,runtime_scalar,R,ccib.f90:15050,no,yes,no,no,
predictor/corrector,CC_SCALARS::CC_VELOCITY_FLUX,ccib.f90,PERIODIC_TEST,module_global,GLOBAL_CONSTANTS,runtime_scalar,R,ccib.f90:15051,no,yes,no,no,
predictor/corrector,CC_SCALARS::CC_VELOCITY_FLUX,ccib.f90,SOLID_PHASE_ONLY,module_global,GLOBAL_CONSTANTS,runtime_scalar,R,ccib.f90:15050,no,yes,no,no,
predictor/corrector,CC_SCALARS::CC_VELOCITY_FLUX,ccib.f90,T_USED,module_global,GLOBAL_CONSTANTS,runtime_array,RW,ccib.f90:15218,no,yes,no,no,
predictor/corrector,CC_SCALARS::CC_VELOCITY_FLUX,ccib.f90,CCVAR,mesh_field,MESH_TYPE,wall_obst_cutcell,R,ccib.f90:15109,no,yes,no,no,via=ptr
predictor/corrector,CC_SCALARS::CC_VELOCITY_FLUX,ccib.f90,CC_NRCFACE_Z,mesh_field,MESH_TYPE,wall_obst_cutcell,R,ccib.f90:15100,no,yes,no,no,via=MESHES
predictor/corrector,CC_SCALARS::CC_VELOCITY_FLUX,ccib.f90,CUT_CELL,mesh_field,MESH_TYPE,wall_obst_cutcell,R,ccib.f90:15076,no,yes,no,no,via=alias:CC|ptr
predictor/corrector,CC_SCALARS::CC_VELOCITY_FLUX,ccib.f90,CUT_FACE,mesh_field,MESH_TYPE,wall_obst_cutcell,RW,ccib.f90:15065,no,yes,no,no,via=alias:CF|ptr
predictor/corrector,CC_SCALARS::CC_VELOCITY_FLUX,ccib.f90,FCVAR,mesh_field,MESH_TYPE,wall_obst_cutcell,R,ccib.f90:15060,no,yes,no,no,via=ptr
predictor/corrector,CC_SCALARS::CC_VELOCITY_FLUX,ccib.f90,FVX,mesh_field,MESH_TYPE,face_centred_flux,RW,ccib.f90:15060,no,yes,no,no,via=ptr
predictor/corrector,CC_SCALARS::CC_VELOCITY_FLUX,ccib.f90,FVY,mesh_field,MESH_TYPE,face_centred_flux,RW,ccib.f90:15061,no,yes,no,no,via=ptr
predictor/corrector,CC_SCALARS::CC_VELOCITY_FLUX,ccib.f90,FVZ,mesh_field,MESH_TYPE,face_centred_flux,RW,ccib.f90:15062,no,yes,no,no,via=ptr
predictor/corrector,CC_SCALARS::CC_VELOCITY_FLUX,ccib.f90,IBAR,mesh_field,MESH_TYPE,grid_geometry,R,ccib.f90:15060,no,yes,no,no,via=ptr
predictor/corrector,CC_SCALARS::CC_VELOCITY_FLUX,ccib.f90,JBAR,mesh_field,MESH_TYPE,grid_geometry,R,ccib.f90:15060,no,yes,no,no,via=ptr
predictor/corrector,CC_SCALARS::CC_VELOCITY_FLUX,ccib.f90,KBAR,mesh_field,MESH_TYPE,grid_geometry,R,ccib.f90:15060,no,yes,no,no,via=ptr
predictor/corrector,CC_SCALARS::CC_VELOCITY_FLUX,ccib.f90,N_CUTFACE_MESH,mesh_field,MESH_TYPE,wall_obst_cutcell,R,ccib.f90:15064,no,yes,no,no,via=MESHES
predictor/corrector,CC_SCALARS::CC_VELOCITY_FLUX,ccib.f90,RC_FACE,mesh_field,MESH_TYPE,wall_obst_cutcell,R,ccib.f90:15101,no,yes,no,no,via=alias:RCF|ptr
predictor/corrector,CC_SCALARS::CC_VELOCITY_FLUX,ccib.f90,RHO_0,mesh_field,MESH_TYPE,other,R,ccib.f90:15090,no,yes,no,no,via=ptr
predictor/corrector,CC_SCALARS::CC_VELOCITY_FLUX,ccib.f90,X,mesh_field,MESH_TYPE,grid_geometry,R,ccib.f90:15106,no,yes,no,no,via=ptr
predictor/corrector,CC_SCALARS::CC_VELOCITY_FLUX,ccib.f90,Y,mesh_field,MESH_TYPE,grid_geometry,R,ccib.f90:15123,no,yes,no,no,via=ptr
predictor/corrector,CC_SCALARS::CC_VELOCITY_FLUX,ccib.f90,Z,mesh_field,MESH_TYPE,grid_geometry,R,ccib.f90:15140,no,yes,no,no,via=ptr
predictor/corrector,CC_SCALARS::CFACE_PREDICT_NORMAL_VELOCITY,ccib.f90,B1,module_global,CC_SCALARS,pointer,RW,ccib.f90:6006,no,yes,no,no,
predictor/corrector,CC_SCALARS::CFACE_PREDICT_NORMAL_VELOCITY,ccib.f90,CFA,module_global,CC_SCALARS,pointer,RW,ccib.f90:6005,no,yes,no,no,
predictor/corrector,CC_SCALARS::CFACE_PREDICT_NORMAL_VELOCITY,ccib.f90,PREDICTOR,module_global,GLOBAL_CONSTANTS,runtime_scalar,R,ccib.f90:5993,no,yes,no,no,
predictor/corrector,CC_SCALARS::CFACE_PREDICT_NORMAL_VELOCITY,ccib.f90,RHOA,module_global,GLOBAL_CONSTANTS,runtime_scalar,R,ccib.f90:6040,no,yes,no,no,
predictor/corrector,CC_SCALARS::CFACE_PREDICT_NORMAL_VELOCITY,ccib.f90,T_BEGIN,module_global,GLOBAL_CONSTANTS,runtime_scalar,R,ccib.f90:6023,no,yes,no,no,
predictor/corrector,CC_SCALARS::CFACE_PREDICT_NORMAL_VELOCITY,ccib.f90,SURFACE,module_global,TYPES,runtime_array,R,ccib.f90:6016,no,yes,no,no,
predictor/corrector,CC_SCALARS::CFACE_PREDICT_NORMAL_VELOCITY,ccib.f90,BOUNDARY_PROP1,mesh_field,MESH_TYPE,wall_obst_cutcell,RW,ccib.f90:6006,no,yes,no,no,via=alias:B1|ptr
predictor/corrector,CC_SCALARS::CFACE_PREDICT_NORMAL_VELOCITY,ccib.f90,CFACE,mesh_field,MESH_TYPE,wall_obst_cutcell,RW,ccib.f90:6005,no,yes,no,no,via=alias:CFA|ptr
predictor/corrector,CC_SCALARS::CFACE_PREDICT_NORMAL_VELOCITY,ccib.f90,N_EXTERNAL_CFACE_CELLS,mesh_field,MESH_TYPE,wall_obst_cutcell,R,ccib.f90:6003,no,yes,no,no,via=ptr
predictor/corrector,CC_SCALARS::CFACE_PREDICT_NORMAL_VELOCITY,ccib.f90,N_INTERNAL_CFACE_CELLS,mesh_field,MESH_TYPE,wall_obst_cutcell,R,ccib.f90:6003,no,yes,no,no,via=ptr
predictor/corrector,CC_SCALARS::CFACE_PREDICT_NORMAL_VELOCITY,ccib.f90,N_INTWALL_CFACE_CELLS,mesh_field,MESH_TYPE,wall_obst_cutcell,R,ccib.f90:6003,no,yes,no,no,via=ptr
predictor/corrector,CC_SCALARS::CFACE_PREDICT_NORMAL_VELOCITY,ccib.f90,PBAR,mesh_field,MESH_TYPE,pressure_solver,R,ccib.f90:5997,no,yes,no,no,via=ptr
predictor/corrector,CC_SCALARS::CFACE_PREDICT_NORMAL_VELOCITY,ccib.f90,PBAR_S,mesh_field,MESH_TYPE,pressure_solver,R,ccib.f90:5995,no,yes,no,no,via=ptr
predictor/corrector,CC_SCALARS::GET_ADVDIFFVECTOR_SCALAR_3D,ccib.f90,B1,module_global,CC_SCALARS,pointer,RW,ccib.f90:13732,no,yes,no,no,
predictor/corrector,CC_SCALARS::GET_ADVDIFFVECTOR_SCALAR_3D,ccib.f90,BC,module_global,CC_SCALARS,pointer,RW,ccib.f90:13733,no,yes,no,no,
predictor/corrector,CC_SCALARS::GET_ADVDIFFVECTOR_SCALAR_3D,ccib.f90,CFA,module_global,CC_SCALARS,pointer,RW,ccib.f90:13831,no,yes,no,no,
predictor/corrector,CC_SCALARS::GET_ADVDIFFVECTOR_SCALAR_3D,ccib.f90,F_Z,module_global,CC_SCALARS,runtime_array,RW,ccib.f90:13679,no,yes,no,no,
predictor/corrector,CC_SCALARS::GET_ADVDIFFVECTOR_SCALAR_3D,ccib.f90,IHI_FACE,module_global,CC_SCALARS,runtime_scalar,W,ccib.f90:13650,no,yes,no,no,
predictor/corrector,CC_SCALARS::GET_ADVDIFFVECTOR_SCALAR_3D,ccib.f90,ILO_FACE,module_global,CC_SCALARS,runtime_scalar,W,ccib.f90:13649,no,yes,no,no,
predictor/corrector,CC_SCALARS::GET_ADVDIFFVECTOR_SCALAR_3D,ccib.f90,JHI_FACE,module_global,CC_SCALARS,runtime_scalar,W,ccib.f90:13654,no,yes,no,no,
predictor/corrector,CC_SCALARS::GET_ADVDIFFVECTOR_SCALAR_3D,ccib.f90,JLO_FACE,module_global,CC_SCALARS,runtime_scalar,W,ccib.f90:13653,no,yes,no,no,
predictor/corrector,CC_SCALARS::GET_ADVDIFFVECTOR_SCALAR_3D,ccib.f90,KHI_FACE,module_global,CC_SCALARS,runtime_scalar,W,ccib.f90:13658,no,yes,no,no,
predictor/corrector,CC_SCALARS::GET_ADVDIFFVECTOR_SCALAR_3D,ccib.f90,KLO_FACE,module_global,CC_SCALARS,runtime_scalar,W,ccib.f90:13657,no,yes,no,no,
predictor/corrector,CC_SCALARS::GET_ADVDIFFVECTOR_SCALAR_3D,ccib.f90,UNKZ_IND,module_global,CC_SCALARS,runtime_array,R,ccib.f90:13675,no,yes,no,no,
predictor/corrector,CC_SCALARS::GET_ADVDIFFVECTOR_SCALAR_3D,ccib.f90,WC,module_global,CC_SCALARS,pointer,RW,ccib.f90:13665,no,yes,no,no,
predictor/corrector,CC_SCALARS::GET_ADVDIFFVECTOR_SCALAR_3D,ccib.f90,NM_START,module_global,COMPLEX_GEOMETRY,runtime_scalar,R,ccib.f90:13675,no,yes,no,no,
predictor/corrector,CC_SCALARS::GET_ADVDIFFVECTOR_SCALAR_3D,ccib.f90,CORRECTOR,module_global,GLOBAL_CONSTANTS,runtime_scalar,R,ccib.f90:13773,no,yes,no,no,
predictor/corrector,CC_SCALARS::GET_ADVDIFFVECTOR_SCALAR_3D,ccib.f90,LOWER_MESH_INDEX,module_global,GLOBAL_CONSTANTS,runtime_scalar,R,ccib.f90:13628,no,yes,no,no,
predictor/corrector,CC_SCALARS::GET_ADVDIFFVECTOR_SCALAR_3D,ccib.f90,PREDICTOR,module_global,GLOBAL_CONSTANTS,runtime_scalar,R,ccib.f90:13632,no,yes,no,no,
predictor/corrector,CC_SCALARS::GET_ADVDIFFVECTOR_SCALAR_3D,ccib.f90,UPPER_MESH_INDEX,module_global,GLOBAL_CONSTANTS,runtime_scalar,R,ccib.f90:13628,no,yes,no,no,
predictor/corrector,CC_SCALARS::GET_ADVDIFFVECTOR_SCALAR_3D,ccib.f90,BOUNDARY_COORD,mesh_field,MESH_TYPE,wall_obst_cutcell,R,ccib.f90:13733,no,yes,no,no,via=alias:BC|ptr
predictor/corrector,CC_SCALARS::GET_ADVDIFFVECTOR_SCALAR_3D,ccib.f90,BOUNDARY_PROP1,mesh_field,MESH_TYPE,wall_obst_cutcell,R,ccib.f90:13732,no,yes,no,no,via=alias:B1|ptr
predictor/corrector,CC_SCALARS::GET_ADVDIFFVECTOR_SCALAR_3D,ccib.f90,CCVAR,mesh_field,MESH_TYPE,wall_obst_cutcell,R,ccib.f90:13675,no,yes,no,no,via=ptr
predictor/corrector,CC_SCALARS::GET_ADVDIFFVECTOR_SCALAR_3D,ccib.f90,CC_NRCFACE_Z,mesh_field,MESH_TYPE,wall_obst_cutcell,R,ccib.f90:13728,no,yes,no,no,via=MESHES
predictor/corrector,CC_SCALARS::GET_ADVDIFFVECTOR_SCALAR_3D,ccib.f90,CC_NREGFACE_Z,mesh_field,MESH_TYPE,wall_obst_cutcell,R,ccib.f90:13664,no,yes,no,no,via=MESHES
predictor/corrector,CC_SCALARS::GET_ADVDIFFVECTOR_SCALAR_3D,ccib.f90,CC_REGFACE_IAXIS_Z,mesh_field,MESH_TYPE,wall_obst_cutcell,R,ccib.f90:13663,no,yes,no,no,via=alias:REGFACE_Z|ptr
predictor/corrector,CC_SCALARS::GET_ADVDIFFVECTOR_SCALAR_3D,ccib.f90,CC_REGFACE_JAXIS_Z,mesh_field,MESH_TYPE,wall_obst_cutcell,R,ccib.f90:13685,no,yes,no,no,via=alias:REGFACE_Z|ptr
predictor/corrector,CC_SCALARS::GET_ADVDIFFVECTOR_SCALAR_3D,ccib.f90,CC_REGFACE_KAXIS_Z,mesh_field,MESH_TYPE,wall_obst_cutcell,R,ccib.f90:13707,no,yes,no,no,via=alias:REGFACE_Z|ptr
predictor/corrector,CC_SCALARS::GET_ADVDIFFVECTOR_SCALAR_3D,ccib.f90,CFACE,mesh_field,MESH_TYPE,wall_obst_cutcell,R,ccib.f90:13831,no,yes,no,no,via=alias:CFA|ptr
predictor/corrector,CC_SCALARS::GET_ADVDIFFVECTOR_SCALAR_3D,ccib.f90,CUT_CELL,mesh_field,MESH_TYPE,wall_obst_cutcell,R,ccib.f90:13835,no,yes,no,no,via=ptr
predictor/corrector,CC_SCALARS::GET_ADVDIFFVECTOR_SCALAR_3D,ccib.f90,CUT_FACE,mesh_field,MESH_TYPE,wall_obst_cutcell,R,ccib.f90:13792,no,yes,no,no,via=MESHES|ptr
predictor/corrector,CC_SCALARS::GET_ADVDIFFVECTOR_SCALAR_3D,ccib.f90,DX,mesh_field,MESH_TYPE,grid_geometry,R,ccib.f90:13700,no,yes,no,no,via=ptr
predictor/corrector,CC_SCALARS::GET_ADVDIFFVECTOR_SCALAR_3D,ccib.f90,DY,mesh_field,MESH_TYPE,grid_geometry,R,ccib.f90:13678,no,yes,no,no,via=ptr
predictor/corrector,CC_SCALARS::GET_ADVDIFFVECTOR_SCALAR_3D,ccib.f90,DZ,mesh_field,MESH_TYPE,grid_geometry,R,ccib.f90:13678,no,yes,no,no,via=ptr
predictor/corrector,CC_SCALARS::GET_ADVDIFFVECTOR_SCALAR_3D,ccib.f90,IBAR,mesh_field,MESH_TYPE,grid_geometry,R,ccib.f90:13650,no,yes,no,no,via=ptr
predictor/corrector,CC_SCALARS::GET_ADVDIFFVECTOR_SCALAR_3D,ccib.f90,INTERNAL_CFACE_CELLS_LB,mesh_field,MESH_TYPE,wall_obst_cutcell,R,ccib.f90:13830,no,yes,no,no,via=ptr
predictor/corrector,CC_SCALARS::GET_ADVDIFFVECTOR_SCALAR_3D,ccib.f90,JBAR,mesh_field,MESH_TYPE,grid_geometry,R,ccib.f90:13654,no,yes,no,no,via=ptr
predictor/corrector,CC_SCALARS::GET_ADVDIFFVECTOR_SCALAR_3D,ccib.f90,KBAR,mesh_field,MESH_TYPE,grid_geometry,R,ccib.f90:13658,no,yes,no,no,via=ptr
predictor/corrector,CC_SCALARS::GET_ADVDIFFVECTOR_SCALAR_3D,ccib.f90,N_CUTFACE_MESH,mesh_field,MESH_TYPE,wall_obst_cutcell,R,ccib.f90:13791,no,yes,no,no,via=MESHES
predictor/corrector,CC_SCALARS::GET_ADVDIFFVECTOR_SCALAR_3D,ccib.f90,N_INTERNAL_CFACE_CELLS,mesh_field,MESH_TYPE,wall_obst_cutcell,R,ccib.f90:13830,no,yes,no,no,via=ptr
predictor/corrector,CC_SCALARS::GET_ADVDIFFVECTOR_SCALAR_3D,ccib.f90,RC_FACE,mesh_field,MESH_TYPE,wall_obst_cutcell,R,ccib.f90:13730,no,yes,no,no,via=MESHES
predictor/corrector,CC_SCALARS::GET_ADVDIFFVECTOR_SCALAR_3D,ccib.f90,RHO,mesh_field,MESH_TYPE,cell_centred_solution,R,ccib.f90:13634,no,yes,no,no,via=ptr
predictor/corrector,CC_SCALARS::GET_ADVDIFFVECTOR_SCALAR_3D,ccib.f90,RHOS,mesh_field,MESH_TYPE,cell_centred_solution,R,ccib.f90:13641,no,yes,no,no,via=ptr
predictor/corrector,CC_SCALARS::GET_ADVDIFFVECTOR_SCALAR_3D,ccib.f90,U,mesh_field,MESH_TYPE,face_centred_flux,R,ccib.f90:13635,no,yes,no,no,via=ptr
predictor/corrector,CC_SCALARS::GET_ADVDIFFVECTOR_SCALAR_3D,ccib.f90,US,mesh_field,MESH_TYPE,face_centred_flux,R,ccib.f90:13642,no,yes,no,no,via=alias:UP|ptr
predictor/corrector,CC_SCALARS::GET_ADVDIFFVECTOR_SCALAR_3D,ccib.f90,UVW_SAVE,mesh_field,MESH_TYPE,ghost_boundary,R,ccib.f90:13775,no,yes,no,no,via=ptr
predictor/corrector,CC_SCALARS::GET_ADVDIFFVECTOR_SCALAR_3D,ccib.f90,V,mesh_field,MESH_TYPE,face_centred_flux,R,ccib.f90:13636,no,yes,no,no,via=ptr
predictor/corrector,CC_SCALARS::GET_ADVDIFFVECTOR_SCALAR_3D,ccib.f90,VS,mesh_field,MESH_TYPE,face_centred_flux,R,ccib.f90:13643,no,yes,no,no,via=alias:VP|ptr
predictor/corrector,CC_SCALARS::GET_ADVDIFFVECTOR_SCALAR_3D,ccib.f90,W,mesh_field,MESH_TYPE,face_centred_flux,R,ccib.f90:13637,no,yes,no,no,via=ptr
predictor/corrector,CC_SCALARS::GET_ADVDIFFVECTOR_SCALAR_3D,ccib.f90,WALL,mesh_field,MESH_TYPE,wall_obst_cutcell,R,ccib.f90:13665,no,yes,no,no,via=alias:WC|ptr
predictor/corrector,CC_SCALARS::GET_ADVDIFFVECTOR_SCALAR_3D,ccib.f90,WS,mesh_field,MESH_TYPE,face_centred_flux,R,ccib.f90:13644,no,yes,no,no,via=alias:WP|ptr
predictor/corrector,CC_SCALARS::GET_ADVDIFFVECTOR_SCALAR_3D,ccib.f90,ZZ,mesh_field,MESH_TYPE,cell_centred_solution,R,ccib.f90:13633,no,yes,no,no,via=ptr
predictor/corrector,CC_SCALARS::GET_ADVDIFFVECTOR_SCALAR_3D,ccib.f90,ZZS,mesh_field,MESH_TYPE,cell_centred_solution,R,ccib.f90:13640,no,yes,no,no,via=ptr
predictor/corrector,CC_SCALARS::GET_CCIFACE_RHOHS_LIM,ccib.f90,I_FLUX_LIMITER,module_global,GLOBAL_CONSTANTS,runtime_scalar,R,ccib.f90:13599,no,yes,no,no,
predictor/corrector,CC_SCALARS::GET_CCIFACE_RHOHS_LIM,ccib.f90,N_TRACKED_SPECIES,module_global,GLOBAL_CONSTANTS,runtime_scalar,R,ccib.f90:13579,no,yes,no,no,
predictor/corrector,CC_SCALARS::GET_CCIFACE_RHOHS_LIM,ccib.f90,CCVAR,mesh_field,MESH_TYPE,wall_obst_cutcell,R,ccib.f90:13595,no,yes,no,no,via=ptr
predictor/corrector,CC_SCALARS::GET_CCIFACE_RHOHS_LIM,ccib.f90,CELL,mesh_field,MESH_TYPE,wall_obst_cutcell,R,ccib.f90:13595,no,yes,no,no,via=ptr
predictor/corrector,CC_SCALARS::GET_CCIFACE_RHOHS_LIM,ccib.f90,CELL_INDEX,mesh_field,MESH_TYPE,wall_obst_cutcell,R,ccib.f90:13595,no,yes,no,no,via=ptr
predictor/corrector,CC_SCALARS::GET_CCIFACE_RHOHS_LIM,ccib.f90,CUT_CELL,mesh_field,MESH_TYPE,wall_obst_cutcell,R,ccib.f90:13586,no,yes,no,no,via=ptr
predictor/corrector,CC_SCALARS::GET_CCIFACE_RHOHS_LIM,ccib.f90,IBAR,mesh_field,MESH_TYPE,grid_geometry,R,ccib.f90:13594,no,yes,no,no,via=ptr
predictor/corrector,CC_SCALARS::GET_CCIFACE_RHOHS_LIM,ccib.f90,JBAR,mesh_field,MESH_TYPE,grid_geometry,R,ccib.f90:13594,no,yes,no,no,via=ptr
predictor/corrector,CC_SCALARS::GET_CCIFACE_RHOHS_LIM,ccib.f90,KBAR,mesh_field,MESH_TYPE,grid_geometry,R,ccib.f90:13594,no,yes,no,no,via=ptr
predictor/corrector,CC_SCALARS::GET_CCIFACE_RHOHS_LIM,ccib.f90,RHO,mesh_field,MESH_TYPE,cell_centred_solution,R,ccib.f90:13566,no,yes,no,no,via=alias:RHOP|ptr
predictor/corrector,CC_SCALARS::GET_CCIFACE_RHOHS_LIM,ccib.f90,RHOS,mesh_field,MESH_TYPE,cell_centred_solution,R,ccib.f90:13567,no,yes,no,no,via=alias:RHOP|ptr
predictor/corrector,CC_SCALARS::GET_CCIFACE_RHOHS_LIM,ccib.f90,TMP,mesh_field,MESH_TYPE,cell_centred_solution,R,ccib.f90:13580,no,yes,no,no,via=ptr
predictor/corrector,CC_SCALARS::GET_CCIFACE_RHOHS_LIM,ccib.f90,ZZ,mesh_field,MESH_TYPE,cell_centred_solution,R,ccib.f90:13566,no,yes,no,no,via=alias:ZZP|ptr
predictor/corrector,CC_SCALARS::GET_CCIFACE_RHOHS_LIM,ccib.f90,ZZS,mesh_field,MESH_TYPE,cell_centred_solution,R,ccib.f90:13567,no,yes,no,no,via=alias:ZZP|ptr
predictor/corrector,CC_SCALARS::GET_CCIFACE_RHOZZ_LIM,ccib.f90,I_FLUX_LIMITER,module_global,GLOBAL_CONSTANTS,runtime_scalar,R,ccib.f90:13543,no,yes,no,no,
predictor/corrector,CC_SCALARS::GET_CCIFACE_RHOZZ_LIM,ccib.f90,CCVAR,mesh_field,MESH_TYPE,wall_obst_cutcell,R,ccib.f90:13539,no,yes,no,no,via=ptr
predictor/corrector,CC_SCALARS::GET_CCIFACE_RHOZZ_LIM,ccib.f90,CELL,mesh_field,MESH_TYPE,wall_obst_cutcell,R,ccib.f90:13539,no,yes,no,no,via=ptr
predictor/corrector,CC_SCALARS::GET_CCIFACE_RHOZZ_LIM,ccib.f90,CELL_INDEX,mesh_field,MESH_TYPE,wall_obst_cutcell,R,ccib.f90:13539,no,yes,no,no,via=ptr
predictor/corrector,CC_SCALARS::GET_CCIFACE_RHOZZ_LIM,ccib.f90,CUT_CELL,mesh_field,MESH_TYPE,wall_obst_cutcell,R,ccib.f90:13532,no,yes,no,no,via=ptr
predictor/corrector,CC_SCALARS::GET_CCIFACE_RHOZZ_LIM,ccib.f90,IBAR,mesh_field,MESH_TYPE,grid_geometry,R,ccib.f90:13538,no,yes,no,no,via=ptr
predictor/corrector,CC_SCALARS::GET_CCIFACE_RHOZZ_LIM,ccib.f90,JBAR,mesh_field,MESH_TYPE,grid_geometry,R,ccib.f90:13538,no,yes,no,no,via=ptr
predictor/corrector,CC_SCALARS::GET_CCIFACE_RHOZZ_LIM,ccib.f90,KBAR,mesh_field,MESH_TYPE,grid_geometry,R,ccib.f90:13538,no,yes,no,no,via=ptr
predictor/corrector,CC_SCALARS::GET_CCIFACE_RHOZZ_LIM,ccib.f90,RHO,mesh_field,MESH_TYPE,cell_centred_solution,R,ccib.f90:13514,no,yes,no,no,via=alias:RHOP|ptr
predictor/corrector,CC_SCALARS::GET_CCIFACE_RHOZZ_LIM,ccib.f90,RHOS,mesh_field,MESH_TYPE,cell_centred_solution,R,ccib.f90:13515,no,yes,no,no,via=alias:RHOP|ptr
predictor/corrector,CC_SCALARS::GET_CCIFACE_RHOZZ_LIM,ccib.f90,ZZ,mesh_field,MESH_TYPE,cell_centred_solution,R,ccib.f90:13514,no,yes,no,no,via=alias:ZZP|ptr
predictor/corrector,CC_SCALARS::GET_CCIFACE_RHOZZ_LIM,ccib.f90,ZZS,mesh_field,MESH_TYPE,cell_centred_solution,R,ccib.f90:13515,no,yes,no,no,via=alias:ZZP|ptr
predictor/corrector,CC_SCALARS::GET_CC_CELL_DIFFUSIVITY,ccib.f90,PERIODIC_TEST,module_global,GLOBAL_CONSTANTS,runtime_scalar,R,ccib.f90:11157,no,no,no,no,
predictor/corrector,CC_SCALARS::GET_CC_CELL_DIFFUSIVITY,ccib.f90,RSC_T,module_global,GLOBAL_CONSTANTS,runtime_scalar,R,ccib.f90:11155,no,no,no,no,
predictor/corrector,CC_SCALARS::GET_CC_CELL_DIFFUSIVITY,ccib.f90,SIM_MODE,module_global,GLOBAL_CONSTANTS,runtime_scalar,R,ccib.f90:11152,no,no,no,no,
predictor/corrector,CC_SCALARS::GET_CUTCELL_DDDT,ccib.f90,CORRECTOR,module_global,GLOBAL_CONSTANTS,runtime_scalar,R,ccib.f90:2658,no,yes,no,no,
predictor/corrector,CC_SCALARS::GET_CUTCELL_DDDT,ccib.f90,ONE_UNKH_PER_CUTCELL,module_global,GLOBAL_CONSTANTS,runtime_scalar,R,ccib.f90:2633,no,yes,no,no,
predictor/corrector,CC_SCALARS::GET_CUTCELL_DDDT,ccib.f90,PREDICTOR,module_global,GLOBAL_CONSTANTS,runtime_scalar,R,ccib.f90:2614,no,yes,no,no,
predictor/corrector,CC_SCALARS::GET_CUTCELL_DDDT,ccib.f90,CELL,mesh_field,MESH_TYPE,wall_obst_cutcell,R,ccib.f90:2629,no,yes,no,no,via=ptr
predictor/corrector,CC_SCALARS::GET_CUTCELL_DDDT,ccib.f90,CELL_INDEX,mesh_field,MESH_TYPE,wall_obst_cutcell,R,ccib.f90:2629,no,yes,no,no,via=ptr
predictor/corrector,CC_SCALARS::GET_CUTCELL_DDDT,ccib.f90,CUT_CELL,mesh_field,MESH_TYPE,wall_obst_cutcell,RW,ccib.f90:2626,no,yes,no,no,via=ptr
predictor/corrector,CC_SCALARS::GET_CUTCELL_DDDT,ccib.f90,D_PBAR_DT,mesh_field,MESH_TYPE,pressure_solver,R,ccib.f90:2619,no,yes,no,no,via=ptr
predictor/corrector,CC_SCALARS::GET_CUTCELL_DDDT,ccib.f90,D_PBAR_DT_S,mesh_field,MESH_TYPE,pressure_solver,R,ccib.f90:2616,no,yes,no,no,via=ptr
predictor/corrector,CC_SCALARS::GET_CUTCELL_DDDT,ccib.f90,N_CUTCELL_MESH,mesh_field,MESH_TYPE,wall_obst_cutcell,R,ccib.f90:2625,no,yes,no,no,via=MESHES
predictor/corrector,CC_SCALARS::GET_CUTCELL_DDDT,ccib.f90,PRESSURE_ZONE,mesh_field,MESH_TYPE,pressure_solver,R,ccib.f90:2630,no,yes,no,no,via=ptr
predictor/corrector,CC_SCALARS::GET_EXPLICIT_ADVDIFFVECTOR_SCALAR_3D,ccib.f90,B1,module_global,CC_SCALARS,pointer,RW,ccib.f90:12089,no,yes,no,no,
predictor/corrector,CC_SCALARS::GET_EXPLICIT_ADVDIFFVECTOR_SCALAR_3D,ccib.f90,BC,module_global,CC_SCALARS,pointer,RW,ccib.f90:12090,no,yes,no,no,
predictor/corrector,CC_SCALARS::GET_EXPLICIT_ADVDIFFVECTOR_SCALAR_3D,ccib.f90,F_TEMP,module_global,CC_SCALARS,pointer,RW,ccib.f90:12067,no,yes,no,no,
predictor/corrector,CC_SCALARS::GET_EXPLICIT_ADVDIFFVECTOR_SCALAR_3D,ccib.f90,F_WORK,module_global,CC_SCALARS,runtime_array,R,ccib.f90:12067,no,yes,no,no,
predictor/corrector,CC_SCALARS::GET_EXPLICIT_ADVDIFFVECTOR_SCALAR_3D,ccib.f90,F_Z,module_global,CC_SCALARS,runtime_array,RW,ccib.f90:12181,no,yes,no,no,
predictor/corrector,CC_SCALARS::GET_EXPLICIT_ADVDIFFVECTOR_SCALAR_3D,ccib.f90,IHI_FACE,module_global,CC_SCALARS,runtime_scalar,W,ccib.f90:12152,no,yes,no,no,
predictor/corrector,CC_SCALARS::GET_EXPLICIT_ADVDIFFVECTOR_SCALAR_3D,ccib.f90,ILO_FACE,module_global,CC_SCALARS,runtime_scalar,W,ccib.f90:12151,no,yes,no,no,
predictor/corrector,CC_SCALARS::GET_EXPLICIT_ADVDIFFVECTOR_SCALAR_3D,ccib.f90,JHI_FACE,module_global,CC_SCALARS,runtime_scalar,W,ccib.f90:12156,no,yes,no,no,
predictor/corrector,CC_SCALARS::GET_EXPLICIT_ADVDIFFVECTOR_SCALAR_3D,ccib.f90,JLO_FACE,module_global,CC_SCALARS,runtime_scalar,W,ccib.f90:12155,no,yes,no,no,
predictor/corrector,CC_SCALARS::GET_EXPLICIT_ADVDIFFVECTOR_SCALAR_3D,ccib.f90,KHI_FACE,module_global,CC_SCALARS,runtime_scalar,W,ccib.f90:12160,no,yes,no,no,
predictor/corrector,CC_SCALARS::GET_EXPLICIT_ADVDIFFVECTOR_SCALAR_3D,ccib.f90,KLO_FACE,module_global,CC_SCALARS,runtime_scalar,W,ccib.f90:12159,no,yes,no,no,
predictor/corrector,CC_SCALARS::GET_EXPLICIT_ADVDIFFVECTOR_SCALAR_3D,ccib.f90,UNKZ_IND,module_global,CC_SCALARS,runtime_array,R,ccib.f90:12177,no,yes,no,no,
predictor/corrector,CC_SCALARS::GET_EXPLICIT_ADVDIFFVECTOR_SCALAR_3D,ccib.f90,U_TEMP,module_global,CC_SCALARS,pointer,RW,ccib.f90:12066,no,yes,no,no,
predictor/corrector,CC_SCALARS::GET_EXPLICIT_ADVDIFFVECTOR_SCALAR_3D,ccib.f90,U_WORK,module_global,CC_SCALARS,runtime_array,R,ccib.f90:12066,no,yes,no,no,
predictor/corrector,CC_SCALARS::GET_EXPLICIT_ADVDIFFVECTOR_SCALAR_3D,ccib.f90,WC,module_global,CC_SCALARS,pointer,RW,ccib.f90:12087,no,yes,no,no,
predictor/corrector,CC_SCALARS::GET_EXPLICIT_ADVDIFFVECTOR_SCALAR_3D,ccib.f90,Z_TEMP,module_global,CC_SCALARS,pointer,RW,ccib.f90:12068,no,yes,no,no,
predictor/corrector,CC_SCALARS::GET_EXPLICIT_ADVDIFFVECTOR_SCALAR_3D,ccib.f90,Z_WORK,module_global,CC_SCALARS,runtime_array,R,ccib.f90:12068,no,yes,no,no,
predictor/corrector,CC_SCALARS::GET_EXPLICIT_ADVDIFFVECTOR_SCALAR_3D,ccib.f90,NM_START,module_global,COMPLEX_GEOMETRY,runtime_scalar,R,ccib.f90:12177,no,yes,no,no,
predictor/corrector,CC_SCALARS::GET_EXPLICIT_ADVDIFFVECTOR_SCALAR_3D,ccib.f90,I_FLUX_LIMITER,module_global,GLOBAL_CONSTANTS,runtime_scalar,R,ccib.f90:12285,no,yes,no,no,
predictor/corrector,CC_SCALARS::GET_EXPLICIT_ADVDIFFVECTOR_SCALAR_3D,ccib.f90,LOWER_MESH_INDEX,module_global,GLOBAL_CONSTANTS,runtime_scalar,R,ccib.f90:12071,no,yes,no,no,
predictor/corrector,CC_SCALARS::GET_EXPLICIT_ADVDIFFVECTOR_SCALAR_3D,ccib.f90,PREDICTOR,module_global,GLOBAL_CONSTANTS,runtime_scalar,R,ccib.f90:12079,no,yes,no,no,
predictor/corrector,CC_SCALARS::GET_EXPLICIT_ADVDIFFVECTOR_SCALAR_3D,ccib.f90,UPPER_MESH_INDEX,module_global,GLOBAL_CONSTANTS,runtime_scalar,R,ccib.f90:12071,no,yes,no,no,
predictor/corrector,CC_SCALARS::GET_EXPLICIT_ADVDIFFVECTOR_SCALAR_3D,ccib.f90,BOUNDARY_COORD,mesh_field,MESH_TYPE,wall_obst_cutcell,R,ccib.f90:12090,no,yes,no,no,via=alias:BC|ptr
predictor/corrector,CC_SCALARS::GET_EXPLICIT_ADVDIFFVECTOR_SCALAR_3D,ccib.f90,BOUNDARY_PROP1,mesh_field,MESH_TYPE,wall_obst_cutcell,R,ccib.f90:12089,no,yes,no,no,via=alias:B1|ptr
predictor/corrector,CC_SCALARS::GET_EXPLICIT_ADVDIFFVECTOR_SCALAR_3D,ccib.f90,CCVAR,mesh_field,MESH_TYPE,wall_obst_cutcell,R,ccib.f90:12177,no,yes,no,no,via=ptr
predictor/corrector,CC_SCALARS::GET_EXPLICIT_ADVDIFFVECTOR_SCALAR_3D,ccib.f90,CC_NRCFACE_Z,mesh_field,MESH_TYPE,wall_obst_cutcell,R,ccib.f90:12228,no,yes,no,no,via=MESHES
predictor/corrector,CC_SCALARS::GET_EXPLICIT_ADVDIFFVECTOR_SCALAR_3D,ccib.f90,CC_NREGFACE_Z,mesh_field,MESH_TYPE,wall_obst_cutcell,R,ccib.f90:12166,no,yes,no,no,via=MESHES
predictor/corrector,CC_SCALARS::GET_EXPLICIT_ADVDIFFVECTOR_SCALAR_3D,ccib.f90,CC_REGFACE_IAXIS_Z,mesh_field,MESH_TYPE,wall_obst_cutcell,R,ccib.f90:12165,no,yes,no,no,via=alias:REGFACE_Z|ptr
predictor/corrector,CC_SCALARS::GET_EXPLICIT_ADVDIFFVECTOR_SCALAR_3D,ccib.f90,CC_REGFACE_JAXIS_Z,mesh_field,MESH_TYPE,wall_obst_cutcell,R,ccib.f90:12187,no,yes,no,no,via=alias:REGFACE_Z|ptr
predictor/corrector,CC_SCALARS::GET_EXPLICIT_ADVDIFFVECTOR_SCALAR_3D,ccib.f90,CC_REGFACE_KAXIS_Z,mesh_field,MESH_TYPE,wall_obst_cutcell,R,ccib.f90:12208,no,yes,no,no,via=alias:REGFACE_Z|ptr
predictor/corrector,CC_SCALARS::GET_EXPLICIT_ADVDIFFVECTOR_SCALAR_3D,ccib.f90,CELL,mesh_field,MESH_TYPE,wall_obst_cutcell,R,ccib.f90:12266,no,yes,no,no,via=ptr
predictor/corrector,CC_SCALARS::GET_EXPLICIT_ADVDIFFVECTOR_SCALAR_3D,ccib.f90,CELL_INDEX,mesh_field,MESH_TYPE,wall_obst_cutcell,R,ccib.f90:12266,no,yes,no,no,via=ptr
predictor/corrector,CC_SCALARS::GET_EXPLICIT_ADVDIFFVECTOR_SCALAR_3D,ccib.f90,CUT_CELL,mesh_field,MESH_TYPE,wall_obst_cutcell,R,ccib.f90:12259,no,yes,no,no,via=ptr
predictor/corrector,CC_SCALARS::GET_EXPLICIT_ADVDIFFVECTOR_SCALAR_3D,ccib.f90,CUT_FACE,mesh_field,MESH_TYPE,wall_obst_cutcell,R,ccib.f90:12376,no,yes,no,no,via=MESHES|ptr
predictor/corrector,CC_SCALARS::GET_EXPLICIT_ADVDIFFVECTOR_SCALAR_3D,ccib.f90,DEL_RHO_D_DEL_Z,mesh_field,MESH_TYPE,cell_centred_solution,R,ccib.f90:12494,no,yes,no,no,via=ptr
predictor/corrector,CC_SCALARS::GET_EXPLICIT_ADVDIFFVECTOR_SCALAR_3D,ccib.f90,DX,mesh_field,MESH_TYPE,grid_geometry,R,ccib.f90:12201,no,yes,no,no,via=ptr
predictor/corrector,CC_SCALARS::GET_EXPLICIT_ADVDIFFVECTOR_SCALAR_3D,ccib.f90,DY,mesh_field,MESH_TYPE,grid_geometry,R,ccib.f90:12180,no,yes,no,no,via=ptr
predictor/corrector,CC_SCALARS::GET_EXPLICIT_ADVDIFFVECTOR_SCALAR_3D,ccib.f90,DZ,mesh_field,MESH_TYPE,grid_geometry,R,ccib.f90:12180,no,yes,no,no,via=ptr
predictor/corrector,CC_SCALARS::GET_EXPLICIT_ADVDIFFVECTOR_SCALAR_3D,ccib.f90,IBAR,mesh_field,MESH_TYPE,grid_geometry,R,ccib.f90:12152,no,yes,no,no,via=ptr
predictor/corrector,CC_SCALARS::GET_EXPLICIT_ADVDIFFVECTOR_SCALAR_3D,ccib.f90,JBAR,mesh_field,MESH_TYPE,grid_geometry,R,ccib.f90:12156,no,yes,no,no,via=ptr
predictor/corrector,CC_SCALARS::GET_EXPLICIT_ADVDIFFVECTOR_SCALAR_3D,ccib.f90,KBAR,mesh_field,MESH_TYPE,grid_geometry,R,ccib.f90:12160,no,yes,no,no,via=ptr
predictor/corrector,CC_SCALARS::GET_EXPLICIT_ADVDIFFVECTOR_SCALAR_3D,ccib.f90,N_CUTCELL_MESH,mesh_field,MESH_TYPE,wall_obst_cutcell,R,ccib.f90:12500,no,yes,no,no,via=MESHES
predictor/corrector,CC_SCALARS::GET_EXPLICIT_ADVDIFFVECTOR_SCALAR_3D,ccib.f90,N_CUTFACE_MESH,mesh_field,MESH_TYPE,wall_obst_cutcell,R,ccib.f90:12374,no,yes,no,no,via=MESHES
predictor/corrector,CC_SCALARS::GET_EXPLICIT_ADVDIFFVECTOR_SCALAR_3D,ccib.f90,N_EXTERNAL_WALL_CELLS,mesh_field,MESH_TYPE,ghost_boundary,R,ccib.f90:12086,no,yes,no,no,via=ptr
predictor/corrector,CC_SCALARS::GET_EXPLICIT_ADVDIFFVECTOR_SCALAR_3D,ccib.f90,N_INTERNAL_WALL_CELLS,mesh_field,MESH_TYPE,wall_obst_cutcell,R,ccib.f90:12086,no,yes,no,no,via=ptr
predictor/corrector,CC_SCALARS::GET_EXPLICIT_ADVDIFFVECTOR_SCALAR_3D,ccib.f90,RC_FACE,mesh_field,MESH_TYPE,wall_obst_cutcell,R,ccib.f90:12230,no,yes,no,no,via=MESHES|ptr
predictor/corrector,CC_SCALARS::GET_EXPLICIT_ADVDIFFVECTOR_SCALAR_3D,ccib.f90,RHO,mesh_field,MESH_TYPE,cell_centred_solution,R,ccib.f90:12081,no,yes,no,no,via=ptr
predictor/corrector,CC_SCALARS::GET_EXPLICIT_ADVDIFFVECTOR_SCALAR_3D,ccib.f90,RHOS,mesh_field,MESH_TYPE,cell_centred_solution,R,ccib.f90:12113,no,yes,no,no,via=alias:RHOP|ptr
predictor/corrector,CC_SCALARS::GET_EXPLICIT_ADVDIFFVECTOR_SCALAR_3D,ccib.f90,U,mesh_field,MESH_TYPE,face_centred_flux,R,ccib.f90:12082,no,yes,no,no,via=ptr
predictor/corrector,CC_SCALARS::GET_EXPLICIT_ADVDIFFVECTOR_SCALAR_3D,ccib.f90,US,mesh_field,MESH_TYPE,face_centred_flux,R,ccib.f90:12114,no,yes,no,no,via=ptr
predictor/corrector,CC_SCALARS::GET_EXPLICIT_ADVDIFFVECTOR_SCALAR_3D,ccib.f90,UVW_SAVE,mesh_field,MESH_TYPE,ghost_boundary,R,ccib.f90:12099,no,yes,no,no,via=ptr
predictor/corrector,CC_SCALARS::GET_EXPLICIT_ADVDIFFVECTOR_SCALAR_3D,ccib.f90,V,mesh_field,MESH_TYPE,face_centred_flux,R,ccib.f90:12083,no,yes,no,no,via=ptr
predictor/corrector,CC_SCALARS::GET_EXPLICIT_ADVDIFFVECTOR_SCALAR_3D,ccib.f90,VS,mesh_field,MESH_TYPE,face_centred_flux,R,ccib.f90:12115,no,yes,no,no,via=ptr
predictor/corrector,CC_SCALARS::GET_EXPLICIT_ADVDIFFVECTOR_SCALAR_3D,ccib.f90,W,mesh_field,MESH_TYPE,face_centred_flux,R,ccib.f90:12084,no,yes,no,no,via=ptr
predictor/corrector,CC_SCALARS::GET_EXPLICIT_ADVDIFFVECTOR_SCALAR_3D,ccib.f90,WALL,mesh_field,MESH_TYPE,wall_obst_cutcell,R,ccib.f90:12087,no,yes,no,no,via=alias:WC|ptr
predictor/corrector,CC_SCALARS::GET_EXPLICIT_ADVDIFFVECTOR_SCALAR_3D,ccib.f90,WORK_U,mesh_field,MESH_TYPE,scratch_work,RW,ccib.f90:12075,no,yes,no,no,via=alias:UU|ptr
predictor/corrector,CC_SCALARS::GET_EXPLICIT_ADVDIFFVECTOR_SCALAR_3D,ccib.f90,WORK_V,mesh_field,MESH_TYPE,scratch_work,RW,ccib.f90:12076,no,yes,no,no,via=alias:VV|ptr
predictor/corrector,CC_SCALARS::GET_EXPLICIT_ADVDIFFVECTOR_SCALAR_3D,ccib.f90,WORK_W,mesh_field,MESH_TYPE,scratch_work,RW,ccib.f90:12077,no,yes,no,no,via=alias:WW|ptr
predictor/corrector,CC_SCALARS::GET_EXPLICIT_ADVDIFFVECTOR_SCALAR_3D,ccib.f90,WS,mesh_field,MESH_TYPE,face_centred_flux,R,ccib.f90:12116,no,yes,no,no,via=ptr
predictor/corrector,CC_SCALARS::GET_EXPLICIT_ADVDIFFVECTOR_SCALAR_3D,ccib.f90,ZZ,mesh_field,MESH_TYPE,cell_centred_solution,R,ccib.f90:12080,no,yes,no,no,via=ptr
predictor/corrector,CC_SCALARS::GET_EXPLICIT_ADVDIFFVECTOR_SCALAR_3D,ccib.f90,ZZS,mesh_field,MESH_TYPE,cell_centred_solution,R,ccib.f90:12112,no,yes,no,no,via=alias:ZZP|ptr
predictor/corrector,CC_SCALARS::GET_LINKED_VELOCITIES,ccib.f90,BC,module_global,CC_SCALARS,pointer,RW,ccib.f90:3135,yes,yes,no,no,
predictor/corrector,CC_SCALARS::GET_LINKED_VELOCITIES,ccib.f90,CF,module_global,CC_SCALARS,pointer,RW,ccib.f90:3068,yes,yes,no,no,
predictor/corrector,CC_SCALARS::GET_LINKED_VELOCITIES,ccib.f90,EWC,module_global,CC_SCALARS,pointer,RW,ccib.f90:3134,yes,yes,no,no,
predictor/corrector,CC_SCALARS::GET_LINKED_VELOCITIES,ccib.f90,WC,module_global,CC_SCALARS,pointer,RW,ccib.f90:3132,yes,yes,no,no,
predictor/corrector,CC_SCALARS::GET_LINKED_VELOCITIES,ccib.f90,FIRST_PASS,module_global,GLOBAL_CONSTANTS,runtime_scalar,R,ccib.f90:3359,yes,yes,no,no,
predictor/corrector,CC_SCALARS::GET_LINKED_VELOCITIES,ccib.f90,TWO_D,module_global,GLOBAL_CONSTANTS,runtime_scalar,R,ccib.f90:3069,yes,yes,no,no,
predictor/corrector,CC_SCALARS::GET_LINKED_VELOCITIES,ccib.f90,T_USED,module_global,GLOBAL_CONSTANTS,runtime_array,RW,ccib.f90:3537,yes,yes,no,no,
predictor/corrector,CC_SCALARS::GET_LINKED_VELOCITIES,ccib.f90,BOUNDARY_COORD,mesh_field,MESH_TYPE,wall_obst_cutcell,R,ccib.f90:3135,yes,yes,no,no,via=alias:BC|ptr
predictor/corrector,CC_SCALARS::GET_LINKED_VELOCITIES,ccib.f90,CC_NRCFACE_Z,mesh_field,MESH_TYPE,wall_obst_cutcell,R,ccib.f90:3050,yes,yes,no,no,via=MESHES
predictor/corrector,CC_SCALARS::GET_LINKED_VELOCITIES,ccib.f90,CELL,mesh_field,MESH_TYPE,wall_obst_cutcell,R,ccib.f90:3261,yes,yes,no,no,via=M2
predictor/corrector,CC_SCALARS::GET_LINKED_VELOCITIES,ccib.f90,CELL_INDEX,mesh_field,MESH_TYPE,wall_obst_cutcell,R,ccib.f90:3261,yes,yes,no,no,via=M2
predictor/corrector,CC_SCALARS::GET_LINKED_VELOCITIES,ccib.f90,CUT_FACE,mesh_field,MESH_TYPE,wall_obst_cutcell,RW,ccib.f90:3068,yes,yes,no,no,via=M2|alias:CF|alias:CFO|ptr
predictor/corrector,CC_SCALARS::GET_LINKED_VELOCITIES,ccib.f90,DX,mesh_field,MESH_TYPE,grid_geometry,R,ccib.f90:3039,yes,yes,no,no,via=ptr
predictor/corrector,CC_SCALARS::GET_LINKED_VELOCITIES,ccib.f90,DY,mesh_field,MESH_TYPE,grid_geometry,R,ccib.f90:3035,yes,yes,no,no,via=ptr
predictor/corrector,CC_SCALARS::GET_LINKED_VELOCITIES,ccib.f90,DZ,mesh_field,MESH_TYPE,grid_geometry,R,ccib.f90:3035,yes,yes,no,no,via=ptr
predictor/corrector,CC_SCALARS::GET_LINKED_VELOCITIES,ccib.f90,EWC_UN_LNK,mesh_field,MESH_TYPE,wall_obst_cutcell,RW,ccib.f90:3147,yes,yes,no,no,via=ptr
predictor/corrector,CC_SCALARS::GET_LINKED_VELOCITIES,ccib.f90,EXTERNAL_WALL,mesh_field,MESH_TYPE,ghost_boundary,R,ccib.f90:3134,yes,yes,no,no,via=alias:EWC|ptr
predictor/corrector,CC_SCALARS::GET_LINKED_VELOCITIES,ccib.f90,FCVAR,mesh_field,MESH_TYPE,wall_obst_cutcell,R,ccib.f90:3034,yes,yes,no,no,via=M2|ptr
predictor/corrector,CC_SCALARS::GET_LINKED_VELOCITIES,ccib.f90,IBAR,mesh_field,MESH_TYPE,grid_geometry,R,ccib.f90:3033,yes,yes,no,no,via=ptr
predictor/corrector,CC_SCALARS::GET_LINKED_VELOCITIES,ccib.f90,JBAR,mesh_field,MESH_TYPE,grid_geometry,R,ccib.f90:3032,yes,yes,no,no,via=ptr
predictor/corrector,CC_SCALARS::GET_LINKED_VELOCITIES,ccib.f90,KBAR,mesh_field,MESH_TYPE,grid_geometry,R,ccib.f90:3031,yes,yes,no,no,via=ptr
predictor/corrector,CC_SCALARS::GET_LINKED_VELOCITIES,ccib.f90,NUNK_F,mesh_field,MESH_TYPE,wall_obst_cutcell,R,ccib.f90:3028,yes,yes,no,no,via=MESHES
predictor/corrector,CC_SCALARS::GET_LINKED_VELOCITIES,ccib.f90,N_CUTFACE_MESH,mesh_field,MESH_TYPE,wall_obst_cutcell,R,ccib.f90:3067,yes,yes,no,no,via=MESHES
predictor/corrector,CC_SCALARS::GET_LINKED_VELOCITIES,ccib.f90,N_EXTERNAL_WALL_CELLS,mesh_field,MESH_TYPE,ghost_boundary,R,ccib.f90:3131,yes,yes,no,no,via=MESHES
predictor/corrector,CC_SCALARS::GET_LINKED_VELOCITIES,ccib.f90,OMESH,mesh_field,MESH_TYPE,mpi_exchange,RW,ccib.f90:3229,yes,yes,no,no,via=alias:OM|ptr
predictor/corrector,CC_SCALARS::GET_LINKED_VELOCITIES,ccib.f90,RC_FACE,mesh_field,MESH_TYPE,wall_obst_cutcell,R,ccib.f90:3051,yes,yes,no,no,via=ptr
predictor/corrector,CC_SCALARS::GET_LINKED_VELOCITIES,ccib.f90,U,mesh_field,MESH_TYPE,face_centred_flux,RW,ccib.f90:3083,yes,yes,no,no,via=ptr
predictor/corrector,CC_SCALARS::GET_LINKED_VELOCITIES,ccib.f90,UN_LNK,mesh_field,MESH_TYPE,wall_obst_cutcell,RW,ccib.f90:3027,yes,yes,no,no,via=ptr
predictor/corrector,CC_SCALARS::GET_LINKED_VELOCITIES,ccib.f90,US,mesh_field,MESH_TYPE,face_centred_flux,RW,ccib.f90:3035,yes,yes,no,no,via=ptr
predictor/corrector,CC_SCALARS::GET_LINKED_VELOCITIES,ccib.f90,V,mesh_field,MESH_TYPE,face_centred_flux,RW,ccib.f90:3087,yes,yes,no,no,via=ptr
predictor/corrector,CC_SCALARS::GET_LINKED_VELOCITIES,ccib.f90,VS,mesh_field,MESH_TYPE,face_centred_flux,RW,ccib.f90:3039,yes,yes,no,no,via=ptr
predictor/corrector,CC_SCALARS::GET_LINKED_VELOCITIES,ccib.f90,W,mesh_field,MESH_TYPE,face_centred_flux,RW,ccib.f90:3091,yes,yes,no,no,via=ptr
predictor/corrector,CC_SCALARS::GET_LINKED_VELOCITIES,ccib.f90,WALL,mesh_field,MESH_TYPE,wall_obst_cutcell,R,ccib.f90:3132,yes,yes,no,no,via=alias:WC|ptr
predictor/corrector,CC_SCALARS::GET_LINKED_VELOCITIES,ccib.f90,WS,mesh_field,MESH_TYPE,face_centred_flux,RW,ccib.f90:3043,yes,yes,no,no,via=ptr
predictor/corrector,CC_SCALARS::GET_LINKED_VELOCITIES,ccib.f90,U,mesh_field,OMESH_TYPE,mpi_exchange,W,ccib.f90:3445,yes,yes,no,no,via=OM
predictor/corrector,CC_SCALARS::GET_LINKED_VELOCITIES,ccib.f90,US,mesh_field,OMESH_TYPE,mpi_exchange,W,ccib.f90:3268,yes,yes,no,no,via=OM
predictor/corrector,CC_SCALARS::GET_LINKED_VELOCITIES,ccib.f90,U_LNK,mesh_field,OMESH_TYPE,mpi_exchange,R,ccib.f90:3268,yes,yes,no,no,via=OM
predictor/corrector,CC_SCALARS::GET_LINKED_VELOCITIES,ccib.f90,V,mesh_field,OMESH_TYPE,mpi_exchange,W,ccib.f90:3477,yes,yes,no,no,via=OM
predictor/corrector,CC_SCALARS::GET_LINKED_VELOCITIES,ccib.f90,VS,mesh_field,OMESH_TYPE,mpi_exchange,W,ccib.f90:3300,yes,yes,no,no,via=OM
predictor/corrector,CC_SCALARS::GET_LINKED_VELOCITIES,ccib.f90,V_LNK,mesh_field,OMESH_TYPE,mpi_exchange,R,ccib.f90:3300,yes,yes,no,no,via=OM
predictor/corrector,CC_SCALARS::GET_LINKED_VELOCITIES,ccib.f90,W,mesh_field,OMESH_TYPE,mpi_exchange,W,ccib.f90:3509,yes,yes,no,no,via=OM
predictor/corrector,CC_SCALARS::GET_LINKED_VELOCITIES,ccib.f90,WS,mesh_field,OMESH_TYPE,mpi_exchange,W,ccib.f90:3332,yes,yes,no,no,via=OM
predictor/corrector,CC_SCALARS::GET_LINKED_VELOCITIES,ccib.f90,W_LNK,mesh_field,OMESH_TYPE,mpi_exchange,R,ccib.f90:3332,yes,yes,no,no,via=OM
predictor/corrector,CC_SCALARS::GET_M_DOT_PPP_SCALAR_3D,ccib.f90,F_Z,module_global,CC_SCALARS,runtime_array,RW,ccib.f90:12010,no,yes,no,no,
predictor/corrector,CC_SCALARS::GET_M_DOT_PPP_SCALAR_3D,ccib.f90,UNKZ_IND,module_global,CC_SCALARS,runtime_array,R,ccib.f90:12009,no,yes,no,no,
predictor/corrector,CC_SCALARS::GET_M_DOT_PPP_SCALAR_3D,ccib.f90,NM_START,module_global,COMPLEX_GEOMETRY,runtime_scalar,R,ccib.f90:12009,no,yes,no,no,
predictor/corrector,CC_SCALARS::GET_M_DOT_PPP_SCALAR_3D,ccib.f90,CORRECTOR,module_global,GLOBAL_CONSTANTS,runtime_scalar,R,ccib.f90:12026,no,yes,no,no,
predictor/corrector,CC_SCALARS::GET_M_DOT_PPP_SCALAR_3D,ccib.f90,LOWER_MESH_INDEX,module_global,GLOBAL_CONSTANTS,runtime_scalar,R,ccib.f90:11994,no,yes,no,no,
predictor/corrector,CC_SCALARS::GET_M_DOT_PPP_SCALAR_3D,ccib.f90,N_TOTAL_SCALARS,module_global,GLOBAL_CONSTANTS,runtime_scalar,R,ccib.f90:12032,no,yes,no,no,
predictor/corrector,CC_SCALARS::GET_M_DOT_PPP_SCALAR_3D,ccib.f90,UPPER_MESH_INDEX,module_global,GLOBAL_CONSTANTS,runtime_scalar,R,ccib.f90:11994,no,yes,no,no,
predictor/corrector,CC_SCALARS::GET_M_DOT_PPP_SCALAR_3D,ccib.f90,CCVAR,mesh_field,MESH_TYPE,wall_obst_cutcell,R,ccib.f90:12006,no,yes,no,no,via=ptr
predictor/corrector,CC_SCALARS::GET_M_DOT_PPP_SCALAR_3D,ccib.f90,CELL,mesh_field,MESH_TYPE,wall_obst_cutcell,R,ccib.f90:12017,no,yes,no,no,via=ptr
predictor/corrector,CC_SCALARS::GET_M_DOT_PPP_SCALAR_3D,ccib.f90,CELL_INDEX,mesh_field,MESH_TYPE,wall_obst_cutcell,R,ccib.f90:12017,no,yes,no,no,via=ptr
predictor/corrector,CC_SCALARS::GET_M_DOT_PPP_SCALAR_3D,ccib.f90,CUT_CELL,mesh_field,MESH_TYPE,wall_obst_cutcell,RW,ccib.f90:12017,no,yes,no,no,via=ptr
predictor/corrector,CC_SCALARS::GET_M_DOT_PPP_SCALAR_3D,ccib.f90,DX,mesh_field,MESH_TYPE,grid_geometry,R,ccib.f90:12010,no,yes,no,no,via=ptr
predictor/corrector,CC_SCALARS::GET_M_DOT_PPP_SCALAR_3D,ccib.f90,DY,mesh_field,MESH_TYPE,grid_geometry,R,ccib.f90:12010,no,yes,no,no,via=ptr
predictor/corrector,CC_SCALARS::GET_M_DOT_PPP_SCALAR_3D,ccib.f90,DZ,mesh_field,MESH_TYPE,grid_geometry,R,ccib.f90:12010,no,yes,no,no,via=ptr
predictor/corrector,CC_SCALARS::GET_M_DOT_PPP_SCALAR_3D,ccib.f90,D_SOURCE,mesh_field,MESH_TYPE,cell_centred_solution,W,ccib.f90:12033,no,yes,no,no,via=ptr
predictor/corrector,CC_SCALARS::GET_M_DOT_PPP_SCALAR_3D,ccib.f90,IBAR,mesh_field,MESH_TYPE,grid_geometry,R,ccib.f90:12005,no,yes,no,no,via=ptr
predictor/corrector,CC_SCALARS::GET_M_DOT_PPP_SCALAR_3D,ccib.f90,JBAR,mesh_field,MESH_TYPE,grid_geometry,R,ccib.f90:12004,no,yes,no,no,via=ptr
predictor/corrector,CC_SCALARS::GET_M_DOT_PPP_SCALAR_3D,ccib.f90,KBAR,mesh_field,MESH_TYPE,grid_geometry,R,ccib.f90:12003,no,yes,no,no,via=ptr
predictor/corrector,CC_SCALARS::GET_M_DOT_PPP_SCALAR_3D,ccib.f90,M_DOT_PPP,mesh_field,MESH_TYPE,cell_centred_solution,RW,ccib.f90:12010,no,yes,no,no,via=ptr
predictor/corrector,CC_SCALARS::GET_M_DOT_PPP_SCALAR_3D,ccib.f90,N_CUTCELL_MESH,mesh_field,MESH_TYPE,wall_obst_cutcell,R,ccib.f90:12016,no,yes,no,no,via=MESHES
predictor/corrector,CC_SCALARS::GET_OPENBC_TANGENTIAL_CUTFACE_VEL,ccib.f90,IBAR,mesh_field,MESH_TYPE,grid_geometry,R,ccib.f90:418,no,no,no,no,via=ptr
predictor/corrector,CC_SCALARS::GET_OPENBC_TANGENTIAL_CUTFACE_VEL,ccib.f90,IBP1,mesh_field,MESH_TYPE,grid_geometry,R,ccib.f90:418,no,no,no,no,via=ptr
predictor/corrector,CC_SCALARS::GET_OPENBC_TANGENTIAL_CUTFACE_VEL,ccib.f90,JBAR,mesh_field,MESH_TYPE,grid_geometry,R,ccib.f90:413,no,no,no,no,via=ptr
predictor/corrector,CC_SCALARS::GET_OPENBC_TANGENTIAL_CUTFACE_VEL,ccib.f90,JBP1,mesh_field,MESH_TYPE,grid_geometry,R,ccib.f90:413,no,no,no,no,via=ptr
predictor/corrector,CC_SCALARS::GET_OPENBC_TANGENTIAL_CUTFACE_VEL,ccib.f90,KBAR,mesh_field,MESH_TYPE,grid_geometry,R,ccib.f90:415,no,no,no,no,via=ptr
predictor/corrector,CC_SCALARS::GET_OPENBC_TANGENTIAL_CUTFACE_VEL,ccib.f90,KBP1,mesh_field,MESH_TYPE,grid_geometry,R,ccib.f90:415,no,no,no,no,via=ptr
predictor/corrector,CC_SCALARS::GET_OPENBC_TANGENTIAL_CUTFACE_VEL,ccib.f90,U_WIND,mesh_field,MESH_TYPE,other,R,ccib.f90:438,no,no,no,no,via=ptr
predictor/corrector,CC_SCALARS::GET_OPENBC_TANGENTIAL_CUTFACE_VEL,ccib.f90,V_WIND,mesh_field,MESH_TYPE,other,R,ccib.f90:433,no,no,no,no,via=ptr
predictor/corrector,CC_SCALARS::GET_OPENBC_TANGENTIAL_CUTFACE_VEL,ccib.f90,W_WIND,mesh_field,MESH_TYPE,other,R,ccib.f90:431,no,no,no,no,via=ptr
predictor/corrector,CC_SCALARS::GET_OPENBC_TANGENTIAL_CUTFACE_VEL::SET_GHOSTFACE_VEL_FREESLIP,ccib.f90,CUT_FACE,mesh_field,MESH_TYPE,wall_obst_cutcell,RW,ccib.f90:465,no,no,no,no,via=alias:CF1|alias:CF2|ptr
predictor/corrector,CC_SCALARS::GET_OPENBC_TANGENTIAL_CUTFACE_VEL::SET_GHOSTFACE_VEL_FREESLIP,ccib.f90,FCVAR,mesh_field,MESH_TYPE,wall_obst_cutcell,R,ccib.f90:461,no,no,no,no,via=ptr
predictor/corrector,CC_SCALARS::GET_OPENBC_TANGENTIAL_CUTFACE_VEL::SET_GHOSTFACE_VEL_WIND,ccib.f90,CUT_FACE,mesh_field,MESH_TYPE,wall_obst_cutcell,RW,ccib.f90:493,no,no,no,no,via=alias:CF1|ptr
predictor/corrector,CC_SCALARS::GET_OPENBC_TANGENTIAL_CUTFACE_VEL::SET_GHOSTFACE_VEL_WIND,ccib.f90,FCVAR,mesh_field,MESH_TYPE,wall_obst_cutcell,R,ccib.f90:492,no,no,no,no,via=ptr
predictor/corrector,CC_SCALARS::GET_RHOZZVECTOR_SCALAR_3D,ccib.f90,CC,module_global,CC_SCALARS,pointer,RW,ccib.f90:13454,no,yes,no,no,
predictor/corrector,CC_SCALARS::GET_RHOZZVECTOR_SCALAR_3D,ccib.f90,NUNKZ_LOCAL,module_global,CC_SCALARS,runtime_scalar,R,ccib.f90:13463,no,yes,no,no,
predictor/corrector,CC_SCALARS::GET_RHOZZVECTOR_SCALAR_3D,ccib.f90,RZ_Z,module_global,CC_SCALARS,runtime_array,RW,ccib.f90:13434,no,yes,no,no,
predictor/corrector,CC_SCALARS::GET_RHOZZVECTOR_SCALAR_3D,ccib.f90,RZ_ZS,module_global,CC_SCALARS,runtime_array,RW,ccib.f90:13435,no,yes,no,no,
predictor/corrector,CC_SCALARS::GET_RHOZZVECTOR_SCALAR_3D,ccib.f90,UNKZ_IND,module_global,CC_SCALARS,runtime_array,R,ccib.f90:13446,no,yes,no,no,
predictor/corrector,CC_SCALARS::GET_RHOZZVECTOR_SCALAR_3D,ccib.f90,NM_START,module_global,COMPLEX_GEOMETRY,runtime_scalar,R,ccib.f90:13446,no,yes,no,no,
predictor/corrector,CC_SCALARS::GET_RHOZZVECTOR_SCALAR_3D,ccib.f90,LOWER_MESH_INDEX,module_global,GLOBAL_CONSTANTS,runtime_scalar,R,ccib.f90:13439,no,yes,no,no,
predictor/corrector,CC_SCALARS::GET_RHOZZVECTOR_SCALAR_3D,ccib.f90,PREDICTOR,module_global,GLOBAL_CONSTANTS,runtime_scalar,R,ccib.f90:13438,no,yes,no,no,
predictor/corrector,CC_SCALARS::GET_RHOZZVECTOR_SCALAR_3D,ccib.f90,UPPER_MESH_INDEX,module_global,GLOBAL_CONSTANTS,runtime_scalar,R,ccib.f90:13439,no,yes,no,no,
predictor/corrector,CC_SCALARS::GET_RHOZZVECTOR_SCALAR_3D,ccib.f90,CCVAR,mesh_field,MESH_TYPE,wall_obst_cutcell,R,ccib.f90:13445,no,yes,no,no,via=ptr
predictor/corrector,CC_SCALARS::GET_RHOZZVECTOR_SCALAR_3D,ccib.f90,CELL,mesh_field,MESH_TYPE,wall_obst_cutcell,R,ccib.f90:13454,no,yes,no,no,via=ptr
predictor/corrector,CC_SCALARS::GET_RHOZZVECTOR_SCALAR_3D,ccib.f90,CELL_INDEX,mesh_field,MESH_TYPE,wall_obst_cutcell,R,ccib.f90:13454,no,yes,no,no,via=ptr
predictor/corrector,CC_SCALARS::GET_RHOZZVECTOR_SCALAR_3D,ccib.f90,CUT_CELL,mesh_field,MESH_TYPE,wall_obst_cutcell,R,ccib.f90:13454,no,yes,no,no,via=alias:CC|ptr
predictor/corrector,CC_SCALARS::GET_RHOZZVECTOR_SCALAR_3D,ccib.f90,DX,mesh_field,MESH_TYPE,grid_geometry,R,ccib.f90:13447,no,yes,no,no,via=ptr
predictor/corrector,CC_SCALARS::GET_RHOZZVECTOR_SCALAR_3D,ccib.f90,DY,mesh_field,MESH_TYPE,grid_geometry,R,ccib.f90:13447,no,yes,no,no,via=ptr
predictor/corrector,CC_SCALARS::GET_RHOZZVECTOR_SCALAR_3D,ccib.f90,DZ,mesh_field,MESH_TYPE,grid_geometry,R,ccib.f90:13447,no,yes,no,no,via=ptr
predictor/corrector,CC_SCALARS::GET_RHOZZVECTOR_SCALAR_3D,ccib.f90,IBAR,mesh_field,MESH_TYPE,grid_geometry,R,ccib.f90:13444,no,yes,no,no,via=ptr
predictor/corrector,CC_SCALARS::GET_RHOZZVECTOR_SCALAR_3D,ccib.f90,JBAR,mesh_field,MESH_TYPE,grid_geometry,R,ccib.f90:13443,no,yes,no,no,via=ptr
predictor/corrector,CC_SCALARS::GET_RHOZZVECTOR_SCALAR_3D,ccib.f90,KBAR,mesh_field,MESH_TYPE,grid_geometry,R,ccib.f90:13442,no,yes,no,no,via=ptr
predictor/corrector,CC_SCALARS::GET_RHOZZVECTOR_SCALAR_3D,ccib.f90,N_CUTCELL_MESH,mesh_field,MESH_TYPE,wall_obst_cutcell,R,ccib.f90:13453,no,yes,no,no,via=MESHES
predictor/corrector,CC_SCALARS::GET_RHOZZVECTOR_SCALAR_3D,ccib.f90,RHO,mesh_field,MESH_TYPE,cell_centred_solution,R,ccib.f90:13448,no,yes,no,no,via=ptr
predictor/corrector,CC_SCALARS::GET_RHOZZVECTOR_SCALAR_3D,ccib.f90,RHOS,mesh_field,MESH_TYPE,cell_centred_solution,R,ccib.f90:13478,no,yes,no,no,via=ptr
predictor/corrector,CC_SCALARS::GET_RHOZZVECTOR_SCALAR_3D,ccib.f90,RHO_ZZN,mesh_field,MESH_TYPE,wall_obst_cutcell,R,ccib.f90:13478,no,yes,no,no,via=MESHES
predictor/corrector,CC_SCALARS::GET_RHOZZVECTOR_SCALAR_3D,ccib.f90,ZZ,mesh_field,MESH_TYPE,cell_centred_solution,R,ccib.f90:13448,no,yes,no,no,via=ptr
predictor/corrector,CC_SCALARS::GET_RHOZZVECTOR_SCALAR_3D,ccib.f90,ZZS,mesh_field,MESH_TYPE,cell_centred_solution,R,ccib.f90:13478,no,yes,no,no,via=ptr
predictor/corrector,CC_SCALARS::GET_RHOZZ_CC_3D,ccib.f90,CC,module_global,CC_SCALARS,pointer,RW,ccib.f90:13202,no,yes,no,no,
predictor/corrector,CC_SCALARS::GET_RHOZZ_CC_3D,ccib.f90,GEOMEPS,module_global,COMPLEX_GEOMETRY,runtime_scalar,R,ccib.f90:13224,no,yes,no,no,
predictor/corrector,CC_SCALARS::GET_RHOZZ_CC_3D,ccib.f90,LOWER_MESH_INDEX,module_global,GLOBAL_CONSTANTS,runtime_scalar,R,ccib.f90:13194,no,yes,no,no,
predictor/corrector,CC_SCALARS::GET_RHOZZ_CC_3D,ccib.f90,LU_ERR,module_global,GLOBAL_CONSTANTS,runtime_scalar,R,ccib.f90:13211,no,yes,no,no,
predictor/corrector,CC_SCALARS::GET_RHOZZ_CC_3D,ccib.f90,N_PASSIVE_SCALARS,module_global,GLOBAL_CONSTANTS,runtime_scalar,R,ccib.f90:13243,no,yes,no,no,
predictor/corrector,CC_SCALARS::GET_RHOZZ_CC_3D,ccib.f90,N_TOTAL_SCALARS,module_global,GLOBAL_CONSTANTS,runtime_scalar,R,ccib.f90:13219,no,yes,no,no,
predictor/corrector,CC_SCALARS::GET_RHOZZ_CC_3D,ccib.f90,N_TRACKED_SPECIES,module_global,GLOBAL_CONSTANTS,runtime_scalar,R,ccib.f90:13206,no,yes,no,no,
predictor/corrector,CC_SCALARS::GET_RHOZZ_CC_3D,ccib.f90,PREDICTOR,module_global,GLOBAL_CONSTANTS,runtime_scalar,R,ccib.f90:13196,no,yes,no,no,
predictor/corrector,CC_SCALARS::GET_RHOZZ_CC_3D,ccib.f90,RHOMAX,module_global,GLOBAL_CONSTANTS,runtime_scalar,R,ccib.f90:13210,no,yes,no,no,
predictor/corrector,CC_SCALARS::GET_RHOZZ_CC_3D,ccib.f90,RHOMIN,module_global,GLOBAL_CONSTANTS,runtime_scalar,R,ccib.f90:13210,no,yes,no,no,
predictor/corrector,CC_SCALARS::GET_RHOZZ_CC_3D,ccib.f90,UPPER_MESH_INDEX,module_global,GLOBAL_CONSTANTS,runtime_scalar,R,ccib.f90:13194,no,yes,no,no,
predictor/corrector,CC_SCALARS::GET_RHOZZ_CC_3D,ccib.f90,ZETA_INDEX,module_global,GLOBAL_CONSTANTS,runtime_scalar,R,ccib.f90:13244,no,yes,no,no,
predictor/corrector,CC_SCALARS::GET_RHOZZ_CC_3D,ccib.f90,CCVAR,mesh_field,MESH_TYPE,wall_obst_cutcell,R,ccib.f90:13322,no,yes,no,no,via=MESHES
predictor/corrector,CC_SCALARS::GET_RHOZZ_CC_3D,ccib.f90,CELL,mesh_field,MESH_TYPE,wall_obst_cutcell,R,ccib.f90:13203,no,yes,no,no,via=ptr
predictor/corrector,CC_SCALARS::GET_RHOZZ_CC_3D,ccib.f90,CELL_INDEX,mesh_field,MESH_TYPE,wall_obst_cutcell,R,ccib.f90:13203,no,yes,no,no,via=ptr
predictor/corrector,CC_SCALARS::GET_RHOZZ_CC_3D,ccib.f90,CUT_CELL,mesh_field,MESH_TYPE,wall_obst_cutcell,RW,ccib.f90:13202,no,yes,no,no,via=alias:CC|ptr
predictor/corrector,CC_SCALARS::GET_RHOZZ_CC_3D,ccib.f90,DX,mesh_field,MESH_TYPE,grid_geometry,R,ccib.f90:13212,no,yes,no,no,via=ptr
predictor/corrector,CC_SCALARS::GET_RHOZZ_CC_3D,ccib.f90,DY,mesh_field,MESH_TYPE,grid_geometry,R,ccib.f90:13212,no,yes,no,no,via=ptr
predictor/corrector,CC_SCALARS::GET_RHOZZ_CC_3D,ccib.f90,DZ,mesh_field,MESH_TYPE,grid_geometry,R,ccib.f90:13212,no,yes,no,no,via=ptr
predictor/corrector,CC_SCALARS::GET_RHOZZ_CC_3D,ccib.f90,IBAR,mesh_field,MESH_TYPE,grid_geometry,R,ccib.f90:13321,no,yes,no,no,via=ptr
predictor/corrector,CC_SCALARS::GET_RHOZZ_CC_3D,ccib.f90,JBAR,mesh_field,MESH_TYPE,grid_geometry,R,ccib.f90:13320,no,yes,no,no,via=ptr
predictor/corrector,CC_SCALARS::GET_RHOZZ_CC_3D,ccib.f90,KBAR,mesh_field,MESH_TYPE,grid_geometry,R,ccib.f90:13319,no,yes,no,no,via=ptr
predictor/corrector,CC_SCALARS::GET_RHOZZ_CC_3D,ccib.f90,N_CUTCELL_MESH,mesh_field,MESH_TYPE,wall_obst_cutcell,R,ccib.f90:13201,no,yes,no,no,via=MESHES
predictor/corrector,CC_SCALARS::GET_RHOZZ_CC_3D,ccib.f90,RHO,mesh_field,MESH_TYPE,cell_centred_solution,RW,ccib.f90:13258,no,yes,no,no,via=alias:RHOP|ptr
predictor/corrector,CC_SCALARS::GET_RHOZZ_CC_3D,ccib.f90,RHOS,mesh_field,MESH_TYPE,cell_centred_solution,RW,ccib.f90:13197,no,yes,no,no,via=alias:RHOP|ptr
predictor/corrector,CC_SCALARS::GET_RHOZZ_CC_3D,ccib.f90,U,mesh_field,MESH_TYPE,face_centred_flux,R,ccib.f90:13199,no,yes,no,no,via=ptr
predictor/corrector,CC_SCALARS::GET_RHOZZ_CC_3D,ccib.f90,US,mesh_field,MESH_TYPE,face_centred_flux,R,ccib.f90:13260,no,yes,no,no,via=ptr
predictor/corrector,CC_SCALARS::GET_RHOZZ_CC_3D,ccib.f90,XC,mesh_field,MESH_TYPE,grid_geometry,R,ccib.f90:13213,no,yes,no,no,via=ptr
predictor/corrector,CC_SCALARS::GET_RHOZZ_CC_3D,ccib.f90,YC,mesh_field,MESH_TYPE,grid_geometry,R,ccib.f90:13213,no,yes,no,no,via=ptr
predictor/corrector,CC_SCALARS::GET_RHOZZ_CC_3D,ccib.f90,ZC,mesh_field,MESH_TYPE,grid_geometry,R,ccib.f90:13213,no,yes,no,no,via=ptr
predictor/corrector,CC_SCALARS::GET_RHOZZ_CC_3D,ccib.f90,ZZ,mesh_field,MESH_TYPE,cell_centred_solution,RW,ccib.f90:13259,no,yes,no,no,via=alias:ZZP|ptr
predictor/corrector,CC_SCALARS::GET_RHOZZ_CC_3D,ccib.f90,ZZS,mesh_field,MESH_TYPE,cell_centred_solution,RW,ccib.f90:13198,no,yes,no,no,via=alias:ZZP|ptr
predictor/corrector,CC_SCALARS::GET_SHUNN3_QZ,ccib.f90,F_Z,module_global,CC_SCALARS,runtime_array,RW,ccib.f90:6638,no,yes,no,no,
predictor/corrector,CC_SCALARS::GET_SHUNN3_QZ,ccib.f90,UNKZ_IND,module_global,CC_SCALARS,runtime_array,R,ccib.f90:6633,no,yes,no,no,
predictor/corrector,CC_SCALARS::GET_SHUNN3_QZ,ccib.f90,NM_START,module_global,COMPLEX_GEOMETRY,runtime_scalar,R,ccib.f90:6633,no,yes,no,no,
predictor/corrector,CC_SCALARS::GET_SHUNN3_QZ,ccib.f90,LOWER_MESH_INDEX,module_global,GLOBAL_CONSTANTS,runtime_scalar,R,ccib.f90:6624,no,yes,no,no,
predictor/corrector,CC_SCALARS::GET_SHUNN3_QZ,ccib.f90,UPPER_MESH_INDEX,module_global,GLOBAL_CONSTANTS,runtime_scalar,R,ccib.f90:6624,no,yes,no,no,
predictor/corrector,CC_SCALARS::GET_SHUNN3_QZ,ccib.f90,CCVAR,mesh_field,MESH_TYPE,wall_obst_cutcell,R,ccib.f90:6632,no,yes,no,no,via=ptr
predictor/corrector,CC_SCALARS::GET_SHUNN3_QZ,ccib.f90,CUT_CELL,mesh_field,MESH_TYPE,wall_obst_cutcell,R,ccib.f90:6645,no,yes,no,no,via=ptr
predictor/corrector,CC_SCALARS::GET_SHUNN3_QZ,ccib.f90,DX,mesh_field,MESH_TYPE,grid_geometry,R,ccib.f90:6638,no,yes,no,no,via=ptr
predictor/corrector,CC_SCALARS::GET_SHUNN3_QZ,ccib.f90,DY,mesh_field,MESH_TYPE,grid_geometry,R,ccib.f90:6638,no,yes,no,no,via=ptr
predictor/corrector,CC_SCALARS::GET_SHUNN3_QZ,ccib.f90,DZ,mesh_field,MESH_TYPE,grid_geometry,R,ccib.f90:6638,no,yes,no,no,via=ptr
predictor/corrector,CC_SCALARS::GET_SHUNN3_QZ,ccib.f90,IBAR,mesh_field,MESH_TYPE,grid_geometry,R,ccib.f90:6631,no,yes,no,no,via=ptr
predictor/corrector,CC_SCALARS::GET_SHUNN3_QZ,ccib.f90,JBAR,mesh_field,MESH_TYPE,grid_geometry,R,ccib.f90:6630,no,yes,no,no,via=ptr
predictor/corrector,CC_SCALARS::GET_SHUNN3_QZ,ccib.f90,KBAR,mesh_field,MESH_TYPE,grid_geometry,R,ccib.f90:6629,no,yes,no,no,via=ptr
predictor/corrector,CC_SCALARS::GET_SHUNN3_QZ,ccib.f90,N_CUTCELL_MESH,mesh_field,MESH_TYPE,wall_obst_cutcell,R,ccib.f90:6644,no,yes,no,no,via=MESHES
predictor/corrector,CC_SCALARS::GET_SHUNN3_QZ,ccib.f90,XC,mesh_field,MESH_TYPE,grid_geometry,R,ccib.f90:6635,no,yes,no,no,via=ptr
predictor/corrector,CC_SCALARS::GET_SHUNN3_QZ,ccib.f90,ZC,mesh_field,MESH_TYPE,grid_geometry,R,ccib.f90:6636,no,yes,no,no,via=ptr
predictor/corrector,CC_SCALARS::GET_VELOC_DIVERGENCE_CUTCELL,ccib.f90,CUT_CELL,mesh_field,MESH_TYPE,wall_obst_cutcell,R,ccib.f90:16536,no,no,no,no,via=ptr
predictor/corrector,CC_SCALARS::GET_VELOC_DIVERGENCE_CUTCELL,ccib.f90,CUT_FACE,mesh_field,MESH_TYPE,wall_obst_cutcell,R,ccib.f90:16567,no,no,no,no,via=ptr
predictor/corrector,CC_SCALARS::GET_VELOC_DIVERGENCE_CUTCELL,ccib.f90,DX,mesh_field,MESH_TYPE,grid_geometry,R,ccib.f90:16556,no,no,no,no,via=ptr
predictor/corrector,CC_SCALARS::GET_VELOC_DIVERGENCE_CUTCELL,ccib.f90,DY,mesh_field,MESH_TYPE,grid_geometry,R,ccib.f90:16553,no,no,no,no,via=ptr
predictor/corrector,CC_SCALARS::GET_VELOC_DIVERGENCE_CUTCELL,ccib.f90,DZ,mesh_field,MESH_TYPE,grid_geometry,R,ccib.f90:16553,no,no,no,no,via=ptr
predictor/corrector,CC_SCALARS::GET_VELOC_DIVERGENCE_CUTCELL,ccib.f90,U,mesh_field,MESH_TYPE,face_centred_flux,R,ccib.f90:16554,no,no,no,no,via=ptr
predictor/corrector,CC_SCALARS::GET_VELOC_DIVERGENCE_CUTCELL,ccib.f90,US,mesh_field,MESH_TYPE,face_centred_flux,R,ccib.f90:16554,no,no,no,no,via=ptr
predictor/corrector,CC_SCALARS::GET_VELOC_DIVERGENCE_CUTCELL,ccib.f90,V,mesh_field,MESH_TYPE,face_centred_flux,R,ccib.f90:16557,no,no,no,no,via=ptr
predictor/corrector,CC_SCALARS::GET_VELOC_DIVERGENCE_CUTCELL,ccib.f90,VS,mesh_field,MESH_TYPE,face_centred_flux,R,ccib.f90:16557,no,no,no,no,via=ptr
predictor/corrector,CC_SCALARS::GET_VELOC_DIVERGENCE_CUTCELL,ccib.f90,W,mesh_field,MESH_TYPE,face_centred_flux,R,ccib.f90:16560,no,no,no,no,via=ptr
predictor/corrector,CC_SCALARS::GET_VELOC_DIVERGENCE_CUTCELL,ccib.f90,WS,mesh_field,MESH_TYPE,face_centred_flux,R,ccib.f90:16560,no,no,no,no,via=ptr
predictor/corrector,CC_SCALARS::PUT_RHOZZVECTOR_SCALAR_3D,ccib.f90,CC,module_global,CC_SCALARS,pointer,RW,ccib.f90:13390,no,yes,no,no,
predictor/corrector,CC_SCALARS::PUT_RHOZZVECTOR_SCALAR_3D,ccib.f90,RZ_Z,module_global,CC_SCALARS,runtime_array,R,ccib.f90:13393,no,yes,no,no,
predictor/corrector,CC_SCALARS::PUT_RHOZZVECTOR_SCALAR_3D,ccib.f90,UNKZ_IND,module_global,CC_SCALARS,runtime_array,R,ccib.f90:13392,no,yes,no,no,
predictor/corrector,CC_SCALARS::PUT_RHOZZVECTOR_SCALAR_3D,ccib.f90,NM_START,module_global,COMPLEX_GEOMETRY,runtime_scalar,R,ccib.f90:13392,no,yes,no,no,
predictor/corrector,CC_SCALARS::PUT_RHOZZVECTOR_SCALAR_3D,ccib.f90,LOWER_MESH_INDEX,module_global,GLOBAL_CONSTANTS,runtime_scalar,R,ccib.f90:13385,no,yes,no,no,
predictor/corrector,CC_SCALARS::PUT_RHOZZVECTOR_SCALAR_3D,ccib.f90,PREDICTOR,module_global,GLOBAL_CONSTANTS,runtime_scalar,R,ccib.f90:13387,no,yes,no,no,
predictor/corrector,CC_SCALARS::PUT_RHOZZVECTOR_SCALAR_3D,ccib.f90,UPPER_MESH_INDEX,module_global,GLOBAL_CONSTANTS,runtime_scalar,R,ccib.f90:13385,no,yes,no,no,
predictor/corrector,CC_SCALARS::PUT_RHOZZVECTOR_SCALAR_3D,ccib.f90,CCVAR,mesh_field,MESH_TYPE,wall_obst_cutcell,R,ccib.f90:13411,no,yes,no,no,via=ptr
predictor/corrector,CC_SCALARS::PUT_RHOZZVECTOR_SCALAR_3D,ccib.f90,CELL,mesh_field,MESH_TYPE,wall_obst_cutcell,R,ccib.f90:13390,no,yes,no,no,via=ptr
predictor/corrector,CC_SCALARS::PUT_RHOZZVECTOR_SCALAR_3D,ccib.f90,CELL_INDEX,mesh_field,MESH_TYPE,wall_obst_cutcell,R,ccib.f90:13390,no,yes,no,no,via=ptr
predictor/corrector,CC_SCALARS::PUT_RHOZZVECTOR_SCALAR_3D,ccib.f90,CUT_CELL,mesh_field,MESH_TYPE,wall_obst_cutcell,RW,ccib.f90:13390,no,yes,no,no,via=alias:CC|ptr
predictor/corrector,CC_SCALARS::PUT_RHOZZVECTOR_SCALAR_3D,ccib.f90,IBAR,mesh_field,MESH_TYPE,grid_geometry,R,ccib.f90:13410,no,yes,no,no,via=ptr
predictor/corrector,CC_SCALARS::PUT_RHOZZVECTOR_SCALAR_3D,ccib.f90,JBAR,mesh_field,MESH_TYPE,grid_geometry,R,ccib.f90:13409,no,yes,no,no,via=ptr
predictor/corrector,CC_SCALARS::PUT_RHOZZVECTOR_SCALAR_3D,ccib.f90,KBAR,mesh_field,MESH_TYPE,grid_geometry,R,ccib.f90:13408,no,yes,no,no,via=ptr
predictor/corrector,CC_SCALARS::PUT_RHOZZVECTOR_SCALAR_3D,ccib.f90,N_CUTCELL_MESH,mesh_field,MESH_TYPE,wall_obst_cutcell,R,ccib.f90:13389,no,yes,no,no,via=MESHES
predictor/corrector,CC_SCALARS::PUT_RHOZZVECTOR_SCALAR_3D,ccib.f90,ZZ,mesh_field,MESH_TYPE,cell_centred_solution,RW,ccib.f90:13397,no,yes,no,no,via=alias:ZZP|ptr
predictor/corrector,CC_SCALARS::PUT_RHOZZVECTOR_SCALAR_3D,ccib.f90,ZZS,mesh_field,MESH_TYPE,cell_centred_solution,R,ccib.f90:13388,no,yes,no,no,via=ptr
predictor/corrector,CC_SCALARS::ROTATED_CUBE_RHS_ZZ,ccib.f90,ROTANG,module_global,CC_SCALARS,runtime_scalar,RW,ccib.f90:6410,no,yes,no,no,
predictor/corrector,CC_SCALARS::ROTATED_CUBE_RHS_ZZ,ccib.f90,ROTMAT,module_global,CC_SCALARS,runtime_array,RW,ccib.f90:6420,no,yes,no,no,
predictor/corrector,CC_SCALARS::ROTATED_CUBE_RHS_ZZ,ccib.f90,TROTMAT,module_global,CC_SCALARS,runtime_array,RW,ccib.f90:6422,no,yes,no,no,
predictor/corrector,CC_SCALARS::ROTATED_CUBE_RHS_ZZ,ccib.f90,CC_IBM,module_global,GLOBAL_CONSTANTS,runtime_scalar,R,ccib.f90:6446,no,yes,no,no,
predictor/corrector,CC_SCALARS::ROTATED_CUBE_RHS_ZZ,ccib.f90,D_Z,module_global,GLOBAL_CONSTANTS,runtime_array,R,ccib.f90:6439,no,yes,no,no,
predictor/corrector,CC_SCALARS::ROTATED_CUBE_RHS_ZZ,ccib.f90,PERIODIC_TEST,module_global,GLOBAL_CONSTANTS,runtime_scalar,R,ccib.f90:6411,no,yes,no,no,
predictor/corrector,CC_SCALARS::ROTATED_CUBE_RHS_ZZ,ccib.f90,PREDICTOR,module_global,GLOBAL_CONSTANTS,runtime_scalar,R,ccib.f90:6429,no,yes,no,no,
predictor/corrector,CC_SCALARS::ROTATED_CUBE_RHS_ZZ,ccib.f90,CCVAR,mesh_field,MESH_TYPE,wall_obst_cutcell,R,ccib.f90:6447,no,yes,no,no,via=ptr
predictor/corrector,CC_SCALARS::ROTATED_CUBE_RHS_ZZ,ccib.f90,CELL,mesh_field,MESH_TYPE,wall_obst_cutcell,R,ccib.f90:6445,no,yes,no,no,via=ptr
predictor/corrector,CC_SCALARS::ROTATED_CUBE_RHS_ZZ,ccib.f90,CELL_INDEX,mesh_field,MESH_TYPE,wall_obst_cutcell,R,ccib.f90:6445,no,yes,no,no,via=ptr
predictor/corrector,CC_SCALARS::ROTATED_CUBE_RHS_ZZ,ccib.f90,IBAR,mesh_field,MESH_TYPE,grid_geometry,R,ccib.f90:6444,no,yes,no,no,via=ptr
predictor/corrector,CC_SCALARS::ROTATED_CUBE_RHS_ZZ,ccib.f90,JBAR,mesh_field,MESH_TYPE,grid_geometry,R,ccib.f90:6443,no,yes,no,no,via=ptr
predictor/corrector,CC_SCALARS::ROTATED_CUBE_RHS_ZZ,ccib.f90,KBAR,mesh_field,MESH_TYPE,grid_geometry,R,ccib.f90:6442,no,yes,no,no,via=ptr
predictor/corrector,CC_SCALARS::ROTATED_CUBE_RHS_ZZ,ccib.f90,RHO,mesh_field,MESH_TYPE,cell_centred_solution,R,ccib.f90:6430,no,yes,no,no,via=ptr
predictor/corrector,CC_SCALARS::ROTATED_CUBE_RHS_ZZ,ccib.f90,RHOS,mesh_field,MESH_TYPE,cell_centred_solution,R,ccib.f90:6434,no,yes,no,no,via=alias:RHOP|ptr
predictor/corrector,CC_SCALARS::ROTATED_CUBE_RHS_ZZ,ccib.f90,TMP,mesh_field,MESH_TYPE,cell_centred_solution,R,ccib.f90:6457,no,yes,no,no,via=ptr
predictor/corrector,CC_SCALARS::ROTATED_CUBE_RHS_ZZ,ccib.f90,XC,mesh_field,MESH_TYPE,grid_geometry,R,ccib.f90:6451,no,yes,no,no,via=ptr
predictor/corrector,CC_SCALARS::ROTATED_CUBE_RHS_ZZ,ccib.f90,ZC,mesh_field,MESH_TYPE,grid_geometry,R,ccib.f90:6451,no,yes,no,no,via=ptr
predictor/corrector,CC_SCALARS::ROTATED_CUBE_RHS_ZZ,ccib.f90,ZZ,mesh_field,MESH_TYPE,cell_centred_solution,RW,ccib.f90:6435,no,yes,no,no,via=alias:ZZP|ptr
predictor/corrector,CC_SCALARS::ROTATED_CUBE_RHS_ZZ,ccib.f90,ZZS,mesh_field,MESH_TYPE,cell_centred_solution,R,ccib.f90:6431,no,yes,no,no,via=ptr
predictor/corrector,CC_SCALARS::ROTATED_CUBE_VELOCITY_FLUX,ccib.f90,ROTANG,module_global,CC_SCALARS,runtime_scalar,RW,ccib.f90:6106,no,yes,no,no,
predictor/corrector,CC_SCALARS::ROTATED_CUBE_VELOCITY_FLUX,ccib.f90,ROTMAT,module_global,CC_SCALARS,runtime_array,RW,ccib.f90:6116,no,yes,no,no,
predictor/corrector,CC_SCALARS::ROTATED_CUBE_VELOCITY_FLUX,ccib.f90,TROTMAT,module_global,CC_SCALARS,runtime_array,RW,ccib.f90:6118,no,yes,no,no,
predictor/corrector,CC_SCALARS::ROTATED_CUBE_VELOCITY_FLUX,ccib.f90,CC_IBM,module_global,GLOBAL_CONSTANTS,runtime_scalar,R,ccib.f90:6127,no,yes,no,no,
predictor/corrector,CC_SCALARS::ROTATED_CUBE_VELOCITY_FLUX,ccib.f90,PERIODIC_TEST,module_global,GLOBAL_CONSTANTS,runtime_scalar,R,ccib.f90:6107,no,yes,no,no,
predictor/corrector,CC_SCALARS::ROTATED_CUBE_VELOCITY_FLUX,ccib.f90,PREDICTOR,module_global,GLOBAL_CONSTANTS,runtime_scalar,R,ccib.f90:6100,no,yes,no,no,
predictor/corrector,CC_SCALARS::ROTATED_CUBE_VELOCITY_FLUX,ccib.f90,FCVAR,mesh_field,MESH_TYPE,wall_obst_cutcell,R,ccib.f90:6128,no,yes,no,no,via=ptr
predictor/corrector,CC_SCALARS::ROTATED_CUBE_VELOCITY_FLUX,ccib.f90,FVX,mesh_field,MESH_TYPE,face_centred_flux,RW,ccib.f90:6162,no,yes,no,no,via=ptr
predictor/corrector,CC_SCALARS::ROTATED_CUBE_VELOCITY_FLUX,ccib.f90,FVZ,mesh_field,MESH_TYPE,face_centred_flux,RW,ccib.f90:6208,no,yes,no,no,via=ptr
predictor/corrector,CC_SCALARS::ROTATED_CUBE_VELOCITY_FLUX,ccib.f90,IBAR,mesh_field,MESH_TYPE,grid_geometry,R,ccib.f90:6126,no,yes,no,no,via=ptr
predictor/corrector,CC_SCALARS::ROTATED_CUBE_VELOCITY_FLUX,ccib.f90,JBAR,mesh_field,MESH_TYPE,grid_geometry,R,ccib.f90:6125,no,yes,no,no,via=ptr
predictor/corrector,CC_SCALARS::ROTATED_CUBE_VELOCITY_FLUX,ccib.f90,KBAR,mesh_field,MESH_TYPE,grid_geometry,R,ccib.f90:6124,no,yes,no,no,via=ptr
predictor/corrector,CC_SCALARS::ROTATED_CUBE_VELOCITY_FLUX,ccib.f90,MU,mesh_field,MESH_TYPE,cell_centred_solution,R,ccib.f90:6131,no,yes,no,no,via=ptr
predictor/corrector,CC_SCALARS::ROTATED_CUBE_VELOCITY_FLUX,ccib.f90,RHO,mesh_field,MESH_TYPE,cell_centred_solution,R,ccib.f90:6101,no,yes,no,no,via=alias:RHOP|ptr
predictor/corrector,CC_SCALARS::ROTATED_CUBE_VELOCITY_FLUX,ccib.f90,RHOS,mesh_field,MESH_TYPE,cell_centred_solution,R,ccib.f90:6103,no,yes,no,no,via=alias:RHOP|ptr
predictor/corrector,CC_SCALARS::ROTATED_CUBE_VELOCITY_FLUX,ccib.f90,X,mesh_field,MESH_TYPE,grid_geometry,R,ccib.f90:6134,no,yes,no,no,via=ptr
predictor/corrector,CC_SCALARS::ROTATED_CUBE_VELOCITY_FLUX,ccib.f90,XC,mesh_field,MESH_TYPE,grid_geometry,R,ccib.f90:6180,no,yes,no,no,via=ptr
predictor/corrector,CC_SCALARS::ROTATED_CUBE_VELOCITY_FLUX,ccib.f90,Z,mesh_field,MESH_TYPE,grid_geometry,R,ccib.f90:6180,no,yes,no,no,via=ptr
predictor/corrector,CC_SCALARS::ROTATED_CUBE_VELOCITY_FLUX,ccib.f90,ZC,mesh_field,MESH_TYPE,grid_geometry,R,ccib.f90:6134,no,yes,no,no,via=ptr
predictor/corrector,CC_SCALARS::SET_EXIMADVFLX_3D,ccib.f90,N_TOTAL_SCALARS,module_global,GLOBAL_CONSTANTS,runtime_scalar,R,ccib.f90:8011,no,no,no,no,
predictor/corrector,CC_SCALARS::SET_EXIMADVFLX_3D,ccib.f90,CC_NREGFACE_Z,mesh_field,MESH_TYPE,wall_obst_cutcell,R,ccib.f90:8022,no,no,no,no,via=MESHES
predictor/corrector,CC_SCALARS::SET_EXIMADVFLX_3D,ccib.f90,CC_REGFACE_IAXIS_Z,mesh_field,MESH_TYPE,wall_obst_cutcell,RW,ccib.f90:8016,no,no,no,no,via=alias:REGFACE_Z|ptr
predictor/corrector,CC_SCALARS::SET_EXIMADVFLX_3D,ccib.f90,CC_REGFACE_JAXIS_Z,mesh_field,MESH_TYPE,wall_obst_cutcell,RW,ccib.f90:8018,no,no,no,no,via=alias:REGFACE_Z|ptr
predictor/corrector,CC_SCALARS::SET_EXIMADVFLX_3D,ccib.f90,CC_REGFACE_KAXIS_Z,mesh_field,MESH_TYPE,wall_obst_cutcell,RW,ccib.f90:8020,no,no,no,no,via=alias:REGFACE_Z|ptr
predictor/corrector,CC_SCALARS::SET_EXIMADVFLX_3D,ccib.f90,FX,mesh_field,MESH_TYPE,face_centred_flux,R,ccib.f90:8030,no,no,no,no,via=ptr
predictor/corrector,CC_SCALARS::SET_EXIMADVFLX_3D,ccib.f90,FY,mesh_field,MESH_TYPE,face_centred_flux,R,ccib.f90:8032,no,no,no,no,via=ptr
predictor/corrector,CC_SCALARS::SET_EXIMADVFLX_3D,ccib.f90,FZ,mesh_field,MESH_TYPE,face_centred_flux,R,ccib.f90:8034,no,no,no,no,via=ptr
predictor/corrector,CC_SCALARS::SET_EXIMADVFLX_3D,ccib.f90,R,mesh_field,MESH_TYPE,grid_geometry,R,ccib.f90:8030,no,no,no,no,via=ptr
predictor/corrector,CC_SCALARS::SET_EXIMDIFFLX_3D,ccib.f90,N_TOTAL_SCALARS,module_global,GLOBAL_CONSTANTS,runtime_scalar,R,ccib.f90:8193,no,no,no,no,
predictor/corrector,CC_SCALARS::SET_EXIMDIFFLX_3D,ccib.f90,CC_NREGFACE_Z,mesh_field,MESH_TYPE,wall_obst_cutcell,R,ccib.f90:8230,no,no,no,no,via=MESHES
predictor/corrector,CC_SCALARS::SET_EXIMDIFFLX_3D,ccib.f90,CC_REGFACE_IAXIS_Z,mesh_field,MESH_TYPE,wall_obst_cutcell,RW,ccib.f90:8224,no,no,no,no,via=alias:REGFACE_Z|ptr
predictor/corrector,CC_SCALARS::SET_EXIMDIFFLX_3D,ccib.f90,CC_REGFACE_JAXIS_Z,mesh_field,MESH_TYPE,wall_obst_cutcell,RW,ccib.f90:8226,no,no,no,no,via=alias:REGFACE_Z|ptr
predictor/corrector,CC_SCALARS::SET_EXIMDIFFLX_3D,ccib.f90,CC_REGFACE_KAXIS_Z,mesh_field,MESH_TYPE,wall_obst_cutcell,RW,ccib.f90:8228,no,no,no,no,via=alias:REGFACE_Z|ptr
predictor/corrector,CC_SCALARS::SET_EXIMDIFFLX_3D,ccib.f90,FCVAR,mesh_field,MESH_TYPE,wall_obst_cutcell,R,ccib.f90:8192,no,no,no,no,via=MESHES
predictor/corrector,CC_SCALARS::SET_EXIMDIFFLX_3D,ccib.f90,IBAR,mesh_field,MESH_TYPE,grid_geometry,R,ccib.f90:8191,no,no,no,no,via=MESHES
predictor/corrector,CC_SCALARS::SET_EXIMDIFFLX_3D,ccib.f90,JBAR,mesh_field,MESH_TYPE,grid_geometry,R,ccib.f90:8190,no,no,no,no,via=MESHES
predictor/corrector,CC_SCALARS::SET_EXIMDIFFLX_3D,ccib.f90,KBAR,mesh_field,MESH_TYPE,grid_geometry,R,ccib.f90:8189,no,no,no,no,via=MESHES
predictor/corrector,CC_SCALARS::SET_EXIMRHOHSLIM_3D,ccib.f90,B1,module_global,CC_SCALARS,pointer,RW,ccib.f90:8144,no,yes,no,no,
predictor/corrector,CC_SCALARS::SET_EXIMRHOHSLIM_3D,ccib.f90,BC,module_global,CC_SCALARS,pointer,RW,ccib.f90:8145,no,yes,no,no,
predictor/corrector,CC_SCALARS::SET_EXIMRHOHSLIM_3D,ccib.f90,WC,module_global,CC_SCALARS,pointer,RW,ccib.f90:8142,no,yes,no,no,
predictor/corrector,CC_SCALARS::SET_EXIMRHOHSLIM_3D,ccib.f90,N_TRACKED_SPECIES,module_global,GLOBAL_CONSTANTS,runtime_scalar,R,ccib.f90:8156,no,yes,no,no,
predictor/corrector,CC_SCALARS::SET_EXIMRHOHSLIM_3D,ccib.f90,PREDICTOR,module_global,GLOBAL_CONSTANTS,runtime_scalar,R,ccib.f90:8146,no,yes,no,no,
predictor/corrector,CC_SCALARS::SET_EXIMRHOHSLIM_3D,ccib.f90,BOUNDARY_COORD,mesh_field,MESH_TYPE,wall_obst_cutcell,R,ccib.f90:8145,no,yes,no,no,via=alias:BC|ptr
predictor/corrector,CC_SCALARS::SET_EXIMRHOHSLIM_3D,ccib.f90,BOUNDARY_PROP1,mesh_field,MESH_TYPE,wall_obst_cutcell,R,ccib.f90:8144,no,yes,no,no,via=alias:B1|ptr
predictor/corrector,CC_SCALARS::SET_EXIMRHOHSLIM_3D,ccib.f90,CC_NREGFACE_Z,mesh_field,MESH_TYPE,wall_obst_cutcell,R,ccib.f90:8131,no,yes,no,no,via=MESHES
predictor/corrector,CC_SCALARS::SET_EXIMRHOHSLIM_3D,ccib.f90,CC_REGFACE_IAXIS_Z,mesh_field,MESH_TYPE,wall_obst_cutcell,RW,ccib.f90:8125,no,yes,no,no,via=alias:REGFACE_Z|ptr
predictor/corrector,CC_SCALARS::SET_EXIMRHOHSLIM_3D,ccib.f90,CC_REGFACE_JAXIS_Z,mesh_field,MESH_TYPE,wall_obst_cutcell,RW,ccib.f90:8127,no,yes,no,no,via=alias:REGFACE_Z|ptr
predictor/corrector,CC_SCALARS::SET_EXIMRHOHSLIM_3D,ccib.f90,CC_REGFACE_KAXIS_Z,mesh_field,MESH_TYPE,wall_obst_cutcell,RW,ccib.f90:8129,no,yes,no,no,via=alias:REGFACE_Z|ptr
predictor/corrector,CC_SCALARS::SET_EXIMRHOHSLIM_3D,ccib.f90,TMP,mesh_field,MESH_TYPE,cell_centred_solution,R,ccib.f90:8152,no,yes,no,no,via=ptr
predictor/corrector,CC_SCALARS::SET_EXIMRHOHSLIM_3D,ccib.f90,WALL,mesh_field,MESH_TYPE,wall_obst_cutcell,R,ccib.f90:8133,no,yes,no,no,via=alias:WC|ptr
predictor/corrector,CC_SCALARS::SET_EXIMRHOHSLIM_3D,ccib.f90,WORK2,mesh_field,MESH_TYPE,scratch_work,R,ccib.f90:8118,no,yes,no,no,via=alias:FX_H_S|ptr
predictor/corrector,CC_SCALARS::SET_EXIMRHOHSLIM_3D,ccib.f90,WORK3,mesh_field,MESH_TYPE,scratch_work,R,ccib.f90:8119,no,yes,no,no,via=alias:FY_H_S|ptr
predictor/corrector,CC_SCALARS::SET_EXIMRHOHSLIM_3D,ccib.f90,WORK4,mesh_field,MESH_TYPE,scratch_work,R,ccib.f90:8120,no,yes,no,no,via=alias:FZ_H_S|ptr
predictor/corrector,CC_SCALARS::SET_EXIMRHOZZLIM_3D,ccib.f90,B1,module_global,CC_SCALARS,pointer,RW,ccib.f90:8082,no,yes,no,no,
predictor/corrector,CC_SCALARS::SET_EXIMRHOZZLIM_3D,ccib.f90,WC,module_global,CC_SCALARS,pointer,RW,ccib.f90:8081,no,yes,no,no,
predictor/corrector,CC_SCALARS::SET_EXIMRHOZZLIM_3D,ccib.f90,BOUNDARY_PROP1,mesh_field,MESH_TYPE,wall_obst_cutcell,R,ccib.f90:8082,no,yes,no,no,via=alias:B1|ptr
predictor/corrector,CC_SCALARS::SET_EXIMRHOZZLIM_3D,ccib.f90,CC_NREGFACE_Z,mesh_field,MESH_TYPE,wall_obst_cutcell,R,ccib.f90:8071,no,yes,no,no,via=MESHES
predictor/corrector,CC_SCALARS::SET_EXIMRHOZZLIM_3D,ccib.f90,CC_REGFACE_IAXIS_Z,mesh_field,MESH_TYPE,wall_obst_cutcell,RW,ccib.f90:8065,no,yes,no,no,via=alias:REGFACE_Z|ptr
predictor/corrector,CC_SCALARS::SET_EXIMRHOZZLIM_3D,ccib.f90,CC_REGFACE_JAXIS_Z,mesh_field,MESH_TYPE,wall_obst_cutcell,RW,ccib.f90:8067,no,yes,no,no,via=alias:REGFACE_Z|ptr
predictor/corrector,CC_SCALARS::SET_EXIMRHOZZLIM_3D,ccib.f90,CC_REGFACE_KAXIS_Z,mesh_field,MESH_TYPE,wall_obst_cutcell,RW,ccib.f90:8069,no,yes,no,no,via=alias:REGFACE_Z|ptr
predictor/corrector,CC_SCALARS::SET_EXIMRHOZZLIM_3D,ccib.f90,SWORK1,mesh_field,MESH_TYPE,scratch_work,R,ccib.f90:8058,no,yes,no,no,via=alias:FX_ZZ|ptr
predictor/corrector,CC_SCALARS::SET_EXIMRHOZZLIM_3D,ccib.f90,SWORK2,mesh_field,MESH_TYPE,scratch_work,R,ccib.f90:8059,no,yes,no,no,via=alias:FY_ZZ|ptr
predictor/corrector,CC_SCALARS::SET_EXIMRHOZZLIM_3D,ccib.f90,SWORK3,mesh_field,MESH_TYPE,scratch_work,R,ccib.f90:8060,no,yes,no,no,via=alias:FZ_ZZ|ptr
predictor/corrector,CC_SCALARS::SET_EXIMRHOZZLIM_3D,ccib.f90,WALL,mesh_field,MESH_TYPE,wall_obst_cutcell,R,ccib.f90:8073,no,yes,no,no,via=alias:WC|ptr
predictor/corrector,DIVG::DIVERGENCE_PART_1,divg.f90,RHOP,module_global,DIVG,pointer,RW,divg.f90:63,no,yes,no,no,
predictor/corrector,DIVG::DIVERGENCE_PART_1,divg.f90,UU,module_global,DIVG,pointer,W,divg.f90:64,no,yes,no,no,
predictor/corrector,DIVG::DIVERGENCE_PART_1,divg.f90,VV,module_global,DIVG,pointer,W,divg.f90:65,no,yes,no,no,
predictor/corrector,DIVG::DIVERGENCE_PART_1,divg.f90,WW,module_global,DIVG,pointer,RW,divg.f90:66,no,yes,no,no,
predictor/corrector,DIVG::DIVERGENCE_PART_1,divg.f90,ZZP,module_global,DIVG,pointer,RW,divg.f90:67,no,yes,no,no,
predictor/corrector,DIVG::DIVERGENCE_PART_1,divg.f90,CC_IBM,module_global,GLOBAL_CONSTANTS,runtime_scalar,R,divg.f90:98,no,yes,no,no,
predictor/corrector,DIVG::DIVERGENCE_PART_1,divg.f90,CHECK_VN,module_global,GLOBAL_CONSTANTS,runtime_scalar,R,divg.f90:111,no,yes,no,no,
predictor/corrector,DIVG::DIVERGENCE_PART_1,divg.f90,CONSTANT_SPECIFIC_HEAT_RATIO,module_global,GLOBAL_CONSTANTS,runtime_scalar,R,divg.f90:427,no,yes,no,no,
predictor/corrector,DIVG::DIVERGENCE_PART_1,divg.f90,CORRECTOR,module_global,GLOBAL_CONSTANTS,runtime_scalar,R,divg.f90:337,no,yes,no,no,
predictor/corrector,DIVG::DIVERGENCE_PART_1,divg.f90,CPOPR,module_global,GLOBAL_CONSTANTS,runtime_scalar,R,divg.f90:478,no,yes,no,no,
predictor/corrector,DIVG::DIVERGENCE_PART_1,divg.f90,CYLINDRICAL,module_global,GLOBAL_CONSTANTS,runtime_scalar,R,divg.f90:558,no,yes,no,no,
predictor/corrector,DIVG::DIVERGENCE_PART_1,divg.f90,DSUM,module_global,GLOBAL_CONSTANTS,runtime_array,RW,divg.f90:739,no,yes,no,no,
predictor/corrector,DIVG::DIVERGENCE_PART_1,divg.f90,D_Z,module_global,GLOBAL_CONSTANTS,runtime_array,R,divg.f90:132,no,yes,no,no,
predictor/corrector,DIVG::DIVERGENCE_PART_1,divg.f90,GM1OG,module_global,GLOBAL_CONSTANTS,runtime_scalar,R,divg.f90:612,no,yes,no,no,
predictor/corrector,DIVG::DIVERGENCE_PART_1,divg.f90,GVEC,module_global,GLOBAL_CONSTANTS,runtime_array,R,divg.f90:684,no,yes,no,no,
predictor/corrector,DIVG::DIVERGENCE_PART_1,divg.f90,N_LP_ARRAY_INDICES,module_global,GLOBAL_CONSTANTS,runtime_scalar,R,divg.f90:666,no,yes,no,no,
predictor/corrector,DIVG::DIVERGENCE_PART_1,divg.f90,N_REACTIONS,module_global,GLOBAL_CONSTANTS,runtime_scalar,R,divg.f90:666,no,yes,no,no,
predictor/corrector,DIVG::DIVERGENCE_PART_1,divg.f90,N_TOTAL_SCALARS,module_global,GLOBAL_CONSTANTS,runtime_scalar,R,divg.f90:115,no,yes,no,no,
predictor/corrector,DIVG::DIVERGENCE_PART_1,divg.f90,N_TRACKED_SPECIES,module_global,GLOBAL_CONSTANTS,runtime_scalar,R,divg.f90:248,no,yes,no,no,
predictor/corrector,DIVG::DIVERGENCE_PART_1,divg.f90,N_ZONE,module_global,GLOBAL_CONSTANTS,runtime_scalar,R,divg.f90:88,no,yes,no,no,
predictor/corrector,DIVG::DIVERGENCE_PART_1,divg.f90,OBST_CREATED_OR_REMOVED,module_global,GLOBAL_CONSTANTS,runtime_scalar,R,divg.f90:88,no,yes,no,no,
predictor/corrector,DIVG::DIVERGENCE_PART_1,divg.f90,PERIODIC_TEST,module_global,GLOBAL_CONSTANTS,runtime_scalar,R,divg.f90:154,no,yes,no,no,
predictor/corrector,DIVG::DIVERGENCE_PART_1,divg.f90,PREDICTOR,module_global,GLOBAL_CONSTANTS,runtime_scalar,R,divg.f90:59,no,yes,no,no,
predictor/corrector,DIVG::DIVERGENCE_PART_1,divg.f90,PSUM,module_global,GLOBAL_CONSTANTS,runtime_array,RW,divg.f90:745,no,yes,no,no,
predictor/corrector,DIVG::DIVERGENCE_PART_1,divg.f90,RPR_T,module_global,GLOBAL_CONSTANTS,runtime_scalar,R,divg.f90:476,no,yes,no,no,
predictor/corrector,DIVG::DIVERGENCE_PART_1,divg.f90,RSC_T,module_global,GLOBAL_CONSTANTS,runtime_scalar,R,divg.f90:122,no,yes,no,no,
predictor/corrector,DIVG::DIVERGENCE_PART_1,divg.f90,SC_T,module_global,GLOBAL_CONSTANTS,runtime_scalar,R,divg.f90:146,no,yes,no,no,
predictor/corrector,DIVG::DIVERGENCE_PART_1,divg.f90,SIM_MODE,module_global,GLOBAL_CONSTANTS,runtime_scalar,R,divg.f90:119,no,yes,no,no,
predictor/corrector,DIVG::DIVERGENCE_PART_1,divg.f90,SOLID_PHASE_ONLY,module_global,GLOBAL_CONSTANTS,runtime_scalar,R,divg.f90:52,no,yes,no,no,
predictor/corrector,DIVG::DIVERGENCE_PART_1,divg.f90,STORE_SPECIES_FLUX,module_global,GLOBAL_CONSTANTS,runtime_scalar,R,divg.f90:269,no,yes,no,no,
predictor/corrector,DIVG::DIVERGENCE_PART_1,divg.f90,STRATIFICATION,module_global,GLOBAL_CONSTANTS,runtime_scalar,R,divg.f90:679,no,yes,no,no,
predictor/corrector,DIVG::DIVERGENCE_PART_1,divg.f90,TENSOR_DIFFUSIVITY,module_global,GLOBAL_CONSTANTS,runtime_scalar,R,divg.f90:143,no,yes,no,no,
predictor/corrector,DIVG::DIVERGENCE_PART_1,divg.f90,T_USED,module_global,GLOBAL_CONSTANTS,runtime_array,RW,divg.f90:720,no,yes,no,no,
predictor/corrector,DIVG::DIVERGENCE_PART_1,divg.f90,USUM,module_global,GLOBAL_CONSTANTS,runtime_array,RW,divg.f90:765,no,yes,no,no,
predictor/corrector,DIVG::DIVERGENCE_PART_1,divg.f90,SPECIES_MIXTURE,module_global,TYPES,runtime_array,R,divg.f90:144,no,yes,no,no,
predictor/corrector,DIVG::DIVERGENCE_PART_1,divg.f90,BOUNDARY_COORD,mesh_field,MESH_TYPE,wall_obst_cutcell,R,divg.f90:195,no,yes,no,no,via=alias:BC|ptr
predictor/corrector,DIVG::DIVERGENCE_PART_1,divg.f90,BOUNDARY_PROP1,mesh_field,MESH_TYPE,wall_obst_cutcell,RW,divg.f90:208,no,yes,no,no,via=alias:B1|ptr
predictor/corrector,DIVG::DIVERGENCE_PART_1,divg.f90,CCVAR,mesh_field,MESH_TYPE,wall_obst_cutcell,R,divg.f90:742,no,yes,no,no,via=ptr
predictor/corrector,DIVG::DIVERGENCE_PART_1,divg.f90,CELL,mesh_field,MESH_TYPE,wall_obst_cutcell,R,divg.f90:466,no,yes,no,no,via=ptr
predictor/corrector,DIVG::DIVERGENCE_PART_1,divg.f90,CELL_INDEX,mesh_field,MESH_TYPE,wall_obst_cutcell,R,divg.f90:466,no,yes,no,no,via=ptr
predictor/corrector,DIVG::DIVERGENCE_PART_1,divg.f90,CFACE,mesh_field,MESH_TYPE,wall_obst_cutcell,R,divg.f90:771,no,yes,no,no,via=alias:CFA|ptr
predictor/corrector,DIVG::DIVERGENCE_PART_1,divg.f90,D,mesh_field,MESH_TYPE,cell_centred_solution,RW,divg.f90:69,no,yes,no,no,via=alias:DP|ptr
predictor/corrector,DIVG::DIVERGENCE_PART_1,divg.f90,DEL_RHO_D_DEL_Z,mesh_field,MESH_TYPE,cell_centred_solution,RW,divg.f90:117,no,yes,no,no,via=ptr
predictor/corrector,DIVG::DIVERGENCE_PART_1,divg.f90,DIF_FX,mesh_field,MESH_TYPE,face_centred_flux,W,divg.f90:272,no,yes,no,no,via=ptr
predictor/corrector,DIVG::DIVERGENCE_PART_1,divg.f90,DIF_FXS,mesh_field,MESH_TYPE,face_centred_flux,RW,divg.f90:272,no,yes,no,no,via=ptr
predictor/corrector,DIVG::DIVERGENCE_PART_1,divg.f90,DIF_FY,mesh_field,MESH_TYPE,face_centred_flux,W,divg.f90:273,no,yes,no,no,via=ptr
predictor/corrector,DIVG::DIVERGENCE_PART_1,divg.f90,DIF_FYS,mesh_field,MESH_TYPE,face_centred_flux,RW,divg.f90:273,no,yes,no,no,via=ptr
predictor/corrector,DIVG::DIVERGENCE_PART_1,divg.f90,DIF_FZ,mesh_field,MESH_TYPE,face_centred_flux,W,divg.f90:274,no,yes,no,no,via=ptr
predictor/corrector,DIVG::DIVERGENCE_PART_1,divg.f90,DIF_FZS,mesh_field,MESH_TYPE,face_centred_flux,RW,divg.f90:274,no,yes,no,no,via=ptr
predictor/corrector,DIVG::DIVERGENCE_PART_1,divg.f90,DS,mesh_field,MESH_TYPE,cell_centred_solution,RW,divg.f90:61,no,yes,no,no,via=alias:DP|ptr
predictor/corrector,DIVG::DIVERGENCE_PART_1,divg.f90,DX,mesh_field,MESH_TYPE,grid_geometry,R,divg.f90:738,no,yes,no,no,via=ptr
predictor/corrector,DIVG::DIVERGENCE_PART_1,divg.f90,DY,mesh_field,MESH_TYPE,grid_geometry,R,divg.f90:732,no,yes,no,no,via=ptr
predictor/corrector,DIVG::DIVERGENCE_PART_1,divg.f90,DZ,mesh_field,MESH_TYPE,grid_geometry,R,divg.f90:732,no,yes,no,no,via=ptr
predictor/corrector,DIVG::DIVERGENCE_PART_1,divg.f90,D_SOURCE,mesh_field,MESH_TYPE,cell_centred_solution,R,divg.f90:671,no,yes,no,no,via=ptr
predictor/corrector,DIVG::DIVERGENCE_PART_1,divg.f90,D_Z_MAX,mesh_field,MESH_TYPE,cell_centred_solution,RW,divg.f90:111,no,yes,no,no,via=ptr
predictor/corrector,DIVG::DIVERGENCE_PART_1,divg.f90,EXTERNAL_WALL,mesh_field,MESH_TYPE,ghost_boundary,R,divg.f90:209,no,yes,no,no,via=alias:EWC|ptr
predictor/corrector,DIVG::DIVERGENCE_PART_1,divg.f90,IBAR,mesh_field,MESH_TYPE,grid_geometry,R,divg.f90:173,no,yes,no,no,via=ptr
predictor/corrector,DIVG::DIVERGENCE_PART_1,divg.f90,IBP1,mesh_field,MESH_TYPE,grid_geometry,R,divg.f90:135,no,yes,no,no,via=ptr
predictor/corrector,DIVG::DIVERGENCE_PART_1,divg.f90,INTERNAL_CFACE_CELLS_LB,mesh_field,MESH_TYPE,wall_obst_cutcell,R,divg.f90:770,no,yes,no,no,via=ptr
predictor/corrector,DIVG::DIVERGENCE_PART_1,divg.f90,INTERPOLATED_MESH,mesh_field,MESH_TYPE,ghost_boundary,R,divg.f90:734,no,yes,no,no,via=ptr
predictor/corrector,DIVG::DIVERGENCE_PART_1,divg.f90,JBAR,mesh_field,MESH_TYPE,grid_geometry,R,divg.f90:172,no,yes,no,no,via=ptr
predictor/corrector,DIVG::DIVERGENCE_PART_1,divg.f90,JBP1,mesh_field,MESH_TYPE,grid_geometry,R,divg.f90:134,no,yes,no,no,via=ptr
predictor/corrector,DIVG::DIVERGENCE_PART_1,divg.f90,KBAR,mesh_field,MESH_TYPE,grid_geometry,R,divg.f90:171,no,yes,no,no,via=ptr
predictor/corrector,DIVG::DIVERGENCE_PART_1,divg.f90,KBP1,mesh_field,MESH_TYPE,grid_geometry,R,divg.f90:133,no,yes,no,no,via=ptr
predictor/corrector,DIVG::DIVERGENCE_PART_1,divg.f90,MU,mesh_field,MESH_TYPE,cell_centred_solution,R,divg.f90:122,no,yes,no,no,via=ptr
predictor/corrector,DIVG::DIVERGENCE_PART_1,divg.f90,MU_DNS,mesh_field,MESH_TYPE,cell_centred_solution,R,divg.f90:122,no,yes,no,no,via=ptr
predictor/corrector,DIVG::DIVERGENCE_PART_1,divg.f90,N_EXTERNAL_WALL_CELLS,mesh_field,MESH_TYPE,ghost_boundary,R,divg.f90:93,no,yes,no,no,via=ptr
predictor/corrector,DIVG::DIVERGENCE_PART_1,divg.f90,N_INTERNAL_CFACE_CELLS,mesh_field,MESH_TYPE,wall_obst_cutcell,R,divg.f90:770,no,yes,no,no,via=ptr
predictor/corrector,DIVG::DIVERGENCE_PART_1,divg.f90,N_INTERNAL_WALL_CELLS,mesh_field,MESH_TYPE,wall_obst_cutcell,R,divg.f90:93,no,yes,no,no,via=ptr
predictor/corrector,DIVG::DIVERGENCE_PART_1,divg.f90,PBAR,mesh_field,MESH_TYPE,pressure_solver,R,divg.f90:70,no,yes,no,no,via=alias:PBAR_P|ptr
predictor/corrector,DIVG::DIVERGENCE_PART_1,divg.f90,PBAR_S,mesh_field,MESH_TYPE,pressure_solver,R,divg.f90:62,no,yes,no,no,via=alias:PBAR_P|ptr
predictor/corrector,DIVG::DIVERGENCE_PART_1,divg.f90,PRESSURE_ZONE,mesh_field,MESH_TYPE,pressure_solver,R,divg.f90:611,no,yes,no,no,via=ptr
predictor/corrector,DIVG::DIVERGENCE_PART_1,divg.f90,Q,mesh_field,MESH_TYPE,cell_centred_solution,R,divg.f90:567,no,yes,no,no,via=ptr
predictor/corrector,DIVG::DIVERGENCE_PART_1,divg.f90,QR,mesh_field,MESH_TYPE,radiation,R,divg.f90:567,no,yes,no,no,via=ptr
predictor/corrector,DIVG::DIVERGENCE_PART_1,divg.f90,R,mesh_field,MESH_TYPE,grid_geometry,R,divg.f90:394,no,yes,no,no,via=ptr
predictor/corrector,DIVG::DIVERGENCE_PART_1,divg.f90,RC,mesh_field,MESH_TYPE,grid_geometry,R,divg.f90:738,no,yes,no,no,via=ptr
predictor/corrector,DIVG::DIVERGENCE_PART_1,divg.f90,RDX,mesh_field,MESH_TYPE,grid_geometry,R,divg.f90:394,no,yes,no,no,via=ptr
predictor/corrector,DIVG::DIVERGENCE_PART_1,divg.f90,RDXN,mesh_field,MESH_TYPE,grid_geometry,R,divg.f90:174,no,yes,no,no,via=ptr
predictor/corrector,DIVG::DIVERGENCE_PART_1,divg.f90,RDY,mesh_field,MESH_TYPE,grid_geometry,R,divg.f90:395,no,yes,no,no,via=ptr
predictor/corrector,DIVG::DIVERGENCE_PART_1,divg.f90,RDYN,mesh_field,MESH_TYPE,grid_geometry,R,divg.f90:176,no,yes,no,no,via=ptr
predictor/corrector,DIVG::DIVERGENCE_PART_1,divg.f90,RDZ,mesh_field,MESH_TYPE,grid_geometry,R,divg.f90:396,no,yes,no,no,via=ptr
predictor/corrector,DIVG::DIVERGENCE_PART_1,divg.f90,RDZN,mesh_field,MESH_TYPE,grid_geometry,R,divg.f90:178,no,yes,no,no,via=ptr
predictor/corrector,DIVG::DIVERGENCE_PART_1,divg.f90,RHO,mesh_field,MESH_TYPE,cell_centred_solution,R,divg.f90:71,no,yes,no,no,via=alias:RHOP|ptr
predictor/corrector,DIVG::DIVERGENCE_PART_1,divg.f90,RHOS,mesh_field,MESH_TYPE,cell_centred_solution,R,divg.f90:63,no,yes,no,no,via=alias:RHOP|ptr
predictor/corrector,DIVG::DIVERGENCE_PART_1,divg.f90,RHO_0,mesh_field,MESH_TYPE,other,R,divg.f90:684,no,yes,no,no,via=ptr
predictor/corrector,DIVG::DIVERGENCE_PART_1,divg.f90,RRN,mesh_field,MESH_TYPE,grid_geometry,R,divg.f90:394,no,yes,no,no,via=ptr
predictor/corrector,DIVG::DIVERGENCE_PART_1,divg.f90,RSUM,mesh_field,MESH_TYPE,cell_centred_solution,R,divg.f90:651,no,yes,no,no,via=ptr
predictor/corrector,DIVG::DIVERGENCE_PART_1,divg.f90,R_PBAR,mesh_field,MESH_TYPE,pressure_solver,RW,divg.f90:78,no,yes,no,no,via=ptr
predictor/corrector,DIVG::DIVERGENCE_PART_1,divg.f90,SWORK1,mesh_field,MESH_TYPE,scratch_work,RW,divg.f90:105,no,yes,no,no,via=alias:RHO_D_DZDX|ptr
predictor/corrector,DIVG::DIVERGENCE_PART_1,divg.f90,SWORK2,mesh_field,MESH_TYPE,scratch_work,RW,divg.f90:106,no,yes,no,no,via=alias:RHO_D_DZDY|ptr
predictor/corrector,DIVG::DIVERGENCE_PART_1,divg.f90,SWORK3,mesh_field,MESH_TYPE,scratch_work,RW,divg.f90:107,no,yes,no,no,via=alias:RHO_D_DZDZ|ptr
predictor/corrector,DIVG::DIVERGENCE_PART_1,divg.f90,TMP,mesh_field,MESH_TYPE,cell_centred_solution,R,divg.f90:136,no,yes,no,no,via=ptr
predictor/corrector,DIVG::DIVERGENCE_PART_1,divg.f90,U,mesh_field,MESH_TYPE,face_centred_flux,R,divg.f90:64,no,yes,no,no,via=ptr
predictor/corrector,DIVG::DIVERGENCE_PART_1,divg.f90,US,mesh_field,MESH_TYPE,face_centred_flux,R,divg.f90:72,no,yes,no,no,via=ptr
predictor/corrector,DIVG::DIVERGENCE_PART_1,divg.f90,V,mesh_field,MESH_TYPE,face_centred_flux,R,divg.f90:65,no,yes,no,no,via=ptr
predictor/corrector,DIVG::DIVERGENCE_PART_1,divg.f90,VS,mesh_field,MESH_TYPE,face_centred_flux,R,divg.f90:73,no,yes,no,no,via=ptr
predictor/corrector,DIVG::DIVERGENCE_PART_1,divg.f90,W,mesh_field,MESH_TYPE,face_centred_flux,R,divg.f90:66,no,yes,no,no,via=alias:WW|ptr
predictor/corrector,DIVG::DIVERGENCE_PART_1,divg.f90,WALL,mesh_field,MESH_TYPE,wall_obst_cutcell,R,divg.f90:193,no,yes,no,no,via=alias:WC|ptr
predictor/corrector,DIVG::DIVERGENCE_PART_1,divg.f90,WORK1,mesh_field,MESH_TYPE,scratch_work,RW,divg.f90:80,no,yes,no,no,via=alias:KDTDX|alias:RTRM|ptr
predictor/corrector,DIVG::DIVERGENCE_PART_1,divg.f90,WORK2,mesh_field,MESH_TYPE,scratch_work,RW,divg.f90:453,no,yes,no,no,via=alias:KDTDY|ptr
predictor/corrector,DIVG::DIVERGENCE_PART_1,divg.f90,WORK3,mesh_field,MESH_TYPE,scratch_work,RW,divg.f90:454,no,yes,no,no,via=alias:KDTDZ|ptr
predictor/corrector,DIVG::DIVERGENCE_PART_1,divg.f90,WORK4,mesh_field,MESH_TYPE,scratch_work,RW,divg.f90:118,no,yes,no,no,via=alias:KP|alias:RHO_D|ptr
predictor/corrector,DIVG::DIVERGENCE_PART_1,divg.f90,WORK5,mesh_field,MESH_TYPE,scratch_work,RW,divg.f90:291,no,yes,no,no,via=alias:CP|alias:H_RHO_D_DZDX|ptr
predictor/corrector,DIVG::DIVERGENCE_PART_1,divg.f90,WORK6,mesh_field,MESH_TYPE,scratch_work,RW,divg.f90:292,no,yes,no,no,via=alias:H_RHO_D_DZDY|ptr
predictor/corrector,DIVG::DIVERGENCE_PART_1,divg.f90,WORK7,mesh_field,MESH_TYPE,scratch_work,RW,divg.f90:293,no,yes,no,no,via=alias:H_RHO_D_DZDZ|ptr
predictor/corrector,DIVG::DIVERGENCE_PART_1,divg.f90,WORK9,mesh_field,MESH_TYPE,scratch_work,RW,divg.f90:121,no,yes,no,no,via=alias:RHO_D_TURB|alias:R_H_G|ptr
predictor/corrector,DIVG::DIVERGENCE_PART_1,divg.f90,WS,mesh_field,MESH_TYPE,face_centred_flux,R,divg.f90:74,no,yes,no,no,via=alias:WW|ptr
predictor/corrector,DIVG::DIVERGENCE_PART_1,divg.f90,XC,mesh_field,MESH_TYPE,grid_geometry,R,divg.f90:700,no,yes,no,no,via=ptr
predictor/corrector,DIVG::DIVERGENCE_PART_1,divg.f90,ZC,mesh_field,MESH_TYPE,grid_geometry,R,divg.f90:701,no,yes,no,no,via=ptr
predictor/corrector,DIVG::DIVERGENCE_PART_1,divg.f90,ZZ,mesh_field,MESH_TYPE,cell_centred_solution,R,divg.f90:75,no,yes,no,no,via=alias:ZZP|ptr
predictor/corrector,DIVG::DIVERGENCE_PART_1,divg.f90,ZZS,mesh_field,MESH_TYPE,cell_centred_solution,R,divg.f90:67,no,yes,no,no,via=alias:ZZP|ptr
predictor/corrector,DIVG::DIVERGENCE_PART_2,divg.f90,CC_IBM,module_global,GLOBAL_CONSTANTS,runtime_scalar,R,divg.f90:1531,no,yes,no,no,
predictor/corrector,DIVG::DIVERGENCE_PART_2,divg.f90,CELL_COUNT,module_global,GLOBAL_CONSTANTS,runtime_array,R,divg.f90:1549,no,yes,no,no,
predictor/corrector,DIVG::DIVERGENCE_PART_2,divg.f90,CONNECTED_ZONES,module_global,GLOBAL_CONSTANTS,runtime_array,R,divg.f90:1484,no,yes,no,no,
predictor/corrector,DIVG::DIVERGENCE_PART_2,divg.f90,CORRECTOR,module_global,GLOBAL_CONSTANTS,runtime_scalar,R,divg.f90:1514,no,yes,no,no,
predictor/corrector,DIVG::DIVERGENCE_PART_2,divg.f90,DSUM,module_global,GLOBAL_CONSTANTS,runtime_array,R,divg.f90:1480,no,yes,no,no,
predictor/corrector,DIVG::DIVERGENCE_PART_2,divg.f90,N_ZONE,module_global,GLOBAL_CONSTANTS,runtime_scalar,R,divg.f90:1476,no,yes,no,no,
predictor/corrector,DIVG::DIVERGENCE_PART_2,divg.f90,PERIODIC_TEST,module_global,GLOBAL_CONSTANTS,runtime_scalar,R,divg.f90:1451,no,yes,no,no,
predictor/corrector,DIVG::DIVERGENCE_PART_2,divg.f90,PREDICTOR,module_global,GLOBAL_CONSTANTS,runtime_scalar,R,divg.f90:1459,no,yes,no,no,
predictor/corrector,DIVG::DIVERGENCE_PART_2,divg.f90,PRESSURE_RELAX_TIME,module_global,GLOBAL_CONSTANTS,runtime_scalar,R,divg.f90:1497,no,yes,no,no,
predictor/corrector,DIVG::DIVERGENCE_PART_2,divg.f90,PSUM,module_global,GLOBAL_CONSTANTS,runtime_array,R,divg.f90:1477,no,yes,no,no,
predictor/corrector,DIVG::DIVERGENCE_PART_2,divg.f90,SOLID_PHASE_ONLY,module_global,GLOBAL_CONSTANTS,runtime_scalar,R,divg.f90:1450,no,yes,no,no,
predictor/corrector,DIVG::DIVERGENCE_PART_2,divg.f90,T_USED,module_global,GLOBAL_CONSTANTS,runtime_array,RW,divg.f90:1559,no,yes,no,no,
predictor/corrector,DIVG::DIVERGENCE_PART_2,divg.f90,USUM,module_global,GLOBAL_CONSTANTS,runtime_array,RW,divg.f90:1479,no,yes,no,no,
predictor/corrector,DIVG::DIVERGENCE_PART_2,divg.f90,P_ZONE,module_global,TYPES,runtime_array,W,divg.f90:1520,no,yes,no,no,
predictor/corrector,DIVG::DIVERGENCE_PART_2,divg.f90,BOUNDARY_COORD,mesh_field,MESH_TYPE,wall_obst_cutcell,R,divg.f90:1577,no,yes,no,no,via=alias:BC|ptr
predictor/corrector,DIVG::DIVERGENCE_PART_2,divg.f90,BOUNDARY_PROP1,mesh_field,MESH_TYPE,wall_obst_cutcell,R,divg.f90:1581,no,yes,no,no,via=alias:B1|ptr
predictor/corrector,DIVG::DIVERGENCE_PART_2,divg.f90,CCVAR,mesh_field,MESH_TYPE,wall_obst_cutcell,R,divg.f90:1532,no,yes,no,no,via=ptr
predictor/corrector,DIVG::DIVERGENCE_PART_2,divg.f90,CELL,mesh_field,MESH_TYPE,wall_obst_cutcell,R,divg.f90:1530,no,yes,no,no,via=ptr
predictor/corrector,DIVG::DIVERGENCE_PART_2,divg.f90,CELL_INDEX,mesh_field,MESH_TYPE,wall_obst_cutcell,R,divg.f90:1530,no,yes,no,no,via=ptr
predictor/corrector,DIVG::DIVERGENCE_PART_2,divg.f90,D,mesh_field,MESH_TYPE,cell_centred_solution,RW,divg.f90:1464,no,yes,no,no,via=alias:DP|ptr
predictor/corrector,DIVG::DIVERGENCE_PART_2,divg.f90,DDDT,mesh_field,MESH_TYPE,cell_centred_solution,W,divg.f90:1619,no,yes,no,no,via=ptr
predictor/corrector,DIVG::DIVERGENCE_PART_2,divg.f90,DS,mesh_field,MESH_TYPE,cell_centred_solution,RW,divg.f90:1461,no,yes,no,no,via=alias:DP|ptr
predictor/corrector,DIVG::DIVERGENCE_PART_2,divg.f90,D_PBAR_DT,mesh_field,MESH_TYPE,pressure_solver,RW,divg.f90:1514,no,yes,no,no,via=alias:D_PBAR_DT_P|ptr
predictor/corrector,DIVG::DIVERGENCE_PART_2,divg.f90,D_PBAR_DT_S,mesh_field,MESH_TYPE,pressure_solver,RW,divg.f90:1513,no,yes,no,no,via=alias:D_PBAR_DT_P|ptr
predictor/corrector,DIVG::DIVERGENCE_PART_2,divg.f90,IBAR,mesh_field,MESH_TYPE,grid_geometry,R,divg.f90:1527,no,yes,no,no,via=ptr
predictor/corrector,DIVG::DIVERGENCE_PART_2,divg.f90,JBAR,mesh_field,MESH_TYPE,grid_geometry,R,divg.f90:1526,no,yes,no,no,via=ptr
predictor/corrector,DIVG::DIVERGENCE_PART_2,divg.f90,KBAR,mesh_field,MESH_TYPE,grid_geometry,R,divg.f90:1525,no,yes,no,no,via=ptr
predictor/corrector,DIVG::DIVERGENCE_PART_2,divg.f90,N_EXTERNAL_WALL_CELLS,mesh_field,MESH_TYPE,ghost_boundary,R,divg.f90:1574,no,yes,no,no,via=ptr
predictor/corrector,DIVG::DIVERGENCE_PART_2,divg.f90,N_INTERNAL_WALL_CELLS,mesh_field,MESH_TYPE,wall_obst_cutcell,R,divg.f90:1574,no,yes,no,no,via=ptr
predictor/corrector,DIVG::DIVERGENCE_PART_2,divg.f90,PBAR,mesh_field,MESH_TYPE,pressure_solver,R,divg.f90:1465,no,yes,no,no,via=alias:PBAR_P|ptr
predictor/corrector,DIVG::DIVERGENCE_PART_2,divg.f90,PBAR_S,mesh_field,MESH_TYPE,pressure_solver,R,divg.f90:1462,no,yes,no,no,via=alias:PBAR_P|ptr
predictor/corrector,DIVG::DIVERGENCE_PART_2,divg.f90,PRESSURE_ZONE,mesh_field,MESH_TYPE,pressure_solver,R,divg.f90:1528,no,yes,no,no,via=ptr
predictor/corrector,DIVG::DIVERGENCE_PART_2,divg.f90,P_0,mesh_field,MESH_TYPE,pressure_solver,R,divg.f90:1496,no,yes,no,no,via=ptr
predictor/corrector,DIVG::DIVERGENCE_PART_2,divg.f90,R,mesh_field,MESH_TYPE,grid_geometry,R,divg.f90:1589,no,yes,no,no,via=ptr
predictor/corrector,DIVG::DIVERGENCE_PART_2,divg.f90,RDX,mesh_field,MESH_TYPE,grid_geometry,R,divg.f90:1589,no,yes,no,no,via=ptr
predictor/corrector,DIVG::DIVERGENCE_PART_2,divg.f90,RDY,mesh_field,MESH_TYPE,grid_geometry,R,divg.f90:1593,no,yes,no,no,via=ptr
predictor/corrector,DIVG::DIVERGENCE_PART_2,divg.f90,RDZ,mesh_field,MESH_TYPE,grid_geometry,R,divg.f90:1597,no,yes,no,no,via=ptr
predictor/corrector,DIVG::DIVERGENCE_PART_2,divg.f90,RRN,mesh_field,MESH_TYPE,grid_geometry,R,divg.f90:1589,no,yes,no,no,via=ptr
predictor/corrector,DIVG::DIVERGENCE_PART_2,divg.f90,R_PBAR,mesh_field,MESH_TYPE,pressure_solver,RW,divg.f90:1468,no,yes,no,no,via=ptr
predictor/corrector,DIVG::DIVERGENCE_PART_2,divg.f90,U,mesh_field,MESH_TYPE,face_centred_flux,R,divg.f90:1614,no,yes,no,no,via=ptr
predictor/corrector,DIVG::DIVERGENCE_PART_2,divg.f90,US,mesh_field,MESH_TYPE,face_centred_flux,R,divg.f90:1626,no,yes,no,no,via=ptr
predictor/corrector,DIVG::DIVERGENCE_PART_2,divg.f90,V,mesh_field,MESH_TYPE,face_centred_flux,R,divg.f90:1614,no,yes,no,no,via=ptr
predictor/corrector,DIVG::DIVERGENCE_PART_2,divg.f90,VS,mesh_field,MESH_TYPE,face_centred_flux,R,divg.f90:1626,no,yes,no,no,via=ptr
predictor/corrector,DIVG::DIVERGENCE_PART_2,divg.f90,W,mesh_field,MESH_TYPE,face_centred_flux,R,divg.f90:1615,no,yes,no,no,via=ptr
predictor/corrector,DIVG::DIVERGENCE_PART_2,divg.f90,WALL,mesh_field,MESH_TYPE,wall_obst_cutcell,R,divg.f90:1575,no,yes,no,no,via=alias:WC|ptr
predictor/corrector,DIVG::DIVERGENCE_PART_2,divg.f90,WORK1,mesh_field,MESH_TYPE,scratch_work,RW,divg.f90:1470,no,yes,no,no,via=alias:DIV|alias:RTRM|ptr
predictor/corrector,DIVG::DIVERGENCE_PART_2,divg.f90,WS,mesh_field,MESH_TYPE,face_centred_flux,R,divg.f90:1627,no,yes,no,no,via=ptr
predictor/corrector,DIVG::ENTHALPY_ADVECTION_NEW,divg.f90,RHOP,module_global,DIVG,pointer,R,divg.f90:819,no,yes,no,no,
predictor/corrector,DIVG::ENTHALPY_ADVECTION_NEW,divg.f90,UU,module_global,DIVG,pointer,R,divg.f90:829,no,yes,no,no,
predictor/corrector,DIVG::ENTHALPY_ADVECTION_NEW,divg.f90,VV,module_global,DIVG,pointer,R,divg.f90:830,no,yes,no,no,
predictor/corrector,DIVG::ENTHALPY_ADVECTION_NEW,divg.f90,WW,module_global,DIVG,pointer,R,divg.f90:831,no,yes,no,no,
predictor/corrector,DIVG::ENTHALPY_ADVECTION_NEW,divg.f90,ZZP,module_global,DIVG,pointer,R,divg.f90:817,no,yes,no,no,
predictor/corrector,DIVG::ENTHALPY_ADVECTION_NEW,divg.f90,CORRECTOR,module_global,GLOBAL_CONSTANTS,runtime_scalar,R,divg.f90:931,no,yes,no,no,
predictor/corrector,DIVG::ENTHALPY_ADVECTION_NEW,divg.f90,I_FLUX_LIMITER,module_global,GLOBAL_CONSTANTS,runtime_scalar,R,divg.f90:829,no,yes,no,no,
predictor/corrector,DIVG::ENTHALPY_ADVECTION_NEW,divg.f90,N_TRACKED_SPECIES,module_global,GLOBAL_CONSTANTS,runtime_scalar,R,divg.f90:812,no,yes,no,no,
predictor/corrector,DIVG::ENTHALPY_ADVECTION_NEW,divg.f90,PREDICTOR,module_global,GLOBAL_CONSTANTS,runtime_scalar,R,divg.f90:845,no,yes,no,no,
predictor/corrector,DIVG::ENTHALPY_ADVECTION_NEW,divg.f90,BOUNDARY_COORD,mesh_field,MESH_TYPE,wall_obst_cutcell,R,divg.f90:839,no,yes,no,no,via=alias:BC|ptr
predictor/corrector,DIVG::ENTHALPY_ADVECTION_NEW,divg.f90,BOUNDARY_PROP1,mesh_field,MESH_TYPE,wall_obst_cutcell,R,divg.f90:840,no,yes,no,no,via=alias:B1|ptr
predictor/corrector,DIVG::ENTHALPY_ADVECTION_NEW,divg.f90,CELL,mesh_field,MESH_TYPE,wall_obst_cutcell,R,divg.f90:871,no,yes,no,no,via=ptr
predictor/corrector,DIVG::ENTHALPY_ADVECTION_NEW,divg.f90,CELL_INDEX,mesh_field,MESH_TYPE,wall_obst_cutcell,R,divg.f90:871,no,yes,no,no,via=ptr
predictor/corrector,DIVG::ENTHALPY_ADVECTION_NEW,divg.f90,IBAR,mesh_field,MESH_TYPE,grid_geometry,R,divg.f90:829,no,yes,no,no,via=ptr
predictor/corrector,DIVG::ENTHALPY_ADVECTION_NEW,divg.f90,IBP1,mesh_field,MESH_TYPE,grid_geometry,R,divg.f90:816,no,yes,no,no,via=ptr
predictor/corrector,DIVG::ENTHALPY_ADVECTION_NEW,divg.f90,JBAR,mesh_field,MESH_TYPE,grid_geometry,R,divg.f90:829,no,yes,no,no,via=ptr
predictor/corrector,DIVG::ENTHALPY_ADVECTION_NEW,divg.f90,JBP1,mesh_field,MESH_TYPE,grid_geometry,R,divg.f90:815,no,yes,no,no,via=ptr
predictor/corrector,DIVG::ENTHALPY_ADVECTION_NEW,divg.f90,KBAR,mesh_field,MESH_TYPE,grid_geometry,R,divg.f90:829,no,yes,no,no,via=ptr
predictor/corrector,DIVG::ENTHALPY_ADVECTION_NEW,divg.f90,KBP1,mesh_field,MESH_TYPE,grid_geometry,R,divg.f90:814,no,yes,no,no,via=ptr
predictor/corrector,DIVG::ENTHALPY_ADVECTION_NEW,divg.f90,N_EXTERNAL_WALL_CELLS,mesh_field,MESH_TYPE,ghost_boundary,R,divg.f90:835,no,yes,no,no,via=ptr
predictor/corrector,DIVG::ENTHALPY_ADVECTION_NEW,divg.f90,N_INTERNAL_WALL_CELLS,mesh_field,MESH_TYPE,wall_obst_cutcell,R,divg.f90:835,no,yes,no,no,via=ptr
predictor/corrector,DIVG::ENTHALPY_ADVECTION_NEW,divg.f90,RDX,mesh_field,MESH_TYPE,grid_geometry,R,divg.f90:963,no,yes,no,no,via=ptr
predictor/corrector,DIVG::ENTHALPY_ADVECTION_NEW,divg.f90,RDY,mesh_field,MESH_TYPE,grid_geometry,R,divg.f90:963,no,yes,no,no,via=ptr
predictor/corrector,DIVG::ENTHALPY_ADVECTION_NEW,divg.f90,RDZ,mesh_field,MESH_TYPE,grid_geometry,R,divg.f90:963,no,yes,no,no,via=ptr
predictor/corrector,DIVG::ENTHALPY_ADVECTION_NEW,divg.f90,RHO,mesh_field,MESH_TYPE,cell_centred_solution,R,divg.f90:819,no,yes,no,no,via=alias:RHOP
predictor/corrector,DIVG::ENTHALPY_ADVECTION_NEW,divg.f90,RHOS,mesh_field,MESH_TYPE,cell_centred_solution,R,divg.f90:819,no,yes,no,no,via=alias:RHOP
predictor/corrector,DIVG::ENTHALPY_ADVECTION_NEW,divg.f90,TMP,mesh_field,MESH_TYPE,cell_centred_solution,R,divg.f90:818,no,yes,no,no,via=ptr
predictor/corrector,DIVG::ENTHALPY_ADVECTION_NEW,divg.f90,U,mesh_field,MESH_TYPE,face_centred_flux,R,divg.f90:829,no,yes,no,no,via=alias:UU
predictor/corrector,DIVG::ENTHALPY_ADVECTION_NEW,divg.f90,US,mesh_field,MESH_TYPE,face_centred_flux,R,divg.f90:829,no,yes,no,no,via=alias:UU
predictor/corrector,DIVG::ENTHALPY_ADVECTION_NEW,divg.f90,UVW_SAVE,mesh_field,MESH_TYPE,ghost_boundary,R,divg.f90:933,no,yes,no,no,via=ptr
predictor/corrector,DIVG::ENTHALPY_ADVECTION_NEW,divg.f90,V,mesh_field,MESH_TYPE,face_centred_flux,R,divg.f90:830,no,yes,no,no,via=alias:VV
predictor/corrector,DIVG::ENTHALPY_ADVECTION_NEW,divg.f90,VS,mesh_field,MESH_TYPE,face_centred_flux,R,divg.f90:830,no,yes,no,no,via=alias:VV
predictor/corrector,DIVG::ENTHALPY_ADVECTION_NEW,divg.f90,W,mesh_field,MESH_TYPE,face_centred_flux,R,divg.f90:831,no,yes,no,no,via=alias:WW
predictor/corrector,DIVG::ENTHALPY_ADVECTION_NEW,divg.f90,WALL,mesh_field,MESH_TYPE,wall_obst_cutcell,R,divg.f90:837,no,yes,no,no,via=alias:WC|ptr
predictor/corrector,DIVG::ENTHALPY_ADVECTION_NEW,divg.f90,WORK2,mesh_field,MESH_TYPE,scratch_work,RW,divg.f90:804,no,yes,no,no,via=alias:FX_H_S|ptr
predictor/corrector,DIVG::ENTHALPY_ADVECTION_NEW,divg.f90,WORK3,mesh_field,MESH_TYPE,scratch_work,RW,divg.f90:805,no,yes,no,no,via=alias:FY_H_S|ptr
predictor/corrector,DIVG::ENTHALPY_ADVECTION_NEW,divg.f90,WORK4,mesh_field,MESH_TYPE,scratch_work,RW,divg.f90:806,no,yes,no,no,via=alias:FZ_H_S|ptr
predictor/corrector,DIVG::ENTHALPY_ADVECTION_NEW,divg.f90,WORK6,mesh_field,MESH_TYPE,scratch_work,RW,divg.f90:807,no,yes,no,no,via=alias:U_DOT_DEL_RHO_H_S|ptr
predictor/corrector,DIVG::ENTHALPY_ADVECTION_NEW,divg.f90,WORK_PAD,mesh_field,MESH_TYPE,scratch_work,RW,divg.f90:803,no,yes,no,no,via=alias:RHO_H_S_P|ptr
predictor/corrector,DIVG::ENTHALPY_ADVECTION_NEW,divg.f90,WS,mesh_field,MESH_TYPE,face_centred_flux,R,divg.f90:831,no,yes,no,no,via=alias:WW
predictor/corrector,DIVG::ENTHALPY_ADVECTION_NEW,divg.f90,ZZ,mesh_field,MESH_TYPE,cell_centred_solution,R,divg.f90:817,no,yes,no,no,via=alias:ZZP
predictor/corrector,DIVG::ENTHALPY_ADVECTION_NEW,divg.f90,ZZS,mesh_field,MESH_TYPE,cell_centred_solution,R,divg.f90:817,no,yes,no,no,via=alias:ZZP
predictor/corrector,DIVG::MERGE_PRESSURE_ZONES,divg.f90,CONNECTED_ZONES,module_global,GLOBAL_CONSTANTS,runtime_array,W,divg.f90:1309,no,yes,no,no,
predictor/corrector,DIVG::MERGE_PRESSURE_ZONES,divg.f90,BOUNDARY_COORD,mesh_field,MESH_TYPE,wall_obst_cutcell,R,divg.f90:1304,no,yes,no,no,via=alias:BC|ptr
predictor/corrector,DIVG::MERGE_PRESSURE_ZONES,divg.f90,CELL,mesh_field,MESH_TYPE,wall_obst_cutcell,R,divg.f90:1305,no,yes,no,no,via=ptr
predictor/corrector,DIVG::MERGE_PRESSURE_ZONES,divg.f90,CELL_INDEX,mesh_field,MESH_TYPE,wall_obst_cutcell,R,divg.f90:1305,no,yes,no,no,via=ptr
predictor/corrector,DIVG::MERGE_PRESSURE_ZONES,divg.f90,N_EXTERNAL_WALL_CELLS,mesh_field,MESH_TYPE,ghost_boundary,R,divg.f90:1301,no,yes,no,no,via=ptr
predictor/corrector,DIVG::MERGE_PRESSURE_ZONES,divg.f90,N_INTERNAL_WALL_CELLS,mesh_field,MESH_TYPE,wall_obst_cutcell,R,divg.f90:1301,no,yes,no,no,via=ptr
predictor/corrector,DIVG::MERGE_PRESSURE_ZONES,divg.f90,PRESSURE_ZONE,mesh_field,MESH_TYPE,pressure_solver,R,divg.f90:1306,no,yes,no,no,via=ptr
predictor/corrector,DIVG::MERGE_PRESSURE_ZONES,divg.f90,WALL,mesh_field,MESH_TYPE,wall_obst_cutcell,R,divg.f90:1302,no,yes,no,no,via=alias:WC|ptr
predictor/corrector,DIVG::PREDICT_NORMAL_VELOCITY,divg.f90,PREDICTOR,module_global,GLOBAL_CONSTANTS,runtime_scalar,R,divg.f90:1341,no,yes,no,no,
predictor/corrector,DIVG::PREDICT_NORMAL_VELOCITY,divg.f90,RHOA,module_global,GLOBAL_CONSTANTS,runtime_scalar,R,divg.f90:1378,no,yes,no,no,
predictor/corrector,DIVG::PREDICT_NORMAL_VELOCITY,divg.f90,T_BEGIN,module_global,GLOBAL_CONSTANTS,runtime_scalar,R,divg.f90:1354,no,yes,no,no,
predictor/corrector,DIVG::PREDICT_NORMAL_VELOCITY,divg.f90,SURFACE,module_global,TYPES,runtime_array,R,divg.f90:1339,no,yes,no,no,
predictor/corrector,DIVG::PREDICT_NORMAL_VELOCITY,divg.f90,BOUNDARY_COORD,mesh_field,MESH_TYPE,wall_obst_cutcell,R,divg.f90:1337,no,yes,no,no,via=alias:BC|ptr
predictor/corrector,DIVG::PREDICT_NORMAL_VELOCITY,divg.f90,BOUNDARY_PROP1,mesh_field,MESH_TYPE,wall_obst_cutcell,RW,divg.f90:1338,no,yes,no,no,via=alias:B1|ptr
predictor/corrector,DIVG::PREDICT_NORMAL_VELOCITY,divg.f90,EXTERNAL_WALL,mesh_field,MESH_TYPE,ghost_boundary,RW,divg.f90:1408,no,yes,no,no,via=ptr
predictor/corrector,DIVG::PREDICT_NORMAL_VELOCITY,divg.f90,N_EXTERNAL_WALL_CELLS,mesh_field,MESH_TYPE,ghost_boundary,R,divg.f90:1408,no,yes,no,no,via=ptr
predictor/corrector,DIVG::PREDICT_NORMAL_VELOCITY,divg.f90,U,mesh_field,MESH_TYPE,face_centred_flux,R,divg.f90:1369,no,yes,no,no,via=ptr
predictor/corrector,DIVG::PREDICT_NORMAL_VELOCITY,divg.f90,V,mesh_field,MESH_TYPE,face_centred_flux,R,divg.f90:1371,no,yes,no,no,via=ptr
predictor/corrector,DIVG::PREDICT_NORMAL_VELOCITY,divg.f90,VENTS,mesh_field,MESH_TYPE,wall_obst_cutcell,R,divg.f90:1380,no,yes,no,no,via=alias:VT|ptr
predictor/corrector,DIVG::PREDICT_NORMAL_VELOCITY,divg.f90,W,mesh_field,MESH_TYPE,face_centred_flux,R,divg.f90:1373,no,yes,no,no,via=ptr
predictor/corrector,DIVG::PREDICT_NORMAL_VELOCITY,divg.f90,WALL,mesh_field,MESH_TYPE,wall_obst_cutcell,R,divg.f90:1336,no,yes,no,no,via=alias:WC|ptr
predictor/corrector,DIVG::SPECIES_ADVECTION_PART_1_NEW,divg.f90,RHOP,module_global,DIVG,pointer,R,divg.f90:1001,no,yes,no,no,
predictor/corrector,DIVG::SPECIES_ADVECTION_PART_1_NEW,divg.f90,UU,module_global,DIVG,pointer,R,divg.f90:1012,no,yes,no,no,
predictor/corrector,DIVG::SPECIES_ADVECTION_PART_1_NEW,divg.f90,VV,module_global,DIVG,pointer,R,divg.f90:1013,no,yes,no,no,
predictor/corrector,DIVG::SPECIES_ADVECTION_PART_1_NEW,divg.f90,WW,module_global,DIVG,pointer,R,divg.f90:1014,no,yes,no,no,
predictor/corrector,DIVG::SPECIES_ADVECTION_PART_1_NEW,divg.f90,ZZP,module_global,DIVG,pointer,R,divg.f90:1001,no,yes,no,no,
predictor/corrector,DIVG::SPECIES_ADVECTION_PART_1_NEW,divg.f90,FLUX_LIMITER_MW_CORRECTION,module_global,GLOBAL_CONSTANTS,runtime_scalar,R,divg.f90:1090,no,yes,no,no,
predictor/corrector,DIVG::SPECIES_ADVECTION_PART_1_NEW,divg.f90,I_FLUX_LIMITER,module_global,GLOBAL_CONSTANTS,runtime_scalar,R,divg.f90:1012,no,yes,no,no,
predictor/corrector,DIVG::SPECIES_ADVECTION_PART_1_NEW,divg.f90,N_TOTAL_SCALARS,module_global,GLOBAL_CONSTANTS,runtime_scalar,R,divg.f90:995,no,yes,no,no,
predictor/corrector,DIVG::SPECIES_ADVECTION_PART_1_NEW,divg.f90,N_TRACKED_SPECIES,module_global,GLOBAL_CONSTANTS,runtime_scalar,R,divg.f90:1100,no,yes,no,no,
predictor/corrector,DIVG::SPECIES_ADVECTION_PART_1_NEW,divg.f90,SPECIES_MIXTURE,module_global,TYPES,runtime_array,R,divg.f90:1195,no,yes,no,no,
predictor/corrector,DIVG::SPECIES_ADVECTION_PART_1_NEW,divg.f90,BOUNDARY_COORD,mesh_field,MESH_TYPE,wall_obst_cutcell,R,divg.f90:1024,no,yes,no,no,via=alias:BC|ptr
predictor/corrector,DIVG::SPECIES_ADVECTION_PART_1_NEW,divg.f90,BOUNDARY_PROP1,mesh_field,MESH_TYPE,wall_obst_cutcell,R,divg.f90:1025,no,yes,no,no,via=ptr
predictor/corrector,DIVG::SPECIES_ADVECTION_PART_1_NEW,divg.f90,CELL,mesh_field,MESH_TYPE,wall_obst_cutcell,R,divg.f90:1036,no,yes,no,no,via=ptr
predictor/corrector,DIVG::SPECIES_ADVECTION_PART_1_NEW,divg.f90,CELL_INDEX,mesh_field,MESH_TYPE,wall_obst_cutcell,R,divg.f90:1036,no,yes,no,no,via=ptr
predictor/corrector,DIVG::SPECIES_ADVECTION_PART_1_NEW,divg.f90,IBAR,mesh_field,MESH_TYPE,grid_geometry,R,divg.f90:1012,no,yes,no,no,via=ptr
predictor/corrector,DIVG::SPECIES_ADVECTION_PART_1_NEW,divg.f90,IBP1,mesh_field,MESH_TYPE,grid_geometry,R,divg.f90:1000,no,yes,no,no,via=ptr
predictor/corrector,DIVG::SPECIES_ADVECTION_PART_1_NEW,divg.f90,JBAR,mesh_field,MESH_TYPE,grid_geometry,R,divg.f90:1012,no,yes,no,no,via=ptr
predictor/corrector,DIVG::SPECIES_ADVECTION_PART_1_NEW,divg.f90,JBP1,mesh_field,MESH_TYPE,grid_geometry,R,divg.f90:999,no,yes,no,no,via=ptr
predictor/corrector,DIVG::SPECIES_ADVECTION_PART_1_NEW,divg.f90,KBAR,mesh_field,MESH_TYPE,grid_geometry,R,divg.f90:1012,no,yes,no,no,via=ptr
predictor/corrector,DIVG::SPECIES_ADVECTION_PART_1_NEW,divg.f90,KBP1,mesh_field,MESH_TYPE,grid_geometry,R,divg.f90:998,no,yes,no,no,via=ptr
predictor/corrector,DIVG::SPECIES_ADVECTION_PART_1_NEW,divg.f90,N_EXTERNAL_WALL_CELLS,mesh_field,MESH_TYPE,ghost_boundary,R,divg.f90:1021,no,yes,no,no,via=ptr
predictor/corrector,DIVG::SPECIES_ADVECTION_PART_1_NEW,divg.f90,N_INTERNAL_WALL_CELLS,mesh_field,MESH_TYPE,wall_obst_cutcell,R,divg.f90:1021,no,yes,no,no,via=ptr
predictor/corrector,DIVG::SPECIES_ADVECTION_PART_1_NEW,divg.f90,RHO,mesh_field,MESH_TYPE,cell_centred_solution,R,divg.f90:1001,no,yes,no,no,via=alias:RHOP
predictor/corrector,DIVG::SPECIES_ADVECTION_PART_1_NEW,divg.f90,RHOS,mesh_field,MESH_TYPE,cell_centred_solution,R,divg.f90:1001,no,yes,no,no,via=alias:RHOP
predictor/corrector,DIVG::SPECIES_ADVECTION_PART_1_NEW,divg.f90,SWORK1,mesh_field,MESH_TYPE,scratch_work,RW,divg.f90:988,no,yes,no,no,via=alias:FX_ZZ|ptr
predictor/corrector,DIVG::SPECIES_ADVECTION_PART_1_NEW,divg.f90,SWORK2,mesh_field,MESH_TYPE,scratch_work,RW,divg.f90:989,no,yes,no,no,via=alias:FY_ZZ|ptr
predictor/corrector,DIVG::SPECIES_ADVECTION_PART_1_NEW,divg.f90,SWORK3,mesh_field,MESH_TYPE,scratch_work,RW,divg.f90:990,no,yes,no,no,via=alias:FZ_ZZ|ptr
predictor/corrector,DIVG::SPECIES_ADVECTION_PART_1_NEW,divg.f90,U,mesh_field,MESH_TYPE,face_centred_flux,R,divg.f90:1012,no,yes,no,no,via=alias:UU
predictor/corrector,DIVG::SPECIES_ADVECTION_PART_1_NEW,divg.f90,US,mesh_field,MESH_TYPE,face_centred_flux,R,divg.f90:1012,no,yes,no,no,via=alias:UU
predictor/corrector,DIVG::SPECIES_ADVECTION_PART_1_NEW,divg.f90,V,mesh_field,MESH_TYPE,face_centred_flux,R,divg.f90:1013,no,yes,no,no,via=alias:VV
predictor/corrector,DIVG::SPECIES_ADVECTION_PART_1_NEW,divg.f90,VS,mesh_field,MESH_TYPE,face_centred_flux,R,divg.f90:1013,no,yes,no,no,via=alias:VV
predictor/corrector,DIVG::SPECIES_ADVECTION_PART_1_NEW,divg.f90,W,mesh_field,MESH_TYPE,face_centred_flux,R,divg.f90:1014,no,yes,no,no,via=alias:WW
predictor/corrector,DIVG::SPECIES_ADVECTION_PART_1_NEW,divg.f90,WALL,mesh_field,MESH_TYPE,wall_obst_cutcell,R,divg.f90:1022,no,yes,no,no,via=alias:WC|ptr
predictor/corrector,DIVG::SPECIES_ADVECTION_PART_1_NEW,divg.f90,WORK_PAD,mesh_field,MESH_TYPE,scratch_work,RW,divg.f90:991,no,yes,no,no,via=alias:RHO_RMW|alias:RHO_Z_P|ptr
predictor/corrector,DIVG::SPECIES_ADVECTION_PART_1_NEW,divg.f90,WS,mesh_field,MESH_TYPE,face_centred_flux,R,divg.f90:1014,no,yes,no,no,via=alias:WW
predictor/corrector,DIVG::SPECIES_ADVECTION_PART_1_NEW,divg.f90,ZZ,mesh_field,MESH_TYPE,cell_centred_solution,R,divg.f90:1001,no,yes,no,no,via=alias:ZZP
predictor/corrector,DIVG::SPECIES_ADVECTION_PART_1_NEW,divg.f90,ZZS,mesh_field,MESH_TYPE,cell_centred_solution,R,divg.f90:1001,no,yes,no,no,via=alias:ZZP
predictor/corrector,DIVG::SPECIES_ADVECTION_PART_2,divg.f90,RHOP,module_global,DIVG,pointer,R,divg.f90:1263,no,yes,no,no,
predictor/corrector,DIVG::SPECIES_ADVECTION_PART_2,divg.f90,UU,module_global,DIVG,pointer,R,divg.f90:1249,no,yes,no,no,
predictor/corrector,DIVG::SPECIES_ADVECTION_PART_2,divg.f90,VV,module_global,DIVG,pointer,R,divg.f90:1251,no,yes,no,no,
predictor/corrector,DIVG::SPECIES_ADVECTION_PART_2,divg.f90,WW,module_global,DIVG,pointer,R,divg.f90:1253,no,yes,no,no,
predictor/corrector,DIVG::SPECIES_ADVECTION_PART_2,divg.f90,ZZP,module_global,DIVG,pointer,R,divg.f90:1263,no,yes,no,no,
predictor/corrector,DIVG::SPECIES_ADVECTION_PART_2,divg.f90,CORRECTOR,module_global,GLOBAL_CONSTANTS,runtime_scalar,R,divg.f90:1258,no,yes,no,no,
predictor/corrector,DIVG::SPECIES_ADVECTION_PART_2,divg.f90,PREDICTOR,module_global,GLOBAL_CONSTANTS,runtime_scalar,R,divg.f90:1257,no,yes,no,no,
predictor/corrector,DIVG::SPECIES_ADVECTION_PART_2,divg.f90,BOUNDARY_COORD,mesh_field,MESH_TYPE,wall_obst_cutcell,R,divg.f90:1242,no,yes,no,no,via=alias:BC|ptr
predictor/corrector,DIVG::SPECIES_ADVECTION_PART_2,divg.f90,BOUNDARY_PROP1,mesh_field,MESH_TYPE,wall_obst_cutcell,R,divg.f90:1241,no,yes,no,no,via=alias:B1|ptr
predictor/corrector,DIVG::SPECIES_ADVECTION_PART_2,divg.f90,CELL,mesh_field,MESH_TYPE,wall_obst_cutcell,R,divg.f90:1273,no,yes,no,no,via=ptr
predictor/corrector,DIVG::SPECIES_ADVECTION_PART_2,divg.f90,CELL_INDEX,mesh_field,MESH_TYPE,wall_obst_cutcell,R,divg.f90:1272,no,yes,no,no,via=ptr
predictor/corrector,DIVG::SPECIES_ADVECTION_PART_2,divg.f90,IBAR,mesh_field,MESH_TYPE,grid_geometry,R,divg.f90:1271,no,yes,no,no,via=ptr
predictor/corrector,DIVG::SPECIES_ADVECTION_PART_2,divg.f90,JBAR,mesh_field,MESH_TYPE,grid_geometry,R,divg.f90:1270,no,yes,no,no,via=ptr
predictor/corrector,DIVG::SPECIES_ADVECTION_PART_2,divg.f90,KBAR,mesh_field,MESH_TYPE,grid_geometry,R,divg.f90:1269,no,yes,no,no,via=ptr
predictor/corrector,DIVG::SPECIES_ADVECTION_PART_2,divg.f90,N_EXTERNAL_WALL_CELLS,mesh_field,MESH_TYPE,ghost_boundary,R,divg.f90:1237,no,yes,no,no,via=ptr
predictor/corrector,DIVG::SPECIES_ADVECTION_PART_2,divg.f90,N_INTERNAL_WALL_CELLS,mesh_field,MESH_TYPE,wall_obst_cutcell,R,divg.f90:1237,no,yes,no,no,via=ptr
predictor/corrector,DIVG::SPECIES_ADVECTION_PART_2,divg.f90,RDX,mesh_field,MESH_TYPE,grid_geometry,R,divg.f90:1286,no,yes,no,no,via=ptr
predictor/corrector,DIVG::SPECIES_ADVECTION_PART_2,divg.f90,RDY,mesh_field,MESH_TYPE,grid_geometry,R,divg.f90:1286,no,yes,no,no,via=ptr
predictor/corrector,DIVG::SPECIES_ADVECTION_PART_2,divg.f90,RDZ,mesh_field,MESH_TYPE,grid_geometry,R,divg.f90:1286,no,yes,no,no,via=ptr
predictor/corrector,DIVG::SPECIES_ADVECTION_PART_2,divg.f90,RHO,mesh_field,MESH_TYPE,cell_centred_solution,R,divg.f90:1263,no,yes,no,no,via=alias:RHOP
predictor/corrector,DIVG::SPECIES_ADVECTION_PART_2,divg.f90,RHOS,mesh_field,MESH_TYPE,cell_centred_solution,R,divg.f90:1263,no,yes,no,no,via=alias:RHOP
predictor/corrector,DIVG::SPECIES_ADVECTION_PART_2,divg.f90,SWORK1,mesh_field,MESH_TYPE,scratch_work,R,divg.f90:1232,no,yes,no,no,via=alias:FX_ZZ|ptr
predictor/corrector,DIVG::SPECIES_ADVECTION_PART_2,divg.f90,SWORK2,mesh_field,MESH_TYPE,scratch_work,R,divg.f90:1233,no,yes,no,no,via=alias:FY_ZZ|ptr
predictor/corrector,DIVG::SPECIES_ADVECTION_PART_2,divg.f90,SWORK3,mesh_field,MESH_TYPE,scratch_work,R,divg.f90:1234,no,yes,no,no,via=alias:FZ_ZZ|ptr
predictor/corrector,DIVG::SPECIES_ADVECTION_PART_2,divg.f90,U,mesh_field,MESH_TYPE,face_centred_flux,R,divg.f90:1249,no,yes,no,no,via=alias:UU
predictor/corrector,DIVG::SPECIES_ADVECTION_PART_2,divg.f90,US,mesh_field,MESH_TYPE,face_centred_flux,R,divg.f90:1249,no,yes,no,no,via=alias:UU
predictor/corrector,DIVG::SPECIES_ADVECTION_PART_2,divg.f90,UVW_SAVE,mesh_field,MESH_TYPE,ghost_boundary,R,divg.f90:1260,no,yes,no,no,via=ptr
predictor/corrector,DIVG::SPECIES_ADVECTION_PART_2,divg.f90,V,mesh_field,MESH_TYPE,face_centred_flux,R,divg.f90:1251,no,yes,no,no,via=alias:VV
predictor/corrector,DIVG::SPECIES_ADVECTION_PART_2,divg.f90,VS,mesh_field,MESH_TYPE,face_centred_flux,R,divg.f90:1251,no,yes,no,no,via=alias:VV
predictor/corrector,DIVG::SPECIES_ADVECTION_PART_2,divg.f90,W,mesh_field,MESH_TYPE,face_centred_flux,R,divg.f90:1253,no,yes,no,no,via=alias:WW
predictor/corrector,DIVG::SPECIES_ADVECTION_PART_2,divg.f90,WALL,mesh_field,MESH_TYPE,wall_obst_cutcell,R,divg.f90:1239,no,yes,no,no,via=alias:WC|ptr
predictor/corrector,DIVG::SPECIES_ADVECTION_PART_2,divg.f90,WORK7,mesh_field,MESH_TYPE,scratch_work,RW,divg.f90:1235,no,yes,no,no,via=alias:U_DOT_DEL_RHO_Z|ptr
predictor/corrector,DIVG::SPECIES_ADVECTION_PART_2,divg.f90,WS,mesh_field,MESH_TYPE,face_centred_flux,R,divg.f90:1253,no,yes,no,no,via=alias:WW
predictor/corrector,DIVG::SPECIES_ADVECTION_PART_2,divg.f90,ZZ,mesh_field,MESH_TYPE,cell_centred_solution,R,divg.f90:1263,no,yes,no,no,via=alias:ZZP
predictor/corrector,DIVG::SPECIES_ADVECTION_PART_2,divg.f90,ZZS,mesh_field,MESH_TYPE,cell_centred_solution,R,divg.f90:1263,no,yes,no,no,via=alias:ZZP
predictor/corrector,PHYSICAL_FUNCTIONS::COMPUTE_WIND_COMPONENTS,func.f90,KBP1,mesh_field,MESH_TYPE,grid_geometry,R,func.f90:2845,no,no,no,no,via=M
predictor/corrector,PHYSICAL_FUNCTIONS::COMPUTE_WIND_COMPONENTS,func.f90,U_WIND,mesh_field,MESH_TYPE,other,W,func.f90:2846,no,no,no,no,via=M
predictor/corrector,PHYSICAL_FUNCTIONS::COMPUTE_WIND_COMPONENTS,func.f90,V_WIND,mesh_field,MESH_TYPE,other,W,func.f90:2846,no,no,no,no,via=M
predictor/corrector,PHYSICAL_FUNCTIONS::COMPUTE_WIND_COMPONENTS,func.f90,W_WIND,mesh_field,MESH_TYPE,other,W,func.f90:2846,no,no,no,no,via=M
predictor/corrector,PHYSICAL_FUNCTIONS::COMPUTE_WIND_COMPONENTS,func.f90,ZC,mesh_field,MESH_TYPE,grid_geometry,R,func.f90:2846,no,no,no,no,via=M
predictor/corrector,PHYSICAL_FUNCTIONS::GET_CONDUCTIVITY,func.f90,I_MAX_TEMP,module_global,GLOBAL_CONSTANTS,runtime_scalar,R,func.f90:1865,no,no,no,no,
predictor/corrector,PHYSICAL_FUNCTIONS::GET_CONDUCTIVITY,func.f90,N_TRACKED_SPECIES,module_global,GLOBAL_CONSTANTS,runtime_scalar,R,func.f90:1866,no,no,no,no,
predictor/corrector,PHYSICAL_FUNCTIONS::GET_CONDUCTIVITY,func.f90,RSQ_MW_Z,module_global,GLOBAL_CONSTANTS,runtime_array,R,func.f90:1866,no,no,no,no,
predictor/corrector,PHYSICAL_FUNCTIONS::GET_SENSIBLE_ENTHALPY_Z,func.f90,H_SENS_Z,module_global,GLOBAL_CONSTANTS,runtime_array,R,func.f90:1831,no,no,no,no,
predictor/corrector,PHYSICAL_FUNCTIONS::GET_SENSIBLE_ENTHALPY_Z,func.f90,I_MAX_TEMP,module_global,GLOBAL_CONSTANTS,runtime_scalar,R,func.f90:1830,no,no,no,no,
predictor/corrector,TRAN::G,func.f90,TRANS,module_global,TRAN,runtime_array,R,func.f90:6654,no,no,no,no,
predictor/corrector,TRAN::GINV,func.f90,TRANS,module_global,TRAN,runtime_array,R,func.f90:6730,no,no,no,no,
predictor/corrector,TRAN::GP,func.f90,TRANS,module_global,TRAN,runtime_array,R,func.f90:6691,no,no,no,no,
predictor/corrector,FDS::INITIALIZE_DIVERGENCE_INTEGRALS,main.f90,CONNECTED_ZONES,module_global,GLOBAL_CONSTANTS,runtime_array,W,main.f90:2016,no,yes,no,no,
predictor/corrector,FDS::INITIALIZE_DIVERGENCE_INTEGRALS,main.f90,DSUM,module_global,GLOBAL_CONSTANTS,runtime_array,W,main.f90:2013,no,yes,no,no,
predictor/corrector,FDS::INITIALIZE_DIVERGENCE_INTEGRALS,main.f90,N_ZONE,module_global,GLOBAL_CONSTANTS,runtime_scalar,R,main.f90:2017,no,yes,no,no,
predictor/corrector,FDS::INITIALIZE_DIVERGENCE_INTEGRALS,main.f90,OBST_CREATED_OR_REMOVED,module_global,GLOBAL_CONSTANTS,runtime_scalar,R,main.f90:2015,no,yes,no,no,
predictor/corrector,FDS::INITIALIZE_DIVERGENCE_INTEGRALS,main.f90,PSUM,module_global,GLOBAL_CONSTANTS,runtime_array,W,main.f90:2012,no,yes,no,no,
predictor/corrector,FDS::INITIALIZE_DIVERGENCE_INTEGRALS,main.f90,USUM,module_global,GLOBAL_CONSTANTS,runtime_array,W,main.f90:2011,no,yes,no,no,
predictor/corrector,MASS::DENSITY,mass.f90,CC_IBM,module_global,GLOBAL_CONSTANTS,runtime_scalar,R,mass.f90:460,no,yes,no,no,
predictor/corrector,MASS::DENSITY,mass.f90,FIRST_PASS,module_global,GLOBAL_CONSTANTS,runtime_scalar,R,mass.f90:408,no,yes,no,no,
predictor/corrector,MASS::DENSITY,mass.f90,GRAVITATIONAL_SETTLING,module_global,GLOBAL_CONSTANTS,runtime_scalar,R,mass.f90:411,no,yes,no,no,
predictor/corrector,MASS::DENSITY,mass.f90,ICYC,module_global,GLOBAL_CONSTANTS,runtime_scalar,R,mass.f90:390,no,yes,no,no,
predictor/corrector,MASS::DENSITY,mass.f90,N_TOTAL_SCALARS,module_global,GLOBAL_CONSTANTS,runtime_scalar,R,mass.f90:442,no,yes,no,no,
predictor/corrector,MASS::DENSITY,mass.f90,N_TRACKED_SPECIES,module_global,GLOBAL_CONSTANTS,runtime_scalar,R,mass.f90:477,no,yes,no,no,
predictor/corrector,MASS::DENSITY,mass.f90,N_ZONE,module_global,GLOBAL_CONSTANTS,runtime_scalar,R,mass.f90:547,no,yes,no,no,
predictor/corrector,MASS::DENSITY,mass.f90,PERIODIC_TEST,module_global,GLOBAL_CONSTANTS,runtime_scalar,R,mass.f90:388,no,yes,no,no,
predictor/corrector,MASS::DENSITY,mass.f90,PREDICTOR,module_global,GLOBAL_CONSTANTS,runtime_scalar,R,mass.f90:404,no,yes,no,no,
predictor/corrector,MASS::DENSITY,mass.f90,SOLID_PHASE_ONLY,module_global,GLOBAL_CONSTANTS,runtime_scalar,R,mass.f90:383,no,yes,no,no,
predictor/corrector,MASS::DENSITY,mass.f90,STORE_SPECIES_FLUX,module_global,GLOBAL_CONSTANTS,runtime_scalar,R,mass.f90:461,no,yes,no,no,
predictor/corrector,MASS::DENSITY,mass.f90,THERMOPHORETIC_SETTLING,module_global,GLOBAL_CONSTANTS,runtime_scalar,R,mass.f90:411,no,yes,no,no,
predictor/corrector,MASS::DENSITY,mass.f90,T_USED,module_global,GLOBAL_CONSTANTS,runtime_array,RW,mass.f90:768,no,yes,no,no,
predictor/corrector,MASS::DENSITY,mass.f90,SPECIES_MIXTURE,module_global,TYPES,runtime_array,R,mass.f90:411,no,yes,no,no,
predictor/corrector,MASS::DENSITY,mass.f90,ADV_FX,mesh_field,MESH_TYPE,face_centred_flux,RW,mass.f90:466,no,yes,no,no,via=ptr
predictor/corrector,MASS::DENSITY,mass.f90,ADV_FY,mesh_field,MESH_TYPE,face_centred_flux,RW,mass.f90:467,no,yes,no,no,via=ptr
predictor/corrector,MASS::DENSITY,mass.f90,ADV_FZ,mesh_field,MESH_TYPE,face_centred_flux,RW,mass.f90:468,no,yes,no,no,via=ptr
predictor/corrector,MASS::DENSITY,mass.f90,BOUNDARY_COORD,mesh_field,MESH_TYPE,wall_obst_cutcell,R,mass.f90:427,no,yes,no,no,via=alias:BC|ptr
predictor/corrector,MASS::DENSITY,mass.f90,CELL,mesh_field,MESH_TYPE,wall_obst_cutcell,R,mass.f90:446,no,yes,no,no,via=ptr
predictor/corrector,MASS::DENSITY,mass.f90,CELL_INDEX,mesh_field,MESH_TYPE,wall_obst_cutcell,R,mass.f90:446,no,yes,no,no,via=ptr
predictor/corrector,MASS::DENSITY,mass.f90,DEL_RHO_D_DEL_Z,mesh_field,MESH_TYPE,cell_centred_solution,R,mass.f90:412,no,yes,no,no,via=ptr
predictor/corrector,MASS::DENSITY,mass.f90,D_PBAR_DT,mesh_field,MESH_TYPE,pressure_solver,R,mass.f90:548,no,yes,no,no,via=ptr
predictor/corrector,MASS::DENSITY,mass.f90,D_PBAR_DT_S,mesh_field,MESH_TYPE,pressure_solver,R,mass.f90:730,no,yes,no,no,via=ptr
predictor/corrector,MASS::DENSITY,mass.f90,D_SOURCE,mesh_field,MESH_TYPE,cell_centred_solution,W,mass.f90:644,no,yes,no,no,via=ptr
predictor/corrector,MASS::DENSITY,mass.f90,EXTERNAL_WALL,mesh_field,MESH_TYPE,ghost_boundary,R,mass.f90:597,no,yes,no,no,via=alias:EWC|ptr
predictor/corrector,MASS::DENSITY,mass.f90,FX,mesh_field,MESH_TYPE,face_centred_flux,R,mass.f90:448,no,yes,no,no,via=ptr
predictor/corrector,MASS::DENSITY,mass.f90,FY,mesh_field,MESH_TYPE,face_centred_flux,R,mass.f90:449,no,yes,no,no,via=ptr
predictor/corrector,MASS::DENSITY,mass.f90,FZ,mesh_field,MESH_TYPE,face_centred_flux,R,mass.f90:450,no,yes,no,no,via=ptr
predictor/corrector,MASS::DENSITY,mass.f90,IBAR,mesh_field,MESH_TYPE,grid_geometry,R,mass.f90:445,no,yes,no,no,via=ptr
predictor/corrector,MASS::DENSITY,mass.f90,IBP1,mesh_field,MESH_TYPE,grid_geometry,R,mass.f90:477,no,yes,no,no,via=ptr
predictor/corrector,MASS::DENSITY,mass.f90,JBAR,mesh_field,MESH_TYPE,grid_geometry,R,mass.f90:444,no,yes,no,no,via=ptr
predictor/corrector,MASS::DENSITY,mass.f90,JBP1,mesh_field,MESH_TYPE,grid_geometry,R,mass.f90:477,no,yes,no,no,via=ptr
predictor/corrector,MASS::DENSITY,mass.f90,KBAR,mesh_field,MESH_TYPE,grid_geometry,R,mass.f90:443,no,yes,no,no,via=ptr
predictor/corrector,MASS::DENSITY,mass.f90,KBP1,mesh_field,MESH_TYPE,grid_geometry,R,mass.f90:477,no,yes,no,no,via=ptr
predictor/corrector,MASS::DENSITY,mass.f90,M_DOT_PPP,mesh_field,MESH_TYPE,cell_centred_solution,RW,mass.f90:479,no,yes,no,no,via=ptr
predictor/corrector,MASS::DENSITY,mass.f90,N_EXTERNAL_WALL_CELLS,mesh_field,MESH_TYPE,ghost_boundary,R,mass.f90:424,no,yes,no,no,via=ptr
predictor/corrector,MASS::DENSITY,mass.f90,PBAR,mesh_field,MESH_TYPE,pressure_solver,RW,mass.f90:548,no,yes,no,no,via=ptr
predictor/corrector,MASS::DENSITY,mass.f90,PBAR_S,mesh_field,MESH_TYPE,pressure_solver,RW,mass.f90:548,no,yes,no,no,via=ptr
predictor/corrector,MASS::DENSITY,mass.f90,PRESSURE_ZONE,mesh_field,MESH_TYPE,pressure_solver,R,mass.f90:574,no,yes,no,no,via=ptr
predictor/corrector,MASS::DENSITY,mass.f90,R,mesh_field,MESH_TYPE,grid_geometry,R,mass.f90:448,no,yes,no,no,via=ptr
predictor/corrector,MASS::DENSITY,mass.f90,RDX,mesh_field,MESH_TYPE,grid_geometry,R,mass.f90:448,no,yes,no,no,via=ptr
predictor/corrector,MASS::DENSITY,mass.f90,RDY,mesh_field,MESH_TYPE,grid_geometry,R,mass.f90:449,no,yes,no,no,via=ptr
predictor/corrector,MASS::DENSITY,mass.f90,RDZ,mesh_field,MESH_TYPE,grid_geometry,R,mass.f90:450,no,yes,no,no,via=ptr
predictor/corrector,MASS::DENSITY,mass.f90,RHO,mesh_field,MESH_TYPE,cell_centred_solution,RW,mass.f90:451,no,yes,no,no,via=ptr
predictor/corrector,MASS::DENSITY,mass.f90,RHOS,mesh_field,MESH_TYPE,cell_centred_solution,RW,mass.f90:509,no,yes,no,no,via=ptr
predictor/corrector,MASS::DENSITY,mass.f90,RRN,mesh_field,MESH_TYPE,grid_geometry,R,mass.f90:448,no,yes,no,no,via=ptr
predictor/corrector,MASS::DENSITY,mass.f90,RSUM,mesh_field,MESH_TYPE,cell_centred_solution,RW,mass.f90:561,no,yes,no,no,via=ptr
predictor/corrector,MASS::DENSITY,mass.f90,SWORK4,mesh_field,MESH_TYPE,scratch_work,RW,mass.f90:402,no,yes,no,no,via=alias:DEL_RHO_D_DEL_Z__0|ptr
predictor/corrector,MASS::DENSITY,mass.f90,TMP,mesh_field,MESH_TYPE,cell_centred_solution,W,mass.f90:574,no,yes,no,no,via=ptr
predictor/corrector,MASS::DENSITY,mass.f90,U,mesh_field,MESH_TYPE,face_centred_flux,R,mass.f90:417,no,yes,no,no,via=ptr
predictor/corrector,MASS::DENSITY,mass.f90,US,mesh_field,MESH_TYPE,face_centred_flux,R,mass.f90:588,no,yes,no,no,via=ptr
predictor/corrector,MASS::DENSITY,mass.f90,UVW_SAVE,mesh_field,MESH_TYPE,ghost_boundary,R,mass.f90:429,no,yes,no,no,via=ptr
predictor/corrector,MASS::DENSITY,mass.f90,V,mesh_field,MESH_TYPE,face_centred_flux,R,mass.f90:418,no,yes,no,no,via=ptr
predictor/corrector,MASS::DENSITY,mass.f90,VS,mesh_field,MESH_TYPE,face_centred_flux,R,mass.f90:589,no,yes,no,no,via=ptr
predictor/corrector,MASS::DENSITY,mass.f90,W,mesh_field,MESH_TYPE,face_centred_flux,R,mass.f90:419,no,yes,no,no,via=ptr
predictor/corrector,MASS::DENSITY,mass.f90,WALL,mesh_field,MESH_TYPE,wall_obst_cutcell,R,mass.f90:425,no,yes,no,no,via=alias:WC|ptr
predictor/corrector,MASS::DENSITY,mass.f90,WORK_U,mesh_field,MESH_TYPE,scratch_work,RW,mass.f90:399,no,yes,no,no,via=alias:UU|ptr
predictor/corrector,MASS::DENSITY,mass.f90,WORK_V,mesh_field,MESH_TYPE,scratch_work,RW,mass.f90:400,no,yes,no,no,via=alias:VV|ptr
predictor/corrector,MASS::DENSITY,mass.f90,WORK_W,mesh_field,MESH_TYPE,scratch_work,RW,mass.f90:401,no,yes,no,no,via=alias:WW|ptr
predictor/corrector,MASS::DENSITY,mass.f90,WS,mesh_field,MESH_TYPE,face_centred_flux,R,mass.f90:590,no,yes,no,no,via=ptr
predictor/corrector,MASS::DENSITY,mass.f90,XC,mesh_field,MESH_TYPE,grid_geometry,R,mass.f90:488,no,yes,no,no,via=ptr
predictor/corrector,MASS::DENSITY,mass.f90,ZC,mesh_field,MESH_TYPE,grid_geometry,R,mass.f90:489,no,yes,no,no,via=ptr
predictor/corrector,MASS::DENSITY,mass.f90,ZZ,mesh_field,MESH_TYPE,cell_centred_solution,RW,mass.f90:451,no,yes,no,no,via=ptr
predictor/corrector,MASS::DENSITY,mass.f90,ZZS,mesh_field,MESH_TYPE,cell_centred_solution,RW,mass.f90:451,no,yes,no,no,via=ptr
predictor/corrector,MASS::DENSITY::CHECK_MASS_DENSITY,mass.f90,N_TRACKED_SPECIES,module_global,GLOBAL_CONSTANTS,runtime_scalar,R,mass.f90:858,no,yes,no,no,
predictor/corrector,MASS::DENSITY::CHECK_MASS_DENSITY,mass.f90,PREDICTOR,module_global,GLOBAL_CONSTANTS,runtime_scalar,R,mass.f90:789,no,yes,no,no,
predictor/corrector,MASS::DENSITY::CHECK_MASS_DENSITY,mass.f90,RHOMAX,module_global,GLOBAL_CONSTANTS,runtime_scalar,R,mass.f90:809,no,yes,no,no,
predictor/corrector,MASS::DENSITY::CHECK_MASS_DENSITY,mass.f90,RHOMIN,module_global,GLOBAL_CONSTANTS,runtime_scalar,R,mass.f90:809,no,yes,no,no,
predictor/corrector,MASS::DENSITY::CHECK_MASS_DENSITY,mass.f90,CELL,mesh_field,MESH_TYPE,wall_obst_cutcell,R,mass.f90:811,no,yes,no,no,via=ptr
predictor/corrector,MASS::DENSITY::CHECK_MASS_DENSITY,mass.f90,CELL_INDEX,mesh_field,MESH_TYPE,wall_obst_cutcell,R,mass.f90:810,no,yes,no,no,via=ptr
predictor/corrector,MASS::DENSITY::CHECK_MASS_DENSITY,mass.f90,CLIP_RHOMAX,mesh_field,MESH_TYPE,other,RW,mass.f90:787,no,yes,no,no,via=ptr
predictor/corrector,MASS::DENSITY::CHECK_MASS_DENSITY,mass.f90,CLIP_RHOMIN,mesh_field,MESH_TYPE,other,RW,mass.f90:786,no,yes,no,no,via=ptr
predictor/corrector,MASS::DENSITY::CHECK_MASS_DENSITY,mass.f90,DX,mesh_field,MESH_TYPE,grid_geometry,R,mass.f90:822,no,yes,no,no,via=ptr
predictor/corrector,MASS::DENSITY::CHECK_MASS_DENSITY,mass.f90,DY,mesh_field,MESH_TYPE,grid_geometry,R,mass.f90:801,no,yes,no,no,via=ptr
predictor/corrector,MASS::DENSITY::CHECK_MASS_DENSITY,mass.f90,DZ,mesh_field,MESH_TYPE,grid_geometry,R,mass.f90:801,no,yes,no,no,via=ptr
predictor/corrector,MASS::DENSITY::CHECK_MASS_DENSITY,mass.f90,IBAR,mesh_field,MESH_TYPE,grid_geometry,R,mass.f90:808,no,yes,no,no,via=ptr
predictor/corrector,MASS::DENSITY::CHECK_MASS_DENSITY,mass.f90,JBAR,mesh_field,MESH_TYPE,grid_geometry,R,mass.f90:800,no,yes,no,no,via=ptr
predictor/corrector,MASS::DENSITY::CHECK_MASS_DENSITY,mass.f90,KBAR,mesh_field,MESH_TYPE,grid_geometry,R,mass.f90:799,no,yes,no,no,via=ptr
predictor/corrector,MASS::DENSITY::CHECK_MASS_DENSITY,mass.f90,RHO,mesh_field,MESH_TYPE,cell_centred_solution,RW,mass.f90:794,no,yes,no,no,via=alias:RHOP|ptr
predictor/corrector,MASS::DENSITY::CHECK_MASS_DENSITY,mass.f90,RHOS,mesh_field,MESH_TYPE,cell_centred_solution,RW,mass.f90:791,no,yes,no,no,via=alias:RHOP|ptr
predictor/corrector,MASS::DENSITY::CHECK_MASS_DENSITY,mass.f90,WORK4,mesh_field,MESH_TYPE,scratch_work,RW,mass.f90:784,no,yes,no,no,via=alias:DELTA_RHO|ptr
predictor/corrector,MASS::DENSITY::CHECK_MASS_DENSITY,mass.f90,WORK5,mesh_field,MESH_TYPE,scratch_work,RW,mass.f90:870,no,yes,no,no,via=alias:DELTA_RHO_ZZ|ptr
predictor/corrector,MASS::DENSITY::CHECK_MASS_DENSITY,mass.f90,ZZ,mesh_field,MESH_TYPE,cell_centred_solution,RW,mass.f90:793,no,yes,no,no,via=alias:RHO_ZZ|ptr
predictor/corrector,MASS::DENSITY::CHECK_MASS_DENSITY,mass.f90,ZZS,mesh_field,MESH_TYPE,cell_centred_solution,RW,mass.f90:790,no,yes,no,no,via=alias:RHO_ZZ|ptr
predictor/corrector,MASS::DENSITY::CLIP_PASSIVE_SCALARS,mass.f90,N_PASSIVE_SCALARS,module_global,GLOBAL_CONSTANTS,runtime_scalar,R,mass.f90:972,no,yes,no,no,
predictor/corrector,MASS::DENSITY::CLIP_PASSIVE_SCALARS,mass.f90,PREDICTOR,module_global,GLOBAL_CONSTANTS,runtime_scalar,R,mass.f90:974,no,yes,no,no,
predictor/corrector,MASS::DENSITY::CLIP_PASSIVE_SCALARS,mass.f90,ZETA_INDEX,module_global,GLOBAL_CONSTANTS,runtime_scalar,R,mass.f90:984,no,yes,no,no,
predictor/corrector,MASS::DENSITY::CLIP_PASSIVE_SCALARS,mass.f90,CELL,mesh_field,MESH_TYPE,wall_obst_cutcell,R,mass.f90:983,no,yes,no,no,via=ptr
predictor/corrector,MASS::DENSITY::CLIP_PASSIVE_SCALARS,mass.f90,CELL_INDEX,mesh_field,MESH_TYPE,wall_obst_cutcell,R,mass.f90:983,no,yes,no,no,via=ptr
predictor/corrector,MASS::DENSITY::CLIP_PASSIVE_SCALARS,mass.f90,IBAR,mesh_field,MESH_TYPE,grid_geometry,R,mass.f90:982,no,yes,no,no,via=ptr
predictor/corrector,MASS::DENSITY::CLIP_PASSIVE_SCALARS,mass.f90,JBAR,mesh_field,MESH_TYPE,grid_geometry,R,mass.f90:981,no,yes,no,no,via=ptr
predictor/corrector,MASS::DENSITY::CLIP_PASSIVE_SCALARS,mass.f90,KBAR,mesh_field,MESH_TYPE,grid_geometry,R,mass.f90:980,no,yes,no,no,via=ptr
predictor/corrector,MASS::DENSITY::CLIP_PASSIVE_SCALARS,mass.f90,ZZ,mesh_field,MESH_TYPE,cell_centred_solution,RW,mass.f90:977,no,yes,no,no,via=alias:ZZP|ptr
predictor/corrector,MASS::DENSITY::CLIP_PASSIVE_SCALARS,mass.f90,ZZS,mesh_field,MESH_TYPE,cell_centred_solution,RW,mass.f90:975,no,yes,no,no,via=alias:ZZP|ptr
predictor/corrector,MASS::MASS_FINITE_DIFFERENCES,mass.f90,FLUX_LIMITER_MW_CORRECTION,module_global,GLOBAL_CONSTANTS,runtime_scalar,R,mass.f90:194,no,yes,no,no,
predictor/corrector,MASS::MASS_FINITE_DIFFERENCES,mass.f90,I_FLUX_LIMITER,module_global,GLOBAL_CONSTANTS,runtime_scalar,R,mass.f90:84,no,yes,no,no,
predictor/corrector,MASS::MASS_FINITE_DIFFERENCES,mass.f90,N_TOTAL_SCALARS,module_global,GLOBAL_CONSTANTS,runtime_scalar,R,mass.f90:65,no,yes,no,no,
predictor/corrector,MASS::MASS_FINITE_DIFFERENCES,mass.f90,N_TRACKED_SPECIES,module_global,GLOBAL_CONSTANTS,runtime_scalar,R,mass.f90:204,no,yes,no,no,
predictor/corrector,MASS::MASS_FINITE_DIFFERENCES,mass.f90,PREDICTOR,module_global,GLOBAL_CONSTANTS,runtime_scalar,R,mass.f90:44,no,yes,no,no,
predictor/corrector,MASS::MASS_FINITE_DIFFERENCES,mass.f90,SOLID_PHASE_ONLY,module_global,GLOBAL_CONSTANTS,runtime_scalar,R,mass.f90:39,no,yes,no,no,
predictor/corrector,MASS::MASS_FINITE_DIFFERENCES,mass.f90,T_USED,module_global,GLOBAL_CONSTANTS,runtime_array,RW,mass.f90:355,no,yes,no,no,
predictor/corrector,MASS::MASS_FINITE_DIFFERENCES,mass.f90,SPECIES_MIXTURE,module_global,TYPES,runtime_array,R,mass.f90:332,no,yes,no,no,
predictor/corrector,MASS::MASS_FINITE_DIFFERENCES,mass.f90,BOUNDARY_COORD,mesh_field,MESH_TYPE,wall_obst_cutcell,R,mass.f90:96,no,yes,no,no,via=alias:BC|ptr
predictor/corrector,MASS::MASS_FINITE_DIFFERENCES,mass.f90,BOUNDARY_PROP1,mesh_field,MESH_TYPE,wall_obst_cutcell,R,mass.f90:97,no,yes,no,no,via=alias:B1|ptr
predictor/corrector,MASS::MASS_FINITE_DIFFERENCES,mass.f90,CELL,mesh_field,MESH_TYPE,wall_obst_cutcell,R,mass.f90:108,no,yes,no,no,via=ptr
predictor/corrector,MASS::MASS_FINITE_DIFFERENCES,mass.f90,CELL_INDEX,mesh_field,MESH_TYPE,wall_obst_cutcell,R,mass.f90:106,no,yes,no,no,via=ptr
predictor/corrector,MASS::MASS_FINITE_DIFFERENCES,mass.f90,DT_RESTRICT_COUNT,mesh_field,MESH_TYPE,other,W,mass.f90:61,no,yes,no,no,via=ptr
predictor/corrector,MASS::MASS_FINITE_DIFFERENCES,mass.f90,FX,mesh_field,MESH_TYPE,face_centred_flux,RW,mass.f90:81,no,yes,no,no,via=ptr
predictor/corrector,MASS::MASS_FINITE_DIFFERENCES,mass.f90,FY,mesh_field,MESH_TYPE,face_centred_flux,RW,mass.f90:82,no,yes,no,no,via=ptr
predictor/corrector,MASS::MASS_FINITE_DIFFERENCES,mass.f90,FZ,mesh_field,MESH_TYPE,face_centred_flux,RW,mass.f90:83,no,yes,no,no,via=ptr
predictor/corrector,MASS::MASS_FINITE_DIFFERENCES,mass.f90,IBAR,mesh_field,MESH_TYPE,grid_geometry,R,mass.f90:84,no,yes,no,no,via=ptr
predictor/corrector,MASS::MASS_FINITE_DIFFERENCES,mass.f90,IBP1,mesh_field,MESH_TYPE,grid_geometry,R,mass.f90:72,no,yes,no,no,via=ptr
predictor/corrector,MASS::MASS_FINITE_DIFFERENCES,mass.f90,JBAR,mesh_field,MESH_TYPE,grid_geometry,R,mass.f90:84,no,yes,no,no,via=ptr
predictor/corrector,MASS::MASS_FINITE_DIFFERENCES,mass.f90,JBP1,mesh_field,MESH_TYPE,grid_geometry,R,mass.f90:71,no,yes,no,no,via=ptr
predictor/corrector,MASS::MASS_FINITE_DIFFERENCES,mass.f90,KBAR,mesh_field,MESH_TYPE,grid_geometry,R,mass.f90:84,no,yes,no,no,via=ptr
predictor/corrector,MASS::MASS_FINITE_DIFFERENCES,mass.f90,KBP1,mesh_field,MESH_TYPE,grid_geometry,R,mass.f90:70,no,yes,no,no,via=ptr
predictor/corrector,MASS::MASS_FINITE_DIFFERENCES,mass.f90,N_EXTERNAL_WALL_CELLS,mesh_field,MESH_TYPE,ghost_boundary,R,mass.f90:93,no,yes,no,no,via=ptr
predictor/corrector,MASS::MASS_FINITE_DIFFERENCES,mass.f90,N_INTERNAL_WALL_CELLS,mesh_field,MESH_TYPE,wall_obst_cutcell,R,mass.f90:93,no,yes,no,no,via=ptr
predictor/corrector,MASS::MASS_FINITE_DIFFERENCES,mass.f90,RHO,mesh_field,MESH_TYPE,cell_centred_solution,R,mass.f90:48,no,yes,no,no,via=alias:RHOP|ptr
predictor/corrector,MASS::MASS_FINITE_DIFFERENCES,mass.f90,RHOS,mesh_field,MESH_TYPE,cell_centred_solution,R,mass.f90:54,no,yes,no,no,via=alias:RHOP|ptr
predictor/corrector,MASS::MASS_FINITE_DIFFERENCES,mass.f90,U,mesh_field,MESH_TYPE,face_centred_flux,R,mass.f90:45,no,yes,no,no,via=alias:UU|ptr
predictor/corrector,MASS::MASS_FINITE_DIFFERENCES,mass.f90,US,mesh_field,MESH_TYPE,face_centred_flux,R,mass.f90:51,no,yes,no,no,via=alias:UU|ptr
predictor/corrector,MASS::MASS_FINITE_DIFFERENCES,mass.f90,V,mesh_field,MESH_TYPE,face_centred_flux,R,mass.f90:46,no,yes,no,no,via=alias:VV|ptr
predictor/corrector,MASS::MASS_FINITE_DIFFERENCES,mass.f90,VS,mesh_field,MESH_TYPE,face_centred_flux,R,mass.f90:52,no,yes,no,no,via=alias:VV|ptr
predictor/corrector,MASS::MASS_FINITE_DIFFERENCES,mass.f90,W,mesh_field,MESH_TYPE,face_centred_flux,R,mass.f90:47,no,yes,no,no,via=alias:WW|ptr
predictor/corrector,MASS::MASS_FINITE_DIFFERENCES,mass.f90,WALL,mesh_field,MESH_TYPE,wall_obst_cutcell,R,mass.f90:94,no,yes,no,no,via=alias:WC|ptr
predictor/corrector,MASS::MASS_FINITE_DIFFERENCES,mass.f90,WORK_PAD,mesh_field,MESH_TYPE,scratch_work,RW,mass.f90:67,no,yes,no,no,via=alias:RHO_RMW|alias:RHO_Z_P|ptr
predictor/corrector,MASS::MASS_FINITE_DIFFERENCES,mass.f90,WS,mesh_field,MESH_TYPE,face_centred_flux,R,mass.f90:53,no,yes,no,no,via=alias:WW|ptr
predictor/corrector,MASS::MASS_FINITE_DIFFERENCES,mass.f90,ZZ,mesh_field,MESH_TYPE,cell_centred_solution,R,mass.f90:49,no,yes,no,no,via=alias:ZZP|ptr
predictor/corrector,MASS::MASS_FINITE_DIFFERENCES,mass.f90,ZZS,mesh_field,MESH_TYPE,cell_centred_solution,R,mass.f90:55,no,yes,no,no,via=alias:ZZP|ptr
predictor/corrector,SOOT_ROUTINES::SETTLING_VELOCITY,soot.f90,GRAVITATIONAL_SETTLING,module_global,GLOBAL_CONSTANTS,runtime_scalar,R,soot.f90:59,no,yes,no,no,
predictor/corrector,SOOT_ROUTINES::SETTLING_VELOCITY,soot.f90,GVEC,module_global,GLOBAL_CONSTANTS,runtime_array,R,soot.f90:84,no,yes,no,no,
predictor/corrector,SOOT_ROUTINES::SETTLING_VELOCITY,soot.f90,N_TRACKED_SPECIES,module_global,GLOBAL_CONSTANTS,runtime_scalar,R,soot.f90:54,no,yes,no,no,
predictor/corrector,SOOT_ROUTINES::SETTLING_VELOCITY,soot.f90,PREDICTOR,module_global,GLOBAL_CONSTANTS,runtime_scalar,R,soot.f90:42,no,yes,no,no,
predictor/corrector,SOOT_ROUTINES::SETTLING_VELOCITY,soot.f90,THERMOPHORETIC_SETTLING,module_global,GLOBAL_CONSTANTS,runtime_scalar,R,soot.f90:72,no,yes,no,no,
predictor/corrector,SOOT_ROUTINES::SETTLING_VELOCITY,soot.f90,BC,module_global,SOOT_ROUTINES,pointer,RW,soot.f90:138,no,yes,no,no,
predictor/corrector,SOOT_ROUTINES::SETTLING_VELOCITY,soot.f90,WC,module_global,SOOT_ROUTINES,pointer,RW,soot.f90:137,no,yes,no,no,
predictor/corrector,SOOT_ROUTINES::SETTLING_VELOCITY,soot.f90,SPECIES_MIXTURE,module_global,TYPES,runtime_array,R,soot.f90:55,no,yes,no,no,
predictor/corrector,SOOT_ROUTINES::SETTLING_VELOCITY,soot.f90,BOUNDARY_COORD,mesh_field,MESH_TYPE,wall_obst_cutcell,R,soot.f90:138,no,yes,no,no,via=alias:BC|ptr
predictor/corrector,SOOT_ROUTINES::SETTLING_VELOCITY,soot.f90,CELL,mesh_field,MESH_TYPE,wall_obst_cutcell,R,soot.f90:63,no,yes,no,no,via=ptr
predictor/corrector,SOOT_ROUTINES::SETTLING_VELOCITY,soot.f90,CELL_INDEX,mesh_field,MESH_TYPE,wall_obst_cutcell,R,soot.f90:63,no,yes,no,no,via=ptr
predictor/corrector,SOOT_ROUTINES::SETTLING_VELOCITY,soot.f90,DEL_RHO_D_DEL_Z,mesh_field,MESH_TYPE,cell_centred_solution,RW,soot.f90:171,no,yes,no,no,via=ptr
predictor/corrector,SOOT_ROUTINES::SETTLING_VELOCITY,soot.f90,FX,mesh_field,MESH_TYPE,face_centred_flux,R,soot.f90:167,no,yes,no,no,via=ptr
predictor/corrector,SOOT_ROUTINES::SETTLING_VELOCITY,soot.f90,FY,mesh_field,MESH_TYPE,face_centred_flux,R,soot.f90:168,no,yes,no,no,via=ptr
predictor/corrector,SOOT_ROUTINES::SETTLING_VELOCITY,soot.f90,FZ,mesh_field,MESH_TYPE,face_centred_flux,R,soot.f90:169,no,yes,no,no,via=ptr
predictor/corrector,SOOT_ROUTINES::SETTLING_VELOCITY,soot.f90,IBAR,mesh_field,MESH_TYPE,grid_geometry,R,soot.f90:62,no,yes,no,no,via=ptr
predictor/corrector,SOOT_ROUTINES::SETTLING_VELOCITY,soot.f90,JBAR,mesh_field,MESH_TYPE,grid_geometry,R,soot.f90:61,no,yes,no,no,via=ptr
predictor/corrector,SOOT_ROUTINES::SETTLING_VELOCITY,soot.f90,KBAR,mesh_field,MESH_TYPE,grid_geometry,R,soot.f90:60,no,yes,no,no,via=ptr
predictor/corrector,SOOT_ROUTINES::SETTLING_VELOCITY,soot.f90,N_EXTERNAL_WALL_CELLS,mesh_field,MESH_TYPE,ghost_boundary,R,soot.f90:136,no,yes,no,no,via=ptr
predictor/corrector,SOOT_ROUTINES::SETTLING_VELOCITY,soot.f90,N_INTERNAL_WALL_CELLS,mesh_field,MESH_TYPE,wall_obst_cutcell,R,soot.f90:136,no,yes,no,no,via=ptr
predictor/corrector,SOOT_ROUTINES::SETTLING_VELOCITY,soot.f90,PBAR,mesh_field,MESH_TYPE,pressure_solver,R,soot.f90:67,no,yes,no,no,via=ptr
predictor/corrector,SOOT_ROUTINES::SETTLING_VELOCITY,soot.f90,PRESSURE_ZONE,mesh_field,MESH_TYPE,pressure_solver,R,soot.f90:67,no,yes,no,no,via=ptr
predictor/corrector,SOOT_ROUTINES::SETTLING_VELOCITY,soot.f90,R,mesh_field,MESH_TYPE,grid_geometry,R,soot.f90:167,no,yes,no,no,via=ptr
predictor/corrector,SOOT_ROUTINES::SETTLING_VELOCITY,soot.f90,RDX,mesh_field,MESH_TYPE,grid_geometry,R,soot.f90:167,no,yes,no,no,via=ptr
predictor/corrector,SOOT_ROUTINES::SETTLING_VELOCITY,soot.f90,RDXN,mesh_field,MESH_TYPE,grid_geometry,R,soot.f90:68,no,yes,no,no,via=ptr
predictor/corrector,SOOT_ROUTINES::SETTLING_VELOCITY,soot.f90,RDY,mesh_field,MESH_TYPE,grid_geometry,R,soot.f90:168,no,yes,no,no,via=ptr
predictor/corrector,SOOT_ROUTINES::SETTLING_VELOCITY,soot.f90,RDYN,mesh_field,MESH_TYPE,grid_geometry,R,soot.f90:91,no,yes,no,no,via=ptr
predictor/corrector,SOOT_ROUTINES::SETTLING_VELOCITY,soot.f90,RDZ,mesh_field,MESH_TYPE,grid_geometry,R,soot.f90:169,no,yes,no,no,via=ptr
predictor/corrector,SOOT_ROUTINES::SETTLING_VELOCITY,soot.f90,RDZN,mesh_field,MESH_TYPE,grid_geometry,R,soot.f90:113,no,yes,no,no,via=ptr
predictor/corrector,SOOT_ROUTINES::SETTLING_VELOCITY,soot.f90,RHO,mesh_field,MESH_TYPE,cell_centred_solution,R,soot.f90:43,no,yes,no,no,via=alias:RHOP|ptr
predictor/corrector,SOOT_ROUTINES::SETTLING_VELOCITY,soot.f90,RHOS,mesh_field,MESH_TYPE,cell_centred_solution,R,soot.f90:46,no,yes,no,no,via=alias:RHOP|ptr
predictor/corrector,SOOT_ROUTINES::SETTLING_VELOCITY,soot.f90,RRN,mesh_field,MESH_TYPE,grid_geometry,R,soot.f90:167,no,yes,no,no,via=ptr
predictor/corrector,SOOT_ROUTINES::SETTLING_VELOCITY,soot.f90,TMP,mesh_field,MESH_TYPE,cell_centred_solution,R,soot.f90:64,no,yes,no,no,via=ptr
predictor/corrector,SOOT_ROUTINES::SETTLING_VELOCITY,soot.f90,WALL,mesh_field,MESH_TYPE,wall_obst_cutcell,R,soot.f90:137,no,yes,no,no,via=alias:WC|ptr
predictor/corrector,SOOT_ROUTINES::SETTLING_VELOCITY,soot.f90,WORK7,mesh_field,MESH_TYPE,scratch_work,RW,soot.f90:50,no,yes,no,no,via=alias:U_SETTLE|ptr
predictor/corrector,SOOT_ROUTINES::SETTLING_VELOCITY,soot.f90,WORK8,mesh_field,MESH_TYPE,scratch_work,RW,soot.f90:51,no,yes,no,no,via=alias:V_SETTLE|ptr
predictor/corrector,SOOT_ROUTINES::SETTLING_VELOCITY,soot.f90,WORK9,mesh_field,MESH_TYPE,scratch_work,RW,soot.f90:52,no,yes,no,no,via=alias:W_SETTLE|ptr
predictor/corrector,SOOT_ROUTINES::SETTLING_VELOCITY,soot.f90,ZZ,mesh_field,MESH_TYPE,cell_centred_solution,R,soot.f90:44,no,yes,no,no,via=alias:ZZP|ptr
predictor/corrector,SOOT_ROUTINES::SETTLING_VELOCITY,soot.f90,ZZS,mesh_field,MESH_TYPE,cell_centred_solution,R,soot.f90:47,no,yes,no,no,via=alias:ZZP|ptr
predictor/corrector,TURBULENCE::CALC_VARDEN_LEONARD_TERM,turb.f90,PREDICTOR,module_global,GLOBAL_CONSTANTS,runtime_scalar,R,turb.f90:732,no,yes,no,no,
predictor/corrector,TURBULENCE::CALC_VARDEN_LEONARD_TERM,turb.f90,IBAR,mesh_field,MESH_TYPE,grid_geometry,R,turb.f90:821,no,yes,no,no,via=ptr
predictor/corrector,TURBULENCE::CALC_VARDEN_LEONARD_TERM,turb.f90,IBP1,mesh_field,MESH_TYPE,grid_geometry,R,turb.f90:752,no,yes,no,no,via=ptr
predictor/corrector,TURBULENCE::CALC_VARDEN_LEONARD_TERM,turb.f90,JBAR,mesh_field,MESH_TYPE,grid_geometry,R,turb.f90:820,no,yes,no,no,via=ptr
predictor/corrector,TURBULENCE::CALC_VARDEN_LEONARD_TERM,turb.f90,JBP1,mesh_field,MESH_TYPE,grid_geometry,R,turb.f90:752,no,yes,no,no,via=ptr
predictor/corrector,TURBULENCE::CALC_VARDEN_LEONARD_TERM,turb.f90,KBAR,mesh_field,MESH_TYPE,grid_geometry,R,turb.f90:819,no,yes,no,no,via=ptr
predictor/corrector,TURBULENCE::CALC_VARDEN_LEONARD_TERM,turb.f90,KBP1,mesh_field,MESH_TYPE,grid_geometry,R,turb.f90:752,no,yes,no,no,via=ptr
predictor/corrector,TURBULENCE::CALC_VARDEN_LEONARD_TERM,turb.f90,RHO,mesh_field,MESH_TYPE,cell_centred_solution,R,turb.f90:733,no,yes,no,no,via=alias:RHOP|ptr
predictor/corrector,TURBULENCE::CALC_VARDEN_LEONARD_TERM,turb.f90,RHOS,mesh_field,MESH_TYPE,cell_centred_solution,R,turb.f90:735,no,yes,no,no,via=alias:RHOP|ptr
predictor/corrector,TURBULENCE::CALC_VARDEN_LEONARD_TERM,turb.f90,TURB_WORK1,mesh_field,MESH_TYPE,scratch_work,RW,turb.f90:741,no,yes,no,no,via=alias:RU|alias:RU_HAT|alias:UP|ptr
predictor/corrector,TURBULENCE::CALC_VARDEN_LEONARD_TERM,turb.f90,TURB_WORK2,mesh_field,MESH_TYPE,scratch_work,RW,turb.f90:742,no,yes,no,no,via=alias:RV|alias:RV_HAT|alias:VP|ptr
predictor/corrector,TURBULENCE::CALC_VARDEN_LEONARD_TERM,turb.f90,TURB_WORK3,mesh_field,MESH_TYPE,scratch_work,RW,turb.f90:743,no,yes,no,no,via=alias:RW|alias:RW_HAT|alias:WP|ptr
predictor/corrector,TURBULENCE::CALC_VARDEN_LEONARD_TERM,turb.f90,TURB_WORK4,mesh_field,MESH_TYPE,scratch_work,RW,turb.f90:745,no,yes,no,no,via=alias:L11|alias:RUU|alias:RUU_HAT|ptr
predictor/corrector,TURBULENCE::CALC_VARDEN_LEONARD_TERM,turb.f90,TURB_WORK5,mesh_field,MESH_TYPE,scratch_work,RW,turb.f90:746,no,yes,no,no,via=alias:L22|alias:RVV|alias:RVV_HAT|ptr
predictor/corrector,TURBULENCE::CALC_VARDEN_LEONARD_TERM,turb.f90,TURB_WORK6,mesh_field,MESH_TYPE,scratch_work,RW,turb.f90:747,no,yes,no,no,via=alias:L33|alias:RWW|alias:RWW_HAT|ptr
predictor/corrector,TURBULENCE::CALC_VARDEN_LEONARD_TERM,turb.f90,TURB_WORK7,mesh_field,MESH_TYPE,scratch_work,RW,turb.f90:748,no,yes,no,no,via=alias:L12|alias:RUV|alias:RUV_HAT|ptr
predictor/corrector,TURBULENCE::CALC_VARDEN_LEONARD_TERM,turb.f90,TURB_WORK8,mesh_field,MESH_TYPE,scratch_work,RW,turb.f90:749,no,yes,no,no,via=alias:L13|alias:RUW|alias:RUW_HAT|ptr
predictor/corrector,TURBULENCE::CALC_VARDEN_LEONARD_TERM,turb.f90,TURB_WORK9,mesh_field,MESH_TYPE,scratch_work,RW,turb.f90:750,no,yes,no,no,via=alias:L23|alias:RVW|alias:RVW_HAT|ptr
predictor/corrector,TURBULENCE::CALC_VARDEN_LEONARD_TERM,turb.f90,WORK7,mesh_field,MESH_TYPE,scratch_work,R,turb.f90:737,no,yes,no,no,via=alias:RHOPHAT|ptr
predictor/corrector,TURBULENCE::CALC_VARDEN_LEONARD_TERM,turb.f90,WORK9,mesh_field,MESH_TYPE,scratch_work,RW,turb.f90:777,no,yes,no,no,via=ptr
predictor/corrector,TURBULENCE::COMPRESSION_WAVE,turb.f90,PREDICTOR,module_global,GLOBAL_CONSTANTS,runtime_scalar,R,turb.f90:220,no,no,no,no,
predictor/corrector,TURBULENCE::COMPRESSION_WAVE,turb.f90,D,mesh_field,MESH_TYPE,cell_centred_solution,RW,turb.f90:214,no,no,no,no,via=ptr
predictor/corrector,TURBULENCE::COMPRESSION_WAVE,turb.f90,DS,mesh_field,MESH_TYPE,cell_centred_solution,W,turb.f90:215,no,no,no,no,via=ptr
predictor/corrector,TURBULENCE::COMPRESSION_WAVE,turb.f90,IBAR,mesh_field,MESH_TYPE,grid_geometry,R,turb.f90:189,no,no,no,no,via=ptr
predictor/corrector,TURBULENCE::COMPRESSION_WAVE,turb.f90,JBAR,mesh_field,MESH_TYPE,grid_geometry,R,turb.f90:188,no,no,no,no,via=ptr
predictor/corrector,TURBULENCE::COMPRESSION_WAVE,turb.f90,KBAR,mesh_field,MESH_TYPE,grid_geometry,R,turb.f90:187,no,no,no,no,via=ptr
predictor/corrector,TURBULENCE::COMPRESSION_WAVE,turb.f90,RDX,mesh_field,MESH_TYPE,grid_geometry,R,turb.f90:214,no,no,no,no,via=ptr
predictor/corrector,TURBULENCE::COMPRESSION_WAVE,turb.f90,RDZ,mesh_field,MESH_TYPE,grid_geometry,R,turb.f90:214,no,no,no,no,via=ptr
predictor/corrector,TURBULENCE::COMPRESSION_WAVE,turb.f90,U,mesh_field,MESH_TYPE,face_centred_flux,RW,turb.f90:190,no,no,no,no,via=ptr
predictor/corrector,TURBULENCE::COMPRESSION_WAVE,turb.f90,US,mesh_field,MESH_TYPE,face_centred_flux,RW,turb.f90:191,no,no,no,no,via=ptr
predictor/corrector,TURBULENCE::COMPRESSION_WAVE,turb.f90,V,mesh_field,MESH_TYPE,face_centred_flux,W,turb.f90:198,no,no,no,no,via=ptr
predictor/corrector,TURBULENCE::COMPRESSION_WAVE,turb.f90,VS,mesh_field,MESH_TYPE,face_centred_flux,W,turb.f90:199,no,no,no,no,via=ptr
predictor/corrector,TURBULENCE::COMPRESSION_WAVE,turb.f90,W,mesh_field,MESH_TYPE,face_centred_flux,RW,turb.f90:206,no,no,no,no,via=ptr
predictor/corrector,TURBULENCE::COMPRESSION_WAVE,turb.f90,WS,mesh_field,MESH_TYPE,face_centred_flux,RW,turb.f90:207,no,no,no,no,via=ptr
predictor/corrector,TURBULENCE::COMPRESSION_WAVE,turb.f90,X,mesh_field,MESH_TYPE,grid_geometry,R,turb.f90:190,no,no,no,no,via=ptr
predictor/corrector,TURBULENCE::COMPRESSION_WAVE,turb.f90,Z,mesh_field,MESH_TYPE,grid_geometry,R,turb.f90:206,no,no,no,no,via=ptr
predictor/corrector,TURBULENCE::EX2G3D,turb.f90,IBAR,mesh_field,MESH_TYPE,grid_geometry,R,turb.f90:847,no,no,no,no,via=ptr
predictor/corrector,TURBULENCE::EX2G3D,turb.f90,IBM1,mesh_field,MESH_TYPE,grid_geometry,R,turb.f90:847,no,no,no,no,via=ptr
predictor/corrector,TURBULENCE::EX2G3D,turb.f90,IBP1,mesh_field,MESH_TYPE,grid_geometry,R,turb.f90:847,no,no,no,no,via=ptr
predictor/corrector,TURBULENCE::EX2G3D,turb.f90,JBAR,mesh_field,MESH_TYPE,grid_geometry,R,turb.f90:848,no,no,no,no,via=ptr
predictor/corrector,TURBULENCE::EX2G3D,turb.f90,JBM1,mesh_field,MESH_TYPE,grid_geometry,R,turb.f90:848,no,no,no,no,via=ptr
predictor/corrector,TURBULENCE::EX2G3D,turb.f90,JBP1,mesh_field,MESH_TYPE,grid_geometry,R,turb.f90:848,no,no,no,no,via=ptr
predictor/corrector,TURBULENCE::EX2G3D,turb.f90,KBAR,mesh_field,MESH_TYPE,grid_geometry,R,turb.f90:849,no,no,no,no,via=ptr
predictor/corrector,TURBULENCE::EX2G3D,turb.f90,KBM1,mesh_field,MESH_TYPE,grid_geometry,R,turb.f90:849,no,no,no,no,via=ptr
predictor/corrector,TURBULENCE::EX2G3D,turb.f90,KBP1,mesh_field,MESH_TYPE,grid_geometry,R,turb.f90:849,no,no,no,no,via=ptr
predictor/corrector,TURBULENCE::FILL_EDGES,turb.f90,IBAR,mesh_field,MESH_TYPE,grid_geometry,R,turb.f90:882,no,no,no,no,via=ptr
predictor/corrector,TURBULENCE::FILL_EDGES,turb.f90,IBP1,mesh_field,MESH_TYPE,grid_geometry,R,turb.f90:913,no,no,no,no,via=ptr
predictor/corrector,TURBULENCE::FILL_EDGES,turb.f90,JBAR,mesh_field,MESH_TYPE,grid_geometry,R,turb.f90:904,no,no,no,no,via=ptr
predictor/corrector,TURBULENCE::FILL_EDGES,turb.f90,JBP1,mesh_field,MESH_TYPE,grid_geometry,R,turb.f90:891,no,no,no,no,via=ptr
predictor/corrector,TURBULENCE::FILL_EDGES,turb.f90,KBAR,mesh_field,MESH_TYPE,grid_geometry,R,turb.f90:926,no,no,no,no,via=ptr
predictor/corrector,TURBULENCE::FILL_EDGES,turb.f90,KBP1,mesh_field,MESH_TYPE,grid_geometry,R,turb.f90:886,no,no,no,no,via=ptr
predictor/corrector,TURBULENCE::TENSOR_DIFFUSIVITY_MODEL,turb.f90,PREDICTOR,module_global,GLOBAL_CONSTANTS,runtime_scalar,R,turb.f90:1309,no,no,no,no,
predictor/corrector,TURBULENCE::TENSOR_DIFFUSIVITY_MODEL,turb.f90,DX,mesh_field,MESH_TYPE,grid_geometry,R,turb.f90:1328,no,no,no,no,via=ptr
predictor/corrector,TURBULENCE::TENSOR_DIFFUSIVITY_MODEL,turb.f90,DXN,mesh_field,MESH_TYPE,grid_geometry,R,turb.f90:1336,no,no,no,no,via=ptr
predictor/corrector,TURBULENCE::TENSOR_DIFFUSIVITY_MODEL,turb.f90,DY,mesh_field,MESH_TYPE,grid_geometry,R,turb.f90:1337,no,no,no,no,via=ptr
predictor/corrector,TURBULENCE::TENSOR_DIFFUSIVITY_MODEL,turb.f90,DYN,mesh_field,MESH_TYPE,grid_geometry,R,turb.f90:1329,no,no,no,no,via=ptr
predictor/corrector,TURBULENCE::TENSOR_DIFFUSIVITY_MODEL,turb.f90,DZ,mesh_field,MESH_TYPE,grid_geometry,R,turb.f90:1338,no,no,no,no,via=ptr
predictor/corrector,TURBULENCE::TENSOR_DIFFUSIVITY_MODEL,turb.f90,DZN,mesh_field,MESH_TYPE,grid_geometry,R,turb.f90:1330,no,no,no,no,via=ptr
predictor/corrector,TURBULENCE::TENSOR_DIFFUSIVITY_MODEL,turb.f90,D_Z_MAX,mesh_field,MESH_TYPE,cell_centred_solution,RW,turb.f90:1342,no,no,no,no,via=ptr
predictor/corrector,TURBULENCE::TENSOR_DIFFUSIVITY_MODEL,turb.f90,IBAR,mesh_field,MESH_TYPE,grid_geometry,R,turb.f90:1325,no,no,no,no,via=ptr
predictor/corrector,TURBULENCE::TENSOR_DIFFUSIVITY_MODEL,turb.f90,JBAR,mesh_field,MESH_TYPE,grid_geometry,R,turb.f90:1324,no,no,no,no,via=ptr
predictor/corrector,TURBULENCE::TENSOR_DIFFUSIVITY_MODEL,turb.f90,KBAR,mesh_field,MESH_TYPE,grid_geometry,R,turb.f90:1323,no,no,no,no,via=ptr
predictor/corrector,TURBULENCE::TENSOR_DIFFUSIVITY_MODEL,turb.f90,RDX,mesh_field,MESH_TYPE,grid_geometry,R,turb.f90:1356,no,no,no,no,via=ptr
predictor/corrector,TURBULENCE::TENSOR_DIFFUSIVITY_MODEL,turb.f90,RDXN,mesh_field,MESH_TYPE,grid_geometry,R,turb.f90:1332,no,no,no,no,via=ptr
predictor/corrector,TURBULENCE::TENSOR_DIFFUSIVITY_MODEL,turb.f90,RDY,mesh_field,MESH_TYPE,grid_geometry,R,turb.f90:1333,no,no,no,no,via=ptr
predictor/corrector,TURBULENCE::TENSOR_DIFFUSIVITY_MODEL,turb.f90,RDYN,mesh_field,MESH_TYPE,grid_geometry,R,turb.f90:1357,no,no,no,no,via=ptr
predictor/corrector,TURBULENCE::TENSOR_DIFFUSIVITY_MODEL,turb.f90,RDZ,mesh_field,MESH_TYPE,grid_geometry,R,turb.f90:1334,no,no,no,no,via=ptr
predictor/corrector,TURBULENCE::TENSOR_DIFFUSIVITY_MODEL,turb.f90,RDZN,mesh_field,MESH_TYPE,grid_geometry,R,turb.f90:1382,no,no,no,no,via=ptr
predictor/corrector,TURBULENCE::TENSOR_DIFFUSIVITY_MODEL,turb.f90,RHO,mesh_field,MESH_TYPE,cell_centred_solution,R,turb.f90:1319,no,no,no,no,via=alias:RHOP|ptr
predictor/corrector,TURBULENCE::TENSOR_DIFFUSIVITY_MODEL,turb.f90,RHOS,mesh_field,MESH_TYPE,cell_centred_solution,R,turb.f90:1313,no,no,no,no,via=alias:RHOP|ptr
predictor/corrector,TURBULENCE::TENSOR_DIFFUSIVITY_MODEL,turb.f90,SWORK1,mesh_field,MESH_TYPE,scratch_work,RW,turb.f90:1305,no,no,no,no,via=alias:RHO_D_DZDX|ptr
predictor/corrector,TURBULENCE::TENSOR_DIFFUSIVITY_MODEL,turb.f90,SWORK2,mesh_field,MESH_TYPE,scratch_work,RW,turb.f90:1306,no,no,no,no,via=alias:RHO_D_DZDY|ptr
predictor/corrector,TURBULENCE::TENSOR_DIFFUSIVITY_MODEL,turb.f90,SWORK3,mesh_field,MESH_TYPE,scratch_work,RW,turb.f90:1307,no,no,no,no,via=alias:RHO_D_DZDZ|ptr
predictor/corrector,TURBULENCE::TENSOR_DIFFUSIVITY_MODEL,turb.f90,TMP,mesh_field,MESH_TYPE,cell_centred_solution,R,turb.f90:1421,no,no,no,no,via=ptr
predictor/corrector,TURBULENCE::TENSOR_DIFFUSIVITY_MODEL,turb.f90,U,mesh_field,MESH_TYPE,face_centred_flux,R,turb.f90:1310,no,no,no,no,via=alias:UU|ptr
predictor/corrector,TURBULENCE::TENSOR_DIFFUSIVITY_MODEL,turb.f90,US,mesh_field,MESH_TYPE,face_centred_flux,R,turb.f90:1316,no,no,no,no,via=alias:UU|ptr
predictor/corrector,TURBULENCE::TENSOR_DIFFUSIVITY_MODEL,turb.f90,V,mesh_field,MESH_TYPE,face_centred_flux,R,turb.f90:1311,no,no,no,no,via=alias:VV|ptr
predictor/corrector,TURBULENCE::TENSOR_DIFFUSIVITY_MODEL,turb.f90,VS,mesh_field,MESH_TYPE,face_centred_flux,R,turb.f90:1317,no,no,no,no,via=alias:VV|ptr
predictor/corrector,TURBULENCE::TENSOR_DIFFUSIVITY_MODEL,turb.f90,W,mesh_field,MESH_TYPE,face_centred_flux,R,turb.f90:1312,no,no,no,no,via=alias:WW|ptr
predictor/corrector,TURBULENCE::TENSOR_DIFFUSIVITY_MODEL,turb.f90,WORK1,mesh_field,MESH_TYPE,scratch_work,RW,turb.f90:1400,no,no,no,no,via=alias:KDTDX|ptr
predictor/corrector,TURBULENCE::TENSOR_DIFFUSIVITY_MODEL,turb.f90,WORK2,mesh_field,MESH_TYPE,scratch_work,RW,turb.f90:1401,no,no,no,no,via=alias:KDTDY|ptr
predictor/corrector,TURBULENCE::TENSOR_DIFFUSIVITY_MODEL,turb.f90,WORK3,mesh_field,MESH_TYPE,scratch_work,RW,turb.f90:1402,no,no,no,no,via=alias:KDTDZ|ptr
predictor/corrector,TURBULENCE::TENSOR_DIFFUSIVITY_MODEL,turb.f90,WS,mesh_field,MESH_TYPE,face_centred_flux,R,turb.f90:1318,no,no,no,no,via=alias:WW|ptr
predictor/corrector,TURBULENCE::TENSOR_DIFFUSIVITY_MODEL,turb.f90,ZZ,mesh_field,MESH_TYPE,cell_centred_solution,R,turb.f90:1320,no,no,no,no,via=alias:ZZP|ptr
predictor/corrector,TURBULENCE::TENSOR_DIFFUSIVITY_MODEL,turb.f90,ZZS,mesh_field,MESH_TYPE,cell_centred_solution,R,turb.f90:1314,no,no,no,no,via=alias:ZZP|ptr
predictor/corrector,TURBULENCE::TEST_FILTER,turb.f90,TEST_FILTER_QUADRATURE,module_global,GLOBAL_CONSTANTS,runtime_scalar,R,turb.f90:973,no,no,no,no,
predictor/corrector,TURBULENCE::TEST_FILTER,turb.f90,IBP1,mesh_field,MESH_TYPE,grid_geometry,R,turb.f90:981,no,no,no,no,via=ptr
predictor/corrector,TURBULENCE::TEST_FILTER,turb.f90,JBP1,mesh_field,MESH_TYPE,grid_geometry,R,turb.f90:980,no,no,no,no,via=ptr
predictor/corrector,TURBULENCE::TEST_FILTER,turb.f90,KBP1,mesh_field,MESH_TYPE,grid_geometry,R,turb.f90:979,no,no,no,no,via=ptr
predictor/corrector,TURBULENCE::VARDEN_DYNSMAG,turb.f90,PREDICTOR,module_global,GLOBAL_CONSTANTS,runtime_scalar,R,turb.f90:477,no,yes,no,no,
predictor/corrector,TURBULENCE::VARDEN_DYNSMAG,turb.f90,CSD2,mesh_field,MESH_TYPE,cell_centred_solution,W,turb.f90:703,no,yes,no,no,via=ptr
predictor/corrector,TURBULENCE::VARDEN_DYNSMAG,turb.f90,IBAR,mesh_field,MESH_TYPE,grid_geometry,R,turb.f90:503,no,yes,no,no,via=ptr
predictor/corrector,TURBULENCE::VARDEN_DYNSMAG,turb.f90,IBP1,mesh_field,MESH_TYPE,grid_geometry,R,turb.f90:621,no,yes,no,no,via=ptr
predictor/corrector,TURBULENCE::VARDEN_DYNSMAG,turb.f90,JBAR,mesh_field,MESH_TYPE,grid_geometry,R,turb.f90:502,no,yes,no,no,via=ptr
predictor/corrector,TURBULENCE::VARDEN_DYNSMAG,turb.f90,JBP1,mesh_field,MESH_TYPE,grid_geometry,R,turb.f90:621,no,yes,no,no,via=ptr
predictor/corrector,TURBULENCE::VARDEN_DYNSMAG,turb.f90,KBAR,mesh_field,MESH_TYPE,grid_geometry,R,turb.f90:501,no,yes,no,no,via=ptr
predictor/corrector,TURBULENCE::VARDEN_DYNSMAG,turb.f90,KBP1,mesh_field,MESH_TYPE,grid_geometry,R,turb.f90:621,no,yes,no,no,via=ptr
predictor/corrector,TURBULENCE::VARDEN_DYNSMAG,turb.f90,RDX,mesh_field,MESH_TYPE,grid_geometry,R,turb.f90:509,no,yes,no,no,via=ptr
predictor/corrector,TURBULENCE::VARDEN_DYNSMAG,turb.f90,RDY,mesh_field,MESH_TYPE,grid_geometry,R,turb.f90:510,no,yes,no,no,via=ptr
predictor/corrector,TURBULENCE::VARDEN_DYNSMAG,turb.f90,RDZ,mesh_field,MESH_TYPE,grid_geometry,R,turb.f90:511,no,yes,no,no,via=ptr
predictor/corrector,TURBULENCE::VARDEN_DYNSMAG,turb.f90,RHO,mesh_field,MESH_TYPE,cell_centred_solution,R,turb.f90:481,no,yes,no,no,via=alias:RHOP|ptr
predictor/corrector,TURBULENCE::VARDEN_DYNSMAG,turb.f90,RHOS,mesh_field,MESH_TYPE,cell_centred_solution,R,turb.f90:486,no,yes,no,no,via=alias:RHOP|ptr
predictor/corrector,TURBULENCE::VARDEN_DYNSMAG,turb.f90,STRAIN_RATE,mesh_field,MESH_TYPE,cell_centred_solution,R,turb.f90:530,no,yes,no,no,via=ptr
predictor/corrector,TURBULENCE::VARDEN_DYNSMAG,turb.f90,TURB_WORK1,mesh_field,MESH_TYPE,scratch_work,RW,turb.f90:489,no,yes,no,no,via=alias:MM|alias:MMHAT|alias:UP|ptr
predictor/corrector,TURBULENCE::VARDEN_DYNSMAG,turb.f90,TURB_WORK10,mesh_field,MESH_TYPE,scratch_work,RW,turb.f90:558,no,yes,no,no,via=alias:SSHAT|ptr
predictor/corrector,TURBULENCE::VARDEN_DYNSMAG,turb.f90,TURB_WORK2,mesh_field,MESH_TYPE,scratch_work,RW,turb.f90:490,no,yes,no,no,via=alias:ML|alias:MLHAT|alias:VP|ptr
predictor/corrector,TURBULENCE::VARDEN_DYNSMAG,turb.f90,TURB_WORK3,mesh_field,MESH_TYPE,scratch_work,RW,turb.f90:491,no,yes,no,no,via=alias:WP|ptr
predictor/corrector,TURBULENCE::VARDEN_DYNSMAG,turb.f90,TURB_WORK4,mesh_field,MESH_TYPE,scratch_work,RW,turb.f90:552,no,yes,no,no,via=alias:L11|alias:SHAT11|ptr
predictor/corrector,TURBULENCE::VARDEN_DYNSMAG,turb.f90,TURB_WORK5,mesh_field,MESH_TYPE,scratch_work,RW,turb.f90:553,no,yes,no,no,via=alias:L22|alias:SHAT22|ptr
predictor/corrector,TURBULENCE::VARDEN_DYNSMAG,turb.f90,TURB_WORK6,mesh_field,MESH_TYPE,scratch_work,RW,turb.f90:554,no,yes,no,no,via=alias:L33|alias:SHAT33|ptr
predictor/corrector,TURBULENCE::VARDEN_DYNSMAG,turb.f90,TURB_WORK7,mesh_field,MESH_TYPE,scratch_work,RW,turb.f90:555,no,yes,no,no,via=alias:L12|alias:SHAT12|ptr
predictor/corrector,TURBULENCE::VARDEN_DYNSMAG,turb.f90,TURB_WORK8,mesh_field,MESH_TYPE,scratch_work,RW,turb.f90:556,no,yes,no,no,via=alias:L13|alias:SHAT13|ptr
predictor/corrector,TURBULENCE::VARDEN_DYNSMAG,turb.f90,TURB_WORK9,mesh_field,MESH_TYPE,scratch_work,RW,turb.f90:557,no,yes,no,no,via=alias:L23|alias:SHAT23|ptr
predictor/corrector,TURBULENCE::VARDEN_DYNSMAG,turb.f90,U,mesh_field,MESH_TYPE,face_centred_flux,R,turb.f90:478,no,yes,no,no,via=alias:UU|ptr
predictor/corrector,TURBULENCE::VARDEN_DYNSMAG,turb.f90,US,mesh_field,MESH_TYPE,face_centred_flux,R,turb.f90:483,no,yes,no,no,via=alias:UU|ptr
predictor/corrector,TURBULENCE::VARDEN_DYNSMAG,turb.f90,V,mesh_field,MESH_TYPE,face_centred_flux,R,turb.f90:479,no,yes,no,no,via=alias:VV|ptr
predictor/corrector,TURBULENCE::VARDEN_DYNSMAG,turb.f90,VS,mesh_field,MESH_TYPE,face_centred_flux,R,turb.f90:484,no,yes,no,no,via=alias:VV|ptr
predictor/corrector,TURBULENCE::VARDEN_DYNSMAG,turb.f90,W,mesh_field,MESH_TYPE,face_centred_flux,R,turb.f90:480,no,yes,no,no,via=alias:WW|ptr
predictor/corrector,TURBULENCE::VARDEN_DYNSMAG,turb.f90,WORK1,mesh_field,MESH_TYPE,scratch_work,RW,turb.f90:493,no,yes,no,no,via=alias:BETA11|alias:BETAHAT11|alias:M11|alias:RHOPTMP|alias:S11|ptr
predictor/corrector,TURBULENCE::VARDEN_DYNSMAG,turb.f90,WORK2,mesh_field,MESH_TYPE,scratch_work,RW,turb.f90:494,no,yes,no,no,via=alias:BETA22|alias:BETAHAT22|alias:M22|alias:S22|ptr
predictor/corrector,TURBULENCE::VARDEN_DYNSMAG,turb.f90,WORK3,mesh_field,MESH_TYPE,scratch_work,RW,turb.f90:495,no,yes,no,no,via=alias:BETA33|alias:BETAHAT33|alias:M33|alias:S33|ptr
predictor/corrector,TURBULENCE::VARDEN_DYNSMAG,turb.f90,WORK4,mesh_field,MESH_TYPE,scratch_work,RW,turb.f90:496,no,yes,no,no,via=alias:BETA12|alias:BETAHAT12|alias:M12|alias:S12|ptr
predictor/corrector,TURBULENCE::VARDEN_DYNSMAG,turb.f90,WORK5,mesh_field,MESH_TYPE,scratch_work,RW,turb.f90:497,no,yes,no,no,via=alias:BETA13|alias:BETAHAT13|alias:M13|alias:S13|ptr
predictor/corrector,TURBULENCE::VARDEN_DYNSMAG,turb.f90,WORK6,mesh_field,MESH_TYPE,scratch_work,RW,turb.f90:498,no,yes,no,no,via=alias:BETA23|alias:BETAHAT23|alias:M23|alias:S23|ptr
predictor/corrector,TURBULENCE::VARDEN_DYNSMAG,turb.f90,WORK7,mesh_field,MESH_TYPE,scratch_work,RW,turb.f90:499,no,yes,no,no,via=alias:RHOPHAT|alias:SS|ptr
predictor/corrector,TURBULENCE::VARDEN_DYNSMAG,turb.f90,WORK9,mesh_field,MESH_TYPE,scratch_work,RW,turb.f90:610,no,yes,no,no,via=ptr
predictor/corrector,TURBULENCE::VARDEN_DYNSMAG,turb.f90,WS,mesh_field,MESH_TYPE,face_centred_flux,R,turb.f90:485,no,yes,no,no,via=alias:WW|ptr
predictor/corrector,TURBULENCE::WALE_VISCOSITY,turb.f90,C_WALE,module_global,GLOBAL_CONSTANTS,runtime_scalar,R,turb.f90:1159,no,no,no,no,
predictor/corrector,VELO::COMPUTE_VISCOSITY,velo.f90,CC_IBM,module_global,GLOBAL_CONSTANTS,runtime_scalar,R,velo.f90:95,no,yes,no,no,
predictor/corrector,VELO::COMPUTE_VISCOSITY,velo.f90,C_DEARDORFF,module_global,GLOBAL_CONSTANTS,runtime_scalar,R,velo.f90:192,no,yes,no,no,
predictor/corrector,VELO::COMPUTE_VISCOSITY,velo.f90,C_SMAGORINSKY,module_global,GLOBAL_CONSTANTS,runtime_scalar,R,velo.f90:326,no,yes,no,no,
predictor/corrector,VELO::COMPUTE_VISCOSITY,velo.f90,C_VREMAN,module_global,GLOBAL_CONSTANTS,runtime_scalar,R,velo.f90:243,no,yes,no,no,
predictor/corrector,VELO::COMPUTE_VISCOSITY,velo.f90,MU_AIR_0,module_global,GLOBAL_CONSTANTS,runtime_scalar,R,velo.f90:73,no,yes,no,no,
predictor/corrector,VELO::COMPUTE_VISCOSITY,velo.f90,N_TRACKED_SPECIES,module_global,GLOBAL_CONSTANTS,runtime_scalar,R,velo.f90:78,no,yes,no,no,
predictor/corrector,VELO::COMPUTE_VISCOSITY,velo.f90,PREDICTOR,module_global,GLOBAL_CONSTANTS,runtime_scalar,R,velo.f90:113,no,yes,no,no,
predictor/corrector,VELO::COMPUTE_VISCOSITY,velo.f90,SIM_MODE,module_global,GLOBAL_CONSTANTS,runtime_scalar,R,velo.f90:71,no,yes,no,no,
predictor/corrector,VELO::COMPUTE_VISCOSITY,velo.f90,TURB_MODEL,module_global,GLOBAL_CONSTANTS,runtime_scalar,R,velo.f90:105,no,yes,no,no,
predictor/corrector,VELO::COMPUTE_VISCOSITY,velo.f90,T_USED,module_global,GLOBAL_CONSTANTS,runtime_array,RW,velo.f90:96,no,yes,no,no,
predictor/corrector,VELO::COMPUTE_VISCOSITY,velo.f90,SURFACE,module_global,TYPES,runtime_array,R,velo.f90:317,no,yes,no,no,
predictor/corrector,VELO::COMPUTE_VISCOSITY,velo.f90,BOUNDARY_COORD,mesh_field,MESH_TYPE,wall_obst_cutcell,R,velo.f90:153,no,yes,no,no,via=alias:BC|ptr
predictor/corrector,VELO::COMPUTE_VISCOSITY,velo.f90,BOUNDARY_PROP2,mesh_field,MESH_TYPE,wall_obst_cutcell,R,velo.f90:324,no,yes,no,no,via=alias:B2|ptr
predictor/corrector,VELO::COMPUTE_VISCOSITY,velo.f90,CELL,mesh_field,MESH_TYPE,wall_obst_cutcell,R,velo.f90:83,no,yes,no,no,via=ptr
predictor/corrector,VELO::COMPUTE_VISCOSITY,velo.f90,CELL_INDEX,mesh_field,MESH_TYPE,wall_obst_cutcell,R,velo.f90:83,no,yes,no,no,via=ptr
predictor/corrector,VELO::COMPUTE_VISCOSITY,velo.f90,CSD2,mesh_field,MESH_TYPE,cell_centred_solution,R,velo.f90:118,no,yes,no,no,via=ptr
predictor/corrector,VELO::COMPUTE_VISCOSITY,velo.f90,DX,mesh_field,MESH_TYPE,grid_geometry,R,velo.f90:230,no,yes,no,no,via=ptr
predictor/corrector,VELO::COMPUTE_VISCOSITY,velo.f90,DY,mesh_field,MESH_TYPE,grid_geometry,R,velo.f90:230,no,yes,no,no,via=ptr
predictor/corrector,VELO::COMPUTE_VISCOSITY,velo.f90,DZ,mesh_field,MESH_TYPE,grid_geometry,R,velo.f90:230,no,yes,no,no,via=ptr
predictor/corrector,VELO::COMPUTE_VISCOSITY,velo.f90,IBAR,mesh_field,MESH_TYPE,grid_geometry,R,velo.f90:82,no,yes,no,no,via=ptr
predictor/corrector,VELO::COMPUTE_VISCOSITY,velo.f90,IBP1,mesh_field,MESH_TYPE,grid_geometry,R,velo.f90:377,no,yes,no,no,via=ptr
predictor/corrector,VELO::COMPUTE_VISCOSITY,velo.f90,IWORK1,mesh_field,MESH_TYPE,scratch_work,RW,velo.f90:304,no,yes,no,no,via=alias:CELL_COUNTER|ptr
predictor/corrector,VELO::COMPUTE_VISCOSITY,velo.f90,JBAR,mesh_field,MESH_TYPE,grid_geometry,R,velo.f90:81,no,yes,no,no,via=ptr
predictor/corrector,VELO::COMPUTE_VISCOSITY,velo.f90,JBP1,mesh_field,MESH_TYPE,grid_geometry,R,velo.f90:376,no,yes,no,no,via=ptr
predictor/corrector,VELO::COMPUTE_VISCOSITY,velo.f90,KBAR,mesh_field,MESH_TYPE,grid_geometry,R,velo.f90:80,no,yes,no,no,via=ptr
predictor/corrector,VELO::COMPUTE_VISCOSITY,velo.f90,KBP1,mesh_field,MESH_TYPE,grid_geometry,R,velo.f90:378,no,yes,no,no,via=ptr
predictor/corrector,VELO::COMPUTE_VISCOSITY,velo.f90,KRES,mesh_field,MESH_TYPE,cell_centred_solution,RW,velo.f90:291,no,yes,no,no,via=ptr
predictor/corrector,VELO::COMPUTE_VISCOSITY,velo.f90,LES_FILTER_WIDTH,mesh_field,MESH_TYPE,grid_geometry,R,velo.f90:190,no,yes,no,no,via=ptr
predictor/corrector,VELO::COMPUTE_VISCOSITY,velo.f90,MU,mesh_field,MESH_TYPE,cell_centred_solution,RW,velo.f90:109,no,yes,no,no,via=ptr
predictor/corrector,VELO::COMPUTE_VISCOSITY,velo.f90,MU_DNS,mesh_field,MESH_TYPE,cell_centred_solution,RW,velo.f90:73,no,yes,no,no,via=ptr
predictor/corrector,VELO::COMPUTE_VISCOSITY,velo.f90,N_EXTERNAL_WALL_CELLS,mesh_field,MESH_TYPE,ghost_boundary,R,velo.f90:151,no,yes,no,no,via=ptr
predictor/corrector,VELO::COMPUTE_VISCOSITY,velo.f90,N_INTERNAL_WALL_CELLS,mesh_field,MESH_TYPE,wall_obst_cutcell,R,velo.f90:306,no,yes,no,no,via=ptr
predictor/corrector,VELO::COMPUTE_VISCOSITY,velo.f90,RDX,mesh_field,MESH_TYPE,grid_geometry,R,velo.f90:207,no,yes,no,no,via=ptr
predictor/corrector,VELO::COMPUTE_VISCOSITY,velo.f90,RDY,mesh_field,MESH_TYPE,grid_geometry,R,velo.f90:208,no,yes,no,no,via=ptr
predictor/corrector,VELO::COMPUTE_VISCOSITY,velo.f90,RDZ,mesh_field,MESH_TYPE,grid_geometry,R,velo.f90:209,no,yes,no,no,via=ptr
predictor/corrector,VELO::COMPUTE_VISCOSITY,velo.f90,RHO,mesh_field,MESH_TYPE,cell_centred_solution,R,velo.f90:62,no,yes,no,no,via=alias:RHOP|ptr
predictor/corrector,VELO::COMPUTE_VISCOSITY,velo.f90,RHOS,mesh_field,MESH_TYPE,cell_centred_solution,R,velo.f90:56,no,yes,no,no,via=alias:RHOP|ptr
predictor/corrector,VELO::COMPUTE_VISCOSITY,velo.f90,STRAIN_RATE,mesh_field,MESH_TYPE,cell_centred_solution,R,velo.f90:118,no,yes,no,no,via=ptr
predictor/corrector,VELO::COMPUTE_VISCOSITY,velo.f90,TMP,mesh_field,MESH_TYPE,cell_centred_solution,R,velo.f90:85,no,yes,no,no,via=ptr
predictor/corrector,VELO::COMPUTE_VISCOSITY,velo.f90,U,mesh_field,MESH_TYPE,face_centred_flux,RW,velo.f90:63,no,yes,no,no,via=alias:UU|ptr
predictor/corrector,VELO::COMPUTE_VISCOSITY,velo.f90,US,mesh_field,MESH_TYPE,face_centred_flux,RW,velo.f90:57,no,yes,no,no,via=alias:UU|ptr
predictor/corrector,VELO::COMPUTE_VISCOSITY,velo.f90,U_GHOST,mesh_field,MESH_TYPE,ghost_boundary,R,velo.f90:156,no,yes,no,no,via=ptr
predictor/corrector,VELO::COMPUTE_VISCOSITY,velo.f90,V,mesh_field,MESH_TYPE,face_centred_flux,RW,velo.f90:64,no,yes,no,no,via=alias:VV|ptr
predictor/corrector,VELO::COMPUTE_VISCOSITY,velo.f90,VS,mesh_field,MESH_TYPE,face_centred_flux,RW,velo.f90:58,no,yes,no,no,via=alias:VV|ptr
predictor/corrector,VELO::COMPUTE_VISCOSITY,velo.f90,V_GHOST,mesh_field,MESH_TYPE,ghost_boundary,R,velo.f90:157,no,yes,no,no,via=ptr
predictor/corrector,VELO::COMPUTE_VISCOSITY,velo.f90,W,mesh_field,MESH_TYPE,face_centred_flux,RW,velo.f90:65,no,yes,no,no,via=alias:WW|ptr
predictor/corrector,VELO::COMPUTE_VISCOSITY,velo.f90,WALL,mesh_field,MESH_TYPE,wall_obst_cutcell,R,velo.f90:152,no,yes,no,no,via=alias:WC|ptr
predictor/corrector,VELO::COMPUTE_VISCOSITY,velo.f90,WORK1,mesh_field,MESH_TYPE,scratch_work,RW,velo.f90:127,no,yes,no,no,via=alias:UP|ptr
predictor/corrector,VELO::COMPUTE_VISCOSITY,velo.f90,WORK2,mesh_field,MESH_TYPE,scratch_work,RW,velo.f90:128,no,yes,no,no,via=alias:VP|ptr
predictor/corrector,VELO::COMPUTE_VISCOSITY,velo.f90,WORK3,mesh_field,MESH_TYPE,scratch_work,RW,velo.f90:129,no,yes,no,no,via=alias:WP|ptr
predictor/corrector,VELO::COMPUTE_VISCOSITY,velo.f90,WORK4,mesh_field,MESH_TYPE,scratch_work,RW,velo.f90:175,no,yes,no,no,via=alias:UP_HAT|ptr
predictor/corrector,VELO::COMPUTE_VISCOSITY,velo.f90,WORK5,mesh_field,MESH_TYPE,scratch_work,RW,velo.f90:176,no,yes,no,no,via=alias:VP_HAT|ptr
predictor/corrector,VELO::COMPUTE_VISCOSITY,velo.f90,WORK6,mesh_field,MESH_TYPE,scratch_work,RW,velo.f90:177,no,yes,no,no,via=alias:WP_HAT|ptr
predictor/corrector,VELO::COMPUTE_VISCOSITY,velo.f90,WS,mesh_field,MESH_TYPE,face_centred_flux,RW,velo.f90:59,no,yes,no,no,via=alias:WW|ptr
predictor/corrector,VELO::COMPUTE_VISCOSITY,velo.f90,W_GHOST,mesh_field,MESH_TYPE,ghost_boundary,R,velo.f90:158,no,yes,no,no,via=ptr
predictor/corrector,VELO::COMPUTE_VISCOSITY,velo.f90,ZZ,mesh_field,MESH_TYPE,cell_centred_solution,R,velo.f90:66,no,yes,no,no,via=alias:ZZP|ptr
predictor/corrector,VELO::COMPUTE_VISCOSITY,velo.f90,ZZS,mesh_field,MESH_TYPE,cell_centred_solution,R,velo.f90:60,no,yes,no,no,via=alias:ZZP|ptr
predictor/corrector,VELO::COMPUTE_VISCOSITY::COMPUTE_STRAIN_RATE,velo.f90,TURB_MODEL,module_global,GLOBAL_CONSTANTS,runtime_scalar,R,velo.f90:411,no,no,no,no,
predictor/corrector,VELO::COMPUTE_VISCOSITY::COMPUTE_STRAIN_RATE,velo.f90,BOUNDARY_COORD,mesh_field,MESH_TYPE,wall_obst_cutcell,R,velo.f90:444,no,no,no,no,via=alias:BC|ptr
predictor/corrector,VELO::COMPUTE_VISCOSITY::COMPUTE_STRAIN_RATE,velo.f90,IBAR,mesh_field,MESH_TYPE,grid_geometry,R,velo.f90:415,no,no,no,no,via=ptr
predictor/corrector,VELO::COMPUTE_VISCOSITY::COMPUTE_STRAIN_RATE,velo.f90,JBAR,mesh_field,MESH_TYPE,grid_geometry,R,velo.f90:414,no,no,no,no,via=ptr
predictor/corrector,VELO::COMPUTE_VISCOSITY::COMPUTE_STRAIN_RATE,velo.f90,KBAR,mesh_field,MESH_TYPE,grid_geometry,R,velo.f90:413,no,no,no,no,via=ptr
predictor/corrector,VELO::COMPUTE_VISCOSITY::COMPUTE_STRAIN_RATE,velo.f90,N_EXTERNAL_WALL_CELLS,mesh_field,MESH_TYPE,ghost_boundary,R,velo.f90:440,no,no,no,no,via=ptr
predictor/corrector,VELO::COMPUTE_VISCOSITY::COMPUTE_STRAIN_RATE,velo.f90,N_INTERNAL_WALL_CELLS,mesh_field,MESH_TYPE,wall_obst_cutcell,R,velo.f90:440,no,no,no,no,via=ptr
predictor/corrector,VELO::COMPUTE_VISCOSITY::COMPUTE_STRAIN_RATE,velo.f90,RDX,mesh_field,MESH_TYPE,grid_geometry,R,velo.f90:416,no,no,no,no,via=ptr
predictor/corrector,VELO::COMPUTE_VISCOSITY::COMPUTE_STRAIN_RATE,velo.f90,RDY,mesh_field,MESH_TYPE,grid_geometry,R,velo.f90:417,no,no,no,no,via=ptr
predictor/corrector,VELO::COMPUTE_VISCOSITY::COMPUTE_STRAIN_RATE,velo.f90,RDZ,mesh_field,MESH_TYPE,grid_geometry,R,velo.f90:418,no,no,no,no,via=ptr
predictor/corrector,VELO::COMPUTE_VISCOSITY::COMPUTE_STRAIN_RATE,velo.f90,STRAIN_RATE,mesh_field,MESH_TYPE,cell_centred_solution,W,velo.f90:432,no,no,no,no,via=ptr
predictor/corrector,VELO::COMPUTE_VISCOSITY::COMPUTE_STRAIN_RATE,velo.f90,U,mesh_field,MESH_TYPE,face_centred_flux,R,velo.f90:416,no,no,no,no,via=alias:UU
predictor/corrector,VELO::COMPUTE_VISCOSITY::COMPUTE_STRAIN_RATE,velo.f90,US,mesh_field,MESH_TYPE,face_centred_flux,R,velo.f90:416,no,no,no,no,via=alias:UU
predictor/corrector,VELO::COMPUTE_VISCOSITY::COMPUTE_STRAIN_RATE,velo.f90,V,mesh_field,MESH_TYPE,face_centred_flux,R,velo.f90:417,no,no,no,no,via=alias:VV
predictor/corrector,VELO::COMPUTE_VISCOSITY::COMPUTE_STRAIN_RATE,velo.f90,VS,mesh_field,MESH_TYPE,face_centred_flux,R,velo.f90:417,no,no,no,no,via=alias:VV
predictor/corrector,VELO::COMPUTE_VISCOSITY::COMPUTE_STRAIN_RATE,velo.f90,W,mesh_field,MESH_TYPE,face_centred_flux,R,velo.f90:418,no,no,no,no,via=alias:WW
predictor/corrector,VELO::COMPUTE_VISCOSITY::COMPUTE_STRAIN_RATE,velo.f90,WALL,mesh_field,MESH_TYPE,wall_obst_cutcell,R,velo.f90:441,no,no,no,no,via=alias:WC|ptr
predictor/corrector,VELO::COMPUTE_VISCOSITY::COMPUTE_STRAIN_RATE,velo.f90,WS,mesh_field,MESH_TYPE,face_centred_flux,R,velo.f90:418,no,no,no,no,via=alias:WW
predictor/corrector,VELO::MATCH_VELOCITY,velo.f90,CC_IBM,module_global,GLOBAL_CONSTANTS,runtime_scalar,R,velo.f90:2637,yes,no,no,no,
predictor/corrector,VELO::MATCH_VELOCITY,velo.f90,CORRECTOR,module_global,GLOBAL_CONSTANTS,runtime_scalar,R,velo.f90:2687,yes,no,no,no,
predictor/corrector,VELO::MATCH_VELOCITY,velo.f90,PREDICTOR,module_global,GLOBAL_CONSTANTS,runtime_scalar,R,velo.f90:2638,yes,no,no,no,
predictor/corrector,VELO::MATCH_VELOCITY,velo.f90,SOLID_PHASE_ONLY,module_global,GLOBAL_CONSTANTS,runtime_scalar,R,velo.f90:2635,yes,no,no,no,
predictor/corrector,VELO::MATCH_VELOCITY,velo.f90,T_USED,module_global,GLOBAL_CONSTANTS,runtime_array,RW,velo.f90:2855,yes,no,no,no,
predictor/corrector,VELO::MATCH_VELOCITY,velo.f90,BOUNDARY_COORD,mesh_field,MESH_TYPE,wall_obst_cutcell,R,velo.f90:2671,yes,no,no,no,via=alias:BC|ptr
predictor/corrector,VELO::MATCH_VELOCITY,velo.f90,CUT_FACE,mesh_field,MESH_TYPE,wall_obst_cutcell,R,velo.f90:2824,yes,no,no,no,via=M2
predictor/corrector,VELO::MATCH_VELOCITY,velo.f90,DX,mesh_field,MESH_TYPE,grid_geometry,R,velo.f90:2701,yes,no,no,no,via=M2
predictor/corrector,VELO::MATCH_VELOCITY,velo.f90,DY,mesh_field,MESH_TYPE,grid_geometry,R,velo.f90:2691,yes,no,no,no,via=M2
predictor/corrector,VELO::MATCH_VELOCITY,velo.f90,DZ,mesh_field,MESH_TYPE,grid_geometry,R,velo.f90:2691,yes,no,no,no,via=M2
predictor/corrector,VELO::MATCH_VELOCITY,velo.f90,EXTERNAL_WALL,mesh_field,MESH_TYPE,ghost_boundary,RW,velo.f90:2666,yes,no,no,no,via=alias:EWC|ptr
predictor/corrector,VELO::MATCH_VELOCITY,velo.f90,FCVAR,mesh_field,MESH_TYPE,wall_obst_cutcell,R,velo.f90:2824,yes,no,no,no,via=M2
predictor/corrector,VELO::MATCH_VELOCITY,velo.f90,IBAR,mesh_field,MESH_TYPE,grid_geometry,R,velo.f90:2742,yes,no,no,no,via=ptr
predictor/corrector,VELO::MATCH_VELOCITY,velo.f90,JBAR,mesh_field,MESH_TYPE,grid_geometry,R,velo.f90:2770,yes,no,no,no,via=ptr
predictor/corrector,VELO::MATCH_VELOCITY,velo.f90,KBAR,mesh_field,MESH_TYPE,grid_geometry,R,velo.f90:2798,yes,no,no,no,via=ptr
predictor/corrector,VELO::MATCH_VELOCITY,velo.f90,N_EXTERNAL_WALL_CELLS,mesh_field,MESH_TYPE,ghost_boundary,R,velo.f90:2663,yes,no,no,no,via=ptr
predictor/corrector,VELO::MATCH_VELOCITY,velo.f90,OMESH,mesh_field,MESH_TYPE,mpi_exchange,R,velo.f90:2677,yes,no,no,no,via=alias:OM|ptr
predictor/corrector,VELO::MATCH_VELOCITY,velo.f90,U,mesh_field,MESH_TYPE,face_centred_flux,RW,velo.f90:2655,yes,no,no,no,via=alias:UU|ptr
predictor/corrector,VELO::MATCH_VELOCITY,velo.f90,US,mesh_field,MESH_TYPE,face_centred_flux,RW,velo.f90:2651,yes,no,no,no,via=alias:UU|ptr
predictor/corrector,VELO::MATCH_VELOCITY,velo.f90,UVW_SAVE,mesh_field,MESH_TYPE,ghost_boundary,W,velo.f90:2732,yes,no,no,no,via=ptr
predictor/corrector,VELO::MATCH_VELOCITY,velo.f90,U_GHOST,mesh_field,MESH_TYPE,ghost_boundary,RW,velo.f90:2809,yes,no,no,no,via=ptr
predictor/corrector,VELO::MATCH_VELOCITY,velo.f90,V,mesh_field,MESH_TYPE,face_centred_flux,RW,velo.f90:2656,yes,no,no,no,via=alias:VV|ptr
predictor/corrector,VELO::MATCH_VELOCITY,velo.f90,VS,mesh_field,MESH_TYPE,face_centred_flux,RW,velo.f90:2652,yes,no,no,no,via=alias:VV|ptr
predictor/corrector,VELO::MATCH_VELOCITY,velo.f90,V_GHOST,mesh_field,MESH_TYPE,ghost_boundary,RW,velo.f90:2810,yes,no,no,no,via=ptr
predictor/corrector,VELO::MATCH_VELOCITY,velo.f90,W,mesh_field,MESH_TYPE,face_centred_flux,RW,velo.f90:2657,yes,no,no,no,via=alias:WW|ptr
predictor/corrector,VELO::MATCH_VELOCITY,velo.f90,WALL,mesh_field,MESH_TYPE,wall_obst_cutcell,R,velo.f90:2665,yes,no,no,no,via=alias:WC|ptr
predictor/corrector,VELO::MATCH_VELOCITY,velo.f90,WS,mesh_field,MESH_TYPE,face_centred_flux,RW,velo.f90:2653,yes,no,no,no,via=alias:WW|ptr
predictor/corrector,VELO::MATCH_VELOCITY,velo.f90,W_GHOST,mesh_field,MESH_TYPE,ghost_boundary,RW,velo.f90:2811,yes,no,no,no,via=ptr
predictor/corrector,VELO::MATCH_VELOCITY,velo.f90,U,mesh_field,OMESH_TYPE,mpi_exchange,RW,velo.f90:2687,yes,no,no,no,via=OM|alias:OM_UU
predictor/corrector,VELO::MATCH_VELOCITY,velo.f90,US,mesh_field,OMESH_TYPE,mpi_exchange,RW,velo.f90:2686,yes,no,no,no,via=OM|alias:OM_UU
predictor/corrector,VELO::MATCH_VELOCITY,velo.f90,V,mesh_field,OMESH_TYPE,mpi_exchange,RW,velo.f90:2697,yes,no,no,no,via=OM|alias:OM_VV
predictor/corrector,VELO::MATCH_VELOCITY,velo.f90,VS,mesh_field,OMESH_TYPE,mpi_exchange,RW,velo.f90:2696,yes,no,no,no,via=OM|alias:OM_VV
predictor/corrector,VELO::MATCH_VELOCITY,velo.f90,W,mesh_field,OMESH_TYPE,mpi_exchange,RW,velo.f90:2707,yes,no,no,no,via=OM|alias:OM_WW
predictor/corrector,VELO::MATCH_VELOCITY,velo.f90,WS,mesh_field,OMESH_TYPE,mpi_exchange,RW,velo.f90:2706,yes,no,no,no,via=OM|alias:OM_WW
predictor/corrector,VELO::VELOCITY_BC,velo.f90,CC_IBM,module_global,GLOBAL_CONSTANTS,runtime_scalar,R,velo.f90:1899,yes,yes,no,no,
predictor/corrector,VELO::VELOCITY_BC,velo.f90,CORRECTOR,module_global,GLOBAL_CONSTANTS,runtime_scalar,R,velo.f90:2482,yes,yes,no,no,
predictor/corrector,VELO::VELOCITY_BC,velo.f90,EDGE_COUNT,module_global,GLOBAL_CONSTANTS,runtime_array,R,velo.f90:1905,yes,yes,no,no,
predictor/corrector,VELO::VELOCITY_BC,velo.f90,I_MAX_TEMP,module_global,GLOBAL_CONSTANTS,runtime_scalar,R,velo.f90:2374,yes,yes,no,no,
predictor/corrector,VELO::VELOCITY_BC,velo.f90,MU_RSQMW_Z,module_global,GLOBAL_CONSTANTS,runtime_array,R,velo.f90:2375,yes,yes,no,no,
predictor/corrector,VELO::VELOCITY_BC,velo.f90,OPEN_WIND_BOUNDARY,module_global,GLOBAL_CONSTANTS,runtime_scalar,R,velo.f90:2121,yes,yes,no,no,
predictor/corrector,VELO::VELOCITY_BC,velo.f90,PERIODIC_TEST,module_global,GLOBAL_CONSTANTS,runtime_scalar,R,velo.f90:1831,yes,yes,no,no,
predictor/corrector,VELO::VELOCITY_BC,velo.f90,PREDICTOR,module_global,GLOBAL_CONSTANTS,runtime_scalar,R,velo.f90:2409,yes,yes,no,no,
predictor/corrector,VELO::VELOCITY_BC,velo.f90,RSQ_MW_Z,module_global,GLOBAL_CONSTANTS,runtime_array,R,velo.f90:2375,yes,yes,no,no,
predictor/corrector,VELO::VELOCITY_BC,velo.f90,SOLID_PHASE_ONLY,module_global,GLOBAL_CONSTANTS,runtime_scalar,R,velo.f90:1830,yes,yes,no,no,
predictor/corrector,VELO::VELOCITY_BC,velo.f90,T_BEGIN,module_global,GLOBAL_CONSTANTS,runtime_scalar,R,velo.f90:2314,yes,yes,no,no,
predictor/corrector,VELO::VELOCITY_BC,velo.f90,T_USED,module_global,GLOBAL_CONSTANTS,runtime_array,RW,velo.f90:2608,yes,yes,no,no,
predictor/corrector,VELO::VELOCITY_BC,velo.f90,SURFACE,module_global,TYPES,runtime_array,R,velo.f90:2037,yes,yes,no,no,
predictor/corrector,VELO::VELOCITY_BC,velo.f90,BOUNDARY_COORD,mesh_field,MESH_TYPE,wall_obst_cutcell,R,velo.f90:1871,yes,yes,no,no,via=alias:BC|ptr
predictor/corrector,VELO::VELOCITY_BC,velo.f90,BOUNDARY_PROP1,mesh_field,MESH_TYPE,wall_obst_cutcell,R,velo.f90:2055,yes,yes,no,no,via=alias:WCM_B1|alias:WCP_B1|alias:WCX_B1|ptr
predictor/corrector,VELO::VELOCITY_BC,velo.f90,CELL,mesh_field,MESH_TYPE,wall_obst_cutcell,R,velo.f90:1923,yes,yes,no,no,via=ptr
predictor/corrector,VELO::VELOCITY_BC,velo.f90,DRAG_UVWMAX,mesh_field,MESH_TYPE,particle,RW,velo.f90:1901,yes,yes,no,no,via=ptr
predictor/corrector,VELO::VELOCITY_BC,velo.f90,DX,mesh_field,MESH_TYPE,grid_geometry,R,velo.f90:1959,yes,yes,no,no,via=ptr
predictor/corrector,VELO::VELOCITY_BC,velo.f90,DY,mesh_field,MESH_TYPE,grid_geometry,R,velo.f90:1951,yes,yes,no,no,via=ptr
predictor/corrector,VELO::VELOCITY_BC,velo.f90,DZ,mesh_field,MESH_TYPE,grid_geometry,R,velo.f90:1952,yes,yes,no,no,via=ptr
predictor/corrector,VELO::VELOCITY_BC,velo.f90,EDGE,mesh_field,MESH_TYPE,ghost_boundary,RW,velo.f90:1907,yes,yes,no,no,via=alias:ED|ptr
predictor/corrector,VELO::VELOCITY_BC,velo.f90,EXTERNAL_WALL,mesh_field,MESH_TYPE,ghost_boundary,R,velo.f90:1860,yes,yes,no,no,via=alias:EWC|ptr
predictor/corrector,VELO::VELOCITY_BC,velo.f90,IBAR,mesh_field,MESH_TYPE,grid_geometry,R,velo.f90:2130,yes,yes,no,no,via=ptr
predictor/corrector,VELO::VELOCITY_BC,velo.f90,IBP1,mesh_field,MESH_TYPE,grid_geometry,R,velo.f90:2157,yes,yes,no,no,via=ptr
predictor/corrector,VELO::VELOCITY_BC,velo.f90,JBAR,mesh_field,MESH_TYPE,grid_geometry,R,velo.f90:2125,yes,yes,no,no,via=ptr
predictor/corrector,VELO::VELOCITY_BC,velo.f90,JBP1,mesh_field,MESH_TYPE,grid_geometry,R,velo.f90:2152,yes,yes,no,no,via=ptr
predictor/corrector,VELO::VELOCITY_BC,velo.f90,KBAR,mesh_field,MESH_TYPE,grid_geometry,R,velo.f90:2127,yes,yes,no,no,via=ptr
predictor/corrector,VELO::VELOCITY_BC,velo.f90,KBP1,mesh_field,MESH_TYPE,grid_geometry,R,velo.f90:2154,yes,yes,no,no,via=ptr
predictor/corrector,VELO::VELOCITY_BC,velo.f90,MU,mesh_field,MESH_TYPE,cell_centred_solution,R,velo.f90:2269,yes,yes,no,no,via=ptr
predictor/corrector,VELO::VELOCITY_BC,velo.f90,N_EXTERNAL_WALL_CELLS,mesh_field,MESH_TYPE,ghost_boundary,R,velo.f90:1858,yes,yes,no,no,via=ptr
predictor/corrector,VELO::VELOCITY_BC,velo.f90,OMESH,mesh_field,MESH_TYPE,mpi_exchange,R,velo.f90:1863,yes,yes,no,no,via=alias:OM|ptr
predictor/corrector,VELO::VELOCITY_BC,velo.f90,RHO,mesh_field,MESH_TYPE,cell_centred_solution,R,velo.f90:1852,yes,yes,no,no,via=alias:RHOP|ptr
predictor/corrector,VELO::VELOCITY_BC,velo.f90,RHOS,mesh_field,MESH_TYPE,cell_centred_solution,R,velo.f90:1846,yes,yes,no,no,via=alias:RHOP|ptr
predictor/corrector,VELO::VELOCITY_BC,velo.f90,TMP,mesh_field,MESH_TYPE,cell_centred_solution,R,velo.f90:2374,yes,yes,no,no,via=ptr
predictor/corrector,VELO::VELOCITY_BC,velo.f90,U,mesh_field,MESH_TYPE,face_centred_flux,RW,velo.f90:1849,yes,yes,no,no,via=alias:UU|ptr
predictor/corrector,VELO::VELOCITY_BC,velo.f90,US,mesh_field,MESH_TYPE,face_centred_flux,RW,velo.f90:1843,yes,yes,no,no,via=alias:UU|ptr
predictor/corrector,VELO::VELOCITY_BC,velo.f90,U_WIND,mesh_field,MESH_TYPE,other,R,velo.f90:2139,yes,yes,no,no,via=ptr
predictor/corrector,VELO::VELOCITY_BC,velo.f90,V,mesh_field,MESH_TYPE,face_centred_flux,RW,velo.f90:1850,yes,yes,no,no,via=alias:VV|ptr
predictor/corrector,VELO::VELOCITY_BC,velo.f90,VENTS,mesh_field,MESH_TYPE,wall_obst_cutcell,R,velo.f90:2071,yes,yes,no,no,via=alias:VT|ptr
predictor/corrector,VELO::VELOCITY_BC,velo.f90,VS,mesh_field,MESH_TYPE,face_centred_flux,RW,velo.f90:1844,yes,yes,no,no,via=alias:VV|ptr
predictor/corrector,VELO::VELOCITY_BC,velo.f90,V_WIND,mesh_field,MESH_TYPE,other,R,velo.f90:2140,yes,yes,no,no,via=ptr
predictor/corrector,VELO::VELOCITY_BC,velo.f90,W,mesh_field,MESH_TYPE,face_centred_flux,RW,velo.f90:1851,yes,yes,no,no,via=alias:WW|ptr
predictor/corrector,VELO::VELOCITY_BC,velo.f90,WALL,mesh_field,MESH_TYPE,wall_obst_cutcell,R,velo.f90:1859,yes,yes,no,no,via=alias:WC|alias:WCM|alias:WCP|alias:WCX|ptr
predictor/corrector,VELO::VELOCITY_BC,velo.f90,WS,mesh_field,MESH_TYPE,face_centred_flux,RW,velo.f90:1845,yes,yes,no,no,via=alias:WW|ptr
predictor/corrector,VELO::VELOCITY_BC,velo.f90,W_WIND,mesh_field,MESH_TYPE,other,R,velo.f90:2141,yes,yes,no,no,via=ptr
predictor/corrector,VELO::VELOCITY_BC,velo.f90,ZC,mesh_field,MESH_TYPE,grid_geometry,R,velo.f90:2322,yes,yes,no,no,via=ptr
predictor/corrector,VELO::VELOCITY_BC,velo.f90,ZZ,mesh_field,MESH_TYPE,cell_centred_solution,R,velo.f90:1853,yes,yes,no,no,via=ptr
predictor/corrector,VELO::VELOCITY_BC,velo.f90,ZZS,mesh_field,MESH_TYPE,cell_centred_solution,R,velo.f90:1847,yes,yes,no,no,via=ptr
predictor/corrector,VELO::VELOCITY_BC,velo.f90,U,mesh_field,OMESH_TYPE,mpi_exchange,R,velo.f90:1867,yes,yes,no,no,via=OM|OMESH|alias:OM_UU|alias:VEL_OTHER
predictor/corrector,VELO::VELOCITY_BC,velo.f90,US,mesh_field,OMESH_TYPE,mpi_exchange,R,velo.f90:1863,yes,yes,no,no,via=OM|OMESH|alias:OM_UU|alias:VEL_OTHER
predictor/corrector,VELO::VELOCITY_BC,velo.f90,V,mesh_field,OMESH_TYPE,mpi_exchange,R,velo.f90:1868,yes,yes,no,no,via=OM|OMESH|alias:OM_VV|alias:VEL_OTHER
predictor/corrector,VELO::VELOCITY_BC,velo.f90,VS,mesh_field,OMESH_TYPE,mpi_exchange,R,velo.f90:1864,yes,yes,no,no,via=OM|OMESH|alias:OM_VV|alias:VEL_OTHER
predictor/corrector,VELO::VELOCITY_BC,velo.f90,W,mesh_field,OMESH_TYPE,mpi_exchange,R,velo.f90:1869,yes,yes,no,no,via=OM|OMESH|alias:OM_WW|alias:VEL_OTHER
predictor/corrector,VELO::VELOCITY_BC,velo.f90,WS,mesh_field,OMESH_TYPE,mpi_exchange,R,velo.f90:1865,yes,yes,no,no,via=OM|OMESH|alias:OM_WW|alias:VEL_OTHER
predictor/corrector,VELO::VELOCITY_FLUX,velo.f90,CC_IBM,module_global,GLOBAL_CONSTANTS,runtime_scalar,R,velo.f90:607,no,yes,no,no,
predictor/corrector,VELO::VELOCITY_FLUX,velo.f90,CTRL_DIRECT_FORCE,module_global,GLOBAL_CONSTANTS,runtime_scalar,R,velo.f90:839,no,yes,no,no,
predictor/corrector,VELO::VELOCITY_FLUX,velo.f90,FVEC,module_global,GLOBAL_CONSTANTS,runtime_array,R,velo.f90:839,no,yes,no,no,
predictor/corrector,VELO::VELOCITY_FLUX,velo.f90,GVEC,module_global,GLOBAL_CONSTANTS,runtime_array,R,velo.f90:645,no,yes,no,no,
predictor/corrector,VELO::VELOCITY_FLUX,velo.f90,I_RAMP_GX,module_global,GLOBAL_CONSTANTS,runtime_scalar,R,velo.f90:645,no,yes,no,no,
predictor/corrector,VELO::VELOCITY_FLUX,velo.f90,I_RAMP_GY,module_global,GLOBAL_CONSTANTS,runtime_scalar,R,velo.f90:646,no,yes,no,no,
predictor/corrector,VELO::VELOCITY_FLUX,velo.f90,I_RAMP_GZ,module_global,GLOBAL_CONSTANTS,runtime_scalar,R,velo.f90:647,no,yes,no,no,
predictor/corrector,VELO::VELOCITY_FLUX,velo.f90,OPEN_WIND_BOUNDARY,module_global,GLOBAL_CONSTANTS,runtime_scalar,R,velo.f90:837,no,yes,no,no,
predictor/corrector,VELO::VELOCITY_FLUX,velo.f90,OVEC,module_global,GLOBAL_CONSTANTS,runtime_array,R,velo.f90:840,no,yes,no,no,
predictor/corrector,VELO::VELOCITY_FLUX,velo.f90,PATCH_VELOCITY,module_global,GLOBAL_CONSTANTS,runtime_scalar,R,velo.f90:841,no,yes,no,no,
predictor/corrector,VELO::VELOCITY_FLUX,velo.f90,PERIODIC_TEST,module_global,GLOBAL_CONSTANTS,runtime_scalar,R,velo.f90:842,no,yes,no,no,
predictor/corrector,VELO::VELOCITY_FLUX,velo.f90,SPATIAL_GRAVITY_VARIATION,module_global,GLOBAL_CONSTANTS,runtime_scalar,R,velo.f90:644,no,yes,no,no,
predictor/corrector,VELO::VELOCITY_FLUX,velo.f90,T_USED,module_global,GLOBAL_CONSTANTS,runtime_array,RW,velo.f90:608,no,yes,no,no,
predictor/corrector,VELO::VELOCITY_FLUX,velo.f90,CELL,mesh_field,MESH_TYPE,wall_obst_cutcell,R,velo.f90:678,no,yes,no,no,via=ptr
predictor/corrector,VELO::VELOCITY_FLUX,velo.f90,CELL_INDEX,mesh_field,MESH_TYPE,wall_obst_cutcell,R,velo.f90:677,no,yes,no,no,via=ptr
predictor/corrector,VELO::VELOCITY_FLUX,velo.f90,D,mesh_field,MESH_TYPE,cell_centred_solution,R,velo.f90:594,no,yes,no,no,via=alias:DP|ptr
predictor/corrector,VELO::VELOCITY_FLUX,velo.f90,DS,mesh_field,MESH_TYPE,cell_centred_solution,R,velo.f90:588,no,yes,no,no,via=alias:DP|ptr
predictor/corrector,VELO::VELOCITY_FLUX,velo.f90,EDGE,mesh_field,MESH_TYPE,ghost_boundary,R,velo.f90:682,no,yes,no,no,via=ptr
predictor/corrector,VELO::VELOCITY_FLUX,velo.f90,FVX,mesh_field,MESH_TYPE,face_centred_flux,W,velo.f90:711,no,yes,no,no,via=ptr
predictor/corrector,VELO::VELOCITY_FLUX,velo.f90,FVY,mesh_field,MESH_TYPE,face_centred_flux,W,velo.f90:769,no,yes,no,no,via=ptr
predictor/corrector,VELO::VELOCITY_FLUX,velo.f90,FVZ,mesh_field,MESH_TYPE,face_centred_flux,W,velo.f90:827,no,yes,no,no,via=ptr
predictor/corrector,VELO::VELOCITY_FLUX,velo.f90,IBAR,mesh_field,MESH_TYPE,grid_geometry,R,velo.f90:621,no,yes,no,no,via=ptr
predictor/corrector,VELO::VELOCITY_FLUX,velo.f90,JBAR,mesh_field,MESH_TYPE,grid_geometry,R,velo.f90:620,no,yes,no,no,via=ptr
predictor/corrector,VELO::VELOCITY_FLUX,velo.f90,KBAR,mesh_field,MESH_TYPE,grid_geometry,R,velo.f90:619,no,yes,no,no,via=ptr
predictor/corrector,VELO::VELOCITY_FLUX,velo.f90,MU,mesh_field,MESH_TYPE,cell_centred_solution,R,velo.f90:631,no,yes,no,no,via=ptr
predictor/corrector,VELO::VELOCITY_FLUX,velo.f90,RDX,mesh_field,MESH_TYPE,grid_geometry,R,velo.f90:759,no,yes,no,no,via=ptr
predictor/corrector,VELO::VELOCITY_FLUX,velo.f90,RDXN,mesh_field,MESH_TYPE,grid_geometry,R,velo.f90:623,no,yes,no,no,via=ptr
predictor/corrector,VELO::VELOCITY_FLUX,velo.f90,RDY,mesh_field,MESH_TYPE,grid_geometry,R,velo.f90:701,no,yes,no,no,via=ptr
predictor/corrector,VELO::VELOCITY_FLUX,velo.f90,RDYN,mesh_field,MESH_TYPE,grid_geometry,R,velo.f90:622,no,yes,no,no,via=ptr
predictor/corrector,VELO::VELOCITY_FLUX,velo.f90,RDZ,mesh_field,MESH_TYPE,grid_geometry,R,velo.f90:702,no,yes,no,no,via=ptr
predictor/corrector,VELO::VELOCITY_FLUX,velo.f90,RDZN,mesh_field,MESH_TYPE,grid_geometry,R,velo.f90:624,no,yes,no,no,via=ptr
predictor/corrector,VELO::VELOCITY_FLUX,velo.f90,RHO,mesh_field,MESH_TYPE,cell_centred_solution,R,velo.f90:595,no,yes,no,no,via=alias:RHOP|ptr
predictor/corrector,VELO::VELOCITY_FLUX,velo.f90,RHOS,mesh_field,MESH_TYPE,cell_centred_solution,R,velo.f90:589,no,yes,no,no,via=alias:RHOP|ptr
predictor/corrector,VELO::VELOCITY_FLUX,velo.f90,RHO_0,mesh_field,MESH_TYPE,other,R,velo.f90:711,no,yes,no,no,via=ptr
predictor/corrector,VELO::VELOCITY_FLUX,velo.f90,U,mesh_field,MESH_TYPE,face_centred_flux,RW,velo.f90:591,no,yes,no,no,via=alias:UU|ptr
predictor/corrector,VELO::VELOCITY_FLUX,velo.f90,US,mesh_field,MESH_TYPE,face_centred_flux,RW,velo.f90:585,no,yes,no,no,via=alias:UU|ptr
predictor/corrector,VELO::VELOCITY_FLUX,velo.f90,V,mesh_field,MESH_TYPE,face_centred_flux,RW,velo.f90:592,no,yes,no,no,via=alias:VV|ptr
predictor/corrector,VELO::VELOCITY_FLUX,velo.f90,VS,mesh_field,MESH_TYPE,face_centred_flux,RW,velo.f90:586,no,yes,no,no,via=alias:VV|ptr
predictor/corrector,VELO::VELOCITY_FLUX,velo.f90,W,mesh_field,MESH_TYPE,face_centred_flux,RW,velo.f90:593,no,yes,no,no,via=alias:WW|ptr
predictor/corrector,VELO::VELOCITY_FLUX,velo.f90,WORK1,mesh_field,MESH_TYPE,scratch_work,RW,velo.f90:598,no,yes,no,no,via=alias:TXY|ptr
predictor/corrector,VELO::VELOCITY_FLUX,velo.f90,WORK2,mesh_field,MESH_TYPE,scratch_work,RW,velo.f90:599,no,yes,no,no,via=alias:TXZ|ptr
predictor/corrector,VELO::VELOCITY_FLUX,velo.f90,WORK3,mesh_field,MESH_TYPE,scratch_work,RW,velo.f90:600,no,yes,no,no,via=alias:TYZ|ptr
predictor/corrector,VELO::VELOCITY_FLUX,velo.f90,WORK4,mesh_field,MESH_TYPE,scratch_work,RW,velo.f90:601,no,yes,no,no,via=alias:OMX|ptr
predictor/corrector,VELO::VELOCITY_FLUX,velo.f90,WORK5,mesh_field,MESH_TYPE,scratch_work,RW,velo.f90:602,no,yes,no,no,via=alias:OMY|ptr
predictor/corrector,VELO::VELOCITY_FLUX,velo.f90,WORK6,mesh_field,MESH_TYPE,scratch_work,RW,velo.f90:603,no,yes,no,no,via=alias:OMZ|ptr
predictor/corrector,VELO::VELOCITY_FLUX,velo.f90,WS,mesh_field,MESH_TYPE,face_centred_flux,RW,velo.f90:587,no,yes,no,no,via=alias:WW|ptr
predictor/corrector,VELO::VELOCITY_FLUX,velo.f90,X,mesh_field,MESH_TYPE,grid_geometry,R,velo.f90:650,no,yes,no,no,via=ptr
predictor/corrector,VELO::VELOCITY_FLUX::CORIOLIS_FORCE,velo.f90,OVEC,module_global,GLOBAL_CONSTANTS,runtime_array,R,velo.f90:997,no,yes,no,no,
predictor/corrector,VELO::VELOCITY_FLUX::CORIOLIS_FORCE,velo.f90,BOUNDARY_COORD,mesh_field,MESH_TYPE,wall_obst_cutcell,R,velo.f90:983,no,yes,no,no,via=alias:BC|ptr
predictor/corrector,VELO::VELOCITY_FLUX::CORIOLIS_FORCE,velo.f90,FVX,mesh_field,MESH_TYPE,face_centred_flux,RW,velo.f90:997,no,yes,no,no,via=ptr
predictor/corrector,VELO::VELOCITY_FLUX::CORIOLIS_FORCE,velo.f90,FVY,mesh_field,MESH_TYPE,face_centred_flux,RW,velo.f90:1011,no,yes,no,no,via=ptr
predictor/corrector,VELO::VELOCITY_FLUX::CORIOLIS_FORCE,velo.f90,FVZ,mesh_field,MESH_TYPE,face_centred_flux,RW,velo.f90:1025,no,yes,no,no,via=ptr
predictor/corrector,VELO::VELOCITY_FLUX::CORIOLIS_FORCE,velo.f90,IBAR,mesh_field,MESH_TYPE,grid_geometry,R,velo.f90:972,no,yes,no,no,via=ptr
predictor/corrector,VELO::VELOCITY_FLUX::CORIOLIS_FORCE,velo.f90,JBAR,mesh_field,MESH_TYPE,grid_geometry,R,velo.f90:971,no,yes,no,no,via=ptr
predictor/corrector,VELO::VELOCITY_FLUX::CORIOLIS_FORCE,velo.f90,KBAR,mesh_field,MESH_TYPE,grid_geometry,R,velo.f90:970,no,yes,no,no,via=ptr
predictor/corrector,VELO::VELOCITY_FLUX::CORIOLIS_FORCE,velo.f90,N_EXTERNAL_WALL_CELLS,mesh_field,MESH_TYPE,ghost_boundary,R,velo.f90:981,no,yes,no,no,via=ptr
predictor/corrector,VELO::VELOCITY_FLUX::CORIOLIS_FORCE,velo.f90,U,mesh_field,MESH_TYPE,face_centred_flux,R,velo.f90:973,no,yes,no,no,via=alias:UU
predictor/corrector,VELO::VELOCITY_FLUX::CORIOLIS_FORCE,velo.f90,US,mesh_field,MESH_TYPE,face_centred_flux,R,velo.f90:973,no,yes,no,no,via=alias:UU
predictor/corrector,VELO::VELOCITY_FLUX::CORIOLIS_FORCE,velo.f90,U_GHOST,mesh_field,MESH_TYPE,ghost_boundary,R,velo.f90:984,no,yes,no,no,via=ptr
predictor/corrector,VELO::VELOCITY_FLUX::CORIOLIS_FORCE,velo.f90,V,mesh_field,MESH_TYPE,face_centred_flux,R,velo.f90:974,no,yes,no,no,via=alias:VV
predictor/corrector,VELO::VELOCITY_FLUX::CORIOLIS_FORCE,velo.f90,VS,mesh_field,MESH_TYPE,face_centred_flux,R,velo.f90:974,no,yes,no,no,via=alias:VV
predictor/corrector,VELO::VELOCITY_FLUX::CORIOLIS_FORCE,velo.f90,V_GHOST,mesh_field,MESH_TYPE,ghost_boundary,R,velo.f90:985,no,yes,no,no,via=ptr
predictor/corrector,VELO::VELOCITY_FLUX::CORIOLIS_FORCE,velo.f90,W,mesh_field,MESH_TYPE,face_centred_flux,R,velo.f90:975,no,yes,no,no,via=alias:WW
predictor/corrector,VELO::VELOCITY_FLUX::CORIOLIS_FORCE,velo.f90,WALL,mesh_field,MESH_TYPE,wall_obst_cutcell,R,velo.f90:982,no,yes,no,no,via=alias:WC|ptr
predictor/corrector,VELO::VELOCITY_FLUX::CORIOLIS_FORCE,velo.f90,WORK7,mesh_field,MESH_TYPE,scratch_work,RW,velo.f90:962,no,yes,no,no,via=alias:UP|ptr
predictor/corrector,VELO::VELOCITY_FLUX::CORIOLIS_FORCE,velo.f90,WORK8,mesh_field,MESH_TYPE,scratch_work,RW,velo.f90:963,no,yes,no,no,via=alias:VP|ptr
predictor/corrector,VELO::VELOCITY_FLUX::CORIOLIS_FORCE,velo.f90,WORK9,mesh_field,MESH_TYPE,scratch_work,RW,velo.f90:964,no,yes,no,no,via=alias:WP|ptr
predictor/corrector,VELO::VELOCITY_FLUX::CORIOLIS_FORCE,velo.f90,WS,mesh_field,MESH_TYPE,face_centred_flux,R,velo.f90:975,no,yes,no,no,via=alias:WW
predictor/corrector,VELO::VELOCITY_FLUX::CORIOLIS_FORCE,velo.f90,W_GHOST,mesh_field,MESH_TYPE,ghost_boundary,R,velo.f90:986,no,yes,no,no,via=ptr
predictor/corrector,VELO::VELOCITY_FLUX::DIRECT_FORCE,velo.f90,CONTROL,module_global,CONTROL_VARIABLES,runtime_array,R,velo.f90:871,no,yes,no,no,
predictor/corrector,VELO::VELOCITY_FLUX::DIRECT_FORCE,velo.f90,N_CTRL,module_global,CONTROL_VARIABLES,runtime_scalar,R,velo.f90:870,no,yes,no,no,
predictor/corrector,VELO::VELOCITY_FLUX::DIRECT_FORCE,velo.f90,CTRL_DIRECT_FORCE,module_global,GLOBAL_CONSTANTS,runtime_scalar,R,velo.f90:869,no,yes,no,no,
predictor/corrector,VELO::VELOCITY_FLUX::DIRECT_FORCE,velo.f90,FVEC,module_global,GLOBAL_CONSTANTS,runtime_array,RW,velo.f90:871,no,yes,no,no,
predictor/corrector,VELO::VELOCITY_FLUX::DIRECT_FORCE,velo.f90,I_RAMP_DIRECTION_T,module_global,GLOBAL_CONSTANTS,runtime_scalar,R,velo.f90:877,no,yes,no,no,
predictor/corrector,VELO::VELOCITY_FLUX::DIRECT_FORCE,velo.f90,I_RAMP_FVX_T,module_global,GLOBAL_CONSTANTS,runtime_scalar,R,velo.f90:887,no,yes,no,no,
predictor/corrector,VELO::VELOCITY_FLUX::DIRECT_FORCE,velo.f90,I_RAMP_FVY_T,module_global,GLOBAL_CONSTANTS,runtime_scalar,R,velo.f90:908,no,yes,no,no,
predictor/corrector,VELO::VELOCITY_FLUX::DIRECT_FORCE,velo.f90,I_RAMP_FVZ_T,module_global,GLOBAL_CONSTANTS,runtime_scalar,R,velo.f90:929,no,yes,no,no,
predictor/corrector,VELO::VELOCITY_FLUX::DIRECT_FORCE,velo.f90,I_RAMP_PGF_T,module_global,GLOBAL_CONSTANTS,runtime_scalar,R,velo.f90:889,no,yes,no,no,
predictor/corrector,VELO::VELOCITY_FLUX::DIRECT_FORCE,velo.f90,FVX,mesh_field,MESH_TYPE,face_centred_flux,RW,velo.f90:900,no,yes,no,no,via=ptr
predictor/corrector,VELO::VELOCITY_FLUX::DIRECT_FORCE,velo.f90,FVY,mesh_field,MESH_TYPE,face_centred_flux,RW,velo.f90:921,no,yes,no,no,via=ptr
predictor/corrector,VELO::VELOCITY_FLUX::DIRECT_FORCE,velo.f90,FVZ,mesh_field,MESH_TYPE,face_centred_flux,RW,velo.f90:942,no,yes,no,no,via=ptr
predictor/corrector,VELO::VELOCITY_FLUX::DIRECT_FORCE,velo.f90,IBAR,mesh_field,MESH_TYPE,grid_geometry,R,velo.f90:898,no,yes,no,no,via=ptr
predictor/corrector,VELO::VELOCITY_FLUX::DIRECT_FORCE,velo.f90,JBAR,mesh_field,MESH_TYPE,grid_geometry,R,velo.f90:897,no,yes,no,no,via=ptr
predictor/corrector,VELO::VELOCITY_FLUX::DIRECT_FORCE,velo.f90,KBAR,mesh_field,MESH_TYPE,grid_geometry,R,velo.f90:896,no,yes,no,no,via=ptr
predictor/corrector,VELO::VELOCITY_FLUX::DIRECT_FORCE,velo.f90,RHO,mesh_field,MESH_TYPE,cell_centred_solution,R,velo.f90:899,no,yes,no,no,via=alias:RHOP
predictor/corrector,VELO::VELOCITY_FLUX::DIRECT_FORCE,velo.f90,RHOS,mesh_field,MESH_TYPE,cell_centred_solution,R,velo.f90:899,no,yes,no,no,via=alias:RHOP
predictor/corrector,VELO::VELOCITY_FLUX::MMS_VELOCITY_FLUX,velo.f90,FVX,mesh_field,MESH_TYPE,face_centred_flux,RW,velo.f90:1043,no,no,no,no,via=ptr
predictor/corrector,VELO::VELOCITY_FLUX::MMS_VELOCITY_FLUX,velo.f90,FVZ,mesh_field,MESH_TYPE,face_centred_flux,RW,velo.f90:1051,no,no,no,no,via=ptr
predictor/corrector,VELO::VELOCITY_FLUX::MMS_VELOCITY_FLUX,velo.f90,IBAR,mesh_field,MESH_TYPE,grid_geometry,R,velo.f90:1042,no,no,no,no,via=ptr
predictor/corrector,VELO::VELOCITY_FLUX::MMS_VELOCITY_FLUX,velo.f90,JBAR,mesh_field,MESH_TYPE,grid_geometry,R,velo.f90:1041,no,no,no,no,via=ptr
predictor/corrector,VELO::VELOCITY_FLUX::MMS_VELOCITY_FLUX,velo.f90,KBAR,mesh_field,MESH_TYPE,grid_geometry,R,velo.f90:1040,no,no,no,no,via=ptr
predictor/corrector,VELO::VELOCITY_FLUX::MMS_VELOCITY_FLUX,velo.f90,X,mesh_field,MESH_TYPE,grid_geometry,R,velo.f90:1043,no,no,no,no,via=ptr
predictor/corrector,VELO::VELOCITY_FLUX::MMS_VELOCITY_FLUX,velo.f90,XC,mesh_field,MESH_TYPE,grid_geometry,R,velo.f90:1051,no,no,no,no,via=ptr
predictor/corrector,VELO::VELOCITY_FLUX::MMS_VELOCITY_FLUX,velo.f90,Z,mesh_field,MESH_TYPE,grid_geometry,R,velo.f90:1051,no,no,no,no,via=ptr
predictor/corrector,VELO::VELOCITY_FLUX::MMS_VELOCITY_FLUX,velo.f90,ZC,mesh_field,MESH_TYPE,grid_geometry,R,velo.f90:1043,no,no,no,no,via=ptr
predictor/corrector,VELO::VELOCITY_FLUX::PATCH_VELOCITY_FLUX,velo.f90,DEVICE,module_global,DEVICE_VARIABLES,runtime_array,R,velo.f90:1083,no,yes,no,yes,
predictor/corrector,VELO::VELOCITY_FLUX::PATCH_VELOCITY_FLUX,velo.f90,N_DEVC,module_global,DEVICE_VARIABLES,runtime_scalar,R,velo.f90:1081,no,yes,no,yes,
predictor/corrector,VELO::VELOCITY_FLUX::PATCH_VELOCITY_FLUX,velo.f90,PROPERTY,module_global,DEVICE_VARIABLES,runtime_array,R,velo.f90:1092,no,yes,no,yes,
predictor/corrector,VELO::VELOCITY_FLUX::PATCH_VELOCITY_FLUX,velo.f90,CELL,mesh_field,MESH_TYPE,wall_obst_cutcell,R,velo.f90:1111,no,yes,no,yes,via=ptr
predictor/corrector,VELO::VELOCITY_FLUX::PATCH_VELOCITY_FLUX,velo.f90,CELL_INDEX,mesh_field,MESH_TYPE,wall_obst_cutcell,R,velo.f90:1109,no,yes,no,yes,via=ptr
predictor/corrector,VELO::VELOCITY_FLUX::PATCH_VELOCITY_FLUX,velo.f90,FVX,mesh_field,MESH_TYPE,face_centred_flux,W,velo.f90:1124,no,yes,no,yes,via=ptr
predictor/corrector,VELO::VELOCITY_FLUX::PATCH_VELOCITY_FLUX,velo.f90,FVY,mesh_field,MESH_TYPE,face_centred_flux,W,velo.f90:1158,no,yes,no,yes,via=ptr
predictor/corrector,VELO::VELOCITY_FLUX::PATCH_VELOCITY_FLUX,velo.f90,FVZ,mesh_field,MESH_TYPE,face_centred_flux,W,velo.f90:1191,no,yes,no,yes,via=ptr
predictor/corrector,VELO::VELOCITY_FLUX::PATCH_VELOCITY_FLUX,velo.f90,H,mesh_field,MESH_TYPE,cell_centred_solution,R,velo.f90:1078,no,yes,no,yes,via=alias:HP|ptr
predictor/corrector,VELO::VELOCITY_FLUX::PATCH_VELOCITY_FLUX,velo.f90,HS,mesh_field,MESH_TYPE,cell_centred_solution,R,velo.f90:1076,no,yes,no,yes,via=alias:HP|ptr
predictor/corrector,VELO::VELOCITY_FLUX::PATCH_VELOCITY_FLUX,velo.f90,IBAR,mesh_field,MESH_TYPE,grid_geometry,R,velo.f90:1099,no,yes,no,yes,via=ptr
predictor/corrector,VELO::VELOCITY_FLUX::PATCH_VELOCITY_FLUX,velo.f90,JBAR,mesh_field,MESH_TYPE,grid_geometry,R,velo.f90:1101,no,yes,no,yes,via=ptr
predictor/corrector,VELO::VELOCITY_FLUX::PATCH_VELOCITY_FLUX,velo.f90,KBAR,mesh_field,MESH_TYPE,grid_geometry,R,velo.f90:1103,no,yes,no,yes,via=ptr
predictor/corrector,VELO::VELOCITY_FLUX::PATCH_VELOCITY_FLUX,velo.f90,RDETA,mesh_field,MESH_TYPE,grid_geometry,R,velo.f90:1100,no,yes,no,yes,via=ptr
predictor/corrector,VELO::VELOCITY_FLUX::PATCH_VELOCITY_FLUX,velo.f90,RDXI,mesh_field,MESH_TYPE,grid_geometry,R,velo.f90:1098,no,yes,no,yes,via=ptr
predictor/corrector,VELO::VELOCITY_FLUX::PATCH_VELOCITY_FLUX,velo.f90,RDXN,mesh_field,MESH_TYPE,grid_geometry,R,velo.f90:1124,no,yes,no,yes,via=ptr
predictor/corrector,VELO::VELOCITY_FLUX::PATCH_VELOCITY_FLUX,velo.f90,RDYN,mesh_field,MESH_TYPE,grid_geometry,R,velo.f90:1158,no,yes,no,yes,via=ptr
predictor/corrector,VELO::VELOCITY_FLUX::PATCH_VELOCITY_FLUX,velo.f90,RDZETA,mesh_field,MESH_TYPE,grid_geometry,R,velo.f90:1102,no,yes,no,yes,via=ptr
predictor/corrector,VELO::VELOCITY_FLUX::PATCH_VELOCITY_FLUX,velo.f90,RDZN,mesh_field,MESH_TYPE,grid_geometry,R,velo.f90:1191,no,yes,no,yes,via=ptr
predictor/corrector,VELO::VELOCITY_FLUX::PATCH_VELOCITY_FLUX,velo.f90,U,mesh_field,MESH_TYPE,face_centred_flux,R,velo.f90:1124,no,yes,no,yes,via=alias:UU
predictor/corrector,VELO::VELOCITY_FLUX::PATCH_VELOCITY_FLUX,velo.f90,US,mesh_field,MESH_TYPE,face_centred_flux,R,velo.f90:1124,no,yes,no,yes,via=alias:UU
predictor/corrector,VELO::VELOCITY_FLUX::PATCH_VELOCITY_FLUX,velo.f90,V,mesh_field,MESH_TYPE,face_centred_flux,R,velo.f90:1158,no,yes,no,yes,via=alias:VV
predictor/corrector,VELO::VELOCITY_FLUX::PATCH_VELOCITY_FLUX,velo.f90,VS,mesh_field,MESH_TYPE,face_centred_flux,R,velo.f90:1158,no,yes,no,yes,via=alias:VV
predictor/corrector,VELO::VELOCITY_FLUX::PATCH_VELOCITY_FLUX,velo.f90,W,mesh_field,MESH_TYPE,face_centred_flux,R,velo.f90:1191,no,yes,no,yes,via=alias:WW
predictor/corrector,VELO::VELOCITY_FLUX::PATCH_VELOCITY_FLUX,velo.f90,WS,mesh_field,MESH_TYPE,face_centred_flux,R,velo.f90:1191,no,yes,no,yes,via=alias:WW
predictor/corrector,VELO::VELOCITY_FLUX::PATCH_VELOCITY_FLUX,velo.f90,X,mesh_field,MESH_TYPE,grid_geometry,R,velo.f90:1113,no,yes,no,yes,via=ptr
predictor/corrector,VELO::VELOCITY_FLUX::PATCH_VELOCITY_FLUX,velo.f90,XC,mesh_field,MESH_TYPE,grid_geometry,R,velo.f90:1147,no,yes,no,yes,via=ptr
predictor/corrector,VELO::VELOCITY_FLUX::PATCH_VELOCITY_FLUX,velo.f90,XF,mesh_field,MESH_TYPE,grid_geometry,R,velo.f90:1088,no,yes,no,yes,via=ptr
predictor/corrector,VELO::VELOCITY_FLUX::PATCH_VELOCITY_FLUX,velo.f90,XS,mesh_field,MESH_TYPE,grid_geometry,R,velo.f90:1088,no,yes,no,yes,via=ptr
predictor/corrector,VELO::VELOCITY_FLUX::PATCH_VELOCITY_FLUX,velo.f90,Y,mesh_field,MESH_TYPE,grid_geometry,R,velo.f90:1148,no,yes,no,yes,via=ptr
predictor/corrector,VELO::VELOCITY_FLUX::PATCH_VELOCITY_FLUX,velo.f90,YC,mesh_field,MESH_TYPE,grid_geometry,R,velo.f90:1114,no,yes,no,yes,via=ptr
predictor/corrector,VELO::VELOCITY_FLUX::PATCH_VELOCITY_FLUX,velo.f90,YF,mesh_field,MESH_TYPE,grid_geometry,R,velo.f90:1089,no,yes,no,yes,via=ptr
predictor/corrector,VELO::VELOCITY_FLUX::PATCH_VELOCITY_FLUX,velo.f90,YS,mesh_field,MESH_TYPE,grid_geometry,R,velo.f90:1089,no,yes,no,yes,via=ptr
predictor/corrector,VELO::VELOCITY_FLUX::PATCH_VELOCITY_FLUX,velo.f90,Z,mesh_field,MESH_TYPE,grid_geometry,R,velo.f90:1182,no,yes,no,yes,via=ptr
predictor/corrector,VELO::VELOCITY_FLUX::PATCH_VELOCITY_FLUX,velo.f90,ZC,mesh_field,MESH_TYPE,grid_geometry,R,velo.f90:1115,no,yes,no,yes,via=ptr
predictor/corrector,VELO::VELOCITY_FLUX::PATCH_VELOCITY_FLUX,velo.f90,ZF,mesh_field,MESH_TYPE,grid_geometry,R,velo.f90:1090,no,yes,no,yes,via=ptr
predictor/corrector,VELO::VELOCITY_FLUX::PATCH_VELOCITY_FLUX,velo.f90,ZS,mesh_field,MESH_TYPE,grid_geometry,R,velo.f90:1090,no,yes,no,yes,via=ptr
predictor/corrector,VELO::VELOCITY_FLUX_CYLINDRICAL,velo.f90,GVEC,module_global,GLOBAL_CONSTANTS,runtime_array,R,velo.f90:1258,no,yes,no,no,
predictor/corrector,VELO::VELOCITY_FLUX_CYLINDRICAL,velo.f90,I_RAMP_GZ,module_global,GLOBAL_CONSTANTS,runtime_scalar,R,velo.f90:1258,no,yes,no,no,
predictor/corrector,VELO::VELOCITY_FLUX_CYLINDRICAL,velo.f90,T_USED,module_global,GLOBAL_CONSTANTS,runtime_array,RW,velo.f90:1339,no,yes,no,no,
predictor/corrector,VELO::VELOCITY_FLUX_CYLINDRICAL,velo.f90,CELL,mesh_field,MESH_TYPE,wall_obst_cutcell,R,velo.f90:1279,no,yes,no,no,via=ptr
predictor/corrector,VELO::VELOCITY_FLUX_CYLINDRICAL,velo.f90,CELL_INDEX,mesh_field,MESH_TYPE,wall_obst_cutcell,R,velo.f90:1278,no,yes,no,no,via=ptr
predictor/corrector,VELO::VELOCITY_FLUX_CYLINDRICAL,velo.f90,D,mesh_field,MESH_TYPE,cell_centred_solution,R,velo.f90:1234,no,yes,no,no,via=alias:DP|ptr
predictor/corrector,VELO::VELOCITY_FLUX_CYLINDRICAL,velo.f90,DS,mesh_field,MESH_TYPE,cell_centred_solution,R,velo.f90:1229,no,yes,no,no,via=alias:DP|ptr
predictor/corrector,VELO::VELOCITY_FLUX_CYLINDRICAL,velo.f90,EDGE,mesh_field,MESH_TYPE,ghost_boundary,R,velo.f90:1281,no,yes,no,no,via=ptr
predictor/corrector,VELO::VELOCITY_FLUX_CYLINDRICAL,velo.f90,FVX,mesh_field,MESH_TYPE,face_centred_flux,W,velo.f90:1300,no,yes,no,no,via=ptr
predictor/corrector,VELO::VELOCITY_FLUX_CYLINDRICAL,velo.f90,FVZ,mesh_field,MESH_TYPE,face_centred_flux,W,velo.f90:1335,no,yes,no,no,via=ptr
predictor/corrector,VELO::VELOCITY_FLUX_CYLINDRICAL,velo.f90,IBAR,mesh_field,MESH_TYPE,grid_geometry,R,velo.f90:1245,no,yes,no,no,via=ptr
predictor/corrector,VELO::VELOCITY_FLUX_CYLINDRICAL,velo.f90,JBAR,mesh_field,MESH_TYPE,grid_geometry,R,velo.f90:1244,no,yes,no,no,via=ptr
predictor/corrector,VELO::VELOCITY_FLUX_CYLINDRICAL,velo.f90,KBAR,mesh_field,MESH_TYPE,grid_geometry,R,velo.f90:1243,no,yes,no,no,via=ptr
predictor/corrector,VELO::VELOCITY_FLUX_CYLINDRICAL,velo.f90,MU,mesh_field,MESH_TYPE,cell_centred_solution,R,velo.f90:1249,no,yes,no,no,via=ptr
predictor/corrector,VELO::VELOCITY_FLUX_CYLINDRICAL,velo.f90,R,mesh_field,MESH_TYPE,grid_geometry,R,velo.f90:1299,no,yes,no,no,via=ptr
predictor/corrector,VELO::VELOCITY_FLUX_CYLINDRICAL,velo.f90,RDX,mesh_field,MESH_TYPE,grid_geometry,R,velo.f90:1328,no,yes,no,no,via=ptr
predictor/corrector,VELO::VELOCITY_FLUX_CYLINDRICAL,velo.f90,RDXN,mesh_field,MESH_TYPE,grid_geometry,R,velo.f90:1247,no,yes,no,no,via=ptr
predictor/corrector,VELO::VELOCITY_FLUX_CYLINDRICAL,velo.f90,RDZ,mesh_field,MESH_TYPE,grid_geometry,R,velo.f90:1292,no,yes,no,no,via=ptr
predictor/corrector,VELO::VELOCITY_FLUX_CYLINDRICAL,velo.f90,RDZN,mesh_field,MESH_TYPE,grid_geometry,R,velo.f90:1246,no,yes,no,no,via=ptr
predictor/corrector,VELO::VELOCITY_FLUX_CYLINDRICAL,velo.f90,RHO,mesh_field,MESH_TYPE,cell_centred_solution,R,velo.f90:1235,no,yes,no,no,via=alias:RHOP|ptr
predictor/corrector,VELO::VELOCITY_FLUX_CYLINDRICAL,velo.f90,RHOS,mesh_field,MESH_TYPE,cell_centred_solution,R,velo.f90:1230,no,yes,no,no,via=alias:RHOP|ptr
predictor/corrector,VELO::VELOCITY_FLUX_CYLINDRICAL,velo.f90,RHO_0,mesh_field,MESH_TYPE,other,R,velo.f90:1291,no,yes,no,no,via=ptr
predictor/corrector,VELO::VELOCITY_FLUX_CYLINDRICAL,velo.f90,RRN,mesh_field,MESH_TYPE,grid_geometry,R,velo.f90:1328,no,yes,no,no,via=ptr
predictor/corrector,VELO::VELOCITY_FLUX_CYLINDRICAL,velo.f90,U,mesh_field,MESH_TYPE,face_centred_flux,R,velo.f90:1232,no,yes,no,no,via=alias:UU|ptr
predictor/corrector,VELO::VELOCITY_FLUX_CYLINDRICAL,velo.f90,US,mesh_field,MESH_TYPE,face_centred_flux,R,velo.f90:1227,no,yes,no,no,via=alias:UU|ptr
predictor/corrector,VELO::VELOCITY_FLUX_CYLINDRICAL,velo.f90,W,mesh_field,MESH_TYPE,face_centred_flux,R,velo.f90:1233,no,yes,no,no,via=alias:WW|ptr
predictor/corrector,VELO::VELOCITY_FLUX_CYLINDRICAL,velo.f90,WORK2,mesh_field,MESH_TYPE,scratch_work,RW,velo.f90:1238,no,yes,no,no,via=alias:TXZ|ptr
predictor/corrector,VELO::VELOCITY_FLUX_CYLINDRICAL,velo.f90,WORK5,mesh_field,MESH_TYPE,scratch_work,RW,velo.f90:1239,no,yes,no,no,via=alias:OMY|ptr
predictor/corrector,VELO::VELOCITY_FLUX_CYLINDRICAL,velo.f90,WS,mesh_field,MESH_TYPE,face_centred_flux,R,velo.f90:1228,no,yes,no,no,via=alias:WW|ptr
predictor/corrector,VELO::VELOCITY_FLUX_CYLINDRICAL,velo.f90,XS,mesh_field,MESH_TYPE,grid_geometry,R,velo.f90:1262,no,yes,no,no,via=ptr
predictor/corrector,VELO::VISCOSITY_BC,velo.f90,T_USED,module_global,GLOBAL_CONSTANTS,runtime_array,RW,velo.f90:552,yes,yes,no,no,
predictor/corrector,VELO::VISCOSITY_BC,velo.f90,BOUNDARY_COORD,mesh_field,MESH_TYPE,wall_obst_cutcell,R,velo.f90:518,yes,yes,no,no,via=alias:BC|ptr
predictor/corrector,VELO::VISCOSITY_BC,velo.f90,D,mesh_field,MESH_TYPE,cell_centred_solution,W,velo.f90:548,yes,yes,no,no,via=ptr
predictor/corrector,VELO::VISCOSITY_BC,velo.f90,DS,mesh_field,MESH_TYPE,cell_centred_solution,W,velo.f90:546,yes,yes,no,no,via=ptr
predictor/corrector,VELO::VISCOSITY_BC,velo.f90,EXTERNAL_WALL,mesh_field,MESH_TYPE,ghost_boundary,R,velo.f90:516,yes,yes,no,no,via=alias:EWC|ptr
predictor/corrector,VELO::VISCOSITY_BC,velo.f90,KRES,mesh_field,MESH_TYPE,cell_centred_solution,W,velo.f90:544,yes,yes,no,no,via=ptr
predictor/corrector,VELO::VISCOSITY_BC,velo.f90,MU,mesh_field,MESH_TYPE,cell_centred_solution,W,velo.f90:543,yes,yes,no,no,via=ptr
predictor/corrector,VELO::VISCOSITY_BC,velo.f90,N_EXTERNAL_WALL_CELLS,mesh_field,MESH_TYPE,ghost_boundary,R,velo.f90:514,yes,yes,no,no,via=ptr
predictor/corrector,VELO::VISCOSITY_BC,velo.f90,OMESH,mesh_field,MESH_TYPE,mpi_exchange,R,velo.f90:529,yes,yes,no,no,via=ptr
predictor/corrector,VELO::VISCOSITY_BC,velo.f90,WALL,mesh_field,MESH_TYPE,wall_obst_cutcell,R,velo.f90:515,yes,yes,no,no,via=alias:WC|ptr
predictor/corrector,VELO::VISCOSITY_BC,velo.f90,D,mesh_field,OMESH_TYPE,mpi_exchange,R,velo.f90:534,yes,yes,no,no,via=OMESH
predictor/corrector,VELO::VISCOSITY_BC,velo.f90,DS,mesh_field,OMESH_TYPE,mpi_exchange,R,velo.f90:532,yes,yes,no,no,via=OMESH
predictor/corrector,VELO::VISCOSITY_BC,velo.f90,KRES,mesh_field,OMESH_TYPE,mpi_exchange,R,velo.f90:530,yes,yes,no,no,via=OMESH
predictor/corrector,VELO::VISCOSITY_BC,velo.f90,MU,mesh_field,OMESH_TYPE,mpi_exchange,R,velo.f90:529,yes,yes,no,no,via=OMESH
predictor/corrector,VELO::WALL_VELOCITY_NO_GRADH,velo.f90,CORRECTOR,module_global,GLOBAL_CONSTANTS,runtime_scalar,R,velo.f90:3337,no,yes,no,no,
predictor/corrector,VELO::WALL_VELOCITY_NO_GRADH,velo.f90,PREDICTOR,module_global,GLOBAL_CONSTANTS,runtime_scalar,R,velo.f90:3376,no,yes,no,no,
predictor/corrector,VELO::WALL_VELOCITY_NO_GRADH,velo.f90,PRES_ON_WHOLE_DOMAIN,module_global,GLOBAL_CONSTANTS,runtime_scalar,R,velo.f90:3335,no,yes,no,no,
predictor/corrector,VELO::WALL_VELOCITY_NO_GRADH,velo.f90,BOUNDARY_COORD,mesh_field,MESH_TYPE,wall_obst_cutcell,R,velo.f90:3350,no,yes,no,no,via=alias:BC|ptr
predictor/corrector,VELO::WALL_VELOCITY_NO_GRADH,velo.f90,CELL,mesh_field,MESH_TYPE,wall_obst_cutcell,R,velo.f90:3389,no,yes,no,no,via=ptr
predictor/corrector,VELO::WALL_VELOCITY_NO_GRADH,velo.f90,CELL_INDEX,mesh_field,MESH_TYPE,wall_obst_cutcell,R,velo.f90:3386,no,yes,no,no,via=ptr
predictor/corrector,VELO::WALL_VELOCITY_NO_GRADH,velo.f90,FVX,mesh_field,MESH_TYPE,face_centred_flux,R,velo.f90:3395,no,yes,no,no,via=ptr
predictor/corrector,VELO::WALL_VELOCITY_NO_GRADH,velo.f90,FVY,mesh_field,MESH_TYPE,face_centred_flux,R,velo.f90:3399,no,yes,no,no,via=ptr
predictor/corrector,VELO::WALL_VELOCITY_NO_GRADH,velo.f90,FVZ,mesh_field,MESH_TYPE,face_centred_flux,R,velo.f90:3403,no,yes,no,no,via=ptr
predictor/corrector,VELO::WALL_VELOCITY_NO_GRADH,velo.f90,N_EXTERNAL_WALL_CELLS,mesh_field,MESH_TYPE,ghost_boundary,R,velo.f90:3344,no,yes,no,no,via=ptr
predictor/corrector,VELO::WALL_VELOCITY_NO_GRADH,velo.f90,N_INTERNAL_WALL_CELLS,mesh_field,MESH_TYPE,wall_obst_cutcell,R,velo.f90:3335,no,yes,no,no,via=ptr
predictor/corrector,VELO::WALL_VELOCITY_NO_GRADH,velo.f90,U,mesh_field,MESH_TYPE,face_centred_flux,RW,velo.f90:3355,no,yes,no,no,via=ptr
predictor/corrector,VELO::WALL_VELOCITY_NO_GRADH,velo.f90,US,mesh_field,MESH_TYPE,face_centred_flux,RW,velo.f90:3395,no,yes,no,no,via=ptr
predictor/corrector,VELO::WALL_VELOCITY_NO_GRADH,velo.f90,V,mesh_field,MESH_TYPE,face_centred_flux,RW,velo.f90:3359,no,yes,no,no,via=ptr
predictor/corrector,VELO::WALL_VELOCITY_NO_GRADH,velo.f90,VS,mesh_field,MESH_TYPE,face_centred_flux,RW,velo.f90:3399,no,yes,no,no,via=ptr
predictor/corrector,VELO::WALL_VELOCITY_NO_GRADH,velo.f90,W,mesh_field,MESH_TYPE,face_centred_flux,RW,velo.f90:3363,no,yes,no,no,via=ptr
predictor/corrector,VELO::WALL_VELOCITY_NO_GRADH,velo.f90,WALL,mesh_field,MESH_TYPE,wall_obst_cutcell,R,velo.f90:3349,no,yes,no,no,via=alias:WC|ptr
predictor/corrector,VELO::WALL_VELOCITY_NO_GRADH,velo.f90,WS,mesh_field,MESH_TYPE,face_centred_flux,RW,velo.f90:3403,no,yes,no,no,via=ptr
