stage,routine,file,variable,kind,owner,category,access,citation,crosses_meshes,hidden_state,global_reduction,uniform_grid_assumption,note
pressure,CC_SCALARS::ADD_INPLACE_NNZ_H_WHLDOM,ccib.f90,ZONE_SOLVE,module_global,TYPES,runtime_array,RW,ccib.f90:21152,no,yes,no,no,
pressure,CC_SCALARS::CC_BAROCLINIC_CORRECTION,ccib.f90,CF,module_global,CC_SCALARS,pointer,RW,ccib.f90:1683,no,yes,no,no,
pressure,CC_SCALARS::CC_BAROCLINIC_CORRECTION,ccib.f90,RCF,module_global,CC_SCALARS,pointer,RW,ccib.f90:1719,no,yes,no,no,
pressure,CC_SCALARS::CC_BAROCLINIC_CORRECTION,ccib.f90,PREDICTOR,module_global,GLOBAL_CONSTANTS,runtime_scalar,R,ccib.f90:1666,no,yes,no,no,
pressure,CC_SCALARS::CC_BAROCLINIC_CORRECTION,ccib.f90,T_USED,module_global,GLOBAL_CONSTANTS,runtime_array,RW,ccib.f90:1762,no,yes,no,no,
pressure,CC_SCALARS::CC_BAROCLINIC_CORRECTION,ccib.f90,BAROCLINIC_TERMS_ATTACHED,mesh_field,MESH_TYPE,other,R,ccib.f90:1681,no,yes,no,no,via=ptr
pressure,CC_SCALARS::CC_BAROCLINIC_CORRECTION,ccib.f90,CC_NRCFACE_Z,mesh_field,MESH_TYPE,wall_obst_cutcell,R,ccib.f90:1718,no,yes,no,no,via=MESHES
pressure,CC_SCALARS::CC_BAROCLINIC_CORRECTION,ccib.f90,CUT_FACE,mesh_field,MESH_TYPE,wall_obst_cutcell,RW,ccib.f90:1683,no,yes,no,no,via=alias:CF|ptr
pressure,CC_SCALARS::CC_BAROCLINIC_CORRECTION,ccib.f90,DX,mesh_field,MESH_TYPE,grid_geometry,R,ccib.f90:1707,no,yes,no,no,via=ptr
pressure,CC_SCALARS::CC_BAROCLINIC_CORRECTION,ccib.f90,DY,mesh_field,MESH_TYPE,grid_geometry,R,ccib.f90:1706,no,yes,no,no,via=ptr
pressure,CC_SCALARS::CC_BAROCLINIC_CORRECTION,ccib.f90,DZ,mesh_field,MESH_TYPE,grid_geometry,R,ccib.f90:1706,no,yes,no,no,via=ptr
pressure,CC_SCALARS::CC_BAROCLINIC_CORRECTION,ccib.f90,EXTERNAL_WALL,mesh_field,MESH_TYPE,ghost_boundary,R,ccib.f90:1695,no,yes,no,no,via=ptr
pressure,CC_SCALARS::CC_BAROCLINIC_CORRECTION,ccib.f90,FVX,mesh_field,MESH_TYPE,face_centred_flux,RW,ccib.f90:1677,no,yes,no,no,via=ptr
pressure,CC_SCALARS::CC_BAROCLINIC_CORRECTION,ccib.f90,FVX_B,mesh_field,MESH_TYPE,face_centred_flux,RW,ccib.f90:1677,no,yes,no,no,via=ptr
pressure,CC_SCALARS::CC_BAROCLINIC_CORRECTION,ccib.f90,FVY,mesh_field,MESH_TYPE,face_centred_flux,RW,ccib.f90:1678,no,yes,no,no,via=ptr
pressure,CC_SCALARS::CC_BAROCLINIC_CORRECTION,ccib.f90,FVY_B,mesh_field,MESH_TYPE,face_centred_flux,RW,ccib.f90:1678,no,yes,no,no,via=ptr
pressure,CC_SCALARS::CC_BAROCLINIC_CORRECTION,ccib.f90,FVZ,mesh_field,MESH_TYPE,face_centred_flux,RW,ccib.f90:1679,no,yes,no,no,via=ptr
pressure,CC_SCALARS::CC_BAROCLINIC_CORRECTION,ccib.f90,FVZ_B,mesh_field,MESH_TYPE,face_centred_flux,RW,ccib.f90:1679,no,yes,no,no,via=ptr
pressure,CC_SCALARS::CC_BAROCLINIC_CORRECTION,ccib.f90,H,mesh_field,MESH_TYPE,cell_centred_solution,R,ccib.f90:1669,no,yes,no,no,via=ptr
pressure,CC_SCALARS::CC_BAROCLINIC_CORRECTION,ccib.f90,HS,mesh_field,MESH_TYPE,cell_centred_solution,R,ccib.f90:1673,no,yes,no,no,via=alias:HP|ptr
pressure,CC_SCALARS::CC_BAROCLINIC_CORRECTION,ccib.f90,N_BBCUTFACE_MESH,mesh_field,MESH_TYPE,wall_obst_cutcell,R,ccib.f90:1693,no,yes,no,no,via=MESHES
pressure,CC_SCALARS::CC_BAROCLINIC_CORRECTION,ccib.f90,N_CUTFACE_MESH,mesh_field,MESH_TYPE,wall_obst_cutcell,R,ccib.f90:1682,no,yes,no,no,via=MESHES
pressure,CC_SCALARS::CC_BAROCLINIC_CORRECTION,ccib.f90,N_EXTERNAL_WALL_CELLS,mesh_field,MESH_TYPE,ghost_boundary,R,ccib.f90:1727,no,yes,no,no,via=ptr
pressure,CC_SCALARS::CC_BAROCLINIC_CORRECTION,ccib.f90,RC_FACE,mesh_field,MESH_TYPE,wall_obst_cutcell,R,ccib.f90:1719,no,yes,no,no,via=alias:RCF|ptr
pressure,CC_SCALARS::CC_BAROCLINIC_CORRECTION,ccib.f90,RDXN,mesh_field,MESH_TYPE,grid_geometry,R,ccib.f90:1706,no,yes,no,no,via=ptr
pressure,CC_SCALARS::CC_BAROCLINIC_CORRECTION,ccib.f90,RDYN,mesh_field,MESH_TYPE,grid_geometry,R,ccib.f90:1707,no,yes,no,no,via=ptr
pressure,CC_SCALARS::CC_BAROCLINIC_CORRECTION,ccib.f90,RDZN,mesh_field,MESH_TYPE,grid_geometry,R,ccib.f90:1708,no,yes,no,no,via=ptr
pressure,CC_SCALARS::CC_BAROCLINIC_CORRECTION,ccib.f90,RHO,mesh_field,MESH_TYPE,cell_centred_solution,R,ccib.f90:1668,no,yes,no,no,via=ptr
pressure,CC_SCALARS::CC_BAROCLINIC_CORRECTION,ccib.f90,RHOS,mesh_field,MESH_TYPE,cell_centred_solution,R,ccib.f90:1672,no,yes,no,no,via=alias:RHOP|ptr
pressure,CC_SCALARS::CC_BAROCLINIC_CORRECTION,ccib.f90,WALL,mesh_field,MESH_TYPE,wall_obst_cutcell,R,ccib.f90:1696,no,yes,no,no,via=ptr
pressure,CC_SCALARS::CC_COMPUTE_VELOCITY_ERROR,ccib.f90,EWC,module_global,CC_SCALARS,pointer,RW,ccib.f90:15681,yes,yes,no,no,
pressure,CC_SCALARS::CC_COMPUTE_VELOCITY_ERROR,ccib.f90,T_CC_USED,module_global,COMPLEX_GEOMETRY,runtime_array,RW,ccib.f90:16181,yes,yes,no,no,
pressure,CC_SCALARS::CC_COMPUTE_VELOCITY_ERROR,ccib.f90,FREEZE_VELOCITY,module_global,GLOBAL_CONSTANTS,runtime_scalar,R,ccib.f90:15652,yes,yes,no,no,
pressure,CC_SCALARS::CC_COMPUTE_VELOCITY_ERROR,ccib.f90,PREDICTOR,module_global,GLOBAL_CONSTANTS,runtime_scalar,R,ccib.f90:15660,yes,yes,no,no,
pressure,CC_SCALARS::CC_COMPUTE_VELOCITY_ERROR,ccib.f90,SOLID_PHASE_ONLY,module_global,GLOBAL_CONSTANTS,runtime_scalar,R,ccib.f90:15651,yes,yes,no,no,
pressure,CC_SCALARS::CC_COMPUTE_VELOCITY_ERROR,ccib.f90,T_USED,module_global,GLOBAL_CONSTANTS,runtime_array,RW,ccib.f90:16179,yes,yes,no,no,
pressure,CC_SCALARS::CC_COMPUTE_VELOCITY_ERROR,ccib.f90,VELOCITY_ERROR_MAX,module_global,GLOBAL_CONSTANTS,runtime_array,RW,ccib.f90:16170,yes,yes,no,no,
pressure,CC_SCALARS::CC_COMPUTE_VELOCITY_ERROR,ccib.f90,VELOCITY_ERROR_MAX_LOC,module_global,GLOBAL_CONSTANTS,runtime_array,W,ccib.f90:16171,yes,yes,no,no,
pressure,CC_SCALARS::CC_COMPUTE_VELOCITY_ERROR,ccib.f90,BOUNDARY_COORD,mesh_field,MESH_TYPE,wall_obst_cutcell,R,ccib.f90:15673,yes,yes,no,no,via=alias:BC|ptr
pressure,CC_SCALARS::CC_COMPUTE_VELOCITY_ERROR,ccib.f90,BOUNDARY_PROP1,mesh_field,MESH_TYPE,wall_obst_cutcell,RW,ccib.f90:15685,yes,yes,no,no,via=alias:B1|ptr
pressure,CC_SCALARS::CC_COMPUTE_VELOCITY_ERROR,ccib.f90,CCVAR,mesh_field,MESH_TYPE,wall_obst_cutcell,R,ccib.f90:15679,yes,yes,no,no,via=M2|ptr
pressure,CC_SCALARS::CC_COMPUTE_VELOCITY_ERROR,ccib.f90,CELL,mesh_field,MESH_TYPE,wall_obst_cutcell,R,ccib.f90:15794,yes,yes,no,no,via=M2
pressure,CC_SCALARS::CC_COMPUTE_VELOCITY_ERROR,ccib.f90,CELL_INDEX,mesh_field,MESH_TYPE,wall_obst_cutcell,R,ccib.f90:15794,yes,yes,no,no,via=M2
pressure,CC_SCALARS::CC_COMPUTE_VELOCITY_ERROR,ccib.f90,CUT_CELL,mesh_field,MESH_TYPE,wall_obst_cutcell,R,ccib.f90:15742,yes,yes,no,no,via=M2|ptr
pressure,CC_SCALARS::CC_COMPUTE_VELOCITY_ERROR,ccib.f90,CUT_FACE,mesh_field,MESH_TYPE,wall_obst_cutcell,R,ccib.f90:15696,yes,yes,no,no,via=M2|alias:CF|alias:CF2|ptr
pressure,CC_SCALARS::CC_COMPUTE_VELOCITY_ERROR,ccib.f90,DX,mesh_field,MESH_TYPE,grid_geometry,R,ccib.f90:15865,yes,yes,no,no,via=M2
pressure,CC_SCALARS::CC_COMPUTE_VELOCITY_ERROR,ccib.f90,DY,mesh_field,MESH_TYPE,grid_geometry,R,ccib.f90:15807,yes,yes,no,no,via=M2
pressure,CC_SCALARS::CC_COMPUTE_VELOCITY_ERROR,ccib.f90,DZ,mesh_field,MESH_TYPE,grid_geometry,R,ccib.f90:15807,yes,yes,no,no,via=M2
pressure,CC_SCALARS::CC_COMPUTE_VELOCITY_ERROR,ccib.f90,EXTERNAL_WALL,mesh_field,MESH_TYPE,ghost_boundary,R,ccib.f90:15681,yes,yes,no,no,via=alias:EWC|ptr
pressure,CC_SCALARS::CC_COMPUTE_VELOCITY_ERROR,ccib.f90,FCVAR,mesh_field,MESH_TYPE,wall_obst_cutcell,R,ccib.f90:15795,yes,yes,no,no,via=M2
pressure,CC_SCALARS::CC_COMPUTE_VELOCITY_ERROR,ccib.f90,FVX,mesh_field,MESH_TYPE,face_centred_flux,R,ccib.f90:15746,yes,yes,no,no,via=ptr
pressure,CC_SCALARS::CC_COMPUTE_VELOCITY_ERROR,ccib.f90,FVY,mesh_field,MESH_TYPE,face_centred_flux,R,ccib.f90:15756,yes,yes,no,no,via=ptr
pressure,CC_SCALARS::CC_COMPUTE_VELOCITY_ERROR,ccib.f90,FVZ,mesh_field,MESH_TYPE,face_centred_flux,R,ccib.f90:15766,yes,yes,no,no,via=ptr
pressure,CC_SCALARS::CC_COMPUTE_VELOCITY_ERROR,ccib.f90,H,mesh_field,MESH_TYPE,cell_centred_solution,R,ccib.f90:15703,yes,yes,no,no,via=ptr
pressure,CC_SCALARS::CC_COMPUTE_VELOCITY_ERROR,ccib.f90,HS,mesh_field,MESH_TYPE,cell_centred_solution,R,ccib.f90:15721,yes,yes,no,no,via=ptr
pressure,CC_SCALARS::CC_COMPUTE_VELOCITY_ERROR,ccib.f90,N_EXTERNAL_WALL_CELLS,mesh_field,MESH_TYPE,ghost_boundary,R,ccib.f90:15668,yes,yes,no,no,via=ptr
pressure,CC_SCALARS::CC_COMPUTE_VELOCITY_ERROR,ccib.f90,OMESH,mesh_field,MESH_TYPE,mpi_exchange,R,ccib.f90:15683,yes,yes,no,no,via=alias:OM|ptr
pressure,CC_SCALARS::CC_COMPUTE_VELOCITY_ERROR,ccib.f90,RDXN,mesh_field,MESH_TYPE,grid_geometry,R,ccib.f90:15799,yes,yes,no,no,via=M2
pressure,CC_SCALARS::CC_COMPUTE_VELOCITY_ERROR,ccib.f90,RDYN,mesh_field,MESH_TYPE,grid_geometry,R,ccib.f90:15857,yes,yes,no,no,via=M2
pressure,CC_SCALARS::CC_COMPUTE_VELOCITY_ERROR,ccib.f90,RDZN,mesh_field,MESH_TYPE,grid_geometry,R,ccib.f90:15915,yes,yes,no,no,via=M2
pressure,CC_SCALARS::CC_COMPUTE_VELOCITY_ERROR,ccib.f90,U,mesh_field,MESH_TYPE,face_centred_flux,R,ccib.f90:15746,yes,yes,no,no,via=ptr
pressure,CC_SCALARS::CC_COMPUTE_VELOCITY_ERROR,ccib.f90,US,mesh_field,MESH_TYPE,face_centred_flux,R,ccib.f90:15748,yes,yes,no,no,via=ptr
pressure,CC_SCALARS::CC_COMPUTE_VELOCITY_ERROR,ccib.f90,V,mesh_field,MESH_TYPE,face_centred_flux,R,ccib.f90:15756,yes,yes,no,no,via=ptr
pressure,CC_SCALARS::CC_COMPUTE_VELOCITY_ERROR,ccib.f90,VS,mesh_field,MESH_TYPE,face_centred_flux,R,ccib.f90:15758,yes,yes,no,no,via=ptr
pressure,CC_SCALARS::CC_COMPUTE_VELOCITY_ERROR,ccib.f90,W,mesh_field,MESH_TYPE,face_centred_flux,R,ccib.f90:15766,yes,yes,no,no,via=ptr
pressure,CC_SCALARS::CC_COMPUTE_VELOCITY_ERROR,ccib.f90,WALL,mesh_field,MESH_TYPE,wall_obst_cutcell,R,ccib.f90:15670,yes,yes,no,no,via=alias:WC|ptr
pressure,CC_SCALARS::CC_COMPUTE_VELOCITY_ERROR,ccib.f90,WALL_WORK1,mesh_field,MESH_TYPE,scratch_work,W,ccib.f90:16162,yes,yes,no,no,via=ptr
pressure,CC_SCALARS::CC_COMPUTE_VELOCITY_ERROR,ccib.f90,WS,mesh_field,MESH_TYPE,face_centred_flux,R,ccib.f90:15768,yes,yes,no,no,via=ptr
pressure,CC_SCALARS::CC_COMPUTE_VELOCITY_ERROR,ccib.f90,XC,mesh_field,MESH_TYPE,grid_geometry,R,ccib.f90:15742,yes,yes,no,no,via=M2|ptr
pressure,CC_SCALARS::CC_COMPUTE_VELOCITY_ERROR,ccib.f90,YC,mesh_field,MESH_TYPE,grid_geometry,R,ccib.f90:15752,yes,yes,no,no,via=M2|ptr
pressure,CC_SCALARS::CC_COMPUTE_VELOCITY_ERROR,ccib.f90,ZC,mesh_field,MESH_TYPE,grid_geometry,R,ccib.f90:15762,yes,yes,no,no,via=M2|ptr
pressure,CC_SCALARS::CC_COMPUTE_VELOCITY_ERROR,ccib.f90,FVX,mesh_field,OMESH_TYPE,mpi_exchange,R,ccib.f90:15813,yes,yes,no,no,via=OM
pressure,CC_SCALARS::CC_COMPUTE_VELOCITY_ERROR,ccib.f90,FVY,mesh_field,OMESH_TYPE,mpi_exchange,R,ccib.f90:15871,yes,yes,no,no,via=OM
pressure,CC_SCALARS::CC_COMPUTE_VELOCITY_ERROR,ccib.f90,FVZ,mesh_field,OMESH_TYPE,mpi_exchange,R,ccib.f90:15929,yes,yes,no,no,via=OM
pressure,CC_SCALARS::CC_COMPUTE_VELOCITY_ERROR,ccib.f90,H,mesh_field,OMESH_TYPE,mpi_exchange,R,ccib.f90:15803,yes,yes,no,no,via=OM
pressure,CC_SCALARS::CC_COMPUTE_VELOCITY_ERROR,ccib.f90,HS,mesh_field,OMESH_TYPE,mpi_exchange,R,ccib.f90:15980,yes,yes,no,no,via=OM
pressure,CC_SCALARS::CC_COMPUTE_VELOCITY_ERROR,ccib.f90,NIC_R,mesh_field,OMESH_TYPE,mpi_exchange,R,ccib.f90:16167,yes,yes,no,no,via=OM
pressure,CC_SCALARS::CC_COMPUTE_VELOCITY_ERROR,ccib.f90,NIC_S,mesh_field,OMESH_TYPE,mpi_exchange,R,ccib.f90:16167,yes,yes,no,no,via=OM
pressure,CC_SCALARS::CC_COMPUTE_VELOCITY_ERROR,ccib.f90,U,mesh_field,OMESH_TYPE,mpi_exchange,R,ccib.f90:15814,yes,yes,no,no,via=OM
pressure,CC_SCALARS::CC_COMPUTE_VELOCITY_ERROR,ccib.f90,US,mesh_field,OMESH_TYPE,mpi_exchange,R,ccib.f90:15993,yes,yes,no,no,via=OM
pressure,CC_SCALARS::CC_COMPUTE_VELOCITY_ERROR,ccib.f90,V,mesh_field,OMESH_TYPE,mpi_exchange,R,ccib.f90:15872,yes,yes,no,no,via=OM
pressure,CC_SCALARS::CC_COMPUTE_VELOCITY_ERROR,ccib.f90,VS,mesh_field,OMESH_TYPE,mpi_exchange,R,ccib.f90:16055,yes,yes,no,no,via=OM
pressure,CC_SCALARS::CC_COMPUTE_VELOCITY_ERROR,ccib.f90,W,mesh_field,OMESH_TYPE,mpi_exchange,R,ccib.f90:15930,yes,yes,no,no,via=OM
pressure,CC_SCALARS::CC_COMPUTE_VELOCITY_ERROR,ccib.f90,WS,mesh_field,OMESH_TYPE,mpi_exchange,R,ccib.f90:16117,yes,yes,no,no,via=OM
pressure,CC_SCALARS::CC_MATCH_VELOCITY_FLUX,ccib.f90,BC,module_global,CC_SCALARS,pointer,RW,ccib.f90:5175,yes,yes,no,no,
pressure,CC_SCALARS::CC_MATCH_VELOCITY_FLUX,ccib.f90,CF,module_global,CC_SCALARS,pointer,RW,ccib.f90:5353,yes,yes,no,no,
pressure,CC_SCALARS::CC_MATCH_VELOCITY_FLUX,ccib.f90,EWC,module_global,CC_SCALARS,pointer,RW,ccib.f90:5172,yes,yes,no,no,
pressure,CC_SCALARS::CC_MATCH_VELOCITY_FLUX,ccib.f90,WC,module_global,CC_SCALARS,pointer,RW,ccib.f90:5171,yes,yes,no,no,
pressure,CC_SCALARS::CC_MATCH_VELOCITY_FLUX,ccib.f90,T_USED,module_global,GLOBAL_CONSTANTS,runtime_array,RW,ccib.f90:5364,yes,yes,no,no,
pressure,CC_SCALARS::CC_MATCH_VELOCITY_FLUX,ccib.f90,BOUNDARY_COORD,mesh_field,MESH_TYPE,wall_obst_cutcell,R,ccib.f90:5175,yes,yes,no,no,via=alias:BC|ptr
pressure,CC_SCALARS::CC_MATCH_VELOCITY_FLUX,ccib.f90,CELL,mesh_field,MESH_TYPE,wall_obst_cutcell,R,ccib.f90:5200,yes,yes,no,no,via=M2
pressure,CC_SCALARS::CC_MATCH_VELOCITY_FLUX,ccib.f90,CELL_INDEX,mesh_field,MESH_TYPE,wall_obst_cutcell,R,ccib.f90:5200,yes,yes,no,no,via=M2
pressure,CC_SCALARS::CC_MATCH_VELOCITY_FLUX,ccib.f90,CUT_FACE,mesh_field,MESH_TYPE,wall_obst_cutcell,RW,ccib.f90:5204,yes,yes,no,no,via=M2|alias:CF|alias:CFO|ptr
pressure,CC_SCALARS::CC_MATCH_VELOCITY_FLUX,ccib.f90,DX,mesh_field,MESH_TYPE,grid_geometry,R,ccib.f90:5262,yes,yes,no,no,via=M2
pressure,CC_SCALARS::CC_MATCH_VELOCITY_FLUX,ccib.f90,DY,mesh_field,MESH_TYPE,grid_geometry,R,ccib.f90:5210,yes,yes,no,no,via=M2
pressure,CC_SCALARS::CC_MATCH_VELOCITY_FLUX,ccib.f90,DZ,mesh_field,MESH_TYPE,grid_geometry,R,ccib.f90:5210,yes,yes,no,no,via=M2
pressure,CC_SCALARS::CC_MATCH_VELOCITY_FLUX,ccib.f90,EXTERNAL_WALL,mesh_field,MESH_TYPE,ghost_boundary,R,ccib.f90:5172,yes,yes,no,no,via=alias:EWC|ptr
pressure,CC_SCALARS::CC_MATCH_VELOCITY_FLUX,ccib.f90,FCVAR,mesh_field,MESH_TYPE,wall_obst_cutcell,R,ccib.f90:5195,yes,yes,no,no,via=M2|ptr
pressure,CC_SCALARS::CC_MATCH_VELOCITY_FLUX,ccib.f90,FVX,mesh_field,MESH_TYPE,face_centred_flux,RW,ccib.f90:5216,yes,yes,no,no,via=ptr
pressure,CC_SCALARS::CC_MATCH_VELOCITY_FLUX,ccib.f90,FVY,mesh_field,MESH_TYPE,face_centred_flux,RW,ccib.f90:5268,yes,yes,no,no,via=ptr
pressure,CC_SCALARS::CC_MATCH_VELOCITY_FLUX,ccib.f90,FVZ,mesh_field,MESH_TYPE,face_centred_flux,RW,ccib.f90:5321,yes,yes,no,no,via=ptr
pressure,CC_SCALARS::CC_MATCH_VELOCITY_FLUX,ccib.f90,IBAR,mesh_field,MESH_TYPE,grid_geometry,R,ccib.f90:5220,yes,yes,no,no,via=ptr
pressure,CC_SCALARS::CC_MATCH_VELOCITY_FLUX,ccib.f90,JBAR,mesh_field,MESH_TYPE,grid_geometry,R,ccib.f90:5272,yes,yes,no,no,via=ptr
pressure,CC_SCALARS::CC_MATCH_VELOCITY_FLUX,ccib.f90,KBAR,mesh_field,MESH_TYPE,grid_geometry,R,ccib.f90:5325,yes,yes,no,no,via=ptr
pressure,CC_SCALARS::CC_MATCH_VELOCITY_FLUX,ccib.f90,N_EXTERNAL_WALL_CELLS,mesh_field,MESH_TYPE,ghost_boundary,R,ccib.f90:5169,yes,yes,no,no,via=ptr
pressure,CC_SCALARS::CC_MATCH_VELOCITY_FLUX,ccib.f90,OMESH,mesh_field,MESH_TYPE,mpi_exchange,R,ccib.f90:5181,yes,yes,no,no,via=alias:OM|ptr
pressure,CC_SCALARS::CC_MATCH_VELOCITY_FLUX,ccib.f90,WALL,mesh_field,MESH_TYPE,wall_obst_cutcell,R,ccib.f90:5171,yes,yes,no,no,via=alias:WC|ptr
pressure,CC_SCALARS::CC_MATCH_VELOCITY_FLUX,ccib.f90,FVX,mesh_field,OMESH_TYPE,mpi_exchange,R,ccib.f90:5211,yes,yes,no,no,via=OM
pressure,CC_SCALARS::CC_MATCH_VELOCITY_FLUX,ccib.f90,FVY,mesh_field,OMESH_TYPE,mpi_exchange,R,ccib.f90:5263,yes,yes,no,no,via=OM
pressure,CC_SCALARS::CC_MATCH_VELOCITY_FLUX,ccib.f90,FVZ,mesh_field,OMESH_TYPE,mpi_exchange,R,ccib.f90:5316,yes,yes,no,no,via=OM
pressure,CC_SCALARS::CC_NO_FLUX,ccib.f90,B1,module_global,CC_SCALARS,pointer,RW,ccib.f90:15523,no,yes,no,no,
pressure,CC_SCALARS::CC_NO_FLUX,ccib.f90,BC,module_global,CC_SCALARS,pointer,RW,ccib.f90:15515,no,yes,no,no,
pressure,CC_SCALARS::CC_NO_FLUX,ccib.f90,CF,module_global,CC_SCALARS,pointer,RW,ccib.f90:15464,no,yes,no,no,
pressure,CC_SCALARS::CC_NO_FLUX,ccib.f90,T_CC_USED,module_global,COMPLEX_GEOMETRY,runtime_array,RW,ccib.f90:15572,no,yes,no,no,
pressure,CC_SCALARS::CC_NO_FLUX,ccib.f90,CORRECTOR,module_global,GLOBAL_CONSTANTS,runtime_scalar,R,ccib.f90:15457,no,yes,no,no,
pressure,CC_SCALARS::CC_NO_FLUX,ccib.f90,FREEZE_VELOCITY,module_global,GLOBAL_CONSTANTS,runtime_scalar,R,ccib.f90:15447,no,yes,no,no,
pressure,CC_SCALARS::CC_NO_FLUX,ccib.f90,PERIODIC_TEST,module_global,GLOBAL_CONSTANTS,runtime_scalar,R,ccib.f90:15448,no,yes,no,no,
pressure,CC_SCALARS::CC_NO_FLUX,ccib.f90,PREDICTOR,module_global,GLOBAL_CONSTANTS,runtime_scalar,R,ccib.f90:15456,no,yes,no,no,
pressure,CC_SCALARS::CC_NO_FLUX,ccib.f90,PRESSURE_ITERATIONS,module_global,GLOBAL_CONSTANTS,runtime_scalar,R,ccib.f90:15462,no,yes,no,no,
pressure,CC_SCALARS::CC_NO_FLUX,ccib.f90,RELAXATION_FACTOR,module_global,GLOBAL_CONSTANTS,runtime_scalar,R,ccib.f90:15452,no,yes,no,no,
pressure,CC_SCALARS::CC_NO_FLUX,ccib.f90,SOLID_PHASE_ONLY,module_global,GLOBAL_CONSTANTS,runtime_scalar,R,ccib.f90:15447,no,yes,no,no,
pressure,CC_SCALARS::CC_NO_FLUX,ccib.f90,T_USED,module_global,GLOBAL_CONSTANTS,runtime_array,RW,ccib.f90:15571,no,yes,no,no,
pressure,CC_SCALARS::CC_NO_FLUX,ccib.f90,BOUNDARY_COORD,mesh_field,MESH_TYPE,wall_obst_cutcell,R,ccib.f90:15515,no,yes,no,no,via=alias:BC|ptr
pressure,CC_SCALARS::CC_NO_FLUX,ccib.f90,BOUNDARY_PROP1,mesh_field,MESH_TYPE,wall_obst_cutcell,R,ccib.f90:15523,no,yes,no,no,via=alias:B1|ptr
pressure,CC_SCALARS::CC_NO_FLUX,ccib.f90,CFACE,mesh_field,MESH_TYPE,wall_obst_cutcell,R,ccib.f90:15511,no,yes,no,no,via=alias:CFA|ptr
pressure,CC_SCALARS::CC_NO_FLUX,ccib.f90,CUT_FACE,mesh_field,MESH_TYPE,wall_obst_cutcell,RW,ccib.f90:15464,no,yes,no,no,via=alias:CF|ptr
pressure,CC_SCALARS::CC_NO_FLUX,ccib.f90,EXTERNAL_WALL,mesh_field,MESH_TYPE,ghost_boundary,R,ccib.f90:15518,no,yes,no,no,via=ptr
pressure,CC_SCALARS::CC_NO_FLUX,ccib.f90,FCVAR,mesh_field,MESH_TYPE,wall_obst_cutcell,R,ccib.f90:15554,no,yes,no,no,via=ptr
pressure,CC_SCALARS::CC_NO_FLUX,ccib.f90,H,mesh_field,MESH_TYPE,cell_centred_solution,R,ccib.f90:15456,no,yes,no,no,via=alias:HP|ptr
pressure,CC_SCALARS::CC_NO_FLUX,ccib.f90,HS,mesh_field,MESH_TYPE,cell_centred_solution,R,ccib.f90:15457,no,yes,no,no,via=alias:HP|ptr
pressure,CC_SCALARS::CC_NO_FLUX,ccib.f90,N_CUTFACE_MESH,mesh_field,MESH_TYPE,wall_obst_cutcell,R,ccib.f90:15463,no,yes,no,no,via=MESHES
pressure,CC_SCALARS::CC_NO_FLUX,ccib.f90,N_EXTERNAL_CFACE_CELLS,mesh_field,MESH_TYPE,wall_obst_cutcell,R,ccib.f90:15510,no,yes,no,no,via=ptr
pressure,CC_SCALARS::CC_NO_FLUX,ccib.f90,N_EXTERNAL_WALL_CELLS,mesh_field,MESH_TYPE,ghost_boundary,R,ccib.f90:15541,no,yes,no,no,via=ptr
pressure,CC_SCALARS::CC_NO_FLUX,ccib.f90,N_INTERNAL_CFACE_CELLS,mesh_field,MESH_TYPE,wall_obst_cutcell,R,ccib.f90:15510,no,yes,no,no,via=ptr
pressure,CC_SCALARS::CC_NO_FLUX,ccib.f90,N_INTWALL_CFACE_CELLS,mesh_field,MESH_TYPE,wall_obst_cutcell,R,ccib.f90:15510,no,yes,no,no,via=ptr
pressure,CC_SCALARS::CC_NO_FLUX,ccib.f90,RDXN,mesh_field,MESH_TYPE,grid_geometry,R,ccib.f90:15473,no,yes,no,no,via=ptr
pressure,CC_SCALARS::CC_NO_FLUX,ccib.f90,RDYN,mesh_field,MESH_TYPE,grid_geometry,R,ccib.f90:15484,no,yes,no,no,via=ptr
pressure,CC_SCALARS::CC_NO_FLUX,ccib.f90,RDZN,mesh_field,MESH_TYPE,grid_geometry,R,ccib.f90:15495,no,yes,no,no,via=ptr
pressure,CC_SCALARS::CC_NO_FLUX,ccib.f90,WALL,mesh_field,MESH_TYPE,wall_obst_cutcell,R,ccib.f90:15542,no,yes,no,no,via=alias:WC|ptr
pressure,CC_SCALARS::CC_NO_FLUX,ccib.f90,WALL_WORK1,mesh_field,MESH_TYPE,scratch_work,W,ccib.f90:15554,no,yes,no,no,via=ptr
pressure,CC_SCALARS::COMPUTE_LINKED_CUTFACE_BAROCLINIC,ccib.f90,A_LINK,module_global,CC_SCALARS,runtime_array,RW,ccib.f90:1867,no,yes,no,no,
pressure,CC_SCALARS::COMPUTE_LINKED_CUTFACE_BAROCLINIC,ccib.f90,CF,module_global,CC_SCALARS,pointer,RW,ccib.f90:1931,no,yes,no,no,
pressure,CC_SCALARS::COMPUTE_LINKED_CUTFACE_BAROCLINIC,ccib.f90,F_LINK,module_global,CC_SCALARS,runtime_array,RW,ccib.f90:1867,no,yes,no,no,
pressure,CC_SCALARS::COMPUTE_LINKED_CUTFACE_BAROCLINIC,ccib.f90,PREDICTOR,module_global,GLOBAL_CONSTANTS,runtime_scalar,R,ccib.f90:1870,no,yes,no,no,
pressure,CC_SCALARS::COMPUTE_LINKED_CUTFACE_BAROCLINIC,ccib.f90,CC_NRCFACE_Z,mesh_field,MESH_TYPE,wall_obst_cutcell,R,ccib.f90:1902,no,yes,no,no,via=MESHES
pressure,CC_SCALARS::COMPUTE_LINKED_CUTFACE_BAROCLINIC,ccib.f90,CUT_FACE,mesh_field,MESH_TYPE,wall_obst_cutcell,R,ccib.f90:1931,no,yes,no,no,via=alias:CF|ptr
pressure,CC_SCALARS::COMPUTE_LINKED_CUTFACE_BAROCLINIC,ccib.f90,DX,mesh_field,MESH_TYPE,grid_geometry,R,ccib.f90:1887,no,yes,no,no,via=ptr
pressure,CC_SCALARS::COMPUTE_LINKED_CUTFACE_BAROCLINIC,ccib.f90,DY,mesh_field,MESH_TYPE,grid_geometry,R,ccib.f90:1880,no,yes,no,no,via=ptr
pressure,CC_SCALARS::COMPUTE_LINKED_CUTFACE_BAROCLINIC,ccib.f90,DZ,mesh_field,MESH_TYPE,grid_geometry,R,ccib.f90:1880,no,yes,no,no,via=ptr
pressure,CC_SCALARS::COMPUTE_LINKED_CUTFACE_BAROCLINIC,ccib.f90,EXTERNAL_WALL,mesh_field,MESH_TYPE,ghost_boundary,R,ccib.f90:1908,no,yes,no,no,via=ptr
pressure,CC_SCALARS::COMPUTE_LINKED_CUTFACE_BAROCLINIC,ccib.f90,FCVAR,mesh_field,MESH_TYPE,wall_obst_cutcell,R,ccib.f90:1877,no,yes,no,no,via=ptr
pressure,CC_SCALARS::COMPUTE_LINKED_CUTFACE_BAROCLINIC,ccib.f90,IBAR,mesh_field,MESH_TYPE,grid_geometry,R,ccib.f90:1875,no,yes,no,no,via=ptr
pressure,CC_SCALARS::COMPUTE_LINKED_CUTFACE_BAROCLINIC,ccib.f90,JBAR,mesh_field,MESH_TYPE,grid_geometry,R,ccib.f90:1874,no,yes,no,no,via=ptr
pressure,CC_SCALARS::COMPUTE_LINKED_CUTFACE_BAROCLINIC,ccib.f90,KBAR,mesh_field,MESH_TYPE,grid_geometry,R,ccib.f90:1873,no,yes,no,no,via=ptr
pressure,CC_SCALARS::COMPUTE_LINKED_CUTFACE_BAROCLINIC,ccib.f90,NUNK_F,mesh_field,MESH_TYPE,wall_obst_cutcell,R,ccib.f90:1868,no,yes,no,no,via=MESHES
pressure,CC_SCALARS::COMPUTE_LINKED_CUTFACE_BAROCLINIC,ccib.f90,N_BBCUTFACE_MESH,mesh_field,MESH_TYPE,wall_obst_cutcell,R,ccib.f90:1932,no,yes,no,no,via=MESHES
pressure,CC_SCALARS::COMPUTE_LINKED_CUTFACE_BAROCLINIC,ccib.f90,N_CUTFACE_MESH,mesh_field,MESH_TYPE,wall_obst_cutcell,R,ccib.f90:1930,no,yes,no,no,via=MESHES
pressure,CC_SCALARS::COMPUTE_LINKED_CUTFACE_BAROCLINIC,ccib.f90,N_EXTERNAL_WALL_CELLS,mesh_field,MESH_TYPE,ghost_boundary,R,ccib.f90:1906,no,yes,no,no,via=ptr
pressure,CC_SCALARS::COMPUTE_LINKED_CUTFACE_BAROCLINIC,ccib.f90,RC_FACE,mesh_field,MESH_TYPE,wall_obst_cutcell,R,ccib.f90:1903,no,yes,no,no,via=ptr
pressure,CC_SCALARS::COMPUTE_LINKED_CUTFACE_BAROCLINIC,ccib.f90,RDXN,mesh_field,MESH_TYPE,grid_geometry,R,ccib.f90:1878,no,yes,no,no,via=ptr
pressure,CC_SCALARS::COMPUTE_LINKED_CUTFACE_BAROCLINIC,ccib.f90,RDYN,mesh_field,MESH_TYPE,grid_geometry,R,ccib.f90:1885,no,yes,no,no,via=ptr
pressure,CC_SCALARS::COMPUTE_LINKED_CUTFACE_BAROCLINIC,ccib.f90,RDZN,mesh_field,MESH_TYPE,grid_geometry,R,ccib.f90:1892,no,yes,no,no,via=ptr
pressure,CC_SCALARS::COMPUTE_LINKED_CUTFACE_BAROCLINIC,ccib.f90,WALL,mesh_field,MESH_TYPE,wall_obst_cutcell,R,ccib.f90:1909,no,yes,no,no,via=ptr
pressure,CC_SCALARS::COPY_CC_MUNKH_TO_UNKH,ccib.f90,EWC,module_global,CC_SCALARS,pointer,RW,ccib.f90:22876,yes,yes,no,no,
pressure,CC_SCALARS::COPY_CC_MUNKH_TO_UNKH,ccib.f90,WC,module_global,CC_SCALARS,pointer,RW,ccib.f90:22875,yes,yes,no,no,
pressure,CC_SCALARS::COPY_CC_MUNKH_TO_UNKH,ccib.f90,BOUNDARY_COORD,mesh_field,MESH_TYPE,wall_obst_cutcell,R,ccib.f90:22882,yes,yes,no,no,via=alias:BC|ptr
pressure,CC_SCALARS::COPY_CC_MUNKH_TO_UNKH,ccib.f90,CCVAR,mesh_field,MESH_TYPE,wall_obst_cutcell,RW,ccib.f90:22885,yes,yes,no,no,via=MESHES|ptr
pressure,CC_SCALARS::COPY_CC_MUNKH_TO_UNKH,ccib.f90,CUT_CELL,mesh_field,MESH_TYPE,wall_obst_cutcell,W,ccib.f90:22887,yes,yes,no,no,via=MESHES|ptr
pressure,CC_SCALARS::COPY_CC_MUNKH_TO_UNKH,ccib.f90,EXTERNAL_WALL,mesh_field,MESH_TYPE,ghost_boundary,R,ccib.f90:22876,yes,yes,no,no,via=alias:EWC|ptr
pressure,CC_SCALARS::COPY_CC_MUNKH_TO_UNKH,ccib.f90,N_EXTERNAL_WALL_CELLS,mesh_field,MESH_TYPE,ghost_boundary,R,ccib.f90:22873,yes,yes,no,no,via=ptr
pressure,CC_SCALARS::COPY_CC_MUNKH_TO_UNKH,ccib.f90,OMESH,mesh_field,MESH_TYPE,mpi_exchange,RW,ccib.f90:22880,yes,yes,no,no,via=alias:OM|ptr
pressure,CC_SCALARS::COPY_CC_MUNKH_TO_UNKH,ccib.f90,WALL,mesh_field,MESH_TYPE,wall_obst_cutcell,R,ccib.f90:22875,yes,yes,no,no,via=alias:WC|ptr
pressure,CC_SCALARS::COPY_CC_MUNKH_TO_UNKH,ccib.f90,HS,mesh_field,OMESH_TYPE,mpi_exchange,W,ccib.f90:22922,yes,yes,no,no,via=OM
pressure,CC_SCALARS::COPY_CC_MUNKH_TO_UNKH,ccib.f90,MUNKH,mesh_field,OMESH_TYPE,mpi_exchange,R,ccib.f90:22887,yes,yes,no,no,via=OM
pressure,CC_SCALARS::COPY_CC_UNKH_TO_HS,ccib.f90,CUT_CELL,mesh_field,MESH_TYPE,wall_obst_cutcell,R,ccib.f90:22941,no,no,no,no,via=MESHES
pressure,CC_SCALARS::COPY_CC_UNKH_TO_HS,ccib.f90,HS,mesh_field,MESH_TYPE,cell_centred_solution,W,ccib.f90:22944,no,no,no,no,via=ptr
pressure,CC_SCALARS::COPY_CC_UNKH_TO_HS,ccib.f90,N_CUTCELL_MESH,mesh_field,MESH_TYPE,wall_obst_cutcell,R,ccib.f90:22940,no,no,no,no,via=MESHES
pressure,CC_SCALARS::GET_CC_IROW,ccib.f90,NM_START,module_global,COMPLEX_GEOMETRY,runtime_scalar,R,ccib.f90:20471,no,no,no,no,
pressure,CC_SCALARS::GET_CC_IROW,ccib.f90,ZONE_SOLVE,module_global,TYPES,runtime_array,R,ccib.f90:20471,no,no,no,no,
pressure,CC_SCALARS::GET_CC_IROW,ccib.f90,CCVAR,mesh_field,MESH_TYPE,wall_obst_cutcell,R,ccib.f90:20469,no,no,no,no,via=ptr
pressure,CC_SCALARS::GET_CC_IROW,ccib.f90,CUT_CELL,mesh_field,MESH_TYPE,wall_obst_cutcell,R,ccib.f90:20471,no,no,no,no,via=ptr
pressure,CC_SCALARS::GET_CC_MATRIXGRAPH_H,ccib.f90,BC,module_global,CC_SCALARS,pointer,RW,ccib.f90:21007,yes,yes,no,no,
pressure,CC_SCALARS::GET_CC_MATRIXGRAPH_H,ccib.f90,CF,module_global,CC_SCALARS,pointer,RW,ccib.f90:20933,yes,yes,no,no,
pressure,CC_SCALARS::GET_CC_MATRIXGRAPH_H,ccib.f90,EWC,module_global,CC_SCALARS,pointer,RW,ccib.f90:20958,yes,yes,no,no,
pressure,CC_SCALARS::GET_CC_MATRIXGRAPH_H,ccib.f90,IHI_CELL,module_global,CC_SCALARS,runtime_scalar,W,ccib.f90:20889,yes,yes,no,no,
pressure,CC_SCALARS::GET_CC_MATRIXGRAPH_H,ccib.f90,IHI_FACE,module_global,CC_SCALARS,runtime_scalar,RW,ccib.f90:20887,yes,yes,no,no,
pressure,CC_SCALARS::GET_CC_MATRIXGRAPH_H,ccib.f90,ILO_CELL,module_global,CC_SCALARS,runtime_scalar,W,ccib.f90:20888,yes,yes,no,no,
pressure,CC_SCALARS::GET_CC_MATRIXGRAPH_H,ccib.f90,ILO_FACE,module_global,CC_SCALARS,runtime_scalar,RW,ccib.f90:20886,yes,yes,no,no,
pressure,CC_SCALARS::GET_CC_MATRIXGRAPH_H,ccib.f90,JHI_CELL,module_global,CC_SCALARS,runtime_scalar,W,ccib.f90:20895,yes,yes,no,no,
pressure,CC_SCALARS::GET_CC_MATRIXGRAPH_H,ccib.f90,JHI_FACE,module_global,CC_SCALARS,runtime_scalar,RW,ccib.f90:20893,yes,yes,no,no,
pressure,CC_SCALARS::GET_CC_MATRIXGRAPH_H,ccib.f90,JLO_CELL,module_global,CC_SCALARS,runtime_scalar,W,ccib.f90:20894,yes,yes,no,no,
pressure,CC_SCALARS::GET_CC_MATRIXGRAPH_H,ccib.f90,JLO_FACE,module_global,CC_SCALARS,runtime_scalar,RW,ccib.f90:20892,yes,yes,no,no,
pressure,CC_SCALARS::GET_CC_MATRIXGRAPH_H,ccib.f90,KHI_CELL,module_global,CC_SCALARS,runtime_scalar,W,ccib.f90:20901,yes,yes,no,no,
pressure,CC_SCALARS::GET_CC_MATRIXGRAPH_H,ccib.f90,KHI_FACE,module_global,CC_SCALARS,runtime_scalar,RW,ccib.f90:20899,yes,yes,no,no,
pressure,CC_SCALARS::GET_CC_MATRIXGRAPH_H,ccib.f90,KLO_CELL,module_global,CC_SCALARS,runtime_scalar,W,ccib.f90:20900,yes,yes,no,no,
pressure,CC_SCALARS::GET_CC_MATRIXGRAPH_H,ccib.f90,KLO_FACE,module_global,CC_SCALARS,runtime_scalar,RW,ccib.f90:20898,yes,yes,no,no,
pressure,CC_SCALARS::GET_CC_MATRIXGRAPH_H,ccib.f90,RCF,module_global,CC_SCALARS,pointer,RW,ccib.f90:20906,yes,yes,no,no,
pressure,CC_SCALARS::GET_CC_MATRIXGRAPH_H,ccib.f90,WC,module_global,CC_SCALARS,pointer,RW,ccib.f90:20936,yes,yes,no,no,
pressure,CC_SCALARS::GET_CC_MATRIXGRAPH_H,ccib.f90,ZONE_SOLVE,module_global,TYPES,runtime_array,R,ccib.f90:20908,yes,yes,no,no,
pressure,CC_SCALARS::GET_CC_MATRIXGRAPH_H,ccib.f90,BOUNDARY_COORD,mesh_field,MESH_TYPE,wall_obst_cutcell,R,ccib.f90:21007,yes,yes,no,no,via=alias:BC|ptr
pressure,CC_SCALARS::GET_CC_MATRIXGRAPH_H,ccib.f90,CCVAR,mesh_field,MESH_TYPE,wall_obst_cutcell,R,ccib.f90:21014,yes,yes,no,no,via=ptr
pressure,CC_SCALARS::GET_CC_MATRIXGRAPH_H,ccib.f90,CC_NRCFACE_H,mesh_field,MESH_TYPE,wall_obst_cutcell,R,ccib.f90:20905,yes,yes,no,no,via=MESHES
pressure,CC_SCALARS::GET_CC_MATRIXGRAPH_H,ccib.f90,CUT_CELL,mesh_field,MESH_TYPE,wall_obst_cutcell,R,ccib.f90:21020,yes,yes,no,no,via=ptr
pressure,CC_SCALARS::GET_CC_MATRIXGRAPH_H,ccib.f90,CUT_FACE,mesh_field,MESH_TYPE,wall_obst_cutcell,RW,ccib.f90:20933,yes,yes,no,no,via=MESHES|alias:CF
pressure,CC_SCALARS::GET_CC_MATRIXGRAPH_H,ccib.f90,EXTERNAL_WALL,mesh_field,MESH_TYPE,ghost_boundary,R,ccib.f90:20958,yes,yes,no,no,via=alias:EWC|ptr
pressure,CC_SCALARS::GET_CC_MATRIXGRAPH_H,ccib.f90,IBAR,mesh_field,MESH_TYPE,grid_geometry,R,ccib.f90:20887,yes,yes,no,no,via=MESHES
pressure,CC_SCALARS::GET_CC_MATRIXGRAPH_H,ccib.f90,JBAR,mesh_field,MESH_TYPE,grid_geometry,R,ccib.f90:20893,yes,yes,no,no,via=MESHES
pressure,CC_SCALARS::GET_CC_MATRIXGRAPH_H,ccib.f90,KBAR,mesh_field,MESH_TYPE,grid_geometry,R,ccib.f90:20899,yes,yes,no,no,via=MESHES
pressure,CC_SCALARS::GET_CC_MATRIXGRAPH_H,ccib.f90,N_CUTFACE_MESH,mesh_field,MESH_TYPE,wall_obst_cutcell,R,ccib.f90:20932,yes,yes,no,no,via=MESHES
pressure,CC_SCALARS::GET_CC_MATRIXGRAPH_H,ccib.f90,N_EXTERNAL_WALL_CELLS,mesh_field,MESH_TYPE,ghost_boundary,R,ccib.f90:21000,yes,yes,no,no,via=ptr
pressure,CC_SCALARS::GET_CC_MATRIXGRAPH_H,ccib.f90,OMESH,mesh_field,MESH_TYPE,mpi_exchange,R,ccib.f90:20970,yes,yes,no,no,via=ptr
pressure,CC_SCALARS::GET_CC_MATRIXGRAPH_H,ccib.f90,PRESSURE_ZONE,mesh_field,MESH_TYPE,pressure_solver,R,ccib.f90:20908,yes,yes,no,no,via=ptr
pressure,CC_SCALARS::GET_CC_MATRIXGRAPH_H,ccib.f90,RCF_H,mesh_field,MESH_TYPE,wall_obst_cutcell,RW,ccib.f90:20906,yes,yes,no,no,via=MESHES|alias:RCF
pressure,CC_SCALARS::GET_CC_MATRIXGRAPH_H,ccib.f90,RC_FACE,mesh_field,MESH_TYPE,wall_obst_cutcell,RW,ccib.f90:20906,yes,yes,no,no,via=alias:RCF|ptr
pressure,CC_SCALARS::GET_CC_MATRIXGRAPH_H,ccib.f90,WALL,mesh_field,MESH_TYPE,wall_obst_cutcell,R,ccib.f90:20936,yes,yes,no,no,via=MESHES|alias:WC|ptr
pressure,CC_SCALARS::GET_CC_MATRIXGRAPH_H,ccib.f90,MUNKH,mesh_field,OMESH_TYPE,mpi_exchange,R,ccib.f90:20970,yes,yes,no,no,via=OMESH
pressure,CC_SCALARS::GET_CC_UNKH,ccib.f90,CCVAR,mesh_field,MESH_TYPE,wall_obst_cutcell,R,ccib.f90:20451,no,no,no,no,via=ptr
pressure,CC_SCALARS::GET_CC_UNKH,ccib.f90,CUT_CELL,mesh_field,MESH_TYPE,wall_obst_cutcell,R,ccib.f90:20453,no,no,no,no,via=ptr
pressure,CC_SCALARS::GET_CFACE_OPEN_BC_COEF,ccib.f90,CUT_FACE,mesh_field,MESH_TYPE,wall_obst_cutcell,R,ccib.f90:2059,no,no,no,no,via=ptr
pressure,CC_SCALARS::GET_CUTCELL_FH,ccib.f90,CC,module_global,CC_SCALARS,pointer,RW,ccib.f90:20532,no,yes,no,no,
pressure,CC_SCALARS::GET_CUTCELL_FH,ccib.f90,NM_START,module_global,COMPLEX_GEOMETRY,runtime_scalar,R,ccib.f90:20534,no,yes,no,no,
pressure,CC_SCALARS::GET_CUTCELL_FH,ccib.f90,ZONE_SOLVE,module_global,TYPES,runtime_array,R,ccib.f90:20533,no,yes,no,no,
pressure,CC_SCALARS::GET_CUTCELL_FH,ccib.f90,CELL,mesh_field,MESH_TYPE,wall_obst_cutcell,R,ccib.f90:20533,no,yes,no,no,via=ptr
pressure,CC_SCALARS::GET_CUTCELL_FH,ccib.f90,CELL_INDEX,mesh_field,MESH_TYPE,wall_obst_cutcell,R,ccib.f90:20533,no,yes,no,no,via=ptr
pressure,CC_SCALARS::GET_CUTCELL_FH,ccib.f90,CUT_CELL,mesh_field,MESH_TYPE,wall_obst_cutcell,R,ccib.f90:20532,no,yes,no,no,via=alias:CC|ptr
pressure,CC_SCALARS::GET_CUTCELL_FH,ccib.f90,N_CUTCELL_MESH,mesh_field,MESH_TYPE,wall_obst_cutcell,R,ccib.f90:20531,no,yes,no,no,via=MESHES
pressure,CC_SCALARS::GET_CUTCELL_FH,ccib.f90,PRESSURE_ZONE,mesh_field,MESH_TYPE,pressure_solver,R,ccib.f90:20533,no,yes,no,no,via=ptr
pressure,CC_SCALARS::GET_CUTCELL_HP,ccib.f90,CC,module_global,CC_SCALARS,pointer,RW,ccib.f90:20491,no,yes,no,no,
pressure,CC_SCALARS::GET_CUTCELL_HP,ccib.f90,NM_START,module_global,COMPLEX_GEOMETRY,runtime_scalar,R,ccib.f90:20493,no,yes,no,no,
pressure,CC_SCALARS::GET_CUTCELL_HP,ccib.f90,PREDICTOR,module_global,GLOBAL_CONSTANTS,runtime_scalar,R,ccib.f90:20487,no,yes,no,no,
pressure,CC_SCALARS::GET_CUTCELL_HP,ccib.f90,ZONE_SOLVE,module_global,TYPES,runtime_array,R,ccib.f90:20492,no,yes,no,no,
pressure,CC_SCALARS::GET_CUTCELL_HP,ccib.f90,CELL,mesh_field,MESH_TYPE,wall_obst_cutcell,R,ccib.f90:20492,no,yes,no,no,via=ptr
pressure,CC_SCALARS::GET_CUTCELL_HP,ccib.f90,CELL_INDEX,mesh_field,MESH_TYPE,wall_obst_cutcell,R,ccib.f90:20492,no,yes,no,no,via=ptr
pressure,CC_SCALARS::GET_CUTCELL_HP,ccib.f90,CUT_CELL,mesh_field,MESH_TYPE,wall_obst_cutcell,RW,ccib.f90:20491,no,yes,no,no,via=MESHES|alias:CC
pressure,CC_SCALARS::GET_CUTCELL_HP,ccib.f90,N_CUTCELL_MESH,mesh_field,MESH_TYPE,wall_obst_cutcell,R,ccib.f90:20490,no,yes,no,no,via=MESHES
pressure,CC_SCALARS::GET_CUTCELL_HP,ccib.f90,PRESSURE_ZONE,mesh_field,MESH_TYPE,pressure_solver,R,ccib.f90:20492,no,yes,no,no,via=ptr
pressure,CC_SCALARS::GET_CUTFACE_BAROCLINIC_TORQUE,ccib.f90,CUT_CELL,mesh_field,MESH_TYPE,wall_obst_cutcell,R,ccib.f90:1792,no,no,no,no,via=ptr
pressure,CC_SCALARS::GET_CUTFACE_BAROCLINIC_TORQUE,ccib.f90,CUT_FACE,mesh_field,MESH_TYPE,wall_obst_cutcell,R,ccib.f90:1784,no,no,no,no,via=alias:CF
pressure,CC_SCALARS::GET_CUTFACE_BAROCLINIC_TORQUE,ccib.f90,KRES,mesh_field,MESH_TYPE,cell_centred_solution,R,ccib.f90:1793,no,no,no,no,via=ptr
pressure,CC_SCALARS::GET_FH_FROM_PRHS_AND_BCS,ccib.f90,BC,module_global,CC_SCALARS,pointer,RW,ccib.f90:2122,no,yes,no,no,
pressure,CC_SCALARS::GET_FH_FROM_PRHS_AND_BCS,ccib.f90,NM_START,module_global,COMPLEX_GEOMETRY,runtime_scalar,R,ccib.f90:2093,no,yes,no,no,
pressure,CC_SCALARS::GET_FH_FROM_PRHS_AND_BCS,ccib.f90,CC_IBM,module_global,GLOBAL_CONSTANTS,runtime_scalar,R,ccib.f90:2102,no,yes,no,no,
pressure,CC_SCALARS::GET_FH_FROM_PRHS_AND_BCS,ccib.f90,PRES_FLAG,module_global,GLOBAL_CONSTANTS,runtime_scalar,R,ccib.f90:2109,no,yes,no,no,
pressure,CC_SCALARS::GET_FH_FROM_PRHS_AND_BCS,ccib.f90,ZONE_SOLVE,module_global,TYPES,runtime_array,R,ccib.f90:2091,no,yes,no,no,
pressure,CC_SCALARS::GET_FH_FROM_PRHS_AND_BCS,ccib.f90,BOUNDARY_COORD,mesh_field,MESH_TYPE,wall_obst_cutcell,R,ccib.f90:2122,no,yes,no,no,via=alias:BC|ptr
pressure,CC_SCALARS::GET_FH_FROM_PRHS_AND_BCS,ccib.f90,BXF,mesh_field,MESH_TYPE,pressure_solver,R,ccib.f90:2158,no,yes,no,no,via=ptr
pressure,CC_SCALARS::GET_FH_FROM_PRHS_AND_BCS,ccib.f90,BXS,mesh_field,MESH_TYPE,pressure_solver,R,ccib.f90:2161,no,yes,no,no,via=ptr
pressure,CC_SCALARS::GET_FH_FROM_PRHS_AND_BCS,ccib.f90,BYF,mesh_field,MESH_TYPE,pressure_solver,R,ccib.f90:2164,no,yes,no,no,via=ptr
pressure,CC_SCALARS::GET_FH_FROM_PRHS_AND_BCS,ccib.f90,BYS,mesh_field,MESH_TYPE,pressure_solver,R,ccib.f90:2167,no,yes,no,no,via=ptr
pressure,CC_SCALARS::GET_FH_FROM_PRHS_AND_BCS,ccib.f90,BZF,mesh_field,MESH_TYPE,pressure_solver,R,ccib.f90:2170,no,yes,no,no,via=ptr
pressure,CC_SCALARS::GET_FH_FROM_PRHS_AND_BCS,ccib.f90,BZS,mesh_field,MESH_TYPE,pressure_solver,R,ccib.f90:2173,no,yes,no,no,via=ptr
pressure,CC_SCALARS::GET_FH_FROM_PRHS_AND_BCS,ccib.f90,CCVAR,mesh_field,MESH_TYPE,wall_obst_cutcell,R,ccib.f90:2091,no,yes,no,no,via=ptr
pressure,CC_SCALARS::GET_FH_FROM_PRHS_AND_BCS,ccib.f90,CFACE,mesh_field,MESH_TYPE,wall_obst_cutcell,R,ccib.f90:2107,no,yes,no,no,via=alias:CFA|ptr
pressure,CC_SCALARS::GET_FH_FROM_PRHS_AND_BCS,ccib.f90,CUT_FACE,mesh_field,MESH_TYPE,wall_obst_cutcell,R,ccib.f90:2115,no,yes,no,no,via=ptr
pressure,CC_SCALARS::GET_FH_FROM_PRHS_AND_BCS,ccib.f90,DX,mesh_field,MESH_TYPE,grid_geometry,R,ccib.f90:2096,no,yes,no,no,via=ptr
pressure,CC_SCALARS::GET_FH_FROM_PRHS_AND_BCS,ccib.f90,DY,mesh_field,MESH_TYPE,grid_geometry,R,ccib.f90:2096,no,yes,no,no,via=ptr
pressure,CC_SCALARS::GET_FH_FROM_PRHS_AND_BCS,ccib.f90,DZ,mesh_field,MESH_TYPE,grid_geometry,R,ccib.f90:2096,no,yes,no,no,via=ptr
pressure,CC_SCALARS::GET_FH_FROM_PRHS_AND_BCS,ccib.f90,EXTERNAL_WALL,mesh_field,MESH_TYPE,ghost_boundary,R,ccib.f90:2116,no,yes,no,no,via=alias:EWC|ptr
pressure,CC_SCALARS::GET_FH_FROM_PRHS_AND_BCS,ccib.f90,FCVAR,mesh_field,MESH_TYPE,wall_obst_cutcell,R,ccib.f90:2219,no,yes,no,no,via=ptr
pressure,CC_SCALARS::GET_FH_FROM_PRHS_AND_BCS,ccib.f90,IBAR,mesh_field,MESH_TYPE,grid_geometry,R,ccib.f90:2090,no,yes,no,no,via=ptr
pressure,CC_SCALARS::GET_FH_FROM_PRHS_AND_BCS,ccib.f90,JBAR,mesh_field,MESH_TYPE,grid_geometry,R,ccib.f90:2089,no,yes,no,no,via=ptr
pressure,CC_SCALARS::GET_FH_FROM_PRHS_AND_BCS,ccib.f90,KBAR,mesh_field,MESH_TYPE,grid_geometry,R,ccib.f90:2088,no,yes,no,no,via=ptr
pressure,CC_SCALARS::GET_FH_FROM_PRHS_AND_BCS,ccib.f90,N_EXTERNAL_CFACE_CELLS,mesh_field,MESH_TYPE,wall_obst_cutcell,R,ccib.f90:2105,no,yes,no,no,via=ptr
pressure,CC_SCALARS::GET_FH_FROM_PRHS_AND_BCS,ccib.f90,N_EXTERNAL_WALL_CELLS,mesh_field,MESH_TYPE,ghost_boundary,R,ccib.f90:2142,no,yes,no,no,via=ptr
pressure,CC_SCALARS::GET_FH_FROM_PRHS_AND_BCS,ccib.f90,PRESSURE_ZONE,mesh_field,MESH_TYPE,pressure_solver,R,ccib.f90:2091,no,yes,no,no,via=ptr
pressure,CC_SCALARS::GET_FH_FROM_PRHS_AND_BCS,ccib.f90,PRHS,mesh_field,MESH_TYPE,pressure_solver,R,ccib.f90:2096,no,yes,no,no,via=ptr
pressure,CC_SCALARS::GET_FH_FROM_PRHS_AND_BCS,ccib.f90,R,mesh_field,MESH_TYPE,grid_geometry,R,ccib.f90:2157,no,yes,no,no,via=ptr
pressure,CC_SCALARS::GET_FH_FROM_PRHS_AND_BCS,ccib.f90,RC,mesh_field,MESH_TYPE,grid_geometry,R,ccib.f90:2096,no,yes,no,no,via=ptr
pressure,CC_SCALARS::GET_FH_FROM_PRHS_AND_BCS,ccib.f90,RC_FACE,mesh_field,MESH_TYPE,wall_obst_cutcell,R,ccib.f90:2220,no,yes,no,no,via=ptr
pressure,CC_SCALARS::GET_FH_FROM_PRHS_AND_BCS,ccib.f90,RDXN,mesh_field,MESH_TYPE,grid_geometry,R,ccib.f90:2199,no,yes,no,no,via=ptr
pressure,CC_SCALARS::GET_FH_FROM_PRHS_AND_BCS,ccib.f90,RDYN,mesh_field,MESH_TYPE,grid_geometry,R,ccib.f90:2205,no,yes,no,no,via=ptr
pressure,CC_SCALARS::GET_FH_FROM_PRHS_AND_BCS,ccib.f90,RDZN,mesh_field,MESH_TYPE,grid_geometry,R,ccib.f90:2211,no,yes,no,no,via=ptr
pressure,CC_SCALARS::GET_FH_FROM_PRHS_AND_BCS,ccib.f90,WALL,mesh_field,MESH_TYPE,wall_obst_cutcell,R,ccib.f90:2115,no,yes,no,no,via=alias:WC|ptr
pressure,CC_SCALARS::GET_FN_DIVERGENCE_CUTCELL,ccib.f90,CUT_CELL,mesh_field,MESH_TYPE,wall_obst_cutcell,R,ccib.f90:16605,no,no,no,no,via=ptr
pressure,CC_SCALARS::GET_FN_DIVERGENCE_CUTCELL,ccib.f90,CUT_FACE,mesh_field,MESH_TYPE,wall_obst_cutcell,R,ccib.f90:16636,no,no,no,no,via=ptr
pressure,CC_SCALARS::GET_FN_DIVERGENCE_CUTCELL,ccib.f90,DX,mesh_field,MESH_TYPE,grid_geometry,R,ccib.f90:16625,no,no,no,no,via=ptr
pressure,CC_SCALARS::GET_FN_DIVERGENCE_CUTCELL,ccib.f90,DY,mesh_field,MESH_TYPE,grid_geometry,R,ccib.f90:16622,no,no,no,no,via=ptr
pressure,CC_SCALARS::GET_FN_DIVERGENCE_CUTCELL,ccib.f90,DZ,mesh_field,MESH_TYPE,grid_geometry,R,ccib.f90:16622,no,no,no,no,via=ptr
pressure,CC_SCALARS::GET_FN_DIVERGENCE_CUTCELL,ccib.f90,FVX,mesh_field,MESH_TYPE,face_centred_flux,R,ccib.f90:16623,no,no,no,no,via=ptr
pressure,CC_SCALARS::GET_FN_DIVERGENCE_CUTCELL,ccib.f90,FVX_B,mesh_field,MESH_TYPE,face_centred_flux,R,ccib.f90:16623,no,no,no,no,via=ptr
pressure,CC_SCALARS::GET_FN_DIVERGENCE_CUTCELL,ccib.f90,FVY,mesh_field,MESH_TYPE,face_centred_flux,R,ccib.f90:16626,no,no,no,no,via=ptr
pressure,CC_SCALARS::GET_FN_DIVERGENCE_CUTCELL,ccib.f90,FVY_B,mesh_field,MESH_TYPE,face_centred_flux,R,ccib.f90:16626,no,no,no,no,via=ptr
pressure,CC_SCALARS::GET_FN_DIVERGENCE_CUTCELL,ccib.f90,FVZ,mesh_field,MESH_TYPE,face_centred_flux,R,ccib.f90:16629,no,no,no,no,via=ptr
pressure,CC_SCALARS::GET_FN_DIVERGENCE_CUTCELL,ccib.f90,FVZ_B,mesh_field,MESH_TYPE,face_centred_flux,R,ccib.f90:16629,no,no,no,no,via=ptr
pressure,CC_SCALARS::GET_H_CUTFACES,ccib.f90,BC,module_global,CC_SCALARS,pointer,RW,ccib.f90:21335,no,yes,no,no,
pressure,CC_SCALARS::GET_H_CUTFACES,ccib.f90,WC,module_global,CC_SCALARS,pointer,RW,ccib.f90:21332,no,yes,no,no,
pressure,CC_SCALARS::GET_H_CUTFACES,ccib.f90,LOWER_MESH_INDEX,module_global,GLOBAL_CONSTANTS,runtime_scalar,R,ccib.f90:21297,no,yes,no,no,
pressure,CC_SCALARS::GET_H_CUTFACES,ccib.f90,PRES_FLAG,module_global,GLOBAL_CONSTANTS,runtime_scalar,R,ccib.f90:21330,no,yes,no,no,
pressure,CC_SCALARS::GET_H_CUTFACES,ccib.f90,UPPER_MESH_INDEX,module_global,GLOBAL_CONSTANTS,runtime_scalar,R,ccib.f90:21298,no,yes,no,no,
pressure,CC_SCALARS::GET_H_CUTFACES,ccib.f90,BOUNDARY_COORD,mesh_field,MESH_TYPE,wall_obst_cutcell,R,ccib.f90:21335,no,yes,no,no,via=alias:BC|ptr
pressure,CC_SCALARS::GET_H_CUTFACES,ccib.f90,CCVAR,mesh_field,MESH_TYPE,wall_obst_cutcell,R,ccib.f90:21365,no,yes,no,no,via=MESHES|ptr
pressure,CC_SCALARS::GET_H_CUTFACES,ccib.f90,CUT_CELL,mesh_field,MESH_TYPE,wall_obst_cutcell,R,ccib.f90:21307,no,yes,no,no,via=ptr
pressure,CC_SCALARS::GET_H_CUTFACES,ccib.f90,CUT_FACE,mesh_field,MESH_TYPE,wall_obst_cutcell,W,ccib.f90:21320,no,yes,no,no,via=ptr
pressure,CC_SCALARS::GET_H_CUTFACES,ccib.f90,FCVAR,mesh_field,MESH_TYPE,wall_obst_cutcell,R,ccib.f90:21367,no,yes,no,no,via=ptr
pressure,CC_SCALARS::GET_H_CUTFACES,ccib.f90,N_CUTCELL_MESH,mesh_field,MESH_TYPE,wall_obst_cutcell,R,ccib.f90:21306,no,yes,no,no,via=MESHES
pressure,CC_SCALARS::GET_H_CUTFACES,ccib.f90,N_EXTERNAL_WALL_CELLS,mesh_field,MESH_TYPE,ghost_boundary,R,ccib.f90:21331,no,yes,no,no,via=ptr
pressure,CC_SCALARS::GET_H_CUTFACES,ccib.f90,RC_FACE,mesh_field,MESH_TYPE,wall_obst_cutcell,W,ccib.f90:21400,no,yes,no,no,via=MESHES
pressure,CC_SCALARS::GET_H_CUTFACES,ccib.f90,WALL,mesh_field,MESH_TYPE,wall_obst_cutcell,R,ccib.f90:21332,no,yes,no,no,via=alias:WC|ptr
pressure,CC_SCALARS::GET_H_GUARD_CUTCELL,ccib.f90,ONE_UNKH_PER_CUTCELL,module_global,GLOBAL_CONSTANTS,runtime_scalar,R,ccib.f90:527,yes,yes,no,no,
pressure,CC_SCALARS::GET_H_GUARD_CUTCELL,ccib.f90,PREDICTOR,module_global,GLOBAL_CONSTANTS,runtime_scalar,R,ccib.f90:533,yes,yes,no,no,
pressure,CC_SCALARS::GET_H_GUARD_CUTCELL,ccib.f90,PRES_FLAG,module_global,GLOBAL_CONSTANTS,runtime_scalar,R,ccib.f90:526,yes,yes,no,no,
pressure,CC_SCALARS::GET_H_GUARD_CUTCELL,ccib.f90,BOUNDARY_COORD,mesh_field,MESH_TYPE,wall_obst_cutcell,R,ccib.f90:531,yes,yes,no,no,via=alias:BC|ptr
pressure,CC_SCALARS::GET_H_GUARD_CUTCELL,ccib.f90,CCVAR,mesh_field,MESH_TYPE,wall_obst_cutcell,R,ccib.f90:531,yes,yes,no,no,via=MESHES|ptr
pressure,CC_SCALARS::GET_H_GUARD_CUTCELL,ccib.f90,CUT_CELL,mesh_field,MESH_TYPE,wall_obst_cutcell,RW,ccib.f90:534,yes,yes,no,no,via=MESHES|ptr
pressure,CC_SCALARS::GET_H_GUARD_CUTCELL,ccib.f90,CUT_FACE,mesh_field,MESH_TYPE,wall_obst_cutcell,R,ccib.f90:567,yes,yes,no,no,via=MESHES|alias:CF|ptr
pressure,CC_SCALARS::GET_H_GUARD_CUTCELL,ccib.f90,DX,mesh_field,MESH_TYPE,grid_geometry,R,ccib.f90:573,yes,yes,no,no,via=MESHES|ptr
pressure,CC_SCALARS::GET_H_GUARD_CUTCELL,ccib.f90,DY,mesh_field,MESH_TYPE,grid_geometry,R,ccib.f90:572,yes,yes,no,no,via=MESHES|ptr
pressure,CC_SCALARS::GET_H_GUARD_CUTCELL,ccib.f90,DZ,mesh_field,MESH_TYPE,grid_geometry,R,ccib.f90:572,yes,yes,no,no,via=MESHES|ptr
pressure,CC_SCALARS::GET_H_GUARD_CUTCELL,ccib.f90,EXTERNAL_WALL,mesh_field,MESH_TYPE,ghost_boundary,R,ccib.f90:546,yes,yes,no,no,via=alias:EWC|ptr
pressure,CC_SCALARS::GET_H_GUARD_CUTCELL,ccib.f90,FCVAR,mesh_field,MESH_TYPE,wall_obst_cutcell,R,ccib.f90:636,yes,yes,no,no,via=MESHES
pressure,CC_SCALARS::GET_H_GUARD_CUTCELL,ccib.f90,N_EXTERNAL_WALL_CELLS,mesh_field,MESH_TYPE,ghost_boundary,R,ccib.f90:530,yes,yes,no,no,via=ptr
pressure,CC_SCALARS::GET_H_GUARD_CUTCELL,ccib.f90,OMESH,mesh_field,MESH_TYPE,mpi_exchange,R,ccib.f90:548,yes,yes,no,no,via=alias:OM|ptr
pressure,CC_SCALARS::GET_H_GUARD_CUTCELL,ccib.f90,PRESSURE_ZONE,mesh_field,MESH_TYPE,pressure_solver,R,ccib.f90:532,yes,yes,no,no,via=ptr
pressure,CC_SCALARS::GET_H_GUARD_CUTCELL,ccib.f90,WALL,mesh_field,MESH_TYPE,wall_obst_cutcell,R,ccib.f90:531,yes,yes,no,no,via=alias:WC|ptr
pressure,CC_SCALARS::GET_H_GUARD_CUTCELL,ccib.f90,X,mesh_field,MESH_TYPE,grid_geometry,R,ccib.f90:580,yes,yes,no,no,via=MESHES|ptr
pressure,CC_SCALARS::GET_H_GUARD_CUTCELL,ccib.f90,XC,mesh_field,MESH_TYPE,grid_geometry,R,ccib.f90:582,yes,yes,no,no,via=MESHES|ptr
pressure,CC_SCALARS::GET_H_GUARD_CUTCELL,ccib.f90,Y,mesh_field,MESH_TYPE,grid_geometry,R,ccib.f90:588,yes,yes,no,no,via=MESHES|ptr
pressure,CC_SCALARS::GET_H_GUARD_CUTCELL,ccib.f90,YC,mesh_field,MESH_TYPE,grid_geometry,R,ccib.f90:590,yes,yes,no,no,via=MESHES|ptr
pressure,CC_SCALARS::GET_H_GUARD_CUTCELL,ccib.f90,Z,mesh_field,MESH_TYPE,grid_geometry,R,ccib.f90:596,yes,yes,no,no,via=MESHES|ptr
pressure,CC_SCALARS::GET_H_GUARD_CUTCELL,ccib.f90,ZC,mesh_field,MESH_TYPE,grid_geometry,R,ccib.f90:598,yes,yes,no,no,via=MESHES|ptr
pressure,CC_SCALARS::GET_H_GUARD_CUTCELL,ccib.f90,ZONE_MESH,mesh_field,MESH_TYPE,pressure_solver,R,ccib.f90:532,yes,yes,no,no,via=ptr
pressure,CC_SCALARS::GET_H_GUARD_CUTCELL,ccib.f90,H,mesh_field,OMESH_TYPE,mpi_exchange,R,ccib.f90:611,yes,yes,no,no,via=OM
pressure,CC_SCALARS::GET_H_GUARD_CUTCELL,ccib.f90,HS,mesh_field,OMESH_TYPE,mpi_exchange,R,ccib.f90:612,yes,yes,no,no,via=OM
pressure,CC_SCALARS::GET_H_GUARD_CUTCELL,ccib.f90,MUNKH,mesh_field,OMESH_TYPE,mpi_exchange,R,ccib.f90:635,yes,yes,no,no,via=OM
pressure,CC_SCALARS::GET_H_MATRIX_CC,ccib.f90,IHI_CELL,module_global,CC_SCALARS,runtime_scalar,W,ccib.f90:20570,yes,yes,no,no,
pressure,CC_SCALARS::GET_H_MATRIX_CC,ccib.f90,IHI_FACE,module_global,CC_SCALARS,runtime_scalar,RW,ccib.f90:20568,yes,yes,no,no,
pressure,CC_SCALARS::GET_H_MATRIX_CC,ccib.f90,ILO_CELL,module_global,CC_SCALARS,runtime_scalar,W,ccib.f90:20569,yes,yes,no,no,
pressure,CC_SCALARS::GET_H_MATRIX_CC,ccib.f90,ILO_FACE,module_global,CC_SCALARS,runtime_scalar,RW,ccib.f90:20567,yes,yes,no,no,
pressure,CC_SCALARS::GET_H_MATRIX_CC,ccib.f90,JHI_CELL,module_global,CC_SCALARS,runtime_scalar,W,ccib.f90:20575,yes,yes,no,no,
pressure,CC_SCALARS::GET_H_MATRIX_CC,ccib.f90,JHI_FACE,module_global,CC_SCALARS,runtime_scalar,RW,ccib.f90:20573,yes,yes,no,no,
pressure,CC_SCALARS::GET_H_MATRIX_CC,ccib.f90,JLO_CELL,module_global,CC_SCALARS,runtime_scalar,W,ccib.f90:20574,yes,yes,no,no,
pressure,CC_SCALARS::GET_H_MATRIX_CC,ccib.f90,JLO_FACE,module_global,CC_SCALARS,runtime_scalar,RW,ccib.f90:20572,yes,yes,no,no,
pressure,CC_SCALARS::GET_H_MATRIX_CC,ccib.f90,KHI_CELL,module_global,CC_SCALARS,runtime_scalar,W,ccib.f90:20580,yes,yes,no,no,
pressure,CC_SCALARS::GET_H_MATRIX_CC,ccib.f90,KHI_FACE,module_global,CC_SCALARS,runtime_scalar,RW,ccib.f90:20578,yes,yes,no,no,
pressure,CC_SCALARS::GET_H_MATRIX_CC,ccib.f90,KLO_CELL,module_global,CC_SCALARS,runtime_scalar,W,ccib.f90:20579,yes,yes,no,no,
pressure,CC_SCALARS::GET_H_MATRIX_CC,ccib.f90,KLO_FACE,module_global,CC_SCALARS,runtime_scalar,RW,ccib.f90:20577,yes,yes,no,no,
pressure,CC_SCALARS::GET_H_MATRIX_CC,ccib.f90,WC,module_global,CC_SCALARS,pointer,RW,ccib.f90:20641,yes,yes,no,no,
pressure,CC_SCALARS::GET_H_MATRIX_CC,ccib.f90,ZONE_SOLVE,module_global,TYPES,runtime_array,RW,ccib.f90:20586,yes,yes,no,no,
pressure,CC_SCALARS::GET_H_MATRIX_CC,ccib.f90,BOUNDARY_COORD,mesh_field,MESH_TYPE,wall_obst_cutcell,R,ccib.f90:20681,yes,yes,no,no,via=alias:BC|ptr
pressure,CC_SCALARS::GET_H_MATRIX_CC,ccib.f90,CCVAR,mesh_field,MESH_TYPE,wall_obst_cutcell,R,ccib.f90:20678,yes,yes,no,no,via=MESHES|ptr
pressure,CC_SCALARS::GET_H_MATRIX_CC,ccib.f90,CC_NRCFACE_H,mesh_field,MESH_TYPE,wall_obst_cutcell,R,ccib.f90:20583,yes,yes,no,no,via=MESHES
pressure,CC_SCALARS::GET_H_MATRIX_CC,ccib.f90,CUT_CELL,mesh_field,MESH_TYPE,wall_obst_cutcell,R,ccib.f90:20696,yes,yes,no,no,via=MESHES|ptr
pressure,CC_SCALARS::GET_H_MATRIX_CC,ccib.f90,CUT_FACE,mesh_field,MESH_TYPE,wall_obst_cutcell,R,ccib.f90:20635,yes,yes,no,no,via=MESHES|alias:CF
pressure,CC_SCALARS::GET_H_MATRIX_CC,ccib.f90,DX,mesh_field,MESH_TYPE,grid_geometry,R,ccib.f90:20601,yes,yes,no,no,via=MESHES|ptr
pressure,CC_SCALARS::GET_H_MATRIX_CC,ccib.f90,DY,mesh_field,MESH_TYPE,grid_geometry,R,ccib.f90:20596,yes,yes,no,no,via=MESHES|ptr
pressure,CC_SCALARS::GET_H_MATRIX_CC,ccib.f90,DZ,mesh_field,MESH_TYPE,grid_geometry,R,ccib.f90:20596,yes,yes,no,no,via=MESHES|ptr
pressure,CC_SCALARS::GET_H_MATRIX_CC,ccib.f90,EXTERNAL_WALL,mesh_field,MESH_TYPE,ghost_boundary,R,ccib.f90:20643,yes,yes,no,no,via=alias:EWC|ptr
pressure,CC_SCALARS::GET_H_MATRIX_CC,ccib.f90,FCVAR,mesh_field,MESH_TYPE,wall_obst_cutcell,R,ccib.f90:20702,yes,yes,no,no,via=MESHES
pressure,CC_SCALARS::GET_H_MATRIX_CC,ccib.f90,IBAR,mesh_field,MESH_TYPE,grid_geometry,R,ccib.f90:20568,yes,yes,no,no,via=ptr
pressure,CC_SCALARS::GET_H_MATRIX_CC,ccib.f90,JBAR,mesh_field,MESH_TYPE,grid_geometry,R,ccib.f90:20573,yes,yes,no,no,via=ptr
pressure,CC_SCALARS::GET_H_MATRIX_CC,ccib.f90,KBAR,mesh_field,MESH_TYPE,grid_geometry,R,ccib.f90:20578,yes,yes,no,no,via=ptr
pressure,CC_SCALARS::GET_H_MATRIX_CC,ccib.f90,N_CUTFACE_MESH,mesh_field,MESH_TYPE,wall_obst_cutcell,R,ccib.f90:20634,yes,yes,no,no,via=MESHES
pressure,CC_SCALARS::GET_H_MATRIX_CC,ccib.f90,N_EXTERNAL_WALL_CELLS,mesh_field,MESH_TYPE,ghost_boundary,R,ccib.f90:20766,yes,yes,no,no,via=ptr
pressure,CC_SCALARS::GET_H_MATRIX_CC,ccib.f90,OMESH,mesh_field,MESH_TYPE,mpi_exchange,R,ccib.f90:20679,yes,yes,no,no,via=ptr
pressure,CC_SCALARS::GET_H_MATRIX_CC,ccib.f90,PRESSURE_ZONE,mesh_field,MESH_TYPE,pressure_solver,R,ccib.f90:20586,yes,yes,no,no,via=ptr
pressure,CC_SCALARS::GET_H_MATRIX_CC,ccib.f90,RCF_H,mesh_field,MESH_TYPE,wall_obst_cutcell,R,ccib.f90:20584,yes,yes,no,no,via=MESHES|alias:RCF
pressure,CC_SCALARS::GET_H_MATRIX_CC,ccib.f90,RC_FACE,mesh_field,MESH_TYPE,wall_obst_cutcell,R,ccib.f90:20584,yes,yes,no,no,via=alias:RCF|ptr
pressure,CC_SCALARS::GET_H_MATRIX_CC,ccib.f90,RDXN,mesh_field,MESH_TYPE,grid_geometry,R,ccib.f90:20597,yes,yes,no,no,via=ptr
pressure,CC_SCALARS::GET_H_MATRIX_CC,ccib.f90,RDYN,mesh_field,MESH_TYPE,grid_geometry,R,ccib.f90:20602,yes,yes,no,no,via=ptr
pressure,CC_SCALARS::GET_H_MATRIX_CC,ccib.f90,RDZN,mesh_field,MESH_TYPE,grid_geometry,R,ccib.f90:20607,yes,yes,no,no,via=ptr
pressure,CC_SCALARS::GET_H_MATRIX_CC,ccib.f90,WALL,mesh_field,MESH_TYPE,wall_obst_cutcell,R,ccib.f90:20641,yes,yes,no,no,via=MESHES|alias:WC|ptr
pressure,CC_SCALARS::GET_H_MATRIX_CC,ccib.f90,X,mesh_field,MESH_TYPE,grid_geometry,R,ccib.f90:20685,yes,yes,no,no,via=MESHES
pressure,CC_SCALARS::GET_H_MATRIX_CC,ccib.f90,XC,mesh_field,MESH_TYPE,grid_geometry,R,ccib.f90:20685,yes,yes,no,no,via=MESHES|ptr
pressure,CC_SCALARS::GET_H_MATRIX_CC,ccib.f90,XF,mesh_field,MESH_TYPE,grid_geometry,R,ccib.f90:20650,yes,yes,no,no,via=ptr
pressure,CC_SCALARS::GET_H_MATRIX_CC,ccib.f90,XS,mesh_field,MESH_TYPE,grid_geometry,R,ccib.f90:20649,yes,yes,no,no,via=ptr
pressure,CC_SCALARS::GET_H_MATRIX_CC,ccib.f90,Y,mesh_field,MESH_TYPE,grid_geometry,R,ccib.f90:20688,yes,yes,no,no,via=MESHES
pressure,CC_SCALARS::GET_H_MATRIX_CC,ccib.f90,YC,mesh_field,MESH_TYPE,grid_geometry,R,ccib.f90:20688,yes,yes,no,no,via=MESHES|ptr
pressure,CC_SCALARS::GET_H_MATRIX_CC,ccib.f90,YF,mesh_field,MESH_TYPE,grid_geometry,R,ccib.f90:20654,yes,yes,no,no,via=ptr
pressure,CC_SCALARS::GET_H_MATRIX_CC,ccib.f90,YS,mesh_field,MESH_TYPE,grid_geometry,R,ccib.f90:20653,yes,yes,no,no,via=ptr
pressure,CC_SCALARS::GET_H_MATRIX_CC,ccib.f90,Z,mesh_field,MESH_TYPE,grid_geometry,R,ccib.f90:20691,yes,yes,no,no,via=MESHES
pressure,CC_SCALARS::GET_H_MATRIX_CC,ccib.f90,ZC,mesh_field,MESH_TYPE,grid_geometry,R,ccib.f90:20691,yes,yes,no,no,via=MESHES|ptr
pressure,CC_SCALARS::GET_H_MATRIX_CC,ccib.f90,ZF,mesh_field,MESH_TYPE,grid_geometry,R,ccib.f90:20658,yes,yes,no,no,via=ptr
pressure,CC_SCALARS::GET_H_MATRIX_CC,ccib.f90,ZS,mesh_field,MESH_TYPE,grid_geometry,R,ccib.f90:20657,yes,yes,no,no,via=ptr
pressure,CC_SCALARS::GET_H_MATRIX_CC,ccib.f90,MUNKH,mesh_field,OMESH_TYPE,mpi_exchange,R,ccib.f90:20679,yes,yes,no,no,via=OMESH
pressure,CC_SCALARS::GET_LHS_CUTCELL,ccib.f90,F_LINK,module_global,CC_SCALARS,runtime_array,R,ccib.f90:1593,no,no,no,no,
pressure,CC_SCALARS::GET_LHS_CUTCELL,ccib.f90,CUT_CELL,mesh_field,MESH_TYPE,wall_obst_cutcell,R,ccib.f90:1427,no,no,no,no,via=ptr
pressure,CC_SCALARS::GET_LHS_CUTCELL,ccib.f90,CUT_FACE,mesh_field,MESH_TYPE,wall_obst_cutcell,R,ccib.f90:1495,no,no,no,no,via=ptr
pressure,CC_SCALARS::GET_LHS_CUTCELL,ccib.f90,DX,mesh_field,MESH_TYPE,grid_geometry,R,ccib.f90:1455,no,no,no,no,via=ptr
pressure,CC_SCALARS::GET_LHS_CUTCELL,ccib.f90,DY,mesh_field,MESH_TYPE,grid_geometry,R,ccib.f90:1440,no,no,no,no,via=ptr
pressure,CC_SCALARS::GET_LHS_CUTCELL,ccib.f90,DZ,mesh_field,MESH_TYPE,grid_geometry,R,ccib.f90:1440,no,no,no,no,via=ptr
pressure,CC_SCALARS::GET_LHS_CUTCELL,ccib.f90,FCVAR,mesh_field,MESH_TYPE,wall_obst_cutcell,R,ccib.f90:1445,no,no,no,no,via=ptr
pressure,CC_SCALARS::GET_LHS_CUTCELL,ccib.f90,KRES,mesh_field,MESH_TYPE,cell_centred_solution,R,ccib.f90:1538,no,no,no,no,via=ptr
pressure,CC_SCALARS::GET_LHS_CUTCELL,ccib.f90,RC_FACE,mesh_field,MESH_TYPE,wall_obst_cutcell,R,ccib.f90:1446,no,no,no,no,via=ptr
pressure,CC_SCALARS::GET_LHS_CUTCELL,ccib.f90,WALL,mesh_field,MESH_TYPE,wall_obst_cutcell,R,ccib.f90:1487,no,no,no,no,via=ptr
pressure,CC_SCALARS::GET_LHS_CUTCELL,ccib.f90,X,mesh_field,MESH_TYPE,grid_geometry,R,ccib.f90:1542,no,no,no,no,via=ptr
pressure,CC_SCALARS::GET_LHS_CUTCELL,ccib.f90,XC,mesh_field,MESH_TYPE,grid_geometry,R,ccib.f90:1445,no,no,no,no,via=ptr
pressure,CC_SCALARS::GET_LHS_CUTCELL,ccib.f90,Y,mesh_field,MESH_TYPE,grid_geometry,R,ccib.f90:1557,no,no,no,no,via=ptr
pressure,CC_SCALARS::GET_LHS_CUTCELL,ccib.f90,YC,mesh_field,MESH_TYPE,grid_geometry,R,ccib.f90:1460,no,no,no,no,via=ptr
pressure,CC_SCALARS::GET_LHS_CUTCELL,ccib.f90,Z,mesh_field,MESH_TYPE,grid_geometry,R,ccib.f90:1572,no,no,no,no,via=ptr
pressure,CC_SCALARS::GET_LHS_CUTCELL,ccib.f90,ZC,mesh_field,MESH_TYPE,grid_geometry,R,ccib.f90:1475,no,no,no,no,via=ptr
pressure,CC_SCALARS::GET_LINKED_FV,ccib.f90,CF,module_global,CC_SCALARS,pointer,RW,ccib.f90:15287,no,yes,no,no,
pressure,CC_SCALARS::GET_LINKED_FV,ccib.f90,TWO_D,module_global,GLOBAL_CONSTANTS,runtime_scalar,R,ccib.f90:15288,no,yes,no,no,
pressure,CC_SCALARS::GET_LINKED_FV,ccib.f90,CC_NRCFACE_Z,mesh_field,MESH_TYPE,wall_obst_cutcell,R,ccib.f90:15268,no,yes,no,no,via=MESHES
pressure,CC_SCALARS::GET_LINKED_FV,ccib.f90,CUT_FACE,mesh_field,MESH_TYPE,wall_obst_cutcell,RW,ccib.f90:15287,no,yes,no,no,via=alias:CF|ptr
pressure,CC_SCALARS::GET_LINKED_FV,ccib.f90,DX,mesh_field,MESH_TYPE,grid_geometry,R,ccib.f90:15256,no,yes,no,no,via=ptr
pressure,CC_SCALARS::GET_LINKED_FV,ccib.f90,DY,mesh_field,MESH_TYPE,grid_geometry,R,ccib.f90:15251,no,yes,no,no,via=ptr
pressure,CC_SCALARS::GET_LINKED_FV,ccib.f90,DZ,mesh_field,MESH_TYPE,grid_geometry,R,ccib.f90:15251,no,yes,no,no,via=ptr
pressure,CC_SCALARS::GET_LINKED_FV,ccib.f90,FCVAR,mesh_field,MESH_TYPE,wall_obst_cutcell,R,ccib.f90:15250,no,yes,no,no,via=ptr
pressure,CC_SCALARS::GET_LINKED_FV,ccib.f90,FVX,mesh_field,MESH_TYPE,face_centred_flux,RW,ccib.f90:15242,no,yes,no,no,via=alias:FVXP|ptr
pressure,CC_SCALARS::GET_LINKED_FV,ccib.f90,FVX_B,mesh_field,MESH_TYPE,face_centred_flux,RW,ccib.f90:15240,no,yes,no,no,via=alias:FVXP|ptr
pressure,CC_SCALARS::GET_LINKED_FV,ccib.f90,FVY,mesh_field,MESH_TYPE,face_centred_flux,RW,ccib.f90:15242,no,yes,no,no,via=alias:FVYP|ptr
pressure,CC_SCALARS::GET_LINKED_FV,ccib.f90,FVY_B,mesh_field,MESH_TYPE,face_centred_flux,RW,ccib.f90:15240,no,yes,no,no,via=alias:FVYP|ptr
pressure,CC_SCALARS::GET_LINKED_FV,ccib.f90,FVZ,mesh_field,MESH_TYPE,face_centred_flux,RW,ccib.f90:15242,no,yes,no,no,via=alias:FVZP|ptr
pressure,CC_SCALARS::GET_LINKED_FV,ccib.f90,FVZ_B,mesh_field,MESH_TYPE,face_centred_flux,RW,ccib.f90:15240,no,yes,no,no,via=alias:FVZP|ptr
pressure,CC_SCALARS::GET_LINKED_FV,ccib.f90,IBAR,mesh_field,MESH_TYPE,grid_geometry,R,ccib.f90:15248,no,yes,no,no,via=ptr
pressure,CC_SCALARS::GET_LINKED_FV,ccib.f90,JBAR,mesh_field,MESH_TYPE,grid_geometry,R,ccib.f90:15247,no,yes,no,no,via=ptr
pressure,CC_SCALARS::GET_LINKED_FV,ccib.f90,KBAR,mesh_field,MESH_TYPE,grid_geometry,R,ccib.f90:15246,no,yes,no,no,via=ptr
pressure,CC_SCALARS::GET_LINKED_FV,ccib.f90,NUNK_F,mesh_field,MESH_TYPE,wall_obst_cutcell,R,ccib.f90:15237,no,yes,no,no,via=MESHES
pressure,CC_SCALARS::GET_LINKED_FV,ccib.f90,N_CUTFACE_MESH,mesh_field,MESH_TYPE,wall_obst_cutcell,R,ccib.f90:15286,no,yes,no,no,via=MESHES
pressure,CC_SCALARS::GET_LINKED_FV,ccib.f90,RC_FACE,mesh_field,MESH_TYPE,wall_obst_cutcell,R,ccib.f90:15269,no,yes,no,no,via=ptr
pressure,CC_SCALARS::GET_PRES_CFACE_BCS,ccib.f90,B1,module_global,CC_SCALARS,pointer,RW,ccib.f90:2519,yes,yes,no,no,
pressure,CC_SCALARS::GET_PRES_CFACE_BCS,ccib.f90,BC,module_global,CC_SCALARS,pointer,RW,ccib.f90:2285,yes,yes,no,no,
pressure,CC_SCALARS::GET_PRES_CFACE_BCS,ccib.f90,CORRECTOR,module_global,GLOBAL_CONSTANTS,runtime_scalar,R,ccib.f90:2352,yes,yes,no,no,
pressure,CC_SCALARS::GET_PRES_CFACE_BCS,ccib.f90,OPEN_WIND_BOUNDARY,module_global,GLOBAL_CONSTANTS,runtime_scalar,R,ccib.f90:2541,yes,yes,no,no,
pressure,CC_SCALARS::GET_PRES_CFACE_BCS,ccib.f90,PREDICTOR,module_global,GLOBAL_CONSTANTS,runtime_scalar,R,ccib.f90:2265,yes,yes,no,no,
pressure,CC_SCALARS::GET_PRES_CFACE_BCS,ccib.f90,PRES_FLAG,module_global,GLOBAL_CONSTANTS,runtime_scalar,R,ccib.f90:2322,yes,yes,no,no,
pressure,CC_SCALARS::GET_PRES_CFACE_BCS,ccib.f90,T_BEGIN,module_global,GLOBAL_CONSTANTS,runtime_scalar,R,ccib.f90:2520,yes,yes,no,no,
pressure,CC_SCALARS::GET_PRES_CFACE_BCS,ccib.f90,U0,module_global,GLOBAL_CONSTANTS,runtime_scalar,R,ccib.f90:2540,yes,yes,no,no,
pressure,CC_SCALARS::GET_PRES_CFACE_BCS,ccib.f90,V0,module_global,GLOBAL_CONSTANTS,runtime_scalar,R,ccib.f90:2540,yes,yes,no,no,
pressure,CC_SCALARS::GET_PRES_CFACE_BCS,ccib.f90,W0,module_global,GLOBAL_CONSTANTS,runtime_scalar,R,ccib.f90:2540,yes,yes,no,no,
pressure,CC_SCALARS::GET_PRES_CFACE_BCS,ccib.f90,BOUNDARY_COORD,mesh_field,MESH_TYPE,wall_obst_cutcell,R,ccib.f90:2285,yes,yes,no,no,via=alias:BC|ptr
pressure,CC_SCALARS::GET_PRES_CFACE_BCS,ccib.f90,BOUNDARY_PROP1,mesh_field,MESH_TYPE,wall_obst_cutcell,R,ccib.f90:2519,yes,yes,no,no,via=alias:B1|alias:CFA_B1|ptr
pressure,CC_SCALARS::GET_PRES_CFACE_BCS,ccib.f90,BXF,mesh_field,MESH_TYPE,pressure_solver,W,ccib.f90:2389,yes,yes,no,no,via=ptr
pressure,CC_SCALARS::GET_PRES_CFACE_BCS,ccib.f90,BXS,mesh_field,MESH_TYPE,pressure_solver,W,ccib.f90:2359,yes,yes,no,no,via=ptr
pressure,CC_SCALARS::GET_PRES_CFACE_BCS,ccib.f90,BYF,mesh_field,MESH_TYPE,pressure_solver,W,ccib.f90:2449,yes,yes,no,no,via=ptr
pressure,CC_SCALARS::GET_PRES_CFACE_BCS,ccib.f90,BYS,mesh_field,MESH_TYPE,pressure_solver,W,ccib.f90:2419,yes,yes,no,no,via=ptr
pressure,CC_SCALARS::GET_PRES_CFACE_BCS,ccib.f90,BZF,mesh_field,MESH_TYPE,pressure_solver,W,ccib.f90:2509,yes,yes,no,no,via=ptr
pressure,CC_SCALARS::GET_PRES_CFACE_BCS,ccib.f90,BZS,mesh_field,MESH_TYPE,pressure_solver,W,ccib.f90:2479,yes,yes,no,no,via=ptr
pressure,CC_SCALARS::GET_PRES_CFACE_BCS,ccib.f90,CELL,mesh_field,MESH_TYPE,wall_obst_cutcell,R,ccib.f90:2335,yes,yes,no,no,via=M2
pressure,CC_SCALARS::GET_PRES_CFACE_BCS,ccib.f90,CELL_INDEX,mesh_field,MESH_TYPE,wall_obst_cutcell,R,ccib.f90:2335,yes,yes,no,no,via=M2
pressure,CC_SCALARS::GET_PRES_CFACE_BCS,ccib.f90,CFACE,mesh_field,MESH_TYPE,wall_obst_cutcell,RW,ccib.f90:2284,yes,yes,no,no,via=alias:CFA|ptr
pressure,CC_SCALARS::GET_PRES_CFACE_BCS,ccib.f90,CUT_FACE,mesh_field,MESH_TYPE,wall_obst_cutcell,R,ccib.f90:2293,yes,yes,no,no,via=M2|alias:CF2|ptr
pressure,CC_SCALARS::GET_PRES_CFACE_BCS,ccib.f90,DX,mesh_field,MESH_TYPE,grid_geometry,R,ccib.f90:2348,yes,yes,no,no,via=M2
pressure,CC_SCALARS::GET_PRES_CFACE_BCS,ccib.f90,DY,mesh_field,MESH_TYPE,grid_geometry,R,ccib.f90:2347,yes,yes,no,no,via=M2
pressure,CC_SCALARS::GET_PRES_CFACE_BCS,ccib.f90,DZ,mesh_field,MESH_TYPE,grid_geometry,R,ccib.f90:2347,yes,yes,no,no,via=M2
pressure,CC_SCALARS::GET_PRES_CFACE_BCS,ccib.f90,EXTERNAL_WALL,mesh_field,MESH_TYPE,ghost_boundary,R,ccib.f90:2318,yes,yes,no,no,via=alias:EWC|ptr
pressure,CC_SCALARS::GET_PRES_CFACE_BCS,ccib.f90,FCVAR,mesh_field,MESH_TYPE,wall_obst_cutcell,R,ccib.f90:2336,yes,yes,no,no,via=M2
pressure,CC_SCALARS::GET_PRES_CFACE_BCS,ccib.f90,H,mesh_field,MESH_TYPE,cell_centred_solution,R,ccib.f90:2269,yes,yes,no,no,via=alias:HP|ptr
pressure,CC_SCALARS::GET_PRES_CFACE_BCS,ccib.f90,HS,mesh_field,MESH_TYPE,cell_centred_solution,R,ccib.f90:2274,yes,yes,no,no,via=alias:HP|ptr
pressure,CC_SCALARS::GET_PRES_CFACE_BCS,ccib.f90,HX,mesh_field,MESH_TYPE,grid_geometry,R,ccib.f90:2301,yes,yes,no,no,via=ptr
pressure,CC_SCALARS::GET_PRES_CFACE_BCS,ccib.f90,HY,mesh_field,MESH_TYPE,grid_geometry,R,ccib.f90:2303,yes,yes,no,no,via=ptr
pressure,CC_SCALARS::GET_PRES_CFACE_BCS,ccib.f90,HZ,mesh_field,MESH_TYPE,grid_geometry,R,ccib.f90:2305,yes,yes,no,no,via=ptr
pressure,CC_SCALARS::GET_PRES_CFACE_BCS,ccib.f90,IBAR,mesh_field,MESH_TYPE,grid_geometry,R,ccib.f90:2388,yes,yes,no,no,via=ptr
pressure,CC_SCALARS::GET_PRES_CFACE_BCS,ccib.f90,IBP1,mesh_field,MESH_TYPE,grid_geometry,R,ccib.f90:2302,yes,yes,no,no,via=ptr
pressure,CC_SCALARS::GET_PRES_CFACE_BCS,ccib.f90,JBAR,mesh_field,MESH_TYPE,grid_geometry,R,ccib.f90:2448,yes,yes,no,no,via=ptr
pressure,CC_SCALARS::GET_PRES_CFACE_BCS,ccib.f90,JBP1,mesh_field,MESH_TYPE,grid_geometry,R,ccib.f90:2304,yes,yes,no,no,via=ptr
pressure,CC_SCALARS::GET_PRES_CFACE_BCS,ccib.f90,KBAR,mesh_field,MESH_TYPE,grid_geometry,R,ccib.f90:2508,yes,yes,no,no,via=ptr
pressure,CC_SCALARS::GET_PRES_CFACE_BCS,ccib.f90,KBP1,mesh_field,MESH_TYPE,grid_geometry,R,ccib.f90:2306,yes,yes,no,no,via=ptr
pressure,CC_SCALARS::GET_PRES_CFACE_BCS,ccib.f90,KRES,mesh_field,MESH_TYPE,cell_centred_solution,R,ccib.f90:2548,yes,yes,no,no,via=ptr
pressure,CC_SCALARS::GET_PRES_CFACE_BCS,ccib.f90,N_EXTERNAL_CFACE_CELLS,mesh_field,MESH_TYPE,wall_obst_cutcell,R,ccib.f90:2282,yes,yes,no,no,via=ptr
pressure,CC_SCALARS::GET_PRES_CFACE_BCS,ccib.f90,N_INTERNAL_CFACE_CELLS,mesh_field,MESH_TYPE,wall_obst_cutcell,R,ccib.f90:2282,yes,yes,no,no,via=ptr
pressure,CC_SCALARS::GET_PRES_CFACE_BCS,ccib.f90,N_INTWALL_CFACE_CELLS,mesh_field,MESH_TYPE,wall_obst_cutcell,R,ccib.f90:2282,yes,yes,no,no,via=ptr
pressure,CC_SCALARS::GET_PRES_CFACE_BCS,ccib.f90,OMESH,mesh_field,MESH_TYPE,mpi_exchange,R,ccib.f90:2351,yes,yes,no,no,via=ptr
pressure,CC_SCALARS::GET_PRES_CFACE_BCS,ccib.f90,U,mesh_field,MESH_TYPE,face_centred_flux,R,ccib.f90:2266,yes,yes,no,no,via=alias:UU|ptr
pressure,CC_SCALARS::GET_PRES_CFACE_BCS,ccib.f90,US,mesh_field,MESH_TYPE,face_centred_flux,R,ccib.f90:2271,yes,yes,no,no,via=alias:UU|ptr
pressure,CC_SCALARS::GET_PRES_CFACE_BCS,ccib.f90,U_WIND,mesh_field,MESH_TYPE,other,R,ccib.f90:2542,yes,yes,no,no,via=ptr
pressure,CC_SCALARS::GET_PRES_CFACE_BCS,ccib.f90,V,mesh_field,MESH_TYPE,face_centred_flux,R,ccib.f90:2267,yes,yes,no,no,via=alias:VV|ptr
pressure,CC_SCALARS::GET_PRES_CFACE_BCS,ccib.f90,VENTS,mesh_field,MESH_TYPE,wall_obst_cutcell,R,ccib.f90:2518,yes,yes,no,no,via=alias:VT|ptr
pressure,CC_SCALARS::GET_PRES_CFACE_BCS,ccib.f90,VS,mesh_field,MESH_TYPE,face_centred_flux,R,ccib.f90:2272,yes,yes,no,no,via=alias:VV|ptr
pressure,CC_SCALARS::GET_PRES_CFACE_BCS,ccib.f90,V_WIND,mesh_field,MESH_TYPE,other,R,ccib.f90:2542,yes,yes,no,no,via=ptr
pressure,CC_SCALARS::GET_PRES_CFACE_BCS,ccib.f90,W,mesh_field,MESH_TYPE,face_centred_flux,R,ccib.f90:2268,yes,yes,no,no,via=alias:WW|ptr
pressure,CC_SCALARS::GET_PRES_CFACE_BCS,ccib.f90,WALL,mesh_field,MESH_TYPE,wall_obst_cutcell,R,ccib.f90:2317,yes,yes,no,no,via=alias:WC|ptr
pressure,CC_SCALARS::GET_PRES_CFACE_BCS,ccib.f90,WALL_WORK1,mesh_field,MESH_TYPE,scratch_work,R,ccib.f90:2358,yes,yes,no,no,via=ptr
pressure,CC_SCALARS::GET_PRES_CFACE_BCS,ccib.f90,WS,mesh_field,MESH_TYPE,face_centred_flux,R,ccib.f90:2273,yes,yes,no,no,via=alias:WW|ptr
pressure,CC_SCALARS::GET_PRES_CFACE_BCS,ccib.f90,W_WIND,mesh_field,MESH_TYPE,other,R,ccib.f90:2542,yes,yes,no,no,via=ptr
pressure,CC_SCALARS::GET_PRES_CFACE_BCS,ccib.f90,H,mesh_field,OMESH_TYPE,mpi_exchange,R,ccib.f90:2351,yes,yes,no,no,via=OMESH
pressure,CC_SCALARS::GET_PRES_CFACE_BCS,ccib.f90,HS,mesh_field,OMESH_TYPE,mpi_exchange,R,ccib.f90:2352,yes,yes,no,no,via=OMESH
pressure,CC_SCALARS::GET_RCFACES_H,ccib.f90,BC,module_global,CC_SCALARS,pointer,RW,ccib.f90:21672,no,yes,no,no,
pressure,CC_SCALARS::GET_RCFACES_H,ccib.f90,CC,module_global,CC_SCALARS,pointer,RW,ccib.f90:21605,no,yes,no,no,
pressure,CC_SCALARS::GET_RCFACES_H,ccib.f90,IHI_CELL,module_global,CC_SCALARS,runtime_scalar,RW,ccib.f90:21581,no,yes,no,no,
pressure,CC_SCALARS::GET_RCFACES_H,ccib.f90,IHI_FACE,module_global,CC_SCALARS,runtime_scalar,RW,ccib.f90:21579,no,yes,no,no,
pressure,CC_SCALARS::GET_RCFACES_H,ccib.f90,ILO_CELL,module_global,CC_SCALARS,runtime_scalar,RW,ccib.f90:21580,no,yes,no,no,
pressure,CC_SCALARS::GET_RCFACES_H,ccib.f90,ILO_FACE,module_global,CC_SCALARS,runtime_scalar,RW,ccib.f90:21578,no,yes,no,no,
pressure,CC_SCALARS::GET_RCFACES_H,ccib.f90,JHI_CELL,module_global,CC_SCALARS,runtime_scalar,RW,ccib.f90:21589,no,yes,no,no,
pressure,CC_SCALARS::GET_RCFACES_H,ccib.f90,JHI_FACE,module_global,CC_SCALARS,runtime_scalar,RW,ccib.f90:21587,no,yes,no,no,
pressure,CC_SCALARS::GET_RCFACES_H,ccib.f90,JLO_CELL,module_global,CC_SCALARS,runtime_scalar,RW,ccib.f90:21588,no,yes,no,no,
pressure,CC_SCALARS::GET_RCFACES_H,ccib.f90,JLO_FACE,module_global,CC_SCALARS,runtime_scalar,RW,ccib.f90:21586,no,yes,no,no,
pressure,CC_SCALARS::GET_RCFACES_H,ccib.f90,KHI_CELL,module_global,CC_SCALARS,runtime_scalar,RW,ccib.f90:21597,no,yes,no,no,
pressure,CC_SCALARS::GET_RCFACES_H,ccib.f90,KHI_FACE,module_global,CC_SCALARS,runtime_scalar,RW,ccib.f90:21595,no,yes,no,no,
pressure,CC_SCALARS::GET_RCFACES_H,ccib.f90,KLO_CELL,module_global,CC_SCALARS,runtime_scalar,RW,ccib.f90:21596,no,yes,no,no,
pressure,CC_SCALARS::GET_RCFACES_H,ccib.f90,KLO_FACE,module_global,CC_SCALARS,runtime_scalar,RW,ccib.f90:21594,no,yes,no,no,
pressure,CC_SCALARS::GET_RCFACES_H,ccib.f90,NXB,module_global,CC_SCALARS,runtime_scalar,W,ccib.f90:21575,no,yes,no,no,
pressure,CC_SCALARS::GET_RCFACES_H,ccib.f90,NYB,module_global,CC_SCALARS,runtime_scalar,W,ccib.f90:21575,no,yes,no,no,
pressure,CC_SCALARS::GET_RCFACES_H,ccib.f90,NZB,module_global,CC_SCALARS,runtime_scalar,W,ccib.f90:21575,no,yes,no,no,
pressure,CC_SCALARS::GET_RCFACES_H,ccib.f90,XCELL,module_global,CC_SCALARS,runtime_array,W,ccib.f90:21708,no,yes,no,no,
pressure,CC_SCALARS::GET_RCFACES_H,ccib.f90,YCELL,module_global,CC_SCALARS,runtime_array,W,ccib.f90:21712,no,yes,no,no,
pressure,CC_SCALARS::GET_RCFACES_H,ccib.f90,ZCELL,module_global,CC_SCALARS,runtime_array,W,ccib.f90:21716,no,yes,no,no,
pressure,CC_SCALARS::GET_RCFACES_H,ccib.f90,GEOMEPS,module_global,COMPLEX_GEOMETRY,runtime_scalar,R,ccib.f90:21708,no,yes,no,no,
pressure,CC_SCALARS::GET_RCFACES_H,ccib.f90,NGUARD,module_global,COMPLEX_GEOMETRY,runtime_scalar,R,ccib.f90:21582,no,yes,no,no,
pressure,CC_SCALARS::GET_RCFACES_H,ccib.f90,PRES_FLAG,module_global,GLOBAL_CONSTANTS,runtime_scalar,R,ccib.f90:21567,no,yes,no,no,
pressure,CC_SCALARS::GET_RCFACES_H,ccib.f90,BOUNDARY_COORD,mesh_field,MESH_TYPE,wall_obst_cutcell,R,ccib.f90:21672,no,yes,no,no,via=M|alias:BC
pressure,CC_SCALARS::GET_RCFACES_H,ccib.f90,CCVAR,mesh_field,MESH_TYPE,wall_obst_cutcell,R,ccib.f90:21640,no,yes,no,no,via=M|alias:CC|ptr
pressure,CC_SCALARS::GET_RCFACES_H,ccib.f90,CC_NRCFACE_H,mesh_field,MESH_TYPE,wall_obst_cutcell,W,ccib.f90:21720,no,yes,no,no,via=M
pressure,CC_SCALARS::GET_RCFACES_H,ccib.f90,CELL,mesh_field,MESH_TYPE,wall_obst_cutcell,R,ccib.f90:21606,no,yes,no,no,via=ptr
pressure,CC_SCALARS::GET_RCFACES_H,ccib.f90,CELL_INDEX,mesh_field,MESH_TYPE,wall_obst_cutcell,R,ccib.f90:21606,no,yes,no,no,via=ptr
pressure,CC_SCALARS::GET_RCFACES_H,ccib.f90,CUT_CELL,mesh_field,MESH_TYPE,wall_obst_cutcell,R,ccib.f90:21605,no,yes,no,no,via=M|alias:CC
pressure,CC_SCALARS::GET_RCFACES_H,ccib.f90,FCVAR,mesh_field,MESH_TYPE,wall_obst_cutcell,R,ccib.f90:21688,no,yes,no,no,via=M|ptr
pressure,CC_SCALARS::GET_RCFACES_H,ccib.f90,IBAR,mesh_field,MESH_TYPE,grid_geometry,R,ccib.f90:21575,no,yes,no,no,via=M
pressure,CC_SCALARS::GET_RCFACES_H,ccib.f90,JBAR,mesh_field,MESH_TYPE,grid_geometry,R,ccib.f90:21575,no,yes,no,no,via=M
pressure,CC_SCALARS::GET_RCFACES_H,ccib.f90,KBAR,mesh_field,MESH_TYPE,grid_geometry,R,ccib.f90:21575,no,yes,no,no,via=M
pressure,CC_SCALARS::GET_RCFACES_H,ccib.f90,MUNKH,mesh_field,MESH_TYPE,pressure_solver,R,ccib.f90:21641,no,yes,no,no,via=M
pressure,CC_SCALARS::GET_RCFACES_H,ccib.f90,N_CUTCELL_MESH,mesh_field,MESH_TYPE,wall_obst_cutcell,R,ccib.f90:21604,no,yes,no,no,via=M
pressure,CC_SCALARS::GET_RCFACES_H,ccib.f90,N_EXTERNAL_WALL_CELLS,mesh_field,MESH_TYPE,ghost_boundary,R,ccib.f90:21671,no,yes,no,no,via=M
pressure,CC_SCALARS::GET_RCFACES_H,ccib.f90,N_INTERNAL_WALL_CELLS,mesh_field,MESH_TYPE,wall_obst_cutcell,R,ccib.f90:21671,no,yes,no,no,via=M
pressure,CC_SCALARS::GET_RCFACES_H,ccib.f90,RCF_H,mesh_field,MESH_TYPE,wall_obst_cutcell,RW,ccib.f90:21721,no,yes,no,no,via=M
pressure,CC_SCALARS::GET_RCFACES_H,ccib.f90,RC_FACE,mesh_field,MESH_TYPE,wall_obst_cutcell,RW,ccib.f90:21770,no,yes,no,no,via=M
pressure,CC_SCALARS::GET_RCFACES_H,ccib.f90,WALL,mesh_field,MESH_TYPE,wall_obst_cutcell,R,ccib.f90:21672,no,yes,no,no,via=M|alias:WC
pressure,CC_SCALARS::GET_RCFACES_H,ccib.f90,XC,mesh_field,MESH_TYPE,grid_geometry,R,ccib.f90:21709,no,yes,no,no,via=M
pressure,CC_SCALARS::GET_RCFACES_H,ccib.f90,YC,mesh_field,MESH_TYPE,grid_geometry,R,ccib.f90:21713,no,yes,no,no,via=M
pressure,CC_SCALARS::GET_RCFACES_H,ccib.f90,ZC,mesh_field,MESH_TYPE,grid_geometry,R,ccib.f90:21717,no,yes,no,no,via=M
pressure,CC_SCALARS::GET_RCFACE_BAROCLINIC_TORQUE,ccib.f90,CUT_CELL,mesh_field,MESH_TYPE,wall_obst_cutcell,R,ccib.f90:1838,no,no,no,no,via=ptr
pressure,CC_SCALARS::GET_RCFACE_BAROCLINIC_TORQUE,ccib.f90,KRES,mesh_field,MESH_TYPE,cell_centred_solution,R,ccib.f90:1844,no,no,no,no,via=ptr
pressure,CC_SCALARS::GET_RCFACE_BAROCLINIC_TORQUE,ccib.f90,RC_FACE,mesh_field,MESH_TYPE,wall_obst_cutcell,R,ccib.f90:1822,no,no,no,no,via=ptr
pressure,CC_SCALARS::GET_RCFACE_BAROCLINIC_TORQUE,ccib.f90,RDXN,mesh_field,MESH_TYPE,grid_geometry,R,ccib.f90:1827,no,no,no,no,via=ptr
pressure,CC_SCALARS::GET_RCFACE_BAROCLINIC_TORQUE,ccib.f90,RDYN,mesh_field,MESH_TYPE,grid_geometry,R,ccib.f90:1828,no,no,no,no,via=ptr
pressure,CC_SCALARS::GET_RCFACE_BAROCLINIC_TORQUE,ccib.f90,RDZN,mesh_field,MESH_TYPE,grid_geometry,R,ccib.f90:1829,no,no,no,no,via=ptr
pressure,CC_SCALARS::GET_RCFACE_BAROCLINIC_TORQUE,ccib.f90,X,mesh_field,MESH_TYPE,grid_geometry,R,ccib.f90:1827,no,no,no,no,via=ptr
pressure,CC_SCALARS::GET_RCFACE_BAROCLINIC_TORQUE,ccib.f90,Y,mesh_field,MESH_TYPE,grid_geometry,R,ccib.f90:1828,no,no,no,no,via=ptr
pressure,CC_SCALARS::GET_RCFACE_BAROCLINIC_TORQUE,ccib.f90,Z,mesh_field,MESH_TYPE,grid_geometry,R,ccib.f90:1829,no,no,no,no,via=ptr
pressure,CC_SCALARS::GET_RHSLHS_POISSON_RC,ccib.f90,F_LINK,module_global,CC_SCALARS,runtime_array,R,ccib.f90:1160,no,yes,no,no,
pressure,CC_SCALARS::GET_RHSLHS_POISSON_RC,ccib.f90,PREDICTOR,module_global,GLOBAL_CONSTANTS,runtime_scalar,R,ccib.f90:1147,no,yes,no,no,
pressure,CC_SCALARS::GET_RHSLHS_POISSON_RC,ccib.f90,CELL,mesh_field,MESH_TYPE,wall_obst_cutcell,R,ccib.f90:1116,no,yes,no,no,via=ptr
pressure,CC_SCALARS::GET_RHSLHS_POISSON_RC,ccib.f90,CELL_INDEX,mesh_field,MESH_TYPE,wall_obst_cutcell,R,ccib.f90:1116,no,yes,no,no,via=ptr
pressure,CC_SCALARS::GET_RHSLHS_POISSON_RC,ccib.f90,CUT_CELL,mesh_field,MESH_TYPE,wall_obst_cutcell,R,ccib.f90:1177,no,yes,no,no,via=ptr
pressure,CC_SCALARS::GET_RHSLHS_POISSON_RC,ccib.f90,DDDT,mesh_field,MESH_TYPE,cell_centred_solution,R,ccib.f90:1306,no,yes,no,no,via=ptr
pressure,CC_SCALARS::GET_RHSLHS_POISSON_RC,ccib.f90,DX,mesh_field,MESH_TYPE,grid_geometry,R,ccib.f90:1104,no,yes,no,no,via=ptr
pressure,CC_SCALARS::GET_RHSLHS_POISSON_RC,ccib.f90,DY,mesh_field,MESH_TYPE,grid_geometry,R,ccib.f90:1104,no,yes,no,no,via=ptr
pressure,CC_SCALARS::GET_RHSLHS_POISSON_RC,ccib.f90,DZ,mesh_field,MESH_TYPE,grid_geometry,R,ccib.f90:1104,no,yes,no,no,via=ptr
pressure,CC_SCALARS::GET_RHSLHS_POISSON_RC,ccib.f90,FCVAR,mesh_field,MESH_TYPE,wall_obst_cutcell,R,ccib.f90:1113,no,yes,no,no,via=ptr
pressure,CC_SCALARS::GET_RHSLHS_POISSON_RC,ccib.f90,FVX,mesh_field,MESH_TYPE,face_centred_flux,R,ccib.f90:1117,no,yes,no,no,via=ptr
pressure,CC_SCALARS::GET_RHSLHS_POISSON_RC,ccib.f90,FVX_B,mesh_field,MESH_TYPE,face_centred_flux,R,ccib.f90:1195,no,yes,no,no,via=ptr
pressure,CC_SCALARS::GET_RHSLHS_POISSON_RC,ccib.f90,FVY,mesh_field,MESH_TYPE,face_centred_flux,R,ccib.f90:1129,no,yes,no,no,via=ptr
pressure,CC_SCALARS::GET_RHSLHS_POISSON_RC,ccib.f90,FVY_B,mesh_field,MESH_TYPE,face_centred_flux,R,ccib.f90:1246,no,yes,no,no,via=ptr
pressure,CC_SCALARS::GET_RHSLHS_POISSON_RC,ccib.f90,FVZ,mesh_field,MESH_TYPE,face_centred_flux,R,ccib.f90:1141,no,yes,no,no,via=ptr
pressure,CC_SCALARS::GET_RHSLHS_POISSON_RC,ccib.f90,FVZ_B,mesh_field,MESH_TYPE,face_centred_flux,R,ccib.f90:1297,no,yes,no,no,via=ptr
pressure,CC_SCALARS::GET_RHSLHS_POISSON_RC,ccib.f90,IBAR,mesh_field,MESH_TYPE,grid_geometry,R,ccib.f90:1193,no,yes,no,no,via=ptr
pressure,CC_SCALARS::GET_RHSLHS_POISSON_RC,ccib.f90,JBAR,mesh_field,MESH_TYPE,grid_geometry,R,ccib.f90:1244,no,yes,no,no,via=ptr
pressure,CC_SCALARS::GET_RHSLHS_POISSON_RC,ccib.f90,KBAR,mesh_field,MESH_TYPE,grid_geometry,R,ccib.f90:1295,no,yes,no,no,via=ptr
pressure,CC_SCALARS::GET_RHSLHS_POISSON_RC,ccib.f90,KRES,mesh_field,MESH_TYPE,cell_centred_solution,R,ccib.f90:1156,no,yes,no,no,via=ptr
pressure,CC_SCALARS::GET_RHSLHS_POISSON_RC,ccib.f90,RC_FACE,mesh_field,MESH_TYPE,wall_obst_cutcell,R,ccib.f90:1114,no,yes,no,no,via=ptr
pressure,CC_SCALARS::GET_RHSLHS_POISSON_RC,ccib.f90,RDXN,mesh_field,MESH_TYPE,grid_geometry,R,ccib.f90:1112,no,yes,no,no,via=ptr
pressure,CC_SCALARS::GET_RHSLHS_POISSON_RC,ccib.f90,RDYN,mesh_field,MESH_TYPE,grid_geometry,R,ccib.f90:1124,no,yes,no,no,via=ptr
pressure,CC_SCALARS::GET_RHSLHS_POISSON_RC,ccib.f90,RDZN,mesh_field,MESH_TYPE,grid_geometry,R,ccib.f90:1136,no,yes,no,no,via=ptr
pressure,CC_SCALARS::GET_RHSLHS_POISSON_RC,ccib.f90,WALL,mesh_field,MESH_TYPE,wall_obst_cutcell,R,ccib.f90:1116,no,yes,no,no,via=ptr
pressure,CC_SCALARS::GET_RHSLHS_POISSON_RC,ccib.f90,X,mesh_field,MESH_TYPE,grid_geometry,R,ccib.f90:1172,no,yes,no,no,via=ptr
pressure,CC_SCALARS::GET_RHSLHS_POISSON_RC,ccib.f90,Y,mesh_field,MESH_TYPE,grid_geometry,R,ccib.f90:1223,no,yes,no,no,via=ptr
pressure,CC_SCALARS::GET_RHSLHS_POISSON_RC,ccib.f90,Z,mesh_field,MESH_TYPE,grid_geometry,R,ccib.f90:1274,no,yes,no,no,via=ptr
pressure,CC_SCALARS::NUMBER_UNKH_CUTCELLS,ccib.f90,CC,module_global,CC_SCALARS,pointer,RW,ccib.f90:22846,no,yes,no,no,
pressure,CC_SCALARS::NUMBER_UNKH_CUTCELLS,ccib.f90,ZONE_SOLVE,module_global,TYPES,runtime_array,R,ccib.f90:22847,no,yes,no,no,
pressure,CC_SCALARS::NUMBER_UNKH_CUTCELLS,ccib.f90,CELL,mesh_field,MESH_TYPE,wall_obst_cutcell,R,ccib.f90:22846,no,yes,no,no,via=ptr
pressure,CC_SCALARS::NUMBER_UNKH_CUTCELLS,ccib.f90,CELL_INDEX,mesh_field,MESH_TYPE,wall_obst_cutcell,R,ccib.f90:22846,no,yes,no,no,via=ptr
pressure,CC_SCALARS::NUMBER_UNKH_CUTCELLS,ccib.f90,CUT_CELL,mesh_field,MESH_TYPE,wall_obst_cutcell,RW,ccib.f90:22842,no,yes,no,no,via=alias:CC|ptr
pressure,CC_SCALARS::NUMBER_UNKH_CUTCELLS,ccib.f90,N_CUTCELL_MESH,mesh_field,MESH_TYPE,wall_obst_cutcell,R,ccib.f90:22841,no,yes,no,no,via=MESHES
pressure,CC_SCALARS::NUMBER_UNKH_CUTCELLS,ccib.f90,PRESSURE_ZONE,mesh_field,MESH_TYPE,pressure_solver,R,ccib.f90:22847,no,yes,no,no,via=ptr
pressure,CC_SCALARS::UNSTRUCTURED_POISSON_RESIDUAL,ccib.f90,ONE_UNKH_PER_CUTCELL,module_global,GLOBAL_CONSTANTS,runtime_scalar,R,ccib.f90:1333,no,no,no,no,
pressure,CC_SCALARS::UNSTRUCTURED_POISSON_RESIDUAL,ccib.f90,PREDICTOR,module_global,GLOBAL_CONSTANTS,runtime_scalar,R,ccib.f90:1328,no,no,no,no,
pressure,CC_SCALARS::UNSTRUCTURED_POISSON_RESIDUAL,ccib.f90,CCVAR,mesh_field,MESH_TYPE,wall_obst_cutcell,R,ccib.f90:1331,no,no,no,no,via=ptr
pressure,CC_SCALARS::UNSTRUCTURED_POISSON_RESIDUAL,ccib.f90,CUT_CELL,mesh_field,MESH_TYPE,wall_obst_cutcell,R,ccib.f90:1334,no,no,no,no,via=ptr
pressure,CC_SCALARS::UNSTRUCTURED_POISSON_RESIDUAL,ccib.f90,DX,mesh_field,MESH_TYPE,grid_geometry,R,ccib.f90:1360,no,no,no,no,via=ptr
pressure,CC_SCALARS::UNSTRUCTURED_POISSON_RESIDUAL,ccib.f90,DY,mesh_field,MESH_TYPE,grid_geometry,R,ccib.f90:1360,no,no,no,no,via=ptr
pressure,CC_SCALARS::UNSTRUCTURED_POISSON_RESIDUAL,ccib.f90,DZ,mesh_field,MESH_TYPE,grid_geometry,R,ccib.f90:1360,no,no,no,no,via=ptr
pressure,CC_SCALARS::UNSTRUCTURED_POISSON_RESIDUAL_RC,ccib.f90,CCVAR,mesh_field,MESH_TYPE,wall_obst_cutcell,R,ccib.f90:1081,no,no,no,no,via=ptr
pressure,FDS::GLOBAL_MATRIX_REASSIGN,main.f90,NM,module_global,FDS,runtime_scalar,R,main.f90:1813,no,yes,no,no,
pressure,FDS::GLOBAL_MATRIX_REASSIGN,main.f90,LOWER_MESH_INDEX,module_global,GLOBAL_CONSTANTS,runtime_scalar,R,main.f90:1813,no,yes,no,no,
pressure,FDS::GLOBAL_MATRIX_REASSIGN,main.f90,OBST_CREATED_OR_REMOVED,module_global,GLOBAL_CONSTANTS,runtime_scalar,RW,main.f90:1810,no,yes,no,no,
pressure,FDS::GLOBAL_MATRIX_REASSIGN,main.f90,PRES_FLAG,module_global,GLOBAL_CONSTANTS,runtime_scalar,R,main.f90:1811,no,yes,no,no,
pressure,FDS::GLOBAL_MATRIX_REASSIGN,main.f90,UPPER_MESH_INDEX,module_global,GLOBAL_CONSTANTS,runtime_scalar,R,main.f90:1813,no,yes,no,no,
pressure,FDS::PRESSURE_ITERATION_SCHEME,main.f90,DT,module_global,FDS,runtime_scalar,R,main.f90:1634,no,yes,no,no,
pressure,FDS::PRESSURE_ITERATION_SCHEME,main.f90,IERR,module_global,FDS,runtime_scalar,R,main.f90:1703,no,yes,no,no,
pressure,FDS::PRESSURE_ITERATION_SCHEME,main.f90,NM,module_global,FDS,runtime_scalar,R,main.f90:1618,no,yes,no,no,
pressure,FDS::PRESSURE_ITERATION_SCHEME,main.f90,REAL_BUFFER_10,module_global,FDS,runtime_array,RW,main.f90:1698,no,yes,no,no,
pressure,FDS::PRESSURE_ITERATION_SCHEME,main.f90,T,module_global,FDS,runtime_scalar,R,main.f90:1633,no,yes,no,no,
pressure,FDS::PRESSURE_ITERATION_SCHEME,main.f90,BAROCLINIC,module_global,GLOBAL_CONSTANTS,runtime_scalar,R,main.f90:1609,no,yes,no,no,
pressure,FDS::PRESSURE_ITERATION_SCHEME,main.f90,CC_IBM,module_global,GLOBAL_CONSTANTS,runtime_scalar,R,main.f90:1615,no,yes,no,no,
pressure,FDS::PRESSURE_ITERATION_SCHEME,main.f90,CORRECTOR,module_global,GLOBAL_CONSTANTS,runtime_scalar,R,main.f90:1727,no,yes,no,no,
pressure,FDS::PRESSURE_ITERATION_SCHEME,main.f90,COUNTS_10,module_global,GLOBAL_CONSTANTS,runtime_array,R,main.f90:1703,no,yes,no,no,
pressure,FDS::PRESSURE_ITERATION_SCHEME,main.f90,DISPLS_10,module_global,GLOBAL_CONSTANTS,runtime_array,R,main.f90:1703,no,yes,no,no,
pressure,FDS::PRESSURE_ITERATION_SCHEME,main.f90,ICYC,module_global,GLOBAL_CONSTANTS,runtime_scalar,R,main.f90:1714,no,yes,no,no,
pressure,FDS::PRESSURE_ITERATION_SCHEME,main.f90,ITERATE_BAROCLINIC_TERM,module_global,GLOBAL_CONSTANTS,runtime_scalar,RW,main.f90:1610,no,yes,no,no,
pressure,FDS::PRESSURE_ITERATION_SCHEME,main.f90,ITERATE_PRESSURE,module_global,GLOBAL_CONSTANTS,runtime_scalar,R,main.f90:1683,no,yes,no,no,
pressure,FDS::PRESSURE_ITERATION_SCHEME,main.f90,ITERATION_SUSPEND_FACTOR,module_global,GLOBAL_CONSTANTS,runtime_scalar,R,main.f90:1737,no,yes,no,no,
pressure,FDS::PRESSURE_ITERATION_SCHEME,main.f90,LOWER_MESH_INDEX,module_global,GLOBAL_CONSTANTS,runtime_scalar,R,main.f90:1618,no,yes,no,no,
pressure,FDS::PRESSURE_ITERATION_SCHEME,main.f90,LU_VELOCITY_ERROR,module_global,GLOBAL_CONSTANTS,runtime_scalar,R,main.f90:1714,no,yes,no,no,
pressure,FDS::PRESSURE_ITERATION_SCHEME,main.f90,MAX_PREDICTOR_PRESSURE_ITERATIONS,module_global,GLOBAL_CONSTANTS,runtime_scalar,R,main.f90:1726,no,yes,no,no,
pressure,FDS::PRESSURE_ITERATION_SCHEME,main.f90,MAX_PRESSURE_ITERATIONS,module_global,GLOBAL_CONSTANTS,runtime_scalar,R,main.f90:1727,no,yes,no,no,
pressure,FDS::PRESSURE_ITERATION_SCHEME,main.f90,MY_RANK,module_global,GLOBAL_CONSTANTS,runtime_scalar,R,main.f90:1711,no,yes,no,no,
pressure,FDS::PRESSURE_ITERATION_SCHEME,main.f90,NMESHES,module_global,GLOBAL_CONSTANTS,runtime_scalar,R,main.f90:1702,no,yes,no,no,
pressure,FDS::PRESSURE_ITERATION_SCHEME,main.f90,N_MPI_PROCESSES,module_global,GLOBAL_CONSTANTS,runtime_scalar,R,main.f90:1696,no,yes,no,no,
pressure,FDS::PRESSURE_ITERATION_SCHEME,main.f90,PREDICTOR,module_global,GLOBAL_CONSTANTS,runtime_scalar,R,main.f90:1726,no,yes,no,no,
pressure,FDS::PRESSURE_ITERATION_SCHEME,main.f90,PRESSURE_ERROR_MAX,module_global,GLOBAL_CONSTANTS,runtime_array,RW,main.f90:1699,no,yes,no,no,
pressure,FDS::PRESSURE_ITERATION_SCHEME,main.f90,PRESSURE_ERROR_MAX_LOC,module_global,GLOBAL_CONSTANTS,runtime_array,RW,main.f90:1701,no,yes,no,no,
pressure,FDS::PRESSURE_ITERATION_SCHEME,main.f90,PRESSURE_ITERATIONS,module_global,GLOBAL_CONSTANTS,runtime_scalar,RW,main.f90:1607,no,yes,no,no,
pressure,FDS::PRESSURE_ITERATION_SCHEME,main.f90,PRESSURE_TOLERANCE,module_global,GLOBAL_CONSTANTS,runtime_scalar,R,main.f90:1724,no,yes,no,no,
pressure,FDS::PRESSURE_ITERATION_SCHEME,main.f90,PRES_FLAG,module_global,GLOBAL_CONSTANTS,runtime_scalar,R,main.f90:1655,no,yes,no,no,
pressure,FDS::PRESSURE_ITERATION_SCHEME,main.f90,SUSPEND_PRESSURE_ITERATIONS,module_global,GLOBAL_CONSTANTS,runtime_scalar,R,main.f90:1735,no,yes,no,no,
pressure,FDS::PRESSURE_ITERATION_SCHEME,main.f90,TOTAL_PRESSURE_ITERATIONS,module_global,GLOBAL_CONSTANTS,runtime_scalar,RW,main.f90:1626,no,yes,no,no,
pressure,FDS::PRESSURE_ITERATION_SCHEME,main.f90,TUNNEL_PRECONDITIONER,module_global,GLOBAL_CONSTANTS,runtime_scalar,R,main.f90:1657,no,yes,no,no,
pressure,FDS::PRESSURE_ITERATION_SCHEME,main.f90,T_USED,module_global,GLOBAL_CONSTANTS,runtime_array,RW,main.f90:1708,no,yes,no,no,
pressure,FDS::PRESSURE_ITERATION_SCHEME,main.f90,UPPER_MESH_INDEX,module_global,GLOBAL_CONSTANTS,runtime_scalar,R,main.f90:1618,no,yes,no,no,
pressure,FDS::PRESSURE_ITERATION_SCHEME,main.f90,VELOCITY_ERROR_FILE,module_global,GLOBAL_CONSTANTS,runtime_scalar,R,main.f90:1711,no,yes,no,no,
pressure,FDS::PRESSURE_ITERATION_SCHEME,main.f90,VELOCITY_ERROR_MAX,module_global,GLOBAL_CONSTANTS,runtime_array,RW,main.f90:1698,no,yes,no,no,
pressure,FDS::PRESSURE_ITERATION_SCHEME,main.f90,VELOCITY_ERROR_MAX_LOC,module_global,GLOBAL_CONSTANTS,runtime_array,RW,main.f90:1700,no,yes,no,no,
pressure,FDS::PRESSURE_ITERATION_SCHEME,main.f90,VELOCITY_TOLERANCE,module_global,GLOBAL_CONSTANTS,runtime_scalar,R,main.f90:1729,no,yes,no,no,
pressure,FDS::PRESSURE_ITERATION_SCHEME,main.f90,WALL_WORK1,mesh_field,MESH_TYPE,scratch_work,W,main.f90:1649,no,yes,no,no,via=MESHES
pressure,GLOBMAT_SOLVER::CHECK_UNSUPPORTED_MESH,pres.f90,LOWER_MESH_INDEX,module_global,GLOBAL_CONSTANTS,runtime_scalar,R,pres.f90:3941,no,yes,yes,no,
pressure,GLOBMAT_SOLVER::CHECK_UNSUPPORTED_MESH,pres.f90,LU_ERR,module_global,GLOBAL_CONSTANTS,runtime_scalar,R,pres.f90:4040,no,yes,yes,no,
pressure,GLOBMAT_SOLVER::CHECK_UNSUPPORTED_MESH,pres.f90,MY_RANK,module_global,GLOBAL_CONSTANTS,runtime_scalar,R,pres.f90:4015,no,yes,yes,no,
pressure,GLOBMAT_SOLVER::CHECK_UNSUPPORTED_MESH,pres.f90,NMESHES,module_global,GLOBAL_CONSTANTS,runtime_scalar,R,pres.f90:3931,no,yes,yes,no,
pressure,GLOBMAT_SOLVER::CHECK_UNSUPPORTED_MESH,pres.f90,N_MPI_PROCESSES,module_global,GLOBAL_CONSTANTS,runtime_scalar,R,pres.f90:3950,no,yes,yes,no,
pressure,GLOBMAT_SOLVER::CHECK_UNSUPPORTED_MESH,pres.f90,PRES_FLAG,module_global,GLOBAL_CONSTANTS,runtime_scalar,R,pres.f90:3938,no,yes,yes,no,
pressure,GLOBMAT_SOLVER::CHECK_UNSUPPORTED_MESH,pres.f90,PROCESS,module_global,GLOBAL_CONSTANTS,runtime_array,R,pres.f90:4015,no,yes,yes,no,
pressure,GLOBMAT_SOLVER::CHECK_UNSUPPORTED_MESH,pres.f90,STOP_STATUS,module_global,GLOBAL_CONSTANTS,runtime_scalar,W,pres.f90:4043,no,yes,yes,no,
pressure,GLOBMAT_SOLVER::CHECK_UNSUPPORTED_MESH,pres.f90,UPPER_MESH_INDEX,module_global,GLOBAL_CONSTANTS,runtime_scalar,R,pres.f90:3941,no,yes,yes,no,
pressure,GLOBMAT_SOLVER::CHECK_UNSUPPORTED_MESH,pres.f90,CONNECTED_MESH,mesh_field,MESH_TYPE,mpi_exchange,R,pres.f90:3944,no,yes,yes,no,via=MESHES
pressure,GLOBMAT_SOLVER::CHECK_UNSUPPORTED_MESH,pres.f90,EXTERNAL_WALL,mesh_field,MESH_TYPE,ghost_boundary,R,pres.f90:4022,no,yes,yes,no,via=alias:EWC|ptr
pressure,GLOBMAT_SOLVER::CHECK_UNSUPPORTED_MESH,pres.f90,N_EXTERNAL_WALL_CELLS,mesh_field,MESH_TYPE,ghost_boundary,R,pres.f90:4020,no,yes,yes,no,via=ptr
pressure,GLOBMAT_SOLVER::CHECK_UNSUPPORTED_MESH,pres.f90,WALL,mesh_field,MESH_TYPE,wall_obst_cutcell,R,pres.f90:4021,no,yes,yes,no,via=alias:WC|ptr
pressure,GLOBMAT_SOLVER::COPY_CCVAR_IN_HS,pres.f90,CC_IBM,module_global,GLOBAL_CONSTANTS,runtime_scalar,R,pres.f90:4362,no,no,no,no,
pressure,GLOBMAT_SOLVER::COPY_CCVAR_IN_HS,pres.f90,LOWER_MESH_INDEX,module_global,GLOBAL_CONSTANTS,runtime_scalar,R,pres.f90:4345,no,no,no,no,
pressure,GLOBMAT_SOLVER::COPY_CCVAR_IN_HS,pres.f90,UPPER_MESH_INDEX,module_global,GLOBAL_CONSTANTS,runtime_scalar,R,pres.f90:4345,no,no,no,no,
pressure,GLOBMAT_SOLVER::COPY_CCVAR_IN_HS,pres.f90,UNKH,module_global,GLOBMAT_SOLVER,runtime_scalar,R,pres.f90:4362,no,no,no,no,
pressure,GLOBMAT_SOLVER::COPY_CCVAR_IN_HS,pres.f90,BOUNDARY_COORD,mesh_field,MESH_TYPE,wall_obst_cutcell,R,pres.f90:4353,no,no,no,no,via=alias:BC|ptr
pressure,GLOBMAT_SOLVER::COPY_CCVAR_IN_HS,pres.f90,CCVAR,mesh_field,MESH_TYPE,wall_obst_cutcell,R,pres.f90:4359,no,no,no,no,via=ptr
pressure,GLOBMAT_SOLVER::COPY_CCVAR_IN_HS,pres.f90,HS,mesh_field,MESH_TYPE,cell_centred_solution,W,pres.f90:4350,no,no,no,no,via=ptr
pressure,GLOBMAT_SOLVER::COPY_CCVAR_IN_HS,pres.f90,IBP1,mesh_field,MESH_TYPE,grid_geometry,R,pres.f90:4359,no,no,no,no,via=ptr
pressure,GLOBMAT_SOLVER::COPY_CCVAR_IN_HS,pres.f90,JBP1,mesh_field,MESH_TYPE,grid_geometry,R,pres.f90:4359,no,no,no,no,via=ptr
pressure,GLOBMAT_SOLVER::COPY_CCVAR_IN_HS,pres.f90,KBP1,mesh_field,MESH_TYPE,grid_geometry,R,pres.f90:4359,no,no,no,no,via=ptr
pressure,GLOBMAT_SOLVER::COPY_CCVAR_IN_HS,pres.f90,N_EXTERNAL_WALL_CELLS,mesh_field,MESH_TYPE,ghost_boundary,R,pres.f90:4351,no,no,no,no,via=ptr
pressure,GLOBMAT_SOLVER::COPY_CCVAR_IN_HS,pres.f90,WALL,mesh_field,MESH_TYPE,wall_obst_cutcell,R,pres.f90:4352,no,no,no,no,via=alias:WC|ptr
pressure,GLOBMAT_SOLVER::COPY_HS_IN_CCVAR,pres.f90,CC_IBM,module_global,GLOBAL_CONSTANTS,runtime_scalar,R,pres.f90:4257,yes,no,no,no,
pressure,GLOBMAT_SOLVER::COPY_HS_IN_CCVAR,pres.f90,LOWER_MESH_INDEX,module_global,GLOBAL_CONSTANTS,runtime_scalar,R,pres.f90:4219,yes,no,no,no,
pressure,GLOBMAT_SOLVER::COPY_HS_IN_CCVAR,pres.f90,NMESHES,module_global,GLOBAL_CONSTANTS,runtime_scalar,R,pres.f90:4221,yes,no,no,no,
pressure,GLOBMAT_SOLVER::COPY_HS_IN_CCVAR,pres.f90,UPPER_MESH_INDEX,module_global,GLOBAL_CONSTANTS,runtime_scalar,R,pres.f90:4219,yes,no,no,no,
pressure,GLOBMAT_SOLVER::COPY_HS_IN_CCVAR,pres.f90,CGSC,module_global,GLOBMAT_SOLVER,runtime_scalar,R,pres.f90:4225,yes,no,no,no,
pressure,GLOBMAT_SOLVER::COPY_HS_IN_CCVAR,pres.f90,UNKH,module_global,GLOBMAT_SOLVER,runtime_scalar,R,pres.f90:4232,yes,no,no,no,
pressure,GLOBMAT_SOLVER::COPY_HS_IN_CCVAR,pres.f90,HS,mesh_field,MESH_TYPE,cell_centred_solution,W,pres.f90:4268,yes,no,no,no,via=ptr
pressure,GLOBMAT_SOLVER::COPY_HS_IN_CCVAR,pres.f90,OMESH,mesh_field,MESH_TYPE,mpi_exchange,RW,pres.f90:4226,yes,no,no,no,via=ptr
pressure,GLOBMAT_SOLVER::COPY_HS_IN_CCVAR,pres.f90,EWC_TYPE,mesh_field,OMESH_TYPE,mpi_exchange,W,pres.f90:4240,yes,no,no,no,via=OMESH
pressure,GLOBMAT_SOLVER::COPY_HS_IN_CCVAR,pres.f90,GSCH,mesh_field,OMESH_TYPE,mpi_exchange,W,pres.f90:4226,yes,no,no,no,via=OMESH
pressure,GLOBMAT_SOLVER::COPY_HS_IN_CCVAR,pres.f90,HS,mesh_field,OMESH_TYPE,mpi_exchange,R,pres.f90:4247,yes,no,no,no,via=OMESH
pressure,GLOBMAT_SOLVER::COPY_HS_IN_CCVAR,pres.f90,MUNKH,mesh_field,OMESH_TYPE,mpi_exchange,W,pres.f90:4233,yes,no,no,no,via=OMESH
pressure,GLOBMAT_SOLVER::COPY_H_OMESH_TO_MESH,pres.f90,CALL_FOR_GLMAT,module_global,COMPLEX_GEOMETRY,runtime_scalar,W,pres.f90:4067,yes,yes,no,no,
pressure,GLOBMAT_SOLVER::COPY_H_OMESH_TO_MESH,pres.f90,CC_IBM,module_global,GLOBAL_CONSTANTS,runtime_scalar,R,pres.f90:4067,yes,yes,no,no,
pressure,GLOBMAT_SOLVER::COPY_H_OMESH_TO_MESH,pres.f90,FREEZE_VELOCITY,module_global,GLOBAL_CONSTANTS,runtime_scalar,R,pres.f90:4070,yes,yes,no,no,
pressure,GLOBMAT_SOLVER::COPY_H_OMESH_TO_MESH,pres.f90,LOWER_MESH_INDEX,module_global,GLOBAL_CONSTANTS,runtime_scalar,R,pres.f90:4075,yes,yes,no,no,
pressure,GLOBMAT_SOLVER::COPY_H_OMESH_TO_MESH,pres.f90,PREDICTOR,module_global,GLOBAL_CONSTANTS,runtime_scalar,R,pres.f90:4073,yes,yes,no,no,
pressure,GLOBMAT_SOLVER::COPY_H_OMESH_TO_MESH,pres.f90,PRES_ON_WHOLE_DOMAIN,module_global,GLOBAL_CONSTANTS,runtime_scalar,R,pres.f90:4084,yes,yes,no,no,
pressure,GLOBMAT_SOLVER::COPY_H_OMESH_TO_MESH,pres.f90,SOLID_PHASE_ONLY,module_global,GLOBAL_CONSTANTS,runtime_scalar,R,pres.f90:4069,yes,yes,no,no,
pressure,GLOBMAT_SOLVER::COPY_H_OMESH_TO_MESH,pres.f90,T_USED,module_global,GLOBAL_CONSTANTS,runtime_array,RW,pres.f90:4205,yes,yes,no,no,
pressure,GLOBMAT_SOLVER::COPY_H_OMESH_TO_MESH,pres.f90,UPPER_MESH_INDEX,module_global,GLOBAL_CONSTANTS,runtime_scalar,R,pres.f90:4075,yes,yes,no,no,
pressure,GLOBMAT_SOLVER::COPY_H_OMESH_TO_MESH,pres.f90,TNOW,module_global,GLOBMAT_SOLVER,runtime_scalar,RW,pres.f90:4071,yes,yes,no,no,
pressure,GLOBMAT_SOLVER::COPY_H_OMESH_TO_MESH,pres.f90,BOUNDARY_COORD,mesh_field,MESH_TYPE,wall_obst_cutcell,R,pres.f90:4082,yes,yes,no,no,via=alias:BC|ptr
pressure,GLOBMAT_SOLVER::COPY_H_OMESH_TO_MESH,pres.f90,CCVAR,mesh_field,MESH_TYPE,wall_obst_cutcell,R,pres.f90:4104,yes,yes,no,no,via=ptr
pressure,GLOBMAT_SOLVER::COPY_H_OMESH_TO_MESH,pres.f90,EXTERNAL_WALL,mesh_field,MESH_TYPE,ghost_boundary,R,pres.f90:4083,yes,yes,no,no,via=alias:EWC|ptr
pressure,GLOBMAT_SOLVER::COPY_H_OMESH_TO_MESH,pres.f90,H,mesh_field,MESH_TYPE,cell_centred_solution,RW,pres.f90:4119,yes,yes,no,no,via=ptr
pressure,GLOBMAT_SOLVER::COPY_H_OMESH_TO_MESH,pres.f90,HS,mesh_field,MESH_TYPE,cell_centred_solution,RW,pres.f90:4185,yes,yes,no,no,via=ptr
pressure,GLOBMAT_SOLVER::COPY_H_OMESH_TO_MESH,pres.f90,N_EXTERNAL_WALL_CELLS,mesh_field,MESH_TYPE,ghost_boundary,R,pres.f90:4079,yes,yes,no,no,via=ptr
pressure,GLOBMAT_SOLVER::COPY_H_OMESH_TO_MESH,pres.f90,OMESH,mesh_field,MESH_TYPE,mpi_exchange,R,pres.f90:4100,yes,yes,no,no,via=alias:OM|ptr
pressure,GLOBMAT_SOLVER::COPY_H_OMESH_TO_MESH,pres.f90,WALL,mesh_field,MESH_TYPE,wall_obst_cutcell,R,pres.f90:4081,yes,yes,no,no,via=alias:WC|ptr
pressure,GLOBMAT_SOLVER::COPY_H_OMESH_TO_MESH,pres.f90,EWC_TYPE,mesh_field,OMESH_TYPE,mpi_exchange,R,pres.f90:4116,yes,yes,no,no,via=OM
pressure,GLOBMAT_SOLVER::COPY_H_OMESH_TO_MESH,pres.f90,H,mesh_field,OMESH_TYPE,mpi_exchange,R,pres.f90:4117,yes,yes,no,no,via=OM
pressure,GLOBMAT_SOLVER::COPY_H_OMESH_TO_MESH,pres.f90,HS,mesh_field,OMESH_TYPE,mpi_exchange,R,pres.f90:4183,yes,yes,no,no,via=OM
pressure,GLOBMAT_SOLVER::COPY_H_OMESH_TO_MESH,pres.f90,MUNKH,mesh_field,OMESH_TYPE,mpi_exchange,R,pres.f90:4112,yes,yes,no,no,via=OM
pressure,GLOBMAT_SOLVER::DEALLOCATE_H_RESTORE_STORAGE,pres.f90,H_RESTORE_MESHES,module_global,GLOBMAT_SOLVER,runtime_array,RW,pres.f90:3292,no,yes,no,no,
pressure,GLOBMAT_SOLVER::FINISH_GLMAT_SOLVER,pres.f90,FREEZE_VELOCITY,module_global,GLOBAL_CONSTANTS,runtime_scalar,R,pres.f90:6071,yes,yes,no,no,
pressure,GLOBMAT_SOLVER::FINISH_GLMAT_SOLVER,pres.f90,MPI_COMM_RS_MASTERS,module_global,GLOBAL_CONSTANTS,runtime_scalar,RW,pres.f90:6089,yes,yes,no,no,arg_unknown
pressure,GLOBMAT_SOLVER::FINISH_GLMAT_SOLVER,pres.f90,MY_RANK_RS,module_global,GLOBAL_CONSTANTS,runtime_scalar,R,pres.f90:6084,yes,yes,no,no,
pressure,GLOBMAT_SOLVER::FINISH_GLMAT_SOLVER,pres.f90,NMESHES,module_global,GLOBAL_CONSTANTS,runtime_scalar,R,pres.f90:6102,yes,yes,no,no,
pressure,GLOBMAT_SOLVER::FINISH_GLMAT_SOLVER,pres.f90,SOLID_PHASE_ONLY,module_global,GLOBAL_CONSTANTS,runtime_scalar,R,pres.f90:6071,yes,yes,no,no,
pressure,GLOBMAT_SOLVER::FINISH_GLMAT_SOLVER,pres.f90,UGLMAT_SOLVER_LIBRARY,module_global,GLOBAL_CONSTANTS,runtime_scalar,R,pres.f90:6086,yes,yes,no,no,
pressure,GLOBMAT_SOLVER::FINISH_GLMAT_SOLVER,pres.f90,IPARM,module_global,GLOBMAT_SOLVER,runtime_array,RW,pres.f90:6089,yes,yes,no,no,arg_unknown
pressure,GLOBMAT_SOLVER::FINISH_GLMAT_SOLVER,pres.f90,IPZ,module_global,GLOBMAT_SOLVER,runtime_scalar,R,pres.f90:6083,yes,yes,no,no,
pressure,GLOBMAT_SOLVER::FINISH_GLMAT_SOLVER,pres.f90,N_ZONE_GLOBMAT,module_global,GLOBMAT_SOLVER,runtime_scalar,R,pres.f90:6083,yes,yes,no,no,
pressure,GLOBMAT_SOLVER::FINISH_GLMAT_SOLVER,pres.f90,ZSL,module_global,GLOBMAT_SOLVER,pointer,RW,pres.f90:6084,yes,yes,no,no,arg_unknown
pressure,GLOBMAT_SOLVER::FINISH_GLMAT_SOLVER,pres.f90,ZSL_COMM,module_global,GLOBMAT_SOLVER,runtime_array,W,pres.f90:6097,yes,yes,no,no,
pressure,GLOBMAT_SOLVER::FINISH_GLMAT_SOLVER,pres.f90,HYPRE_IERR,module_global,HYPRE_INTERFACE,runtime_scalar,RW,pres.f90:6096,yes,yes,no,no,arg_unknown
pressure,GLOBMAT_SOLVER::FINISH_GLMAT_SOLVER,pres.f90,ZONE_SOLVE,module_global,TYPES,runtime_array,RW,pres.f90:6084,yes,yes,no,no,
pressure,GLOBMAT_SOLVER::FINISH_GLMAT_SOLVER,pres.f90,OMESH,mesh_field,MESH_TYPE,mpi_exchange,R,pres.f90:6103,yes,yes,no,no,via=ptr
pressure,GLOBMAT_SOLVER::FINISH_GLMAT_SOLVER,pres.f90,EWC_TYPE,mesh_field,OMESH_TYPE,mpi_exchange,W,pres.f90:6105,yes,yes,no,no,via=OMESH
pressure,GLOBMAT_SOLVER::FINISH_GLMAT_SOLVER,pres.f90,GSCH,mesh_field,OMESH_TYPE,mpi_exchange,W,pres.f90:6103,yes,yes,no,no,via=OMESH
pressure,GLOBMAT_SOLVER::FINISH_GLMAT_SOLVER,pres.f90,MUNKH,mesh_field,OMESH_TYPE,mpi_exchange,W,pres.f90:6104,yes,yes,no,no,via=OMESH
pressure,GLOBMAT_SOLVER::GET_BCS_H_MATRIX,pres.f90,NM_START,module_global,COMPLEX_GEOMETRY,runtime_scalar,R,pres.f90:4937,no,yes,yes,no,
pressure,GLOBMAT_SOLVER::GET_BCS_H_MATRIX,pres.f90,CC_IBM,module_global,GLOBAL_CONSTANTS,runtime_scalar,R,pres.f90:4950,no,yes,yes,no,
pressure,GLOBMAT_SOLVER::GET_BCS_H_MATRIX,pres.f90,LOWER_MESH_INDEX,module_global,GLOBAL_CONSTANTS,runtime_scalar,R,pres.f90:4941,no,yes,yes,no,
pressure,GLOBMAT_SOLVER::GET_BCS_H_MATRIX,pres.f90,N_MPI_PROCESSES,module_global,GLOBAL_CONSTANTS,runtime_scalar,R,pres.f90:5003,no,yes,yes,no,
pressure,GLOBMAT_SOLVER::GET_BCS_H_MATRIX,pres.f90,PRES_ON_WHOLE_DOMAIN,module_global,GLOBAL_CONSTANTS,runtime_scalar,R,pres.f90:4953,no,yes,yes,no,
pressure,GLOBMAT_SOLVER::GET_BCS_H_MATRIX,pres.f90,UPPER_MESH_INDEX,module_global,GLOBAL_CONSTANTS,runtime_scalar,R,pres.f90:4941,no,yes,yes,no,
pressure,GLOBMAT_SOLVER::GET_BCS_H_MATRIX,pres.f90,CGSC,module_global,GLOBMAT_SOLVER,runtime_scalar,R,pres.f90:4953,no,yes,yes,no,
pressure,GLOBMAT_SOLVER::GET_BCS_H_MATRIX,pres.f90,CYL_FCT,module_global,GLOBMAT_SOLVER,runtime_scalar,R,pres.f90:4965,no,yes,yes,no,
pressure,GLOBMAT_SOLVER::GET_BCS_H_MATRIX,pres.f90,IPZ,module_global,GLOBMAT_SOLVER,runtime_scalar,R,pres.f90:4934,no,yes,yes,no,
pressure,GLOBMAT_SOLVER::GET_BCS_H_MATRIX,pres.f90,N_ZONE_GLOBMAT,module_global,GLOBMAT_SOLVER,runtime_scalar,R,pres.f90:4934,no,yes,yes,no,
pressure,GLOBMAT_SOLVER::GET_BCS_H_MATRIX,pres.f90,UNKH,module_global,GLOBMAT_SOLVER,runtime_scalar,R,pres.f90:4950,no,yes,yes,no,
pressure,GLOBMAT_SOLVER::GET_BCS_H_MATRIX,pres.f90,ZSL,module_global,GLOBMAT_SOLVER,pointer,RW,pres.f90:4935,no,yes,yes,no,
pressure,GLOBMAT_SOLVER::GET_BCS_H_MATRIX,pres.f90,ZONE_SOLVE,module_global,TYPES,runtime_array,R,pres.f90:4935,no,yes,yes,no,
pressure,GLOBMAT_SOLVER::GET_BCS_H_MATRIX,pres.f90,BOUNDARY_COORD,mesh_field,MESH_TYPE,wall_obst_cutcell,R,pres.f90:4945,no,yes,yes,no,via=alias:BC|ptr
pressure,GLOBMAT_SOLVER::GET_BCS_H_MATRIX,pres.f90,CCVAR,mesh_field,MESH_TYPE,wall_obst_cutcell,R,pres.f90:4950,no,yes,yes,no,via=ptr
pressure,GLOBMAT_SOLVER::GET_BCS_H_MATRIX,pres.f90,DX,mesh_field,MESH_TYPE,grid_geometry,R,pres.f90:4969,no,yes,yes,no,via=ptr
pressure,GLOBMAT_SOLVER::GET_BCS_H_MATRIX,pres.f90,DY,mesh_field,MESH_TYPE,grid_geometry,R,pres.f90:4965,no,yes,yes,no,via=ptr
pressure,GLOBMAT_SOLVER::GET_BCS_H_MATRIX,pres.f90,DZ,mesh_field,MESH_TYPE,grid_geometry,R,pres.f90:4965,no,yes,yes,no,via=ptr
pressure,GLOBMAT_SOLVER::GET_BCS_H_MATRIX,pres.f90,FCVAR,mesh_field,MESH_TYPE,wall_obst_cutcell,R,pres.f90:4978,no,yes,yes,no,via=ptr
pressure,GLOBMAT_SOLVER::GET_BCS_H_MATRIX,pres.f90,N_EXTERNAL_WALL_CELLS,mesh_field,MESH_TYPE,ghost_boundary,R,pres.f90:4943,no,yes,yes,no,via=ptr
pressure,GLOBMAT_SOLVER::GET_BCS_H_MATRIX,pres.f90,N_INTERNAL_WALL_CELLS,mesh_field,MESH_TYPE,wall_obst_cutcell,R,pres.f90:4943,no,yes,yes,no,via=ptr
pressure,GLOBMAT_SOLVER::GET_BCS_H_MATRIX,pres.f90,PRESSURE_ZONE,mesh_field,MESH_TYPE,pressure_solver,R,pres.f90:4951,no,yes,yes,no,via=ptr
pressure,GLOBMAT_SOLVER::GET_BCS_H_MATRIX,pres.f90,R,mesh_field,MESH_TYPE,grid_geometry,R,pres.f90:4965,no,yes,yes,no,via=ptr
pressure,GLOBMAT_SOLVER::GET_BCS_H_MATRIX,pres.f90,RC,mesh_field,MESH_TYPE,grid_geometry,R,pres.f90:4973,no,yes,yes,no,via=ptr
pressure,GLOBMAT_SOLVER::GET_BCS_H_MATRIX,pres.f90,RC_FACE,mesh_field,MESH_TYPE,wall_obst_cutcell,R,pres.f90:4979,no,yes,yes,no,via=ptr
pressure,GLOBMAT_SOLVER::GET_BCS_H_MATRIX,pres.f90,RDXN,mesh_field,MESH_TYPE,grid_geometry,R,pres.f90:4965,no,yes,yes,no,via=ptr
pressure,GLOBMAT_SOLVER::GET_BCS_H_MATRIX,pres.f90,RDYN,mesh_field,MESH_TYPE,grid_geometry,R,pres.f90:4969,no,yes,yes,no,via=ptr
pressure,GLOBMAT_SOLVER::GET_BCS_H_MATRIX,pres.f90,RDZN,mesh_field,MESH_TYPE,grid_geometry,R,pres.f90:4973,no,yes,yes,no,via=ptr
pressure,GLOBMAT_SOLVER::GET_BCS_H_MATRIX,pres.f90,WALL,mesh_field,MESH_TYPE,wall_obst_cutcell,R,pres.f90:4944,no,yes,yes,no,via=alias:WC|ptr
pressure,GLOBMAT_SOLVER::GET_H_MATRIX,pres.f90,NM_START,module_global,COMPLEX_GEOMETRY,runtime_scalar,R,pres.f90:5042,yes,yes,no,no,
pressure,GLOBMAT_SOLVER::GET_H_MATRIX,pres.f90,CC_IBM,module_global,GLOBAL_CONSTANTS,runtime_scalar,R,pres.f90:5153,yes,yes,no,no,
pressure,GLOBMAT_SOLVER::GET_H_MATRIX,pres.f90,CYLINDRICAL,module_global,GLOBAL_CONSTANTS,runtime_scalar,R,pres.f90:5102,yes,yes,no,no,
pressure,GLOBMAT_SOLVER::GET_H_MATRIX,pres.f90,LOWER_MESH_INDEX,module_global,GLOBAL_CONSTANTS,runtime_scalar,R,pres.f90:5045,yes,yes,no,no,
pressure,GLOBMAT_SOLVER::GET_H_MATRIX,pres.f90,PRES_ON_WHOLE_DOMAIN,module_global,GLOBAL_CONSTANTS,runtime_scalar,R,pres.f90:5143,yes,yes,no,no,
pressure,GLOBMAT_SOLVER::GET_H_MATRIX,pres.f90,UPPER_MESH_INDEX,module_global,GLOBAL_CONSTANTS,runtime_scalar,R,pres.f90:5045,yes,yes,no,no,
pressure,GLOBMAT_SOLVER::GET_H_MATRIX,pres.f90,CYL_FCT,module_global,GLOBMAT_SOLVER,runtime_scalar,R,pres.f90:5190,yes,yes,no,no,
pressure,GLOBMAT_SOLVER::GET_H_MATRIX,pres.f90,IHI_CELL,module_global,GLOBMAT_SOLVER,runtime_scalar,W,pres.f90:5051,yes,yes,no,no,
pressure,GLOBMAT_SOLVER::GET_H_MATRIX,pres.f90,IHI_FACE,module_global,GLOBMAT_SOLVER,runtime_scalar,RW,pres.f90:5049,yes,yes,no,no,
pressure,GLOBMAT_SOLVER::GET_H_MATRIX,pres.f90,ILO_CELL,module_global,GLOBMAT_SOLVER,runtime_scalar,W,pres.f90:5050,yes,yes,no,no,
pressure,GLOBMAT_SOLVER::GET_H_MATRIX,pres.f90,ILO_FACE,module_global,GLOBMAT_SOLVER,runtime_scalar,RW,pres.f90:5048,yes,yes,no,no,
pressure,GLOBMAT_SOLVER::GET_H_MATRIX,pres.f90,IPZ,module_global,GLOBMAT_SOLVER,runtime_scalar,R,pres.f90:5038,yes,yes,no,no,
pressure,GLOBMAT_SOLVER::GET_H_MATRIX,pres.f90,JHI_CELL,module_global,GLOBMAT_SOLVER,runtime_scalar,W,pres.f90:5056,yes,yes,no,no,
pressure,GLOBMAT_SOLVER::GET_H_MATRIX,pres.f90,JHI_FACE,module_global,GLOBMAT_SOLVER,runtime_scalar,RW,pres.f90:5054,yes,yes,no,no,
pressure,GLOBMAT_SOLVER::GET_H_MATRIX,pres.f90,JLO_CELL,module_global,GLOBMAT_SOLVER,runtime_scalar,W,pres.f90:5055,yes,yes,no,no,
pressure,GLOBMAT_SOLVER::GET_H_MATRIX,pres.f90,JLO_FACE,module_global,GLOBMAT_SOLVER,runtime_scalar,RW,pres.f90:5053,yes,yes,no,no,
pressure,GLOBMAT_SOLVER::GET_H_MATRIX,pres.f90,KHI_CELL,module_global,GLOBMAT_SOLVER,runtime_scalar,W,pres.f90:5061,yes,yes,no,no,
pressure,GLOBMAT_SOLVER::GET_H_MATRIX,pres.f90,KHI_FACE,module_global,GLOBMAT_SOLVER,runtime_scalar,RW,pres.f90:5059,yes,yes,no,no,
pressure,GLOBMAT_SOLVER::GET_H_MATRIX,pres.f90,KLO_CELL,module_global,GLOBMAT_SOLVER,runtime_scalar,W,pres.f90:5060,yes,yes,no,no,
pressure,GLOBMAT_SOLVER::GET_H_MATRIX,pres.f90,KLO_FACE,module_global,GLOBMAT_SOLVER,runtime_scalar,RW,pres.f90:5058,yes,yes,no,no,
pressure,GLOBMAT_SOLVER::GET_H_MATRIX,pres.f90,N_ZONE_GLOBMAT,module_global,GLOBMAT_SOLVER,runtime_scalar,R,pres.f90:5038,yes,yes,no,no,
pressure,GLOBMAT_SOLVER::GET_H_MATRIX,pres.f90,UNKH,module_global,GLOBMAT_SOLVER,runtime_scalar,R,pres.f90:5097,yes,yes,no,no,
pressure,GLOBMAT_SOLVER::GET_H_MATRIX,pres.f90,ZSL,module_global,GLOBMAT_SOLVER,pointer,RW,pres.f90:5040,yes,yes,no,no,
pressure,GLOBMAT_SOLVER::GET_H_MATRIX,pres.f90,ZONE_SOLVE,module_global,TYPES,runtime_array,R,pres.f90:5040,yes,yes,no,no,
pressure,GLOBMAT_SOLVER::GET_H_MATRIX,pres.f90,BOUNDARY_COORD,mesh_field,MESH_TYPE,wall_obst_cutcell,R,pres.f90:5139,yes,yes,no,no,via=alias:BC|ptr
pressure,GLOBMAT_SOLVER::GET_H_MATRIX,pres.f90,CCVAR,mesh_field,MESH_TYPE,wall_obst_cutcell,R,pres.f90:5097,yes,yes,no,no,via=ptr
pressure,GLOBMAT_SOLVER::GET_H_MATRIX,pres.f90,DX,mesh_field,MESH_TYPE,grid_geometry,R,pres.f90:5082,yes,yes,no,no,via=M2|alias:DX2|ptr
pressure,GLOBMAT_SOLVER::GET_H_MATRIX,pres.f90,DXN,mesh_field,MESH_TYPE,grid_geometry,R,pres.f90:5073,yes,yes,no,no,via=ptr
pressure,GLOBMAT_SOLVER::GET_H_MATRIX,pres.f90,DY,mesh_field,MESH_TYPE,grid_geometry,R,pres.f90:5074,yes,yes,no,no,via=M2|alias:DX3|ptr
pressure,GLOBMAT_SOLVER::GET_H_MATRIX,pres.f90,DYN,mesh_field,MESH_TYPE,grid_geometry,R,pres.f90:5080,yes,yes,no,no,via=ptr
pressure,GLOBMAT_SOLVER::GET_H_MATRIX,pres.f90,DZ,mesh_field,MESH_TYPE,grid_geometry,R,pres.f90:5075,yes,yes,no,no,via=M2|ptr
pressure,GLOBMAT_SOLVER::GET_H_MATRIX,pres.f90,DZN,mesh_field,MESH_TYPE,grid_geometry,R,pres.f90:5087,yes,yes,no,no,via=alias:DX1|ptr
pressure,GLOBMAT_SOLVER::GET_H_MATRIX,pres.f90,EXTERNAL_WALL,mesh_field,MESH_TYPE,ghost_boundary,R,pres.f90:5140,yes,yes,no,no,via=alias:EWC|ptr
pressure,GLOBMAT_SOLVER::GET_H_MATRIX,pres.f90,IBAR,mesh_field,MESH_TYPE,grid_geometry,R,pres.f90:5049,yes,yes,no,no,via=ptr
pressure,GLOBMAT_SOLVER::GET_H_MATRIX,pres.f90,JBAR,mesh_field,MESH_TYPE,grid_geometry,R,pres.f90:5054,yes,yes,no,no,via=ptr
pressure,GLOBMAT_SOLVER::GET_H_MATRIX,pres.f90,KBAR,mesh_field,MESH_TYPE,grid_geometry,R,pres.f90:5059,yes,yes,no,no,via=ptr
pressure,GLOBMAT_SOLVER::GET_H_MATRIX,pres.f90,NREGFACE_H,mesh_field,MESH_TYPE,wall_obst_cutcell,R,pres.f90:5065,yes,yes,no,no,via=MESHES
pressure,GLOBMAT_SOLVER::GET_H_MATRIX,pres.f90,N_EXTERNAL_WALL_CELLS,mesh_field,MESH_TYPE,ghost_boundary,R,pres.f90:5136,yes,yes,no,no,via=ptr
pressure,GLOBMAT_SOLVER::GET_H_MATRIX,pres.f90,OMESH,mesh_field,MESH_TYPE,mpi_exchange,R,pres.f90:5164,yes,yes,no,no,via=alias:OM|ptr
pressure,GLOBMAT_SOLVER::GET_H_MATRIX,pres.f90,PRESSURE_ZONE,mesh_field,MESH_TYPE,pressure_solver,R,pres.f90:5094,yes,yes,no,no,via=ptr
pressure,GLOBMAT_SOLVER::GET_H_MATRIX,pres.f90,R,mesh_field,MESH_TYPE,grid_geometry,R,pres.f90:5104,yes,yes,no,no,via=M2|ptr
pressure,GLOBMAT_SOLVER::GET_H_MATRIX,pres.f90,RC,mesh_field,MESH_TYPE,grid_geometry,R,pres.f90:5105,yes,yes,no,no,via=M2|ptr
pressure,GLOBMAT_SOLVER::GET_H_MATRIX,pres.f90,REGFACE_IAXIS_H,mesh_field,MESH_TYPE,wall_obst_cutcell,R,pres.f90:5070,yes,yes,no,no,via=ptr
pressure,GLOBMAT_SOLVER::GET_H_MATRIX,pres.f90,REGFACE_JAXIS_H,mesh_field,MESH_TYPE,wall_obst_cutcell,R,pres.f90:5077,yes,yes,no,no,via=ptr
pressure,GLOBMAT_SOLVER::GET_H_MATRIX,pres.f90,REGFACE_KAXIS_H,mesh_field,MESH_TYPE,wall_obst_cutcell,R,pres.f90:5084,yes,yes,no,no,via=alias:RGF|ptr
pressure,GLOBMAT_SOLVER::GET_H_MATRIX,pres.f90,WALL,mesh_field,MESH_TYPE,wall_obst_cutcell,R,pres.f90:5138,yes,yes,no,no,via=alias:WC|ptr
pressure,GLOBMAT_SOLVER::GET_H_MATRIX,pres.f90,EWC_TYPE,mesh_field,OMESH_TYPE,mpi_exchange,R,pres.f90:5183,yes,yes,no,no,via=OM
pressure,GLOBMAT_SOLVER::GET_H_MATRIX,pres.f90,MUNKH,mesh_field,OMESH_TYPE,mpi_exchange,R,pres.f90:5172,yes,yes,no,no,via=OM
pressure,GLOBMAT_SOLVER::GET_H_MATRIX_LUDCMP,pres.f90,NM_START,module_global,COMPLEX_GEOMETRY,runtime_scalar,R,pres.f90:4478,no,yes,yes,no,
pressure,GLOBMAT_SOLVER::GET_H_MATRIX_LUDCMP,pres.f90,CHID,module_global,GLOBAL_CONSTANTS,runtime_scalar,R,pres.f90:4846,no,yes,yes,no,
pressure,GLOBMAT_SOLVER::GET_H_MATRIX_LUDCMP,pres.f90,GLMAT_VERBOSE,module_global,GLOBAL_CONSTANTS,runtime_scalar,R,pres.f90:4411,no,yes,yes,no,
pressure,GLOBMAT_SOLVER::GET_H_MATRIX_LUDCMP,pres.f90,HYPRE_DEVICE_RUN,module_global,GLOBAL_CONSTANTS,runtime_scalar,R,pres.f90:4432,no,yes,yes,no,
pressure,GLOBMAT_SOLVER::GET_H_MATRIX_LUDCMP,pres.f90,LU_ERR,module_global,GLOBAL_CONSTANTS,runtime_scalar,R,pres.f90:4425,no,yes,yes,no,
pressure,GLOBMAT_SOLVER::GET_H_MATRIX_LUDCMP,pres.f90,LU_OUTPUT,module_global,GLOBAL_CONSTANTS,runtime_scalar,R,pres.f90:4694,no,yes,yes,no,
pressure,GLOBMAT_SOLVER::GET_H_MATRIX_LUDCMP,pres.f90,MPI_COMM_RS,module_global,GLOBAL_CONSTANTS,runtime_scalar,R,pres.f90:4479,no,yes,yes,no,
pressure,GLOBMAT_SOLVER::GET_H_MATRIX_LUDCMP,pres.f90,MPI_COMM_RS_MASTERS,module_global,GLOBAL_CONSTANTS,runtime_scalar,RW,pres.f90:4664,no,yes,yes,no,arg_unknown
pressure,GLOBMAT_SOLVER::GET_H_MATRIX_LUDCMP,pres.f90,MY_RANK,module_global,GLOBAL_CONSTANTS,runtime_scalar,R,pres.f90:4425,no,yes,yes,no,
pressure,GLOBMAT_SOLVER::GET_H_MATRIX_LUDCMP,pres.f90,MY_RANK_RS,module_global,GLOBAL_CONSTANTS,runtime_scalar,R,pres.f90:4477,no,yes,yes,no,
pressure,GLOBMAT_SOLVER::GET_H_MATRIX_LUDCMP,pres.f90,N_MPI_PROCESSES,module_global,GLOBAL_CONSTANTS,runtime_scalar,R,pres.f90:4686,no,yes,yes,no,
pressure,GLOBMAT_SOLVER::GET_H_MATRIX_LUDCMP,pres.f90,N_MPI_RS,module_global,GLOBAL_CONSTANTS,runtime_scalar,R,pres.f90:4472,no,yes,yes,no,
pressure,GLOBMAT_SOLVER::GET_H_MATRIX_LUDCMP,pres.f90,STOP_STATUS,module_global,GLOBAL_CONSTANTS,runtime_scalar,W,pres.f90:4426,no,yes,yes,no,
pressure,GLOBMAT_SOLVER::GET_H_MATRIX_LUDCMP,pres.f90,UGLMAT_SOLVER_LIBRARY,module_global,GLOBAL_CONSTANTS,runtime_scalar,R,pres.f90:4414,no,yes,yes,no,
pressure,GLOBMAT_SOLVER::GET_H_MATRIX_LUDCMP,pres.f90,WRITE_PARCSRPCG_MATRIX,module_global,GLOBAL_CONSTANTS,runtime_scalar,R,pres.f90:4845,no,yes,yes,no,
pressure,GLOBMAT_SOLVER::GET_H_MATRIX_LUDCMP,pres.f90,IPARM,module_global,GLOBMAT_SOLVER,runtime_array,RW,pres.f90:4644,no,yes,yes,no,arg_unknown
pressure,GLOBMAT_SOLVER::GET_H_MATRIX_LUDCMP,pres.f90,IPZ,module_global,GLOBMAT_SOLVER,runtime_scalar,R,pres.f90:4446,no,yes,yes,no,
pressure,GLOBMAT_SOLVER::GET_H_MATRIX_LUDCMP,pres.f90,MSGLVL,module_global,GLOBMAT_SOLVER,runtime_scalar,RW,pres.f90:4411,no,yes,yes,no,arg_unknown
pressure,GLOBMAT_SOLVER::GET_H_MATRIX_LUDCMP,pres.f90,N_ZONE_GLOBMAT,module_global,GLOBMAT_SOLVER,runtime_scalar,R,pres.f90:4442,no,yes,yes,no,
pressure,GLOBMAT_SOLVER::GET_H_MATRIX_LUDCMP,pres.f90,ZSL,module_global,GLOBMAT_SOLVER,pointer,RW,pres.f90:4448,no,yes,yes,no,arg_unknown
pressure,GLOBMAT_SOLVER::GET_H_MATRIX_LUDCMP,pres.f90,ZSL_COMM,module_global,GLOBMAT_SOLVER,runtime_array,RW,pres.f90:4442,no,yes,yes,no,arg_unknown
pressure,GLOBMAT_SOLVER::GET_H_MATRIX_LUDCMP,pres.f90,HYPRE_IERR,module_global,HYPRE_INTERFACE,runtime_scalar,RW,pres.f90:4733,no,yes,yes,no,arg_unknown
pressure,GLOBMAT_SOLVER::GET_H_MATRIX_LUDCMP,pres.f90,ZONE_SOLVE,module_global,TYPES,runtime_array,R,pres.f90:4448,no,yes,yes,no,
pressure,GLOBMAT_SOLVER::GET_H_REGFACES,pres.f90,CC_IBM,module_global,GLOBAL_CONSTANTS,runtime_scalar,R,pres.f90:5685,no,yes,no,no,
pressure,GLOBMAT_SOLVER::GET_H_REGFACES,pres.f90,LOWER_MESH_INDEX,module_global,GLOBAL_CONSTANTS,runtime_scalar,R,pres.f90:5548,no,yes,no,no,
pressure,GLOBMAT_SOLVER::GET_H_REGFACES,pres.f90,PRES_ON_WHOLE_DOMAIN,module_global,GLOBAL_CONSTANTS,runtime_scalar,R,pres.f90:5579,no,yes,no,no,
pressure,GLOBMAT_SOLVER::GET_H_REGFACES,pres.f90,UPPER_MESH_INDEX,module_global,GLOBAL_CONSTANTS,runtime_scalar,R,pres.f90:5548,no,yes,no,no,
pressure,GLOBMAT_SOLVER::GET_H_REGFACES,pres.f90,IHI_CELL,module_global,GLOBMAT_SOLVER,runtime_scalar,RW,pres.f90:5556,no,yes,no,no,
pressure,GLOBMAT_SOLVER::GET_H_REGFACES,pres.f90,IHI_FACE,module_global,GLOBMAT_SOLVER,runtime_scalar,RW,pres.f90:5554,no,yes,no,no,
pressure,GLOBMAT_SOLVER::GET_H_REGFACES,pres.f90,ILO_CELL,module_global,GLOBMAT_SOLVER,runtime_scalar,RW,pres.f90:5555,no,yes,no,no,
pressure,GLOBMAT_SOLVER::GET_H_REGFACES,pres.f90,ILO_FACE,module_global,GLOBMAT_SOLVER,runtime_scalar,RW,pres.f90:5553,no,yes,no,no,
pressure,GLOBMAT_SOLVER::GET_H_REGFACES,pres.f90,JHI_CELL,module_global,GLOBMAT_SOLVER,runtime_scalar,RW,pres.f90:5562,no,yes,no,no,
pressure,GLOBMAT_SOLVER::GET_H_REGFACES,pres.f90,JHI_FACE,module_global,GLOBMAT_SOLVER,runtime_scalar,RW,pres.f90:5560,no,yes,no,no,
pressure,GLOBMAT_SOLVER::GET_H_REGFACES,pres.f90,JLO_CELL,module_global,GLOBMAT_SOLVER,runtime_scalar,RW,pres.f90:5561,no,yes,no,no,
pressure,GLOBMAT_SOLVER::GET_H_REGFACES,pres.f90,JLO_FACE,module_global,GLOBMAT_SOLVER,runtime_scalar,RW,pres.f90:5559,no,yes,no,no,
pressure,GLOBMAT_SOLVER::GET_H_REGFACES,pres.f90,KHI_CELL,module_global,GLOBMAT_SOLVER,runtime_scalar,RW,pres.f90:5568,no,yes,no,no,
pressure,GLOBMAT_SOLVER::GET_H_REGFACES,pres.f90,KHI_FACE,module_global,GLOBMAT_SOLVER,runtime_scalar,RW,pres.f90:5566,no,yes,no,no,
pressure,GLOBMAT_SOLVER::GET_H_REGFACES,pres.f90,KLO_CELL,module_global,GLOBMAT_SOLVER,runtime_scalar,RW,pres.f90:5567,no,yes,no,no,
pressure,GLOBMAT_SOLVER::GET_H_REGFACES,pres.f90,KLO_FACE,module_global,GLOBMAT_SOLVER,runtime_scalar,RW,pres.f90:5565,no,yes,no,no,
pressure,GLOBMAT_SOLVER::GET_H_REGFACES,pres.f90,UNKH,module_global,GLOBMAT_SOLVER,runtime_scalar,R,pres.f90:5615,no,yes,no,no,
pressure,GLOBMAT_SOLVER::GET_H_REGFACES,pres.f90,BOUNDARY_COORD,mesh_field,MESH_TYPE,wall_obst_cutcell,R,pres.f90:5582,no,yes,no,no,via=alias:BC|ptr
pressure,GLOBMAT_SOLVER::GET_H_REGFACES,pres.f90,CCVAR,mesh_field,MESH_TYPE,wall_obst_cutcell,R,pres.f90:5615,no,yes,no,no,via=ptr
pressure,GLOBMAT_SOLVER::GET_H_REGFACES,pres.f90,IBAR,mesh_field,MESH_TYPE,grid_geometry,R,pres.f90:5554,no,yes,no,no,via=ptr
pressure,GLOBMAT_SOLVER::GET_H_REGFACES,pres.f90,JBAR,mesh_field,MESH_TYPE,grid_geometry,R,pres.f90:5560,no,yes,no,no,via=ptr
pressure,GLOBMAT_SOLVER::GET_H_REGFACES,pres.f90,KBAR,mesh_field,MESH_TYPE,grid_geometry,R,pres.f90:5566,no,yes,no,no,via=ptr
pressure,GLOBMAT_SOLVER::GET_H_REGFACES,pres.f90,NREGFACE_H,mesh_field,MESH_TYPE,wall_obst_cutcell,W,pres.f90:5571,no,yes,no,no,via=MESHES
pressure,GLOBMAT_SOLVER::GET_H_REGFACES,pres.f90,N_EXTERNAL_WALL_CELLS,mesh_field,MESH_TYPE,ghost_boundary,R,pres.f90:5580,no,yes,no,no,via=ptr
pressure,GLOBMAT_SOLVER::GET_H_REGFACES,pres.f90,N_INTERNAL_WALL_CELLS,mesh_field,MESH_TYPE,wall_obst_cutcell,R,pres.f90:5579,no,yes,no,no,via=ptr
pressure,GLOBMAT_SOLVER::GET_H_REGFACES,pres.f90,REGFACE_IAXIS_H,mesh_field,MESH_TYPE,wall_obst_cutcell,RW,pres.f90:5623,no,yes,no,no,via=MESHES|ptr
pressure,GLOBMAT_SOLVER::GET_H_REGFACES,pres.f90,REGFACE_JAXIS_H,mesh_field,MESH_TYPE,wall_obst_cutcell,RW,pres.f90:5650,no,yes,no,no,via=MESHES|ptr
pressure,GLOBMAT_SOLVER::GET_H_REGFACES,pres.f90,REGFACE_KAXIS_H,mesh_field,MESH_TYPE,wall_obst_cutcell,RW,pres.f90:5677,no,yes,no,no,via=MESHES|ptr
pressure,GLOBMAT_SOLVER::GET_H_REGFACES,pres.f90,WALL,mesh_field,MESH_TYPE,wall_obst_cutcell,R,pres.f90:5581,no,yes,no,no,via=alias:WC|ptr
pressure,GLOBMAT_SOLVER::GET_MATRIXGRAPH_H_WHLDOM,pres.f90,NM_START,module_global,COMPLEX_GEOMETRY,runtime_scalar,RW,pres.f90:5339,yes,yes,no,no,
pressure,GLOBMAT_SOLVER::GET_MATRIXGRAPH_H_WHLDOM,pres.f90,CC_IBM,module_global,GLOBAL_CONSTANTS,runtime_scalar,R,pres.f90:5412,yes,yes,no,no,
pressure,GLOBMAT_SOLVER::GET_MATRIXGRAPH_H_WHLDOM,pres.f90,GLMAT_VERBOSE,module_global,GLOBAL_CONSTANTS,runtime_scalar,R,pres.f90:5291,yes,yes,no,no,
pressure,GLOBMAT_SOLVER::GET_MATRIXGRAPH_H_WHLDOM,pres.f90,LOWER_MESH_INDEX,module_global,GLOBAL_CONSTANTS,runtime_scalar,R,pres.f90:5296,yes,yes,no,no,
pressure,GLOBMAT_SOLVER::GET_MATRIXGRAPH_H_WHLDOM,pres.f90,LU_OUTPUT,module_global,GLOBAL_CONSTANTS,runtime_scalar,R,pres.f90:5292,yes,yes,no,no,
pressure,GLOBMAT_SOLVER::GET_MATRIXGRAPH_H_WHLDOM,pres.f90,MY_RANK,module_global,GLOBAL_CONSTANTS,runtime_scalar,R,pres.f90:5291,yes,yes,no,no,
pressure,GLOBMAT_SOLVER::GET_MATRIXGRAPH_H_WHLDOM,pres.f90,PRES_ON_WHOLE_DOMAIN,module_global,GLOBAL_CONSTANTS,runtime_scalar,R,pres.f90:5404,yes,yes,no,no,
pressure,GLOBMAT_SOLVER::GET_MATRIXGRAPH_H_WHLDOM,pres.f90,UPPER_MESH_INDEX,module_global,GLOBAL_CONSTANTS,runtime_scalar,R,pres.f90:5296,yes,yes,no,no,
pressure,GLOBMAT_SOLVER::GET_MATRIXGRAPH_H_WHLDOM,pres.f90,IHI_CELL,module_global,GLOBMAT_SOLVER,runtime_scalar,W,pres.f90:5348,yes,yes,no,no,
pressure,GLOBMAT_SOLVER::GET_MATRIXGRAPH_H_WHLDOM,pres.f90,IHI_FACE,module_global,GLOBMAT_SOLVER,runtime_scalar,RW,pres.f90:5346,yes,yes,no,no,
pressure,GLOBMAT_SOLVER::GET_MATRIXGRAPH_H_WHLDOM,pres.f90,ILO_CELL,module_global,GLOBMAT_SOLVER,runtime_scalar,W,pres.f90:5347,yes,yes,no,no,
pressure,GLOBMAT_SOLVER::GET_MATRIXGRAPH_H_WHLDOM,pres.f90,ILO_FACE,module_global,GLOBMAT_SOLVER,runtime_scalar,RW,pres.f90:5345,yes,yes,no,no,
pressure,GLOBMAT_SOLVER::GET_MATRIXGRAPH_H_WHLDOM,pres.f90,IPZ,module_global,GLOBMAT_SOLVER,runtime_scalar,R,pres.f90:5326,yes,yes,no,no,
pressure,GLOBMAT_SOLVER::GET_MATRIXGRAPH_H_WHLDOM,pres.f90,JHI_CELL,module_global,GLOBMAT_SOLVER,runtime_scalar,W,pres.f90:5353,yes,yes,no,no,
pressure,GLOBMAT_SOLVER::GET_MATRIXGRAPH_H_WHLDOM,pres.f90,JHI_FACE,module_global,GLOBMAT_SOLVER,runtime_scalar,RW,pres.f90:5351,yes,yes,no,no,
pressure,GLOBMAT_SOLVER::GET_MATRIXGRAPH_H_WHLDOM,pres.f90,JLO_CELL,module_global,GLOBMAT_SOLVER,runtime_scalar,W,pres.f90:5352,yes,yes,no,no,
pressure,GLOBMAT_SOLVER::GET_MATRIXGRAPH_H_WHLDOM,pres.f90,JLO_FACE,module_global,GLOBMAT_SOLVER,runtime_scalar,RW,pres.f90:5350,yes,yes,no,no,
pressure,GLOBMAT_SOLVER::GET_MATRIXGRAPH_H_WHLDOM,pres.f90,KHI_CELL,module_global,GLOBMAT_SOLVER,runtime_scalar,W,pres.f90:5358,yes,yes,no,no,
pressure,GLOBMAT_SOLVER::GET_MATRIXGRAPH_H_WHLDOM,pres.f90,KHI_FACE,module_global,GLOBMAT_SOLVER,runtime_scalar,RW,pres.f90:5356,yes,yes,no,no,
pressure,GLOBMAT_SOLVER::GET_MATRIXGRAPH_H_WHLDOM,pres.f90,KLO_CELL,module_global,GLOBMAT_SOLVER,runtime_scalar,W,pres.f90:5357,yes,yes,no,no,
pressure,GLOBMAT_SOLVER::GET_MATRIXGRAPH_H_WHLDOM,pres.f90,KLO_FACE,module_global,GLOBMAT_SOLVER,runtime_scalar,RW,pres.f90:5355,yes,yes,no,no,
pressure,GLOBMAT_SOLVER::GET_MATRIXGRAPH_H_WHLDOM,pres.f90,N_ZONE_GLOBMAT,module_global,GLOBMAT_SOLVER,runtime_scalar,R,pres.f90:5326,yes,yes,no,no,
pressure,GLOBMAT_SOLVER::GET_MATRIXGRAPH_H_WHLDOM,pres.f90,UNKH,module_global,GLOBMAT_SOLVER,runtime_scalar,R,pres.f90:5381,yes,yes,no,no,
pressure,GLOBMAT_SOLVER::GET_MATRIXGRAPH_H_WHLDOM,pres.f90,ZSL,module_global,GLOBMAT_SOLVER,pointer,RW,pres.f90:5328,yes,yes,no,no,
pressure,GLOBMAT_SOLVER::GET_MATRIXGRAPH_H_WHLDOM,pres.f90,ZONE_SOLVE,module_global,TYPES,runtime_array,R,pres.f90:5307,yes,yes,no,no,
pressure,GLOBMAT_SOLVER::GET_MATRIXGRAPH_H_WHLDOM,pres.f90,BOUNDARY_COORD,mesh_field,MESH_TYPE,wall_obst_cutcell,R,pres.f90:5401,yes,yes,no,no,via=alias:BC|ptr
pressure,GLOBMAT_SOLVER::GET_MATRIXGRAPH_H_WHLDOM,pres.f90,CCVAR,mesh_field,MESH_TYPE,wall_obst_cutcell,R,pres.f90:5381,yes,yes,no,no,via=ptr
pressure,GLOBMAT_SOLVER::GET_MATRIXGRAPH_H_WHLDOM,pres.f90,CC_NRCFACE_H,mesh_field,MESH_TYPE,wall_obst_cutcell,R,pres.f90:5311,yes,yes,no,no,via=MESHES
pressure,GLOBMAT_SOLVER::GET_MATRIXGRAPH_H_WHLDOM,pres.f90,CUT_FACE,mesh_field,MESH_TYPE,wall_obst_cutcell,RW,pres.f90:5318,yes,yes,no,no,via=ptr
pressure,GLOBMAT_SOLVER::GET_MATRIXGRAPH_H_WHLDOM,pres.f90,EXTERNAL_WALL,mesh_field,MESH_TYPE,ghost_boundary,R,pres.f90:5402,yes,yes,no,no,via=alias:EWC|ptr
pressure,GLOBMAT_SOLVER::GET_MATRIXGRAPH_H_WHLDOM,pres.f90,IBAR,mesh_field,MESH_TYPE,grid_geometry,R,pres.f90:5346,yes,yes,no,no,via=ptr
pressure,GLOBMAT_SOLVER::GET_MATRIXGRAPH_H_WHLDOM,pres.f90,JBAR,mesh_field,MESH_TYPE,grid_geometry,R,pres.f90:5351,yes,yes,no,no,via=ptr
pressure,GLOBMAT_SOLVER::GET_MATRIXGRAPH_H_WHLDOM,pres.f90,KBAR,mesh_field,MESH_TYPE,grid_geometry,R,pres.f90:5356,yes,yes,no,no,via=ptr
pressure,GLOBMAT_SOLVER::GET_MATRIXGRAPH_H_WHLDOM,pres.f90,NREGFACE_H,mesh_field,MESH_TYPE,wall_obst_cutcell,R,pres.f90:5305,yes,yes,no,no,via=MESHES
pressure,GLOBMAT_SOLVER::GET_MATRIXGRAPH_H_WHLDOM,pres.f90,N_CUTFACE_MESH,mesh_field,MESH_TYPE,wall_obst_cutcell,R,pres.f90:5317,yes,yes,no,no,via=MESHES
pressure,GLOBMAT_SOLVER::GET_MATRIXGRAPH_H_WHLDOM,pres.f90,N_EXTERNAL_WALL_CELLS,mesh_field,MESH_TYPE,ghost_boundary,R,pres.f90:5399,yes,yes,no,no,via=ptr
pressure,GLOBMAT_SOLVER::GET_MATRIXGRAPH_H_WHLDOM,pres.f90,OMESH,mesh_field,MESH_TYPE,mpi_exchange,R,pres.f90:5429,yes,yes,no,no,via=ptr
pressure,GLOBMAT_SOLVER::GET_MATRIXGRAPH_H_WHLDOM,pres.f90,PRESSURE_ZONE,mesh_field,MESH_TYPE,pressure_solver,R,pres.f90:5307,yes,yes,no,no,via=ptr
pressure,GLOBMAT_SOLVER::GET_MATRIXGRAPH_H_WHLDOM,pres.f90,RCF_H,mesh_field,MESH_TYPE,wall_obst_cutcell,RW,pres.f90:5312,yes,yes,no,no,via=MESHES|alias:RCF
pressure,GLOBMAT_SOLVER::GET_MATRIXGRAPH_H_WHLDOM,pres.f90,RC_FACE,mesh_field,MESH_TYPE,wall_obst_cutcell,RW,pres.f90:5312,yes,yes,no,no,via=alias:RCF|ptr
pressure,GLOBMAT_SOLVER::GET_MATRIXGRAPH_H_WHLDOM,pres.f90,REGFACE_IAXIS_H,mesh_field,MESH_TYPE,wall_obst_cutcell,RW,pres.f90:5301,yes,yes,no,no,via=MESHES|alias:RGF|ptr
pressure,GLOBMAT_SOLVER::GET_MATRIXGRAPH_H_WHLDOM,pres.f90,REGFACE_JAXIS_H,mesh_field,MESH_TYPE,wall_obst_cutcell,RW,pres.f90:5302,yes,yes,no,no,via=MESHES|alias:RGF|ptr
pressure,GLOBMAT_SOLVER::GET_MATRIXGRAPH_H_WHLDOM,pres.f90,REGFACE_KAXIS_H,mesh_field,MESH_TYPE,wall_obst_cutcell,RW,pres.f90:5303,yes,yes,no,no,via=MESHES|alias:RGF|ptr
pressure,GLOBMAT_SOLVER::GET_MATRIXGRAPH_H_WHLDOM,pres.f90,WALL,mesh_field,MESH_TYPE,wall_obst_cutcell,R,pres.f90:5400,yes,yes,no,no,via=alias:WC|ptr
pressure,GLOBMAT_SOLVER::GET_MATRIXGRAPH_H_WHLDOM,pres.f90,EWC_TYPE,mesh_field,OMESH_TYPE,mpi_exchange,R,pres.f90:5437,yes,yes,no,no,via=OMESH
pressure,GLOBMAT_SOLVER::GET_MATRIXGRAPH_H_WHLDOM,pres.f90,MUNKH,mesh_field,OMESH_TYPE,mpi_exchange,R,pres.f90:5429,yes,yes,no,no,via=OMESH
pressure,GLOBMAT_SOLVER::GET_MATRIX_INDEXES_H,pres.f90,CC_IBM,module_global,GLOBAL_CONSTANTS,runtime_scalar,R,pres.f90:5762,no,yes,yes,no,
pressure,GLOBMAT_SOLVER::GET_MATRIX_INDEXES_H,pres.f90,CONNECTED_ZONES,module_global,GLOBAL_CONSTANTS,runtime_array,R,pres.f90:5721,no,yes,yes,no,
pressure,GLOBMAT_SOLVER::GET_MATRIX_INDEXES_H,pres.f90,LOWER_MESH_INDEX,module_global,GLOBAL_CONSTANTS,runtime_scalar,R,pres.f90:5714,no,yes,yes,no,
pressure,GLOBMAT_SOLVER::GET_MATRIX_INDEXES_H,pres.f90,NMESHES,module_global,GLOBAL_CONSTANTS,runtime_scalar,R,pres.f90:5767,no,yes,yes,no,
pressure,GLOBMAT_SOLVER::GET_MATRIX_INDEXES_H,pres.f90,N_MPI_PROCESSES,module_global,GLOBAL_CONSTANTS,runtime_scalar,R,pres.f90:5769,no,yes,yes,no,
pressure,GLOBMAT_SOLVER::GET_MATRIX_INDEXES_H,pres.f90,N_ZONE,module_global,GLOBAL_CONSTANTS,runtime_scalar,R,pres.f90:5712,no,yes,yes,no,
pressure,GLOBMAT_SOLVER::GET_MATRIX_INDEXES_H,pres.f90,PRES_ON_WHOLE_DOMAIN,module_global,GLOBAL_CONSTANTS,runtime_scalar,R,pres.f90:5720,no,yes,yes,no,
pressure,GLOBMAT_SOLVER::GET_MATRIX_INDEXES_H,pres.f90,UPPER_MESH_INDEX,module_global,GLOBAL_CONSTANTS,runtime_scalar,R,pres.f90:5714,no,yes,yes,no,
pressure,GLOBMAT_SOLVER::GET_MATRIX_INDEXES_H,pres.f90,CGSC,module_global,GLOBMAT_SOLVER,runtime_scalar,R,pres.f90:5754,no,yes,yes,no,
pressure,GLOBMAT_SOLVER::GET_MATRIX_INDEXES_H,pres.f90,IPZ,module_global,GLOBMAT_SOLVER,runtime_scalar,R,pres.f90:5718,no,yes,yes,no,
pressure,GLOBMAT_SOLVER::GET_MATRIX_INDEXES_H,pres.f90,N_ZONE_GLOBMAT,module_global,GLOBMAT_SOLVER,runtime_scalar,R,pres.f90:5718,no,yes,yes,no,
pressure,GLOBMAT_SOLVER::GET_MATRIX_INDEXES_H,pres.f90,UNKH,module_global,GLOBMAT_SOLVER,runtime_scalar,R,pres.f90:5716,no,yes,yes,no,
pressure,GLOBMAT_SOLVER::GET_MATRIX_INDEXES_H,pres.f90,ZSL,module_global,GLOBMAT_SOLVER,pointer,RW,pres.f90:5719,no,yes,yes,no,
pressure,GLOBMAT_SOLVER::GET_MATRIX_INDEXES_H,pres.f90,ZONE_SOLVE,module_global,TYPES,runtime_array,RW,pres.f90:5711,no,yes,yes,no,
pressure,GLOBMAT_SOLVER::GET_MATRIX_INDEXES_H,pres.f90,CCVAR,mesh_field,MESH_TYPE,wall_obst_cutcell,RW,pres.f90:5716,no,yes,yes,no,via=MESHES|ptr
pressure,GLOBMAT_SOLVER::GET_MATRIX_INDEXES_H,pres.f90,IBAR,mesh_field,MESH_TYPE,grid_geometry,R,pres.f90:5743,no,yes,yes,no,via=ptr
pressure,GLOBMAT_SOLVER::GET_MATRIX_INDEXES_H,pres.f90,JBAR,mesh_field,MESH_TYPE,grid_geometry,R,pres.f90:5742,no,yes,yes,no,via=ptr
pressure,GLOBMAT_SOLVER::GET_MATRIX_INDEXES_H,pres.f90,KBAR,mesh_field,MESH_TYPE,grid_geometry,R,pres.f90:5741,no,yes,yes,no,via=ptr
pressure,GLOBMAT_SOLVER::GET_MATRIX_INDEXES_H,pres.f90,PRESSURE_ZONE,mesh_field,MESH_TYPE,pressure_solver,R,pres.f90:5755,no,yes,yes,no,via=ptr
pressure,GLOBMAT_SOLVER::GLMAT_SOLVER,pres.f90,CALL_FOR_GLMAT,module_global,COMPLEX_GEOMETRY,runtime_scalar,W,pres.f90:3333,no,yes,yes,no,
pressure,GLOBMAT_SOLVER::GLMAT_SOLVER,pres.f90,NM_START,module_global,COMPLEX_GEOMETRY,runtime_scalar,R,pres.f90:3380,no,yes,yes,no,
pressure,GLOBMAT_SOLVER::GLMAT_SOLVER,pres.f90,CC_IBM,module_global,GLOBAL_CONSTANTS,runtime_scalar,R,pres.f90:3333,no,yes,yes,no,
pressure,GLOBMAT_SOLVER::GLMAT_SOLVER,pres.f90,CHECK_POISSON,module_global,GLOBAL_CONSTANTS,runtime_scalar,R,pres.f90:3463,no,yes,yes,no,
pressure,GLOBMAT_SOLVER::GLMAT_SOLVER,pres.f90,FREEZE_VELOCITY,module_global,GLOBAL_CONSTANTS,runtime_scalar,R,pres.f90:3335,no,yes,yes,no,
pressure,GLOBMAT_SOLVER::GLMAT_SOLVER,pres.f90,HYPRE_DEVICE_RUN,module_global,GLOBAL_CONSTANTS,runtime_scalar,R,pres.f90:3455,no,yes,yes,no,
pressure,GLOBMAT_SOLVER::GLMAT_SOLVER,pres.f90,LOWER_MESH_INDEX,module_global,GLOBAL_CONSTANTS,runtime_scalar,R,pres.f90:3345,no,yes,yes,no,
pressure,GLOBMAT_SOLVER::GLMAT_SOLVER,pres.f90,LU_ERR,module_global,GLOBAL_CONSTANTS,runtime_scalar,R,pres.f90:3442,no,yes,yes,no,
pressure,GLOBMAT_SOLVER::GLMAT_SOLVER,pres.f90,MPI_COMM_RS,module_global,GLOBAL_CONSTANTS,runtime_scalar,R,pres.f90:3415,no,yes,yes,no,
pressure,GLOBMAT_SOLVER::GLMAT_SOLVER,pres.f90,MPI_COMM_RS_MASTERS,module_global,GLOBAL_CONSTANTS,runtime_scalar,RW,pres.f90:3436,no,yes,yes,no,arg_unknown
pressure,GLOBMAT_SOLVER::GLMAT_SOLVER,pres.f90,MY_RANK,module_global,GLOBAL_CONSTANTS,runtime_scalar,R,pres.f90:3442,no,yes,yes,no,
pressure,GLOBMAT_SOLVER::GLMAT_SOLVER,pres.f90,MY_RANK_RS,module_global,GLOBAL_CONSTANTS,runtime_scalar,R,pres.f90:3413,no,yes,yes,no,
pressure,GLOBMAT_SOLVER::GLMAT_SOLVER,pres.f90,N_MPI_PROCESSES,module_global,GLOBAL_CONSTANTS,runtime_scalar,R,pres.f90:3396,no,yes,yes,no,
pressure,GLOBMAT_SOLVER::GLMAT_SOLVER,pres.f90,N_MPI_RS,module_global,GLOBAL_CONSTANTS,runtime_scalar,R,pres.f90:3412,no,yes,yes,no,
pressure,GLOBMAT_SOLVER::GLMAT_SOLVER,pres.f90,N_ZONE,module_global,GLOBAL_CONSTANTS,runtime_scalar,R,pres.f90:3496,no,yes,yes,no,
pressure,GLOBMAT_SOLVER::GLMAT_SOLVER,pres.f90,ONE_UNKH_PER_CUTCELL,module_global,GLOBAL_CONSTANTS,runtime_scalar,R,pres.f90:3517,no,yes,yes,no,
pressure,GLOBMAT_SOLVER::GLMAT_SOLVER,pres.f90,PERIODIC_TEST,module_global,GLOBAL_CONSTANTS,runtime_scalar,R,pres.f90:3496,no,yes,yes,no,
pressure,GLOBMAT_SOLVER::GLMAT_SOLVER,pres.f90,PREDICTOR,module_global,GLOBAL_CONSTANTS,runtime_scalar,R,pres.f90:3502,no,yes,yes,no,
pressure,GLOBMAT_SOLVER::GLMAT_SOLVER,pres.f90,PRES_ON_WHOLE_DOMAIN,module_global,GLOBAL_CONSTANTS,runtime_scalar,R,pres.f90:3371,no,yes,yes,no,
pressure,GLOBMAT_SOLVER::GLMAT_SOLVER,pres.f90,SOLID_PHASE_ONLY,module_global,GLOBAL_CONSTANTS,runtime_scalar,R,pres.f90:3335,no,yes,yes,no,
pressure,GLOBMAT_SOLVER::GLMAT_SOLVER,pres.f90,T_USED,module_global,GLOBAL_CONSTANTS,runtime_array,RW,pres.f90:3655,no,yes,yes,no,
pressure,GLOBMAT_SOLVER::GLMAT_SOLVER,pres.f90,UGLMAT_SOLVER_LIBRARY,module_global,GLOBAL_CONSTANTS,runtime_scalar,R,pres.f90:3424,no,yes,yes,no,
pressure,GLOBMAT_SOLVER::GLMAT_SOLVER,pres.f90,UPPER_MESH_INDEX,module_global,GLOBAL_CONSTANTS,runtime_scalar,R,pres.f90:3345,no,yes,yes,no,
pressure,GLOBMAT_SOLVER::GLMAT_SOLVER,pres.f90,CC,module_global,GLOBMAT_SOLVER,pointer,RW,pres.f90:3389,no,yes,yes,no,
pressure,GLOBMAT_SOLVER::GLMAT_SOLVER,pres.f90,CYL_FCT,module_global,GLOBMAT_SOLVER,runtime_scalar,R,pres.f90:3366,no,yes,yes,no,
pressure,GLOBMAT_SOLVER::GLMAT_SOLVER,pres.f90,IPARM,module_global,GLOBMAT_SOLVER,runtime_array,RW,pres.f90:3428,no,yes,yes,no,arg_unknown
pressure,GLOBMAT_SOLVER::GLMAT_SOLVER,pres.f90,IPZ,module_global,GLOBMAT_SOLVER,runtime_scalar,R,pres.f90:3351,no,yes,yes,no,
pressure,GLOBMAT_SOLVER::GLMAT_SOLVER,pres.f90,MSGLVL,module_global,GLOBMAT_SOLVER,runtime_scalar,RW,pres.f90:3436,no,yes,yes,no,arg_unknown
pressure,GLOBMAT_SOLVER::GLMAT_SOLVER,pres.f90,N_ZONE_GLOBMAT,module_global,GLOBMAT_SOLVER,runtime_scalar,R,pres.f90:3351,no,yes,yes,no,
pressure,GLOBMAT_SOLVER::GLMAT_SOLVER,pres.f90,TNOW,module_global,GLOBMAT_SOLVER,runtime_scalar,RW,pres.f90:3336,no,yes,yes,no,
pressure,GLOBMAT_SOLVER::GLMAT_SOLVER,pres.f90,UNKH,module_global,GLOBMAT_SOLVER,runtime_scalar,R,pres.f90:3366,no,yes,yes,no,
pressure,GLOBMAT_SOLVER::GLMAT_SOLVER,pres.f90,ZSL,module_global,GLOBMAT_SOLVER,pointer,RW,pres.f90:3353,no,yes,yes,no,arg_unknown
pressure,GLOBMAT_SOLVER::GLMAT_SOLVER,pres.f90,HYPRE_IERR,module_global,HYPRE_INTERFACE,runtime_scalar,RW,pres.f90:3450,no,yes,yes,no,arg_unknown
pressure,GLOBMAT_SOLVER::GLMAT_SOLVER,pres.f90,ZONE_SOLVE,module_global,TYPES,runtime_array,R,pres.f90:3353,no,yes,yes,no,
pressure,GLOBMAT_SOLVER::GLMAT_SOLVER,pres.f90,BOUNDARY_COORD,mesh_field,MESH_TYPE,wall_obst_cutcell,R,pres.f90:3587,no,yes,yes,no,via=alias:BC|ptr
pressure,GLOBMAT_SOLVER::GLMAT_SOLVER,pres.f90,BXF,mesh_field,MESH_TYPE,pressure_solver,R,pres.f90:3598,no,yes,yes,no,via=ptr
pressure,GLOBMAT_SOLVER::GLMAT_SOLVER,pres.f90,BXS,mesh_field,MESH_TYPE,pressure_solver,R,pres.f90:3600,no,yes,yes,no,via=ptr
pressure,GLOBMAT_SOLVER::GLMAT_SOLVER,pres.f90,BYF,mesh_field,MESH_TYPE,pressure_solver,R,pres.f90:3602,no,yes,yes,no,via=ptr
pressure,GLOBMAT_SOLVER::GLMAT_SOLVER,pres.f90,BYS,mesh_field,MESH_TYPE,pressure_solver,R,pres.f90:3604,no,yes,yes,no,via=ptr
pressure,GLOBMAT_SOLVER::GLMAT_SOLVER,pres.f90,BZF,mesh_field,MESH_TYPE,pressure_solver,R,pres.f90:3606,no,yes,yes,no,via=ptr
pressure,GLOBMAT_SOLVER::GLMAT_SOLVER,pres.f90,BZS,mesh_field,MESH_TYPE,pressure_solver,R,pres.f90:3608,no,yes,yes,no,via=ptr
pressure,GLOBMAT_SOLVER::GLMAT_SOLVER,pres.f90,CCVAR,mesh_field,MESH_TYPE,wall_obst_cutcell,R,pres.f90:3378,no,yes,yes,no,via=ptr
pressure,GLOBMAT_SOLVER::GLMAT_SOLVER,pres.f90,CUT_CELL,mesh_field,MESH_TYPE,wall_obst_cutcell,R,pres.f90:3389,no,yes,yes,no,via=alias:CC|ptr
pressure,GLOBMAT_SOLVER::GLMAT_SOLVER,pres.f90,DX,mesh_field,MESH_TYPE,grid_geometry,R,pres.f90:3508,no,yes,yes,no,via=ptr
pressure,GLOBMAT_SOLVER::GLMAT_SOLVER,pres.f90,DXN,mesh_field,MESH_TYPE,grid_geometry,R,pres.f90:3598,no,yes,yes,no,via=ptr
pressure,GLOBMAT_SOLVER::GLMAT_SOLVER,pres.f90,DY,mesh_field,MESH_TYPE,grid_geometry,R,pres.f90:3508,no,yes,yes,no,via=ptr
pressure,GLOBMAT_SOLVER::GLMAT_SOLVER,pres.f90,DYN,mesh_field,MESH_TYPE,grid_geometry,R,pres.f90:3602,no,yes,yes,no,via=ptr
pressure,GLOBMAT_SOLVER::GLMAT_SOLVER,pres.f90,DZ,mesh_field,MESH_TYPE,grid_geometry,R,pres.f90:3508,no,yes,yes,no,via=ptr
pressure,GLOBMAT_SOLVER::GLMAT_SOLVER,pres.f90,DZN,mesh_field,MESH_TYPE,grid_geometry,R,pres.f90:3606,no,yes,yes,no,via=ptr
pressure,GLOBMAT_SOLVER::GLMAT_SOLVER,pres.f90,EXTERNAL_WALL,mesh_field,MESH_TYPE,ghost_boundary,R,pres.f90:3586,no,yes,yes,no,via=alias:EWC|ptr
pressure,GLOBMAT_SOLVER::GLMAT_SOLVER,pres.f90,H,mesh_field,MESH_TYPE,cell_centred_solution,RW,pres.f90:3566,no,yes,yes,no,via=alias:HP|ptr
pressure,GLOBMAT_SOLVER::GLMAT_SOLVER,pres.f90,HS,mesh_field,MESH_TYPE,cell_centred_solution,RW,pres.f90:3568,no,yes,yes,no,via=alias:HP|ptr
pressure,GLOBMAT_SOLVER::GLMAT_SOLVER,pres.f90,IBAR,mesh_field,MESH_TYPE,grid_geometry,R,pres.f90:3377,no,yes,yes,no,via=ptr
pressure,GLOBMAT_SOLVER::GLMAT_SOLVER,pres.f90,JBAR,mesh_field,MESH_TYPE,grid_geometry,R,pres.f90:3376,no,yes,yes,no,via=ptr
pressure,GLOBMAT_SOLVER::GLMAT_SOLVER,pres.f90,KBAR,mesh_field,MESH_TYPE,grid_geometry,R,pres.f90:3375,no,yes,yes,no,via=ptr
pressure,GLOBMAT_SOLVER::GLMAT_SOLVER,pres.f90,KRES,mesh_field,MESH_TYPE,cell_centred_solution,R,pres.f90:3509,no,yes,yes,no,via=ptr
pressure,GLOBMAT_SOLVER::GLMAT_SOLVER,pres.f90,N_CUTCELL_MESH,mesh_field,MESH_TYPE,wall_obst_cutcell,R,pres.f90:3388,no,yes,yes,no,via=MESHES
pressure,GLOBMAT_SOLVER::GLMAT_SOLVER,pres.f90,N_EXTERNAL_WALL_CELLS,mesh_field,MESH_TYPE,ghost_boundary,R,pres.f90:3584,no,yes,yes,no,via=ptr
pressure,GLOBMAT_SOLVER::GLMAT_SOLVER,pres.f90,PRESSURE_ZONE,mesh_field,MESH_TYPE,pressure_solver,R,pres.f90:3378,no,yes,yes,no,via=ptr
pressure,GLOBMAT_SOLVER::GLMAT_SOLVER,pres.f90,RC,mesh_field,MESH_TYPE,grid_geometry,R,pres.f90:3508,no,yes,yes,no,via=ptr
pressure,GLOBMAT_SOLVER::GLMAT_SOLVER,pres.f90,RHO,mesh_field,MESH_TYPE,cell_centred_solution,R,pres.f90:3502,no,yes,yes,no,via=alias:RHOP|ptr
pressure,GLOBMAT_SOLVER::GLMAT_SOLVER,pres.f90,RHOS,mesh_field,MESH_TYPE,cell_centred_solution,R,pres.f90:3502,no,yes,yes,no,via=alias:RHOP|ptr
pressure,GLOBMAT_SOLVER::GLMAT_SOLVER,pres.f90,WALL,mesh_field,MESH_TYPE,wall_obst_cutcell,R,pres.f90:3585,no,yes,yes,no,via=alias:WC|ptr
pressure,GLOBMAT_SOLVER::GLMAT_SOLVER_SETUP,pres.f90,CALL_FROM_GLMAT_SETUP,module_global,COMPLEX_GEOMETRY,runtime_scalar,W,pres.f90:3703,yes,yes,no,no,
pressure,GLOBMAT_SOLVER::GLMAT_SOLVER_SETUP,pres.f90,CC_IBM,module_global,GLOBAL_CONSTANTS,runtime_scalar,R,pres.f90:3753,yes,yes,no,no,
pressure,GLOBMAT_SOLVER::GLMAT_SOLVER_SETUP,pres.f90,CYLINDRICAL,module_global,GLOBAL_CONSTANTS,runtime_scalar,R,pres.f90:3706,yes,yes,no,no,
pressure,GLOBMAT_SOLVER::GLMAT_SOLVER_SETUP,pres.f90,FREEZE_VELOCITY,module_global,GLOBAL_CONSTANTS,runtime_scalar,R,pres.f90:3682,yes,yes,no,no,
pressure,GLOBMAT_SOLVER::GLMAT_SOLVER_SETUP,pres.f90,ITERATE_PRESSURE,module_global,GLOBAL_CONSTANTS,runtime_scalar,W,pres.f90:3712,yes,yes,no,no,
pressure,GLOBMAT_SOLVER::GLMAT_SOLVER_SETUP,pres.f90,LOWER_MESH_INDEX,module_global,GLOBAL_CONSTANTS,runtime_scalar,R,pres.f90:3727,yes,yes,no,no,
pressure,GLOBMAT_SOLVER::GLMAT_SOLVER_SETUP,pres.f90,LU_ERR,module_global,GLOBAL_CONSTANTS,runtime_scalar,R,pres.f90:3689,yes,yes,no,no,
pressure,GLOBMAT_SOLVER::GLMAT_SOLVER_SETUP,pres.f90,MY_RANK,module_global,GLOBAL_CONSTANTS,runtime_scalar,R,pres.f90:3689,yes,yes,no,no,
pressure,GLOBMAT_SOLVER::GLMAT_SOLVER_SETUP,pres.f90,N_ZONE,module_global,GLOBAL_CONSTANTS,runtime_scalar,R,pres.f90:3697,yes,yes,no,no,
pressure,GLOBMAT_SOLVER::GLMAT_SOLVER_SETUP,pres.f90,PRES_ON_WHOLE_DOMAIN,module_global,GLOBAL_CONSTANTS,runtime_scalar,R,pres.f90:3698,yes,yes,no,no,
pressure,GLOBMAT_SOLVER::GLMAT_SOLVER_SETUP,pres.f90,SOLID_PHASE_ONLY,module_global,GLOBAL_CONSTANTS,runtime_scalar,R,pres.f90:3683,yes,yes,no,no,
pressure,GLOBMAT_SOLVER::GLMAT_SOLVER_SETUP,pres.f90,STOP_STATUS,module_global,GLOBAL_CONSTANTS,runtime_scalar,W,pres.f90:3692,yes,yes,no,no,
pressure,GLOBMAT_SOLVER::GLMAT_SOLVER_SETUP,pres.f90,T_USED,module_global,GLOBAL_CONSTANTS,runtime_array,RW,pres.f90:3899,yes,yes,no,no,
pressure,GLOBMAT_SOLVER::GLMAT_SOLVER_SETUP,pres.f90,UPPER_MESH_INDEX,module_global,GLOBAL_CONSTANTS,runtime_scalar,R,pres.f90:3727,yes,yes,no,no,
pressure,GLOBMAT_SOLVER::GLMAT_SOLVER_SETUP,pres.f90,CGSC,module_global,GLOBMAT_SOLVER,runtime_scalar,RW,pres.f90:3836,yes,yes,no,no,
pressure,GLOBMAT_SOLVER::GLMAT_SOLVER_SETUP,pres.f90,CYL_FCT,module_global,GLOBMAT_SOLVER,runtime_scalar,W,pres.f90:3706,yes,yes,no,no,
pressure,GLOBMAT_SOLVER::GLMAT_SOLVER_SETUP,pres.f90,NCVARS,module_global,GLOBMAT_SOLVER,runtime_scalar,W,pres.f90:3838,yes,yes,no,no,
pressure,GLOBMAT_SOLVER::GLMAT_SOLVER_SETUP,pres.f90,N_ZONE_GLOBMAT,module_global,GLOBMAT_SOLVER,runtime_scalar,W,pres.f90:3697,yes,yes,no,no,
pressure,GLOBMAT_SOLVER::GLMAT_SOLVER_SETUP,pres.f90,TNOW,module_global,GLOBMAT_SOLVER,runtime_scalar,RW,pres.f90:3684,yes,yes,no,no,
pressure,GLOBMAT_SOLVER::GLMAT_SOLVER_SETUP,pres.f90,UNKH,module_global,GLOBMAT_SOLVER,runtime_scalar,RW,pres.f90:3837,yes,yes,no,no,
pressure,GLOBMAT_SOLVER::GLMAT_SOLVER_SETUP,pres.f90,BOUNDARY_COORD,mesh_field,MESH_TYPE,wall_obst_cutcell,R,pres.f90:3731,yes,yes,no,no,via=alias:BC|ptr
pressure,GLOBMAT_SOLVER::GLMAT_SOLVER_SETUP,pres.f90,EXTERNAL_WALL,mesh_field,MESH_TYPE,ghost_boundary,R,pres.f90:3732,yes,yes,no,no,via=alias:EWC|ptr
pressure,GLOBMAT_SOLVER::GLMAT_SOLVER_SETUP,pres.f90,FCVAR,mesh_field,MESH_TYPE,wall_obst_cutcell,R,pres.f90:3763,yes,yes,no,no,via=ptr
pressure,GLOBMAT_SOLVER::GLMAT_SOLVER_SETUP,pres.f90,N_EXTERNAL_WALL_CELLS,mesh_field,MESH_TYPE,ghost_boundary,R,pres.f90:3729,yes,yes,no,no,via=ptr
pressure,GLOBMAT_SOLVER::GLMAT_SOLVER_SETUP,pres.f90,OMESH,mesh_field,MESH_TYPE,mpi_exchange,RW,pres.f90:3743,yes,yes,no,no,via=ptr
pressure,GLOBMAT_SOLVER::GLMAT_SOLVER_SETUP,pres.f90,WALL,mesh_field,MESH_TYPE,wall_obst_cutcell,RW,pres.f90:3730,yes,yes,no,no,via=alias:WC|ptr
pressure,GLOBMAT_SOLVER::GLMAT_SOLVER_SETUP,pres.f90,EWC_TYPE,mesh_field,OMESH_TYPE,mpi_exchange,RW,pres.f90:3743,yes,yes,no,no,via=OMESH
pressure,GLOBMAT_SOLVER::GRADIENT_WEIGHT,pres.f90,CELL,mesh_field,MESH_TYPE,wall_obst_cutcell,R,pres.f90:6044,no,yes,no,no,via=ptr
pressure,GLOBMAT_SOLVER::GRADIENT_WEIGHT,pres.f90,CELL_INDEX,mesh_field,MESH_TYPE,wall_obst_cutcell,R,pres.f90:6044,no,yes,no,no,via=ptr
pressure,GLOBMAT_SOLVER::GRADIENT_WEIGHT,pres.f90,EXTERNAL_WALL,mesh_field,MESH_TYPE,ghost_boundary,R,pres.f90:6047,no,yes,no,no,via=MESHES
pressure,GLOBMAT_SOLVER::GRADIENT_WEIGHT,pres.f90,N_EXTERNAL_WALL_CELLS,mesh_field,MESH_TYPE,ghost_boundary,R,pres.f90:6046,no,yes,no,no,via=ptr
pressure,GLOBMAT_SOLVER::GRADIENT_WEIGHT,pres.f90,WALL,mesh_field,MESH_TYPE,wall_obst_cutcell,R,pres.f90:6048,no,yes,no,no,via=ptr
pressure,GLOBMAT_SOLVER::PRESSURE_SOLVER_CHECK_RESIDUALS_U,pres.f90,CC_IBM,module_global,GLOBAL_CONSTANTS,runtime_scalar,R,pres.f90:5925,no,yes,no,no,
pressure,GLOBMAT_SOLVER::PRESSURE_SOLVER_CHECK_RESIDUALS_U,pres.f90,CHECK_POISSON,module_global,GLOBAL_CONSTANTS,runtime_scalar,R,pres.f90:5917,no,yes,no,no,
pressure,GLOBMAT_SOLVER::PRESSURE_SOLVER_CHECK_RESIDUALS_U,pres.f90,FREEZE_VELOCITY,module_global,GLOBAL_CONSTANTS,runtime_scalar,R,pres.f90:5892,no,yes,no,no,
pressure,GLOBMAT_SOLVER::PRESSURE_SOLVER_CHECK_RESIDUALS_U,pres.f90,ITERATE_BAROCLINIC_TERM,module_global,GLOBAL_CONSTANTS,runtime_scalar,R,pres.f90:5970,no,yes,no,no,
pressure,GLOBMAT_SOLVER::PRESSURE_SOLVER_CHECK_RESIDUALS_U,pres.f90,N_ZONE,module_global,GLOBAL_CONSTANTS,runtime_scalar,R,pres.f90:5896,no,yes,no,no,
pressure,GLOBMAT_SOLVER::PRESSURE_SOLVER_CHECK_RESIDUALS_U,pres.f90,PREDICTOR,module_global,GLOBAL_CONSTANTS,runtime_scalar,R,pres.f90:5907,no,yes,no,no,
pressure,GLOBMAT_SOLVER::PRESSURE_SOLVER_CHECK_RESIDUALS_U,pres.f90,PRESSURE_ERROR_MAX,module_global,GLOBAL_CONSTANTS,runtime_array,W,pres.f90:6027,no,yes,no,no,
pressure,GLOBMAT_SOLVER::PRESSURE_SOLVER_CHECK_RESIDUALS_U,pres.f90,PRESSURE_ERROR_MAX_LOC,module_global,GLOBAL_CONSTANTS,runtime_array,W,pres.f90:6028,no,yes,no,no,
pressure,GLOBMAT_SOLVER::PRESSURE_SOLVER_CHECK_RESIDUALS_U,pres.f90,PRES_FLAG,module_global,GLOBAL_CONSTANTS,runtime_scalar,R,pres.f90:5895,no,yes,no,no,
pressure,GLOBMAT_SOLVER::PRESSURE_SOLVER_CHECK_RESIDUALS_U,pres.f90,SOLID_PHASE_ONLY,module_global,GLOBAL_CONSTANTS,runtime_scalar,R,pres.f90:5891,no,yes,no,no,
pressure,GLOBMAT_SOLVER::PRESSURE_SOLVER_CHECK_RESIDUALS_U,pres.f90,STORE_PRESSURE_POISSON_RESIDUAL,module_global,GLOBAL_CONSTANTS,runtime_scalar,R,pres.f90:6029,no,yes,no,no,
pressure,GLOBMAT_SOLVER::PRESSURE_SOLVER_CHECK_RESIDUALS_U,pres.f90,T_USED,module_global,GLOBAL_CONSTANTS,runtime_array,RW,pres.f90:5899,no,yes,no,no,
pressure,GLOBMAT_SOLVER::PRESSURE_SOLVER_CHECK_RESIDUALS_U,pres.f90,TNOW,module_global,GLOBMAT_SOLVER,runtime_scalar,RW,pres.f90:5894,no,yes,no,no,
pressure,GLOBMAT_SOLVER::PRESSURE_SOLVER_CHECK_RESIDUALS_U,pres.f90,CCVAR,mesh_field,MESH_TYPE,wall_obst_cutcell,R,pres.f90:5926,no,yes,no,no,via=ptr
pressure,GLOBMAT_SOLVER::PRESSURE_SOLVER_CHECK_RESIDUALS_U,pres.f90,CELL,mesh_field,MESH_TYPE,wall_obst_cutcell,R,pres.f90:5923,no,yes,no,no,via=ptr
pressure,GLOBMAT_SOLVER::PRESSURE_SOLVER_CHECK_RESIDUALS_U,pres.f90,CELL_INDEX,mesh_field,MESH_TYPE,wall_obst_cutcell,R,pres.f90:5923,no,yes,no,no,via=ptr
pressure,GLOBMAT_SOLVER::PRESSURE_SOLVER_CHECK_RESIDUALS_U,pres.f90,DDDT,mesh_field,MESH_TYPE,cell_centred_solution,R,pres.f90:5954,no,yes,no,no,via=ptr
pressure,GLOBMAT_SOLVER::PRESSURE_SOLVER_CHECK_RESIDUALS_U,pres.f90,FCVAR,mesh_field,MESH_TYPE,wall_obst_cutcell,R,pres.f90:5936,no,yes,no,no,via=ptr
pressure,GLOBMAT_SOLVER::PRESSURE_SOLVER_CHECK_RESIDUALS_U,pres.f90,FVX,mesh_field,MESH_TYPE,face_centred_flux,R,pres.f90:5951,no,yes,no,no,via=ptr
pressure,GLOBMAT_SOLVER::PRESSURE_SOLVER_CHECK_RESIDUALS_U,pres.f90,FVX_B,mesh_field,MESH_TYPE,face_centred_flux,R,pres.f90:6007,no,yes,no,no,via=ptr
pressure,GLOBMAT_SOLVER::PRESSURE_SOLVER_CHECK_RESIDUALS_U,pres.f90,FVY,mesh_field,MESH_TYPE,face_centred_flux,R,pres.f90:5952,no,yes,no,no,via=ptr
pressure,GLOBMAT_SOLVER::PRESSURE_SOLVER_CHECK_RESIDUALS_U,pres.f90,FVY_B,mesh_field,MESH_TYPE,face_centred_flux,R,pres.f90:6008,no,yes,no,no,via=ptr
pressure,GLOBMAT_SOLVER::PRESSURE_SOLVER_CHECK_RESIDUALS_U,pres.f90,FVZ,mesh_field,MESH_TYPE,face_centred_flux,R,pres.f90:5953,no,yes,no,no,via=ptr
pressure,GLOBMAT_SOLVER::PRESSURE_SOLVER_CHECK_RESIDUALS_U,pres.f90,FVZ_B,mesh_field,MESH_TYPE,face_centred_flux,R,pres.f90:6009,no,yes,no,no,via=ptr
pressure,GLOBMAT_SOLVER::PRESSURE_SOLVER_CHECK_RESIDUALS_U,pres.f90,H,mesh_field,MESH_TYPE,cell_centred_solution,R,pres.f90:5908,no,yes,no,no,via=alias:HP|ptr
pressure,GLOBMAT_SOLVER::PRESSURE_SOLVER_CHECK_RESIDUALS_U,pres.f90,HS,mesh_field,MESH_TYPE,cell_centred_solution,R,pres.f90:5911,no,yes,no,no,via=alias:HP|ptr
pressure,GLOBMAT_SOLVER::PRESSURE_SOLVER_CHECK_RESIDUALS_U,pres.f90,IBAR,mesh_field,MESH_TYPE,grid_geometry,R,pres.f90:5918,no,yes,no,no,via=alias:RESIDUAL|ptr
pressure,GLOBMAT_SOLVER::PRESSURE_SOLVER_CHECK_RESIDUALS_U,pres.f90,IBP1,mesh_field,MESH_TYPE,grid_geometry,R,pres.f90:5972,no,yes,no,no,via=ptr
pressure,GLOBMAT_SOLVER::PRESSURE_SOLVER_CHECK_RESIDUALS_U,pres.f90,JBAR,mesh_field,MESH_TYPE,grid_geometry,R,pres.f90:5918,no,yes,no,no,via=alias:RESIDUAL|ptr
pressure,GLOBMAT_SOLVER::PRESSURE_SOLVER_CHECK_RESIDUALS_U,pres.f90,JBP1,mesh_field,MESH_TYPE,grid_geometry,R,pres.f90:5972,no,yes,no,no,via=ptr
pressure,GLOBMAT_SOLVER::PRESSURE_SOLVER_CHECK_RESIDUALS_U,pres.f90,KBAR,mesh_field,MESH_TYPE,grid_geometry,R,pres.f90:5918,no,yes,no,no,via=alias:RESIDUAL|ptr
pressure,GLOBMAT_SOLVER::PRESSURE_SOLVER_CHECK_RESIDUALS_U,pres.f90,KBP1,mesh_field,MESH_TYPE,grid_geometry,R,pres.f90:5972,no,yes,no,no,via=ptr
pressure,GLOBMAT_SOLVER::PRESSURE_SOLVER_CHECK_RESIDUALS_U,pres.f90,KRES,mesh_field,MESH_TYPE,cell_centred_solution,R,pres.f90:5972,no,yes,no,no,via=ptr
pressure,GLOBMAT_SOLVER::PRESSURE_SOLVER_CHECK_RESIDUALS_U,pres.f90,POIS_ERR,mesh_field,MESH_TYPE,pressure_solver,W,pres.f90:5964,no,yes,no,no,via=ptr
pressure,GLOBMAT_SOLVER::PRESSURE_SOLVER_CHECK_RESIDUALS_U,pres.f90,PP_RESIDUAL,mesh_field,MESH_TYPE,other,W,pres.f90:6029,no,yes,no,no,via=ptr
pressure,GLOBMAT_SOLVER::PRESSURE_SOLVER_CHECK_RESIDUALS_U,pres.f90,R,mesh_field,MESH_TYPE,grid_geometry,R,pres.f90:5951,no,yes,no,no,via=ptr
pressure,GLOBMAT_SOLVER::PRESSURE_SOLVER_CHECK_RESIDUALS_U,pres.f90,RDX,mesh_field,MESH_TYPE,grid_geometry,R,pres.f90:5951,no,yes,no,no,via=ptr
pressure,GLOBMAT_SOLVER::PRESSURE_SOLVER_CHECK_RESIDUALS_U,pres.f90,RDXN,mesh_field,MESH_TYPE,grid_geometry,R,pres.f90:5955,no,yes,no,no,via=ptr
pressure,GLOBMAT_SOLVER::PRESSURE_SOLVER_CHECK_RESIDUALS_U,pres.f90,RDY,mesh_field,MESH_TYPE,grid_geometry,R,pres.f90:5952,no,yes,no,no,via=ptr
pressure,GLOBMAT_SOLVER::PRESSURE_SOLVER_CHECK_RESIDUALS_U,pres.f90,RDYN,mesh_field,MESH_TYPE,grid_geometry,R,pres.f90:5957,no,yes,no,no,via=ptr
pressure,GLOBMAT_SOLVER::PRESSURE_SOLVER_CHECK_RESIDUALS_U,pres.f90,RDZ,mesh_field,MESH_TYPE,grid_geometry,R,pres.f90:5953,no,yes,no,no,via=ptr
pressure,GLOBMAT_SOLVER::PRESSURE_SOLVER_CHECK_RESIDUALS_U,pres.f90,RDZN,mesh_field,MESH_TYPE,grid_geometry,R,pres.f90:5958,no,yes,no,no,via=ptr
pressure,GLOBMAT_SOLVER::PRESSURE_SOLVER_CHECK_RESIDUALS_U,pres.f90,RHO,mesh_field,MESH_TYPE,cell_centred_solution,R,pres.f90:5909,no,yes,no,no,via=alias:RHOP|ptr
pressure,GLOBMAT_SOLVER::PRESSURE_SOLVER_CHECK_RESIDUALS_U,pres.f90,RHOS,mesh_field,MESH_TYPE,cell_centred_solution,R,pres.f90:5912,no,yes,no,no,via=alias:RHOP|ptr
pressure,GLOBMAT_SOLVER::PRESSURE_SOLVER_CHECK_RESIDUALS_U,pres.f90,RRN,mesh_field,MESH_TYPE,grid_geometry,R,pres.f90:5951,no,yes,no,no,via=ptr
pressure,GLOBMAT_SOLVER::PRESSURE_SOLVER_CHECK_RESIDUALS_U,pres.f90,WALL,mesh_field,MESH_TYPE,wall_obst_cutcell,R,pres.f90:5945,no,yes,no,no,via=ptr
pressure,GLOBMAT_SOLVER::PRESSURE_SOLVER_CHECK_RESIDUALS_U,pres.f90,WORK7,mesh_field,MESH_TYPE,scratch_work,RW,pres.f90:5971,no,yes,no,no,via=alias:P|ptr
pressure,GLOBMAT_SOLVER::PRESSURE_SOLVER_CHECK_RESIDUALS_U,pres.f90,WORK8,mesh_field,MESH_TYPE,scratch_work,RW,pres.f90:5918,no,yes,no,no,via=alias:RESIDUAL|ptr
pressure,GLOBMAT_SOLVER::PRESSURE_SOLVER_CHECK_RESIDUALS_U,pres.f90,ZONE_MESH,mesh_field,MESH_TYPE,pressure_solver,R,pres.f90:5897,no,yes,no,no,via=MESHES
pressure,GLOBMAT_SOLVER::REG_INTERP_WALL_DISTANCES,pres.f90,CC_IBM,module_global,GLOBAL_CONSTANTS,runtime_scalar,R,pres.f90:3255,yes,no,no,no,
pressure,GLOBMAT_SOLVER::REG_INTERP_WALL_DISTANCES,pres.f90,CCVAR,mesh_field,MESH_TYPE,wall_obst_cutcell,R,pres.f90:3256,yes,no,no,no,via=M2
pressure,GLOBMAT_SOLVER::REG_INTERP_WALL_DISTANCES,pres.f90,CUT_CELL,mesh_field,MESH_TYPE,wall_obst_cutcell,R,pres.f90:3257,yes,no,no,no,via=M2
pressure,GLOBMAT_SOLVER::REG_INTERP_WALL_DISTANCES,pres.f90,X,mesh_field,MESH_TYPE,grid_geometry,R,pres.f90:3251,yes,no,no,no,via=M2|ptr
pressure,GLOBMAT_SOLVER::REG_INTERP_WALL_DISTANCES,pres.f90,XC,mesh_field,MESH_TYPE,grid_geometry,R,pres.f90:3251,yes,no,no,no,via=M2|ptr
pressure,GLOBMAT_SOLVER::REG_INTERP_WALL_DISTANCES,pres.f90,Y,mesh_field,MESH_TYPE,grid_geometry,R,pres.f90:3252,yes,no,no,no,via=M2|ptr
pressure,GLOBMAT_SOLVER::REG_INTERP_WALL_DISTANCES,pres.f90,YC,mesh_field,MESH_TYPE,grid_geometry,R,pres.f90:3252,yes,no,no,no,via=M2|ptr
pressure,GLOBMAT_SOLVER::REG_INTERP_WALL_DISTANCES,pres.f90,Z,mesh_field,MESH_TYPE,grid_geometry,R,pres.f90:3253,yes,no,no,no,via=M2|ptr
pressure,GLOBMAT_SOLVER::REG_INTERP_WALL_DISTANCES,pres.f90,ZC,mesh_field,MESH_TYPE,grid_geometry,R,pres.f90:3253,yes,no,no,no,via=M2|ptr
pressure,GLOBMAT_SOLVER::RESTORE_HS_AFTER_SETUP,pres.f90,LOWER_MESH_INDEX,module_global,GLOBAL_CONSTANTS,runtime_scalar,R,pres.f90:3280,no,no,no,no,
pressure,GLOBMAT_SOLVER::RESTORE_HS_AFTER_SETUP,pres.f90,UPPER_MESH_INDEX,module_global,GLOBAL_CONSTANTS,runtime_scalar,R,pres.f90:3280,no,no,no,no,
pressure,GLOBMAT_SOLVER::RESTORE_HS_AFTER_SETUP,pres.f90,H_RESTORE_MESHES,module_global,GLOBMAT_SOLVER,runtime_array,R,pres.f90:3281,no,no,no,no,
pressure,GLOBMAT_SOLVER::RESTORE_HS_AFTER_SETUP,pres.f90,HS,mesh_field,MESH_TYPE,cell_centred_solution,W,pres.f90:3281,no,no,no,no,via=MESHES
pressure,GLOBMAT_SOLVER::SAVE_HS_FOR_SETUP,pres.f90,LOWER_MESH_INDEX,module_global,GLOBAL_CONSTANTS,runtime_scalar,R,pres.f90:3267,no,yes,no,no,
pressure,GLOBMAT_SOLVER::SAVE_HS_FOR_SETUP,pres.f90,UPPER_MESH_INDEX,module_global,GLOBAL_CONSTANTS,runtime_scalar,R,pres.f90:3267,no,yes,no,no,
pressure,GLOBMAT_SOLVER::SAVE_HS_FOR_SETUP,pres.f90,H_RESTORE_MESHES,module_global,GLOBMAT_SOLVER,runtime_array,RW,pres.f90:3267,no,yes,no,no,
pressure,GLOBMAT_SOLVER::SAVE_HS_FOR_SETUP,pres.f90,HS,mesh_field,MESH_TYPE,cell_centred_solution,R,pres.f90:3272,no,yes,no,no,via=MESHES
pressure,GLOBMAT_SOLVER::SET_CCVAR_CGSC_H,pres.f90,CC_IBM,module_global,GLOBAL_CONSTANTS,runtime_scalar,R,pres.f90:5824,no,yes,no,no,
pressure,GLOBMAT_SOLVER::SET_CCVAR_CGSC_H,pres.f90,LOWER_MESH_INDEX,module_global,GLOBAL_CONSTANTS,runtime_scalar,R,pres.f90:5825,no,yes,no,no,
pressure,GLOBMAT_SOLVER::SET_CCVAR_CGSC_H,pres.f90,UPPER_MESH_INDEX,module_global,GLOBAL_CONSTANTS,runtime_scalar,R,pres.f90:5825,no,yes,no,no,
pressure,GLOBMAT_SOLVER::SET_CCVAR_CGSC_H,pres.f90,CGSC,module_global,GLOBMAT_SOLVER,runtime_scalar,R,pres.f90:5853,no,yes,no,no,
pressure,GLOBMAT_SOLVER::SET_CCVAR_CGSC_H,pres.f90,IHI_CELL,module_global,GLOBMAT_SOLVER,runtime_scalar,RW,pres.f90:5831,no,yes,no,no,
pressure,GLOBMAT_SOLVER::SET_CCVAR_CGSC_H,pres.f90,IHI_FACE,module_global,GLOBMAT_SOLVER,runtime_scalar,RW,pres.f90:5829,no,yes,no,no,
pressure,GLOBMAT_SOLVER::SET_CCVAR_CGSC_H,pres.f90,ILO_CELL,module_global,GLOBMAT_SOLVER,runtime_scalar,RW,pres.f90:5830,no,yes,no,no,
pressure,GLOBMAT_SOLVER::SET_CCVAR_CGSC_H,pres.f90,ILO_FACE,module_global,GLOBMAT_SOLVER,runtime_scalar,RW,pres.f90:5828,no,yes,no,no,
pressure,GLOBMAT_SOLVER::SET_CCVAR_CGSC_H,pres.f90,JHI_CELL,module_global,GLOBMAT_SOLVER,runtime_scalar,RW,pres.f90:5839,no,yes,no,no,
pressure,GLOBMAT_SOLVER::SET_CCVAR_CGSC_H,pres.f90,JHI_FACE,module_global,GLOBMAT_SOLVER,runtime_scalar,RW,pres.f90:5837,no,yes,no,no,
pressure,GLOBMAT_SOLVER::SET_CCVAR_CGSC_H,pres.f90,JLO_CELL,module_global,GLOBMAT_SOLVER,runtime_scalar,RW,pres.f90:5838,no,yes,no,no,
pressure,GLOBMAT_SOLVER::SET_CCVAR_CGSC_H,pres.f90,JLO_FACE,module_global,GLOBMAT_SOLVER,runtime_scalar,RW,pres.f90:5836,no,yes,no,no,
pressure,GLOBMAT_SOLVER::SET_CCVAR_CGSC_H,pres.f90,KHI_CELL,module_global,GLOBMAT_SOLVER,runtime_scalar,RW,pres.f90:5847,no,yes,no,no,
pressure,GLOBMAT_SOLVER::SET_CCVAR_CGSC_H,pres.f90,KHI_FACE,module_global,GLOBMAT_SOLVER,runtime_scalar,RW,pres.f90:5845,no,yes,no,no,
pressure,GLOBMAT_SOLVER::SET_CCVAR_CGSC_H,pres.f90,KLO_CELL,module_global,GLOBMAT_SOLVER,runtime_scalar,RW,pres.f90:5846,no,yes,no,no,
pressure,GLOBMAT_SOLVER::SET_CCVAR_CGSC_H,pres.f90,KLO_FACE,module_global,GLOBMAT_SOLVER,runtime_scalar,RW,pres.f90:5844,no,yes,no,no,
pressure,GLOBMAT_SOLVER::SET_CCVAR_CGSC_H,pres.f90,NCVARS,module_global,GLOBMAT_SOLVER,runtime_scalar,R,pres.f90:5852,no,yes,no,no,
pressure,GLOBMAT_SOLVER::SET_CCVAR_CGSC_H,pres.f90,CCVAR,mesh_field,MESH_TYPE,wall_obst_cutcell,W,pres.f90:5852,no,yes,no,no,via=MESHES|ptr
pressure,GLOBMAT_SOLVER::SET_CCVAR_CGSC_H,pres.f90,CELL,mesh_field,MESH_TYPE,wall_obst_cutcell,R,pres.f90:5866,no,yes,no,no,via=ptr
pressure,GLOBMAT_SOLVER::SET_CCVAR_CGSC_H,pres.f90,CELL_INDEX,mesh_field,MESH_TYPE,wall_obst_cutcell,R,pres.f90:5866,no,yes,no,no,via=ptr
pressure,GLOBMAT_SOLVER::SET_CCVAR_CGSC_H,pres.f90,IBAR,mesh_field,MESH_TYPE,grid_geometry,R,pres.f90:5829,no,yes,no,no,via=MESHES|ptr
pressure,GLOBMAT_SOLVER::SET_CCVAR_CGSC_H,pres.f90,JBAR,mesh_field,MESH_TYPE,grid_geometry,R,pres.f90:5837,no,yes,no,no,via=MESHES|ptr
pressure,GLOBMAT_SOLVER::SET_CCVAR_CGSC_H,pres.f90,KBAR,mesh_field,MESH_TYPE,grid_geometry,R,pres.f90:5845,no,yes,no,no,via=MESHES|ptr
pressure,GLOBMAT_SOLVER::SET_CLUSTER_SOLVER_IPARM,pres.f90,N_MPI_PROCESSES,module_global,GLOBAL_CONSTANTS,runtime_scalar,R,pres.f90:4888,no,yes,no,no,
pressure,GLOBMAT_SOLVER::SET_CLUSTER_SOLVER_IPARM,pres.f90,IPARM,module_global,GLOBMAT_SOLVER,runtime_array,W,pres.f90:4883,no,yes,no,no,
pressure,GLOBMAT_SOLVER::WRITE_EWC_TYPE_DIAGNOSTIC,pres.f90,LOWER_MESH_INDEX,module_global,GLOBAL_CONSTANTS,runtime_scalar,R,pres.f90:4287,yes,no,no,no,
pressure,GLOBMAT_SOLVER::WRITE_EWC_TYPE_DIAGNOSTIC,pres.f90,UPPER_MESH_INDEX,module_global,GLOBAL_CONSTANTS,runtime_scalar,R,pres.f90:4287,yes,no,no,no,
pressure,GLOBMAT_SOLVER::WRITE_EWC_TYPE_DIAGNOSTIC,pres.f90,BOUNDARY_COORD,mesh_field,MESH_TYPE,wall_obst_cutcell,R,pres.f90:4292,yes,no,no,no,via=alias:BC|ptr
pressure,GLOBMAT_SOLVER::WRITE_EWC_TYPE_DIAGNOSTIC,pres.f90,EXTERNAL_WALL,mesh_field,MESH_TYPE,ghost_boundary,R,pres.f90:4293,yes,no,no,no,via=alias:EWC|ptr
pressure,GLOBMAT_SOLVER::WRITE_EWC_TYPE_DIAGNOSTIC,pres.f90,N_EXTERNAL_WALL_CELLS,mesh_field,MESH_TYPE,ghost_boundary,R,pres.f90:4290,yes,no,no,no,via=ptr
pressure,GLOBMAT_SOLVER::WRITE_EWC_TYPE_DIAGNOSTIC,pres.f90,OMESH,mesh_field,MESH_TYPE,mpi_exchange,R,pres.f90:4316,yes,no,no,no,via=ptr
pressure,GLOBMAT_SOLVER::WRITE_EWC_TYPE_DIAGNOSTIC,pres.f90,WALL,mesh_field,MESH_TYPE,wall_obst_cutcell,R,pres.f90:4291,yes,no,no,no,via=alias:WC|ptr
pressure,GLOBMAT_SOLVER::WRITE_EWC_TYPE_DIAGNOSTIC,pres.f90,EWC_TYPE,mesh_field,OMESH_TYPE,mpi_exchange,R,pres.f90:4316,yes,no,no,no,via=OMESH
pressure,LOCMAT_SOLVER::ADD_INPLACE_NNZ_H,pres.f90,JD_H_MAT,module_global,LOCMAT_SOLVER,runtime_array,RW,pres.f90:2497,no,yes,no,no,
pressure,LOCMAT_SOLVER::ADD_INPLACE_NNZ_H,pres.f90,NNZ_H_MAT,module_global,LOCMAT_SOLVER,runtime_array,RW,pres.f90:2493,no,yes,no,no,
pressure,LOCMAT_SOLVER::FINISH_ULMAT_SOLVER,pres.f90,FREEZE_VELOCITY,module_global,GLOBAL_CONSTANTS,runtime_scalar,R,pres.f90:3082,no,no,no,no,
pressure,LOCMAT_SOLVER::FINISH_ULMAT_SOLVER,pres.f90,N_ZONE,module_global,GLOBAL_CONSTANTS,runtime_scalar,R,pres.f90:3094,no,no,no,no,
pressure,LOCMAT_SOLVER::FINISH_ULMAT_SOLVER,pres.f90,SOLID_PHASE_ONLY,module_global,GLOBAL_CONSTANTS,runtime_scalar,R,pres.f90:3082,no,no,no,no,
pressure,LOCMAT_SOLVER::FINISH_ULMAT_SOLVER,pres.f90,ULMAT_SOLVER_LIBRARY,module_global,GLOBAL_CONSTANTS,runtime_scalar,R,pres.f90:3100,no,no,no,no,
pressure,LOCMAT_SOLVER::FINISH_ULMAT_SOLVER,pres.f90,HYPRE_IERR,module_global,HYPRE_INTERFACE,runtime_scalar,RW,pres.f90:3117,no,no,no,no,arg_unknown
pressure,LOCMAT_SOLVER::FINISH_ULMAT_SOLVER,pres.f90,IPARM,module_global,LOCMAT_SOLVER,runtime_array,RW,pres.f90:3104,no,no,no,no,arg_unknown
pressure,LOCMAT_SOLVER::FINISH_ULMAT_SOLVER,pres.f90,ZONE_MESH,mesh_field,MESH_TYPE,pressure_solver,R,pres.f90:3095,no,no,no,no,via=alias:ZM|ptr
pressure,LOCMAT_SOLVER::ULMAT_BCS_H_MATRIX,pres.f90,CC_IBM,module_global,GLOBAL_CONSTANTS,runtime_scalar,R,pres.f90:2734,no,yes,no,no,
pressure,LOCMAT_SOLVER::ULMAT_BCS_H_MATRIX,pres.f90,CYL_FCT,module_global,LOCMAT_SOLVER,runtime_scalar,R,pres.f90:2745,no,yes,no,no,
pressure,LOCMAT_SOLVER::ULMAT_BCS_H_MATRIX,pres.f90,D_H_MAT,module_global,LOCMAT_SOLVER,runtime_array,RW,pres.f90:2776,no,yes,no,no,
pressure,LOCMAT_SOLVER::ULMAT_BCS_H_MATRIX,pres.f90,JD_H_MAT,module_global,LOCMAT_SOLVER,runtime_array,R,pres.f90:2770,no,yes,no,no,
pressure,LOCMAT_SOLVER::ULMAT_BCS_H_MATRIX,pres.f90,NNZ_H_MAT,module_global,LOCMAT_SOLVER,runtime_array,R,pres.f90:2769,no,yes,no,no,
pressure,LOCMAT_SOLVER::ULMAT_BCS_H_MATRIX,pres.f90,BOUNDARY_COORD,mesh_field,MESH_TYPE,wall_obst_cutcell,R,pres.f90:2728,no,yes,no,no,via=alias:BC|ptr
pressure,LOCMAT_SOLVER::ULMAT_BCS_H_MATRIX,pres.f90,CCVAR,mesh_field,MESH_TYPE,wall_obst_cutcell,R,pres.f90:2736,no,yes,no,no,via=ptr
pressure,LOCMAT_SOLVER::ULMAT_BCS_H_MATRIX,pres.f90,CUT_CELL,mesh_field,MESH_TYPE,wall_obst_cutcell,R,pres.f90:2738,no,yes,no,no,via=ptr
pressure,LOCMAT_SOLVER::ULMAT_BCS_H_MATRIX,pres.f90,DX,mesh_field,MESH_TYPE,grid_geometry,R,pres.f90:2749,no,yes,no,no,via=ptr
pressure,LOCMAT_SOLVER::ULMAT_BCS_H_MATRIX,pres.f90,DY,mesh_field,MESH_TYPE,grid_geometry,R,pres.f90:2745,no,yes,no,no,via=ptr
pressure,LOCMAT_SOLVER::ULMAT_BCS_H_MATRIX,pres.f90,DZ,mesh_field,MESH_TYPE,grid_geometry,R,pres.f90:2745,no,yes,no,no,via=ptr
pressure,LOCMAT_SOLVER::ULMAT_BCS_H_MATRIX,pres.f90,FCVAR,mesh_field,MESH_TYPE,wall_obst_cutcell,R,pres.f90:2758,no,yes,no,no,via=ptr
pressure,LOCMAT_SOLVER::ULMAT_BCS_H_MATRIX,pres.f90,MUNKH,mesh_field,MESH_TYPE,pressure_solver,R,pres.f90:2733,no,yes,no,no,via=ptr
pressure,LOCMAT_SOLVER::ULMAT_BCS_H_MATRIX,pres.f90,N_EXTERNAL_WALL_CELLS,mesh_field,MESH_TYPE,ghost_boundary,R,pres.f90:2723,no,yes,no,no,via=ptr
pressure,LOCMAT_SOLVER::ULMAT_BCS_H_MATRIX,pres.f90,N_INTERNAL_WALL_CELLS,mesh_field,MESH_TYPE,wall_obst_cutcell,R,pres.f90:2723,no,yes,no,no,via=ptr
pressure,LOCMAT_SOLVER::ULMAT_BCS_H_MATRIX,pres.f90,PRESSURE_ZONE,mesh_field,MESH_TYPE,pressure_solver,R,pres.f90:2730,no,yes,no,no,via=ptr
pressure,LOCMAT_SOLVER::ULMAT_BCS_H_MATRIX,pres.f90,R,mesh_field,MESH_TYPE,grid_geometry,R,pres.f90:2745,no,yes,no,no,via=ptr
pressure,LOCMAT_SOLVER::ULMAT_BCS_H_MATRIX,pres.f90,RC,mesh_field,MESH_TYPE,grid_geometry,R,pres.f90:2753,no,yes,no,no,via=ptr
pressure,LOCMAT_SOLVER::ULMAT_BCS_H_MATRIX,pres.f90,RC_FACE,mesh_field,MESH_TYPE,wall_obst_cutcell,R,pres.f90:2759,no,yes,no,no,via=ptr
pressure,LOCMAT_SOLVER::ULMAT_BCS_H_MATRIX,pres.f90,RDXN,mesh_field,MESH_TYPE,grid_geometry,R,pres.f90:2745,no,yes,no,no,via=ptr
pressure,LOCMAT_SOLVER::ULMAT_BCS_H_MATRIX,pres.f90,RDYN,mesh_field,MESH_TYPE,grid_geometry,R,pres.f90:2749,no,yes,no,no,via=ptr
pressure,LOCMAT_SOLVER::ULMAT_BCS_H_MATRIX,pres.f90,RDZN,mesh_field,MESH_TYPE,grid_geometry,R,pres.f90:2753,no,yes,no,no,via=ptr
pressure,LOCMAT_SOLVER::ULMAT_BCS_H_MATRIX,pres.f90,WALL,mesh_field,MESH_TYPE,wall_obst_cutcell,R,pres.f90:2724,no,yes,no,no,via=alias:WC|ptr
pressure,LOCMAT_SOLVER::ULMAT_BCS_H_MATRIX,pres.f90,ZONE_MESH,mesh_field,MESH_TYPE,pressure_solver,RW,pres.f90:2718,no,yes,no,no,via=alias:ZM|ptr
pressure,LOCMAT_SOLVER::ULMAT_DEFINE_IPARM,pres.f90,IPARM,module_global,LOCMAT_SOLVER,runtime_array,W,pres.f90:2798,no,yes,no,no,
pressure,LOCMAT_SOLVER::ULMAT_GET_H_REGFACES,pres.f90,CC_IBM,module_global,GLOBAL_CONSTANTS,runtime_scalar,R,pres.f90:2138,no,no,no,no,
pressure,LOCMAT_SOLVER::ULMAT_GET_H_REGFACES,pres.f90,BOUNDARY_COORD,mesh_field,MESH_TYPE,wall_obst_cutcell,R,pres.f90:2034,no,no,no,no,via=alias:BC|ptr
pressure,LOCMAT_SOLVER::ULMAT_GET_H_REGFACES,pres.f90,IBAR,mesh_field,MESH_TYPE,grid_geometry,R,pres.f90:2026,no,no,no,no,via=ptr
pressure,LOCMAT_SOLVER::ULMAT_GET_H_REGFACES,pres.f90,JBAR,mesh_field,MESH_TYPE,grid_geometry,R,pres.f90:2026,no,no,no,no,via=ptr
pressure,LOCMAT_SOLVER::ULMAT_GET_H_REGFACES,pres.f90,KBAR,mesh_field,MESH_TYPE,grid_geometry,R,pres.f90:2026,no,no,no,no,via=ptr
pressure,LOCMAT_SOLVER::ULMAT_GET_H_REGFACES,pres.f90,MUNKH,mesh_field,MESH_TYPE,pressure_solver,R,pres.f90:2063,no,no,no,no,via=ptr
pressure,LOCMAT_SOLVER::ULMAT_GET_H_REGFACES,pres.f90,NREGFACE_H,mesh_field,MESH_TYPE,wall_obst_cutcell,W,pres.f90:2070,no,no,no,no,via=M
pressure,LOCMAT_SOLVER::ULMAT_GET_H_REGFACES,pres.f90,N_EXTERNAL_WALL_CELLS,mesh_field,MESH_TYPE,ghost_boundary,R,pres.f90:2031,no,no,no,no,via=ptr
pressure,LOCMAT_SOLVER::ULMAT_GET_H_REGFACES,pres.f90,N_INTERNAL_WALL_CELLS,mesh_field,MESH_TYPE,wall_obst_cutcell,R,pres.f90:2031,no,no,no,no,via=ptr
pressure,LOCMAT_SOLVER::ULMAT_GET_H_REGFACES,pres.f90,PRESSURE_ZONE,mesh_field,MESH_TYPE,pressure_solver,R,pres.f90:2060,no,no,no,no,via=alias:ZM1|alias:ZM2|ptr
pressure,LOCMAT_SOLVER::ULMAT_GET_H_REGFACES,pres.f90,REGFACE_IAXIS_H,mesh_field,MESH_TYPE,wall_obst_cutcell,RW,pres.f90:2071,no,no,no,no,via=M|ptr
pressure,LOCMAT_SOLVER::ULMAT_GET_H_REGFACES,pres.f90,REGFACE_JAXIS_H,mesh_field,MESH_TYPE,wall_obst_cutcell,RW,pres.f90:2100,no,no,no,no,via=M|ptr
pressure,LOCMAT_SOLVER::ULMAT_GET_H_REGFACES,pres.f90,REGFACE_KAXIS_H,mesh_field,MESH_TYPE,wall_obst_cutcell,RW,pres.f90:2130,no,no,no,no,via=M|ptr
pressure,LOCMAT_SOLVER::ULMAT_GET_H_REGFACES,pres.f90,WALL,mesh_field,MESH_TYPE,wall_obst_cutcell,R,pres.f90:2032,no,no,no,no,via=alias:WC|ptr
pressure,LOCMAT_SOLVER::ULMAT_GET_H_REGFACES,pres.f90,ZONE_MESH,mesh_field,MESH_TYPE,pressure_solver,R,pres.f90:2060,no,no,no,no,via=M|alias:ZM1|alias:ZM2
pressure,LOCMAT_SOLVER::ULMAT_H_MATRIX,pres.f90,CC_IBM,module_global,GLOBAL_CONSTANTS,runtime_scalar,R,pres.f90:2615,no,yes,no,no,
pressure,LOCMAT_SOLVER::ULMAT_H_MATRIX,pres.f90,CYLINDRICAL,module_global,GLOBAL_CONSTANTS,runtime_scalar,R,pres.f90:2588,no,yes,no,no,
pressure,LOCMAT_SOLVER::ULMAT_H_MATRIX,pres.f90,D_H_MAT,module_global,LOCMAT_SOLVER,runtime_array,RW,pres.f90:2541,no,yes,no,no,
pressure,LOCMAT_SOLVER::ULMAT_H_MATRIX,pres.f90,CC_NRCFACE_H,mesh_field,MESH_TYPE,wall_obst_cutcell,R,pres.f90:2617,no,yes,no,no,via=MESHES
pressure,LOCMAT_SOLVER::ULMAT_H_MATRIX,pres.f90,CUT_FACE,mesh_field,MESH_TYPE,wall_obst_cutcell,R,pres.f90:2656,no,yes,no,no,via=MESHES|ptr
pressure,LOCMAT_SOLVER::ULMAT_H_MATRIX,pres.f90,DX,mesh_field,MESH_TYPE,grid_geometry,R,pres.f90:2565,no,yes,no,no,via=alias:DX2|ptr
pressure,LOCMAT_SOLVER::ULMAT_H_MATRIX,pres.f90,DXN,mesh_field,MESH_TYPE,grid_geometry,R,pres.f90:2554,no,yes,no,no,via=ptr
pressure,LOCMAT_SOLVER::ULMAT_H_MATRIX,pres.f90,DY,mesh_field,MESH_TYPE,grid_geometry,R,pres.f90:2555,no,yes,no,no,via=alias:DX3|ptr
pressure,LOCMAT_SOLVER::ULMAT_H_MATRIX,pres.f90,DYN,mesh_field,MESH_TYPE,grid_geometry,R,pres.f90:2563,no,yes,no,no,via=ptr
pressure,LOCMAT_SOLVER::ULMAT_H_MATRIX,pres.f90,DZ,mesh_field,MESH_TYPE,grid_geometry,R,pres.f90:2556,no,yes,no,no,via=ptr
pressure,LOCMAT_SOLVER::ULMAT_H_MATRIX,pres.f90,DZN,mesh_field,MESH_TYPE,grid_geometry,R,pres.f90:2572,no,yes,no,no,via=alias:DX1|ptr
pressure,LOCMAT_SOLVER::ULMAT_H_MATRIX,pres.f90,IBAR,mesh_field,MESH_TYPE,grid_geometry,R,pres.f90:2552,no,yes,no,no,via=ptr
pressure,LOCMAT_SOLVER::ULMAT_H_MATRIX,pres.f90,JBAR,mesh_field,MESH_TYPE,grid_geometry,R,pres.f90:2561,no,yes,no,no,via=ptr
pressure,LOCMAT_SOLVER::ULMAT_H_MATRIX,pres.f90,KBAR,mesh_field,MESH_TYPE,grid_geometry,R,pres.f90:2570,no,yes,no,no,via=ptr
pressure,LOCMAT_SOLVER::ULMAT_H_MATRIX,pres.f90,MUNKH,mesh_field,MESH_TYPE,pressure_solver,R,pres.f90:2585,no,yes,no,no,via=ptr
pressure,LOCMAT_SOLVER::ULMAT_H_MATRIX,pres.f90,NREGFACE_H,mesh_field,MESH_TYPE,wall_obst_cutcell,R,pres.f90:2546,no,yes,no,no,via=MESHES
pressure,LOCMAT_SOLVER::ULMAT_H_MATRIX,pres.f90,N_CUTFACE_MESH,mesh_field,MESH_TYPE,wall_obst_cutcell,R,pres.f90:2655,no,yes,no,no,via=MESHES
pressure,LOCMAT_SOLVER::ULMAT_H_MATRIX,pres.f90,R,mesh_field,MESH_TYPE,grid_geometry,R,pres.f90:2590,no,yes,no,no,via=ptr
pressure,LOCMAT_SOLVER::ULMAT_H_MATRIX,pres.f90,RC,mesh_field,MESH_TYPE,grid_geometry,R,pres.f90:2591,no,yes,no,no,via=ptr
pressure,LOCMAT_SOLVER::ULMAT_H_MATRIX,pres.f90,RCF_H,mesh_field,MESH_TYPE,wall_obst_cutcell,R,pres.f90:2618,no,yes,no,no,via=MESHES|alias:RCF
pressure,LOCMAT_SOLVER::ULMAT_H_MATRIX,pres.f90,RC_FACE,mesh_field,MESH_TYPE,wall_obst_cutcell,R,pres.f90:2618,no,yes,no,no,via=alias:RCF|ptr
pressure,LOCMAT_SOLVER::ULMAT_H_MATRIX,pres.f90,REGFACE_IAXIS_H,mesh_field,MESH_TYPE,wall_obst_cutcell,R,pres.f90:2549,no,yes,no,no,via=MESHES
pressure,LOCMAT_SOLVER::ULMAT_H_MATRIX,pres.f90,REGFACE_JAXIS_H,mesh_field,MESH_TYPE,wall_obst_cutcell,R,pres.f90:2558,no,yes,no,no,via=MESHES
pressure,LOCMAT_SOLVER::ULMAT_H_MATRIX,pres.f90,REGFACE_KAXIS_H,mesh_field,MESH_TYPE,wall_obst_cutcell,R,pres.f90:2567,no,yes,no,no,via=MESHES|alias:REGFACE_H
pressure,LOCMAT_SOLVER::ULMAT_H_MATRIX,pres.f90,ZONE_MESH,mesh_field,MESH_TYPE,pressure_solver,R,pres.f90:2537,no,yes,no,no,via=alias:ZM|ptr
pressure,LOCMAT_SOLVER::ULMAT_H_MATRIX_SOLVER_SETUP,pres.f90,CHECK_POISSON,module_global,GLOBAL_CONSTANTS,runtime_scalar,R,pres.f90:2849,no,yes,no,no,
pressure,LOCMAT_SOLVER::ULMAT_H_MATRIX_SOLVER_SETUP,pres.f90,HYPRE_DEVICE_RUN,module_global,GLOBAL_CONSTANTS,runtime_scalar,R,pres.f90:3012,no,yes,no,no,
pressure,LOCMAT_SOLVER::ULMAT_H_MATRIX_SOLVER_SETUP,pres.f90,LU_ERR,module_global,GLOBAL_CONSTANTS,runtime_scalar,R,pres.f90:2920,no,yes,no,no,
pressure,LOCMAT_SOLVER::ULMAT_H_MATRIX_SOLVER_SETUP,pres.f90,MY_RANK,module_global,GLOBAL_CONSTANTS,runtime_scalar,R,pres.f90:2919,no,yes,no,no,
pressure,LOCMAT_SOLVER::ULMAT_H_MATRIX_SOLVER_SETUP,pres.f90,STOP_STATUS,module_global,GLOBAL_CONSTANTS,runtime_scalar,W,pres.f90:2924,no,yes,no,no,
pressure,LOCMAT_SOLVER::ULMAT_H_MATRIX_SOLVER_SETUP,pres.f90,ULMAT_SOLVER_LIBRARY,module_global,GLOBAL_CONSTANTS,runtime_scalar,R,pres.f90:2862,no,yes,no,no,
pressure,LOCMAT_SOLVER::ULMAT_H_MATRIX_SOLVER_SETUP,pres.f90,HYPRE_IERR,module_global,HYPRE_INTERFACE,runtime_scalar,RW,pres.f90:2962,no,yes,no,no,arg_unknown
pressure,LOCMAT_SOLVER::ULMAT_H_MATRIX_SOLVER_SETUP,pres.f90,D_H_MAT,module_global,LOCMAT_SOLVER,runtime_array,RW,pres.f90:2879,no,yes,no,no,arg_unknown
pressure,LOCMAT_SOLVER::ULMAT_H_MATRIX_SOLVER_SETUP,pres.f90,IPARM,module_global,LOCMAT_SOLVER,runtime_array,RW,pres.f90:2916,no,yes,no,no,arg_unknown
pressure,LOCMAT_SOLVER::ULMAT_H_MATRIX_SOLVER_SETUP,pres.f90,JD_H_MAT,module_global,LOCMAT_SOLVER,runtime_array,RW,pres.f90:2877,no,yes,no,no,arg_unknown
pressure,LOCMAT_SOLVER::ULMAT_H_MATRIX_SOLVER_SETUP,pres.f90,MSGLVL,module_global,LOCMAT_SOLVER,runtime_scalar,RW,pres.f90:2849,no,yes,no,no,arg_unknown
pressure,LOCMAT_SOLVER::ULMAT_H_MATRIX_SOLVER_SETUP,pres.f90,NNZ_H_MAT,module_global,LOCMAT_SOLVER,runtime_array,RW,pres.f90:2855,no,yes,no,no,arg_unknown
pressure,LOCMAT_SOLVER::ULMAT_H_MATRIX_SOLVER_SETUP,pres.f90,ZONE_MESH,mesh_field,MESH_TYPE,pressure_solver,RW,pres.f90:2842,no,yes,no,no,via=alias:ZM|ptr
pressure,LOCMAT_SOLVER::ULMAT_MATRIXGRAPH_H,pres.f90,CC_IBM,module_global,GLOBAL_CONSTANTS,runtime_scalar,R,pres.f90:2250,no,yes,no,no,
pressure,LOCMAT_SOLVER::ULMAT_MATRIXGRAPH_H,pres.f90,JD_H_MAT,module_global,LOCMAT_SOLVER,runtime_array,RW,pres.f90:2171,no,yes,no,no,
pressure,LOCMAT_SOLVER::ULMAT_MATRIXGRAPH_H,pres.f90,NNZ_H_MAT,module_global,LOCMAT_SOLVER,runtime_array,RW,pres.f90:2168,no,yes,no,no,
pressure,LOCMAT_SOLVER::ULMAT_MATRIXGRAPH_H,pres.f90,BOUNDARY_COORD,mesh_field,MESH_TYPE,wall_obst_cutcell,R,pres.f90:2244,no,yes,no,no,via=alias:BC|ptr
pressure,LOCMAT_SOLVER::ULMAT_MATRIXGRAPH_H,pres.f90,CCVAR,mesh_field,MESH_TYPE,wall_obst_cutcell,R,pres.f90:2252,no,yes,no,no,via=ptr
pressure,LOCMAT_SOLVER::ULMAT_MATRIXGRAPH_H,pres.f90,CC_NRCFACE_H,mesh_field,MESH_TYPE,wall_obst_cutcell,R,pres.f90:2191,no,yes,no,no,via=MESHES
pressure,LOCMAT_SOLVER::ULMAT_MATRIXGRAPH_H,pres.f90,CUT_CELL,mesh_field,MESH_TYPE,wall_obst_cutcell,R,pres.f90:2254,no,yes,no,no,via=ptr
pressure,LOCMAT_SOLVER::ULMAT_MATRIXGRAPH_H,pres.f90,CUT_FACE,mesh_field,MESH_TYPE,wall_obst_cutcell,RW,pres.f90:2199,no,yes,no,no,via=ptr
pressure,LOCMAT_SOLVER::ULMAT_MATRIXGRAPH_H,pres.f90,IBAR,mesh_field,MESH_TYPE,grid_geometry,R,pres.f90:2214,no,yes,no,no,via=ptr
pressure,LOCMAT_SOLVER::ULMAT_MATRIXGRAPH_H,pres.f90,JBAR,mesh_field,MESH_TYPE,grid_geometry,R,pres.f90:2219,no,yes,no,no,via=ptr
pressure,LOCMAT_SOLVER::ULMAT_MATRIXGRAPH_H,pres.f90,KBAR,mesh_field,MESH_TYPE,grid_geometry,R,pres.f90:2224,no,yes,no,no,via=ptr
pressure,LOCMAT_SOLVER::ULMAT_MATRIXGRAPH_H,pres.f90,MUNKH,mesh_field,MESH_TYPE,pressure_solver,R,pres.f90:2233,no,yes,no,no,via=ptr
pressure,LOCMAT_SOLVER::ULMAT_MATRIXGRAPH_H,pres.f90,NREGFACE_H,mesh_field,MESH_TYPE,wall_obst_cutcell,R,pres.f90:2182,no,yes,no,no,via=MESHES
pressure,LOCMAT_SOLVER::ULMAT_MATRIXGRAPH_H,pres.f90,N_CUTFACE_MESH,mesh_field,MESH_TYPE,wall_obst_cutcell,R,pres.f90:2198,no,yes,no,no,via=MESHES
pressure,LOCMAT_SOLVER::ULMAT_MATRIXGRAPH_H,pres.f90,N_EXTERNAL_WALL_CELLS,mesh_field,MESH_TYPE,ghost_boundary,R,pres.f90:2242,no,yes,no,no,via=ptr
pressure,LOCMAT_SOLVER::ULMAT_MATRIXGRAPH_H,pres.f90,N_INTERNAL_WALL_CELLS,mesh_field,MESH_TYPE,wall_obst_cutcell,R,pres.f90:2365,no,yes,no,no,via=ptr
pressure,LOCMAT_SOLVER::ULMAT_MATRIXGRAPH_H,pres.f90,PRESSURE_ZONE,mesh_field,MESH_TYPE,pressure_solver,R,pres.f90:2186,no,yes,no,no,via=ptr
pressure,LOCMAT_SOLVER::ULMAT_MATRIXGRAPH_H,pres.f90,RCF_H,mesh_field,MESH_TYPE,wall_obst_cutcell,RW,pres.f90:2192,no,yes,no,no,via=MESHES|alias:RCF
pressure,LOCMAT_SOLVER::ULMAT_MATRIXGRAPH_H,pres.f90,RC_FACE,mesh_field,MESH_TYPE,wall_obst_cutcell,RW,pres.f90:2192,no,yes,no,no,via=alias:RCF|ptr
pressure,LOCMAT_SOLVER::ULMAT_MATRIXGRAPH_H,pres.f90,REGFACE_IAXIS_H,mesh_field,MESH_TYPE,wall_obst_cutcell,RW,pres.f90:2178,no,yes,no,no,via=MESHES|alias:REGFACE_H
pressure,LOCMAT_SOLVER::ULMAT_MATRIXGRAPH_H,pres.f90,REGFACE_JAXIS_H,mesh_field,MESH_TYPE,wall_obst_cutcell,RW,pres.f90:2179,no,yes,no,no,via=MESHES|alias:REGFACE_H
pressure,LOCMAT_SOLVER::ULMAT_MATRIXGRAPH_H,pres.f90,REGFACE_KAXIS_H,mesh_field,MESH_TYPE,wall_obst_cutcell,RW,pres.f90:2180,no,yes,no,no,via=MESHES|alias:REGFACE_H
pressure,LOCMAT_SOLVER::ULMAT_MATRIXGRAPH_H,pres.f90,WALL,mesh_field,MESH_TYPE,wall_obst_cutcell,RW,pres.f90:2243,no,yes,no,no,via=alias:WC|ptr
pressure,LOCMAT_SOLVER::ULMAT_MATRIXGRAPH_H,pres.f90,ZONE_MESH,mesh_field,MESH_TYPE,pressure_solver,R,pres.f90:2164,no,yes,no,no,via=alias:ZM|ptr
pressure,LOCMAT_SOLVER::ULMAT_SOLVER,pres.f90,CC_IBM,module_global,GLOBAL_CONSTANTS,runtime_scalar,R,pres.f90:1440,no,no,no,no,
pressure,LOCMAT_SOLVER::ULMAT_SOLVER,pres.f90,FREEZE_VELOCITY,module_global,GLOBAL_CONSTANTS,runtime_scalar,R,pres.f90:1436,no,no,no,no,
pressure,LOCMAT_SOLVER::ULMAT_SOLVER,pres.f90,N_ZONE,module_global,GLOBAL_CONSTANTS,runtime_scalar,R,pres.f90:1444,no,no,no,no,
pressure,LOCMAT_SOLVER::ULMAT_SOLVER,pres.f90,SOLID_PHASE_ONLY,module_global,GLOBAL_CONSTANTS,runtime_scalar,R,pres.f90:1436,no,no,no,no,
pressure,LOCMAT_SOLVER::ULMAT_SOLVER,pres.f90,ZONE_MESH,mesh_field,MESH_TYPE,pressure_solver,R,pres.f90:1446,no,no,no,no,via=alias:ZM|ptr
pressure,LOCMAT_SOLVER::ULMAT_SOLVER_SETUP,pres.f90,CC_IBM,module_global,GLOBAL_CONSTANTS,runtime_scalar,R,pres.f90:1331,no,yes,no,no,
pressure,LOCMAT_SOLVER::ULMAT_SOLVER_SETUP,pres.f90,CONNECTED_ZONES,module_global,GLOBAL_CONSTANTS,runtime_array,R,pres.f90:1213,no,yes,no,no,
pressure,LOCMAT_SOLVER::ULMAT_SOLVER_SETUP,pres.f90,CYLINDRICAL,module_global,GLOBAL_CONSTANTS,runtime_scalar,R,pres.f90:1191,no,yes,no,no,
pressure,LOCMAT_SOLVER::ULMAT_SOLVER_SETUP,pres.f90,FISHPAK_BC,module_global,GLOBAL_CONSTANTS,runtime_array,R,pres.f90:1275,no,yes,no,no,
pressure,LOCMAT_SOLVER::ULMAT_SOLVER_SETUP,pres.f90,FREEZE_VELOCITY,module_global,GLOBAL_CONSTANTS,runtime_scalar,R,pres.f90:1152,no,yes,no,no,
pressure,LOCMAT_SOLVER::ULMAT_SOLVER_SETUP,pres.f90,HYPRE_DEVICE_RUN,module_global,GLOBAL_CONSTANTS,runtime_scalar,R,pres.f90:1178,no,yes,no,no,
pressure,LOCMAT_SOLVER::ULMAT_SOLVER_SETUP,pres.f90,LU_ERR,module_global,GLOBAL_CONSTANTS,runtime_scalar,R,pres.f90:1159,no,yes,no,no,
pressure,LOCMAT_SOLVER::ULMAT_SOLVER_SETUP,pres.f90,MY_RANK,module_global,GLOBAL_CONSTANTS,runtime_scalar,R,pres.f90:1159,no,yes,no,no,
pressure,LOCMAT_SOLVER::ULMAT_SOLVER_SETUP,pres.f90,N_ZONE,module_global,GLOBAL_CONSTANTS,runtime_scalar,R,pres.f90:1205,no,yes,no,no,
pressure,LOCMAT_SOLVER::ULMAT_SOLVER_SETUP,pres.f90,ONE_UNKH_PER_CUTCELL,module_global,GLOBAL_CONSTANTS,runtime_scalar,R,pres.f90:1344,no,yes,no,no,
pressure,LOCMAT_SOLVER::ULMAT_SOLVER_SETUP,pres.f90,SOLID_PHASE_ONLY,module_global,GLOBAL_CONSTANTS,runtime_scalar,R,pres.f90:1153,no,yes,no,no,
pressure,LOCMAT_SOLVER::ULMAT_SOLVER_SETUP,pres.f90,STOP_STATUS,module_global,GLOBAL_CONSTANTS,runtime_scalar,W,pres.f90:1162,no,yes,no,no,
pressure,LOCMAT_SOLVER::ULMAT_SOLVER_SETUP,pres.f90,T_USED,module_global,GLOBAL_CONSTANTS,runtime_array,RW,pres.f90:1416,no,yes,no,no,
pressure,LOCMAT_SOLVER::ULMAT_SOLVER_SETUP,pres.f90,CYL_FCT,module_global,LOCMAT_SOLVER,runtime_scalar,W,pres.f90:1191,no,yes,no,no,
pressure,LOCMAT_SOLVER::ULMAT_SOLVER_SETUP,pres.f90,TNOW,module_global,LOCMAT_SOLVER,runtime_scalar,RW,pres.f90:1154,no,yes,no,no,
pressure,LOCMAT_SOLVER::ULMAT_SOLVER_SETUP,pres.f90,BOUNDARY_COORD,mesh_field,MESH_TYPE,wall_obst_cutcell,R,pres.f90:1242,no,yes,no,no,via=M|alias:BC
pressure,LOCMAT_SOLVER::ULMAT_SOLVER_SETUP,pres.f90,BXF,mesh_field,MESH_TYPE,pressure_solver,W,pres.f90:1281,no,yes,no,no,via=M
pressure,LOCMAT_SOLVER::ULMAT_SOLVER_SETUP,pres.f90,BXS,mesh_field,MESH_TYPE,pressure_solver,W,pres.f90:1280,no,yes,no,no,via=M
pressure,LOCMAT_SOLVER::ULMAT_SOLVER_SETUP,pres.f90,BYF,mesh_field,MESH_TYPE,pressure_solver,W,pres.f90:1283,no,yes,no,no,via=M
pressure,LOCMAT_SOLVER::ULMAT_SOLVER_SETUP,pres.f90,BYS,mesh_field,MESH_TYPE,pressure_solver,W,pres.f90:1282,no,yes,no,no,via=M
pressure,LOCMAT_SOLVER::ULMAT_SOLVER_SETUP,pres.f90,BZF,mesh_field,MESH_TYPE,pressure_solver,W,pres.f90:1285,no,yes,no,no,via=M
pressure,LOCMAT_SOLVER::ULMAT_SOLVER_SETUP,pres.f90,BZS,mesh_field,MESH_TYPE,pressure_solver,W,pres.f90:1284,no,yes,no,no,via=M
pressure,LOCMAT_SOLVER::ULMAT_SOLVER_SETUP,pres.f90,CCVAR,mesh_field,MESH_TYPE,wall_obst_cutcell,R,pres.f90:1331,no,yes,no,no,via=ptr
pressure,LOCMAT_SOLVER::ULMAT_SOLVER_SETUP,pres.f90,CELL,mesh_field,MESH_TYPE,wall_obst_cutcell,R,pres.f90:1330,no,yes,no,no,via=ptr
pressure,LOCMAT_SOLVER::ULMAT_SOLVER_SETUP,pres.f90,CELL_INDEX,mesh_field,MESH_TYPE,wall_obst_cutcell,R,pres.f90:1330,no,yes,no,no,via=ptr
pressure,LOCMAT_SOLVER::ULMAT_SOLVER_SETUP,pres.f90,CUT_CELL,mesh_field,MESH_TYPE,wall_obst_cutcell,RW,pres.f90:1340,no,yes,no,no,via=ptr
pressure,LOCMAT_SOLVER::ULMAT_SOLVER_SETUP,pres.f90,EXTERNAL_WALL,mesh_field,MESH_TYPE,ghost_boundary,R,pres.f90:1241,no,yes,no,no,via=M|alias:EWC
pressure,LOCMAT_SOLVER::ULMAT_SOLVER_SETUP,pres.f90,IBAR,mesh_field,MESH_TYPE,grid_geometry,R,pres.f90:1194,no,yes,no,no,via=M|alias:IBAR
pressure,LOCMAT_SOLVER::ULMAT_SOLVER_SETUP,pres.f90,IBP1,mesh_field,MESH_TYPE,grid_geometry,R,pres.f90:1197,no,yes,no,no,via=M|alias:IBP1
pressure,LOCMAT_SOLVER::ULMAT_SOLVER_SETUP,pres.f90,IPS,mesh_field,MESH_TYPE,pressure_solver,W,pres.f90:1268,no,yes,no,no,via=M
pressure,LOCMAT_SOLVER::ULMAT_SOLVER_SETUP,pres.f90,ITRN,mesh_field,MESH_TYPE,pressure_solver,RW,pres.f90:1200,no,yes,no,no,via=M|alias:ITRN
pressure,LOCMAT_SOLVER::ULMAT_SOLVER_SETUP,pres.f90,JBAR,mesh_field,MESH_TYPE,grid_geometry,R,pres.f90:1195,no,yes,no,no,via=M|alias:JBAR
pressure,LOCMAT_SOLVER::ULMAT_SOLVER_SETUP,pres.f90,JBP1,mesh_field,MESH_TYPE,grid_geometry,R,pres.f90:1198,no,yes,no,no,via=M|alias:JBP1
pressure,LOCMAT_SOLVER::ULMAT_SOLVER_SETUP,pres.f90,JTRN,mesh_field,MESH_TYPE,pressure_solver,RW,pres.f90:1201,no,yes,no,no,via=M|alias:JTRN
pressure,LOCMAT_SOLVER::ULMAT_SOLVER_SETUP,pres.f90,KBAR,mesh_field,MESH_TYPE,grid_geometry,R,pres.f90:1196,no,yes,no,no,via=M|alias:KBAR
pressure,LOCMAT_SOLVER::ULMAT_SOLVER_SETUP,pres.f90,KBP1,mesh_field,MESH_TYPE,grid_geometry,R,pres.f90:1199,no,yes,no,no,via=M|alias:KBP1
pressure,LOCMAT_SOLVER::ULMAT_SOLVER_SETUP,pres.f90,KTRN,mesh_field,MESH_TYPE,pressure_solver,RW,pres.f90:1202,no,yes,no,no,via=M|alias:KTRN
pressure,LOCMAT_SOLVER::ULMAT_SOLVER_SETUP,pres.f90,MUNKH,mesh_field,MESH_TYPE,pressure_solver,W,pres.f90:1315,no,yes,no,no,via=M|ptr
pressure,LOCMAT_SOLVER::ULMAT_SOLVER_SETUP,pres.f90,N_CUTCELL_MESH,mesh_field,MESH_TYPE,wall_obst_cutcell,R,pres.f90:1339,no,yes,no,no,via=M
pressure,LOCMAT_SOLVER::ULMAT_SOLVER_SETUP,pres.f90,N_EXTERNAL_WALL_CELLS,mesh_field,MESH_TYPE,ghost_boundary,R,pres.f90:1239,no,yes,no,no,via=M
pressure,LOCMAT_SOLVER::ULMAT_SOLVER_SETUP,pres.f90,N_INTERNAL_CFACE_CELLS,mesh_field,MESH_TYPE,wall_obst_cutcell,R,pres.f90:1234,no,yes,no,no,via=M
pressure,LOCMAT_SOLVER::ULMAT_SOLVER_SETUP,pres.f90,N_INTERNAL_WALL_CELLS,mesh_field,MESH_TYPE,wall_obst_cutcell,R,pres.f90:1231,no,yes,no,no,via=M
pressure,LOCMAT_SOLVER::ULMAT_SOLVER_SETUP,pres.f90,PRESSURE_ZONE,mesh_field,MESH_TYPE,pressure_solver,R,pres.f90:1329,no,yes,no,no,via=ptr
pressure,LOCMAT_SOLVER::ULMAT_SOLVER_SETUP,pres.f90,PRHS,mesh_field,MESH_TYPE,pressure_solver,W,pres.f90:1279,no,yes,no,no,via=M
pressure,LOCMAT_SOLVER::ULMAT_SOLVER_SETUP,pres.f90,WALL,mesh_field,MESH_TYPE,wall_obst_cutcell,R,pres.f90:1240,no,yes,no,no,via=M|alias:WC
pressure,LOCMAT_SOLVER::ULMAT_SOLVER_SETUP,pres.f90,ZONE_MESH,mesh_field,MESH_TYPE,pressure_solver,RW,pres.f90:1205,no,yes,no,no,via=M|MESHES|alias:ZM|ptr
pressure,LOCMAT_SOLVER::ULMAT_SOLVE_ZONE,pres.f90,CC_IBM,module_global,GLOBAL_CONSTANTS,runtime_scalar,R,pres.f90:1570,no,yes,no,no,
pressure,LOCMAT_SOLVER::ULMAT_SOLVE_ZONE,pres.f90,CHECK_POISSON,module_global,GLOBAL_CONSTANTS,runtime_scalar,R,pres.f90:1761,no,yes,no,no,
pressure,LOCMAT_SOLVER::ULMAT_SOLVE_ZONE,pres.f90,HYPRE_DEVICE_RUN,module_global,GLOBAL_CONSTANTS,runtime_scalar,R,pres.f90:1754,no,yes,no,no,
pressure,LOCMAT_SOLVER::ULMAT_SOLVE_ZONE,pres.f90,H_BAR,module_global,GLOBAL_CONSTANTS,runtime_array,R,pres.f90:1579,no,yes,no,no,
pressure,LOCMAT_SOLVER::ULMAT_SOLVE_ZONE,pres.f90,I_OFFSET,module_global,GLOBAL_CONSTANTS,runtime_array,R,pres.f90:1579,no,yes,no,no,
pressure,LOCMAT_SOLVER::ULMAT_SOLVE_ZONE,pres.f90,ONE_UNKH_PER_CUTCELL,module_global,GLOBAL_CONSTANTS,runtime_scalar,R,pres.f90:1509,no,yes,no,no,
pressure,LOCMAT_SOLVER::ULMAT_SOLVE_ZONE,pres.f90,PREDICTOR,module_global,GLOBAL_CONSTANTS,runtime_scalar,R,pres.f90:1832,no,yes,no,no,
pressure,LOCMAT_SOLVER::ULMAT_SOLVE_ZONE,pres.f90,TP_RDXN,module_global,GLOBAL_CONSTANTS,runtime_array,R,pres.f90:1579,no,yes,no,no,
pressure,LOCMAT_SOLVER::ULMAT_SOLVE_ZONE,pres.f90,TUNNEL_PRECONDITIONER,module_global,GLOBAL_CONSTANTS,runtime_scalar,R,pres.f90:1560,no,yes,no,no,
pressure,LOCMAT_SOLVER::ULMAT_SOLVE_ZONE,pres.f90,T_USED,module_global,GLOBAL_CONSTANTS,runtime_array,RW,pres.f90:1998,no,yes,no,no,
pressure,LOCMAT_SOLVER::ULMAT_SOLVE_ZONE,pres.f90,ULMAT_SOLVER_LIBRARY,module_global,GLOBAL_CONSTANTS,runtime_scalar,R,pres.f90:1737,no,yes,no,no,
pressure,LOCMAT_SOLVER::ULMAT_SOLVE_ZONE,pres.f90,HYPRE_IERR,module_global,HYPRE_INTERFACE,runtime_scalar,RW,pres.f90:1749,no,yes,no,no,arg_unknown
pressure,LOCMAT_SOLVER::ULMAT_SOLVE_ZONE,pres.f90,CYL_FCT,module_global,LOCMAT_SOLVER,runtime_scalar,R,pres.f90:1502,no,yes,no,no,
pressure,LOCMAT_SOLVER::ULMAT_SOLVE_ZONE,pres.f90,IPARM,module_global,LOCMAT_SOLVER,runtime_array,RW,pres.f90:1743,no,yes,no,no,arg_unknown
pressure,LOCMAT_SOLVER::ULMAT_SOLVE_ZONE,pres.f90,MSGLVL,module_global,LOCMAT_SOLVER,runtime_scalar,RW,pres.f90:1743,no,yes,no,no,arg_unknown
pressure,LOCMAT_SOLVER::ULMAT_SOLVE_ZONE,pres.f90,TNOW,module_global,LOCMAT_SOLVER,runtime_scalar,RW,pres.f90:1486,no,yes,no,no,
pressure,LOCMAT_SOLVER::ULMAT_SOLVE_ZONE,pres.f90,BOUNDARY_COORD,mesh_field,MESH_TYPE,wall_obst_cutcell,R,pres.f90:1539,no,yes,no,no,via=alias:BC|ptr
pressure,LOCMAT_SOLVER::ULMAT_SOLVE_ZONE,pres.f90,BXF,mesh_field,MESH_TYPE,pressure_solver,RW,pres.f90:1617,no,yes,no,no,via=ptr
pressure,LOCMAT_SOLVER::ULMAT_SOLVE_ZONE,pres.f90,BXF_BAR,mesh_field,MESH_TYPE,pressure_solver,R,pres.f90:1927,no,yes,no,no,via=ptr
pressure,LOCMAT_SOLVER::ULMAT_SOLVE_ZONE,pres.f90,BXS,mesh_field,MESH_TYPE,pressure_solver,RW,pres.f90:1620,no,yes,no,no,via=ptr
pressure,LOCMAT_SOLVER::ULMAT_SOLVE_ZONE,pres.f90,BXS_BAR,mesh_field,MESH_TYPE,pressure_solver,R,pres.f90:1926,no,yes,no,no,via=ptr
pressure,LOCMAT_SOLVER::ULMAT_SOLVE_ZONE,pres.f90,BYF,mesh_field,MESH_TYPE,pressure_solver,R,pres.f90:1623,no,yes,no,no,via=ptr
pressure,LOCMAT_SOLVER::ULMAT_SOLVE_ZONE,pres.f90,BYS,mesh_field,MESH_TYPE,pressure_solver,R,pres.f90:1626,no,yes,no,no,via=ptr
pressure,LOCMAT_SOLVER::ULMAT_SOLVE_ZONE,pres.f90,BZF,mesh_field,MESH_TYPE,pressure_solver,R,pres.f90:1629,no,yes,no,no,via=ptr
pressure,LOCMAT_SOLVER::ULMAT_SOLVE_ZONE,pres.f90,BZS,mesh_field,MESH_TYPE,pressure_solver,R,pres.f90:1632,no,yes,no,no,via=ptr
pressure,LOCMAT_SOLVER::ULMAT_SOLVE_ZONE,pres.f90,CCVAR,mesh_field,MESH_TYPE,wall_obst_cutcell,R,pres.f90:1507,no,yes,no,no,via=ptr
pressure,LOCMAT_SOLVER::ULMAT_SOLVE_ZONE,pres.f90,CFACE,mesh_field,MESH_TYPE,wall_obst_cutcell,R,pres.f90:1532,no,yes,no,no,via=alias:CFA|ptr
pressure,LOCMAT_SOLVER::ULMAT_SOLVE_ZONE,pres.f90,CUT_CELL,mesh_field,MESH_TYPE,wall_obst_cutcell,RW,pres.f90:1507,no,yes,no,no,via=MESHES|ptr
pressure,LOCMAT_SOLVER::ULMAT_SOLVE_ZONE,pres.f90,CUT_FACE,mesh_field,MESH_TYPE,wall_obst_cutcell,R,pres.f90:1537,no,yes,no,no,via=ptr
pressure,LOCMAT_SOLVER::ULMAT_SOLVE_ZONE,pres.f90,DX,mesh_field,MESH_TYPE,grid_geometry,R,pres.f90:1502,no,yes,no,no,via=ptr
pressure,LOCMAT_SOLVER::ULMAT_SOLVE_ZONE,pres.f90,DXN,mesh_field,MESH_TYPE,grid_geometry,R,pres.f90:1944,no,yes,no,no,via=ptr
pressure,LOCMAT_SOLVER::ULMAT_SOLVE_ZONE,pres.f90,DY,mesh_field,MESH_TYPE,grid_geometry,R,pres.f90:1502,no,yes,no,no,via=ptr
pressure,LOCMAT_SOLVER::ULMAT_SOLVE_ZONE,pres.f90,DYN,mesh_field,MESH_TYPE,grid_geometry,R,pres.f90:1948,no,yes,no,no,via=ptr
pressure,LOCMAT_SOLVER::ULMAT_SOLVE_ZONE,pres.f90,DZ,mesh_field,MESH_TYPE,grid_geometry,R,pres.f90:1502,no,yes,no,no,via=ptr
pressure,LOCMAT_SOLVER::ULMAT_SOLVE_ZONE,pres.f90,DZN,mesh_field,MESH_TYPE,grid_geometry,R,pres.f90:1952,no,yes,no,no,via=ptr
pressure,LOCMAT_SOLVER::ULMAT_SOLVE_ZONE,pres.f90,EXTERNAL_WALL,mesh_field,MESH_TYPE,ghost_boundary,R,pres.f90:1538,no,yes,no,no,via=alias:EWC|ptr
pressure,LOCMAT_SOLVER::ULMAT_SOLVE_ZONE,pres.f90,FCVAR,mesh_field,MESH_TYPE,wall_obst_cutcell,R,pres.f90:1674,no,yes,no,no,via=ptr
pressure,LOCMAT_SOLVER::ULMAT_SOLVE_ZONE,pres.f90,H,mesh_field,MESH_TYPE,cell_centred_solution,RW,pres.f90:1884,no,yes,no,no,via=alias:HP|ptr
pressure,LOCMAT_SOLVER::ULMAT_SOLVE_ZONE,pres.f90,HS,mesh_field,MESH_TYPE,cell_centred_solution,RW,pres.f90:1886,no,yes,no,no,via=alias:HP|ptr
pressure,LOCMAT_SOLVER::ULMAT_SOLVE_ZONE,pres.f90,IBAR,mesh_field,MESH_TYPE,grid_geometry,R,pres.f90:1688,no,yes,no,no,via=ptr
pressure,LOCMAT_SOLVER::ULMAT_SOLVE_ZONE,pres.f90,JBAR,mesh_field,MESH_TYPE,grid_geometry,R,pres.f90:1687,no,yes,no,no,via=ptr
pressure,LOCMAT_SOLVER::ULMAT_SOLVE_ZONE,pres.f90,KBAR,mesh_field,MESH_TYPE,grid_geometry,R,pres.f90:1686,no,yes,no,no,via=ptr
pressure,LOCMAT_SOLVER::ULMAT_SOLVE_ZONE,pres.f90,KRES,mesh_field,MESH_TYPE,cell_centred_solution,R,pres.f90:1842,no,yes,no,no,via=ptr
pressure,LOCMAT_SOLVER::ULMAT_SOLVE_ZONE,pres.f90,MUNKH,mesh_field,MESH_TYPE,pressure_solver,R,pres.f90:1501,no,yes,no,no,via=ptr
pressure,LOCMAT_SOLVER::ULMAT_SOLVE_ZONE,pres.f90,N_CUTCELL_MESH,mesh_field,MESH_TYPE,wall_obst_cutcell,R,pres.f90:1696,no,yes,no,no,via=MESHES
pressure,LOCMAT_SOLVER::ULMAT_SOLVE_ZONE,pres.f90,N_EXTERNAL_CFACE_CELLS,mesh_field,MESH_TYPE,wall_obst_cutcell,R,pres.f90:1531,no,yes,no,no,via=ptr
pressure,LOCMAT_SOLVER::ULMAT_SOLVE_ZONE,pres.f90,N_EXTERNAL_WALL_CELLS,mesh_field,MESH_TYPE,ghost_boundary,R,pres.f90:1561,no,yes,no,no,via=ptr
pressure,LOCMAT_SOLVER::ULMAT_SOLVE_ZONE,pres.f90,N_INTERNAL_WALL_CELLS,mesh_field,MESH_TYPE,wall_obst_cutcell,R,pres.f90:1561,no,yes,no,no,via=ptr
pressure,LOCMAT_SOLVER::ULMAT_SOLVE_ZONE,pres.f90,PRESSURE_ZONE,mesh_field,MESH_TYPE,pressure_solver,R,pres.f90:1544,no,yes,no,no,via=ptr
pressure,LOCMAT_SOLVER::ULMAT_SOLVE_ZONE,pres.f90,PRHS,mesh_field,MESH_TYPE,pressure_solver,R,pres.f90:1502,no,yes,no,no,via=ptr
pressure,LOCMAT_SOLVER::ULMAT_SOLVE_ZONE,pres.f90,R,mesh_field,MESH_TYPE,grid_geometry,R,pres.f90:1580,no,yes,no,no,via=ptr
pressure,LOCMAT_SOLVER::ULMAT_SOLVE_ZONE,pres.f90,RC,mesh_field,MESH_TYPE,grid_geometry,R,pres.f90:1502,no,yes,no,no,via=ptr
pressure,LOCMAT_SOLVER::ULMAT_SOLVE_ZONE,pres.f90,RC_FACE,mesh_field,MESH_TYPE,wall_obst_cutcell,R,pres.f90:1675,no,yes,no,no,via=ptr
pressure,LOCMAT_SOLVER::ULMAT_SOLVE_ZONE,pres.f90,RDXN,mesh_field,MESH_TYPE,grid_geometry,R,pres.f90:1654,no,yes,no,no,via=ptr
pressure,LOCMAT_SOLVER::ULMAT_SOLVE_ZONE,pres.f90,RDYN,mesh_field,MESH_TYPE,grid_geometry,R,pres.f90:1660,no,yes,no,no,via=ptr
pressure,LOCMAT_SOLVER::ULMAT_SOLVE_ZONE,pres.f90,RDZN,mesh_field,MESH_TYPE,grid_geometry,R,pres.f90:1666,no,yes,no,no,via=ptr
pressure,LOCMAT_SOLVER::ULMAT_SOLVE_ZONE,pres.f90,RHO,mesh_field,MESH_TYPE,cell_centred_solution,R,pres.f90:1833,no,yes,no,no,via=alias:RHOP|ptr
pressure,LOCMAT_SOLVER::ULMAT_SOLVE_ZONE,pres.f90,RHOS,mesh_field,MESH_TYPE,cell_centred_solution,R,pres.f90:1835,no,yes,no,no,via=alias:RHOP|ptr
pressure,LOCMAT_SOLVER::ULMAT_SOLVE_ZONE,pres.f90,WALL,mesh_field,MESH_TYPE,wall_obst_cutcell,R,pres.f90:1537,no,yes,no,no,via=alias:WC|ptr
pressure,LOCMAT_SOLVER::ULMAT_SOLVE_ZONE,pres.f90,ZONE_MESH,mesh_field,MESH_TYPE,pressure_solver,RW,pres.f90:1494,no,yes,no,no,via=alias:ZM|ptr
pressure,PRES::COMPUTE_VELOCITY_ERROR,pres.f90,CC_IBM,module_global,GLOBAL_CONSTANTS,runtime_scalar,R,pres.f90:861,yes,yes,no,no,
pressure,PRES::COMPUTE_VELOCITY_ERROR,pres.f90,FREEZE_VELOCITY,module_global,GLOBAL_CONSTANTS,runtime_scalar,R,pres.f90:823,yes,yes,no,no,
pressure,PRES::COMPUTE_VELOCITY_ERROR,pres.f90,PREDICTOR,module_global,GLOBAL_CONSTANTS,runtime_scalar,R,pres.f90:828,yes,yes,no,no,
pressure,PRES::COMPUTE_VELOCITY_ERROR,pres.f90,PRES_FLAG,module_global,GLOBAL_CONSTANTS,runtime_scalar,R,pres.f90:867,yes,yes,no,no,
pressure,PRES::COMPUTE_VELOCITY_ERROR,pres.f90,SOLID_PHASE_ONLY,module_global,GLOBAL_CONSTANTS,runtime_scalar,R,pres.f90:822,yes,yes,no,no,
pressure,PRES::COMPUTE_VELOCITY_ERROR,pres.f90,T_USED,module_global,GLOBAL_CONSTANTS,runtime_array,RW,pres.f90:1074,yes,yes,no,no,
pressure,PRES::COMPUTE_VELOCITY_ERROR,pres.f90,VELOCITY_ERROR_MAX,module_global,GLOBAL_CONSTANTS,runtime_array,RW,pres.f90:834,yes,yes,no,no,
pressure,PRES::COMPUTE_VELOCITY_ERROR,pres.f90,VELOCITY_ERROR_MAX_LOC,module_global,GLOBAL_CONSTANTS,runtime_array,W,pres.f90:1061,yes,yes,no,no,
pressure,PRES::COMPUTE_VELOCITY_ERROR,pres.f90,BOUNDARY_COORD,mesh_field,MESH_TYPE,wall_obst_cutcell,R,pres.f90:854,yes,yes,no,no,via=alias:BC|ptr
pressure,PRES::COMPUTE_VELOCITY_ERROR,pres.f90,BOUNDARY_PROP1,mesh_field,MESH_TYPE,wall_obst_cutcell,RW,pres.f90:853,yes,yes,no,no,via=alias:B1|ptr
pressure,PRES::COMPUTE_VELOCITY_ERROR,pres.f90,CCVAR,mesh_field,MESH_TYPE,wall_obst_cutcell,R,pres.f90:862,yes,yes,no,no,via=ptr
pressure,PRES::COMPUTE_VELOCITY_ERROR,pres.f90,EXTERNAL_WALL,mesh_field,MESH_TYPE,ghost_boundary,R,pres.f90:847,yes,yes,no,no,via=alias:EWC|ptr
pressure,PRES::COMPUTE_VELOCITY_ERROR,pres.f90,FVX,mesh_field,MESH_TYPE,face_centred_flux,R,pres.f90:878,yes,yes,no,no,via=ptr
pressure,PRES::COMPUTE_VELOCITY_ERROR,pres.f90,FVY,mesh_field,MESH_TYPE,face_centred_flux,R,pres.f90:882,yes,yes,no,no,via=ptr
pressure,PRES::COMPUTE_VELOCITY_ERROR,pres.f90,FVZ,mesh_field,MESH_TYPE,face_centred_flux,R,pres.f90:886,yes,yes,no,no,via=ptr
pressure,PRES::COMPUTE_VELOCITY_ERROR,pres.f90,H,mesh_field,MESH_TYPE,cell_centred_solution,R,pres.f90:878,yes,yes,no,no,via=ptr
pressure,PRES::COMPUTE_VELOCITY_ERROR,pres.f90,HS,mesh_field,MESH_TYPE,cell_centred_solution,R,pres.f90:893,yes,yes,no,no,via=ptr
pressure,PRES::COMPUTE_VELOCITY_ERROR,pres.f90,N_EXTERNAL_WALL_CELLS,mesh_field,MESH_TYPE,ghost_boundary,R,pres.f90:839,yes,yes,no,no,via=ptr
pressure,PRES::COMPUTE_VELOCITY_ERROR,pres.f90,N_INTERNAL_WALL_CELLS,mesh_field,MESH_TYPE,wall_obst_cutcell,R,pres.f90:839,yes,yes,no,no,via=ptr
pressure,PRES::COMPUTE_VELOCITY_ERROR,pres.f90,OMESH,mesh_field,MESH_TYPE,mpi_exchange,R,pres.f90:849,yes,yes,no,no,via=alias:OM|ptr
pressure,PRES::COMPUTE_VELOCITY_ERROR,pres.f90,RDXN,mesh_field,MESH_TYPE,grid_geometry,R,pres.f90:878,yes,yes,no,no,via=M2|ptr
pressure,PRES::COMPUTE_VELOCITY_ERROR,pres.f90,RDYN,mesh_field,MESH_TYPE,grid_geometry,R,pres.f90:882,yes,yes,no,no,via=M2|ptr
pressure,PRES::COMPUTE_VELOCITY_ERROR,pres.f90,RDZN,mesh_field,MESH_TYPE,grid_geometry,R,pres.f90:886,yes,yes,no,no,via=M2|ptr
pressure,PRES::COMPUTE_VELOCITY_ERROR,pres.f90,U,mesh_field,MESH_TYPE,face_centred_flux,R,pres.f90:878,yes,yes,no,no,via=ptr
pressure,PRES::COMPUTE_VELOCITY_ERROR,pres.f90,US,mesh_field,MESH_TYPE,face_centred_flux,R,pres.f90:893,yes,yes,no,no,via=ptr
pressure,PRES::COMPUTE_VELOCITY_ERROR,pres.f90,V,mesh_field,MESH_TYPE,face_centred_flux,R,pres.f90:882,yes,yes,no,no,via=ptr
pressure,PRES::COMPUTE_VELOCITY_ERROR,pres.f90,VS,mesh_field,MESH_TYPE,face_centred_flux,R,pres.f90:897,yes,yes,no,no,via=ptr
pressure,PRES::COMPUTE_VELOCITY_ERROR,pres.f90,W,mesh_field,MESH_TYPE,face_centred_flux,R,pres.f90:886,yes,yes,no,no,via=ptr
pressure,PRES::COMPUTE_VELOCITY_ERROR,pres.f90,WALL,mesh_field,MESH_TYPE,wall_obst_cutcell,R,pres.f90:841,yes,yes,no,no,via=alias:WC|ptr
pressure,PRES::COMPUTE_VELOCITY_ERROR,pres.f90,WALL_WORK1,mesh_field,MESH_TYPE,scratch_work,W,pres.f90:835,yes,yes,no,no,via=ptr
pressure,PRES::COMPUTE_VELOCITY_ERROR,pres.f90,WS,mesh_field,MESH_TYPE,face_centred_flux,R,pres.f90:901,yes,yes,no,no,via=ptr
pressure,PRES::COMPUTE_VELOCITY_ERROR,pres.f90,FVX,mesh_field,OMESH_TYPE,mpi_exchange,R,pres.f90:927,yes,yes,no,no,via=OM
pressure,PRES::COMPUTE_VELOCITY_ERROR,pres.f90,FVY,mesh_field,OMESH_TYPE,mpi_exchange,R,pres.f90:945,yes,yes,no,no,via=OM
pressure,PRES::COMPUTE_VELOCITY_ERROR,pres.f90,FVZ,mesh_field,OMESH_TYPE,mpi_exchange,R,pres.f90:963,yes,yes,no,no,via=OM
pressure,PRES::COMPUTE_VELOCITY_ERROR,pres.f90,H,mesh_field,OMESH_TYPE,mpi_exchange,R,pres.f90:927,yes,yes,no,no,via=OM
pressure,PRES::COMPUTE_VELOCITY_ERROR,pres.f90,HS,mesh_field,OMESH_TYPE,mpi_exchange,R,pres.f90:984,yes,yes,no,no,via=OM
pressure,PRES::COMPUTE_VELOCITY_ERROR,pres.f90,U,mesh_field,OMESH_TYPE,mpi_exchange,R,pres.f90:928,yes,yes,no,no,via=OM
pressure,PRES::COMPUTE_VELOCITY_ERROR,pres.f90,US,mesh_field,OMESH_TYPE,mpi_exchange,R,pres.f90:985,yes,yes,no,no,via=OM
pressure,PRES::COMPUTE_VELOCITY_ERROR,pres.f90,V,mesh_field,OMESH_TYPE,mpi_exchange,R,pres.f90:946,yes,yes,no,no,via=OM
pressure,PRES::COMPUTE_VELOCITY_ERROR,pres.f90,VS,mesh_field,OMESH_TYPE,mpi_exchange,R,pres.f90:1003,yes,yes,no,no,via=OM
pressure,PRES::COMPUTE_VELOCITY_ERROR,pres.f90,W,mesh_field,OMESH_TYPE,mpi_exchange,R,pres.f90:964,yes,yes,no,no,via=OM
pressure,PRES::COMPUTE_VELOCITY_ERROR,pres.f90,WS,mesh_field,OMESH_TYPE,mpi_exchange,R,pres.f90:1021,yes,yes,no,no,via=OM
pressure,PRES::PRESSURE_SOLVER_CHECK_RESIDUALS,pres.f90,CHECK_POISSON,module_global,GLOBAL_CONSTANTS,runtime_scalar,R,pres.f90:726,no,yes,no,no,
pressure,PRES::PRESSURE_SOLVER_CHECK_RESIDUALS,pres.f90,FREEZE_VELOCITY,module_global,GLOBAL_CONSTANTS,runtime_scalar,R,pres.f90:711,no,yes,no,no,
pressure,PRES::PRESSURE_SOLVER_CHECK_RESIDUALS,pres.f90,ITERATE_BAROCLINIC_TERM,module_global,GLOBAL_CONSTANTS,runtime_scalar,R,pres.f90:750,no,yes,no,no,
pressure,PRES::PRESSURE_SOLVER_CHECK_RESIDUALS,pres.f90,PREDICTOR,module_global,GLOBAL_CONSTANTS,runtime_scalar,R,pres.f90:716,no,yes,no,no,
pressure,PRES::PRESSURE_SOLVER_CHECK_RESIDUALS,pres.f90,PRESSURE_ERROR_MAX,module_global,GLOBAL_CONSTANTS,runtime_array,W,pres.f90:792,no,yes,no,no,
pressure,PRES::PRESSURE_SOLVER_CHECK_RESIDUALS,pres.f90,PRESSURE_ERROR_MAX_LOC,module_global,GLOBAL_CONSTANTS,runtime_array,W,pres.f90:793,no,yes,no,no,
pressure,PRES::PRESSURE_SOLVER_CHECK_RESIDUALS,pres.f90,SOLID_PHASE_ONLY,module_global,GLOBAL_CONSTANTS,runtime_scalar,R,pres.f90:710,no,yes,no,no,
pressure,PRES::PRESSURE_SOLVER_CHECK_RESIDUALS,pres.f90,STORE_PRESSURE_POISSON_RESIDUAL,module_global,GLOBAL_CONSTANTS,runtime_scalar,R,pres.f90:794,no,yes,no,no,
pressure,PRES::PRESSURE_SOLVER_CHECK_RESIDUALS,pres.f90,T_USED,module_global,GLOBAL_CONSTANTS,runtime_array,RW,pres.f90:798,no,yes,no,no,
pressure,PRES::PRESSURE_SOLVER_CHECK_RESIDUALS,pres.f90,DDDT,mesh_field,MESH_TYPE,cell_centred_solution,R,pres.f90:735,no,yes,no,no,via=ptr
pressure,PRES::PRESSURE_SOLVER_CHECK_RESIDUALS,pres.f90,FVX,mesh_field,MESH_TYPE,face_centred_flux,R,pres.f90:732,no,yes,no,no,via=ptr
pressure,PRES::PRESSURE_SOLVER_CHECK_RESIDUALS,pres.f90,FVX_B,mesh_field,MESH_TYPE,face_centred_flux,R,pres.f90:771,no,yes,no,no,via=ptr
pressure,PRES::PRESSURE_SOLVER_CHECK_RESIDUALS,pres.f90,FVY,mesh_field,MESH_TYPE,face_centred_flux,R,pres.f90:733,no,yes,no,no,via=ptr
pressure,PRES::PRESSURE_SOLVER_CHECK_RESIDUALS,pres.f90,FVY_B,mesh_field,MESH_TYPE,face_centred_flux,R,pres.f90:772,no,yes,no,no,via=ptr
pressure,PRES::PRESSURE_SOLVER_CHECK_RESIDUALS,pres.f90,FVZ,mesh_field,MESH_TYPE,face_centred_flux,R,pres.f90:734,no,yes,no,no,via=ptr
pressure,PRES::PRESSURE_SOLVER_CHECK_RESIDUALS,pres.f90,FVZ_B,mesh_field,MESH_TYPE,face_centred_flux,R,pres.f90:773,no,yes,no,no,via=ptr
pressure,PRES::PRESSURE_SOLVER_CHECK_RESIDUALS,pres.f90,H,mesh_field,MESH_TYPE,cell_centred_solution,R,pres.f90:717,no,yes,no,no,via=alias:HP|ptr
pressure,PRES::PRESSURE_SOLVER_CHECK_RESIDUALS,pres.f90,HS,mesh_field,MESH_TYPE,cell_centred_solution,R,pres.f90:720,no,yes,no,no,via=alias:HP|ptr
pressure,PRES::PRESSURE_SOLVER_CHECK_RESIDUALS,pres.f90,IBAR,mesh_field,MESH_TYPE,grid_geometry,R,pres.f90:727,no,yes,no,no,via=alias:RESIDUAL|ptr
pressure,PRES::PRESSURE_SOLVER_CHECK_RESIDUALS,pres.f90,IBP1,mesh_field,MESH_TYPE,grid_geometry,R,pres.f90:760,no,yes,no,no,via=ptr
pressure,PRES::PRESSURE_SOLVER_CHECK_RESIDUALS,pres.f90,JBAR,mesh_field,MESH_TYPE,grid_geometry,R,pres.f90:727,no,yes,no,no,via=alias:RESIDUAL|ptr
pressure,PRES::PRESSURE_SOLVER_CHECK_RESIDUALS,pres.f90,JBP1,mesh_field,MESH_TYPE,grid_geometry,R,pres.f90:759,no,yes,no,no,via=ptr
pressure,PRES::PRESSURE_SOLVER_CHECK_RESIDUALS,pres.f90,KBAR,mesh_field,MESH_TYPE,grid_geometry,R,pres.f90:727,no,yes,no,no,via=alias:RESIDUAL|ptr
pressure,PRES::PRESSURE_SOLVER_CHECK_RESIDUALS,pres.f90,KBP1,mesh_field,MESH_TYPE,grid_geometry,R,pres.f90:758,no,yes,no,no,via=ptr
pressure,PRES::PRESSURE_SOLVER_CHECK_RESIDUALS,pres.f90,KRES,mesh_field,MESH_TYPE,cell_centred_solution,R,pres.f90:761,no,yes,no,no,via=ptr
pressure,PRES::PRESSURE_SOLVER_CHECK_RESIDUALS,pres.f90,POIS_ERR,mesh_field,MESH_TYPE,pressure_solver,W,pres.f90:744,no,yes,no,no,via=ptr
pressure,PRES::PRESSURE_SOLVER_CHECK_RESIDUALS,pres.f90,PP_RESIDUAL,mesh_field,MESH_TYPE,other,W,pres.f90:794,no,yes,no,no,via=ptr
pressure,PRES::PRESSURE_SOLVER_CHECK_RESIDUALS,pres.f90,R,mesh_field,MESH_TYPE,grid_geometry,R,pres.f90:732,no,yes,no,no,via=ptr
pressure,PRES::PRESSURE_SOLVER_CHECK_RESIDUALS,pres.f90,RDX,mesh_field,MESH_TYPE,grid_geometry,R,pres.f90:732,no,yes,no,no,via=ptr
pressure,PRES::PRESSURE_SOLVER_CHECK_RESIDUALS,pres.f90,RDXN,mesh_field,MESH_TYPE,grid_geometry,R,pres.f90:736,no,yes,no,no,via=ptr
pressure,PRES::PRESSURE_SOLVER_CHECK_RESIDUALS,pres.f90,RDY,mesh_field,MESH_TYPE,grid_geometry,R,pres.f90:733,no,yes,no,no,via=ptr
pressure,PRES::PRESSURE_SOLVER_CHECK_RESIDUALS,pres.f90,RDYN,mesh_field,MESH_TYPE,grid_geometry,R,pres.f90:737,no,yes,no,no,via=ptr
pressure,PRES::PRESSURE_SOLVER_CHECK_RESIDUALS,pres.f90,RDZ,mesh_field,MESH_TYPE,grid_geometry,R,pres.f90:734,no,yes,no,no,via=ptr
pressure,PRES::PRESSURE_SOLVER_CHECK_RESIDUALS,pres.f90,RDZN,mesh_field,MESH_TYPE,grid_geometry,R,pres.f90:738,no,yes,no,no,via=ptr
pressure,PRES::PRESSURE_SOLVER_CHECK_RESIDUALS,pres.f90,RHO,mesh_field,MESH_TYPE,cell_centred_solution,R,pres.f90:718,no,yes,no,no,via=alias:RHOP|ptr
pressure,PRES::PRESSURE_SOLVER_CHECK_RESIDUALS,pres.f90,RHOS,mesh_field,MESH_TYPE,cell_centred_solution,R,pres.f90:721,no,yes,no,no,via=alias:RHOP|ptr
pressure,PRES::PRESSURE_SOLVER_CHECK_RESIDUALS,pres.f90,RRN,mesh_field,MESH_TYPE,grid_geometry,R,pres.f90:732,no,yes,no,no,via=ptr
pressure,PRES::PRESSURE_SOLVER_CHECK_RESIDUALS,pres.f90,WORK7,mesh_field,MESH_TYPE,scratch_work,RW,pres.f90:752,no,yes,no,no,via=alias:P|ptr
pressure,PRES::PRESSURE_SOLVER_CHECK_RESIDUALS,pres.f90,WORK8,mesh_field,MESH_TYPE,scratch_work,RW,pres.f90:727,no,yes,no,no,via=alias:RESIDUAL|ptr
pressure,PRES::PRESSURE_SOLVER_COMPUTE_RHS,pres.f90,CYLINDRICAL,module_global,GLOBAL_CONSTANTS,runtime_scalar,R,pres.f90:236,yes,yes,no,yes,
pressure,PRES::PRESSURE_SOLVER_COMPUTE_RHS,pres.f90,FREEZE_VELOCITY,module_global,GLOBAL_CONSTANTS,runtime_scalar,R,pres.f90:35,yes,yes,no,yes,
pressure,PRES::PRESSURE_SOLVER_COMPUTE_RHS,pres.f90,OPEN_WIND_BOUNDARY,module_global,GLOBAL_CONSTANTS,runtime_scalar,R,pres.f90:174,yes,yes,no,yes,
pressure,PRES::PRESSURE_SOLVER_COMPUTE_RHS,pres.f90,PREDICTOR,module_global,GLOBAL_CONSTANTS,runtime_scalar,R,pres.f90:40,yes,yes,no,yes,
pressure,PRES::PRESSURE_SOLVER_COMPUTE_RHS,pres.f90,SOLID_PHASE_ONLY,module_global,GLOBAL_CONSTANTS,runtime_scalar,R,pres.f90:34,yes,yes,no,yes,
pressure,PRES::PRESSURE_SOLVER_COMPUTE_RHS,pres.f90,T_BEGIN,module_global,GLOBAL_CONSTANTS,runtime_scalar,R,pres.f90:151,yes,yes,no,yes,
pressure,PRES::PRESSURE_SOLVER_COMPUTE_RHS,pres.f90,T_USED,module_global,GLOBAL_CONSTANTS,runtime_array,RW,pres.f90:314,yes,yes,no,yes,
pressure,PRES::PRESSURE_SOLVER_COMPUTE_RHS,pres.f90,U0,module_global,GLOBAL_CONSTANTS,runtime_scalar,R,pres.f90:172,yes,yes,no,yes,
pressure,PRES::PRESSURE_SOLVER_COMPUTE_RHS,pres.f90,V0,module_global,GLOBAL_CONSTANTS,runtime_scalar,R,pres.f90:172,yes,yes,no,yes,
pressure,PRES::PRESSURE_SOLVER_COMPUTE_RHS,pres.f90,W0,module_global,GLOBAL_CONSTANTS,runtime_scalar,R,pres.f90:172,yes,yes,no,yes,
pressure,PRES::PRESSURE_SOLVER_COMPUTE_RHS,pres.f90,BOUNDARY_COORD,mesh_field,MESH_TYPE,wall_obst_cutcell,R,pres.f90:69,yes,yes,no,yes,via=alias:BC|ptr
pressure,PRES::PRESSURE_SOLVER_COMPUTE_RHS,pres.f90,BOUNDARY_PROP1,mesh_field,MESH_TYPE,wall_obst_cutcell,R,pres.f90:149,yes,yes,no,yes,via=alias:B1|ptr
pressure,PRES::PRESSURE_SOLVER_COMPUTE_RHS,pres.f90,BXF,mesh_field,MESH_TYPE,pressure_solver,W,pres.f90:83,yes,yes,no,yes,via=ptr
pressure,PRES::PRESSURE_SOLVER_COMPUTE_RHS,pres.f90,BXS,mesh_field,MESH_TYPE,pressure_solver,W,pres.f90:81,yes,yes,no,yes,via=ptr
pressure,PRES::PRESSURE_SOLVER_COMPUTE_RHS,pres.f90,BYF,mesh_field,MESH_TYPE,pressure_solver,W,pres.f90:87,yes,yes,no,yes,via=ptr
pressure,PRES::PRESSURE_SOLVER_COMPUTE_RHS,pres.f90,BYS,mesh_field,MESH_TYPE,pressure_solver,W,pres.f90:85,yes,yes,no,yes,via=ptr
pressure,PRES::PRESSURE_SOLVER_COMPUTE_RHS,pres.f90,BZF,mesh_field,MESH_TYPE,pressure_solver,W,pres.f90:91,yes,yes,no,yes,via=ptr
pressure,PRES::PRESSURE_SOLVER_COMPUTE_RHS,pres.f90,BZS,mesh_field,MESH_TYPE,pressure_solver,W,pres.f90:89,yes,yes,no,yes,via=ptr
pressure,PRES::PRESSURE_SOLVER_COMPUTE_RHS,pres.f90,DDDT,mesh_field,MESH_TYPE,cell_centred_solution,R,pres.f90:242,yes,yes,no,yes,via=ptr
pressure,PRES::PRESSURE_SOLVER_COMPUTE_RHS,pres.f90,DX,mesh_field,MESH_TYPE,grid_geometry,R,pres.f90:124,yes,yes,no,yes,via=MESHES|ptr
pressure,PRES::PRESSURE_SOLVER_COMPUTE_RHS,pres.f90,DY,mesh_field,MESH_TYPE,grid_geometry,R,pres.f90:130,yes,yes,no,yes,via=MESHES|ptr
pressure,PRES::PRESSURE_SOLVER_COMPUTE_RHS,pres.f90,DZ,mesh_field,MESH_TYPE,grid_geometry,R,pres.f90:136,yes,yes,no,yes,via=MESHES|ptr
pressure,PRES::PRESSURE_SOLVER_COMPUTE_RHS,pres.f90,EXTERNAL_WALL,mesh_field,MESH_TYPE,ghost_boundary,R,pres.f90:68,yes,yes,no,yes,via=alias:EWC|ptr
pressure,PRES::PRESSURE_SOLVER_COMPUTE_RHS,pres.f90,FVX,mesh_field,MESH_TYPE,face_centred_flux,R,pres.f90:81,yes,yes,no,yes,via=ptr
pressure,PRES::PRESSURE_SOLVER_COMPUTE_RHS,pres.f90,FVY,mesh_field,MESH_TYPE,face_centred_flux,R,pres.f90:85,yes,yes,no,yes,via=ptr
pressure,PRES::PRESSURE_SOLVER_COMPUTE_RHS,pres.f90,FVZ,mesh_field,MESH_TYPE,face_centred_flux,R,pres.f90:89,yes,yes,no,yes,via=ptr
pressure,PRES::PRESSURE_SOLVER_COMPUTE_RHS,pres.f90,H,mesh_field,MESH_TYPE,cell_centred_solution,R,pres.f90:44,yes,yes,no,yes,via=alias:HP|ptr
pressure,PRES::PRESSURE_SOLVER_COMPUTE_RHS,pres.f90,HS,mesh_field,MESH_TYPE,cell_centred_solution,R,pres.f90:50,yes,yes,no,yes,via=alias:HP|ptr
pressure,PRES::PRESSURE_SOLVER_COMPUTE_RHS,pres.f90,HX,mesh_field,MESH_TYPE,grid_geometry,R,pres.f90:81,yes,yes,no,yes,via=ptr
pressure,PRES::PRESSURE_SOLVER_COMPUTE_RHS,pres.f90,HY,mesh_field,MESH_TYPE,grid_geometry,R,pres.f90:85,yes,yes,no,yes,via=ptr
pressure,PRES::PRESSURE_SOLVER_COMPUTE_RHS,pres.f90,HZ,mesh_field,MESH_TYPE,grid_geometry,R,pres.f90:89,yes,yes,no,yes,via=ptr
pressure,PRES::PRESSURE_SOLVER_COMPUTE_RHS,pres.f90,IBAR,mesh_field,MESH_TYPE,grid_geometry,R,pres.f90:83,yes,yes,no,yes,via=ptr
pressure,PRES::PRESSURE_SOLVER_COMPUTE_RHS,pres.f90,IBP1,mesh_field,MESH_TYPE,grid_geometry,R,pres.f90:83,yes,yes,no,yes,via=ptr
pressure,PRES::PRESSURE_SOLVER_COMPUTE_RHS,pres.f90,IPS,mesh_field,MESH_TYPE,pressure_solver,R,pres.f90:233,yes,yes,no,yes,via=ptr
pressure,PRES::PRESSURE_SOLVER_COMPUTE_RHS,pres.f90,JBAR,mesh_field,MESH_TYPE,grid_geometry,R,pres.f90:87,yes,yes,no,yes,via=ptr
pressure,PRES::PRESSURE_SOLVER_COMPUTE_RHS,pres.f90,JBP1,mesh_field,MESH_TYPE,grid_geometry,R,pres.f90:87,yes,yes,no,yes,via=ptr
pressure,PRES::PRESSURE_SOLVER_COMPUTE_RHS,pres.f90,KBAR,mesh_field,MESH_TYPE,grid_geometry,R,pres.f90:91,yes,yes,no,yes,via=ptr
pressure,PRES::PRESSURE_SOLVER_COMPUTE_RHS,pres.f90,KBP1,mesh_field,MESH_TYPE,grid_geometry,R,pres.f90:91,yes,yes,no,yes,via=ptr
pressure,PRES::PRESSURE_SOLVER_COMPUTE_RHS,pres.f90,KRES,mesh_field,MESH_TYPE,cell_centred_solution,R,pres.f90:188,yes,yes,no,yes,via=ptr
pressure,PRES::PRESSURE_SOLVER_COMPUTE_RHS,pres.f90,N_EXTERNAL_WALL_CELLS,mesh_field,MESH_TYPE,ghost_boundary,R,pres.f90:65,yes,yes,no,yes,via=ptr
pressure,PRES::PRESSURE_SOLVER_COMPUTE_RHS,pres.f90,PRHS,mesh_field,MESH_TYPE,pressure_solver,W,pres.f90:243,yes,yes,no,yes,via=ptr
pressure,PRES::PRESSURE_SOLVER_COMPUTE_RHS,pres.f90,R,mesh_field,MESH_TYPE,grid_geometry,R,pres.f90:240,yes,yes,no,yes,via=ptr
pressure,PRES::PRESSURE_SOLVER_COMPUTE_RHS,pres.f90,RDX,mesh_field,MESH_TYPE,grid_geometry,R,pres.f90:240,yes,yes,no,yes,via=ptr
pressure,PRES::PRESSURE_SOLVER_COMPUTE_RHS,pres.f90,RDXN,mesh_field,MESH_TYPE,grid_geometry,R,pres.f90:176,yes,yes,no,yes,via=ptr
pressure,PRES::PRESSURE_SOLVER_COMPUTE_RHS,pres.f90,RDY,mesh_field,MESH_TYPE,grid_geometry,R,pres.f90:254,yes,yes,no,yes,via=ptr
pressure,PRES::PRESSURE_SOLVER_COMPUTE_RHS,pres.f90,RDYN,mesh_field,MESH_TYPE,grid_geometry,R,pres.f90:178,yes,yes,no,yes,via=ptr
pressure,PRES::PRESSURE_SOLVER_COMPUTE_RHS,pres.f90,RDZ,mesh_field,MESH_TYPE,grid_geometry,R,pres.f90:241,yes,yes,no,yes,via=ptr
pressure,PRES::PRESSURE_SOLVER_COMPUTE_RHS,pres.f90,RDZN,mesh_field,MESH_TYPE,grid_geometry,R,pres.f90:180,yes,yes,no,yes,via=ptr
pressure,PRES::PRESSURE_SOLVER_COMPUTE_RHS,pres.f90,RHO,mesh_field,MESH_TYPE,cell_centred_solution,R,pres.f90:45,yes,yes,no,yes,via=ptr
pressure,PRES::PRESSURE_SOLVER_COMPUTE_RHS,pres.f90,RHOS,mesh_field,MESH_TYPE,cell_centred_solution,R,pres.f90:51,yes,yes,no,yes,via=ptr
pressure,PRES::PRESSURE_SOLVER_COMPUTE_RHS,pres.f90,RRN,mesh_field,MESH_TYPE,grid_geometry,R,pres.f90:240,yes,yes,no,yes,via=ptr
pressure,PRES::PRESSURE_SOLVER_COMPUTE_RHS,pres.f90,U,mesh_field,MESH_TYPE,face_centred_flux,R,pres.f90:41,yes,yes,no,yes,via=alias:UU|ptr
pressure,PRES::PRESSURE_SOLVER_COMPUTE_RHS,pres.f90,US,mesh_field,MESH_TYPE,face_centred_flux,R,pres.f90:47,yes,yes,no,yes,via=alias:UU|ptr
pressure,PRES::PRESSURE_SOLVER_COMPUTE_RHS,pres.f90,U_WIND,mesh_field,MESH_TYPE,other,R,pres.f90:176,yes,yes,no,yes,via=ptr
pressure,PRES::PRESSURE_SOLVER_COMPUTE_RHS,pres.f90,V,mesh_field,MESH_TYPE,face_centred_flux,R,pres.f90:42,yes,yes,no,yes,via=alias:VV|ptr
pressure,PRES::PRESSURE_SOLVER_COMPUTE_RHS,pres.f90,VENTS,mesh_field,MESH_TYPE,wall_obst_cutcell,R,pres.f90:150,yes,yes,no,yes,via=alias:VT|ptr
pressure,PRES::PRESSURE_SOLVER_COMPUTE_RHS,pres.f90,VS,mesh_field,MESH_TYPE,face_centred_flux,R,pres.f90:48,yes,yes,no,yes,via=alias:VV|ptr
pressure,PRES::PRESSURE_SOLVER_COMPUTE_RHS,pres.f90,V_WIND,mesh_field,MESH_TYPE,other,R,pres.f90:178,yes,yes,no,yes,via=ptr
pressure,PRES::PRESSURE_SOLVER_COMPUTE_RHS,pres.f90,W,mesh_field,MESH_TYPE,face_centred_flux,R,pres.f90:43,yes,yes,no,yes,via=alias:WW|ptr
pressure,PRES::PRESSURE_SOLVER_COMPUTE_RHS,pres.f90,WALL,mesh_field,MESH_TYPE,wall_obst_cutcell,R,pres.f90:67,yes,yes,no,yes,via=alias:WC|ptr
pressure,PRES::PRESSURE_SOLVER_COMPUTE_RHS,pres.f90,WALL_WORK1,mesh_field,MESH_TYPE,scratch_work,R,pres.f90:105,yes,yes,no,yes,via=ptr
pressure,PRES::PRESSURE_SOLVER_COMPUTE_RHS,pres.f90,WS,mesh_field,MESH_TYPE,face_centred_flux,R,pres.f90:49,yes,yes,no,yes,via=alias:WW|ptr
pressure,PRES::PRESSURE_SOLVER_COMPUTE_RHS,pres.f90,W_WIND,mesh_field,MESH_TYPE,other,R,pres.f90:180,yes,yes,no,yes,via=ptr
pressure,PRES::PRESSURE_SOLVER_FFT,pres.f90,CYLINDRICAL,module_global,GLOBAL_CONSTANTS,runtime_scalar,R,pres.f90:348,no,yes,no,yes,
pressure,PRES::PRESSURE_SOLVER_FFT,pres.f90,FREEZE_VELOCITY,module_global,GLOBAL_CONSTANTS,runtime_scalar,R,pres.f90:330,no,yes,no,yes,
pressure,PRES::PRESSURE_SOLVER_FFT,pres.f90,H_BAR,module_global,GLOBAL_CONSTANTS,runtime_array,R,pres.f90:439,no,yes,no,yes,
pressure,PRES::PRESSURE_SOLVER_FFT,pres.f90,I_OFFSET,module_global,GLOBAL_CONSTANTS,runtime_array,R,pres.f90:439,no,yes,no,yes,
pressure,PRES::PRESSURE_SOLVER_FFT,pres.f90,PREDICTOR,module_global,GLOBAL_CONSTANTS,runtime_scalar,R,pres.f90:335,no,yes,no,yes,
pressure,PRES::PRESSURE_SOLVER_FFT,pres.f90,SOLID_PHASE_ONLY,module_global,GLOBAL_CONSTANTS,runtime_scalar,R,pres.f90:329,no,yes,no,yes,
pressure,PRES::PRESSURE_SOLVER_FFT,pres.f90,TUNNEL_PRECONDITIONER,module_global,GLOBAL_CONSTANTS,runtime_scalar,R,pres.f90:436,no,yes,no,yes,
pressure,PRES::PRESSURE_SOLVER_FFT,pres.f90,TWO_D,module_global,GLOBAL_CONSTANTS,runtime_scalar,R,pres.f90:345,no,yes,no,yes,
pressure,PRES::PRESSURE_SOLVER_FFT,pres.f90,T_USED,module_global,GLOBAL_CONSTANTS,runtime_array,RW,pres.f90:497,no,yes,no,yes,
pressure,PRES::PRESSURE_SOLVER_FFT,pres.f90,BXF,mesh_field,MESH_TYPE,pressure_solver,RW,pres.f90:346,no,yes,no,yes,via=ptr
pressure,PRES::PRESSURE_SOLVER_FFT,pres.f90,BXFT,mesh_field,MESH_TYPE,pressure_solver,RW,pres.f90:358,no,yes,no,yes,via=ptr
pressure,PRES::PRESSURE_SOLVER_FFT,pres.f90,BXF_BAR,mesh_field,MESH_TYPE,pressure_solver,R,pres.f90:442,no,yes,no,yes,via=ptr
pressure,PRES::PRESSURE_SOLVER_FFT,pres.f90,BXS,mesh_field,MESH_TYPE,pressure_solver,RW,pres.f90:346,no,yes,no,yes,via=ptr
pressure,PRES::PRESSURE_SOLVER_FFT,pres.f90,BXST,mesh_field,MESH_TYPE,pressure_solver,RW,pres.f90:357,no,yes,no,yes,via=ptr
pressure,PRES::PRESSURE_SOLVER_FFT,pres.f90,BXS_BAR,mesh_field,MESH_TYPE,pressure_solver,R,pres.f90:441,no,yes,no,yes,via=ptr
pressure,PRES::PRESSURE_SOLVER_FFT,pres.f90,BYF,mesh_field,MESH_TYPE,pressure_solver,R,pres.f90:346,no,yes,no,yes,via=ptr
pressure,PRES::PRESSURE_SOLVER_FFT,pres.f90,BYFT,mesh_field,MESH_TYPE,pressure_solver,RW,pres.f90:360,no,yes,no,yes,via=ptr
pressure,PRES::PRESSURE_SOLVER_FFT,pres.f90,BYS,mesh_field,MESH_TYPE,pressure_solver,R,pres.f90:346,no,yes,no,yes,via=ptr
pressure,PRES::PRESSURE_SOLVER_FFT,pres.f90,BYST,mesh_field,MESH_TYPE,pressure_solver,RW,pres.f90:359,no,yes,no,yes,via=ptr
pressure,PRES::PRESSURE_SOLVER_FFT,pres.f90,BZF,mesh_field,MESH_TYPE,pressure_solver,R,pres.f90:346,no,yes,no,yes,via=ptr
pressure,PRES::PRESSURE_SOLVER_FFT,pres.f90,BZFT,mesh_field,MESH_TYPE,pressure_solver,RW,pres.f90:353,no,yes,no,yes,via=ptr
pressure,PRES::PRESSURE_SOLVER_FFT,pres.f90,BZS,mesh_field,MESH_TYPE,pressure_solver,R,pres.f90:346,no,yes,no,yes,via=ptr
pressure,PRES::PRESSURE_SOLVER_FFT,pres.f90,BZST,mesh_field,MESH_TYPE,pressure_solver,RW,pres.f90:352,no,yes,no,yes,via=ptr
pressure,PRES::PRESSURE_SOLVER_FFT,pres.f90,DETA,mesh_field,MESH_TYPE,grid_geometry,R,pres.f90:468,no,yes,no,yes,via=ptr
pressure,PRES::PRESSURE_SOLVER_FFT,pres.f90,DXI,mesh_field,MESH_TYPE,grid_geometry,R,pres.f90:452,no,yes,no,yes,via=ptr
pressure,PRES::PRESSURE_SOLVER_FFT,pres.f90,DZETA,mesh_field,MESH_TYPE,grid_geometry,R,pres.f90:483,no,yes,no,yes,via=ptr
pressure,PRES::PRESSURE_SOLVER_FFT,pres.f90,H,mesh_field,MESH_TYPE,cell_centred_solution,RW,pres.f90:336,no,yes,no,yes,via=alias:HP|ptr
pressure,PRES::PRESSURE_SOLVER_FFT,pres.f90,HS,mesh_field,MESH_TYPE,cell_centred_solution,RW,pres.f90:338,no,yes,no,yes,via=alias:HP|ptr
pressure,PRES::PRESSURE_SOLVER_FFT,pres.f90,HX,mesh_field,MESH_TYPE,grid_geometry,R,pres.f90:346,no,yes,no,yes,via=ptr
pressure,PRES::PRESSURE_SOLVER_FFT,pres.f90,HY,mesh_field,MESH_TYPE,grid_geometry,R,pres.f90:354,no,yes,no,yes,via=ptr
pressure,PRES::PRESSURE_SOLVER_FFT,pres.f90,HZ,mesh_field,MESH_TYPE,grid_geometry,R,pres.f90:363,no,yes,no,yes,via=ptr
pressure,PRES::PRESSURE_SOLVER_FFT,pres.f90,IBAR,mesh_field,MESH_TYPE,grid_geometry,R,pres.f90:396,no,yes,no,yes,via=ptr
pressure,PRES::PRESSURE_SOLVER_FFT,pres.f90,IBP1,mesh_field,MESH_TYPE,grid_geometry,R,pres.f90:453,no,yes,no,yes,via=ptr
pressure,PRES::PRESSURE_SOLVER_FFT,pres.f90,IPS,mesh_field,MESH_TYPE,pressure_solver,R,pres.f90:343,no,yes,no,yes,via=ptr
pressure,PRES::PRESSURE_SOLVER_FFT,pres.f90,ITRN,mesh_field,MESH_TYPE,pressure_solver,R,pres.f90:346,no,yes,no,yes,via=ptr
pressure,PRES::PRESSURE_SOLVER_FFT,pres.f90,JBAR,mesh_field,MESH_TYPE,grid_geometry,R,pres.f90:395,no,yes,no,yes,via=ptr
pressure,PRES::PRESSURE_SOLVER_FFT,pres.f90,JBP1,mesh_field,MESH_TYPE,grid_geometry,R,pres.f90:469,no,yes,no,yes,via=ptr
pressure,PRES::PRESSURE_SOLVER_FFT,pres.f90,JTRN,mesh_field,MESH_TYPE,pressure_solver,R,pres.f90:346,no,yes,no,yes,via=ptr
pressure,PRES::PRESSURE_SOLVER_FFT,pres.f90,KBAR,mesh_field,MESH_TYPE,grid_geometry,R,pres.f90:394,no,yes,no,yes,via=ptr
pressure,PRES::PRESSURE_SOLVER_FFT,pres.f90,KBP1,mesh_field,MESH_TYPE,grid_geometry,R,pres.f90:484,no,yes,no,yes,via=ptr
pressure,PRES::PRESSURE_SOLVER_FFT,pres.f90,LBC,mesh_field,MESH_TYPE,pressure_solver,R,pres.f90:452,no,yes,no,yes,via=ptr
pressure,PRES::PRESSURE_SOLVER_FFT,pres.f90,MBC,mesh_field,MESH_TYPE,pressure_solver,R,pres.f90:468,no,yes,no,yes,via=ptr
pressure,PRES::PRESSURE_SOLVER_FFT,pres.f90,NBC,mesh_field,MESH_TYPE,pressure_solver,R,pres.f90:483,no,yes,no,yes,via=ptr
pressure,PRES::PRESSURE_SOLVER_FFT,pres.f90,POIS_PTB,mesh_field,MESH_TYPE,pressure_solver,RW,pres.f90:346,no,yes,no,yes,via=ptr
pressure,PRES::PRESSURE_SOLVER_FFT,pres.f90,PRHS,mesh_field,MESH_TYPE,pressure_solver,RW,pres.f90:346,no,yes,no,yes,via=ptr
pressure,PRES::PRESSURE_SOLVER_FFT,pres.f90,SAVE1,mesh_field,MESH_TYPE,pressure_solver,R,pres.f90:346,no,yes,no,yes,via=ptr
pressure,PRES::PRESSURE_SOLVER_FFT,pres.f90,WORK,mesh_field,MESH_TYPE,pressure_solver,RW,pres.f90:346,no,yes,no,yes,via=ptr
pressure,PRES::TUNNEL_POISSON_SOLVER,pres.f90,COUNTS_TP,module_global,GLOBAL_CONSTANTS,runtime_array,R,pres.f90:633,yes,yes,yes,yes,
pressure,PRES::TUNNEL_POISSON_SOLVER,pres.f90,DISPLS_TP,module_global,GLOBAL_CONSTANTS,runtime_array,R,pres.f90:633,yes,yes,yes,yes,
pressure,PRES::TUNNEL_POISSON_SOLVER,pres.f90,H_BAR,module_global,GLOBAL_CONSTANTS,runtime_array,RW,pres.f90:677,yes,yes,yes,yes,
pressure,PRES::TUNNEL_POISSON_SOLVER,pres.f90,I_OFFSET,module_global,GLOBAL_CONSTANTS,runtime_array,R,pres.f90:540,yes,yes,yes,yes,
pressure,PRES::TUNNEL_POISSON_SOLVER,pres.f90,LOWER_MESH_INDEX,module_global,GLOBAL_CONSTANTS,runtime_scalar,R,pres.f90:526,yes,yes,yes,yes,
pressure,PRES::TUNNEL_POISSON_SOLVER,pres.f90,MY_RANK,module_global,GLOBAL_CONSTANTS,runtime_scalar,R,pres.f90:631,yes,yes,yes,yes,
pressure,PRES::TUNNEL_POISSON_SOLVER,pres.f90,NMESHES,module_global,GLOBAL_CONSTANTS,runtime_scalar,R,pres.f90:542,yes,yes,yes,yes,
pressure,PRES::TUNNEL_POISSON_SOLVER,pres.f90,PRES_FLAG,module_global,GLOBAL_CONSTANTS,runtime_scalar,R,pres.f90:530,yes,yes,yes,yes,
pressure,PRES::TUNNEL_POISSON_SOLVER,pres.f90,TP_AA,module_global,GLOBAL_CONSTANTS,runtime_array,RW,pres.f90:559,yes,yes,yes,yes,
pressure,PRES::TUNNEL_POISSON_SOLVER,pres.f90,TP_BB,module_global,GLOBAL_CONSTANTS,runtime_array,RW,pres.f90:560,yes,yes,yes,yes,
pressure,PRES::TUNNEL_POISSON_SOLVER,pres.f90,TP_CC,module_global,GLOBAL_CONSTANTS,runtime_array,RW,pres.f90:546,yes,yes,yes,yes,
pressure,PRES::TUNNEL_POISSON_SOLVER,pres.f90,TP_DD,module_global,GLOBAL_CONSTANTS,runtime_array,RW,pres.f90:558,yes,yes,yes,yes,
pressure,PRES::TUNNEL_POISSON_SOLVER,pres.f90,TP_RDXN,module_global,GLOBAL_CONSTANTS,runtime_array,RW,pres.f90:540,yes,yes,yes,yes,
pressure,PRES::TUNNEL_POISSON_SOLVER,pres.f90,TUNNEL_NXP,module_global,GLOBAL_CONSTANTS,runtime_scalar,R,pres.f90:621,yes,yes,yes,yes,
pressure,PRES::TUNNEL_POISSON_SOLVER,pres.f90,T_USED,module_global,GLOBAL_CONSTANTS,runtime_array,RW,pres.f90:696,yes,yes,yes,yes,
pressure,PRES::TUNNEL_POISSON_SOLVER,pres.f90,UPPER_MESH_INDEX,module_global,GLOBAL_CONSTANTS,runtime_scalar,R,pres.f90:526,yes,yes,yes,yes,
pressure,PRES::TUNNEL_POISSON_SOLVER,pres.f90,BXF,mesh_field,MESH_TYPE,pressure_solver,RW,pres.f90:586,yes,yes,yes,yes,via=M
pressure,PRES::TUNNEL_POISSON_SOLVER,pres.f90,BXF_BAR,mesh_field,MESH_TYPE,pressure_solver,RW,pres.f90:572,yes,yes,yes,yes,via=M
pressure,PRES::TUNNEL_POISSON_SOLVER,pres.f90,BXS,mesh_field,MESH_TYPE,pressure_solver,RW,pres.f90:579,yes,yes,yes,yes,via=M
pressure,PRES::TUNNEL_POISSON_SOLVER,pres.f90,BXS_BAR,mesh_field,MESH_TYPE,pressure_solver,RW,pres.f90:571,yes,yes,yes,yes,via=M
pressure,PRES::TUNNEL_POISSON_SOLVER,pres.f90,CELL,mesh_field,MESH_TYPE,wall_obst_cutcell,R,pres.f90:534,yes,yes,yes,yes,via=M
pressure,PRES::TUNNEL_POISSON_SOLVER,pres.f90,CELL_INDEX,mesh_field,MESH_TYPE,wall_obst_cutcell,R,pres.f90:534,yes,yes,yes,yes,via=M
pressure,PRES::TUNNEL_POISSON_SOLVER,pres.f90,DX,mesh_field,MESH_TYPE,grid_geometry,R,pres.f90:541,yes,yes,yes,yes,via=M|MESHES
pressure,PRES::TUNNEL_POISSON_SOLVER,pres.f90,DXI,mesh_field,MESH_TYPE,grid_geometry,R,pres.f90:611,yes,yes,yes,yes,via=M
pressure,PRES::TUNNEL_POISSON_SOLVER,pres.f90,DY,mesh_field,MESH_TYPE,grid_geometry,R,pres.f90:550,yes,yes,yes,yes,via=M
pressure,PRES::TUNNEL_POISSON_SOLVER,pres.f90,DZ,mesh_field,MESH_TYPE,grid_geometry,R,pres.f90:550,yes,yes,yes,yes,via=M
pressure,PRES::TUNNEL_POISSON_SOLVER,pres.f90,IBAR,mesh_field,MESH_TYPE,grid_geometry,R,pres.f90:533,yes,yes,yes,yes,via=M|MESHES
pressure,PRES::TUNNEL_POISSON_SOLVER,pres.f90,IBP1,mesh_field,MESH_TYPE,grid_geometry,R,pres.f90:585,yes,yes,yes,yes,via=M
pressure,PRES::TUNNEL_POISSON_SOLVER,pres.f90,IPS,mesh_field,MESH_TYPE,pressure_solver,R,pres.f90:549,yes,yes,yes,yes,via=M
pressure,PRES::TUNNEL_POISSON_SOLVER,pres.f90,JBAR,mesh_field,MESH_TYPE,grid_geometry,R,pres.f90:532,yes,yes,yes,yes,via=M
pressure,PRES::TUNNEL_POISSON_SOLVER,pres.f90,KBAR,mesh_field,MESH_TYPE,grid_geometry,R,pres.f90:531,yes,yes,yes,yes,via=M
pressure,PRES::TUNNEL_POISSON_SOLVER,pres.f90,LBC,mesh_field,MESH_TYPE,pressure_solver,R,pres.f90:610,yes,yes,yes,yes,via=M
pressure,PRES::TUNNEL_POISSON_SOLVER,pres.f90,PRHS,mesh_field,MESH_TYPE,pressure_solver,RW,pres.f90:534,yes,yes,yes,yes,via=M
pressure,PRES::TUNNEL_POISSON_SOLVER,pres.f90,RDX,mesh_field,MESH_TYPE,grid_geometry,R,pres.f90:558,yes,yes,yes,yes,via=M
pressure,PRES::TUNNEL_POISSON_SOLVER,pres.f90,RDXN,mesh_field,MESH_TYPE,grid_geometry,R,pres.f90:540,yes,yes,yes,yes,via=M
pressure,PRES::TUNNEL_POISSON_SOLVER,pres.f90,YF,mesh_field,MESH_TYPE,grid_geometry,R,pres.f90:557,yes,yes,yes,yes,via=M
pressure,PRES::TUNNEL_POISSON_SOLVER,pres.f90,YS,mesh_field,MESH_TYPE,grid_geometry,R,pres.f90:557,yes,yes,yes,yes,via=M
pressure,PRES::TUNNEL_POISSON_SOLVER,pres.f90,ZF,mesh_field,MESH_TYPE,grid_geometry,R,pres.f90:557,yes,yes,yes,yes,via=M
pressure,PRES::TUNNEL_POISSON_SOLVER,pres.f90,ZS,mesh_field,MESH_TYPE,grid_geometry,R,pres.f90:557,yes,yes,yes,yes,via=M
pressure,VELO::BAROCLINIC_CORRECTION,velo.f90,CC_IBM,module_global,GLOBAL_CONSTANTS,runtime_scalar,R,velo.f90:3311,no,no,no,no,
pressure,VELO::BAROCLINIC_CORRECTION,velo.f90,FREEZE_VELOCITY,module_global,GLOBAL_CONSTANTS,runtime_scalar,R,velo.f90:3225,no,no,no,no,
pressure,VELO::BAROCLINIC_CORRECTION,velo.f90,PREDICTOR,module_global,GLOBAL_CONSTANTS,runtime_scalar,R,velo.f90:3242,no,no,no,no,
pressure,VELO::BAROCLINIC_CORRECTION,velo.f90,SOLID_PHASE_ONLY,module_global,GLOBAL_CONSTANTS,runtime_scalar,R,velo.f90:3225,no,no,no,no,
pressure,VELO::BAROCLINIC_CORRECTION,velo.f90,TWO_D,module_global,GLOBAL_CONSTANTS,runtime_scalar,R,velo.f90:3280,no,no,no,no,
pressure,VELO::BAROCLINIC_CORRECTION,velo.f90,T_USED,module_global,GLOBAL_CONSTANTS,runtime_array,RW,velo.f90:3309,no,no,no,no,
pressure,VELO::BAROCLINIC_CORRECTION,velo.f90,BAROCLINIC_TERMS_ATTACHED,mesh_field,MESH_TYPE,other,RW,velo.f90:3233,no,no,no,no,via=ptr
pressure,VELO::BAROCLINIC_CORRECTION,velo.f90,FVX,mesh_field,MESH_TYPE,face_centred_flux,RW,velo.f90:3234,no,no,no,no,via=ptr
pressure,VELO::BAROCLINIC_CORRECTION,velo.f90,FVX_B,mesh_field,MESH_TYPE,face_centred_flux,RW,velo.f90:3234,no,no,no,no,via=ptr
pressure,VELO::BAROCLINIC_CORRECTION,velo.f90,FVY,mesh_field,MESH_TYPE,face_centred_flux,RW,velo.f90:3235,no,no,no,no,via=ptr
pressure,VELO::BAROCLINIC_CORRECTION,velo.f90,FVY_B,mesh_field,MESH_TYPE,face_centred_flux,RW,velo.f90:3235,no,no,no,no,via=ptr
pressure,VELO::BAROCLINIC_CORRECTION,velo.f90,FVZ,mesh_field,MESH_TYPE,face_centred_flux,RW,velo.f90:3236,no,no,no,no,via=ptr
pressure,VELO::BAROCLINIC_CORRECTION,velo.f90,FVZ_B,mesh_field,MESH_TYPE,face_centred_flux,RW,velo.f90:3236,no,no,no,no,via=ptr
pressure,VELO::BAROCLINIC_CORRECTION,velo.f90,H,mesh_field,MESH_TYPE,cell_centred_solution,R,velo.f90:3244,no,no,no,no,via=alias:HP|ptr
pressure,VELO::BAROCLINIC_CORRECTION,velo.f90,HS,mesh_field,MESH_TYPE,cell_centred_solution,R,velo.f90:3247,no,no,no,no,via=alias:HP|ptr
pressure,VELO::BAROCLINIC_CORRECTION,velo.f90,IBAR,mesh_field,MESH_TYPE,grid_geometry,R,velo.f90:3269,no,no,no,no,via=ptr
pressure,VELO::BAROCLINIC_CORRECTION,velo.f90,IBP1,mesh_field,MESH_TYPE,grid_geometry,R,velo.f90:3256,no,no,no,no,via=ptr
pressure,VELO::BAROCLINIC_CORRECTION,velo.f90,JBAR,mesh_field,MESH_TYPE,grid_geometry,R,velo.f90:3268,no,no,no,no,via=ptr
pressure,VELO::BAROCLINIC_CORRECTION,velo.f90,JBP1,mesh_field,MESH_TYPE,grid_geometry,R,velo.f90:3255,no,no,no,no,via=ptr
pressure,VELO::BAROCLINIC_CORRECTION,velo.f90,KBAR,mesh_field,MESH_TYPE,grid_geometry,R,velo.f90:3267,no,no,no,no,via=ptr
pressure,VELO::BAROCLINIC_CORRECTION,velo.f90,KBP1,mesh_field,MESH_TYPE,grid_geometry,R,velo.f90:3254,no,no,no,no,via=ptr
pressure,VELO::BAROCLINIC_CORRECTION,velo.f90,KRES,mesh_field,MESH_TYPE,cell_centred_solution,R,velo.f90:3257,no,no,no,no,via=ptr
pressure,VELO::BAROCLINIC_CORRECTION,velo.f90,RDXN,mesh_field,MESH_TYPE,grid_geometry,R,velo.f90:3270,no,no,no,no,via=ptr
pressure,VELO::BAROCLINIC_CORRECTION,velo.f90,RDYN,mesh_field,MESH_TYPE,grid_geometry,R,velo.f90:3285,no,no,no,no,via=ptr
pressure,VELO::BAROCLINIC_CORRECTION,velo.f90,RDZN,mesh_field,MESH_TYPE,grid_geometry,R,velo.f90:3300,no,no,no,no,via=ptr
pressure,VELO::BAROCLINIC_CORRECTION,velo.f90,RHO,mesh_field,MESH_TYPE,cell_centred_solution,R,velo.f90:3243,no,no,no,no,via=alias:RHOP|ptr
pressure,VELO::BAROCLINIC_CORRECTION,velo.f90,RHOS,mesh_field,MESH_TYPE,cell_centred_solution,R,velo.f90:3246,no,no,no,no,via=alias:RHOP|ptr
pressure,VELO::BAROCLINIC_CORRECTION,velo.f90,WORK1,mesh_field,MESH_TYPE,scratch_work,RW,velo.f90:3239,no,no,no,no,via=alias:P|ptr
pressure,VELO::BAROCLINIC_CORRECTION,velo.f90,WORK2,mesh_field,MESH_TYPE,scratch_work,RW,velo.f90:3240,no,no,no,no,via=alias:RRHO|ptr
pressure,VELO::MATCH_VELOCITY_FLUX,velo.f90,CC_IBM,module_global,GLOBAL_CONSTANTS,runtime_scalar,R,velo.f90:2878,yes,no,no,no,
pressure,VELO::MATCH_VELOCITY_FLUX,velo.f90,NMESHES,module_global,GLOBAL_CONSTANTS,runtime_scalar,R,velo.f90:2875,yes,no,no,no,
pressure,VELO::MATCH_VELOCITY_FLUX,velo.f90,SOLID_PHASE_ONLY,module_global,GLOBAL_CONSTANTS,runtime_scalar,R,velo.f90:2876,yes,no,no,no,
pressure,VELO::MATCH_VELOCITY_FLUX,velo.f90,T_USED,module_global,GLOBAL_CONSTANTS,runtime_array,RW,velo.f90:3017,yes,no,no,no,
pressure,VELO::MATCH_VELOCITY_FLUX,velo.f90,BOUNDARY_COORD,mesh_field,MESH_TYPE,wall_obst_cutcell,R,velo.f90:2897,yes,no,no,no,via=alias:BC|ptr
pressure,VELO::MATCH_VELOCITY_FLUX,velo.f90,DX,mesh_field,MESH_TYPE,grid_geometry,R,velo.f90:2923,yes,no,no,no,via=M2
pressure,VELO::MATCH_VELOCITY_FLUX,velo.f90,DY,mesh_field,MESH_TYPE,grid_geometry,R,velo.f90:2915,yes,no,no,no,via=M2
pressure,VELO::MATCH_VELOCITY_FLUX,velo.f90,DZ,mesh_field,MESH_TYPE,grid_geometry,R,velo.f90:2915,yes,no,no,no,via=M2
pressure,VELO::MATCH_VELOCITY_FLUX,velo.f90,EXTERNAL_WALL,mesh_field,MESH_TYPE,ghost_boundary,R,velo.f90:2894,yes,no,no,no,via=alias:EWC|ptr
pressure,VELO::MATCH_VELOCITY_FLUX,velo.f90,FVX,mesh_field,MESH_TYPE,face_centred_flux,RW,velo.f90:2951,yes,no,no,no,via=ptr
pressure,VELO::MATCH_VELOCITY_FLUX,velo.f90,FVY,mesh_field,MESH_TYPE,face_centred_flux,RW,velo.f90:2975,yes,no,no,no,via=ptr
pressure,VELO::MATCH_VELOCITY_FLUX,velo.f90,FVZ,mesh_field,MESH_TYPE,face_centred_flux,RW,velo.f90:2999,yes,no,no,no,via=ptr
pressure,VELO::MATCH_VELOCITY_FLUX,velo.f90,IBAR,mesh_field,MESH_TYPE,grid_geometry,R,velo.f90:2963,yes,no,no,no,via=ptr
pressure,VELO::MATCH_VELOCITY_FLUX,velo.f90,JBAR,mesh_field,MESH_TYPE,grid_geometry,R,velo.f90:2987,yes,no,no,no,via=ptr
pressure,VELO::MATCH_VELOCITY_FLUX,velo.f90,KBAR,mesh_field,MESH_TYPE,grid_geometry,R,velo.f90:3011,yes,no,no,no,via=ptr
pressure,VELO::MATCH_VELOCITY_FLUX,velo.f90,N_EXTERNAL_WALL_CELLS,mesh_field,MESH_TYPE,ghost_boundary,R,velo.f90:2891,yes,no,no,no,via=ptr
pressure,VELO::MATCH_VELOCITY_FLUX,velo.f90,OMESH,mesh_field,MESH_TYPE,mpi_exchange,R,velo.f90:2903,yes,no,no,no,via=alias:OM|ptr
pressure,VELO::MATCH_VELOCITY_FLUX,velo.f90,WALL,mesh_field,MESH_TYPE,wall_obst_cutcell,R,velo.f90:2893,yes,no,no,no,via=alias:WC|ptr
pressure,VELO::MATCH_VELOCITY_FLUX,velo.f90,FVX,mesh_field,OMESH_TYPE,mpi_exchange,R,velo.f90:2947,yes,no,no,no,via=OM
pressure,VELO::MATCH_VELOCITY_FLUX,velo.f90,FVY,mesh_field,OMESH_TYPE,mpi_exchange,R,velo.f90:2971,yes,no,no,no,via=OM
pressure,VELO::MATCH_VELOCITY_FLUX,velo.f90,FVZ,mesh_field,OMESH_TYPE,mpi_exchange,R,velo.f90:2995,yes,no,no,no,via=OM
pressure,VELO::NO_FLUX,velo.f90,FREEZE_VELOCITY,module_global,GLOBAL_CONSTANTS,runtime_scalar,R,velo.f90:1361,yes,yes,no,no,
pressure,VELO::NO_FLUX,velo.f90,PREDICTOR,module_global,GLOBAL_CONSTANTS,runtime_scalar,R,velo.f90:1368,yes,yes,no,no,
pressure,VELO::NO_FLUX,velo.f90,PRES_FLAG,module_global,GLOBAL_CONSTANTS,runtime_scalar,R,velo.f90:1484,yes,yes,no,no,
pressure,VELO::NO_FLUX,velo.f90,RELAXATION_FACTOR,module_global,GLOBAL_CONSTANTS,runtime_scalar,R,velo.f90:1366,yes,yes,no,no,
pressure,VELO::NO_FLUX,velo.f90,SOLID_PHASE_ONLY,module_global,GLOBAL_CONSTANTS,runtime_scalar,R,velo.f90:1361,yes,yes,no,no,
pressure,VELO::NO_FLUX,velo.f90,T_USED,module_global,GLOBAL_CONSTANTS,runtime_array,RW,velo.f90:1561,yes,yes,no,no,
pressure,VELO::NO_FLUX,velo.f90,BOUNDARY_COORD,mesh_field,MESH_TYPE,wall_obst_cutcell,R,velo.f90:1386,yes,yes,no,no,via=alias:BC|ptr
pressure,VELO::NO_FLUX,velo.f90,BOUNDARY_PROP1,mesh_field,MESH_TYPE,wall_obst_cutcell,R,velo.f90:1490,yes,yes,no,no,via=alias:B1|ptr
pressure,VELO::NO_FLUX,velo.f90,CELL,mesh_field,MESH_TYPE,wall_obst_cutcell,R,velo.f90:1413,yes,yes,no,no,via=ptr
pressure,VELO::NO_FLUX,velo.f90,CELL_INDEX,mesh_field,MESH_TYPE,wall_obst_cutcell,R,velo.f90:1411,yes,yes,no,no,via=ptr
pressure,VELO::NO_FLUX,velo.f90,EXTERNAL_WALL,mesh_field,MESH_TYPE,ghost_boundary,R,velo.f90:1377,yes,yes,no,no,via=alias:EWC|ptr
pressure,VELO::NO_FLUX,velo.f90,FVX,mesh_field,MESH_TYPE,face_centred_flux,W,velo.f90:1419,yes,yes,no,no,via=ptr
pressure,VELO::NO_FLUX,velo.f90,FVY,mesh_field,MESH_TYPE,face_centred_flux,W,velo.f90:1436,yes,yes,no,no,via=ptr
pressure,VELO::NO_FLUX,velo.f90,FVZ,mesh_field,MESH_TYPE,face_centred_flux,W,velo.f90:1453,yes,yes,no,no,via=ptr
pressure,VELO::NO_FLUX,velo.f90,H,mesh_field,MESH_TYPE,cell_centred_solution,RW,velo.f90:1369,yes,yes,no,no,via=alias:HP|ptr
pressure,VELO::NO_FLUX,velo.f90,HS,mesh_field,MESH_TYPE,cell_centred_solution,RW,velo.f90:1371,yes,yes,no,no,via=alias:HP|ptr
pressure,VELO::NO_FLUX,velo.f90,N_EXTERNAL_WALL_CELLS,mesh_field,MESH_TYPE,ghost_boundary,R,velo.f90:1376,yes,yes,no,no,via=ptr
pressure,VELO::NO_FLUX,velo.f90,N_INTERNAL_WALL_CELLS,mesh_field,MESH_TYPE,wall_obst_cutcell,R,velo.f90:1463,yes,yes,no,no,via=ptr
pressure,VELO::NO_FLUX,velo.f90,N_OBST,mesh_field,MESH_TYPE,wall_obst_cutcell,R,velo.f90:1404,yes,yes,no,no,via=ptr
pressure,VELO::NO_FLUX,velo.f90,OBSTRUCTION,mesh_field,MESH_TYPE,wall_obst_cutcell,R,velo.f90:1406,yes,yes,no,no,via=alias:OB|ptr
pressure,VELO::NO_FLUX,velo.f90,OMESH,mesh_field,MESH_TYPE,mpi_exchange,R,velo.f90:1382,yes,yes,no,no,via=ptr
pressure,VELO::NO_FLUX,velo.f90,RDXN,mesh_field,MESH_TYPE,grid_geometry,R,velo.f90:1419,yes,yes,no,no,via=ptr
pressure,VELO::NO_FLUX,velo.f90,RDYN,mesh_field,MESH_TYPE,grid_geometry,R,velo.f90:1436,yes,yes,no,no,via=ptr
pressure,VELO::NO_FLUX,velo.f90,RDZN,mesh_field,MESH_TYPE,grid_geometry,R,velo.f90:1453,yes,yes,no,no,via=ptr
pressure,VELO::NO_FLUX,velo.f90,U,mesh_field,MESH_TYPE,face_centred_flux,R,velo.f90:1415,yes,yes,no,no,via=ptr
pressure,VELO::NO_FLUX,velo.f90,US,mesh_field,MESH_TYPE,face_centred_flux,R,velo.f90:1417,yes,yes,no,no,via=ptr
pressure,VELO::NO_FLUX,velo.f90,V,mesh_field,MESH_TYPE,face_centred_flux,R,velo.f90:1432,yes,yes,no,no,via=ptr
pressure,VELO::NO_FLUX,velo.f90,VS,mesh_field,MESH_TYPE,face_centred_flux,R,velo.f90:1434,yes,yes,no,no,via=ptr
pressure,VELO::NO_FLUX,velo.f90,W,mesh_field,MESH_TYPE,face_centred_flux,R,velo.f90:1449,yes,yes,no,no,via=ptr
pressure,VELO::NO_FLUX,velo.f90,WALL,mesh_field,MESH_TYPE,wall_obst_cutcell,R,velo.f90:1380,yes,yes,no,no,via=alias:WC|ptr
pressure,VELO::NO_FLUX,velo.f90,WS,mesh_field,MESH_TYPE,face_centred_flux,R,velo.f90:1451,yes,yes,no,no,via=ptr
pressure,VELO::NO_FLUX,velo.f90,H,mesh_field,OMESH_TYPE,mpi_exchange,R,velo.f90:1382,yes,yes,no,no,via=OMESH|alias:OM_HP
pressure,VELO::NO_FLUX,velo.f90,HS,mesh_field,OMESH_TYPE,mpi_exchange,R,velo.f90:1384,yes,yes,no,no,via=OMESH|alias:OM_HP
