stage,routine,file,variable,kind,owner,category,access,citation,crosses_meshes,hidden_state,global_reduction,uniform_grid_assumption,note
other/shared,CC_SCALARS::CHECK_CFLVN_LINKED_CELLS,ccib.f90,B1,module_global,CC_SCALARS,pointer,RW,ccib.f90:1016,no,yes,no,no,
other/shared,CC_SCALARS::CHECK_CFLVN_LINKED_CELLS,ccib.f90,BC,module_global,CC_SCALARS,pointer,RW,ccib.f90:1015,no,yes,no,no,
other/shared,CC_SCALARS::CHECK_CFLVN_LINKED_CELLS,ccib.f90,CFA,module_global,CC_SCALARS,pointer,RW,ccib.f90:1013,no,yes,no,no,
other/shared,CC_SCALARS::CHECK_CFLVN_LINKED_CELLS,ccib.f90,NUNKZ_LOC,module_global,CC_SCALARS,runtime_array,R,ccib.f90:845,no,yes,no,no,
other/shared,CC_SCALARS::CHECK_CFLVN_LINKED_CELLS,ccib.f90,UNKZ_ILC,module_global,CC_SCALARS,runtime_array,R,ccib.f90:848,no,yes,no,no,
other/shared,CC_SCALARS::CHECK_CFLVN_LINKED_CELLS,ccib.f90,UNKZ_IND,module_global,CC_SCALARS,runtime_array,R,ccib.f90:868,no,yes,no,no,
other/shared,CC_SCALARS::CHECK_CFLVN_LINKED_CELLS,ccib.f90,NM_START,module_global,COMPLEX_GEOMETRY,runtime_scalar,R,ccib.f90:868,no,yes,no,no,
other/shared,CC_SCALARS::CHECK_CFLVN_LINKED_CELLS,ccib.f90,CHECK_HT,module_global,GLOBAL_CONSTANTS,runtime_scalar,R,ccib.f90:1011,no,yes,no,no,
other/shared,CC_SCALARS::CHECK_CFLVN_LINKED_CELLS,ccib.f90,CHECK_VN,module_global,GLOBAL_CONSTANTS,runtime_scalar,R,ccib.f90:869,no,yes,no,no,
other/shared,CC_SCALARS::CHECK_CFLVN_LINKED_CELLS,ccib.f90,TWO_D,module_global,GLOBAL_CONSTANTS,runtime_scalar,R,ccib.f90:861,no,yes,no,no,
other/shared,CC_SCALARS::CHECK_CFLVN_LINKED_CELLS,ccib.f90,BOUNDARY_COORD,mesh_field,MESH_TYPE,wall_obst_cutcell,R,ccib.f90:1015,no,yes,no,no,via=alias:BC|ptr
other/shared,CC_SCALARS::CHECK_CFLVN_LINKED_CELLS,ccib.f90,BOUNDARY_PROP1,mesh_field,MESH_TYPE,wall_obst_cutcell,R,ccib.f90:980,no,yes,no,no,via=alias:B1|ptr
other/shared,CC_SCALARS::CHECK_CFLVN_LINKED_CELLS,ccib.f90,CCVAR,mesh_field,MESH_TYPE,wall_obst_cutcell,R,ccib.f90:867,no,yes,no,no,via=ptr
other/shared,CC_SCALARS::CHECK_CFLVN_LINKED_CELLS,ccib.f90,CELL,mesh_field,MESH_TYPE,wall_obst_cutcell,R,ccib.f90:922,no,yes,no,no,via=ptr
other/shared,CC_SCALARS::CHECK_CFLVN_LINKED_CELLS,ccib.f90,CELL_INDEX,mesh_field,MESH_TYPE,wall_obst_cutcell,R,ccib.f90:922,no,yes,no,no,via=ptr
other/shared,CC_SCALARS::CHECK_CFLVN_LINKED_CELLS,ccib.f90,CFACE,mesh_field,MESH_TYPE,wall_obst_cutcell,R,ccib.f90:980,no,yes,no,no,via=alias:CFA|ptr
other/shared,CC_SCALARS::CHECK_CFLVN_LINKED_CELLS,ccib.f90,CFL,mesh_field,MESH_TYPE,other,RW,ccib.f90:1003,no,yes,no,no,via=ptr
other/shared,CC_SCALARS::CHECK_CFLVN_LINKED_CELLS,ccib.f90,CUT_CELL,mesh_field,MESH_TYPE,wall_obst_cutcell,R,ccib.f90:919,no,yes,no,no,via=ptr
other/shared,CC_SCALARS::CHECK_CFLVN_LINKED_CELLS,ccib.f90,CUT_FACE,mesh_field,MESH_TYPE,wall_obst_cutcell,R,ccib.f90:966,no,yes,no,no,via=ptr
other/shared,CC_SCALARS::CHECK_CFLVN_LINKED_CELLS,ccib.f90,DS,mesh_field,MESH_TYPE,cell_centred_solution,R,ccib.f90:911,no,yes,no,no,via=ptr
other/shared,CC_SCALARS::CHECK_CFLVN_LINKED_CELLS,ccib.f90,DX,mesh_field,MESH_TYPE,grid_geometry,R,ccib.f90:874,no,yes,no,no,via=ptr
other/shared,CC_SCALARS::CHECK_CFLVN_LINKED_CELLS,ccib.f90,DY,mesh_field,MESH_TYPE,grid_geometry,R,ccib.f90:879,no,yes,no,no,via=ptr
other/shared,CC_SCALARS::CHECK_CFLVN_LINKED_CELLS,ccib.f90,DZ,mesh_field,MESH_TYPE,grid_geometry,R,ccib.f90:879,no,yes,no,no,via=ptr
other/shared,CC_SCALARS::CHECK_CFLVN_LINKED_CELLS,ccib.f90,D_Z_MAX,mesh_field,MESH_TYPE,cell_centred_solution,R,ccib.f90:869,no,yes,no,no,via=ptr
other/shared,CC_SCALARS::CHECK_CFLVN_LINKED_CELLS,ccib.f90,FCVAR,mesh_field,MESH_TYPE,wall_obst_cutcell,R,ccib.f90:873,no,yes,no,no,via=ptr
other/shared,CC_SCALARS::CHECK_CFLVN_LINKED_CELLS,ccib.f90,IBAR,mesh_field,MESH_TYPE,grid_geometry,R,ccib.f90:866,no,yes,no,no,via=ptr
other/shared,CC_SCALARS::CHECK_CFLVN_LINKED_CELLS,ccib.f90,ICFL,mesh_field,MESH_TYPE,other,W,ccib.f90:1006,no,yes,no,no,via=ptr
other/shared,CC_SCALARS::CHECK_CFLVN_LINKED_CELLS,ccib.f90,I_VN,mesh_field,MESH_TYPE,other,W,ccib.f90:1055,no,yes,no,no,via=ptr
other/shared,CC_SCALARS::CHECK_CFLVN_LINKED_CELLS,ccib.f90,JBAR,mesh_field,MESH_TYPE,grid_geometry,R,ccib.f90:865,no,yes,no,no,via=ptr
other/shared,CC_SCALARS::CHECK_CFLVN_LINKED_CELLS,ccib.f90,JCFL,mesh_field,MESH_TYPE,other,W,ccib.f90:1007,no,yes,no,no,via=ptr
other/shared,CC_SCALARS::CHECK_CFLVN_LINKED_CELLS,ccib.f90,J_VN,mesh_field,MESH_TYPE,other,W,ccib.f90:1056,no,yes,no,no,via=ptr
other/shared,CC_SCALARS::CHECK_CFLVN_LINKED_CELLS,ccib.f90,KBAR,mesh_field,MESH_TYPE,grid_geometry,R,ccib.f90:864,no,yes,no,no,via=ptr
other/shared,CC_SCALARS::CHECK_CFLVN_LINKED_CELLS,ccib.f90,KCFL,mesh_field,MESH_TYPE,other,W,ccib.f90:1008,no,yes,no,no,via=ptr
other/shared,CC_SCALARS::CHECK_CFLVN_LINKED_CELLS,ccib.f90,K_VN,mesh_field,MESH_TYPE,other,W,ccib.f90:1057,no,yes,no,no,via=ptr
other/shared,CC_SCALARS::CHECK_CFLVN_LINKED_CELLS,ccib.f90,MU,mesh_field,MESH_TYPE,cell_centred_solution,R,ccib.f90:869,no,yes,no,no,via=ptr
other/shared,CC_SCALARS::CHECK_CFLVN_LINKED_CELLS,ccib.f90,N_CUTCELL_MESH,mesh_field,MESH_TYPE,wall_obst_cutcell,R,ccib.f90:918,no,yes,no,no,via=MESHES
other/shared,CC_SCALARS::CHECK_CFLVN_LINKED_CELLS,ccib.f90,N_EXTERNAL_CFACE_CELLS,mesh_field,MESH_TYPE,wall_obst_cutcell,R,ccib.f90:1012,no,yes,no,no,via=ptr
other/shared,CC_SCALARS::CHECK_CFLVN_LINKED_CELLS,ccib.f90,N_INTERNAL_CFACE_CELLS,mesh_field,MESH_TYPE,wall_obst_cutcell,R,ccib.f90:1012,no,yes,no,no,via=ptr
other/shared,CC_SCALARS::CHECK_CFLVN_LINKED_CELLS,ccib.f90,N_INTWALL_CFACE_CELLS,mesh_field,MESH_TYPE,wall_obst_cutcell,R,ccib.f90:1012,no,yes,no,no,via=ptr
other/shared,CC_SCALARS::CHECK_CFLVN_LINKED_CELLS,ccib.f90,RC_FACE,mesh_field,MESH_TYPE,wall_obst_cutcell,R,ccib.f90:876,no,yes,no,no,via=ptr
other/shared,CC_SCALARS::CHECK_CFLVN_LINKED_CELLS,ccib.f90,RHOS,mesh_field,MESH_TYPE,cell_centred_solution,R,ccib.f90:869,no,yes,no,no,via=ptr
other/shared,CC_SCALARS::CHECK_CFLVN_LINKED_CELLS,ccib.f90,US,mesh_field,MESH_TYPE,face_centred_flux,R,ccib.f90:879,no,yes,no,no,via=ptr
other/shared,CC_SCALARS::CHECK_CFLVN_LINKED_CELLS,ccib.f90,VN,mesh_field,MESH_TYPE,other,RW,ccib.f90:1051,no,yes,no,no,via=ptr
other/shared,CC_SCALARS::CHECK_CFLVN_LINKED_CELLS,ccib.f90,VS,mesh_field,MESH_TYPE,face_centred_flux,R,ccib.f90:892,no,yes,no,no,via=ptr
other/shared,CC_SCALARS::CHECK_CFLVN_LINKED_CELLS,ccib.f90,WS,mesh_field,MESH_TYPE,face_centred_flux,R,ccib.f90:905,no,yes,no,no,via=ptr
other/shared,DUMP::TIMINGS,dump.f90,CONTROL,module_global,CONTROL_VARIABLES,runtime_array,R,dump.f90:12658,no,no,no,no,
other/shared,DUMP::TIMINGS,dump.f90,N_CTRL,module_global,CONTROL_VARIABLES,runtime_scalar,R,dump.f90:12654,no,no,no,no,
other/shared,DUMP::TIMINGS,dump.f90,DEVICE,module_global,DEVICE_VARIABLES,runtime_array,R,dump.f90:12638,no,no,no,no,
other/shared,DUMP::TIMINGS,dump.f90,N_DEVC,module_global,DEVICE_VARIABLES,runtime_scalar,R,dump.f90:12635,no,no,no,no,
other/shared,DUMP::TIMINGS,dump.f90,ICYC,module_global,GLOBAL_CONSTANTS,runtime_scalar,R,dump.f90:12673,no,no,no,no,
other/shared,DUMP::TIMINGS,dump.f90,LU_OUTPUT,module_global,GLOBAL_CONSTANTS,runtime_scalar,R,dump.f90:12640,no,no,no,no,
other/shared,DUMP::TIMINGS,dump.f90,WALL_CLOCK_START,module_global,GLOBAL_CONSTANTS,runtime_scalar,R,dump.f90:12676,no,no,no,no,
other/shared,DUMP::TIMINGS,dump.f90,WALL_CLOCK_START_ITERATIONS,module_global,GLOBAL_CONSTANTS,runtime_scalar,R,dump.f90:12675,no,no,no,no,
other/shared,COMP_FUNCTIONS::READ_EXTERNAL_FILE,func.f90,CONTROL,module_global,CONTROL_VARIABLES,runtime_array,R,func.f90:569,no,yes,no,no,
other/shared,COMP_FUNCTIONS::READ_EXTERNAL_FILE,func.f90,N_CTRL,module_global,CONTROL_VARIABLES,runtime_scalar,R,func.f90:608,no,yes,no,no,
other/shared,COMP_FUNCTIONS::READ_EXTERNAL_FILE,func.f90,DT_EXTERNAL_HEARTBEAT,module_global,GLOBAL_CONSTANTS,runtime_scalar,R,func.f90:571,no,yes,no,no,
other/shared,COMP_FUNCTIONS::READ_EXTERNAL_FILE,func.f90,HEARTBEAT_FAIL,module_global,GLOBAL_CONSTANTS,runtime_scalar,R,func.f90:580,no,yes,no,no,
other/shared,COMP_FUNCTIONS::READ_EXTERNAL_FILE,func.f90,LU_EXTERNAL,module_global,GLOBAL_CONSTANTS,runtime_scalar,R,func.f90:596,no,yes,no,no,
other/shared,COMP_FUNCTIONS::READ_EXTERNAL_FILE,func.f90,LU_EXTERNAL_HEARTBEAT,module_global,GLOBAL_CONSTANTS,runtime_scalar,R,func.f90:589,no,yes,no,no,
other/shared,COMP_FUNCTIONS::READ_EXTERNAL_FILE,func.f90,N_RAMP,module_global,GLOBAL_CONSTANTS,runtime_scalar,R,func.f90:601,no,yes,no,no,
other/shared,COMP_FUNCTIONS::READ_EXTERNAL_FILE,func.f90,STOP_STATUS,module_global,GLOBAL_CONSTANTS,runtime_scalar,W,func.f90:580,no,yes,no,no,
other/shared,COMP_FUNCTIONS::READ_EXTERNAL_FILE,func.f90,RAMPS,module_global,TYPES,runtime_array,R,func.f90:568,no,yes,no,no,
other/shared,GEOMETRY_FUNCTIONS::BLOCK_CELL,func.f90,CELL,mesh_field,MESH_TYPE,wall_obst_cutcell,W,func.f90:5515,no,no,no,no,via=M
other/shared,GEOMETRY_FUNCTIONS::BLOCK_CELL,func.f90,CELL_INDEX,mesh_field,MESH_TYPE,wall_obst_cutcell,R,func.f90:5512,no,no,no,no,via=M
other/shared,MEMORY_FUNCTIONS::ALLOCATE_STORAGE::ALLOCATE_BOUNDARY_COORD_ARRAYS,func.f90,BOUNDARY_COORD,mesh_field,MESH_TYPE,wall_obst_cutcell,RW,func.f90:4123,no,no,no,no,via=M
other/shared,MEMORY_FUNCTIONS::ALLOCATE_STORAGE::ALLOCATE_BOUNDARY_COORD_ARRAYS,func.f90,BOUNDARY_COORD_OCCUPANCY,mesh_field,MESH_TYPE,wall_obst_cutcell,RW,func.f90:4115,no,no,no,no,via=M
other/shared,MEMORY_FUNCTIONS::ALLOCATE_STORAGE::ALLOCATE_BOUNDARY_COORD_ARRAYS,func.f90,NEXT_AVAILABLE_BOUNDARY_COORD_SLOT,mesh_field,MESH_TYPE,wall_obst_cutcell,RW,func.f90:4113,no,no,no,no,via=M
other/shared,MEMORY_FUNCTIONS::ALLOCATE_STORAGE::ALLOCATE_BOUNDARY_COORD_ARRAYS,func.f90,N_BOUNDARY_COORD_DIM,mesh_field,MESH_TYPE,wall_obst_cutcell,RW,func.f90:4112,no,no,no,no,via=M
other/shared,MEMORY_FUNCTIONS::ALLOCATE_STORAGE::ALLOCATE_BOUNDARY_ONE_D_ARRAYS,func.f90,LAGRANGIAN_PARTICLE_CLASS,module_global,TYPES,runtime_array,R,func.f90:4167,no,no,no,no,
other/shared,MEMORY_FUNCTIONS::ALLOCATE_STORAGE::ALLOCATE_BOUNDARY_ONE_D_ARRAYS,func.f90,BOUNDARY_ONE_D,mesh_field,MESH_TYPE,wall_obst_cutcell,RW,func.f90:4152,no,no,no,no,via=M|alias:ONE_D
other/shared,MEMORY_FUNCTIONS::ALLOCATE_STORAGE::ALLOCATE_BOUNDARY_ONE_D_ARRAYS,func.f90,BOUNDARY_ONE_D_OCCUPANCY,mesh_field,MESH_TYPE,wall_obst_cutcell,RW,func.f90:4144,no,no,no,no,via=M
other/shared,MEMORY_FUNCTIONS::ALLOCATE_STORAGE::ALLOCATE_BOUNDARY_ONE_D_ARRAYS,func.f90,NEXT_AVAILABLE_BOUNDARY_ONE_D_SLOT,mesh_field,MESH_TYPE,wall_obst_cutcell,RW,func.f90:4142,no,no,no,no,via=M
other/shared,MEMORY_FUNCTIONS::ALLOCATE_STORAGE::ALLOCATE_BOUNDARY_ONE_D_ARRAYS,func.f90,N_BOUNDARY_ONE_D_DIM,mesh_field,MESH_TYPE,wall_obst_cutcell,RW,func.f90:4141,no,no,no,no,via=M
other/shared,MEMORY_FUNCTIONS::ALLOCATE_STORAGE::ALLOCATE_BOUNDARY_PROP1_ARRAYS,func.f90,N_SURFACE_DENSITY_SPECIES,module_global,GLOBAL_CONSTANTS,runtime_scalar,R,func.f90:4272,no,no,no,no,
other/shared,MEMORY_FUNCTIONS::ALLOCATE_STORAGE::ALLOCATE_BOUNDARY_PROP1_ARRAYS,func.f90,N_TRACKED_SPECIES,module_global,GLOBAL_CONSTANTS,runtime_scalar,R,func.f90:4260,no,no,no,no,
other/shared,MEMORY_FUNCTIONS::ALLOCATE_STORAGE::ALLOCATE_BOUNDARY_PROP1_ARRAYS,func.f90,SURFACE,module_global,TYPES,runtime_array,R,func.f90:4274,no,no,no,no,
other/shared,MEMORY_FUNCTIONS::ALLOCATE_STORAGE::ALLOCATE_BOUNDARY_PROP1_ARRAYS,func.f90,BOUNDARY_PROP1,mesh_field,MESH_TYPE,wall_obst_cutcell,RW,func.f90:4237,no,no,no,no,via=M|alias:B1
other/shared,MEMORY_FUNCTIONS::ALLOCATE_STORAGE::ALLOCATE_BOUNDARY_PROP1_ARRAYS,func.f90,BOUNDARY_PROP1_OCCUPANCY,mesh_field,MESH_TYPE,wall_obst_cutcell,RW,func.f90:4229,no,no,no,no,via=M
other/shared,MEMORY_FUNCTIONS::ALLOCATE_STORAGE::ALLOCATE_BOUNDARY_PROP1_ARRAYS,func.f90,NEXT_AVAILABLE_BOUNDARY_PROP1_SLOT,mesh_field,MESH_TYPE,wall_obst_cutcell,RW,func.f90:4227,no,no,no,no,via=M
other/shared,MEMORY_FUNCTIONS::ALLOCATE_STORAGE::ALLOCATE_BOUNDARY_PROP1_ARRAYS,func.f90,N_BOUNDARY_PROP1_DIM,mesh_field,MESH_TYPE,wall_obst_cutcell,RW,func.f90:4226,no,no,no,no,via=M
other/shared,MEMORY_FUNCTIONS::ALLOCATE_STORAGE::ALLOCATE_BOUNDARY_PROP2_ARRAYS,func.f90,N_LP_ARRAY_INDICES,module_global,GLOBAL_CONSTANTS,runtime_scalar,R,func.f90:4321,no,no,no,no,
other/shared,MEMORY_FUNCTIONS::ALLOCATE_STORAGE::ALLOCATE_BOUNDARY_PROP2_ARRAYS,func.f90,TMPA,module_global,GLOBAL_CONSTANTS,runtime_scalar,R,func.f90:4336,no,no,no,no,
other/shared,MEMORY_FUNCTIONS::ALLOCATE_STORAGE::ALLOCATE_BOUNDARY_PROP2_ARRAYS,func.f90,BOUNDARY_PROP2,mesh_field,MESH_TYPE,wall_obst_cutcell,RW,func.f90:4300,no,no,no,no,via=M|alias:B2
other/shared,MEMORY_FUNCTIONS::ALLOCATE_STORAGE::ALLOCATE_BOUNDARY_PROP2_ARRAYS,func.f90,BOUNDARY_PROP2_OCCUPANCY,mesh_field,MESH_TYPE,wall_obst_cutcell,RW,func.f90:4292,no,no,no,no,via=M
other/shared,MEMORY_FUNCTIONS::ALLOCATE_STORAGE::ALLOCATE_BOUNDARY_PROP2_ARRAYS,func.f90,NEXT_AVAILABLE_BOUNDARY_PROP2_SLOT,mesh_field,MESH_TYPE,wall_obst_cutcell,RW,func.f90:4290,no,no,no,no,via=M
other/shared,MEMORY_FUNCTIONS::ALLOCATE_STORAGE::ALLOCATE_BOUNDARY_PROP2_ARRAYS,func.f90,N_BOUNDARY_PROP2_DIM,mesh_field,MESH_TYPE,wall_obst_cutcell,RW,func.f90:4289,no,no,no,no,via=M
other/shared,MEMORY_FUNCTIONS::ALLOCATE_STORAGE::ALLOCATE_BOUNDARY_RADIA_ARRAYS,func.f90,NUMBER_RADIATION_ANGLES,module_global,GLOBAL_CONSTANTS,runtime_scalar,R,func.f90:4375,no,no,no,no,
other/shared,MEMORY_FUNCTIONS::ALLOCATE_STORAGE::ALLOCATE_BOUNDARY_RADIA_ARRAYS,func.f90,NUMBER_SPECTRAL_BANDS,module_global,GLOBAL_CONSTANTS,runtime_scalar,R,func.f90:4373,no,no,no,no,
other/shared,MEMORY_FUNCTIONS::ALLOCATE_STORAGE::ALLOCATE_BOUNDARY_RADIA_ARRAYS,func.f90,TMPA4,module_global,GLOBAL_CONSTANTS,runtime_scalar,R,func.f90:4380,no,no,no,no,
other/shared,MEMORY_FUNCTIONS::ALLOCATE_STORAGE::ALLOCATE_BOUNDARY_RADIA_ARRAYS,func.f90,BOUNDARY_RADIA,mesh_field,MESH_TYPE,wall_obst_cutcell,RW,func.f90:4360,no,no,no,no,via=M|alias:BR
other/shared,MEMORY_FUNCTIONS::ALLOCATE_STORAGE::ALLOCATE_BOUNDARY_RADIA_ARRAYS,func.f90,BOUNDARY_RADIA_OCCUPANCY,mesh_field,MESH_TYPE,wall_obst_cutcell,RW,func.f90:4352,no,no,no,no,via=M
other/shared,MEMORY_FUNCTIONS::ALLOCATE_STORAGE::ALLOCATE_BOUNDARY_RADIA_ARRAYS,func.f90,NEXT_AVAILABLE_BOUNDARY_RADIA_SLOT,mesh_field,MESH_TYPE,wall_obst_cutcell,RW,func.f90:4350,no,no,no,no,via=M
other/shared,MEMORY_FUNCTIONS::ALLOCATE_STORAGE::ALLOCATE_BOUNDARY_RADIA_ARRAYS,func.f90,N_BOUNDARY_RADIA_DIM,mesh_field,MESH_TYPE,wall_obst_cutcell,RW,func.f90:4349,no,no,no,no,via=M
other/shared,MEMORY_FUNCTIONS::ALLOCATE_STORAGE::ALLOCATE_BOUNDARY_THR_D_ARRAYS,func.f90,BOUNDARY_THR_D,mesh_field,MESH_TYPE,wall_obst_cutcell,RW,func.f90:4205,no,no,no,no,via=M
other/shared,MEMORY_FUNCTIONS::ALLOCATE_STORAGE::ALLOCATE_BOUNDARY_THR_D_ARRAYS,func.f90,BOUNDARY_THR_D_OCCUPANCY,mesh_field,MESH_TYPE,wall_obst_cutcell,RW,func.f90:4197,no,no,no,no,via=M
other/shared,MEMORY_FUNCTIONS::ALLOCATE_STORAGE::ALLOCATE_BOUNDARY_THR_D_ARRAYS,func.f90,NEXT_AVAILABLE_BOUNDARY_THR_D_SLOT,mesh_field,MESH_TYPE,wall_obst_cutcell,RW,func.f90:4195,no,no,no,no,via=M
other/shared,MEMORY_FUNCTIONS::ALLOCATE_STORAGE::ALLOCATE_BOUNDARY_THR_D_ARRAYS,func.f90,N_BOUNDARY_THR_D_DIM,mesh_field,MESH_TYPE,wall_obst_cutcell,RW,func.f90:4194,no,no,no,no,via=M
other/shared,MEMORY_FUNCTIONS::EXCHANGE_GEOMETRY_INFO,func.f90,CELL_COUNT,module_global,GLOBAL_CONSTANTS,runtime_array,RW,func.f90:5338,yes,yes,yes,no,
other/shared,MEMORY_FUNCTIONS::EXCHANGE_GEOMETRY_INFO,func.f90,CELL_COUNT_INTEGERS,module_global,GLOBAL_CONSTANTS,runtime_array,W,func.f90:5339,yes,yes,yes,no,
other/shared,MEMORY_FUNCTIONS::EXCHANGE_GEOMETRY_INFO,func.f90,CELL_COUNT_LOGICALS,module_global,GLOBAL_CONSTANTS,runtime_array,W,func.f90:5340,yes,yes,yes,no,
other/shared,MEMORY_FUNCTIONS::EXCHANGE_GEOMETRY_INFO,func.f90,COUNTS,module_global,GLOBAL_CONSTANTS,runtime_array,R,func.f90:5338,yes,yes,yes,no,
other/shared,MEMORY_FUNCTIONS::EXCHANGE_GEOMETRY_INFO,func.f90,DISPLS,module_global,GLOBAL_CONSTANTS,runtime_array,R,func.f90:5338,yes,yes,yes,no,
other/shared,MEMORY_FUNCTIONS::EXCHANGE_GEOMETRY_INFO,func.f90,LOWER_MESH_INDEX,module_global,GLOBAL_CONSTANTS,runtime_scalar,R,func.f90:5344,yes,yes,yes,no,
other/shared,MEMORY_FUNCTIONS::EXCHANGE_GEOMETRY_INFO,func.f90,MPI_COMM_NEIGHBORS,module_global,GLOBAL_CONSTANTS,runtime_array,R,func.f90:5365,yes,yes,yes,no,
other/shared,MEMORY_FUNCTIONS::EXCHANGE_GEOMETRY_INFO,func.f90,MPI_COMM_NEIGHBORS_ROOT,module_global,GLOBAL_CONSTANTS,runtime_array,R,func.f90:5367,yes,yes,yes,no,
other/shared,MEMORY_FUNCTIONS::EXCHANGE_GEOMETRY_INFO,func.f90,MY_RANK,module_global,GLOBAL_CONSTANTS,runtime_scalar,R,func.f90:5355,yes,yes,yes,no,
other/shared,MEMORY_FUNCTIONS::EXCHANGE_GEOMETRY_INFO,func.f90,NMESHES,module_global,GLOBAL_CONSTANTS,runtime_scalar,R,func.f90:5338,yes,yes,yes,no,
other/shared,MEMORY_FUNCTIONS::EXCHANGE_GEOMETRY_INFO,func.f90,N_MPI_PROCESSES,module_global,GLOBAL_CONSTANTS,runtime_scalar,R,func.f90:5334,yes,yes,yes,no,
other/shared,MEMORY_FUNCTIONS::EXCHANGE_GEOMETRY_INFO,func.f90,PROCESS,module_global,GLOBAL_CONSTANTS,runtime_array,R,func.f90:5354,yes,yes,yes,no,
other/shared,MEMORY_FUNCTIONS::EXCHANGE_GEOMETRY_INFO,func.f90,UPPER_MESH_INDEX,module_global,GLOBAL_CONSTANTS,runtime_scalar,R,func.f90:5344,yes,yes,yes,no,
other/shared,MEMORY_FUNCTIONS::EXCHANGE_GEOMETRY_INFO,func.f90,CELL_INDEX,mesh_field,MESH_TYPE,wall_obst_cutcell,RW,func.f90:5357,yes,yes,yes,no,via=M|M4
other/shared,MEMORY_FUNCTIONS::EXCHANGE_GEOMETRY_INFO,func.f90,CELL_INTEGERS,mesh_field,MESH_TYPE,wall_obst_cutcell,RW,func.f90:5368,yes,yes,yes,no,via=M
other/shared,MEMORY_FUNCTIONS::EXCHANGE_GEOMETRY_INFO,func.f90,CELL_LOGICALS,mesh_field,MESH_TYPE,wall_obst_cutcell,RW,func.f90:5369,yes,yes,yes,no,via=M
other/shared,MEMORY_FUNCTIONS::EXCHANGE_GEOMETRY_INFO,func.f90,IBP1,mesh_field,MESH_TYPE,grid_geometry,R,func.f90:5357,yes,yes,yes,no,via=M4
other/shared,MEMORY_FUNCTIONS::EXCHANGE_GEOMETRY_INFO,func.f90,JBP1,mesh_field,MESH_TYPE,grid_geometry,R,func.f90:5357,yes,yes,yes,no,via=M4
other/shared,MEMORY_FUNCTIONS::EXCHANGE_GEOMETRY_INFO,func.f90,KBP1,mesh_field,MESH_TYPE,grid_geometry,R,func.f90:5357,yes,yes,yes,no,via=M4
other/shared,MEMORY_FUNCTIONS::EXCHANGE_GEOMETRY_INFO,func.f90,NEIGHBORING_MESH,mesh_field,MESH_TYPE,mpi_exchange,R,func.f90:5353,yes,yes,yes,no,via=M
other/shared,MEMORY_FUNCTIONS::EXCHANGE_GEOMETRY_INFO,func.f90,N_NEIGHBORING_MESHES,mesh_field,MESH_TYPE,mpi_exchange,R,func.f90:5352,yes,yes,yes,no,via=M
other/shared,MEMORY_FUNCTIONS::INITIALIZE_BOUNDARY_ONE_D,func.f90,RADIATION,module_global,GLOBAL_CONSTANTS,runtime_scalar,R,func.f90:4897,no,no,no,no,
other/shared,MEMORY_FUNCTIONS::INITIALIZE_BOUNDARY_ONE_D,func.f90,MATERIAL,module_global,TYPES,runtime_array,R,func.f90:4897,no,no,no,no,
other/shared,MEMORY_FUNCTIONS::INITIALIZE_BOUNDARY_ONE_D,func.f90,RAMPS,module_global,TYPES,runtime_array,R,func.f90:4860,no,no,no,no,
other/shared,MEMORY_FUNCTIONS::INITIALIZE_BOUNDARY_ONE_D,func.f90,SURFACE,module_global,TYPES,runtime_array,R,func.f90:4836,no,no,no,no,
other/shared,MEMORY_FUNCTIONS::INITIALIZE_BOUNDARY_ONE_D,func.f90,BOUNDARY_ONE_D,mesh_field,MESH_TYPE,wall_obst_cutcell,RW,func.f90:4835,no,no,no,no,via=MESHES|alias:ONE_D
other/shared,MEMORY_FUNCTIONS::INITIALIZE_BOUNDARY_PROP1,func.f90,N_TRACKED_SPECIES,module_global,GLOBAL_CONSTANTS,runtime_scalar,R,func.f90:4943,no,no,no,no,
other/shared,MEMORY_FUNCTIONS::INITIALIZE_BOUNDARY_PROP1,func.f90,RADIATION,module_global,GLOBAL_CONSTANTS,runtime_scalar,R,func.f90:4925,no,no,no,no,
other/shared,MEMORY_FUNCTIONS::INITIALIZE_BOUNDARY_PROP1,func.f90,RHOA,module_global,GLOBAL_CONSTANTS,runtime_scalar,R,func.f90:4936,no,no,no,no,
other/shared,MEMORY_FUNCTIONS::INITIALIZE_BOUNDARY_PROP1,func.f90,TMPA,module_global,GLOBAL_CONSTANTS,runtime_scalar,R,func.f90:4934,no,no,no,no,
other/shared,MEMORY_FUNCTIONS::INITIALIZE_BOUNDARY_PROP1,func.f90,TMPA4,module_global,GLOBAL_CONSTANTS,runtime_scalar,R,func.f90:4926,no,no,no,no,
other/shared,MEMORY_FUNCTIONS::INITIALIZE_BOUNDARY_PROP1,func.f90,SPECIES_MIXTURE,module_global,TYPES,runtime_array,R,func.f90:4943,no,no,no,no,
other/shared,MEMORY_FUNCTIONS::INITIALIZE_BOUNDARY_PROP1,func.f90,SURFACE,module_global,TYPES,runtime_array,R,func.f90:4917,no,no,no,no,
other/shared,MEMORY_FUNCTIONS::INITIALIZE_BOUNDARY_PROP1,func.f90,BOUNDARY_ONE_D,mesh_field,MESH_TYPE,wall_obst_cutcell,R,func.f90:4922,no,no,no,no,via=MESHES|alias:ONE_D
other/shared,MEMORY_FUNCTIONS::INITIALIZE_BOUNDARY_PROP1,func.f90,BOUNDARY_PROP1,mesh_field,MESH_TYPE,wall_obst_cutcell,RW,func.f90:4916,no,no,no,no,via=MESHES|alias:B1
other/shared,MEMORY_FUNCTIONS::PACK_BOUNDARY_COORD,func.f90,BOUNDARY_COORD,mesh_field,MESH_TYPE,wall_obst_cutcell,R,func.f90:4664,no,no,no,no,via=MESHES|alias:BC
other/shared,MEMORY_FUNCTIONS::PACK_BOUNDARY_ONE_D,func.f90,BOUNDARY_ONE_D,mesh_field,MESH_TYPE,wall_obst_cutcell,RW,func.f90:4714,no,no,no,no,via=MESHES|alias:ONE_D
other/shared,MEMORY_FUNCTIONS::PACK_BOUNDARY_PROP1,func.f90,N_SURFACE_DENSITY_SPECIES,module_global,GLOBAL_CONSTANTS,runtime_scalar,R,func.f90:5047,no,no,no,no,
other/shared,MEMORY_FUNCTIONS::PACK_BOUNDARY_PROP1,func.f90,N_TRACKED_SPECIES,module_global,GLOBAL_CONSTANTS,runtime_scalar,R,func.f90:5029,no,no,no,no,
other/shared,MEMORY_FUNCTIONS::PACK_BOUNDARY_PROP1,func.f90,SURFACE,module_global,TYPES,runtime_array,R,func.f90:5050,no,no,no,no,
other/shared,MEMORY_FUNCTIONS::PACK_BOUNDARY_PROP1,func.f90,BOUNDARY_PROP1,mesh_field,MESH_TYPE,wall_obst_cutcell,R,func.f90:4978,no,no,no,no,via=MESHES|alias:B1
other/shared,MEMORY_FUNCTIONS::PACK_BOUNDARY_PROP2,func.f90,N_LP_ARRAY_INDICES,module_global,GLOBAL_CONSTANTS,runtime_scalar,R,func.f90:5100,no,no,no,no,
other/shared,MEMORY_FUNCTIONS::PACK_BOUNDARY_PROP2,func.f90,BOUNDARY_PROP2,mesh_field,MESH_TYPE,wall_obst_cutcell,R,func.f90:5082,no,no,no,no,via=MESHES|alias:B2
other/shared,MEMORY_FUNCTIONS::PACK_BOUNDARY_RADIA,func.f90,NUMBER_RADIATION_ANGLES,module_global,GLOBAL_CONSTANTS,runtime_scalar,R,func.f90:5144,no,no,no,no,
other/shared,MEMORY_FUNCTIONS::PACK_BOUNDARY_RADIA,func.f90,NUMBER_SPECTRAL_BANDS,module_global,GLOBAL_CONSTANTS,runtime_scalar,R,func.f90:5143,no,no,no,no,
other/shared,MEMORY_FUNCTIONS::PACK_BOUNDARY_RADIA,func.f90,BOUNDARY_RADIA,mesh_field,MESH_TYPE,wall_obst_cutcell,R,func.f90:5139,no,no,no,no,via=MESHES|alias:BR
other/shared,MEMORY_FUNCTIONS::PACK_CELL,func.f90,CELL_COUNT,module_global,GLOBAL_CONSTANTS,runtime_array,R,func.f90:5183,no,no,no,no,
other/shared,MEMORY_FUNCTIONS::PACK_CELL,func.f90,CELL,mesh_field,MESH_TYPE,wall_obst_cutcell,R,func.f90:5185,no,no,no,no,via=M
other/shared,MEMORY_FUNCTIONS::PACK_CELL,func.f90,CELL_INTEGERS,mesh_field,MESH_TYPE,wall_obst_cutcell,RW,func.f90:5188,no,no,no,no,via=M
other/shared,MEMORY_FUNCTIONS::PACK_CELL,func.f90,CELL_LOGICALS,mesh_field,MESH_TYPE,wall_obst_cutcell,RW,func.f90:5185,no,no,no,no,via=M
other/shared,MEMORY_FUNCTIONS::REALLOCATE_CELL,func.f90,CELL_COUNT,module_global,GLOBAL_CONSTANTS,runtime_array,W,func.f90:3871,no,yes,no,no,
other/shared,MEMORY_FUNCTIONS::REALLOCATE_CELL,func.f90,CELL_COUNT_INTEGERS,module_global,GLOBAL_CONSTANTS,runtime_array,W,func.f90:3873,no,yes,no,no,
other/shared,MEMORY_FUNCTIONS::REALLOCATE_CELL,func.f90,CELL_COUNT_LOGICALS,module_global,GLOBAL_CONSTANTS,runtime_array,W,func.f90:3874,no,yes,no,no,
other/shared,MEMORY_FUNCTIONS::REALLOCATE_CELL,func.f90,CELL,mesh_field,MESH_TYPE,wall_obst_cutcell,RW,func.f90:3870,no,yes,no,no,via=M
other/shared,MEMORY_FUNCTIONS::REALLOCATE_CELL,func.f90,CELL_ILW,mesh_field,MESH_TYPE,radiation,W,func.f90:3879,no,yes,no,no,via=M
other/shared,MEMORY_FUNCTIONS::REALLOCATE_CELL,func.f90,CELL_INTEGERS,mesh_field,MESH_TYPE,wall_obst_cutcell,RW,func.f90:3875,no,yes,no,no,via=M
other/shared,MEMORY_FUNCTIONS::REALLOCATE_CELL,func.f90,CELL_LOGICALS,mesh_field,MESH_TYPE,wall_obst_cutcell,RW,func.f90:3876,no,yes,no,no,via=M
other/shared,PHYSICAL_FUNCTIONS::GET_EMISSIVITY,func.f90,MATERIAL,module_global,TYPES,runtime_array,R,func.f90:1993,no,no,no,no,
other/shared,PHYSICAL_FUNCTIONS::GET_MASS_FRACTION,func.f90,N_TRACKED_SPECIES,module_global,GLOBAL_CONSTANTS,runtime_scalar,R,func.f90:1585,no,no,no,no,
other/shared,PHYSICAL_FUNCTIONS::GET_MASS_FRACTION,func.f90,Z2Y,module_global,GLOBAL_CONSTANTS,runtime_array,R,func.f90:1585,no,no,no,no,
other/shared,HVAC_ROUTINES::ADJUST_LEAKAGE_AREA,hvac.f90,N_DUCTS,module_global,GLOBAL_CONSTANTS,runtime_scalar,R,hvac.f90:3592,no,no,no,no,
other/shared,HVAC_ROUTINES::ADJUST_LEAKAGE_AREA,hvac.f90,DUCT,module_global,TYPES,runtime_array,R,hvac.f90:3593,no,no,no,no,
other/shared,HVAC_ROUTINES::ADJUST_LEAKAGE_AREA,hvac.f90,DUCTNODE,module_global,TYPES,runtime_array,R,hvac.f90:3596,no,no,no,no,
other/shared,HVAC_ROUTINES::ADJUST_LEAKAGE_AREA,hvac.f90,P_ZONE,module_global,TYPES,runtime_array,R,hvac.f90:3602,no,no,no,no,
other/shared,HVAC_ROUTINES::CALC_COIL_Q,hvac.f90,I_MAX_TEMP,module_global,GLOBAL_CONSTANTS,runtime_scalar,R,hvac.f90:3546,no,no,no,no,
other/shared,HVAC_ROUTINES::CALC_COIL_Q,hvac.f90,AIRCOIL,module_global,TYPES,runtime_array,R,hvac.f90:3539,no,no,no,no,
other/shared,HVAC_ROUTINES::COIL_UPDATE,hvac.f90,CONTROL,module_global,CONTROL_VARIABLES,runtime_array,R,hvac.f90:3499,no,no,no,no,
other/shared,HVAC_ROUTINES::COIL_UPDATE,hvac.f90,DEVICE,module_global,DEVICE_VARIABLES,runtime_array,R,hvac.f90:3494,no,no,no,no,
other/shared,HVAC_ROUTINES::COIL_UPDATE,hvac.f90,N_DUCTS,module_global,GLOBAL_CONSTANTS,runtime_scalar,R,hvac.f90:3490,no,no,no,no,
other/shared,HVAC_ROUTINES::COIL_UPDATE,hvac.f90,DUCT,module_global,TYPES,runtime_array,R,hvac.f90:3491,no,no,no,no,
other/shared,HVAC_ROUTINES::COIL_UPDATE_QFAN,hvac.f90,CONTROL,module_global,CONTROL_VARIABLES,runtime_array,R,hvac.f90:4667,no,no,no,no,
other/shared,HVAC_ROUTINES::COIL_UPDATE_QFAN,hvac.f90,DEVICE,module_global,DEVICE_VARIABLES,runtime_array,R,hvac.f90:4663,no,no,no,no,
other/shared,HVAC_ROUTINES::COIL_UPDATE_QFAN,hvac.f90,N_TRACKED_SPECIES,module_global,GLOBAL_CONSTANTS,runtime_scalar,R,hvac.f90:4680,no,no,no,no,
other/shared,HVAC_ROUTINES::COIL_UPDATE_QFAN,hvac.f90,DUCT,module_global,TYPES,runtime_array,R,hvac.f90:4660,no,no,no,no,
other/shared,HVAC_ROUTINES::COLLAPSE_HVAC_BC,hvac.f90,CONNECTED_ZONES,module_global,GLOBAL_CONSTANTS,runtime_array,R,hvac.f90:3120,no,yes,no,no,
other/shared,HVAC_ROUTINES::COLLAPSE_HVAC_BC,hvac.f90,I_RAMP_P0_Z,module_global,GLOBAL_CONSTANTS,runtime_scalar,R,hvac.f90:3154,no,yes,no,no,
other/shared,HVAC_ROUTINES::COLLAPSE_HVAC_BC,hvac.f90,I_RAMP_TMP0_Z,module_global,GLOBAL_CONSTANTS,runtime_scalar,R,hvac.f90:3153,no,yes,no,no,
other/shared,HVAC_ROUTINES::COLLAPSE_HVAC_BC,hvac.f90,N_DUCTNODES,module_global,GLOBAL_CONSTANTS,runtime_scalar,R,hvac.f90:3116,no,yes,no,no,
other/shared,HVAC_ROUTINES::COLLAPSE_HVAC_BC,hvac.f90,N_DUCTS,module_global,GLOBAL_CONSTANTS,runtime_scalar,R,hvac.f90:3210,no,yes,no,no,
other/shared,HVAC_ROUTINES::COLLAPSE_HVAC_BC,hvac.f90,N_TRACKED_SPECIES,module_global,GLOBAL_CONSTANTS,runtime_scalar,R,hvac.f90:3140,no,yes,no,no,
other/shared,HVAC_ROUTINES::COLLAPSE_HVAC_BC,hvac.f90,P_INF,module_global,GLOBAL_CONSTANTS,runtime_scalar,R,hvac.f90:3158,no,yes,no,no,
other/shared,HVAC_ROUTINES::COLLAPSE_HVAC_BC,hvac.f90,RHOA,module_global,GLOBAL_CONSTANTS,runtime_scalar,R,hvac.f90:3159,no,yes,no,no,
other/shared,HVAC_ROUTINES::COLLAPSE_HVAC_BC,hvac.f90,RSUM0,module_global,GLOBAL_CONSTANTS,runtime_scalar,R,hvac.f90:3155,no,yes,no,no,
other/shared,HVAC_ROUTINES::COLLAPSE_HVAC_BC,hvac.f90,STRATIFICATION,module_global,GLOBAL_CONSTANTS,runtime_scalar,R,hvac.f90:3152,no,yes,no,no,
other/shared,HVAC_ROUTINES::COLLAPSE_HVAC_BC,hvac.f90,TMPA,module_global,GLOBAL_CONSTANTS,runtime_scalar,R,hvac.f90:3153,no,yes,no,no,
other/shared,HVAC_ROUTINES::COLLAPSE_HVAC_BC,hvac.f90,T_BEGIN,module_global,GLOBAL_CONSTANTS,runtime_scalar,R,hvac.f90:3166,no,yes,no,no,
other/shared,HVAC_ROUTINES::COLLAPSE_HVAC_BC,hvac.f90,T_USED,module_global,GLOBAL_CONSTANTS,runtime_array,RW,hvac.f90:3219,no,yes,no,no,
other/shared,HVAC_ROUTINES::COLLAPSE_HVAC_BC,hvac.f90,NODE_AREA,module_global,HVAC_ROUTINES,pointer,R,hvac.f90:3124,no,yes,no,no,
other/shared,HVAC_ROUTINES::COLLAPSE_HVAC_BC,hvac.f90,NODE_AREA_EX,module_global,HVAC_ROUTINES,runtime_array,W,hvac.f90:3134,no,yes,no,no,
other/shared,HVAC_ROUTINES::COLLAPSE_HVAC_BC,hvac.f90,NODE_H,module_global,HVAC_ROUTINES,pointer,R,hvac.f90:3171,no,yes,no,no,
other/shared,HVAC_ROUTINES::COLLAPSE_HVAC_BC,hvac.f90,NODE_P,module_global,HVAC_ROUTINES,pointer,R,hvac.f90:3166,no,yes,no,no,
other/shared,HVAC_ROUTINES::COLLAPSE_HVAC_BC,hvac.f90,NODE_RHO,module_global,HVAC_ROUTINES,pointer,R,hvac.f90:3138,no,yes,no,no,
other/shared,HVAC_ROUTINES::COLLAPSE_HVAC_BC,hvac.f90,NODE_TMP,module_global,HVAC_ROUTINES,pointer,R,hvac.f90:3170,no,yes,no,no,
other/shared,HVAC_ROUTINES::COLLAPSE_HVAC_BC,hvac.f90,NODE_X,module_global,HVAC_ROUTINES,pointer,R,hvac.f90:3135,no,yes,no,no,
other/shared,HVAC_ROUTINES::COLLAPSE_HVAC_BC,hvac.f90,NODE_Y,module_global,HVAC_ROUTINES,pointer,R,hvac.f90:3136,no,yes,no,no,
other/shared,HVAC_ROUTINES::COLLAPSE_HVAC_BC,hvac.f90,NODE_Z,module_global,HVAC_ROUTINES,pointer,R,hvac.f90:3137,no,yes,no,no,
other/shared,HVAC_ROUTINES::COLLAPSE_HVAC_BC,hvac.f90,NODE_ZONE,module_global,HVAC_ROUTINES,runtime_array,R,hvac.f90:3119,no,yes,no,no,
other/shared,HVAC_ROUTINES::COLLAPSE_HVAC_BC,hvac.f90,NODE_ZZ,module_global,HVAC_ROUTINES,pointer,R,hvac.f90:3141,no,yes,no,no,
other/shared,HVAC_ROUTINES::COLLAPSE_HVAC_BC,hvac.f90,DUCT,module_global,TYPES,runtime_array,RW,hvac.f90:3128,no,yes,no,no,
other/shared,HVAC_ROUTINES::COLLAPSE_HVAC_BC,hvac.f90,DUCTNODE,module_global,TYPES,runtime_array,R,hvac.f90:3117,no,yes,no,no,
other/shared,HVAC_ROUTINES::CONVERGENCE_CHECK,hvac.f90,DUCT,module_global,TYPES,runtime_array,R,hvac.f90:3050,no,no,no,no,
other/shared,HVAC_ROUTINES::CONVERGENCE_CHECK,hvac.f90,DUCTNODE,module_global,TYPES,runtime_array,R,hvac.f90:3072,no,no,no,no,
other/shared,HVAC_ROUTINES::CONVERGENCE_CHECK,hvac.f90,NETWORK,module_global,TYPES,runtime_scalar,R,hvac.f90:3046,no,no,no,no,
other/shared,HVAC_ROUTINES::CONVERGENCE_CHECK_QFAN,hvac.f90,DUCT,module_global,TYPES,runtime_array,R,hvac.f90:4620,no,no,no,no,
other/shared,HVAC_ROUTINES::CONVERGENCE_CHECK_QFAN,hvac.f90,DUCTNODE,module_global,TYPES,runtime_array,R,hvac.f90:4614,no,no,no,no,
other/shared,HVAC_ROUTINES::DETERMINE_FIXED_ELEMENTS,hvac.f90,CONTROL,module_global,CONTROL_VARIABLES,runtime_array,R,hvac.f90:2569,no,yes,no,no,
other/shared,HVAC_ROUTINES::DETERMINE_FIXED_ELEMENTS,hvac.f90,DEVICE,module_global,DEVICE_VARIABLES,runtime_array,R,hvac.f90:2567,no,yes,no,no,
other/shared,HVAC_ROUTINES::DETERMINE_FIXED_ELEMENTS,hvac.f90,CONNECTED_ZONES,module_global,GLOBAL_CONSTANTS,runtime_array,R,hvac.f90:2584,no,yes,no,no,
other/shared,HVAC_ROUTINES::DETERMINE_FIXED_ELEMENTS,hvac.f90,N_DUCTNODES,module_global,GLOBAL_CONSTANTS,runtime_scalar,R,hvac.f90:2654,no,yes,no,no,
other/shared,HVAC_ROUTINES::DETERMINE_FIXED_ELEMENTS,hvac.f90,N_DUCTS,module_global,GLOBAL_CONSTANTS,runtime_scalar,R,hvac.f90:2561,no,yes,no,no,
other/shared,HVAC_ROUTINES::DETERMINE_FIXED_ELEMENTS,hvac.f90,MESSAGE,module_global,HVAC_ROUTINES,runtime_scalar,R,hvac.f90:2673,no,yes,no,no,
other/shared,HVAC_ROUTINES::DETERMINE_FIXED_ELEMENTS,hvac.f90,NODE_AREA_EX,module_global,HVAC_ROUTINES,runtime_array,R,hvac.f90:2592,no,yes,no,no,
other/shared,HVAC_ROUTINES::DETERMINE_FIXED_ELEMENTS,hvac.f90,DUCT,module_global,TYPES,runtime_array,RW,hvac.f90:2558,no,yes,no,no,
other/shared,HVAC_ROUTINES::DETERMINE_FIXED_ELEMENTS,hvac.f90,DUCTNODE,module_global,TYPES,runtime_array,R,hvac.f90:2583,no,yes,no,no,
other/shared,HVAC_ROUTINES::DETERMINE_FIXED_ELEMENTS,hvac.f90,FAN,module_global,TYPES,runtime_array,R,hvac.f90:2637,no,yes,no,no,
other/shared,HVAC_ROUTINES::DPSTARCALC,hvac.f90,CONNECTED_ZONES,module_global,GLOBAL_CONSTANTS,runtime_array,R,hvac.f90:2000,no,no,no,no,
other/shared,HVAC_ROUTINES::DPSTARCALC,hvac.f90,N_ZONE,module_global,GLOBAL_CONSTANTS,runtime_scalar,R,hvac.f90:1993,no,no,no,no,
other/shared,HVAC_ROUTINES::DPSTARCALC,hvac.f90,PSUM,module_global,GLOBAL_CONSTANTS,runtime_array,R,hvac.f90:1997,no,no,no,no,
other/shared,HVAC_ROUTINES::DPSTARCALC,hvac.f90,DUCT,module_global,TYPES,runtime_array,R,hvac.f90:2009,no,no,no,no,
other/shared,HVAC_ROUTINES::DPSTARCALC,hvac.f90,DUCTNODE,module_global,TYPES,runtime_array,R,hvac.f90:2008,no,no,no,no,
other/shared,HVAC_ROUTINES::DPSTARCALC,hvac.f90,P_ZONE,module_global,TYPES,runtime_array,R,hvac.f90:1994,no,no,no,no,
other/shared,HVAC_ROUTINES::FAN_MAX,hvac.f90,MW_AIR,module_global,GLOBAL_CONSTANTS,runtime_scalar,R,hvac.f90:4572,no,no,no,no,
other/shared,HVAC_ROUTINES::FAN_MAX,hvac.f90,FAN,module_global,TYPES,runtime_array,R,hvac.f90:4572,no,no,no,no,
other/shared,HVAC_ROUTINES::FAN_MAX,hvac.f90,RAMPS,module_global,TYPES,runtime_array,R,hvac.f90:4578,no,no,no,no,
other/shared,HVAC_ROUTINES::FILTER_UPDATE,hvac.f90,DUCT,module_global,TYPES,runtime_array,R,hvac.f90:3459,no,no,no,no,
other/shared,HVAC_ROUTINES::FILTER_UPDATE,hvac.f90,DUCTNODE,module_global,TYPES,runtime_array,R,hvac.f90:3449,no,no,no,no,
other/shared,HVAC_ROUTINES::FILTER_UPDATE,hvac.f90,FILTER,module_global,TYPES,runtime_array,R,hvac.f90:3450,no,no,no,no,
other/shared,HVAC_ROUTINES::FIND_DUCTRUNS,hvac.f90,N_DUCTNODES,module_global,GLOBAL_CONSTANTS,runtime_scalar,R,hvac.f90:4162,no,yes,no,no,
other/shared,HVAC_ROUTINES::FIND_DUCTRUNS,hvac.f90,N_DUCTS,module_global,GLOBAL_CONSTANTS,runtime_scalar,R,hvac.f90:4217,no,yes,no,no,
other/shared,HVAC_ROUTINES::FIND_DUCTRUNS,hvac.f90,N_TRACKED_SPECIES,module_global,GLOBAL_CONSTANTS,runtime_scalar,R,hvac.f90:4149,no,yes,no,no,
other/shared,HVAC_ROUTINES::FIND_DUCTRUNS,hvac.f90,P_INF,module_global,GLOBAL_CONSTANTS,runtime_scalar,R,hvac.f90:4353,no,yes,no,no,
other/shared,HVAC_ROUTINES::FIND_DUCTRUNS,hvac.f90,RHOA,module_global,GLOBAL_CONSTANTS,runtime_scalar,R,hvac.f90:4326,no,yes,no,no,
other/shared,HVAC_ROUTINES::FIND_DUCTRUNS,hvac.f90,TMPA,module_global,GLOBAL_CONSTANTS,runtime_scalar,R,hvac.f90:4150,no,yes,no,no,
other/shared,HVAC_ROUTINES::FIND_DUCTRUNS,hvac.f90,MESSAGE,module_global,HVAC_ROUTINES,runtime_scalar,R,hvac.f90:4377,no,yes,no,no,
other/shared,HVAC_ROUTINES::FIND_DUCTRUNS,hvac.f90,DUCT,module_global,TYPES,runtime_array,RW,hvac.f90:4159,no,yes,no,no,
other/shared,HVAC_ROUTINES::FIND_DUCTRUNS,hvac.f90,DUCTNODE,module_global,TYPES,runtime_array,RW,hvac.f90:4163,no,yes,no,no,
other/shared,HVAC_ROUTINES::FIND_DUCTRUNS,hvac.f90,FAN,module_global,TYPES,runtime_array,R,hvac.f90:4261,no,yes,no,no,
other/shared,HVAC_ROUTINES::FIND_DUCTRUNS,hvac.f90,SPECIES_MIXTURE,module_global,TYPES,runtime_array,R,hvac.f90:4149,no,yes,no,no,
other/shared,HVAC_ROUTINES::FIND_NETWORKS,hvac.f90,N_DUCTNODES,module_global,GLOBAL_CONSTANTS,runtime_scalar,R,hvac.f90:2714,no,yes,no,no,
other/shared,HVAC_ROUTINES::FIND_NETWORKS,hvac.f90,N_DUCTS,module_global,GLOBAL_CONSTANTS,runtime_scalar,R,hvac.f90:2706,no,yes,no,no,
other/shared,HVAC_ROUTINES::FIND_NETWORKS,hvac.f90,N_ZONE,module_global,GLOBAL_CONSTANTS,runtime_scalar,R,hvac.f90:2734,no,yes,no,no,
other/shared,HVAC_ROUTINES::FIND_NETWORKS,hvac.f90,DUCT,module_global,TYPES,runtime_array,R,hvac.f90:2707,no,yes,no,no,
other/shared,HVAC_ROUTINES::FIND_NETWORKS,hvac.f90,DUCTNODE,module_global,TYPES,runtime_array,R,hvac.f90:2715,no,yes,no,no,
other/shared,HVAC_ROUTINES::FIND_NETWORKS,hvac.f90,NETWORK,module_global,TYPES,runtime_scalar,RW,hvac.f90:2699,no,yes,no,no,
other/shared,HVAC_ROUTINES::FIND_NETWORKS,hvac.f90,P_ZONE,module_global,TYPES,runtime_array,RW,hvac.f90:2736,no,yes,no,no,
other/shared,HVAC_ROUTINES::HVAC_BC_IN,hvac.f90,PREDICTOR,module_global,GLOBAL_CONSTANTS,runtime_scalar,R,hvac.f90:2324,no,no,no,no,
other/shared,HVAC_ROUTINES::HVAC_BC_IN,hvac.f90,T_USED,module_global,GLOBAL_CONSTANTS,runtime_array,RW,hvac.f90:2368,no,no,no,no,
other/shared,HVAC_ROUTINES::HVAC_BC_IN,hvac.f90,SURFACE,module_global,TYPES,runtime_array,R,hvac.f90:2346,no,no,no,no,
other/shared,HVAC_ROUTINES::HVAC_BC_IN,hvac.f90,BOUNDARY_COORD,mesh_field,MESH_TYPE,wall_obst_cutcell,R,hvac.f90:2345,no,no,no,no,via=ptr
other/shared,HVAC_ROUTINES::HVAC_BC_IN,hvac.f90,BOUNDARY_PROP1,mesh_field,MESH_TYPE,wall_obst_cutcell,R,hvac.f90:2344,no,no,no,no,via=alias:B1|ptr
other/shared,HVAC_ROUTINES::HVAC_BC_IN,hvac.f90,CFACE,mesh_field,MESH_TYPE,wall_obst_cutcell,R,hvac.f90:2358,no,no,no,no,via=alias:CFA|ptr
other/shared,HVAC_ROUTINES::HVAC_BC_IN,hvac.f90,H,mesh_field,MESH_TYPE,cell_centred_solution,R,hvac.f90:2327,no,no,no,no,via=ptr
other/shared,HVAC_ROUTINES::HVAC_BC_IN,hvac.f90,HS,mesh_field,MESH_TYPE,cell_centred_solution,R,hvac.f90:2334,no,no,no,no,via=ptr
other/shared,HVAC_ROUTINES::HVAC_BC_IN,hvac.f90,INTERNAL_CFACE_CELLS_LB,mesh_field,MESH_TYPE,wall_obst_cutcell,R,hvac.f90:2357,no,no,no,no,via=ptr
other/shared,HVAC_ROUTINES::HVAC_BC_IN,hvac.f90,N_EXTERNAL_WALL_CELLS,mesh_field,MESH_TYPE,ghost_boundary,R,hvac.f90:2341,no,no,no,no,via=ptr
other/shared,HVAC_ROUTINES::HVAC_BC_IN,hvac.f90,N_INTERNAL_CFACE_CELLS,mesh_field,MESH_TYPE,wall_obst_cutcell,R,hvac.f90:2357,no,no,no,no,via=ptr
other/shared,HVAC_ROUTINES::HVAC_BC_IN,hvac.f90,N_INTERNAL_WALL_CELLS,mesh_field,MESH_TYPE,wall_obst_cutcell,R,hvac.f90:2341,no,no,no,no,via=ptr
other/shared,HVAC_ROUTINES::HVAC_BC_IN,hvac.f90,PBAR,mesh_field,MESH_TYPE,pressure_solver,R,hvac.f90:2325,no,no,no,no,via=ptr
other/shared,HVAC_ROUTINES::HVAC_BC_IN,hvac.f90,PBAR_S,mesh_field,MESH_TYPE,pressure_solver,R,hvac.f90:2332,no,no,no,no,via=ptr
other/shared,HVAC_ROUTINES::HVAC_BC_IN,hvac.f90,RHO,mesh_field,MESH_TYPE,cell_centred_solution,R,hvac.f90:2326,no,no,no,no,via=ptr
other/shared,HVAC_ROUTINES::HVAC_BC_IN,hvac.f90,RHOS,mesh_field,MESH_TYPE,cell_centred_solution,R,hvac.f90:2333,no,no,no,no,via=ptr
other/shared,HVAC_ROUTINES::HVAC_BC_IN,hvac.f90,U,mesh_field,MESH_TYPE,face_centred_flux,R,hvac.f90:2328,no,no,no,no,via=ptr
other/shared,HVAC_ROUTINES::HVAC_BC_IN,hvac.f90,US,mesh_field,MESH_TYPE,face_centred_flux,R,hvac.f90:2335,no,no,no,no,via=ptr
other/shared,HVAC_ROUTINES::HVAC_BC_IN,hvac.f90,V,mesh_field,MESH_TYPE,face_centred_flux,R,hvac.f90:2329,no,no,no,no,via=ptr
other/shared,HVAC_ROUTINES::HVAC_BC_IN,hvac.f90,VS,mesh_field,MESH_TYPE,face_centred_flux,R,hvac.f90:2336,no,no,no,no,via=ptr
other/shared,HVAC_ROUTINES::HVAC_BC_IN,hvac.f90,W,mesh_field,MESH_TYPE,face_centred_flux,R,hvac.f90:2330,no,no,no,no,via=ptr
other/shared,HVAC_ROUTINES::HVAC_BC_IN,hvac.f90,WALL,mesh_field,MESH_TYPE,wall_obst_cutcell,R,hvac.f90:2342,no,no,no,no,via=alias:WC|ptr
other/shared,HVAC_ROUTINES::HVAC_BC_IN,hvac.f90,WS,mesh_field,MESH_TYPE,face_centred_flux,R,hvac.f90:2337,no,no,no,no,via=ptr
other/shared,HVAC_ROUTINES::HVAC_BC_IN::INITIALIZE_HVAC,hvac.f90,CC_IBM,module_global,GLOBAL_CONSTANTS,runtime_scalar,R,hvac.f90:2377,no,yes,no,no,
other/shared,HVAC_ROUTINES::HVAC_BC_IN::INITIALIZE_HVAC,hvac.f90,HVAC_LOCAL_PRESSURE,module_global,GLOBAL_CONSTANTS,runtime_scalar,R,hvac.f90:2449,no,yes,no,no,
other/shared,HVAC_ROUTINES::HVAC_BC_IN::INITIALIZE_HVAC,hvac.f90,N_TRACKED_SPECIES,module_global,GLOBAL_CONSTANTS,runtime_scalar,R,hvac.f90:2417,no,yes,no,no,
other/shared,HVAC_ROUTINES::HVAC_BC_IN::INITIALIZE_HVAC,hvac.f90,P_INF,module_global,GLOBAL_CONSTANTS,runtime_scalar,R,hvac.f90:2458,no,yes,no,no,
other/shared,HVAC_ROUTINES::HVAC_BC_IN::INITIALIZE_HVAC,hvac.f90,LEAK_PATH,module_global,HVAC_ROUTINES,runtime_array,R,hvac.f90:2500,no,yes,no,no,
other/shared,HVAC_ROUTINES::HVAC_BC_IN::INITIALIZE_HVAC,hvac.f90,MESSAGE,module_global,HVAC_ROUTINES,runtime_scalar,R,hvac.f90:2390,no,yes,no,no,
other/shared,HVAC_ROUTINES::HVAC_BC_IN::INITIALIZE_HVAC,hvac.f90,NODE_AREA,module_global,HVAC_ROUTINES,pointer,RW,hvac.f90:2415,no,yes,no,no,
other/shared,HVAC_ROUTINES::HVAC_BC_IN::INITIALIZE_HVAC,hvac.f90,NODE_H,module_global,HVAC_ROUTINES,pointer,RW,hvac.f90:2421,no,yes,no,no,
other/shared,HVAC_ROUTINES::HVAC_BC_IN::INITIALIZE_HVAC,hvac.f90,NODE_P,module_global,HVAC_ROUTINES,pointer,RW,hvac.f90:2458,no,yes,no,no,
other/shared,HVAC_ROUTINES::HVAC_BC_IN::INITIALIZE_HVAC,hvac.f90,NODE_RHO,module_global,HVAC_ROUTINES,pointer,RW,hvac.f90:2416,no,yes,no,no,
other/shared,HVAC_ROUTINES::HVAC_BC_IN::INITIALIZE_HVAC,hvac.f90,NODE_TMP,module_global,HVAC_ROUTINES,pointer,RW,hvac.f90:2420,no,yes,no,no,
other/shared,HVAC_ROUTINES::HVAC_BC_IN::INITIALIZE_HVAC,hvac.f90,NODE_X,module_global,HVAC_ROUTINES,pointer,RW,hvac.f90:2425,no,yes,no,no,
other/shared,HVAC_ROUTINES::HVAC_BC_IN::INITIALIZE_HVAC,hvac.f90,NODE_Y,module_global,HVAC_ROUTINES,pointer,RW,hvac.f90:2426,no,yes,no,no,
other/shared,HVAC_ROUTINES::HVAC_BC_IN::INITIALIZE_HVAC,hvac.f90,NODE_Z,module_global,HVAC_ROUTINES,pointer,RW,hvac.f90:2427,no,yes,no,no,
other/shared,HVAC_ROUTINES::HVAC_BC_IN::INITIALIZE_HVAC,hvac.f90,NODE_ZONE,module_global,HVAC_ROUTINES,runtime_array,RW,hvac.f90:2405,no,yes,no,no,
other/shared,HVAC_ROUTINES::HVAC_BC_IN::INITIALIZE_HVAC,hvac.f90,NODE_ZZ,module_global,HVAC_ROUTINES,pointer,RW,hvac.f90:2418,no,yes,no,no,
other/shared,HVAC_ROUTINES::HVAC_BC_IN::INITIALIZE_HVAC,hvac.f90,DUCT,module_global,TYPES,runtime_array,R,hvac.f90:2500,no,yes,no,no,
other/shared,HVAC_ROUTINES::HVAC_BC_IN::INITIALIZE_HVAC,hvac.f90,DUCTNODE,module_global,TYPES,runtime_array,R,hvac.f90:2410,no,yes,no,no,
other/shared,HVAC_ROUTINES::HVAC_BC_IN::INITIALIZE_HVAC,hvac.f90,BOUNDARY_COORD,mesh_field,MESH_TYPE,wall_obst_cutcell,R,hvac.f90:2376,no,yes,no,no,via=alias:BC
other/shared,HVAC_ROUTINES::HVAC_BC_IN::INITIALIZE_HVAC,hvac.f90,BOUNDARY_PROP1,mesh_field,MESH_TYPE,wall_obst_cutcell,R,hvac.f90:2404,no,yes,no,no,via=alias:B1
other/shared,HVAC_ROUTINES::HVAC_BC_IN::INITIALIZE_HVAC,hvac.f90,CELL,mesh_field,MESH_TYPE,wall_obst_cutcell,R,hvac.f90:2376,no,yes,no,no,via=ptr
other/shared,HVAC_ROUTINES::HVAC_BC_IN::INITIALIZE_HVAC,hvac.f90,CELL_INDEX,mesh_field,MESH_TYPE,wall_obst_cutcell,R,hvac.f90:2376,no,yes,no,no,via=ptr
other/shared,HVAC_ROUTINES::HVAC_BC_IN::INITIALIZE_HVAC,hvac.f90,CFACE,mesh_field,MESH_TYPE,wall_obst_cutcell,R,hvac.f90:2396,no,yes,no,no,via=alias:CFA
other/shared,HVAC_ROUTINES::HVAC_BC_IN::INITIALIZE_HVAC,hvac.f90,FCVAR,mesh_field,MESH_TYPE,wall_obst_cutcell,R,hvac.f90:2378,no,yes,no,no,via=ptr
other/shared,HVAC_ROUTINES::HVAC_BC_IN::INITIALIZE_HVAC,hvac.f90,H,mesh_field,MESH_TYPE,cell_centred_solution,R,hvac.f90:2458,no,yes,no,no,via=alias:HP
other/shared,HVAC_ROUTINES::HVAC_BC_IN::INITIALIZE_HVAC,hvac.f90,HS,mesh_field,MESH_TYPE,cell_centred_solution,R,hvac.f90:2458,no,yes,no,no,via=alias:HP
other/shared,HVAC_ROUTINES::HVAC_BC_IN::INITIALIZE_HVAC,hvac.f90,KRES,mesh_field,MESH_TYPE,cell_centred_solution,R,hvac.f90:2458,no,yes,no,no,via=ptr
other/shared,HVAC_ROUTINES::HVAC_BC_IN::INITIALIZE_HVAC,hvac.f90,OBSTRUCTION,mesh_field,MESH_TYPE,wall_obst_cutcell,R,hvac.f90:2388,no,yes,no,no,via=ptr
other/shared,HVAC_ROUTINES::HVAC_BC_IN::INITIALIZE_HVAC,hvac.f90,PBAR,mesh_field,MESH_TYPE,pressure_solver,R,hvac.f90:2452,no,yes,no,no,via=alias:PBARP
other/shared,HVAC_ROUTINES::HVAC_BC_IN::INITIALIZE_HVAC,hvac.f90,PBAR_S,mesh_field,MESH_TYPE,pressure_solver,R,hvac.f90:2452,no,yes,no,no,via=alias:PBARP
other/shared,HVAC_ROUTINES::HVAC_BC_IN::INITIALIZE_HVAC,hvac.f90,RHO,mesh_field,MESH_TYPE,cell_centred_solution,R,hvac.f90:2416,no,yes,no,no,via=alias:RHOP|ptr
other/shared,HVAC_ROUTINES::HVAC_BC_IN::INITIALIZE_HVAC,hvac.f90,RHOS,mesh_field,MESH_TYPE,cell_centred_solution,R,hvac.f90:2416,no,yes,no,no,via=alias:RHOP
other/shared,HVAC_ROUTINES::HVAC_BC_IN::INITIALIZE_HVAC,hvac.f90,TMP,mesh_field,MESH_TYPE,cell_centred_solution,R,hvac.f90:2419,no,yes,no,no,via=ptr
other/shared,HVAC_ROUTINES::HVAC_BC_IN::INITIALIZE_HVAC,hvac.f90,U,mesh_field,MESH_TYPE,face_centred_flux,R,hvac.f90:2464,no,yes,no,no,via=alias:UP
other/shared,HVAC_ROUTINES::HVAC_BC_IN::INITIALIZE_HVAC,hvac.f90,US,mesh_field,MESH_TYPE,face_centred_flux,R,hvac.f90:2464,no,yes,no,no,via=alias:UP
other/shared,HVAC_ROUTINES::HVAC_BC_IN::INITIALIZE_HVAC,hvac.f90,V,mesh_field,MESH_TYPE,face_centred_flux,R,hvac.f90:2474,no,yes,no,no,via=alias:VP
other/shared,HVAC_ROUTINES::HVAC_BC_IN::INITIALIZE_HVAC,hvac.f90,VENTS,mesh_field,MESH_TYPE,wall_obst_cutcell,R,hvac.f90:2378,no,yes,no,no,via=ptr
other/shared,HVAC_ROUTINES::HVAC_BC_IN::INITIALIZE_HVAC,hvac.f90,VS,mesh_field,MESH_TYPE,face_centred_flux,R,hvac.f90:2474,no,yes,no,no,via=alias:VP
other/shared,HVAC_ROUTINES::HVAC_BC_IN::INITIALIZE_HVAC,hvac.f90,W,mesh_field,MESH_TYPE,face_centred_flux,R,hvac.f90:2484,no,yes,no,no,via=alias:WP
other/shared,HVAC_ROUTINES::HVAC_BC_IN::INITIALIZE_HVAC,hvac.f90,WALL,mesh_field,MESH_TYPE,wall_obst_cutcell,R,hvac.f90:2387,no,yes,no,no,via=alias:WC
other/shared,HVAC_ROUTINES::HVAC_BC_IN::INITIALIZE_HVAC,hvac.f90,WS,mesh_field,MESH_TYPE,face_centred_flux,R,hvac.f90:2484,no,yes,no,no,via=alias:WP
other/shared,HVAC_ROUTINES::HVAC_BC_IN::INITIALIZE_HVAC,hvac.f90,X,mesh_field,MESH_TYPE,grid_geometry,R,hvac.f90:2425,no,yes,no,no,via=ptr
other/shared,HVAC_ROUTINES::HVAC_BC_IN::INITIALIZE_HVAC,hvac.f90,XC,mesh_field,MESH_TYPE,grid_geometry,R,hvac.f90:2433,no,yes,no,no,via=ptr
other/shared,HVAC_ROUTINES::HVAC_BC_IN::INITIALIZE_HVAC,hvac.f90,Y,mesh_field,MESH_TYPE,grid_geometry,R,hvac.f90:2434,no,yes,no,no,via=ptr
other/shared,HVAC_ROUTINES::HVAC_BC_IN::INITIALIZE_HVAC,hvac.f90,YC,mesh_field,MESH_TYPE,grid_geometry,R,hvac.f90:2426,no,yes,no,no,via=ptr
other/shared,HVAC_ROUTINES::HVAC_BC_IN::INITIALIZE_HVAC,hvac.f90,Z,mesh_field,MESH_TYPE,grid_geometry,R,hvac.f90:2443,no,yes,no,no,via=ptr
other/shared,HVAC_ROUTINES::HVAC_BC_IN::INITIALIZE_HVAC,hvac.f90,ZC,mesh_field,MESH_TYPE,grid_geometry,R,hvac.f90:2427,no,yes,no,no,via=ptr
other/shared,HVAC_ROUTINES::HVAC_BC_IN::INITIALIZE_HVAC,hvac.f90,ZZ,mesh_field,MESH_TYPE,cell_centred_solution,R,hvac.f90:2417,no,yes,no,no,via=ptr
other/shared,HVAC_ROUTINES::HVAC_CALC,hvac.f90,CORRECTOR,module_global,GLOBAL_CONSTANTS,runtime_scalar,R,hvac.f90:1418,no,yes,no,no,
other/shared,HVAC_ROUTINES::HVAC_CALC,hvac.f90,HVAC_MASS_TRANSPORT,module_global,GLOBAL_CONSTANTS,runtime_scalar,R,hvac.f90:1431,no,yes,no,no,
other/shared,HVAC_ROUTINES::HVAC_CALC,hvac.f90,N_AIRCOILS,module_global,GLOBAL_CONSTANTS,runtime_scalar,R,hvac.f90:1517,no,yes,no,no,
other/shared,HVAC_ROUTINES::HVAC_CALC,hvac.f90,N_DUCTNODES,module_global,GLOBAL_CONSTANTS,runtime_scalar,R,hvac.f90:1421,no,yes,no,no,
other/shared,HVAC_ROUTINES::HVAC_CALC,hvac.f90,N_DUCTS,module_global,GLOBAL_CONSTANTS,runtime_scalar,R,hvac.f90:1442,no,yes,no,no,
other/shared,HVAC_ROUTINES::HVAC_CALC,hvac.f90,N_ZONE,module_global,GLOBAL_CONSTANTS,runtime_scalar,R,hvac.f90:1410,no,yes,no,no,
other/shared,HVAC_ROUTINES::HVAC_CALC,hvac.f90,P_INF,module_global,GLOBAL_CONSTANTS,runtime_scalar,R,hvac.f90:1489,no,yes,no,no,
other/shared,HVAC_ROUTINES::HVAC_CALC,hvac.f90,T_USED,module_global,GLOBAL_CONSTANTS,runtime_array,RW,hvac.f90:1547,no,yes,no,no,
other/shared,HVAC_ROUTINES::HVAC_CALC,hvac.f90,DUCT_MF,module_global,HVAC_ROUTINES,runtime_array,W,hvac.f90:1427,no,yes,no,no,
other/shared,HVAC_ROUTINES::HVAC_CALC,hvac.f90,LHS,module_global,HVAC_ROUTINES,runtime_array,W,hvac.f90:1499,no,yes,no,no,
other/shared,HVAC_ROUTINES::HVAC_CALC,hvac.f90,RHS,module_global,HVAC_ROUTINES,runtime_array,W,hvac.f90:1500,no,yes,no,no,
other/shared,HVAC_ROUTINES::HVAC_CALC,hvac.f90,DUCT,module_global,TYPES,runtime_array,RW,hvac.f90:1419,no,yes,no,no,
other/shared,HVAC_ROUTINES::HVAC_CALC,hvac.f90,DUCTNODE,module_global,TYPES,runtime_array,RW,hvac.f90:1422,no,yes,no,no,
other/shared,HVAC_ROUTINES::HVAC_CALC,hvac.f90,NETWORK,module_global,TYPES,runtime_scalar,R,hvac.f90:1494,no,yes,no,no,
other/shared,HVAC_ROUTINES::HVAC_QFAN_CALC,hvac.f90,N_AIRCOILS,module_global,GLOBAL_CONSTANTS,runtime_scalar,R,hvac.f90:4052,no,yes,no,no,
other/shared,HVAC_ROUTINES::HVAC_QFAN_CALC,hvac.f90,LHS,module_global,HVAC_ROUTINES,runtime_array,W,hvac.f90:4050,no,yes,no,no,
other/shared,HVAC_ROUTINES::HVAC_QFAN_CALC,hvac.f90,RHS,module_global,HVAC_ROUTINES,runtime_array,W,hvac.f90:4051,no,yes,no,no,
other/shared,HVAC_ROUTINES::HVAC_QFAN_CALC,hvac.f90,DUCT,module_global,TYPES,runtime_array,R,hvac.f90:4030,no,yes,no,no,
other/shared,HVAC_ROUTINES::HVAC_UPDATE,hvac.f90,HVAC_MASS_TRANSPORT,module_global,GLOBAL_CONSTANTS,runtime_scalar,R,hvac.f90:1619,no,yes,no,no,
other/shared,HVAC_ROUTINES::HVAC_UPDATE,hvac.f90,I_MAX_TEMP,module_global,GLOBAL_CONSTANTS,runtime_scalar,R,hvac.f90:1721,no,yes,no,no,
other/shared,HVAC_ROUTINES::HVAC_UPDATE,hvac.f90,N_TRACKED_SPECIES,module_global,GLOBAL_CONSTANTS,runtime_scalar,R,hvac.f90:1616,no,yes,no,no,
other/shared,HVAC_ROUTINES::HVAC_UPDATE,hvac.f90,P_INF,module_global,GLOBAL_CONSTANTS,runtime_scalar,R,hvac.f90:1792,no,yes,no,no,
other/shared,HVAC_ROUTINES::HVAC_UPDATE,hvac.f90,DUCT_MF,module_global,HVAC_ROUTINES,runtime_array,W,hvac.f90:1671,no,yes,no,no,
other/shared,HVAC_ROUTINES::HVAC_UPDATE,hvac.f90,NODE_TMP_EX,module_global,HVAC_ROUTINES,runtime_array,RW,hvac.f90:1615,no,yes,no,no,
other/shared,HVAC_ROUTINES::HVAC_UPDATE,hvac.f90,NODE_ZZ_EX,module_global,HVAC_ROUTINES,runtime_array,RW,hvac.f90:1616,no,yes,no,no,
other/shared,HVAC_ROUTINES::HVAC_UPDATE,hvac.f90,DUCT,module_global,TYPES,runtime_array,R,hvac.f90:1623,no,yes,no,no,
other/shared,HVAC_ROUTINES::HVAC_UPDATE,hvac.f90,DUCTNODE,module_global,TYPES,runtime_array,RW,hvac.f90:1613,no,yes,no,no,
other/shared,HVAC_ROUTINES::HVAC_UPDATE,hvac.f90,FILTER,module_global,TYPES,runtime_array,R,hvac.f90:1766,no,yes,no,no,
other/shared,HVAC_ROUTINES::HVAC_UPDATE,hvac.f90,NETWORK,module_global,TYPES,runtime_scalar,R,hvac.f90:1610,no,yes,no,no,
other/shared,HVAC_ROUTINES::HVAC_UPDATE_QFAN,hvac.f90,GVEC,module_global,GLOBAL_CONSTANTS,runtime_array,R,hvac.f90:5064,no,no,no,no,
other/shared,HVAC_ROUTINES::HVAC_UPDATE_QFAN,hvac.f90,P_INF,module_global,GLOBAL_CONSTANTS,runtime_scalar,R,hvac.f90:5082,no,no,no,no,
other/shared,HVAC_ROUTINES::HVAC_UPDATE_QFAN,hvac.f90,STRATIFICATION,module_global,GLOBAL_CONSTANTS,runtime_scalar,R,hvac.f90:5058,no,no,no,no,
other/shared,HVAC_ROUTINES::HVAC_UPDATE_QFAN,hvac.f90,DUCT,module_global,TYPES,runtime_array,R,hvac.f90:4970,no,no,no,no,
other/shared,HVAC_ROUTINES::HVAC_UPDATE_QFAN,hvac.f90,DUCTNODE,module_global,TYPES,runtime_array,R,hvac.f90:4980,no,no,no,no,
other/shared,HVAC_ROUTINES::LHSDUCT,hvac.f90,HVAC_LOCAL_PRESSURE,module_global,GLOBAL_CONSTANTS,runtime_scalar,R,hvac.f90:2127,no,yes,no,no,
other/shared,HVAC_ROUTINES::LHSDUCT,hvac.f90,N_DUCTS,module_global,GLOBAL_CONSTANTS,runtime_scalar,R,hvac.f90:2110,no,yes,no,no,
other/shared,HVAC_ROUTINES::LHSDUCT,hvac.f90,LHS,module_global,HVAC_ROUTINES,runtime_array,RW,hvac.f90:2106,no,yes,no,no,
other/shared,HVAC_ROUTINES::LHSDUCT,hvac.f90,NODE_AREA_EX,module_global,HVAC_ROUTINES,runtime_array,R,hvac.f90:2128,no,yes,no,no,
other/shared,HVAC_ROUTINES::LHSDUCT,hvac.f90,DUCT,module_global,TYPES,runtime_array,R,hvac.f90:2103,no,yes,no,no,
other/shared,HVAC_ROUTINES::LHSDUCT,hvac.f90,DUCTNODE,module_global,TYPES,runtime_array,R,hvac.f90:2107,no,yes,no,no,
other/shared,HVAC_ROUTINES::LHSDUCT,hvac.f90,NETWORK,module_global,TYPES,runtime_scalar,R,hvac.f90:2100,no,yes,no,no,
other/shared,HVAC_ROUTINES::LHSDUCT,hvac.f90,P_ZONE,module_global,TYPES,runtime_array,R,hvac.f90:2116,no,yes,no,no,
other/shared,HVAC_ROUTINES::LHSDUCT_QFAN,hvac.f90,HVAC_LOCAL_PRESSURE,module_global,GLOBAL_CONSTANTS,runtime_scalar,R,hvac.f90:4550,no,yes,no,no,
other/shared,HVAC_ROUTINES::LHSDUCT_QFAN,hvac.f90,LHS,module_global,HVAC_ROUTINES,runtime_array,RW,hvac.f90:4547,no,yes,no,no,
other/shared,HVAC_ROUTINES::LHSDUCT_QFAN,hvac.f90,NODE_AREA_EX,module_global,HVAC_ROUTINES,runtime_array,R,hvac.f90:4551,no,yes,no,no,
other/shared,HVAC_ROUTINES::LHSDUCT_QFAN,hvac.f90,DUCT,module_global,TYPES,runtime_array,R,hvac.f90:4546,no,yes,no,no,
other/shared,HVAC_ROUTINES::LHSDUCT_QFAN,hvac.f90,DUCTNODE,module_global,TYPES,runtime_array,R,hvac.f90:4548,no,yes,no,no,
other/shared,HVAC_ROUTINES::LHSNODE,hvac.f90,N_DUCTS,module_global,GLOBAL_CONSTANTS,runtime_scalar,R,hvac.f90:1971,no,yes,no,no,
other/shared,HVAC_ROUTINES::LHSNODE,hvac.f90,LHS,module_global,HVAC_ROUTINES,runtime_array,W,hvac.f90:1976,no,yes,no,no,
other/shared,HVAC_ROUTINES::LHSNODE,hvac.f90,DUCT,module_global,TYPES,runtime_array,R,hvac.f90:1973,no,yes,no,no,
other/shared,HVAC_ROUTINES::LHSNODE,hvac.f90,DUCTNODE,module_global,TYPES,runtime_array,R,hvac.f90:1969,no,yes,no,no,
other/shared,HVAC_ROUTINES::LHSNODE,hvac.f90,NETWORK,module_global,TYPES,runtime_scalar,R,hvac.f90:1967,no,yes,no,no,
other/shared,HVAC_ROUTINES::LHSNODE_QFAN,hvac.f90,LHS,module_global,HVAC_ROUTINES,runtime_array,W,hvac.f90:4463,no,yes,no,no,
other/shared,HVAC_ROUTINES::LHSNODE_QFAN,hvac.f90,DUCT,module_global,TYPES,runtime_array,R,hvac.f90:4460,no,yes,no,no,
other/shared,HVAC_ROUTINES::LHSNODE_QFAN,hvac.f90,DUCTNODE,module_global,TYPES,runtime_array,R,hvac.f90:4458,no,yes,no,no,
other/shared,HVAC_ROUTINES::MATRIX_SOLVE,hvac.f90,N_DUCTS,module_global,GLOBAL_CONSTANTS,runtime_scalar,R,hvac.f90:1583,no,yes,no,no,
other/shared,HVAC_ROUTINES::MATRIX_SOLVE,hvac.f90,LHS,module_global,HVAC_ROUTINES,runtime_array,R,hvac.f90:1566,no,yes,no,no,
other/shared,HVAC_ROUTINES::MATRIX_SOLVE,hvac.f90,RHS,module_global,HVAC_ROUTINES,runtime_array,RW,hvac.f90:1568,no,yes,no,no,
other/shared,HVAC_ROUTINES::MATRIX_SOLVE,hvac.f90,DUCT,module_global,TYPES,runtime_array,R,hvac.f90:1575,no,yes,no,no,
other/shared,HVAC_ROUTINES::MATRIX_SOLVE,hvac.f90,DUCTNODE,module_global,TYPES,runtime_array,R,hvac.f90:1581,no,yes,no,no,
other/shared,HVAC_ROUTINES::MATRIX_SOLVE,hvac.f90,NETWORK,module_global,TYPES,runtime_scalar,R,hvac.f90:1564,no,yes,no,no,
other/shared,HVAC_ROUTINES::MATRIX_SOLVE_QFAN,hvac.f90,LHS,module_global,HVAC_ROUTINES,runtime_array,R,hvac.f90:4407,no,yes,no,no,
other/shared,HVAC_ROUTINES::MATRIX_SOLVE_QFAN,hvac.f90,RHS,module_global,HVAC_ROUTINES,runtime_array,RW,hvac.f90:4409,no,yes,no,no,
other/shared,HVAC_ROUTINES::QFAN_SIMPLE,hvac.f90,DUCT,module_global,TYPES,runtime_array,R,hvac.f90:4115,no,no,no,no,
other/shared,HVAC_ROUTINES::QFAN_SIMPLE,hvac.f90,DUCTNODE,module_global,TYPES,runtime_array,R,hvac.f90:4115,no,no,no,no,
other/shared,HVAC_ROUTINES::RHSDUCT,hvac.f90,GVEC,module_global,GLOBAL_CONSTANTS,runtime_array,R,hvac.f90:2076,no,yes,no,no,
other/shared,HVAC_ROUTINES::RHSDUCT,hvac.f90,HVAC_LOCAL_PRESSURE,module_global,GLOBAL_CONSTANTS,runtime_scalar,R,hvac.f90:2052,no,yes,no,no,
other/shared,HVAC_ROUTINES::RHSDUCT,hvac.f90,N_ZONE,module_global,GLOBAL_CONSTANTS,runtime_scalar,R,hvac.f90:2054,no,yes,no,no,
other/shared,HVAC_ROUTINES::RHSDUCT,hvac.f90,STRATIFICATION,module_global,GLOBAL_CONSTANTS,runtime_scalar,R,hvac.f90:2075,no,yes,no,no,
other/shared,HVAC_ROUTINES::RHSDUCT,hvac.f90,NODE_AREA_EX,module_global,HVAC_ROUTINES,runtime_array,R,hvac.f90:2053,no,yes,no,no,
other/shared,HVAC_ROUTINES::RHSDUCT,hvac.f90,RHS,module_global,HVAC_ROUTINES,runtime_array,W,hvac.f90:2083,no,yes,no,no,
other/shared,HVAC_ROUTINES::RHSDUCT,hvac.f90,DUCT,module_global,TYPES,runtime_array,R,hvac.f90:2042,no,yes,no,no,
other/shared,HVAC_ROUTINES::RHSDUCT,hvac.f90,DUCTNODE,module_global,TYPES,runtime_array,R,hvac.f90:2047,no,yes,no,no,
other/shared,HVAC_ROUTINES::RHSDUCT,hvac.f90,NETWORK,module_global,TYPES,runtime_scalar,R,hvac.f90:2039,no,yes,no,no,
other/shared,HVAC_ROUTINES::RHSDUCT_QFAN,hvac.f90,GVEC,module_global,GLOBAL_CONSTANTS,runtime_array,R,hvac.f90:4507,no,yes,no,no,
other/shared,HVAC_ROUTINES::RHSDUCT_QFAN,hvac.f90,HVAC_LOCAL_PRESSURE,module_global,GLOBAL_CONSTANTS,runtime_scalar,R,hvac.f90:4497,no,yes,no,no,
other/shared,HVAC_ROUTINES::RHSDUCT_QFAN,hvac.f90,STRATIFICATION,module_global,GLOBAL_CONSTANTS,runtime_scalar,R,hvac.f90:4506,no,yes,no,no,
other/shared,HVAC_ROUTINES::RHSDUCT_QFAN,hvac.f90,NODE_AREA_EX,module_global,HVAC_ROUTINES,runtime_array,R,hvac.f90:4498,no,yes,no,no,
other/shared,HVAC_ROUTINES::RHSDUCT_QFAN,hvac.f90,RHS,module_global,HVAC_ROUTINES,runtime_array,W,hvac.f90:4523,no,yes,no,no,
other/shared,HVAC_ROUTINES::RHSDUCT_QFAN,hvac.f90,DUCT,module_global,TYPES,runtime_array,R,hvac.f90:4492,no,yes,no,no,
other/shared,HVAC_ROUTINES::RHSDUCT_QFAN,hvac.f90,DUCTNODE,module_global,TYPES,runtime_array,R,hvac.f90:4495,no,yes,no,no,
other/shared,HVAC_ROUTINES::RHSNODE,hvac.f90,N_DUCTS,module_global,GLOBAL_CONSTANTS,runtime_scalar,R,hvac.f90:1944,no,yes,no,no,
other/shared,HVAC_ROUTINES::RHSNODE,hvac.f90,RHS,module_global,HVAC_ROUTINES,runtime_array,RW,hvac.f90:1947,no,yes,no,no,
other/shared,HVAC_ROUTINES::RHSNODE,hvac.f90,DUCT,module_global,TYPES,runtime_array,R,hvac.f90:1946,no,yes,no,no,
other/shared,HVAC_ROUTINES::RHSNODE,hvac.f90,DUCTNODE,module_global,TYPES,runtime_array,R,hvac.f90:1942,no,yes,no,no,
other/shared,HVAC_ROUTINES::RHSNODE,hvac.f90,NETWORK,module_global,TYPES,runtime_scalar,R,hvac.f90:1939,no,yes,no,no,
other/shared,HVAC_ROUTINES::RHSNODE_QFAN,hvac.f90,RHS,module_global,HVAC_ROUTINES,runtime_array,RW,hvac.f90:4437,no,yes,no,no,
other/shared,HVAC_ROUTINES::RHSNODE_QFAN,hvac.f90,DUCT,module_global,TYPES,runtime_array,R,hvac.f90:4436,no,yes,no,no,
other/shared,HVAC_ROUTINES::RHSNODE_QFAN,hvac.f90,DUCTNODE,module_global,TYPES,runtime_array,R,hvac.f90:4434,no,yes,no,no,
other/shared,HVAC_ROUTINES::SETUP_SOLUTION_POINTERS,hvac.f90,N_DUCTS,module_global,GLOBAL_CONSTANTS,runtime_scalar,R,hvac.f90:2779,no,no,no,no,
other/shared,HVAC_ROUTINES::SETUP_SOLUTION_POINTERS,hvac.f90,DUCT,module_global,TYPES,runtime_array,R,hvac.f90:2769,no,no,no,no,
other/shared,HVAC_ROUTINES::SETUP_SOLUTION_POINTERS,hvac.f90,DUCTNODE,module_global,TYPES,runtime_array,R,hvac.f90:2776,no,no,no,no,
other/shared,HVAC_ROUTINES::SETUP_SOLUTION_POINTERS,hvac.f90,NETWORK,module_global,TYPES,runtime_scalar,R,hvac.f90:2766,no,no,no,no,
other/shared,HVAC_ROUTINES::SET_DONOR,hvac.f90,DUCT,module_global,TYPES,runtime_array,R,hvac.f90:3004,no,no,no,no,
other/shared,HVAC_ROUTINES::SET_DONOR,hvac.f90,DUCTNODE,module_global,TYPES,runtime_array,R,hvac.f90:2993,no,no,no,no,
other/shared,HVAC_ROUTINES::SET_DONOR,hvac.f90,NETWORK,module_global,TYPES,runtime_scalar,R,hvac.f90:2987,no,no,no,no,
other/shared,HVAC_ROUTINES::SET_DONOR_QFAN,hvac.f90,DUCT,module_global,TYPES,runtime_array,R,hvac.f90:4884,no,no,no,no,
other/shared,HVAC_ROUTINES::SET_DONOR_QFAN,hvac.f90,DUCTNODE,module_global,TYPES,runtime_array,R,hvac.f90:4898,no,no,no,no,
other/shared,HVAC_ROUTINES::SET_GUESS,hvac.f90,DUCT,module_global,TYPES,runtime_array,R,hvac.f90:2955,no,no,no,no,
other/shared,HVAC_ROUTINES::SET_GUESS,hvac.f90,NETWORK,module_global,TYPES,runtime_scalar,R,hvac.f90:2952,no,no,no,no,
other/shared,HVAC_ROUTINES::SET_INIT_HVAC_MASS_TRANSPORT,hvac.f90,N_DUCTS,module_global,GLOBAL_CONSTANTS,runtime_scalar,R,hvac.f90:3321,no,no,no,no,
other/shared,HVAC_ROUTINES::SET_INIT_HVAC_MASS_TRANSPORT,hvac.f90,N_TRACKED_SPECIES,module_global,GLOBAL_CONSTANTS,runtime_scalar,R,hvac.f90:3318,no,no,no,no,
other/shared,HVAC_ROUTINES::SET_INIT_HVAC_MASS_TRANSPORT,hvac.f90,DUCT,module_global,TYPES,runtime_array,R,hvac.f90:3322,no,no,no,no,
other/shared,HVAC_ROUTINES::SET_INIT_HVAC_MASS_TRANSPORT,hvac.f90,DUCTNODE,module_global,TYPES,runtime_array,R,hvac.f90:3324,no,no,no,no,
other/shared,HVAC_ROUTINES::SET_INIT_HVAC_MASS_TRANSPORT,hvac.f90,SPECIES_MIXTURE,module_global,TYPES,runtime_array,R,hvac.f90:3318,no,no,no,no,
other/shared,HVAC_ROUTINES::UPDATE_FAN,hvac.f90,MW_AIR,module_global,GLOBAL_CONSTANTS,runtime_scalar,R,hvac.f90:2200,no,no,no,no,
other/shared,HVAC_ROUTINES::UPDATE_FAN,hvac.f90,DUCT,module_global,TYPES,runtime_array,R,hvac.f90:2197,no,no,no,no,
other/shared,HVAC_ROUTINES::UPDATE_FAN,hvac.f90,FAN,module_global,TYPES,runtime_array,R,hvac.f90:2198,no,no,no,no,
other/shared,HVAC_ROUTINES::UPDATE_FAN,hvac.f90,RAMPS,module_global,TYPES,runtime_array,R,hvac.f90:2251,no,no,no,no,
other/shared,HVAC_ROUTINES::UPDATE_HVAC_MASS_TRANSPORT,hvac.f90,N_TRACKED_SPECIES,module_global,GLOBAL_CONSTANTS,runtime_scalar,R,hvac.f90:3629,no,no,no,no,
other/shared,HVAC_ROUTINES::UPDATE_HVAC_MASS_TRANSPORT,hvac.f90,DUCT,module_global,TYPES,runtime_array,R,hvac.f90:3627,no,no,no,no,
other/shared,HVAC_ROUTINES::UPDATE_HVAC_MASS_TRANSPORT,hvac.f90,DUCTNODE,module_global,TYPES,runtime_array,R,hvac.f90:3654,no,no,no,no,
other/shared,HVAC_ROUTINES::UPDATE_LOSS,hvac.f90,N_TRACKED_SPECIES,module_global,GLOBAL_CONSTANTS,runtime_scalar,R,hvac.f90:2897,no,yes,no,no,
other/shared,HVAC_ROUTINES::UPDATE_LOSS,hvac.f90,DUCT,module_global,TYPES,runtime_array,RW,hvac.f90:2806,no,yes,no,no,
other/shared,HVAC_ROUTINES::UPDATE_LOSS,hvac.f90,DUCTNODE,module_global,TYPES,runtime_array,R,hvac.f90:2810,no,yes,no,no,
other/shared,HVAC_ROUTINES::UPDATE_LOSS,hvac.f90,FAN,module_global,TYPES,runtime_array,R,hvac.f90:2912,no,yes,no,no,
other/shared,HVAC_ROUTINES::UPDATE_LOSS,hvac.f90,FILTER,module_global,TYPES,runtime_array,R,hvac.f90:2817,no,yes,no,no,
other/shared,HVAC_ROUTINES::UPDATE_LOSS,hvac.f90,NETWORK,module_global,TYPES,runtime_scalar,R,hvac.f90:2803,no,yes,no,no,
other/shared,HVAC_ROUTINES::UPDATE_LOSS_QFAN,hvac.f90,N_TRACKED_SPECIES,module_global,GLOBAL_CONSTANTS,runtime_scalar,R,hvac.f90:4845,no,no,no,no,
other/shared,HVAC_ROUTINES::UPDATE_LOSS_QFAN,hvac.f90,DUCT,module_global,TYPES,runtime_array,R,hvac.f90:4718,no,no,no,no,
other/shared,HVAC_ROUTINES::UPDATE_LOSS_QFAN,hvac.f90,DUCTNODE,module_global,TYPES,runtime_array,R,hvac.f90:4713,no,no,no,no,
other/shared,HVAC_ROUTINES::UPDATE_LOSS_QFAN,hvac.f90,FAN,module_global,TYPES,runtime_array,R,hvac.f90:4861,no,no,no,no,
other/shared,HVAC_ROUTINES::UPDATE_LOSS_QFAN,hvac.f90,FILTER,module_global,TYPES,runtime_array,R,hvac.f90:4719,no,no,no,no,
other/shared,INIT::CREATE_OR_REMOVE_OBST,init.f90,N_TRACKED_SPECIES,module_global,GLOBAL_CONSTANTS,runtime_scalar,R,init.f90:4884,no,yes,no,no,
other/shared,INIT::CREATE_OR_REMOVE_OBST,init.f90,OBST_CREATED_OR_REMOVED,module_global,GLOBAL_CONSTANTS,runtime_scalar,W,init.f90:4864,no,yes,no,no,
other/shared,INIT::CREATE_OR_REMOVE_OBST,init.f90,SOLID_PHASE_ONLY,module_global,GLOBAL_CONSTANTS,runtime_scalar,R,init.f90:4883,no,yes,no,no,
other/shared,INIT::CREATE_OR_REMOVE_OBST,init.f90,SPECIES_MIXTURE,module_global,TYPES,runtime_array,R,init.f90:4884,no,yes,no,no,
other/shared,INIT::CREATE_OR_REMOVE_OBST,init.f90,DEL_RHO_D_DEL_Z,mesh_field,MESH_TYPE,cell_centred_solution,W,init.f90:4886,no,yes,no,no,via=ptr
other/shared,INIT::CREATE_OR_REMOVE_OBST,init.f90,IBAR,mesh_field,MESH_TYPE,grid_geometry,R,init.f90:4886,no,yes,no,no,via=ptr
other/shared,INIT::CREATE_OR_REMOVE_OBST,init.f90,JBAR,mesh_field,MESH_TYPE,grid_geometry,R,init.f90:4886,no,yes,no,no,via=ptr
other/shared,INIT::CREATE_OR_REMOVE_OBST,init.f90,KBAR,mesh_field,MESH_TYPE,grid_geometry,R,init.f90:4886,no,yes,no,no,via=ptr
other/shared,INIT::CREATE_OR_REMOVE_OBST,init.f90,OBSTRUCTION,mesh_field,MESH_TYPE,wall_obst_cutcell,W,init.f90:4869,no,yes,no,no,via=ptr
other/shared,INIT::CREATE_OR_REMOVE_OBST,init.f90,RHO,mesh_field,MESH_TYPE,cell_centred_solution,W,init.f90:4882,no,yes,no,no,via=ptr
other/shared,INIT::CREATE_OR_REMOVE_OBST,init.f90,RHOS,mesh_field,MESH_TYPE,cell_centred_solution,W,init.f90:4881,no,yes,no,no,via=ptr
other/shared,INIT::CREATE_OR_REMOVE_OBST,init.f90,RHO_0,mesh_field,MESH_TYPE,other,R,init.f90:4881,no,yes,no,no,via=ptr
other/shared,INIT::CREATE_OR_REMOVE_OBST,init.f90,TMP,mesh_field,MESH_TYPE,cell_centred_solution,W,init.f90:4883,no,yes,no,no,via=ptr
other/shared,INIT::CREATE_OR_REMOVE_OBST,init.f90,TMP_0,mesh_field,MESH_TYPE,other,R,init.f90:4883,no,yes,no,no,via=ptr
other/shared,INIT::CREATE_OR_REMOVE_OBST,init.f90,ZZ,mesh_field,MESH_TYPE,cell_centred_solution,W,init.f90:4884,no,yes,no,no,via=ptr
other/shared,INIT::CREATE_OR_REMOVE_OBST,init.f90,ZZS,mesh_field,MESH_TYPE,cell_centred_solution,W,init.f90:4885,no,yes,no,no,via=ptr
other/shared,INIT::INIT_WALL_CELL,init.f90,ALIGNMENT_TOLERANCE,module_global,GLOBAL_CONSTANTS,runtime_scalar,R,init.f90:3195,yes,yes,no,yes,
other/shared,INIT::INIT_WALL_CELL,init.f90,EXCHANGE_OBST_MASS,module_global,GLOBAL_CONSTANTS,runtime_scalar,W,init.f90:3270,yes,yes,no,yes,
other/shared,INIT::INIT_WALL_CELL,init.f90,INTERPOLATED_SURF_INDEX,module_global,GLOBAL_CONSTANTS,runtime_scalar,R,init.f90:3254,yes,yes,no,yes,
other/shared,INIT::INIT_WALL_CELL,init.f90,LU_ERR,module_global,GLOBAL_CONSTANTS,runtime_scalar,R,init.f90:3039,yes,yes,no,yes,
other/shared,INIT::INIT_WALL_CELL,init.f90,MESH_NAME,module_global,GLOBAL_CONSTANTS,runtime_array,R,init.f90:3040,yes,yes,no,yes,
other/shared,INIT::INIT_WALL_CELL,init.f90,MESH_SEPARATION_DISTANCE,module_global,GLOBAL_CONSTANTS,runtime_scalar,R,init.f90:3164,yes,yes,no,yes,
other/shared,INIT::INIT_WALL_CELL,init.f90,PERIODIC_FLOW_ONLY_SURF_INDEX,module_global,GLOBAL_CONSTANTS,runtime_scalar,R,init.f90:3151,yes,yes,no,yes,
other/shared,INIT::INIT_WALL_CELL,init.f90,PERIODIC_SURF_INDEX,module_global,GLOBAL_CONSTANTS,runtime_scalar,R,init.f90:3151,yes,yes,no,yes,
other/shared,INIT::INIT_WALL_CELL,init.f90,STOP_STATUS,module_global,GLOBAL_CONSTANTS,runtime_scalar,W,init.f90:3186,yes,yes,no,yes,
other/shared,INIT::INIT_WALL_CELL,init.f90,XF_MAX,module_global,GLOBAL_CONSTANTS,runtime_scalar,R,init.f90:3153,yes,yes,no,yes,
other/shared,INIT::INIT_WALL_CELL,init.f90,XS_MIN,module_global,GLOBAL_CONSTANTS,runtime_scalar,R,init.f90:3154,yes,yes,no,yes,
other/shared,INIT::INIT_WALL_CELL,init.f90,YF_MAX,module_global,GLOBAL_CONSTANTS,runtime_scalar,R,init.f90:3155,yes,yes,no,yes,
other/shared,INIT::INIT_WALL_CELL,init.f90,YS_MIN,module_global,GLOBAL_CONSTANTS,runtime_scalar,R,init.f90:3156,yes,yes,no,yes,
other/shared,INIT::INIT_WALL_CELL,init.f90,ZF_MAX,module_global,GLOBAL_CONSTANTS,runtime_scalar,R,init.f90:3157,yes,yes,no,yes,
other/shared,INIT::INIT_WALL_CELL,init.f90,ZS_MIN,module_global,GLOBAL_CONSTANTS,runtime_scalar,R,init.f90:3158,yes,yes,no,yes,
other/shared,INIT::INIT_WALL_CELL,init.f90,SURFACE,module_global,TYPES,runtime_array,R,init.f90:3307,yes,yes,no,yes,
other/shared,INIT::INIT_WALL_CELL,init.f90,BOUNDARY_COORD,mesh_field,MESH_TYPE,wall_obst_cutcell,RW,init.f90:3328,yes,yes,no,yes,via=M|alias:BC
other/shared,INIT::INIT_WALL_CELL,init.f90,BOUNDARY_PROP1,mesh_field,MESH_TYPE,wall_obst_cutcell,RW,init.f90:3377,yes,yes,no,yes,via=M|alias:B1
other/shared,INIT::INIT_WALL_CELL,init.f90,CELL,mesh_field,MESH_TYPE,wall_obst_cutcell,RW,init.f90:3128,yes,yes,no,yes,via=M|MM
other/shared,INIT::INIT_WALL_CELL,init.f90,CELL_INDEX,mesh_field,MESH_TYPE,wall_obst_cutcell,R,init.f90:3116,yes,yes,no,yes,via=M|MM
other/shared,INIT::INIT_WALL_CELL,init.f90,DX,mesh_field,MESH_TYPE,grid_geometry,R,init.f90:3088,yes,yes,no,yes,via=M|MM
other/shared,INIT::INIT_WALL_CELL,init.f90,DY,mesh_field,MESH_TYPE,grid_geometry,R,init.f90:3060,yes,yes,no,yes,via=M|MM
other/shared,INIT::INIT_WALL_CELL,init.f90,DZ,mesh_field,MESH_TYPE,grid_geometry,R,init.f90:3060,yes,yes,no,yes,via=M|MM
other/shared,INIT::INIT_WALL_CELL,init.f90,EXTERNAL_WALL,mesh_field,MESH_TYPE,ghost_boundary,RW,init.f90:3318,yes,yes,no,yes,via=M|alias:EWC
other/shared,INIT::INIT_WALL_CELL,init.f90,N_EXTERNAL_WALL_CELLS,mesh_field,MESH_TYPE,ghost_boundary,R,init.f90:3123,yes,yes,no,yes,via=M
other/shared,INIT::INIT_WALL_CELL,init.f90,N_VENT,mesh_field,MESH_TYPE,wall_obst_cutcell,R,init.f90:3003,yes,yes,no,yes,via=M
other/shared,INIT::INIT_WALL_CELL,init.f90,OBSTRUCTION,mesh_field,MESH_TYPE,wall_obst_cutcell,RW,init.f90:3009,yes,yes,no,yes,via=M|MM|alias:OBX
other/shared,INIT::INIT_WALL_CELL,init.f90,R,mesh_field,MESH_TYPE,grid_geometry,R,init.f90:3060,yes,yes,no,yes,via=M
other/shared,INIT::INIT_WALL_CELL,init.f90,RC,mesh_field,MESH_TYPE,grid_geometry,R,init.f90:3105,yes,yes,no,yes,via=M
other/shared,INIT::INIT_WALL_CELL,init.f90,RDXN,mesh_field,MESH_TYPE,grid_geometry,R,init.f90:3059,yes,yes,no,yes,via=M
other/shared,INIT::INIT_WALL_CELL,init.f90,RDYN,mesh_field,MESH_TYPE,grid_geometry,R,init.f90:3077,yes,yes,no,yes,via=M
other/shared,INIT::INIT_WALL_CELL,init.f90,RDZN,mesh_field,MESH_TYPE,grid_geometry,R,init.f90:3094,yes,yes,no,yes,via=M
other/shared,INIT::INIT_WALL_CELL,init.f90,VENTS,mesh_field,MESH_TYPE,wall_obst_cutcell,R,init.f90:3005,yes,yes,no,yes,via=M|alias:VT
other/shared,INIT::INIT_WALL_CELL,init.f90,WALL,mesh_field,MESH_TYPE,wall_obst_cutcell,RW,init.f90:3308,yes,yes,no,yes,via=M|alias:WC
other/shared,INIT::INIT_WALL_CELL,init.f90,X,mesh_field,MESH_TYPE,grid_geometry,R,init.f90:3057,yes,yes,no,yes,via=M|MM
other/shared,INIT::INIT_WALL_CELL,init.f90,XC,mesh_field,MESH_TYPE,grid_geometry,R,init.f90:3026,yes,yes,no,yes,via=M
other/shared,INIT::INIT_WALL_CELL,init.f90,Y,mesh_field,MESH_TYPE,grid_geometry,R,init.f90:3075,yes,yes,no,yes,via=M|MM
other/shared,INIT::INIT_WALL_CELL,init.f90,YC,mesh_field,MESH_TYPE,grid_geometry,R,init.f90:3019,yes,yes,no,yes,via=M
other/shared,INIT::INIT_WALL_CELL,init.f90,Z,mesh_field,MESH_TYPE,grid_geometry,R,init.f90:3092,yes,yes,no,yes,via=M|MM
other/shared,INIT::INIT_WALL_CELL,init.f90,ZC,mesh_field,MESH_TYPE,grid_geometry,R,init.f90:3019,yes,yes,no,yes,via=M
other/shared,INIT::OPEN_AND_CLOSE,init.f90,CONTROL,module_global,CONTROL_VARIABLES,runtime_array,R,init.f90:4556,no,no,no,no,
other/shared,INIT::OPEN_AND_CLOSE,init.f90,DEVICE,module_global,DEVICE_VARIABLES,runtime_array,R,init.f90:4550,no,no,no,no,
other/shared,INIT::OPEN_AND_CLOSE,init.f90,TIME_SHRINK_FACTOR,module_global,GLOBAL_CONSTANTS,runtime_scalar,R,init.f90:4717,no,no,no,no,
other/shared,INIT::OPEN_AND_CLOSE,init.f90,T_BEGIN,module_global,GLOBAL_CONSTANTS,runtime_scalar,R,init.f90:4545,no,no,no,no,
other/shared,INIT::OPEN_AND_CLOSE,init.f90,T_USED,module_global,GLOBAL_CONSTANTS,runtime_array,RW,init.f90:4837,no,no,no,no,
other/shared,INIT::OPEN_AND_CLOSE,init.f90,BOUNDARY_COORD,mesh_field,MESH_TYPE,wall_obst_cutcell,R,init.f90:4800,no,no,no,no,via=MESHES|alias:BC
other/shared,INIT::OPEN_AND_CLOSE,init.f90,BOUNDARY_PROP1,mesh_field,MESH_TYPE,wall_obst_cutcell,RW,init.f90:4799,no,no,no,no,via=MESHES|alias:B1
other/shared,INIT::OPEN_AND_CLOSE,init.f90,CELL,mesh_field,MESH_TYPE,wall_obst_cutcell,R,init.f90:4797,no,no,no,no,via=ptr
other/shared,INIT::OPEN_AND_CLOSE,init.f90,CELL_INDEX,mesh_field,MESH_TYPE,wall_obst_cutcell,R,init.f90:4789,no,no,no,no,via=ptr
other/shared,INIT::OPEN_AND_CLOSE,init.f90,N_OBST,mesh_field,MESH_TYPE,wall_obst_cutcell,R,init.f90:4533,no,no,no,no,via=ptr
other/shared,INIT::OPEN_AND_CLOSE,init.f90,N_STRINGS,mesh_field,MESH_TYPE,other,RW,init.f90:4710,no,no,no,no,via=ptr
other/shared,INIT::OPEN_AND_CLOSE,init.f90,N_STRINGS_MAX,mesh_field,MESH_TYPE,other,R,init.f90:4710,no,no,no,no,via=ptr
other/shared,INIT::OPEN_AND_CLOSE,init.f90,N_VENT,mesh_field,MESH_TYPE,wall_obst_cutcell,R,init.f90:4731,no,no,no,no,via=ptr
other/shared,INIT::OPEN_AND_CLOSE,init.f90,OBSTRUCTION,mesh_field,MESH_TYPE,wall_obst_cutcell,RW,init.f90:4535,no,no,no,no,via=alias:OB|ptr
other/shared,INIT::OPEN_AND_CLOSE,init.f90,STRING,mesh_field,MESH_TYPE,other,RW,init.f90:4712,no,no,no,no,via=MESHES|ptr
other/shared,INIT::OPEN_AND_CLOSE,init.f90,VENTS,mesh_field,MESH_TYPE,wall_obst_cutcell,RW,init.f90:4732,no,no,no,no,via=alias:VT|ptr
other/shared,INIT::OPEN_AND_CLOSE,init.f90,WALL,mesh_field,MESH_TYPE,wall_obst_cutcell,R,init.f90:4799,no,no,no,no,via=MESHES
other/shared,INIT::REASSIGN_WALL_CELLS,init.f90,T_USED,module_global,GLOBAL_CONSTANTS,runtime_array,RW,init.f90:5056,yes,no,no,no,
other/shared,INIT::REASSIGN_WALL_CELLS,init.f90,BOUNDARY_COORD,mesh_field,MESH_TYPE,wall_obst_cutcell,R,init.f90:4922,yes,no,no,no,via=MESHES|alias:BC
other/shared,INIT::REASSIGN_WALL_CELLS,init.f90,CELL,mesh_field,MESH_TYPE,wall_obst_cutcell,R,init.f90:4927,yes,no,no,no,via=MM|ptr
other/shared,INIT::REASSIGN_WALL_CELLS,init.f90,CELL_INDEX,mesh_field,MESH_TYPE,wall_obst_cutcell,R,init.f90:4927,yes,no,no,no,via=MM|ptr
other/shared,INIT::REASSIGN_WALL_CELLS,init.f90,EXTERNAL_WALL,mesh_field,MESH_TYPE,ghost_boundary,R,init.f90:4918,yes,no,no,no,via=MESHES|alias:EWC
other/shared,INIT::REASSIGN_WALL_CELLS,init.f90,IBAR,mesh_field,MESH_TYPE,grid_geometry,R,init.f90:4967,yes,no,no,no,via=ptr
other/shared,INIT::REASSIGN_WALL_CELLS,init.f90,JBAR,mesh_field,MESH_TYPE,grid_geometry,R,init.f90:4990,yes,no,no,no,via=ptr
other/shared,INIT::REASSIGN_WALL_CELLS,init.f90,KBAR,mesh_field,MESH_TYPE,grid_geometry,R,init.f90:5013,yes,no,no,no,via=ptr
other/shared,INIT::REASSIGN_WALL_CELLS,init.f90,N_EXTERNAL_WALL_CELLS,mesh_field,MESH_TYPE,ghost_boundary,R,init.f90:4917,yes,no,no,no,via=ptr
other/shared,INIT::REASSIGN_WALL_CELLS,init.f90,N_OBST,mesh_field,MESH_TYPE,wall_obst_cutcell,R,init.f90:4940,yes,no,no,no,via=ptr
other/shared,INIT::REASSIGN_WALL_CELLS,init.f90,OBSTRUCTION,mesh_field,MESH_TYPE,wall_obst_cutcell,RW,init.f90:4942,yes,no,no,no,via=alias:OB|ptr
other/shared,INIT::REASSIGN_WALL_CELLS,init.f90,WALL,mesh_field,MESH_TYPE,wall_obst_cutcell,R,init.f90:4921,yes,no,no,no,via=MESHES|alias:WC
other/shared,INIT::REASSIGN_WALL_CELLS::GET_BOUNDARY_TYPE,init.f90,INTERPOLATED_SURF_INDEX,module_global,GLOBAL_CONSTANTS,runtime_scalar,R,init.f90:5089,yes,no,no,no,
other/shared,INIT::REASSIGN_WALL_CELLS::GET_BOUNDARY_TYPE,init.f90,MIRROR_SURF_INDEX,module_global,GLOBAL_CONSTANTS,runtime_scalar,R,init.f90:5078,yes,no,no,no,
other/shared,INIT::REASSIGN_WALL_CELLS::GET_BOUNDARY_TYPE,init.f90,OPEN_SURF_INDEX,module_global,GLOBAL_CONSTANTS,runtime_scalar,R,init.f90:5084,yes,no,no,no,
other/shared,INIT::REASSIGN_WALL_CELLS::GET_BOUNDARY_TYPE,init.f90,SURFACE,module_global,TYPES,runtime_array,R,init.f90:5139,yes,no,no,no,
other/shared,INIT::REASSIGN_WALL_CELLS::GET_BOUNDARY_TYPE,init.f90,BOUNDARY_COORD,mesh_field,MESH_TYPE,wall_obst_cutcell,R,init.f90:5072,yes,no,no,no,via=MESHES|alias:BC
other/shared,INIT::REASSIGN_WALL_CELLS::GET_BOUNDARY_TYPE,init.f90,BOUNDARY_ONE_D,mesh_field,MESH_TYPE,wall_obst_cutcell,RW,init.f90:5186,yes,no,no,no,via=MESHES|alias:ONE_D_OLD|ptr
other/shared,INIT::REASSIGN_WALL_CELLS::GET_BOUNDARY_TYPE,init.f90,BOUNDARY_PROP1,mesh_field,MESH_TYPE,wall_obst_cutcell,RW,init.f90:5108,yes,no,no,no,via=MESHES|alias:B1|alias:B1_OLD
other/shared,INIT::REASSIGN_WALL_CELLS::GET_BOUNDARY_TYPE,init.f90,CELL,mesh_field,MESH_TYPE,wall_obst_cutcell,RW,init.f90:5077,yes,no,no,no,via=MESHES|ptr
other/shared,INIT::REASSIGN_WALL_CELLS::GET_BOUNDARY_TYPE,init.f90,CELL_INDEX,mesh_field,MESH_TYPE,wall_obst_cutcell,R,init.f90:5151,yes,no,no,no,via=MESHES|ptr
other/shared,INIT::REASSIGN_WALL_CELLS::GET_BOUNDARY_TYPE,init.f90,EXTERNAL_WALL,mesh_field,MESH_TYPE,ghost_boundary,RW,init.f90:5075,yes,no,no,no,via=MESHES|alias:EWC|ptr
other/shared,INIT::REASSIGN_WALL_CELLS::GET_BOUNDARY_TYPE,init.f90,N_EXTERNAL_WALL_CELLS,mesh_field,MESH_TYPE,ghost_boundary,R,init.f90:5074,yes,no,no,no,via=ptr
other/shared,INIT::REASSIGN_WALL_CELLS::GET_BOUNDARY_TYPE,init.f90,OBSTRUCTION,mesh_field,MESH_TYPE,wall_obst_cutcell,R,init.f90:5098,yes,no,no,no,via=ptr
other/shared,INIT::REASSIGN_WALL_CELLS::GET_BOUNDARY_TYPE,init.f90,OMESH,mesh_field,MESH_TYPE,mpi_exchange,R,init.f90:5195,yes,no,no,no,via=ptr
other/shared,INIT::REASSIGN_WALL_CELLS::GET_BOUNDARY_TYPE,init.f90,WALL,mesh_field,MESH_TYPE,wall_obst_cutcell,RW,init.f90:5071,yes,no,no,no,via=MESHES|alias:WC|alias:WC_OLD
other/shared,INIT::REASSIGN_WALL_CELLS::GET_BOUNDARY_TYPE,init.f90,WALL_SEND_BUFFER,mesh_field,OMESH_TYPE,mpi_exchange,RW,init.f90:5195,yes,no,no,no,via=OMESH|alias:OS
other/shared,INIT::REASSIGN_WALL_CELLS::REDEFINE_EDGE,init.f90,CELL,mesh_field,MESH_TYPE,wall_obst_cutcell,R,init.f90:5219,no,no,no,no,via=ptr
other/shared,INIT::REASSIGN_WALL_CELLS::REDEFINE_EDGE,init.f90,CELL_INDEX,mesh_field,MESH_TYPE,wall_obst_cutcell,R,init.f90:5219,no,no,no,no,via=ptr
other/shared,INIT::SET_DENSITY_AND_MASS_FRACTIONS_AT_WALL,init.f90,CONTROL,module_global,CONTROL_VARIABLES,runtime_array,R,init.f90:3614,no,yes,no,no,
other/shared,INIT::SET_DENSITY_AND_MASS_FRACTIONS_AT_WALL,init.f90,DEVICE,module_global,DEVICE_VARIABLES,runtime_array,R,init.f90:3617,no,yes,no,no,
other/shared,INIT::SET_DENSITY_AND_MASS_FRACTIONS_AT_WALL,init.f90,GROUND_LEVEL,module_global,GLOBAL_CONSTANTS,runtime_scalar,R,init.f90:3647,no,yes,no,no,
other/shared,INIT::SET_DENSITY_AND_MASS_FRACTIONS_AT_WALL,init.f90,MIRROR_SURF_INDEX,module_global,GLOBAL_CONSTANTS,runtime_scalar,R,init.f90:3692,no,yes,no,no,
other/shared,INIT::SET_DENSITY_AND_MASS_FRACTIONS_AT_WALL,init.f90,N_TRACKED_SPECIES,module_global,GLOBAL_CONSTANTS,runtime_scalar,R,init.f90:3553,no,yes,no,no,
other/shared,INIT::SET_DENSITY_AND_MASS_FRACTIONS_AT_WALL,init.f90,O2_INDEX,module_global,GLOBAL_CONSTANTS,runtime_scalar,R,init.f90:3555,no,yes,no,no,
other/shared,INIT::SET_DENSITY_AND_MASS_FRACTIONS_AT_WALL,init.f90,OPEN_SURF_INDEX,module_global,GLOBAL_CONSTANTS,runtime_scalar,R,init.f90:3696,no,yes,no,no,
other/shared,INIT::SET_DENSITY_AND_MASS_FRACTIONS_AT_WALL,init.f90,RADIATION,module_global,GLOBAL_CONSTANTS,runtime_scalar,R,init.f90:3751,no,yes,no,no,
other/shared,INIT::SET_DENSITY_AND_MASS_FRACTIONS_AT_WALL,init.f90,RHOA,module_global,GLOBAL_CONSTANTS,runtime_scalar,R,init.f90:3591,no,yes,no,no,
other/shared,INIT::SET_DENSITY_AND_MASS_FRACTIONS_AT_WALL,init.f90,RSUM0,module_global,GLOBAL_CONSTANTS,runtime_scalar,R,init.f90:3634,no,yes,no,no,
other/shared,INIT::SET_DENSITY_AND_MASS_FRACTIONS_AT_WALL,init.f90,TGA_MESH_INDEX,module_global,GLOBAL_CONSTANTS,runtime_scalar,W,init.f90:3567,no,yes,no,no,
other/shared,INIT::SET_DENSITY_AND_MASS_FRACTIONS_AT_WALL,init.f90,TGA_SURF_INDEX,module_global,GLOBAL_CONSTANTS,runtime_scalar,R,init.f90:3565,no,yes,no,no,
other/shared,INIT::SET_DENSITY_AND_MASS_FRACTIONS_AT_WALL,init.f90,TGA_WALL_INDEX,module_global,GLOBAL_CONSTANTS,runtime_scalar,W,init.f90:3566,no,yes,no,no,
other/shared,INIT::SET_DENSITY_AND_MASS_FRACTIONS_AT_WALL,init.f90,TMPA,module_global,GLOBAL_CONSTANTS,runtime_scalar,R,init.f90:3634,no,yes,no,no,
other/shared,INIT::SET_DENSITY_AND_MASS_FRACTIONS_AT_WALL,init.f90,T_BEGIN,module_global,GLOBAL_CONSTANTS,runtime_scalar,R,init.f90:3596,no,yes,no,no,
other/shared,INIT::SET_DENSITY_AND_MASS_FRACTIONS_AT_WALL,init.f90,SURFACE,module_global,TYPES,runtime_array,R,init.f90:3544,no,yes,no,no,
other/shared,INIT::SET_DENSITY_AND_MASS_FRACTIONS_AT_WALL,init.f90,BOUNDARY_COORD,mesh_field,MESH_TYPE,wall_obst_cutcell,R,init.f90:3541,no,yes,no,no,via=M|alias:BC
other/shared,INIT::SET_DENSITY_AND_MASS_FRACTIONS_AT_WALL,init.f90,BOUNDARY_PROP1,mesh_field,MESH_TYPE,wall_obst_cutcell,RW,init.f90:3542,no,yes,no,no,via=M|alias:B1
other/shared,INIT::SET_DENSITY_AND_MASS_FRACTIONS_AT_WALL,init.f90,BOUNDARY_PROP2,mesh_field,MESH_TYPE,wall_obst_cutcell,RW,init.f90:3543,no,yes,no,no,via=M|alias:B2
other/shared,INIT::SET_DENSITY_AND_MASS_FRACTIONS_AT_WALL,init.f90,CELL,mesh_field,MESH_TYPE,wall_obst_cutcell,R,init.f90:3551,no,yes,no,no,via=M
other/shared,INIT::SET_DENSITY_AND_MASS_FRACTIONS_AT_WALL,init.f90,CELL_INDEX,mesh_field,MESH_TYPE,wall_obst_cutcell,R,init.f90:3545,no,yes,no,no,via=M
other/shared,INIT::SET_DENSITY_AND_MASS_FRACTIONS_AT_WALL,init.f90,N_EXTERNAL_WALL_CELLS,mesh_field,MESH_TYPE,ghost_boundary,R,init.f90:3551,no,yes,no,no,via=M
other/shared,INIT::SET_DENSITY_AND_MASS_FRACTIONS_AT_WALL,init.f90,OBSTRUCTION,mesh_field,MESH_TYPE,wall_obst_cutcell,RW,init.f90:3573,no,yes,no,no,via=M|alias:OB
other/shared,INIT::SET_DENSITY_AND_MASS_FRACTIONS_AT_WALL,init.f90,RHO,mesh_field,MESH_TYPE,cell_centred_solution,R,init.f90:3547,no,yes,no,no,via=M
other/shared,INIT::SET_DENSITY_AND_MASS_FRACTIONS_AT_WALL,init.f90,RSUM,mesh_field,MESH_TYPE,cell_centred_solution,RW,init.f90:3552,no,yes,no,no,via=M
other/shared,INIT::SET_DENSITY_AND_MASS_FRACTIONS_AT_WALL,init.f90,TMP_0,mesh_field,MESH_TYPE,other,R,init.f90:3736,no,yes,no,no,via=M
other/shared,INIT::SET_DENSITY_AND_MASS_FRACTIONS_AT_WALL,init.f90,VENTS,mesh_field,MESH_TYPE,wall_obst_cutcell,R,init.f90:3600,no,yes,no,no,via=M|alias:VT
other/shared,INIT::SET_DENSITY_AND_MASS_FRACTIONS_AT_WALL,init.f90,WALL,mesh_field,MESH_TYPE,wall_obst_cutcell,RW,init.f90:3540,no,yes,no,no,via=M|alias:WC
other/shared,INIT::SET_DENSITY_AND_MASS_FRACTIONS_AT_WALL,init.f90,XC,mesh_field,MESH_TYPE,grid_geometry,R,init.f90:3678,no,yes,no,no,via=M
other/shared,INIT::SET_DENSITY_AND_MASS_FRACTIONS_AT_WALL,init.f90,YC,mesh_field,MESH_TYPE,grid_geometry,R,init.f90:3678,no,yes,no,no,via=M
other/shared,INIT::SET_DENSITY_AND_MASS_FRACTIONS_AT_WALL,init.f90,ZC,mesh_field,MESH_TYPE,grid_geometry,R,init.f90:3647,no,yes,no,no,via=M
other/shared,INIT::SET_DENSITY_AND_MASS_FRACTIONS_AT_WALL,init.f90,ZZ,mesh_field,MESH_TYPE,cell_centred_solution,RW,init.f90:3553,no,yes,no,no,via=M
other/shared,FDS::CREATE_OR_REMOVE_OBSTRUCTIONS,main.f90,IERR,module_global,FDS,runtime_scalar,R,main.f90:1788,no,yes,no,no,
other/shared,FDS::CREATE_OR_REMOVE_OBSTRUCTIONS,main.f90,NM,module_global,FDS,runtime_scalar,R,main.f90:1784,no,yes,no,no,
other/shared,FDS::CREATE_OR_REMOVE_OBSTRUCTIONS,main.f90,T,module_global,FDS,runtime_scalar,R,main.f90:1785,no,yes,no,no,
other/shared,FDS::CREATE_OR_REMOVE_OBSTRUCTIONS,main.f90,LOWER_MESH_INDEX,module_global,GLOBAL_CONSTANTS,runtime_scalar,R,main.f90:1784,no,yes,no,no,
other/shared,FDS::CREATE_OR_REMOVE_OBSTRUCTIONS,main.f90,OBST_CREATED_OR_REMOVED,module_global,GLOBAL_CONSTANTS,runtime_scalar,RW,main.f90:1788,no,yes,no,no,
other/shared,FDS::CREATE_OR_REMOVE_OBSTRUCTIONS,main.f90,UPDATE_ALL_ANGLES,module_global,GLOBAL_CONSTANTS,runtime_scalar,W,main.f90:1795,no,yes,no,no,
other/shared,FDS::CREATE_OR_REMOVE_OBSTRUCTIONS,main.f90,UPPER_MESH_INDEX,module_global,GLOBAL_CONSTANTS,runtime_scalar,R,main.f90:1784,no,yes,no,no,
other/shared,FDS::END_FDS,main.f90,I,module_global,FDS,runtime_scalar,R,main.f90:1982,no,yes,no,no,
other/shared,FDS::END_FDS,main.f90,IERR,module_global,FDS,runtime_scalar,RW,main.f90:1982,no,yes,no,no,arg_unknown
other/shared,FDS::END_FDS,main.f90,N_REQ1,module_global,FDS,runtime_scalar,R,main.f90:1982,no,yes,no,no,
other/shared,FDS::END_FDS,main.f90,N_REQ14,module_global,FDS,runtime_scalar,R,main.f90:1989,no,yes,no,no,
other/shared,FDS::END_FDS,main.f90,N_REQ15,module_global,FDS,runtime_scalar,R,main.f90:1991,no,yes,no,no,
other/shared,FDS::END_FDS,main.f90,N_REQ2,module_global,FDS,runtime_scalar,R,main.f90:1983,no,yes,no,no,
other/shared,FDS::END_FDS,main.f90,N_REQ3,module_global,FDS,runtime_scalar,R,main.f90:1984,no,yes,no,no,
other/shared,FDS::END_FDS,main.f90,N_REQ4,module_global,FDS,runtime_scalar,R,main.f90:1985,no,yes,no,no,
other/shared,FDS::END_FDS,main.f90,N_REQ5,module_global,FDS,runtime_scalar,R,main.f90:1986,no,yes,no,no,
other/shared,FDS::END_FDS,main.f90,N_REQ6,module_global,FDS,runtime_scalar,R,main.f90:1987,no,yes,no,no,
other/shared,FDS::END_FDS,main.f90,N_REQ7,module_global,FDS,runtime_scalar,R,main.f90:1988,no,yes,no,no,
other/shared,FDS::END_FDS,main.f90,REQ1,module_global,FDS,runtime_array,RW,main.f90:1982,no,yes,no,no,
other/shared,FDS::END_FDS,main.f90,REQ14,module_global,FDS,runtime_array,RW,main.f90:1989,no,yes,no,no,
other/shared,FDS::END_FDS,main.f90,REQ15,module_global,FDS,runtime_array,RW,main.f90:1991,no,yes,no,no,
other/shared,FDS::END_FDS,main.f90,REQ2,module_global,FDS,runtime_array,RW,main.f90:1983,no,yes,no,no,
other/shared,FDS::END_FDS,main.f90,REQ3,module_global,FDS,runtime_array,RW,main.f90:1984,no,yes,no,no,
other/shared,FDS::END_FDS,main.f90,REQ4,module_global,FDS,runtime_array,RW,main.f90:1985,no,yes,no,no,
other/shared,FDS::END_FDS,main.f90,REQ5,module_global,FDS,runtime_array,RW,main.f90:1986,no,yes,no,no,
other/shared,FDS::END_FDS,main.f90,REQ6,module_global,FDS,runtime_array,RW,main.f90:1987,no,yes,no,no,
other/shared,FDS::END_FDS,main.f90,REQ7,module_global,FDS,runtime_array,RW,main.f90:1988,no,yes,no,no,
other/shared,FDS::END_FDS,main.f90,STATUS,module_global,FDS,runtime_array,R,main.f90:1944,no,yes,no,no,
other/shared,FDS::END_FDS,main.f90,CHID,module_global,GLOBAL_CONSTANTS,runtime_scalar,R,main.f90:1974,no,yes,no,no,
other/shared,FDS::END_FDS,main.f90,EXCHANGE_OBST_MASS,module_global,GLOBAL_CONSTANTS,runtime_scalar,R,main.f90:1990,no,yes,no,no,
other/shared,FDS::END_FDS,main.f90,LU_ERR,module_global,GLOBAL_CONSTANTS,runtime_scalar,R,main.f90:1974,no,yes,no,no,
other/shared,FDS::END_FDS,main.f90,LU_NOTREADY,module_global,GLOBAL_CONSTANTS,runtime_scalar,R,main.f90:1944,no,yes,no,no,
other/shared,FDS::END_FDS,main.f90,LU_OUTPUT,module_global,GLOBAL_CONSTANTS,runtime_scalar,R,main.f90:1975,no,yes,no,no,
other/shared,FDS::END_FDS,main.f90,MY_RANK,module_global,GLOBAL_CONSTANTS,runtime_scalar,R,main.f90:1933,no,yes,no,no,
other/shared,FDS::END_FDS,main.f90,OUT_FILE_OPENED,module_global,GLOBAL_CONSTANTS,runtime_scalar,R,main.f90:1975,no,yes,no,no,
other/shared,FDS::END_FDS,main.f90,STATUS_FILES,module_global,GLOBAL_CONSTANTS,runtime_scalar,R,main.f90:1944,no,yes,no,no,
other/shared,FDS::END_FDS,main.f90,STOP_STATUS,module_global,GLOBAL_CONSTANTS,runtime_scalar,R,main.f90:1929,no,yes,no,no,
other/shared,FDS::STOP_CHECK,main.f90,DIAGNOSTICS,module_global,FDS,runtime_scalar,W,main.f90:1911,no,yes,no,no,
other/shared,FDS::STOP_CHECK,main.f90,DT,module_global,FDS,runtime_scalar,R,main.f90:1915,no,yes,no,no,
other/shared,FDS::STOP_CHECK,main.f90,IERR,module_global,FDS,runtime_scalar,R,main.f90:1903,no,yes,no,no,
other/shared,FDS::STOP_CHECK,main.f90,T,module_global,FDS,runtime_scalar,R,main.f90:1915,no,yes,no,no,
other/shared,FDS::STOP_CHECK,main.f90,MY_RANK,module_global,GLOBAL_CONSTANTS,runtime_scalar,R,main.f90:1915,no,yes,no,no,
other/shared,FDS::STOP_CHECK,main.f90,N_MPI_PROCESSES,module_global,GLOBAL_CONSTANTS,runtime_scalar,R,main.f90:1901,no,yes,no,no,
other/shared,FDS::STOP_CHECK,main.f90,RADIATION_COMPLETED,module_global,GLOBAL_CONSTANTS,runtime_array,R,main.f90:1912,no,yes,no,no,
other/shared,FDS::STOP_CHECK,main.f90,STOP_AT_ITER,module_global,GLOBAL_CONSTANTS,runtime_scalar,R,main.f90:1912,no,yes,no,no,
other/shared,FDS::STOP_CHECK,main.f90,STOP_STATUS,module_global,GLOBAL_CONSTANTS,runtime_scalar,RW,main.f90:1903,no,yes,no,no,
other/shared,FDS::STOP_CHECK,main.f90,SUPPRESS_DIAGNOSTICS,module_global,GLOBAL_CONSTANTS,runtime_scalar,R,main.f90:1914,no,yes,no,no,
other/shared,FDS::STOP_CHECK,main.f90,T_USED,module_global,GLOBAL_CONSTANTS,runtime_array,RW,main.f90:1904,no,yes,no,no,
other/shared,MESH_POINTERS::POINT_TO_MESH,mesh.f90,ADV_FX,mesh_field,MESH_TYPE,face_centred_flux,R,mesh.f90:575,yes,yes,no,no,via=M
other/shared,MESH_POINTERS::POINT_TO_MESH,mesh.f90,ADV_FY,mesh_field,MESH_TYPE,face_centred_flux,R,mesh.f90:576,yes,yes,no,no,via=M
other/shared,MESH_POINTERS::POINT_TO_MESH,mesh.f90,ADV_FZ,mesh_field,MESH_TYPE,face_centred_flux,R,mesh.f90:577,yes,yes,no,no,via=M
other/shared,MESH_POINTERS::POINT_TO_MESH,mesh.f90,ALL_SLICE_NAMES,mesh_field,MESH_TYPE,other,R,mesh.f90:911,yes,yes,no,no,via=M
other/shared,MESH_POINTERS::POINT_TO_MESH,mesh.f90,ALL_SLICE_QUANTITIES,mesh_field,MESH_TYPE,other,R,mesh.f90:913,yes,yes,no,no,via=M
other/shared,MESH_POINTERS::POINT_TO_MESH,mesh.f90,ALL_SLICE_TOPOLOGIES,mesh_field,MESH_TYPE,other,R,mesh.f90:912,yes,yes,no,no,via=M
other/shared,MESH_POINTERS::POINT_TO_MESH,mesh.f90,ANGLE_INC_COUNTER,mesh_field,MESH_TYPE,radiation,R,mesh.f90:875,yes,yes,no,no,via=M
other/shared,MESH_POINTERS::POINT_TO_MESH,mesh.f90,AVG_DROP_AREA,mesh_field,MESH_TYPE,particle,R,mesh.f90:559,yes,yes,no,no,via=M
other/shared,MESH_POINTERS::POINT_TO_MESH,mesh.f90,AVG_DROP_DEN,mesh_field,MESH_TYPE,particle,R,mesh.f90:558,yes,yes,no,no,via=M
other/shared,MESH_POINTERS::POINT_TO_MESH,mesh.f90,AVG_DROP_RAD,mesh_field,MESH_TYPE,particle,R,mesh.f90:561,yes,yes,no,no,via=M
other/shared,MESH_POINTERS::POINT_TO_MESH,mesh.f90,AVG_DROP_TMP,mesh_field,MESH_TYPE,particle,R,mesh.f90:560,yes,yes,no,no,via=M
other/shared,MESH_POINTERS::POINT_TO_MESH,mesh.f90,BAROCLINIC_TERMS_ATTACHED,mesh_field,MESH_TYPE,other,R,mesh.f90:705,yes,yes,no,no,via=M
other/shared,MESH_POINTERS::POINT_TO_MESH,mesh.f90,BC_CLOCK,mesh_field,MESH_TYPE,wall_obst_cutcell,R,mesh.f90:825,yes,yes,no,no,via=M
other/shared,MESH_POINTERS::POINT_TO_MESH,mesh.f90,BNDF_DUMP,mesh_field,MESH_TYPE,other,R,mesh.f90:706,yes,yes,no,no,via=M
other/shared,MESH_POINTERS::POINT_TO_MESH,mesh.f90,BNDF_TIME_INTEGRAL,mesh_field,MESH_TYPE,other,R,mesh.f90:677,yes,yes,no,no,via=M
other/shared,MESH_POINTERS::POINT_TO_MESH,mesh.f90,BOUNDARY_COORD,mesh_field,MESH_TYPE,wall_obst_cutcell,R,mesh.f90:837,yes,yes,no,no,via=M
other/shared,MESH_POINTERS::POINT_TO_MESH,mesh.f90,BOUNDARY_COORD_OCCUPANCY,mesh_field,MESH_TYPE,wall_obst_cutcell,R,mesh.f90:853,yes,yes,no,no,via=M
other/shared,MESH_POINTERS::POINT_TO_MESH,mesh.f90,BOUNDARY_ONE_D,mesh_field,MESH_TYPE,wall_obst_cutcell,R,mesh.f90:835,yes,yes,no,no,via=M
other/shared,MESH_POINTERS::POINT_TO_MESH,mesh.f90,BOUNDARY_ONE_D_OCCUPANCY,mesh_field,MESH_TYPE,wall_obst_cutcell,R,mesh.f90:854,yes,yes,no,no,via=M
other/shared,MESH_POINTERS::POINT_TO_MESH,mesh.f90,BOUNDARY_PROP1,mesh_field,MESH_TYPE,wall_obst_cutcell,R,mesh.f90:838,yes,yes,no,no,via=M
other/shared,MESH_POINTERS::POINT_TO_MESH,mesh.f90,BOUNDARY_PROP1_OCCUPANCY,mesh_field,MESH_TYPE,wall_obst_cutcell,R,mesh.f90:856,yes,yes,no,no,via=M
other/shared,MESH_POINTERS::POINT_TO_MESH,mesh.f90,BOUNDARY_PROP2,mesh_field,MESH_TYPE,wall_obst_cutcell,R,mesh.f90:839,yes,yes,no,no,via=M
other/shared,MESH_POINTERS::POINT_TO_MESH,mesh.f90,BOUNDARY_PROP2_OCCUPANCY,mesh_field,MESH_TYPE,wall_obst_cutcell,R,mesh.f90:857,yes,yes,no,no,via=M
other/shared,MESH_POINTERS::POINT_TO_MESH,mesh.f90,BOUNDARY_RADIA,mesh_field,MESH_TYPE,wall_obst_cutcell,R,mesh.f90:840,yes,yes,no,no,via=M
other/shared,MESH_POINTERS::POINT_TO_MESH,mesh.f90,BOUNDARY_RADIA_OCCUPANCY,mesh_field,MESH_TYPE,wall_obst_cutcell,R,mesh.f90:858,yes,yes,no,no,via=M
other/shared,MESH_POINTERS::POINT_TO_MESH,mesh.f90,BOUNDARY_THR_D,mesh_field,MESH_TYPE,wall_obst_cutcell,R,mesh.f90:836,yes,yes,no,no,via=M
other/shared,MESH_POINTERS::POINT_TO_MESH,mesh.f90,BOUNDARY_THR_D_OCCUPANCY,mesh_field,MESH_TYPE,wall_obst_cutcell,R,mesh.f90:855,yes,yes,no,no,via=M
other/shared,MESH_POINTERS::POINT_TO_MESH,mesh.f90,BXF,mesh_field,MESH_TYPE,pressure_solver,R,mesh.f90:593,yes,yes,no,no,via=M
other/shared,MESH_POINTERS::POINT_TO_MESH,mesh.f90,BXFT,mesh_field,MESH_TYPE,pressure_solver,R,mesh.f90:599,yes,yes,no,no,via=M
other/shared,MESH_POINTERS::POINT_TO_MESH,mesh.f90,BXF_BAR,mesh_field,MESH_TYPE,pressure_solver,R,mesh.f90:605,yes,yes,no,no,via=M
other/shared,MESH_POINTERS::POINT_TO_MESH,mesh.f90,BXS,mesh_field,MESH_TYPE,pressure_solver,R,mesh.f90:592,yes,yes,no,no,via=M
other/shared,MESH_POINTERS::POINT_TO_MESH,mesh.f90,BXST,mesh_field,MESH_TYPE,pressure_solver,R,mesh.f90:598,yes,yes,no,no,via=M
other/shared,MESH_POINTERS::POINT_TO_MESH,mesh.f90,BXS_BAR,mesh_field,MESH_TYPE,pressure_solver,R,mesh.f90:604,yes,yes,no,no,via=M
other/shared,MESH_POINTERS::POINT_TO_MESH,mesh.f90,BYF,mesh_field,MESH_TYPE,pressure_solver,R,mesh.f90:595,yes,yes,no,no,via=M
other/shared,MESH_POINTERS::POINT_TO_MESH,mesh.f90,BYFT,mesh_field,MESH_TYPE,pressure_solver,R,mesh.f90:601,yes,yes,no,no,via=M
other/shared,MESH_POINTERS::POINT_TO_MESH,mesh.f90,BYS,mesh_field,MESH_TYPE,pressure_solver,R,mesh.f90:594,yes,yes,no,no,via=M
other/shared,MESH_POINTERS::POINT_TO_MESH,mesh.f90,BYST,mesh_field,MESH_TYPE,pressure_solver,R,mesh.f90:600,yes,yes,no,no,via=M
other/shared,MESH_POINTERS::POINT_TO_MESH,mesh.f90,BZF,mesh_field,MESH_TYPE,pressure_solver,R,mesh.f90:597,yes,yes,no,no,via=M
other/shared,MESH_POINTERS::POINT_TO_MESH,mesh.f90,BZFT,mesh_field,MESH_TYPE,pressure_solver,R,mesh.f90:603,yes,yes,no,no,via=M
other/shared,MESH_POINTERS::POINT_TO_MESH,mesh.f90,BZS,mesh_field,MESH_TYPE,pressure_solver,R,mesh.f90:596,yes,yes,no,no,via=M
other/shared,MESH_POINTERS::POINT_TO_MESH,mesh.f90,BZST,mesh_field,MESH_TYPE,pressure_solver,R,mesh.f90:602,yes,yes,no,no,via=M
other/shared,MESH_POINTERS::POINT_TO_MESH,mesh.f90,CARTVELDIV,mesh_field,MESH_TYPE,other,R,mesh.f90:664,yes,yes,no,no,via=M
other/shared,MESH_POINTERS::POINT_TO_MESH,mesh.f90,CCVAR,mesh_field,MESH_TYPE,wall_obst_cutcell,R,mesh.f90:796,yes,yes,no,no,via=M
other/shared,MESH_POINTERS::POINT_TO_MESH,mesh.f90,CCVELDIV,mesh_field,MESH_TYPE,other,R,mesh.f90:663,yes,yes,no,no,via=M
other/shared,MESH_POINTERS::POINT_TO_MESH,mesh.f90,CC_IBEDGE,mesh_field,MESH_TYPE,wall_obst_cutcell,R,mesh.f90:806,yes,yes,no,no,via=M
other/shared,MESH_POINTERS::POINT_TO_MESH,mesh.f90,CC_RCEDGE,mesh_field,MESH_TYPE,wall_obst_cutcell,R,mesh.f90:805,yes,yes,no,no,via=M
other/shared,MESH_POINTERS::POINT_TO_MESH,mesh.f90,CC_REGFACE_IAXIS_Z,mesh_field,MESH_TYPE,wall_obst_cutcell,R,mesh.f90:801,yes,yes,no,no,via=M
other/shared,MESH_POINTERS::POINT_TO_MESH,mesh.f90,CC_REGFACE_JAXIS_Z,mesh_field,MESH_TYPE,wall_obst_cutcell,R,mesh.f90:802,yes,yes,no,no,via=M
other/shared,MESH_POINTERS::POINT_TO_MESH,mesh.f90,CC_REGFACE_KAXIS_Z,mesh_field,MESH_TYPE,wall_obst_cutcell,R,mesh.f90:803,yes,yes,no,no,via=M
other/shared,MESH_POINTERS::POINT_TO_MESH,mesh.f90,CELL,mesh_field,MESH_TYPE,wall_obst_cutcell,R,mesh.f90:787,yes,yes,no,no,via=M
other/shared,MESH_POINTERS::POINT_TO_MESH,mesh.f90,CELLSI,mesh_field,MESH_TYPE,grid_geometry,R,mesh.f90:769,yes,yes,no,no,via=M
other/shared,MESH_POINTERS::POINT_TO_MESH,mesh.f90,CELLSI_HI,mesh_field,MESH_TYPE,grid_geometry,R,mesh.f90:775,yes,yes,no,no,via=M
other/shared,MESH_POINTERS::POINT_TO_MESH,mesh.f90,CELLSI_LO,mesh_field,MESH_TYPE,grid_geometry,R,mesh.f90:772,yes,yes,no,no,via=M
other/shared,MESH_POINTERS::POINT_TO_MESH,mesh.f90,CELLSJ,mesh_field,MESH_TYPE,grid_geometry,R,mesh.f90:770,yes,yes,no,no,via=M
other/shared,MESH_POINTERS::POINT_TO_MESH,mesh.f90,CELLSJ_HI,mesh_field,MESH_TYPE,grid_geometry,R,mesh.f90:776,yes,yes,no,no,via=M
other/shared,MESH_POINTERS::POINT_TO_MESH,mesh.f90,CELLSJ_LO,mesh_field,MESH_TYPE,grid_geometry,R,mesh.f90:773,yes,yes,no,no,via=M
other/shared,MESH_POINTERS::POINT_TO_MESH,mesh.f90,CELLSK,mesh_field,MESH_TYPE,grid_geometry,R,mesh.f90:771,yes,yes,no,no,via=M
other/shared,MESH_POINTERS::POINT_TO_MESH,mesh.f90,CELLSK_HI,mesh_field,MESH_TYPE,grid_geometry,R,mesh.f90:777,yes,yes,no,no,via=M
other/shared,MESH_POINTERS::POINT_TO_MESH,mesh.f90,CELLSK_LO,mesh_field,MESH_TYPE,grid_geometry,R,mesh.f90:774,yes,yes,no,no,via=M
other/shared,MESH_POINTERS::POINT_TO_MESH,mesh.f90,CELL_ILW,mesh_field,MESH_TYPE,radiation,R,mesh.f90:788,yes,yes,no,no,via=M
other/shared,MESH_POINTERS::POINT_TO_MESH,mesh.f90,CELL_INDEX,mesh_field,MESH_TYPE,wall_obst_cutcell,R,mesh.f90:786,yes,yes,no,no,via=M
other/shared,MESH_POINTERS::POINT_TO_MESH,mesh.f90,CELL_INTEGERS,mesh_field,MESH_TYPE,wall_obst_cutcell,R,mesh.f90:789,yes,yes,no,no,via=M
other/shared,MESH_POINTERS::POINT_TO_MESH,mesh.f90,CELL_LOGICALS,mesh_field,MESH_TYPE,wall_obst_cutcell,R,mesh.f90:790,yes,yes,no,no,via=M
other/shared,MESH_POINTERS::POINT_TO_MESH,mesh.f90,CELL_SIZE,mesh_field,MESH_TYPE,grid_geometry,R,mesh.f90:736,yes,yes,no,no,via=M
other/shared,MESH_POINTERS::POINT_TO_MESH,mesh.f90,CFACE,mesh_field,MESH_TYPE,wall_obst_cutcell,R,mesh.f90:807,yes,yes,no,no,via=M
other/shared,MESH_POINTERS::POINT_TO_MESH,mesh.f90,CFACE_STORAGE,mesh_field,MESH_TYPE,wall_obst_cutcell,R,mesh.f90:681,yes,yes,no,no,via=M
other/shared,MESH_POINTERS::POINT_TO_MESH,mesh.f90,CFL,mesh_field,MESH_TYPE,other,R,mesh.f90:682,yes,yes,no,no,via=M
other/shared,MESH_POINTERS::POINT_TO_MESH,mesh.f90,CHEM_ACTIVE_CC,mesh_field,MESH_TYPE,other,R,mesh.f90:539,yes,yes,no,no,via=M
other/shared,MESH_POINTERS::POINT_TO_MESH,mesh.f90,CHEM_ACTIVE_CELLS,mesh_field,MESH_TYPE,other,R,mesh.f90:538,yes,yes,no,no,via=M
other/shared,MESH_POINTERS::POINT_TO_MESH,mesh.f90,CHEM_SUBIT,mesh_field,MESH_TYPE,cell_centred_solution,R,mesh.f90:537,yes,yes,no,no,via=M
other/shared,MESH_POINTERS::POINT_TO_MESH,mesh.f90,CHI_R,mesh_field,MESH_TYPE,radiation,R,mesh.f90:548,yes,yes,no,no,via=M
other/shared,MESH_POINTERS::POINT_TO_MESH,mesh.f90,CLIP_RHOMAX,mesh_field,MESH_TYPE,other,R,mesh.f90:693,yes,yes,no,no,via=M
other/shared,MESH_POINTERS::POINT_TO_MESH,mesh.f90,CLIP_RHOMIN,mesh_field,MESH_TYPE,other,R,mesh.f90:692,yes,yes,no,no,via=M
other/shared,MESH_POINTERS::POINT_TO_MESH,mesh.f90,CONNECTED_MESH,mesh_field,MESH_TYPE,mpi_exchange,R,mesh.f90:812,yes,yes,no,no,via=M
other/shared,MESH_POINTERS::POINT_TO_MESH,mesh.f90,CSD2,mesh_field,MESH_TYPE,cell_centred_solution,R,mesh.f90:543,yes,yes,no,no,via=M
other/shared,MESH_POINTERS::POINT_TO_MESH,mesh.f90,CUT_CELL,mesh_field,MESH_TYPE,wall_obst_cutcell,R,mesh.f90:799,yes,yes,no,no,via=M
other/shared,MESH_POINTERS::POINT_TO_MESH,mesh.f90,CUT_EDGE,mesh_field,MESH_TYPE,wall_obst_cutcell,R,mesh.f90:797,yes,yes,no,no,via=M
other/shared,MESH_POINTERS::POINT_TO_MESH,mesh.f90,CUT_FACE,mesh_field,MESH_TYPE,wall_obst_cutcell,R,mesh.f90:798,yes,yes,no,no,via=M
other/shared,MESH_POINTERS::POINT_TO_MESH,mesh.f90,D,mesh_field,MESH_TYPE,cell_centred_solution,R,mesh.f90:520,yes,yes,no,no,via=M
other/shared,MESH_POINTERS::POINT_TO_MESH,mesh.f90,DDDT,mesh_field,MESH_TYPE,cell_centred_solution,R,mesh.f90:519,yes,yes,no,no,via=M
other/shared,MESH_POINTERS::POINT_TO_MESH,mesh.f90,DEL_RHO_D_DEL_Z,mesh_field,MESH_TYPE,cell_centred_solution,R,mesh.f90:567,yes,yes,no,no,via=M
other/shared,MESH_POINTERS::POINT_TO_MESH,mesh.f90,DETA,mesh_field,MESH_TYPE,grid_geometry,R,mesh.f90:725,yes,yes,no,no,via=M
other/shared,MESH_POINTERS::POINT_TO_MESH,mesh.f90,DIF_FX,mesh_field,MESH_TYPE,face_centred_flux,R,mesh.f90:578,yes,yes,no,no,via=M
other/shared,MESH_POINTERS::POINT_TO_MESH,mesh.f90,DIF_FXS,mesh_field,MESH_TYPE,face_centred_flux,R,mesh.f90:581,yes,yes,no,no,via=M
other/shared,MESH_POINTERS::POINT_TO_MESH,mesh.f90,DIF_FY,mesh_field,MESH_TYPE,face_centred_flux,R,mesh.f90:579,yes,yes,no,no,via=M
other/shared,MESH_POINTERS::POINT_TO_MESH,mesh.f90,DIF_FYS,mesh_field,MESH_TYPE,face_centred_flux,R,mesh.f90:582,yes,yes,no,no,via=M
other/shared,MESH_POINTERS::POINT_TO_MESH,mesh.f90,DIF_FZ,mesh_field,MESH_TYPE,face_centred_flux,R,mesh.f90:580,yes,yes,no,no,via=M
other/shared,MESH_POINTERS::POINT_TO_MESH,mesh.f90,DIF_FZS,mesh_field,MESH_TYPE,face_centred_flux,R,mesh.f90:583,yes,yes,no,no,via=M
other/shared,MESH_POINTERS::POINT_TO_MESH,mesh.f90,DIVMN,mesh_field,MESH_TYPE,other,R,mesh.f90:686,yes,yes,no,no,via=M
other/shared,MESH_POINTERS::POINT_TO_MESH,mesh.f90,DIVMX,mesh_field,MESH_TYPE,other,R,mesh.f90:683,yes,yes,no,no,via=M
other/shared,MESH_POINTERS::POINT_TO_MESH,mesh.f90,DRAG_UVWMAX,mesh_field,MESH_TYPE,particle,R,mesh.f90:687,yes,yes,no,no,via=M
other/shared,MESH_POINTERS::POINT_TO_MESH,mesh.f90,DS,mesh_field,MESH_TYPE,cell_centred_solution,R,mesh.f90:521,yes,yes,no,no,via=M
other/shared,MESH_POINTERS::POINT_TO_MESH,mesh.f90,DT_RESTRICT_COUNT,mesh_field,MESH_TYPE,other,R,mesh.f90:694,yes,yes,no,no,via=M
other/shared,MESH_POINTERS::POINT_TO_MESH,mesh.f90,DT_RESTRICT_STORE,mesh_field,MESH_TYPE,other,R,mesh.f90:695,yes,yes,no,no,via=M
other/shared,MESH_POINTERS::POINT_TO_MESH,mesh.f90,DX,mesh_field,MESH_TYPE,grid_geometry,R,mesh.f90:757,yes,yes,no,no,via=M
other/shared,MESH_POINTERS::POINT_TO_MESH,mesh.f90,DXI,mesh_field,MESH_TYPE,grid_geometry,R,mesh.f90:724,yes,yes,no,no,via=M
other/shared,MESH_POINTERS::POINT_TO_MESH,mesh.f90,DXMAX,mesh_field,MESH_TYPE,grid_geometry,R,mesh.f90:731,yes,yes,no,no,via=M
other/shared,MESH_POINTERS::POINT_TO_MESH,mesh.f90,DXMIN,mesh_field,MESH_TYPE,grid_geometry,R,mesh.f90:730,yes,yes,no,no,via=M
other/shared,MESH_POINTERS::POINT_TO_MESH,mesh.f90,DXN,mesh_field,MESH_TYPE,grid_geometry,R,mesh.f90:760,yes,yes,no,no,via=M
other/shared,MESH_POINTERS::POINT_TO_MESH,mesh.f90,DY,mesh_field,MESH_TYPE,grid_geometry,R,mesh.f90:758,yes,yes,no,no,via=M
other/shared,MESH_POINTERS::POINT_TO_MESH,mesh.f90,DYMAX,mesh_field,MESH_TYPE,grid_geometry,R,mesh.f90:733,yes,yes,no,no,via=M
other/shared,MESH_POINTERS::POINT_TO_MESH,mesh.f90,DYMIN,mesh_field,MESH_TYPE,grid_geometry,R,mesh.f90:732,yes,yes,no,no,via=M
other/shared,MESH_POINTERS::POINT_TO_MESH,mesh.f90,DYN,mesh_field,MESH_TYPE,grid_geometry,R,mesh.f90:761,yes,yes,no,no,via=M
other/shared,MESH_POINTERS::POINT_TO_MESH,mesh.f90,DZ,mesh_field,MESH_TYPE,grid_geometry,R,mesh.f90:759,yes,yes,no,no,via=M
other/shared,MESH_POINTERS::POINT_TO_MESH,mesh.f90,DZETA,mesh_field,MESH_TYPE,grid_geometry,R,mesh.f90:726,yes,yes,no,no,via=M
other/shared,MESH_POINTERS::POINT_TO_MESH,mesh.f90,DZMAX,mesh_field,MESH_TYPE,grid_geometry,R,mesh.f90:735,yes,yes,no,no,via=M
other/shared,MESH_POINTERS::POINT_TO_MESH,mesh.f90,DZMIN,mesh_field,MESH_TYPE,grid_geometry,R,mesh.f90:734,yes,yes,no,no,via=M
other/shared,MESH_POINTERS::POINT_TO_MESH,mesh.f90,DZN,mesh_field,MESH_TYPE,grid_geometry,R,mesh.f90:762,yes,yes,no,no,via=M
other/shared,MESH_POINTERS::POINT_TO_MESH,mesh.f90,DZTDX,mesh_field,MESH_TYPE,other,R,mesh.f90:896,yes,yes,no,no,via=M
other/shared,MESH_POINTERS::POINT_TO_MESH,mesh.f90,DZTDY,mesh_field,MESH_TYPE,other,R,mesh.f90:897,yes,yes,no,no,via=M
other/shared,MESH_POINTERS::POINT_TO_MESH,mesh.f90,D_PBAR_DT,mesh_field,MESH_TYPE,pressure_solver,R,mesh.f90:620,yes,yes,no,no,via=M
other/shared,MESH_POINTERS::POINT_TO_MESH,mesh.f90,D_PBAR_DT_S,mesh_field,MESH_TYPE,pressure_solver,R,mesh.f90:621,yes,yes,no,no,via=M
other/shared,MESH_POINTERS::POINT_TO_MESH,mesh.f90,D_SOURCE,mesh_field,MESH_TYPE,cell_centred_solution,R,mesh.f90:562,yes,yes,no,no,via=M
other/shared,MESH_POINTERS::POINT_TO_MESH,mesh.f90,D_Z_MAX,mesh_field,MESH_TYPE,cell_centred_solution,R,mesh.f90:542,yes,yes,no,no,via=M
other/shared,MESH_POINTERS::POINT_TO_MESH,mesh.f90,ECVAR,mesh_field,MESH_TYPE,wall_obst_cutcell,R,mesh.f90:794,yes,yes,no,no,via=M
other/shared,MESH_POINTERS::POINT_TO_MESH,mesh.f90,EDGE,mesh_field,MESH_TYPE,ghost_boundary,R,mesh.f90:711,yes,yes,no,no,via=M
other/shared,MESH_POINTERS::POINT_TO_MESH,mesh.f90,EMPTY_UNIQUE_SLICE,mesh_field,MESH_TYPE,other,R,mesh.f90:909,yes,yes,no,no,via=M
other/shared,MESH_POINTERS::POINT_TO_MESH,mesh.f90,EWC_UN_LNK,mesh_field,MESH_TYPE,wall_obst_cutcell,R,mesh.f90:809,yes,yes,no,no,via=M
other/shared,MESH_POINTERS::POINT_TO_MESH,mesh.f90,EXTERIOR_PATCH,mesh_field,MESH_TYPE,other,R,mesh.f90:872,yes,yes,no,no,via=M
other/shared,MESH_POINTERS::POINT_TO_MESH,mesh.f90,EXTERNAL_WALL,mesh_field,MESH_TYPE,ghost_boundary,R,mesh.f90:832,yes,yes,no,no,via=M
other/shared,MESH_POINTERS::POINT_TO_MESH,mesh.f90,FACE_WORK1,mesh_field,MESH_TYPE,scratch_work,R,mesh.f90:667,yes,yes,no,no,via=M
other/shared,MESH_POINTERS::POINT_TO_MESH,mesh.f90,FACE_WORK2,mesh_field,MESH_TYPE,scratch_work,R,mesh.f90:668,yes,yes,no,no,via=M
other/shared,MESH_POINTERS::POINT_TO_MESH,mesh.f90,FACE_WORK3,mesh_field,MESH_TYPE,scratch_work,R,mesh.f90:669,yes,yes,no,no,via=M
other/shared,MESH_POINTERS::POINT_TO_MESH,mesh.f90,FCVAR,mesh_field,MESH_TYPE,wall_obst_cutcell,R,mesh.f90:795,yes,yes,no,no,via=M
other/shared,MESH_POINTERS::POINT_TO_MESH,mesh.f90,FIRE_ARRIVAL_TIME,mesh_field,MESH_TYPE,other,R,mesh.f90:670,yes,yes,no,no,via=M
other/shared,MESH_POINTERS::POINT_TO_MESH,mesh.f90,FIRE_RESIDENCE_TIME,mesh_field,MESH_TYPE,other,R,mesh.f90:671,yes,yes,no,no,via=M
other/shared,MESH_POINTERS::POINT_TO_MESH,mesh.f90,FLUX0_LS,mesh_field,MESH_TYPE,other,R,mesh.f90:886,yes,yes,no,no,via=M
other/shared,MESH_POINTERS::POINT_TO_MESH,mesh.f90,FLUX1_LS,mesh_field,MESH_TYPE,other,R,mesh.f90:887,yes,yes,no,no,via=M
other/shared,MESH_POINTERS::POINT_TO_MESH,mesh.f90,FVX,mesh_field,MESH_TYPE,face_centred_flux,R,mesh.f90:525,yes,yes,no,no,via=M
other/shared,MESH_POINTERS::POINT_TO_MESH,mesh.f90,FVX_B,mesh_field,MESH_TYPE,face_centred_flux,R,mesh.f90:528,yes,yes,no,no,via=M
other/shared,MESH_POINTERS::POINT_TO_MESH,mesh.f90,FVX_D,mesh_field,MESH_TYPE,face_centred_flux,R,mesh.f90:531,yes,yes,no,no,via=M
other/shared,MESH_POINTERS::POINT_TO_MESH,mesh.f90,FVY,mesh_field,MESH_TYPE,face_centred_flux,R,mesh.f90:526,yes,yes,no,no,via=M
other/shared,MESH_POINTERS::POINT_TO_MESH,mesh.f90,FVY_B,mesh_field,MESH_TYPE,face_centred_flux,R,mesh.f90:529,yes,yes,no,no,via=M
other/shared,MESH_POINTERS::POINT_TO_MESH,mesh.f90,FVY_D,mesh_field,MESH_TYPE,face_centred_flux,R,mesh.f90:532,yes,yes,no,no,via=M
other/shared,MESH_POINTERS::POINT_TO_MESH,mesh.f90,FVZ,mesh_field,MESH_TYPE,face_centred_flux,R,mesh.f90:527,yes,yes,no,no,via=M
other/shared,MESH_POINTERS::POINT_TO_MESH,mesh.f90,FVZ_B,mesh_field,MESH_TYPE,face_centred_flux,R,mesh.f90:530,yes,yes,no,no,via=M
other/shared,MESH_POINTERS::POINT_TO_MESH,mesh.f90,FVZ_D,mesh_field,MESH_TYPE,face_centred_flux,R,mesh.f90:533,yes,yes,no,no,via=M
other/shared,MESH_POINTERS::POINT_TO_MESH,mesh.f90,FX,mesh_field,MESH_TYPE,face_centred_flux,R,mesh.f90:568,yes,yes,no,no,via=M
other/shared,MESH_POINTERS::POINT_TO_MESH,mesh.f90,FY,mesh_field,MESH_TYPE,face_centred_flux,R,mesh.f90:569,yes,yes,no,no,via=M
other/shared,MESH_POINTERS::POINT_TO_MESH,mesh.f90,FZ,mesh_field,MESH_TYPE,face_centred_flux,R,mesh.f90:570,yes,yes,no,no,via=M
other/shared,MESH_POINTERS::POINT_TO_MESH,mesh.f90,GCELL,mesh_field,MESH_TYPE,wall_obst_cutcell,R,mesh.f90:800,yes,yes,no,no,via=M
other/shared,MESH_POINTERS::POINT_TO_MESH,mesh.f90,GEOM_ZMAX,mesh_field,MESH_TYPE,wall_obst_cutcell,R,mesh.f90:808,yes,yes,no,no,via=M
other/shared,MESH_POINTERS::POINT_TO_MESH,mesh.f90,H,mesh_field,MESH_TYPE,cell_centred_solution,R,mesh.f90:522,yes,yes,no,no,via=M
other/shared,MESH_POINTERS::POINT_TO_MESH,mesh.f90,HS,mesh_field,MESH_TYPE,cell_centred_solution,R,mesh.f90:523,yes,yes,no,no,via=M
other/shared,MESH_POINTERS::POINT_TO_MESH,mesh.f90,HT_3D_SWEEP_DIRECTION,mesh_field,MESH_TYPE,wall_obst_cutcell,R,mesh.f90:822,yes,yes,no,no,via=M
other/shared,MESH_POINTERS::POINT_TO_MESH,mesh.f90,HX,mesh_field,MESH_TYPE,grid_geometry,R,mesh.f90:754,yes,yes,no,no,via=M
other/shared,MESH_POINTERS::POINT_TO_MESH,mesh.f90,HY,mesh_field,MESH_TYPE,grid_geometry,R,mesh.f90:755,yes,yes,no,no,via=M
other/shared,MESH_POINTERS::POINT_TO_MESH,mesh.f90,HZ,mesh_field,MESH_TYPE,grid_geometry,R,mesh.f90:756,yes,yes,no,no,via=M
other/shared,MESH_POINTERS::POINT_TO_MESH,mesh.f90,IBAR,mesh_field,MESH_TYPE,grid_geometry,R,mesh.f90:712,yes,yes,no,no,via=M
other/shared,MESH_POINTERS::POINT_TO_MESH,mesh.f90,IBK,mesh_field,MESH_TYPE,other,R,mesh.f90:678,yes,yes,no,no,via=M
other/shared,MESH_POINTERS::POINT_TO_MESH,mesh.f90,IBLK,mesh_field,MESH_TYPE,other,R,mesh.f90:679,yes,yes,no,no,via=M
other/shared,MESH_POINTERS::POINT_TO_MESH,mesh.f90,IBM1,mesh_field,MESH_TYPE,grid_geometry,R,mesh.f90:715,yes,yes,no,no,via=M
other/shared,MESH_POINTERS::POINT_TO_MESH,mesh.f90,IBP1,mesh_field,MESH_TYPE,grid_geometry,R,mesh.f90:718,yes,yes,no,no,via=M
other/shared,MESH_POINTERS::POINT_TO_MESH,mesh.f90,ICFL,mesh_field,MESH_TYPE,other,R,mesh.f90:689,yes,yes,no,no,via=M
other/shared,MESH_POINTERS::POINT_TO_MESH,mesh.f90,IMN,mesh_field,MESH_TYPE,other,R,mesh.f90:699,yes,yes,no,no,via=M
other/shared,MESH_POINTERS::POINT_TO_MESH,mesh.f90,IMX,mesh_field,MESH_TYPE,other,R,mesh.f90:696,yes,yes,no,no,via=M
other/shared,MESH_POINTERS::POINT_TO_MESH,mesh.f90,INTERNAL_CFACE_CELLS_LB,mesh_field,MESH_TYPE,wall_obst_cutcell,R,mesh.f90:815,yes,yes,no,no,via=M
other/shared,MESH_POINTERS::POINT_TO_MESH,mesh.f90,INTERPOLATED_MESH,mesh_field,MESH_TYPE,ghost_boundary,R,mesh.f90:876,yes,yes,no,no,via=M
other/shared,MESH_POINTERS::POINT_TO_MESH,mesh.f90,IPS,mesh_field,MESH_TYPE,pressure_solver,R,mesh.f90:615,yes,yes,no,no,via=M
other/shared,MESH_POINTERS::POINT_TO_MESH,mesh.f90,IRM,mesh_field,MESH_TYPE,other,R,mesh.f90:702,yes,yes,no,no,via=M
other/shared,MESH_POINTERS::POINT_TO_MESH,mesh.f90,ITRN,mesh_field,MESH_TYPE,pressure_solver,R,mesh.f90:612,yes,yes,no,no,via=M
other/shared,MESH_POINTERS::POINT_TO_MESH,mesh.f90,IWORK1,mesh_field,MESH_TYPE,scratch_work,R,mesh.f90:640,yes,yes,no,no,via=M
other/shared,MESH_POINTERS::POINT_TO_MESH,mesh.f90,I_VN,mesh_field,MESH_TYPE,other,R,mesh.f90:708,yes,yes,no,no,via=M
other/shared,MESH_POINTERS::POINT_TO_MESH,mesh.f90,JBAR,mesh_field,MESH_TYPE,grid_geometry,R,mesh.f90:713,yes,yes,no,no,via=M
other/shared,MESH_POINTERS::POINT_TO_MESH,mesh.f90,JBM1,mesh_field,MESH_TYPE,grid_geometry,R,mesh.f90:716,yes,yes,no,no,via=M
other/shared,MESH_POINTERS::POINT_TO_MESH,mesh.f90,JBP1,mesh_field,MESH_TYPE,grid_geometry,R,mesh.f90:719,yes,yes,no,no,via=M
other/shared,MESH_POINTERS::POINT_TO_MESH,mesh.f90,JCFL,mesh_field,MESH_TYPE,other,R,mesh.f90:690,yes,yes,no,no,via=M
other/shared,MESH_POINTERS::POINT_TO_MESH,mesh.f90,JMN,mesh_field,MESH_TYPE,other,R,mesh.f90:700,yes,yes,no,no,via=M
other/shared,MESH_POINTERS::POINT_TO_MESH,mesh.f90,JMX,mesh_field,MESH_TYPE,other,R,mesh.f90:697,yes,yes,no,no,via=M
other/shared,MESH_POINTERS::POINT_TO_MESH,mesh.f90,JRM,mesh_field,MESH_TYPE,other,R,mesh.f90:703,yes,yes,no,no,via=M
other/shared,MESH_POINTERS::POINT_TO_MESH,mesh.f90,JTRN,mesh_field,MESH_TYPE,pressure_solver,R,mesh.f90:613,yes,yes,no,no,via=M
other/shared,MESH_POINTERS::POINT_TO_MESH,mesh.f90,J_VN,mesh_field,MESH_TYPE,other,R,mesh.f90:709,yes,yes,no,no,via=M
other/shared,MESH_POINTERS::POINT_TO_MESH,mesh.f90,KAPPA_GAS,mesh_field,MESH_TYPE,radiation,R,mesh.f90:553,yes,yes,no,no,via=M
other/shared,MESH_POINTERS::POINT_TO_MESH,mesh.f90,KBAR,mesh_field,MESH_TYPE,grid_geometry,R,mesh.f90:714,yes,yes,no,no,via=M
other/shared,MESH_POINTERS::POINT_TO_MESH,mesh.f90,KBM1,mesh_field,MESH_TYPE,grid_geometry,R,mesh.f90:717,yes,yes,no,no,via=M
other/shared,MESH_POINTERS::POINT_TO_MESH,mesh.f90,KBP1,mesh_field,MESH_TYPE,grid_geometry,R,mesh.f90:720,yes,yes,no,no,via=M
other/shared,MESH_POINTERS::POINT_TO_MESH,mesh.f90,KCFL,mesh_field,MESH_TYPE,other,R,mesh.f90:691,yes,yes,no,no,via=M
other/shared,MESH_POINTERS::POINT_TO_MESH,mesh.f90,KMN,mesh_field,MESH_TYPE,other,R,mesh.f90:701,yes,yes,no,no,via=M
other/shared,MESH_POINTERS::POINT_TO_MESH,mesh.f90,KMX,mesh_field,MESH_TYPE,other,R,mesh.f90:698,yes,yes,no,no,via=M
other/shared,MESH_POINTERS::POINT_TO_MESH,mesh.f90,KRES,mesh_field,MESH_TYPE,cell_centred_solution,R,mesh.f90:524,yes,yes,no,no,via=M
other/shared,MESH_POINTERS::POINT_TO_MESH,mesh.f90,KRM,mesh_field,MESH_TYPE,other,R,mesh.f90:704,yes,yes,no,no,via=M
other/shared,MESH_POINTERS::POINT_TO_MESH,mesh.f90,KTRN,mesh_field,MESH_TYPE,pressure_solver,R,mesh.f90:614,yes,yes,no,no,via=M
other/shared,MESH_POINTERS::POINT_TO_MESH,mesh.f90,K_AGL_SLICE,mesh_field,MESH_TYPE,other,R,mesh.f90:880,yes,yes,no,no,via=M
other/shared,MESH_POINTERS::POINT_TO_MESH,mesh.f90,K_LS,mesh_field,MESH_TYPE,other,R,mesh.f90:884,yes,yes,no,no,via=M
other/shared,MESH_POINTERS::POINT_TO_MESH,mesh.f90,K_VN,mesh_field,MESH_TYPE,other,R,mesh.f90:710,yes,yes,no,no,via=M
other/shared,MESH_POINTERS::POINT_TO_MESH,mesh.f90,LAGRANGIAN_PARTICLE,mesh_field,MESH_TYPE,particle,R,mesh.f90:834,yes,yes,no,no,via=M
other/shared,MESH_POINTERS::POINT_TO_MESH,mesh.f90,LBC,mesh_field,MESH_TYPE,pressure_solver,R,mesh.f90:606,yes,yes,no,no,via=M
other/shared,MESH_POINTERS::POINT_TO_MESH,mesh.f90,LBC2,mesh_field,MESH_TYPE,pressure_solver,R,mesh.f90:609,yes,yes,no,no,via=M
other/shared,MESH_POINTERS::POINT_TO_MESH,mesh.f90,LES_FILTER_WIDTH,mesh_field,MESH_TYPE,grid_geometry,R,mesh.f90:556,yes,yes,no,no,via=M
other/shared,MESH_POINTERS::POINT_TO_MESH,mesh.f90,LSAVE,mesh_field,MESH_TYPE,pressure_solver,R,mesh.f90:589,yes,yes,no,no,via=M
other/shared,MESH_POINTERS::POINT_TO_MESH,mesh.f90,LS_KHI_TERRAIN,mesh_field,MESH_TYPE,other,R,mesh.f90:882,yes,yes,no,no,via=M
other/shared,MESH_POINTERS::POINT_TO_MESH,mesh.f90,LS_KLO_TERRAIN,mesh_field,MESH_TYPE,other,R,mesh.f90:881,yes,yes,no,no,via=M
other/shared,MESH_POINTERS::POINT_TO_MESH,mesh.f90,LS_SPREAD_RATE,mesh_field,MESH_TYPE,other,R,mesh.f90:672,yes,yes,no,no,via=M
other/shared,MESH_POINTERS::POINT_TO_MESH,mesh.f90,LS_SURF_INDEX,mesh_field,MESH_TYPE,other,R,mesh.f90:885,yes,yes,no,no,via=M
other/shared,MESH_POINTERS::POINT_TO_MESH,mesh.f90,LS_WORK1,mesh_field,MESH_TYPE,scratch_work,R,mesh.f90:905,yes,yes,no,no,via=M
other/shared,MESH_POINTERS::POINT_TO_MESH,mesh.f90,LS_WORK2,mesh_field,MESH_TYPE,scratch_work,R,mesh.f90:906,yes,yes,no,no,via=M
other/shared,MESH_POINTERS::POINT_TO_MESH,mesh.f90,LWORK,mesh_field,MESH_TYPE,pressure_solver,R,mesh.f90:590,yes,yes,no,no,via=M
other/shared,MESH_POINTERS::POINT_TO_MESH,mesh.f90,MAG_ZT,mesh_field,MESH_TYPE,other,R,mesh.f90:898,yes,yes,no,no,via=M
other/shared,MESH_POINTERS::POINT_TO_MESH,mesh.f90,MBC,mesh_field,MESH_TYPE,pressure_solver,R,mesh.f90:607,yes,yes,no,no,via=M
other/shared,MESH_POINTERS::POINT_TO_MESH,mesh.f90,MBC2,mesh_field,MESH_TYPE,pressure_solver,R,mesh.f90:610,yes,yes,no,no,via=M
other/shared,MESH_POINTERS::POINT_TO_MESH,mesh.f90,MIX_TIME,mesh_field,MESH_TYPE,cell_centred_solution,R,mesh.f90:545,yes,yes,no,no,via=M
other/shared,MESH_POINTERS::POINT_TO_MESH,mesh.f90,MU,mesh_field,MESH_TYPE,cell_centred_solution,R,mesh.f90:540,yes,yes,no,no,via=M
other/shared,MESH_POINTERS::POINT_TO_MESH,mesh.f90,MUNKH,mesh_field,MESH_TYPE,pressure_solver,R,mesh.f90:630,yes,yes,no,no,via=M
other/shared,MESH_POINTERS::POINT_TO_MESH,mesh.f90,MU_DNS,mesh_field,MESH_TYPE,cell_centred_solution,R,mesh.f90:541,yes,yes,no,no,via=M
other/shared,MESH_POINTERS::POINT_TO_MESH,mesh.f90,M_DOT_PPP,mesh_field,MESH_TYPE,cell_centred_solution,R,mesh.f90:557,yes,yes,no,no,via=M
other/shared,MESH_POINTERS::POINT_TO_MESH,mesh.f90,NBC,mesh_field,MESH_TYPE,pressure_solver,R,mesh.f90:608,yes,yes,no,no,via=M
other/shared,MESH_POINTERS::POINT_TO_MESH,mesh.f90,NBC2,mesh_field,MESH_TYPE,pressure_solver,R,mesh.f90:611,yes,yes,no,no,via=M
other/shared,MESH_POINTERS::POINT_TO_MESH,mesh.f90,NEIGHBORING_MESH,mesh_field,MESH_TYPE,mpi_exchange,R,mesh.f90:722,yes,yes,no,no,via=M
other/shared,MESH_POINTERS::POINT_TO_MESH,mesh.f90,NEXT_AVAILABLE_BOUNDARY_COORD_SLOT,mesh_field,MESH_TYPE,wall_obst_cutcell,R,mesh.f90:847,yes,yes,no,no,via=M
other/shared,MESH_POINTERS::POINT_TO_MESH,mesh.f90,NEXT_AVAILABLE_BOUNDARY_ONE_D_SLOT,mesh_field,MESH_TYPE,wall_obst_cutcell,R,mesh.f90:848,yes,yes,no,no,via=M
other/shared,MESH_POINTERS::POINT_TO_MESH,mesh.f90,NEXT_AVAILABLE_BOUNDARY_PROP1_SLOT,mesh_field,MESH_TYPE,wall_obst_cutcell,R,mesh.f90:850,yes,yes,no,no,via=M
other/shared,MESH_POINTERS::POINT_TO_MESH,mesh.f90,NEXT_AVAILABLE_BOUNDARY_PROP2_SLOT,mesh_field,MESH_TYPE,wall_obst_cutcell,R,mesh.f90:851,yes,yes,no,no,via=M
other/shared,MESH_POINTERS::POINT_TO_MESH,mesh.f90,NEXT_AVAILABLE_BOUNDARY_RADIA_SLOT,mesh_field,MESH_TYPE,wall_obst_cutcell,R,mesh.f90:852,yes,yes,no,no,via=M
other/shared,MESH_POINTERS::POINT_TO_MESH,mesh.f90,NEXT_AVAILABLE_BOUNDARY_THR_D_SLOT,mesh_field,MESH_TYPE,wall_obst_cutcell,R,mesh.f90:849,yes,yes,no,no,via=M
other/shared,MESH_POINTERS::POINT_TO_MESH,mesh.f90,NLP,mesh_field,MESH_TYPE,particle,R,mesh.f90:859,yes,yes,no,no,via=M
other/shared,MESH_POINTERS::POINT_TO_MESH,mesh.f90,NLPDIM,mesh_field,MESH_TYPE,particle,R,mesh.f90:860,yes,yes,no,no,via=M
other/shared,MESH_POINTERS::POINT_TO_MESH,mesh.f90,N_BNDF_POINTS,mesh_field,MESH_TYPE,other,R,mesh.f90:870,yes,yes,no,no,via=M
other/shared,MESH_POINTERS::POINT_TO_MESH,mesh.f90,N_BOUNDARY_COORD_DIM,mesh_field,MESH_TYPE,wall_obst_cutcell,R,mesh.f90:841,yes,yes,no,no,via=M
other/shared,MESH_POINTERS::POINT_TO_MESH,mesh.f90,N_BOUNDARY_ONE_D_DIM,mesh_field,MESH_TYPE,wall_obst_cutcell,R,mesh.f90:842,yes,yes,no,no,via=M
other/shared,MESH_POINTERS::POINT_TO_MESH,mesh.f90,N_BOUNDARY_PROP1_DIM,mesh_field,MESH_TYPE,wall_obst_cutcell,R,mesh.f90:844,yes,yes,no,no,via=M
other/shared,MESH_POINTERS::POINT_TO_MESH,mesh.f90,N_BOUNDARY_PROP2_DIM,mesh_field,MESH_TYPE,wall_obst_cutcell,R,mesh.f90:845,yes,yes,no,no,via=M
other/shared,MESH_POINTERS::POINT_TO_MESH,mesh.f90,N_BOUNDARY_RADIA_DIM,mesh_field,MESH_TYPE,wall_obst_cutcell,R,mesh.f90:846,yes,yes,no,no,via=M
other/shared,MESH_POINTERS::POINT_TO_MESH,mesh.f90,N_BOUNDARY_THR_D_DIM,mesh_field,MESH_TYPE,wall_obst_cutcell,R,mesh.f90:843,yes,yes,no,no,via=M
other/shared,MESH_POINTERS::POINT_TO_MESH,mesh.f90,N_CFACE_CELLS_DIM,mesh_field,MESH_TYPE,wall_obst_cutcell,R,mesh.f90:817,yes,yes,no,no,via=M
other/shared,MESH_POINTERS::POINT_TO_MESH,mesh.f90,N_EXTERIOR_PATCH,mesh_field,MESH_TYPE,other,R,mesh.f90:869,yes,yes,no,no,via=M
other/shared,MESH_POINTERS::POINT_TO_MESH,mesh.f90,N_EXTERNAL_CFACE_CELLS,mesh_field,MESH_TYPE,wall_obst_cutcell,R,mesh.f90:813,yes,yes,no,no,via=M
other/shared,MESH_POINTERS::POINT_TO_MESH,mesh.f90,N_EXTERNAL_WALL_CELLS,mesh_field,MESH_TYPE,ghost_boundary,R,mesh.f90:824,yes,yes,no,no,via=M
other/shared,MESH_POINTERS::POINT_TO_MESH,mesh.f90,N_INTERNAL_CFACE_CELLS,mesh_field,MESH_TYPE,wall_obst_cutcell,R,mesh.f90:816,yes,yes,no,no,via=M
other/shared,MESH_POINTERS::POINT_TO_MESH,mesh.f90,N_INTERNAL_WALL_CELLS,mesh_field,MESH_TYPE,wall_obst_cutcell,R,mesh.f90:823,yes,yes,no,no,via=M
other/shared,MESH_POINTERS::POINT_TO_MESH,mesh.f90,N_INTWALL_CFACE_CELLS,mesh_field,MESH_TYPE,wall_obst_cutcell,R,mesh.f90:814,yes,yes,no,no,via=M
other/shared,MESH_POINTERS::POINT_TO_MESH,mesh.f90,N_NEIGHBORING_MESHES,mesh_field,MESH_TYPE,mpi_exchange,R,mesh.f90:721,yes,yes,no,no,via=M
other/shared,MESH_POINTERS::POINT_TO_MESH,mesh.f90,N_OBST,mesh_field,MESH_TYPE,wall_obst_cutcell,R,mesh.f90:782,yes,yes,no,no,via=M
other/shared,MESH_POINTERS::POINT_TO_MESH,mesh.f90,N_PATCH,mesh_field,MESH_TYPE,other,R,mesh.f90:868,yes,yes,no,no,via=M
other/shared,MESH_POINTERS::POINT_TO_MESH,mesh.f90,N_RADF,mesh_field,MESH_TYPE,other,R,mesh.f90:866,yes,yes,no,no,via=M
other/shared,MESH_POINTERS::POINT_TO_MESH,mesh.f90,N_SLCF,mesh_field,MESH_TYPE,other,R,mesh.f90:863,yes,yes,no,no,via=M
other/shared,MESH_POINTERS::POINT_TO_MESH,mesh.f90,N_SLCF_O,mesh_field,MESH_TYPE,other,R,mesh.f90:864,yes,yes,no,no,via=M
other/shared,MESH_POINTERS::POINT_TO_MESH,mesh.f90,N_STRINGS,mesh_field,MESH_TYPE,other,R,mesh.f90:878,yes,yes,no,no,via=M
other/shared,MESH_POINTERS::POINT_TO_MESH,mesh.f90,N_STRINGS_MAX,mesh_field,MESH_TYPE,other,R,mesh.f90:879,yes,yes,no,no,via=M
other/shared,MESH_POINTERS::POINT_TO_MESH,mesh.f90,N_TERRAIN_SLCF,mesh_field,MESH_TYPE,other,R,mesh.f90:883,yes,yes,no,no,via=M
other/shared,MESH_POINTERS::POINT_TO_MESH,mesh.f90,N_THIN_WALL_CELLS,mesh_field,MESH_TYPE,wall_obst_cutcell,R,mesh.f90:820,yes,yes,no,no,via=M
other/shared,MESH_POINTERS::POINT_TO_MESH,mesh.f90,N_THIN_WALL_CELLS_DIM,mesh_field,MESH_TYPE,wall_obst_cutcell,R,mesh.f90:821,yes,yes,no,no,via=M
other/shared,MESH_POINTERS::POINT_TO_MESH,mesh.f90,N_UNIQUE_SLCF,mesh_field,MESH_TYPE,other,R,mesh.f90:907,yes,yes,no,no,via=M
other/shared,MESH_POINTERS::POINT_TO_MESH,mesh.f90,N_VENT,mesh_field,MESH_TYPE,wall_obst_cutcell,R,mesh.f90:784,yes,yes,no,no,via=M
other/shared,MESH_POINTERS::POINT_TO_MESH,mesh.f90,N_WALL_CELLS,mesh_field,MESH_TYPE,wall_obst_cutcell,R,mesh.f90:818,yes,yes,no,no,via=M
other/shared,MESH_POINTERS::POINT_TO_MESH,mesh.f90,N_WALL_CELLS_DIM,mesh_field,MESH_TYPE,wall_obst_cutcell,R,mesh.f90:819,yes,yes,no,no,via=M
other/shared,MESH_POINTERS::POINT_TO_MESH,mesh.f90,OBSTRUCTION,mesh_field,MESH_TYPE,wall_obst_cutcell,R,mesh.f90:783,yes,yes,no,no,via=M
other/shared,MESH_POINTERS::POINT_TO_MESH,mesh.f90,OMESH,mesh_field,MESH_TYPE,mpi_exchange,R,mesh.f90:833,yes,yes,no,no,via=M
other/shared,MESH_POINTERS::POINT_TO_MESH,mesh.f90,PARTICLES_EXISTED,mesh_field,MESH_TYPE,particle,R,mesh.f90:707,yes,yes,no,no,via=M
other/shared,MESH_POINTERS::POINT_TO_MESH,mesh.f90,PARTICLE_LAST,mesh_field,MESH_TYPE,particle,R,mesh.f90:862,yes,yes,no,no,via=M
other/shared,MESH_POINTERS::POINT_TO_MESH,mesh.f90,PARTICLE_TAG,mesh_field,MESH_TYPE,particle,R,mesh.f90:861,yes,yes,no,no,via=M
other/shared,MESH_POINTERS::POINT_TO_MESH,mesh.f90,PART_UVWMAX,mesh_field,MESH_TYPE,particle,R,mesh.f90:688,yes,yes,no,no,via=M
other/shared,MESH_POINTERS::POINT_TO_MESH,mesh.f90,PATCH,mesh_field,MESH_TYPE,other,R,mesh.f90:871,yes,yes,no,no,via=M
other/shared,MESH_POINTERS::POINT_TO_MESH,mesh.f90,PBAR,mesh_field,MESH_TYPE,pressure_solver,R,mesh.f90:622,yes,yes,no,no,via=M
other/shared,MESH_POINTERS::POINT_TO_MESH,mesh.f90,PBAR_S,mesh_field,MESH_TYPE,pressure_solver,R,mesh.f90:623,yes,yes,no,no,via=M
other/shared,MESH_POINTERS::POINT_TO_MESH,mesh.f90,PHI1_LS,mesh_field,MESH_TYPE,other,R,mesh.f90:889,yes,yes,no,no,via=M
other/shared,MESH_POINTERS::POINT_TO_MESH,mesh.f90,PHI_LS,mesh_field,MESH_TYPE,other,R,mesh.f90:888,yes,yes,no,no,via=M
other/shared,MESH_POINTERS::POINT_TO_MESH,mesh.f90,PHI_S_X,mesh_field,MESH_TYPE,other,R,mesh.f90:902,yes,yes,no,no,via=M
other/shared,MESH_POINTERS::POINT_TO_MESH,mesh.f90,PHI_S_Y,mesh_field,MESH_TYPE,other,R,mesh.f90:903,yes,yes,no,no,via=M
other/shared,MESH_POINTERS::POINT_TO_MESH,mesh.f90,PHI_W,mesh_field,MESH_TYPE,other,R,mesh.f90:904,yes,yes,no,no,via=M
other/shared,MESH_POINTERS::POINT_TO_MESH,mesh.f90,PHI_WS,mesh_field,MESH_TYPE,other,R,mesh.f90:899,yes,yes,no,no,via=M
other/shared,MESH_POINTERS::POINT_TO_MESH,mesh.f90,POIS_ERR,mesh_field,MESH_TYPE,pressure_solver,R,mesh.f90:572,yes,yes,no,no,via=M
other/shared,MESH_POINTERS::POINT_TO_MESH,mesh.f90,POIS_PTB,mesh_field,MESH_TYPE,pressure_solver,R,mesh.f90:571,yes,yes,no,no,via=M
other/shared,MESH_POINTERS::POINT_TO_MESH,mesh.f90,PP,mesh_field,MESH_TYPE,other,R,mesh.f90:675,yes,yes,no,no,via=M
other/shared,MESH_POINTERS::POINT_TO_MESH,mesh.f90,PPN,mesh_field,MESH_TYPE,other,R,mesh.f90:676,yes,yes,no,no,via=M
other/shared,MESH_POINTERS::POINT_TO_MESH,mesh.f90,PP_RESIDUAL,mesh_field,MESH_TYPE,other,R,mesh.f90:555,yes,yes,no,no,via=M
other/shared,MESH_POINTERS::POINT_TO_MESH,mesh.f90,PRESSURE_ZONE,mesh_field,MESH_TYPE,pressure_solver,R,mesh.f90:628,yes,yes,no,no,via=M
other/shared,MESH_POINTERS::POINT_TO_MESH,mesh.f90,PRHS,mesh_field,MESH_TYPE,pressure_solver,R,mesh.f90:591,yes,yes,no,no,via=M
other/shared,MESH_POINTERS::POINT_TO_MESH,mesh.f90,PWORK1,mesh_field,MESH_TYPE,pressure_solver,R,mesh.f90:645,yes,yes,no,no,via=M
other/shared,MESH_POINTERS::POINT_TO_MESH,mesh.f90,PWORK2,mesh_field,MESH_TYPE,pressure_solver,R,mesh.f90:646,yes,yes,no,no,via=M
other/shared,MESH_POINTERS::POINT_TO_MESH,mesh.f90,PWORK3,mesh_field,MESH_TYPE,pressure_solver,R,mesh.f90:647,yes,yes,no,no,via=M
other/shared,MESH_POINTERS::POINT_TO_MESH,mesh.f90,PWORK4,mesh_field,MESH_TYPE,pressure_solver,R,mesh.f90:648,yes,yes,no,no,via=M
other/shared,MESH_POINTERS::POINT_TO_MESH,mesh.f90,PWORK5,mesh_field,MESH_TYPE,pressure_solver,R,mesh.f90:649,yes,yes,no,no,via=M
other/shared,MESH_POINTERS::POINT_TO_MESH,mesh.f90,PWORK6,mesh_field,MESH_TYPE,pressure_solver,R,mesh.f90:650,yes,yes,no,no,via=M
other/shared,MESH_POINTERS::POINT_TO_MESH,mesh.f90,PWORK7,mesh_field,MESH_TYPE,pressure_solver,R,mesh.f90:651,yes,yes,no,no,via=M
other/shared,MESH_POINTERS::POINT_TO_MESH,mesh.f90,PWORK8,mesh_field,MESH_TYPE,pressure_solver,R,mesh.f90:652,yes,yes,no,no,via=M
other/shared,MESH_POINTERS::POINT_TO_MESH,mesh.f90,P_0,mesh_field,MESH_TYPE,pressure_solver,R,mesh.f90:625,yes,yes,no,no,via=M
other/shared,MESH_POINTERS::POINT_TO_MESH,mesh.f90,Q,mesh_field,MESH_TYPE,cell_centred_solution,R,mesh.f90:546,yes,yes,no,no,via=M
other/shared,MESH_POINTERS::POINT_TO_MESH,mesh.f90,QQ,mesh_field,MESH_TYPE,other,R,mesh.f90:673,yes,yes,no,no,via=M
other/shared,MESH_POINTERS::POINT_TO_MESH,mesh.f90,QQ2,mesh_field,MESH_TYPE,other,R,mesh.f90:674,yes,yes,no,no,via=M
other/shared,MESH_POINTERS::POINT_TO_MESH,mesh.f90,QR,mesh_field,MESH_TYPE,radiation,R,mesh.f90:549,yes,yes,no,no,via=M
other/shared,MESH_POINTERS::POINT_TO_MESH,mesh.f90,QR_W,mesh_field,MESH_TYPE,radiation,R,mesh.f90:550,yes,yes,no,no,via=M
other/shared,MESH_POINTERS::POINT_TO_MESH,mesh.f90,Q_REAC,mesh_field,MESH_TYPE,cell_centred_solution,R,mesh.f90:547,yes,yes,no,no,via=M
other/shared,MESH_POINTERS::POINT_TO_MESH,mesh.f90,R,mesh_field,MESH_TYPE,grid_geometry,R,mesh.f90:746,yes,yes,no,no,via=M
other/shared,MESH_POINTERS::POINT_TO_MESH,mesh.f90,RADIATION_ABSORPTION,mesh_field,MESH_TYPE,radiation,R,mesh.f90:552,yes,yes,no,no,via=M
other/shared,MESH_POINTERS::POINT_TO_MESH,mesh.f90,RADIATION_EMISSION,mesh_field,MESH_TYPE,radiation,R,mesh.f90:551,yes,yes,no,no,via=M
other/shared,MESH_POINTERS::POINT_TO_MESH,mesh.f90,RAD_CALL_COUNTER,mesh_field,MESH_TYPE,radiation,R,mesh.f90:874,yes,yes,no,no,via=M
other/shared,MESH_POINTERS::POINT_TO_MESH,mesh.f90,RAD_FILE,mesh_field,MESH_TYPE,other,R,mesh.f90:867,yes,yes,no,no,via=M
other/shared,MESH_POINTERS::POINT_TO_MESH,mesh.f90,RC,mesh_field,MESH_TYPE,grid_geometry,R,mesh.f90:747,yes,yes,no,no,via=M
other/shared,MESH_POINTERS::POINT_TO_MESH,mesh.f90,RC_FACE,mesh_field,MESH_TYPE,wall_obst_cutcell,R,mesh.f90:804,yes,yes,no,no,via=M
other/shared,MESH_POINTERS::POINT_TO_MESH,mesh.f90,RDETA,mesh_field,MESH_TYPE,grid_geometry,R,mesh.f90:728,yes,yes,no,no,via=M
other/shared,MESH_POINTERS::POINT_TO_MESH,mesh.f90,RDX,mesh_field,MESH_TYPE,grid_geometry,R,mesh.f90:763,yes,yes,no,no,via=M
other/shared,MESH_POINTERS::POINT_TO_MESH,mesh.f90,RDXI,mesh_field,MESH_TYPE,grid_geometry,R,mesh.f90:727,yes,yes,no,no,via=M
other/shared,MESH_POINTERS::POINT_TO_MESH,mesh.f90,RDXINT,mesh_field,MESH_TYPE,grid_geometry,R,mesh.f90:743,yes,yes,no,no,via=M
other/shared,MESH_POINTERS::POINT_TO_MESH,mesh.f90,RDXN,mesh_field,MESH_TYPE,grid_geometry,R,mesh.f90:766,yes,yes,no,no,via=M
other/shared,MESH_POINTERS::POINT_TO_MESH,mesh.f90,RDY,mesh_field,MESH_TYPE,grid_geometry,R,mesh.f90:764,yes,yes,no,no,via=M
other/shared,MESH_POINTERS::POINT_TO_MESH,mesh.f90,RDYINT,mesh_field,MESH_TYPE,grid_geometry,R,mesh.f90:744,yes,yes,no,no,via=M
other/shared,MESH_POINTERS::POINT_TO_MESH,mesh.f90,RDYN,mesh_field,MESH_TYPE,grid_geometry,R,mesh.f90:767,yes,yes,no,no,via=M
other/shared,MESH_POINTERS::POINT_TO_MESH,mesh.f90,RDZ,mesh_field,MESH_TYPE,grid_geometry,R,mesh.f90:765,yes,yes,no,no,via=M
other/shared,MESH_POINTERS::POINT_TO_MESH,mesh.f90,RDZETA,mesh_field,MESH_TYPE,grid_geometry,R,mesh.f90:729,yes,yes,no,no,via=M
other/shared,MESH_POINTERS::POINT_TO_MESH,mesh.f90,RDZINT,mesh_field,MESH_TYPE,grid_geometry,R,mesh.f90:745,yes,yes,no,no,via=M
other/shared,MESH_POINTERS::POINT_TO_MESH,mesh.f90,RDZN,mesh_field,MESH_TYPE,grid_geometry,R,mesh.f90:768,yes,yes,no,no,via=M
other/shared,MESH_POINTERS::POINT_TO_MESH,mesh.f90,REAC_SOURCE_TERM,mesh_field,MESH_TYPE,cell_centred_solution,R,mesh.f90:566,yes,yes,no,no,via=M
other/shared,MESH_POINTERS::POINT_TO_MESH,mesh.f90,REGFACE_IAXIS_H,mesh_field,MESH_TYPE,wall_obst_cutcell,R,mesh.f90:791,yes,yes,no,no,via=M
other/shared,MESH_POINTERS::POINT_TO_MESH,mesh.f90,REGFACE_JAXIS_H,mesh_field,MESH_TYPE,wall_obst_cutcell,R,mesh.f90:792,yes,yes,no,no,via=M
other/shared,MESH_POINTERS::POINT_TO_MESH,mesh.f90,REGFACE_KAXIS_H,mesh_field,MESH_TYPE,wall_obst_cutcell,R,mesh.f90:793,yes,yes,no,no,via=M
other/shared,MESH_POINTERS::POINT_TO_MESH,mesh.f90,RESMAX,mesh_field,MESH_TYPE,other,R,mesh.f90:685,yes,yes,no,no,via=M
other/shared,MESH_POINTERS::POINT_TO_MESH,mesh.f90,RGB,mesh_field,MESH_TYPE,other,R,mesh.f90:723,yes,yes,no,no,via=M
other/shared,MESH_POINTERS::POINT_TO_MESH,mesh.f90,RHO,mesh_field,MESH_TYPE,cell_centred_solution,R,mesh.f90:534,yes,yes,no,no,via=M
other/shared,MESH_POINTERS::POINT_TO_MESH,mesh.f90,RHOS,mesh_field,MESH_TYPE,cell_centred_solution,R,mesh.f90:535,yes,yes,no,no,via=M
other/shared,MESH_POINTERS::POINT_TO_MESH,mesh.f90,RHO_0,mesh_field,MESH_TYPE,other,R,mesh.f90:626,yes,yes,no,no,via=M
other/shared,MESH_POINTERS::POINT_TO_MESH,mesh.f90,ROS_HEAD,mesh_field,MESH_TYPE,other,R,mesh.f90:890,yes,yes,no,no,via=M
other/shared,MESH_POINTERS::POINT_TO_MESH,mesh.f90,RRN,mesh_field,MESH_TYPE,grid_geometry,R,mesh.f90:778,yes,yes,no,no,via=M
other/shared,MESH_POINTERS::POINT_TO_MESH,mesh.f90,RSUM,mesh_field,MESH_TYPE,cell_centred_solution,R,mesh.f90:563,yes,yes,no,no,via=M
other/shared,MESH_POINTERS::POINT_TO_MESH,mesh.f90,R_PBAR,mesh_field,MESH_TYPE,pressure_solver,R,mesh.f90:624,yes,yes,no,no,via=M
other/shared,MESH_POINTERS::POINT_TO_MESH,mesh.f90,SAVE1,mesh_field,MESH_TYPE,pressure_solver,R,mesh.f90:573,yes,yes,no,no,via=M
other/shared,MESH_POINTERS::POINT_TO_MESH,mesh.f90,SAVE2,mesh_field,MESH_TYPE,pressure_solver,R,mesh.f90:574,yes,yes,no,no,via=M
other/shared,MESH_POINTERS::POINT_TO_MESH,mesh.f90,SLICE,mesh_field,MESH_TYPE,other,R,mesh.f90:865,yes,yes,no,no,via=M
other/shared,MESH_POINTERS::POINT_TO_MESH,mesh.f90,SR_X_LS,mesh_field,MESH_TYPE,other,R,mesh.f90:891,yes,yes,no,no,via=M
other/shared,MESH_POINTERS::POINT_TO_MESH,mesh.f90,SR_Y_LS,mesh_field,MESH_TYPE,other,R,mesh.f90:892,yes,yes,no,no,via=M
other/shared,MESH_POINTERS::POINT_TO_MESH,mesh.f90,STRAIN_RATE,mesh_field,MESH_TYPE,cell_centred_solution,R,mesh.f90:544,yes,yes,no,no,via=M
other/shared,MESH_POINTERS::POINT_TO_MESH,mesh.f90,STRING,mesh_field,MESH_TYPE,other,R,mesh.f90:877,yes,yes,no,no,via=M
other/shared,MESH_POINTERS::POINT_TO_MESH,mesh.f90,SWORK1,mesh_field,MESH_TYPE,scratch_work,R,mesh.f90:584,yes,yes,no,no,via=M
other/shared,MESH_POINTERS::POINT_TO_MESH,mesh.f90,SWORK2,mesh_field,MESH_TYPE,scratch_work,R,mesh.f90:585,yes,yes,no,no,via=M
other/shared,MESH_POINTERS::POINT_TO_MESH,mesh.f90,SWORK3,mesh_field,MESH_TYPE,scratch_work,R,mesh.f90:586,yes,yes,no,no,via=M
other/shared,MESH_POINTERS::POINT_TO_MESH,mesh.f90,SWORK4,mesh_field,MESH_TYPE,scratch_work,R,mesh.f90:587,yes,yes,no,no,via=M
other/shared,MESH_POINTERS::POINT_TO_MESH,mesh.f90,THETA_ELPS,mesh_field,MESH_TYPE,other,R,mesh.f90:901,yes,yes,no,no,via=M
other/shared,MESH_POINTERS::POINT_TO_MESH,mesh.f90,THIN_WALL,mesh_field,MESH_TYPE,wall_obst_cutcell,R,mesh.f90:831,yes,yes,no,no,via=M
other/shared,MESH_POINTERS::POINT_TO_MESH,mesh.f90,TMP,mesh_field,MESH_TYPE,cell_centred_solution,R,mesh.f90:536,yes,yes,no,no,via=M
other/shared,MESH_POINTERS::POINT_TO_MESH,mesh.f90,TMP_0,mesh_field,MESH_TYPE,other,R,mesh.f90:627,yes,yes,no,no,via=M
other/shared,MESH_POINTERS::POINT_TO_MESH,mesh.f90,TURB_WORK1,mesh_field,MESH_TYPE,scratch_work,R,mesh.f90:653,yes,yes,no,no,via=M
other/shared,MESH_POINTERS::POINT_TO_MESH,mesh.f90,TURB_WORK10,mesh_field,MESH_TYPE,scratch_work,R,mesh.f90:662,yes,yes,no,no,via=M
other/shared,MESH_POINTERS::POINT_TO_MESH,mesh.f90,TURB_WORK2,mesh_field,MESH_TYPE,scratch_work,R,mesh.f90:654,yes,yes,no,no,via=M
other/shared,MESH_POINTERS::POINT_TO_MESH,mesh.f90,TURB_WORK3,mesh_field,MESH_TYPE,scratch_work,R,mesh.f90:655,yes,yes,no,no,via=M
other/shared,MESH_POINTERS::POINT_TO_MESH,mesh.f90,TURB_WORK4,mesh_field,MESH_TYPE,scratch_work,R,mesh.f90:656,yes,yes,no,no,via=M
other/shared,MESH_POINTERS::POINT_TO_MESH,mesh.f90,TURB_WORK5,mesh_field,MESH_TYPE,scratch_work,R,mesh.f90:657,yes,yes,no,no,via=M
other/shared,MESH_POINTERS::POINT_TO_MESH,mesh.f90,TURB_WORK6,mesh_field,MESH_TYPE,scratch_work,R,mesh.f90:658,yes,yes,no,no,via=M
other/shared,MESH_POINTERS::POINT_TO_MESH,mesh.f90,TURB_WORK7,mesh_field,MESH_TYPE,scratch_work,R,mesh.f90:659,yes,yes,no,no,via=M
other/shared,MESH_POINTERS::POINT_TO_MESH,mesh.f90,TURB_WORK8,mesh_field,MESH_TYPE,scratch_work,R,mesh.f90:660,yes,yes,no,no,via=M
other/shared,MESH_POINTERS::POINT_TO_MESH,mesh.f90,TURB_WORK9,mesh_field,MESH_TYPE,scratch_work,R,mesh.f90:661,yes,yes,no,no,via=M
other/shared,MESH_POINTERS::POINT_TO_MESH,mesh.f90,U,mesh_field,MESH_TYPE,face_centred_flux,R,mesh.f90:513,yes,yes,no,no,via=M
other/shared,MESH_POINTERS::POINT_TO_MESH,mesh.f90,UII,mesh_field,MESH_TYPE,radiation,R,mesh.f90:554,yes,yes,no,no,via=M
other/shared,MESH_POINTERS::POINT_TO_MESH,mesh.f90,UIID,mesh_field,MESH_TYPE,radiation,R,mesh.f90:873,yes,yes,no,no,via=M
other/shared,MESH_POINTERS::POINT_TO_MESH,mesh.f90,UMF,mesh_field,MESH_TYPE,other,R,mesh.f90:900,yes,yes,no,no,via=M
other/shared,MESH_POINTERS::POINT_TO_MESH,mesh.f90,UNIQUE_SLICE_IN_DOMAIN,mesh_field,MESH_TYPE,other,R,mesh.f90:914,yes,yes,no,no,via=M
other/shared,MESH_POINTERS::POINT_TO_MESH,mesh.f90,UNIQUE_SLICE_IS_SL3D,mesh_field,MESH_TYPE,other,R,mesh.f90:910,yes,yes,no,no,via=M
other/shared,MESH_POINTERS::POINT_TO_MESH,mesh.f90,UNIQUE_SLICE_NAMES,mesh_field,MESH_TYPE,other,R,mesh.f90:908,yes,yes,no,no,via=M
other/shared,MESH_POINTERS::POINT_TO_MESH,mesh.f90,UN_LNK,mesh_field,MESH_TYPE,wall_obst_cutcell,R,mesh.f90:810,yes,yes,no,no,via=M
other/shared,MESH_POINTERS::POINT_TO_MESH,mesh.f90,UN_ULNK,mesh_field,MESH_TYPE,wall_obst_cutcell,R,mesh.f90:811,yes,yes,no,no,via=M
other/shared,MESH_POINTERS::POINT_TO_MESH,mesh.f90,US,mesh_field,MESH_TYPE,face_centred_flux,R,mesh.f90:516,yes,yes,no,no,via=M
other/shared,MESH_POINTERS::POINT_TO_MESH,mesh.f90,UVW_SAVE,mesh_field,MESH_TYPE,ghost_boundary,R,mesh.f90:826,yes,yes,no,no,via=M
other/shared,MESH_POINTERS::POINT_TO_MESH,mesh.f90,U_GHOST,mesh_field,MESH_TYPE,ghost_boundary,R,mesh.f90:827,yes,yes,no,no,via=M
other/shared,MESH_POINTERS::POINT_TO_MESH,mesh.f90,U_LEAK,mesh_field,MESH_TYPE,pressure_solver,R,mesh.f90:616,yes,yes,no,no,via=M
other/shared,MESH_POINTERS::POINT_TO_MESH,mesh.f90,U_LS,mesh_field,MESH_TYPE,other,R,mesh.f90:893,yes,yes,no,no,via=M
other/shared,MESH_POINTERS::POINT_TO_MESH,mesh.f90,U_WIND,mesh_field,MESH_TYPE,other,R,mesh.f90:617,yes,yes,no,no,via=M
other/shared,MESH_POINTERS::POINT_TO_MESH,mesh.f90,V,mesh_field,MESH_TYPE,face_centred_flux,R,mesh.f90:514,yes,yes,no,no,via=M
other/shared,MESH_POINTERS::POINT_TO_MESH,mesh.f90,VENTS,mesh_field,MESH_TYPE,wall_obst_cutcell,R,mesh.f90:785,yes,yes,no,no,via=M
other/shared,MESH_POINTERS::POINT_TO_MESH,mesh.f90,VN,mesh_field,MESH_TYPE,other,R,mesh.f90:684,yes,yes,no,no,via=M
other/shared,MESH_POINTERS::POINT_TO_MESH,mesh.f90,VS,mesh_field,MESH_TYPE,face_centred_flux,R,mesh.f90:517,yes,yes,no,no,via=M
other/shared,MESH_POINTERS::POINT_TO_MESH,mesh.f90,V_GHOST,mesh_field,MESH_TYPE,ghost_boundary,R,mesh.f90:828,yes,yes,no,no,via=M
other/shared,MESH_POINTERS::POINT_TO_MESH,mesh.f90,V_LS,mesh_field,MESH_TYPE,other,R,mesh.f90:894,yes,yes,no,no,via=M
other/shared,MESH_POINTERS::POINT_TO_MESH,mesh.f90,V_WIND,mesh_field,MESH_TYPE,other,R,mesh.f90:618,yes,yes,no,no,via=M
other/shared,MESH_POINTERS::POINT_TO_MESH,mesh.f90,W,mesh_field,MESH_TYPE,face_centred_flux,R,mesh.f90:515,yes,yes,no,no,via=M
other/shared,MESH_POINTERS::POINT_TO_MESH,mesh.f90,WALL,mesh_field,MESH_TYPE,wall_obst_cutcell,R,mesh.f90:830,yes,yes,no,no,via=M
other/shared,MESH_POINTERS::POINT_TO_MESH,mesh.f90,WALL_STORAGE,mesh_field,MESH_TYPE,wall_obst_cutcell,R,mesh.f90:680,yes,yes,no,no,via=M
other/shared,MESH_POINTERS::POINT_TO_MESH,mesh.f90,WALL_WORK1,mesh_field,MESH_TYPE,scratch_work,R,mesh.f90:665,yes,yes,no,no,via=M
other/shared,MESH_POINTERS::POINT_TO_MESH,mesh.f90,WALL_WORK2,mesh_field,MESH_TYPE,scratch_work,R,mesh.f90:666,yes,yes,no,no,via=M
other/shared,MESH_POINTERS::POINT_TO_MESH,mesh.f90,WORK,mesh_field,MESH_TYPE,pressure_solver,R,mesh.f90:588,yes,yes,no,no,via=M
other/shared,MESH_POINTERS::POINT_TO_MESH,mesh.f90,WORK1,mesh_field,MESH_TYPE,scratch_work,R,mesh.f90:631,yes,yes,no,no,via=M
other/shared,MESH_POINTERS::POINT_TO_MESH,mesh.f90,WORK2,mesh_field,MESH_TYPE,scratch_work,R,mesh.f90:632,yes,yes,no,no,via=M
other/shared,MESH_POINTERS::POINT_TO_MESH,mesh.f90,WORK3,mesh_field,MESH_TYPE,scratch_work,R,mesh.f90:633,yes,yes,no,no,via=M
other/shared,MESH_POINTERS::POINT_TO_MESH,mesh.f90,WORK4,mesh_field,MESH_TYPE,scratch_work,R,mesh.f90:634,yes,yes,no,no,via=M
other/shared,MESH_POINTERS::POINT_TO_MESH,mesh.f90,WORK5,mesh_field,MESH_TYPE,scratch_work,R,mesh.f90:635,yes,yes,no,no,via=M
other/shared,MESH_POINTERS::POINT_TO_MESH,mesh.f90,WORK6,mesh_field,MESH_TYPE,scratch_work,R,mesh.f90:636,yes,yes,no,no,via=M
other/shared,MESH_POINTERS::POINT_TO_MESH,mesh.f90,WORK7,mesh_field,MESH_TYPE,scratch_work,R,mesh.f90:637,yes,yes,no,no,via=M
other/shared,MESH_POINTERS::POINT_TO_MESH,mesh.f90,WORK8,mesh_field,MESH_TYPE,scratch_work,R,mesh.f90:638,yes,yes,no,no,via=M
other/shared,MESH_POINTERS::POINT_TO_MESH,mesh.f90,WORK9,mesh_field,MESH_TYPE,scratch_work,R,mesh.f90:639,yes,yes,no,no,via=M
other/shared,MESH_POINTERS::POINT_TO_MESH,mesh.f90,WORK_PAD,mesh_field,MESH_TYPE,scratch_work,R,mesh.f90:641,yes,yes,no,no,via=M
other/shared,MESH_POINTERS::POINT_TO_MESH,mesh.f90,WORK_U,mesh_field,MESH_TYPE,scratch_work,R,mesh.f90:642,yes,yes,no,no,via=M
other/shared,MESH_POINTERS::POINT_TO_MESH,mesh.f90,WORK_V,mesh_field,MESH_TYPE,scratch_work,R,mesh.f90:643,yes,yes,no,no,via=M
other/shared,MESH_POINTERS::POINT_TO_MESH,mesh.f90,WORK_W,mesh_field,MESH_TYPE,scratch_work,R,mesh.f90:644,yes,yes,no,no,via=M
other/shared,MESH_POINTERS::POINT_TO_MESH,mesh.f90,WS,mesh_field,MESH_TYPE,face_centred_flux,R,mesh.f90:518,yes,yes,no,no,via=M
other/shared,MESH_POINTERS::POINT_TO_MESH,mesh.f90,W_GHOST,mesh_field,MESH_TYPE,ghost_boundary,R,mesh.f90:829,yes,yes,no,no,via=M
other/shared,MESH_POINTERS::POINT_TO_MESH,mesh.f90,W_WIND,mesh_field,MESH_TYPE,other,R,mesh.f90:619,yes,yes,no,no,via=M
other/shared,MESH_POINTERS::POINT_TO_MESH,mesh.f90,X,mesh_field,MESH_TYPE,grid_geometry,R,mesh.f90:748,yes,yes,no,no,via=M
other/shared,MESH_POINTERS::POINT_TO_MESH,mesh.f90,XC,mesh_field,MESH_TYPE,grid_geometry,R,mesh.f90:751,yes,yes,no,no,via=M
other/shared,MESH_POINTERS::POINT_TO_MESH,mesh.f90,XF,mesh_field,MESH_TYPE,grid_geometry,R,mesh.f90:738,yes,yes,no,no,via=M
other/shared,MESH_POINTERS::POINT_TO_MESH,mesh.f90,XPLT,mesh_field,MESH_TYPE,grid_geometry,R,mesh.f90:779,yes,yes,no,no,via=M
other/shared,MESH_POINTERS::POINT_TO_MESH,mesh.f90,XS,mesh_field,MESH_TYPE,grid_geometry,R,mesh.f90:737,yes,yes,no,no,via=M
other/shared,MESH_POINTERS::POINT_TO_MESH,mesh.f90,Y,mesh_field,MESH_TYPE,grid_geometry,R,mesh.f90:749,yes,yes,no,no,via=M
other/shared,MESH_POINTERS::POINT_TO_MESH,mesh.f90,YC,mesh_field,MESH_TYPE,grid_geometry,R,mesh.f90:752,yes,yes,no,no,via=M
other/shared,MESH_POINTERS::POINT_TO_MESH,mesh.f90,YF,mesh_field,MESH_TYPE,grid_geometry,R,mesh.f90:740,yes,yes,no,no,via=M
other/shared,MESH_POINTERS::POINT_TO_MESH,mesh.f90,YPLT,mesh_field,MESH_TYPE,grid_geometry,R,mesh.f90:780,yes,yes,no,no,via=M
other/shared,MESH_POINTERS::POINT_TO_MESH,mesh.f90,YS,mesh_field,MESH_TYPE,grid_geometry,R,mesh.f90:739,yes,yes,no,no,via=M
other/shared,MESH_POINTERS::POINT_TO_MESH,mesh.f90,Z,mesh_field,MESH_TYPE,grid_geometry,R,mesh.f90:750,yes,yes,no,no,via=M
other/shared,MESH_POINTERS::POINT_TO_MESH,mesh.f90,ZC,mesh_field,MESH_TYPE,grid_geometry,R,mesh.f90:753,yes,yes,no,no,via=M
other/shared,MESH_POINTERS::POINT_TO_MESH,mesh.f90,ZF,mesh_field,MESH_TYPE,grid_geometry,R,mesh.f90:742,yes,yes,no,no,via=M
other/shared,MESH_POINTERS::POINT_TO_MESH,mesh.f90,ZONE_MESH,mesh_field,MESH_TYPE,pressure_solver,R,mesh.f90:629,yes,yes,no,no,via=M
other/shared,MESH_POINTERS::POINT_TO_MESH,mesh.f90,ZPLT,mesh_field,MESH_TYPE,grid_geometry,R,mesh.f90:781,yes,yes,no,no,via=M
other/shared,MESH_POINTERS::POINT_TO_MESH,mesh.f90,ZS,mesh_field,MESH_TYPE,grid_geometry,R,mesh.f90:741,yes,yes,no,no,via=M
other/shared,MESH_POINTERS::POINT_TO_MESH,mesh.f90,ZZ,mesh_field,MESH_TYPE,cell_centred_solution,R,mesh.f90:564,yes,yes,no,no,via=M
other/shared,MESH_POINTERS::POINT_TO_MESH,mesh.f90,ZZS,mesh_field,MESH_TYPE,cell_centred_solution,R,mesh.f90:565,yes,yes,no,no,via=M
other/shared,MESH_POINTERS::POINT_TO_MESH,mesh.f90,Z_LS,mesh_field,MESH_TYPE,other,R,mesh.f90:895,yes,yes,no,no,via=M
other/shared,VELO::CHECK_STABILITY,velo.f90,CC_IBM,module_global,GLOBAL_CONSTANTS,runtime_scalar,R,velo.f90:3147,no,yes,no,no,
other/shared,VELO::CHECK_STABILITY,velo.f90,CFL_MAX,module_global,GLOBAL_CONSTANTS,runtime_scalar,R,velo.f90:3186,no,yes,no,no,
other/shared,VELO::CHECK_STABILITY,velo.f90,CFL_MIN,module_global,GLOBAL_CONSTANTS,runtime_scalar,R,velo.f90:3188,no,yes,no,no,
other/shared,VELO::CHECK_STABILITY,velo.f90,CFL_VELOCITY_NORM,module_global,GLOBAL_CONSTANTS,runtime_scalar,R,velo.f90:3066,no,yes,no,no,
other/shared,VELO::CHECK_STABILITY,velo.f90,CHANGE_TIME_STEP_INDEX,module_global,GLOBAL_CONSTANTS,runtime_array,W,velo.f90:3180,no,yes,no,no,
other/shared,VELO::CHECK_STABILITY,velo.f90,CHECK_HT,module_global,GLOBAL_CONSTANTS,runtime_scalar,R,velo.f90:3092,no,yes,no,no,
other/shared,VELO::CHECK_STABILITY,velo.f90,CHECK_VN,module_global,GLOBAL_CONSTANTS,runtime_scalar,R,velo.f90:3118,no,yes,no,no,
other/shared,VELO::CHECK_STABILITY,velo.f90,CLIP_DT_RESTRICTIONS_MAX,module_global,GLOBAL_CONSTANTS,runtime_scalar,R,velo.f90:3157,no,yes,no,no,
other/shared,VELO::CHECK_STABILITY,velo.f90,DT_INITIAL,module_global,GLOBAL_CONSTANTS,runtime_scalar,R,velo.f90:3190,no,yes,no,no,
other/shared,VELO::CHECK_STABILITY,velo.f90,ICYC,module_global,GLOBAL_CONSTANTS,runtime_scalar,R,velo.f90:3173,no,yes,no,no,
other/shared,VELO::CHECK_STABILITY,velo.f90,LOCK_TIME_STEP,module_global,GLOBAL_CONSTANTS,runtime_scalar,R,velo.f90:3186,no,yes,no,no,
other/shared,VELO::CHECK_STABILITY,velo.f90,LU_ERR,module_global,GLOBAL_CONSTANTS,runtime_scalar,R,velo.f90:3158,no,yes,no,no,
other/shared,VELO::CHECK_STABILITY,velo.f90,PARTICLE_CFL_MAX,module_global,GLOBAL_CONSTANTS,runtime_scalar,R,velo.f90:3186,no,yes,no,no,
other/shared,VELO::CHECK_STABILITY,velo.f90,PARTICLE_CFL_MIN,module_global,GLOBAL_CONSTANTS,runtime_scalar,R,velo.f90:3188,no,yes,no,no,
other/shared,VELO::CHECK_STABILITY,velo.f90,RESTRICT_TIME_STEP,module_global,GLOBAL_CONSTANTS,runtime_scalar,R,velo.f90:3189,no,yes,no,no,
other/shared,VELO::CHECK_STABILITY,velo.f90,RHOMAX,module_global,GLOBAL_CONSTANTS,runtime_scalar,R,velo.f90:3159,no,yes,no,no,
other/shared,VELO::CHECK_STABILITY,velo.f90,RHOMIN,module_global,GLOBAL_CONSTANTS,runtime_scalar,R,velo.f90:3158,no,yes,no,no,
other/shared,VELO::CHECK_STABILITY,velo.f90,TWO_D,module_global,GLOBAL_CONSTANTS,runtime_scalar,R,velo.f90:3136,no,yes,no,no,
other/shared,VELO::CHECK_STABILITY,velo.f90,T_END,module_global,GLOBAL_CONSTANTS,runtime_scalar,R,velo.f90:3174,no,yes,no,no,
other/shared,VELO::CHECK_STABILITY,velo.f90,T_USED,module_global,GLOBAL_CONSTANTS,runtime_array,RW,velo.f90:3148,no,yes,no,no,
other/shared,VELO::CHECK_STABILITY,velo.f90,VN_MAX,module_global,GLOBAL_CONSTANTS,runtime_scalar,R,velo.f90:3186,no,yes,no,no,
other/shared,VELO::CHECK_STABILITY,velo.f90,VN_MIN,module_global,GLOBAL_CONSTANTS,runtime_scalar,R,velo.f90:3188,no,yes,no,no,
other/shared,VELO::CHECK_STABILITY,velo.f90,RAMP_DT_INDEX,module_global,OUTPUT_CLOCKS,runtime_scalar,R,velo.f90:3203,no,yes,no,no,
other/shared,VELO::CHECK_STABILITY,velo.f90,RAMP_TIME_INDEX,module_global,OUTPUT_CLOCKS,runtime_scalar,R,velo.f90:3168,no,yes,no,no,
other/shared,VELO::CHECK_STABILITY,velo.f90,RAMPS,module_global,TYPES,runtime_array,R,velo.f90:3172,no,yes,no,no,
other/shared,VELO::CHECK_STABILITY,velo.f90,BOUNDARY_COORD,mesh_field,MESH_TYPE,wall_obst_cutcell,R,velo.f90:3096,no,yes,no,no,via=alias:BC|ptr
other/shared,VELO::CHECK_STABILITY,velo.f90,BOUNDARY_PROP1,mesh_field,MESH_TYPE,wall_obst_cutcell,R,velo.f90:3097,no,yes,no,no,via=alias:B1|ptr
other/shared,VELO::CHECK_STABILITY,velo.f90,CELL,mesh_field,MESH_TYPE,wall_obst_cutcell,R,velo.f90:3062,no,yes,no,no,via=ptr
other/shared,VELO::CHECK_STABILITY,velo.f90,CELL_INDEX,mesh_field,MESH_TYPE,wall_obst_cutcell,R,velo.f90:3062,no,yes,no,no,via=ptr
other/shared,VELO::CHECK_STABILITY,velo.f90,CFL,mesh_field,MESH_TYPE,other,RW,velo.f90:3111,no,yes,no,no,via=ptr
other/shared,VELO::CHECK_STABILITY,velo.f90,CLIP_RHOMAX,mesh_field,MESH_TYPE,other,R,velo.f90:3156,no,yes,no,no,via=ptr
other/shared,VELO::CHECK_STABILITY,velo.f90,CLIP_RHOMIN,mesh_field,MESH_TYPE,other,R,velo.f90:3156,no,yes,no,no,via=ptr
other/shared,VELO::CHECK_STABILITY,velo.f90,DRAG_UVWMAX,mesh_field,MESH_TYPE,particle,R,velo.f90:3113,no,yes,no,no,via=ptr
other/shared,VELO::CHECK_STABILITY,velo.f90,DS,mesh_field,MESH_TYPE,cell_centred_solution,R,velo.f90:3067,no,yes,no,no,via=ptr
other/shared,VELO::CHECK_STABILITY,velo.f90,DT_RESTRICT_COUNT,mesh_field,MESH_TYPE,other,RW,velo.f90:3157,no,yes,no,no,via=ptr
other/shared,VELO::CHECK_STABILITY,velo.f90,DT_RESTRICT_STORE,mesh_field,MESH_TYPE,other,RW,velo.f90:3164,no,yes,no,no,via=ptr
other/shared,VELO::CHECK_STABILITY,velo.f90,D_Z_MAX,mesh_field,MESH_TYPE,cell_centred_solution,R,velo.f90:3125,no,yes,no,no,via=ptr
other/shared,VELO::CHECK_STABILITY,velo.f90,IBAR,mesh_field,MESH_TYPE,grid_geometry,R,velo.f90:3061,no,yes,no,no,via=ptr
other/shared,VELO::CHECK_STABILITY,velo.f90,ICFL,mesh_field,MESH_TYPE,other,W,velo.f90:3051,no,yes,no,no,via=ptr
other/shared,VELO::CHECK_STABILITY,velo.f90,I_VN,mesh_field,MESH_TYPE,other,RW,velo.f90:3052,no,yes,no,no,via=ptr
other/shared,VELO::CHECK_STABILITY,velo.f90,JBAR,mesh_field,MESH_TYPE,grid_geometry,R,velo.f90:3060,no,yes,no,no,via=ptr
other/shared,VELO::CHECK_STABILITY,velo.f90,JCFL,mesh_field,MESH_TYPE,other,W,velo.f90:3051,no,yes,no,no,via=ptr
other/shared,VELO::CHECK_STABILITY,velo.f90,J_VN,mesh_field,MESH_TYPE,other,RW,velo.f90:3052,no,yes,no,no,via=ptr
other/shared,VELO::CHECK_STABILITY,velo.f90,KBAR,mesh_field,MESH_TYPE,grid_geometry,R,velo.f90:3059,no,yes,no,no,via=ptr
other/shared,VELO::CHECK_STABILITY,velo.f90,KCFL,mesh_field,MESH_TYPE,other,W,velo.f90:3051,no,yes,no,no,via=ptr
other/shared,VELO::CHECK_STABILITY,velo.f90,K_VN,mesh_field,MESH_TYPE,other,RW,velo.f90:3052,no,yes,no,no,via=ptr
other/shared,VELO::CHECK_STABILITY,velo.f90,MU,mesh_field,MESH_TYPE,cell_centred_solution,R,velo.f90:3125,no,yes,no,no,via=ptr
other/shared,VELO::CHECK_STABILITY,velo.f90,N_EXTERNAL_WALL_CELLS,mesh_field,MESH_TYPE,ghost_boundary,R,velo.f90:3093,no,yes,no,no,via=ptr
other/shared,VELO::CHECK_STABILITY,velo.f90,N_INTERNAL_WALL_CELLS,mesh_field,MESH_TYPE,wall_obst_cutcell,R,velo.f90:3093,no,yes,no,no,via=ptr
other/shared,VELO::CHECK_STABILITY,velo.f90,PART_UVWMAX,mesh_field,MESH_TYPE,particle,RW,velo.f90:3113,no,yes,no,no,via=ptr
other/shared,VELO::CHECK_STABILITY,velo.f90,RDX,mesh_field,MESH_TYPE,grid_geometry,R,velo.f90:3063,no,yes,no,no,via=ptr
other/shared,VELO::CHECK_STABILITY,velo.f90,RDY,mesh_field,MESH_TYPE,grid_geometry,R,velo.f90:3064,no,yes,no,no,via=ptr
other/shared,VELO::CHECK_STABILITY,velo.f90,RDZ,mesh_field,MESH_TYPE,grid_geometry,R,velo.f90:3065,no,yes,no,no,via=ptr
other/shared,VELO::CHECK_STABILITY,velo.f90,RHOS,mesh_field,MESH_TYPE,cell_centred_solution,R,velo.f90:3125,no,yes,no,no,via=ptr
other/shared,VELO::CHECK_STABILITY,velo.f90,US,mesh_field,MESH_TYPE,face_centred_flux,R,velo.f90:3063,no,yes,no,no,via=ptr
other/shared,VELO::CHECK_STABILITY,velo.f90,VN,mesh_field,MESH_TYPE,other,RW,velo.f90:3048,no,yes,no,no,via=ptr
other/shared,VELO::CHECK_STABILITY,velo.f90,VS,mesh_field,MESH_TYPE,face_centred_flux,R,velo.f90:3064,no,yes,no,no,via=ptr
other/shared,VELO::CHECK_STABILITY,velo.f90,WALL,mesh_field,MESH_TYPE,wall_obst_cutcell,R,velo.f90:3094,no,yes,no,no,via=alias:WC|ptr
other/shared,VELO::CHECK_STABILITY,velo.f90,WS,mesh_field,MESH_TYPE,face_centred_flux,R,velo.f90:3065,no,yes,no,no,via=ptr
