stage,routine,file,variable,kind,owner,category,access,citation,crosses_meshes,hidden_state,global_reduction,uniform_grid_assumption,note
output,CC_SCALARS::ADD_Q_DOT_CUTCELLS,ccib.f90,N_TRACKED_SPECIES,module_global,GLOBAL_CONSTANTS,runtime_scalar,R,ccib.f90:5966,no,no,no,no,
output,CC_SCALARS::ADD_Q_DOT_CUTCELLS,ccib.f90,CUT_CELL,mesh_field,MESH_TYPE,wall_obst_cutcell,R,ccib.f90:5958,no,no,no,no,via=ptr
output,CC_SCALARS::ADD_Q_DOT_CUTCELLS,ccib.f90,DX,mesh_field,MESH_TYPE,grid_geometry,R,ccib.f90:5961,no,no,no,no,via=ptr
output,CC_SCALARS::ADD_Q_DOT_CUTCELLS,ccib.f90,DY,mesh_field,MESH_TYPE,grid_geometry,R,ccib.f90:5961,no,no,no,no,via=ptr
output,CC_SCALARS::ADD_Q_DOT_CUTCELLS,ccib.f90,DZ,mesh_field,MESH_TYPE,grid_geometry,R,ccib.f90:5961,no,no,no,no,via=ptr
output,CC_SCALARS::ADD_Q_DOT_CUTCELLS,ccib.f90,D_PBAR_DT,mesh_field,MESH_TYPE,pressure_solver,R,ccib.f90:5962,no,no,no,no,via=ptr
output,CC_SCALARS::ADD_Q_DOT_CUTCELLS,ccib.f90,D_PBAR_DT_S,mesh_field,MESH_TYPE,pressure_solver,R,ccib.f90:5962,no,no,no,no,via=ptr
output,CC_SCALARS::ADD_Q_DOT_CUTCELLS,ccib.f90,N_CUTCELL_MESH,mesh_field,MESH_TYPE,wall_obst_cutcell,R,ccib.f90:5957,no,no,no,no,via=MESHES
output,CC_SCALARS::ADD_Q_DOT_CUTCELLS,ccib.f90,PRESSURE_ZONE,mesh_field,MESH_TYPE,pressure_solver,R,ccib.f90:5962,no,no,no,no,via=ptr
output,CC_SCALARS::COPY_UNST_DM_TO_CART,ccib.f90,CC,module_global,CC_SCALARS,pointer,RW,ccib.f90:376,no,yes,no,no,
output,CC_SCALARS::COPY_UNST_DM_TO_CART,ccib.f90,N_TRACKED_SPECIES,module_global,GLOBAL_CONSTANTS,runtime_scalar,R,ccib.f90:382,no,yes,no,no,
output,CC_SCALARS::COPY_UNST_DM_TO_CART,ccib.f90,CELL,mesh_field,MESH_TYPE,wall_obst_cutcell,R,ccib.f90:380,no,yes,no,no,via=ptr
output,CC_SCALARS::COPY_UNST_DM_TO_CART,ccib.f90,CELL_INDEX,mesh_field,MESH_TYPE,wall_obst_cutcell,R,ccib.f90:380,no,yes,no,no,via=ptr
output,CC_SCALARS::COPY_UNST_DM_TO_CART,ccib.f90,CUT_CELL,mesh_field,MESH_TYPE,wall_obst_cutcell,R,ccib.f90:376,no,yes,no,no,via=alias:CC|ptr
output,CC_SCALARS::COPY_UNST_DM_TO_CART,ccib.f90,DX,mesh_field,MESH_TYPE,grid_geometry,R,ccib.f90:382,no,yes,no,no,via=ptr
output,CC_SCALARS::COPY_UNST_DM_TO_CART,ccib.f90,DY,mesh_field,MESH_TYPE,grid_geometry,R,ccib.f90:382,no,yes,no,no,via=ptr
output,CC_SCALARS::COPY_UNST_DM_TO_CART,ccib.f90,DZ,mesh_field,MESH_TYPE,grid_geometry,R,ccib.f90:382,no,yes,no,no,via=ptr
output,CC_SCALARS::COPY_UNST_DM_TO_CART,ccib.f90,D_SOURCE,mesh_field,MESH_TYPE,cell_centred_solution,RW,ccib.f90:382,no,yes,no,no,via=ptr
output,CC_SCALARS::COPY_UNST_DM_TO_CART,ccib.f90,IBP1,mesh_field,MESH_TYPE,grid_geometry,R,ccib.f90:377,no,yes,no,no,via=ptr
output,CC_SCALARS::COPY_UNST_DM_TO_CART,ccib.f90,JBP1,mesh_field,MESH_TYPE,grid_geometry,R,ccib.f90:378,no,yes,no,no,via=ptr
output,CC_SCALARS::COPY_UNST_DM_TO_CART,ccib.f90,KBP1,mesh_field,MESH_TYPE,grid_geometry,R,ccib.f90:379,no,yes,no,no,via=ptr
output,CC_SCALARS::COPY_UNST_DM_TO_CART,ccib.f90,M_DOT_PPP,mesh_field,MESH_TYPE,cell_centred_solution,RW,ccib.f90:382,no,yes,no,no,via=ptr
output,CC_SCALARS::COPY_UNST_DM_TO_CART,ccib.f90,N_CUTCELL_MESH,mesh_field,MESH_TYPE,wall_obst_cutcell,R,ccib.f90:375,no,yes,no,no,via=MESHES
output,CC_SCALARS::COPY_UNST_DM_TO_CART,ccib.f90,N_GCCUTCELL_MESH,mesh_field,MESH_TYPE,wall_obst_cutcell,R,ccib.f90:375,no,yes,no,no,via=MESHES
output,CC_SCALARS::GET_MUDNS_CFACE,ccib.f90,CUT_CELL,mesh_field,MESH_TYPE,wall_obst_cutcell,R,ccib.f90:6675,no,no,no,no,via=ptr
output,CC_SCALARS::GET_MUDNS_CFACE,ccib.f90,CUT_FACE,mesh_field,MESH_TYPE,wall_obst_cutcell,R,ccib.f90:6674,no,no,no,no,via=ptr
output,CC_SCALARS::GET_MUDNS_CFACE,ccib.f90,MU_DNS,mesh_field,MESH_TYPE,cell_centred_solution,R,ccib.f90:6678,no,no,no,no,via=ptr
output,CC_SCALARS::GET_PRES_CFACE,ccib.f90,BOUNDARY_PROP1,mesh_field,MESH_TYPE,wall_obst_cutcell,R,ccib.f90:6793,no,no,no,no,via=alias:B1|ptr
output,CC_SCALARS::GET_PRES_CFACE,ccib.f90,CFACE,mesh_field,MESH_TYPE,wall_obst_cutcell,R,ccib.f90:6793,no,no,no,no,via=alias:CFA
output,CC_SCALARS::GET_PRES_CFACE,ccib.f90,CUT_CELL,mesh_field,MESH_TYPE,wall_obst_cutcell,R,ccib.f90:6796,no,no,no,no,via=ptr
output,CC_SCALARS::GET_PRES_CFACE,ccib.f90,CUT_FACE,mesh_field,MESH_TYPE,wall_obst_cutcell,R,ccib.f90:6795,no,no,no,no,via=ptr
output,CC_SCALARS::GET_PRES_CFACE,ccib.f90,H,mesh_field,MESH_TYPE,cell_centred_solution,R,ccib.f90:6799,no,no,no,no,via=ptr
output,CC_SCALARS::GET_PRES_CFACE,ccib.f90,KRES,mesh_field,MESH_TYPE,cell_centred_solution,R,ccib.f90:6799,no,no,no,no,via=ptr
output,CC_SCALARS::GET_PRES_CFACE_TEST,ccib.f90,BOUNDARY_PROP1,mesh_field,MESH_TYPE,wall_obst_cutcell,R,ccib.f90:6828,no,no,no,no,via=alias:B1|ptr
output,CC_SCALARS::GET_PRES_CFACE_TEST,ccib.f90,CFACE,mesh_field,MESH_TYPE,wall_obst_cutcell,R,ccib.f90:6828,no,no,no,no,via=alias:CFA
output,CC_SCALARS::GET_PRES_CFACE_TEST,ccib.f90,CUT_CELL,mesh_field,MESH_TYPE,wall_obst_cutcell,R,ccib.f90:6831,no,no,no,no,via=ptr
output,CC_SCALARS::GET_PRES_CFACE_TEST,ccib.f90,CUT_FACE,mesh_field,MESH_TYPE,wall_obst_cutcell,R,ccib.f90:6818,no,no,no,no,via=ptr
output,CC_SCALARS::GET_PRES_CFACE_TEST,ccib.f90,H,mesh_field,MESH_TYPE,cell_centred_solution,R,ccib.f90:6834,no,no,no,no,via=ptr
output,CONTROL_FUNCTIONS::EVALUATE_CONTROL,ctrl.f90,CONTROL,module_global,CONTROL_VARIABLES,runtime_array,R,ctrl.f90:91,no,yes,no,no,
output,CONTROL_FUNCTIONS::EVALUATE_CONTROL,ctrl.f90,DEVICE,module_global,DEVICE_VARIABLES,runtime_array,R,ctrl.f90:100,no,yes,no,no,
output,CONTROL_FUNCTIONS::EVALUATE_CONTROL,ctrl.f90,RSRT_CLOCK,module_global,OUTPUT_CLOCKS,runtime_array,W,ctrl.f90:292,no,yes,no,no,
output,CONTROL_FUNCTIONS::EVALUATE_CONTROL,ctrl.f90,RSRT_COUNTER,module_global,OUTPUT_CLOCKS,runtime_array,R,ctrl.f90:292,no,yes,no,no,
output,CONTROL_FUNCTIONS::UPDATE_CONTROLS,ctrl.f90,CONTROL,module_global,CONTROL_VARIABLES,runtime_array,RW,ctrl.f90:34,no,yes,no,no,
output,CONTROL_FUNCTIONS::UPDATE_CONTROLS,ctrl.f90,N_CTRL,module_global,CONTROL_VARIABLES,runtime_scalar,R,ctrl.f90:33,no,yes,no,no,
output,CONTROL_FUNCTIONS::UPDATE_CONTROLS,ctrl.f90,DEVICE,module_global,DEVICE_VARIABLES,runtime_array,R,ctrl.f90:51,no,yes,no,no,
output,CONTROL_FUNCTIONS::UPDATE_CONTROLS,ctrl.f90,N_DEVC,module_global,DEVICE_VARIABLES,runtime_scalar,R,ctrl.f90:50,no,yes,no,no,
output,CONTROL_FUNCTIONS::UPDATE_CONTROLS,ctrl.f90,UPDATE_DEVICES_AGAIN,module_global,GLOBAL_CONSTANTS,runtime_scalar,R,ctrl.f90:49,no,yes,no,no,
output,DUMP::COMPUTE_PARTICLE_FLUXES,dump.f90,WFX,module_global,DUMP,pointer,RW,dump.f90:12723,no,yes,no,no,
output,DUMP::COMPUTE_PARTICLE_FLUXES,dump.f90,WFY,module_global,DUMP,pointer,RW,dump.f90:12724,no,yes,no,no,
output,DUMP::COMPUTE_PARTICLE_FLUXES,dump.f90,WFZ,module_global,DUMP,pointer,RW,dump.f90:12725,no,yes,no,no,
output,DUMP::COMPUTE_PARTICLE_FLUXES,dump.f90,LAGRANGIAN_PARTICLE_CLASS,module_global,TYPES,runtime_array,R,dump.f90:12729,no,yes,no,no,
output,DUMP::COMPUTE_PARTICLE_FLUXES,dump.f90,BOUNDARY_COORD,mesh_field,MESH_TYPE,wall_obst_cutcell,R,dump.f90:12730,no,yes,no,no,via=alias:BC|ptr
output,DUMP::COMPUTE_PARTICLE_FLUXES,dump.f90,CELL,mesh_field,MESH_TYPE,wall_obst_cutcell,R,dump.f90:12750,no,yes,no,no,via=ptr
output,DUMP::COMPUTE_PARTICLE_FLUXES,dump.f90,CELL_INDEX,mesh_field,MESH_TYPE,wall_obst_cutcell,R,dump.f90:12749,no,yes,no,no,via=ptr
output,DUMP::COMPUTE_PARTICLE_FLUXES,dump.f90,LAGRANGIAN_PARTICLE,mesh_field,MESH_TYPE,particle,R,dump.f90:12728,no,yes,no,no,via=alias:LP|ptr
output,DUMP::COMPUTE_PARTICLE_FLUXES,dump.f90,NLP,mesh_field,MESH_TYPE,particle,R,dump.f90:12727,no,yes,no,no,via=ptr
output,DUMP::COMPUTE_PARTICLE_FLUXES,dump.f90,N_EXTERNAL_WALL_CELLS,mesh_field,MESH_TYPE,ghost_boundary,R,dump.f90:12746,no,yes,no,no,via=ptr
output,DUMP::COMPUTE_PARTICLE_FLUXES,dump.f90,N_INTERNAL_WALL_CELLS,mesh_field,MESH_TYPE,wall_obst_cutcell,R,dump.f90:12746,no,yes,no,no,via=ptr
output,DUMP::COMPUTE_PARTICLE_FLUXES,dump.f90,WALL,mesh_field,MESH_TYPE,wall_obst_cutcell,R,dump.f90:12747,no,yes,no,no,via=alias:WC|ptr
output,DUMP::COMPUTE_PARTICLE_FLUXES,dump.f90,WORK4,mesh_field,MESH_TYPE,scratch_work,RW,dump.f90:12723,no,yes,no,no,via=alias:WFX|ptr
output,DUMP::COMPUTE_PARTICLE_FLUXES,dump.f90,WORK5,mesh_field,MESH_TYPE,scratch_work,RW,dump.f90:12724,no,yes,no,no,via=alias:WFY|ptr
output,DUMP::COMPUTE_PARTICLE_FLUXES,dump.f90,WORK6,mesh_field,MESH_TYPE,scratch_work,RW,dump.f90:12725,no,yes,no,no,via=alias:WFZ|ptr
output,DUMP::COMPUTE_PARTICLE_FLUXES,dump.f90,XF,mesh_field,MESH_TYPE,grid_geometry,R,dump.f90:12732,no,yes,no,no,via=ptr
output,DUMP::COMPUTE_PARTICLE_FLUXES,dump.f90,XS,mesh_field,MESH_TYPE,grid_geometry,R,dump.f90:12731,no,yes,no,no,via=ptr
output,DUMP::COMPUTE_PARTICLE_FLUXES,dump.f90,YF,mesh_field,MESH_TYPE,grid_geometry,R,dump.f90:12734,no,yes,no,no,via=ptr
output,DUMP::COMPUTE_PARTICLE_FLUXES,dump.f90,YS,mesh_field,MESH_TYPE,grid_geometry,R,dump.f90:12733,no,yes,no,no,via=ptr
output,DUMP::COMPUTE_PARTICLE_FLUXES,dump.f90,ZF,mesh_field,MESH_TYPE,grid_geometry,R,dump.f90:12736,no,yes,no,no,via=ptr
output,DUMP::COMPUTE_PARTICLE_FLUXES,dump.f90,ZS,mesh_field,MESH_TYPE,grid_geometry,R,dump.f90:12735,no,yes,no,no,via=ptr
output,DUMP::DUMP_BNDF,dump.f90,FROM_BNDF,module_global,DUMP,runtime_scalar,W,dump.f90:11965,no,yes,no,no,
output,DUMP::DUMP_BNDF,dump.f90,CC_IBM,module_global,GLOBAL_CONSTANTS,runtime_scalar,R,dump.f90:12121,no,yes,no,no,
output,DUMP::DUMP_BNDF,dump.f90,DECIMAL_SPECIFIER,module_global,GLOBAL_CONSTANTS,runtime_scalar,R,dump.f90:12114,no,yes,no,no,
output,DUMP::DUMP_BNDF,dump.f90,FN_BNDF,module_global,GLOBAL_CONSTANTS,runtime_array,R,dump.f90:11974,no,yes,no,no,
output,DUMP::DUMP_BNDF,dump.f90,FN_BNDG,module_global,GLOBAL_CONSTANTS,runtime_array,R,dump.f90:12130,no,yes,no,no,
output,DUMP::DUMP_BNDF,dump.f90,LU_BNDF,module_global,GLOBAL_CONSTANTS,runtime_array,R,dump.f90:11974,no,yes,no,no,
output,DUMP::DUMP_BNDF,dump.f90,LU_BNDG,module_global,GLOBAL_CONSTANTS,runtime_array,R,dump.f90:12130,no,yes,no,no,
output,DUMP::DUMP_BNDF,dump.f90,TIME_SHRINK_FACTOR,module_global,GLOBAL_CONSTANTS,runtime_scalar,R,dump.f90:11967,no,yes,no,no,
output,DUMP::DUMP_BNDF,dump.f90,T_BEGIN,module_global,GLOBAL_CONSTANTS,runtime_scalar,R,dump.f90:11967,no,yes,no,no,
output,DUMP::DUMP_BNDF,dump.f90,BNDF_CLOCK,module_global,OUTPUT_CLOCKS,runtime_array,R,dump.f90:12024,no,yes,no,no,
output,DUMP::DUMP_BNDF,dump.f90,BNDF_COUNTER,module_global,OUTPUT_CLOCKS,runtime_array,R,dump.f90:12019,no,yes,no,no,
output,DUMP::DUMP_BNDF,dump.f90,N_BNDF,module_global,OUTPUT_DATA,runtime_scalar,R,dump.f90:11969,no,yes,no,no,
output,DUMP::DUMP_BNDF,dump.f90,OUTPUT_QUANTITY,module_global,OUTPUT_DATA,runtime_array,R,dump.f90:11983,no,yes,no,no,
output,DUMP::DUMP_BNDF,dump.f90,BOUNDARY_FILE,module_global,TYPES,runtime_array,R,dump.f90:11971,no,yes,no,no,
output,DUMP::DUMP_BNDF,dump.f90,BNDF_DUMP,mesh_field,MESH_TYPE,other,R,dump.f90:11963,no,yes,no,no,via=MESHES
output,DUMP::DUMP_BNDF,dump.f90,BNDF_TIME_INTEGRAL,mesh_field,MESH_TYPE,other,RW,dump.f90:12023,no,yes,no,no,via=ptr
output,DUMP::DUMP_BNDF,dump.f90,CELL,mesh_field,MESH_TYPE,wall_obst_cutcell,R,dump.f90:12001,no,yes,no,no,via=ptr
output,DUMP::DUMP_BNDF,dump.f90,CELL_INDEX,mesh_field,MESH_TYPE,wall_obst_cutcell,R,dump.f90:12000,no,yes,no,no,via=ptr
output,DUMP::DUMP_BNDF,dump.f90,FIRE_ARRIVAL_TIME,mesh_field,MESH_TYPE,other,R,dump.f90:12091,no,yes,no,no,via=ptr
output,DUMP::DUMP_BNDF,dump.f90,IBK,mesh_field,MESH_TYPE,other,RW,dump.f90:11985,no,yes,no,no,via=ptr
output,DUMP::DUMP_BNDF,dump.f90,N_INTERNAL_CFACE_CELLS,mesh_field,MESH_TYPE,wall_obst_cutcell,R,dump.f90:11962,no,yes,no,no,via=MESHES
output,DUMP::DUMP_BNDF,dump.f90,N_PATCH,mesh_field,MESH_TYPE,other,R,dump.f90:11962,no,yes,no,no,via=MESHES|ptr
output,DUMP::DUMP_BNDF,dump.f90,PATCH,mesh_field,MESH_TYPE,other,R,dump.f90:11981,no,yes,no,no,via=alias:PA|ptr
output,DUMP::DUMP_BNDF,dump.f90,PP,mesh_field,MESH_TYPE,other,RW,dump.f90:11983,no,yes,no,no,via=ptr
output,DUMP::DUMP_BNDF,dump.f90,PPN,mesh_field,MESH_TYPE,other,RW,dump.f90:11984,no,yes,no,no,via=ptr
output,DUMP::DUMP_BNDF,dump.f90,WALL,mesh_field,MESH_TYPE,wall_obst_cutcell,R,dump.f90:12007,no,yes,no,no,via=ptr
output,DUMP::DUMP_BNDF_VTKHDF,dump.f90,PROPERTY,module_global,DEVICE_VARIABLES,runtime_array,R,dump.f90:12257,no,no,no,no,
output,DUMP::DUMP_BNDF_VTKHDF,dump.f90,CHID,module_global,GLOBAL_CONSTANTS,runtime_scalar,R,dump.f90:12218,no,no,no,no,
output,DUMP::DUMP_BNDF_VTKHDF,dump.f90,NCELLS_VTK,module_global,GLOBAL_CONSTANTS,runtime_array,R,dump.f90:12222,no,no,no,no,
output,DUMP::DUMP_BNDF_VTKHDF,dump.f90,NMESHES,module_global,GLOBAL_CONSTANTS,runtime_scalar,R,dump.f90:12206,no,no,no,no,
output,DUMP::DUMP_BNDF_VTKHDF,dump.f90,NPOINTS_VTK,module_global,GLOBAL_CONSTANTS,runtime_array,R,dump.f90:12223,no,no,no,no,
output,DUMP::DUMP_BNDF_VTKHDF,dump.f90,N_MPI_PROCESSES,module_global,GLOBAL_CONSTANTS,runtime_scalar,R,dump.f90:12203,no,no,no,no,
output,DUMP::DUMP_BNDF_VTKHDF,dump.f90,PROCESS,module_global,GLOBAL_CONSTANTS,runtime_array,R,dump.f90:12207,no,no,no,no,
output,DUMP::DUMP_BNDF_VTKHDF,dump.f90,TIME_SHRINK_FACTOR,module_global,GLOBAL_CONSTANTS,runtime_scalar,R,dump.f90:12211,no,no,no,no,
output,DUMP::DUMP_BNDF_VTKHDF,dump.f90,T_BEGIN,module_global,GLOBAL_CONSTANTS,runtime_scalar,R,dump.f90:12211,no,no,no,no,
output,DUMP::DUMP_BNDF_VTKHDF,dump.f90,VTK_DIR,module_global,GLOBAL_CONSTANTS,runtime_scalar,R,dump.f90:12218,no,no,no,no,
output,DUMP::DUMP_BNDF_VTKHDF,dump.f90,N_BNDF,module_global,OUTPUT_DATA,runtime_scalar,R,dump.f90:12252,no,no,no,no,
output,DUMP::DUMP_BNDF_VTKHDF,dump.f90,BOUNDARY_FILE,module_global,TYPES,runtime_array,R,dump.f90:12256,no,no,no,no,
output,DUMP::DUMP_BNDF_VTKHDF,dump.f90,N_INTERNAL_CFACE_CELLS,mesh_field,MESH_TYPE,wall_obst_cutcell,R,dump.f90:12304,no,no,no,no,via=MESHES
output,DUMP::DUMP_BNDF_VTKHDF,dump.f90,N_PATCH,mesh_field,MESH_TYPE,other,R,dump.f90:12261,no,no,no,no,via=MESHES|ptr
output,DUMP::DUMP_BNDF_VTKHDF,dump.f90,PATCH,mesh_field,MESH_TYPE,other,R,dump.f90:12266,no,no,no,no,via=alias:PA|ptr
output,DUMP::DUMP_BNDF_VTKHDF,dump.f90,PP,mesh_field,MESH_TYPE,other,R,dump.f90:12269,no,no,no,no,via=ptr
output,DUMP::DUMP_BNDF_VTKHDF,dump.f90,PPN,mesh_field,MESH_TYPE,other,R,dump.f90:12269,no,no,no,no,via=ptr
output,DUMP::DUMP_BNDF_VTKHDF::GET_PA_POINTS_AND_CELLS,dump.f90,PATCH,mesh_field,MESH_TYPE,other,R,dump.f90:12364,no,no,no,no,via=alias:PA
output,DUMP::DUMP_BNDF_VTKHDF::PACK_VTK_BNDF,dump.f90,BNDF_CLOCK,module_global,OUTPUT_CLOCKS,runtime_array,R,dump.f90:12424,no,no,no,no,
output,DUMP::DUMP_BNDF_VTKHDF::PACK_VTK_BNDF,dump.f90,BNDF_COUNTER,module_global,OUTPUT_CLOCKS,runtime_array,R,dump.f90:12419,no,no,no,no,
output,DUMP::DUMP_BNDF_VTKHDF::PACK_VTK_BNDF,dump.f90,OUTPUT_QUANTITY,module_global,OUTPUT_DATA,runtime_array,R,dump.f90:12383,no,no,no,no,
output,DUMP::DUMP_BNDF_VTKHDF::PACK_VTK_BNDF,dump.f90,BNDF_TIME_INTEGRAL,mesh_field,MESH_TYPE,other,RW,dump.f90:12423,no,no,no,no,via=ptr
output,DUMP::DUMP_BNDF_VTKHDF::PACK_VTK_BNDF,dump.f90,CELL,mesh_field,MESH_TYPE,wall_obst_cutcell,R,dump.f90:12401,no,no,no,no,via=ptr
output,DUMP::DUMP_BNDF_VTKHDF::PACK_VTK_BNDF,dump.f90,CELL_INDEX,mesh_field,MESH_TYPE,wall_obst_cutcell,R,dump.f90:12400,no,no,no,no,via=ptr
output,DUMP::DUMP_BNDF_VTKHDF::PACK_VTK_BNDF,dump.f90,IBK,mesh_field,MESH_TYPE,other,RW,dump.f90:12385,no,no,no,no,via=ptr
output,DUMP::DUMP_BNDF_VTKHDF::PACK_VTK_BNDF,dump.f90,PATCH,mesh_field,MESH_TYPE,other,R,dump.f90:12389,no,no,no,no,via=alias:PA
output,DUMP::DUMP_BNDF_VTKHDF::PACK_VTK_BNDF,dump.f90,WALL,mesh_field,MESH_TYPE,wall_obst_cutcell,R,dump.f90:12407,no,no,no,no,via=ptr
output,DUMP::DUMP_CFACES_GEOM,dump.f90,BOUNDARY_COORD,mesh_field,MESH_TYPE,wall_obst_cutcell,R,dump.f90:6382,no,no,no,no,via=ptr
output,DUMP::DUMP_CFACES_GEOM,dump.f90,CFACE,mesh_field,MESH_TYPE,wall_obst_cutcell,R,dump.f90:6379,no,no,no,no,via=ptr
output,DUMP::DUMP_CFACES_GEOM,dump.f90,CUT_FACE,mesh_field,MESH_TYPE,wall_obst_cutcell,R,dump.f90:6382,no,no,no,no,via=ptr
output,DUMP::DUMP_CFACES_GEOM,dump.f90,INTERNAL_CFACE_CELLS_LB,mesh_field,MESH_TYPE,wall_obst_cutcell,R,dump.f90:6378,no,no,no,no,via=ptr
output,DUMP::DUMP_CFACES_GEOM,dump.f90,N_INTERNAL_CFACE_CELLS,mesh_field,MESH_TYPE,wall_obst_cutcell,R,dump.f90:6374,no,no,no,no,via=ptr
output,DUMP::DUMP_CONTROLS,dump.f90,CONTROL,module_global,CONTROL_VARIABLES,runtime_array,R,dump.f90:11343,no,no,no,no,
output,DUMP::DUMP_CONTROLS,dump.f90,N_CTRL,module_global,CONTROL_VARIABLES,runtime_scalar,R,dump.f90:11350,no,no,no,no,
output,DUMP::DUMP_CONTROLS,dump.f90,N_CTRL_FILES,module_global,CONTROL_VARIABLES,runtime_scalar,R,dump.f90:11349,no,no,no,no,
output,DUMP::DUMP_CONTROLS,dump.f90,TCFORM,module_global,DUMP,runtime_scalar,R,dump.f90:11351,no,no,no,no,
output,DUMP::DUMP_CONTROLS,dump.f90,CTRL_COLUMN_LIMIT,module_global,GLOBAL_CONSTANTS,runtime_scalar,R,dump.f90:11350,no,no,no,no,
output,DUMP::DUMP_CONTROLS,dump.f90,FMT_R,module_global,GLOBAL_CONSTANTS,runtime_scalar,R,dump.f90:11351,no,no,no,no,
output,DUMP::DUMP_CONTROLS,dump.f90,LU_CTRL,module_global,GLOBAL_CONSTANTS,runtime_array,R,dump.f90:11352,no,no,no,no,
output,DUMP::DUMP_CONTROLS,dump.f90,TIME_SHRINK_FACTOR,module_global,GLOBAL_CONSTANTS,runtime_scalar,R,dump.f90:11342,no,no,no,no,
output,DUMP::DUMP_CONTROLS,dump.f90,T_BEGIN,module_global,GLOBAL_CONSTANTS,runtime_scalar,R,dump.f90:11342,no,no,no,no,
output,DUMP::DUMP_CVODE_SUBSTEPS,dump.f90,TCFORM,module_global,DUMP,runtime_scalar,R,dump.f90:13268,no,no,no,no,
output,DUMP::DUMP_CVODE_SUBSTEPS,dump.f90,LU_CVODE_SUBSTEPS,module_global,GLOBAL_CONSTANTS,runtime_scalar,R,dump.f90:13270,no,no,no,no,
output,DUMP::DUMP_CVODE_SUBSTEPS,dump.f90,MY_RANK,module_global,GLOBAL_CONSTANTS,runtime_scalar,R,dump.f90:13266,no,no,no,no,
output,DUMP::DUMP_CVODE_SUBSTEPS,dump.f90,N_TRACKED_SPECIES,module_global,GLOBAL_CONSTANTS,runtime_scalar,R,dump.f90:13267,no,no,no,no,
output,DUMP::DUMP_CVODE_SUBSTEPS,dump.f90,REAL_LIST,module_global,GLOBAL_CONSTANTS,runtime_scalar,R,dump.f90:13268,no,no,no,no,
output,DUMP::DUMP_DEVICES,dump.f90,DEVICE,module_global,DEVICE_VARIABLES,runtime_array,R,dump.f90:11183,no,no,no,no,
output,DUMP::DUMP_DEVICES,dump.f90,MAX_DEVC_LINE_POINTS,module_global,DEVICE_VARIABLES,runtime_scalar,R,dump.f90:11322,no,no,no,no,
output,DUMP::DUMP_DEVICES,dump.f90,MAX_HISTOGRAM_NBINS,module_global,DEVICE_VARIABLES,runtime_scalar,R,dump.f90:11211,no,no,no,no,
output,DUMP::DUMP_DEVICES,dump.f90,N_DEVC,module_global,DEVICE_VARIABLES,runtime_scalar,R,dump.f90:11196,no,no,no,no,
output,DUMP::DUMP_DEVICES,dump.f90,N_DEVC_LINE,module_global,DEVICE_VARIABLES,runtime_scalar,R,dump.f90:11264,no,no,no,no,
output,DUMP::DUMP_DEVICES,dump.f90,N_DEVC_TIME,module_global,DEVICE_VARIABLES,runtime_scalar,R,dump.f90:11257,no,no,no,no,
output,DUMP::DUMP_DEVICES,dump.f90,N_HISTOGRAM,module_global,DEVICE_VARIABLES,runtime_scalar,R,dump.f90:11179,no,no,no,no,
output,DUMP::DUMP_DEVICES,dump.f90,PROPERTY,module_global,DEVICE_VARIABLES,runtime_array,R,dump.f90:11184,no,no,no,no,
output,DUMP::DUMP_DEVICES,dump.f90,N_DEVC_FILES,module_global,DUMP,runtime_scalar,R,dump.f90:11256,no,no,no,no,
output,DUMP::DUMP_DEVICES,dump.f90,TCFORM,module_global,DUMP,runtime_scalar,R,dump.f90:11220,no,no,no,no,
output,DUMP::DUMP_DEVICES,dump.f90,CHAR_LIST,module_global,GLOBAL_CONSTANTS,runtime_scalar,R,dump.f90:11234,no,no,no,no,
output,DUMP::DUMP_DEVICES,dump.f90,DECIMAL_SPECIFIER,module_global,GLOBAL_CONSTANTS,runtime_scalar,R,dump.f90:11232,no,no,no,no,
output,DUMP::DUMP_DEVICES,dump.f90,DEVC_COLUMN_LIMIT,module_global,GLOBAL_CONSTANTS,runtime_scalar,R,dump.f90:11257,no,no,no,no,
output,DUMP::DUMP_DEVICES,dump.f90,FMT_R,module_global,GLOBAL_CONSTANTS,runtime_scalar,R,dump.f90:11220,no,no,no,no,
output,DUMP::DUMP_DEVICES,dump.f90,FN_HISTOGRAM,module_global,GLOBAL_CONSTANTS,runtime_scalar,R,dump.f90:11232,no,no,no,no,
output,DUMP::DUMP_DEVICES,dump.f90,FN_LINE,module_global,GLOBAL_CONSTANTS,runtime_scalar,R,dump.f90:11317,no,no,no,no,
output,DUMP::DUMP_DEVICES,dump.f90,LU_DEVC,module_global,GLOBAL_CONSTANTS,runtime_array,R,dump.f90:11259,no,no,no,no,
output,DUMP::DUMP_DEVICES,dump.f90,LU_HISTOGRAM,module_global,GLOBAL_CONSTANTS,runtime_scalar,R,dump.f90:11230,no,no,no,no,
output,DUMP::DUMP_DEVICES,dump.f90,LU_LINE,module_global,GLOBAL_CONSTANTS,runtime_scalar,R,dump.f90:11172,no,no,no,no,
output,DUMP::DUMP_DEVICES,dump.f90,REAL_LIST,module_global,GLOBAL_CONSTANTS,runtime_scalar,R,dump.f90:11223,no,no,no,no,
output,DUMP::DUMP_DEVICES,dump.f90,TIME_SHRINK_FACTOR,module_global,GLOBAL_CONSTANTS,runtime_scalar,R,dump.f90:11167,no,no,no,no,
output,DUMP::DUMP_DEVICES,dump.f90,T_BEGIN,module_global,GLOBAL_CONSTANTS,runtime_scalar,R,dump.f90:11167,no,no,no,no,
output,DUMP::DUMP_GEOM,dump.f90,TIME_SHRINK_FACTOR,module_global,GLOBAL_CONSTANTS,runtime_scalar,R,dump.f90:12544,no,no,no,no,
output,DUMP::DUMP_GEOM,dump.f90,T_BEGIN,module_global,GLOBAL_CONSTANTS,runtime_scalar,R,dump.f90:12544,no,no,no,no,
output,DUMP::DUMP_HRR,dump.f90,TCFORM,module_global,DUMP,runtime_scalar,R,dump.f90:11855,yes,yes,no,no,
output,DUMP::DUMP_HRR,dump.f90,LU_HRR,module_global,GLOBAL_CONSTANTS,runtime_scalar,R,dump.f90:11857,yes,yes,no,no,
output,DUMP::DUMP_HRR,dump.f90,N_TRACKED_SPECIES,module_global,GLOBAL_CONSTANTS,runtime_scalar,R,dump.f90:11855,yes,yes,no,no,
output,DUMP::DUMP_HRR,dump.f90,N_ZONE,module_global,GLOBAL_CONSTANTS,runtime_scalar,R,dump.f90:11847,yes,yes,no,no,
output,DUMP::DUMP_HRR,dump.f90,P_INF,module_global,GLOBAL_CONSTANTS,runtime_scalar,R,dump.f90:11851,yes,yes,no,no,
output,DUMP::DUMP_HRR,dump.f90,REAL_LIST,module_global,GLOBAL_CONSTANTS,runtime_scalar,R,dump.f90:11855,yes,yes,no,no,
output,DUMP::DUMP_HRR,dump.f90,TIME_SHRINK_FACTOR,module_global,GLOBAL_CONSTANTS,runtime_scalar,R,dump.f90:11838,yes,yes,no,no,
output,DUMP::DUMP_HRR,dump.f90,T_BEGIN,module_global,GLOBAL_CONSTANTS,runtime_scalar,R,dump.f90:11838,yes,yes,no,no,
output,DUMP::DUMP_HRR,dump.f90,M_DOT_SUM,module_global,OUTPUT_DATA,runtime_array,RW,dump.f90:11841,yes,yes,no,no,
output,DUMP::DUMP_HRR,dump.f90,Q_DOT_SUM,module_global,OUTPUT_DATA,runtime_array,RW,dump.f90:11840,yes,yes,no,no,
output,DUMP::DUMP_HRR,dump.f90,T_LAST_DUMP_HRR,module_global,OUTPUT_DATA,runtime_scalar,R,dump.f90:11840,yes,yes,no,no,
output,DUMP::DUMP_HRR,dump.f90,PBAR,mesh_field,MESH_TYPE,pressure_solver,R,dump.f90:11851,yes,yes,no,no,via=MESHES
output,DUMP::DUMP_HVAC,dump.f90,LU_HVAC,module_global,GLOBAL_CONSTANTS,runtime_scalar,R,dump.f90:11554,no,no,no,no,
output,DUMP::DUMP_HVAC,dump.f90,N_DUCTNODES,module_global,GLOBAL_CONSTANTS,runtime_scalar,R,dump.f90:11558,no,no,no,no,
output,DUMP::DUMP_HVAC,dump.f90,N_DUCTS,module_global,GLOBAL_CONSTANTS,runtime_scalar,R,dump.f90:11568,no,no,no,no,
output,DUMP::DUMP_HVAC,dump.f90,TIME_SHRINK_FACTOR,module_global,GLOBAL_CONSTANTS,runtime_scalar,R,dump.f90:11553,no,no,no,no,
output,DUMP::DUMP_HVAC,dump.f90,T_BEGIN,module_global,GLOBAL_CONSTANTS,runtime_scalar,R,dump.f90:11553,no,no,no,no,
output,DUMP::DUMP_HVAC,dump.f90,DUCT_QUANTITY_ARRAY,module_global,HVAC_ROUTINES,runtime_array,R,dump.f90:11603,no,no,no,no,
output,DUMP::DUMP_HVAC,dump.f90,NODE_QUANTITY_ARRAY,module_global,HVAC_ROUTINES,runtime_array,R,dump.f90:11591,no,no,no,no,
output,DUMP::DUMP_HVAC,dump.f90,N_DUCT_QUANTITY,module_global,HVAC_ROUTINES,runtime_scalar,R,dump.f90:11572,no,no,no,no,
output,DUMP::DUMP_HVAC,dump.f90,N_NODE_QUANTITY,module_global,HVAC_ROUTINES,runtime_scalar,R,dump.f90:11561,no,no,no,no,
output,DUMP::DUMP_HVAC,dump.f90,DUCT,module_global,TYPES,runtime_array,R,dump.f90:11569,no,no,no,no,
output,DUMP::DUMP_HVAC,dump.f90,DUCTNODE,module_global,TYPES,runtime_array,R,dump.f90:11559,no,no,no,no,
output,DUMP::DUMP_ISOF,dump.f90,DRY,module_global,DUMP,runtime_scalar,W,dump.f90:4880,no,yes,no,no,
output,DUMP::DUMP_ISOF,dump.f90,FN_ISOF,module_global,GLOBAL_CONSTANTS,runtime_array,R,dump.f90:5024,no,yes,no,no,
output,DUMP::DUMP_ISOF,dump.f90,FN_ISOF2,module_global,GLOBAL_CONSTANTS,runtime_array,R,dump.f90:5025,no,yes,no,no,
output,DUMP::DUMP_ISOF,dump.f90,LU_ISOF,module_global,GLOBAL_CONSTANTS,runtime_array,RW,dump.f90:5024,no,yes,no,no,
output,DUMP::DUMP_ISOF,dump.f90,LU_ISOF2,module_global,GLOBAL_CONSTANTS,runtime_array,RW,dump.f90:5025,no,yes,no,no,
output,DUMP::DUMP_ISOF,dump.f90,TIME_SHRINK_FACTOR,module_global,GLOBAL_CONSTANTS,runtime_scalar,R,dump.f90:4878,no,yes,no,no,
output,DUMP::DUMP_ISOF,dump.f90,T_BEGIN,module_global,GLOBAL_CONSTANTS,runtime_scalar,R,dump.f90:4878,no,yes,no,no,
output,DUMP::DUMP_ISOF,dump.f90,T_END,module_global,GLOBAL_CONSTANTS,runtime_scalar,R,dump.f90:5028,no,yes,no,no,
output,DUMP::DUMP_ISOF,dump.f90,XF_MAX,module_global,GLOBAL_CONSTANTS,runtime_scalar,R,dump.f90:4928,no,yes,no,no,
output,DUMP::DUMP_ISOF,dump.f90,XS_MIN,module_global,GLOBAL_CONSTANTS,runtime_scalar,R,dump.f90:4928,no,yes,no,no,
output,DUMP::DUMP_ISOF,dump.f90,YF_MAX,module_global,GLOBAL_CONSTANTS,runtime_scalar,R,dump.f90:4929,no,yes,no,no,
output,DUMP::DUMP_ISOF,dump.f90,YS_MIN,module_global,GLOBAL_CONSTANTS,runtime_scalar,R,dump.f90:4929,no,yes,no,no,
output,DUMP::DUMP_ISOF,dump.f90,ZF_MAX,module_global,GLOBAL_CONSTANTS,runtime_scalar,R,dump.f90:4930,no,yes,no,no,
output,DUMP::DUMP_ISOF,dump.f90,ZS_MIN,module_global,GLOBAL_CONSTANTS,runtime_scalar,R,dump.f90:4930,no,yes,no,no,
output,DUMP::DUMP_ISOF,dump.f90,N_ISOF,module_global,OUTPUT_DATA,runtime_scalar,R,dump.f90:4917,no,yes,no,no,
output,DUMP::DUMP_ISOF,dump.f90,ISOSURFACE_FILE,module_global,TYPES,runtime_array,R,dump.f90:4919,no,yes,no,no,
output,DUMP::DUMP_ISOF,dump.f90,CELL,mesh_field,MESH_TYPE,wall_obst_cutcell,R,dump.f90:4891,no,yes,no,no,via=ptr
output,DUMP::DUMP_ISOF,dump.f90,CELL_INDEX,mesh_field,MESH_TYPE,wall_obst_cutcell,R,dump.f90:4891,no,yes,no,no,via=ptr
output,DUMP::DUMP_ISOF,dump.f90,IBAR,mesh_field,MESH_TYPE,grid_geometry,R,dump.f90:4890,no,yes,no,no,via=ptr
output,DUMP::DUMP_ISOF,dump.f90,IBLK,mesh_field,MESH_TYPE,other,RW,dump.f90:4884,no,yes,no,no,via=ptr
output,DUMP::DUMP_ISOF,dump.f90,IBP1,mesh_field,MESH_TYPE,grid_geometry,R,dump.f90:4943,no,yes,no,no,via=ptr
output,DUMP::DUMP_ISOF,dump.f90,JBAR,mesh_field,MESH_TYPE,grid_geometry,R,dump.f90:4889,no,yes,no,no,via=ptr
output,DUMP::DUMP_ISOF,dump.f90,JBP1,mesh_field,MESH_TYPE,grid_geometry,R,dump.f90:4942,no,yes,no,no,via=ptr
output,DUMP::DUMP_ISOF,dump.f90,KBAR,mesh_field,MESH_TYPE,grid_geometry,R,dump.f90:4888,no,yes,no,no,via=ptr
output,DUMP::DUMP_ISOF,dump.f90,KBP1,mesh_field,MESH_TYPE,grid_geometry,R,dump.f90:4941,no,yes,no,no,via=ptr
output,DUMP::DUMP_ISOF,dump.f90,QQ,mesh_field,MESH_TYPE,other,RW,dump.f90:4934,no,yes,no,no,via=ptr
output,DUMP::DUMP_ISOF,dump.f90,QQ2,mesh_field,MESH_TYPE,other,RW,dump.f90:4986,no,yes,no,no,via=ptr
output,DUMP::DUMP_ISOF,dump.f90,WORK1,mesh_field,MESH_TYPE,scratch_work,RW,dump.f90:4885,no,yes,no,no,via=alias:B|ptr
output,DUMP::DUMP_ISOF,dump.f90,WORK2,mesh_field,MESH_TYPE,scratch_work,RW,dump.f90:4901,no,yes,no,no,via=alias:S|ptr
output,DUMP::DUMP_ISOF,dump.f90,WORK3,mesh_field,MESH_TYPE,scratch_work,RW,dump.f90:4915,no,yes,no,no,via=alias:QUANTITY|ptr
output,DUMP::DUMP_ISOF,dump.f90,WORK4,mesh_field,MESH_TYPE,scratch_work,RW,dump.f90:4972,no,yes,no,no,via=alias:QUANTITY2|ptr
output,DUMP::DUMP_ISOF,dump.f90,XPLT,mesh_field,MESH_TYPE,grid_geometry,R,dump.f90:4934,no,yes,no,no,via=ptr
output,DUMP::DUMP_ISOF,dump.f90,YPLT,mesh_field,MESH_TYPE,grid_geometry,R,dump.f90:4934,no,yes,no,no,via=ptr
output,DUMP::DUMP_ISOF,dump.f90,ZPLT,mesh_field,MESH_TYPE,grid_geometry,R,dump.f90:4934,no,yes,no,no,via=ptr
output,DUMP::DUMP_MASS,dump.f90,TCFORM,module_global,DUMP,runtime_scalar,R,dump.f90:11939,no,no,no,no,
output,DUMP::DUMP_MASS,dump.f90,LU_MASS,module_global,GLOBAL_CONSTANTS,runtime_scalar,R,dump.f90:11940,no,no,no,no,
output,DUMP::DUMP_MASS,dump.f90,MASS_FILE,module_global,GLOBAL_CONSTANTS,runtime_scalar,R,dump.f90:11935,no,no,no,no,
output,DUMP::DUMP_MASS,dump.f90,N_SPECIES,module_global,GLOBAL_CONSTANTS,runtime_scalar,R,dump.f90:11937,no,no,no,no,
output,DUMP::DUMP_MASS,dump.f90,N_TRACKED_SPECIES,module_global,GLOBAL_CONSTANTS,runtime_scalar,R,dump.f90:11937,no,no,no,no,
output,DUMP::DUMP_MASS,dump.f90,REAL_LIST,module_global,GLOBAL_CONSTANTS,runtime_scalar,R,dump.f90:11939,no,no,no,no,
output,DUMP::DUMP_MASS,dump.f90,TIME_SHRINK_FACTOR,module_global,GLOBAL_CONSTANTS,runtime_scalar,R,dump.f90:11936,no,no,no,no,
output,DUMP::DUMP_MASS,dump.f90,T_BEGIN,module_global,GLOBAL_CONSTANTS,runtime_scalar,R,dump.f90:11936,no,no,no,no,
output,DUMP::DUMP_MASS,dump.f90,MASS_DT,module_global,OUTPUT_DATA,runtime_array,R,dump.f90:11940,no,no,no,no,
output,DUMP::DUMP_MASS,dump.f90,T_LAST_DUMP_MASS,module_global,OUTPUT_DATA,runtime_scalar,R,dump.f90:11940,no,no,no,no,
output,DUMP::DUMP_MESH_OUTPUTS,dump.f90,CHID,module_global,GLOBAL_CONSTANTS,runtime_scalar,R,dump.f90:236,no,yes,no,no,
output,DUMP::DUMP_MESH_OUTPUTS,dump.f90,PARTICLE_FILE,module_global,GLOBAL_CONSTANTS,runtime_scalar,R,dump.f90:168,no,yes,no,no,
output,DUMP::DUMP_MESH_OUTPUTS,dump.f90,PERIODIC_TEST,module_global,GLOBAL_CONSTANTS,runtime_scalar,R,dump.f90:235,no,yes,no,no,
output,DUMP::DUMP_MESH_OUTPUTS,dump.f90,RESULTS_DIR,module_global,GLOBAL_CONSTANTS,runtime_scalar,R,dump.f90:236,no,yes,no,no,
output,DUMP::DUMP_MESH_OUTPUTS,dump.f90,SMOKE3D,module_global,GLOBAL_CONSTANTS,runtime_scalar,R,dump.f90:184,no,yes,no,no,
output,DUMP::DUMP_MESH_OUTPUTS,dump.f90,STOP_STATUS,module_global,GLOBAL_CONSTANTS,runtime_scalar,R,dump.f90:94,no,yes,no,no,
output,DUMP::DUMP_MESH_OUTPUTS,dump.f90,T_USED,module_global,GLOBAL_CONSTANTS,runtime_array,RW,dump.f90:286,no,yes,no,no,
output,DUMP::DUMP_MESH_OUTPUTS,dump.f90,WRITE_SMV,module_global,GLOBAL_CONSTANTS,runtime_scalar,R,dump.f90:167,no,yes,no,no,
output,DUMP::DUMP_MESH_OUTPUTS,dump.f90,WRITE_VTK,module_global,GLOBAL_CONSTANTS,runtime_scalar,R,dump.f90:92,no,yes,no,no,
output,DUMP::DUMP_MESH_OUTPUTS,dump.f90,WROTE_BNDF,module_global,GLOBAL_CONSTANTS,runtime_scalar,RW,dump.f90:141,no,yes,no,no,
output,DUMP::DUMP_MESH_OUTPUTS,dump.f90,WROTE_PART,module_global,GLOBAL_CONSTANTS,runtime_scalar,RW,dump.f90:155,no,yes,no,no,
output,DUMP::DUMP_MESH_OUTPUTS,dump.f90,WROTE_SL2D,module_global,GLOBAL_CONSTANTS,runtime_scalar,RW,dump.f90:113,no,yes,no,no,
output,DUMP::DUMP_MESH_OUTPUTS,dump.f90,WROTE_SL3D,module_global,GLOBAL_CONSTANTS,runtime_scalar,RW,dump.f90:99,no,yes,no,no,
output,DUMP::DUMP_MESH_OUTPUTS,dump.f90,WROTE_SMOKE3D,module_global,GLOBAL_CONSTANTS,runtime_scalar,RW,dump.f90:127,no,yes,no,no,
output,DUMP::DUMP_MESH_OUTPUTS,dump.f90,BNDF_CLOCK,module_global,OUTPUT_CLOCKS,runtime_array,R,dump.f90:208,no,yes,no,no,
output,DUMP::DUMP_MESH_OUTPUTS,dump.f90,BNDF_COUNTER,module_global,OUTPUT_CLOCKS,runtime_array,RW,dump.f90:208,no,yes,no,no,
output,DUMP::DUMP_MESH_OUTPUTS,dump.f90,BNDF_VTK_CLOCK,module_global,OUTPUT_CLOCKS,runtime_array,R,dump.f90:136,no,yes,no,no,
output,DUMP::DUMP_MESH_OUTPUTS,dump.f90,BNDF_VTK_COUNTER,module_global,OUTPUT_CLOCKS,runtime_array,RW,dump.f90:136,no,yes,no,no,
output,DUMP::DUMP_MESH_OUTPUTS,dump.f90,ISOF_CLOCK,module_global,OUTPUT_CLOCKS,runtime_array,R,dump.f90:176,no,yes,no,no,
output,DUMP::DUMP_MESH_OUTPUTS,dump.f90,ISOF_COUNTER,module_global,OUTPUT_CLOCKS,runtime_array,RW,dump.f90:176,no,yes,no,no,
output,DUMP::DUMP_MESH_OUTPUTS,dump.f90,PART_CLOCK,module_global,OUTPUT_CLOCKS,runtime_array,R,dump.f90:168,no,yes,no,no,
output,DUMP::DUMP_MESH_OUTPUTS,dump.f90,PART_COUNTER,module_global,OUTPUT_CLOCKS,runtime_array,RW,dump.f90:168,no,yes,no,no,
output,DUMP::DUMP_MESH_OUTPUTS,dump.f90,PART_VTK_CLOCK,module_global,OUTPUT_CLOCKS,runtime_array,R,dump.f90:150,no,yes,no,no,
output,DUMP::DUMP_MESH_OUTPUTS,dump.f90,PART_VTK_COUNTER,module_global,OUTPUT_CLOCKS,runtime_array,RW,dump.f90:150,no,yes,no,no,
output,DUMP::DUMP_MESH_OUTPUTS,dump.f90,PL3D_CLOCK,module_global,OUTPUT_CLOCKS,runtime_array,R,dump.f90:216,no,yes,no,no,
output,DUMP::DUMP_MESH_OUTPUTS,dump.f90,PL3D_COUNTER,module_global,OUTPUT_CLOCKS,runtime_array,RW,dump.f90:216,no,yes,no,no,
output,DUMP::DUMP_MESH_OUTPUTS,dump.f90,PROF_CLOCK,module_global,OUTPUT_CLOCKS,runtime_array,R,dump.f90:226,no,yes,no,no,
output,DUMP::DUMP_MESH_OUTPUTS,dump.f90,PROF_COUNTER,module_global,OUTPUT_CLOCKS,runtime_array,RW,dump.f90:226,no,yes,no,no,
output,DUMP::DUMP_MESH_OUTPUTS,dump.f90,SL3D_CLOCK,module_global,OUTPUT_CLOCKS,runtime_array,R,dump.f90:200,no,yes,no,no,
output,DUMP::DUMP_MESH_OUTPUTS,dump.f90,SL3D_COUNTER,module_global,OUTPUT_CLOCKS,runtime_array,RW,dump.f90:200,no,yes,no,no,
output,DUMP::DUMP_MESH_OUTPUTS,dump.f90,SL3D_VTK_CLOCK,module_global,OUTPUT_CLOCKS,runtime_array,R,dump.f90:100,no,yes,no,no,
output,DUMP::DUMP_MESH_OUTPUTS,dump.f90,SL3D_VTK_COUNTER,module_global,OUTPUT_CLOCKS,runtime_array,RW,dump.f90:97,no,yes,no,no,
output,DUMP::DUMP_MESH_OUTPUTS,dump.f90,SLCF_CLOCK,module_global,OUTPUT_CLOCKS,runtime_array,R,dump.f90:192,no,yes,no,no,
output,DUMP::DUMP_MESH_OUTPUTS,dump.f90,SLCF_COUNTER,module_global,OUTPUT_CLOCKS,runtime_array,RW,dump.f90:192,no,yes,no,no,
output,DUMP::DUMP_MESH_OUTPUTS,dump.f90,SLCF_VTK_CLOCK,module_global,OUTPUT_CLOCKS,runtime_array,R,dump.f90:94,no,yes,no,no,
output,DUMP::DUMP_MESH_OUTPUTS,dump.f90,SLCF_VTK_COUNTER,module_global,OUTPUT_CLOCKS,runtime_array,RW,dump.f90:94,no,yes,no,no,
output,DUMP::DUMP_MESH_OUTPUTS,dump.f90,SM3D_CLOCK,module_global,OUTPUT_CLOCKS,runtime_array,R,dump.f90:184,no,yes,no,no,
output,DUMP::DUMP_MESH_OUTPUTS,dump.f90,SM3D_COUNTER,module_global,OUTPUT_CLOCKS,runtime_array,RW,dump.f90:184,no,yes,no,no,
output,DUMP::DUMP_MESH_OUTPUTS,dump.f90,SM3D_VTK_CLOCK,module_global,OUTPUT_CLOCKS,runtime_array,R,dump.f90:122,no,yes,no,no,
output,DUMP::DUMP_MESH_OUTPUTS,dump.f90,SM3D_VTK_COUNTER,module_global,OUTPUT_CLOCKS,runtime_array,RW,dump.f90:122,no,yes,no,no,
output,DUMP::DUMP_MESH_OUTPUTS,dump.f90,SPEC_CLOCK,module_global,OUTPUT_CLOCKS,runtime_array,R,dump.f90:257,no,yes,no,no,
output,DUMP::DUMP_MESH_OUTPUTS,dump.f90,SPEC_COUNTER,module_global,OUTPUT_CLOCKS,runtime_array,RW,dump.f90:257,no,yes,no,no,
output,DUMP::DUMP_MESH_OUTPUTS,dump.f90,TMP_CLOCK,module_global,OUTPUT_CLOCKS,runtime_array,R,dump.f90:248,no,yes,no,no,
output,DUMP::DUMP_MESH_OUTPUTS,dump.f90,TMP_COUNTER,module_global,OUTPUT_CLOCKS,runtime_array,RW,dump.f90:248,no,yes,no,no,
output,DUMP::DUMP_MESH_OUTPUTS,dump.f90,UVW_CLOCK,module_global,OUTPUT_CLOCKS,runtime_array,R,dump.f90:234,no,yes,no,no,
output,DUMP::DUMP_MESH_OUTPUTS,dump.f90,UVW_COUNTER,module_global,OUTPUT_CLOCKS,runtime_array,RW,dump.f90:234,no,yes,no,no,
output,DUMP::DUMP_MMS,dump.f90,TCFORM,module_global,DUMP,runtime_scalar,R,dump.f90:13124,no,no,no,no,
output,DUMP::DUMP_MMS,dump.f90,CHAR_LIST,module_global,GLOBAL_CONSTANTS,runtime_scalar,R,dump.f90:13124,no,no,no,no,
output,DUMP::DUMP_MMS,dump.f90,DECIMAL_SPECIFIER,module_global,GLOBAL_CONSTANTS,runtime_scalar,R,dump.f90:13115,no,no,no,no,
output,DUMP::DUMP_MMS,dump.f90,SEPARATOR,module_global,GLOBAL_CONSTANTS,runtime_scalar,R,dump.f90:13132,no,no,no,no,
output,DUMP::DUMP_MMS,dump.f90,H,mesh_field,MESH_TYPE,cell_centred_solution,R,dump.f90:13132,no,no,no,no,via=ptr
output,DUMP::DUMP_MMS,dump.f90,IBAR,mesh_field,MESH_TYPE,grid_geometry,R,dump.f90:13110,no,no,no,no,via=ptr
output,DUMP::DUMP_MMS,dump.f90,JBAR,mesh_field,MESH_TYPE,grid_geometry,R,dump.f90:13111,no,no,no,no,via=ptr
output,DUMP::DUMP_MMS,dump.f90,KBAR,mesh_field,MESH_TYPE,grid_geometry,R,dump.f90:13112,no,no,no,no,via=ptr
output,DUMP::DUMP_MMS,dump.f90,RHO,mesh_field,MESH_TYPE,cell_centred_solution,R,dump.f90:13132,no,no,no,no,via=ptr
output,DUMP::DUMP_MMS,dump.f90,U,mesh_field,MESH_TYPE,face_centred_flux,R,dump.f90:13132,no,no,no,no,via=ptr
output,DUMP::DUMP_MMS,dump.f90,W,mesh_field,MESH_TYPE,face_centred_flux,R,dump.f90:13132,no,no,no,no,via=ptr
output,DUMP::DUMP_MMS,dump.f90,ZZ,mesh_field,MESH_TYPE,cell_centred_solution,R,dump.f90:13132,no,no,no,no,via=ptr
output,DUMP::DUMP_PART,dump.f90,DECIMAL_SPECIFIER,module_global,GLOBAL_CONSTANTS,runtime_scalar,R,dump.f90:4519,no,no,no,no,
output,DUMP::DUMP_PART,dump.f90,FN_PART,module_global,GLOBAL_CONSTANTS,runtime_array,R,dump.f90:4518,no,no,no,no,
output,DUMP::DUMP_PART,dump.f90,LU_PART,module_global,GLOBAL_CONSTANTS,runtime_array,R,dump.f90:4518,no,no,no,no,
output,DUMP::DUMP_PART,dump.f90,NMESHES,module_global,GLOBAL_CONSTANTS,runtime_scalar,R,dump.f90:4519,no,no,no,no,
output,DUMP::DUMP_PART,dump.f90,N_LAGRANGIAN_CLASSES,module_global,GLOBAL_CONSTANTS,runtime_scalar,R,dump.f90:4522,no,no,no,no,
output,DUMP::DUMP_PART,dump.f90,TIME_SHRINK_FACTOR,module_global,GLOBAL_CONSTANTS,runtime_scalar,R,dump.f90:4516,no,no,no,no,
output,DUMP::DUMP_PART,dump.f90,T_BEGIN,module_global,GLOBAL_CONSTANTS,runtime_scalar,R,dump.f90:4516,no,no,no,no,
output,DUMP::DUMP_PART,dump.f90,LAGRANGIAN_PARTICLE_CLASS,module_global,TYPES,runtime_array,R,dump.f90:4526,no,no,no,no,
output,DUMP::DUMP_PART,dump.f90,BOUNDARY_COORD,mesh_field,MESH_TYPE,wall_obst_cutcell,R,dump.f90:4549,no,no,no,no,via=alias:BC|ptr
output,DUMP::DUMP_PART,dump.f90,LAGRANGIAN_PARTICLE,mesh_field,MESH_TYPE,particle,R,dump.f90:4532,no,no,no,no,via=alias:LP|ptr
output,DUMP::DUMP_PART,dump.f90,NLP,mesh_field,MESH_TYPE,particle,R,dump.f90:4531,no,no,no,no,via=ptr
output,DUMP::DUMP_PART_VTKHDF,dump.f90,CHID,module_global,GLOBAL_CONSTANTS,runtime_scalar,R,dump.f90:4673,no,no,no,no,
output,DUMP::DUMP_PART_VTKHDF,dump.f90,NMESHES,module_global,GLOBAL_CONSTANTS,runtime_scalar,R,dump.f90:4654,no,no,no,no,
output,DUMP::DUMP_PART_VTKHDF,dump.f90,N_LAGRANGIAN_CLASSES,module_global,GLOBAL_CONSTANTS,runtime_scalar,R,dump.f90:4669,no,no,no,no,
output,DUMP::DUMP_PART_VTKHDF,dump.f90,N_MPI_PROCESSES,module_global,GLOBAL_CONSTANTS,runtime_scalar,R,dump.f90:4651,no,no,no,no,
output,DUMP::DUMP_PART_VTKHDF,dump.f90,PROCESS,module_global,GLOBAL_CONSTANTS,runtime_array,R,dump.f90:4655,no,no,no,no,
output,DUMP::DUMP_PART_VTKHDF,dump.f90,TIME_SHRINK_FACTOR,module_global,GLOBAL_CONSTANTS,runtime_scalar,R,dump.f90:4660,no,no,no,no,
output,DUMP::DUMP_PART_VTKHDF,dump.f90,T_BEGIN,module_global,GLOBAL_CONSTANTS,runtime_scalar,R,dump.f90:4660,no,no,no,no,
output,DUMP::DUMP_PART_VTKHDF,dump.f90,VTK_DIR,module_global,GLOBAL_CONSTANTS,runtime_scalar,R,dump.f90:4673,no,no,no,no,
output,DUMP::DUMP_PART_VTKHDF,dump.f90,LAGRANGIAN_PARTICLE_CLASS,module_global,TYPES,runtime_array,R,dump.f90:4671,no,no,no,no,
output,DUMP::DUMP_PART_VTKHDF,dump.f90,SURFACE,module_global,TYPES,runtime_array,R,dump.f90:4783,no,no,no,no,
output,DUMP::DUMP_PART_VTKHDF,dump.f90,BOUNDARY_COORD,mesh_field,MESH_TYPE,wall_obst_cutcell,R,dump.f90:4770,no,no,no,no,via=alias:BC|ptr
output,DUMP::DUMP_PART_VTKHDF,dump.f90,LAGRANGIAN_PARTICLE,mesh_field,MESH_TYPE,particle,R,dump.f90:4755,no,no,no,no,via=alias:LP|ptr
output,DUMP::DUMP_PART_VTKHDF,dump.f90,NLP,mesh_field,MESH_TYPE,particle,R,dump.f90:4754,no,no,no,no,via=ptr
output,DUMP::DUMP_PROF,dump.f90,TCFORM,module_global,DUMP,runtime_scalar,R,dump.f90:11485,no,no,no,no,
output,DUMP::DUMP_PROF,dump.f90,DECIMAL_SPECIFIER,module_global,GLOBAL_CONSTANTS,runtime_scalar,R,dump.f90:11478,no,no,no,no,
output,DUMP::DUMP_PROF,dump.f90,FMT_R,module_global,GLOBAL_CONSTANTS,runtime_scalar,R,dump.f90:11485,no,no,no,no,
output,DUMP::DUMP_PROF,dump.f90,FN_PROF,module_global,GLOBAL_CONSTANTS,runtime_array,R,dump.f90:11478,no,no,no,no,
output,DUMP::DUMP_PROF,dump.f90,LU_PROF,module_global,GLOBAL_CONSTANTS,runtime_array,R,dump.f90:11478,no,no,no,no,
output,DUMP::DUMP_PROF,dump.f90,REAL_LIST,module_global,GLOBAL_CONSTANTS,runtime_scalar,R,dump.f90:11485,no,no,no,no,
output,DUMP::DUMP_PROF,dump.f90,SEPARATOR,module_global,GLOBAL_CONSTANTS,runtime_scalar,R,dump.f90:11485,no,no,no,no,
output,DUMP::DUMP_PROF,dump.f90,TIME_SHRINK_FACTOR,module_global,GLOBAL_CONSTANTS,runtime_scalar,R,dump.f90:11435,no,no,no,no,
output,DUMP::DUMP_PROF,dump.f90,T_BEGIN,module_global,GLOBAL_CONSTANTS,runtime_scalar,R,dump.f90:11435,no,no,no,no,
output,DUMP::DUMP_PROF,dump.f90,N_PROF,module_global,OUTPUT_DATA,runtime_scalar,R,dump.f90:11384,no,no,no,no,
output,DUMP::DUMP_PROF,dump.f90,OUTPUT_QUANTITY,module_global,OUTPUT_DATA,runtime_array,R,dump.f90:11503,no,no,no,no,
output,DUMP::DUMP_PROF,dump.f90,LAGRANGIAN_PARTICLE_CLASS,module_global,TYPES,runtime_array,R,dump.f90:11406,no,no,no,no,
output,DUMP::DUMP_PROF,dump.f90,PROFILE,module_global,TYPES,runtime_array,R,dump.f90:11388,no,no,no,no,
output,DUMP::DUMP_PROF,dump.f90,SURFACE,module_global,TYPES,runtime_array,R,dump.f90:11413,no,no,no,no,
output,DUMP::DUMP_PROF,dump.f90,BOUNDARY_ONE_D,mesh_field,MESH_TYPE,wall_obst_cutcell,R,dump.f90:11397,no,no,no,no,via=MESHES|alias:ONE_D
output,DUMP::DUMP_PROF,dump.f90,LAGRANGIAN_PARTICLE,mesh_field,MESH_TYPE,particle,R,dump.f90:11403,no,no,no,no,via=MESHES|alias:LP
output,DUMP::DUMP_PROF,dump.f90,WALL,mesh_field,MESH_TYPE,wall_obst_cutcell,R,dump.f90:11395,no,no,no,no,via=MESHES|alias:WC
output,DUMP::DUMP_RESTART,dump.f90,CONTROL,module_global,CONTROL_VARIABLES,runtime_array,R,dump.f90:3970,yes,no,no,no,
output,DUMP::DUMP_RESTART,dump.f90,N_CTRL,module_global,CONTROL_VARIABLES,runtime_scalar,R,dump.f90:3969,yes,no,no,no,
output,DUMP::DUMP_RESTART,dump.f90,DEVICE,module_global,DEVICE_VARIABLES,runtime_array,R,dump.f90:3955,yes,no,no,no,
output,DUMP::DUMP_RESTART,dump.f90,N_DEVC,module_global,DEVICE_VARIABLES,runtime_scalar,R,dump.f90:3954,yes,no,no,no,
output,DUMP::DUMP_RESTART,dump.f90,CC_IBM,module_global,GLOBAL_CONSTANTS,runtime_scalar,R,dump.f90:3901,yes,no,no,no,
output,DUMP::DUMP_RESTART,dump.f90,EDGE_COUNT,module_global,GLOBAL_CONSTANTS,runtime_array,R,dump.f90:3949,yes,no,no,no,
output,DUMP::DUMP_RESTART,dump.f90,FN_CORE,module_global,GLOBAL_CONSTANTS,runtime_array,R,dump.f90:3895,yes,no,no,no,
output,DUMP::DUMP_RESTART,dump.f90,HVAC_MASS_TRANSPORT,module_global,GLOBAL_CONSTANTS,runtime_scalar,R,dump.f90:4028,yes,no,no,no,
output,DUMP::DUMP_RESTART,dump.f90,HVAC_SOLVE,module_global,GLOBAL_CONSTANTS,runtime_scalar,R,dump.f90:4024,yes,no,no,no,
output,DUMP::DUMP_RESTART,dump.f90,ICYC,module_global,GLOBAL_CONSTANTS,runtime_scalar,R,dump.f90:3948,yes,no,no,no,
output,DUMP::DUMP_RESTART,dump.f90,KFST4_SUM,module_global,GLOBAL_CONSTANTS,runtime_scalar,R,dump.f90:3950,yes,no,no,no,
output,DUMP::DUMP_RESTART,dump.f90,LEVEL_SET_MODE,module_global,GLOBAL_CONSTANTS,runtime_scalar,R,dump.f90:4037,yes,no,no,no,
output,DUMP::DUMP_RESTART,dump.f90,LU_CORE,module_global,GLOBAL_CONSTANTS,runtime_array,R,dump.f90:3895,yes,no,no,no,
output,DUMP::DUMP_RESTART,dump.f90,NMESHES,module_global,GLOBAL_CONSTANTS,runtime_scalar,R,dump.f90:4017,yes,no,no,no,
output,DUMP::DUMP_RESTART,dump.f90,N_DUCTNODES,module_global,GLOBAL_CONSTANTS,runtime_scalar,R,dump.f90:4030,yes,no,no,no,
output,DUMP::DUMP_RESTART,dump.f90,N_DUCTS,module_global,GLOBAL_CONSTANTS,runtime_scalar,R,dump.f90:4025,yes,no,no,no,
output,DUMP::DUMP_RESTART,dump.f90,N_INIT,module_global,GLOBAL_CONSTANTS,runtime_scalar,R,dump.f90:3931,yes,no,no,no,
output,DUMP::DUMP_RESTART,dump.f90,N_SPECIES,module_global,GLOBAL_CONSTANTS,runtime_scalar,R,dump.f90:3953,yes,no,no,no,
output,DUMP::DUMP_RESTART,dump.f90,N_SURF,module_global,GLOBAL_CONSTANTS,runtime_scalar,R,dump.f90:3937,yes,no,no,no,
output,DUMP::DUMP_RESTART,dump.f90,N_TRACKED_SPECIES,module_global,GLOBAL_CONSTANTS,runtime_scalar,R,dump.f90:3953,yes,no,no,no,
output,DUMP::DUMP_RESTART,dump.f90,RADIATION,module_global,GLOBAL_CONSTANTS,runtime_scalar,R,dump.f90:3921,yes,no,no,no,
output,DUMP::DUMP_RESTART,dump.f90,RAD_Q_SUM,module_global,GLOBAL_CONSTANTS,runtime_scalar,R,dump.f90:3950,yes,no,no,no,
output,DUMP::DUMP_RESTART,dump.f90,RTE_SOURCE_CORRECTION_FACTOR,module_global,GLOBAL_CONSTANTS,runtime_scalar,R,dump.f90:3950,yes,no,no,no,
output,DUMP::DUMP_RESTART,dump.f90,STORE_FIRE_ARRIVAL,module_global,GLOBAL_CONSTANTS,runtime_scalar,R,dump.f90:4044,yes,no,no,no,
output,DUMP::DUMP_RESTART,dump.f90,STORE_FIRE_RESIDENCE,module_global,GLOBAL_CONSTANTS,runtime_scalar,R,dump.f90:4045,yes,no,no,no,
output,DUMP::DUMP_RESTART,dump.f90,STORE_LS_SPREAD_RATE,module_global,GLOBAL_CONSTANTS,runtime_scalar,R,dump.f90:4046,yes,no,no,no,
output,DUMP::DUMP_RESTART,dump.f90,TIME_SHRINK_FACTOR,module_global,GLOBAL_CONSTANTS,runtime_scalar,R,dump.f90:3899,yes,no,no,no,
output,DUMP::DUMP_RESTART,dump.f90,T_BEGIN,module_global,GLOBAL_CONSTANTS,runtime_scalar,R,dump.f90:3899,yes,no,no,no,
output,DUMP::DUMP_RESTART,dump.f90,WALL_COUNTER,module_global,GLOBAL_CONSTANTS,runtime_scalar,R,dump.f90:3948,yes,no,no,no,
output,DUMP::DUMP_RESTART,dump.f90,WRITE_VTK,module_global,GLOBAL_CONSTANTS,runtime_scalar,R,dump.f90:4039,yes,no,no,no,
output,DUMP::DUMP_RESTART,dump.f90,DT_BNDF,module_global,OUTPUT_CLOCKS,runtime_scalar,R,dump.f90:3951,yes,no,no,no,
output,DUMP::DUMP_RESTART,dump.f90,DT_CPU,module_global,OUTPUT_CLOCKS,runtime_scalar,R,dump.f90:3951,yes,no,no,no,
output,DUMP::DUMP_RESTART,dump.f90,DT_CTRL,module_global,OUTPUT_CLOCKS,runtime_scalar,R,dump.f90:3951,yes,no,no,no,
output,DUMP::DUMP_RESTART,dump.f90,DT_DEVC,module_global,OUTPUT_CLOCKS,runtime_scalar,R,dump.f90:3951,yes,no,no,no,
output,DUMP::DUMP_RESTART,dump.f90,DT_FLUSH,module_global,OUTPUT_CLOCKS,runtime_scalar,R,dump.f90:3951,yes,no,no,no,
output,DUMP::DUMP_RESTART,dump.f90,DT_GEOM,module_global,OUTPUT_CLOCKS,runtime_scalar,R,dump.f90:3951,yes,no,no,no,
output,DUMP::DUMP_RESTART,dump.f90,DT_HRR,module_global,OUTPUT_CLOCKS,runtime_scalar,R,dump.f90:3951,yes,no,no,no,
output,DUMP::DUMP_RESTART,dump.f90,DT_ISOF,module_global,OUTPUT_CLOCKS,runtime_scalar,R,dump.f90:3951,yes,no,no,no,
output,DUMP::DUMP_RESTART,dump.f90,DT_MASS,module_global,OUTPUT_CLOCKS,runtime_scalar,R,dump.f90:3951,yes,no,no,no,
output,DUMP::DUMP_RESTART,dump.f90,DT_PART,module_global,OUTPUT_CLOCKS,runtime_scalar,R,dump.f90:3951,yes,no,no,no,
output,DUMP::DUMP_RESTART,dump.f90,DT_PL3D,module_global,OUTPUT_CLOCKS,runtime_scalar,R,dump.f90:3951,yes,no,no,no,
output,DUMP::DUMP_RESTART,dump.f90,DT_PROF,module_global,OUTPUT_CLOCKS,runtime_scalar,R,dump.f90:3951,yes,no,no,no,
output,DUMP::DUMP_RESTART,dump.f90,DT_RADF,module_global,OUTPUT_CLOCKS,runtime_scalar,R,dump.f90:3951,yes,no,no,no,
output,DUMP::DUMP_RESTART,dump.f90,DT_SL3D,module_global,OUTPUT_CLOCKS,runtime_scalar,R,dump.f90:3952,yes,no,no,no,
output,DUMP::DUMP_RESTART,dump.f90,DT_SLCF,module_global,OUTPUT_CLOCKS,runtime_scalar,R,dump.f90:3952,yes,no,no,no,
output,DUMP::DUMP_RESTART,dump.f90,DT_SMOKE3D,module_global,OUTPUT_CLOCKS,runtime_scalar,R,dump.f90:3952,yes,no,no,no,
output,DUMP::DUMP_RESTART,dump.f90,DT_UVW,module_global,OUTPUT_CLOCKS,runtime_scalar,R,dump.f90:3952,yes,no,no,no,
output,DUMP::DUMP_RESTART,dump.f90,DT_VTK,module_global,OUTPUT_CLOCKS,runtime_scalar,R,dump.f90:3952,yes,no,no,no,
output,DUMP::DUMP_RESTART,dump.f90,ENTHALPY_SUM,module_global,OUTPUT_DATA,runtime_array,R,dump.f90:3950,yes,no,no,no,
output,DUMP::DUMP_RESTART,dump.f90,MASS_DT,module_global,OUTPUT_DATA,runtime_array,R,dump.f90:3953,yes,no,no,no,
output,DUMP::DUMP_RESTART,dump.f90,M_DOT_SUM,module_global,OUTPUT_DATA,runtime_array,R,dump.f90:3953,yes,no,no,no,
output,DUMP::DUMP_RESTART,dump.f90,N_BNDF,module_global,OUTPUT_DATA,runtime_scalar,R,dump.f90:4039,yes,no,no,no,
output,DUMP::DUMP_RESTART,dump.f90,Q_DOT_SUM,module_global,OUTPUT_DATA,runtime_array,R,dump.f90:3953,yes,no,no,no,
output,DUMP::DUMP_RESTART,dump.f90,T_LAST_DUMP_HRR,module_global,OUTPUT_DATA,runtime_scalar,R,dump.f90:3949,yes,no,no,no,
output,DUMP::DUMP_RESTART,dump.f90,T_LAST_DUMP_MASS,module_global,OUTPUT_DATA,runtime_scalar,R,dump.f90:3949,yes,no,no,no,
output,DUMP::DUMP_RESTART,dump.f90,DUCT,module_global,TYPES,runtime_array,R,dump.f90:4026,yes,no,no,no,
output,DUMP::DUMP_RESTART,dump.f90,DUCTNODE,module_global,TYPES,runtime_array,R,dump.f90:4031,yes,no,no,no,
output,DUMP::DUMP_RESTART,dump.f90,INITIALIZATION,module_global,TYPES,runtime_array,R,dump.f90:3932,yes,no,no,no,
output,DUMP::DUMP_RESTART,dump.f90,LAGRANGIAN_PARTICLE_CLASS,module_global,TYPES,runtime_array,R,dump.f90:4009,yes,no,no,no,
output,DUMP::DUMP_RESTART,dump.f90,SURFACE,module_global,TYPES,runtime_array,R,dump.f90:3938,yes,no,no,no,
output,DUMP::DUMP_RESTART,dump.f90,ANGLE_INC_COUNTER,mesh_field,MESH_TYPE,radiation,R,dump.f90:3949,yes,no,no,no,via=ptr
output,DUMP::DUMP_RESTART,dump.f90,BC_CLOCK,mesh_field,MESH_TYPE,wall_obst_cutcell,R,dump.f90:3948,yes,no,no,no,via=ptr
output,DUMP::DUMP_RESTART,dump.f90,BNDF_DUMP,mesh_field,MESH_TYPE,other,R,dump.f90:4039,yes,no,no,no,via=ptr
output,DUMP::DUMP_RESTART,dump.f90,CELL,mesh_field,MESH_TYPE,wall_obst_cutcell,R,dump.f90:3922,yes,no,no,no,via=ptr
output,DUMP::DUMP_RESTART,dump.f90,CFACE,mesh_field,MESH_TYPE,wall_obst_cutcell,R,dump.f90:3999,yes,no,no,no,via=alias:CFA|ptr
output,DUMP::DUMP_RESTART,dump.f90,CFACE_STORAGE,mesh_field,MESH_TYPE,wall_obst_cutcell,R,dump.f90:3997,yes,no,no,no,via=alias:OS|ptr
output,DUMP::DUMP_RESTART,dump.f90,CHI_R,mesh_field,MESH_TYPE,radiation,R,dump.f90:3919,yes,no,no,no,via=ptr
output,DUMP::DUMP_RESTART,dump.f90,D,mesh_field,MESH_TYPE,cell_centred_solution,R,dump.f90:3906,yes,no,no,no,via=ptr
output,DUMP::DUMP_RESTART,dump.f90,DEL_RHO_D_DEL_Z,mesh_field,MESH_TYPE,cell_centred_solution,R,dump.f90:3929,yes,no,no,no,via=ptr
output,DUMP::DUMP_RESTART,dump.f90,DS,mesh_field,MESH_TYPE,cell_centred_solution,R,dump.f90:3911,yes,no,no,no,via=ptr
output,DUMP::DUMP_RESTART,dump.f90,D_PBAR_DT,mesh_field,MESH_TYPE,pressure_solver,R,dump.f90:3949,yes,no,no,no,via=ptr
output,DUMP::DUMP_RESTART,dump.f90,D_SOURCE,mesh_field,MESH_TYPE,cell_centred_solution,R,dump.f90:3913,yes,no,no,no,via=ptr
output,DUMP::DUMP_RESTART,dump.f90,EDGE,mesh_field,MESH_TYPE,ghost_boundary,R,dump.f90:3923,yes,no,no,no,via=ptr
output,DUMP::DUMP_RESTART,dump.f90,FIRE_ARRIVAL_TIME,mesh_field,MESH_TYPE,other,R,dump.f90:4044,yes,no,no,no,via=ptr
output,DUMP::DUMP_RESTART,dump.f90,FIRE_RESIDENCE_TIME,mesh_field,MESH_TYPE,other,R,dump.f90:4045,yes,no,no,no,via=ptr
output,DUMP::DUMP_RESTART,dump.f90,H,mesh_field,MESH_TYPE,cell_centred_solution,R,dump.f90:3907,yes,no,no,no,via=ptr
output,DUMP::DUMP_RESTART,dump.f90,HS,mesh_field,MESH_TYPE,cell_centred_solution,R,dump.f90:3912,yes,no,no,no,via=ptr
output,DUMP::DUMP_RESTART,dump.f90,LAGRANGIAN_PARTICLE,mesh_field,MESH_TYPE,particle,R,dump.f90:4008,yes,no,no,no,via=alias:LP|ptr
output,DUMP::DUMP_RESTART,dump.f90,LS_SPREAD_RATE,mesh_field,MESH_TYPE,other,R,dump.f90:4046,yes,no,no,no,via=ptr
output,DUMP::DUMP_RESTART,dump.f90,M_DOT_PPP,mesh_field,MESH_TYPE,cell_centred_solution,R,dump.f90:3914,yes,no,no,no,via=ptr
output,DUMP::DUMP_RESTART,dump.f90,NLP,mesh_field,MESH_TYPE,particle,R,dump.f90:4006,yes,no,no,no,via=ptr
output,DUMP::DUMP_RESTART,dump.f90,NLPDIM,mesh_field,MESH_TYPE,particle,R,dump.f90:4006,yes,no,no,no,via=ptr
output,DUMP::DUMP_RESTART,dump.f90,N_BNDF_POINTS,mesh_field,MESH_TYPE,other,R,dump.f90:4040,yes,no,no,no,via=ptr
output,DUMP::DUMP_RESTART,dump.f90,N_BOUNDARY_COORD_DIM,mesh_field,MESH_TYPE,wall_obst_cutcell,R,dump.f90:3974,yes,no,no,no,via=ptr
output,DUMP::DUMP_RESTART,dump.f90,N_BOUNDARY_ONE_D_DIM,mesh_field,MESH_TYPE,wall_obst_cutcell,R,dump.f90:3974,yes,no,no,no,via=ptr
output,DUMP::DUMP_RESTART,dump.f90,N_BOUNDARY_PROP1_DIM,mesh_field,MESH_TYPE,wall_obst_cutcell,R,dump.f90:3974,yes,no,no,no,via=ptr
output,DUMP::DUMP_RESTART,dump.f90,N_BOUNDARY_PROP2_DIM,mesh_field,MESH_TYPE,wall_obst_cutcell,R,dump.f90:3974,yes,no,no,no,via=ptr
output,DUMP::DUMP_RESTART,dump.f90,N_BOUNDARY_RADIA_DIM,mesh_field,MESH_TYPE,wall_obst_cutcell,R,dump.f90:3974,yes,no,no,no,via=ptr
output,DUMP::DUMP_RESTART,dump.f90,N_CFACE_CELLS_DIM,mesh_field,MESH_TYPE,wall_obst_cutcell,R,dump.f90:3996,yes,no,no,no,via=ptr
output,DUMP::DUMP_RESTART,dump.f90,N_OBST,mesh_field,MESH_TYPE,wall_obst_cutcell,R,dump.f90:3942,yes,no,no,no,via=ptr
output,DUMP::DUMP_RESTART,dump.f90,N_PATCH,mesh_field,MESH_TYPE,other,R,dump.f90:4040,yes,no,no,no,via=ptr
output,DUMP::DUMP_RESTART,dump.f90,N_THIN_WALL_CELLS,mesh_field,MESH_TYPE,wall_obst_cutcell,R,dump.f90:3986,yes,no,no,no,via=ptr
output,DUMP::DUMP_RESTART,dump.f90,N_THIN_WALL_CELLS_DIM,mesh_field,MESH_TYPE,wall_obst_cutcell,R,dump.f90:3986,yes,no,no,no,via=ptr
output,DUMP::DUMP_RESTART,dump.f90,N_WALL_CELLS,mesh_field,MESH_TYPE,wall_obst_cutcell,R,dump.f90:3976,yes,no,no,no,via=ptr
output,DUMP::DUMP_RESTART,dump.f90,N_WALL_CELLS_DIM,mesh_field,MESH_TYPE,wall_obst_cutcell,R,dump.f90:3976,yes,no,no,no,via=ptr
output,DUMP::DUMP_RESTART,dump.f90,OBSTRUCTION,mesh_field,MESH_TYPE,wall_obst_cutcell,R,dump.f90:3943,yes,no,no,no,via=alias:OB|ptr
output,DUMP::DUMP_RESTART,dump.f90,OMESH,mesh_field,MESH_TYPE,mpi_exchange,R,dump.f90:4018,yes,no,no,no,via=MESHES|alias:M2
output,DUMP::DUMP_RESTART,dump.f90,PARTICLE_TAG,mesh_field,MESH_TYPE,particle,R,dump.f90:4006,yes,no,no,no,via=ptr
output,DUMP::DUMP_RESTART,dump.f90,PATCH,mesh_field,MESH_TYPE,other,R,dump.f90:4041,yes,no,no,no,via=ptr
output,DUMP::DUMP_RESTART,dump.f90,PBAR,mesh_field,MESH_TYPE,pressure_solver,R,dump.f90:3949,yes,no,no,no,via=ptr
output,DUMP::DUMP_RESTART,dump.f90,PHI_LS,mesh_field,MESH_TYPE,other,R,dump.f90:4037,yes,no,no,no,via=ptr
output,DUMP::DUMP_RESTART,dump.f90,Q,mesh_field,MESH_TYPE,cell_centred_solution,R,dump.f90:3917,yes,no,no,no,via=ptr
output,DUMP::DUMP_RESTART,dump.f90,QR,mesh_field,MESH_TYPE,radiation,R,dump.f90:3918,yes,no,no,no,via=ptr
output,DUMP::DUMP_RESTART,dump.f90,RAD_CALL_COUNTER,mesh_field,MESH_TYPE,radiation,R,dump.f90:3949,yes,no,no,no,via=ptr
output,DUMP::DUMP_RESTART,dump.f90,RHO,mesh_field,MESH_TYPE,cell_centred_solution,R,dump.f90:3915,yes,no,no,no,via=ptr
output,DUMP::DUMP_RESTART,dump.f90,THIN_WALL,mesh_field,MESH_TYPE,wall_obst_cutcell,R,dump.f90:3989,yes,no,no,no,via=alias:TW|ptr
output,DUMP::DUMP_RESTART,dump.f90,TMP,mesh_field,MESH_TYPE,cell_centred_solution,R,dump.f90:3916,yes,no,no,no,via=ptr
output,DUMP::DUMP_RESTART,dump.f90,U,mesh_field,MESH_TYPE,face_centred_flux,R,dump.f90:3903,yes,no,no,no,via=ptr
output,DUMP::DUMP_RESTART,dump.f90,UII,mesh_field,MESH_TYPE,radiation,R,dump.f90:3920,yes,no,no,no,via=ptr
output,DUMP::DUMP_RESTART,dump.f90,UIID,mesh_field,MESH_TYPE,radiation,R,dump.f90:3921,yes,no,no,no,via=ptr
output,DUMP::DUMP_RESTART,dump.f90,US,mesh_field,MESH_TYPE,face_centred_flux,R,dump.f90:3908,yes,no,no,no,via=ptr
output,DUMP::DUMP_RESTART,dump.f90,UVW_SAVE,mesh_field,MESH_TYPE,ghost_boundary,R,dump.f90:3924,yes,no,no,no,via=ptr
output,DUMP::DUMP_RESTART,dump.f90,U_GHOST,mesh_field,MESH_TYPE,ghost_boundary,R,dump.f90:3925,yes,no,no,no,via=ptr
output,DUMP::DUMP_RESTART,dump.f90,V,mesh_field,MESH_TYPE,face_centred_flux,R,dump.f90:3904,yes,no,no,no,via=ptr
output,DUMP::DUMP_RESTART,dump.f90,VS,mesh_field,MESH_TYPE,face_centred_flux,R,dump.f90:3909,yes,no,no,no,via=ptr
output,DUMP::DUMP_RESTART,dump.f90,V_GHOST,mesh_field,MESH_TYPE,ghost_boundary,R,dump.f90:3926,yes,no,no,no,via=ptr
output,DUMP::DUMP_RESTART,dump.f90,W,mesh_field,MESH_TYPE,face_centred_flux,R,dump.f90:3905,yes,no,no,no,via=ptr
output,DUMP::DUMP_RESTART,dump.f90,WALL,mesh_field,MESH_TYPE,wall_obst_cutcell,R,dump.f90:3979,yes,no,no,no,via=alias:WC|ptr
output,DUMP::DUMP_RESTART,dump.f90,WALL_STORAGE,mesh_field,MESH_TYPE,wall_obst_cutcell,R,dump.f90:3977,yes,no,no,no,via=alias:OS|ptr
output,DUMP::DUMP_RESTART,dump.f90,WS,mesh_field,MESH_TYPE,face_centred_flux,R,dump.f90:3910,yes,no,no,no,via=ptr
output,DUMP::DUMP_RESTART,dump.f90,W_GHOST,mesh_field,MESH_TYPE,ghost_boundary,R,dump.f90:3927,yes,no,no,no,via=ptr
output,DUMP::DUMP_RESTART,dump.f90,ZZ,mesh_field,MESH_TYPE,cell_centred_solution,R,dump.f90:3928,yes,no,no,no,via=ptr
output,DUMP::DUMP_RESTART,dump.f90,H,mesh_field,OMESH_TYPE,mpi_exchange,R,dump.f90:4020,yes,no,no,no,via=M2
output,DUMP::DUMP_RESTART,dump.f90,NIC_R,mesh_field,OMESH_TYPE,mpi_exchange,R,dump.f90:4019,yes,no,no,no,via=M2
output,DUMP::DUMP_RESTART,dump.f90,RHO,mesh_field,OMESH_TYPE,mpi_exchange,R,dump.f90:4020,yes,no,no,no,via=M2
output,DUMP::DUMP_RESTART,dump.f90,RHOS,mesh_field,OMESH_TYPE,mpi_exchange,R,dump.f90:4020,yes,no,no,no,via=M2
output,DUMP::DUMP_RESTART,dump.f90,U,mesh_field,OMESH_TYPE,mpi_exchange,R,dump.f90:4020,yes,no,no,no,via=M2
output,DUMP::DUMP_RESTART,dump.f90,V,mesh_field,OMESH_TYPE,mpi_exchange,R,dump.f90:4020,yes,no,no,no,via=M2
output,DUMP::DUMP_RESTART,dump.f90,W,mesh_field,OMESH_TYPE,mpi_exchange,R,dump.f90:4020,yes,no,no,no,via=M2
output,DUMP::DUMP_RESTART,dump.f90,ZZ,mesh_field,OMESH_TYPE,mpi_exchange,R,dump.f90:4021,yes,no,no,no,via=M2
output,DUMP::DUMP_RESTART,dump.f90,ZZS,mesh_field,OMESH_TYPE,mpi_exchange,R,dump.f90:4021,yes,no,no,no,via=M2
output,DUMP::DUMP_ROTCUBE_MMS,dump.f90,CC_IBM,module_global,GLOBAL_CONSTANTS,runtime_scalar,R,dump.f90:12908,no,no,no,yes,
output,DUMP::DUMP_ROTCUBE_MMS,dump.f90,DECIMAL_SPECIFIER,module_global,GLOBAL_CONSTANTS,runtime_scalar,R,dump.f90:12904,no,no,no,yes,
output,DUMP::DUMP_ROTCUBE_MMS,dump.f90,CCVAR,mesh_field,MESH_TYPE,wall_obst_cutcell,R,dump.f90:12944,no,no,no,yes,via=ptr
output,DUMP::DUMP_ROTCUBE_MMS,dump.f90,CELL,mesh_field,MESH_TYPE,wall_obst_cutcell,R,dump.f90:13029,no,no,no,yes,via=ptr
output,DUMP::DUMP_ROTCUBE_MMS,dump.f90,CELL_INDEX,mesh_field,MESH_TYPE,wall_obst_cutcell,R,dump.f90:13029,no,no,no,yes,via=ptr
output,DUMP::DUMP_ROTCUBE_MMS,dump.f90,CUT_CELL,mesh_field,MESH_TYPE,wall_obst_cutcell,R,dump.f90:12950,no,no,no,yes,via=ptr
output,DUMP::DUMP_ROTCUBE_MMS,dump.f90,CUT_FACE,mesh_field,MESH_TYPE,wall_obst_cutcell,R,dump.f90:12930,no,no,no,yes,via=ptr
output,DUMP::DUMP_ROTCUBE_MMS,dump.f90,DX,mesh_field,MESH_TYPE,grid_geometry,R,dump.f90:12953,no,no,no,yes,via=ptr
output,DUMP::DUMP_ROTCUBE_MMS,dump.f90,DY,mesh_field,MESH_TYPE,grid_geometry,R,dump.f90:12962,no,no,no,yes,via=ptr
output,DUMP::DUMP_ROTCUBE_MMS,dump.f90,DZ,mesh_field,MESH_TYPE,grid_geometry,R,dump.f90:12953,no,no,no,yes,via=ptr
output,DUMP::DUMP_ROTCUBE_MMS,dump.f90,FCVAR,mesh_field,MESH_TYPE,wall_obst_cutcell,R,dump.f90:12914,no,no,no,yes,via=ptr
output,DUMP::DUMP_ROTCUBE_MMS,dump.f90,H,mesh_field,MESH_TYPE,cell_centred_solution,R,dump.f90:13009,no,no,no,yes,via=ptr
output,DUMP::DUMP_ROTCUBE_MMS,dump.f90,IBAR,mesh_field,MESH_TYPE,grid_geometry,R,dump.f90:12895,no,no,no,yes,via=ptr
output,DUMP::DUMP_ROTCUBE_MMS,dump.f90,JBAR,mesh_field,MESH_TYPE,grid_geometry,R,dump.f90:12896,no,no,no,yes,via=ptr
output,DUMP::DUMP_ROTCUBE_MMS,dump.f90,KBAR,mesh_field,MESH_TYPE,grid_geometry,R,dump.f90:12897,no,no,no,yes,via=ptr
output,DUMP::DUMP_ROTCUBE_MMS,dump.f90,KRES,mesh_field,MESH_TYPE,cell_centred_solution,R,dump.f90:13010,no,no,no,yes,via=ptr
output,DUMP::DUMP_ROTCUBE_MMS,dump.f90,N_CUTCELL_MESH,mesh_field,MESH_TYPE,wall_obst_cutcell,R,dump.f90:12949,no,no,no,yes,via=MESHES
output,DUMP::DUMP_ROTCUBE_MMS,dump.f90,N_CUTFACE_MESH,mesh_field,MESH_TYPE,wall_obst_cutcell,R,dump.f90:12929,no,no,no,yes,via=MESHES
output,DUMP::DUMP_ROTCUBE_MMS,dump.f90,RHO,mesh_field,MESH_TYPE,cell_centred_solution,R,dump.f90:13010,no,no,no,yes,via=ptr
output,DUMP::DUMP_ROTCUBE_MMS,dump.f90,U,mesh_field,MESH_TYPE,face_centred_flux,R,dump.f90:12962,no,no,no,yes,via=ptr
output,DUMP::DUMP_ROTCUBE_MMS,dump.f90,W,mesh_field,MESH_TYPE,face_centred_flux,R,dump.f90:12985,no,no,no,yes,via=ptr
output,DUMP::DUMP_ROTCUBE_MMS,dump.f90,X,mesh_field,MESH_TYPE,grid_geometry,R,dump.f90:12962,no,no,no,yes,via=ptr
output,DUMP::DUMP_ROTCUBE_MMS,dump.f90,XC,mesh_field,MESH_TYPE,grid_geometry,R,dump.f90:12985,no,no,no,yes,via=ptr
output,DUMP::DUMP_ROTCUBE_MMS,dump.f90,Z,mesh_field,MESH_TYPE,grid_geometry,R,dump.f90:12985,no,no,no,yes,via=ptr
output,DUMP::DUMP_ROTCUBE_MMS,dump.f90,ZC,mesh_field,MESH_TYPE,grid_geometry,R,dump.f90:12962,no,no,no,yes,via=ptr
output,DUMP::DUMP_ROTCUBE_MMS,dump.f90,ZZ,mesh_field,MESH_TYPE,cell_centred_solution,R,dump.f90:13009,no,no,no,yes,via=ptr
output,DUMP::DUMP_SLCF,dump.f90,DRY,module_global,DUMP,runtime_scalar,W,dump.f90:6885,yes,yes,no,no,
output,DUMP::DUMP_SLCF,dump.f90,CELL_COUNT,module_global,GLOBAL_CONSTANTS,runtime_array,R,dump.f90:6783,yes,yes,no,no,
output,DUMP::DUMP_SLCF,dump.f90,CHID,module_global,GLOBAL_CONSTANTS,runtime_scalar,R,dump.f90:6835,yes,yes,no,no,
output,DUMP::DUMP_SLCF,dump.f90,DECIMAL_SPECIFIER,module_global,GLOBAL_CONSTANTS,runtime_scalar,R,dump.f90:6854,yes,yes,no,no,
output,DUMP::DUMP_SLCF,dump.f90,FN_PL3D,module_global,GLOBAL_CONSTANTS,runtime_array,R,dump.f90:6835,yes,yes,no,no,
output,DUMP::DUMP_SLCF,dump.f90,FN_SLCF,module_global,GLOBAL_CONSTANTS,runtime_array,R,dump.f90:7025,yes,yes,no,no,
output,DUMP::DUMP_SLCF,dump.f90,FN_SLCF_GEOM,module_global,GLOBAL_CONSTANTS,runtime_array,R,dump.f90:7118,yes,yes,no,no,
output,DUMP::DUMP_SLCF,dump.f90,LU_PL3D,module_global,GLOBAL_CONSTANTS,runtime_array,R,dump.f90:6853,yes,yes,no,no,
output,DUMP::DUMP_SLCF,dump.f90,LU_SLCF,module_global,GLOBAL_CONSTANTS,runtime_array,R,dump.f90:7025,yes,yes,no,no,
output,DUMP::DUMP_SLCF,dump.f90,LU_SLCF_GEOM,module_global,GLOBAL_CONSTANTS,runtime_array,R,dump.f90:7118,yes,yes,no,no,
output,DUMP::DUMP_SLCF,dump.f90,NMESHES,module_global,GLOBAL_CONSTANTS,runtime_scalar,R,dump.f90:6836,yes,yes,no,no,
output,DUMP::DUMP_SLCF,dump.f90,PL3D_PARTICLE_FLUX,module_global,GLOBAL_CONSTANTS,runtime_scalar,R,dump.f90:6820,yes,yes,no,no,
output,DUMP::DUMP_SLCF,dump.f90,RESULTS_DIR,module_global,GLOBAL_CONSTANTS,runtime_scalar,R,dump.f90:6835,yes,yes,no,no,
output,DUMP::DUMP_SLCF,dump.f90,SLCF_PARTICLE_FLUX,module_global,GLOBAL_CONSTANTS,runtime_scalar,R,dump.f90:6818,yes,yes,no,no,
output,DUMP::DUMP_SLCF,dump.f90,TIME_SHRINK_FACTOR,module_global,GLOBAL_CONSTANTS,runtime_scalar,R,dump.f90:6828,yes,yes,no,no,
output,DUMP::DUMP_SLCF,dump.f90,T_BEGIN,module_global,GLOBAL_CONSTANTS,runtime_scalar,R,dump.f90:6828,yes,yes,no,no,
output,DUMP::DUMP_SLCF,dump.f90,N_SLCF_MAX,module_global,OUTPUT_DATA,runtime_scalar,R,dump.f90:7036,yes,yes,no,no,
output,DUMP::DUMP_SLCF,dump.f90,OUTPUT_QUANTITY,module_global,OUTPUT_DATA,runtime_array,R,dump.f90:6851,yes,yes,no,no,
output,DUMP::DUMP_SLCF,dump.f90,PLOT3D_PART_INDEX,module_global,OUTPUT_DATA,runtime_array,R,dump.f90:6873,yes,yes,no,no,
output,DUMP::DUMP_SLCF,dump.f90,PLOT3D_QUANTITY_INDEX,module_global,OUTPUT_DATA,runtime_array,R,dump.f90:6851,yes,yes,no,no,
output,DUMP::DUMP_SLCF,dump.f90,PLOT3D_SMOKEVIEW_BAR_LABEL,module_global,OUTPUT_DATA,runtime_array,R,dump.f90:6849,yes,yes,no,no,
output,DUMP::DUMP_SLCF,dump.f90,PLOT3D_SMOKEVIEW_LABEL,module_global,OUTPUT_DATA,runtime_array,R,dump.f90:6847,yes,yes,no,no,
output,DUMP::DUMP_SLCF,dump.f90,PLOT3D_VELO_INDEX,module_global,OUTPUT_DATA,runtime_array,R,dump.f90:6874,yes,yes,no,no,
output,DUMP::DUMP_SLCF,dump.f90,PLOT3D_Y_INDEX,module_global,OUTPUT_DATA,runtime_array,R,dump.f90:6871,yes,yes,no,no,
output,DUMP::DUMP_SLCF,dump.f90,PLOT3D_Z_INDEX,module_global,OUTPUT_DATA,runtime_array,R,dump.f90:6872,yes,yes,no,no,
output,DUMP::DUMP_SLCF,dump.f90,CELL,mesh_field,MESH_TYPE,wall_obst_cutcell,R,dump.f90:6784,yes,yes,no,no,via=M2|ptr
output,DUMP::DUMP_SLCF,dump.f90,CELL_INDEX,mesh_field,MESH_TYPE,wall_obst_cutcell,R,dump.f90:6794,yes,yes,no,no,via=M2
output,DUMP::DUMP_SLCF,dump.f90,IBAR,mesh_field,MESH_TYPE,grid_geometry,R,dump.f90:6808,yes,yes,no,no,via=ptr
output,DUMP::DUMP_SLCF,dump.f90,IBP1,mesh_field,MESH_TYPE,grid_geometry,R,dump.f90:7164,yes,yes,no,no,via=ptr
output,DUMP::DUMP_SLCF,dump.f90,JBAR,mesh_field,MESH_TYPE,grid_geometry,R,dump.f90:6807,yes,yes,no,no,via=ptr
output,DUMP::DUMP_SLCF,dump.f90,JBP1,mesh_field,MESH_TYPE,grid_geometry,R,dump.f90:7164,yes,yes,no,no,via=ptr
output,DUMP::DUMP_SLCF,dump.f90,KBAR,mesh_field,MESH_TYPE,grid_geometry,R,dump.f90:6806,yes,yes,no,no,via=ptr
output,DUMP::DUMP_SLCF,dump.f90,KBP1,mesh_field,MESH_TYPE,grid_geometry,R,dump.f90:7164,yes,yes,no,no,via=ptr
output,DUMP::DUMP_SLCF,dump.f90,K_AGL_SLICE,mesh_field,MESH_TYPE,other,R,dump.f90:6949,yes,yes,no,no,via=ptr
output,DUMP::DUMP_SLCF,dump.f90,N_SLCF,mesh_field,MESH_TYPE,other,R,dump.f90:6776,yes,yes,no,no,via=MESHES|ptr
output,DUMP::DUMP_SLCF,dump.f90,N_STRINGS,mesh_field,MESH_TYPE,other,RW,dump.f90:6837,yes,yes,no,no,via=ptr
output,DUMP::DUMP_SLCF,dump.f90,N_STRINGS_MAX,mesh_field,MESH_TYPE,other,R,dump.f90:6837,yes,yes,no,no,via=ptr
output,DUMP::DUMP_SLCF,dump.f90,QQ,mesh_field,MESH_TYPE,other,RW,dump.f90:6973,yes,yes,no,no,via=ptr
output,DUMP::DUMP_SLCF,dump.f90,SLICE,mesh_field,MESH_TYPE,other,R,dump.f90:6887,yes,yes,no,no,via=alias:SL|ptr
output,DUMP::DUMP_SLCF,dump.f90,STRING,mesh_field,MESH_TYPE,other,RW,dump.f90:6839,yes,yes,no,no,via=MESHES|ptr
output,DUMP::DUMP_SLCF,dump.f90,WORK1,mesh_field,MESH_TYPE,scratch_work,RW,dump.f90:6780,yes,yes,no,no,via=alias:B|ptr
output,DUMP::DUMP_SLCF,dump.f90,WORK2,mesh_field,MESH_TYPE,scratch_work,RW,dump.f90:6803,yes,yes,no,no,via=alias:S|ptr
output,DUMP::DUMP_SLCF,dump.f90,WORK7,mesh_field,MESH_TYPE,scratch_work,RW,dump.f90:6825,yes,yes,no,no,via=alias:QUANTITY|ptr
output,DUMP::DUMP_SLCF,dump.f90,XC,mesh_field,MESH_TYPE,grid_geometry,R,dump.f90:6789,yes,yes,no,no,via=ptr
output,DUMP::DUMP_SLCF,dump.f90,YC,mesh_field,MESH_TYPE,grid_geometry,R,dump.f90:6789,yes,yes,no,no,via=ptr
output,DUMP::DUMP_SLCF,dump.f90,ZC,mesh_field,MESH_TYPE,grid_geometry,R,dump.f90:6789,yes,yes,no,no,via=ptr
output,DUMP::DUMP_SLCF::CORNER_VALUE,dump.f90,OUTPUT_QUANTITY,module_global,OUTPUT_DATA,runtime_array,R,dump.f90:7209,no,no,no,no,
output,DUMP::DUMP_SLCF::CORNER_VALUE,dump.f90,WORK1,mesh_field,MESH_TYPE,scratch_work,R,dump.f90:7211,no,no,no,no,via=alias:B
output,DUMP::DUMP_SLCF::CORNER_VALUE,dump.f90,WORK2,mesh_field,MESH_TYPE,scratch_work,R,dump.f90:7208,no,no,no,no,via=alias:S
output,DUMP::DUMP_SLCF::EDGE_VALUE,dump.f90,OUTPUT_QUANTITY,module_global,OUTPUT_DATA,runtime_array,R,dump.f90:7282,no,no,no,no,
output,DUMP::DUMP_SLCF::EDGE_VALUE,dump.f90,WORK2,mesh_field,MESH_TYPE,scratch_work,R,dump.f90:7281,no,no,no,no,via=alias:S
output,DUMP::DUMP_SLCF::FACE_VALUE,dump.f90,OUTPUT_QUANTITY,module_global,OUTPUT_DATA,runtime_array,R,dump.f90:7225,no,no,no,no,
output,DUMP::DUMP_SLCF::FACE_VALUE,dump.f90,CELL,mesh_field,MESH_TYPE,wall_obst_cutcell,R,dump.f90:7236,no,no,no,no,via=ptr
output,DUMP::DUMP_SLCF::FACE_VALUE,dump.f90,CELL_INDEX,mesh_field,MESH_TYPE,wall_obst_cutcell,R,dump.f90:7230,no,no,no,no,via=ptr
output,DUMP::DUMP_SLCF::FACE_VALUE,dump.f90,EDGE,mesh_field,MESH_TYPE,ghost_boundary,R,dump.f90:7237,no,no,no,no,via=ptr
output,DUMP::DUMP_SLCF::FACE_VALUE,dump.f90,WORK7,mesh_field,MESH_TYPE,scratch_work,R,dump.f90:7226,no,no,no,no,via=alias:QUANTITY
output,DUMP::DUMP_SLCF_VTK,dump.f90,DRY,module_global,DUMP,runtime_scalar,W,dump.f90:7350,yes,yes,no,no,
output,DUMP::DUMP_SLCF_VTK,dump.f90,CELL_COUNT,module_global,GLOBAL_CONSTANTS,runtime_array,R,dump.f90:7402,yes,yes,no,no,
output,DUMP::DUMP_SLCF_VTK,dump.f90,CHID,module_global,GLOBAL_CONSTANTS,runtime_scalar,R,dump.f90:7379,yes,yes,no,no,
output,DUMP::DUMP_SLCF_VTK,dump.f90,SLCF_PARTICLE_FLUX,module_global,GLOBAL_CONSTANTS,runtime_scalar,R,dump.f90:7436,yes,yes,no,no,
output,DUMP::DUMP_SLCF_VTK,dump.f90,TIME_SHRINK_FACTOR,module_global,GLOBAL_CONSTANTS,runtime_scalar,R,dump.f90:7362,yes,yes,no,no,
output,DUMP::DUMP_SLCF_VTK,dump.f90,T_BEGIN,module_global,GLOBAL_CONSTANTS,runtime_scalar,R,dump.f90:7362,yes,yes,no,no,
output,DUMP::DUMP_SLCF_VTK,dump.f90,VTK_DIR,module_global,GLOBAL_CONSTANTS,runtime_scalar,R,dump.f90:7379,yes,yes,no,no,
output,DUMP::DUMP_SLCF_VTK,dump.f90,OUTPUT_QUANTITY,module_global,OUTPUT_DATA,runtime_array,R,dump.f90:7515,yes,yes,no,no,
output,DUMP::DUMP_SLCF_VTK,dump.f90,ALL_SLICE_NAMES,mesh_field,MESH_TYPE,other,R,dump.f90:7386,yes,yes,no,no,via=MESHES
output,DUMP::DUMP_SLCF_VTK,dump.f90,ALL_SLICE_QUANTITIES,mesh_field,MESH_TYPE,other,R,dump.f90:7387,yes,yes,no,no,via=MESHES
output,DUMP::DUMP_SLCF_VTK,dump.f90,CELL,mesh_field,MESH_TYPE,wall_obst_cutcell,R,dump.f90:7403,yes,yes,no,no,via=M2|ptr
output,DUMP::DUMP_SLCF_VTK,dump.f90,CELL_INDEX,mesh_field,MESH_TYPE,wall_obst_cutcell,R,dump.f90:7413,yes,yes,no,no,via=M2
output,DUMP::DUMP_SLCF_VTK,dump.f90,EMPTY_UNIQUE_SLICE,mesh_field,MESH_TYPE,other,R,dump.f90:7458,yes,yes,no,no,via=MESHES
output,DUMP::DUMP_SLCF_VTK,dump.f90,IBAR,mesh_field,MESH_TYPE,grid_geometry,R,dump.f90:7427,yes,yes,no,no,via=ptr
output,DUMP::DUMP_SLCF_VTK,dump.f90,JBAR,mesh_field,MESH_TYPE,grid_geometry,R,dump.f90:7426,yes,yes,no,no,via=ptr
output,DUMP::DUMP_SLCF_VTK,dump.f90,KBAR,mesh_field,MESH_TYPE,grid_geometry,R,dump.f90:7425,yes,yes,no,no,via=ptr
output,DUMP::DUMP_SLCF_VTK,dump.f90,K_AGL_SLICE,mesh_field,MESH_TYPE,other,R,dump.f90:7541,yes,yes,no,no,via=ptr
output,DUMP::DUMP_SLCF_VTK,dump.f90,N_SLCF_VTK,mesh_field,MESH_TYPE,other,R,dump.f90:7385,yes,yes,no,no,via=MESHES
output,DUMP::DUMP_SLCF_VTK,dump.f90,N_UNIQUE_SLCF,mesh_field,MESH_TYPE,other,R,dump.f90:7373,yes,yes,no,no,via=MESHES
output,DUMP::DUMP_SLCF_VTK,dump.f90,QQ,mesh_field,MESH_TYPE,other,RW,dump.f90:7565,yes,yes,no,no,via=ptr
output,DUMP::DUMP_SLCF_VTK,dump.f90,SLICE,mesh_field,MESH_TYPE,other,R,dump.f90:7469,yes,yes,no,no,via=alias:SL|ptr
output,DUMP::DUMP_SLCF_VTK,dump.f90,UNIQUE_SLCF_AGL,mesh_field,MESH_TYPE,other,R,dump.f90:7449,yes,yes,no,no,via=MESHES
output,DUMP::DUMP_SLCF_VTK,dump.f90,UNIQUE_SLICE_IN_DOMAIN,mesh_field,MESH_TYPE,other,R,dump.f90:7375,yes,yes,no,no,via=MESHES
output,DUMP::DUMP_SLCF_VTK,dump.f90,UNIQUE_SLICE_IS_SL3D,mesh_field,MESH_TYPE,other,R,dump.f90:7376,yes,yes,no,no,via=MESHES
output,DUMP::DUMP_SLCF_VTK,dump.f90,UNIQUE_SLICE_NAMES,mesh_field,MESH_TYPE,other,R,dump.f90:7378,yes,yes,no,no,via=MESHES
output,DUMP::DUMP_SLCF_VTK,dump.f90,WORK1,mesh_field,MESH_TYPE,scratch_work,RW,dump.f90:7399,yes,yes,no,no,via=alias:B|ptr
output,DUMP::DUMP_SLCF_VTK,dump.f90,WORK2,mesh_field,MESH_TYPE,scratch_work,RW,dump.f90:7422,yes,yes,no,no,via=alias:S|ptr
output,DUMP::DUMP_SLCF_VTK,dump.f90,WORK7,mesh_field,MESH_TYPE,scratch_work,RW,dump.f90:7440,yes,yes,no,no,via=alias:QUANTITY|ptr
output,DUMP::DUMP_SLCF_VTK,dump.f90,XC,mesh_field,MESH_TYPE,grid_geometry,R,dump.f90:7408,yes,yes,no,no,via=ptr
output,DUMP::DUMP_SLCF_VTK,dump.f90,YC,mesh_field,MESH_TYPE,grid_geometry,R,dump.f90:7408,yes,yes,no,no,via=ptr
output,DUMP::DUMP_SLCF_VTK,dump.f90,ZC,mesh_field,MESH_TYPE,grid_geometry,R,dump.f90:7408,yes,yes,no,no,via=ptr
output,DUMP::DUMP_SLCF_VTK::CORNER_VALUE,dump.f90,OUTPUT_QUANTITY,module_global,OUTPUT_DATA,runtime_array,R,dump.f90:7646,no,no,no,no,
output,DUMP::DUMP_SLCF_VTK::CORNER_VALUE,dump.f90,WORK1,mesh_field,MESH_TYPE,scratch_work,R,dump.f90:7648,no,no,no,no,via=alias:B
output,DUMP::DUMP_SLCF_VTK::CORNER_VALUE,dump.f90,WORK2,mesh_field,MESH_TYPE,scratch_work,R,dump.f90:7645,no,no,no,no,via=alias:S
output,DUMP::DUMP_SLCF_VTK::EDGE_VALUE,dump.f90,OUTPUT_QUANTITY,module_global,OUTPUT_DATA,runtime_array,R,dump.f90:7719,no,no,no,no,
output,DUMP::DUMP_SLCF_VTK::EDGE_VALUE,dump.f90,WORK2,mesh_field,MESH_TYPE,scratch_work,R,dump.f90:7718,no,no,no,no,via=alias:S
output,DUMP::DUMP_SLCF_VTK::FACE_VALUE,dump.f90,OUTPUT_QUANTITY,module_global,OUTPUT_DATA,runtime_array,R,dump.f90:7662,no,no,no,no,
output,DUMP::DUMP_SLCF_VTK::FACE_VALUE,dump.f90,CELL,mesh_field,MESH_TYPE,wall_obst_cutcell,R,dump.f90:7673,no,no,no,no,via=ptr
output,DUMP::DUMP_SLCF_VTK::FACE_VALUE,dump.f90,CELL_INDEX,mesh_field,MESH_TYPE,wall_obst_cutcell,R,dump.f90:7667,no,no,no,no,via=ptr
output,DUMP::DUMP_SLCF_VTK::FACE_VALUE,dump.f90,EDGE,mesh_field,MESH_TYPE,ghost_boundary,R,dump.f90:7674,no,no,no,no,via=ptr
output,DUMP::DUMP_SLCF_VTK::FACE_VALUE,dump.f90,WORK7,mesh_field,MESH_TYPE,scratch_work,R,dump.f90:7663,no,no,no,no,via=alias:QUANTITY
output,DUMP::DUMP_SMOKE3D,dump.f90,DRY,module_global,DUMP,runtime_scalar,W,dump.f90:5065,no,yes,no,no,
output,DUMP::DUMP_SMOKE3D,dump.f90,CC_IBM,module_global,GLOBAL_CONSTANTS,runtime_scalar,R,dump.f90:5095,no,yes,no,no,
output,DUMP::DUMP_SMOKE3D,dump.f90,TIME_SHRINK_FACTOR,module_global,GLOBAL_CONSTANTS,runtime_scalar,R,dump.f90:5066,no,yes,no,no,
output,DUMP::DUMP_SMOKE3D,dump.f90,T_BEGIN,module_global,GLOBAL_CONSTANTS,runtime_scalar,R,dump.f90:5066,no,yes,no,no,
output,DUMP::DUMP_SMOKE3D,dump.f90,N_SMOKE3D,module_global,OUTPUT_DATA,runtime_scalar,R,dump.f90:5069,no,yes,no,no,
output,DUMP::DUMP_SMOKE3D,dump.f90,SMOKE3D_FILE,module_global,OUTPUT_DATA,runtime_array,R,dump.f90:5071,no,yes,no,no,
output,DUMP::DUMP_SMOKE3D,dump.f90,IBAR,mesh_field,MESH_TYPE,grid_geometry,R,dump.f90:5088,no,yes,no,no,via=ptr
output,DUMP::DUMP_SMOKE3D,dump.f90,IBP1,mesh_field,MESH_TYPE,grid_geometry,R,dump.f90:5078,no,yes,no,no,via=ptr
output,DUMP::DUMP_SMOKE3D,dump.f90,JBAR,mesh_field,MESH_TYPE,grid_geometry,R,dump.f90:5087,no,yes,no,no,via=ptr
output,DUMP::DUMP_SMOKE3D,dump.f90,JBP1,mesh_field,MESH_TYPE,grid_geometry,R,dump.f90:5077,no,yes,no,no,via=ptr
output,DUMP::DUMP_SMOKE3D,dump.f90,KBAR,mesh_field,MESH_TYPE,grid_geometry,R,dump.f90:5086,no,yes,no,no,via=ptr
output,DUMP::DUMP_SMOKE3D,dump.f90,KBP1,mesh_field,MESH_TYPE,grid_geometry,R,dump.f90:5076,no,yes,no,no,via=ptr
output,DUMP::DUMP_SMOKE3D,dump.f90,QQ,mesh_field,MESH_TYPE,other,RW,dump.f90:5089,no,yes,no,no,via=ptr
output,DUMP::DUMP_SMOKE3D,dump.f90,VERTVAR,mesh_field,MESH_TYPE,wall_obst_cutcell,R,dump.f90:5099,no,yes,no,no,via=MESHES
output,DUMP::DUMP_SMOKE3D,dump.f90,WORK3,mesh_field,MESH_TYPE,scratch_work,RW,dump.f90:5067,no,yes,no,no,via=alias:FF|ptr
output,DUMP::DUMP_SMOKE3D_VTKHDF,dump.f90,DRY,module_global,DUMP,runtime_scalar,W,dump.f90:5195,no,yes,no,yes,
output,DUMP::DUMP_SMOKE3D_VTKHDF,dump.f90,CHID,module_global,GLOBAL_CONSTANTS,runtime_scalar,R,dump.f90:5207,no,yes,no,yes,
output,DUMP::DUMP_SMOKE3D_VTKHDF,dump.f90,FN_SMOKE3D_VTK,module_global,GLOBAL_CONSTANTS,runtime_array,R,dump.f90:5226,no,yes,no,yes,
output,DUMP::DUMP_SMOKE3D_VTKHDF,dump.f90,HRRPUV_MAX_SMV,module_global,GLOBAL_CONSTANTS,runtime_scalar,R,dump.f90:5262,no,yes,no,yes,
output,DUMP::DUMP_SMOKE3D_VTKHDF,dump.f90,TEMP_MAX_SMV,module_global,GLOBAL_CONSTANTS,runtime_scalar,R,dump.f90:5273,no,yes,no,yes,
output,DUMP::DUMP_SMOKE3D_VTKHDF,dump.f90,TIME_SHRINK_FACTOR,module_global,GLOBAL_CONSTANTS,runtime_scalar,R,dump.f90:5196,no,yes,no,yes,
output,DUMP::DUMP_SMOKE3D_VTKHDF,dump.f90,TMPA,module_global,GLOBAL_CONSTANTS,runtime_scalar,R,dump.f90:5271,no,yes,no,yes,
output,DUMP::DUMP_SMOKE3D_VTKHDF,dump.f90,T_BEGIN,module_global,GLOBAL_CONSTANTS,runtime_scalar,R,dump.f90:5196,no,yes,no,yes,
output,DUMP::DUMP_SMOKE3D_VTKHDF,dump.f90,VTK_DIR,module_global,GLOBAL_CONSTANTS,runtime_scalar,R,dump.f90:5207,no,yes,no,yes,
output,DUMP::DUMP_SMOKE3D_VTKHDF,dump.f90,N_SMOKE3D,module_global,OUTPUT_DATA,runtime_scalar,R,dump.f90:5209,no,yes,no,yes,
output,DUMP::DUMP_SMOKE3D_VTKHDF,dump.f90,SMOKE3D_FILE,module_global,OUTPUT_DATA,runtime_array,R,dump.f90:5211,no,yes,no,yes,
output,DUMP::DUMP_SMOKE3D_VTKHDF,dump.f90,DX,mesh_field,MESH_TYPE,grid_geometry,R,dump.f90:5197,no,yes,no,yes,via=ptr
output,DUMP::DUMP_SMOKE3D_VTKHDF,dump.f90,IBAR,mesh_field,MESH_TYPE,grid_geometry,R,dump.f90:5227,no,yes,no,yes,via=MESHES
output,DUMP::DUMP_SMOKE3D_VTKHDF,dump.f90,IBP1,mesh_field,MESH_TYPE,grid_geometry,R,dump.f90:5238,no,yes,no,yes,via=ptr
output,DUMP::DUMP_SMOKE3D_VTKHDF,dump.f90,JBAR,mesh_field,MESH_TYPE,grid_geometry,R,dump.f90:5228,no,yes,no,yes,via=MESHES
output,DUMP::DUMP_SMOKE3D_VTKHDF,dump.f90,JBP1,mesh_field,MESH_TYPE,grid_geometry,R,dump.f90:5237,no,yes,no,yes,via=ptr
output,DUMP::DUMP_SMOKE3D_VTKHDF,dump.f90,KBAR,mesh_field,MESH_TYPE,grid_geometry,R,dump.f90:5229,no,yes,no,yes,via=MESHES
output,DUMP::DUMP_SMOKE3D_VTKHDF,dump.f90,KBP1,mesh_field,MESH_TYPE,grid_geometry,R,dump.f90:5236,no,yes,no,yes,via=ptr
output,DUMP::DUMP_SMOKE3D_VTKHDF,dump.f90,NC,mesh_field,MESH_TYPE,other,R,dump.f90:5245,no,yes,no,yes,via=MESHES
output,DUMP::DUMP_SMOKE3D_VTKHDF,dump.f90,NP,mesh_field,MESH_TYPE,other,R,dump.f90:5233,no,yes,no,yes,via=MESHES
output,DUMP::DUMP_SMOKE3D_VTKHDF,dump.f90,QQ,mesh_field,MESH_TYPE,other,RW,dump.f90:5222,no,yes,no,yes,via=ptr
output,DUMP::DUMP_SMOKE3D_VTKHDF,dump.f90,WORK3,mesh_field,MESH_TYPE,scratch_work,RW,dump.f90:5198,no,yes,no,yes,via=alias:FF|ptr
output,DUMP::DUMP_SPEC,dump.f90,TCFORM,module_global,DUMP,runtime_scalar,R,dump.f90:12860,no,no,no,no,
output,DUMP::DUMP_SPEC,dump.f90,DECIMAL_SPECIFIER,module_global,GLOBAL_CONSTANTS,runtime_scalar,R,dump.f90:12858,no,no,no,no,
output,DUMP::DUMP_SPEC,dump.f90,INTG_LIST,module_global,GLOBAL_CONSTANTS,runtime_scalar,R,dump.f90:12860,no,no,no,no,
output,DUMP::DUMP_SPEC,dump.f90,N_TRACKED_SPECIES,module_global,GLOBAL_CONSTANTS,runtime_scalar,R,dump.f90:12862,no,no,no,no,
output,DUMP::DUMP_SPEC,dump.f90,SEPARATOR,module_global,GLOBAL_CONSTANTS,runtime_scalar,R,dump.f90:12862,no,no,no,no,
output,DUMP::DUMP_SPEC,dump.f90,IBAR,mesh_field,MESH_TYPE,grid_geometry,R,dump.f90:12861,no,no,no,no,via=ptr
output,DUMP::DUMP_SPEC,dump.f90,JBAR,mesh_field,MESH_TYPE,grid_geometry,R,dump.f90:12861,no,no,no,no,via=ptr
output,DUMP::DUMP_SPEC,dump.f90,KBAR,mesh_field,MESH_TYPE,grid_geometry,R,dump.f90:12861,no,no,no,no,via=ptr
output,DUMP::DUMP_SPEC,dump.f90,ZZ,mesh_field,MESH_TYPE,cell_centred_solution,R,dump.f90:12867,no,no,no,no,via=ptr
output,DUMP::DUMP_TMP,dump.f90,TCFORM,module_global,DUMP,runtime_scalar,R,dump.f90:12832,no,no,no,no,
output,DUMP::DUMP_TMP,dump.f90,DECIMAL_SPECIFIER,module_global,GLOBAL_CONSTANTS,runtime_scalar,R,dump.f90:12830,no,no,no,no,
output,DUMP::DUMP_TMP,dump.f90,INTG_LIST,module_global,GLOBAL_CONSTANTS,runtime_scalar,R,dump.f90:12832,no,no,no,no,
output,DUMP::DUMP_TMP,dump.f90,IBAR,mesh_field,MESH_TYPE,grid_geometry,R,dump.f90:12833,no,no,no,no,via=ptr
output,DUMP::DUMP_TMP,dump.f90,JBAR,mesh_field,MESH_TYPE,grid_geometry,R,dump.f90:12833,no,no,no,no,via=ptr
output,DUMP::DUMP_TMP,dump.f90,KBAR,mesh_field,MESH_TYPE,grid_geometry,R,dump.f90:12833,no,no,no,no,via=ptr
output,DUMP::DUMP_TMP,dump.f90,TMP,mesh_field,MESH_TYPE,cell_centred_solution,R,dump.f90:12838,no,no,no,no,via=ptr
output,DUMP::DUMP_UVW,dump.f90,TCFORM,module_global,DUMP,runtime_scalar,R,dump.f90:12803,no,no,no,no,
output,DUMP::DUMP_UVW,dump.f90,DECIMAL_SPECIFIER,module_global,GLOBAL_CONSTANTS,runtime_scalar,R,dump.f90:12801,no,no,no,no,
output,DUMP::DUMP_UVW,dump.f90,INTG_LIST,module_global,GLOBAL_CONSTANTS,runtime_scalar,R,dump.f90:12803,no,no,no,no,
output,DUMP::DUMP_UVW,dump.f90,PERIODIC_TEST,module_global,GLOBAL_CONSTANTS,runtime_scalar,R,dump.f90:12786,no,no,no,no,
output,DUMP::DUMP_UVW,dump.f90,SEPARATOR,module_global,GLOBAL_CONSTANTS,runtime_scalar,R,dump.f90:12805,no,no,no,no,
output,DUMP::DUMP_UVW,dump.f90,IBAR,mesh_field,MESH_TYPE,grid_geometry,R,dump.f90:12796,no,no,no,no,via=ptr
output,DUMP::DUMP_UVW,dump.f90,JBAR,mesh_field,MESH_TYPE,grid_geometry,R,dump.f90:12797,no,no,no,no,via=ptr
output,DUMP::DUMP_UVW,dump.f90,KBAR,mesh_field,MESH_TYPE,grid_geometry,R,dump.f90:12798,no,no,no,no,via=ptr
output,DUMP::DUMP_UVW,dump.f90,U,mesh_field,MESH_TYPE,face_centred_flux,R,dump.f90:12810,no,no,no,no,via=ptr
output,DUMP::DUMP_UVW,dump.f90,V,mesh_field,MESH_TYPE,face_centred_flux,R,dump.f90:12810,no,no,no,no,via=ptr
output,DUMP::DUMP_UVW,dump.f90,W,mesh_field,MESH_TYPE,face_centred_flux,R,dump.f90:12810,no,no,no,no,via=ptr
output,DUMP::FLUSH_GLOBAL_BUFFERS,dump.f90,WRITE_CVODE_SUBSTEPS,module_global,CHEMCONS,runtime_scalar,R,dump.f90:12613,no,no,no,no,
output,DUMP::FLUSH_GLOBAL_BUFFERS,dump.f90,N_CTRL_FILES,module_global,CONTROL_VARIABLES,runtime_scalar,R,dump.f90:12580,no,no,no,no,
output,DUMP::FLUSH_GLOBAL_BUFFERS,dump.f90,N_DEVC_FILES,module_global,DUMP,runtime_scalar,R,dump.f90:12575,no,no,no,no,
output,DUMP::FLUSH_GLOBAL_BUFFERS,dump.f90,CFL_FILE,module_global,GLOBAL_CONSTANTS,runtime_scalar,R,dump.f90:12603,no,no,no,no,
output,DUMP::FLUSH_GLOBAL_BUFFERS,dump.f90,HVAC_SOLVE,module_global,GLOBAL_CONSTANTS,runtime_scalar,R,dump.f90:12588,no,no,no,no,
output,DUMP::FLUSH_GLOBAL_BUFFERS,dump.f90,LU_CFL,module_global,GLOBAL_CONSTANTS,runtime_scalar,R,dump.f90:12604,no,no,no,no,
output,DUMP::FLUSH_GLOBAL_BUFFERS,dump.f90,LU_CTRL,module_global,GLOBAL_CONSTANTS,runtime_array,R,dump.f90:12581,no,no,no,no,
output,DUMP::FLUSH_GLOBAL_BUFFERS,dump.f90,LU_CVODE_SUBSTEPS,module_global,GLOBAL_CONSTANTS,runtime_scalar,R,dump.f90:12614,no,no,no,no,
output,DUMP::FLUSH_GLOBAL_BUFFERS,dump.f90,LU_DEVC,module_global,GLOBAL_CONSTANTS,runtime_array,R,dump.f90:12576,no,no,no,no,
output,DUMP::FLUSH_GLOBAL_BUFFERS,dump.f90,LU_DEVC_CTRL,module_global,GLOBAL_CONSTANTS,runtime_scalar,R,dump.f90:12609,no,no,no,no,
output,DUMP::FLUSH_GLOBAL_BUFFERS,dump.f90,LU_HRR,module_global,GLOBAL_CONSTANTS,runtime_scalar,R,dump.f90:12585,no,no,no,no,
output,DUMP::FLUSH_GLOBAL_BUFFERS,dump.f90,LU_HVAC,module_global,GLOBAL_CONSTANTS,runtime_scalar,R,dump.f90:12589,no,no,no,no,
output,DUMP::FLUSH_GLOBAL_BUFFERS,dump.f90,LU_MASS,module_global,GLOBAL_CONSTANTS,runtime_scalar,R,dump.f90:12594,no,no,no,no,
output,DUMP::FLUSH_GLOBAL_BUFFERS,dump.f90,LU_OUTPUT,module_global,GLOBAL_CONSTANTS,runtime_scalar,R,dump.f90:12570,no,no,no,no,
output,DUMP::FLUSH_GLOBAL_BUFFERS,dump.f90,LU_SMV,module_global,GLOBAL_CONSTANTS,runtime_scalar,R,dump.f90:12568,no,no,no,no,
output,DUMP::FLUSH_GLOBAL_BUFFERS,dump.f90,LU_STEPS,module_global,GLOBAL_CONSTANTS,runtime_scalar,R,dump.f90:12572,no,no,no,no,
output,DUMP::FLUSH_GLOBAL_BUFFERS,dump.f90,LU_VELOCITY_ERROR,module_global,GLOBAL_CONSTANTS,runtime_scalar,R,dump.f90:12599,no,no,no,no,
output,DUMP::FLUSH_GLOBAL_BUFFERS,dump.f90,MASS_FILE,module_global,GLOBAL_CONSTANTS,runtime_scalar,R,dump.f90:12593,no,no,no,no,
output,DUMP::FLUSH_GLOBAL_BUFFERS,dump.f90,T_USED,module_global,GLOBAL_CONSTANTS,runtime_array,RW,dump.f90:12618,no,no,no,no,
output,DUMP::FLUSH_GLOBAL_BUFFERS,dump.f90,VELOCITY_ERROR_FILE,module_global,GLOBAL_CONSTANTS,runtime_scalar,R,dump.f90:12598,no,no,no,no,
output,DUMP::FLUSH_GLOBAL_BUFFERS,dump.f90,WRITE_DEVC_CTRL,module_global,GLOBAL_CONSTANTS,runtime_scalar,R,dump.f90:12608,no,no,no,no,
output,DUMP::GAS_PHASE_OUTPUT,dump.f90,CONTROL,module_global,CONTROL_VARIABLES,runtime_array,R,dump.f90:9439,no,no,no,no,
output,DUMP::GAS_PHASE_OUTPUT,dump.f90,DEVC_PIPE_OPERATING,module_global,DEVICE_VARIABLES,runtime_array,R,dump.f90:8925,no,no,no,no,
output,DUMP::GAS_PHASE_OUTPUT,dump.f90,DEVICE,module_global,DEVICE_VARIABLES,runtime_array,R,dump.f90:8682,no,no,no,no,
output,DUMP::GAS_PHASE_OUTPUT,dump.f90,PROPERTY,module_global,DEVICE_VARIABLES,runtime_array,R,dump.f90:8676,no,no,no,no,
output,DUMP::GAS_PHASE_OUTPUT,dump.f90,DRY,module_global,DUMP,runtime_scalar,R,dump.f90:8668,no,no,no,no,
output,DUMP::GAS_PHASE_OUTPUT,dump.f90,WFX,module_global,DUMP,pointer,R,dump.f90:9548,no,no,no,no,
output,DUMP::GAS_PHASE_OUTPUT,dump.f90,WFY,module_global,DUMP,pointer,R,dump.f90:9551,no,no,no,no,
output,DUMP::GAS_PHASE_OUTPUT,dump.f90,WFZ,module_global,DUMP,pointer,R,dump.f90:9554,no,no,no,no,
output,DUMP::GAS_PHASE_OUTPUT,dump.f90,CC_IBM,module_global,GLOBAL_CONSTANTS,runtime_scalar,R,dump.f90:9641,no,no,no,no,
output,DUMP::GAS_PHASE_OUTPUT,dump.f90,CFL_VELOCITY_NORM,module_global,GLOBAL_CONSTANTS,runtime_scalar,R,dump.f90:8963,no,no,no,no,
output,DUMP::GAS_PHASE_OUTPUT,dump.f90,CPOPR,module_global,GLOBAL_CONSTANTS,runtime_scalar,R,dump.f90:8840,no,no,no,no,
output,DUMP::GAS_PHASE_OUTPUT,dump.f90,CPU_TIME_START,module_global,GLOBAL_CONSTANTS,runtime_scalar,R,dump.f90:8881,no,no,no,no,
output,DUMP::GAS_PHASE_OUTPUT,dump.f90,C_DEARDORFF,module_global,GLOBAL_CONSTANTS,runtime_scalar,R,dump.f90:8915,no,no,no,no,
output,DUMP::GAS_PHASE_OUTPUT,dump.f90,DROPLET_SURF_INDEX,module_global,GLOBAL_CONSTANTS,runtime_scalar,R,dump.f90:9728,no,no,no,no,
output,DUMP::GAS_PHASE_OUTPUT,dump.f90,D_Z,module_global,GLOBAL_CONSTANTS,runtime_array,R,dump.f90:8858,no,no,no,no,
output,DUMP::GAS_PHASE_OUTPUT,dump.f90,EC_LL,module_global,GLOBAL_CONSTANTS,runtime_scalar,R,dump.f90:9111,no,no,no,no,
output,DUMP::GAS_PHASE_OUTPUT,dump.f90,H2O_INDEX,module_global,GLOBAL_CONSTANTS,runtime_scalar,R,dump.f90:8668,no,no,no,no,
output,DUMP::GAS_PHASE_OUTPUT,dump.f90,H2O_SMIX_INDEX,module_global,GLOBAL_CONSTANTS,runtime_scalar,R,dump.f90:8782,no,no,no,no,
output,DUMP::GAS_PHASE_OUTPUT,dump.f90,ICYC,module_global,GLOBAL_CONSTANTS,runtime_scalar,R,dump.f90:8883,no,no,no,no,
output,DUMP::GAS_PHASE_OUTPUT,dump.f90,INITIALIZATION_PHASE,module_global,GLOBAL_CONSTANTS,runtime_scalar,R,dump.f90:8874,no,no,no,no,
output,DUMP::GAS_PHASE_OUTPUT,dump.f90,INITIAL_UNMIXED_FRACTION,module_global,GLOBAL_CONSTANTS,runtime_scalar,R,dump.f90:9297,no,no,no,no,
output,DUMP::GAS_PHASE_OUTPUT,dump.f90,MW_AIR,module_global,GLOBAL_CONSTANTS,runtime_scalar,R,dump.f90:9217,no,no,no,no,
output,DUMP::GAS_PHASE_OUTPUT,dump.f90,NUMBER_SPECTRAL_BANDS,module_global,GLOBAL_CONSTANTS,runtime_scalar,R,dump.f90:9519,no,no,no,no,
output,DUMP::GAS_PHASE_OUTPUT,dump.f90,N_ACTUATED_SPRINKLERS,module_global,GLOBAL_CONSTANTS,runtime_scalar,R,dump.f90:8928,no,no,no,no,
output,DUMP::GAS_PHASE_OUTPUT,dump.f90,N_LAGRANGIAN_CLASSES,module_global,GLOBAL_CONSTANTS,runtime_scalar,R,dump.f90:9376,no,no,no,no,
output,DUMP::GAS_PHASE_OUTPUT,dump.f90,N_LP_ARRAY_INDICES,module_global,GLOBAL_CONSTANTS,runtime_scalar,R,dump.f90:8771,no,no,no,no,
output,DUMP::GAS_PHASE_OUTPUT,dump.f90,N_REACTIONS,module_global,GLOBAL_CONSTANTS,runtime_scalar,R,dump.f90:8735,no,no,no,no,
output,DUMP::GAS_PHASE_OUTPUT,dump.f90,N_TRACKED_SPECIES,module_global,GLOBAL_CONSTANTS,runtime_scalar,R,dump.f90:8662,no,no,no,no,
output,DUMP::GAS_PHASE_OUTPUT,dump.f90,ORIENTATION_VECTOR,module_global,GLOBAL_CONSTANTS,pointer,R,dump.f90:8831,no,no,no,no,
output,DUMP::GAS_PHASE_OUTPUT,dump.f90,PRESSURE_ITERATIONS,module_global,GLOBAL_CONSTANTS,runtime_scalar,R,dump.f90:8922,no,no,no,no,
output,DUMP::GAS_PHASE_OUTPUT,dump.f90,PRES_FLAG,module_global,GLOBAL_CONSTANTS,runtime_scalar,R,dump.f90:9783,no,no,no,no,
output,DUMP::GAS_PHASE_OUTPUT,dump.f90,PR_ONTH,module_global,GLOBAL_CONSTANTS,runtime_scalar,R,dump.f90:9177,no,no,no,no,
output,DUMP::GAS_PHASE_OUTPUT,dump.f90,QR_CLIP,module_global,GLOBAL_CONSTANTS,runtime_scalar,R,dump.f90:8941,no,no,no,no,
output,DUMP::GAS_PHASE_OUTPUT,dump.f90,RPR_T,module_global,GLOBAL_CONSTANTS,runtime_scalar,R,dump.f90:8978,no,no,no,no,
output,DUMP::GAS_PHASE_OUTPUT,dump.f90,RSC_T,module_global,GLOBAL_CONSTANTS,runtime_scalar,R,dump.f90:8856,no,no,no,no,
output,DUMP::GAS_PHASE_OUTPUT,dump.f90,RTE_SOURCE_CORRECTION_FACTOR,module_global,GLOBAL_CONSTANTS,runtime_scalar,R,dump.f90:8863,no,no,no,no,
output,DUMP::GAS_PHASE_OUTPUT,dump.f90,SIM_MODE,module_global,GLOBAL_CONSTANTS,runtime_scalar,R,dump.f90:8836,no,no,no,no,
output,DUMP::GAS_PHASE_OUTPUT,dump.f90,SOOT_INDEX,module_global,GLOBAL_CONSTANTS,runtime_scalar,R,dump.f90:9343,no,no,no,no,
output,DUMP::GAS_PHASE_OUTPUT,dump.f90,TEST_NEW_KSGS_MODEL,module_global,GLOBAL_CONSTANTS,runtime_scalar,R,dump.f90:8912,no,no,no,no,
output,DUMP::GAS_PHASE_OUTPUT,dump.f90,TIME_SHRINK_FACTOR,module_global,GLOBAL_CONSTANTS,runtime_scalar,R,dump.f90:8868,no,no,no,no,
output,DUMP::GAS_PHASE_OUTPUT,dump.f90,TMPA,module_global,GLOBAL_CONSTANTS,runtime_scalar,R,dump.f90:9199,no,no,no,no,
output,DUMP::GAS_PHASE_OUTPUT,dump.f90,TURB_MODEL,module_global,GLOBAL_CONSTANTS,runtime_scalar,R,dump.f90:8817,no,no,no,no,
output,DUMP::GAS_PHASE_OUTPUT,dump.f90,TWO_D,module_global,GLOBAL_CONSTANTS,runtime_scalar,R,dump.f90:8973,no,no,no,no,
output,DUMP::GAS_PHASE_OUTPUT,dump.f90,T_BEGIN,module_global,GLOBAL_CONSTANTS,runtime_scalar,R,dump.f90:8868,no,no,no,no,
output,DUMP::GAS_PHASE_OUTPUT,dump.f90,VELOCITY_ERROR_MAX,module_global,GLOBAL_CONSTANTS,runtime_array,R,dump.f90:8919,no,no,no,no,
output,DUMP::GAS_PHASE_OUTPUT,dump.f90,VISIBILITY_FACTOR,module_global,GLOBAL_CONSTANTS,runtime_scalar,R,dump.f90:9111,no,no,no,no,
output,DUMP::GAS_PHASE_OUTPUT,dump.f90,WALL_CLOCK_START,module_global,GLOBAL_CONSTANTS,runtime_scalar,R,dump.f90:8872,no,no,no,no,
output,DUMP::GAS_PHASE_OUTPUT,dump.f90,WALL_CLOCK_START_ITERATIONS,module_global,GLOBAL_CONSTANTS,runtime_scalar,R,dump.f90:8877,no,no,no,no,
output,DUMP::GAS_PHASE_OUTPUT,dump.f90,Z2Y,module_global,GLOBAL_CONSTANTS,runtime_array,R,dump.f90:9278,no,no,no,no,
output,DUMP::GAS_PHASE_OUTPUT,dump.f90,ZZ_MIN_GLOBAL,module_global,GLOBAL_CONSTANTS,runtime_scalar,R,dump.f90:9268,no,no,no,no,
output,DUMP::GAS_PHASE_OUTPUT,dump.f90,OUTPUT_QUANTITY,module_global,OUTPUT_DATA,runtime_array,R,dump.f90:10035,no,no,no,no,
output,DUMP::GAS_PHASE_OUTPUT,dump.f90,ELEMENT,module_global,PROPERTY_DATA,runtime_array,R,dump.f90:9320,no,no,no,no,
output,DUMP::GAS_PHASE_OUTPUT,dump.f90,RADTMP,module_global,RADCONS,runtime_scalar,R,dump.f90:9523,no,no,no,no,
output,DUMP::GAS_PHASE_OUTPUT,dump.f90,WL_HIGH,module_global,RADCONS,runtime_array,R,dump.f90:9523,no,no,no,no,
output,DUMP::GAS_PHASE_OUTPUT,dump.f90,WL_LOW,module_global,RADCONS,runtime_array,R,dump.f90:9523,no,no,no,no,
output,DUMP::GAS_PHASE_OUTPUT,dump.f90,LAGRANGIAN_PARTICLE_CLASS,module_global,TYPES,runtime_array,R,dump.f90:9377,no,no,no,no,
output,DUMP::GAS_PHASE_OUTPUT,dump.f90,REACTION,module_global,TYPES,runtime_array,R,dump.f90:8736,no,no,no,no,
output,DUMP::GAS_PHASE_OUTPUT,dump.f90,SPECIES,module_global,TYPES,runtime_array,R,dump.f90:8663,no,no,no,no,
output,DUMP::GAS_PHASE_OUTPUT,dump.f90,SPECIES_MIXTURE,module_global,TYPES,runtime_array,R,dump.f90:8656,no,no,no,no,
output,DUMP::GAS_PHASE_OUTPUT,dump.f90,SURFACE,module_global,TYPES,runtime_array,R,dump.f90:9733,no,no,no,no,
output,DUMP::GAS_PHASE_OUTPUT,dump.f90,ADV_FX,mesh_field,MESH_TYPE,face_centred_flux,R,dump.f90:9850,no,no,no,no,via=ptr
output,DUMP::GAS_PHASE_OUTPUT,dump.f90,ADV_FY,mesh_field,MESH_TYPE,face_centred_flux,R,dump.f90:9857,no,no,no,no,via=ptr
output,DUMP::GAS_PHASE_OUTPUT,dump.f90,ADV_FZ,mesh_field,MESH_TYPE,face_centred_flux,R,dump.f90:9864,no,no,no,no,via=ptr
output,DUMP::GAS_PHASE_OUTPUT,dump.f90,AVG_DROP_AREA,mesh_field,MESH_TYPE,particle,R,dump.f90:9513,no,no,no,no,via=ptr
output,DUMP::GAS_PHASE_OUTPUT,dump.f90,AVG_DROP_DEN,mesh_field,MESH_TYPE,particle,R,dump.f90:9379,no,no,no,no,via=ptr
output,DUMP::GAS_PHASE_OUTPUT,dump.f90,AVG_DROP_RAD,mesh_field,MESH_TYPE,particle,R,dump.f90:9505,no,no,no,no,via=ptr
output,DUMP::GAS_PHASE_OUTPUT,dump.f90,AVG_DROP_TMP,mesh_field,MESH_TYPE,particle,R,dump.f90:9382,no,no,no,no,via=ptr
output,DUMP::GAS_PHASE_OUTPUT,dump.f90,BOUNDARY_COORD,mesh_field,MESH_TYPE,wall_obst_cutcell,R,dump.f90:9714,no,no,no,no,via=alias:BC|ptr
output,DUMP::GAS_PHASE_OUTPUT,dump.f90,BOUNDARY_ONE_D,mesh_field,MESH_TYPE,wall_obst_cutcell,R,dump.f90:9742,no,no,no,no,via=alias:ONE_D|ptr
output,DUMP::GAS_PHASE_OUTPUT,dump.f90,BOUNDARY_PROP1,mesh_field,MESH_TYPE,wall_obst_cutcell,R,dump.f90:9717,no,no,no,no,via=alias:B1|ptr
output,DUMP::GAS_PHASE_OUTPUT,dump.f90,CARTVELDIV,mesh_field,MESH_TYPE,other,R,dump.f90:9927,no,no,no,no,via=ptr
output,DUMP::GAS_PHASE_OUTPUT,dump.f90,CCVAR,mesh_field,MESH_TYPE,wall_obst_cutcell,R,dump.f90:9641,no,no,no,no,via=ptr
output,DUMP::GAS_PHASE_OUTPUT,dump.f90,CCVELDIV,mesh_field,MESH_TYPE,other,R,dump.f90:10029,no,no,no,no,via=ptr
output,DUMP::GAS_PHASE_OUTPUT,dump.f90,CELL,mesh_field,MESH_TYPE,wall_obst_cutcell,R,dump.f90:8954,no,no,no,no,via=ptr
output,DUMP::GAS_PHASE_OUTPUT,dump.f90,CELL_INDEX,mesh_field,MESH_TYPE,wall_obst_cutcell,R,dump.f90:8954,no,no,no,no,via=ptr
output,DUMP::GAS_PHASE_OUTPUT,dump.f90,CFL,mesh_field,MESH_TYPE,other,R,dump.f90:8981,no,no,no,no,via=ptr
output,DUMP::GAS_PHASE_OUTPUT,dump.f90,CHEM_SUBIT,mesh_field,MESH_TYPE,cell_centred_solution,R,dump.f90:9271,no,no,no,no,via=ptr
output,DUMP::GAS_PHASE_OUTPUT,dump.f90,CHI_R,mesh_field,MESH_TYPE,radiation,R,dump.f90:8941,no,no,no,no,via=ptr
output,DUMP::GAS_PHASE_OUTPUT,dump.f90,CSD2,mesh_field,MESH_TYPE,cell_centred_solution,R,dump.f90:8823,no,no,no,no,via=ptr
output,DUMP::GAS_PHASE_OUTPUT,dump.f90,CUT_CELL,mesh_field,MESH_TYPE,wall_obst_cutcell,R,dump.f90:9956,no,no,no,no,via=ptr
output,DUMP::GAS_PHASE_OUTPUT,dump.f90,CUT_FACE,mesh_field,MESH_TYPE,wall_obst_cutcell,R,dump.f90:10042,no,no,no,no,via=ptr
output,DUMP::GAS_PHASE_OUTPUT,dump.f90,D,mesh_field,MESH_TYPE,cell_centred_solution,R,dump.f90:8755,no,no,no,no,via=ptr
output,DUMP::GAS_PHASE_OUTPUT,dump.f90,DIF_FX,mesh_field,MESH_TYPE,face_centred_flux,R,dump.f90:9871,no,no,no,no,via=ptr
output,DUMP::GAS_PHASE_OUTPUT,dump.f90,DIF_FY,mesh_field,MESH_TYPE,face_centred_flux,R,dump.f90:9878,no,no,no,no,via=ptr
output,DUMP::GAS_PHASE_OUTPUT,dump.f90,DIF_FZ,mesh_field,MESH_TYPE,face_centred_flux,R,dump.f90:9885,no,no,no,no,via=ptr
output,DUMP::GAS_PHASE_OUTPUT,dump.f90,DS,mesh_field,MESH_TYPE,cell_centred_solution,R,dump.f90:8964,no,no,no,no,via=ptr
output,DUMP::GAS_PHASE_OUTPUT,dump.f90,D_Z_MAX,mesh_field,MESH_TYPE,cell_centred_solution,R,dump.f90:8978,no,no,no,no,via=ptr
output,DUMP::GAS_PHASE_OUTPUT,dump.f90,FCVAR,mesh_field,MESH_TYPE,wall_obst_cutcell,R,dump.f90:9646,no,no,no,no,via=ptr
output,DUMP::GAS_PHASE_OUTPUT,dump.f90,FVX,mesh_field,MESH_TYPE,face_centred_flux,R,dump.f90:8697,no,no,no,no,via=ptr
output,DUMP::GAS_PHASE_OUTPUT,dump.f90,FVX_B,mesh_field,MESH_TYPE,face_centred_flux,R,dump.f90:9303,no,no,no,no,via=ptr
output,DUMP::GAS_PHASE_OUTPUT,dump.f90,FVX_D,mesh_field,MESH_TYPE,face_centred_flux,R,dump.f90:8931,no,no,no,no,via=ptr
output,DUMP::GAS_PHASE_OUTPUT,dump.f90,FVY,mesh_field,MESH_TYPE,face_centred_flux,R,dump.f90:8699,no,no,no,no,via=ptr
output,DUMP::GAS_PHASE_OUTPUT,dump.f90,FVY_B,mesh_field,MESH_TYPE,face_centred_flux,R,dump.f90:9305,no,no,no,no,via=ptr
output,DUMP::GAS_PHASE_OUTPUT,dump.f90,FVY_D,mesh_field,MESH_TYPE,face_centred_flux,R,dump.f90:8933,no,no,no,no,via=ptr
output,DUMP::GAS_PHASE_OUTPUT,dump.f90,FVZ,mesh_field,MESH_TYPE,face_centred_flux,R,dump.f90:8701,no,no,no,no,via=ptr
output,DUMP::GAS_PHASE_OUTPUT,dump.f90,FVZ_B,mesh_field,MESH_TYPE,face_centred_flux,R,dump.f90:9307,no,no,no,no,via=ptr
output,DUMP::GAS_PHASE_OUTPUT,dump.f90,FVZ_D,mesh_field,MESH_TYPE,face_centred_flux,R,dump.f90:8935,no,no,no,no,via=ptr
output,DUMP::GAS_PHASE_OUTPUT,dump.f90,H,mesh_field,MESH_TYPE,cell_centred_solution,R,dump.f90:8712,no,no,no,no,via=ptr
output,DUMP::GAS_PHASE_OUTPUT,dump.f90,HS,mesh_field,MESH_TYPE,cell_centred_solution,R,dump.f90:8712,no,no,no,no,via=ptr
output,DUMP::GAS_PHASE_OUTPUT,dump.f90,IBAR,mesh_field,MESH_TYPE,grid_geometry,R,dump.f90:8724,no,no,no,no,via=ptr
output,DUMP::GAS_PHASE_OUTPUT,dump.f90,IBP1,mesh_field,MESH_TYPE,grid_geometry,R,dump.f90:9009,no,no,no,no,via=ptr
output,DUMP::GAS_PHASE_OUTPUT,dump.f90,JBAR,mesh_field,MESH_TYPE,grid_geometry,R,dump.f90:8725,no,no,no,no,via=ptr
output,DUMP::GAS_PHASE_OUTPUT,dump.f90,JBP1,mesh_field,MESH_TYPE,grid_geometry,R,dump.f90:9011,no,no,no,no,via=ptr
output,DUMP::GAS_PHASE_OUTPUT,dump.f90,KAPPA_GAS,mesh_field,MESH_TYPE,radiation,R,dump.f90:8763,no,no,no,no,via=ptr
output,DUMP::GAS_PHASE_OUTPUT,dump.f90,KBAR,mesh_field,MESH_TYPE,grid_geometry,R,dump.f90:8726,no,no,no,no,via=ptr
output,DUMP::GAS_PHASE_OUTPUT,dump.f90,KBP1,mesh_field,MESH_TYPE,grid_geometry,R,dump.f90:9013,no,no,no,no,via=ptr
output,DUMP::GAS_PHASE_OUTPUT,dump.f90,KRES,mesh_field,MESH_TYPE,cell_centred_solution,R,dump.f90:8712,no,no,no,no,via=ptr
output,DUMP::GAS_PHASE_OUTPUT,dump.f90,LAGRANGIAN_PARTICLE,mesh_field,MESH_TYPE,particle,R,dump.f90:9711,no,no,no,no,via=alias:LP|ptr
output,DUMP::GAS_PHASE_OUTPUT,dump.f90,LES_FILTER_WIDTH,mesh_field,MESH_TYPE,grid_geometry,R,dump.f90:8822,no,no,no,no,via=ptr
output,DUMP::GAS_PHASE_OUTPUT,dump.f90,MIX_TIME,mesh_field,MESH_TYPE,cell_centred_solution,RW,dump.f90:8757,no,no,no,no,via=ptr
output,DUMP::GAS_PHASE_OUTPUT,dump.f90,MU,mesh_field,MESH_TYPE,cell_centred_solution,R,dump.f90:8765,no,no,no,no,via=ptr
output,DUMP::GAS_PHASE_OUTPUT,dump.f90,MU_DNS,mesh_field,MESH_TYPE,cell_centred_solution,R,dump.f90:8915,no,no,no,no,via=ptr
output,DUMP::GAS_PHASE_OUTPUT,dump.f90,NLP,mesh_field,MESH_TYPE,particle,R,dump.f90:9629,no,no,no,no,via=ptr
output,DUMP::GAS_PHASE_OUTPUT,dump.f90,OBSTRUCTION,mesh_field,MESH_TYPE,wall_obst_cutcell,R,dump.f90:9148,no,no,no,no,via=ptr
output,DUMP::GAS_PHASE_OUTPUT,dump.f90,PBAR,mesh_field,MESH_TYPE,pressure_solver,R,dump.f90:8711,no,no,no,no,via=ptr
output,DUMP::GAS_PHASE_OUTPUT,dump.f90,PHI_LS,mesh_field,MESH_TYPE,other,R,dump.f90:8993,no,no,no,no,via=ptr
output,DUMP::GAS_PHASE_OUTPUT,dump.f90,POIS_ERR,mesh_field,MESH_TYPE,pressure_solver,R,dump.f90:8985,no,no,no,no,via=ptr
output,DUMP::GAS_PHASE_OUTPUT,dump.f90,PP_RESIDUAL,mesh_field,MESH_TYPE,other,R,dump.f90:9135,no,no,no,no,via=ptr
output,DUMP::GAS_PHASE_OUTPUT,dump.f90,PRESSURE_ZONE,mesh_field,MESH_TYPE,pressure_solver,R,dump.f90:8711,no,no,no,no,via=ptr
output,DUMP::GAS_PHASE_OUTPUT,dump.f90,P_0,mesh_field,MESH_TYPE,pressure_solver,R,dump.f90:8712,no,no,no,no,via=ptr
output,DUMP::GAS_PHASE_OUTPUT,dump.f90,Q,mesh_field,MESH_TYPE,cell_centred_solution,R,dump.f90:8728,no,no,no,no,via=ptr
output,DUMP::GAS_PHASE_OUTPUT,dump.f90,QR,mesh_field,MESH_TYPE,radiation,R,dump.f90:8769,no,no,no,no,via=ptr
output,DUMP::GAS_PHASE_OUTPUT,dump.f90,QR_W,mesh_field,MESH_TYPE,radiation,R,dump.f90:8772,no,no,no,no,via=ptr
output,DUMP::GAS_PHASE_OUTPUT,dump.f90,Q_REAC,mesh_field,MESH_TYPE,cell_centred_solution,R,dump.f90:9300,no,no,no,no,via=ptr
output,DUMP::GAS_PHASE_OUTPUT,dump.f90,RADIATION_ABSORPTION,mesh_field,MESH_TYPE,radiation,R,dump.f90:8997,no,no,no,no,via=ptr
output,DUMP::GAS_PHASE_OUTPUT,dump.f90,RADIATION_EMISSION,mesh_field,MESH_TYPE,radiation,R,dump.f90:8995,no,no,no,no,via=ptr
output,DUMP::GAS_PHASE_OUTPUT,dump.f90,RC_FACE,mesh_field,MESH_TYPE,wall_obst_cutcell,R,dump.f90:9647,no,no,no,no,via=ptr
output,DUMP::GAS_PHASE_OUTPUT,dump.f90,RDX,mesh_field,MESH_TYPE,grid_geometry,R,dump.f90:8960,no,no,no,no,via=ptr
output,DUMP::GAS_PHASE_OUTPUT,dump.f90,RDXN,mesh_field,MESH_TYPE,grid_geometry,R,dump.f90:8801,no,no,no,no,via=ptr
output,DUMP::GAS_PHASE_OUTPUT,dump.f90,RDY,mesh_field,MESH_TYPE,grid_geometry,R,dump.f90:8961,no,no,no,no,via=ptr
output,DUMP::GAS_PHASE_OUTPUT,dump.f90,RDYN,mesh_field,MESH_TYPE,grid_geometry,R,dump.f90:8798,no,no,no,no,via=ptr
output,DUMP::GAS_PHASE_OUTPUT,dump.f90,RDZ,mesh_field,MESH_TYPE,grid_geometry,R,dump.f90:8962,no,no,no,no,via=ptr
output,DUMP::GAS_PHASE_OUTPUT,dump.f90,RDZN,mesh_field,MESH_TYPE,grid_geometry,R,dump.f90:8798,no,no,no,no,via=ptr
output,DUMP::GAS_PHASE_OUTPUT,dump.f90,REAC_SOURCE_TERM,mesh_field,MESH_TYPE,cell_centred_solution,R,dump.f90:9276,no,no,no,no,via=ptr
output,DUMP::GAS_PHASE_OUTPUT,dump.f90,RESMAX,mesh_field,MESH_TYPE,other,R,dump.f90:8987,no,no,no,no,via=ptr
output,DUMP::GAS_PHASE_OUTPUT,dump.f90,RHO,mesh_field,MESH_TYPE,cell_centred_solution,R,dump.f90:8695,no,no,no,no,via=ptr
output,DUMP::GAS_PHASE_OUTPUT,dump.f90,RRN,mesh_field,MESH_TYPE,grid_geometry,R,dump.f90:9148,no,no,no,no,via=ptr
output,DUMP::GAS_PHASE_OUTPUT,dump.f90,RSUM,mesh_field,MESH_TYPE,cell_centred_solution,R,dump.f90:9103,no,no,no,no,via=ptr
output,DUMP::GAS_PHASE_OUTPUT,dump.f90,STRAIN_RATE,mesh_field,MESH_TYPE,cell_centred_solution,R,dump.f90:8913,no,no,no,no,via=ptr
output,DUMP::GAS_PHASE_OUTPUT,dump.f90,TMP,mesh_field,MESH_TYPE,cell_centred_solution,R,dump.f90:8703,no,no,no,no,via=ptr
output,DUMP::GAS_PHASE_OUTPUT,dump.f90,U,mesh_field,MESH_TYPE,face_centred_flux,R,dump.f90:8705,no,no,no,no,via=ptr
output,DUMP::GAS_PHASE_OUTPUT,dump.f90,UII,mesh_field,MESH_TYPE,radiation,R,dump.f90:8767,no,no,no,no,via=ptr
output,DUMP::GAS_PHASE_OUTPUT,dump.f90,US,mesh_field,MESH_TYPE,face_centred_flux,R,dump.f90:8960,no,no,no,no,via=ptr
output,DUMP::GAS_PHASE_OUTPUT,dump.f90,U_LS,mesh_field,MESH_TYPE,other,R,dump.f90:9932,no,no,no,no,via=ptr
output,DUMP::GAS_PHASE_OUTPUT,dump.f90,V,mesh_field,MESH_TYPE,face_centred_flux,R,dump.f90:8707,no,no,no,no,via=ptr
output,DUMP::GAS_PHASE_OUTPUT,dump.f90,VN,mesh_field,MESH_TYPE,other,R,dump.f90:8983,no,no,no,no,via=ptr
output,DUMP::GAS_PHASE_OUTPUT,dump.f90,VS,mesh_field,MESH_TYPE,face_centred_flux,R,dump.f90:8961,no,no,no,no,via=ptr
output,DUMP::GAS_PHASE_OUTPUT,dump.f90,V_LS,mesh_field,MESH_TYPE,other,R,dump.f90:9934,no,no,no,no,via=ptr
output,DUMP::GAS_PHASE_OUTPUT,dump.f90,W,mesh_field,MESH_TYPE,face_centred_flux,R,dump.f90:8709,no,no,no,no,via=ptr
output,DUMP::GAS_PHASE_OUTPUT,dump.f90,WS,mesh_field,MESH_TYPE,face_centred_flux,R,dump.f90:8962,no,no,no,no,via=ptr
output,DUMP::GAS_PHASE_OUTPUT,dump.f90,XC,mesh_field,MESH_TYPE,grid_geometry,R,dump.f90:8989,no,no,no,no,via=ptr
output,DUMP::GAS_PHASE_OUTPUT,dump.f90,YC,mesh_field,MESH_TYPE,grid_geometry,R,dump.f90:8989,no,no,no,no,via=ptr
output,DUMP::GAS_PHASE_OUTPUT,dump.f90,ZC,mesh_field,MESH_TYPE,grid_geometry,R,dump.f90:8851,no,no,no,no,via=ptr
output,DUMP::GAS_PHASE_OUTPUT,dump.f90,ZONE_MESH,mesh_field,MESH_TYPE,pressure_solver,R,dump.f90:9785,no,no,no,no,via=ptr
output,DUMP::GAS_PHASE_OUTPUT,dump.f90,ZZ,mesh_field,MESH_TYPE,cell_centred_solution,R,dump.f90:8655,no,no,no,no,via=ptr
output,DUMP::GET_GASCUTFACE_SCALAR_SLICE,dump.f90,CUT_CELL,mesh_field,MESH_TYPE,wall_obst_cutcell,R,dump.f90:6725,no,no,no,no,via=ptr
output,DUMP::GET_GASCUTFACE_SCALAR_SLICE,dump.f90,CUT_FACE,mesh_field,MESH_TYPE,wall_obst_cutcell,R,dump.f90:6706,no,no,no,no,via=ptr
output,DUMP::GET_GEOMINFO,dump.f90,CC_IBM,module_global,GLOBAL_CONSTANTS,runtime_scalar,R,dump.f90:5507,no,no,no,no,
output,DUMP::GET_GEOMINFO,dump.f90,CCVAR,mesh_field,MESH_TYPE,wall_obst_cutcell,R,dump.f90:5804,no,no,no,no,via=ptr
output,DUMP::GET_GEOMINFO,dump.f90,CELL,mesh_field,MESH_TYPE,wall_obst_cutcell,R,dump.f90:5530,no,no,no,no,via=ptr
output,DUMP::GET_GEOMINFO,dump.f90,CELL_INDEX,mesh_field,MESH_TYPE,wall_obst_cutcell,R,dump.f90:5530,no,no,no,no,via=ptr
output,DUMP::GET_GEOMINFO,dump.f90,CUT_CELL,mesh_field,MESH_TYPE,wall_obst_cutcell,R,dump.f90:5845,no,no,no,no,via=ptr
output,DUMP::GET_GEOMINFO,dump.f90,CUT_FACE,mesh_field,MESH_TYPE,wall_obst_cutcell,R,dump.f90:5624,no,no,no,no,via=ptr
output,DUMP::GET_GEOMINFO,dump.f90,FCVAR,mesh_field,MESH_TYPE,wall_obst_cutcell,R,dump.f90:5622,no,no,no,no,via=ptr
output,DUMP::GET_GEOMINFO,dump.f90,IBAR,mesh_field,MESH_TYPE,grid_geometry,R,dump.f90:5802,no,no,no,no,via=ptr
output,DUMP::GET_GEOMINFO,dump.f90,JBAR,mesh_field,MESH_TYPE,grid_geometry,R,dump.f90:5801,no,no,no,no,via=ptr
output,DUMP::GET_GEOMINFO,dump.f90,KBAR,mesh_field,MESH_TYPE,grid_geometry,R,dump.f90:5800,no,no,no,no,via=ptr
output,DUMP::GET_GEOMINFO,dump.f90,X,mesh_field,MESH_TYPE,grid_geometry,R,dump.f90:5862,no,no,no,no,via=ptr
output,DUMP::GET_GEOMINFO,dump.f90,XPLT,mesh_field,MESH_TYPE,grid_geometry,R,dump.f90:5522,no,no,no,no,via=ptr
output,DUMP::GET_GEOMINFO,dump.f90,Y,mesh_field,MESH_TYPE,grid_geometry,R,dump.f90:5863,no,no,no,no,via=ptr
output,DUMP::GET_GEOMINFO,dump.f90,YPLT,mesh_field,MESH_TYPE,grid_geometry,R,dump.f90:5523,no,no,no,no,via=ptr
output,DUMP::GET_GEOMINFO,dump.f90,Z,mesh_field,MESH_TYPE,grid_geometry,R,dump.f90:5864,no,no,no,no,via=ptr
output,DUMP::GET_GEOMINFO,dump.f90,ZPLT,mesh_field,MESH_TYPE,grid_geometry,R,dump.f90:5524,no,no,no,no,via=ptr
output,DUMP::GET_GEOMSIZES,dump.f90,CC_IBM,module_global,GLOBAL_CONSTANTS,runtime_scalar,R,dump.f90:5347,no,no,no,no,
output,DUMP::GET_GEOMSIZES,dump.f90,CCVAR,mesh_field,MESH_TYPE,wall_obst_cutcell,R,dump.f90:5425,no,no,no,no,via=ptr
output,DUMP::GET_GEOMSIZES,dump.f90,CELL,mesh_field,MESH_TYPE,wall_obst_cutcell,R,dump.f90:5372,no,no,no,no,via=ptr
output,DUMP::GET_GEOMSIZES,dump.f90,CELL_INDEX,mesh_field,MESH_TYPE,wall_obst_cutcell,R,dump.f90:5372,no,no,no,no,via=ptr
output,DUMP::GET_GEOMSIZES,dump.f90,CUT_CELL,mesh_field,MESH_TYPE,wall_obst_cutcell,R,dump.f90:5443,no,no,no,no,via=ptr
output,DUMP::GET_GEOMSIZES,dump.f90,CUT_FACE,mesh_field,MESH_TYPE,wall_obst_cutcell,R,dump.f90:5375,no,no,no,no,via=ptr
output,DUMP::GET_GEOMSIZES,dump.f90,FCVAR,mesh_field,MESH_TYPE,wall_obst_cutcell,R,dump.f90:5373,no,no,no,no,via=ptr
output,DUMP::GET_GEOMSIZES,dump.f90,IBAR,mesh_field,MESH_TYPE,grid_geometry,R,dump.f90:5423,no,no,no,no,via=ptr
output,DUMP::GET_GEOMSIZES,dump.f90,JBAR,mesh_field,MESH_TYPE,grid_geometry,R,dump.f90:5422,no,no,no,no,via=ptr
output,DUMP::GET_GEOMSIZES,dump.f90,KBAR,mesh_field,MESH_TYPE,grid_geometry,R,dump.f90:5421,no,no,no,no,via=ptr
output,DUMP::GET_GEOMVALS,dump.f90,CC_IBM,module_global,GLOBAL_CONSTANTS,runtime_scalar,R,dump.f90:5986,no,no,no,no,
output,DUMP::GET_GEOMVALS,dump.f90,CCVAR,mesh_field,MESH_TYPE,wall_obst_cutcell,R,dump.f90:6061,no,no,no,no,via=ptr
output,DUMP::GET_GEOMVALS,dump.f90,CELL,mesh_field,MESH_TYPE,wall_obst_cutcell,R,dump.f90:6029,no,no,no,no,via=ptr
output,DUMP::GET_GEOMVALS,dump.f90,CELL_INDEX,mesh_field,MESH_TYPE,wall_obst_cutcell,R,dump.f90:6029,no,no,no,no,via=ptr
output,DUMP::GET_GEOMVALS,dump.f90,CUT_CELL,mesh_field,MESH_TYPE,wall_obst_cutcell,R,dump.f90:6220,no,no,no,no,via=ptr
output,DUMP::GET_GEOMVALS,dump.f90,CUT_FACE,mesh_field,MESH_TYPE,wall_obst_cutcell,R,dump.f90:6033,no,no,no,no,via=ptr
output,DUMP::GET_GEOMVALS,dump.f90,FCVAR,mesh_field,MESH_TYPE,wall_obst_cutcell,R,dump.f90:6030,no,no,no,no,via=ptr
output,DUMP::GET_GEOMVALS,dump.f90,IBAR,mesh_field,MESH_TYPE,grid_geometry,R,dump.f90:6194,no,no,no,no,via=ptr
output,DUMP::GET_GEOMVALS,dump.f90,JBAR,mesh_field,MESH_TYPE,grid_geometry,R,dump.f90:6193,no,no,no,no,via=ptr
output,DUMP::GET_GEOMVALS,dump.f90,KBAR,mesh_field,MESH_TYPE,grid_geometry,R,dump.f90:6192,no,no,no,no,via=ptr
output,DUMP::GET_GEOMVALS,dump.f90,QQ,mesh_field,MESH_TYPE,other,R,dump.f90:5995,no,no,no,no,via=ptr
output,DUMP::GET_LAYER_HEIGHT_INTEGRALS,dump.f90,CELL,mesh_field,MESH_TYPE,wall_obst_cutcell,R,dump.f90:12696,no,no,no,no,via=ptr
output,DUMP::GET_LAYER_HEIGHT_INTEGRALS,dump.f90,CELL_INDEX,mesh_field,MESH_TYPE,wall_obst_cutcell,R,dump.f90:12696,no,no,no,no,via=ptr
output,DUMP::GET_LAYER_HEIGHT_INTEGRALS,dump.f90,DZ,mesh_field,MESH_TYPE,grid_geometry,R,dump.f90:12697,no,no,no,no,via=ptr
output,DUMP::GET_LAYER_HEIGHT_INTEGRALS,dump.f90,TMP,mesh_field,MESH_TYPE,cell_centred_solution,R,dump.f90:12697,no,no,no,no,via=ptr
output,DUMP::GET_LAYER_HEIGHT_INTEGRALS,dump.f90,Z,mesh_field,MESH_TYPE,grid_geometry,R,dump.f90:12700,no,no,no,no,via=ptr
output,DUMP::GET_SMOKE3D_QQ,dump.f90,CC_IBM,module_global,GLOBAL_CONSTANTS,runtime_scalar,R,dump.f90:5153,no,no,no,no,
output,DUMP::GET_SMOKE3D_QQ,dump.f90,QR_CLIP,module_global,GLOBAL_CONSTANTS,runtime_scalar,R,dump.f90:5140,no,no,no,no,
output,DUMP::GET_SMOKE3D_QQ,dump.f90,RTE_SOURCE_CORRECTION,module_global,GLOBAL_CONSTANTS,runtime_scalar,R,dump.f90:5138,no,no,no,no,
output,DUMP::GET_SMOKE3D_QQ,dump.f90,RTE_SOURCE_CORRECTION_FACTOR,module_global,GLOBAL_CONSTANTS,runtime_scalar,R,dump.f90:5139,no,no,no,no,
output,DUMP::GET_SMOKE3D_QQ,dump.f90,CHI_R,mesh_field,MESH_TYPE,radiation,R,dump.f90:5140,no,no,no,no,via=ptr
output,DUMP::GET_SMOKE3D_QQ,dump.f90,IBAR,mesh_field,MESH_TYPE,grid_geometry,R,dump.f90:5146,no,no,no,no,via=ptr
output,DUMP::GET_SMOKE3D_QQ,dump.f90,IBP1,mesh_field,MESH_TYPE,grid_geometry,R,dump.f90:5130,no,no,no,no,via=ptr
output,DUMP::GET_SMOKE3D_QQ,dump.f90,JBAR,mesh_field,MESH_TYPE,grid_geometry,R,dump.f90:5145,no,no,no,no,via=ptr
output,DUMP::GET_SMOKE3D_QQ,dump.f90,JBP1,mesh_field,MESH_TYPE,grid_geometry,R,dump.f90:5129,no,no,no,no,via=ptr
output,DUMP::GET_SMOKE3D_QQ,dump.f90,KBAR,mesh_field,MESH_TYPE,grid_geometry,R,dump.f90:5144,no,no,no,no,via=ptr
output,DUMP::GET_SMOKE3D_QQ,dump.f90,KBP1,mesh_field,MESH_TYPE,grid_geometry,R,dump.f90:5128,no,no,no,no,via=ptr
output,DUMP::GET_SMOKE3D_QQ,dump.f90,Q,mesh_field,MESH_TYPE,cell_centred_solution,R,dump.f90:5140,no,no,no,no,via=ptr
output,DUMP::GET_SMOKE3D_QQ,dump.f90,VERTVAR,mesh_field,MESH_TYPE,wall_obst_cutcell,R,dump.f90:5157,no,no,no,no,via=MESHES
output,DUMP::GET_SOLIDCUTFACE_SCALAR_SLICE,dump.f90,CCVAR,mesh_field,MESH_TYPE,wall_obst_cutcell,R,dump.f90:6660,no,no,no,no,via=ptr
output,DUMP::GET_SOLIDCUTFACE_SCALAR_SLICE,dump.f90,CUT_FACE,mesh_field,MESH_TYPE,wall_obst_cutcell,R,dump.f90:6580,no,no,no,no,via=ptr
output,DUMP::GET_SOLIDCUTFACE_SCALAR_SLICE,dump.f90,IBAR,mesh_field,MESH_TYPE,grid_geometry,R,dump.f90:6655,no,no,no,no,via=ptr
output,DUMP::GET_SOLIDCUTFACE_SCALAR_SLICE,dump.f90,JBAR,mesh_field,MESH_TYPE,grid_geometry,R,dump.f90:6657,no,no,no,no,via=ptr
output,DUMP::GET_SOLIDCUTFACE_SCALAR_SLICE,dump.f90,KBAR,mesh_field,MESH_TYPE,grid_geometry,R,dump.f90:6659,no,no,no,no,via=ptr
output,DUMP::GET_SOLIDREGFACE_SCALAR_SLICE,dump.f90,CCVAR,mesh_field,MESH_TYPE,wall_obst_cutcell,R,dump.f90:6534,no,no,no,no,via=ptr
output,DUMP::HVAC_OUTPUT,dump.f90,H2O_INDEX,module_global,GLOBAL_CONSTANTS,runtime_scalar,R,dump.f90:10958,no,no,no,no,
output,DUMP::HVAC_OUTPUT,dump.f90,N_TRACKED_SPECIES,module_global,GLOBAL_CONSTANTS,runtime_scalar,R,dump.f90:10954,no,no,no,no,
output,DUMP::HVAC_OUTPUT,dump.f90,TMPA,module_global,GLOBAL_CONSTANTS,runtime_scalar,R,dump.f90:11033,no,no,no,no,
output,DUMP::HVAC_OUTPUT,dump.f90,DUCT,module_global,TYPES,runtime_array,R,dump.f90:10951,no,no,no,no,
output,DUMP::HVAC_OUTPUT,dump.f90,DUCTNODE,module_global,TYPES,runtime_array,R,dump.f90:10983,no,no,no,no,
output,DUMP::HVAC_OUTPUT,dump.f90,SPECIES,module_global,TYPES,runtime_array,R,dump.f90:10955,no,no,no,no,
output,DUMP::HVAC_OUTPUT,dump.f90,SPECIES_MIXTURE,module_global,TYPES,runtime_array,R,dump.f90:10952,no,no,no,no,
output,DUMP::PARTICLE_OUTPUT,dump.f90,BOUNDARY_COORD,mesh_field,MESH_TYPE,wall_obst_cutcell,R,dump.f90:11092,no,no,no,no,via=alias:BC|ptr
output,DUMP::PARTICLE_OUTPUT,dump.f90,BOUNDARY_PROP1,mesh_field,MESH_TYPE,wall_obst_cutcell,R,dump.f90:11094,no,no,no,no,via=ptr
output,DUMP::PARTICLE_OUTPUT,dump.f90,LAGRANGIAN_PARTICLE,mesh_field,MESH_TYPE,particle,R,dump.f90:11084,no,no,no,no,via=alias:LP|ptr
output,DUMP::PARTICLE_OUTPUT,dump.f90,RHO,mesh_field,MESH_TYPE,cell_centred_solution,R,dump.f90:11121,no,no,no,no,via=ptr
output,DUMP::SOLID_PHASE_OUTPUT,dump.f90,DEVICE,module_global,DEVICE_VARIABLES,runtime_array,R,dump.f90:10119,no,no,no,no,
output,DUMP::SOLID_PHASE_OUTPUT,dump.f90,PROPERTY,module_global,DEVICE_VARIABLES,runtime_array,R,dump.f90:10122,no,no,no,no,
output,DUMP::SOLID_PHASE_OUTPUT,dump.f90,FROM_BNDF,module_global,DUMP,runtime_scalar,R,dump.f90:10698,no,no,no,no,
output,DUMP::SOLID_PHASE_OUTPUT,dump.f90,I_MAX_TEMP,module_global,GLOBAL_CONSTANTS,runtime_scalar,R,dump.f90:10456,no,no,no,no,
output,DUMP::SOLID_PHASE_OUTPUT,dump.f90,NUMBER_SPECTRAL_BANDS,module_global,GLOBAL_CONSTANTS,runtime_scalar,R,dump.f90:10322,no,no,no,no,
output,DUMP::SOLID_PHASE_OUTPUT,dump.f90,N_LAGRANGIAN_CLASSES,module_global,GLOBAL_CONSTANTS,runtime_scalar,R,dump.f90:10340,no,no,no,no,
output,DUMP::SOLID_PHASE_OUTPUT,dump.f90,N_REACTIONS,module_global,GLOBAL_CONSTANTS,runtime_scalar,R,dump.f90:10236,no,no,no,no,
output,DUMP::SOLID_PHASE_OUTPUT,dump.f90,N_TRACKED_SPECIES,module_global,GLOBAL_CONSTANTS,runtime_scalar,R,dump.f90:10305,no,no,no,no,
output,DUMP::SOLID_PHASE_OUTPUT,dump.f90,RHOA,module_global,GLOBAL_CONSTANTS,runtime_scalar,R,dump.f90:10273,no,no,no,no,
output,DUMP::SOLID_PHASE_OUTPUT,dump.f90,STORE_SPECIES_FLUX,module_global,GLOBAL_CONSTANTS,runtime_scalar,R,dump.f90:10596,no,no,no,no,
output,DUMP::SOLID_PHASE_OUTPUT,dump.f90,TEST_NEW_CHAR_MODEL,module_global,GLOBAL_CONSTANTS,runtime_scalar,R,dump.f90:10901,no,no,no,no,
output,DUMP::SOLID_PHASE_OUTPUT,dump.f90,Z2Y,module_global,GLOBAL_CONSTANTS,runtime_array,R,dump.f90:10305,no,no,no,no,
output,DUMP::SOLID_PHASE_OUTPUT,dump.f90,OUTPUT_QUANTITY,module_global,OUTPUT_DATA,runtime_array,R,dump.f90:10117,no,no,no,no,
output,DUMP::SOLID_PHASE_OUTPUT,dump.f90,BOUNDARY_FILE,module_global,TYPES,runtime_array,R,dump.f90:10164,no,no,no,no,
output,DUMP::SOLID_PHASE_OUTPUT,dump.f90,LAGRANGIAN_PARTICLE_CLASS,module_global,TYPES,runtime_array,R,dump.f90:10148,no,no,no,no,
output,DUMP::SOLID_PHASE_OUTPUT,dump.f90,MATERIAL,module_global,TYPES,runtime_array,R,dump.f90:10455,no,no,no,no,
output,DUMP::SOLID_PHASE_OUTPUT,dump.f90,PROFILE,module_global,TYPES,runtime_array,R,dump.f90:10165,no,no,no,no,
output,DUMP::SOLID_PHASE_OUTPUT,dump.f90,REACTION,module_global,TYPES,runtime_array,R,dump.f90:10239,no,no,no,no,
output,DUMP::SOLID_PHASE_OUTPUT,dump.f90,SPECIES,module_global,TYPES,runtime_array,R,dump.f90:10435,no,no,no,no,
output,DUMP::SOLID_PHASE_OUTPUT,dump.f90,SPECIES_MIXTURE,module_global,TYPES,runtime_array,R,dump.f90:10434,no,no,no,no,
output,DUMP::SOLID_PHASE_OUTPUT,dump.f90,SURFACE,module_global,TYPES,runtime_array,R,dump.f90:10170,no,no,no,no,
output,DUMP::SOLID_PHASE_OUTPUT,dump.f90,ADV_FX,mesh_field,MESH_TYPE,face_centred_flux,R,dump.f90:10600,no,no,no,no,via=ptr
output,DUMP::SOLID_PHASE_OUTPUT,dump.f90,ADV_FY,mesh_field,MESH_TYPE,face_centred_flux,R,dump.f90:10602,no,no,no,no,via=ptr
output,DUMP::SOLID_PHASE_OUTPUT,dump.f90,ADV_FZ,mesh_field,MESH_TYPE,face_centred_flux,R,dump.f90:10604,no,no,no,no,via=ptr
output,DUMP::SOLID_PHASE_OUTPUT,dump.f90,BOUNDARY_COORD,mesh_field,MESH_TYPE,wall_obst_cutcell,R,dump.f90:10135,no,no,no,no,via=alias:BC|ptr
output,DUMP::SOLID_PHASE_OUTPUT,dump.f90,BOUNDARY_ONE_D,mesh_field,MESH_TYPE,wall_obst_cutcell,R,dump.f90:10134,no,no,no,no,via=alias:ONE_D|ptr
output,DUMP::SOLID_PHASE_OUTPUT,dump.f90,BOUNDARY_PROP1,mesh_field,MESH_TYPE,wall_obst_cutcell,R,dump.f90:10136,no,no,no,no,via=alias:B1|ptr
output,DUMP::SOLID_PHASE_OUTPUT,dump.f90,BOUNDARY_PROP2,mesh_field,MESH_TYPE,wall_obst_cutcell,R,dump.f90:10137,no,no,no,no,via=alias:B2|ptr
output,DUMP::SOLID_PHASE_OUTPUT,dump.f90,BOUNDARY_RADIA,mesh_field,MESH_TYPE,wall_obst_cutcell,R,dump.f90:10138,no,no,no,no,via=alias:BR|ptr
output,DUMP::SOLID_PHASE_OUTPUT,dump.f90,CELL,mesh_field,MESH_TYPE,wall_obst_cutcell,R,dump.f90:10653,no,no,no,no,via=ptr
output,DUMP::SOLID_PHASE_OUTPUT,dump.f90,CELL_INDEX,mesh_field,MESH_TYPE,wall_obst_cutcell,R,dump.f90:10652,no,no,no,no,via=ptr
output,DUMP::SOLID_PHASE_OUTPUT,dump.f90,CFACE,mesh_field,MESH_TYPE,wall_obst_cutcell,R,dump.f90:10152,no,no,no,no,via=alias:CFA|ptr
output,DUMP::SOLID_PHASE_OUTPUT,dump.f90,CUT_CELL,mesh_field,MESH_TYPE,wall_obst_cutcell,R,dump.f90:10735,no,no,no,no,via=ptr
output,DUMP::SOLID_PHASE_OUTPUT,dump.f90,CUT_FACE,mesh_field,MESH_TYPE,wall_obst_cutcell,R,dump.f90:10217,no,no,no,no,via=ptr
output,DUMP::SOLID_PHASE_OUTPUT,dump.f90,D,mesh_field,MESH_TYPE,cell_centred_solution,R,dump.f90:10752,no,no,no,no,via=ptr
output,DUMP::SOLID_PHASE_OUTPUT,dump.f90,DIF_FX,mesh_field,MESH_TYPE,face_centred_flux,R,dump.f90:10600,no,no,no,no,via=ptr
output,DUMP::SOLID_PHASE_OUTPUT,dump.f90,DIF_FY,mesh_field,MESH_TYPE,face_centred_flux,R,dump.f90:10602,no,no,no,no,via=ptr
output,DUMP::SOLID_PHASE_OUTPUT,dump.f90,DIF_FZ,mesh_field,MESH_TYPE,face_centred_flux,R,dump.f90:10604,no,no,no,no,via=ptr
output,DUMP::SOLID_PHASE_OUTPUT,dump.f90,DX,mesh_field,MESH_TYPE,grid_geometry,R,dump.f90:10650,no,no,no,no,via=ptr
output,DUMP::SOLID_PHASE_OUTPUT,dump.f90,DY,mesh_field,MESH_TYPE,grid_geometry,R,dump.f90:10662,no,no,no,no,via=ptr
output,DUMP::SOLID_PHASE_OUTPUT,dump.f90,DZ,mesh_field,MESH_TYPE,grid_geometry,R,dump.f90:10674,no,no,no,no,via=ptr
output,DUMP::SOLID_PHASE_OUTPUT,dump.f90,FIRE_ARRIVAL_TIME,mesh_field,MESH_TYPE,other,R,dump.f90:10920,no,no,no,no,via=ptr
output,DUMP::SOLID_PHASE_OUTPUT,dump.f90,FIRE_RESIDENCE_TIME,mesh_field,MESH_TYPE,other,R,dump.f90:10921,no,no,no,no,via=ptr
output,DUMP::SOLID_PHASE_OUTPUT,dump.f90,H,mesh_field,MESH_TYPE,cell_centred_solution,R,dump.f90:10265,no,no,no,no,via=ptr
output,DUMP::SOLID_PHASE_OUTPUT,dump.f90,INTERNAL_CFACE_CELLS_LB,mesh_field,MESH_TYPE,wall_obst_cutcell,R,dump.f90:10917,no,no,no,no,via=ptr
output,DUMP::SOLID_PHASE_OUTPUT,dump.f90,KRES,mesh_field,MESH_TYPE,cell_centred_solution,R,dump.f90:10265,no,no,no,no,via=ptr
output,DUMP::SOLID_PHASE_OUTPUT,dump.f90,LAGRANGIAN_PARTICLE,mesh_field,MESH_TYPE,particle,R,dump.f90:10142,no,no,no,no,via=alias:LP|ptr
output,DUMP::SOLID_PHASE_OUTPUT,dump.f90,LS_SPREAD_RATE,mesh_field,MESH_TYPE,other,R,dump.f90:10922,no,no,no,no,via=ptr
output,DUMP::SOLID_PHASE_OUTPUT,dump.f90,MU,mesh_field,MESH_TYPE,cell_centred_solution,R,dump.f90:10492,no,no,no,no,via=ptr
output,DUMP::SOLID_PHASE_OUTPUT,dump.f90,MU_DNS,mesh_field,MESH_TYPE,cell_centred_solution,R,dump.f90:10723,no,no,no,no,via=ptr
output,DUMP::SOLID_PHASE_OUTPUT,dump.f90,N_EXTERNAL_WALL_CELLS,mesh_field,MESH_TYPE,ghost_boundary,R,dump.f90:10917,no,no,no,no,via=ptr
output,DUMP::SOLID_PHASE_OUTPUT,dump.f90,N_INTERNAL_WALL_CELLS,mesh_field,MESH_TYPE,wall_obst_cutcell,R,dump.f90:10917,no,no,no,no,via=ptr
output,DUMP::SOLID_PHASE_OUTPUT,dump.f90,RHO,mesh_field,MESH_TYPE,cell_centred_solution,R,dump.f90:10265,no,no,no,no,via=ptr
output,DUMP::SOLID_PHASE_OUTPUT,dump.f90,TMP,mesh_field,MESH_TYPE,cell_centred_solution,R,dump.f90:10278,no,no,no,no,via=ptr
output,DUMP::SOLID_PHASE_OUTPUT,dump.f90,U,mesh_field,MESH_TYPE,face_centred_flux,R,dump.f90:10207,no,no,no,no,via=ptr
output,DUMP::SOLID_PHASE_OUTPUT,dump.f90,V,mesh_field,MESH_TYPE,face_centred_flux,R,dump.f90:10209,no,no,no,no,via=ptr
output,DUMP::SOLID_PHASE_OUTPUT,dump.f90,W,mesh_field,MESH_TYPE,face_centred_flux,R,dump.f90:10211,no,no,no,no,via=ptr
output,DUMP::SOLID_PHASE_OUTPUT,dump.f90,WALL,mesh_field,MESH_TYPE,wall_obst_cutcell,R,dump.f90:10131,no,no,no,no,via=alias:WC|ptr
output,DUMP::UPDATE_DEVICES_1,dump.f90,CONTROL,module_global,CONTROL_VARIABLES,runtime_array,R,dump.f90:7843,no,yes,no,no,
output,DUMP::UPDATE_DEVICES_1,dump.f90,DEVICE,module_global,DEVICE_VARIABLES,runtime_array,R,dump.f90:7799,no,yes,no,no,
output,DUMP::UPDATE_DEVICES_1,dump.f90,N_DEVC,module_global,DEVICE_VARIABLES,runtime_scalar,R,dump.f90:7797,no,yes,no,no,
output,DUMP::UPDATE_DEVICES_1,dump.f90,PROPERTY,module_global,DEVICE_VARIABLES,runtime_array,R,dump.f90:7851,no,yes,no,no,
output,DUMP::UPDATE_DEVICES_1,dump.f90,DRY,module_global,DUMP,runtime_scalar,W,dump.f90:7850,no,yes,no,no,
output,DUMP::UPDATE_DEVICES_1,dump.f90,CC_IBM,module_global,GLOBAL_CONSTANTS,runtime_scalar,R,dump.f90:7986,no,yes,no,no,
output,DUMP::UPDATE_DEVICES_1,dump.f90,CYLINDRICAL,module_global,GLOBAL_CONSTANTS,runtime_scalar,R,dump.f90:8012,no,yes,no,no,
output,DUMP::UPDATE_DEVICES_1,dump.f90,DEVC_PARTICLE_FLUX,module_global,GLOBAL_CONSTANTS,runtime_scalar,R,dump.f90:7793,no,yes,no,no,
output,DUMP::UPDATE_DEVICES_1,dump.f90,TWO_D,module_global,GLOBAL_CONSTANTS,runtime_scalar,R,dump.f90:8014,no,yes,no,no,
output,DUMP::UPDATE_DEVICES_1,dump.f90,T_BEGIN,module_global,GLOBAL_CONSTANTS,runtime_scalar,R,dump.f90:7836,no,yes,no,no,
output,DUMP::UPDATE_DEVICES_1,dump.f90,OUTPUT_QUANTITY,module_global,OUTPUT_DATA,runtime_array,R,dump.f90:7983,no,yes,no,no,
output,DUMP::UPDATE_DEVICES_1,dump.f90,LAGRANGIAN_PARTICLE_CLASS,module_global,TYPES,runtime_array,R,dump.f90:7938,no,yes,no,no,
output,DUMP::UPDATE_DEVICES_1,dump.f90,SURFACE,module_global,TYPES,runtime_array,R,dump.f90:7891,no,yes,no,no,
output,DUMP::UPDATE_DEVICES_1,dump.f90,BOUNDARY_COORD,mesh_field,MESH_TYPE,wall_obst_cutcell,R,dump.f90:7820,no,yes,no,no,via=alias:BC|ptr
output,DUMP::UPDATE_DEVICES_1,dump.f90,BOUNDARY_PROP1,mesh_field,MESH_TYPE,wall_obst_cutcell,R,dump.f90:7892,no,yes,no,no,via=alias:B1|ptr
output,DUMP::UPDATE_DEVICES_1,dump.f90,CCVAR,mesh_field,MESH_TYPE,wall_obst_cutcell,R,dump.f90:7987,no,yes,no,no,via=ptr
output,DUMP::UPDATE_DEVICES_1,dump.f90,CELL,mesh_field,MESH_TYPE,wall_obst_cutcell,R,dump.f90:7982,no,yes,no,no,via=ptr
output,DUMP::UPDATE_DEVICES_1,dump.f90,CELL_INDEX,mesh_field,MESH_TYPE,wall_obst_cutcell,R,dump.f90:7982,no,yes,no,no,via=ptr
output,DUMP::UPDATE_DEVICES_1,dump.f90,CFACE,mesh_field,MESH_TYPE,wall_obst_cutcell,R,dump.f90:7919,no,yes,no,no,via=alias:CFA|ptr
output,DUMP::UPDATE_DEVICES_1,dump.f90,CUT_CELL,mesh_field,MESH_TYPE,wall_obst_cutcell,R,dump.f90:7991,no,yes,no,no,via=ptr
output,DUMP::UPDATE_DEVICES_1,dump.f90,CUT_FACE,mesh_field,MESH_TYPE,wall_obst_cutcell,R,dump.f90:8000,no,yes,no,no,via=ptr
output,DUMP::UPDATE_DEVICES_1,dump.f90,DX,mesh_field,MESH_TYPE,grid_geometry,R,dump.f90:7984,no,yes,no,no,via=ptr
output,DUMP::UPDATE_DEVICES_1,dump.f90,DXN,mesh_field,MESH_TYPE,grid_geometry,R,dump.f90:8003,no,yes,no,no,via=ptr
output,DUMP::UPDATE_DEVICES_1,dump.f90,DY,mesh_field,MESH_TYPE,grid_geometry,R,dump.f90:7984,no,yes,no,no,via=ptr
output,DUMP::UPDATE_DEVICES_1,dump.f90,DYN,mesh_field,MESH_TYPE,grid_geometry,R,dump.f90:8005,no,yes,no,no,via=ptr
output,DUMP::UPDATE_DEVICES_1,dump.f90,DZ,mesh_field,MESH_TYPE,grid_geometry,R,dump.f90:7984,no,yes,no,no,via=ptr
output,DUMP::UPDATE_DEVICES_1,dump.f90,DZN,mesh_field,MESH_TYPE,grid_geometry,R,dump.f90:8007,no,yes,no,no,via=ptr
output,DUMP::UPDATE_DEVICES_1,dump.f90,FCVAR,mesh_field,MESH_TYPE,wall_obst_cutcell,R,dump.f90:7999,no,yes,no,no,via=ptr
output,DUMP::UPDATE_DEVICES_1,dump.f90,IBP1,mesh_field,MESH_TYPE,grid_geometry,R,dump.f90:7963,no,yes,no,no,via=ptr
output,DUMP::UPDATE_DEVICES_1,dump.f90,INTERNAL_CFACE_CELLS_LB,mesh_field,MESH_TYPE,wall_obst_cutcell,R,dump.f90:7918,no,yes,no,no,via=ptr
output,DUMP::UPDATE_DEVICES_1,dump.f90,JBP1,mesh_field,MESH_TYPE,grid_geometry,R,dump.f90:7964,no,yes,no,no,via=ptr
output,DUMP::UPDATE_DEVICES_1,dump.f90,KBP1,mesh_field,MESH_TYPE,grid_geometry,R,dump.f90:7965,no,yes,no,no,via=ptr
output,DUMP::UPDATE_DEVICES_1,dump.f90,LAGRANGIAN_PARTICLE,mesh_field,MESH_TYPE,particle,R,dump.f90:7818,no,yes,no,no,via=alias:LP|ptr
output,DUMP::UPDATE_DEVICES_1,dump.f90,NLP,mesh_field,MESH_TYPE,particle,R,dump.f90:7934,no,yes,no,no,via=ptr
output,DUMP::UPDATE_DEVICES_1,dump.f90,N_EXTERNAL_WALL_CELLS,mesh_field,MESH_TYPE,ghost_boundary,R,dump.f90:7885,no,yes,no,no,via=ptr
output,DUMP::UPDATE_DEVICES_1,dump.f90,N_INTERNAL_CFACE_CELLS,mesh_field,MESH_TYPE,wall_obst_cutcell,R,dump.f90:7918,no,yes,no,no,via=ptr
output,DUMP::UPDATE_DEVICES_1,dump.f90,N_INTERNAL_WALL_CELLS,mesh_field,MESH_TYPE,wall_obst_cutcell,R,dump.f90:7885,no,yes,no,no,via=ptr
output,DUMP::UPDATE_DEVICES_1,dump.f90,RC,mesh_field,MESH_TYPE,grid_geometry,R,dump.f90:7984,no,yes,no,no,via=ptr
output,DUMP::UPDATE_DEVICES_1,dump.f90,RDX,mesh_field,MESH_TYPE,grid_geometry,R,dump.f90:8024,no,yes,no,no,via=ptr
output,DUMP::UPDATE_DEVICES_1,dump.f90,RDY,mesh_field,MESH_TYPE,grid_geometry,R,dump.f90:8024,no,yes,no,no,via=ptr
output,DUMP::UPDATE_DEVICES_1,dump.f90,RDZ,mesh_field,MESH_TYPE,grid_geometry,R,dump.f90:8024,no,yes,no,no,via=ptr
output,DUMP::UPDATE_DEVICES_1,dump.f90,RHO,mesh_field,MESH_TYPE,cell_centred_solution,R,dump.f90:8026,no,yes,no,no,via=ptr
output,DUMP::UPDATE_DEVICES_1,dump.f90,WALL,mesh_field,MESH_TYPE,wall_obst_cutcell,R,dump.f90:7886,no,yes,no,no,via=alias:WC|ptr
output,DUMP::UPDATE_DEVICES_1,dump.f90,XC,mesh_field,MESH_TYPE,grid_geometry,R,dump.f90:8024,no,yes,no,no,via=ptr
output,DUMP::UPDATE_DEVICES_1,dump.f90,YC,mesh_field,MESH_TYPE,grid_geometry,R,dump.f90:8024,no,yes,no,no,via=ptr
output,DUMP::UPDATE_DEVICES_1,dump.f90,ZC,mesh_field,MESH_TYPE,grid_geometry,R,dump.f90:8024,no,yes,no,no,via=ptr
output,DUMP::UPDATE_DEVICES_1::INTERPOLATE_WALL_VALUES,dump.f90,CELL,mesh_field,MESH_TYPE,wall_obst_cutcell,R,dump.f90:8234,no,no,no,no,via=ptr
output,DUMP::UPDATE_DEVICES_1::INTERPOLATE_WALL_VALUES,dump.f90,CELL_INDEX,mesh_field,MESH_TYPE,wall_obst_cutcell,R,dump.f90:8234,no,no,no,no,via=ptr
output,DUMP::UPDATE_DEVICES_1::INTERPOLATE_WALL_VALUES,dump.f90,IBAR,mesh_field,MESH_TYPE,grid_geometry,R,dump.f90:8240,no,no,no,no,via=ptr
output,DUMP::UPDATE_DEVICES_1::INTERPOLATE_WALL_VALUES,dump.f90,JBAR,mesh_field,MESH_TYPE,grid_geometry,R,dump.f90:8253,no,no,no,no,via=ptr
output,DUMP::UPDATE_DEVICES_1::INTERPOLATE_WALL_VALUES,dump.f90,KBAR,mesh_field,MESH_TYPE,grid_geometry,R,dump.f90:8266,no,no,no,no,via=ptr
output,DUMP::UPDATE_DEVICES_1::INTERPOLATE_WALL_VALUES,dump.f90,RDX,mesh_field,MESH_TYPE,grid_geometry,R,dump.f90:8237,no,no,no,no,via=ptr
output,DUMP::UPDATE_DEVICES_1::INTERPOLATE_WALL_VALUES,dump.f90,RDY,mesh_field,MESH_TYPE,grid_geometry,R,dump.f90:8250,no,no,no,no,via=ptr
output,DUMP::UPDATE_DEVICES_1::INTERPOLATE_WALL_VALUES,dump.f90,RDZ,mesh_field,MESH_TYPE,grid_geometry,R,dump.f90:8263,no,no,no,no,via=ptr
output,DUMP::UPDATE_DEVICES_1::INTERPOLATE_WALL_VALUES,dump.f90,WALL,mesh_field,MESH_TYPE,wall_obst_cutcell,R,dump.f90:8235,no,no,no,no,via=ptr
output,DUMP::UPDATE_DEVICES_1::INTERPOLATE_WALL_VALUES,dump.f90,X,mesh_field,MESH_TYPE,grid_geometry,R,dump.f90:8237,no,no,no,no,via=ptr
output,DUMP::UPDATE_DEVICES_1::INTERPOLATE_WALL_VALUES,dump.f90,XC,mesh_field,MESH_TYPE,grid_geometry,R,dump.f90:8234,no,no,no,no,via=ptr
output,DUMP::UPDATE_DEVICES_1::INTERPOLATE_WALL_VALUES,dump.f90,Y,mesh_field,MESH_TYPE,grid_geometry,R,dump.f90:8250,no,no,no,no,via=ptr
output,DUMP::UPDATE_DEVICES_1::INTERPOLATE_WALL_VALUES,dump.f90,YC,mesh_field,MESH_TYPE,grid_geometry,R,dump.f90:8247,no,no,no,no,via=ptr
output,DUMP::UPDATE_DEVICES_1::INTERPOLATE_WALL_VALUES,dump.f90,Z,mesh_field,MESH_TYPE,grid_geometry,R,dump.f90:8263,no,no,no,no,via=ptr
output,DUMP::UPDATE_DEVICES_1::INTERPOLATE_WALL_VALUES,dump.f90,ZC,mesh_field,MESH_TYPE,grid_geometry,R,dump.f90:8260,no,no,no,no,via=ptr
output,DUMP::UPDATE_DEVICES_1::SELECT_SPATIAL_STATISTIC,dump.f90,CC_IBM,module_global,GLOBAL_CONSTANTS,runtime_scalar,R,dump.f90:8167,no,no,no,no,
output,DUMP::UPDATE_DEVICES_1::SELECT_SPATIAL_STATISTIC,dump.f90,CYLINDRICAL,module_global,GLOBAL_CONSTANTS,runtime_scalar,R,dump.f90:8160,no,no,no,no,
output,DUMP::UPDATE_DEVICES_1::SELECT_SPATIAL_STATISTIC,dump.f90,TWO_D,module_global,GLOBAL_CONSTANTS,runtime_scalar,R,dump.f90:8157,no,no,no,no,
output,DUMP::UPDATE_DEVICES_1::SELECT_SPATIAL_STATISTIC,dump.f90,BOUNDARY_COORD,mesh_field,MESH_TYPE,wall_obst_cutcell,R,dump.f90:8158,no,no,no,no,via=alias:BC
output,DUMP::UPDATE_DEVICES_1::SELECT_SPATIAL_STATISTIC,dump.f90,BOUNDARY_PROP1,mesh_field,MESH_TYPE,wall_obst_cutcell,R,dump.f90:8156,no,no,no,no,via=alias:B1
output,DUMP::UPDATE_DEVICES_1::SELECT_SPATIAL_STATISTIC,dump.f90,CCVAR,mesh_field,MESH_TYPE,wall_obst_cutcell,R,dump.f90:8168,no,no,no,no,via=ptr
output,DUMP::UPDATE_DEVICES_1::SELECT_SPATIAL_STATISTIC,dump.f90,CUT_CELL,mesh_field,MESH_TYPE,wall_obst_cutcell,R,dump.f90:8168,no,no,no,no,via=ptr
output,DUMP::UPDATE_DEVICES_1::SELECT_SPATIAL_STATISTIC,dump.f90,CUT_FACE,mesh_field,MESH_TYPE,wall_obst_cutcell,R,dump.f90:8176,no,no,no,no,via=ptr
output,DUMP::UPDATE_DEVICES_1::SELECT_SPATIAL_STATISTIC,dump.f90,DX,mesh_field,MESH_TYPE,grid_geometry,R,dump.f90:8159,no,no,no,no,via=ptr
output,DUMP::UPDATE_DEVICES_1::SELECT_SPATIAL_STATISTIC,dump.f90,DY,mesh_field,MESH_TYPE,grid_geometry,R,dump.f90:8158,no,no,no,no,via=ptr
output,DUMP::UPDATE_DEVICES_1::SELECT_SPATIAL_STATISTIC,dump.f90,DZ,mesh_field,MESH_TYPE,grid_geometry,R,dump.f90:8159,no,no,no,no,via=ptr
output,DUMP::UPDATE_DEVICES_1::SELECT_SPATIAL_STATISTIC,dump.f90,LAGRANGIAN_PARTICLE,mesh_field,MESH_TYPE,particle,R,dump.f90:8154,no,no,no,no,via=ptr
output,DUMP::UPDATE_DEVICES_1::SELECT_SPATIAL_STATISTIC,dump.f90,R,mesh_field,MESH_TYPE,grid_geometry,R,dump.f90:8161,no,no,no,no,via=ptr
output,DUMP::UPDATE_DEVICES_1::SELECT_WALL_VALUE,dump.f90,SURFACE,module_global,TYPES,runtime_array,R,dump.f90:8302,no,no,no,no,
output,DUMP::UPDATE_DEVICES_1::SELECT_WALL_VALUE,dump.f90,BOUNDARY_PROP1,mesh_field,MESH_TYPE,wall_obst_cutcell,R,dump.f90:8291,no,no,no,no,via=alias:B1|ptr
output,DUMP::UPDATE_DEVICES_1::SELECT_WALL_VALUE,dump.f90,U,mesh_field,MESH_TYPE,face_centred_flux,R,dump.f90:8300,no,no,no,no,via=ptr
output,DUMP::UPDATE_DEVICES_1::SELECT_WALL_VALUE,dump.f90,V,mesh_field,MESH_TYPE,face_centred_flux,R,dump.f90:8311,no,no,no,no,via=ptr
output,DUMP::UPDATE_DEVICES_1::SELECT_WALL_VALUE,dump.f90,W,mesh_field,MESH_TYPE,face_centred_flux,R,dump.f90:8322,no,no,no,no,via=ptr
output,DUMP::UPDATE_DEVICES_1::SELECT_WALL_VALUE,dump.f90,WALL,mesh_field,MESH_TYPE,wall_obst_cutcell,R,dump.f90:8290,no,no,no,no,via=alias:WC|ptr
output,DUMP::UPDATE_GLOBAL_OUTPUTS,dump.f90,STORE_FIRE_ARRIVAL,module_global,GLOBAL_CONSTANTS,runtime_scalar,R,dump.f90:68,no,no,no,no,
output,DUMP::UPDATE_GLOBAL_OUTPUTS,dump.f90,STORE_FIRE_RESIDENCE,module_global,GLOBAL_CONSTANTS,runtime_scalar,R,dump.f90:68,no,no,no,no,
output,DUMP::UPDATE_GLOBAL_OUTPUTS,dump.f90,T_USED,module_global,GLOBAL_CONSTANTS,runtime_array,RW,dump.f90:71,no,no,no,no,
output,DUMP::UPDATE_HRR,dump.f90,CC_IBM,module_global,GLOBAL_CONSTANTS,runtime_scalar,R,dump.f90:11660,no,yes,no,no,
output,DUMP::UPDATE_HRR,dump.f90,CYLINDRICAL,module_global,GLOBAL_CONSTANTS,runtime_scalar,R,dump.f90:11668,no,yes,no,no,
output,DUMP::UPDATE_HRR,dump.f90,ICYC,module_global,GLOBAL_CONSTANTS,runtime_scalar,R,dump.f90:11682,no,yes,no,no,
output,DUMP::UPDATE_HRR,dump.f90,N_TRACKED_SPECIES,module_global,GLOBAL_CONSTANTS,runtime_scalar,R,dump.f90:11673,no,yes,no,no,
output,DUMP::UPDATE_HRR,dump.f90,OXIDATION_REACTION,module_global,GLOBAL_CONSTANTS,runtime_scalar,R,dump.f90:11772,no,yes,no,no,
output,DUMP::UPDATE_HRR,dump.f90,TWO_D,module_global,GLOBAL_CONSTANTS,runtime_scalar,R,dump.f90:11667,no,yes,no,no,
output,DUMP::UPDATE_HRR,dump.f90,UPPER_MESH_INDEX,module_global,GLOBAL_CONSTANTS,runtime_scalar,R,dump.f90:11818,no,yes,no,no,
output,DUMP::UPDATE_HRR,dump.f90,ENTHALPY_SUM,module_global,OUTPUT_DATA,runtime_array,RW,dump.f90:11653,no,yes,no,no,
output,DUMP::UPDATE_HRR,dump.f90,M_DOT,module_global,OUTPUT_DATA,runtime_array,RW,dump.f90:11797,no,yes,no,no,
output,DUMP::UPDATE_HRR,dump.f90,M_DOT_SUM,module_global,OUTPUT_DATA,runtime_array,RW,dump.f90:11820,no,yes,no,no,
output,DUMP::UPDATE_HRR,dump.f90,Q_DOT,module_global,OUTPUT_DATA,runtime_array,RW,dump.f90:11670,no,yes,no,no,
output,DUMP::UPDATE_HRR,dump.f90,Q_DOT_SUM,module_global,OUTPUT_DATA,runtime_array,RW,dump.f90:11819,no,yes,no,no,
output,DUMP::UPDATE_HRR,dump.f90,LAGRANGIAN_PARTICLE_CLASS,module_global,TYPES,runtime_array,R,dump.f90:11775,no,yes,no,no,
output,DUMP::UPDATE_HRR,dump.f90,BOUNDARY_COORD,mesh_field,MESH_TYPE,wall_obst_cutcell,R,dump.f90:11696,no,yes,no,no,via=alias:BC|ptr
output,DUMP::UPDATE_HRR,dump.f90,BOUNDARY_PROP1,mesh_field,MESH_TYPE,wall_obst_cutcell,R,dump.f90:11701,no,yes,no,no,via=alias:B1|ptr
output,DUMP::UPDATE_HRR,dump.f90,CCVAR,mesh_field,MESH_TYPE,wall_obst_cutcell,R,dump.f90:11661,no,yes,no,no,via=ptr
output,DUMP::UPDATE_HRR,dump.f90,CELL,mesh_field,MESH_TYPE,wall_obst_cutcell,R,dump.f90:11659,no,yes,no,no,via=ptr
output,DUMP::UPDATE_HRR,dump.f90,CELL_INDEX,mesh_field,MESH_TYPE,wall_obst_cutcell,R,dump.f90:11659,no,yes,no,no,via=ptr
output,DUMP::UPDATE_HRR,dump.f90,CFACE,mesh_field,MESH_TYPE,wall_obst_cutcell,R,dump.f90:11742,no,yes,no,no,via=alias:CFA|ptr
output,DUMP::UPDATE_HRR,dump.f90,CUT_CELL,mesh_field,MESH_TYPE,wall_obst_cutcell,R,dump.f90:11760,no,yes,no,no,via=ptr
output,DUMP::UPDATE_HRR,dump.f90,CUT_FACE,mesh_field,MESH_TYPE,wall_obst_cutcell,R,dump.f90:11752,no,yes,no,no,via=ptr
output,DUMP::UPDATE_HRR,dump.f90,DX,mesh_field,MESH_TYPE,grid_geometry,R,dump.f90:11666,no,yes,no,no,via=ptr
output,DUMP::UPDATE_HRR,dump.f90,DY,mesh_field,MESH_TYPE,grid_geometry,R,dump.f90:11666,no,yes,no,no,via=ptr
output,DUMP::UPDATE_HRR,dump.f90,DZ,mesh_field,MESH_TYPE,grid_geometry,R,dump.f90:11666,no,yes,no,no,via=ptr
output,DUMP::UPDATE_HRR,dump.f90,D_PBAR_DT,mesh_field,MESH_TYPE,pressure_solver,R,dump.f90:11672,no,yes,no,no,via=ptr
output,DUMP::UPDATE_HRR,dump.f90,D_PBAR_DT_S,mesh_field,MESH_TYPE,pressure_solver,R,dump.f90:11672,no,yes,no,no,via=ptr
output,DUMP::UPDATE_HRR,dump.f90,IBAR,mesh_field,MESH_TYPE,grid_geometry,R,dump.f90:11658,no,yes,no,no,via=ptr
output,DUMP::UPDATE_HRR,dump.f90,INTERNAL_CFACE_CELLS_LB,mesh_field,MESH_TYPE,wall_obst_cutcell,R,dump.f90:11740,no,yes,no,no,via=ptr
output,DUMP::UPDATE_HRR,dump.f90,INTERPOLATED_MESH,mesh_field,MESH_TYPE,ghost_boundary,R,dump.f90:11664,no,yes,no,no,via=ptr
output,DUMP::UPDATE_HRR,dump.f90,JBAR,mesh_field,MESH_TYPE,grid_geometry,R,dump.f90:11657,no,yes,no,no,via=ptr
output,DUMP::UPDATE_HRR,dump.f90,KBAR,mesh_field,MESH_TYPE,grid_geometry,R,dump.f90:11656,no,yes,no,no,via=ptr
output,DUMP::UPDATE_HRR,dump.f90,LAGRANGIAN_PARTICLE,mesh_field,MESH_TYPE,particle,R,dump.f90:11774,no,yes,no,no,via=alias:LP|ptr
output,DUMP::UPDATE_HRR,dump.f90,NLP,mesh_field,MESH_TYPE,particle,R,dump.f90:11773,no,yes,no,no,via=ptr
output,DUMP::UPDATE_HRR,dump.f90,N_EXTERNAL_WALL_CELLS,mesh_field,MESH_TYPE,ghost_boundary,R,dump.f90:11690,no,yes,no,no,via=ptr
output,DUMP::UPDATE_HRR,dump.f90,N_INTERNAL_CFACE_CELLS,mesh_field,MESH_TYPE,wall_obst_cutcell,R,dump.f90:11740,no,yes,no,no,via=ptr
output,DUMP::UPDATE_HRR,dump.f90,N_INTERNAL_WALL_CELLS,mesh_field,MESH_TYPE,wall_obst_cutcell,R,dump.f90:11690,no,yes,no,no,via=ptr
output,DUMP::UPDATE_HRR,dump.f90,PRESSURE_ZONE,mesh_field,MESH_TYPE,pressure_solver,R,dump.f90:11672,no,yes,no,no,via=ptr
output,DUMP::UPDATE_HRR,dump.f90,Q,mesh_field,MESH_TYPE,cell_centred_solution,R,dump.f90:11670,no,yes,no,no,via=ptr
output,DUMP::UPDATE_HRR,dump.f90,QR,mesh_field,MESH_TYPE,radiation,R,dump.f90:11671,no,yes,no,no,via=ptr
output,DUMP::UPDATE_HRR,dump.f90,RC,mesh_field,MESH_TYPE,grid_geometry,R,dump.f90:11666,no,yes,no,no,via=ptr
output,DUMP::UPDATE_HRR,dump.f90,RHO,mesh_field,MESH_TYPE,cell_centred_solution,R,dump.f90:11675,no,yes,no,no,via=ptr
output,DUMP::UPDATE_HRR,dump.f90,TMP,mesh_field,MESH_TYPE,cell_centred_solution,R,dump.f90:11674,no,yes,no,no,via=ptr
output,DUMP::UPDATE_HRR,dump.f90,U,mesh_field,MESH_TYPE,face_centred_flux,R,dump.f90:11709,no,yes,no,no,via=ptr
output,DUMP::UPDATE_HRR,dump.f90,V,mesh_field,MESH_TYPE,face_centred_flux,R,dump.f90:11713,no,yes,no,no,via=ptr
output,DUMP::UPDATE_HRR,dump.f90,W,mesh_field,MESH_TYPE,face_centred_flux,R,dump.f90:11717,no,yes,no,no,via=ptr
output,DUMP::UPDATE_HRR,dump.f90,WALL,mesh_field,MESH_TYPE,wall_obst_cutcell,R,dump.f90:11692,no,yes,no,no,via=alias:WC|ptr
output,DUMP::UPDATE_HRR,dump.f90,ZZ,mesh_field,MESH_TYPE,cell_centred_solution,R,dump.f90:11673,no,yes,no,no,via=ptr
output,DUMP::UPDATE_MASS,dump.f90,CC_IBM,module_global,GLOBAL_CONSTANTS,runtime_scalar,R,dump.f90:11892,no,yes,no,no,
output,DUMP::UPDATE_MASS,dump.f90,MASS_FILE,module_global,GLOBAL_CONSTANTS,runtime_scalar,R,dump.f90:11881,no,yes,no,no,
output,DUMP::UPDATE_MASS,dump.f90,N_SPECIES,module_global,GLOBAL_CONSTANTS,runtime_scalar,R,dump.f90:11902,no,yes,no,no,
output,DUMP::UPDATE_MASS,dump.f90,N_TRACKED_SPECIES,module_global,GLOBAL_CONSTANTS,runtime_scalar,R,dump.f90:11900,no,yes,no,no,
output,DUMP::UPDATE_MASS,dump.f90,MASS_DT,module_global,OUTPUT_DATA,runtime_array,RW,dump.f90:11920,no,yes,no,no,
output,DUMP::UPDATE_MASS,dump.f90,CCVAR,mesh_field,MESH_TYPE,wall_obst_cutcell,R,dump.f90:11893,no,yes,no,no,via=ptr
output,DUMP::UPDATE_MASS,dump.f90,CELL,mesh_field,MESH_TYPE,wall_obst_cutcell,R,dump.f90:11888,no,yes,no,no,via=ptr
output,DUMP::UPDATE_MASS,dump.f90,CELL_INDEX,mesh_field,MESH_TYPE,wall_obst_cutcell,R,dump.f90:11888,no,yes,no,no,via=ptr
output,DUMP::UPDATE_MASS,dump.f90,CUT_CELL,mesh_field,MESH_TYPE,wall_obst_cutcell,R,dump.f90:11896,no,yes,no,no,via=ptr
output,DUMP::UPDATE_MASS,dump.f90,DX,mesh_field,MESH_TYPE,grid_geometry,R,dump.f90:11909,no,yes,no,no,via=ptr
output,DUMP::UPDATE_MASS,dump.f90,DY,mesh_field,MESH_TYPE,grid_geometry,R,dump.f90:11909,no,yes,no,no,via=ptr
output,DUMP::UPDATE_MASS,dump.f90,DZ,mesh_field,MESH_TYPE,grid_geometry,R,dump.f90:11909,no,yes,no,no,via=ptr
output,DUMP::UPDATE_MASS,dump.f90,IBAR,mesh_field,MESH_TYPE,grid_geometry,R,dump.f90:11887,no,yes,no,no,via=ptr
output,DUMP::UPDATE_MASS,dump.f90,INTERPOLATED_MESH,mesh_field,MESH_TYPE,ghost_boundary,R,dump.f90:11890,no,yes,no,no,via=ptr
output,DUMP::UPDATE_MASS,dump.f90,JBAR,mesh_field,MESH_TYPE,grid_geometry,R,dump.f90:11886,no,yes,no,no,via=ptr
output,DUMP::UPDATE_MASS,dump.f90,KBAR,mesh_field,MESH_TYPE,grid_geometry,R,dump.f90:11885,no,yes,no,no,via=ptr
output,DUMP::UPDATE_MASS,dump.f90,RC,mesh_field,MESH_TYPE,grid_geometry,R,dump.f90:11909,no,yes,no,no,via=ptr
output,DUMP::UPDATE_MASS,dump.f90,RHO,mesh_field,MESH_TYPE,cell_centred_solution,R,dump.f90:11910,no,yes,no,no,via=ptr
output,DUMP::UPDATE_MASS,dump.f90,ZZ,mesh_field,MESH_TYPE,cell_centred_solution,R,dump.f90:11911,no,yes,no,no,via=ptr
output,DUMP::WRITE_CFACES,dump.f90,FN_CFACE_GEOM,module_global,GLOBAL_CONSTANTS,runtime_array,R,dump.f90:6319,no,no,no,no,
output,DUMP::WRITE_CFACES,dump.f90,LOWER_MESH_INDEX,module_global,GLOBAL_CONSTANTS,runtime_scalar,R,dump.f90:6317,no,no,no,no,
output,DUMP::WRITE_CFACES,dump.f90,LU_CFACE_GEOM,module_global,GLOBAL_CONSTANTS,runtime_array,R,dump.f90:6319,no,no,no,no,
output,DUMP::WRITE_CFACES,dump.f90,UPPER_MESH_INDEX,module_global,GLOBAL_CONSTANTS,runtime_scalar,R,dump.f90:6317,no,no,no,no,
output,DUMP::WRITE_DEVC_CTRL_LOG,dump.f90,CONTROL,module_global,CONTROL_VARIABLES,runtime_array,R,dump.f90:13238,no,no,no,no,
output,DUMP::WRITE_DEVC_CTRL_LOG,dump.f90,N_CTRL,module_global,CONTROL_VARIABLES,runtime_scalar,R,dump.f90:13237,no,no,no,no,
output,DUMP::WRITE_DEVC_CTRL_LOG,dump.f90,DEVICE,module_global,DEVICE_VARIABLES,runtime_array,R,dump.f90:13222,no,no,no,no,
output,DUMP::WRITE_DEVC_CTRL_LOG,dump.f90,N_DEVC,module_global,DEVICE_VARIABLES,runtime_scalar,R,dump.f90:13221,no,no,no,no,
output,DUMP::WRITE_DEVC_CTRL_LOG,dump.f90,TCFORM,module_global,DUMP,runtime_scalar,R,dump.f90:13229,no,no,no,no,
output,DUMP::WRITE_DEVC_CTRL_LOG,dump.f90,LU_DEVC_CTRL,module_global,GLOBAL_CONSTANTS,runtime_scalar,R,dump.f90:13231,no,no,no,no,
output,DUMP::WRITE_DEVC_CTRL_LOG,dump.f90,SEPARATOR,module_global,GLOBAL_CONSTANTS,runtime_scalar,R,dump.f90:13229,no,no,no,no,
output,DUMP::WRITE_DEVC_CTRL_LOG,dump.f90,TIME_SHRINK_FACTOR,module_global,GLOBAL_CONSTANTS,runtime_scalar,R,dump.f90:13228,no,no,no,no,
output,DUMP::WRITE_DEVC_CTRL_LOG,dump.f90,T_BEGIN,module_global,GLOBAL_CONSTANTS,runtime_scalar,R,dump.f90:13228,no,no,no,no,
output,DUMP::WRITE_DIAGNOSTICS,dump.f90,CHECK_POISSON,module_global,GLOBAL_CONSTANTS,runtime_scalar,R,dump.f90:4467,yes,no,no,no,
output,DUMP::WRITE_DIAGNOSTICS,dump.f90,CHECK_VN,module_global,GLOBAL_CONSTANTS,runtime_scalar,R,dump.f90:4393,yes,no,no,no,
output,DUMP::WRITE_DIAGNOSTICS,dump.f90,CPU_TIME_START,module_global,GLOBAL_CONSTANTS,runtime_scalar,R,dump.f90:4368,yes,no,no,no,
output,DUMP::WRITE_DIAGNOSTICS,dump.f90,ICYC,module_global,GLOBAL_CONSTANTS,runtime_scalar,R,dump.f90:4368,yes,no,no,no,
output,DUMP::WRITE_DIAGNOSTICS,dump.f90,ITERATE_PRESSURE,module_global,GLOBAL_CONSTANTS,runtime_scalar,R,dump.f90:4436,yes,no,no,no,
output,DUMP::WRITE_DIAGNOSTICS,dump.f90,LU_ERR,module_global,GLOBAL_CONSTANTS,runtime_scalar,R,dump.f90:4380,yes,no,no,no,
output,DUMP::WRITE_DIAGNOSTICS,dump.f90,LU_OUTPUT,module_global,GLOBAL_CONSTANTS,runtime_scalar,R,dump.f90:4402,yes,no,no,no,
output,DUMP::WRITE_DIAGNOSTICS,dump.f90,LU_STEPS,module_global,GLOBAL_CONSTANTS,runtime_scalar,R,dump.f90:4368,yes,no,no,no,
output,DUMP::WRITE_DIAGNOSTICS,dump.f90,NMESHES,module_global,GLOBAL_CONSTANTS,runtime_scalar,R,dump.f90:4386,yes,no,no,no,
output,DUMP::WRITE_DIAGNOSTICS,dump.f90,PRESSURE_ERROR_MAX,module_global,GLOBAL_CONSTANTS,runtime_array,R,dump.f90:4444,yes,no,no,no,
output,DUMP::WRITE_DIAGNOSTICS,dump.f90,PRESSURE_ERROR_MAX_LOC,module_global,GLOBAL_CONSTANTS,runtime_array,R,dump.f90:4445,yes,no,no,no,
output,DUMP::WRITE_DIAGNOSTICS,dump.f90,PRESSURE_ITERATIONS,module_global,GLOBAL_CONSTANTS,runtime_scalar,R,dump.f90:4411,yes,no,no,no,
output,DUMP::WRITE_DIAGNOSTICS,dump.f90,SIM_MODE,module_global,GLOBAL_CONSTANTS,runtime_scalar,R,dump.f90:4334,yes,no,no,no,
output,DUMP::WRITE_DIAGNOSTICS,dump.f90,SUPPRESS_DIAGNOSTICS,module_global,GLOBAL_CONSTANTS,runtime_scalar,R,dump.f90:4406,yes,no,no,no,
output,DUMP::WRITE_DIAGNOSTICS,dump.f90,TIME_SHRINK_FACTOR,module_global,GLOBAL_CONSTANTS,runtime_scalar,R,dump.f90:4340,yes,no,no,no,
output,DUMP::WRITE_DIAGNOSTICS,dump.f90,T_BEGIN,module_global,GLOBAL_CONSTANTS,runtime_scalar,R,dump.f90:4341,yes,no,no,no,
output,DUMP::WRITE_DIAGNOSTICS,dump.f90,T_USED,module_global,GLOBAL_CONSTANTS,runtime_array,RW,dump.f90:4487,yes,no,no,no,
output,DUMP::WRITE_DIAGNOSTICS,dump.f90,VELOCITY_ERROR_MAX,module_global,GLOBAL_CONSTANTS,runtime_array,R,dump.f90:4437,yes,no,no,no,
output,DUMP::WRITE_DIAGNOSTICS,dump.f90,VELOCITY_ERROR_MAX_LOC,module_global,GLOBAL_CONSTANTS,runtime_array,R,dump.f90:4438,yes,no,no,no,
output,DUMP::WRITE_DIAGNOSTICS,dump.f90,CFL,mesh_field,MESH_TYPE,other,R,dump.f90:4388,yes,no,no,no,via=M
output,DUMP::WRITE_DIAGNOSTICS,dump.f90,DIVMN,mesh_field,MESH_TYPE,other,R,dump.f90:4464,yes,no,no,no,via=M
output,DUMP::WRITE_DIAGNOSTICS,dump.f90,DIVMX,mesh_field,MESH_TYPE,other,R,dump.f90:4464,yes,no,no,no,via=M
output,DUMP::WRITE_DIAGNOSTICS,dump.f90,DT_RESTRICT_STORE,mesh_field,MESH_TYPE,other,RW,dump.f90:4470,yes,no,no,no,via=M
output,DUMP::WRITE_DIAGNOSTICS,dump.f90,ICFL,mesh_field,MESH_TYPE,other,R,dump.f90:4391,yes,no,no,no,via=M
output,DUMP::WRITE_DIAGNOSTICS,dump.f90,IMN,mesh_field,MESH_TYPE,other,R,dump.f90:4464,yes,no,no,no,via=M
output,DUMP::WRITE_DIAGNOSTICS,dump.f90,IMX,mesh_field,MESH_TYPE,other,R,dump.f90:4464,yes,no,no,no,via=M
output,DUMP::WRITE_DIAGNOSTICS,dump.f90,IRM,mesh_field,MESH_TYPE,other,R,dump.f90:4465,yes,no,no,no,via=M
output,DUMP::WRITE_DIAGNOSTICS,dump.f90,I_VN,mesh_field,MESH_TYPE,other,R,dump.f90:4396,yes,no,no,no,via=M
output,DUMP::WRITE_DIAGNOSTICS,dump.f90,JCFL,mesh_field,MESH_TYPE,other,R,dump.f90:4391,yes,no,no,no,via=M
output,DUMP::WRITE_DIAGNOSTICS,dump.f90,JMN,mesh_field,MESH_TYPE,other,R,dump.f90:4464,yes,no,no,no,via=M
output,DUMP::WRITE_DIAGNOSTICS,dump.f90,JMX,mesh_field,MESH_TYPE,other,R,dump.f90:4464,yes,no,no,no,via=M
output,DUMP::WRITE_DIAGNOSTICS,dump.f90,JRM,mesh_field,MESH_TYPE,other,R,dump.f90:4465,yes,no,no,no,via=M
output,DUMP::WRITE_DIAGNOSTICS,dump.f90,J_VN,mesh_field,MESH_TYPE,other,R,dump.f90:4396,yes,no,no,no,via=M
output,DUMP::WRITE_DIAGNOSTICS,dump.f90,KCFL,mesh_field,MESH_TYPE,other,R,dump.f90:4391,yes,no,no,no,via=M
output,DUMP::WRITE_DIAGNOSTICS,dump.f90,KMN,mesh_field,MESH_TYPE,other,R,dump.f90:4464,yes,no,no,no,via=M
output,DUMP::WRITE_DIAGNOSTICS,dump.f90,KMX,mesh_field,MESH_TYPE,other,R,dump.f90:4464,yes,no,no,no,via=M
output,DUMP::WRITE_DIAGNOSTICS,dump.f90,KRM,mesh_field,MESH_TYPE,other,R,dump.f90:4465,yes,no,no,no,via=M
output,DUMP::WRITE_DIAGNOSTICS,dump.f90,K_VN,mesh_field,MESH_TYPE,other,R,dump.f90:4396,yes,no,no,no,via=M
output,DUMP::WRITE_DIAGNOSTICS,dump.f90,NLP,mesh_field,MESH_TYPE,particle,R,dump.f90:4469,yes,no,no,no,via=M
output,DUMP::WRITE_DIAGNOSTICS,dump.f90,POIS_ERR,mesh_field,MESH_TYPE,pressure_solver,R,dump.f90:4467,yes,no,no,no,via=M
output,DUMP::WRITE_DIAGNOSTICS,dump.f90,POIS_PTB,mesh_field,MESH_TYPE,pressure_solver,R,dump.f90:4466,yes,no,no,no,via=M
output,DUMP::WRITE_DIAGNOSTICS,dump.f90,RESMAX,mesh_field,MESH_TYPE,other,R,dump.f90:4465,yes,no,no,no,via=M
output,DUMP::WRITE_DIAGNOSTICS,dump.f90,VN,mesh_field,MESH_TYPE,other,R,dump.f90:4393,yes,no,no,no,via=M
output,GEOMETRY_FUNCTIONS::TRANSFORM_COORDINATES,func.f90,MOVEMENT,module_global,TYPES,runtime_array,R,func.f90:6533,no,no,no,no,
output,MEMORY_FUNCTIONS::GET_LAGRANGIAN_PARTICLE_INDEX,func.f90,LAGRANGIAN_PARTICLE,mesh_field,MESH_TYPE,particle,R,func.f90:5310,no,no,no,no,via=MESHES
output,MEMORY_FUNCTIONS::GET_LAGRANGIAN_PARTICLE_INDEX,func.f90,NLP,mesh_field,MESH_TYPE,particle,R,func.f90:5309,no,no,no,no,via=MESHES
output,MEMORY_FUNCTIONS::PACK_CFACE,func.f90,SURFACE,module_global,TYPES,runtime_array,R,func.f90:4608,no,no,no,no,
output,MISC_FUNCTIONS::VERBOSE_PRINTOUT,func.f90,CPU_TIME_START,module_global,GLOBAL_CONSTANTS,runtime_scalar,R,func.f90:6965,no,no,no,no,
output,MISC_FUNCTIONS::VERBOSE_PRINTOUT,func.f90,LU_ERR,module_global,GLOBAL_CONSTANTS,runtime_scalar,R,func.f90:6964,no,no,no,no,
output,MISC_FUNCTIONS::VERBOSE_PRINTOUT,func.f90,MY_RANK,module_global,GLOBAL_CONSTANTS,runtime_scalar,R,func.f90:6964,no,no,no,no,
output,PHYSICAL_FUNCTIONS::FED,func.f90,CO2_INDEX,module_global,GLOBAL_CONSTANTS,runtime_scalar,R,func.f90:2426,no,no,no,no,
output,PHYSICAL_FUNCTIONS::FED,func.f90,N_SPECIES,module_global,GLOBAL_CONSTANTS,runtime_scalar,R,func.f90:2415,no,no,no,no,
output,PHYSICAL_FUNCTIONS::FED,func.f90,O2_INDEX,module_global,GLOBAL_CONSTANTS,runtime_scalar,R,func.f90:2435,no,no,no,no,
output,PHYSICAL_FUNCTIONS::FED,func.f90,SPECIES,module_global,TYPES,runtime_array,R,func.f90:2383,no,no,no,no,
output,PHYSICAL_FUNCTIONS::FIC,func.f90,N_SPECIES,module_global,GLOBAL_CONSTANTS,runtime_scalar,R,func.f90:2455,no,no,no,no,
output,PHYSICAL_FUNCTIONS::FIC,func.f90,SPECIES,module_global,TYPES,runtime_array,R,func.f90:2456,no,no,no,no,
output,PHYSICAL_FUNCTIONS::GET_POTENTIAL_TEMPERATURE,func.f90,GM1OG,module_global,GLOBAL_CONSTANTS,runtime_scalar,R,func.f90:2543,no,no,no,no,
output,PHYSICAL_FUNCTIONS::GET_POTENTIAL_TEMPERATURE,func.f90,I_RAMP_P0_Z,module_global,GLOBAL_CONSTANTS,runtime_scalar,R,func.f90:2539,no,no,no,no,
output,PHYSICAL_FUNCTIONS::GET_POTENTIAL_TEMPERATURE,func.f90,P_INF,module_global,GLOBAL_CONSTANTS,runtime_scalar,R,func.f90:2541,no,no,no,no,
output,PHYSICAL_FUNCTIONS::GET_POTENTIAL_TEMPERATURE,func.f90,STRATIFICATION,module_global,GLOBAL_CONSTANTS,runtime_scalar,R,func.f90:2538,no,no,no,no,
output,PHYSICAL_FUNCTIONS::RELATIVE_HUMIDITY,func.f90,MW_AIR,module_global,GLOBAL_CONSTANTS,runtime_scalar,R,func.f90:2502,no,no,no,no,
output,COMPLEX_GEOMETRY::GEOM2TEXTURE,geom.f90,GEOMETRY,module_global,TYPES,runtime_array,R,geom.f90:3856,no,no,no,no,
output,COMPLEX_GEOMETRY::GEOM2TEXTURE,geom.f90,N_GEOMETRY,module_global,TYPES,runtime_scalar,R,geom.f90:3855,no,no,no,no,
output,COMPLEX_GEOMETRY::GEOM2TEXTURE,geom.f90,SURFACE,module_global,TYPES,runtime_array,R,geom.f90:3860,no,no,no,no,
output,COMPLEX_GEOMETRY::GEOMCLIPS,geom.f90,GEOMETRY,module_global,TYPES,runtime_array,R,geom.f90:3749,no,no,no,no,
output,COMPLEX_GEOMETRY::GEOMCLIPS,geom.f90,N_GEOMETRY,module_global,TYPES,runtime_scalar,R,geom.f90:3748,no,no,no,no,
output,COMPLEX_GEOMETRY::MERGE_GEOMS,geom.f90,GEOMETRY,module_global,TYPES,runtime_array,R,geom.f90:3898,no,no,no,no,
output,COMPLEX_GEOMETRY::MERGE_GEOMS,geom.f90,N_GEOMETRY,module_global,TYPES,runtime_scalar,R,geom.f90:3897,no,no,no,no,
output,COMPLEX_GEOMETRY::PROCESS_GEOM,geom.f90,MESSAGE,module_global,COMPLEX_GEOMETRY,runtime_scalar,R,geom.f90:3799,no,no,no,no,
output,COMPLEX_GEOMETRY::PROCESS_GEOM,geom.f90,N_MOVE,module_global,GLOBAL_CONSTANTS,runtime_scalar,R,geom.f90:3792,no,no,no,no,
output,COMPLEX_GEOMETRY::PROCESS_GEOM,geom.f90,T_BEGIN,module_global,GLOBAL_CONSTANTS,runtime_scalar,R,geom.f90:3772,no,no,no,no,
output,COMPLEX_GEOMETRY::PROCESS_GEOM,geom.f90,GEOMETRY,module_global,TYPES,runtime_array,R,geom.f90:3778,no,no,no,no,
output,COMPLEX_GEOMETRY::PROCESS_GEOM,geom.f90,MOVEMENT,module_global,TYPES,runtime_array,R,geom.f90:3793,no,no,no,no,
output,COMPLEX_GEOMETRY::PROCESS_GEOM,geom.f90,N_GEOMETRY,module_global,TYPES,runtime_scalar,R,geom.f90:3777,no,no,no,no,
output,COMPLEX_GEOMETRY::WRITE_GEOM,geom.f90,FN_GEOM,module_global,GLOBAL_CONSTANTS,runtime_array,R,geom.f90:4091,no,no,no,no,
output,COMPLEX_GEOMETRY::WRITE_GEOM,geom.f90,LU_GEOM,module_global,GLOBAL_CONSTANTS,runtime_array,R,geom.f90:4091,no,no,no,no,
output,COMPLEX_GEOMETRY::WRITE_GEOM,geom.f90,N_GEOMETRY,module_global,TYPES,runtime_scalar,R,geom.f90:4088,no,no,no,no,
output,FDS::DUMP_GLOBAL_OUTPUTS,main.f90,WRITE_CVODE_SUBSTEPS,module_global,CHEMCONS,runtime_scalar,R,main.f90:4687,no,yes,no,no,
output,FDS::DUMP_GLOBAL_OUTPUTS,main.f90,CONTROL,module_global,CONTROL_VARIABLES,runtime_array,R,main.f90:4674,no,yes,no,no,
output,FDS::DUMP_GLOBAL_OUTPUTS,main.f90,N_CTRL,module_global,CONTROL_VARIABLES,runtime_scalar,R,main.f90:4691,no,yes,no,no,
output,FDS::DUMP_GLOBAL_OUTPUTS,main.f90,DEVICE,module_global,DEVICE_VARIABLES,runtime_array,R,main.f90:4655,no,yes,no,no,
output,FDS::DUMP_GLOBAL_OUTPUTS,main.f90,N_DEVC,module_global,DEVICE_VARIABLES,runtime_scalar,R,main.f90:4650,no,yes,no,no,
output,FDS::DUMP_GLOBAL_OUTPUTS,main.f90,PROPERTY,module_global,DEVICE_VARIABLES,runtime_array,R,main.f90:4656,no,yes,no,no,
output,FDS::DUMP_GLOBAL_OUTPUTS,main.f90,DT,module_global,FDS,runtime_scalar,R,main.f90:4604,no,yes,no,no,
output,FDS::DUMP_GLOBAL_OUTPUTS,main.f90,IERR,module_global,FDS,runtime_scalar,R,main.f90:4602,no,yes,no,no,
output,FDS::DUMP_GLOBAL_OUTPUTS,main.f90,N,module_global,FDS,runtime_scalar,R,main.f90:4654,no,yes,no,no,
output,FDS::DUMP_GLOBAL_OUTPUTS,main.f90,STATUS,module_global,FDS,runtime_array,R,main.f90:4660,no,yes,no,no,
output,FDS::DUMP_GLOBAL_OUTPUTS,main.f90,T,module_global,FDS,runtime_scalar,R,main.f90:4600,no,yes,no,no,
output,FDS::DUMP_GLOBAL_OUTPUTS,main.f90,HVAC_SOLVE,module_global,GLOBAL_CONSTANTS,runtime_scalar,R,main.f90:4617,no,yes,no,no,
output,FDS::DUMP_GLOBAL_OUTPUTS,main.f90,MY_RANK,module_global,GLOBAL_CONSTANTS,runtime_scalar,R,main.f90:4601,no,yes,no,no,
output,FDS::DUMP_GLOBAL_OUTPUTS,main.f90,N_FACE,module_global,GLOBAL_CONSTANTS,runtime_scalar,R,main.f90:4626,no,yes,no,no,
output,FDS::DUMP_GLOBAL_OUTPUTS,main.f90,N_SPECIES,module_global,GLOBAL_CONSTANTS,runtime_scalar,R,main.f90:4638,no,yes,no,no,
output,FDS::DUMP_GLOBAL_OUTPUTS,main.f90,N_TRACKED_SPECIES,module_global,GLOBAL_CONSTANTS,runtime_scalar,R,main.f90:4603,no,yes,no,no,
output,FDS::DUMP_GLOBAL_OUTPUTS,main.f90,PROCESS,module_global,GLOBAL_CONSTANTS,runtime_array,R,main.f90:4657,no,yes,no,no,
output,FDS::DUMP_GLOBAL_OUTPUTS,main.f90,T_BEGIN,module_global,GLOBAL_CONSTANTS,runtime_scalar,R,main.f90:4630,no,yes,no,no,
output,FDS::DUMP_GLOBAL_OUTPUTS,main.f90,T_USED,module_global,GLOBAL_CONSTANTS,runtime_array,RW,main.f90:4714,no,yes,no,no,
output,FDS::DUMP_GLOBAL_OUTPUTS,main.f90,WRITE_DEVC_CTRL,module_global,GLOBAL_CONSTANTS,runtime_scalar,R,main.f90:4705,no,yes,no,no,
output,FDS::DUMP_GLOBAL_OUTPUTS,main.f90,N_DUCT_QUANTITY,module_global,HVAC_ROUTINES,runtime_scalar,R,main.f90:4617,no,yes,no,no,
output,FDS::DUMP_GLOBAL_OUTPUTS,main.f90,N_NODE_QUANTITY,module_global,HVAC_ROUTINES,runtime_scalar,R,main.f90:4617,no,yes,no,no,
output,FDS::DUMP_GLOBAL_OUTPUTS,main.f90,CPU_CLOCK,module_global,OUTPUT_CLOCKS,runtime_array,R,main.f90:4698,no,yes,no,no,
output,FDS::DUMP_GLOBAL_OUTPUTS,main.f90,CPU_COUNTER,module_global,OUTPUT_CLOCKS,runtime_array,RW,main.f90:4698,no,yes,no,no,
output,FDS::DUMP_GLOBAL_OUTPUTS,main.f90,CTRL_CLOCK,module_global,OUTPUT_CLOCKS,runtime_array,R,main.f90:4691,no,yes,no,no,
output,FDS::DUMP_GLOBAL_OUTPUTS,main.f90,CTRL_COUNTER,module_global,OUTPUT_CLOCKS,runtime_array,RW,main.f90:4691,no,yes,no,no,
output,FDS::DUMP_GLOBAL_OUTPUTS,main.f90,DEVC_CLOCK,module_global,OUTPUT_CLOCKS,runtime_array,R,main.f90:4650,no,yes,no,no,
output,FDS::DUMP_GLOBAL_OUTPUTS,main.f90,DEVC_COUNTER,module_global,OUTPUT_CLOCKS,runtime_array,RW,main.f90:4650,no,yes,no,no,
output,FDS::DUMP_GLOBAL_OUTPUTS,main.f90,GEOM_CLOCK,module_global,OUTPUT_CLOCKS,runtime_array,R,main.f90:4626,no,yes,no,no,
output,FDS::DUMP_GLOBAL_OUTPUTS,main.f90,GEOM_COUNTER,module_global,OUTPUT_CLOCKS,runtime_array,RW,main.f90:4626,no,yes,no,no,
output,FDS::DUMP_GLOBAL_OUTPUTS,main.f90,HRR_CLOCK,module_global,OUTPUT_CLOCKS,runtime_array,R,main.f90:4600,no,yes,no,no,
output,FDS::DUMP_GLOBAL_OUTPUTS,main.f90,HRR_COUNTER,module_global,OUTPUT_CLOCKS,runtime_array,RW,main.f90:4600,no,yes,no,no,
output,FDS::DUMP_GLOBAL_OUTPUTS,main.f90,HVAC_CLOCK,module_global,OUTPUT_CLOCKS,runtime_array,R,main.f90:4618,no,yes,no,no,
output,FDS::DUMP_GLOBAL_OUTPUTS,main.f90,HVAC_COUNTER,module_global,OUTPUT_CLOCKS,runtime_array,RW,main.f90:4618,no,yes,no,no,
output,FDS::DUMP_GLOBAL_OUTPUTS,main.f90,MASS_CLOCK,module_global,OUTPUT_CLOCKS,runtime_array,R,main.f90:4636,no,yes,no,no,
output,FDS::DUMP_GLOBAL_OUTPUTS,main.f90,MASS_COUNTER,module_global,OUTPUT_CLOCKS,runtime_array,RW,main.f90:4636,no,yes,no,no,
output,FDS::DUMP_GLOBAL_OUTPUTS,main.f90,MASS_DT,module_global,OUTPUT_DATA,runtime_array,RW,main.f90:4638,no,yes,no,no,
output,FDS::DUMP_GLOBAL_OUTPUTS,main.f90,M_DOT_SUM,module_global,OUTPUT_DATA,runtime_array,RW,main.f90:4603,no,yes,no,no,
output,FDS::DUMP_GLOBAL_OUTPUTS,main.f90,Q_DOT_SUM,module_global,OUTPUT_DATA,runtime_array,RW,main.f90:4602,no,yes,no,no,
output,FDS::DUMP_GLOBAL_OUTPUTS,main.f90,T_LAST_DUMP_HRR,module_global,OUTPUT_DATA,runtime_scalar,W,main.f90:4612,no,yes,no,no,
output,FDS::DUMP_GLOBAL_OUTPUTS,main.f90,T_LAST_DUMP_MASS,module_global,OUTPUT_DATA,runtime_scalar,W,main.f90:4645,no,yes,no,no,
output,FDS::DUMP_TIMERS,main.f90,I,module_global,FDS,runtime_scalar,R,main.f90:4130,no,no,no,no,
output,FDS::DUMP_TIMERS,main.f90,IERR,module_global,FDS,runtime_scalar,R,main.f90:4135,no,no,no,no,
output,FDS::DUMP_TIMERS,main.f90,N,module_global,FDS,runtime_scalar,R,main.f90:4138,no,no,no,no,
output,FDS::DUMP_TIMERS,main.f90,STATUS,module_global,FDS,runtime_array,R,main.f90:4141,no,no,no,no,
output,FDS::DUMP_TIMERS,main.f90,CHID,module_global,GLOBAL_CONSTANTS,runtime_scalar,R,main.f90:4144,no,no,no,no,
output,FDS::DUMP_TIMERS,main.f90,MY_RANK,module_global,GLOBAL_CONSTANTS,runtime_scalar,R,main.f90:4130,no,no,no,no,
output,FDS::DUMP_TIMERS,main.f90,N_MPI_PROCESSES,module_global,GLOBAL_CONSTANTS,runtime_scalar,R,main.f90:4138,no,no,no,no,
output,FDS::DUMP_TIMERS,main.f90,T_USED,module_global,GLOBAL_CONSTANTS,runtime_array,RW,main.f90:4121,no,no,no,no,
output,FDS::WRITE_CFL_FILE,main.f90,DT,module_global,FDS,runtime_scalar,R,main.f90:1880,no,yes,no,no,
output,FDS::WRITE_CFL_FILE,main.f90,IERR,module_global,FDS,runtime_scalar,R,main.f90:1869,no,yes,no,no,
output,FDS::WRITE_CFL_FILE,main.f90,NM,module_global,FDS,runtime_scalar,R,main.f90:1846,no,yes,no,no,
output,FDS::WRITE_CFL_FILE,main.f90,REAL_BUFFER_20,module_global,FDS,runtime_array,RW,main.f90:1847,no,yes,no,no,
output,FDS::WRITE_CFL_FILE,main.f90,T,module_global,FDS,runtime_scalar,R,main.f90:1880,no,yes,no,no,
output,FDS::WRITE_CFL_FILE,main.f90,COUNTS_20,module_global,GLOBAL_CONSTANTS,runtime_array,R,main.f90:1868,no,yes,no,no,
output,FDS::WRITE_CFL_FILE,main.f90,DISPLS,module_global,GLOBAL_CONSTANTS,runtime_array,R,main.f90:1868,no,yes,no,no,
output,FDS::WRITE_CFL_FILE,main.f90,DISPLS_20,module_global,GLOBAL_CONSTANTS,runtime_array,R,main.f90:1869,no,yes,no,no,
output,FDS::WRITE_CFL_FILE,main.f90,ICYC,module_global,GLOBAL_CONSTANTS,runtime_scalar,R,main.f90:1880,no,yes,no,no,
output,FDS::WRITE_CFL_FILE,main.f90,LOWER_MESH_INDEX,module_global,GLOBAL_CONSTANTS,runtime_scalar,R,main.f90:1846,no,yes,no,no,
output,FDS::WRITE_CFL_FILE,main.f90,LU_CFL,module_global,GLOBAL_CONSTANTS,runtime_scalar,R,main.f90:1880,no,yes,no,no,
output,FDS::WRITE_CFL_FILE,main.f90,MY_RANK,module_global,GLOBAL_CONSTANTS,runtime_scalar,R,main.f90:1867,no,yes,no,no,
output,FDS::WRITE_CFL_FILE,main.f90,UPPER_MESH_INDEX,module_global,GLOBAL_CONSTANTS,runtime_scalar,R,main.f90:1846,no,yes,no,no,
output,FDS::WRITE_CFL_FILE,main.f90,CFL,mesh_field,MESH_TYPE,other,R,main.f90:1847,no,yes,no,no,via=MESHES
output,FDS::WRITE_CFL_FILE,main.f90,DS,mesh_field,MESH_TYPE,cell_centred_solution,R,main.f90:1861,no,yes,no,no,via=MESHES
output,FDS::WRITE_CFL_FILE,main.f90,ICFL,mesh_field,MESH_TYPE,other,R,main.f90:1848,no,yes,no,no,via=MESHES
output,FDS::WRITE_CFL_FILE,main.f90,I_VN,mesh_field,MESH_TYPE,other,R,main.f90:1852,no,yes,no,no,via=MESHES
output,FDS::WRITE_CFL_FILE,main.f90,JCFL,mesh_field,MESH_TYPE,other,R,main.f90:1849,no,yes,no,no,via=MESHES
output,FDS::WRITE_CFL_FILE,main.f90,J_VN,mesh_field,MESH_TYPE,other,R,main.f90:1853,no,yes,no,no,via=MESHES
output,FDS::WRITE_CFL_FILE,main.f90,KCFL,mesh_field,MESH_TYPE,other,R,main.f90:1850,no,yes,no,no,via=MESHES
output,FDS::WRITE_CFL_FILE,main.f90,K_VN,mesh_field,MESH_TYPE,other,R,main.f90:1854,no,yes,no,no,via=MESHES
output,FDS::WRITE_CFL_FILE,main.f90,MIX_TIME,mesh_field,MESH_TYPE,cell_centred_solution,R,main.f90:1864,no,yes,no,no,via=MESHES
output,FDS::WRITE_CFL_FILE,main.f90,MU,mesh_field,MESH_TYPE,cell_centred_solution,R,main.f90:1862,no,yes,no,no,via=MESHES
output,FDS::WRITE_CFL_FILE,main.f90,Q,mesh_field,MESH_TYPE,cell_centred_solution,R,main.f90:1863,no,yes,no,no,via=MESHES
output,FDS::WRITE_CFL_FILE,main.f90,US,mesh_field,MESH_TYPE,face_centred_flux,R,main.f90:1855,no,yes,no,no,via=MESHES
output,FDS::WRITE_CFL_FILE,main.f90,VN,mesh_field,MESH_TYPE,other,R,main.f90:1851,no,yes,no,no,via=MESHES
output,FDS::WRITE_CFL_FILE,main.f90,VS,mesh_field,MESH_TYPE,face_centred_flux,R,main.f90:1857,no,yes,no,no,via=MESHES
output,FDS::WRITE_CFL_FILE,main.f90,WS,mesh_field,MESH_TYPE,face_centred_flux,R,main.f90:1859,no,yes,no,no,via=MESHES
output,FDS::WRITE_STRINGS,main.f90,CONTROL,module_global,CONTROL_VARIABLES,runtime_array,R,main.f90:4241,yes,no,no,no,
output,FDS::WRITE_STRINGS,main.f90,DEVICE,module_global,DEVICE_VARIABLES,runtime_array,R,main.f90:4232,yes,no,no,no,
output,FDS::WRITE_STRINGS,main.f90,IERR,module_global,FDS,runtime_scalar,R,main.f90:4174,yes,no,no,no,
output,FDS::WRITE_STRINGS,main.f90,NM,module_global,FDS,runtime_scalar,R,main.f90:4172,yes,no,no,no,
output,FDS::WRITE_STRINGS,main.f90,STATUS,module_global,FDS,runtime_array,R,main.f90:4198,yes,no,no,no,
output,FDS::WRITE_STRINGS,main.f90,T,module_global,FDS,runtime_scalar,R,main.f90:4228,yes,no,no,no,
output,FDS::WRITE_STRINGS,main.f90,HVAC_SOLVE,module_global,GLOBAL_CONSTANTS,runtime_scalar,R,main.f90:4225,yes,no,no,no,
output,FDS::WRITE_STRINGS,main.f90,LOWER_MESH_INDEX,module_global,GLOBAL_CONSTANTS,runtime_scalar,R,main.f90:4172,yes,no,no,no,
output,FDS::WRITE_STRINGS,main.f90,LU_SMV,module_global,GLOBAL_CONSTANTS,runtime_scalar,R,main.f90:4194,yes,no,no,no,
output,FDS::WRITE_STRINGS,main.f90,MY_RANK,module_global,GLOBAL_CONSTANTS,runtime_scalar,R,main.f90:4173,yes,no,no,no,
output,FDS::WRITE_STRINGS,main.f90,NMESHES,module_global,GLOBAL_CONSTANTS,runtime_scalar,R,main.f90:4196,yes,no,no,no,
output,FDS::WRITE_STRINGS,main.f90,N_DUCTS,module_global,GLOBAL_CONSTANTS,runtime_scalar,R,main.f90:4229,yes,no,no,no,
output,FDS::WRITE_STRINGS,main.f90,PROCESS,module_global,GLOBAL_CONSTANTS,runtime_array,R,main.f90:4197,yes,no,no,no,
output,FDS::WRITE_STRINGS,main.f90,TIME_SHRINK_FACTOR,module_global,GLOBAL_CONSTANTS,runtime_scalar,R,main.f90:4235,yes,no,no,no,
output,FDS::WRITE_STRINGS,main.f90,T_BEGIN,module_global,GLOBAL_CONSTANTS,runtime_scalar,R,main.f90:4228,yes,no,no,no,
output,FDS::WRITE_STRINGS,main.f90,T_USED,module_global,GLOBAL_CONSTANTS,runtime_array,RW,main.f90:4268,yes,no,no,no,
output,FDS::WRITE_STRINGS,main.f90,UPPER_MESH_INDEX,module_global,GLOBAL_CONSTANTS,runtime_scalar,R,main.f90:4172,yes,no,no,no,
output,FDS::WRITE_STRINGS,main.f90,DUCT,module_global,TYPES,runtime_array,R,main.f90:4227,yes,no,no,no,
output,FDS::WRITE_STRINGS,main.f90,N_STRINGS,mesh_field,MESH_TYPE,other,RW,main.f90:4174,yes,no,no,no,via=MESHES
output,FDS::WRITE_STRINGS,main.f90,STRING,mesh_field,MESH_TYPE,other,R,main.f90:4181,yes,no,no,no,via=MESHES
output,ISOSMOKE::SMOKE3D_TO_FILE,smvv.f90,FN_SMOKE3D,module_global,GLOBAL_CONSTANTS,runtime_array,R,smvv.f90:980,no,no,no,no,
output,ISOSMOKE::SMOKE3D_TO_FILE,smvv.f90,HRRPUV_MAX_SMV,module_global,GLOBAL_CONSTANTS,runtime_scalar,R,smvv.f90:957,no,no,no,no,
output,ISOSMOKE::SMOKE3D_TO_FILE,smvv.f90,LU_SMOKE3D,module_global,GLOBAL_CONSTANTS,runtime_array,R,smvv.f90:980,no,no,no,no,
output,ISOSMOKE::SMOKE3D_TO_FILE,smvv.f90,SMOKE3D_VERSION,module_global,GLOBAL_CONSTANTS,runtime_scalar,R,smvv.f90:989,no,no,no,no,
output,ISOSMOKE::SMOKE3D_TO_FILE,smvv.f90,TEMP_MAX_SMV,module_global,GLOBAL_CONSTANTS,runtime_scalar,R,smvv.f90:966,no,no,no,no,
output,ISOSMOKE::SMOKE3D_TO_FILE,smvv.f90,TEMP_MIN_SMV,module_global,GLOBAL_CONSTANTS,runtime_scalar,R,smvv.f90:966,no,no,no,no,
output,ISOSMOKE::SMOKE3D_TO_FILE,smvv.f90,N_SMOKE3D,module_global,OUTPUT_DATA,runtime_scalar,R,smvv.f90:980,no,no,no,no,
output,ISOSMOKE::SMOKE3D_TO_FILE,smvv.f90,SMOKE3D_FILE,module_global,OUTPUT_DATA,runtime_array,R,smvv.f90:936,no,no,no,no,
output,TURBULENCE::SANDIA_OUT,turb.f90,NMESHES,module_global,GLOBAL_CONSTANTS,runtime_scalar,R,turb.f90:2426,yes,no,no,yes,
output,TURBULENCE::SANDIA_OUT,turb.f90,XF_MAX,module_global,GLOBAL_CONSTANTS,runtime_scalar,R,turb.f90:2420,yes,no,no,yes,
output,TURBULENCE::SANDIA_OUT,turb.f90,XS_MIN,module_global,GLOBAL_CONSTANTS,runtime_scalar,R,turb.f90:2420,yes,no,no,yes,
output,TURBULENCE::SANDIA_OUT,turb.f90,DX,mesh_field,MESH_TYPE,grid_geometry,R,turb.f90:2420,yes,no,no,yes,via=M|MM
output,TURBULENCE::SANDIA_OUT,turb.f90,DY,mesh_field,MESH_TYPE,grid_geometry,R,turb.f90:2433,yes,no,no,yes,via=M
output,TURBULENCE::SANDIA_OUT,turb.f90,DZ,mesh_field,MESH_TYPE,grid_geometry,R,turb.f90:2431,yes,no,no,yes,via=M
output,TURBULENCE::SANDIA_OUT,turb.f90,IBAR,mesh_field,MESH_TYPE,grid_geometry,R,turb.f90:2434,yes,no,no,yes,via=M
output,TURBULENCE::SANDIA_OUT,turb.f90,JBAR,mesh_field,MESH_TYPE,grid_geometry,R,turb.f90:2432,yes,no,no,yes,via=M
output,TURBULENCE::SANDIA_OUT,turb.f90,KBAR,mesh_field,MESH_TYPE,grid_geometry,R,turb.f90:2430,yes,no,no,yes,via=M
output,TURBULENCE::SANDIA_OUT,turb.f90,PWORK1,mesh_field,MESH_TYPE,pressure_solver,RW,turb.f90:2422,yes,no,no,yes,via=MM|alias:UU
output,TURBULENCE::SANDIA_OUT,turb.f90,PWORK2,mesh_field,MESH_TYPE,pressure_solver,RW,turb.f90:2423,yes,no,no,yes,via=MM|alias:VV
output,TURBULENCE::SANDIA_OUT,turb.f90,PWORK3,mesh_field,MESH_TYPE,pressure_solver,RW,turb.f90:2424,yes,no,no,yes,via=MM|alias:WW
output,TURBULENCE::SANDIA_OUT,turb.f90,U,mesh_field,MESH_TYPE,face_centred_flux,R,turb.f90:2437,yes,no,no,yes,via=M
output,TURBULENCE::SANDIA_OUT,turb.f90,V,mesh_field,MESH_TYPE,face_centred_flux,R,turb.f90:2438,yes,no,no,yes,via=M
output,TURBULENCE::SANDIA_OUT,turb.f90,W,mesh_field,MESH_TYPE,face_centred_flux,R,turb.f90:2439,yes,no,no,yes,via=M
output,TURBULENCE::SANDIA_OUT,turb.f90,XS,mesh_field,MESH_TYPE,grid_geometry,R,turb.f90:2435,yes,no,no,yes,via=M
output,TURBULENCE::SANDIA_OUT,turb.f90,YS,mesh_field,MESH_TYPE,grid_geometry,R,turb.f90:2433,yes,no,no,yes,via=M
output,TURBULENCE::SANDIA_OUT,turb.f90,ZS,mesh_field,MESH_TYPE,grid_geometry,R,turb.f90:2431,yes,no,no,yes,via=M
output,TURBULENCE::TAU_WALL_IJ,turb.f90,SIM_MODE,module_global,GLOBAL_CONSTANTS,runtime_scalar,R,turb.f90:1597,no,no,no,no,
output,VEGE::UPDATE_FIRE_SPREAD_OUTPUTS,vege.f90,SURFACE,module_global,TYPES,runtime_array,R,vege.f90:1238,no,no,no,no,
output,VEGE::UPDATE_FIRE_SPREAD_OUTPUTS,vege.f90,BOUNDARY_COORD,mesh_field,MESH_TYPE,wall_obst_cutcell,R,vege.f90:1236,no,no,no,no,via=ptr
output,VEGE::UPDATE_FIRE_SPREAD_OUTPUTS,vege.f90,BOUNDARY_PROP1,mesh_field,MESH_TYPE,wall_obst_cutcell,R,vege.f90:1237,no,no,no,no,via=ptr
output,VEGE::UPDATE_FIRE_SPREAD_OUTPUTS,vege.f90,CFACE,mesh_field,MESH_TYPE,wall_obst_cutcell,R,vege.f90:1244,no,no,no,no,via=alias:CFA|ptr
output,VEGE::UPDATE_FIRE_SPREAD_OUTPUTS,vege.f90,INTERNAL_CFACE_CELLS_LB,mesh_field,MESH_TYPE,wall_obst_cutcell,R,vege.f90:1243,no,no,no,no,via=ptr
output,VEGE::UPDATE_FIRE_SPREAD_OUTPUTS,vege.f90,N_EXTERNAL_WALL_CELLS,mesh_field,MESH_TYPE,ghost_boundary,R,vege.f90:1233,no,no,no,no,via=ptr
output,VEGE::UPDATE_FIRE_SPREAD_OUTPUTS,vege.f90,N_INTERNAL_CFACE_CELLS,mesh_field,MESH_TYPE,wall_obst_cutcell,R,vege.f90:1243,no,no,no,no,via=ptr
output,VEGE::UPDATE_FIRE_SPREAD_OUTPUTS,vege.f90,N_INTERNAL_WALL_CELLS,mesh_field,MESH_TYPE,wall_obst_cutcell,R,vege.f90:1233,no,no,no,no,via=ptr
output,VEGE::UPDATE_FIRE_SPREAD_OUTPUTS,vege.f90,WALL,mesh_field,MESH_TYPE,wall_obst_cutcell,R,vege.f90:1234,no,no,no,no,via=alias:WC|ptr
output,VEGE::UPDATE_FIRE_SPREAD_OUTPUTS::COMPUTE_FIRE_SPREAD_OUTPUTS,vege.f90,CHARACTERISTIC_CELL_SIZE,module_global,GLOBAL_CONSTANTS,runtime_scalar,R,vege.f90:1267,no,no,no,yes,
output,VEGE::UPDATE_FIRE_SPREAD_OUTPUTS::COMPUTE_FIRE_SPREAD_OUTPUTS,vege.f90,STORE_FIRE_ARRIVAL,module_global,GLOBAL_CONSTANTS,runtime_scalar,R,vege.f90:1270,no,no,no,yes,
output,VEGE::UPDATE_FIRE_SPREAD_OUTPUTS::COMPUTE_FIRE_SPREAD_OUTPUTS,vege.f90,STORE_FIRE_RESIDENCE,module_global,GLOBAL_CONSTANTS,runtime_scalar,R,vege.f90:1280,no,no,no,yes,
output,VEGE::UPDATE_FIRE_SPREAD_OUTPUTS::COMPUTE_FIRE_SPREAD_OUTPUTS,vege.f90,BOUNDARY_COORD,mesh_field,MESH_TYPE,wall_obst_cutcell,R,vege.f90:1268,no,no,no,yes,via=alias:BC
output,VEGE::UPDATE_FIRE_SPREAD_OUTPUTS::COMPUTE_FIRE_SPREAD_OUTPUTS,vege.f90,BOUNDARY_PROP1,mesh_field,MESH_TYPE,wall_obst_cutcell,R,vege.f90:1272,no,no,no,yes,via=alias:B1
output,VEGE::UPDATE_FIRE_SPREAD_OUTPUTS::COMPUTE_FIRE_SPREAD_OUTPUTS,vege.f90,FIRE_ARRIVAL_TIME,mesh_field,MESH_TYPE,other,RW,vege.f90:1272,no,no,no,yes,via=ptr
output,VEGE::UPDATE_FIRE_SPREAD_OUTPUTS::COMPUTE_FIRE_SPREAD_OUTPUTS,vege.f90,FIRE_RESIDENCE_TIME,mesh_field,MESH_TYPE,other,RW,vege.f90:1282,no,no,no,yes,via=ptr
output,VEGE::UPDATE_FIRE_SPREAD_OUTPUTS::COMPUTE_FIRE_SPREAD_OUTPUTS,vege.f90,Q,mesh_field,MESH_TYPE,cell_centred_solution,R,vege.f90:1268,no,no,no,yes,via=ptr
output,VTK_FDS_INTERFACE::ADD_DATA_TO_SMOKE3D_VTKHDF_FILE,vtkf.f90,NMESHES,module_global,GLOBAL_CONSTANTS,runtime_scalar,R,vtkf.f90:1055,yes,no,no,no,
output,VTK_FDS_INTERFACE::ADD_DATA_TO_SMOKE3D_VTKHDF_FILE,vtkf.f90,N_MPI_PROCESSES,module_global,GLOBAL_CONSTANTS,runtime_scalar,R,vtkf.f90:1035,yes,no,no,no,
output,VTK_FDS_INTERFACE::ADD_DATA_TO_SMOKE3D_VTKHDF_FILE,vtkf.f90,PROCESS,module_global,GLOBAL_CONSTANTS,runtime_array,R,vtkf.f90:1067,yes,no,no,no,
output,VTK_FDS_INTERFACE::ADD_DATA_TO_SMOKE3D_VTKHDF_FILE,vtkf.f90,NC,mesh_field,MESH_TYPE,other,R,vtkf.f90:1056,yes,no,no,no,via=MESHES
output,VTK_FDS_INTERFACE::ADD_DATA_TO_SMOKE3D_VTKHDF_FILE,vtkf.f90,NP,mesh_field,MESH_TYPE,other,R,vtkf.f90:1057,yes,no,no,no,via=MESHES
output,VTK_FDS_INTERFACE::BUILD_VTK_GAS_PHASE_GEOMETRY2,vtkf.f90,X,mesh_field,MESH_TYPE,grid_geometry,R,vtkf.f90:122,no,no,no,no,via=MESHES
output,VTK_FDS_INTERFACE::BUILD_VTK_GAS_PHASE_GEOMETRY2,vtkf.f90,Y,mesh_field,MESH_TYPE,grid_geometry,R,vtkf.f90:123,no,no,no,no,via=MESHES
output,VTK_FDS_INTERFACE::BUILD_VTK_GAS_PHASE_GEOMETRY2,vtkf.f90,Z,mesh_field,MESH_TYPE,grid_geometry,R,vtkf.f90:124,no,no,no,no,via=MESHES
output,VTK_FDS_INTERFACE::BUILD_VTK_SLICE_GEOMETRY2,vtkf.f90,K_AGL_SLICE,mesh_field,MESH_TYPE,other,R,vtkf.f90:354,no,no,no,no,via=MESHES
output,VTK_FDS_INTERFACE::BUILD_VTK_SLICE_GEOMETRY2,vtkf.f90,X,mesh_field,MESH_TYPE,grid_geometry,R,vtkf.f90:333,no,no,no,no,via=MESHES
output,VTK_FDS_INTERFACE::BUILD_VTK_SLICE_GEOMETRY2,vtkf.f90,Y,mesh_field,MESH_TYPE,grid_geometry,R,vtkf.f90:334,no,no,no,no,via=MESHES
output,VTK_FDS_INTERFACE::BUILD_VTK_SLICE_GEOMETRY2,vtkf.f90,Z,mesh_field,MESH_TYPE,grid_geometry,R,vtkf.f90:335,no,no,no,no,via=MESHES
output,VTK_FDS_INTERFACE::BUILD_VTK_SOLID_PHASE_GEOMETRY,vtkf.f90,X,mesh_field,MESH_TYPE,grid_geometry,R,vtkf.f90:472,no,no,no,no,via=MESHES
output,VTK_FDS_INTERFACE::BUILD_VTK_SOLID_PHASE_GEOMETRY,vtkf.f90,Y,mesh_field,MESH_TYPE,grid_geometry,R,vtkf.f90:473,no,no,no,no,via=MESHES
output,VTK_FDS_INTERFACE::BUILD_VTK_SOLID_PHASE_GEOMETRY,vtkf.f90,Z,mesh_field,MESH_TYPE,grid_geometry,R,vtkf.f90:474,no,no,no,no,via=MESHES
output,VTK_FDS_INTERFACE::CREATE_OPEN_PART_VTKHDF,vtkf.f90,NMESHES,module_global,GLOBAL_CONSTANTS,runtime_scalar,R,vtkf.f90:613,no,no,no,no,
output,VTK_FDS_INTERFACE::GET_GEOMINFO_DUP,vtkf.f90,CC_IBM,module_global,GLOBAL_CONSTANTS,runtime_scalar,R,vtkf.f90:3092,no,no,no,no,
output,VTK_FDS_INTERFACE::GET_GEOMINFO_DUP,vtkf.f90,CCVAR,mesh_field,MESH_TYPE,wall_obst_cutcell,R,vtkf.f90:3389,no,no,no,no,via=ptr
output,VTK_FDS_INTERFACE::GET_GEOMINFO_DUP,vtkf.f90,CELL,mesh_field,MESH_TYPE,wall_obst_cutcell,R,vtkf.f90:3115,no,no,no,no,via=ptr
output,VTK_FDS_INTERFACE::GET_GEOMINFO_DUP,vtkf.f90,CELL_INDEX,mesh_field,MESH_TYPE,wall_obst_cutcell,R,vtkf.f90:3115,no,no,no,no,via=ptr
output,VTK_FDS_INTERFACE::GET_GEOMINFO_DUP,vtkf.f90,CUT_CELL,mesh_field,MESH_TYPE,wall_obst_cutcell,R,vtkf.f90:3430,no,no,no,no,via=ptr
output,VTK_FDS_INTERFACE::GET_GEOMINFO_DUP,vtkf.f90,CUT_FACE,mesh_field,MESH_TYPE,wall_obst_cutcell,R,vtkf.f90:3209,no,no,no,no,via=ptr
output,VTK_FDS_INTERFACE::GET_GEOMINFO_DUP,vtkf.f90,FCVAR,mesh_field,MESH_TYPE,wall_obst_cutcell,R,vtkf.f90:3207,no,no,no,no,via=ptr
output,VTK_FDS_INTERFACE::GET_GEOMINFO_DUP,vtkf.f90,IBAR,mesh_field,MESH_TYPE,grid_geometry,R,vtkf.f90:3387,no,no,no,no,via=ptr
output,VTK_FDS_INTERFACE::GET_GEOMINFO_DUP,vtkf.f90,JBAR,mesh_field,MESH_TYPE,grid_geometry,R,vtkf.f90:3386,no,no,no,no,via=ptr
output,VTK_FDS_INTERFACE::GET_GEOMINFO_DUP,vtkf.f90,KBAR,mesh_field,MESH_TYPE,grid_geometry,R,vtkf.f90:3385,no,no,no,no,via=ptr
output,VTK_FDS_INTERFACE::GET_GEOMINFO_DUP,vtkf.f90,X,mesh_field,MESH_TYPE,grid_geometry,R,vtkf.f90:3447,no,no,no,no,via=ptr
output,VTK_FDS_INTERFACE::GET_GEOMINFO_DUP,vtkf.f90,XPLT,mesh_field,MESH_TYPE,grid_geometry,R,vtkf.f90:3107,no,no,no,no,via=ptr
output,VTK_FDS_INTERFACE::GET_GEOMINFO_DUP,vtkf.f90,Y,mesh_field,MESH_TYPE,grid_geometry,R,vtkf.f90:3448,no,no,no,no,via=ptr
output,VTK_FDS_INTERFACE::GET_GEOMINFO_DUP,vtkf.f90,YPLT,mesh_field,MESH_TYPE,grid_geometry,R,vtkf.f90:3108,no,no,no,no,via=ptr
output,VTK_FDS_INTERFACE::GET_GEOMINFO_DUP,vtkf.f90,Z,mesh_field,MESH_TYPE,grid_geometry,R,vtkf.f90:3449,no,no,no,no,via=ptr
output,VTK_FDS_INTERFACE::GET_GEOMINFO_DUP,vtkf.f90,ZPLT,mesh_field,MESH_TYPE,grid_geometry,R,vtkf.f90:3109,no,no,no,no,via=ptr
output,VTK_FDS_INTERFACE::GET_GEOMSIZES_DUP,vtkf.f90,CC_IBM,module_global,GLOBAL_CONSTANTS,runtime_scalar,R,vtkf.f90:2908,no,no,no,no,
output,VTK_FDS_INTERFACE::GET_GEOMSIZES_DUP,vtkf.f90,CCVAR,mesh_field,MESH_TYPE,wall_obst_cutcell,R,vtkf.f90:2986,no,no,no,no,via=ptr
output,VTK_FDS_INTERFACE::GET_GEOMSIZES_DUP,vtkf.f90,CELL,mesh_field,MESH_TYPE,wall_obst_cutcell,R,vtkf.f90:2933,no,no,no,no,via=ptr
output,VTK_FDS_INTERFACE::GET_GEOMSIZES_DUP,vtkf.f90,CELL_INDEX,mesh_field,MESH_TYPE,wall_obst_cutcell,R,vtkf.f90:2933,no,no,no,no,via=ptr
output,VTK_FDS_INTERFACE::GET_GEOMSIZES_DUP,vtkf.f90,CUT_CELL,mesh_field,MESH_TYPE,wall_obst_cutcell,R,vtkf.f90:3004,no,no,no,no,via=ptr
output,VTK_FDS_INTERFACE::GET_GEOMSIZES_DUP,vtkf.f90,CUT_FACE,mesh_field,MESH_TYPE,wall_obst_cutcell,R,vtkf.f90:2936,no,no,no,no,via=ptr
output,VTK_FDS_INTERFACE::GET_GEOMSIZES_DUP,vtkf.f90,FCVAR,mesh_field,MESH_TYPE,wall_obst_cutcell,R,vtkf.f90:2934,no,no,no,no,via=ptr
output,VTK_FDS_INTERFACE::GET_GEOMSIZES_DUP,vtkf.f90,IBAR,mesh_field,MESH_TYPE,grid_geometry,R,vtkf.f90:2984,no,no,no,no,via=ptr
output,VTK_FDS_INTERFACE::GET_GEOMSIZES_DUP,vtkf.f90,JBAR,mesh_field,MESH_TYPE,grid_geometry,R,vtkf.f90:2983,no,no,no,no,via=ptr
output,VTK_FDS_INTERFACE::GET_GEOMSIZES_DUP,vtkf.f90,KBAR,mesh_field,MESH_TYPE,grid_geometry,R,vtkf.f90:2982,no,no,no,no,via=ptr
output,VTK_FDS_INTERFACE::INITIALIZE_VTKHDF_BNDF_STEP1,vtkf.f90,CHID,module_global,GLOBAL_CONSTANTS,runtime_scalar,R,vtkf.f90:2224,yes,yes,no,no,
output,VTK_FDS_INTERFACE::INITIALIZE_VTKHDF_BNDF_STEP1,vtkf.f90,MY_RANK,module_global,GLOBAL_CONSTANTS,runtime_scalar,R,vtkf.f90:2241,yes,yes,no,no,
output,VTK_FDS_INTERFACE::INITIALIZE_VTKHDF_BNDF_STEP1,vtkf.f90,NCELLS_VTK,module_global,GLOBAL_CONSTANTS,runtime_array,RW,vtkf.f90:2369,yes,yes,no,no,
output,VTK_FDS_INTERFACE::INITIALIZE_VTKHDF_BNDF_STEP1,vtkf.f90,NCONNECTIONS_VTK,module_global,GLOBAL_CONSTANTS,runtime_array,RW,vtkf.f90:2371,yes,yes,no,no,
output,VTK_FDS_INTERFACE::INITIALIZE_VTKHDF_BNDF_STEP1,vtkf.f90,NMESHES,module_global,GLOBAL_CONSTANTS,runtime_scalar,R,vtkf.f90:2212,yes,yes,no,no,
output,VTK_FDS_INTERFACE::INITIALIZE_VTKHDF_BNDF_STEP1,vtkf.f90,NPOINTS_VTK,module_global,GLOBAL_CONSTANTS,runtime_array,RW,vtkf.f90:2370,yes,yes,no,no,
output,VTK_FDS_INTERFACE::INITIALIZE_VTKHDF_BNDF_STEP1,vtkf.f90,N_MPI_PROCESSES,module_global,GLOBAL_CONSTANTS,runtime_scalar,R,vtkf.f90:2209,yes,yes,no,no,
output,VTK_FDS_INTERFACE::INITIALIZE_VTKHDF_BNDF_STEP1,vtkf.f90,PROCESS,module_global,GLOBAL_CONSTANTS,runtime_array,R,vtkf.f90:2213,yes,yes,no,no,
output,VTK_FDS_INTERFACE::INITIALIZE_VTKHDF_BNDF_STEP1,vtkf.f90,TIME_SHRINK_FACTOR,module_global,GLOBAL_CONSTANTS,runtime_scalar,R,vtkf.f90:2217,yes,yes,no,no,
output,VTK_FDS_INTERFACE::INITIALIZE_VTKHDF_BNDF_STEP1,vtkf.f90,T_BEGIN,module_global,GLOBAL_CONSTANTS,runtime_scalar,R,vtkf.f90:2217,yes,yes,no,no,
output,VTK_FDS_INTERFACE::INITIALIZE_VTKHDF_BNDF_STEP1,vtkf.f90,VTK_DIR,module_global,GLOBAL_CONSTANTS,runtime_scalar,R,vtkf.f90:2224,yes,yes,no,no,
output,VTK_FDS_INTERFACE::INITIALIZE_VTKHDF_BNDF_STEP1,vtkf.f90,N_INTERNAL_CFACE_CELLS,mesh_field,MESH_TYPE,wall_obst_cutcell,R,vtkf.f90:2286,yes,yes,no,no,via=MESHES
output,VTK_FDS_INTERFACE::INITIALIZE_VTKHDF_BNDF_STEP1,vtkf.f90,N_PATCH,mesh_field,MESH_TYPE,other,R,vtkf.f90:2248,yes,yes,no,no,via=MESHES|ptr
output,VTK_FDS_INTERFACE::INITIALIZE_VTKHDF_BNDF_STEP1,vtkf.f90,PATCH,mesh_field,MESH_TYPE,other,R,vtkf.f90:2250,yes,yes,no,no,via=alias:PA|ptr
output,VTK_FDS_INTERFACE::INITIALIZE_VTKHDF_BNDF_STEP2,vtkf.f90,CHID,module_global,GLOBAL_CONSTANTS,runtime_scalar,R,vtkf.f90:2437,yes,no,no,no,
output,VTK_FDS_INTERFACE::INITIALIZE_VTKHDF_BNDF_STEP2,vtkf.f90,MY_RANK,module_global,GLOBAL_CONSTANTS,runtime_scalar,R,vtkf.f90:2509,yes,no,no,no,
output,VTK_FDS_INTERFACE::INITIALIZE_VTKHDF_BNDF_STEP2,vtkf.f90,NCELLS_VTK,module_global,GLOBAL_CONSTANTS,runtime_array,R,vtkf.f90:2456,yes,no,no,no,
output,VTK_FDS_INTERFACE::INITIALIZE_VTKHDF_BNDF_STEP2,vtkf.f90,NCONNECTIONS_VTK,module_global,GLOBAL_CONSTANTS,runtime_array,R,vtkf.f90:2458,yes,no,no,no,
output,VTK_FDS_INTERFACE::INITIALIZE_VTKHDF_BNDF_STEP2,vtkf.f90,NMESHES,module_global,GLOBAL_CONSTANTS,runtime_scalar,R,vtkf.f90:2425,yes,no,no,no,
output,VTK_FDS_INTERFACE::INITIALIZE_VTKHDF_BNDF_STEP2,vtkf.f90,NPOINTS_VTK,module_global,GLOBAL_CONSTANTS,runtime_array,R,vtkf.f90:2455,yes,no,no,no,
output,VTK_FDS_INTERFACE::INITIALIZE_VTKHDF_BNDF_STEP2,vtkf.f90,N_MPI_PROCESSES,module_global,GLOBAL_CONSTANTS,runtime_scalar,R,vtkf.f90:2422,yes,no,no,no,
output,VTK_FDS_INTERFACE::INITIALIZE_VTKHDF_BNDF_STEP2,vtkf.f90,PROCESS,module_global,GLOBAL_CONSTANTS,runtime_array,R,vtkf.f90:2426,yes,no,no,no,
output,VTK_FDS_INTERFACE::INITIALIZE_VTKHDF_BNDF_STEP2,vtkf.f90,TIME_SHRINK_FACTOR,module_global,GLOBAL_CONSTANTS,runtime_scalar,R,vtkf.f90:2430,yes,no,no,no,
output,VTK_FDS_INTERFACE::INITIALIZE_VTKHDF_BNDF_STEP2,vtkf.f90,T_BEGIN,module_global,GLOBAL_CONSTANTS,runtime_scalar,R,vtkf.f90:2430,yes,no,no,no,
output,VTK_FDS_INTERFACE::INITIALIZE_VTKHDF_BNDF_STEP2,vtkf.f90,VTK_DIR,module_global,GLOBAL_CONSTANTS,runtime_scalar,R,vtkf.f90:2437,yes,no,no,no,
output,VTK_FDS_INTERFACE::INITIALIZE_VTKHDF_BNDF_STEP2,vtkf.f90,N_BNDF,module_global,OUTPUT_DATA,runtime_scalar,R,vtkf.f90:2483,yes,no,no,no,
output,VTK_FDS_INTERFACE::INITIALIZE_VTKHDF_BNDF_STEP2,vtkf.f90,BOUNDARY_FILE,module_global,TYPES,runtime_array,R,vtkf.f90:2484,yes,no,no,no,
output,VTK_FDS_INTERFACE::INITIALIZE_VTKHDF_BNDF_STEP2,vtkf.f90,N_INTERNAL_CFACE_CELLS,mesh_field,MESH_TYPE,wall_obst_cutcell,R,vtkf.f90:2580,yes,no,no,no,via=MESHES
output,VTK_FDS_INTERFACE::INITIALIZE_VTKHDF_BNDF_STEP2,vtkf.f90,N_PATCH,mesh_field,MESH_TYPE,other,R,vtkf.f90:2520,yes,no,no,no,via=MESHES|ptr
output,VTK_FDS_INTERFACE::INITIALIZE_VTKHDF_BNDF_STEP2,vtkf.f90,PATCH,mesh_field,MESH_TYPE,other,R,vtkf.f90:2527,yes,no,no,no,via=alias:PA|ptr
output,VTK_FDS_INTERFACE::INITIALIZE_VTKHDF_FILES,vtkf.f90,STOP_STATUS,module_global,GLOBAL_CONSTANTS,runtime_scalar,R,vtkf.f90:1333,yes,no,no,no,
output,VTK_FDS_INTERFACE::INITIALIZE_VTKHDF_FILES,vtkf.f90,BNDF_VTK_CLOCK,module_global,OUTPUT_CLOCKS,runtime_array,R,vtkf.f90:1349,yes,no,no,no,
output,VTK_FDS_INTERFACE::INITIALIZE_VTKHDF_FILES,vtkf.f90,BNDF_VTK_COUNTER,module_global,OUTPUT_CLOCKS,runtime_array,R,vtkf.f90:1349,yes,no,no,no,
output,VTK_FDS_INTERFACE::INITIALIZE_VTKHDF_FILES,vtkf.f90,PART_VTK_CLOCK,module_global,OUTPUT_CLOCKS,runtime_array,R,vtkf.f90:1354,yes,no,no,no,
output,VTK_FDS_INTERFACE::INITIALIZE_VTKHDF_FILES,vtkf.f90,PART_VTK_COUNTER,module_global,OUTPUT_CLOCKS,runtime_array,R,vtkf.f90:1354,yes,no,no,no,
output,VTK_FDS_INTERFACE::INITIALIZE_VTKHDF_FILES,vtkf.f90,SLCF_VTK_CLOCK,module_global,OUTPUT_CLOCKS,runtime_array,R,vtkf.f90:1333,yes,no,no,no,
output,VTK_FDS_INTERFACE::INITIALIZE_VTKHDF_FILES,vtkf.f90,SLCF_VTK_COUNTER,module_global,OUTPUT_CLOCKS,runtime_array,R,vtkf.f90:1333,yes,no,no,no,
output,VTK_FDS_INTERFACE::INITIALIZE_VTKHDF_FILES,vtkf.f90,SM3D_VTK_CLOCK,module_global,OUTPUT_CLOCKS,runtime_array,R,vtkf.f90:1341,yes,no,no,no,
output,VTK_FDS_INTERFACE::INITIALIZE_VTKHDF_FILES,vtkf.f90,SM3D_VTK_COUNTER,module_global,OUTPUT_CLOCKS,runtime_array,R,vtkf.f90:1341,yes,no,no,no,
output,VTK_FDS_INTERFACE::INITIALIZE_VTKHDF_FILES,vtkf.f90,N_SMOKE3D,module_global,OUTPUT_DATA,runtime_scalar,R,vtkf.f90:1342,yes,no,no,no,
output,VTK_FDS_INTERFACE::INITIALIZE_VTKHDF_FILES,vtkf.f90,N_UNIQUE_SLCF,mesh_field,MESH_TYPE,other,R,vtkf.f90:1334,yes,no,no,no,via=MESHES
output,VTK_FDS_INTERFACE::INITIALIZE_VTKHDF_FILES,vtkf.f90,UNIQUE_SLICE_IN_DOMAIN,mesh_field,MESH_TYPE,other,R,vtkf.f90:1335,yes,no,no,no,via=MESHES
output,VTK_FDS_INTERFACE::INITIALIZE_VTKHDF_PART,vtkf.f90,CHID,module_global,GLOBAL_CONSTANTS,runtime_scalar,R,vtkf.f90:1549,no,no,no,no,
output,VTK_FDS_INTERFACE::INITIALIZE_VTKHDF_PART,vtkf.f90,MY_RANK,module_global,GLOBAL_CONSTANTS,runtime_scalar,R,vtkf.f90:1561,no,no,no,no,
output,VTK_FDS_INTERFACE::INITIALIZE_VTKHDF_PART,vtkf.f90,NMESHES,module_global,GLOBAL_CONSTANTS,runtime_scalar,R,vtkf.f90:1534,no,no,no,no,
output,VTK_FDS_INTERFACE::INITIALIZE_VTKHDF_PART,vtkf.f90,N_LAGRANGIAN_CLASSES,module_global,GLOBAL_CONSTANTS,runtime_scalar,R,vtkf.f90:1547,no,no,no,no,
output,VTK_FDS_INTERFACE::INITIALIZE_VTKHDF_PART,vtkf.f90,N_MPI_PROCESSES,module_global,GLOBAL_CONSTANTS,runtime_scalar,R,vtkf.f90:1531,no,no,no,no,
output,VTK_FDS_INTERFACE::INITIALIZE_VTKHDF_PART,vtkf.f90,PROCESS,module_global,GLOBAL_CONSTANTS,runtime_array,R,vtkf.f90:1535,no,no,no,no,
output,VTK_FDS_INTERFACE::INITIALIZE_VTKHDF_PART,vtkf.f90,TIME_SHRINK_FACTOR,module_global,GLOBAL_CONSTANTS,runtime_scalar,R,vtkf.f90:1539,no,no,no,no,
output,VTK_FDS_INTERFACE::INITIALIZE_VTKHDF_PART,vtkf.f90,T_BEGIN,module_global,GLOBAL_CONSTANTS,runtime_scalar,R,vtkf.f90:1539,no,no,no,no,
output,VTK_FDS_INTERFACE::INITIALIZE_VTKHDF_PART,vtkf.f90,VTK_DIR,module_global,GLOBAL_CONSTANTS,runtime_scalar,R,vtkf.f90:1549,no,no,no,no,
output,VTK_FDS_INTERFACE::INITIALIZE_VTKHDF_PART,vtkf.f90,LAGRANGIAN_PARTICLE_CLASS,module_global,TYPES,runtime_array,R,vtkf.f90:1548,no,no,no,no,
output,VTK_FDS_INTERFACE::INITIALIZE_VTKHDF_PART,vtkf.f90,LAGRANGIAN_PARTICLE,mesh_field,MESH_TYPE,particle,R,vtkf.f90:1565,no,no,no,no,via=alias:LP|ptr
output,VTK_FDS_INTERFACE::INITIALIZE_VTKHDF_PART,vtkf.f90,NLP,mesh_field,MESH_TYPE,particle,R,vtkf.f90:1564,no,no,no,no,via=ptr
output,VTK_FDS_INTERFACE::INITIALIZE_VTKHDF_SLCF,vtkf.f90,CHID,module_global,GLOBAL_CONSTANTS,runtime_scalar,R,vtkf.f90:1408,yes,no,no,no,
output,VTK_FDS_INTERFACE::INITIALIZE_VTKHDF_SLCF,vtkf.f90,MY_RANK,module_global,GLOBAL_CONSTANTS,runtime_scalar,R,vtkf.f90:1426,yes,no,no,no,
output,VTK_FDS_INTERFACE::INITIALIZE_VTKHDF_SLCF,vtkf.f90,NMESHES,module_global,GLOBAL_CONSTANTS,runtime_scalar,R,vtkf.f90:1395,yes,no,no,no,
output,VTK_FDS_INTERFACE::INITIALIZE_VTKHDF_SLCF,vtkf.f90,N_MPI_PROCESSES,module_global,GLOBAL_CONSTANTS,runtime_scalar,R,vtkf.f90:1392,yes,no,no,no,
output,VTK_FDS_INTERFACE::INITIALIZE_VTKHDF_SLCF,vtkf.f90,PROCESS,module_global,GLOBAL_CONSTANTS,runtime_array,R,vtkf.f90:1396,yes,no,no,no,
output,VTK_FDS_INTERFACE::INITIALIZE_VTKHDF_SLCF,vtkf.f90,TIME_SHRINK_FACTOR,module_global,GLOBAL_CONSTANTS,runtime_scalar,R,vtkf.f90:1400,yes,no,no,no,
output,VTK_FDS_INTERFACE::INITIALIZE_VTKHDF_SLCF,vtkf.f90,T_BEGIN,module_global,GLOBAL_CONSTANTS,runtime_scalar,R,vtkf.f90:1400,yes,no,no,no,
output,VTK_FDS_INTERFACE::INITIALIZE_VTKHDF_SLCF,vtkf.f90,VTK_DIR,module_global,GLOBAL_CONSTANTS,runtime_scalar,R,vtkf.f90:1408,yes,no,no,no,
output,VTK_FDS_INTERFACE::INITIALIZE_VTKHDF_SLCF,vtkf.f90,EMPTY_UNIQUE_SLICE,mesh_field,MESH_TYPE,other,R,vtkf.f90:1429,yes,no,no,no,via=MESHES
output,VTK_FDS_INTERFACE::INITIALIZE_VTKHDF_SLCF,vtkf.f90,N_SLCF_VTK,mesh_field,MESH_TYPE,other,R,vtkf.f90:1434,yes,no,no,no,via=MESHES
output,VTK_FDS_INTERFACE::INITIALIZE_VTKHDF_SLCF,vtkf.f90,N_UNIQUE_SLCF,mesh_field,MESH_TYPE,other,R,vtkf.f90:1421,yes,no,no,no,via=MESHES
output,VTK_FDS_INTERFACE::INITIALIZE_VTKHDF_SLCF,vtkf.f90,SLICE,mesh_field,MESH_TYPE,other,R,vtkf.f90:1435,yes,no,no,no,via=alias:SL|ptr
output,VTK_FDS_INTERFACE::INITIALIZE_VTKHDF_SLCF,vtkf.f90,UNIQUE_SLCF_AGL,mesh_field,MESH_TYPE,other,R,vtkf.f90:1442,yes,no,no,no,via=MESHES
output,VTK_FDS_INTERFACE::INITIALIZE_VTKHDF_SLCF,vtkf.f90,UNIQUE_SLICE_NAMES,mesh_field,MESH_TYPE,other,R,vtkf.f90:1399,yes,no,no,no,via=MESHES
output,VTK_FDS_INTERFACE::INITIALIZE_VTKHDF_SMOKE3D,vtkf.f90,CHID,module_global,GLOBAL_CONSTANTS,runtime_scalar,R,vtkf.f90:1371,no,no,no,no,
output,VTK_FDS_INTERFACE::INITIALIZE_VTKHDF_SMOKE3D,vtkf.f90,TIME_SHRINK_FACTOR,module_global,GLOBAL_CONSTANTS,runtime_scalar,R,vtkf.f90:1364,no,no,no,no,
output,VTK_FDS_INTERFACE::INITIALIZE_VTKHDF_SMOKE3D,vtkf.f90,T_BEGIN,module_global,GLOBAL_CONSTANTS,runtime_scalar,R,vtkf.f90:1364,no,no,no,no,
output,VTK_FDS_INTERFACE::INITIALIZE_VTKHDF_SMOKE3D,vtkf.f90,VTK_DIR,module_global,GLOBAL_CONSTANTS,runtime_scalar,R,vtkf.f90:1371,no,no,no,no,
output,VTK_FDS_INTERFACE::WRITE_VTKHDF_RECT_GAS_FILE,vtkf.f90,MY_RANK,module_global,GLOBAL_CONSTANTS,runtime_scalar,R,vtkf.f90:1203,yes,no,no,no,
output,VTK_FDS_INTERFACE::WRITE_VTKHDF_RECT_GAS_FILE,vtkf.f90,NMESHES,module_global,GLOBAL_CONSTANTS,runtime_scalar,R,vtkf.f90:1164,yes,no,no,no,
output,VTK_FDS_INTERFACE::WRITE_VTKHDF_RECT_GAS_FILE,vtkf.f90,N_MPI_PROCESSES,module_global,GLOBAL_CONSTANTS,runtime_scalar,R,vtkf.f90:1144,yes,no,no,no,
output,VTK_FDS_INTERFACE::WRITE_VTKHDF_RECT_GAS_FILE,vtkf.f90,PROCESS,module_global,GLOBAL_CONSTANTS,runtime_array,R,vtkf.f90:1176,yes,no,no,no,
output,VTK_FDS_INTERFACE::WRITE_VTKHDF_RECT_GAS_FILE,vtkf.f90,NC,mesh_field,MESH_TYPE,other,R,vtkf.f90:1165,yes,no,no,no,via=MESHES
output,VTK_FDS_INTERFACE::WRITE_VTKHDF_RECT_GAS_FILE,vtkf.f90,NP,mesh_field,MESH_TYPE,other,R,vtkf.f90:1166,yes,no,no,no,via=MESHES
output,VTK_FDS_INTERFACE::WRITE_VTKHDF_SLICE_CELL_FILE,vtkf.f90,NMESHES,module_global,GLOBAL_CONSTANTS,runtime_scalar,R,vtkf.f90:3659,yes,no,no,no,
output,VTK_FDS_INTERFACE::WRITE_VTKHDF_SLICE_CELL_FILE,vtkf.f90,N_SLCF_VTK,mesh_field,MESH_TYPE,other,R,vtkf.f90:3718,yes,no,no,no,via=MESHES
output,VTK_FDS_INTERFACE::WRITE_VTKHDF_SLICE_CELL_FILE,vtkf.f90,SLICE,mesh_field,MESH_TYPE,other,R,vtkf.f90:3737,yes,no,no,no,via=alias:SL|ptr
output,VTK_FDS_INTERFACE::WRITE_VTKHDF_SLICE_DATA_FILE,vtkf.f90,NMESHES,module_global,GLOBAL_CONSTANTS,runtime_scalar,R,vtkf.f90:3587,no,no,no,no,
