path,chid,cls,reason,flags,GEOM,CC_IBM,HT3D,VARIABLE_THICKNESS,THIN_OBST,thin_zero,thin_subcell,thin_hole0,thicken,thin_multimesh,thin_at_res_change,thin_changes_with_refinement,HVAC,hvac_records,hvac_multimesh,hvac_at_res_change,ZONE,zone_explicit_records,zone_auto,auto_zones,zone_sealed_fraction,sealed_domain_single_zone,zone_opening,zone_leak,zone_multimesh,zone_leak_multimesh,LEVEL_SET,level_set_mode,level_set_multimesh,n_mesh,cells,mesh_union_box_fill,nonbox_domain,n_res,twod,multi_mesh,mesh_shared_faces,multi_res,overlap_pairs,ratio_worst_class,max_ratio,stretched,HYPRE_DEVICE_RUN,solver,restart,restart_producer,particles,cylindrical,tunnel_preconditioner,missing_files,store_species_flux,t_end,mpi_process_ranks,firebot,firebot_ranks,fits_box,tier,tolerance_class,tier_source,gate,needs_remesh,in_184_inventory,inv_tier,notes
Adaptive_Mesh_Refinement/ns2d_16_emb_1to1_refinement.fds,ns2d_16_emb_1to1_refinement,OUT,"embedded/overlapping meshes: FDS-baseline-only (decision in force, D-015/test-plan §6)",MULTI_MESH OVERLAP,0,,0,0,0,0,0,0,,0,0,0,0,0,0,0,0,0,periodic (not evaluated),0,0.0,0,0,,0,0,0,,0,2,320,1.25,0,1,1,1,0,0,1,embedded_or_overlapping,,0,,,0,,0,0,0,,0,30.0,,commented,2,1,,,,,no,yes,T2,
Adaptive_Mesh_Refinement/ns2d_16_emb_1to2_refinement.fds,ns2d_16_emb_1to2_refinement,OUT,"embedded/overlapping meshes: FDS-baseline-only (decision in force, D-015/test-plan §6)",MULTI_MESH MULTI_RES OVERLAP,0,,0,0,0,0,0,0,,0,0,0,0,0,0,0,0,0,periodic (not evaluated),0,0.0,0,0,,0,0,0,,0,2,512,1.25,0,2,1,1,0,1,1,embedded_or_overlapping,,0,,,0,,0,0,0,,0,30.0,,commented,2,1,,,,,no,yes,T1,
Adaptive_Mesh_Refinement/ns2d_16_int_1to2_refinement.fds,ns2d_16_int_1to2_refinement,IN,all features in scope,MULTI_MESH MULTI_RES,0,,0,0,0,0,0,0,,0,0,0,0,0,0,0,0,0,periodic (not evaluated),0,0.0,0,0,,0,0,0,,0,13,448,1.0,0,2,1,1,20,1,0,supported_2_4,2,0,,,0,,0,0,0,,0,30.0,,commented,13,1,T1,"T1 (FR-001 style, same solver) / T2 vs baseline error; FR-016(a) T0 ghost fill (unit); T3 vs ns2d_32",184-inventory,"completes (normal exit, no NaN/trap); tier T1 gate, tclass as inventory",no,yes,T1,
Adaptive_Mesh_Refinement/random_meshes.fds,random_meshes,OUT,"embedded/overlapping meshes: FDS-baseline-only (decision in force, D-015/test-plan §6)",MULTI_MESH MULTI_RES OVERLAP,0,,0,0,0,0,0,0,,0,0,0,0,0,0,0,0,0,none,0,0.0,0,0,,0,0,0,,0,5,1600,1.092,0,2,1,1,1,1,8,uniform,1,0,,,0,,0,0,0,,0,300.0,4,yes,4,1,,,,,no,yes,T1,
Aerosols/aerosol_agglomeration.fds,aerosol_agglomeration,IN,all features in scope,,0,,0,0,0,0,0,0,,0,0,0,0,0,0,0,0,0,sealed,1,1.0,1,0,,0,0,0,,0,1,1000,1.0,0,1,0,0,0,0,0,single_mesh,,0,,,0,,0,0,0,,0,60.0,,yes,1,1,G4,T2 (Verification-Guide dataplot: Relative Error|end|0.02),proposed,"completes (normal exit, no NaN/trap); T2",no,no,,
Aerosols/aerosol_agglomeration_2.fds,aerosol_agglomeration_2,IN,all features in scope,HVAC,0,,0,0,0,0,0,0,,0,0,0,1,9,0,0,0,0,sealed,1,1.0,1,0,,0,0,0,,0,1,1000,1.0,0,1,0,0,0,0,0,single_mesh,,0,,,0,,0,0,0,,0,60.0,,yes,1,1,G4,T2 (Verification-Guide dataplot: Relative Error|end|0.02),proposed,"completes (normal exit, no NaN/trap); T2",no,no,,
Aerosols/aerosol_gravitational_deposition.fds,aerosol_gravitational_deposition,IN,all features in scope,,0,,0,0,0,0,0,0,,0,0,0,0,0,0,0,0,0,sealed,1,1.0,1,0,,0,0,0,,0,1,1000,1.0,0,1,0,0,0,0,0,single_mesh,,0,,,0,,0,0,0,,0,1.0,,yes,1,1,G4,T2 (Verification-Guide dataplot: Relative Error|end|0.02; Relative Error|end|0.03),proposed,"completes (normal exit, no NaN/trap); T2",no,no,,
Aerosols/aerosol_gravitational_deposition_2.fds,aerosol_gravitational_deposition_2,IN,all features in scope,,0,,0,0,0,0,0,0,,0,0,0,0,0,0,0,0,0,sealed,1,1.0,1,0,,0,0,0,,0,1,1000,1.0,0,1,0,0,0,0,0,single_mesh,,0,,,0,,0,0,0,,0,1.0,,yes,1,1,G4,T2 (Verification-Guide dataplot: Relative Error|end|0.02; Relative Error|end|0.03),proposed,"completes (normal exit, no NaN/trap); T2",no,no,,
Aerosols/aerosol_scrubbing.fds,aerosol_scrubbing,IN,all features in scope,PARTICLES,0,,0,0,0,0,0,0,,0,0,0,0,0,0,0,0,0,sealed,1,1.0,1,0,,0,0,0,,0,1,64,1.0,0,1,0,0,0,0,0,single_mesh,,0,,,0,,1,0,0,,0,5000.0,,yes,1,1,G4,T2 (Verification-Guide dataplot: Relative Error|end|0.02),proposed,"completes (normal exit, no NaN/trap); T2",no,no,,
Aerosols/aerosol_thermophoretic_deposition.fds,aerosol_thermophoretic_deposition,IN,all features in scope,,0,,0,0,0,0,0,0,,0,0,0,0,0,0,0,0,0,sealed,1,1.0,1,0,,0,0,0,,0,1,1000,1.0,0,1,0,0,0,0,0,single_mesh,,0,,,0,,0,0,0,,0,2.0,,yes,1,1,G4,T2 (Verification-Guide dataplot: Relative Error|end|0.02),proposed,"completes (normal exit, no NaN/trap); T2",no,no,,
Aerosols/aerosol_thermophoretic_deposition_2.fds,aerosol_thermophoretic_deposition_2,IN,all features in scope,,0,,0,0,0,0,0,0,,0,0,0,0,0,0,0,0,0,sealed,1,1.0,1,0,,0,0,0,,0,1,1000,1.0,0,1,0,0,0,0,0,single_mesh,,0,,,0,,0,0,0,,0,2.0,,yes,1,1,G4,T2 (Verification-Guide dataplot: Relative Error|end|0.02),proposed,"completes (normal exit, no NaN/trap); T2",no,no,,
Aerosols/aerosol_turbulent_deposition.fds,aerosol_turbulent_deposition,IN,all features in scope,MULTI_MESH,0,,0,0,0,0,0,0,,0,0,0,0,0,0,0,0,0,none,0,0.0,0,0,,0,0,0,,0,3,3000,0.6,1,1,0,1,0,0,0,no_shared_faces,,0,,,0,,0,0,0,,0,1.0,,yes,1,1,G4,T2 (Verification-Guide dataplot: Relative Error|end|0.02),proposed,"completes (normal exit, no NaN/trap); T2",no,no,,
Aerosols/propane_flame_deposition.fds,propane_flame_deposition,IN,all features in scope,,0,,0,0,0,0,0,0,,0,0,0,0,0,0,0,0,0,sealed,1,1.0,1,0,,0,0,0,,0,1,2000,1.0,0,1,0,0,0,0,0,single_mesh,,0,,,0,,0,0,0,,0,10.0,,yes,1,1,G4,T2 (Verification-Guide dataplot: N/A|end|0; Relative Error|end_1_1|0.01; Relative Error|end_1_2|0.01),proposed,"completes (normal exit, no NaN/trap); T2",no,no,,
Aerosols/propane_flame_deposition_gravitational.fds,propane_flame_deposition_gravitational,IN,all features in scope,,0,,0,0,0,0,0,0,,0,0,0,0,0,0,0,0,0,sealed,1,1.0,1,0,,0,0,0,,0,1,2000,1.0,0,1,0,0,0,0,0,single_mesh,,0,,,0,,0,0,0,,0,10.0,,yes,1,1,G4,T2 (Utilities/Python script metric; CHID referenced by a script),proposed,"completes (normal exit, no NaN/trap); T2",no,no,,
Aerosols/propane_flame_deposition_none.fds,propane_flame_deposition_none,IN,all features in scope,,0,,0,0,0,0,0,0,,0,0,0,0,0,0,0,0,0,sealed,1,1.0,1,0,,0,0,0,,0,1,2000,1.0,0,1,0,0,0,0,0,single_mesh,,0,,,0,,0,0,0,,0,10.0,,yes,1,1,G4,T2 (Utilities/Python script metric; CHID referenced by a script),proposed,"completes (normal exit, no NaN/trap); T2",no,no,,
Aerosols/propane_flame_deposition_thermophoretic.fds,propane_flame_deposition_thermophoretic,IN,all features in scope,,0,,0,0,0,0,0,0,,0,0,0,0,0,0,0,0,0,sealed,1,1.0,1,0,,0,0,0,,0,1,2000,1.0,0,1,0,0,0,0,0,single_mesh,,0,,,0,,0,0,0,,0,10.0,,yes,1,1,G4,T2 (Utilities/Python script metric; CHID referenced by a script),proposed,"completes (normal exit, no NaN/trap); T2",no,no,,
Aerosols/propane_flame_deposition_turbulent.fds,propane_flame_deposition_turbulent,IN,all features in scope,,0,,0,0,0,0,0,0,,0,0,0,0,0,0,0,0,0,sealed,1,1.0,1,0,,0,0,0,,0,1,2000,1.0,0,1,0,0,0,0,0,single_mesh,,0,,,0,,0,0,0,,0,10.0,,yes,1,1,G4,T2 (Utilities/Python script metric; CHID referenced by a script),proposed,"completes (normal exit, no NaN/trap); T2",no,no,,
Aerosols/soot_oxidation_wall.fds,soot_oxidation_wall,IN,all features in scope,,0,,0,0,0,0,0,0,,0,0,0,0,0,0,0,0,0,sealed,1,1.0,1,0,,0,0,0,,0,1,1000,1.0,0,1,0,0,0,0,0,single_mesh,,0,,,0,,0,0,0,,0,15.0,,yes,1,1,G4,T2 (Verification-Guide dataplot: Absolute Error|end|0.000001; Relative Error|end|0.001),proposed,"completes (normal exit, no NaN/trap); T2",no,no,,
Aerosols/sphere_propane_deposition.fds,sphere_propane_deposition,DEFERRED,"uses &GEOM, CC_IBM (GEOM)",GEOM CC_IBM,1,GEOM,0,0,0,0,0,0,,0,0,0,0,0,0,0,0,0,none,0,0.0,0,0,,0,0,0,,0,1,6144,1.0,0,1,0,0,0,0,0,single_mesh,,0,,,0,,0,0,0,,0,20.0,,no,,1,,,,,no,no,,
Atmospheric_Effects/MO_velocity_profile_stable.fds,MO_velocity_profile_stable,OUT,"TRNX/TRNY/TRNZ stretched grid: rejected in AMR mode, stays FDS-only (IR-002, D-030)",STRETCHED,0,,0,0,0,0,0,0,,0,0,0,0,0,0,0,0,0,sealed,1,1.0,1,0,,0,0,0,,0,1,320000,1.0,0,1,0,0,0,0,0,single_mesh,,1,,,0,,0,0,0,,0,10.0,,yes,1,1,,,,,no,no,,
Atmospheric_Effects/MO_velocity_profile_unstable.fds,MO_velocity_profile_unstable,OUT,"TRNX/TRNY/TRNZ stretched grid: rejected in AMR mode, stays FDS-only (IR-002, D-030)",STRETCHED,0,,0,0,0,0,0,0,,0,0,0,0,0,0,0,0,0,sealed,1,1.0,1,0,,0,0,0,,0,1,320000,1.0,0,1,0,0,0,0,0,single_mesh,,1,,,0,,0,0,0,,0,10.0,,yes,1,1,,,,,no,no,,
Atmospheric_Effects/atmospheric_boundary_layer_1.fds,atmospheric_boundary_layer_1,IN,all features in scope,MULTI_MESH,0,,0,0,0,0,0,0,,0,0,0,0,0,0,0,0,0,none,0,0.0,0,0,,0,0,0,,0,16,400000,1.0,0,1,0,1,28,0,0,uniform,1,0,,,0,,0,0,0,,0,3600.0,,yes,16,1,G4,T2 vs FDS baseline (no committed FDS metric),proposed,"completes (normal exit, no NaN/trap); T2 vs FDS baseline",no,no,,
Atmospheric_Effects/atmospheric_boundary_layer_2.fds,atmospheric_boundary_layer_2,IN,all features in scope,MULTI_MESH,0,,0,0,0,0,0,0,,0,0,0,0,0,0,0,0,0,none,0,0.0,0,0,,0,0,0,,0,16,400000,1.0,0,1,0,1,28,0,0,uniform,1,0,,,0,,0,0,0,,0,3600.0,,yes,16,1,G4,T2 vs FDS baseline (no committed FDS metric),proposed,"completes (normal exit, no NaN/trap); T2 vs FDS baseline",no,no,,
Atmospheric_Effects/atmospheric_boundary_layer_3.fds,atmospheric_boundary_layer_3,IN,all features in scope,MULTI_MESH,0,,0,0,0,0,0,0,,0,0,0,0,0,0,0,0,0,none,0,0.0,0,0,,0,0,0,,0,16,400000,1.0,0,1,0,1,28,0,0,uniform,1,0,,,0,,0,0,0,,0,3600.0,,yes,16,1,G4,T2 vs FDS baseline (no committed FDS metric),proposed,"completes (normal exit, no NaN/trap); T2 vs FDS baseline",no,no,,
Atmospheric_Effects/atmospheric_boundary_layer_4.fds,atmospheric_boundary_layer_4,IN,all features in scope,MULTI_MESH,0,,0,0,0,0,0,0,,0,0,0,0,0,0,0,0,0,none,0,0.0,0,0,,0,0,0,,0,16,400000,1.0,0,1,0,1,28,0,0,uniform,1,0,,,0,,0,0,0,,0,3600.0,,yes,16,1,G4,T2 vs FDS baseline (no committed FDS metric),proposed,"completes (normal exit, no NaN/trap); T2 vs FDS baseline",no,no,,
Atmospheric_Effects/lapse_rate.fds,lapse_rate,IN,all features in scope,MULTI_MESH,0,,0,0,0,0,0,0,,0,0,0,0,0,0,0,0,0,none,0,0.0,0,0,,0,0,0,,0,4,4000,1.0,0,1,0,1,3,0,0,uniform,1,0,,,0,,0,0,0,,0,1.0,,yes,1,1,T1,T2 vs FFT baseline; T1 vs GLMAT copy (FR-002) / T2,184-inventory,"completes (normal exit, no NaN/trap); tier T1 gate, tclass as inventory",no,yes,T1,
Atmospheric_Effects/lee_waves.fds,lee_waves,IN,all features in scope,,0,,0,0,0,0,0,0,,0,0,0,0,0,0,0,0,0,none,0,0.0,0,0,,0,0,0,,0,1,10000,1.0,0,1,1,0,0,0,0,single_mesh,,0,,,0,,0,0,0,,0,6000.0,,yes,1,1,G4,T2 vs FDS baseline (no committed FDS metric),proposed,"completes (normal exit, no NaN/trap); T2 vs FDS baseline",no,no,,
Atmospheric_Effects/stack_effect.fds,stack_effect,IN,all features in scope,HVAC ZONE,0,,0,0,0,0,0,0,,0,0,0,1,6,0,0,1,0,sealed,1,0.936,0,0,,0,0,0,,0,1,30000,1.0,0,1,1,0,0,0,0,single_mesh,,0,,,0,,0,0,0,,0,100.0,,yes,1,1,G4,T2 (Verification-Guide dataplot: Relative Error|end|0.01; Relative Error|end|0.05),proposed,"completes (normal exit, no NaN/trap); T2",no,no,,
Atmospheric_Effects/wind_example_10.fds,wind_example_10,IN,all features in scope,MULTI_MESH,0,,0,0,0,0,0,0,,0,0,0,0,0,0,0,0,0,none,0,0.0,0,0,,0,0,0,,0,8,800000,1.0,0,1,0,1,12,0,0,uniform,1,0,,,0,,0,0,0,,0,900.0,,yes,8,1,G4,T2 (Verification-Guide dataplot: Absolute Error|end|1),proposed,"completes (normal exit, no NaN/trap); T2",no,no,,
Atmospheric_Effects/wind_example_32.fds,wind_example_32,IN,all features in scope,MULTI_MESH,0,,0,0,0,0,0,0,,0,0,0,0,0,0,0,0,0,none,0,0.0,0,0,,0,0,0,,0,32,800000,1.0,0,1,0,1,64,0,0,uniform,1,0,,,0,,0,0,0,,0,300.0,,yes,32,1,G4,T2 (Verification-Guide dataplot: Absolute Error|end|1),proposed,"completes (normal exit, no NaN/trap); T2",no,no,,
Atmospheric_Effects/wind_example_5.fds,wind_example_5,IN,all features in scope,MULTI_MESH,0,,0,0,0,0,0,0,,0,0,0,0,0,0,0,0,0,none,0,0.0,0,0,,0,0,0,,0,8,100000,1.0,0,1,0,1,12,0,0,uniform,1,0,,,0,,0,0,0,,0,900.0,,yes,8,1,G4,T2 (Verification-Guide dataplot: Absolute Error|end|1),proposed,"completes (normal exit, no NaN/trap); T2",no,no,,
Chemistry/EDC_MultiCFDStep_Methane_grimech30_Zeta0p0.fds,EDC_MultiCFDStep_Methane_grimech30_Zeta0p0,IN,all features in scope,,0,,0,0,0,0,0,0,,0,0,0,0,0,0,0,0,0,sealed,1,1.0,1,0,,0,0,0,,0,1,25,1.0,0,1,1,0,0,0,0,single_mesh,,0,,,0,,0,0,0,,0,20.0,,yes,1,1,G4,T2 (Utilities/Python script metric; CHID referenced by a script),proposed,"completes (normal exit, no NaN/trap); T2",no,no,,
Chemistry/EDC_MultiCFDStep_Methane_grimech30_Zeta0p25.fds,EDC_MultiCFDStep_Methane_grimech30_Zeta0p25,IN,all features in scope,,0,,0,0,0,0,0,0,,0,0,0,0,0,0,0,0,0,sealed,1,1.0,1,0,,0,0,0,,0,1,25,1.0,0,1,1,0,0,0,0,single_mesh,,0,,,0,,0,0,0,,0,20.0,,yes,1,1,G4,T2 (Utilities/Python script metric; CHID referenced by a script),proposed,"completes (normal exit, no NaN/trap); T2",no,no,,
Chemistry/EDC_MultiCFDStep_Methane_grimech30_Zeta0p5.fds,EDC_MultiCFDStep_Methane_grimech30_Zeta0p5,IN,all features in scope,,0,,0,0,0,0,0,0,,0,0,0,0,0,0,0,0,0,sealed,1,1.0,1,0,,0,0,0,,0,1,25,1.0,0,1,1,0,0,0,0,single_mesh,,0,,,0,,0,0,0,,0,20.0,,yes,1,1,G4,T2 (Utilities/Python script metric; CHID referenced by a script),proposed,"completes (normal exit, no NaN/trap); T2",no,no,,
Chemistry/EDC_MultiCFDStep_Methane_grimech30_Zeta0p75.fds,EDC_MultiCFDStep_Methane_grimech30_Zeta0p75,IN,all features in scope,,0,,0,0,0,0,0,0,,0,0,0,0,0,0,0,0,0,sealed,1,1.0,1,0,,0,0,0,,0,1,25,1.0,0,1,1,0,0,0,0,single_mesh,,0,,,0,,0,0,0,,0,20.0,,yes,1,1,G4,T2 (Utilities/Python script metric; CHID referenced by a script),proposed,"completes (normal exit, no NaN/trap); T2",no,no,,
Chemistry/EDC_MultiCFDStep_Methane_grimech30_Zeta1p0.fds,EDC_MultiCFDStep_Methane_grimech30_Zeta1p0,IN,all features in scope,,0,,0,0,0,0,0,0,,0,0,0,0,0,0,0,0,0,sealed,1,1.0,1,0,,0,0,0,,0,1,25,1.0,0,1,1,0,0,0,0,single_mesh,,0,,,0,,0,0,0,,0,20.0,,yes,1,1,G4,T2 (Utilities/Python script metric; CHID referenced by a script),proposed,"completes (normal exit, no NaN/trap); T2",no,no,,
Chemistry/EDC_OneCFDStep_Methane_grimech30_Zeta0p0.fds,EDC_OneCFDStep_Methane_grimech30_Zeta0p0,IN,all features in scope,,0,,0,0,0,0,0,0,,0,0,0,0,0,0,0,0,0,sealed,1,1.0,1,0,,0,0,0,,0,1,25,1.0,0,1,1,0,0,0,0,single_mesh,,0,,,0,,0,0,0,,0,0.1,,yes,1,1,G4,T2 (Utilities/Python script metric; CHID referenced by a script),proposed,"completes (normal exit, no NaN/trap); T2",no,no,,
Chemistry/EDC_OneCFDStep_Methane_grimech30_Zeta0p25.fds,EDC_OneCFDStep_Methane_grimech30_Zeta0p25,IN,all features in scope,,0,,0,0,0,0,0,0,,0,0,0,0,0,0,0,0,0,sealed,1,1.0,1,0,,0,0,0,,0,1,25,1.0,0,1,1,0,0,0,0,single_mesh,,0,,,0,,0,0,0,,0,0.1,,yes,1,1,G4,T2 (Utilities/Python script metric; CHID referenced by a script),proposed,"completes (normal exit, no NaN/trap); T2",no,no,,
Chemistry/EDC_OneCFDStep_Methane_grimech30_Zeta0p5.fds,EDC_OneCFDStep_Methane_grimech30_Zeta0p5,IN,all features in scope,,0,,0,0,0,0,0,0,,0,0,0,0,0,0,0,0,0,sealed,1,1.0,1,0,,0,0,0,,0,1,25,1.0,0,1,1,0,0,0,0,single_mesh,,0,,,0,,0,0,0,,0,0.1,,yes,1,1,G4,T2 (Utilities/Python script metric; CHID referenced by a script),proposed,"completes (normal exit, no NaN/trap); T2",no,no,,
Chemistry/EDC_OneCFDStep_Methane_grimech30_Zeta0p75.fds,EDC_OneCFDStep_Methane_grimech30_Zeta0p75,IN,all features in scope,,0,,0,0,0,0,0,0,,0,0,0,0,0,0,0,0,0,sealed,1,1.0,1,0,,0,0,0,,0,1,25,1.0,0,1,1,0,0,0,0,single_mesh,,0,,,0,,0,0,0,,0,0.1,,yes,1,1,G4,T2 (Utilities/Python script metric; CHID referenced by a script),proposed,"completes (normal exit, no NaN/trap); T2",no,no,,
Chemistry/EDC_OneCFDStep_Methane_grimech30_Zeta1p0.fds,EDC_OneCFDStep_Methane_grimech30_Zeta1p0,IN,all features in scope,,0,,0,0,0,0,0,0,,0,0,0,0,0,0,0,0,0,sealed,1,1.0,1,0,,0,0,0,,0,1,25,1.0,0,1,1,0,0,0,0,single_mesh,,0,,,0,,0,0,0,,0,0.1,,yes,1,1,G4,T2 (Utilities/Python script metric; CHID referenced by a script),proposed,"completes (normal exit, no NaN/trap); T2",no,no,,
Chemistry/EDC_OneCFDStep_Methane_grimech30_taumix0p00001.fds,EDC_OneCFDStep_Methane_grimech30_taumix0p00001,IN,all features in scope,,0,,0,0,0,0,0,0,,0,0,0,0,0,0,0,0,0,sealed,1,1.0,1,0,,0,0,0,,0,1,25,1.0,0,1,1,0,0,0,0,single_mesh,,0,,,0,,0,0,0,,0,0.1,,yes,1,1,G4,T2 (Utilities/Python script metric; CHID referenced by a script),proposed,"completes (normal exit, no NaN/trap); T2",no,no,,
Chemistry/EDC_OneCFDStep_Methane_grimech30_taumix0p0001.fds,EDC_OneCFDStep_Methane_grimech30_taumix0p0001,IN,all features in scope,,0,,0,0,0,0,0,0,,0,0,0,0,0,0,0,0,0,sealed,1,1.0,1,0,,0,0,0,,0,1,25,1.0,0,1,1,0,0,0,0,single_mesh,,0,,,0,,0,0,0,,0,0.1,,yes,1,1,G4,T2 (Utilities/Python script metric; CHID referenced by a script),proposed,"completes (normal exit, no NaN/trap); T2",no,no,,
Chemistry/EDC_OneCFDStep_Methane_grimech30_taumix0p001.fds,EDC_OneCFDStep_Methane_grimech30_taumix0p001,IN,all features in scope,,0,,0,0,0,0,0,0,,0,0,0,0,0,0,0,0,0,sealed,1,1.0,1,0,,0,0,0,,0,1,25,1.0,0,1,1,0,0,0,0,single_mesh,,0,,,0,,0,0,0,,0,0.1,,yes,1,1,G4,T2 (Utilities/Python script metric; CHID referenced by a script),proposed,"completes (normal exit, no NaN/trap); T2",no,no,,
Chemistry/EDC_OneCFDStep_Methane_grimech30_taumix0p01.fds,EDC_OneCFDStep_Methane_grimech30_taumix0p01,IN,all features in scope,,0,,0,0,0,0,0,0,,0,0,0,0,0,0,0,0,0,sealed,1,1.0,1,0,,0,0,0,,0,1,25,1.0,0,1,1,0,0,0,0,single_mesh,,0,,,0,,0,0,0,,0,0.1,,yes,1,1,G4,T2 (Utilities/Python script metric; CHID referenced by a script),proposed,"completes (normal exit, no NaN/trap); T2",no,no,,
Chemistry/EDC_OneCFDStep_Methane_grimech30_taumix0p1.fds,EDC_OneCFDStep_Methane_grimech30_taumix0p1,IN,all features in scope,,0,,0,0,0,0,0,0,,0,0,0,0,0,0,0,0,0,sealed,1,1.0,1,0,,0,0,0,,0,1,25,1.0,0,1,1,0,0,0,0,single_mesh,,0,,,0,,0,0,0,,0,0.1,,yes,1,1,G4,T2 (Utilities/Python script metric; CHID referenced by a script),proposed,"completes (normal exit, no NaN/trap); T2",no,no,,
Chemistry/EDC_load_bal_methane_smooke_parallel.fds,EDC_load_bal_methane_smooke_parallel,DEFERRED,"uses &GEOM, CC_IBM (GEOM)",GEOM CC_IBM MULTI_MESH,1,GEOM,0,0,0,0,0,0,,0,0,0,0,0,0,0,0,0,none,0,0.0,0,0,,0,0,0,,0,24,49152,1.0,0,1,0,1,44,0,0,uniform,1,0,,ULMAT,0,,0,0,0,,0,5.0,,yes,24,1,,,,,no,no,,
Chemistry/EDC_load_bal_methane_smooke_serial.fds,EDC_load_bal_methane_smooke_serial,DEFERRED,"uses &GEOM, CC_IBM (GEOM)",GEOM CC_IBM MULTI_MESH,1,GEOM,0,0,0,0,0,0,,0,0,0,0,0,0,0,0,0,none,0,0.0,0,0,,0,0,0,,0,24,49152,1.0,0,1,0,1,44,0,0,uniform,1,0,,ULMAT,0,,0,0,0,,0,5.0,,yes,24,1,,,,,no,no,,
Chemistry/ign_delay_Ethylene_TianfengLu_T1100K_Phi1p0.fds,ign_delay_Ethylene_TianfengLu_T1100K_Phi1p0,IN,all features in scope,,0,,0,0,0,0,0,0,,0,0,0,0,0,0,0,0,0,sealed,1,1.0,1,0,,0,0,0,,0,1,25,1.0,0,1,1,0,0,0,0,single_mesh,,0,,,0,,0,0,0,,0,1.0,,yes,1,1,G4,T2 vs FDS baseline (no committed FDS metric),proposed,"completes (normal exit, no NaN/trap); T2 vs FDS baseline",no,no,,
Chemistry/ign_delay_Methane_Smooke_T1100K_Phi1p0.fds,ign_delay_Methane_Smooke_T1100K_Phi1p0,IN,all features in scope,,0,,0,0,0,0,0,0,,0,0,0,0,0,0,0,0,0,sealed,1,1.0,1,0,,0,0,0,,0,1,25,1.0,0,1,1,0,0,0,0,single_mesh,,0,,,0,,0,0,0,,0,1.0,,yes,1,1,G4,T2 vs FDS baseline (no committed FDS metric),proposed,"completes (normal exit, no NaN/trap); T2 vs FDS baseline",no,no,,
Chemistry/ign_delay_Methane_TianfengLu_T1100K_Phi1p0.fds,ign_delay_Methane_TianfengLu_T1100K_Phi1p0,IN,all features in scope,,0,,0,0,0,0,0,0,,0,0,0,0,0,0,0,0,0,sealed,1,1.0,1,0,,0,0,0,,0,1,25,1.0,0,1,1,0,0,0,0,single_mesh,,0,,,0,,0,0,0,,0,1.0,,yes,1,1,G4,T2 vs FDS baseline (no committed FDS metric),proposed,"completes (normal exit, no NaN/trap); T2 vs FDS baseline",no,no,,
Chemistry/ign_delay_Methane_grimech30_T1000K_Phi0p6.fds,ign_delay_Methane_grimech30_T1000K_Phi0p6,IN,all features in scope,,0,,0,0,0,0,0,0,,0,0,0,0,0,0,0,0,0,sealed,1,1.0,1,0,,0,0,0,,0,1,25,1.0,0,1,1,0,0,0,0,single_mesh,,0,,,0,,0,0,0,,0,10.0,,yes,1,1,G4,T2 vs FDS baseline (no committed FDS metric),proposed,"completes (normal exit, no NaN/trap); T2 vs FDS baseline",no,no,,
Chemistry/ign_delay_Methane_grimech30_T1000K_Phi1p0.fds,ign_delay_Methane_grimech30_T1000K_Phi1p0,IN,all features in scope,,0,,0,0,0,0,0,0,,0,0,0,0,0,0,0,0,0,sealed,1,1.0,1,0,,0,0,0,,0,1,25,1.0,0,1,1,0,0,0,0,single_mesh,,0,,,0,,0,0,0,,0,10.0,,yes,1,1,G4,T2 vs FDS baseline (no committed FDS metric),proposed,"completes (normal exit, no NaN/trap); T2 vs FDS baseline",no,no,,
Chemistry/ign_delay_Methane_grimech30_T1000K_Phi1p4.fds,ign_delay_Methane_grimech30_T1000K_Phi1p4,IN,all features in scope,,0,,0,0,0,0,0,0,,0,0,0,0,0,0,0,0,0,sealed,1,1.0,1,0,,0,0,0,,0,1,25,1.0,0,1,1,0,0,0,0,single_mesh,,0,,,0,,0,0,0,,0,10.0,,yes,1,1,G4,T2 vs FDS baseline (no committed FDS metric),proposed,"completes (normal exit, no NaN/trap); T2 vs FDS baseline",no,no,,
Chemistry/ign_delay_Methane_grimech30_T1100K_Phi0p6.fds,ign_delay_Methane_grimech30_T1100K_Phi0p6,IN,all features in scope,,0,,0,0,0,0,0,0,,0,0,0,0,0,0,0,0,0,sealed,1,1.0,1,0,,0,0,0,,0,1,25,1.0,0,1,1,0,0,0,0,single_mesh,,0,,,0,,0,0,0,,0,10.0,,yes,1,1,G4,T2 vs FDS baseline (no committed FDS metric),proposed,"completes (normal exit, no NaN/trap); T2 vs FDS baseline",no,no,,
Chemistry/ign_delay_Methane_grimech30_T1100K_Phi1p0.fds,ign_delay_Methane_grimech30_T1100K_Phi1p0,IN,all features in scope,,0,,0,0,0,0,0,0,,0,0,0,0,0,0,0,0,0,sealed,1,1.0,1,0,,0,0,0,,0,1,25,1.0,0,1,1,0,0,0,0,single_mesh,,0,,,0,,0,0,0,,0,10.0,,yes,1,1,G4,T2 vs FDS baseline (no committed FDS metric),proposed,"completes (normal exit, no NaN/trap); T2 vs FDS baseline",no,no,,
Chemistry/ign_delay_Methane_grimech30_T1100K_Phi1p4.fds,ign_delay_Methane_grimech30_T1100K_Phi1p4,IN,all features in scope,,0,,0,0,0,0,0,0,,0,0,0,0,0,0,0,0,0,sealed,1,1.0,1,0,,0,0,0,,0,1,25,1.0,0,1,1,0,0,0,0,single_mesh,,0,,,0,,0,0,0,,0,10.0,,yes,1,1,G4,T2 vs FDS baseline (no committed FDS metric),proposed,"completes (normal exit, no NaN/trap); T2 vs FDS baseline",no,no,,
Chemistry/ign_delay_Methane_grimech30_T1200K_Phi0p6.fds,ign_delay_Methane_grimech30_T1200K_Phi0p6,IN,all features in scope,,0,,0,0,0,0,0,0,,0,0,0,0,0,0,0,0,0,sealed,1,1.0,1,0,,0,0,0,,0,1,25,1.0,0,1,1,0,0,0,0,single_mesh,,0,,,0,,0,0,0,,0,10.0,,yes,1,1,G4,T2 vs FDS baseline (no committed FDS metric),proposed,"completes (normal exit, no NaN/trap); T2 vs FDS baseline",no,no,,
Chemistry/ign_delay_Methane_grimech30_T1200K_Phi1p0.fds,ign_delay_Methane_grimech30_T1200K_Phi1p0,IN,all features in scope,,0,,0,0,0,0,0,0,,0,0,0,0,0,0,0,0,0,sealed,1,1.0,1,0,,0,0,0,,0,1,25,1.0,0,1,1,0,0,0,0,single_mesh,,0,,,0,,0,0,0,,0,10.0,,yes,1,1,G4,T2 vs FDS baseline (no committed FDS metric),proposed,"completes (normal exit, no NaN/trap); T2 vs FDS baseline",no,no,,
Chemistry/ign_delay_Methane_grimech30_T1200K_Phi1p4.fds,ign_delay_Methane_grimech30_T1200K_Phi1p4,IN,all features in scope,,0,,0,0,0,0,0,0,,0,0,0,0,0,0,0,0,0,sealed,1,1.0,1,0,,0,0,0,,0,1,25,1.0,0,1,1,0,0,0,0,single_mesh,,0,,,0,,0,0,0,,0,10.0,,yes,1,1,G4,T2 vs FDS baseline (no committed FDS metric),proposed,"completes (normal exit, no NaN/trap); T2 vs FDS baseline",no,no,,
Chemistry/ign_delay_Methane_grimech30_T900K_Phi0p6.fds,ign_delay_Methane_grimech30_T900K_Phi0p6,IN,all features in scope,,0,,0,0,0,0,0,0,,0,0,0,0,0,0,0,0,0,sealed,1,1.0,1,0,,0,0,0,,0,1,25,1.0,0,1,1,0,0,0,0,single_mesh,,0,,,0,,0,0,0,,0,10.0,,yes,1,1,G4,T2 vs FDS baseline (no committed FDS metric),proposed,"completes (normal exit, no NaN/trap); T2 vs FDS baseline",no,no,,
Chemistry/ign_delay_Methane_grimech30_T900K_Phi1p0.fds,ign_delay_Methane_grimech30_T900K_Phi1p0,IN,all features in scope,,0,,0,0,0,0,0,0,,0,0,0,0,0,0,0,0,0,sealed,1,1.0,1,0,,0,0,0,,0,1,25,1.0,0,1,1,0,0,0,0,single_mesh,,0,,,0,,0,0,0,,0,10.0,,yes,1,1,G4,T2 vs FDS baseline (no committed FDS metric),proposed,"completes (normal exit, no NaN/trap); T2 vs FDS baseline",no,no,,
Chemistry/ign_delay_Methane_grimech30_T900K_Phi1p4.fds,ign_delay_Methane_grimech30_T900K_Phi1p4,IN,all features in scope,,0,,0,0,0,0,0,0,,0,0,0,0,0,0,0,0,0,sealed,1,1.0,1,0,,0,0,0,,0,1,25,1.0,0,1,1,0,0,0,0,single_mesh,,0,,,0,,0,0,0,,0,10.0,,yes,1,1,G4,T2 vs FDS baseline (no committed FDS metric),proposed,"completes (normal exit, no NaN/trap); T2 vs FDS baseline",no,no,,
Chemistry/ign_delay_Propane_USC_T1100K_Phi1p0.fds,ign_delay_Propane_USC_T1100K_Phi1p0,IN,all features in scope,,0,,0,0,0,0,0,0,,0,0,0,0,0,0,0,0,0,sealed,1,1.0,1,0,,0,0,0,,0,1,25,1.0,0,1,1,0,0,0,0,single_mesh,,0,,,0,,0,0,0,,0,1.0,,yes,1,1,G4,T2 vs FDS baseline (no committed FDS metric),proposed,"completes (normal exit, no NaN/trap); T2 vs FDS baseline",no,no,,
Chemistry/ign_delay_Propane_Z66_T1100K_Phi1p0.fds,ign_delay_Propane_Z66_T1100K_Phi1p0,IN,all features in scope,,0,,0,0,0,0,0,0,,0,0,0,0,0,0,0,0,0,sealed,1,1.0,1,0,,0,0,0,,0,1,25,1.0,0,1,1,0,0,0,0,single_mesh,,0,,,0,,0,0,0,,0,1.0,,yes,1,1,G4,T2 vs FDS baseline (no committed FDS metric),proposed,"completes (normal exit, no NaN/trap); T2 vs FDS baseline",no,no,,
Chemistry/ign_delay_nHeptane_Chalmers_T1100K_Phi1p0.fds,ign_delay_nHeptane_Chalmers_T1100K_Phi1p0,IN,all features in scope,,0,,0,0,0,0,0,0,,0,0,0,0,0,0,0,0,0,sealed,1,1.0,1,0,,0,0,0,,0,1,25,1.0,0,1,1,0,0,0,0,single_mesh,,0,,,0,,0,0,0,,0,1.0,,yes,1,1,G4,T2 vs FDS baseline (no committed FDS metric),proposed,"completes (normal exit, no NaN/trap); T2 vs FDS baseline",no,no,,
Chemistry/load_bal_methane_2step_fast_parallel.fds,load_bal_methane_2step_fast_parallel,DEFERRED,"uses &GEOM, CC_IBM (GEOM)",GEOM CC_IBM MULTI_MESH,1,GEOM,0,0,0,0,0,0,,0,0,0,0,0,0,0,0,0,none,0,0.0,0,0,,0,0,0,,0,6,49152,1.0,0,1,0,1,7,0,0,uniform,1,0,,ULMAT,0,,0,0,0,,0,5.0,,yes,6,1,,,,,no,no,,
Chemistry/load_bal_methane_2step_fast_serial.fds,load_bal_methane_2step_fast_serial,DEFERRED,"uses &GEOM, CC_IBM (GEOM)",GEOM CC_IBM MULTI_MESH,1,GEOM,0,0,0,0,0,0,,0,0,0,0,0,0,0,0,0,none,0,0.0,0,0,,0,0,0,,0,6,49152,1.0,0,1,0,1,7,0,0,uniform,1,0,,ULMAT,0,,0,0,0,,0,5.0,,yes,6,1,,,,,no,no,,
Chemistry/load_bal_methane_smooke_parallel.fds,load_bal_methane_smooke_parallel,DEFERRED,"uses &GEOM, CC_IBM (GEOM)",GEOM CC_IBM MULTI_MESH,1,GEOM,0,0,0,0,0,0,,0,0,0,0,0,0,0,0,0,none,0,0.0,0,0,,0,0,0,,0,24,49152,1.0,0,1,0,1,44,0,0,uniform,1,0,,ULMAT,0,,0,0,0,,0,5.0,,yes,24,1,,,,,no,no,,
Chemistry/load_bal_methane_smooke_serial.fds,load_bal_methane_smooke_serial,DEFERRED,"uses &GEOM, CC_IBM (GEOM)",GEOM CC_IBM MULTI_MESH,1,GEOM,0,0,0,0,0,0,,0,0,0,0,0,0,0,0,0,none,0,0.0,0,0,,0,0,0,,0,24,49152,1.0,0,1,0,1,44,0,0,uniform,1,0,,ULMAT,0,,0,0,0,,0,5.0,,yes,24,1,,,,,no,no,,
Chemistry/load_bal_propane_2step_arrhenius_parallel.fds,load_bal_propane_2step_arrhenius_parallel,DEFERRED,"uses &GEOM, CC_IBM (GEOM)",GEOM CC_IBM MULTI_MESH,1,GEOM,0,0,0,0,0,0,,0,0,0,0,0,0,0,0,0,none,0,0.0,0,0,,0,0,0,,0,6,49152,1.0,0,1,0,1,7,0,0,uniform,1,0,,ULMAT,0,,0,0,0,,0,5.0,,yes,6,1,,,,,no,no,,
Chemistry/load_bal_propane_2step_arrhenius_serial.fds,load_bal_propane_2step_arrhenius_serial,DEFERRED,"uses &GEOM, CC_IBM (GEOM)",GEOM CC_IBM MULTI_MESH,1,GEOM,0,0,0,0,0,0,,0,0,0,0,0,0,0,0,0,none,0,0.0,0,0,,0,0,0,,0,6,49152,1.0,0,1,0,1,7,0,0,uniform,1,0,,ULMAT,0,,0,0,0,,0,5.0,,yes,6,1,,,,,no,no,,
Complex_Geometry/ccibm_sphere_heat_flux.fds,ccibm_sphere_heat_flux,DEFERRED,"uses &GEOM, CC_IBM (GEOM)",GEOM CC_IBM,1,GEOM,0,0,0,0,0,0,,0,0,0,0,0,0,0,0,0,sealed,1,1.0,1,0,,0,0,0,,0,1,32768,1.0,0,1,0,0,0,0,0,single_mesh,,0,,,0,,0,0,0,,0,10.0,,no,,1,,,,,no,no,,
Complex_Geometry/ccibm_sphere_mass_flux.fds,ccibm_sphere_mass_flux,DEFERRED,"uses &GEOM, CC_IBM (GEOM)",GEOM CC_IBM STORE_SPECIES_FLUX,1,GEOM,0,0,0,0,0,0,,0,0,0,0,0,0,0,0,0,none,0,0.0,0,0,,0,0,0,,0,1,32768,1.0,0,1,0,0,0,0,0,single_mesh,,0,,,0,,0,0,0,,1,5.0,,no,,1,,,,,no,no,,
Complex_Geometry/cone_1mesh.fds,cone_1mesh,DEFERRED,"uses &GEOM, CC_IBM (GEOM)",GEOM CC_IBM,1,GEOM,0,0,0,0,0,0,,0,0,0,0,0,0,0,0,0,none,0,0.0,0,0,,0,0,0,,0,1,300,1.0,0,1,0,0,0,0,0,single_mesh,,0,,,0,,0,0,0,,0,1.0,,yes,1,1,,,,,no,no,,
Complex_Geometry/cube_cc_compute.fds,cube_cc_compute,DEFERRED,"uses &GEOM, CC_IBM (GEOM)",GEOM CC_IBM MULTI_MESH,1,GEOM,0,0,0,0,0,0,,0,0,0,0,0,0,0,0,0,sealed,1,1.0,1,0,,0,0,0,,0,3,32768,1.0,0,1,0,1,3,0,0,uniform,1,0,,,0,,0,0,0,,0,1.0,,no,,1,,,,,no,no,,
Complex_Geometry/cylinder_Re200.fds,cylinder_Re200,DEFERRED,"uses &GEOM, CC_IBM (GEOM)",GEOM CC_IBM,1,GEOM,0,0,0,0,0,0,,0,0,0,0,0,0,0,0,0,none,0,0.0,0,0,,0,0,0,,0,1,186624,1.0,0,1,0,0,0,0,0,single_mesh,,0,,,0,,0,0,0,,0,60.0,,no,,1,,,,,no,no,,
Complex_Geometry/devc_surface_integral.fds,devc_surface_integral,DEFERRED,"uses &GEOM, CC_IBM (GEOM)",GEOM CC_IBM,1,GEOM,0,0,0,0,0,0,,0,0,0,0,0,0,0,0,0,none,0,0.0,0,0,,0,0,0,,0,1,1000,1.0,0,1,0,0,0,0,0,single_mesh,,0,,UGLMAT,0,,0,0,0,,0,30.0,,no,,1,,,,,no,no,,
Complex_Geometry/geom_azim.fds,geom_azim,DEFERRED,uses &GEOM,GEOM,1,,0,0,0,0,0,0,,0,0,0,0,0,0,0,0,0,sealed,1,1.0,1,0,,0,0,0,,0,1,1000,1.0,0,1,0,0,0,0,0,single_mesh,,0,,,0,,0,0,0,,0,0.0,,no,,1,,,,,no,no,,
Complex_Geometry/geom_bad_inconsistent_normals.fds,geom_bad_inconsistent_normals,DEFERRED,"uses &GEOM, CC_IBM (GEOM)",GEOM CC_IBM,1,GEOM,0,0,0,0,0,0,,0,0,0,0,0,0,0,0,0,sealed,1,1.0,1,0,,0,0,0,,0,1,1000,1.0,0,1,0,0,0,0,0,single_mesh,,0,,,0,,0,0,0,,0,1.0,,yes,1,1,,,,,no,no,,
Complex_Geometry/geom_bad_inverted_normals.fds,geom_bad_inverted_normals,DEFERRED,"uses &GEOM, CC_IBM (GEOM)",GEOM CC_IBM,1,GEOM,0,0,0,0,0,0,,0,0,0,0,0,0,0,0,0,sealed,1,1.0,1,0,,0,0,0,,0,1,1000,1.0,0,1,0,0,0,0,0,single_mesh,,0,,,0,,0,0,0,,0,1.0,,yes,1,1,,,,,no,no,,
Complex_Geometry/geom_bad_non_manifold_edge.fds,geom_bad_non_manifold_edge,DEFERRED,"uses &GEOM, CC_IBM (GEOM)",GEOM CC_IBM,1,GEOM,0,0,0,0,0,0,,0,0,0,0,0,0,0,0,0,sealed,1,1.0,1,0,,0,0,0,,0,1,1000,1.0,0,1,0,0,0,0,0,single_mesh,,0,,,0,,0,0,0,,0,1.0,,yes,1,1,,,,,no,no,,
Complex_Geometry/geom_bad_non_manifold_vert.fds,geom_bad_non_manifold_vert,DEFERRED,"uses &GEOM, CC_IBM (GEOM)",GEOM CC_IBM,1,GEOM,0,0,0,0,0,0,,0,0,0,0,0,0,0,0,0,sealed,1,1.0,1,0,,0,0,0,,0,1,1000,1.0,0,1,0,0,0,0,0,single_mesh,,0,,,0,,0,0,0,,0,1.0,,yes,1,1,,,,,no,no,,
Complex_Geometry/geom_bad_open_surface.fds,geom_bad_open_surface,DEFERRED,"uses &GEOM, CC_IBM (GEOM)",GEOM CC_IBM,1,GEOM,0,0,0,0,0,0,,0,0,0,0,0,0,0,0,0,sealed,1,1.0,1,0,,0,0,0,,0,1,1000,1.0,0,1,0,0,0,0,0,single_mesh,,0,,,0,,0,0,0,,0,1.0,,yes,1,1,,,,,no,no,,
Complex_Geometry/geom_channel.fds,geom_channel,DEFERRED,"uses &GEOM, CC_IBM (GEOM)",GEOM CC_IBM,1,GEOM,0,0,0,0,0,0,,0,0,0,0,0,0,0,0,0,none,0,0.0,0,0,,0,0,0,,0,1,108,1.0,0,1,1,0,0,0,0,single_mesh,,0,,,0,,0,0,0,,0,10.0,,yes,1,1,,,,,no,no,,
Complex_Geometry/geom_channel2.fds,geom_channel2,DEFERRED,"uses &GEOM, CC_IBM (GEOM)",GEOM CC_IBM MULTI_MESH,1,GEOM,0,0,0,0,0,0,,0,0,0,0,0,0,0,0,0,none,0,0.0,0,0,,0,0,0,,0,2,184,0.767,1,1,1,1,0,0,0,no_shared_faces,,0,,,0,,0,0,0,,0,1.0,,yes,1,1,,,,,no,no,,
Complex_Geometry/geom_channel_tmp.fds,geom_channel_tmp,DEFERRED,"uses &GEOM, CC_IBM (GEOM)",GEOM CC_IBM MULTI_MESH MULTI_RES,1,GEOM,0,0,0,0,0,0,,0,0,0,0,0,0,0,0,0,none,0,0.0,0,0,,0,0,0,,0,2,252,0.923,1,2,1,1,0,1,0,no_shared_faces,,0,,ULMAT,0,,0,0,0,,0,1.0,,yes,1,1,,,,,no,no,,
Complex_Geometry/geom_channel_tmp2.fds,geom_channel_tmp2,DEFERRED,"uses &GEOM, CC_IBM (GEOM)",GEOM CC_IBM MULTI_MESH,1,GEOM,0,0,0,0,0,0,,0,0,0,0,0,0,0,0,0,none,0,0.0,0,0,,0,0,0,,0,2,184,0.767,1,1,1,1,0,0,0,no_shared_faces,,0,,,0,,0,0,0,,0,100.0,,yes,1,1,,,,,no,no,,
Complex_Geometry/geom_elev.fds,geom_elev,DEFERRED,uses &GEOM,GEOM,1,,0,0,0,0,0,0,,0,0,0,0,0,0,0,0,0,sealed,1,1.0,1,0,,0,0,0,,0,1,1000,1.0,0,1,0,0,0,0,0,single_mesh,,0,,,0,,0,0,0,,0,0.0,,no,,1,,,,,no,no,,
Complex_Geometry/geom_extruded_poly.fds,geom_extruded_poly,DEFERRED,"uses &GEOM, CC_IBM (GEOM)",GEOM CC_IBM,1,GEOM,0,0,0,0,0,0,,0,0,0,0,0,0,0,0,0,none,0,0.0,0,0,,0,0,0,,0,1,46656,1.0,0,1,0,0,0,0,0,single_mesh,,0,,,0,,0,0,0,,0,20.0,,yes,1,1,,,,,no,no,,
Complex_Geometry/geom_hrrpuv_init.fds,geom_hrrpuv_init,DEFERRED,"uses &GEOM, CC_IBM (GEOM)",GEOM CC_IBM,1,GEOM,0,0,0,0,0,0,,0,0,0,0,0,0,0,0,0,sealed,1,1.0,1,0,,0,0,0,,0,1,8000,1.0,0,1,0,0,0,0,0,single_mesh,,0,,,0,,0,0,0,,0,10.0,,yes,1,1,,,,,no,no,,
Complex_Geometry/geom_intersection.fds,geom_intersection,DEFERRED,"uses &GEOM, CC_IBM (GEOM)",GEOM CC_IBM,1,GEOM,0,0,0,0,0,0,,0,0,0,0,0,0,0,0,0,sealed,1,1.0,1,0,,0,0,0,,0,1,1000,1.0,0,1,0,0,0,0,0,single_mesh,,0,,,0,,0,0,0,,0,1.0,,yes,1,1,,,,,no,no,,
Complex_Geometry/geom_mass_file_test.fds,geom_mass_file_test,DEFERRED,"uses &GEOM, CC_IBM (GEOM)",GEOM CC_IBM,1,GEOM,0,0,0,0,0,0,,0,0,0,0,0,0,0,0,0,sealed,1,1.0,1,0,,0,0,0,,0,1,64000,1.0,0,1,0,0,0,0,0,single_mesh,,0,,,0,,0,0,0,,0,0.1,,yes,1,1,,,,,no,no,,
Complex_Geometry/geom_obst.fds,geom_obst,DEFERRED,"uses &GEOM, CC_IBM (GEOM)",GEOM CC_IBM,1,GEOM,0,0,0,0,0,0,,0,0,0,0,0,0,0,0,0,none,0,0.0,0,0,,0,0,0,,0,1,3375,1.0,0,1,0,0,0,0,0,single_mesh,,0,,,0,,0,0,0,,0,1.0,,yes,1,1,,,,,no,no,,
Complex_Geometry/geom_part_init.fds,geom_part_init,DEFERRED,"uses &GEOM, CC_IBM (GEOM)",GEOM CC_IBM PARTICLES,1,GEOM,0,0,0,0,0,0,,0,0,0,0,0,0,0,0,0,sealed,1,1.0,1,0,,0,0,0,,0,1,8000,1.0,0,1,0,0,0,0,0,single_mesh,,0,,,0,,1,0,0,,0,10.0,,yes,1,1,,,,,no,no,,
Complex_Geometry/geom_particle_cascade.fds,geom_particle_cascade,DEFERRED,"uses &GEOM, CC_IBM (GEOM)",GEOM CC_IBM PARTICLES,1,GEOM,0,0,0,0,0,0,,0,0,0,0,0,0,0,0,0,none,0,0.0,0,0,,0,0,0,,0,1,62500,1.0,0,1,0,0,0,0,0,single_mesh,,0,,,0,,1,0,0,,0,10.0,,no,,1,,,,,no,no,,
Complex_Geometry/geom_particle_cascade_2.fds,geom_particle_cascade_2,DEFERRED,"uses &GEOM, CC_IBM (GEOM)",GEOM CC_IBM MULTI_MESH PARTICLES,1,GEOM,0,0,0,0,0,0,,0,0,0,0,0,0,0,0,0,none,0,0.0,0,0,,0,0,0,,0,4,32000,0.571,1,1,0,1,0,0,0,no_shared_faces,,0,,,0,,1,0,0,,0,15.0,,yes,4,1,,,,,no,no,,
Complex_Geometry/geom_particle_flux.fds,geom_particle_flux,DEFERRED,"uses &GEOM, CC_IBM (GEOM)",GEOM CC_IBM PARTICLES,1,GEOM,0,0,0,0,0,0,,0,0,0,0,0,0,0,0,0,none,0,0.0,0,0,,0,0,0,,0,1,62500,1.0,0,1,0,0,0,0,0,single_mesh,,0,,,0,,1,0,0,,0,20.0,,no,,1,,,,,no,no,,
Complex_Geometry/geom_poiseuille_N10a_theta0_stm.fds,geom_poiseuille_N10a_theta0_stm,DEFERRED,"uses &GEOM, CC_IBM (GEOM)",GEOM CC_IBM,1,GEOM,0,0,0,0,0,0,,0,0,0,0,0,0,0,0,0,periodic (not evaluated),0,0.0,0,0,,0,0,0,,0,1,48,1.0,0,1,1,0,0,0,0,single_mesh,,0,,ULMAT HYPRE,0,,0,0,0,,0,60.0,,yes,1,1,,,,,no,no,,
Complex_Geometry/geom_poiseuille_N10na_theta0_stm.fds,geom_poiseuille_N10na_theta0_stm,DEFERRED,"uses &GEOM, CC_IBM (GEOM)",GEOM CC_IBM,1,GEOM,0,0,0,0,0,0,,0,0,0,0,0,0,0,0,0,periodic (not evaluated),0,0.0,0,0,,0,0,0,,0,1,48,1.0,0,1,1,0,0,0,0,single_mesh,,0,,ULMAT HYPRE,0,,0,0,0,,0,60.0,,yes,1,1,,,,,no,no,,
Complex_Geometry/geom_poiseuille_N10nah_theta0_stm.fds,geom_poiseuille_N10nah_theta0_stm,DEFERRED,"uses &GEOM, CC_IBM (GEOM)",GEOM CC_IBM,1,GEOM,0,0,0,0,0,0,,0,0,0,0,0,0,0,0,0,periodic (not evaluated),0,0.0,0,0,,0,0,0,,0,1,48,1.0,0,1,1,0,0,0,0,single_mesh,,0,,ULMAT HYPRE,0,,0,0,0,,0,60.0,,yes,1,1,,,,,no,no,,
Complex_Geometry/geom_poiseuille_N20a_theta0_stm.fds,geom_poiseuille_N20a_theta0_stm,DEFERRED,"uses &GEOM, CC_IBM (GEOM)",GEOM CC_IBM,1,GEOM,0,0,0,0,0,0,,0,0,0,0,0,0,0,0,0,periodic (not evaluated),0,0.0,0,0,,0,0,0,,0,1,96,1.0,0,1,1,0,0,0,0,single_mesh,,0,,ULMAT HYPRE,0,,0,0,0,,0,60.0,,yes,1,1,,,,,no,no,,
Complex_Geometry/geom_poiseuille_N20na_theta0_stm.fds,geom_poiseuille_N20na_theta0_stm,DEFERRED,"uses &GEOM, CC_IBM (GEOM)",GEOM CC_IBM,1,GEOM,0,0,0,0,0,0,,0,0,0,0,0,0,0,0,0,periodic (not evaluated),0,0.0,0,0,,0,0,0,,0,1,96,1.0,0,1,1,0,0,0,0,single_mesh,,0,,ULMAT HYPRE,0,,0,0,0,,0,60.0,,yes,1,1,,,,,no,no,,
Complex_Geometry/geom_poiseuille_N20nah_theta0_stm.fds,geom_poiseuille_N20nah_theta0_stm,DEFERRED,"uses &GEOM, CC_IBM (GEOM)",GEOM CC_IBM,1,GEOM,0,0,0,0,0,0,,0,0,0,0,0,0,0,0,0,periodic (not evaluated),0,0.0,0,0,,0,0,0,,0,1,96,1.0,0,1,1,0,0,0,0,single_mesh,,0,,ULMAT HYPRE,0,,0,0,0,,0,60.0,,yes,1,1,,,,,no,no,,
Complex_Geometry/geom_poiseuille_N40a_theta0_stm.fds,geom_poiseuille_N40a_theta0_stm,DEFERRED,"uses &GEOM, CC_IBM (GEOM)",GEOM CC_IBM,1,GEOM,0,0,0,0,0,0,,0,0,0,0,0,0,0,0,0,periodic (not evaluated),0,0.0,0,0,,0,0,0,,0,1,192,1.0,0,1,1,0,0,0,0,single_mesh,,0,,ULMAT HYPRE,0,,0,0,0,,0,60.0,,yes,1,1,,,,,no,no,,
Complex_Geometry/geom_poiseuille_N40na_theta0_stm.fds,geom_poiseuille_N40na_theta0_stm,DEFERRED,"uses &GEOM, CC_IBM (GEOM)",GEOM CC_IBM,1,GEOM,0,0,0,0,0,0,,0,0,0,0,0,0,0,0,0,periodic (not evaluated),0,0.0,0,0,,0,0,0,,0,1,192,1.0,0,1,1,0,0,0,0,single_mesh,,0,,ULMAT HYPRE,0,,0,0,0,,0,60.0,,yes,1,1,,,,,no,no,,
Complex_Geometry/geom_poiseuille_N40nah_theta0_stm.fds,geom_poiseuille_N40nah_theta0_stm,DEFERRED,"uses &GEOM, CC_IBM (GEOM)",GEOM CC_IBM,1,GEOM,0,0,0,0,0,0,,0,0,0,0,0,0,0,0,0,periodic (not evaluated),0,0.0,0,0,,0,0,0,,0,1,192,1.0,0,1,1,0,0,0,0,single_mesh,,0,,ULMAT HYPRE,0,,0,0,0,,0,60.0,,yes,1,1,,,,,no,no,,
Complex_Geometry/geom_poiseuille_N80a_theta0_stm.fds,geom_poiseuille_N80a_theta0_stm,DEFERRED,"uses &GEOM, CC_IBM (GEOM)",GEOM CC_IBM,1,GEOM,0,0,0,0,0,0,,0,0,0,0,0,0,0,0,0,periodic (not evaluated),0,0.0,0,0,,0,0,0,,0,1,384,1.0,0,1,1,0,0,0,0,single_mesh,,0,,ULMAT HYPRE,0,,0,0,0,,0,60.0,,yes,1,1,,,,,no,no,,
Complex_Geometry/geom_poiseuille_N80na_theta0_stm.fds,geom_poiseuille_N80na_theta0_stm,DEFERRED,"uses &GEOM, CC_IBM (GEOM)",GEOM CC_IBM,1,GEOM,0,0,0,0,0,0,,0,0,0,0,0,0,0,0,0,periodic (not evaluated),0,0.0,0,0,,0,0,0,,0,1,384,1.0,0,1,1,0,0,0,0,single_mesh,,0,,ULMAT HYPRE,0,,0,0,0,,0,60.0,,yes,1,1,,,,,no,no,,
Complex_Geometry/geom_poiseuille_N80nah_theta0_stm.fds,geom_poiseuille_N80nah_theta0_stm,DEFERRED,"uses &GEOM, CC_IBM (GEOM)",GEOM CC_IBM,1,GEOM,0,0,0,0,0,0,,0,0,0,0,0,0,0,0,0,periodic (not evaluated),0,0.0,0,0,,0,0,0,,0,1,384,1.0,0,1,1,0,0,0,0,single_mesh,,0,,ULMAT HYPRE,0,,0,0,0,,0,60.0,,yes,1,1,,,,,no,no,,
Complex_Geometry/geom_scale.fds,geom_scale,DEFERRED,uses &GEOM,GEOM,1,,0,0,0,0,0,0,,0,0,0,0,0,0,0,0,0,sealed,1,1.0,1,0,,0,0,0,,0,1,1000,1.0,0,1,0,0,0,0,0,single_mesh,,0,,,0,,0,0,0,,0,0.0,,no,,1,,,,,no,no,,
Complex_Geometry/geom_self_intersection.fds,geom_self_intersection,DEFERRED,"uses &GEOM, CC_IBM (GEOM)",GEOM CC_IBM,1,GEOM,0,0,0,0,0,0,,0,0,0,0,0,0,0,0,0,sealed,1,1.0,1,0,,0,0,0,,0,1,8000,1.0,0,1,0,0,0,0,0,single_mesh,,0,,,0,,0,0,0,,0,1.0,,yes,1,1,,,,,no,no,,
Complex_Geometry/geom_simple.fds,geom_simple,DEFERRED,uses &GEOM,GEOM,1,,0,0,0,0,0,0,,0,0,0,0,0,0,0,0,0,sealed,1,1.0,1,0,,0,0,0,,0,1,1000,1.0,0,1,0,0,0,0,0,single_mesh,,0,,,0,,0,0,0,,0,0.0,,yes,1,1,,,,,no,no,,
Complex_Geometry/geom_simple2.fds,geom_simple2,DEFERRED,uses &GEOM,GEOM,1,,0,0,0,0,0,0,,0,0,0,0,0,0,0,0,0,sealed,1,1.0,1,0,,0,0,0,,0,1,1000,1.0,0,1,0,0,0,0,0,single_mesh,,0,,,0,,0,0,0,,0,0.0,,no,,1,,,,,no,no,,
Complex_Geometry/geom_sphere1a.fds,geom_sphere1a,DEFERRED,uses &GEOM,GEOM,1,,0,0,0,0,0,0,,0,0,0,0,0,0,0,0,0,none,0,0.0,0,0,,0,0,0,,0,1,8000,1.0,0,1,0,0,0,0,0,single_mesh,,0,,,0,,0,0,0,,0,0.0,,yes,1,1,,,,,no,no,,
Complex_Geometry/geom_sphere1b.fds,geom_sphere1b,DEFERRED,uses &GEOM,GEOM,1,,0,0,0,0,0,0,,0,0,0,0,0,0,0,0,0,none,0,0.0,0,0,,0,0,0,,0,1,8000,1.0,0,1,0,0,0,0,0,single_mesh,,0,,,0,,0,0,0,,0,0.0,,yes,1,1,,,,,no,no,,
Complex_Geometry/geom_sphere1c.fds,geom_sphere1c,DEFERRED,uses &GEOM,GEOM,1,,0,0,0,0,0,0,,0,0,0,0,0,0,0,0,0,none,0,0.0,0,0,,0,0,0,,0,1,8000,1.0,0,1,0,0,0,0,0,single_mesh,,0,,,0,,0,0,0,,0,0.0,,yes,1,1,,,,,no,no,,
Complex_Geometry/geom_sphere1d.fds,geom_sphere1d,DEFERRED,uses &GEOM,GEOM,1,,0,0,0,0,0,0,,0,0,0,0,0,0,0,0,0,none,0,0.0,0,0,,0,0,0,,0,1,8000,1.0,0,1,0,0,0,0,0,single_mesh,,0,,,0,,0,0,0,,0,0.0,,yes,1,1,,,,,no,no,,
Complex_Geometry/geom_sphere1e.fds,geom_sphere1e,DEFERRED,uses &GEOM,GEOM,1,,0,0,0,0,0,0,,0,0,0,0,0,0,0,0,0,none,0,0.0,0,0,,0,0,0,,0,1,8000,1.0,0,1,0,0,0,0,0,single_mesh,,0,,,0,,0,0,0,,0,0.0,,yes,1,1,,,,,no,no,,
Complex_Geometry/geom_sphere1f.fds,geom_sphere1f,DEFERRED,uses &GEOM,GEOM,1,,0,0,0,0,0,0,,0,0,0,0,0,0,0,0,0,none,0,0.0,0,0,,0,0,0,,0,1,8000,1.0,0,1,0,0,0,0,0,single_mesh,,0,,,0,,0,0,0,,0,0.0,,yes,1,1,,,,,no,no,,
Complex_Geometry/geom_sphere3a.fds,geom_sphere3a,DEFERRED,uses &GEOM,GEOM,1,,0,0,0,0,0,0,,0,0,0,0,0,0,0,0,0,none,0,0.0,0,0,,0,0,0,,0,1,8000,1.0,0,1,0,0,0,0,0,single_mesh,,0,,,0,,0,0,0,,0,0.0,,yes,1,1,,,,,no,no,,
Complex_Geometry/geom_sphere3b.fds,geom_sphere3b,DEFERRED,uses &GEOM,GEOM,1,,0,0,0,0,0,0,,0,0,0,0,0,0,0,0,0,none,0,0.0,0,0,,0,0,0,,0,1,8000,1.0,0,1,0,0,0,0,0,single_mesh,,0,,,0,,0,0,0,,0,0.0,,yes,1,1,,,,,no,no,,
Complex_Geometry/geom_sphere3c.fds,geom_sphere3c,DEFERRED,uses &GEOM,GEOM,1,,0,0,0,0,0,0,,0,0,0,0,0,0,0,0,0,none,0,0.0,0,0,,0,0,0,,0,1,8000,1.0,0,1,0,0,0,0,0,single_mesh,,0,,,0,,0,0,0,,0,0.0,,yes,1,1,,,,,no,no,,
Complex_Geometry/geom_sphere3d.fds,geom_sphere3d,DEFERRED,uses &GEOM,GEOM,1,,0,0,0,0,0,0,,0,0,0,0,0,0,0,0,0,none,0,0.0,0,0,,0,0,0,,0,1,8000,1.0,0,1,0,0,0,0,0,single_mesh,,0,,,0,,0,0,0,,0,0.0,,yes,1,1,,,,,no,no,,
Complex_Geometry/geom_sphere3e.fds,geom_sphere3e,DEFERRED,uses &GEOM,GEOM,1,,0,0,0,0,0,0,,0,0,0,0,0,0,0,0,0,none,0,0.0,0,0,,0,0,0,,0,1,8000,1.0,0,1,0,0,0,0,0,single_mesh,,0,,,0,,0,0,0,,0,0.0,,yes,1,1,,,,,no,no,,
Complex_Geometry/geom_sphere3f.fds,geom_sphere3f,DEFERRED,uses &GEOM,GEOM,1,,0,0,0,0,0,0,,0,0,0,0,0,0,0,0,0,none,0,0.0,0,0,,0,0,0,,0,1,8000,1.0,0,1,0,0,0,0,0,single_mesh,,0,,,0,,0,0,0,,0,0.0,,yes,1,1,,,,,no,no,,
Complex_Geometry/geom_stretched_grid.fds,geom_stretched_grid,DEFERRED,"uses &GEOM, CC_IBM (GEOM)",GEOM CC_IBM STRETCHED MULTI_MESH MULTI_RES,1,GEOM,0,0,0,0,0,0,,0,0,0,0,0,0,0,0,0,none,0,0.0,0,0,,0,0,0,,0,5,18432,1.0,0,2,0,1,8,1,0,supported_2_4,4,1,,ULMAT,0,,0,0,0,,0,1200.0,,yes,5,1,,,,,no,no,,"also: TRNX/TRNY/TRNZ stretched grid: rejected in AMR mode, stays FDS-only (IR-002, D-030)"
Complex_Geometry/geom_terrain.fds,geom_terrain,DEFERRED,uses &GEOM,GEOM,1,,0,0,0,0,0,0,,0,0,0,0,0,0,0,0,0,none,0,0.0,0,0,,0,0,0,,0,1,8000,1.0,0,1,0,0,0,0,0,single_mesh,,0,,,0,,0,0,0,,0,0.0,,yes,1,1,,,,,no,no,,
Complex_Geometry/geom_terrain2.fds,geom_terrain2,DEFERRED,"uses &GEOM, CC_IBM (GEOM)",GEOM CC_IBM,1,GEOM,0,0,0,0,0,0,,0,0,0,0,0,0,0,0,0,none,0,0.0,0,0,,0,0,0,,0,1,64000,1.0,0,1,0,0,0,0,0,single_mesh,,0,,,0,,0,0,0,,0,1.0,,yes,1,1,,,,,no,no,,
Complex_Geometry/geom_texture.fds,geom_texture,DEFERRED,uses &GEOM,GEOM,1,,0,0,0,0,0,0,,0,0,0,0,0,0,0,0,0,sealed,1,1.0,1,0,,0,0,0,,0,1,1000,1.0,0,1,0,0,0,0,0,single_mesh,,0,,,0,,0,0,0,,0,0.0,,yes,1,1,,,,,no,no,,
Complex_Geometry/geom_texture2.fds,geom_texture2,DEFERRED,uses &GEOM,GEOM,1,,0,0,0,0,0,0,,0,0,0,0,0,0,0,0,0,sealed,1,1.0,1,0,,0,0,0,,0,1,1000,1.0,0,1,0,0,0,0,0,single_mesh,,0,,,0,,0,0,0,,0,0.0,,yes,1,1,,,,,no,no,,
Complex_Geometry/geom_texture3a.fds,geom_texture3a,DEFERRED,"uses &GEOM, CC_IBM (GEOM)",GEOM CC_IBM,1,GEOM,0,0,0,0,0,0,,0,0,0,0,0,0,0,0,0,sealed,1,1.0,1,0,,0,0,0,,0,1,1000,1.0,0,1,0,0,0,0,0,single_mesh,,0,,,0,,0,0,0,,0,1.0,,yes,1,1,,,,,no,no,,
Complex_Geometry/geom_texture3b.fds,geom_texture3b,DEFERRED,"uses &GEOM, CC_IBM (GEOM)",GEOM CC_IBM,1,GEOM,0,0,0,0,0,0,,0,0,0,0,0,0,0,0,0,sealed,1,1.0,1,0,,0,0,0,,0,1,1000,1.0,0,1,0,0,0,0,0,single_mesh,,0,,,0,,0,0,0,,0,1.0,,yes,1,1,,,,,no,no,,
Complex_Geometry/geom_texture4a.fds,geom_texture4a,DEFERRED,"uses &GEOM, CC_IBM (GEOM)",GEOM CC_IBM,1,GEOM,0,0,0,0,0,0,,0,0,0,0,0,0,0,0,0,sealed,1,1.0,1,0,,0,0,0,,0,1,1000,1.0,0,1,0,0,0,0,0,single_mesh,,0,,,0,,0,0,0,,0,1.0,,yes,1,1,,,,,no,no,,
Complex_Geometry/geom_texture4b.fds,geom_texture4b,DEFERRED,"uses &GEOM, CC_IBM (GEOM)",GEOM CC_IBM,1,GEOM,0,0,0,0,0,0,,0,0,0,0,0,0,0,0,0,sealed,1,1.0,1,0,,0,0,0,,0,1,1000,1.0,0,1,0,0,0,0,0,single_mesh,,0,,,0,,0,0,0,,0,1.0,,yes,1,1,,,,,no,no,,
Complex_Geometry/obst_geom_sprk.fds,obst_geom_sprk,DEFERRED,"uses &GEOM, CC_IBM (GEOM)",GEOM CC_IBM MULTI_MESH,1,GEOM,0,0,0,0,0,0,,0,0,0,0,0,0,0,0,0,none,0,0.0,0,0,,0,0,0,,0,24,648000,0.878,1,1,0,1,24,0,0,uniform,1,0,,ULMAT,0,,0,0,0,,0,100.0,,yes,24,1,,,,,no,no,,
Complex_Geometry/rotated_cube_0deg_128_obs.fds,rotated_cube_0deg_128_obs,IN,all features in scope,,0,,0,0,0,0,0,0,,0,0,0,0,0,0,0,0,0,periodic (not evaluated),0,0.0,0,0,,0,0,0,,0,1,16384,1.0,0,1,1,0,0,0,0,single_mesh,,0,,UGLMAT,0,,0,0,0,,0,1.0,,yes,1,1,G4,T2 vs FDS baseline (no committed FDS metric),proposed,"completes (normal exit, no NaN/trap); T2 vs FDS baseline",no,no,,
Complex_Geometry/rotated_cube_0deg_128_stm.fds,rotated_cube_0deg_128_stm,DEFERRED,"uses &GEOM, CC_IBM (GEOM)",GEOM CC_IBM,1,GEOM,0,0,0,0,0,0,,0,0,0,0,0,0,0,0,0,periodic (not evaluated),0,0.0,0,0,,0,0,0,,0,1,16384,1.0,0,1,1,0,0,0,0,single_mesh,,0,,UGLMAT,0,,0,0,0,,0,1.0,,yes,1,1,,,,,no,no,,
Complex_Geometry/rotated_cube_0deg_256_obs.fds,rotated_cube_0deg_256_obs,IN,all features in scope,,0,,0,0,0,0,0,0,,0,0,0,0,0,0,0,0,0,periodic (not evaluated),0,0.0,0,0,,0,0,0,,0,1,65536,1.0,0,1,1,0,0,0,0,single_mesh,,0,,UGLMAT,0,,0,0,0,,0,1.0,,yes,1,1,G4,T2 vs FDS baseline (no committed FDS metric),proposed,"completes (normal exit, no NaN/trap); T2 vs FDS baseline",no,no,,
Complex_Geometry/rotated_cube_0deg_256_stm.fds,rotated_cube_0deg_256_stm,DEFERRED,"uses &GEOM, CC_IBM (GEOM)",GEOM CC_IBM,1,GEOM,0,0,0,0,0,0,,0,0,0,0,0,0,0,0,0,periodic (not evaluated),0,0.0,0,0,,0,0,0,,0,1,65536,1.0,0,1,1,0,0,0,0,single_mesh,,0,,UGLMAT,0,,0,0,0,,0,1.0,,yes,1,1,,,,,no,no,,
Complex_Geometry/rotated_cube_0deg_320_obs.fds,rotated_cube_0deg_320_obs,IN,all features in scope,,0,,0,0,0,0,0,0,,0,0,0,0,0,0,0,0,0,periodic (not evaluated),0,0.0,0,0,,0,0,0,,0,1,102400,1.0,0,1,1,0,0,0,0,single_mesh,,0,,UGLMAT,0,,0,0,0,,0,1.0,,yes,1,1,G4,T2 vs FDS baseline (no committed FDS metric),proposed,"completes (normal exit, no NaN/trap); T2 vs FDS baseline",no,no,,
Complex_Geometry/rotated_cube_0deg_320_stm.fds,rotated_cube_0deg_320_stm,DEFERRED,"uses &GEOM, CC_IBM (GEOM)",GEOM CC_IBM,1,GEOM,0,0,0,0,0,0,,0,0,0,0,0,0,0,0,0,periodic (not evaluated),0,0.0,0,0,,0,0,0,,0,1,102400,1.0,0,1,1,0,0,0,0,single_mesh,,0,,UGLMAT,0,,0,0,0,,0,1.0,,yes,1,1,,,,,no,no,,
Complex_Geometry/rotated_cube_0deg_32_obs.fds,rotated_cube_0deg_32_obs,IN,all features in scope,,0,,0,0,0,0,0,0,,0,0,0,0,0,0,0,0,0,periodic (not evaluated),0,0.0,0,0,,0,0,0,,0,1,1024,1.0,0,1,1,0,0,0,0,single_mesh,,0,,UGLMAT,0,,0,0,0,,0,1.0,,yes,1,1,G4,T2 vs FDS baseline (no committed FDS metric),proposed,"completes (normal exit, no NaN/trap); T2 vs FDS baseline",no,no,,
Complex_Geometry/rotated_cube_0deg_32_stm.fds,rotated_cube_0deg_32_stm,DEFERRED,"uses &GEOM, CC_IBM (GEOM)",GEOM CC_IBM,1,GEOM,0,0,0,0,0,0,,0,0,0,0,0,0,0,0,0,periodic (not evaluated),0,0.0,0,0,,0,0,0,,0,1,1024,1.0,0,1,1,0,0,0,0,single_mesh,,0,,UGLMAT,0,,0,0,0,,0,1.0,,yes,1,1,,,,,no,no,,
Complex_Geometry/rotated_cube_0deg_384_obs.fds,rotated_cube_0deg_384_obs,IN,all features in scope,,0,,0,0,0,0,0,0,,0,0,0,0,0,0,0,0,0,periodic (not evaluated),0,0.0,0,0,,0,0,0,,0,1,147456,1.0,0,1,1,0,0,0,0,single_mesh,,0,,UGLMAT,0,,0,0,0,,0,1.0,,no,,1,G4,completes only (FDS does not run it: not in FDS_Cases.sh or commented),proposed,"completes (normal exit, no NaN/trap); completes only",no,no,,
Complex_Geometry/rotated_cube_0deg_384_stm.fds,rotated_cube_0deg_384_stm,DEFERRED,"uses &GEOM, CC_IBM (GEOM)",GEOM CC_IBM,1,GEOM,0,0,0,0,0,0,,0,0,0,0,0,0,0,0,0,periodic (not evaluated),0,0.0,0,0,,0,0,0,,0,1,147456,1.0,0,1,1,0,0,0,0,single_mesh,,0,,UGLMAT,0,,0,0,0,,0,1.0,,no,,1,,,,,no,no,,
Complex_Geometry/rotated_cube_0deg_64_obs.fds,rotated_cube_0deg_64_obs,IN,all features in scope,,0,,0,0,0,0,0,0,,0,0,0,0,0,0,0,0,0,periodic (not evaluated),0,0.0,0,0,,0,0,0,,0,1,4096,1.0,0,1,1,0,0,0,0,single_mesh,,0,,UGLMAT,0,,0,0,0,,0,1.0,,yes,1,1,G4,T2 vs FDS baseline (no committed FDS metric),proposed,"completes (normal exit, no NaN/trap); T2 vs FDS baseline",no,no,,
Complex_Geometry/rotated_cube_0deg_64_stm.fds,rotated_cube_0deg_64_stm,DEFERRED,"uses &GEOM, CC_IBM (GEOM)",GEOM CC_IBM,1,GEOM,0,0,0,0,0,0,,0,0,0,0,0,0,0,0,0,periodic (not evaluated),0,0.0,0,0,,0,0,0,,0,1,4096,1.0,0,1,1,0,0,0,0,single_mesh,,0,,UGLMAT,0,,0,0,0,,0,1.0,,yes,1,1,,,,,no,no,,
Complex_Geometry/rotated_cube_27deg_128_stm.fds,rotated_cube_27deg_128_stm,DEFERRED,"uses &GEOM, CC_IBM (GEOM)",GEOM CC_IBM,1,GEOM,0,0,0,0,0,0,,0,0,0,0,0,0,0,0,0,periodic (not evaluated),0,0.0,0,0,,0,0,0,,0,1,16384,1.0,0,1,1,0,0,0,0,single_mesh,,0,,UGLMAT,0,,0,0,0,,0,1.0,,yes,1,1,,,,,no,no,,
Complex_Geometry/rotated_cube_27deg_256_stm.fds,rotated_cube_27deg_256_stm,DEFERRED,"uses &GEOM, CC_IBM (GEOM)",GEOM CC_IBM,1,GEOM,0,0,0,0,0,0,,0,0,0,0,0,0,0,0,0,periodic (not evaluated),0,0.0,0,0,,0,0,0,,0,1,65536,1.0,0,1,1,0,0,0,0,single_mesh,,0,,UGLMAT,0,,0,0,0,,0,1.0,,yes,1,1,,,,,no,no,,
Complex_Geometry/rotated_cube_27deg_320_stm.fds,rotated_cube_27deg_320_stm,DEFERRED,"uses &GEOM, CC_IBM (GEOM)",GEOM CC_IBM,1,GEOM,0,0,0,0,0,0,,0,0,0,0,0,0,0,0,0,periodic (not evaluated),0,0.0,0,0,,0,0,0,,0,1,102400,1.0,0,1,1,0,0,0,0,single_mesh,,0,,UGLMAT,0,,0,0,0,,0,1.0,,yes,1,1,,,,,no,no,,
Complex_Geometry/rotated_cube_27deg_32_stm.fds,rotated_cube_27deg_32_stm,DEFERRED,"uses &GEOM, CC_IBM (GEOM)",GEOM CC_IBM,1,GEOM,0,0,0,0,0,0,,0,0,0,0,0,0,0,0,0,periodic (not evaluated),0,0.0,0,0,,0,0,0,,0,1,1024,1.0,0,1,1,0,0,0,0,single_mesh,,0,,UGLMAT,0,,0,0,0,,0,1.0,,yes,1,1,,,,,no,no,,
Complex_Geometry/rotated_cube_27deg_384_stm.fds,rotated_cube_27deg_384_stm,DEFERRED,"uses &GEOM, CC_IBM (GEOM)",GEOM CC_IBM,1,GEOM,0,0,0,0,0,0,,0,0,0,0,0,0,0,0,0,periodic (not evaluated),0,0.0,0,0,,0,0,0,,0,1,147456,1.0,0,1,1,0,0,0,0,single_mesh,,0,,UGLMAT,0,,0,0,0,,0,1.0,,no,,1,,,,,no,no,,
Complex_Geometry/rotated_cube_27deg_64_stm.fds,rotated_cube_27deg_64_stm,DEFERRED,"uses &GEOM, CC_IBM (GEOM)",GEOM CC_IBM,1,GEOM,0,0,0,0,0,0,,0,0,0,0,0,0,0,0,0,periodic (not evaluated),0,0.0,0,0,,0,0,0,,0,1,4096,1.0,0,1,1,0,0,0,0,single_mesh,,0,,UGLMAT,0,,0,0,0,,0,1.0,,yes,1,1,,,,,no,no,,
Complex_Geometry/rotated_cube_45deg_128_stm.fds,rotated_cube_45deg_128_stm,DEFERRED,"uses &GEOM, CC_IBM (GEOM)",GEOM CC_IBM,1,GEOM,0,0,0,0,0,0,,0,0,0,0,0,0,0,0,0,periodic (not evaluated),0,0.0,0,0,,0,0,0,,0,1,16384,1.0,0,1,1,0,0,0,0,single_mesh,,0,,UGLMAT,0,,0,0,0,,0,1.0,,yes,1,1,,,,,no,no,,
Complex_Geometry/rotated_cube_45deg_256_stm.fds,rotated_cube_45deg_256_stm,DEFERRED,"uses &GEOM, CC_IBM (GEOM)",GEOM CC_IBM,1,GEOM,0,0,0,0,0,0,,0,0,0,0,0,0,0,0,0,periodic (not evaluated),0,0.0,0,0,,0,0,0,,0,1,65536,1.0,0,1,1,0,0,0,0,single_mesh,,0,,UGLMAT,0,,0,0,0,,0,1.0,,yes,1,1,,,,,no,no,,
Complex_Geometry/rotated_cube_45deg_320_stm.fds,rotated_cube_45deg_320_stm,DEFERRED,"uses &GEOM, CC_IBM (GEOM)",GEOM CC_IBM,1,GEOM,0,0,0,0,0,0,,0,0,0,0,0,0,0,0,0,periodic (not evaluated),0,0.0,0,0,,0,0,0,,0,1,102400,1.0,0,1,1,0,0,0,0,single_mesh,,0,,UGLMAT,0,,0,0,0,,0,1.0,,yes,1,1,,,,,no,no,,
Complex_Geometry/rotated_cube_45deg_32_stm.fds,rotated_cube_45deg_32_stm,DEFERRED,"uses &GEOM, CC_IBM (GEOM)",GEOM CC_IBM,1,GEOM,0,0,0,0,0,0,,0,0,0,0,0,0,0,0,0,periodic (not evaluated),0,0.0,0,0,,0,0,0,,0,1,1024,1.0,0,1,1,0,0,0,0,single_mesh,,0,,UGLMAT,0,,0,0,0,,0,1.0,,yes,1,1,,,,,no,no,,
Complex_Geometry/rotated_cube_45deg_384_stm.fds,rotated_cube_45deg_384_stm,DEFERRED,"uses &GEOM, CC_IBM (GEOM)",GEOM CC_IBM,1,GEOM,0,0,0,0,0,0,,0,0,0,0,0,0,0,0,0,periodic (not evaluated),0,0.0,0,0,,0,0,0,,0,1,147456,1.0,0,1,1,0,0,0,0,single_mesh,,0,,UGLMAT,0,,0,0,0,,0,1.0,,no,,1,,,,,no,no,,
Complex_Geometry/rotated_cube_45deg_64_stm.fds,rotated_cube_45deg_64_stm,DEFERRED,"uses &GEOM, CC_IBM (GEOM)",GEOM CC_IBM,1,GEOM,0,0,0,0,0,0,,0,0,0,0,0,0,0,0,0,periodic (not evaluated),0,0.0,0,0,,0,0,0,,0,1,4096,1.0,0,1,1,0,0,0,0,single_mesh,,0,,UGLMAT,0,,0,0,0,,0,1.0,,yes,1,1,,,,,no,no,,
Complex_Geometry/saad_CC_explicit_512_cfl_p0625.fds,saad_CC_explicit_512_cfl_p0625,DEFERRED,uses CC_IBM (MISC),CC_IBM,0,MISC,0,0,0,0,0,0,,0,0,0,0,0,0,0,0,0,periodic (not evaluated),0,0.0,0,0,,0,0,0,,0,1,2048,1.0,0,1,1,0,0,0,0,single_mesh,,0,,,0,,0,0,0,,0,0.390625,,yes,1,1,,,,,no,no,,
Complex_Geometry/saad_CC_explicit_512_cfl_p125.fds,saad_CC_explicit_512_cfl_p125,DEFERRED,uses CC_IBM (MISC),CC_IBM,0,MISC,0,0,0,0,0,0,,0,0,0,0,0,0,0,0,0,periodic (not evaluated),0,0.0,0,0,,0,0,0,,0,1,2048,1.0,0,1,1,0,0,0,0,single_mesh,,0,,,0,,0,0,0,,0,0.390625,,yes,1,1,,,,,no,no,,
Complex_Geometry/saad_CC_explicit_512_cfl_p25.fds,saad_CC_explicit_512_cfl_p25,DEFERRED,uses CC_IBM (MISC),CC_IBM,0,MISC,0,0,0,0,0,0,,0,0,0,0,0,0,0,0,0,periodic (not evaluated),0,0.0,0,0,,0,0,0,,0,1,2048,1.0,0,1,1,0,0,0,0,single_mesh,,0,,,0,,0,0,0,,0,0.390625,,yes,1,1,,,,,no,no,,
Complex_Geometry/shunn3_128_cc_exp_chm.fds,shunn3_128_cc_exp_chm,DEFERRED,uses CC_IBM (MISC),CC_IBM,0,MISC,0,0,0,0,0,0,,0,0,0,0,0,0,0,0,0,periodic (not evaluated),0,0.0,0,0,,0,0,0,,0,1,16384,1.0,0,1,1,0,0,0,0,single_mesh,,0,,,0,,0,0,0,,0,1.0,,yes,1,1,,,,,no,no,,
Complex_Geometry/shunn3_128_cc_exp_gdv.fds,shunn3_128_cc_exp_gdv,DEFERRED,uses CC_IBM (MISC),CC_IBM,0,MISC,0,0,0,0,0,0,,0,0,0,0,0,0,0,0,0,periodic (not evaluated),0,0.0,0,0,,0,0,0,,0,1,16384,1.0,0,1,1,0,0,0,0,single_mesh,,0,,,0,,0,0,0,,0,1.0,,yes,1,1,,,,,no,no,,
Complex_Geometry/shunn3_256_cc_exp_chm.fds,shunn3_256_cc_exp_chm,DEFERRED,uses CC_IBM (MISC),CC_IBM,0,MISC,0,0,0,0,0,0,,0,0,0,0,0,0,0,0,0,periodic (not evaluated),0,0.0,0,0,,0,0,0,,0,1,65536,1.0,0,1,1,0,0,0,0,single_mesh,,0,,,0,,0,0,0,,0,1.0,,yes,1,1,,,,,no,no,,
Complex_Geometry/shunn3_256_cc_exp_gdv.fds,shunn3_256_cc_exp_gdv,DEFERRED,uses CC_IBM (MISC),CC_IBM,0,MISC,0,0,0,0,0,0,,0,0,0,0,0,0,0,0,0,periodic (not evaluated),0,0.0,0,0,,0,0,0,,0,1,65536,1.0,0,1,1,0,0,0,0,single_mesh,,0,,,0,,0,0,0,,0,1.0,,yes,1,1,,,,,no,no,,
Complex_Geometry/shunn3_320_cc_exp_chm.fds,shunn3_320_cc_exp_chm,DEFERRED,uses CC_IBM (MISC),CC_IBM,0,MISC,0,0,0,0,0,0,,0,0,0,0,0,0,0,0,0,periodic (not evaluated),0,0.0,0,0,,0,0,0,,0,1,102400,1.0,0,1,1,0,0,0,0,single_mesh,,0,,,0,,0,0,0,,0,1.0,,yes,1,1,,,,,no,no,,
Complex_Geometry/shunn3_320_cc_exp_gdv.fds,shunn3_320_cc_exp_gdv,DEFERRED,uses CC_IBM (MISC),CC_IBM,0,MISC,0,0,0,0,0,0,,0,0,0,0,0,0,0,0,0,periodic (not evaluated),0,0.0,0,0,,0,0,0,,0,1,102400,1.0,0,1,1,0,0,0,0,single_mesh,,0,,,0,,0,0,0,,0,1.0,,yes,1,1,,,,,no,no,,
Complex_Geometry/shunn3_32_cc_exp_chm.fds,shunn3_32_cc_exp_chm,DEFERRED,uses CC_IBM (MISC),CC_IBM,0,MISC,0,0,0,0,0,0,,0,0,0,0,0,0,0,0,0,periodic (not evaluated),0,0.0,0,0,,0,0,0,,0,1,1024,1.0,0,1,1,0,0,0,0,single_mesh,,0,,,0,,0,0,0,,0,1.0,,yes,1,1,,,,,no,no,,
Complex_Geometry/shunn3_32_cc_exp_gdv.fds,shunn3_32_cc_exp_gdv,DEFERRED,uses CC_IBM (MISC),CC_IBM,0,MISC,0,0,0,0,0,0,,0,0,0,0,0,0,0,0,0,periodic (not evaluated),0,0.0,0,0,,0,0,0,,0,1,1024,1.0,0,1,1,0,0,0,0,single_mesh,,0,,,0,,0,0,0,,0,1.0,,yes,1,1,,,,,no,no,,
Complex_Geometry/shunn3_384_cc_exp_chm.fds,shunn3_384_cc_exp_chm,DEFERRED,uses CC_IBM (MISC),CC_IBM,0,MISC,0,0,0,0,0,0,,0,0,0,0,0,0,0,0,0,periodic (not evaluated),0,0.0,0,0,,0,0,0,,0,1,147456,1.0,0,1,1,0,0,0,0,single_mesh,,0,,,0,,0,0,0,,0,1.0,,no,,1,,,,,no,no,,
Complex_Geometry/shunn3_384_cc_exp_gdv.fds,shunn3_384_cc_exp_gdv,DEFERRED,uses CC_IBM (MISC),CC_IBM,0,MISC,0,0,0,0,0,0,,0,0,0,0,0,0,0,0,0,periodic (not evaluated),0,0.0,0,0,,0,0,0,,0,1,147456,1.0,0,1,1,0,0,0,0,single_mesh,,0,,,0,,0,0,0,,0,1.0,,no,,1,,,,,no,no,,
Complex_Geometry/shunn3_64_cc_exp_chm.fds,shunn3_64_cc_exp_chm,DEFERRED,uses CC_IBM (MISC),CC_IBM,0,MISC,0,0,0,0,0,0,,0,0,0,0,0,0,0,0,0,periodic (not evaluated),0,0.0,0,0,,0,0,0,,0,1,4096,1.0,0,1,1,0,0,0,0,single_mesh,,0,,,0,,0,0,0,,0,1.0,,yes,1,1,,,,,no,no,,
Complex_Geometry/shunn3_64_cc_exp_gdv.fds,shunn3_64_cc_exp_gdv,DEFERRED,uses CC_IBM (MISC),CC_IBM,0,MISC,0,0,0,0,0,0,,0,0,0,0,0,0,0,0,0,periodic (not evaluated),0,0.0,0,0,,0,0,0,,0,1,4096,1.0,0,1,1,0,0,0,0,single_mesh,,0,,,0,,0,0,0,,0,1.0,,yes,1,1,,,,,no,no,,
Complex_Geometry/sphere_Re200.fds,sphere_Re200,DEFERRED,"uses &GEOM, CC_IBM (GEOM)",GEOM CC_IBM MULTI_MESH,1,GEOM,0,0,0,0,0,0,,0,0,0,0,0,0,0,0,0,periodic (not evaluated),0,0.0,0,0,,0,0,0,,0,2,186624,1.0,0,1,0,1,1,0,0,uniform,1,0,,,0,,0,0,0,,0,60.0,,no,,1,,,,,no,no,,
Complex_Geometry/sphere_cc_compute.fds,sphere_cc_compute,DEFERRED,"uses &GEOM, CC_IBM (GEOM)",GEOM CC_IBM MULTI_MESH,1,GEOM,0,0,0,0,0,0,,0,0,0,0,0,0,0,0,0,sealed,1,1.0,1,0,,0,0,0,,0,8,373248,1.0,0,1,0,1,12,0,0,uniform,1,0,,,0,,0,0,0,,0,1.0,,no,,1,,,,,no,no,,
Complex_Geometry/sphere_helium_1mesh.fds,sphere_helium_1mesh,DEFERRED,"uses &GEOM, CC_IBM (GEOM)",GEOM CC_IBM,1,GEOM,0,0,0,0,0,0,,0,0,0,0,0,0,0,0,0,none,0,0.0,0,0,,0,0,0,,0,1,262144,1.0,0,1,0,0,0,0,0,single_mesh,,0,,UGLMAT,0,,0,0,0,,0,0.1,,yes,1,1,,,,,no,no,,
Complex_Geometry/sphere_helium_3meshes.fds,sphere_helium_3meshes,DEFERRED,"uses &GEOM, CC_IBM (GEOM)",GEOM CC_IBM MULTI_MESH,1,GEOM,0,0,0,0,0,0,,0,0,0,0,0,0,0,0,0,none,0,0.0,0,0,,0,0,0,,0,3,262144,1.0,0,1,0,1,3,0,0,uniform,1,0,,UGLMAT,0,,0,0,0,,0,0.1,,yes,3,1,,,,,no,no,,
Complex_Geometry/sphere_helium_conserve_3meshes.fds,sphere_helium_conserve_3meshes,DEFERRED,"uses &GEOM, CC_IBM (GEOM)",GEOM CC_IBM MULTI_MESH,1,GEOM,0,0,0,0,0,0,,0,0,0,0,0,0,0,0,0,none,0,0.0,0,0,,0,0,0,,0,3,262144,1.0,0,1,0,1,3,0,0,uniform,1,0,,UGLMAT,0,,0,0,0,,0,3.0,,yes,3,1,,,,,no,no,,
Complex_Geometry/sphere_leak.fds,sphere_leak,DEFERRED,"uses &GEOM, CC_IBM (GEOM)",GEOM CC_IBM ZONE,1,GEOM,0,0,0,0,0,0,,0,0,0,0,0,0,0,1,1,none,0,0.0,0,0,LEAK_AREA LEAK_PATH_SURFx2,0,0,0,,0,1,32768,1.0,0,1,0,0,0,0,0,single_mesh,,0,,ULMAT,0,,0,0,0,,0,100.0,,yes,1,1,,,,,no,no,,
Complex_Geometry/sphere_propane_demo.fds,sphere_propane_demo,DEFERRED,"uses &GEOM, CC_IBM (GEOM)",GEOM CC_IBM MULTI_MESH,1,GEOM,0,0,0,0,0,0,,0,0,0,0,0,0,0,0,0,none,0,0.0,0,0,,0,0,0,,0,6,49152,1.0,0,1,0,1,7,0,0,uniform,1,0,,UGLMAT,0,,0,0,0,,0,5.0,,no,,1,,,,,no,no,,
Complex_Geometry/sphere_radiate.fds,sphere_radiate,DEFERRED,"uses &GEOM, CC_IBM (GEOM)",GEOM CC_IBM,1,GEOM,0,0,0,0,0,0,,0,0,0,0,0,0,0,0,0,sealed,1,1.0,1,0,,0,0,0,,0,1,262144,1.0,0,1,0,0,0,0,0,single_mesh,,0,,UGLMAT,0,,0,0,0,,0,0.01,,yes,1,1,,,,,no,no,,
Complex_Geometry/sphere_shadow.fds,sphere_shadow,DEFERRED,"uses &GEOM, CC_IBM (GEOM)",GEOM CC_IBM,1,GEOM,0,0,0,0,0,0,,0,0,0,0,0,0,0,0,0,sealed,1,1.0,1,0,,0,0,0,,0,1,262144,1.0,0,1,0,0,0,0,0,single_mesh,,0,,UGLMAT,0,,0,0,0,,0,20.0,,no,,1,,,,,no,no,,
Complex_Geometry/sphere_stress.fds,sphere_stress,DEFERRED,"uses &GEOM, CC_IBM (GEOM)",GEOM CC_IBM,1,GEOM,0,0,0,0,0,0,,0,0,0,0,0,0,0,0,0,none,0,0.0,0,0,,0,0,0,,0,1,64000,1.0,0,1,0,0,0,0,0,single_mesh,,0,,,0,,0,0,0,,0,1.0,,no,,1,,,,,no,no,,
Complex_Geometry/t34_scaling.fds,t34_scaling,DEFERRED,uses &GEOM,GEOM,1,,0,0,0,0,0,0,,0,0,0,0,0,0,0,0,0,sealed,1,1.0,1,0,,0,0,0,,0,1,1000000,1.0,0,1,0,0,0,0,0,single_mesh,,0,,,0,,0,0,0,,0,0.0,,yes,1,1,,,,,no,no,,
Complex_Geometry/thin_object_mass.fds,thin_object_mass,DEFERRED,"uses &GEOM, CC_IBM (GEOM)",GEOM CC_IBM ZONE MULTI_MESH,1,GEOM,0,0,0,0,0,0,,0,0,0,0,0,0,0,1,0,sealed,2,1.0,0,0,,1,0,0,,0,3,65536,0.667,1,1,0,1,1,0,0,uniform,1,0,,,0,,0,0,0,,0,2.0,,yes,3,1,,,,,no,no,,
Complex_Geometry/two_spheres.fds,two_spheres,DEFERRED,"uses &GEOM, CC_IBM (GEOM)",GEOM CC_IBM,1,GEOM,0,0,0,0,0,0,,0,0,0,0,0,0,0,0,0,none,0,0.0,0,0,,0,0,0,,0,1,66560,1.0,0,1,0,0,0,0,0,single_mesh,,0,,,0,,0,0,0,,0,0.01,,no,,1,,,,,no,no,,
Complex_Geometry/zero_thick_roof.fds,zero_thick_roof,DEFERRED,"uses &GEOM, CC_IBM (GEOM)",GEOM CC_IBM,1,GEOM,0,0,0,0,0,0,,0,0,0,0,0,0,0,0,0,none,0,0.0,0,0,,0,0,0,,0,1,27000,1.0,0,1,0,0,0,0,0,single_mesh,,0,,,0,,0,0,0,,0,1.0,,commented,1,1,,,,,no,no,,
Controls/activate_vents.fds,activate_vents,IN,all features in scope,PARTICLES,0,,0,0,0,0,0,0,,0,0,0,0,0,0,0,0,0,none,0,0.0,0,0,,0,0,0,,0,1,2100,1.0,0,1,0,0,0,0,0,single_mesh,,0,,,0,,7,0,0,,0,20.0,,yes,1,1,G4,T2 (Verification-Guide dataplot: Relative Error|end|0),proposed,"completes (normal exit, no NaN/trap); T2",no,no,,
Controls/bi_dir.fds,bi_dir,IN,all features in scope,ZONE MULTI_MESH,0,,0,0,0,0,0,0,,0,0,0,0,0,0,0,1,0,sealed,2,0.667,0,0,,0,0,0,,0,3,3000,0.938,1,1,0,1,0,0,0,no_shared_faces,,0,,,0,,0,0,0,,0,20.0,,yes,1,1,G4,T2 (Verification-Guide dataplot: Relative Error|mean|0.02; Relative Error|mean|0.04),proposed,"completes (normal exit, no NaN/trap); T2",no,no,,
Controls/control_test.fds,control_test,IN,all features in scope,,0,,0,0,0,0,0,0,,0,0,0,0,0,0,0,0,0,none,0,0.0,0,0,,0,0,0,,0,1,8000,1.0,0,1,0,0,0,0,0,single_mesh,,0,,,0,,0,0,0,,0,10.0,,yes,1,1,G4,T2 vs FDS baseline (no committed FDS metric),proposed,"completes (normal exit, no NaN/trap); T2 vs FDS baseline",no,no,,
Controls/control_test_2.fds,control_test_2,IN,all features in scope,ZONE,0,,0,0,0,0,0,0,,0,0,0,0,0,0,0,1,0,sealed,2,1.0,0,0,,0,0,0,,0,1,8800,1.0,0,1,0,0,0,0,0,single_mesh,,0,,,0,,0,0,0,,0,10.0,,yes,1,1,G4,T2 (Verification-Guide dataplot: Relative Error|end|0.01),proposed,"completes (normal exit, no NaN/trap); T2",no,no,,
Controls/create_remove.fds,create_remove,IN,all features in scope,MULTI_MESH,0,,0,0,0,0,0,0,,0,0,0,0,0,0,0,0,0,none,0,0.0,0,0,,0,0,0,,0,2,8000,1.0,0,1,0,1,1,0,0,uniform,1,0,,,0,,0,0,0,,0,7.0,,yes,1,1,G4,T2 vs FDS baseline (no committed FDS metric),proposed,"completes (normal exit, no NaN/trap); T2 vs FDS baseline",no,no,,
Controls/cycle_test.fds,cycle_test,IN,all features in scope,MULTI_MESH,0,,0,0,0,0,0,0,,0,0,0,0,0,0,0,0,0,none,0,0.0,0,0,,0,0,0,,0,2,8000,1.0,0,1,0,1,1,0,0,uniform,1,0,,,0,,0,0,0,,0,10.0,,yes,1,1,G4,T2 vs FDS baseline (no committed FDS metric),proposed,"completes (normal exit, no NaN/trap); T2 vs FDS baseline",no,no,,
Controls/device_test.fds,device_test,IN,all features in scope,MULTI_MESH PARTICLES,0,,0,0,0,0,0,0,,0,0,0,0,0,0,0,0,0,none,0,0.0,0,0,,0,0,0,,0,2,7000,0.438,1,1,0,1,1,0,0,uniform,1,0,,,0,,2,0,0,,0,60.0,,yes,1,1,G4,T2 vs FDS baseline (no committed FDS metric),proposed,"completes (normal exit, no NaN/trap); T2 vs FDS baseline",no,no,,
Controls/ext_heartbeat_std_curve.fds,ext_heartbeat_std_curve,OUT,missing external input file(s): MISC.EXTERNAL_FILENAME:ext_heartbeat_mass_flux.csv,MISSING_FILES,0,,0,0,0,0,0,0,,0,0,0,0,0,0,0,0,0,none,0,0.0,0,0,,0,0,0,,0,1,2000,1.0,0,1,0,0,0,0,0,single_mesh,,0,,,0,,0,0,0,MISC.EXTERNAL_FILENAME:ext_heartbeat_mass_flux.csv,0,60.0,,commented,1,1,,,,,no,no,,
Controls/hrr_freeze.fds,hrr_freeze,IN,all features in scope,,0,,0,0,0,0,0,0,,0,0,0,0,0,0,0,0,0,none,0,0.0,0,0,,0,0,0,,0,1,8000,1.0,0,1,0,0,0,0,0,single_mesh,,0,,,0,,0,0,0,,0,20.0,,yes,1,1,G4,T2 (Verification-Guide dataplot: N/A|end|0),proposed,"completes (normal exit, no NaN/trap); T2",no,no,,
Controls/rms_cov_corr.fds,rms_cov_corr,IN,all features in scope,,0,,0,0,0,0,0,0,,0,0,0,0,0,0,0,0,0,none,0,0.0,0,0,,0,0,0,,0,1,1000,1.0,0,1,0,0,0,0,0,single_mesh,,0,,,0,,0,0,0,,0,1000.0,,yes,1,1,G4,T2 (Verification-Guide dataplot: Relative Error|end|0.02),proposed,"completes (normal exit, no NaN/trap); T2",no,no,,
Controls/rms_example.fds,rms_example,IN,all features in scope,,0,,0,0,0,0,0,0,,0,0,0,0,0,0,0,0,0,sealed,1,1.0,1,0,,0,0,0,,0,1,27,1.0,0,1,0,0,0,0,0,single_mesh,,0,,,0,,0,0,0,,0,20.0,,yes,1,1,G4,T2 (Verification-Guide dataplot: Relative Error|mean|4.00E-02),proposed,"completes (normal exit, no NaN/trap); T2",no,no,,
Controls/special_time_ramps.fds,special_time_ramps,IN,all features in scope,,0,,0,0,0,0,0,0,,0,0,0,0,0,0,0,0,0,sealed,1,1.0,1,0,,0,0,0,,0,1,64,1.0,0,1,0,0,0,0,0,single_mesh,,0,,,0,,0,0,0,,0,100.0,,yes,1,1,G4,T2 (Verification-Guide dataplot: Absolute Error|end|0.01),proposed,"completes (normal exit, no NaN/trap); T2",no,no,,
Controls/spreading_fire.fds,spreading_fire,IN,all features in scope,MULTI_MESH,0,,0,0,0,0,0,0,,0,0,0,0,0,0,0,0,0,none,0,0.0,0,0,,0,0,0,,0,4,32000,1.0,0,1,0,1,4,0,0,uniform,1,0,,,0,,0,0,0,,0,200.0,,yes,4,1,G4,T2 (Verification-Guide dataplot: Relative Error|area|0.05),proposed,"completes (normal exit, no NaN/trap); T2",no,no,,
Detectors/aspiration_detector.fds,aspiration_detector,IN,all features in scope,,0,,0,0,0,0,0,0,,0,0,0,0,0,0,0,0,0,sealed,1,1.0,1,0,,0,0,0,,0,1,1000,1.0,0,1,0,0,0,0,0,single_mesh,,0,,,0,,0,0,0,,0,200.0,,yes,1,1,G4,T2 (Verification-Guide dataplot: Relative Error|end|0.02),proposed,"completes (normal exit, no NaN/trap); T2",no,no,,
Detectors/beam_detector.fds,beam_detector,IN,all features in scope,MULTI_MESH,0,,0,0,0,0,0,0,,0,0,0,0,0,0,0,0,0,sealed,1,1.0,1,0,,0,0,0,,0,8,400000,1.0,0,1,0,1,12,0,0,uniform,1,0,,,0,,0,0,0,,0,1.0,,yes,8,1,G4,T2 (Verification-Guide dataplot: N/A|end|0.02; Relative Error|end|0.01),proposed,"completes (normal exit, no NaN/trap); T2",no,no,,
Detectors/objects_dynamic.fds,objects_dynamic,IN,all features in scope,,0,,0,0,0,0,0,0,,0,0,0,0,0,0,0,0,0,none,0,0.0,0,0,,0,0,0,,0,1,65536,1.0,0,1,0,0,0,0,0,single_mesh,,0,,,0,,0,0,0,,0,0.0,,yes,1,1,G4,T2 vs FDS baseline (no committed FDS metric),proposed,completes setup (T_END=0; G1 message diff); T2 vs FDS baseline,no,no,,
Detectors/objects_static.fds,objects_static,IN,all features in scope,,0,,0,0,0,0,0,0,,0,0,0,0,0,0,0,0,0,none,0,0.0,0,0,,0,0,0,,0,1,1024,1.0,0,1,0,0,0,0,0,single_mesh,,0,,,0,,0,0,0,,0,0.0,,yes,1,1,G4,T2 vs FDS baseline (no committed FDS metric),proposed,completes setup (T_END=0; G1 message diff); T2 vs FDS baseline,no,no,,
Detectors/smoke_detector.fds,smoke_detector,IN,all features in scope,,0,,0,0,0,0,0,0,,0,0,0,0,0,0,0,0,0,none,0,0.0,0,0,,0,0,0,,0,1,125,1.0,0,1,0,0,0,0,0,single_mesh,,0,,,0,,0,0,0,,0,100.0,,yes,1,1,G4,T2 (Verification-Guide dataplot: Relative Error|end_1_1|0.01),proposed,"completes (normal exit, no NaN/trap); T2",no,no,,
Energy_Budget/energy_budget_adiabatic_two_fuels.fds,energy_budget_adiabatic_two_fuels,IN,all features in scope,,0,,0,0,0,0,0,0,,0,0,0,0,0,0,0,0,0,none,0,0.0,0,0,,0,0,0,,0,1,4000,1.0,0,1,0,0,0,0,0,single_mesh,,0,,,0,,0,0,0,,0,600.0,,yes,1,1,G4,T2 (Verification-Guide dataplot: Absolute Error|end|12),proposed,"completes (normal exit, no NaN/trap); T2",no,no,,
Energy_Budget/energy_budget_adiabatic_walls.fds,energy_budget_adiabatic_walls,IN,all features in scope,,0,,0,0,0,0,0,0,,0,0,0,0,0,0,0,0,0,none,0,0.0,0,0,,0,0,0,,0,1,32000,1.0,0,1,0,0,0,0,0,single_mesh,,0,,,0,,0,0,0,,0,300.0,,yes,1,1,T2-opt,T1 first 100 steps (T2 full run) / T2,184-inventory,"completes (normal exit, no NaN/trap); tier T2-opt gate, tclass as inventory",no,yes,T2-opt,
Energy_Budget/energy_budget_cold_walls.fds,energy_budget_cold_walls,IN,all features in scope,,0,,0,0,0,0,0,0,,0,0,0,0,0,0,0,0,0,none,0,0.0,0,0,,0,0,0,,0,1,32000,1.0,0,1,0,0,0,0,0,single_mesh,,0,,,0,,0,0,0,,0,300.0,,yes,1,1,G4,T2 (Verification-Guide dataplot: Absolute Error|mean|20),proposed,"completes (normal exit, no NaN/trap); T2",no,no,,
Energy_Budget/energy_budget_combustion.fds,energy_budget_combustion,IN,all features in scope,,0,,0,0,0,0,0,0,,0,0,0,0,0,0,0,0,0,sealed,1,1.0,1,0,,0,0,0,,0,1,8000,1.0,0,1,0,0,0,0,0,single_mesh,,0,,,0,,0,0,0,,0,0.001,,yes,1,1,G4,T2 (Verification-Guide dataplot: Relative Error|end|0.05),proposed,"completes (normal exit, no NaN/trap); T2",no,no,,
Energy_Budget/energy_budget_dns_100.fds,energy_budget_dns_100,IN,all features in scope,,0,,0,0,0,0,0,0,,0,0,0,0,0,0,0,0,0,none,0,0.0,0,0,,0,0,0,,0,1,2500,1.0,0,1,1,0,0,0,0,single_mesh,,0,,,0,,0,0,0,,0,2.0,,yes,1,1,T2,T1 (T0 stretch) / T2,184-inventory,"completes (normal exit, no NaN/trap); tier T2 gate, tclass as inventory",no,yes,T2,
Energy_Budget/energy_budget_particles.fds,energy_budget_particles,IN,all features in scope,PARTICLES,0,,0,0,0,0,0,0,,0,0,0,0,0,0,0,0,0,sealed,1,1.0,1,0,,0,0,0,,0,1,1000,1.0,0,1,0,0,0,0,0,single_mesh,,0,,,0,,1,0,0,,0,900.0,,yes,1,1,T2,T1 (T0 stretch) / T2,184-inventory,"completes (normal exit, no NaN/trap); tier T2 gate, tclass as inventory",no,yes,T2,
Energy_Budget/energy_budget_solid.fds,energy_budget_solid,IN,all features in scope,,0,,0,0,0,0,0,0,,0,0,0,0,0,0,0,0,0,sealed,1,1.0,1,0,,0,0,0,,0,1,1000,1.0,0,1,0,0,0,0,0,single_mesh,,0,,,0,,0,0,0,,0,2000.0,,yes,1,1,G4,T2 (Verification-Guide dataplot: Relative Error|end|0.01),proposed,"completes (normal exit, no NaN/trap); T2",no,no,,
Energy_Budget/energy_budget_tmix.fds,energy_budget_tmix,IN,all features in scope,,0,,0,0,0,0,0,0,,0,0,0,0,0,0,0,0,0,none,0,0.0,0,0,,0,0,0,,0,1,121,1.0,0,1,1,0,0,0,0,single_mesh,,0,,,0,,0,0,0,,0,20.0,,yes,1,1,T1,T1 (T0 stretch) / T2,184-inventory,"completes (normal exit, no NaN/trap); tier T1 gate, tclass as inventory",no,yes,T1,
Energy_Budget/test_hrr_2d_cyl.fds,test_hrr_2d_cyl,UNCLEAR,&MESH CYLINDRICAL: still open under charter Q4 (D-033); AMR-mode rejection is an IR-002 ASSUMPTION,CYLINDRICAL,0,,0,0,0,0,0,0,,0,0,0,0,0,0,0,0,0,none,0,0.0,0,0,,0,0,0,,0,1,800,1.0,0,1,1,0,0,0,0,single_mesh,,0,,,0,,0,1,0,,0,10.0,,yes,1,1,,,,,no,yes,T2,
Energy_Budget/test_hrr_3d.fds,test_hrr_3d,IN,all features in scope,,0,,0,0,0,0,0,0,,0,0,0,0,0,0,0,0,0,none,0,0.0,0,0,,0,0,0,,0,1,64000,1.0,0,1,0,0,0,0,0,single_mesh,,0,,,0,,0,0,0,,0,10.0,,yes,1,1,G4,T2 vs FDS baseline (no committed FDS metric),proposed,"completes (normal exit, no NaN/trap); T2 vs FDS baseline",no,no,,
Extinction/extinction_1.fds,extinction_1,IN,all features in scope,ZONE MULTI_MESH,0,,0,0,0,0,0,0,,0,0,0,0,0,0,0,1,0,sealed,6,1.0,0,0,,0,0,0,,0,100,6400,0.277,1,1,0,1,0,0,0,no_shared_faces,,0,,,0,,0,0,0,,0,0.25,,yes,1,1,G4,T2 (Utilities/Python script metric; CHID referenced by a script),proposed,"completes (normal exit, no NaN/trap); T2",no,no,,
Extinction/extinction_2.fds,extinction_2,IN,all features in scope,ZONE MULTI_MESH,0,,0,0,0,0,0,0,,0,0,0,0,0,0,0,1,0,sealed,6,1.0,0,0,,0,0,0,,0,100,6400,0.277,1,1,0,1,0,0,0,no_shared_faces,,0,,,0,,0,0,0,,0,0.25,,yes,1,1,G4,T2 (Utilities/Python script metric; CHID referenced by a script),proposed,"completes (normal exit, no NaN/trap); T2",no,no,,
Fires/HoC_Ideal.fds,HoC_Ideal,IN,all features in scope,,0,,0,0,0,0,0,0,,0,0,0,0,0,0,0,0,0,sealed,1,1.0,1,0,,0,0,0,,0,1,1000,1.0,0,1,0,0,0,0,0,single_mesh,,0,,,0,,0,0,0,,0,4.0,,yes,1,1,G4,T2 (Verification-Guide dataplot: Relative Error|end|0.0001),proposed,"completes (normal exit, no NaN/trap); T2",no,no,,
Fires/HoC_NonIdeal.fds,HoC_NonIdeal,IN,all features in scope,,0,,0,0,0,0,0,0,,0,0,0,0,0,0,0,0,0,sealed,1,1.0,1,0,,0,0,0,,0,1,1000,1.0,0,1,0,0,0,0,0,single_mesh,,0,,,0,,0,0,0,,0,4.0,,yes,1,1,G4,T2 (Verification-Guide dataplot: Relative Error|end|0.0001),proposed,"completes (normal exit, no NaN/trap); T2",no,no,,
Fires/box_burn_away1.fds,box_burn_away1,UNCLEAR,"&SURF VARIABLE_THICKNESS uses the HT3D obstruction-grouping path (read.f90:841-849) with 1-D conduction; not named in the scope decision; solid thickness follows the snapped OBST, i.e. the level",VARIABLE_THICKNESS MULTI_MESH,0,,0,1,0,0,0,0,,0,0,0,0,0,0,0,0,0,sealed,1,1.0,1,0,,0,0,0,,0,4,4000,1.0,0,1,0,1,4,0,0,uniform,1,0,,,0,,0,0,0,,0,30.0,,yes,4,1,,,,,no,yes,T2,
Fires/box_burn_away10.fds,box_burn_away10,UNCLEAR,"&SURF VARIABLE_THICKNESS uses the HT3D obstruction-grouping path (read.f90:841-849) with 1-D conduction; not named in the scope decision; solid thickness follows the snapped OBST, i.e. the level",VARIABLE_THICKNESS THIN_OBST MULTI_MESH,0,,0,1,1,0,1,0,,1,0,0,0,0,0,0,0,0,sealed,1,1.0,1,0,,0,0,0,,0,4,4000,1.0,0,1,0,1,4,0,0,uniform,1,0,,,0,,0,0,0,,0,30.0,,yes,4,1,,,,,no,no,,
Fires/box_burn_away11.fds,box_burn_away11,UNCLEAR,"&SURF VARIABLE_THICKNESS uses the HT3D obstruction-grouping path (read.f90:841-849) with 1-D conduction; not named in the scope decision; solid thickness follows the snapped OBST, i.e. the level",VARIABLE_THICKNESS THIN_OBST MULTI_MESH,0,,0,1,1,0,15,0,,15,0,0,0,0,0,0,0,0,sealed,1,1.0,1,0,,0,0,0,,0,4,4000,1.0,0,1,0,1,4,0,0,uniform,1,0,,,0,,0,0,0,,0,30.0,,yes,4,1,,,,,no,no,,
Fires/box_burn_away2.fds,box_burn_away2,UNCLEAR,"&SURF VARIABLE_THICKNESS uses the HT3D obstruction-grouping path (read.f90:841-849) with 1-D conduction; not named in the scope decision; solid thickness follows the snapped OBST, i.e. the level",VARIABLE_THICKNESS,0,,0,1,0,0,0,0,,0,0,0,0,0,0,0,0,0,sealed,1,1.0,1,0,,0,0,0,,0,1,1000,1.0,0,1,0,0,0,0,0,single_mesh,,0,,,0,,0,0,0,,0,30.0,,yes,1,1,,,,,no,no,,
Fires/box_burn_away3.fds,box_burn_away3,UNCLEAR,"&SURF VARIABLE_THICKNESS uses the HT3D obstruction-grouping path (read.f90:841-849) with 1-D conduction; not named in the scope decision; solid thickness follows the snapped OBST, i.e. the level",VARIABLE_THICKNESS,0,,0,1,0,0,0,0,,0,0,0,0,0,0,0,0,0,sealed,1,1.0,1,0,,0,0,0,,0,1,1000,1.0,0,1,0,0,0,0,0,single_mesh,,0,,,0,,0,0,0,,0,30.0,,yes,1,1,,,,,no,no,,
Fires/box_burn_away4.fds,box_burn_away4,UNCLEAR,"&SURF VARIABLE_THICKNESS uses the HT3D obstruction-grouping path (read.f90:841-849) with 1-D conduction; not named in the scope decision; solid thickness follows the snapped OBST, i.e. the level",VARIABLE_THICKNESS,0,,0,1,0,0,0,0,,0,0,0,0,0,0,0,0,0,sealed,1,1.0,1,0,,0,0,0,,0,1,1000,1.0,0,1,0,0,0,0,0,single_mesh,,0,,,0,,0,0,0,,0,30.0,,yes,1,1,,,,,no,no,,
Fires/box_burn_away5.fds,box_burn_away5,UNCLEAR,"&SURF VARIABLE_THICKNESS uses the HT3D obstruction-grouping path (read.f90:841-849) with 1-D conduction; not named in the scope decision; solid thickness follows the snapped OBST, i.e. the level",VARIABLE_THICKNESS,0,,0,1,0,0,0,0,,0,0,0,0,0,0,0,0,0,sealed,1,1.0,1,0,,0,0,0,,0,1,1000,1.0,0,1,0,0,0,0,0,single_mesh,,0,,,0,,0,0,0,,0,30.0,,yes,1,1,,,,,no,no,,
Fires/box_burn_away6.fds,box_burn_away6,UNCLEAR,"&SURF VARIABLE_THICKNESS uses the HT3D obstruction-grouping path (read.f90:841-849) with 1-D conduction; not named in the scope decision; solid thickness follows the snapped OBST, i.e. the level",VARIABLE_THICKNESS,0,,0,1,0,0,0,0,,0,0,0,0,0,0,0,0,0,sealed,1,1.0,1,0,,0,0,0,,0,1,1000,1.0,0,1,0,0,0,0,0,single_mesh,,0,,,0,,0,0,0,,0,30.0,,yes,1,1,,,,,no,no,,
Fires/box_burn_away7.fds,box_burn_away7,IN,all features in scope,THIN_OBST,0,,0,0,1,1,0,0,,0,0,0,0,0,0,0,0,0,sealed,1,1.0,1,0,,0,0,0,,0,1,1000,1.0,0,1,0,0,0,0,0,single_mesh,,0,,,0,,0,0,0,,0,20.0,,yes,1,1,G4,T2 (Verification-Guide dataplot: Relative Error|end|0.02),proposed,"completes (normal exit, no NaN/trap); T2",no,no,,
Fires/box_burn_away8.fds,box_burn_away8,UNCLEAR,"&SURF VARIABLE_THICKNESS uses the HT3D obstruction-grouping path (read.f90:841-849) with 1-D conduction; not named in the scope decision; solid thickness follows the snapped OBST, i.e. the level",VARIABLE_THICKNESS,0,,0,1,0,0,0,0,,0,0,0,0,0,0,0,0,0,sealed,1,1.0,1,0,,0,0,0,,0,1,1000,1.0,0,1,0,0,0,0,0,single_mesh,,0,,,0,,0,0,0,,0,30.0,,yes,1,1,,,,,no,no,,
Fires/box_burn_away9.fds,box_burn_away9,DEFERRED,uses HT3D,HT3D MULTI_MESH,0,,1,0,0,0,0,0,,0,0,0,0,0,0,0,0,0,sealed,1,1.0,1,0,,0,0,0,,0,4,4000,1.0,0,1,0,1,4,0,0,uniform,1,0,,,0,,0,0,0,,0,180.0,,yes,4,1,,,,,no,no,,
Fires/box_burn_away_2D.fds,box_burn_away_2D,UNCLEAR,"&SURF VARIABLE_THICKNESS uses the HT3D obstruction-grouping path (read.f90:841-849) with 1-D conduction; not named in the scope decision; solid thickness follows the snapped OBST, i.e. the level",VARIABLE_THICKNESS,0,,0,1,0,0,0,0,,0,0,0,0,0,0,0,0,0,sealed,1,1.0,1,0,,0,0,0,,0,1,100,1.0,0,1,1,0,0,0,0,single_mesh,,0,,,0,,0,0,0,,0,30.0,,yes,1,1,,,,,no,no,,
Fires/box_burn_away_2D_residue.fds,box_burn_away_2D_residue,UNCLEAR,"&SURF VARIABLE_THICKNESS uses the HT3D obstruction-grouping path (read.f90:841-849) with 1-D conduction; not named in the scope decision; solid thickness follows the snapped OBST, i.e. the level",VARIABLE_THICKNESS,0,,0,1,0,0,0,0,,0,0,0,0,0,0,0,0,0,sealed,1,1.0,1,0,,0,0,0,,0,1,100,1.0,0,1,1,0,0,0,0,single_mesh,,0,,,0,,0,0,0,,0,30.0,,yes,1,1,,,,,no,no,,
Fires/circular_burner.fds,circular_burner,IN,all features in scope,MULTI_MESH,0,,0,0,0,0,0,0,,0,0,0,0,0,0,0,0,0,none,0,0.0,0,0,,0,0,0,,0,8,64000,1.0,0,1,0,1,12,0,0,uniform,1,0,,,0,,0,0,0,,0,20.0,,yes,8,1,T2,T1 first 100 steps (T2 full run) / T2,184-inventory,"completes (normal exit, no NaN/trap); tier T2 gate, tclass as inventory",no,yes,T2,
Fires/couch.fds,couch,IN,all features in scope,MULTI_MESH PARTICLES,0,,0,0,0,0,0,0,,0,0,0,0,0,0,0,0,0,none,0,0.0,0,0,,0,0,0,,0,8,60000,1.0,0,1,0,1,12,0,0,uniform,1,0,,,0,,1,0,0,,0,600.0,,yes,8,1,G4,T2 (Verification-Guide dataplot: Relative Error|max|0.2),proposed,"completes (normal exit, no NaN/trap); T2",no,no,,
Fires/fire_const_gamma.fds,fire_const_gamma,IN,all features in scope,,0,,0,0,0,0,0,0,,0,0,0,0,0,0,0,0,0,sealed,1,1.0,1,0,,0,0,0,,0,1,8192,1.0,0,1,0,0,0,0,0,single_mesh,,0,,,0,,0,0,0,,0,30.0,,yes,1,1,G4,T2 (Verification-Guide dataplot: Relative Error|end|1.00E-05),proposed,"completes (normal exit, no NaN/trap); T2",no,no,,
Fires/ftp.fds,ftp,IN,all features in scope,,0,,0,0,0,0,0,0,,0,0,0,0,0,0,0,0,0,none,0,0.0,0,0,,0,0,0,,0,1,1000,1.0,0,1,0,0,0,0,0,single_mesh,,0,,,0,,0,0,0,,0,10.0,,yes,1,1,G4,T2 (Verification-Guide dataplot: Relative Error|end|0.02),proposed,"completes (normal exit, no NaN/trap); T2",no,no,,
Fires/simple_test.fds,simple_test,IN,all features in scope,,0,,0,0,0,0,0,0,,0,0,0,0,0,0,0,0,0,none,0,0.0,0,0,,0,0,0,,0,1,20736,1.0,0,1,0,0,0,0,0,single_mesh,,0,,,0,,0,0,0,,0,60.0,,yes,1,1,T2,T1 first 100 steps (T2 full run) / T2,184-inventory,"completes (normal exit, no NaN/trap); tier T2 gate, tclass as inventory",no,yes,T2,
Fires/spray_burner.fds,spray_burner,IN,all features in scope,THIN_OBST PARTICLES,0,,0,0,1,5,0,0,,0,0,0,0,0,0,0,0,0,none,0,0.0,0,0,,0,0,0,,0,1,24000,1.0,0,1,0,0,0,0,0,single_mesh,,0,,,0,,1,0,0,,0,90.0,,yes,1,1,G4,T2 (Verification-Guide dataplot: Relative Error|area|0.05),proposed,"completes (normal exit, no NaN/trap); T2",no,no,,
Fires/tmp_lower_limit_default.fds,tmp_lower_limit_default,IN,all features in scope,,0,,0,0,0,0,0,0,,0,0,0,0,0,0,0,0,0,none,0,0.0,0,0,,0,0,0,,0,1,8000,1.0,0,1,1,0,0,0,0,single_mesh,,0,,,0,,0,0,0,,0,1.0,,yes,1,1,G4,T2 (Verification-Guide dataplot: Absolute Error|threshold|0.05),proposed,"completes (normal exit, no NaN/trap); T2",no,no,,
Fires/tmp_lower_limit_simple.fds,tmp_lower_limit_simple,IN,all features in scope,,0,,0,0,0,0,0,0,,0,0,0,0,0,0,0,0,0,none,0,0.0,0,0,,0,0,0,,0,1,2000,1.0,0,1,1,0,0,0,0,single_mesh,,0,,,0,,0,0,0,,0,1.0,,yes,1,1,G4,T2 (Verification-Guide dataplot: Absolute Error|threshold|0.01),proposed,"completes (normal exit, no NaN/trap); T2",no,no,,
Fires/tunnel_const_gamma.fds,tunnel_const_gamma,IN,all features in scope,,0,,0,0,0,0,0,0,,0,0,0,0,0,0,0,0,0,none,0,0.0,0,0,,0,0,0,,0,1,400,1.0,0,1,1,0,0,0,0,single_mesh,,0,,,0,,0,0,0,,0,0.2,,yes,1,1,G4,T2 (Verification-Guide dataplot: Relative Error|end|0.01; Relative Error|mean|0.01),proposed,"completes (normal exit, no NaN/trap); T2",no,no,,
Fires/tunnel_linear_cp.fds,tunnel_linear_cp,IN,all features in scope,,0,,0,0,0,0,0,0,,0,0,0,0,0,0,0,0,0,none,0,0.0,0,0,,0,0,0,,0,1,400,1.0,0,1,1,0,0,0,0,single_mesh,,0,,,0,,0,0,0,,0,0.2,,yes,1,1,G4,T2 (Verification-Guide dataplot: Relative Error|end|0.01; Relative Error|mean|0.01),proposed,"completes (normal exit, no NaN/trap); T2",no,no,,
Flowfields/blasius_128.fds,blasius_128,IN,all features in scope,,0,,0,0,0,0,0,0,,0,0,0,0,0,0,0,0,0,none,0,0.0,0,0,,0,0,0,,0,1,24576,1.0,0,1,1,0,0,0,0,single_mesh,,0,,,0,,0,0,0,,0,10.0,,no,,1,G4,completes only (FDS does not run it: not in FDS_Cases.sh or commented),proposed,"completes (normal exit, no NaN/trap); completes only",no,no,,
Flowfields/blasius_16.fds,blasius_16,IN,all features in scope,,0,,0,0,0,0,0,0,,0,0,0,0,0,0,0,0,0,none,0,0.0,0,0,,0,0,0,,0,1,384,1.0,0,1,1,0,0,0,0,single_mesh,,0,,,0,,0,0,0,,0,10.0,,yes,1,1,T2,T1 (T0 stretch) / T2,184-inventory,"completes (normal exit, no NaN/trap); tier T2 gate, tclass as inventory",no,yes,T2,
Flowfields/blasius_32.fds,blasius_32,IN,all features in scope,,0,,0,0,0,0,0,0,,0,0,0,0,0,0,0,0,0,none,0,0.0,0,0,,0,0,0,,0,1,1536,1.0,0,1,1,0,0,0,0,single_mesh,,0,,,0,,0,0,0,,0,10.0,,yes,1,1,T2,T1 (T0 stretch) / T2,184-inventory,"completes (normal exit, no NaN/trap); tier T2 gate, tclass as inventory",no,yes,T2,
Flowfields/blasius_64.fds,blasius_64,IN,all features in scope,,0,,0,0,0,0,0,0,,0,0,0,0,0,0,0,0,0,none,0,0.0,0,0,,0,0,0,,0,1,6144,1.0,0,1,1,0,0,0,0,single_mesh,,0,,,0,,0,0,0,,0,10.0,,yes,1,1,T2,T1 (T0 stretch) / T2,184-inventory,"completes (normal exit, no NaN/trap); tier T2 gate, tclass as inventory",no,yes,T2,
Flowfields/cyl_test_1.fds,cyl_test_1,UNCLEAR,&MESH CYLINDRICAL: still open under charter Q4 (D-033); AMR-mode rejection is an IR-002 ASSUMPTION,CYLINDRICAL,0,,0,0,0,0,0,0,,0,0,0,0,0,0,0,0,0,none,0,0.0,0,0,,0,0,0,,0,1,2400,1.0,0,1,1,0,0,0,0,single_mesh,,0,,,0,,0,1,0,,0,20.0,,yes,1,1,,,,,no,no,,
Flowfields/cyl_test_2.fds,cyl_test_2,UNCLEAR,&MESH CYLINDRICAL: still open under charter Q4 (D-033); AMR-mode rejection is an IR-002 ASSUMPTION,CYLINDRICAL,0,,0,0,0,0,0,0,,0,0,0,0,0,0,0,0,0,none,0,0.0,0,0,,0,0,0,,0,1,2400,1.0,0,1,1,0,0,0,0,single_mesh,,0,,,0,,0,1,0,,0,20.0,,yes,1,1,,,,,no,no,,
Flowfields/cyl_test_3.fds,cyl_test_3,UNCLEAR,&MESH CYLINDRICAL: still open under charter Q4 (D-033); AMR-mode rejection is an IR-002 ASSUMPTION,CYLINDRICAL,0,,0,0,0,0,0,0,,0,0,0,0,0,0,0,0,0,none,0,0.0,0,0,,0,0,0,,0,1,5000,1.0,0,1,1,0,0,0,0,single_mesh,,0,,,0,,0,1,0,,0,3.0,,yes,1,1,,,,,no,no,,
Flowfields/cyl_test_4.fds,cyl_test_4,UNCLEAR,&MESH CYLINDRICAL: still open under charter Q4 (D-033); AMR-mode rejection is an IR-002 ASSUMPTION,CYLINDRICAL,0,,0,0,0,0,0,0,,0,0,0,0,0,0,0,0,0,none,0,0.0,0,0,,0,0,0,,0,1,5000,1.0,0,1,1,0,0,0,0,single_mesh,,0,,,0,,0,1,0,,0,3.0,,yes,1,1,,,,,no,no,,
Flowfields/divergence_test_1.fds,divergence_test_1,OUT,"TRNX/TRNY/TRNZ stretched grid: rejected in AMR mode, stays FDS-only (IR-002, D-030)",ZONE STRETCHED,0,,0,0,0,0,0,0,,0,0,0,0,0,0,0,1,0,sealed,1,1.0,0,1,,0,0,0,,0,1,8000,1.0,0,1,0,0,0,0,0,single_mesh,,1,,UGLMAT,0,,0,0,0,,0,10.0,,yes,1,1,,,,,no,yes,T2,
Flowfields/divergence_test_2.fds,divergence_test_2,IN,all features in scope,PARTICLES,0,,0,0,0,0,0,0,,0,0,0,0,0,0,0,0,0,sealed,1,1.0,1,0,,0,0,0,,0,1,81,1.0,0,1,1,0,0,0,0,single_mesh,,0,,,0,,1,0,0,,0,10.0,,yes,1,1,T1,T1 (T0 stretch) / T2,184-inventory,"completes (normal exit, no NaN/trap); tier T1 gate, tclass as inventory",no,yes,T1,
Flowfields/divergence_test_3.fds,divergence_test_3,UNCLEAR,&PRES TUNNEL_PRECONDITIONER=T: still open under charter Q4 (D-033),TUNNEL_PRECONDITIONER MULTI_MESH,0,,0,0,0,0,0,0,,0,0,0,0,0,0,0,0,0,none,0,0.0,0,0,,0,0,0,,0,4,12000,1.0,0,1,1,1,3,0,0,uniform,1,0,,,0,,0,0,1,,0,2.0,,yes,4,1,,,,,no,yes,T1,
Flowfields/gas_filling.fds,gas_filling,IN,all features in scope,,0,,0,0,0,0,0,0,,0,0,0,0,0,0,0,0,0,sealed,1,1.0,1,0,,0,0,0,,0,1,15360,1.0,0,1,0,0,0,0,0,single_mesh,,0,,,0,,0,0,0,,0,300.0,,yes,1,1,T2,T1 (T0 stretch) / T2,184-inventory,"completes (normal exit, no NaN/trap); tier T2 gate, tclass as inventory",no,yes,T2,
Flowfields/helium_1d_const_gamma.fds,helium_1d_const_gamma,IN,all features in scope,,0,,0,0,0,0,0,0,,0,0,0,0,0,0,0,0,0,none,0,0.0,0,0,,0,0,0,,0,1,8192,1.0,0,1,0,0,0,0,0,single_mesh,,0,,,0,,0,0,0,,0,15.0,,yes,1,1,G4,T2 (Verification-Guide dataplot: Absolute Error|max|1.00E-06),proposed,"completes (normal exit, no NaN/trap); T2",no,no,,
Flowfields/helium_1d_isothermal.fds,helium_1d_isothermal,IN,all features in scope,,0,,0,0,0,0,0,0,,0,0,0,0,0,0,0,0,0,none,0,0.0,0,0,,0,0,0,,0,1,8192,1.0,0,1,0,0,0,0,0,single_mesh,,0,,,0,,0,0,0,,0,15.0,,yes,1,1,G4,T2 (Verification-Guide dataplot: Absolute Error|max|1.00E-06),proposed,"completes (normal exit, no NaN/trap); T2",no,no,,
Flowfields/helium_2d_isothermal.fds,helium_2d_isothermal,UNCLEAR,&MESH CYLINDRICAL: still open under charter Q4 (D-033); AMR-mode rejection is an IR-002 ASSUMPTION,CYLINDRICAL,0,,0,0,0,0,0,0,,0,0,0,0,0,0,0,0,0,none,0,0.0,0,0,,0,0,0,,0,1,10368,1.0,0,1,1,0,0,0,0,single_mesh,,0,,,0,,0,1,0,,0,2.0,,yes,1,1,,,,,no,no,,
Flowfields/helium_air_jet_floor.fds,helium_air_jet_floor,IN,all features in scope,,0,,0,0,0,0,0,0,,0,0,0,0,0,0,0,0,0,none,0,0.0,0,0,,0,0,0,,0,1,108000,1.0,0,1,0,0,0,0,0,single_mesh,,0,,,0,,0,0,0,,0,2.0,,yes,1,1,G4,T2 (Verification-Guide dataplot: Absolute Error|max|0.05; Absolute Error|min|0.05),proposed,"completes (normal exit, no NaN/trap); T2",no,no,,
Flowfields/hole.fds,hole,IN,all features in scope,,0,,0,0,0,0,0,0,,0,0,0,0,0,0,0,0,0,none,0,0.0,0,0,,0,0,0,,0,1,8000,1.0,0,1,0,0,0,0,0,single_mesh,,0,,,0,,0,0,0,,0,10.0,,yes,1,1,G4,T2 (Verification-Guide dataplot: Absolute Error|end|0.0001),proposed,"completes (normal exit, no NaN/trap); T2",no,no,,
Flowfields/hot_layer_360.fds,hot_layer_360,IN,all features in scope,,0,,0,0,0,0,0,0,,0,0,0,0,0,0,0,0,0,none,0,0.0,0,0,,0,0,0,,0,1,1800,1.0,0,1,1,0,0,0,0,single_mesh,,0,,,0,,0,0,0,,0,10.0,,yes,1,1,G4,T2 (Utilities/Python script metric; CHID referenced by a script),proposed,"completes (normal exit, no NaN/trap); T2",no,no,,
Flowfields/jet_fan.fds,jet_fan,IN,all features in scope,HVAC,0,,0,0,0,0,0,0,,0,0,0,1,3,0,0,0,0,none,0,0.0,0,0,,0,0,0,,0,1,20000,1.0,0,1,0,0,0,0,0,single_mesh,,0,,,0,,0,0,0,,0,10.0,,yes,1,1,G4,T2 vs FDS baseline (no committed FDS metric),proposed,"completes (normal exit, no NaN/trap); T2 vs FDS baseline",no,no,,
Flowfields/mass_heat_wall_device_test.fds,mass_heat_wall_device_test,IN,all features in scope,,0,,0,0,0,0,0,0,,0,0,0,0,0,0,0,0,0,none,0,0.0,0,0,,0,0,0,,0,1,256000,1.0,0,1,0,0,0,0,0,single_mesh,,0,,,0,,0,0,0,,0,60.0,,yes,1,1,G4,T2 (Verification-Guide dataplot: Relative Error|end|0.01),proposed,"completes (normal exit, no NaN/trap); T2",no,no,,
Flowfields/mass_heat_wall_device_test_2.fds,mass_heat_wall_device_test_2,IN,all features in scope,,0,,0,0,0,0,0,0,,0,0,0,0,0,0,0,0,0,none,0,0.0,0,0,,0,0,0,,0,1,256000,1.0,0,1,0,0,0,0,0,single_mesh,,0,,,0,,0,0,0,,0,60.0,,yes,1,1,G4,T2 (Verification-Guide dataplot: Relative Error|end|0.01),proposed,"completes (normal exit, no NaN/trap); T2",no,no,,
Flowfields/mwtest_cfl.fds,mwtest_cfl,IN,all features in scope,,0,,0,0,0,0,0,0,,0,0,0,0,0,0,0,0,0,none,0,0.0,0,0,,0,0,0,,0,1,120,1.0,0,1,1,0,0,0,0,single_mesh,,0,,,0,,0,0,0,,0,60.0,,yes,1,1,G4,T2 (Verification-Guide dataplot: Absolute Error|max|1.00E-06; Absolute Error|min|1.00E-06),proposed,"completes (normal exit, no NaN/trap); T2",no,no,,
Flowfields/no_hole.fds,no_hole,IN,all features in scope,,0,,0,0,0,0,0,0,,0,0,0,0,0,0,0,0,0,none,0,0.0,0,0,,0,0,0,,0,1,8000,1.0,0,1,0,0,0,0,0,single_mesh,,0,,,0,,0,0,0,,0,10.0,,yes,1,1,G4,T2 vs FDS baseline (no committed FDS metric),proposed,"completes (normal exit, no NaN/trap); T2 vs FDS baseline",no,no,,
Flowfields/parabolic_profile.fds,parabolic_profile,IN,all features in scope,MULTI_MESH,0,,0,0,0,0,0,0,,0,0,0,0,0,0,0,0,0,sealed,1,1.0,1,0,,0,0,0,,0,4,500000,1.0,0,1,0,1,4,0,0,uniform,1,0,,,0,,0,0,0,,0,60.0,,yes,4,1,G4,T2 (Verification-Guide dataplot: Relative Error|end|0.01),proposed,"completes (normal exit, no NaN/trap); T2",no,no,,
Flowfields/particle_offgas_1.fds,particle_offgas_1,IN,all features in scope,PARTICLES,0,,0,0,0,0,0,0,,0,0,0,0,0,0,0,0,0,none,0,0.0,0,0,,0,0,0,,0,1,8000,1.0,0,1,0,0,0,0,0,single_mesh,,0,,,0,,1,0,0,,0,10.0,,yes,1,1,G4,T2 (Verification-Guide dataplot: Absolute Error|end|0.001),proposed,"completes (normal exit, no NaN/trap); T2",no,no,,
Flowfields/particle_offgas_2.fds,particle_offgas_2,IN,all features in scope,PARTICLES,0,,0,0,0,0,0,0,,0,0,0,0,0,0,0,0,0,none,0,0.0,0,0,,0,0,0,,0,1,8000,1.0,0,1,0,0,0,0,0,single_mesh,,0,,,0,,1,0,0,,0,10.0,,yes,1,1,G4,T2 (Verification-Guide dataplot: Absolute Error|end|0.001),proposed,"completes (normal exit, no NaN/trap); T2",no,no,,
Flowfields/particle_offgas_3.fds,particle_offgas_3,IN,all features in scope,PARTICLES,0,,0,0,0,0,0,0,,0,0,0,0,0,0,0,0,0,none,0,0.0,0,0,,0,0,0,,0,1,8000,1.0,0,1,0,0,0,0,0,single_mesh,,0,,,0,,1,0,0,,0,10.0,,yes,1,1,G4,T2 (Verification-Guide dataplot: Absolute Error|end|0.001),proposed,"completes (normal exit, no NaN/trap); T2",no,no,,
Flowfields/particle_offgas_4.fds,particle_offgas_4,IN,all features in scope,,0,,0,0,0,0,0,0,,0,0,0,0,0,0,0,0,0,none,0,0.0,0,0,,0,0,0,,0,1,8000,1.0,0,1,0,0,0,0,0,single_mesh,,0,,,0,,0,0,0,,0,10.0,,yes,1,1,G4,T2 (Verification-Guide dataplot: Absolute Error|end|0.001),proposed,"completes (normal exit, no NaN/trap); T2",no,no,,
Flowfields/realizable_mass_fractions.fds,realizable_mass_fractions,IN,all features in scope,,0,,0,0,0,0,0,0,,0,0,0,0,0,0,0,0,0,none,0,0.0,0,0,,0,0,0,,0,1,12000,1.0,0,1,0,0,0,0,0,single_mesh,,0,,,0,,0,0,0,,0,10.0,,yes,1,1,T2,T1 first 100 steps (T2 full run) / T2,184-inventory,"completes (normal exit, no NaN/trap); tier T2 gate, tclass as inventory",no,yes,T2,
Flowfields/simple_duct.fds,simple_duct,IN,all features in scope,HVAC MULTI_MESH,0,,0,0,0,0,0,0,,0,0,0,1,3,0,0,0,0,sealed,1,1.0,1,0,,0,0,0,,0,5,98480,0.611,1,1,0,1,5,0,0,uniform,1,0,,,0,,0,0,0,,0,30.0,,yes,5,1,T2,T2 vs FFT baseline; T1 vs GLMAT copy (FR-002) / T2,184-inventory,"completes (normal exit, no NaN/trap); tier T2 gate, tclass as inventory",no,yes,T2,
Flowfields/species_conservation_1.fds,species_conservation_1,IN,all features in scope,,0,,0,0,0,0,0,0,,0,0,0,0,0,0,0,0,0,sealed,1,1.0,1,0,,0,0,0,,0,1,8000,1.0,0,1,0,0,0,0,0,single_mesh,,0,,,0,,0,0,0,,0,60.0,,yes,1,1,T1,T1 (T0 stretch) / T2,184-inventory,"completes (normal exit, no NaN/trap); tier T1 gate, tclass as inventory",no,yes,T1,
Flowfields/species_conservation_2.fds,species_conservation_2,IN,all features in scope,THIN_OBST ZONE,0,,0,0,1,1,0,0,,0,0,0,0,0,0,0,1,0,sealed,2,1.0,0,0,,0,0,0,,0,1,2000,1.0,0,1,0,0,0,0,0,single_mesh,,0,,UGLMAT,0,,0,0,0,,0,25.0,,yes,1,1,T1,T1 (T0 stretch) / T2,184-inventory,"completes (normal exit, no NaN/trap); tier T1 gate, tclass as inventory",no,yes,T1,
Flowfields/species_conservation_3.fds,species_conservation_3,IN,all features in scope,,0,,0,0,0,0,0,0,,0,0,0,0,0,0,0,0,0,sealed,1,1.0,1,0,,0,0,0,,0,1,1000,1.0,0,1,0,0,0,0,0,single_mesh,,0,,,0,,0,0,0,,0,100.0,,yes,1,1,T2,T1 (T0 stretch) / T2,184-inventory,"completes (normal exit, no NaN/trap); tier T2 gate, tclass as inventory",no,yes,T2,
Flowfields/species_conservation_4.fds,species_conservation_4,IN,all features in scope,,0,,0,0,0,0,0,0,,0,0,0,0,0,0,0,0,0,sealed,1,1.0,1,0,,0,0,0,,0,1,1000,1.0,0,1,0,0,0,0,0,single_mesh,,0,,,0,,0,0,0,,0,100.0,,yes,1,1,T2,T1 (T0 stretch) / T2,184-inventory,"completes (normal exit, no NaN/trap); tier T2 gate, tclass as inventory",no,yes,T2,
Flowfields/symmetry_test.fds,symmetry_test,IN,all features in scope,,0,,0,0,0,0,0,0,,0,0,0,0,0,0,0,0,0,sealed,1,1.0,1,0,,0,0,0,,0,1,1000,1.0,0,1,0,0,0,0,0,single_mesh,,0,,,0,,0,0,0,,0,50.0,,yes,1,1,T2,T1 (T0 stretch) / T2,184-inventory,"completes (normal exit, no NaN/trap); tier T2 gate, tclass as inventory",no,yes,T2,
Flowfields/symmetry_test_2.fds,symmetry_test_2,IN,all features in scope,THIN_OBST,0,,0,0,1,4,1,0,,0,0,0,0,0,0,0,0,0,none,0,0.0,0,0,,0,0,0,,0,1,49152,1.0,0,1,0,0,0,0,0,single_mesh,,0,,,0,,0,0,0,,0,4.0,,yes,1,1,G4,T2 (Verification-Guide dataplot: Relative Error|end|0.001),proposed,"completes (normal exit, no NaN/trap); T2",no,no,,
Flowfields/symmetry_test_mpi.fds,symmetry_test_mpi,IN,all features in scope,MULTI_MESH,0,,0,0,0,0,0,0,,0,0,0,0,0,0,0,0,0,sealed,1,1.0,1,0,,0,0,0,,0,8,8000,1.0,0,1,0,1,12,0,0,uniform,1,0,,,0,,0,0,0,,0,500.0,,yes,8,1,T2,T2 vs FFT baseline; T1 vs GLMAT copy (FR-002) / T2,184-inventory,"completes (normal exit, no NaN/trap); tier T2 gate, tclass as inventory",no,yes,T2,
Flowfields/tangential_velocity.fds,tangential_velocity,IN,all features in scope,,0,,0,0,0,0,0,0,,0,0,0,0,0,0,0,0,0,none,0,0.0,0,0,,0,0,0,,0,1,25000,1.0,0,1,0,0,0,0,0,single_mesh,,0,,,0,,0,0,0,,0,20.0,,yes,1,1,G4,T2 (Verification-Guide dataplot: Relative Error|end|0.04),proposed,"completes (normal exit, no NaN/trap); T2",no,no,,
Flowfields/uniform_shear_dudy.fds,uniform_shear_dudy,IN,all features in scope,,0,,0,0,0,0,0,0,,0,0,0,0,0,0,0,0,0,periodic (not evaluated),0,0.0,0,0,,0,0,0,,0,1,4096,1.0,0,1,0,0,0,0,0,single_mesh,,0,,,0,,0,0,0,,0,3.0,,no,,1,G4,completes only (FDS does not run it: not in FDS_Cases.sh or commented),proposed,"completes (normal exit, no NaN/trap); completes only",no,no,,
Flowfields/uniform_shear_dudz.fds,uniform_shear_dudz,IN,all features in scope,,0,,0,0,0,0,0,0,,0,0,0,0,0,0,0,0,0,periodic (not evaluated),0,0.0,0,0,,0,0,0,,0,1,4096,1.0,0,1,0,0,0,0,0,single_mesh,,0,,,0,,0,0,0,,0,3.0,,no,,1,G4,completes only (FDS does not run it: not in FDS_Cases.sh or commented),proposed,"completes (normal exit, no NaN/trap); completes only",no,no,,
Flowfields/uniform_shear_dvdz.fds,uniform_shear_dvdz,IN,all features in scope,,0,,0,0,0,0,0,0,,0,0,0,0,0,0,0,0,0,periodic (not evaluated),0,0.0,0,0,,0,0,0,,0,1,4096,1.0,0,1,0,0,0,0,0,single_mesh,,0,,,0,,0,0,0,,0,3.0,,no,,1,G4,completes only (FDS does not run it: not in FDS_Cases.sh or commented),proposed,"completes (normal exit, no NaN/trap); completes only",no,no,,
Flowfields/velocity_bc_test.fds,velocity_bc_test,IN,all features in scope,THIN_OBST MULTI_MESH,0,,0,0,1,5,0,0,,0,0,0,0,0,0,0,0,0,none,0,0.0,0,0,,0,0,0,,0,3,216000,0.973,1,1,0,1,0,0,0,no_shared_faces,,0,,,0,,0,0,0,,0,200.0,,yes,1,1,G4,T2 (Verification-Guide dataplot: Absolute Error|mean_1_2|0.05; Relative Error|mean_1_2|0.03),proposed,"completes (normal exit, no NaN/trap); T2",no,no,,
Flowfields/volume_flow_1.fds,volume_flow_1,IN,all features in scope,MULTI_MESH,0,,0,0,0,0,0,0,,0,0,0,0,0,0,0,0,0,none,0,0.0,0,0,,0,0,0,,0,8,8000,1.0,0,1,0,1,12,0,0,uniform,1,0,,,0,,0,0,0,,0,100.0,,yes,8,1,T2,T2 vs FFT baseline; T1 vs GLMAT copy (FR-002) / T2,184-inventory,"completes (normal exit, no NaN/trap); tier T2 gate, tclass as inventory",no,yes,T2,
Flowfields/volume_flow_2.fds,volume_flow_2,IN,all features in scope,MULTI_MESH,0,,0,0,0,0,0,0,,0,0,0,0,0,0,0,0,0,none,0,0.0,0,0,,0,0,0,,0,8,8000,1.0,0,1,0,1,12,0,0,uniform,1,0,,,0,,0,0,0,,0,100.0,,yes,8,1,T2,T2 vs FFT baseline; T1 vs GLMAT copy (FR-002) / T2,184-inventory,"completes (normal exit, no NaN/trap); tier T2 gate, tclass as inventory",no,yes,T2,
GPU_Tests/HYPRE_GPU_SCALING/test_16mesh_NOFRPG.fds,test_16mesh_NOFRPG,IN,all features in scope,MULTI_MESH,0,,0,0,0,0,0,0,,0,0,0,0,0,0,0,0,0,none,0,0.0,0,0,,0,0,0,,0,16,1000000,1.0,0,1,0,1,28,0,0,uniform,1,0,,UGLMAT,0,,0,0,0,,0,0.5,,no,,1,T3,n/a (pair with same FDS_RANKS_PER_GPU = free T0 check; FR-038 T1 vs baseline),184-inventory,"completes (normal exit, no NaN/trap); tier T3 gate, tclass as inventory",no,yes,T3,"GPU_Tests input, CPU-runnable: no GPU-only keyword; ranks-per-GPU is the FDS_RANKS_PER_GPU job-script variable (main.f90:5108), the _RSn files differ from their twins only in CHID (ruling (d)); GPU runs: NFR-047"
GPU_Tests/HYPRE_GPU_SCALING/test_16mesh_RS4.fds,test_16mesh_RS4,IN,all features in scope,MULTI_MESH,0,,0,0,0,0,0,0,,0,0,0,0,0,0,0,0,0,none,0,0.0,0,0,,0,0,0,,0,16,1000000,1.0,0,1,0,1,28,0,0,uniform,1,0,,UGLMAT,0,,0,0,0,,0,0.5,,no,,1,T3,n/a (pair with same FDS_RANKS_PER_GPU = free T0 check; FR-038 T1 vs baseline),184-inventory,"completes (normal exit, no NaN/trap); tier T3 gate, tclass as inventory",no,yes,T3,"GPU_Tests input, CPU-runnable: no GPU-only keyword; ranks-per-GPU is the FDS_RANKS_PER_GPU job-script variable (main.f90:5108), the _RSn files differ from their twins only in CHID (ruling (d)); GPU runs: NFR-047"
GPU_Tests/HYPRE_GPU_SCALING/test_32mesh_NOFRPG.fds,test_32mesh_NOFRPG,IN,all features in scope,MULTI_MESH,0,,0,0,0,0,0,0,,0,0,0,0,0,0,0,0,0,none,0,0.0,0,0,,0,0,0,,0,32,1000000,1.0,0,1,0,1,64,0,0,uniform,1,0,,UGLMAT,0,,0,0,0,,0,0.5,,no,,1,T3,n/a (pair with same FDS_RANKS_PER_GPU = free T0 check; FR-038 T1 vs baseline),184-inventory,"completes (normal exit, no NaN/trap); tier T3 gate, tclass as inventory",no,yes,T3,"GPU_Tests input, CPU-runnable: no GPU-only keyword; ranks-per-GPU is the FDS_RANKS_PER_GPU job-script variable (main.f90:5108), the _RSn files differ from their twins only in CHID (ruling (d)); GPU runs: NFR-047"
GPU_Tests/HYPRE_GPU_SCALING/test_32mesh_RS8.fds,test_32mesh_RS8,IN,all features in scope,MULTI_MESH,0,,0,0,0,0,0,0,,0,0,0,0,0,0,0,0,0,none,0,0.0,0,0,,0,0,0,,0,32,1000000,1.0,0,1,0,1,64,0,0,uniform,1,0,,UGLMAT,0,,0,0,0,,0,0.5,,no,,1,T3,n/a (pair with same FDS_RANKS_PER_GPU = free T0 check; FR-038 T1 vs baseline),184-inventory,"completes (normal exit, no NaN/trap); tier T3 gate, tclass as inventory",no,yes,T3,"GPU_Tests input, CPU-runnable: no GPU-only keyword; ranks-per-GPU is the FDS_RANKS_PER_GPU job-script variable (main.f90:5108), the _RSn files differ from their twins only in CHID (ruling (d)); GPU runs: NFR-047"
GPU_Tests/HYPRE_GPU_SCALING/test_4mesh.fds,test_4mesh,IN,all features in scope,MULTI_MESH,0,,0,0,0,0,0,0,,0,0,0,0,0,0,0,0,0,none,0,0.0,0,0,,0,0,0,,0,4,1000000,1.0,0,1,0,1,4,0,0,uniform,1,0,,UGLMAT,0,,0,0,0,,0,0.5,,no,,1,T3,n/a (pair with same FDS_RANKS_PER_GPU = free T0 check; FR-038 T1 vs baseline),184-inventory,"completes (normal exit, no NaN/trap); tier T3 gate, tclass as inventory",no,yes,T3,"GPU_Tests input, CPU-runnable: no GPU-only keyword; ranks-per-GPU is the FDS_RANKS_PER_GPU job-script variable (main.f90:5108), the _RSn files differ from their twins only in CHID (ruling (d)); GPU runs: NFR-047"
GPU_Tests/HYPRE_GPU_SCALING/test_4mesh_RS4.fds,test_4mesh_RS4,IN,all features in scope,MULTI_MESH,0,,0,0,0,0,0,0,,0,0,0,0,0,0,0,0,0,none,0,0.0,0,0,,0,0,0,,0,4,1000000,1.0,0,1,0,1,4,0,0,uniform,1,0,,UGLMAT,0,,0,0,0,,0,0.5,,no,,1,T3,n/a (pair with same FDS_RANKS_PER_GPU = free T0 check; FR-038 T1 vs baseline),184-inventory,"completes (normal exit, no NaN/trap); tier T3 gate, tclass as inventory",no,yes,T3,"GPU_Tests input, CPU-runnable: no GPU-only keyword; ranks-per-GPU is the FDS_RANKS_PER_GPU job-script variable (main.f90:5108), the _RSn files differ from their twins only in CHID (ruling (d)); GPU runs: NFR-047"
GPU_Tests/HYPRE_GPU_SCALING/test_8mesh_NOFRPG.fds,test_8mesh_NOFRPG,IN,all features in scope,MULTI_MESH,0,,0,0,0,0,0,0,,0,0,0,0,0,0,0,0,0,none,0,0.0,0,0,,0,0,0,,0,8,1000000,1.0,0,1,0,1,12,0,0,uniform,1,0,,UGLMAT,0,,0,0,0,,0,0.5,,no,,1,T3,n/a (pair with same FDS_RANKS_PER_GPU = free T0 check; FR-038 T1 vs baseline),184-inventory,"completes (normal exit, no NaN/trap); tier T3 gate, tclass as inventory",no,yes,T3,"GPU_Tests input, CPU-runnable: no GPU-only keyword; ranks-per-GPU is the FDS_RANKS_PER_GPU job-script variable (main.f90:5108), the _RSn files differ from their twins only in CHID (ruling (d)); GPU runs: NFR-047"
GPU_Tests/HYPRE_GPU_SCALING/test_8mesh_RS2.fds,test_8mesh_RS2,IN,all features in scope,MULTI_MESH,0,,0,0,0,0,0,0,,0,0,0,0,0,0,0,0,0,none,0,0.0,0,0,,0,0,0,,0,8,1000000,1.0,0,1,0,1,12,0,0,uniform,1,0,,UGLMAT,0,,0,0,0,,0,0.5,,no,,1,T3,n/a (pair with same FDS_RANKS_PER_GPU = free T0 check; FR-038 T1 vs baseline),184-inventory,"completes (normal exit, no NaN/trap); tier T3 gate, tclass as inventory",no,yes,T3,"GPU_Tests input, CPU-runnable: no GPU-only keyword; ranks-per-GPU is the FDS_RANKS_PER_GPU job-script variable (main.f90:5108), the _RSn files differ from their twins only in CHID (ruling (d)); GPU runs: NFR-047"
GPU_Tests/test_gpu.fds,test_gpu,IN,all features in scope,MULTI_MESH,0,,0,0,0,0,0,0,,0,0,0,0,0,0,0,0,0,none,0,0.0,0,0,,0,0,0,,0,8,1000000,1.0,0,1,0,1,12,0,0,uniform,1,0,,UGLMAT HYPRE,0,,0,0,0,,0,1.0,,no,,1,T3,n/a,184-inventory,"completes (normal exit, no NaN/trap); tier T3 gate, tclass as inventory",no,yes,T3,"GPU_Tests input, CPU-runnable: no GPU-only keyword; ranks-per-GPU is the FDS_RANKS_PER_GPU job-script variable (main.f90:5108), the _RSn files differ from their twins only in CHID (ruling (d)); GPU runs: NFR-047"
HVAC/HVAC_aircoil.fds,HVAC_aircoil,IN,all features in scope,HVAC,0,,0,0,0,0,0,0,,0,0,0,1,4,0,0,0,0,none,0,0.0,0,0,,0,0,0,,0,1,1000,1.0,0,1,0,0,0,0,0,single_mesh,,0,,,0,,0,0,0,,0,1.0,,yes,1,1,G4,T2 (Verification-Guide dataplot: Relative Error|end|0.01),proposed,"completes (normal exit, no NaN/trap); T2",no,no,,
HVAC/HVAC_damper.fds,HVAC_damper,IN,all features in scope,HVAC,0,,0,0,0,0,0,0,,0,0,0,1,7,0,0,0,0,none,0,0.0,0,0,,0,0,0,,0,1,8000,1.0,0,1,0,0,0,0,0,single_mesh,,0,,,0,,0,0,0,,0,15.0,,yes,1,1,G4,T2 (Verification-Guide dataplot: Absolute Error|end|0.05; Relative Error|end|0.005),proposed,"completes (normal exit, no NaN/trap); T2",no,no,,
HVAC/HVAC_energy_pressure.fds,HVAC_energy_pressure,IN,all features in scope,HVAC ZONE,0,,0,0,0,0,0,0,,0,0,0,1,6,0,0,1,0,sealed,2,1.0,0,0,,0,0,0,,0,1,1100,1.0,0,1,0,0,0,0,0,single_mesh,,0,,,0,,0,0,0,,0,20.0,,yes,1,1,G4,T2 (Verification-Guide dataplot: Relative Error|end|0.01),proposed,"completes (normal exit, no NaN/trap); T2",no,no,,
HVAC/HVAC_filter.fds,HVAC_filter,IN,all features in scope,HVAC,0,,0,0,0,0,0,0,,0,0,0,1,7,0,0,0,0,sealed,1,1.0,1,0,,0,0,0,,0,1,1000,1.0,0,1,0,0,0,0,0,single_mesh,,0,,,0,,0,0,0,,0,500.0,,yes,1,1,G4,T2 (Verification-Guide dataplot: Absolute Error|end|1.00E-05; Relative Error|end|0.01; Relative Error|mean|0.07),proposed,"completes (normal exit, no NaN/trap); T2",no,no,,
HVAC/HVAC_flow_loss.fds,HVAC_flow_loss,IN,all features in scope,HVAC,0,,0,0,0,0,0,0,,0,0,0,1,7,0,0,0,0,none,0,0.0,0,0,,0,0,0,,0,1,8000,1.0,0,1,0,0,0,0,0,single_mesh,,0,,,0,,0,0,0,,0,10.0,,yes,1,1,G4,T2 (Verification-Guide dataplot: Relative Error|end|0.02),proposed,"completes (normal exit, no NaN/trap); T2",no,no,,
HVAC/HVAC_geom.fds,HVAC_geom,DEFERRED,"uses &GEOM, CC_IBM (GEOM)",GEOM CC_IBM HVAC ZONE MULTI_MESH,1,GEOM,0,0,0,0,0,0,,0,0,0,1,9,1,0,1,0,sealed,2,1.0,0,0,,1,0,0,,0,2,16000,1.0,0,1,0,1,1,0,0,uniform,1,0,,,0,,0,0,0,,0,5.0,,yes,1,1,,,,,no,no,,
HVAC/HVAC_leak_exponent.fds,HVAC_leak_exponent,UNCLEAR,pressure ZONE leakage (ZONE LEAK_AREA or SURF LEAK_PATH) spread over several meshes; per-level leak-area sums undefined,ZONE MULTI_MESH,0,,0,0,0,0,0,0,,0,0,0,0,0,0,0,1,3,sealed,3,1.0,0,0,LEAK_AREA LEAK_PATH_SURFx3,0,1,0,,0,3,24000,0.6,1,1,0,1,0,0,0,no_shared_faces,,0,,,0,,0,0,0,,0,100.0,,yes,1,1,,,,,no,no,,
HVAC/HVAC_leak_exponent_2.fds,HVAC_leak_exponent_2,IN,all features in scope,HVAC ZONE MULTI_MESH,0,,0,0,0,0,0,0,,0,0,0,1,4,1,0,1,0,sealed,1,0.669,0,0,,1,0,0,,0,8,138240,1.0,0,1,0,1,12,0,0,uniform,1,0,,,0,,0,0,0,,0,300.0,,yes,8,1,"T2 (promote: must-work feature, multi-mesh)",T2 (Verification-Guide dataplot: Relative Error|mean|0.01),proposed,"completes (normal exit, no NaN/trap); T2",no,no,,
HVAC/HVAC_mass_conservation.fds,HVAC_mass_conservation,IN,all features in scope,HVAC,0,,0,0,0,0,0,0,,0,0,0,1,6,0,0,0,0,sealed,1,1.0,1,0,,0,0,0,,0,1,8000,1.0,0,1,0,0,0,0,0,single_mesh,,0,,,0,,0,0,0,,0,10.0,,yes,1,1,G4,T2 (Verification-Guide dataplot: Relative Error|end|0.01),proposed,"completes (normal exit, no NaN/trap); T2",no,no,,
HVAC/HVAC_mass_transport.fds,HVAC_mass_transport,IN,all features in scope,HVAC,0,,0,0,0,0,0,0,,0,0,0,1,3,0,0,0,0,none,0,0.0,0,0,,0,0,0,,0,1,8400,1.0,0,1,0,0,0,0,0,single_mesh,,0,,,0,,0,0,0,,0,20.0,,yes,1,1,G4,T2 (Verification-Guide dataplot: Relative Error|end|0.01),proposed,"completes (normal exit, no NaN/trap); T2",no,no,,
HVAC/HVAC_mass_transport_1.fds,HVAC_mass_transport_1,IN,all features in scope,HVAC,0,,0,0,0,0,0,0,,0,0,0,1,3,0,0,0,0,none,0,0.0,0,0,,0,0,0,,0,1,8400,1.0,0,1,0,0,0,0,0,single_mesh,,0,,,0,,0,0,0,,0,20.0,,yes,1,1,G4,T2 (Verification-Guide dataplot: Relative Error|end|0.01),proposed,"completes (normal exit, no NaN/trap); T2",no,no,,
HVAC/HVAC_mass_transport_2.fds,HVAC_mass_transport_2,IN,all features in scope,HVAC,0,,0,0,0,0,0,0,,0,0,0,1,5,0,0,0,0,none,0,0.0,0,0,,0,0,0,,0,1,8400,1.0,0,1,0,0,0,0,0,single_mesh,,0,,,0,,0,0,0,,0,20.0,,yes,1,1,G4,T2 (Verification-Guide dataplot: Relative Error|end|0.01),proposed,"completes (normal exit, no NaN/trap); T2",no,no,,
HVAC/HVAC_mass_transport_3.fds,HVAC_mass_transport_3,IN,all features in scope,HVAC,0,,0,0,0,0,0,0,,0,0,0,1,9,0,0,0,0,none,0,0.0,0,0,,0,0,0,,0,1,8400,1.0,0,1,0,0,0,0,0,single_mesh,,0,,,0,,0,0,0,,0,20.0,,yes,1,1,G4,T2 (Verification-Guide dataplot: Relative Error|end|0.01),proposed,"completes (normal exit, no NaN/trap); T2",no,no,,
HVAC/HVAC_mass_transport_4.fds,HVAC_mass_transport_4,IN,all features in scope,HVAC,0,,0,0,0,0,0,0,,0,0,0,1,11,0,0,0,0,none,0,0.0,0,0,,0,0,0,,0,1,8400,1.0,0,1,0,0,0,0,0,single_mesh,,0,,,0,,0,0,0,,0,20.0,,yes,1,1,G4,T2 (Verification-Guide dataplot: Relative Error|end|0.01),proposed,"completes (normal exit, no NaN/trap); T2",no,no,,
HVAC/HVAC_mass_transport_branch.fds,HVAC_mass_transport_branch,IN,all features in scope,HVAC,0,,0,0,0,0,0,0,,0,0,0,1,7,0,0,0,0,none,0,0.0,0,0,,0,0,0,,0,1,8400,1.0,0,1,0,0,0,0,0,single_mesh,,0,,,0,,0,0,0,,0,20.0,,yes,1,1,G4,T2 (Verification-Guide dataplot: Relative Error|end|0.01),proposed,"completes (normal exit, no NaN/trap); T2",no,no,,
HVAC/HVAC_mass_transport_combine.fds,HVAC_mass_transport_combine,IN,all features in scope,THIN_OBST HVAC,0,,0,0,1,1,0,0,,0,0,0,1,7,0,0,0,0,none,0,0.0,0,0,,0,0,0,,0,1,8400,1.0,0,1,0,0,0,0,0,single_mesh,,0,,,0,,0,0,0,,0,5.0,,yes,1,1,G4,T2 (Verification-Guide dataplot: Absolute Error|end|0.01),proposed,"completes (normal exit, no NaN/trap); T2",no,no,,
HVAC/HVAC_mass_transport_conservation_1.fds,HVAC_mass_transport_conservation_1,IN,all features in scope,HVAC ZONE,0,,0,0,0,0,0,0,,0,0,0,1,6,0,0,1,0,sealed,2,1.0,0,0,,0,0,0,,0,1,8400,1.0,0,1,0,0,0,0,0,single_mesh,,0,,,0,,0,0,0,,0,200.0,,yes,1,1,G4,T2 (Verification-Guide dataplot: Relative Error|end|0.01),proposed,"completes (normal exit, no NaN/trap); T2",no,no,,
HVAC/HVAC_mass_transport_conservation_2.fds,HVAC_mass_transport_conservation_2,IN,all features in scope,HVAC ZONE,0,,0,0,0,0,0,0,,0,0,0,1,6,0,0,1,0,sealed,2,1.0,0,0,,0,0,0,,0,1,8400,1.0,0,1,0,0,0,0,0,single_mesh,,0,,,0,,0,0,0,,0,100.0,,yes,1,1,G4,T2 (Verification-Guide dataplot: Relative Error|end|0.01),proposed,"completes (normal exit, no NaN/trap); T2",no,no,,
HVAC/HVAC_mass_transport_conservation_3.fds,HVAC_mass_transport_conservation_3,IN,all features in scope,HVAC ZONE,0,,0,0,0,0,0,0,,0,0,0,1,6,0,0,1,0,sealed,2,1.0,0,0,,0,0,0,,0,1,8400,1.0,0,1,0,0,0,0,0,single_mesh,,0,,,0,,0,0,0,,0,100.0,,yes,1,1,G4,T2 (Verification-Guide dataplot: Relative Error|end|0.01),proposed,"completes (normal exit, no NaN/trap); T2",no,no,,
HVAC/HVAC_mass_transport_conv_0020.fds,HVAC_mass_transport_conv_0020,IN,all features in scope,HVAC,0,,0,0,0,0,0,0,,0,0,0,1,3,0,0,0,0,none,0,0.0,0,0,,0,0,0,,0,1,8400,1.0,0,1,0,0,0,0,0,single_mesh,,0,,,0,,0,0,0,,0,2.0,,yes,1,1,G4,T2 (Utilities/Python script metric; CHID referenced by a script),proposed,"completes (normal exit, no NaN/trap); T2",no,no,,
HVAC/HVAC_mass_transport_conv_0040.fds,HVAC_mass_transport_conv_0040,IN,all features in scope,HVAC,0,,0,0,0,0,0,0,,0,0,0,1,3,0,0,0,0,none,0,0.0,0,0,,0,0,0,,0,1,8400,1.0,0,1,0,0,0,0,0,single_mesh,,0,,,0,,0,0,0,,0,2.0,,yes,1,1,G4,T2 (Utilities/Python script metric; CHID referenced by a script),proposed,"completes (normal exit, no NaN/trap); T2",no,no,,
HVAC/HVAC_mass_transport_conv_0080.fds,HVAC_mass_transport_conv_0080,IN,all features in scope,HVAC,0,,0,0,0,0,0,0,,0,0,0,1,3,0,0,0,0,none,0,0.0,0,0,,0,0,0,,0,1,8400,1.0,0,1,0,0,0,0,0,single_mesh,,0,,,0,,0,0,0,,0,2.0,,yes,1,1,G4,T2 (Utilities/Python script metric; CHID referenced by a script),proposed,"completes (normal exit, no NaN/trap); T2",no,no,,
HVAC/HVAC_mass_transport_conv_0160.fds,HVAC_mass_transport_conv_0160,IN,all features in scope,HVAC,0,,0,0,0,0,0,0,,0,0,0,1,3,0,0,0,0,none,0,0.0,0,0,,0,0,0,,0,1,8400,1.0,0,1,0,0,0,0,0,single_mesh,,0,,,0,,0,0,0,,0,2.0,,yes,1,1,G4,T2 (Utilities/Python script metric; CHID referenced by a script),proposed,"completes (normal exit, no NaN/trap); T2",no,no,,
HVAC/HVAC_mass_transport_conv_0320.fds,HVAC_mass_transport_conv_0320,IN,all features in scope,HVAC,0,,0,0,0,0,0,0,,0,0,0,1,3,0,0,0,0,none,0,0.0,0,0,,0,0,0,,0,1,8400,1.0,0,1,0,0,0,0,0,single_mesh,,0,,,0,,0,0,0,,0,2.0,,yes,1,1,G4,T2 (Utilities/Python script metric; CHID referenced by a script),proposed,"completes (normal exit, no NaN/trap); T2",no,no,,
HVAC/HVAC_mass_transport_energy.fds,HVAC_mass_transport_energy,IN,all features in scope,HVAC ZONE,0,,0,0,0,0,0,0,,0,0,0,1,6,0,0,1,0,sealed,2,1.0,0,0,,0,0,0,,0,1,1100,1.0,0,1,0,0,0,0,0,single_mesh,,0,,,0,,0,0,0,,0,40.0,,yes,1,1,G4,T2 (Verification-Guide dataplot: Relative Error|mean|0.01),proposed,"completes (normal exit, no NaN/trap); T2",no,no,,
HVAC/HVAC_tee_loss_1.fds,HVAC_tee_loss_1,IN,all features in scope,HVAC,0,,0,0,0,0,0,0,,0,0,0,1,7,0,0,0,0,none,0,0.0,0,0,,0,0,0,,0,1,8000,1.0,0,1,0,0,0,0,0,single_mesh,,0,,,0,,0,0,0,,0,10.0,,yes,1,1,G4,T2 (Verification-Guide dataplot: Relative Error|end|0.01),proposed,"completes (normal exit, no NaN/trap); T2",no,no,,
HVAC/HVAC_tee_loss_2.fds,HVAC_tee_loss_2,IN,all features in scope,HVAC,0,,0,0,0,0,0,0,,0,0,0,1,7,0,0,0,0,none,0,0.0,0,0,,0,0,0,,0,1,8000,1.0,0,1,0,0,0,0,0,single_mesh,,0,,,0,,0,0,0,,0,10.0,,yes,1,1,G4,T2 (Verification-Guide dataplot: Relative Error|end|0.01),proposed,"completes (normal exit, no NaN/trap); T2",no,no,,
HVAC/ashrae7_fixed_flow.fds,ashrae7_fixed_flow,IN,all features in scope,HVAC,0,,0,0,0,0,0,0,,0,0,0,1,20,0,0,0,0,none,0,0.0,0,0,,0,0,0,,0,1,8000,1.0,0,1,0,0,0,0,0,single_mesh,,0,,,0,,0,0,0,,0,30.0,,yes,1,1,G4,T2 (Verification-Guide dataplot: Relative Error|end|0.01),proposed,"completes (normal exit, no NaN/trap); T2",no,no,,
HVAC/ashrae7_quadratic.fds,ashrae7_quadratic,IN,all features in scope,HVAC,0,,0,0,0,0,0,0,,0,0,0,1,20,0,0,0,0,none,0,0.0,0,0,,0,0,0,,0,1,8000,1.0,0,1,0,0,0,0,0,single_mesh,,0,,,0,,0,0,0,,0,30.0,,yes,1,1,G4,T2 (Verification-Guide dataplot: Relative Error|end|0.01),proposed,"completes (normal exit, no NaN/trap); T2",no,no,,
HVAC/ashrae7_table.fds,ashrae7_table,IN,all features in scope,HVAC,0,,0,0,0,0,0,0,,0,0,0,1,20,0,0,0,0,none,0,0.0,0,0,,0,0,0,,0,1,8000,1.0,0,1,0,0,0,0,0,single_mesh,,0,,,0,,0,0,0,,0,30.0,,yes,1,1,G4,T2 (Verification-Guide dataplot: Relative Error|end|0.01),proposed,"completes (normal exit, no NaN/trap); T2",no,no,,
HVAC/door_crack.fds,door_crack,IN,all features in scope,HVAC ZONE,0,,0,0,0,0,0,0,,0,0,0,1,4,0,0,1,1,sealed,1,0.178,0,0,LEAK_AREA LEAK_PATH_SURFx1,0,0,0,,0,1,8000,1.0,0,1,0,0,0,0,0,single_mesh,,0,,,0,,0,0,0,,0,900.0,,yes,1,1,G4,T2 (Verification-Guide dataplot: Relative Error|mean|0.05; Relative Error|mean|0.08),proposed,"completes (normal exit, no NaN/trap); T2",no,no,,
HVAC/fan_test.fds,fan_test,IN,all features in scope,HVAC ZONE MULTI_MESH,0,,0,0,0,0,0,0,,0,0,0,1,7,1,0,1,0,sealed,2,1.0,0,0,,1,0,0,,0,2,4000,1.0,0,1,0,1,1,0,0,uniform,1,0,,,0,,0,0,0,,0,60.0,,yes,1,1,"T2 (promote: must-work feature, multi-mesh)",T2 (Verification-Guide dataplot: Relative Error|end|0.02; Relative Error|end|0.04),proposed,"completes (normal exit, no NaN/trap); T2",no,no,,
HVAC/fan_test_2.fds,fan_test_2,IN,all features in scope,HVAC ZONE MULTI_MESH,0,,0,0,0,0,0,0,,0,0,0,1,7,1,0,1,0,sealed,2,1.0,0,0,,1,0,0,,0,2,4000,1.0,0,1,0,1,1,0,0,uniform,1,0,,,0,,0,0,0,,0,60.0,,yes,1,1,"T2 (promote: must-work feature, multi-mesh)",T2 (Verification-Guide dataplot: Relative Error|end|0.02; Relative Error|end|0.04),proposed,"completes (normal exit, no NaN/trap); T2",no,no,,
HVAC/leak_enthalpy.fds,leak_enthalpy,IN,all features in scope,HVAC ZONE,0,,0,0,0,0,0,0,,0,0,0,1,1,0,0,1,0,sealed,2,1.0,0,0,,0,0,0,,0,1,200,1.0,0,1,1,0,0,0,0,single_mesh,,0,,,0,,0,0,0,,0,5.0,,yes,1,1,G4,T2 (Verification-Guide dataplot: Absolute Error|end|1.00E-05; Relative Error|end|0.01),proposed,"completes (normal exit, no NaN/trap); T2",no,no,,
HVAC/leak_geom.fds,leak_geom,DEFERRED,"uses &GEOM, CC_IBM (GEOM)",GEOM CC_IBM HVAC ZONE,1,GEOM,0,0,0,0,0,0,,0,0,0,1,4,0,0,1,0,sealed,3,0.982,0,0,,0,0,0,,0,1,24000,1.0,0,1,0,0,0,0,0,single_mesh,,0,,,0,,0,0,0,,0,5.0,,yes,1,1,,,,,no,no,,
HVAC/leak_test.fds,leak_test,IN,all features in scope,HVAC ZONE,0,,0,0,0,0,0,0,,0,0,0,1,4,0,0,1,2,sealed,2,1.0,0,0,LEAK_AREA LEAK_PATH_SURFx1,0,0,0,,0,1,2000,1.0,0,1,0,0,0,0,0,single_mesh,,0,,,0,,0,0,0,,0,30.0,,yes,1,1,G4,T2 (Verification-Guide dataplot: Relative Error|end|0.01),proposed,"completes (normal exit, no NaN/trap); T2",no,no,,
HVAC/leak_test_2.fds,leak_test_2,IN,all features in scope,HVAC ZONE,0,,0,0,0,0,0,0,,0,0,0,1,4,0,0,1,2,sealed,2,1.0,0,0,LEAK_AREA LEAK_PATH_SURFx2,0,0,0,,0,1,2000,1.0,0,1,0,0,0,0,0,single_mesh,,0,,,0,,0,0,0,,0,30.0,,yes,1,1,G4,T2 (Verification-Guide dataplot: Absolute Error|end|1.9),proposed,"completes (normal exit, no NaN/trap); T2",no,no,,
HVAC/leak_test_3.fds,leak_test_3,DEFERRED,"uses &GEOM, CC_IBM (GEOM)",GEOM CC_IBM ZONE MULTI_MESH,1,GEOM,0,0,0,0,0,0,,0,0,0,0,0,0,0,1,4,sealed,3,1.0,0,0,LEAK_AREA LEAK_PATH_SURFx4,0,1,0,,0,2,4400,0.846,1,1,0,1,0,0,0,no_shared_faces,,0,,ULMAT,0,,0,0,0,,0,30.0,,yes,2,1,,,,,no,no,,
HVAC/leak_test_4.fds,leak_test_4,DEFERRED,"uses &GEOM, CC_IBM (GEOM)",GEOM CC_IBM ZONE,1,GEOM,0,0,0,0,0,0,,0,0,0,0,0,0,0,1,1,none,0,0.0,0,0,LEAK_AREA LEAK_PATH_SURFx1,0,0,0,,0,1,64000,1.0,0,1,0,0,0,0,0,single_mesh,,0,,ULMAT,0,,0,0,0,,0,30.0,,yes,1,1,,,,,no,no,,
HVAC/qfan_multi.fds,qfan_multi,IN,all features in scope,HVAC MULTI_MESH,0,,0,0,0,0,0,0,,0,0,0,1,14,1,0,0,0,none,0,0.0,0,0,,0,0,0,,0,2,32000,0.909,1,1,0,1,0,0,0,no_shared_faces,,0,,,0,,0,0,0,,0,20.0,,yes,1,1,"T2 (promote: must-work feature, multi-mesh)",T2 (Verification-Guide dataplot: Relative Error|end|0.02; Relative Error|end|0.05),proposed,"completes (normal exit, no NaN/trap); T2",no,no,,
HVAC/qfan_test.fds,qfan_test,IN,all features in scope,HVAC ZONE MULTI_MESH,0,,0,0,0,0,0,0,,0,0,0,1,7,1,0,1,0,sealed,2,1.0,0,0,,1,0,0,,0,2,4000,1.0,0,1,0,1,1,0,0,uniform,1,0,,,0,,0,0,0,,0,20.0,,yes,1,1,"T2 (promote: must-work feature, multi-mesh)",T2 (Verification-Guide dataplot: Relative Error|end|0.02; Relative Error|end|0.04),proposed,"completes (normal exit, no NaN/trap); T2",no,no,,
Heat_Transfer/SFPE_Case_1.fds,SFPE_Case_1,DEFERRED,uses HT3D,HT3D,0,,1,0,0,0,0,0,,0,0,0,0,0,0,0,0,0,sealed,1,1.0,1,0,,0,0,0,,0,1,3456,1.0,0,1,0,0,0,0,0,single_mesh,,0,,,0,,0,0,0,,0,1800.0,,yes,1,1,,,,,no,no,,
Heat_Transfer/SFPE_Case_13.fds,SFPE_Case_13,DEFERRED,uses HT3D,HT3D,0,,1,0,0,0,0,0,,0,0,0,0,0,0,0,0,0,sealed,1,1.0,1,0,,0,0,0,,0,1,1728,1.0,0,1,0,0,0,0,0,single_mesh,,0,,,0,,0,0,0,,0,10800.0,,yes,1,1,,,,,no,no,,
Heat_Transfer/SFPE_Case_16.fds,SFPE_Case_16,DEFERRED,uses HT3D,HT3D MULTI_MESH,0,,1,0,0,0,0,0,,0,0,0,0,0,0,0,0,0,sealed,1,1.0,1,0,,0,0,0,,0,8,37856,1.0,0,1,0,1,10,0,0,uniform,1,0,,,0,,0,0,0,,0,3600.0,,yes,8,1,,,,,no,no,,
Heat_Transfer/SFPE_Case_2.fds,SFPE_Case_2,DEFERRED,uses HT3D,HT3D,0,,1,0,0,0,0,0,,0,0,0,0,0,0,0,0,0,sealed,1,1.0,1,0,,0,0,0,,0,1,1728,1.0,0,1,0,0,0,0,0,single_mesh,,0,,,0,,0,0,0,,0,900.0,,yes,1,1,,,,,no,no,,
Heat_Transfer/SFPE_Case_6.fds,SFPE_Case_6,DEFERRED,uses HT3D,HT3D,0,,1,0,0,0,0,0,,0,0,0,0,0,0,0,0,0,sealed,1,1.0,1,0,,0,0,0,,0,1,1728,1.0,0,1,0,0,0,0,0,single_mesh,,0,,,0,,0,0,0,,0,1.0,,yes,1,1,,,,,no,no,,
Heat_Transfer/SFPE_Case_7.fds,SFPE_Case_7,DEFERRED,uses HT3D,HT3D,0,,1,0,0,0,0,0,,0,0,0,0,0,0,0,0,0,sealed,1,1.0,1,0,,0,0,0,,0,1,1728,1.0,0,1,0,0,0,0,0,single_mesh,,0,,,0,,0,0,0,,0,10800.0,,yes,1,1,,,,,no,no,,
Heat_Transfer/SFPE_Case_8.fds,SFPE_Case_8,DEFERRED,uses HT3D,HT3D,0,,1,0,0,0,0,0,,0,0,0,0,0,0,0,0,0,sealed,1,1.0,1,0,,0,0,0,,0,1,1728,1.0,0,1,0,0,0,0,0,single_mesh,,0,,,0,,0,0,0,,0,10800.0,,yes,1,1,,,,,no,no,,
Heat_Transfer/SFPE_Case_9.fds,SFPE_Case_9,DEFERRED,uses HT3D,HT3D,0,,1,0,0,0,0,0,,0,0,0,0,0,0,0,0,0,sealed,1,1.0,1,0,,0,0,0,,0,1,1728,1.0,0,1,0,0,0,0,0,single_mesh,,0,,,0,,0,0,0,,0,10800.0,,yes,1,1,,,,,no,no,,
Heat_Transfer/adiabatic_con_flux.fds,adiabatic_con_flux,IN,all features in scope,,0,,0,0,0,0,0,0,,0,0,0,0,0,0,0,0,0,sealed,1,1.0,1,0,,0,0,0,,0,1,1000,1.0,0,1,0,0,0,0,0,single_mesh,,0,,,0,,0,0,0,,0,60.0,,yes,1,1,G4,T2 (Verification-Guide dataplot: Relative Error|end|0.01),proposed,"completes (normal exit, no NaN/trap); T2",no,no,,
Heat_Transfer/adiabatic_net_flux.fds,adiabatic_net_flux,IN,all features in scope,,0,,0,0,0,0,0,0,,0,0,0,0,0,0,0,0,0,sealed,1,1.0,1,0,,0,0,0,,0,1,1000,1.0,0,1,0,0,0,0,0,single_mesh,,0,,,0,,0,0,0,,0,60.0,,yes,1,1,G4,T2 (Verification-Guide dataplot: Relative Error|end|0.01),proposed,"completes (normal exit, no NaN/trap); T2",no,no,,
Heat_Transfer/back_wall.fds,back_wall,IN,all features in scope,,0,,0,0,0,0,0,0,,0,0,0,0,0,0,0,0,0,sealed,1,1.0,1,0,,0,0,0,,0,1,64,1.0,0,1,0,0,0,0,0,single_mesh,,0,,,0,,0,0,0,,0,2000.0,,yes,1,1,G4,T2 (Verification-Guide dataplot: Relative Error|end|0.001),proposed,"completes (normal exit, no NaN/trap); T2",no,no,,
Heat_Transfer/back_wall_test.fds,back_wall_test,IN,all features in scope,THIN_OBST MULTI_MESH,0,,0,0,1,3,0,0,,3,0,0,0,0,0,0,0,0,none,0,0.0,0,0,,0,0,0,,0,4,32000,0.667,1,1,0,1,3,0,0,uniform,1,0,,,0,,0,0,0,,0,3600.0,,yes,4,1,"T2 (promote: must-work feature, multi-mesh)",T2 (Verification-Guide dataplot: Relative Error|end|0.005),proposed,"completes (normal exit, no NaN/trap); T2",no,no,,
Heat_Transfer/back_wall_test_2.fds,back_wall_test_2,DEFERRED,"uses &GEOM, CC_IBM (GEOM)",GEOM CC_IBM MULTI_MESH,1,GEOM,0,0,0,0,0,0,,0,0,0,0,0,0,0,0,0,none,0,0.0,0,0,,0,0,0,,0,3,192000,0.6,1,1,0,1,0,0,0,no_shared_faces,,0,,,0,,0,0,0,,0,20.0,,yes,3,1,,,,,no,no,,
Heat_Transfer/checkerboard.fds,checkerboard,DEFERRED,uses HT3D,HT3D THIN_OBST MULTI_MESH,0,,1,0,1,0,1,0,,1,0,0,0,0,0,0,0,0,none,0,0.0,0,0,,0,0,0,,0,4,62720,1.0,0,1,0,1,4,0,0,uniform,1,0,,,0,,0,0,0,,0,30.0,,yes,4,1,,,,,no,no,,
Heat_Transfer/convective_cooling.fds,convective_cooling,IN,all features in scope,,0,,0,0,0,0,0,0,,0,0,0,0,0,0,0,0,0,none,0,0.0,0,0,,0,0,0,,0,1,27,1.0,0,1,0,0,0,0,0,single_mesh,,0,,,0,,0,0,0,,0,1800.0,,yes,1,1,G4,T2 (Verification-Guide dataplot: Relative Error|end|0.01),proposed,"completes (normal exit, no NaN/trap); T2",no,no,,
Heat_Transfer/convective_cooling_p00125.fds,convective_cooling_p00125,IN,all features in scope,,0,,0,0,0,0,0,0,,0,0,0,0,0,0,0,0,0,none,0,0.0,0,0,,0,0,0,,0,1,27,1.0,0,1,0,0,0,0,0,single_mesh,,0,,,0,,0,0,0,,0,1800.0,,yes,1,1,G4,T2 (Utilities/Python script metric; CHID referenced by a script),proposed,"completes (normal exit, no NaN/trap); T2",no,no,,
Heat_Transfer/convective_cooling_p0025.fds,convective_cooling_p0025,IN,all features in scope,,0,,0,0,0,0,0,0,,0,0,0,0,0,0,0,0,0,none,0,0.0,0,0,,0,0,0,,0,1,27,1.0,0,1,0,0,0,0,0,single_mesh,,0,,,0,,0,0,0,,0,1800.0,,yes,1,1,G4,T2 (Utilities/Python script metric; CHID referenced by a script),proposed,"completes (normal exit, no NaN/trap); T2",no,no,,
Heat_Transfer/convective_cooling_p005.fds,convective_cooling_p005,IN,all features in scope,,0,,0,0,0,0,0,0,,0,0,0,0,0,0,0,0,0,none,0,0.0,0,0,,0,0,0,,0,1,27,1.0,0,1,0,0,0,0,0,single_mesh,,0,,,0,,0,0,0,,0,1800.0,,yes,1,1,G4,T2 (Utilities/Python script metric; CHID referenced by a script),proposed,"completes (normal exit, no NaN/trap); T2",no,no,,
Heat_Transfer/convective_cooling_p01.fds,convective_cooling_p01,IN,all features in scope,,0,,0,0,0,0,0,0,,0,0,0,0,0,0,0,0,0,none,0,0.0,0,0,,0,0,0,,0,1,27,1.0,0,1,0,0,0,0,0,single_mesh,,0,,,0,,0,0,0,,0,1800.0,,yes,1,1,G4,T2 (Utilities/Python script metric; CHID referenced by a script),proposed,"completes (normal exit, no NaN/trap); T2",no,no,,
Heat_Transfer/convective_cooling_p025.fds,convective_cooling_p025,IN,all features in scope,,0,,0,0,0,0,0,0,,0,0,0,0,0,0,0,0,0,none,0,0.0,0,0,,0,0,0,,0,1,27,1.0,0,1,0,0,0,0,0,single_mesh,,0,,,0,,0,0,0,,0,1800.0,,yes,1,1,G4,T2 (Utilities/Python script metric; CHID referenced by a script),proposed,"completes (normal exit, no NaN/trap); T2",no,no,,
Heat_Transfer/convective_cooling_p05.fds,convective_cooling_p05,IN,all features in scope,,0,,0,0,0,0,0,0,,0,0,0,0,0,0,0,0,0,none,0,0.0,0,0,,0,0,0,,0,1,27,1.0,0,1,0,0,0,0,0,single_mesh,,0,,,0,,0,0,0,,0,1800.0,,yes,1,1,G4,T2 (Utilities/Python script metric; CHID referenced by a script),proposed,"completes (normal exit, no NaN/trap); T2",no,no,,
Heat_Transfer/convective_cooling_p1.fds,convective_cooling_p1,IN,all features in scope,,0,,0,0,0,0,0,0,,0,0,0,0,0,0,0,0,0,none,0,0.0,0,0,,0,0,0,,0,1,27,1.0,0,1,0,0,0,0,0,single_mesh,,0,,,0,,0,0,0,,0,1800.0,,yes,1,1,G4,T2 (Verification-Guide dataplot: N/A|end|0),proposed,"completes (normal exit, no NaN/trap); T2",no,no,,
Heat_Transfer/heat_conduction_a.fds,heat_conduction_a,IN,all features in scope,,0,,0,0,0,0,0,0,,0,0,0,0,0,0,0,0,0,none,0,0.0,0,0,,0,0,0,,0,1,27,1.0,0,1,0,0,0,0,0,single_mesh,,0,,,0,,0,0,0,,0,2000.0,,yes,1,1,G4,T2 (Verification-Guide dataplot: Relative Error|end|0.01),proposed,"completes (normal exit, no NaN/trap); T2",no,no,,
Heat_Transfer/heat_conduction_b.fds,heat_conduction_b,IN,all features in scope,,0,,0,0,0,0,0,0,,0,0,0,0,0,0,0,0,0,none,0,0.0,0,0,,0,0,0,,0,1,27,1.0,0,1,0,0,0,0,0,single_mesh,,0,,,0,,0,0,0,,0,14000.0,,yes,1,1,G4,T2 (Verification-Guide dataplot: Relative Error|end|0.01),proposed,"completes (normal exit, no NaN/trap); T2",no,no,,
Heat_Transfer/heat_conduction_c.fds,heat_conduction_c,IN,all features in scope,,0,,0,0,0,0,0,0,,0,0,0,0,0,0,0,0,0,none,0,0.0,0,0,,0,0,0,,0,1,27,1.0,0,1,0,0,0,0,0,single_mesh,,0,,,0,,0,0,0,,0,50000.0,,yes,1,1,G4,T2 (Verification-Guide dataplot: Relative Error|end|0.01),proposed,"completes (normal exit, no NaN/trap); T2",no,no,,
Heat_Transfer/heat_conduction_d.fds,heat_conduction_d,IN,all features in scope,,0,,0,0,0,0,0,0,,0,0,0,0,0,0,0,0,0,none,0,0.0,0,0,,0,0,0,,0,1,27,1.0,0,1,0,0,0,0,0,single_mesh,,0,,,0,,0,0,0,,0,50000.0,,yes,1,1,G4,T2 (Verification-Guide dataplot: Relative Error|end|0.01),proposed,"completes (normal exit, no NaN/trap); T2",no,no,,
Heat_Transfer/heat_conduction_kc.fds,heat_conduction_kc,IN,all features in scope,,0,,0,0,0,0,0,0,,0,0,0,0,0,0,0,0,0,none,0,0.0,0,0,,0,0,0,,0,1,36,1.0,0,1,0,0,0,0,0,single_mesh,,0,,,0,,0,0,0,,0,1000.0,,yes,1,1,G4,T2 (Verification-Guide dataplot: Relative Error|end|0.01; Relative Error|end|0.02),proposed,"completes (normal exit, no NaN/trap); T2",no,no,,
Heat_Transfer/ht1d_pile.fds,ht1d_pile,UNCLEAR,"&SURF VARIABLE_THICKNESS uses the HT3D obstruction-grouping path (read.f90:841-849) with 1-D conduction; not named in the scope decision; solid thickness follows the snapped OBST, i.e. the level",VARIABLE_THICKNESS,0,,0,1,0,0,0,0,,0,0,0,0,0,0,0,0,0,none,0,0.0,0,0,,0,0,0,,0,1,2000,1.0,0,1,0,0,0,0,0,single_mesh,,0,,,0,,0,0,0,,0,10800.0,,yes,1,1,,,,,no,no,,
Heat_Transfer/ht3d_average_temp.fds,ht3d_average_temp,DEFERRED,uses HT3D,HT3D,0,,1,0,0,0,0,0,,0,0,0,0,0,0,0,0,0,none,0,0.0,0,0,,0,0,0,,0,1,8000,1.0,0,1,0,0,0,0,0,single_mesh,,0,,,0,,0,0,0,,0,10800.0,,yes,1,1,,,,,no,no,,
Heat_Transfer/ht3d_beam_heating_1.fds,ht3d_beam_heating_1,DEFERRED,uses HT3D,HT3D THIN_OBST,0,,1,0,1,0,3,0,,0,0,0,0,0,0,0,0,0,sealed,1,1.0,1,0,,0,0,0,,0,1,800,1.0,0,1,0,0,0,0,0,single_mesh,,0,,,0,,0,0,0,,0,600.0,,yes,1,1,,,,,no,no,,
Heat_Transfer/ht3d_beam_heating_2.fds,ht3d_beam_heating_2,DEFERRED,uses HT3D,HT3D THIN_OBST,0,,1,0,1,0,3,0,,0,0,0,0,0,0,0,0,0,sealed,1,1.0,1,0,,0,0,0,,0,1,800,1.0,0,1,0,0,0,0,0,single_mesh,,0,,,0,,0,0,0,,0,600.0,,yes,1,1,,,,,no,no,,
Heat_Transfer/ht3d_beam_intersection.fds,ht3d_beam_intersection,DEFERRED,uses HT3D,HT3D THIN_OBST MULTI_MESH,0,,1,0,1,0,6,0,,3,0,0,0,0,0,0,0,0,none,0,0.0,0,0,,0,0,0,,0,2,16000,1.0,0,1,0,1,1,0,0,uniform,1,0,,,0,,0,0,0,,0,900.0,,no,,1,,,,,no,no,,
Heat_Transfer/ht3d_demo.fds,ht3d_demo,DEFERRED,uses HT3D,HT3D MULTI_MESH,0,,1,0,0,0,0,0,,0,0,0,0,0,0,0,0,0,sealed,1,1.0,1,0,,0,0,0,,0,8,125000,1.0,0,1,0,1,12,0,0,uniform,1,0,,,0,,0,0,0,,0,100.0,,yes,8,1,,,,,no,no,,
Heat_Transfer/ht3d_energy_conservation.fds,ht3d_energy_conservation,DEFERRED,uses HT3D,HT3D,0,,1,0,0,0,0,0,,0,0,0,0,0,0,0,0,0,none,0,0.0,0,0,,0,0,0,,0,1,62500,1.0,0,1,0,0,0,0,0,single_mesh,,0,,,0,,0,0,0,,0,10.0,,yes,1,1,,,,,no,no,,
Heat_Transfer/ht3d_energy_conservation_2.fds,ht3d_energy_conservation_2,DEFERRED,uses HT3D,HT3D,0,,1,0,0,0,0,0,,0,0,0,0,0,0,0,0,0,none,0,0.0,0,0,,0,0,0,,0,1,62500,1.0,0,1,0,0,0,0,0,single_mesh,,0,,,0,,0,0,0,,0,10.0,,yes,1,1,,,,,no,no,,
Heat_Transfer/ht3d_energy_conservation_3.fds,ht3d_energy_conservation_3,DEFERRED,uses HT3D,HT3D,0,,1,0,0,0,0,0,,0,0,0,0,0,0,0,0,0,none,0,0.0,0,0,,0,0,0,,0,1,62500,1.0,0,1,0,0,0,0,0,single_mesh,,0,,,0,,0,0,0,,0,10.0,,yes,1,1,,,,,no,no,,
Heat_Transfer/ht3d_energy_conservation_4.fds,ht3d_energy_conservation_4,DEFERRED,uses HT3D,HT3D MULTI_MESH,0,,1,0,0,0,0,0,,0,0,0,0,0,0,0,0,0,sealed,1,1.0,1,0,,0,0,0,,0,8,125000,1.0,0,1,0,1,12,0,0,uniform,1,0,,,0,,0,0,0,,0,100.0,,yes,8,1,,,,,no,yes,T2-opt,
Heat_Transfer/ht3d_energy_conservation_5.fds,ht3d_energy_conservation_5,DEFERRED,uses HT3D,HT3D ZONE MULTI_MESH,0,,1,0,0,0,0,0,,0,0,0,0,0,0,0,1,0,sealed,2,1.0,0,0,,1,0,0,,0,8,125000,1.0,0,1,0,1,12,0,0,uniform,1,0,,,0,,0,0,0,,0,100.0,,yes,8,1,,,,,no,no,,
Heat_Transfer/ht3d_energy_conservation_6.fds,ht3d_energy_conservation_6,DEFERRED,uses HT3D,HT3D MULTI_MESH,0,,1,0,0,0,0,0,,0,0,0,0,0,0,0,0,0,sealed,1,1.0,1,0,,0,0,0,,0,8,125000,1.0,0,1,0,1,12,0,0,uniform,1,0,,,0,,0,0,0,,0,100.0,,yes,8,1,,,,,no,no,,
Heat_Transfer/ht3d_energy_conservation_7.fds,ht3d_energy_conservation_7,DEFERRED,uses HT3D,HT3D MULTI_MESH,0,,1,0,0,0,0,0,,0,0,0,0,0,0,0,0,0,sealed,1,1.0,1,0,,0,0,0,,0,8,40000,1.0,0,1,0,1,12,0,0,uniform,1,0,,,0,,0,0,0,,0,300.0,,yes,8,1,,,,,no,no,,
Heat_Transfer/ht3d_energy_conservation_8.fds,ht3d_energy_conservation_8,DEFERRED,uses HT3D,HT3D THIN_OBST MULTI_MESH,0,,1,0,1,0,3,0,,3,0,3,0,0,0,0,0,0,none,0,0.0,0,0,,0,0,0,,0,36,64800,1.0,0,1,0,1,72,0,0,uniform,1,0,,,0,,0,0,0,,0,900.0,,yes,36,1,,,,,no,no,,
Heat_Transfer/ht3d_energy_conservation_9.fds,ht3d_energy_conservation_9,DEFERRED,uses HT3D,HT3D MULTI_MESH,0,,1,0,0,0,0,0,,0,0,0,0,0,0,0,0,0,none,0,0.0,0,0,,0,0,0,,0,8,27648,1.0,0,1,0,1,12,0,0,uniform,1,0,,,0,,0,0,0,,0,300.0,,yes,8,1,,,,,no,no,,
Heat_Transfer/ht3d_ibeam.fds,ht3d_ibeam,DEFERRED,uses HT3D,HT3D,0,,1,0,0,0,0,0,,0,0,0,0,0,0,0,0,0,sealed,1,1.0,1,0,,0,0,0,,0,1,85184,1.0,0,1,0,0,0,0,0,single_mesh,,0,,,0,,0,0,0,,0,3600.0,,yes,1,1,,,,,no,no,,
Heat_Transfer/ht3d_mass_conservation.fds,ht3d_mass_conservation,DEFERRED,uses HT3D,HT3D THIN_OBST,0,,1,0,1,0,1,0,,0,0,1,0,0,0,0,0,0,sealed,1,1.0,1,0,,0,0,0,,0,1,8000,1.0,0,1,0,0,0,0,0,single_mesh,,0,,,0,,0,0,0,,0,180.0,,yes,1,1,,,,,no,no,,
Heat_Transfer/ht3d_mass_conservation_2.fds,ht3d_mass_conservation_2,DEFERRED,uses HT3D,HT3D THIN_OBST,0,,1,0,1,0,1,0,,0,0,1,0,0,0,0,0,0,sealed,1,1.0,1,0,,0,0,0,,0,1,8000,1.0,0,1,0,0,0,0,0,single_mesh,,0,,,0,,0,0,0,,0,180.0,,yes,1,1,,,,,no,no,,
Heat_Transfer/ht3d_network.fds,ht3d_network,DEFERRED,uses HT3D,HT3D THIN_OBST MULTI_MESH,0,,1,0,1,0,17,0,,4,0,0,0,0,0,0,0,0,none,0,0.0,0,0,,0,0,0,,0,2,3200,1.0,0,1,0,1,1,0,0,uniform,1,0,,,0,,0,0,0,,0,28800.0,,yes,2,1,,,,,no,no,,
Heat_Transfer/ht3d_pile.fds,ht3d_pile,DEFERRED,uses HT3D,HT3D,0,,1,0,0,0,0,0,,0,0,0,0,0,0,0,0,0,none,0,0.0,0,0,,0,0,0,,0,1,2000,1.0,0,1,0,0,0,0,0,single_mesh,,0,,,0,,0,0,0,,0,10800.0,,yes,1,1,,,,,no,no,,
Heat_Transfer/ht3d_slab.fds,ht3d_slab,IN,all features in scope,,0,,0,0,0,0,0,0,,0,0,0,0,0,0,0,0,0,sealed,1,1.0,1,0,,0,0,0,,0,1,27,1.0,0,1,0,0,0,0,0,single_mesh,,0,,,0,,0,0,0,,0,1800.0,,yes,1,1,G4,T2 (Verification-Guide dataplot: Relative Error|end|1.00E-03),proposed,"completes (normal exit, no NaN/trap); T2",no,no,,
Heat_Transfer/ht3d_sphere_24.fds,ht3d_sphere_24,DEFERRED,uses HT3D,HT3D,0,,1,0,0,0,0,0,,0,0,0,0,0,0,0,0,0,none,0,0.0,0,0,,0,0,0,,0,1,13824,1.0,0,1,0,0,0,0,0,single_mesh,,0,,,0,,0,0,0,,0,180.0,,yes,1,1,,,,,no,no,,
Heat_Transfer/ht3d_sphere_48.fds,ht3d_sphere_48,DEFERRED,uses HT3D,HT3D MULTI_MESH,0,,1,0,0,0,0,0,,0,0,0,0,0,0,0,0,0,none,0,0.0,0,0,,0,0,0,,0,8,110592,1.0,0,1,0,1,12,0,0,uniform,1,0,,,0,,0,0,0,,0,180.0,4,yes,4,1,,,,,no,no,,
Heat_Transfer/ht3d_sphere_96.fds,ht3d_sphere_96,DEFERRED,uses HT3D,HT3D MULTI_MESH,0,,1,0,0,0,0,0,,0,0,0,0,0,0,0,0,0,none,0,0.0,0,0,,0,0,0,,0,64,884736,1.0,0,1,0,1,144,0,0,uniform,1,0,,,0,,0,0,0,,0,180.0,,yes,64,1,,,,,no,no,,
Heat_Transfer/insulated_steel_column.fds,insulated_steel_column,IN,all features in scope,THIN_OBST,0,,0,0,1,4,0,0,,0,0,0,0,0,0,0,0,0,none,0,0.0,0,0,,0,0,0,,0,1,2000,1.0,0,1,0,0,0,0,0,single_mesh,,0,,,0,,0,0,0,,0,1800.0,,yes,1,1,G4,T2 vs FDS baseline (no committed FDS metric),proposed,"completes (normal exit, no NaN/trap); T2 vs FDS baseline",no,no,,
Heat_Transfer/insulated_steel_pipe.fds,insulated_steel_pipe,IN,all features in scope,,0,,0,0,0,0,0,0,,0,0,0,0,0,0,0,0,0,none,0,0.0,0,0,,0,0,0,,0,1,27,1.0,0,1,0,0,0,0,0,single_mesh,,0,,,0,,0,0,0,,0,36000.0,,yes,1,1,G4,T2 (Verification-Guide dataplot: Relative Error|end|0.01),proposed,"completes (normal exit, no NaN/trap); T2",no,no,,
Heat_Transfer/insulated_steel_pipe_2d.fds,insulated_steel_pipe_2d,UNCLEAR,&MESH CYLINDRICAL: still open under charter Q4 (D-033); AMR-mode rejection is an IR-002 ASSUMPTION,CYLINDRICAL,0,,0,0,0,0,0,0,,0,0,0,0,0,0,0,0,0,none,0,0.0,0,0,,0,0,0,,0,1,105,1.0,0,1,1,0,0,0,0,single_mesh,,0,,,0,,0,1,0,,0,36000.0,,yes,1,1,,,,,no,no,,
Heat_Transfer/insulated_steel_plate.fds,insulated_steel_plate,IN,all features in scope,,0,,0,0,0,0,0,0,,0,0,0,0,0,0,0,0,0,none,0,0.0,0,0,,0,0,0,,0,1,27,1.0,0,1,0,0,0,0,0,single_mesh,,0,,,0,,0,0,0,,0,36000.0,,yes,1,1,G4,T2 (Verification-Guide dataplot: Relative Error|end|0.01),proposed,"completes (normal exit, no NaN/trap); T2",no,no,,
Heat_Transfer/internal_heating.fds,internal_heating,IN,all features in scope,PARTICLES,0,,0,0,0,0,0,0,,0,0,0,0,0,0,0,0,0,none,0,0.0,0,0,,0,0,0,,0,1,15625,1.0,0,1,0,0,0,0,0,single_mesh,,0,,,0,,1,0,0,,0,600.0,,yes,1,1,G4,T2 (Verification-Guide dataplot: Relative Error|mean|0.01),proposed,"completes (normal exit, no NaN/trap); T2",no,no,,
Heat_Transfer/thermocouple_time_constant.fds,thermocouple_time_constant,IN,all features in scope,,0,,0,0,0,0,0,0,,0,0,0,0,0,0,0,0,0,none,0,0.0,0,0,,0,0,0,,0,1,6750,1.0,0,1,0,0,0,0,0,single_mesh,,0,,,0,,0,0,0,,0,20.0,,yes,1,1,G4,T2 (Verification-Guide dataplot: Relative Error|max|0.01),proposed,"completes (normal exit, no NaN/trap); T2",no,no,,
Miscellaneous/devc_interpolation_temperature.fds,devc_interpolation_temperature,IN,all features in scope,,0,,0,0,0,0,0,0,,0,0,0,0,0,0,0,0,0,periodic (not evaluated),0,0.0,0,0,,0,0,0,,0,1,25,1.0,0,1,1,0,0,0,0,single_mesh,,0,,GLMAT,0,,0,0,0,,0,200.0,,yes,1,1,G4,T2 (Verification-Guide dataplot: Absolute Error|end_1_3|0.01),proposed,"completes (normal exit, no NaN/trap); T2",no,no,,
Miscellaneous/devc_interpolation_velocity.fds,devc_interpolation_velocity,IN,all features in scope,,0,,0,0,0,0,0,0,,0,0,0,0,0,0,0,0,0,periodic (not evaluated),0,0.0,0,0,,0,0,0,,0,1,25,1.0,0,1,1,0,0,0,0,single_mesh,,0,,,0,,0,0,0,,0,200.0,,yes,1,1,G4,T2 (Verification-Guide dataplot: Absolute Error|end_1_3|0.01),proposed,"completes (normal exit, no NaN/trap); T2",no,no,,
Miscellaneous/external_test.fds,external_test,IN,all features in scope,MULTI_MESH,0,,0,0,0,0,0,0,,0,0,0,0,0,0,0,0,0,none,0,0.0,0,0,,0,0,0,,0,2,2000,1.0,0,1,0,1,1,0,0,uniform,1,0,,,0,,0,0,0,,0,10.0,,yes,2,1,G4,T2 (Verification-Guide dataplot: Absolute Error|end|0.0001; Relative Error|end|0.001),proposed,"completes (normal exit, no NaN/trap); T2",no,no,,
Miscellaneous/init_overlap.fds,init_overlap,IN,all features in scope,PARTICLES,0,,0,0,0,0,0,0,,0,0,0,0,0,0,0,0,0,sealed,1,1.0,1,0,,0,0,0,,0,1,1000,1.0,0,1,0,0,0,0,0,single_mesh,,0,,,0,,3,0,0,,0,1.0,,yes,1,1,G4,T2 (Verification-Guide dataplot: Relative Error|start|0.02),proposed,"completes (normal exit, no NaN/trap); T2",no,no,,
Miscellaneous/layer_1mesh.fds,layer_1mesh,IN,all features in scope,,0,,0,0,0,0,0,0,,0,0,0,0,0,0,0,0,0,none,0,0.0,0,0,,0,0,0,,0,1,8000,1.0,0,1,0,0,0,0,0,single_mesh,,0,,,0,,0,0,0,,0,60.0,,yes,1,1,T2,T1 first 100 steps (T2 full run) / T2,184-inventory,"completes (normal exit, no NaN/trap); tier T2 gate, tclass as inventory",no,yes,T2,
Miscellaneous/layer_4mesh.fds,layer_4mesh,IN,all features in scope,MULTI_MESH,0,,0,0,0,0,0,0,,0,0,0,0,0,0,0,0,0,none,0,0.0,0,0,,0,0,0,,0,4,8000,1.0,0,1,0,1,3,0,0,uniform,1,0,,,0,,0,0,0,,0,60.0,3,yes,3,1,T2,T1 first 100 steps (T2 full run) / T2,184-inventory,"completes (normal exit, no NaN/trap); tier T2 gate, tclass as inventory",no,yes,T2,
Miscellaneous/mesh_transformation.fds,mesh_transformation,OUT,"TRNX/TRNY/TRNZ stretched grid: rejected in AMR mode, stays FDS-only (IR-002, D-030)",STRETCHED,0,,0,0,0,0,0,0,,0,0,0,0,0,0,0,0,0,sealed,1,1.0,1,0,,0,0,0,,0,1,10000,1.0,0,1,0,0,0,0,0,single_mesh,,1,,,0,,0,0,0,,0,0.0,,yes,1,1,,,,,no,no,,
Miscellaneous/obst_box_mass_flux.fds,obst_box_mass_flux,IN,all features in scope,,0,,0,0,0,0,0,0,,0,0,0,0,0,0,0,0,0,none,0,0.0,0,0,,0,0,0,,0,1,125000,1.0,0,1,0,0,0,0,0,single_mesh,,0,,,0,,0,0,0,,0,0.02,,yes,1,1,G4,T2 vs FDS baseline (no committed FDS metric),proposed,"completes (normal exit, no NaN/trap); T2 vs FDS baseline",no,no,,
Miscellaneous/obst_cone.fds,obst_cone,IN,all features in scope,,0,,0,0,0,0,0,0,,0,0,0,0,0,0,0,0,0,sealed,1,1.0,1,0,,0,0,0,,0,1,125000,1.0,0,1,0,0,0,0,0,single_mesh,,0,,,0,,0,0,0,,0,0.0,,yes,1,1,G4,T2 vs FDS baseline (no committed FDS metric),proposed,completes setup (T_END=0; G1 message diff); T2 vs FDS baseline,no,no,,
Miscellaneous/obst_cone_mass_flux.fds,obst_cone_mass_flux,IN,all features in scope,,0,,0,0,0,0,0,0,,0,0,0,0,0,0,0,0,0,none,0,0.0,0,0,,0,0,0,,0,1,125000,1.0,0,1,0,0,0,0,0,single_mesh,,0,,,0,,0,0,0,,0,0.02,,yes,1,1,G4,T2 vs FDS baseline (no committed FDS metric),proposed,"completes (normal exit, no NaN/trap); T2 vs FDS baseline",no,no,,
Miscellaneous/obst_cylinder.fds,obst_cylinder,IN,all features in scope,,0,,0,0,0,0,0,0,,0,0,0,0,0,0,0,0,0,sealed,1,1.0,1,0,,0,0,0,,0,1,125000,1.0,0,1,0,0,0,0,0,single_mesh,,0,,,0,,0,0,0,,0,0.0,,yes,1,1,G4,T2 vs FDS baseline (no committed FDS metric),proposed,completes setup (T_END=0; G1 message diff); T2 vs FDS baseline,no,no,,
Miscellaneous/obst_cylinder_mass_flux.fds,obst_cylinder_mass_flux,IN,all features in scope,,0,,0,0,0,0,0,0,,0,0,0,0,0,0,0,0,0,none,0,0.0,0,0,,0,0,0,,0,1,125000,1.0,0,1,0,0,0,0,0,single_mesh,,0,,,0,,0,0,0,,0,0.02,,yes,1,1,G4,T2 vs FDS baseline (no committed FDS metric),proposed,"completes (normal exit, no NaN/trap); T2 vs FDS baseline",no,no,,
Miscellaneous/obst_multi.fds,obst_multi,IN,all features in scope,MULTI_MESH PARTICLES,0,,0,0,0,0,0,0,,0,0,0,0,0,0,0,0,0,none,0,0.0,0,0,,0,0,0,,0,8,8192,1.0,0,1,0,1,12,0,0,uniform,1,0,,,0,,1,0,0,,0,0.0,,yes,1,1,G4,T2 vs FDS baseline (no committed FDS metric),proposed,completes setup (T_END=0; G1 message diff); T2 vs FDS baseline,no,no,,
Miscellaneous/obst_rotbox.fds,obst_rotbox,IN,all features in scope,,0,,0,0,0,0,0,0,,0,0,0,0,0,0,0,0,0,sealed,1,1.0,1,0,,0,0,0,,0,1,125000,1.0,0,1,0,0,0,0,0,single_mesh,,0,,,0,,0,0,0,,0,0.0,,yes,1,1,G4,T2 vs FDS baseline (no committed FDS metric),proposed,completes setup (T_END=0; G1 message diff); T2 vs FDS baseline,no,no,,
Miscellaneous/obst_single.fds,obst_single,IN,all features in scope,PARTICLES,0,,0,0,0,0,0,0,,0,0,0,0,0,0,0,0,0,none,0,0.0,0,0,,0,0,0,,0,1,8192,1.0,0,1,0,0,0,0,0,single_mesh,,0,,,0,,1,0,0,,0,0.0,,yes,1,1,G4,T2 vs FDS baseline (no committed FDS metric),proposed,completes setup (T_END=0; G1 message diff); T2 vs FDS baseline,no,no,,
Miscellaneous/obst_sphere.fds,obst_sphere,IN,all features in scope,,0,,0,0,0,0,0,0,,0,0,0,0,0,0,0,0,0,sealed,1,1.0,1,0,,0,0,0,,0,1,125000,1.0,0,1,0,0,0,0,0,single_mesh,,0,,,0,,0,0,0,,0,0.0,,yes,1,1,G4,T2 vs FDS baseline (no committed FDS metric),proposed,completes setup (T_END=0; G1 message diff); T2 vs FDS baseline,no,no,,
Miscellaneous/obst_sphere_mass_flux.fds,obst_sphere_mass_flux,IN,all features in scope,,0,,0,0,0,0,0,0,,0,0,0,0,0,0,0,0,0,none,0,0.0,0,0,,0,0,0,,0,1,125000,1.0,0,1,0,0,0,0,0,single_mesh,,0,,,0,,0,0,0,,0,0.02,,yes,1,1,G4,T2 vs FDS baseline (no committed FDS metric),proposed,"completes (normal exit, no NaN/trap); T2 vs FDS baseline",no,no,,
Miscellaneous/part_orientation_ramp.fds,part_orientation_ramp,IN,all features in scope,PARTICLES,0,,0,0,0,0,0,0,,0,0,0,0,0,0,0,0,0,sealed,1,1.0,1,0,,0,0,0,,0,1,8000,1.0,0,1,0,0,0,0,0,single_mesh,,0,,,0,,1,0,0,,0,10.0,,yes,1,1,G4,T2 (Verification-Guide dataplot: Relative Error|end|0.01),proposed,"completes (normal exit, no NaN/trap); T2",no,no,,
Miscellaneous/part_path_ramp_jog.fds,part_path_ramp_jog,IN,all features in scope,MULTI_MESH PARTICLES,0,,0,0,0,0,0,0,,0,0,0,0,0,0,0,0,0,sealed,1,1.0,1,0,,0,0,0,,0,2,9702,1.0,0,1,0,1,1,0,0,uniform,1,0,,,0,,1,0,0,,0,10.0,,yes,2,1,G4,T2 (Verification-Guide dataplot: Relative Error|end|0.001),proposed,"completes (normal exit, no NaN/trap); T2",no,no,,
Miscellaneous/pyramid.fds,pyramid,IN,all features in scope,THIN_OBST,0,,0,0,1,2,0,0,,0,0,0,0,0,0,0,0,0,sealed,1,1.0,1,0,,0,0,0,,0,1,1000000,1.0,0,1,0,0,0,0,0,single_mesh,,0,,,0,,0,0,0,,0,0.0,,yes,1,1,G4,T2 vs FDS baseline (no committed FDS metric),proposed,completes setup (T_END=0; G1 message diff); T2 vs FDS baseline,no,no,,
Miscellaneous/ramp_time.fds,ramp_time,IN,all features in scope,,0,,0,0,0,0,0,0,,0,0,0,0,0,0,0,0,0,sealed,1,1.0,1,0,,0,0,0,,0,1,1000,1.0,0,1,0,0,0,0,0,single_mesh,,0,,,0,,0,0,0,,0,10.0,,yes,1,1,G4,T2 (Verification-Guide dataplot: Absolute Error|all|0.001),proposed,"completes (normal exit, no NaN/trap); T2",no,no,,
NS_Analytical_Solution/ns2d_16.fds,ns2d_16,IN,all features in scope,,0,,0,0,0,0,0,0,,0,0,0,0,0,0,0,0,0,periodic (not evaluated),0,0.0,0,0,,0,0,0,,0,1,256,1.0,0,1,1,0,0,0,0,single_mesh,,0,,,0,,0,0,0,,0,6.283185,,yes,1,1,T1,T1 (T0 stretch) / T2,184-inventory,"completes (normal exit, no NaN/trap); tier T1 gate, tclass as inventory",no,yes,T1,
NS_Analytical_Solution/ns2d_16_nupt1.fds,ns2d_16_nupt1,IN,all features in scope,,0,,0,0,0,0,0,0,,0,0,0,0,0,0,0,0,0,periodic (not evaluated),0,0.0,0,0,,0,0,0,,0,1,256,1.0,0,1,1,0,0,0,0,single_mesh,,0,,,0,,0,0,0,,0,6.283185,,yes,1,1,T1,T1 (T0 stretch) / T2,184-inventory,"completes (normal exit, no NaN/trap); tier T1 gate, tclass as inventory",no,yes,T1,
NS_Analytical_Solution/ns2d_32.fds,ns2d_32,IN,all features in scope,,0,,0,0,0,0,0,0,,0,0,0,0,0,0,0,0,0,periodic (not evaluated),0,0.0,0,0,,0,0,0,,0,1,1024,1.0,0,1,1,0,0,0,0,single_mesh,,0,,,0,,0,0,0,,0,6.283185,,yes,1,1,T1,T1 (T0 stretch) / T2,184-inventory,"completes (normal exit, no NaN/trap); tier T1 gate, tclass as inventory",no,yes,T1,
NS_Analytical_Solution/ns2d_32_nupt1.fds,ns2d_32_nupt1,IN,all features in scope,,0,,0,0,0,0,0,0,,0,0,0,0,0,0,0,0,0,periodic (not evaluated),0,0.0,0,0,,0,0,0,,0,1,1024,1.0,0,1,1,0,0,0,0,single_mesh,,0,,,0,,0,0,0,,0,6.283185,,yes,1,1,T1,T1 (T0 stretch) / T2,184-inventory,"completes (normal exit, no NaN/trap); tier T1 gate, tclass as inventory",no,yes,T1,
NS_Analytical_Solution/ns2d_64.fds,ns2d_64,IN,all features in scope,,0,,0,0,0,0,0,0,,0,0,0,0,0,0,0,0,0,periodic (not evaluated),0,0.0,0,0,,0,0,0,,0,1,4096,1.0,0,1,1,0,0,0,0,single_mesh,,0,,,0,,0,0,0,,0,6.283185,,yes,1,1,T1,T1 (T0 stretch) / T2,184-inventory,"completes (normal exit, no NaN/trap); tier T1 gate, tclass as inventory",no,yes,T1,
NS_Analytical_Solution/ns2d_64_nupt1.fds,ns2d_64_nupt1,IN,all features in scope,,0,,0,0,0,0,0,0,,0,0,0,0,0,0,0,0,0,periodic (not evaluated),0,0.0,0,0,,0,0,0,,0,1,4096,1.0,0,1,1,0,0,0,0,single_mesh,,0,,,0,,0,0,0,,0,6.283185,,yes,1,1,T1,T1 (T0 stretch) / T2,184-inventory,"completes (normal exit, no NaN/trap); tier T1 gate, tclass as inventory",no,yes,T1,
NS_Analytical_Solution/ns2d_8.fds,ns2d_8,IN,all features in scope,,0,,0,0,0,0,0,0,,0,0,0,0,0,0,0,0,0,periodic (not evaluated),0,0.0,0,0,,0,0,0,,0,1,64,1.0,0,1,1,0,0,0,0,single_mesh,,0,,,0,,0,0,0,,0,6.283185,,yes,1,1,T1,T1 (T0 stretch) / T2,184-inventory,"completes (normal exit, no NaN/trap); tier T1 gate, tclass as inventory",no,yes,T1,
NS_Analytical_Solution/ns2d_8_nupt1.fds,ns2d_8_nupt1,IN,all features in scope,,0,,0,0,0,0,0,0,,0,0,0,0,0,0,0,0,0,periodic (not evaluated),0,0.0,0,0,,0,0,0,,0,1,64,1.0,0,1,1,0,0,0,0,single_mesh,,0,,,0,,0,0,0,,0,6.283185,,yes,1,1,T1,T1 (T0 stretch) / T2,184-inventory,"completes (normal exit, no NaN/trap); tier T1 gate, tclass as inventory",no,yes,T1,
NS_Analytical_Solution/vort2d_160.fds,vort2d_160,IN,all features in scope,,0,,0,0,0,0,0,0,,0,0,0,0,0,0,0,0,0,periodic (not evaluated),0,0.0,0,0,,0,0,0,,0,1,25600,1.0,0,1,1,0,0,0,0,single_mesh,,0,,,0,,0,0,0,,0,0.04,,yes,1,1,T2,T1 (T0 stretch) / T2,184-inventory,"completes (normal exit, no NaN/trap); tier T2 gate, tclass as inventory",no,yes,T2,
NS_Analytical_Solution/vort2d_320.fds,vort2d_320,IN,all features in scope,,0,,0,0,0,0,0,0,,0,0,0,0,0,0,0,0,0,periodic (not evaluated),0,0.0,0,0,,0,0,0,,0,1,102400,1.0,0,1,1,0,0,0,0,single_mesh,,0,,,0,,0,0,0,,0,0.027,,yes,1,1,G4,T2 vs FDS baseline (no committed FDS metric),proposed,"completes (normal exit, no NaN/trap); T2 vs FDS baseline",no,no,,
NS_Analytical_Solution/vort2d_40.fds,vort2d_40,IN,all features in scope,,0,,0,0,0,0,0,0,,0,0,0,0,0,0,0,0,0,periodic (not evaluated),0,0.0,0,0,,0,0,0,,0,1,1600,1.0,0,1,1,0,0,0,0,single_mesh,,0,,,0,,0,0,0,,0,0.04,,yes,1,1,T2,T1 (T0 stretch) / T2,184-inventory,"completes (normal exit, no NaN/trap); tier T2 gate, tclass as inventory",no,yes,T2,
NS_Analytical_Solution/vort2d_80.fds,vort2d_80,IN,all features in scope,,0,,0,0,0,0,0,0,,0,0,0,0,0,0,0,0,0,periodic (not evaluated),0,0.0,0,0,,0,0,0,,0,1,6400,1.0,0,1,1,0,0,0,0,single_mesh,,0,,,0,,0,0,0,,0,0.04,,yes,1,1,T2,T1 (T0 stretch) / T2,184-inventory,"completes (normal exit, no NaN/trap); tier T2 gate, tclass as inventory",no,yes,T2,
Pressure_Effects/isentropic.fds,isentropic,IN,all features in scope,ZONE MULTI_MESH PARTICLES,0,,0,0,0,0,0,0,,0,0,0,0,0,0,0,1,0,sealed,2,1.0,0,0,,0,0,0,,0,2,16000,0.952,1,1,0,1,0,0,0,no_shared_faces,,0,,,0,,2,0,0,,0,60.0,,yes,1,1,T2,T2 vs FFT baseline; T1 vs GLMAT copy (FR-002) / T2,184-inventory,"completes (normal exit, no NaN/trap); tier T2 gate, tclass as inventory",no,yes,T2,
Pressure_Effects/isentropic2.fds,isentropic2,IN,all features in scope,ZONE MULTI_MESH,0,,0,0,0,0,0,0,,0,0,0,0,0,0,0,1,0,sealed,2,1.0,0,0,,0,0,0,,0,2,16000,0.952,1,1,0,1,0,0,0,no_shared_faces,,0,,,0,,0,0,0,,0,60.0,,yes,1,1,G4,T2 (Verification-Guide dataplot: Relative Error|end|0.01; Relative Error|end|0.03),proposed,"completes (normal exit, no NaN/trap); T2",no,no,,
Pressure_Effects/obst_coarse_fine_interface.fds,obst_coarse_fine_interface,IN,all features in scope,MULTI_MESH MULTI_RES,0,,0,0,0,0,0,0,,0,0,0,0,0,0,0,0,0,sealed,1,1.0,1,0,,0,0,0,,0,2,171,1.0,0,2,0,1,1,1,0,supported_2_4,2,0,,,0,,0,0,0,,0,10.0,,yes,1,1,T1,"T1 vs baseline, same solver, if the legacy multi-resolution path is kept in uniform mode (else T2) / T2",184-inventory,"completes (normal exit, no NaN/trap); tier T1 gate, tclass as inventory",no,yes,T1,
Pressure_Effects/pressure_boundary.fds,pressure_boundary,IN,all features in scope,,0,,0,0,0,0,0,0,,0,0,0,0,0,0,0,0,0,none,0,0.0,0,0,,0,0,0,,0,1,80000,1.0,0,1,0,0,0,0,0,single_mesh,,0,,,0,,0,0,0,,0,30.0,,yes,1,1,G4,T2 vs FDS baseline (no committed FDS metric),proposed,"completes (normal exit, no NaN/trap); T2 vs FDS baseline",no,no,,
Pressure_Effects/pressure_rise.fds,pressure_rise,IN,all features in scope,MULTI_MESH,0,,0,0,0,0,0,0,,0,0,0,0,0,0,0,0,0,sealed,1,1.0,1,0,,0,0,0,,0,3,1200,1.0,0,1,1,1,2,0,0,uniform,1,0,,,0,,0,0,0,,0,600.0,,yes,1,1,T2,T2 vs FFT baseline; T1 vs GLMAT copy (FR-002) / T2,184-inventory,"completes (normal exit, no NaN/trap); tier T2 gate, tclass as inventory",no,yes,T2,
Pressure_Effects/thick_orifice_5cm.fds,thick_orifice_5cm,UNCLEAR,&PRES TUNNEL_PRECONDITIONER=T: still open under charter Q4 (D-033),TUNNEL_PRECONDITIONER MULTI_MESH,0,,0,0,0,0,0,0,,0,0,0,0,0,0,0,0,0,none,0,0.0,0,0,,0,0,0,,0,8,512000,1.0,0,1,0,1,7,0,0,uniform,1,0,,,0,,0,0,1,,0,30.0,,yes,8,1,,,,,no,no,,
Pressure_Effects/zone_break_fast.fds,zone_break_fast,IN,all features in scope,THIN_OBST ZONE,0,,0,0,1,1,0,0,,0,0,0,0,0,0,0,1,0,sealed,2,0.754,0,1,,0,0,0,,0,1,30000,1.0,0,1,0,0,0,0,0,single_mesh,,0,,,0,,0,0,0,,0,30.0,,yes,1,1,T2,T1 (T0 stretch) / T2,184-inventory,"completes (normal exit, no NaN/trap); tier T2 gate, tclass as inventory",no,yes,T2,
Pressure_Effects/zone_break_fast_uglmat.fds,zone_break_fast_uglmat,IN,all features in scope,THIN_OBST ZONE MULTI_MESH,0,,0,0,1,1,0,0,,1,0,0,0,0,0,0,1,0,sealed,2,0.754,0,1,,1,0,0,,0,4,30000,1.0,0,1,0,1,4,0,0,uniform,1,0,,UGLMAT PARDISO,0,,0,0,0,,0,30.0,,yes,4,1,"T2 (promote: must-work feature, multi-mesh)",T2 vs FDS baseline (no committed FDS metric),proposed,"completes (normal exit, no NaN/trap); T2 vs FDS baseline",no,no,,
Pressure_Effects/zone_break_fast_uglmat_hypre.fds,zone_break_fast_uglmat_hypre,IN,all features in scope,THIN_OBST ZONE MULTI_MESH,0,,0,0,1,1,0,0,,1,0,0,0,0,0,0,1,0,sealed,2,0.754,0,1,,1,0,0,,0,4,30000,1.0,0,1,0,1,4,0,0,uniform,1,0,,UGLMAT HYPRE,0,,0,0,0,,0,30.0,,yes,4,1,T2,T2 vs FFT baseline; T1 vs GLMAT copy (FR-002) / T2,184-inventory,"completes (normal exit, no NaN/trap); tier T2 gate, tclass as inventory",no,yes,T2,
Pressure_Effects/zone_break_fast_ulmat.fds,zone_break_fast_ulmat,IN,all features in scope,THIN_OBST ZONE,0,,0,0,1,1,0,0,,0,0,0,0,0,0,0,1,0,sealed,2,0.754,0,1,,0,0,0,,0,1,30000,1.0,0,1,0,0,0,0,0,single_mesh,,0,,ULMAT,0,,0,0,0,,0,30.0,,yes,1,1,G4,T2 (Verification-Guide dataplot: Relative Error|max|0.02),proposed,"completes (normal exit, no NaN/trap); T2",no,no,,
Pressure_Effects/zone_break_slow.fds,zone_break_slow,IN,all features in scope,THIN_OBST ZONE,0,,0,0,1,1,0,0,,0,0,0,0,0,0,0,1,0,sealed,2,0.754,0,1,,0,0,0,,0,1,30000,1.0,0,1,0,0,0,0,0,single_mesh,,0,,,0,,0,0,0,,0,30.0,,yes,1,1,G4,T2 (Verification-Guide dataplot: Relative Error|max|0.02),proposed,"completes (normal exit, no NaN/trap); T2",no,no,,
Pressure_Effects/zone_break_slow_ulmat.fds,zone_break_slow_ulmat,IN,all features in scope,THIN_OBST ZONE,0,,0,0,1,1,0,0,,0,0,0,0,0,0,0,1,0,sealed,2,0.754,0,1,,0,0,0,,0,1,30000,1.0,0,1,0,0,0,0,0,single_mesh,,0,,ULMAT,0,,0,0,0,,0,30.0,,yes,1,1,G4,T2 (Verification-Guide dataplot: Relative Error|max|0.02),proposed,"completes (normal exit, no NaN/trap); T2",no,no,,
Pressure_Effects/zone_shape.fds,zone_shape,IN,all features in scope,THIN_OBST ZONE MULTI_MESH,0,,0,0,1,1,0,0,,0,0,0,0,0,0,0,1,0,sealed,1,0.756,0,1,,1,0,0,,0,2,30000,1.0,0,1,0,1,1,0,0,uniform,1,0,,,0,,0,0,0,,0,25.0,,yes,2,1,T2,T2 vs FFT baseline; T1 vs GLMAT copy (FR-002) / T2,184-inventory,"completes (normal exit, no NaN/trap); tier T2 gate, tclass as inventory",no,yes,T2,
Pressure_Effects/zone_shape_2.fds,zone_shape_2,UNCLEAR,pressure ZONE leakage (ZONE LEAK_AREA or SURF LEAK_PATH) spread over several meshes; per-level leak-area sums undefined,THIN_OBST HVAC ZONE MULTI_MESH,0,,0,0,1,28,0,0,,28,0,0,1,3,0,0,1,2,sealed,2,1.0,0,0,LEAK_AREA LEAK_PATH_SURFx1,1,1,0,,0,8,32768,1.0,0,1,0,1,12,0,0,uniform,1,0,,,0,,0,0,0,,0,300.0,,yes,8,1,,,,,no,yes,T2,
Pressure_Solver/dancing_eddies_1mesh.fds,dancing_eddies_1mesh,IN,all features in scope,,0,,0,0,0,0,0,0,,0,0,0,0,0,0,0,0,0,none,0,0.0,0,0,,0,0,0,,0,1,12000,1.0,0,1,1,0,0,0,0,single_mesh,,0,,,0,,0,0,0,,0,2.0,,yes,1,1,T1,T1 (T0 stretch) / T2,184-inventory,"completes (normal exit, no NaN/trap); tier T1 gate, tclass as inventory",no,yes,T1,
Pressure_Solver/dancing_eddies_default.fds,dancing_eddies_default,UNCLEAR,&PRES TUNNEL_PRECONDITIONER=T: still open under charter Q4 (D-033),TUNNEL_PRECONDITIONER MULTI_MESH,0,,0,0,0,0,0,0,,0,0,0,0,0,0,0,0,0,none,0,0.0,0,0,,0,0,0,,0,4,12000,1.0,0,1,1,1,3,0,0,uniform,1,0,,,0,,0,0,1,,0,2.0,,yes,4,1,,,,,no,yes,T1,
Pressure_Solver/dancing_eddies_embed.fds,dancing_eddies_embed,OUT,"embedded/overlapping meshes: FDS-baseline-only (decision in force, D-015/test-plan §6)",MULTI_MESH MULTI_RES OVERLAP,0,,0,0,0,0,0,0,,0,0,0,0,0,0,0,0,0,none,0,0.0,0,0,,0,0,0,,0,5,14400,1.05,0,2,1,1,3,1,1,uniform,1,0,,,0,,0,0,0,,0,2.0,,yes,5,1,,,,,no,yes,T2,
Pressure_Solver/dancing_eddies_tight.fds,dancing_eddies_tight,UNCLEAR,&PRES TUNNEL_PRECONDITIONER=T: still open under charter Q4 (D-033),TUNNEL_PRECONDITIONER MULTI_MESH,0,,0,0,0,0,0,0,,0,0,0,0,0,0,0,0,0,none,0,0.0,0,0,,0,0,0,,0,4,12000,1.0,0,1,1,1,3,0,0,uniform,1,0,,,0,,0,0,1,,0,2.0,,yes,4,1,,,,,no,yes,T2,
Pressure_Solver/dancing_eddies_tight_no_precon.fds,dancing_eddies_tight_no_precon,IN,all features in scope,MULTI_MESH,0,,0,0,0,0,0,0,,0,0,0,0,0,0,0,0,0,none,0,0.0,0,0,,0,0,0,,0,4,12000,1.0,0,1,1,1,3,0,0,uniform,1,0,,,0,,0,0,0,,0,2.0,,yes,4,1,T2,T2 vs FFT baseline; T1 vs GLMAT copy (FR-002) / T2,184-inventory,"completes (normal exit, no NaN/trap); tier T2 gate, tclass as inventory",no,yes,T2,
Pressure_Solver/dancing_eddies_uglmat_hypre.fds,dancing_eddies_uglmat_hypre,IN,all features in scope,MULTI_MESH HYPRE_DEVICE_RUN=T,0,,0,0,0,0,0,0,,0,0,0,0,0,0,0,0,0,none,0,0.0,0,0,,0,0,0,,0,4,12000,1.0,0,1,1,1,3,0,0,uniform,1,0,T,UGLMAT HYPRE,0,,0,0,0,,0,2.0,,yes,4,1,T2,T2 vs FFT baseline; T1 vs GLMAT copy (FR-002) / T2,184-inventory,"completes (normal exit, no NaN/trap); tier T2 gate, tclass as inventory",no,yes,T2,HYPRE_DEVICE_RUN=T ignored on CPU builds (pres.f90:1177-1178; Spec Lead ruling (d)); GPU runs of the AMReX code: NFR-047
Pressure_Solver/dancing_eddies_uglmat_pardiso.fds,dancing_eddies_uglmat_pardiso,IN,all features in scope,MULTI_MESH,0,,0,0,0,0,0,0,,0,0,0,0,0,0,0,0,0,none,0,0.0,0,0,,0,0,0,,0,4,12000,1.0,0,1,1,1,3,0,0,uniform,1,0,,UGLMAT PARDISO,0,,0,0,0,,0,2.0,,yes,4,1,T2-Intel,T2 vs FFT baseline; T1 vs GLMAT copy (FR-002) / T2,184-inventory,"completes (normal exit, no NaN/trap); tier T2-Intel gate, tclass as inventory",no,yes,T2-Intel,
Pressure_Solver/dancing_eddies_uglmat_refine.fds,dancing_eddies_uglmat_refine,IN,all features in scope,MULTI_MESH MULTI_RES,0,,0,0,0,0,0,0,,0,0,0,0,0,0,0,0,0,sealed,1,1.0,1,0,,0,0,0,,0,4,7600,1.0,0,2,1,1,3,1,0,supported_2_4,2,0,,UGLMAT,0,,0,0,0,,0,2.0,,yes,4,1,T1,"T1 vs baseline, same solver, if the legacy multi-resolution path is kept in uniform mode (else T2) / T2",184-inventory,"completes (normal exit, no NaN/trap); tier T1 gate, tclass as inventory",no,yes,T1,
Pressure_Solver/dancing_eddies_ulmat.fds,dancing_eddies_ulmat,UNCLEAR,&PRES TUNNEL_PRECONDITIONER=T: still open under charter Q4 (D-033),TUNNEL_PRECONDITIONER MULTI_MESH,0,,0,0,0,0,0,0,,0,0,0,0,0,0,0,0,0,none,0,0.0,0,0,,0,0,0,,0,4,12000,1.0,0,1,1,1,3,0,0,uniform,1,0,,ULMAT,0,,0,0,1,,0,2.0,,yes,4,1,,,,,no,yes,T2,
Pressure_Solver/dancing_eddies_ulmat_hypre.fds,dancing_eddies_ulmat_hypre,UNCLEAR,&PRES TUNNEL_PRECONDITIONER=T: still open under charter Q4 (D-033),TUNNEL_PRECONDITIONER MULTI_MESH HYPRE_DEVICE_RUN=T,0,,0,0,0,0,0,0,,0,0,0,0,0,0,0,0,0,none,0,0.0,0,0,,0,0,0,,0,4,12000,1.0,0,1,1,1,3,0,0,uniform,1,0,T,ULMAT HYPRE,0,,0,0,1,,0,2.0,,yes,4,1,,,,,no,yes,T2,HYPRE_DEVICE_RUN=T ignored on CPU builds (pres.f90:1177-1178; Spec Lead ruling (d)); GPU runs of the AMReX code: NFR-047
Pressure_Solver/duct_flow.fds,duct_flow,IN,all features in scope,THIN_OBST HVAC MULTI_MESH,0,,0,0,1,28,0,0,,28,0,0,1,3,0,0,0,0,none,0,0.0,0,0,,0,0,0,,0,8,32768,1.0,0,1,0,1,12,0,0,uniform,1,0,,,0,,0,0,0,,0,60.0,,yes,8,1,T2,T2 vs FFT baseline; T1 vs GLMAT copy (FR-002) / T2,184-inventory,"completes (normal exit, no NaN/trap); tier T2 gate, tclass as inventory",no,yes,T2,
Pressure_Solver/duct_flow_uglmat_hypre.fds,duct_flow_uglmat_hypre,IN,all features in scope,THIN_OBST HVAC MULTI_MESH HYPRE_DEVICE_RUN=T,0,,0,0,1,28,0,0,,28,0,0,1,3,0,0,0,0,none,0,0.0,0,0,,0,0,0,,0,8,32768,1.0,0,1,0,1,12,0,0,uniform,1,0,T,UGLMAT HYPRE,0,,0,0,0,,0,60.0,,yes,8,1,T2,T2 vs FFT baseline; T1 vs GLMAT copy (FR-002) / T2,184-inventory,"completes (normal exit, no NaN/trap); tier T2 gate, tclass as inventory",no,yes,T2,HYPRE_DEVICE_RUN=T ignored on CPU builds (pres.f90:1177-1178; Spec Lead ruling (d)); GPU runs of the AMReX code: NFR-047
Pressure_Solver/duct_flow_uglmat_pardiso.fds,duct_flow_uglmat_pardiso,IN,all features in scope,THIN_OBST HVAC MULTI_MESH,0,,0,0,1,28,0,0,,28,0,0,1,3,0,0,0,0,none,0,0.0,0,0,,0,0,0,,0,8,32768,1.0,0,1,0,1,12,0,0,uniform,1,0,,UGLMAT PARDISO,0,,0,0,0,,0,60.0,,yes,8,1,T2-Intel,T2 vs FFT baseline; T1 vs GLMAT copy (FR-002) / T2,184-inventory,"completes (normal exit, no NaN/trap); tier T2-Intel gate, tclass as inventory",no,yes,T2-Intel,
Pressure_Solver/duct_flow_uglmat_refine.fds,duct_flow_uglmat_refine,UNCLEAR,"4 thin OBST(s) cross/touch a coarse/fine mesh interface; FR-040 R3 (proposed) grows the fine region or stops, undefined for a static FDS multi-resolution input",THIN_OBST HVAC MULTI_MESH MULTI_RES,0,,0,0,1,28,0,0,,28,4,0,1,3,0,0,0,0,none,0,0.0,0,0,,0,0,0,,0,8,147456,1.0,0,2,0,1,12,1,0,supported_2_4,2,0,,UGLMAT HYPRE,0,,0,0,0,,0,60.0,,yes,8,1,,,,,no,yes,T2,
Pressure_Solver/duct_flow_ulmat.fds,duct_flow_ulmat,IN,all features in scope,THIN_OBST HVAC MULTI_MESH,0,,0,0,1,28,0,0,,28,0,0,1,3,0,0,0,0,none,0,0.0,0,0,,0,0,0,,0,8,32768,1.0,0,1,0,1,12,0,0,uniform,1,0,,ULMAT,0,,0,0,0,,0,60.0,,yes,8,1,"T2 (promote: must-work feature, multi-mesh)",T2 vs FDS baseline (no committed FDS metric),proposed,"completes (normal exit, no NaN/trap); T2 vs FDS baseline",no,no,,
Pressure_Solver/duct_flow_ulmat_hypre.fds,duct_flow_ulmat_hypre,IN,all features in scope,THIN_OBST HVAC MULTI_MESH HYPRE_DEVICE_RUN=T,0,,0,0,1,28,0,0,,28,0,0,1,3,0,0,0,0,none,0,0.0,0,0,,0,0,0,,0,8,32768,1.0,0,1,0,1,12,0,0,uniform,1,0,T,ULMAT HYPRE,0,,0,0,0,,0,60.0,,yes,8,1,T2,T2 vs FFT baseline; T1 vs GLMAT copy (FR-002) / T2,184-inventory,"completes (normal exit, no NaN/trap); tier T2 gate, tclass as inventory",no,yes,T2,HYPRE_DEVICE_RUN=T ignored on CPU builds (pres.f90:1177-1178; Spec Lead ruling (d)); GPU runs of the AMReX code: NFR-047
Pressure_Solver/hallways.fds,hallways,IN,all features in scope,MULTI_MESH PARTICLES,0,,0,0,0,0,0,0,,0,0,0,0,0,0,0,0,0,none,0,0.0,0,0,,0,0,0,,0,5,73728,0.141,1,1,0,1,4,0,0,uniform,1,0,,,0,,1,0,0,,0,60.0,,yes,5,1,T2,T1 first 100 steps (T2 full run) / T2,184-inventory,"completes (normal exit, no NaN/trap); tier T2 gate, tclass as inventory",no,yes,T2,
Pressure_Solver/obst_activation_default.fds,obst_activation_default,IN,all features in scope,MULTI_MESH,0,,0,0,0,0,0,0,,0,0,0,0,0,0,0,0,0,none,0,0.0,0,0,,0,0,0,,0,4,1024,1.0,0,1,1,1,3,0,0,uniform,1,0,,,0,,0,0,0,,0,2.0,,yes,4,1,T1,T2 vs FFT baseline; T1 vs GLMAT copy (FR-002) / T2,184-inventory,"completes (normal exit, no NaN/trap); tier T1 gate, tclass as inventory",no,yes,T1,
Pressure_Solver/obst_activation_default_gases.fds,obst_activation_default_gases,IN,all features in scope,MULTI_MESH,0,,0,0,0,0,0,0,,0,0,0,0,0,0,0,0,0,none,0,0.0,0,0,,0,0,0,,0,4,1024,1.0,0,1,1,1,3,0,0,uniform,1,0,,,0,,0,0,0,,0,30.0,,yes,4,1,G4,T2 (Verification-Guide dataplot: Absolute Error|max|0.005),proposed,"completes (normal exit, no NaN/trap); T2",no,no,,
Pressure_Solver/obst_activation_ulmat.fds,obst_activation_ulmat,IN,all features in scope,MULTI_MESH,0,,0,0,0,0,0,0,,0,0,0,0,0,0,0,0,0,none,0,0.0,0,0,,0,0,0,,0,4,1024,1.0,0,1,1,1,3,0,0,uniform,1,0,,ULMAT,0,,0,0,0,,0,2.0,,yes,4,1,T1,T2 vs FFT baseline; T1 vs GLMAT copy (FR-002) / T2,184-inventory,"completes (normal exit, no NaN/trap); tier T1 gate, tclass as inventory",no,yes,T1,
Pressure_Solver/opening_ulmat.fds,opening_ulmat,IN,all features in scope,THIN_OBST,0,,0,0,1,1,0,0,,0,0,0,0,0,0,0,0,0,none,0,0.0,0,0,,0,0,0,,0,1,512,1.0,0,1,0,0,0,0,0,single_mesh,,0,,ULMAT,0,,0,0,0,,0,10.0,,yes,1,1,T2,T1 (T0 stretch) / T2,184-inventory,"completes (normal exit, no NaN/trap); tier T2 gate, tclass as inventory",no,yes,T2,
Pressure_Solver/pressure_iteration2d_default.fds,pressure_iteration2d_default,IN,all features in scope,MULTI_MESH,0,,0,0,0,0,0,0,,0,0,0,0,0,0,0,0,0,none,0,0.0,0,0,,0,0,0,,0,8,1024,1.0,0,1,1,1,10,0,0,uniform,1,0,,,0,,0,0,0,,0,0.5,,yes,8,1,T2,T2 vs FFT baseline; T1 vs GLMAT copy (FR-002) / T2,184-inventory,"completes (normal exit, no NaN/trap); tier T2 gate, tclass as inventory",no,yes,T2,
Pressure_Solver/pressure_iteration2d_uglmat.fds,pressure_iteration2d_uglmat,IN,all features in scope,MULTI_MESH,0,,0,0,0,0,0,0,,0,0,0,0,0,0,0,0,0,none,0,0.0,0,0,,0,0,0,,0,8,1024,1.0,0,1,1,1,10,0,0,uniform,1,0,,UGLMAT,0,,0,0,0,,0,0.5,,yes,8,1,T2,T2 vs FFT baseline; T1 vs GLMAT copy (FR-002) / T2,184-inventory,"completes (normal exit, no NaN/trap); tier T2 gate, tclass as inventory",no,yes,T2,
Pressure_Solver/pressure_iteration3d_default.fds,pressure_iteration3d_default,IN,all features in scope,MULTI_MESH,0,,0,0,0,0,0,0,,0,0,0,0,0,0,0,0,0,none,0,0.0,0,0,,0,0,0,,0,8,32768,1.0,0,1,0,1,12,0,0,uniform,1,0,,,0,,0,0,0,,0,0.5,,yes,8,1,T2,T2 vs FFT baseline; T1 vs GLMAT copy (FR-002) / T2,184-inventory,"completes (normal exit, no NaN/trap); tier T2 gate, tclass as inventory",no,yes,T2,
Pressure_Solver/pressure_iteration3d_uglmat.fds,pressure_iteration3d_uglmat,IN,all features in scope,MULTI_MESH,0,,0,0,0,0,0,0,,0,0,0,0,0,0,0,0,0,none,0,0.0,0,0,,0,0,0,,0,8,32768,1.0,0,1,0,1,12,0,0,uniform,1,0,,UGLMAT,0,,0,0,0,,0,0.5,,yes,8,1,T2,T2 vs FFT baseline; T1 vs GLMAT copy (FR-002) / T2,184-inventory,"completes (normal exit, no NaN/trap); tier T2 gate, tclass as inventory",no,yes,T2,
Pressure_Solver/random_obstructions_fft.fds,random_obstructions_fft,IN,all features in scope,THIN_OBST ZONE MULTI_MESH,0,,0,0,1,160,0,0,,104,0,0,0,0,0,0,1,0,sealed,6,0.024,0,1,,1,0,0,,0,16,65536,1.0,0,1,0,1,28,0,0,uniform,1,0,,,0,,0,0,0,,0,2.0,,yes,16,1,T2,T1 first 100 steps (T2 full run) / T2,184-inventory,"completes (normal exit, no NaN/trap); tier T2 gate, tclass as inventory",no,yes,T2,
Pressure_Solver/stairwell.fds,stairwell,IN,all features in scope,ZONE MULTI_MESH,0,,0,0,0,0,0,0,,0,0,0,0,0,0,0,1,0,sealed,4,0.782,0,1,,1,0,0,,0,11,1637828,0.091,1,1,0,1,10,0,0,uniform,1,0,,,0,,0,0,0,,0,50.0,10,yes,10,0,"T2 (promote: must-work feature, multi-mesh)",T2 (Verification-Guide dataplot: Relative Error|mean|0.05),proposed,"completes (normal exit, no NaN/trap); T2",no,no,,FDS baseline needs 10 ranks (MPI_PROCESS): derived MPI_PROCESS<=7 copy for the baseline
Pressure_Solver/tunnel_demo.fds,tunnel_demo,UNCLEAR,&PRES TUNNEL_PRECONDITIONER=T: still open under charter Q4 (D-033),TUNNEL_PRECONDITIONER MULTI_MESH,0,,0,0,0,0,0,0,,0,0,0,0,0,0,0,0,0,none,0,0.0,0,0,,0,0,0,,0,8,256000,1.0,0,1,0,1,7,0,0,uniform,1,0,,,0,,0,0,1,,0,30.0,,yes,8,1,,,,,no,yes,T2-opt,
Pressure_Solver/tunnel_demo_glmat.fds,tunnel_demo_glmat,IN,all features in scope,MULTI_MESH,0,,0,0,0,0,0,0,,0,0,0,0,0,0,0,0,0,none,0,0.0,0,0,,0,0,0,,0,8,256000,1.0,0,1,0,1,7,0,0,uniform,1,0,,GLMAT,0,,0,0,0,,0,30.0,,yes,8,1,G4,T2 (Verification-Guide dataplot: Absolute Error|min|100; Absolute Error|min|100000),proposed,"completes (normal exit, no NaN/trap); T2",no,no,,
Pressure_Solver/ulmat_2zone.fds,ulmat_2zone,IN,all features in scope,ZONE MULTI_MESH,0,,0,0,0,0,0,0,,0,0,0,0,0,0,0,1,0,sealed,1,0.556,0,0,,1,0,0,,0,2,1000,1.0,0,1,0,1,1,0,0,uniform,1,0,,ULMAT,0,,0,0,0,,0,10.0,,yes,2,1,T2,T2 vs FFT baseline; T1 vs GLMAT copy (FR-002) / T2,184-inventory,"completes (normal exit, no NaN/trap); tier T2 gate, tclass as inventory",no,yes,T2,
Pyrolysis/anca-couce-fig1_10K.fds,anca-couce-fig1_10K,IN,all features in scope,,0,,0,0,0,0,0,0,,0,0,0,0,0,0,0,0,0,sealed,1,1.0,1,0,,0,0,0,,0,1,9,1.0,0,1,1,0,0,0,0,single_mesh,,0,,,0,,0,0,0,,0,1.0,,yes,1,1,G4,T2 vs FDS baseline (no committed FDS metric),proposed,"completes (normal exit, no NaN/trap); T2 vs FDS baseline",no,no,,
Pyrolysis/anca-couce-fig1_2p5K.fds,anca-couce-fig1_2p5K,IN,all features in scope,,0,,0,0,0,0,0,0,,0,0,0,0,0,0,0,0,0,sealed,1,1.0,1,0,,0,0,0,,0,1,9,1.0,0,1,1,0,0,0,0,single_mesh,,0,,,0,,0,0,0,,0,1.0,,yes,1,1,G4,T2 vs FDS baseline (no committed FDS metric),proposed,"completes (normal exit, no NaN/trap); T2 vs FDS baseline",no,no,,
Pyrolysis/anca-couce-fig1_5K.fds,anca-couce-fig1_5K,IN,all features in scope,,0,,0,0,0,0,0,0,,0,0,0,0,0,0,0,0,0,sealed,1,1.0,1,0,,0,0,0,,0,1,9,1.0,0,1,1,0,0,0,0,single_mesh,,0,,,0,,0,0,0,,0,1.0,,yes,1,1,G4,T2 vs FDS baseline (no committed FDS metric),proposed,"completes (normal exit, no NaN/trap); T2 vs FDS baseline",no,no,,
Pyrolysis/anca-couce-fig2_10K.fds,anca-couce-fig2_10K,IN,all features in scope,,0,,0,0,0,0,0,0,,0,0,0,0,0,0,0,0,0,sealed,1,1.0,1,0,,0,0,0,,0,1,9,1.0,0,1,1,0,0,0,0,single_mesh,,0,,,0,,0,0,0,,0,1.0,,yes,1,1,G4,T2 vs FDS baseline (no committed FDS metric),proposed,"completes (normal exit, no NaN/trap); T2 vs FDS baseline",no,no,,
Pyrolysis/anca-couce-fig2_2p5K.fds,anca-couce-fig2_2p5K,IN,all features in scope,,0,,0,0,0,0,0,0,,0,0,0,0,0,0,0,0,0,sealed,1,1.0,1,0,,0,0,0,,0,1,9,1.0,0,1,1,0,0,0,0,single_mesh,,0,,,0,,0,0,0,,0,1.0,,yes,1,1,G4,T2 vs FDS baseline (no committed FDS metric),proposed,"completes (normal exit, no NaN/trap); T2 vs FDS baseline",no,no,,
Pyrolysis/anca-couce-fig2_5K.fds,anca-couce-fig2_5K,IN,all features in scope,,0,,0,0,0,0,0,0,,0,0,0,0,0,0,0,0,0,sealed,1,1.0,1,0,,0,0,0,,0,1,9,1.0,0,1,1,0,0,0,0,single_mesh,,0,,,0,,0,0,0,,0,1.0,,yes,1,1,G4,T2 vs FDS baseline (no committed FDS metric),proposed,"completes (normal exit, no NaN/trap); T2 vs FDS baseline",no,no,,
Pyrolysis/birch_tga_1step_2.fds,birch_tga_1step_2,IN,all features in scope,,0,,0,0,0,0,0,0,,0,0,0,0,0,0,0,0,0,sealed,1,1.0,1,0,,0,0,0,,0,1,12,1.0,0,1,1,0,0,0,0,single_mesh,,0,,,0,,0,0,0,,0,24000.0,,yes,1,1,G4,T2 (Verification-Guide dataplot: Relative Error|end|0.05),proposed,"completes (normal exit, no NaN/trap); T2",no,no,,
Pyrolysis/birch_tga_1step_20.fds,birch_tga_1step_20,IN,all features in scope,,0,,0,0,0,0,0,0,,0,0,0,0,0,0,0,0,0,sealed,1,1.0,1,0,,0,0,0,,0,1,12,1.0,0,1,1,0,0,0,0,single_mesh,,0,,,0,,0,0,0,,0,2400.0,,yes,1,1,G4,T2 vs FDS baseline (no committed FDS metric),proposed,"completes (normal exit, no NaN/trap); T2 vs FDS baseline",no,no,,
Pyrolysis/cable_11_insulation_mcc.fds,cable_11_insulation_mcc,IN,all features in scope,,0,,0,0,0,0,0,0,,0,0,0,0,0,0,0,0,0,sealed,1,1.0,1,0,,0,0,0,,0,1,12,1.0,0,1,1,0,0,0,0,single_mesh,,0,,,0,,0,0,0,,0,800.0,,yes,1,1,G4,T2 (Verification-Guide dataplot: Relative Error|area|0.03),proposed,"completes (normal exit, no NaN/trap); T2",no,no,,
Pyrolysis/cable_11_jacket_mcc.fds,cable_11_jacket_mcc,IN,all features in scope,,0,,0,0,0,0,0,0,,0,0,0,0,0,0,0,0,0,sealed,1,1.0,1,0,,0,0,0,,0,1,12,1.0,0,1,1,0,0,0,0,single_mesh,,0,,,0,,0,0,0,,0,800.0,,yes,1,1,G4,T2 (Verification-Guide dataplot: Relative Error|area|0.05),proposed,"completes (normal exit, no NaN/trap); T2",no,no,,
Pyrolysis/cable_23_insulation_mcc.fds,cable_23_insulation_mcc,IN,all features in scope,,0,,0,0,0,0,0,0,,0,0,0,0,0,0,0,0,0,sealed,1,1.0,1,0,,0,0,0,,0,1,12,1.0,0,1,1,0,0,0,0,single_mesh,,0,,,0,,0,0,0,,0,800.0,,yes,1,1,G4,T2 (Verification-Guide dataplot: Relative Error|area|0.01),proposed,"completes (normal exit, no NaN/trap); T2",no,no,,
Pyrolysis/cable_23_jacket_mcc.fds,cable_23_jacket_mcc,IN,all features in scope,,0,,0,0,0,0,0,0,,0,0,0,0,0,0,0,0,0,sealed,1,1.0,1,0,,0,0,0,,0,1,12,1.0,0,1,1,0,0,0,0,single_mesh,,0,,,0,,0,0,0,,0,800.0,,yes,1,1,G4,T2 (Verification-Guide dataplot: Relative Error|area|0.05),proposed,"completes (normal exit, no NaN/trap); T2",no,no,,
Pyrolysis/cable_701_insulation_mcc.fds,cable_701_insulation_mcc,IN,all features in scope,,0,,0,0,0,0,0,0,,0,0,0,0,0,0,0,0,0,sealed,1,1.0,1,0,,0,0,0,,0,1,12,1.0,0,1,1,0,0,0,0,single_mesh,,0,,,0,,0,0,0,,0,800.0,,yes,1,1,G4,T2 (Verification-Guide dataplot: Relative Error|area|0.01),proposed,"completes (normal exit, no NaN/trap); T2",no,no,,
Pyrolysis/cable_701_jacket_mcc.fds,cable_701_jacket_mcc,IN,all features in scope,,0,,0,0,0,0,0,0,,0,0,0,0,0,0,0,0,0,sealed,1,1.0,1,0,,0,0,0,,0,1,12,1.0,0,1,1,0,0,0,0,single_mesh,,0,,,0,,0,0,0,,0,800.0,,yes,1,1,G4,T2 (Verification-Guide dataplot: Relative Error|area|0.01),proposed,"completes (normal exit, no NaN/trap); T2",no,no,,
Pyrolysis/cell_burn_away.fds,cell_burn_away,IN,all features in scope,,0,,0,0,0,0,0,0,,0,0,0,0,0,0,0,0,0,none,0,0.0,0,0,,0,0,0,,0,1,125,1.0,0,1,0,0,0,0,0,single_mesh,,0,,,0,,0,0,0,,0,110.0,,yes,1,1,G4,T2 (Verification-Guide dataplot: Relative Error|area|0.04),proposed,"completes (normal exit, no NaN/trap); T2",no,no,,
Pyrolysis/cellulose_TGA_1KPM_Air.fds,cellulose_TGA_1KPM_Air,IN,all features in scope,PARTICLES,0,,0,0,0,0,0,0,,0,0,0,0,0,0,0,0,0,sealed,1,1.0,1,0,,0,0,0,,0,1,1000,1.0,0,1,0,0,0,0,0,single_mesh,,0,,,0,,1,0,0,,0,1.0,,yes,1,1,G4,T2 vs FDS baseline (no committed FDS metric),proposed,"completes (normal exit, no NaN/trap); T2 vs FDS baseline",no,no,,
Pyrolysis/cellulose_TGA_3KPM_Air.fds,cellulose_TGA_3KPM_Air,IN,all features in scope,PARTICLES,0,,0,0,0,0,0,0,,0,0,0,0,0,0,0,0,0,sealed,1,1.0,1,0,,0,0,0,,0,1,1000,1.0,0,1,0,0,0,0,0,single_mesh,,0,,,0,,1,0,0,,0,1.0,,yes,1,1,G4,T2 vs FDS baseline (no committed FDS metric),proposed,"completes (normal exit, no NaN/trap); T2 vs FDS baseline",no,no,,
Pyrolysis/cellulose_TGA_5KPM_Air.fds,cellulose_TGA_5KPM_Air,IN,all features in scope,PARTICLES,0,,0,0,0,0,0,0,,0,0,0,0,0,0,0,0,0,sealed,1,1.0,1,0,,0,0,0,,0,1,1000,1.0,0,1,0,0,0,0,0,single_mesh,,0,,,0,,1,0,0,,0,1.0,,yes,1,1,G4,T2 vs FDS baseline (no committed FDS metric),proposed,"completes (normal exit, no NaN/trap); T2 vs FDS baseline",no,no,,
Pyrolysis/enthalpy.fds,enthalpy,IN,all features in scope,,0,,0,0,0,0,0,0,,0,0,0,0,0,0,0,0,0,none,0,0.0,0,0,,0,0,0,,0,1,36,1.0,0,1,0,0,0,0,0,single_mesh,,0,,,0,,0,0,0,,0,7.0,,yes,1,1,G4,T2 (Verification-Guide dataplot: Relative Error|end|0.01),proposed,"completes (normal exit, no NaN/trap); T2",no,no,,
Pyrolysis/ice_cube.fds,ice_cube,IN,all features in scope,PARTICLES,0,,0,0,0,0,0,0,,0,0,0,0,0,0,0,0,0,none,0,0.0,0,0,,0,0,0,,0,1,1000,1.0,0,1,0,0,0,0,0,single_mesh,,0,,,0,,1,0,0,,0,50.0,,yes,1,1,G4,T2 (Verification-Guide dataplot: Relative Error|end|0.01),proposed,"completes (normal exit, no NaN/trap); T2",no,no,,
Pyrolysis/liquid_mixture.fds,liquid_mixture,IN,all features in scope,,0,,0,0,0,0,0,0,,0,0,0,0,0,0,0,0,0,sealed,1,1.0,1,0,,0,0,0,,0,1,1000,1.0,0,1,0,0,0,0,0,single_mesh,,0,,,0,,0,0,0,,0,600.0,,yes,1,1,G4,T2 (Verification-Guide dataplot: Relative Error|end|0.01),proposed,"completes (normal exit, no NaN/trap); T2",no,no,,
Pyrolysis/matl_e_cons_1.fds,matl_e_cons_1,IN,all features in scope,,0,,0,0,0,0,0,0,,0,0,0,0,0,0,0,0,0,sealed,1,1.0,1,0,,0,0,0,,0,1,64,1.0,0,1,0,0,0,0,0,single_mesh,,0,,,0,,0,0,0,,0,1.0,,yes,1,1,G4,T2 (Verification-Guide dataplot: Relative Error|end|0.005),proposed,"completes (normal exit, no NaN/trap); T2",no,no,,
Pyrolysis/matl_e_cons_2.fds,matl_e_cons_2,IN,all features in scope,,0,,0,0,0,0,0,0,,0,0,0,0,0,0,0,0,0,sealed,1,1.0,1,0,,0,0,0,,0,1,64,1.0,0,1,0,0,0,0,0,single_mesh,,0,,,0,,0,0,0,,0,1.0,,yes,1,1,G4,T2 (Verification-Guide dataplot: Relative Error|end|0.005),proposed,"completes (normal exit, no NaN/trap); T2",no,no,,
Pyrolysis/matl_e_cons_3.fds,matl_e_cons_3,IN,all features in scope,,0,,0,0,0,0,0,0,,0,0,0,0,0,0,0,0,0,sealed,1,1.0,1,0,,0,0,0,,0,1,64,1.0,0,1,0,0,0,0,0,single_mesh,,0,,,0,,0,0,0,,0,1.0,,yes,1,1,G4,T2 (Verification-Guide dataplot: Relative Error|end|0.005),proposed,"completes (normal exit, no NaN/trap); T2",no,no,,
Pyrolysis/matl_e_cons_4.fds,matl_e_cons_4,IN,all features in scope,,0,,0,0,0,0,0,0,,0,0,0,0,0,0,0,0,0,sealed,1,1.0,1,0,,0,0,0,,0,1,64,1.0,0,1,0,0,0,0,0,single_mesh,,0,,,0,,0,0,0,,0,1.0,,yes,1,1,G4,T2 (Verification-Guide dataplot: Relative Error|end|0.005),proposed,"completes (normal exit, no NaN/trap); T2",no,no,,
Pyrolysis/matl_e_cons_5.fds,matl_e_cons_5,IN,all features in scope,,0,,0,0,0,0,0,0,,0,0,0,0,0,0,0,0,0,sealed,1,1.0,1,0,,0,0,0,,0,1,64,1.0,0,1,0,0,0,0,0,single_mesh,,0,,,0,,0,0,0,,0,1.0,,yes,1,1,G4,T2 (Verification-Guide dataplot: Relative Error|end|0.005),proposed,"completes (normal exit, no NaN/trap); T2",no,no,,
Pyrolysis/matl_e_cons_6.fds,matl_e_cons_6,IN,all features in scope,,0,,0,0,0,0,0,0,,0,0,0,0,0,0,0,0,0,sealed,1,1.0,1,0,,0,0,0,,0,1,64,1.0,0,1,0,0,0,0,0,single_mesh,,0,,,0,,0,0,0,,0,1.0,,yes,1,1,G4,T2 (Verification-Guide dataplot: Relative Error|end|0.005),proposed,"completes (normal exit, no NaN/trap); T2",no,no,,
Pyrolysis/matl_e_cons_7.fds,matl_e_cons_7,IN,all features in scope,,0,,0,0,0,0,0,0,,0,0,0,0,0,0,0,0,0,sealed,1,1.0,1,0,,0,0,0,,0,1,64,1.0,0,1,0,0,0,0,0,single_mesh,,0,,,0,,0,0,0,,0,1.0,,yes,1,1,G4,T2 (Verification-Guide dataplot: Relative Error|end|0.005),proposed,"completes (normal exit, no NaN/trap); T2",no,no,,
Pyrolysis/matl_e_cons_8.fds,matl_e_cons_8,IN,all features in scope,,0,,0,0,0,0,0,0,,0,0,0,0,0,0,0,0,0,sealed,1,1.0,1,0,,0,0,0,,0,1,64,1.0,0,1,0,0,0,0,0,single_mesh,,0,,,0,,0,0,0,,0,1.0,,yes,1,1,G4,T2 (Verification-Guide dataplot: Relative Error|end|0.005),proposed,"completes (normal exit, no NaN/trap); T2",no,no,,
Pyrolysis/matl_e_cons_9.fds,matl_e_cons_9,IN,all features in scope,PARTICLES,0,,0,0,0,0,0,0,,0,0,0,0,0,0,0,0,0,sealed,1,1.0,1,0,,0,0,0,,0,1,64,1.0,0,1,0,0,0,0,0,single_mesh,,0,,,0,,1,0,0,,0,1.0,,yes,1,1,G4,T2 (Verification-Guide dataplot: Relative Error|end|0.005),proposed,"completes (normal exit, no NaN/trap); T2",no,no,,
Pyrolysis/methanol_evaporation.fds,methanol_evaporation,IN,all features in scope,THIN_OBST MULTI_MESH,0,,0,0,1,4,0,0,,4,0,0,0,0,0,0,0,0,none,0,0.0,0,0,,0,0,0,,0,8,13824,1.0,0,1,0,1,12,0,0,uniform,1,0,,,0,,0,0,0,,0,360.0,,yes,8,1,"T2 (promote: must-work feature, multi-mesh)",T2 (Verification-Guide dataplot: Relative Error|end|0.015; Relative Error|end|0.02),proposed,"completes (normal exit, no NaN/trap); T2",no,no,,
Pyrolysis/part_baking_soda_420K.fds,part_baking_soda_420K,IN,all features in scope,PARTICLES,0,,0,0,0,0,0,0,,0,0,0,0,0,0,0,0,0,sealed,1,1.0,1,0,,0,0,0,,0,1,125,1.0,0,1,0,0,0,0,0,single_mesh,,0,,,0,,2,0,0,,0,10.0,,yes,1,1,G4,T2 (Verification-Guide dataplot: Relative Error|area|0.01),proposed,"completes (normal exit, no NaN/trap); T2",no,no,,
Pyrolysis/part_baking_soda_450K.fds,part_baking_soda_450K,IN,all features in scope,PARTICLES,0,,0,0,0,0,0,0,,0,0,0,0,0,0,0,0,0,sealed,1,1.0,1,0,,0,0,0,,0,1,125,1.0,0,1,0,0,0,0,0,single_mesh,,0,,,0,,2,0,0,,0,10.0,,yes,1,1,G4,T2 (Verification-Guide dataplot: Relative Error|area|0.05),proposed,"completes (normal exit, no NaN/trap); T2",no,no,,
Pyrolysis/part_baking_soda_500K.fds,part_baking_soda_500K,IN,all features in scope,PARTICLES,0,,0,0,0,0,0,0,,0,0,0,0,0,0,0,0,0,sealed,1,1.0,1,0,,0,0,0,,0,1,125,1.0,0,1,0,0,0,0,0,single_mesh,,0,,,0,,2,0,0,,0,10.0,,yes,1,1,G4,T2 (Verification-Guide dataplot: Relative Error|area|0.1),proposed,"completes (normal exit, no NaN/trap); T2",no,no,,
Pyrolysis/pine_wood_TGA_exp03_1C.fds,pine_wood_TGA_exp03_1C,IN,all features in scope,PARTICLES,0,,0,0,0,0,0,0,,0,0,0,0,0,0,0,0,0,sealed,1,1.0,1,0,,0,0,0,,0,1,1000,1.0,0,1,0,0,0,0,0,single_mesh,,0,,,0,,1,0,0,,0,1.0,,yes,1,1,G4,T2 vs FDS baseline (no committed FDS metric),proposed,"completes (normal exit, no NaN/trap); T2 vs FDS baseline",no,no,,
Pyrolysis/pine_wood_TGA_exp03_3C.fds,pine_wood_TGA_exp03_3C,IN,all features in scope,PARTICLES,0,,0,0,0,0,0,0,,0,0,0,0,0,0,0,0,0,sealed,1,1.0,1,0,,0,0,0,,0,1,1000,1.0,0,1,0,0,0,0,0,single_mesh,,0,,,0,,1,0,0,,0,1.0,,yes,1,1,G4,T2 vs FDS baseline (no committed FDS metric),proposed,"completes (normal exit, no NaN/trap); T2 vs FDS baseline",no,no,,
Pyrolysis/pine_wood_TGA_exp13_1C.fds,pine_wood_TGA_exp13_1C,IN,all features in scope,PARTICLES,0,,0,0,0,0,0,0,,0,0,0,0,0,0,0,0,0,sealed,1,1.0,1,0,,0,0,0,,0,1,1000,1.0,0,1,0,0,0,0,0,single_mesh,,0,,,0,,1,0,0,,0,1.0,,yes,1,1,G4,T2 vs FDS baseline (no committed FDS metric),proposed,"completes (normal exit, no NaN/trap); T2 vs FDS baseline",no,no,,
Pyrolysis/pine_wood_TGA_exp13_3C.fds,pine_wood_TGA_exp13_3C,IN,all features in scope,PARTICLES,0,,0,0,0,0,0,0,,0,0,0,0,0,0,0,0,0,sealed,1,1.0,1,0,,0,0,0,,0,1,1000,1.0,0,1,0,0,0,0,0,single_mesh,,0,,,0,,1,0,0,,0,1.0,,yes,1,1,G4,T2 vs FDS baseline (no committed FDS metric),proposed,"completes (normal exit, no NaN/trap); T2 vs FDS baseline",no,no,,
Pyrolysis/pine_wood_TGA_exp14_1C.fds,pine_wood_TGA_exp14_1C,IN,all features in scope,PARTICLES,0,,0,0,0,0,0,0,,0,0,0,0,0,0,0,0,0,sealed,1,1.0,1,0,,0,0,0,,0,1,1000,1.0,0,1,0,0,0,0,0,single_mesh,,0,,,0,,1,0,0,,0,1.0,,yes,1,1,G4,T2 vs FDS baseline (no committed FDS metric),proposed,"completes (normal exit, no NaN/trap); T2 vs FDS baseline",no,no,,
Pyrolysis/pine_wood_TGA_exp14_3C.fds,pine_wood_TGA_exp14_3C,IN,all features in scope,PARTICLES,0,,0,0,0,0,0,0,,0,0,0,0,0,0,0,0,0,sealed,1,1.0,1,0,,0,0,0,,0,1,1000,1.0,0,1,0,0,0,0,0,single_mesh,,0,,,0,,1,0,0,,0,1.0,,yes,1,1,G4,T2 vs FDS baseline (no committed FDS metric),proposed,"completes (normal exit, no NaN/trap); T2 vs FDS baseline",no,no,,
Pyrolysis/pine_wood_TGA_exp15_1C.fds,pine_wood_TGA_exp15_1C,IN,all features in scope,PARTICLES,0,,0,0,0,0,0,0,,0,0,0,0,0,0,0,0,0,sealed,1,1.0,1,0,,0,0,0,,0,1,1000,1.0,0,1,0,0,0,0,0,single_mesh,,0,,,0,,1,0,0,,0,1.0,,yes,1,1,G4,T2 vs FDS baseline (no committed FDS metric),proposed,"completes (normal exit, no NaN/trap); T2 vs FDS baseline",no,no,,
Pyrolysis/pine_wood_TGA_exp15_3C.fds,pine_wood_TGA_exp15_3C,IN,all features in scope,PARTICLES,0,,0,0,0,0,0,0,,0,0,0,0,0,0,0,0,0,sealed,1,1.0,1,0,,0,0,0,,0,1,1000,1.0,0,1,0,0,0,0,0,single_mesh,,0,,,0,,1,0,0,,0,1.0,,yes,1,1,G4,T2 vs FDS baseline (no committed FDS metric),proposed,"completes (normal exit, no NaN/trap); T2 vs FDS baseline",no,no,,
Pyrolysis/pine_wood_TGA_exp16_1C.fds,pine_wood_TGA_exp16_1C,IN,all features in scope,PARTICLES,0,,0,0,0,0,0,0,,0,0,0,0,0,0,0,0,0,sealed,1,1.0,1,0,,0,0,0,,0,1,1000,1.0,0,1,0,0,0,0,0,single_mesh,,0,,,0,,1,0,0,,0,1.0,,yes,1,1,G4,T2 vs FDS baseline (no committed FDS metric),proposed,"completes (normal exit, no NaN/trap); T2 vs FDS baseline",no,no,,
Pyrolysis/pine_wood_TGA_exp16_3C.fds,pine_wood_TGA_exp16_3C,IN,all features in scope,PARTICLES,0,,0,0,0,0,0,0,,0,0,0,0,0,0,0,0,0,sealed,1,1.0,1,0,,0,0,0,,0,1,1000,1.0,0,1,0,0,0,0,0,single_mesh,,0,,,0,,1,0,0,,0,1.0,,yes,1,1,G4,T2 vs FDS baseline (no committed FDS metric),proposed,"completes (normal exit, no NaN/trap); T2 vs FDS baseline",no,no,,
Pyrolysis/pine_wood_TGA_exp17_1C.fds,pine_wood_TGA_exp17_1C,IN,all features in scope,PARTICLES,0,,0,0,0,0,0,0,,0,0,0,0,0,0,0,0,0,sealed,1,1.0,1,0,,0,0,0,,0,1,1000,1.0,0,1,0,0,0,0,0,single_mesh,,0,,,0,,1,0,0,,0,1.0,,yes,1,1,G4,T2 vs FDS baseline (no committed FDS metric),proposed,"completes (normal exit, no NaN/trap); T2 vs FDS baseline",no,no,,
Pyrolysis/pine_wood_TGA_exp17_3C.fds,pine_wood_TGA_exp17_3C,IN,all features in scope,PARTICLES,0,,0,0,0,0,0,0,,0,0,0,0,0,0,0,0,0,sealed,1,1.0,1,0,,0,0,0,,0,1,1000,1.0,0,1,0,0,0,0,0,single_mesh,,0,,,0,,1,0,0,,0,1.0,,yes,1,1,G4,T2 vs FDS baseline (no committed FDS metric),proposed,"completes (normal exit, no NaN/trap); T2 vs FDS baseline",no,no,,
Pyrolysis/pyrolysis_1.fds,pyrolysis_1,IN,all features in scope,,0,,0,0,0,0,0,0,,0,0,0,0,0,0,0,0,0,sealed,1,1.0,1,0,,0,0,0,,0,1,12,1.0,0,1,1,0,0,0,0,single_mesh,,0,,,0,,0,0,0,,0,4800.0,,yes,1,1,G4,T2 (Utilities/Python script metric; CHID referenced by a script),proposed,"completes (normal exit, no NaN/trap); T2",no,no,,
Pyrolysis/pyrolysis_2.fds,pyrolysis_2,IN,all features in scope,,0,,0,0,0,0,0,0,,0,0,0,0,0,0,0,0,0,sealed,1,1.0,1,0,,0,0,0,,0,1,12,1.0,0,1,1,0,0,0,0,single_mesh,,0,,,0,,0,0,0,,0,9600.0,,yes,1,1,G4,T2 (Utilities/Python script metric; CHID referenced by a script),proposed,"completes (normal exit, no NaN/trap); T2",no,no,,
Pyrolysis/shrink_swell.fds,shrink_swell,IN,all features in scope,MULTI_MESH,0,,0,0,0,0,0,0,,0,0,0,0,0,0,0,0,0,none,0,0.0,0,0,,0,0,0,,0,6,216,0.34,1,1,0,1,0,0,0,no_shared_faces,,0,,,0,,0,0,0,,0,15.0,,yes,1,1,G4,T2 (Verification-Guide dataplot: Relative Error|end_1_1|0.01),proposed,"completes (normal exit, no NaN/trap); T2",no,no,,
Pyrolysis/specified_hrr.fds,specified_hrr,IN,all features in scope,,0,,0,0,0,0,0,0,,0,0,0,0,0,0,0,0,0,none,0,0.0,0,0,,0,0,0,,0,1,36,1.0,0,1,0,0,0,0,0,single_mesh,,0,,,0,,0,0,0,,0,30.0,,yes,1,1,G4,T2 vs FDS baseline (no committed FDS metric),proposed,"completes (normal exit, no NaN/trap); T2 vs FDS baseline",no,no,,
Pyrolysis/spyro_cone_demo.fds,spyro_cone_demo,IN,all features in scope,,0,,0,0,0,0,0,0,,0,0,0,0,0,0,0,0,0,none,0,0.0,0,0,,0,0,0,,0,1,16,1.0,0,1,1,0,0,0,0,single_mesh,,0,,,0,,0,0,0,,0,1500.0,,yes,1,1,G4,T2 (Verification-Guide dataplot: N/A|end|0),proposed,"completes (normal exit, no NaN/trap); T2",no,no,,
Pyrolysis/spyro_cone_demo_2.fds,spyro_cone_demo_2,IN,all features in scope,,0,,0,0,0,0,0,0,,0,0,0,0,0,0,0,0,0,none,0,0.0,0,0,,0,0,0,,0,1,16,1.0,0,1,1,0,0,0,0,single_mesh,,0,,,0,,0,0,0,,0,600.0,,yes,1,1,G4,T2 (Verification-Guide dataplot: Relative Error|mean|0.01),proposed,"completes (normal exit, no NaN/trap); T2",no,no,,
Pyrolysis/spyro_cone_demo_3.fds,spyro_cone_demo_3,IN,all features in scope,,0,,0,0,0,0,0,0,,0,0,0,0,0,0,0,0,0,sealed,1,1.0,1,0,,0,0,0,,0,1,9,1.0,0,1,1,0,0,0,0,single_mesh,,0,,,0,,0,0,0,,0,500.0,,yes,1,1,G4,T2 (Verification-Guide dataplot: Relative Error|mean|0.01),proposed,"completes (normal exit, no NaN/trap); T2",no,no,,
Pyrolysis/surf_mass_part_char_cart_fuel.fds,surf_mass_part_char_cart_fuel,IN,all features in scope,PARTICLES,0,,0,0,0,0,0,0,,0,0,0,0,0,0,0,0,0,sealed,1,1.0,1,0,,0,0,0,,0,1,216,1.0,0,1,0,0,0,0,0,single_mesh,,0,,,0,,1,0,0,,0,200.0,,yes,1,1,G4,T2 (Verification-Guide dataplot: Relative Error|end_1_1|0.01),proposed,"completes (normal exit, no NaN/trap); T2",no,no,,
Pyrolysis/surf_mass_part_char_cart_gas.fds,surf_mass_part_char_cart_gas,IN,all features in scope,PARTICLES,0,,0,0,0,0,0,0,,0,0,0,0,0,0,0,0,0,sealed,1,1.0,1,0,,0,0,0,,0,1,216,1.0,0,1,0,0,0,0,0,single_mesh,,0,,,0,,1,0,0,,0,200.0,,yes,1,1,G4,T2 (Verification-Guide dataplot: Relative Error|end_1_1|0.01),proposed,"completes (normal exit, no NaN/trap); T2",no,no,,
Pyrolysis/surf_mass_part_char_cyl_fuel.fds,surf_mass_part_char_cyl_fuel,IN,all features in scope,PARTICLES,0,,0,0,0,0,0,0,,0,0,0,0,0,0,0,0,0,sealed,1,1.0,1,0,,0,0,0,,0,1,216,1.0,0,1,0,0,0,0,0,single_mesh,,0,,,0,,1,0,0,,0,100.0,,yes,1,1,G4,T2 (Verification-Guide dataplot: Relative Error|end_1_1|0.01),proposed,"completes (normal exit, no NaN/trap); T2",no,no,,
Pyrolysis/surf_mass_part_char_cyl_gas.fds,surf_mass_part_char_cyl_gas,IN,all features in scope,PARTICLES,0,,0,0,0,0,0,0,,0,0,0,0,0,0,0,0,0,sealed,1,1.0,1,0,,0,0,0,,0,1,216,1.0,0,1,0,0,0,0,0,single_mesh,,0,,,0,,1,0,0,,0,100.0,,yes,1,1,G4,T2 (Verification-Guide dataplot: Relative Error|end_1_1|0.01),proposed,"completes (normal exit, no NaN/trap); T2",no,no,,
Pyrolysis/surf_mass_part_char_spher_fuel.fds,surf_mass_part_char_spher_fuel,IN,all features in scope,PARTICLES,0,,0,0,0,0,0,0,,0,0,0,0,0,0,0,0,0,sealed,1,1.0,1,0,,0,0,0,,0,1,216,1.0,0,1,0,0,0,0,0,single_mesh,,0,,,0,,1,0,0,,0,100.0,,yes,1,1,G4,T2 (Verification-Guide dataplot: Relative Error|end_1_1|0.01),proposed,"completes (normal exit, no NaN/trap); T2",no,no,,
Pyrolysis/surf_mass_part_char_spher_gas.fds,surf_mass_part_char_spher_gas,IN,all features in scope,PARTICLES,0,,0,0,0,0,0,0,,0,0,0,0,0,0,0,0,0,sealed,1,1.0,1,0,,0,0,0,,0,1,216,1.0,0,1,0,0,0,0,0,single_mesh,,0,,,0,,1,0,0,,0,100.0,,yes,1,1,G4,T2 (Verification-Guide dataplot: Relative Error|end_1_1|0.01),proposed,"completes (normal exit, no NaN/trap); T2",no,no,,
Pyrolysis/surf_mass_part_nonchar_cart_fuel.fds,surf_mass_part_nonchar_cart_fuel,IN,all features in scope,PARTICLES,0,,0,0,0,0,0,0,,0,0,0,0,0,0,0,0,0,sealed,1,1.0,1,0,,0,0,0,,0,1,216,1.0,0,1,0,0,0,0,0,single_mesh,,0,,,0,,1,0,0,,0,110.0,,yes,1,1,G4,T2 (Verification-Guide dataplot: Relative Error|end_1_1|0.01),proposed,"completes (normal exit, no NaN/trap); T2",no,no,,
Pyrolysis/surf_mass_part_nonchar_cart_gas.fds,surf_mass_part_nonchar_cart_gas,IN,all features in scope,PARTICLES,0,,0,0,0,0,0,0,,0,0,0,0,0,0,0,0,0,sealed,1,1.0,1,0,,0,0,0,,0,1,216,1.0,0,1,0,0,0,0,0,single_mesh,,0,,,0,,1,0,0,,0,110.0,,yes,1,1,G4,T2 (Verification-Guide dataplot: Relative Error|end_1_1|0.01),proposed,"completes (normal exit, no NaN/trap); T2",no,no,,
Pyrolysis/surf_mass_part_nonchar_cyl_fuel.fds,surf_mass_part_nonchar_cyl_fuel,IN,all features in scope,PARTICLES,0,,0,0,0,0,0,0,,0,0,0,0,0,0,0,0,0,sealed,1,1.0,1,0,,0,0,0,,0,1,216,1.0,0,1,0,0,0,0,0,single_mesh,,0,,,0,,1,0,0,,0,100.0,,yes,1,1,G4,T2 (Verification-Guide dataplot: Relative Error|end_1_1|0.01),proposed,"completes (normal exit, no NaN/trap); T2",no,no,,
Pyrolysis/surf_mass_part_nonchar_cyl_gas.fds,surf_mass_part_nonchar_cyl_gas,IN,all features in scope,PARTICLES,0,,0,0,0,0,0,0,,0,0,0,0,0,0,0,0,0,sealed,1,1.0,1,0,,0,0,0,,0,1,216,1.0,0,1,0,0,0,0,0,single_mesh,,0,,,0,,1,0,0,,0,100.0,,yes,1,1,G4,T2 (Verification-Guide dataplot: Relative Error|end_1_1|0.01),proposed,"completes (normal exit, no NaN/trap); T2",no,no,,
Pyrolysis/surf_mass_part_nonchar_spher_fuel.fds,surf_mass_part_nonchar_spher_fuel,IN,all features in scope,PARTICLES,0,,0,0,0,0,0,0,,0,0,0,0,0,0,0,0,0,sealed,1,1.0,1,0,,0,0,0,,0,1,216,1.0,0,1,0,0,0,0,0,single_mesh,,0,,,0,,1,0,0,,0,100.0,,yes,1,1,G4,T2 (Verification-Guide dataplot: Relative Error|end_1_1|0.01),proposed,"completes (normal exit, no NaN/trap); T2",no,no,,
Pyrolysis/surf_mass_part_nonchar_spher_gas.fds,surf_mass_part_nonchar_spher_gas,IN,all features in scope,PARTICLES,0,,0,0,0,0,0,0,,0,0,0,0,0,0,0,0,0,sealed,1,1.0,1,0,,0,0,0,,0,1,216,1.0,0,1,0,0,0,0,0,single_mesh,,0,,,0,,1,0,0,,0,100.0,,yes,1,1,G4,T2 (Verification-Guide dataplot: Relative Error|end_1_1|0.01),proposed,"completes (normal exit, no NaN/trap); T2",no,no,,
Pyrolysis/surf_mass_part_specified.fds,surf_mass_part_specified,IN,all features in scope,PARTICLES,0,,0,0,0,0,0,0,,0,0,0,0,0,0,0,0,0,sealed,1,1.0,1,0,,0,0,0,,0,1,216,1.0,0,1,0,0,0,0,0,single_mesh,,0,,,0,,3,0,0,,0,20.0,,yes,1,1,G4,T2 (Verification-Guide dataplot: Relative Error|end|0.01),proposed,"completes (normal exit, no NaN/trap); T2",no,no,,
Pyrolysis/surf_mass_two_species_cart.fds,surf_mass_two_species_cart,IN,all features in scope,PARTICLES,0,,0,0,0,0,0,0,,0,0,0,0,0,0,0,0,0,sealed,1,1.0,1,0,,0,0,0,,0,1,64,1.0,0,1,0,0,0,0,0,single_mesh,,0,,,0,,1,0,0,,0,1000.0,,yes,1,1,G4,T2 (Verification-Guide dataplot: Relative Error|end|0.02),proposed,"completes (normal exit, no NaN/trap); T2",no,no,,
Pyrolysis/surf_mass_two_species_cyl.fds,surf_mass_two_species_cyl,IN,all features in scope,PARTICLES,0,,0,0,0,0,0,0,,0,0,0,0,0,0,0,0,0,sealed,1,1.0,1,0,,0,0,0,,0,1,64,1.0,0,1,0,0,0,0,0,single_mesh,,0,,,0,,1,0,0,,0,1000.0,,yes,1,1,G4,T2 (Verification-Guide dataplot: Relative Error|end|0.04),proposed,"completes (normal exit, no NaN/trap); T2",no,no,,
Pyrolysis/surf_mass_two_species_spher.fds,surf_mass_two_species_spher,IN,all features in scope,PARTICLES,0,,0,0,0,0,0,0,,0,0,0,0,0,0,0,0,0,sealed,1,1.0,1,0,,0,0,0,,0,1,64,1.0,0,1,0,0,0,0,0,single_mesh,,0,,,0,,1,0,0,,0,1000.0,,yes,1,1,G4,T2 (Verification-Guide dataplot: Relative Error|end|0.04),proposed,"completes (normal exit, no NaN/trap); T2",no,no,,
Pyrolysis/surf_mass_vent_char_cart_fuel.fds,surf_mass_vent_char_cart_fuel,IN,all features in scope,,0,,0,0,0,0,0,0,,0,0,0,0,0,0,0,0,0,sealed,1,1.0,1,0,,0,0,0,,0,1,216,1.0,0,1,0,0,0,0,0,single_mesh,,0,,,0,,0,0,0,,0,200.0,,yes,1,1,G4,T2 (Verification-Guide dataplot: Relative Error|end_1_1|0.01),proposed,"completes (normal exit, no NaN/trap); T2",no,no,,
Pyrolysis/surf_mass_vent_char_cart_gas.fds,surf_mass_vent_char_cart_gas,IN,all features in scope,,0,,0,0,0,0,0,0,,0,0,0,0,0,0,0,0,0,sealed,1,1.0,1,0,,0,0,0,,0,1,216,1.0,0,1,0,0,0,0,0,single_mesh,,0,,,0,,0,0,0,,0,200.0,,yes,1,1,G4,T2 (Verification-Guide dataplot: Relative Error|end_1_1|0.01),proposed,"completes (normal exit, no NaN/trap); T2",no,no,,
Pyrolysis/surf_mass_vent_char_cyl_fuel.fds,surf_mass_vent_char_cyl_fuel,IN,all features in scope,,0,,0,0,0,0,0,0,,0,0,0,0,0,0,0,0,0,sealed,1,1.0,1,0,,0,0,0,,0,1,216,1.0,0,1,0,0,0,0,0,single_mesh,,0,,,0,,0,0,0,,0,100.0,,yes,1,1,G4,T2 (Verification-Guide dataplot: Relative Error|end_1_1|0.01),proposed,"completes (normal exit, no NaN/trap); T2",no,no,,
Pyrolysis/surf_mass_vent_char_cyl_gas.fds,surf_mass_vent_char_cyl_gas,IN,all features in scope,,0,,0,0,0,0,0,0,,0,0,0,0,0,0,0,0,0,sealed,1,1.0,1,0,,0,0,0,,0,1,216,1.0,0,1,0,0,0,0,0,single_mesh,,0,,,0,,0,0,0,,0,100.0,,yes,1,1,G4,T2 (Verification-Guide dataplot: Relative Error|end_1_1|0.01),proposed,"completes (normal exit, no NaN/trap); T2",no,no,,
Pyrolysis/surf_mass_vent_char_spher_fuel.fds,surf_mass_vent_char_spher_fuel,IN,all features in scope,,0,,0,0,0,0,0,0,,0,0,0,0,0,0,0,0,0,sealed,1,1.0,1,0,,0,0,0,,0,1,216,1.0,0,1,0,0,0,0,0,single_mesh,,0,,,0,,0,0,0,,0,100.0,,yes,1,1,G4,T2 (Verification-Guide dataplot: Relative Error|end_1_1|0.01),proposed,"completes (normal exit, no NaN/trap); T2",no,no,,
Pyrolysis/surf_mass_vent_char_spher_gas.fds,surf_mass_vent_char_spher_gas,IN,all features in scope,,0,,0,0,0,0,0,0,,0,0,0,0,0,0,0,0,0,sealed,1,1.0,1,0,,0,0,0,,0,1,216,1.0,0,1,0,0,0,0,0,single_mesh,,0,,,0,,0,0,0,,0,100.0,,yes,1,1,G4,T2 (Verification-Guide dataplot: Relative Error|end_1_1|0.01),proposed,"completes (normal exit, no NaN/trap); T2",no,no,,
Pyrolysis/surf_mass_vent_liquid_fuel.fds,surf_mass_vent_liquid_fuel,IN,all features in scope,,0,,0,0,0,0,0,0,,0,0,0,0,0,0,0,0,0,sealed,1,1.0,1,0,,0,0,0,,0,1,216,1.0,0,1,0,0,0,0,0,single_mesh,,0,,,0,,0,0,0,,0,200.0,,yes,1,1,G4,T2 (Verification-Guide dataplot: Relative Error|end_1_2|0.01),proposed,"completes (normal exit, no NaN/trap); T2",no,no,,
Pyrolysis/surf_mass_vent_liquid_fuel_nonconforming.fds,surf_mass_vent_liquid_fuel_nonconforming,IN,all features in scope,,0,,0,0,0,0,0,0,,0,0,0,0,0,0,0,0,0,sealed,1,1.0,1,0,,0,0,0,,0,1,125,1.0,0,1,0,0,0,0,0,single_mesh,,0,,,0,,0,0,0,,0,200.0,,yes,1,1,G4,T2 (Verification-Guide dataplot: Relative Error|end_1_2|0.01),proposed,"completes (normal exit, no NaN/trap); T2",no,no,,
Pyrolysis/surf_mass_vent_nonchar_cart_fuel.fds,surf_mass_vent_nonchar_cart_fuel,IN,all features in scope,,0,,0,0,0,0,0,0,,0,0,0,0,0,0,0,0,0,sealed,1,1.0,1,0,,0,0,0,,0,1,216,1.0,0,1,0,0,0,0,0,single_mesh,,0,,,0,,0,0,0,,0,200.0,,yes,1,1,G4,T2 (Verification-Guide dataplot: Relative Error|end_1_1|0.01),proposed,"completes (normal exit, no NaN/trap); T2",no,no,,
Pyrolysis/surf_mass_vent_nonchar_cart_gas.fds,surf_mass_vent_nonchar_cart_gas,IN,all features in scope,,0,,0,0,0,0,0,0,,0,0,0,0,0,0,0,0,0,sealed,1,1.0,1,0,,0,0,0,,0,1,216,1.0,0,1,0,0,0,0,0,single_mesh,,0,,,0,,0,0,0,,0,200.0,,yes,1,1,G4,T2 (Verification-Guide dataplot: Relative Error|end_1_1|0.01),proposed,"completes (normal exit, no NaN/trap); T2",no,no,,
Pyrolysis/surf_mass_vent_nonchar_cyl_fuel.fds,surf_mass_vent_nonchar_cyl_fuel,IN,all features in scope,,0,,0,0,0,0,0,0,,0,0,0,0,0,0,0,0,0,sealed,1,1.0,1,0,,0,0,0,,0,1,216,1.0,0,1,0,0,0,0,0,single_mesh,,0,,,0,,0,0,0,,0,150.0,,yes,1,1,G4,T2 (Verification-Guide dataplot: Relative Error|end_1_1|0.01),proposed,"completes (normal exit, no NaN/trap); T2",no,no,,
Pyrolysis/surf_mass_vent_nonchar_cyl_gas.fds,surf_mass_vent_nonchar_cyl_gas,IN,all features in scope,,0,,0,0,0,0,0,0,,0,0,0,0,0,0,0,0,0,sealed,1,1.0,1,0,,0,0,0,,0,1,216,1.0,0,1,0,0,0,0,0,single_mesh,,0,,,0,,0,0,0,,0,150.0,,yes,1,1,G4,T2 (Verification-Guide dataplot: Relative Error|end_1_1|0.01),proposed,"completes (normal exit, no NaN/trap); T2",no,no,,
Pyrolysis/surf_mass_vent_nonchar_spher_fuel.fds,surf_mass_vent_nonchar_spher_fuel,IN,all features in scope,,0,,0,0,0,0,0,0,,0,0,0,0,0,0,0,0,0,sealed,1,1.0,1,0,,0,0,0,,0,1,216,1.0,0,1,0,0,0,0,0,single_mesh,,0,,,0,,0,0,0,,0,100.0,,yes,1,1,G4,T2 (Verification-Guide dataplot: Relative Error|end_1_1|0.01),proposed,"completes (normal exit, no NaN/trap); T2",no,no,,
Pyrolysis/surf_mass_vent_nonchar_spher_gas.fds,surf_mass_vent_nonchar_spher_gas,IN,all features in scope,,0,,0,0,0,0,0,0,,0,0,0,0,0,0,0,0,0,sealed,1,1.0,1,0,,0,0,0,,0,1,216,1.0,0,1,0,0,0,0,0,single_mesh,,0,,,0,,0,0,0,,0,100.0,,yes,1,1,G4,T2 (Verification-Guide dataplot: Relative Error|end_1_1|0.01),proposed,"completes (normal exit, no NaN/trap); T2",no,no,,
Pyrolysis/tga_analysis.fds,tga_analysis,IN,all features in scope,MULTI_MESH,0,,0,0,0,0,0,0,,0,0,0,0,0,0,0,0,0,sealed,1,1.0,1,0,,0,0,0,,0,2,24,1.0,0,1,1,1,1,0,0,uniform,1,0,,,0,,0,0,0,,0,60.0,,yes,2,1,G4,T2 (Verification-Guide dataplot: N/A|end|0; N/A|max|0),proposed,"completes (normal exit, no NaN/trap); T2",no,no,,
Pyrolysis/tga_sample.fds,tga_sample,IN,all features in scope,,0,,0,0,0,0,0,0,,0,0,0,0,0,0,0,0,0,sealed,1,1.0,1,0,,0,0,0,,0,1,16,1.0,0,1,1,0,0,0,0,single_mesh,,0,,,0,,0,0,0,,0,9600.0,,yes,1,1,G4,T2 (Verification-Guide dataplot: Relative Error|end|0.01; Relative Error|max|0.05),proposed,"completes (normal exit, no NaN/trap); T2",no,no,,
Pyrolysis/two_step_solid_reaction.fds,two_step_solid_reaction,IN,all features in scope,,0,,0,0,0,0,0,0,,0,0,0,0,0,0,0,0,0,sealed,1,1.0,1,0,,0,0,0,,0,1,36,1.0,0,1,0,0,0,0,0,single_mesh,,0,,,0,,0,0,0,,0,50.0,,yes,1,1,G4,T2 (Verification-Guide dataplot: Absolute Error|end|0.01),proposed,"completes (normal exit, no NaN/trap); T2",no,no,,
Pyrolysis/water_pool.fds,water_pool,IN,all features in scope,,0,,0,0,0,0,0,0,,0,0,0,0,0,0,0,0,0,none,0,0.0,0,0,,0,0,0,,0,1,5000,1.0,0,1,0,0,0,0,0,single_mesh,,0,,,0,,0,0,0,,0,3600.0,,yes,1,1,G4,T2 (Verification-Guide dataplot: Relative Error|end|0.06),proposed,"completes (normal exit, no NaN/trap); T2",no,no,,
Radiation/TC_heating.fds,TC_heating,IN,all features in scope,,0,,0,0,0,0,0,0,,0,0,0,0,0,0,0,0,0,sealed,1,1.0,1,0,,0,0,0,,0,1,8000,1.0,0,1,0,0,0,0,0,single_mesh,,0,,,0,,0,0,0,,0,150.0,,yes,1,1,G4,T2 (Verification-Guide dataplot: Relative Error|end|0.01),proposed,"completes (normal exit, no NaN/trap); T2",no,no,,
Radiation/TC_view_factor.fds,TC_view_factor,IN,all features in scope,,0,,0,0,0,0,0,0,,0,0,0,0,0,0,0,0,0,sealed,1,1.0,1,0,,0,0,0,,0,1,8000,1.0,0,1,0,0,0,0,0,single_mesh,,0,,,0,,0,0,0,,0,180.0,,yes,1,1,G4,T2 (Verification-Guide dataplot: Relative Error|end|0.03),proposed,"completes (normal exit, no NaN/trap); T2",no,no,,
Radiation/adiabatic_surface_temperature.fds,adiabatic_surface_temperature,IN,all features in scope,THIN_OBST,0,,0,0,1,1,0,0,,0,0,0,0,0,0,0,0,0,none,0,0.0,0,0,,0,0,0,,0,1,8000,1.0,0,1,0,0,0,0,0,single_mesh,,0,,,0,,0,0,0,,0,120.0,,yes,1,1,G4,T2 (Verification-Guide dataplot: Relative Error|mean|0.0001; Relative Error|mean|0.01),proposed,"completes (normal exit, no NaN/trap); T2",no,no,,
Radiation/check_kappa.fds,check_kappa,IN,all features in scope,ZONE MULTI_MESH,0,,0,0,0,0,0,0,,0,0,0,0,0,0,0,1,0,sealed,6,1.0,0,0,,0,0,0,,0,100,900,0.826,1,1,1,1,0,0,0,no_shared_faces,,0,,,0,,0,0,0,,0,0.2,,no,,1,G4,completes only (FDS does not run it: not in FDS_Cases.sh or commented),proposed,"completes (normal exit, no NaN/trap); completes only",no,no,,
Radiation/droplet_absorption_cart.fds,droplet_absorption_cart,IN,all features in scope,PARTICLES,0,,0,0,0,0,0,0,,0,0,0,0,0,0,0,0,0,sealed,1,1.0,1,0,,0,0,0,,0,1,27,1.0,0,1,0,0,0,0,0,single_mesh,,0,,,0,,1,0,0,,0,0.01,,yes,1,1,G4,T2 (Verification-Guide dataplot: Relative Error|end|0.01),proposed,"completes (normal exit, no NaN/trap); T2",no,no,,
Radiation/droplet_absorption_cyl.fds,droplet_absorption_cyl,UNCLEAR,&MESH CYLINDRICAL: still open under charter Q4 (D-033); AMR-mode rejection is an IR-002 ASSUMPTION,CYLINDRICAL PARTICLES,0,,0,0,0,0,0,0,,0,0,0,0,0,0,0,0,0,sealed,1,1.0,1,0,,0,0,0,,0,1,9,1.0,0,1,1,0,0,0,0,single_mesh,,0,,,0,,1,1,0,,0,0.01,,yes,1,1,,,,,no,no,,
Radiation/emissivity.fds,emissivity,IN,all features in scope,,0,,0,0,0,0,0,0,,0,0,0,0,0,0,0,0,0,none,0,0.0,0,0,,0,0,0,,0,1,36,1.0,0,1,0,0,0,0,0,single_mesh,,0,,,0,,0,0,0,,0,10.0,,yes,1,1,G4,T2 (Verification-Guide dataplot: Absolute Error|end|0.1),proposed,"completes (normal exit, no NaN/trap); T2",no,no,,
Radiation/geom_rad.fds,geom_rad,DEFERRED,"uses &GEOM, CC_IBM (GEOM)",GEOM CC_IBM MULTI_MESH,1,GEOM,0,0,0,0,0,0,,0,0,0,0,0,0,0,0,0,none,0,0.0,0,0,,0,0,0,,0,2,250000,0.667,1,1,0,1,0,0,0,no_shared_faces,,0,,,0,,0,0,0,,0,2.0,,yes,2,1,,,,,no,no,,
Radiation/geom_rad_2.fds,geom_rad_2,DEFERRED,"uses &GEOM, CC_IBM (GEOM)",GEOM CC_IBM MULTI_MESH,1,GEOM,0,0,0,0,0,0,,0,0,0,0,0,0,0,0,0,none,0,0.0,0,0,,0,0,0,,0,8,504000,1.0,0,1,0,1,12,0,0,uniform,1,0,,ULMAT,0,,0,0,0,,0,2.0,,yes,8,1,,,,,no,no,,
Radiation/hot_spheres.fds,hot_spheres,IN,all features in scope,MULTI_MESH PARTICLES,0,,0,0,0,0,0,0,,0,0,0,0,0,0,0,0,0,none,0,0.0,0,0,,0,0,0,,0,2,16000,0.667,1,1,0,1,0,0,0,no_shared_faces,,0,,,0,,1,0,0,,0,10.0,,yes,1,1,G4,T2 (Verification-Guide dataplot: Relative Error|end|0.01; Relative Error|end|0.03; Relative Error|end|0.04; Relative Error|end|0.06),proposed,"completes (normal exit, no NaN/trap); T2",no,no,,
Radiation/net_rad_1000_cgeom.fds,net_rad_1000_cgeom,DEFERRED,"uses &GEOM, CC_IBM (GEOM)",GEOM CC_IBM,1,GEOM,0,0,0,0,0,0,,0,0,0,0,0,0,0,0,0,sealed,1,1.0,1,0,,0,0,0,,0,1,288000,1.0,0,1,0,0,0,0,0,single_mesh,,0,,,0,,0,0,0,,0,0.01,,yes,1,1,,,,,no,no,,
Radiation/net_rad_1000_obst.fds,net_rad_1000_obst,IN,all features in scope,THIN_OBST,0,,0,0,1,41,0,0,,0,0,0,0,0,0,0,0,0,sealed,1,1.0,1,0,,0,0,0,,0,1,216000,1.0,0,1,0,0,0,0,0,single_mesh,,0,,,0,,0,0,0,,0,0.01,,yes,1,1,G4,T2 (Verification-Guide dataplot: Relative Error|mean|0.3; Relative Error|mean|0.8; Relative Error|mean|1),proposed,"completes (normal exit, no NaN/trap); T2",no,no,,
Radiation/part_attenuation.fds,part_attenuation,IN,all features in scope,ZONE MULTI_MESH PARTICLES,0,,0,0,0,0,0,0,,0,0,0,0,0,0,0,1,0,sealed,5,1.0,0,0,,0,0,0,,0,5,5000,0.556,1,1,0,1,0,0,0,no_shared_faces,,0,,,0,,4,0,0,,0,2.0,,yes,1,1,G4,T2 (Verification-Guide dataplot: N/A|end|0),proposed,"completes (normal exit, no NaN/trap); T2",no,no,,
Radiation/plate_view_factor_2D_100.fds,plate_view_factor_2D_100,IN,all features in scope,,0,,0,0,0,0,0,0,,0,0,0,0,0,0,0,0,0,sealed,1,1.0,1,0,,0,0,0,,0,1,200,1.0,0,1,1,0,0,0,0,single_mesh,,0,,,0,,0,0,0,,0,0.1,,yes,1,1,G4,T2 (Utilities/Python script metric; CHID referenced by a script),proposed,"completes (normal exit, no NaN/trap); T2",no,no,,
Radiation/plate_view_factor_2D_30.fds,plate_view_factor_2D_30,IN,all features in scope,,0,,0,0,0,0,0,0,,0,0,0,0,0,0,0,0,0,sealed,1,1.0,1,0,,0,0,0,,0,1,200,1.0,0,1,1,0,0,0,0,single_mesh,,0,,,0,,0,0,0,,0,0.1,,yes,1,1,G4,T2 (Utilities/Python script metric; CHID referenced by a script),proposed,"completes (normal exit, no NaN/trap); T2",no,no,,
Radiation/plate_view_factor_2D_60.fds,plate_view_factor_2D_60,IN,all features in scope,,0,,0,0,0,0,0,0,,0,0,0,0,0,0,0,0,0,sealed,1,1.0,1,0,,0,0,0,,0,1,200,1.0,0,1,1,0,0,0,0,single_mesh,,0,,,0,,0,0,0,,0,0.1,,yes,1,1,G4,T2 (Utilities/Python script metric; CHID referenced by a script),proposed,"completes (normal exit, no NaN/trap); T2",no,no,,
Radiation/plate_view_factor_cart_100.fds,plate_view_factor_cart_100,IN,all features in scope,,0,,0,0,0,0,0,0,,0,0,0,0,0,0,0,0,0,sealed,1,1.0,1,0,,0,0,0,,0,1,4000,1.0,0,1,0,0,0,0,0,single_mesh,,0,,,0,,0,0,0,,0,0.01,,yes,1,1,G4,T2 (Utilities/Python script metric; CHID referenced by a script),proposed,"completes (normal exit, no NaN/trap); T2",no,no,,
Radiation/plate_view_factor_cart_30.fds,plate_view_factor_cart_30,IN,all features in scope,,0,,0,0,0,0,0,0,,0,0,0,0,0,0,0,0,0,sealed,1,1.0,1,0,,0,0,0,,0,1,4000,1.0,0,1,0,0,0,0,0,single_mesh,,0,,,0,,0,0,0,,0,0.01,,yes,1,1,T2,T1 first 100 steps (T2 full run) / T2,184-inventory,"completes (normal exit, no NaN/trap); tier T2 gate, tclass as inventory",no,yes,T2,
Radiation/plate_view_factor_cart_60.fds,plate_view_factor_cart_60,IN,all features in scope,,0,,0,0,0,0,0,0,,0,0,0,0,0,0,0,0,0,sealed,1,1.0,1,0,,0,0,0,,0,1,4000,1.0,0,1,0,0,0,0,0,single_mesh,,0,,,0,,0,0,0,,0,0.01,,yes,1,1,G4,T2 (Utilities/Python script metric; CHID referenced by a script),proposed,"completes (normal exit, no NaN/trap); T2",no,no,,
Radiation/plate_view_factor_cyl_100.fds,plate_view_factor_cyl_100,UNCLEAR,&MESH CYLINDRICAL: still open under charter Q4 (D-033); AMR-mode rejection is an IR-002 ASSUMPTION,CYLINDRICAL,0,,0,0,0,0,0,0,,0,0,0,0,0,0,0,0,0,sealed,1,1.0,1,0,,0,0,0,,0,1,100,1.0,0,1,1,0,0,0,0,single_mesh,,0,,,0,,0,1,0,,0,0.1,,yes,1,1,,,,,no,no,,
Radiation/plate_view_factor_cyl_30.fds,plate_view_factor_cyl_30,UNCLEAR,&MESH CYLINDRICAL: still open under charter Q4 (D-033); AMR-mode rejection is an IR-002 ASSUMPTION,CYLINDRICAL,0,,0,0,0,0,0,0,,0,0,0,0,0,0,0,0,0,sealed,1,1.0,1,0,,0,0,0,,0,1,100,1.0,0,1,1,0,0,0,0,single_mesh,,0,,,0,,0,1,0,,0,0.1,,yes,1,1,,,,,no,no,,
Radiation/plate_view_factor_cyl_60.fds,plate_view_factor_cyl_60,UNCLEAR,&MESH CYLINDRICAL: still open under charter Q4 (D-033); AMR-mode rejection is an IR-002 ASSUMPTION,CYLINDRICAL,0,,0,0,0,0,0,0,,0,0,0,0,0,0,0,0,0,sealed,1,1.0,1,0,,0,0,0,,0,1,100,1.0,0,1,1,0,0,0,0,single_mesh,,0,,,0,,0,1,0,,0,0.1,,yes,1,1,,,,,no,no,,
Radiation/plate_view_factor_ibm_100.fds,plate_view_factor_ibm_100,DEFERRED,"uses &GEOM, CC_IBM (GEOM)",GEOM CC_IBM,1,GEOM,0,0,0,0,0,0,,0,0,0,0,0,0,0,0,0,none,0,0.0,0,0,,0,0,0,,0,1,1000000,1.0,0,1,0,0,0,0,0,single_mesh,,0,,,0,,0,0,0,,0,0.01,,yes,1,1,,,,,no,no,,
Radiation/plate_view_factor_ibm_30.fds,plate_view_factor_ibm_30,DEFERRED,"uses &GEOM, CC_IBM (GEOM)",GEOM CC_IBM,1,GEOM,0,0,0,0,0,0,,0,0,0,0,0,0,0,0,0,none,0,0.0,0,0,,0,0,0,,0,1,1000000,1.0,0,1,0,0,0,0,0,single_mesh,,0,,,0,,0,0,0,,0,0.01,,yes,1,1,,,,,no,no,,
Radiation/plate_view_factor_ibm_60.fds,plate_view_factor_ibm_60,DEFERRED,"uses &GEOM, CC_IBM (GEOM)",GEOM CC_IBM,1,GEOM,0,0,0,0,0,0,,0,0,0,0,0,0,0,0,0,none,0,0.0,0,0,,0,0,0,,0,1,1000000,1.0,0,1,0,0,0,0,0,single_mesh,,0,,,0,,0,0,0,,0,0.01,,yes,1,1,,,,,no,no,,
Radiation/radiating_polygon_square_20.fds,radiating_polygon_square_20,IN,all features in scope,,0,,0,0,0,0,0,0,,0,0,0,0,0,0,0,0,0,none,0,0.0,0,0,,0,0,0,,0,1,11520,1.0,0,1,0,0,0,0,0,single_mesh,,0,,,0,,0,0,0,,0,0.05,,yes,1,1,T2,T1 first 100 steps (T2 full run) / T2,184-inventory,"completes (normal exit, no NaN/trap); tier T2 gate, tclass as inventory",no,yes,T2,
Radiation/radiating_polygon_square_40.fds,radiating_polygon_square_40,IN,all features in scope,,0,,0,0,0,0,0,0,,0,0,0,0,0,0,0,0,0,none,0,0.0,0,0,,0,0,0,,0,1,92160,1.0,0,1,0,0,0,0,0,single_mesh,,0,,,0,,0,0,0,,0,0.05,,yes,1,1,G4,T2 (Utilities/Python script metric; CHID referenced by a script),proposed,"completes (normal exit, no NaN/trap); T2",no,no,,
Radiation/radiating_polygon_square_80.fds,radiating_polygon_square_80,IN,all features in scope,,0,,0,0,0,0,0,0,,0,0,0,0,0,0,0,0,0,none,0,0.0,0,0,,0,0,0,,0,1,737280,1.0,0,1,0,0,0,0,0,single_mesh,,0,,,0,,0,0,0,,0,0.05,,yes,1,1,G4,T2 (Utilities/Python script metric; CHID referenced by a script),proposed,"completes (normal exit, no NaN/trap); T2",no,no,,
Radiation/radiation_box_100_1000.fds,radiation_box_100_1000,IN,all features in scope,,0,,0,0,0,0,0,0,,0,0,0,0,0,0,0,0,0,sealed,1,1.0,1,0,,0,0,0,,0,1,1000000,1.0,0,1,0,0,0,0,0,single_mesh,,0,,,0,,0,0,0,,0,0.1,,yes,1,1,G4,T2 vs FDS baseline (no committed FDS metric),proposed,"completes (normal exit, no NaN/trap); T2 vs FDS baseline",no,no,,
Radiation/radiation_box_100_2000.fds,radiation_box_100_2000,IN,all features in scope,,0,,0,0,0,0,0,0,,0,0,0,0,0,0,0,0,0,sealed,1,1.0,1,0,,0,0,0,,0,1,1000000,1.0,0,1,0,0,0,0,0,single_mesh,,0,,,0,,0,0,0,,0,0.1,,yes,1,1,G4,T2 vs FDS baseline (no committed FDS metric),proposed,"completes (normal exit, no NaN/trap); T2 vs FDS baseline",no,no,,
Radiation/radiation_box_100__100.fds,radiation_box_100__100,IN,all features in scope,,0,,0,0,0,0,0,0,,0,0,0,0,0,0,0,0,0,sealed,1,1.0,1,0,,0,0,0,,0,1,1000000,1.0,0,1,0,0,0,0,0,single_mesh,,0,,,0,,0,0,0,,0,0.1,,yes,1,1,G4,T2 vs FDS baseline (no committed FDS metric),proposed,"completes (normal exit, no NaN/trap); T2 vs FDS baseline",no,no,,
Radiation/radiation_box_100__300.fds,radiation_box_100__300,IN,all features in scope,,0,,0,0,0,0,0,0,,0,0,0,0,0,0,0,0,0,sealed,1,1.0,1,0,,0,0,0,,0,1,1000000,1.0,0,1,0,0,0,0,0,single_mesh,,0,,,0,,0,0,0,,0,0.1,,yes,1,1,G4,T2 vs FDS baseline (no committed FDS metric),proposed,"completes (normal exit, no NaN/trap); T2 vs FDS baseline",no,no,,
Radiation/radiation_box_100___50.fds,radiation_box_100___50,IN,all features in scope,,0,,0,0,0,0,0,0,,0,0,0,0,0,0,0,0,0,sealed,1,1.0,1,0,,0,0,0,,0,1,1000000,1.0,0,1,0,0,0,0,0,single_mesh,,0,,,0,,0,0,0,,0,0.1,,yes,1,1,G4,T2 (Verification-Guide dataplot: Relative Error|mean_1_5|0.02),proposed,"completes (normal exit, no NaN/trap); T2",no,no,,
Radiation/radiation_box__20_1000.fds,radiation_box__20_1000,IN,all features in scope,,0,,0,0,0,0,0,0,,0,0,0,0,0,0,0,0,0,sealed,1,1.0,1,0,,0,0,0,,0,1,8000,1.0,0,1,0,0,0,0,0,single_mesh,,0,,,0,,0,0,0,,0,0.1,,yes,1,1,G4,T2 vs FDS baseline (no committed FDS metric),proposed,"completes (normal exit, no NaN/trap); T2 vs FDS baseline",no,no,,
Radiation/radiation_box__20_2000.fds,radiation_box__20_2000,IN,all features in scope,,0,,0,0,0,0,0,0,,0,0,0,0,0,0,0,0,0,sealed,1,1.0,1,0,,0,0,0,,0,1,8000,1.0,0,1,0,0,0,0,0,single_mesh,,0,,,0,,0,0,0,,0,0.1,,yes,1,1,G4,T2 vs FDS baseline (no committed FDS metric),proposed,"completes (normal exit, no NaN/trap); T2 vs FDS baseline",no,no,,
Radiation/radiation_box__20__100.fds,radiation_box__20__100,IN,all features in scope,,0,,0,0,0,0,0,0,,0,0,0,0,0,0,0,0,0,sealed,1,1.0,1,0,,0,0,0,,0,1,8000,1.0,0,1,0,0,0,0,0,single_mesh,,0,,,0,,0,0,0,,0,0.1,,yes,1,1,G4,T2 vs FDS baseline (no committed FDS metric),proposed,"completes (normal exit, no NaN/trap); T2 vs FDS baseline",no,no,,
Radiation/radiation_box__20__300.fds,radiation_box__20__300,IN,all features in scope,,0,,0,0,0,0,0,0,,0,0,0,0,0,0,0,0,0,sealed,1,1.0,1,0,,0,0,0,,0,1,8000,1.0,0,1,0,0,0,0,0,single_mesh,,0,,,0,,0,0,0,,0,0.1,,yes,1,1,G4,T2 vs FDS baseline (no committed FDS metric),proposed,"completes (normal exit, no NaN/trap); T2 vs FDS baseline",no,no,,
Radiation/radiation_box__20___50.fds,radiation_box__20___50,IN,all features in scope,,0,,0,0,0,0,0,0,,0,0,0,0,0,0,0,0,0,sealed,1,1.0,1,0,,0,0,0,,0,1,8000,1.0,0,1,0,0,0,0,0,single_mesh,,0,,,0,,0,0,0,,0,0.1,,yes,1,1,G4,T2 (Verification-Guide dataplot: Convergent Series|mean_1_5|0.01),proposed,"completes (normal exit, no NaN/trap); T2",no,no,,
Radiation/radiation_gas_panel.fds,radiation_gas_panel,IN,all features in scope,MULTI_MESH,0,,0,0,0,0,0,0,,0,0,0,0,0,0,0,0,0,none,0,0.0,0,0,,0,0,0,,0,6,243000,1.0,0,1,0,1,5,0,0,uniform,1,0,,,0,,0,0,0,,0,1.5,,yes,6,1,G4,T2 (Verification-Guide dataplot: Relative Error|mean|0.02),proposed,"completes (normal exit, no NaN/trap); T2",no,no,,
Radiation/radiation_plane_layer_1_1.fds,radiation_plane_layer_1_1,IN,all features in scope,,0,,0,0,0,0,0,0,,0,0,0,0,0,0,0,0,0,sealed,1,1.0,1,0,,0,0,0,,0,1,8000,1.0,0,1,0,0,0,0,0,single_mesh,,0,,,0,,0,0,0,,0,0.0001,,yes,1,1,G4,T2 vs FDS baseline (no committed FDS metric),proposed,"completes (normal exit, no NaN/trap); T2 vs FDS baseline",no,no,,
Radiation/radiation_plane_layer_1_2.fds,radiation_plane_layer_1_2,IN,all features in scope,,0,,0,0,0,0,0,0,,0,0,0,0,0,0,0,0,0,sealed,1,1.0,1,0,,0,0,0,,0,1,8000,1.0,0,1,0,0,0,0,0,single_mesh,,0,,,0,,0,0,0,,0,0.0001,,yes,1,1,G4,T2 vs FDS baseline (no committed FDS metric),proposed,"completes (normal exit, no NaN/trap); T2 vs FDS baseline",no,no,,
Radiation/radiation_plane_layer_1_3.fds,radiation_plane_layer_1_3,IN,all features in scope,,0,,0,0,0,0,0,0,,0,0,0,0,0,0,0,0,0,sealed,1,1.0,1,0,,0,0,0,,0,1,400,1.0,0,1,1,0,0,0,0,single_mesh,,0,,,0,,0,0,0,,0,0.0001,,yes,1,1,G4,T2 vs FDS baseline (no committed FDS metric),proposed,"completes (normal exit, no NaN/trap); T2 vs FDS baseline",no,no,,
Radiation/radiation_plane_layer_1_4.fds,radiation_plane_layer_1_4,IN,all features in scope,,0,,0,0,0,0,0,0,,0,0,0,0,0,0,0,0,0,sealed,1,1.0,1,0,,0,0,0,,0,1,400,1.0,0,1,1,0,0,0,0,single_mesh,,0,,,0,,0,0,0,,0,0.0001,,yes,1,1,G4,T2 vs FDS baseline (no committed FDS metric),proposed,"completes (normal exit, no NaN/trap); T2 vs FDS baseline",no,no,,
Radiation/radiation_plane_layer_1_5.fds,radiation_plane_layer_1_5,IN,all features in scope,,0,,0,0,0,0,0,0,,0,0,0,0,0,0,0,0,0,sealed,1,1.0,1,0,,0,0,0,,0,1,60000,1.0,0,1,0,0,0,0,0,single_mesh,,0,,,0,,0,0,0,,0,0.0001,,yes,1,1,G4,T2 vs FDS baseline (no committed FDS metric),proposed,"completes (normal exit, no NaN/trap); T2 vs FDS baseline",no,no,,
Radiation/radiation_plane_layer_2_1.fds,radiation_plane_layer_2_1,IN,all features in scope,,0,,0,0,0,0,0,0,,0,0,0,0,0,0,0,0,0,sealed,1,1.0,1,0,,0,0,0,,0,1,8000,1.0,0,1,0,0,0,0,0,single_mesh,,0,,,0,,0,0,0,,0,0.0001,,yes,1,1,G4,T2 vs FDS baseline (no committed FDS metric),proposed,"completes (normal exit, no NaN/trap); T2 vs FDS baseline",no,no,,
Radiation/radiation_plane_layer_2_2.fds,radiation_plane_layer_2_2,IN,all features in scope,,0,,0,0,0,0,0,0,,0,0,0,0,0,0,0,0,0,sealed,1,1.0,1,0,,0,0,0,,0,1,8000,1.0,0,1,0,0,0,0,0,single_mesh,,0,,,0,,0,0,0,,0,0.0001,,yes,1,1,G4,T2 vs FDS baseline (no committed FDS metric),proposed,"completes (normal exit, no NaN/trap); T2 vs FDS baseline",no,no,,
Radiation/radiation_plane_layer_2_3.fds,radiation_plane_layer_2_3,IN,all features in scope,,0,,0,0,0,0,0,0,,0,0,0,0,0,0,0,0,0,sealed,1,1.0,1,0,,0,0,0,,0,1,400,1.0,0,1,1,0,0,0,0,single_mesh,,0,,,0,,0,0,0,,0,0.0001,,yes,1,1,G4,T2 vs FDS baseline (no committed FDS metric),proposed,"completes (normal exit, no NaN/trap); T2 vs FDS baseline",no,no,,
Radiation/radiation_plane_layer_2_4.fds,radiation_plane_layer_2_4,IN,all features in scope,,0,,0,0,0,0,0,0,,0,0,0,0,0,0,0,0,0,sealed,1,1.0,1,0,,0,0,0,,0,1,400,1.0,0,1,1,0,0,0,0,single_mesh,,0,,,0,,0,0,0,,0,0.0001,,yes,1,1,G4,T2 vs FDS baseline (no committed FDS metric),proposed,"completes (normal exit, no NaN/trap); T2 vs FDS baseline",no,no,,
Radiation/radiation_plane_layer_2_5.fds,radiation_plane_layer_2_5,IN,all features in scope,,0,,0,0,0,0,0,0,,0,0,0,0,0,0,0,0,0,sealed,1,1.0,1,0,,0,0,0,,0,1,60000,1.0,0,1,0,0,0,0,0,single_mesh,,0,,,0,,0,0,0,,0,0.0001,,yes,1,1,G4,T2 vs FDS baseline (no committed FDS metric),proposed,"completes (normal exit, no NaN/trap); T2 vs FDS baseline",no,no,,
Radiation/radiation_plane_layer_3_1.fds,radiation_plane_layer_3_1,IN,all features in scope,,0,,0,0,0,0,0,0,,0,0,0,0,0,0,0,0,0,sealed,1,1.0,1,0,,0,0,0,,0,1,8000,1.0,0,1,0,0,0,0,0,single_mesh,,0,,,0,,0,0,0,,0,0.0001,,yes,1,1,G4,T2 vs FDS baseline (no committed FDS metric),proposed,"completes (normal exit, no NaN/trap); T2 vs FDS baseline",no,no,,
Radiation/radiation_plane_layer_3_2.fds,radiation_plane_layer_3_2,IN,all features in scope,,0,,0,0,0,0,0,0,,0,0,0,0,0,0,0,0,0,sealed,1,1.0,1,0,,0,0,0,,0,1,8000,1.0,0,1,0,0,0,0,0,single_mesh,,0,,,0,,0,0,0,,0,0.0001,,yes,1,1,G4,T2 vs FDS baseline (no committed FDS metric),proposed,"completes (normal exit, no NaN/trap); T2 vs FDS baseline",no,no,,
Radiation/radiation_plane_layer_3_3.fds,radiation_plane_layer_3_3,IN,all features in scope,,0,,0,0,0,0,0,0,,0,0,0,0,0,0,0,0,0,sealed,1,1.0,1,0,,0,0,0,,0,1,400,1.0,0,1,1,0,0,0,0,single_mesh,,0,,,0,,0,0,0,,0,0.0001,,yes,1,1,G4,T2 vs FDS baseline (no committed FDS metric),proposed,"completes (normal exit, no NaN/trap); T2 vs FDS baseline",no,no,,
Radiation/radiation_plane_layer_3_4.fds,radiation_plane_layer_3_4,IN,all features in scope,,0,,0,0,0,0,0,0,,0,0,0,0,0,0,0,0,0,sealed,1,1.0,1,0,,0,0,0,,0,1,400,1.0,0,1,1,0,0,0,0,single_mesh,,0,,,0,,0,0,0,,0,0.0001,,yes,1,1,G4,T2 vs FDS baseline (no committed FDS metric),proposed,"completes (normal exit, no NaN/trap); T2 vs FDS baseline",no,no,,
Radiation/radiation_plane_layer_3_5.fds,radiation_plane_layer_3_5,IN,all features in scope,,0,,0,0,0,0,0,0,,0,0,0,0,0,0,0,0,0,sealed,1,1.0,1,0,,0,0,0,,0,1,60000,1.0,0,1,0,0,0,0,0,single_mesh,,0,,,0,,0,0,0,,0,0.0001,,yes,1,1,G4,T2 vs FDS baseline (no committed FDS metric),proposed,"completes (normal exit, no NaN/trap); T2 vs FDS baseline",no,no,,
Radiation/radiation_plane_layer_4_1.fds,radiation_plane_layer_4_1,IN,all features in scope,,0,,0,0,0,0,0,0,,0,0,0,0,0,0,0,0,0,sealed,1,1.0,1,0,,0,0,0,,0,1,8000,1.0,0,1,0,0,0,0,0,single_mesh,,0,,,0,,0,0,0,,0,0.0001,,yes,1,1,G4,T2 vs FDS baseline (no committed FDS metric),proposed,"completes (normal exit, no NaN/trap); T2 vs FDS baseline",no,no,,
Radiation/radiation_plane_layer_4_2.fds,radiation_plane_layer_4_2,IN,all features in scope,,0,,0,0,0,0,0,0,,0,0,0,0,0,0,0,0,0,sealed,1,1.0,1,0,,0,0,0,,0,1,8000,1.0,0,1,0,0,0,0,0,single_mesh,,0,,,0,,0,0,0,,0,0.0001,,yes,1,1,G4,T2 vs FDS baseline (no committed FDS metric),proposed,"completes (normal exit, no NaN/trap); T2 vs FDS baseline",no,no,,
Radiation/radiation_plane_layer_4_3.fds,radiation_plane_layer_4_3,IN,all features in scope,,0,,0,0,0,0,0,0,,0,0,0,0,0,0,0,0,0,sealed,1,1.0,1,0,,0,0,0,,0,1,400,1.0,0,1,1,0,0,0,0,single_mesh,,0,,,0,,0,0,0,,0,0.0001,,yes,1,1,G4,T2 vs FDS baseline (no committed FDS metric),proposed,"completes (normal exit, no NaN/trap); T2 vs FDS baseline",no,no,,
Radiation/radiation_plane_layer_4_4.fds,radiation_plane_layer_4_4,IN,all features in scope,,0,,0,0,0,0,0,0,,0,0,0,0,0,0,0,0,0,sealed,1,1.0,1,0,,0,0,0,,0,1,400,1.0,0,1,1,0,0,0,0,single_mesh,,0,,,0,,0,0,0,,0,0.0001,,yes,1,1,G4,T2 vs FDS baseline (no committed FDS metric),proposed,"completes (normal exit, no NaN/trap); T2 vs FDS baseline",no,no,,
Radiation/radiation_plane_layer_4_5.fds,radiation_plane_layer_4_5,IN,all features in scope,,0,,0,0,0,0,0,0,,0,0,0,0,0,0,0,0,0,sealed,1,1.0,1,0,,0,0,0,,0,1,60000,1.0,0,1,0,0,0,0,0,single_mesh,,0,,,0,,0,0,0,,0,0.0001,,yes,1,1,G4,T2 vs FDS baseline (no committed FDS metric),proposed,"completes (normal exit, no NaN/trap); T2 vs FDS baseline",no,no,,
Radiation/radiation_plane_layer_5_1.fds,radiation_plane_layer_5_1,IN,all features in scope,,0,,0,0,0,0,0,0,,0,0,0,0,0,0,0,0,0,sealed,1,1.0,1,0,,0,0,0,,0,1,8000,1.0,0,1,0,0,0,0,0,single_mesh,,0,,,0,,0,0,0,,0,0.0001,,yes,1,1,G4,T2 vs FDS baseline (no committed FDS metric),proposed,"completes (normal exit, no NaN/trap); T2 vs FDS baseline",no,no,,
Radiation/radiation_plane_layer_5_2.fds,radiation_plane_layer_5_2,IN,all features in scope,,0,,0,0,0,0,0,0,,0,0,0,0,0,0,0,0,0,sealed,1,1.0,1,0,,0,0,0,,0,1,8000,1.0,0,1,0,0,0,0,0,single_mesh,,0,,,0,,0,0,0,,0,0.0001,,yes,1,1,G4,T2 vs FDS baseline (no committed FDS metric),proposed,"completes (normal exit, no NaN/trap); T2 vs FDS baseline",no,no,,
Radiation/radiation_plane_layer_5_3.fds,radiation_plane_layer_5_3,IN,all features in scope,,0,,0,0,0,0,0,0,,0,0,0,0,0,0,0,0,0,sealed,1,1.0,1,0,,0,0,0,,0,1,400,1.0,0,1,1,0,0,0,0,single_mesh,,0,,,0,,0,0,0,,0,0.0001,,yes,1,1,G4,T2 vs FDS baseline (no committed FDS metric),proposed,"completes (normal exit, no NaN/trap); T2 vs FDS baseline",no,no,,
Radiation/radiation_plane_layer_5_4.fds,radiation_plane_layer_5_4,IN,all features in scope,,0,,0,0,0,0,0,0,,0,0,0,0,0,0,0,0,0,sealed,1,1.0,1,0,,0,0,0,,0,1,400,1.0,0,1,1,0,0,0,0,single_mesh,,0,,,0,,0,0,0,,0,0.0001,,yes,1,1,G4,T2 vs FDS baseline (no committed FDS metric),proposed,"completes (normal exit, no NaN/trap); T2 vs FDS baseline",no,no,,
Radiation/radiation_plane_layer_5_5.fds,radiation_plane_layer_5_5,IN,all features in scope,,0,,0,0,0,0,0,0,,0,0,0,0,0,0,0,0,0,sealed,1,1.0,1,0,,0,0,0,,0,1,60000,1.0,0,1,0,0,0,0,0,single_mesh,,0,,,0,,0,0,0,,0,0.0001,,yes,1,1,G4,T2 vs FDS baseline (no committed FDS metric),proposed,"completes (normal exit, no NaN/trap); T2 vs FDS baseline",no,no,,
Radiation/radiation_plane_layer_6_1.fds,radiation_plane_layer_6_1,IN,all features in scope,,0,,0,0,0,0,0,0,,0,0,0,0,0,0,0,0,0,sealed,1,1.0,1,0,,0,0,0,,0,1,8000,1.0,0,1,0,0,0,0,0,single_mesh,,0,,,0,,0,0,0,,0,0.0001,,yes,1,1,G4,T2 vs FDS baseline (no committed FDS metric),proposed,"completes (normal exit, no NaN/trap); T2 vs FDS baseline",no,no,,
Radiation/radiation_plane_layer_6_2.fds,radiation_plane_layer_6_2,IN,all features in scope,,0,,0,0,0,0,0,0,,0,0,0,0,0,0,0,0,0,sealed,1,1.0,1,0,,0,0,0,,0,1,8000,1.0,0,1,0,0,0,0,0,single_mesh,,0,,,0,,0,0,0,,0,0.0001,,yes,1,1,G4,T2 vs FDS baseline (no committed FDS metric),proposed,"completes (normal exit, no NaN/trap); T2 vs FDS baseline",no,no,,
Radiation/radiation_plane_layer_6_3.fds,radiation_plane_layer_6_3,IN,all features in scope,,0,,0,0,0,0,0,0,,0,0,0,0,0,0,0,0,0,sealed,1,1.0,1,0,,0,0,0,,0,1,400,1.0,0,1,1,0,0,0,0,single_mesh,,0,,,0,,0,0,0,,0,0.0001,,yes,1,1,G4,T2 vs FDS baseline (no committed FDS metric),proposed,"completes (normal exit, no NaN/trap); T2 vs FDS baseline",no,no,,
Radiation/radiation_plane_layer_6_4.fds,radiation_plane_layer_6_4,IN,all features in scope,,0,,0,0,0,0,0,0,,0,0,0,0,0,0,0,0,0,sealed,1,1.0,1,0,,0,0,0,,0,1,400,1.0,0,1,1,0,0,0,0,single_mesh,,0,,,0,,0,0,0,,0,0.0001,,yes,1,1,G4,T2 vs FDS baseline (no committed FDS metric),proposed,"completes (normal exit, no NaN/trap); T2 vs FDS baseline",no,no,,
Radiation/radiation_plane_layer_6_5.fds,radiation_plane_layer_6_5,IN,all features in scope,,0,,0,0,0,0,0,0,,0,0,0,0,0,0,0,0,0,sealed,1,1.0,1,0,,0,0,0,,0,1,60000,1.0,0,1,0,0,0,0,0,single_mesh,,0,,,0,,0,0,0,,0,0.0001,,yes,1,1,G4,T2 vs FDS baseline (no committed FDS metric),proposed,"completes (normal exit, no NaN/trap); T2 vs FDS baseline",no,no,,
Radiation/radiation_shield.fds,radiation_shield,IN,all features in scope,THIN_OBST ZONE,0,,0,0,1,1,0,0,,0,0,0,0,0,0,0,1,0,sealed,2,1.0,0,1,,0,0,0,,0,1,1000,1.0,0,1,1,0,0,0,0,single_mesh,,0,,,0,,0,0,0,,0,500.0,,yes,1,1,G4,T2 (Verification-Guide dataplot: Relative Error|mean|0.01),proposed,"completes (normal exit, no NaN/trap); T2",no,no,,
Radiation/target_test.fds,target_test,IN,all features in scope,ZONE MULTI_MESH PARTICLES,0,,0,0,0,0,0,0,,0,0,0,0,0,0,0,1,0,sealed,2,1.0,0,0,,0,0,0,,0,2,31250,0.667,1,1,0,1,0,0,0,no_shared_faces,,0,,,0,,1,0,0,,0,5.0,,yes,1,1,G4,T2 (Verification-Guide dataplot: Relative Error|end|0.01),proposed,"completes (normal exit, no NaN/trap); T2",no,no,,
Radiation/thermocouples.fds,thermocouples,IN,all features in scope,PARTICLES,0,,0,0,0,0,0,0,,0,0,0,0,0,0,0,0,0,sealed,1,1.0,1,0,,0,0,0,,0,1,8000,1.0,0,1,0,0,0,0,0,single_mesh,,0,,,0,,3,0,0,,0,120.0,,yes,1,1,G4,T2 (Verification-Guide dataplot: Relative Error|end|0.01),proposed,"completes (normal exit, no NaN/trap); T2",no,no,,
Radiation/wall_internal_radiation.fds,wall_internal_radiation,IN,all features in scope,,0,,0,0,0,0,0,0,,0,0,0,0,0,0,0,0,0,none,0,0.0,0,0,,0,0,0,,0,1,60,1.0,0,1,0,0,0,0,0,single_mesh,,0,,,0,,0,0,0,,0,0.0001,,yes,1,1,G4,T2 (Utilities/Python script metric; CHID referenced by a script),proposed,"completes (normal exit, no NaN/trap); T2",no,no,,
Restart/clocks_restart_a.fds,clocks_restart_a,IN,all features in scope,,0,,0,0,0,0,0,0,,0,0,0,0,0,0,0,0,0,none,0,0.0,0,0,,0,0,0,,0,1,8000,1.0,0,1,0,0,0,0,0,single_mesh,,0,,,0,,0,0,0,,0,29.0,,yes,1,1,G4,T2 vs FDS baseline (no committed FDS metric),proposed,"completes (normal exit, no NaN/trap); T2 vs FDS baseline",no,no,,
Restart/clocks_restart_b.fds,clocks_restart_a,IN,all features in scope,RESTART,0,,0,0,0,0,0,0,,0,0,0,0,0,0,0,0,0,none,0,0.0,0,0,,0,0,0,,0,1,8000,1.0,0,1,0,0,0,0,0,single_mesh,,0,,,1,Restart/clocks_restart_a.fds,0,0,0,,0,29.0,,yes,1,1,G4,T2 vs FDS baseline (no committed FDS metric),proposed,"completes (normal exit, no NaN/trap); after producer clocks_restart_a.fds; T2 vs FDS baseline",no,no,,
Restart/clocks_restart_base_case.fds,clocks_restart_base_case,IN,all features in scope,,0,,0,0,0,0,0,0,,0,0,0,0,0,0,0,0,0,none,0,0.0,0,0,,0,0,0,,0,1,8000,1.0,0,1,0,0,0,0,0,single_mesh,,0,,,0,,0,0,0,,0,29.0,,yes,1,1,T2,T0 (proposed) / T1 minimum (FR-080),184-inventory,"completes (normal exit, no NaN/trap); tier T2 gate, tclass as inventory",no,yes,T2,
Restart/csvf_restart_a.fds,csvf_restart,IN,all features in scope,MULTI_MESH,0,,0,0,0,0,0,0,,0,0,0,0,0,0,0,0,0,none,0,0.0,0,0,,0,0,0,,0,8,1000,1.0,0,1,0,1,12,0,0,uniform,1,0,,UGLMAT,0,,0,0,0,,0,10.0,,yes,8,1,T2,T0 (proposed) / T1 minimum (FR-080),184-inventory,"completes (normal exit, no NaN/trap); tier T2 gate, tclass as inventory",no,yes,T2,
Restart/csvf_restart_b.fds,csvf_restart,UNCLEAR,initialises from per-FDS-mesh CSVF files (_m1) written by csvf_restart_a.fds; mapping of per-mesh CSV fields to AMReX boxes undefined,MULTI_MESH MISSING_FILES,0,,0,0,0,0,0,0,,0,0,0,0,0,0,0,0,0,none,0,0.0,0,0,,0,0,0,,0,8,1000,1.0,0,1,0,1,12,0,0,uniform,1,0,,UGLMAT,0,,0,0,0,CSVF.UVWFILE:csvf_restart_uvw_t1_m1.csv; CSVF.TMPFILE:csvf_restart_tmp_t1_m1.csv; CSVF.SPECFILE:csvf_restart_spec_t1_m1.csv,0,10.0,,yes,8,1,,,,,no,no,,input file(s) written by sibling run csvf_restart_a.fds
Restart/device_restart_a.fds,device_restart_a,IN,all features in scope,THIN_OBST ZONE MULTI_MESH,0,,0,0,1,0,1,0,,0,0,1,0,0,0,0,1,0,sealed,1,0.44,0,1,,1,0,0,,0,4,10374,0.419,1,1,0,1,4,0,0,uniform,1,0,,,0,,0,0,0,,0,40.0,,yes,4,1,T2,T0 (proposed) / T1 minimum (FR-080),184-inventory,"completes (normal exit, no NaN/trap); tier T2 gate, tclass as inventory",no,yes,T2,
Restart/device_restart_b.fds,device_restart_a,IN,all features in scope,THIN_OBST ZONE RESTART MULTI_MESH,0,,0,0,1,0,1,0,,0,0,1,0,0,0,0,1,0,sealed,1,0.44,0,1,,1,0,0,,0,4,10374,0.419,1,1,0,1,4,0,0,uniform,1,0,,,1,Restart/device_restart_a.fds,0,0,0,,0,60.0,,yes,4,1,T2,T0 (proposed) / T1 minimum (FR-080),184-inventory,"completes (normal exit, no NaN/trap); after producer device_restart_a.fds; tier T2 gate, tclass as inventory",no,yes,T2,
Restart/device_restart_base_case.fds,device_restart_base_case,IN,all features in scope,THIN_OBST ZONE MULTI_MESH,0,,0,0,1,0,1,0,,0,0,1,0,0,0,0,1,0,sealed,1,0.44,0,1,,1,0,0,,0,4,10374,0.419,1,1,0,1,4,0,0,uniform,1,0,,,0,,0,0,0,,0,60.0,,yes,4,1,T2,T0 (proposed) / T1 minimum (FR-080),184-inventory,"completes (normal exit, no NaN/trap); tier T2 gate, tclass as inventory",no,yes,T2,
Restart/geom_ls_restart_a.fds,geom_ls_restart,DEFERRED,"uses &GEOM, CC_IBM (GEOM)",GEOM CC_IBM LEVEL_SET,1,GEOM,0,0,0,0,0,0,,0,0,0,0,0,0,0,0,0,none (LEVEL_SET_MODE>0),0,0.0,0,0,,0,0,1,4,0,1,12500,1.0,0,1,0,0,0,0,0,single_mesh,,0,,,0,,0,0,0,,0,25.0,,yes,1,1,,,,,no,no,,
Restart/geom_ls_restart_b.fds,geom_ls_restart,DEFERRED,"uses &GEOM, CC_IBM (GEOM), restart of DEFERRED producer geom_ls_restart_a.fds",GEOM CC_IBM LEVEL_SET RESTART,1,GEOM,0,0,0,0,0,0,,0,0,0,0,0,0,0,0,0,none (LEVEL_SET_MODE>0),0,0.0,0,0,,0,0,1,4,0,1,12500,1.0,0,1,0,0,0,0,0,single_mesh,,0,,,1,Restart/geom_ls_restart_a.fds,0,0,0,,0,50.0,,yes,1,1,,,,,no,no,,
Restart/geom_ls_restart_base_case.fds,geom_ls_restart_base_case,DEFERRED,"uses &GEOM, CC_IBM (GEOM)",GEOM CC_IBM LEVEL_SET,1,GEOM,0,0,0,0,0,0,,0,0,0,0,0,0,0,0,0,none (LEVEL_SET_MODE>0),0,0.0,0,0,,0,0,1,4,0,1,12500,1.0,0,1,0,0,0,0,0,single_mesh,,0,,,0,,0,0,0,,0,50.0,,yes,1,1,,,,,no,no,,
Restart/geom_restart_a.fds,geom_restart,DEFERRED,"uses &GEOM, CC_IBM (GEOM)",GEOM CC_IBM,1,GEOM,0,0,0,0,0,0,,0,0,0,0,0,0,0,0,0,sealed,1,1.0,1,0,,0,0,0,,0,1,1000,1.0,0,1,0,0,0,0,0,single_mesh,,0,,,0,,0,0,0,,0,750.0,,yes,1,1,,,,,no,no,,
Restart/geom_restart_b.fds,geom_restart,DEFERRED,"uses &GEOM, CC_IBM (GEOM), restart of DEFERRED producer geom_restart_a.fds",GEOM CC_IBM RESTART,1,GEOM,0,0,0,0,0,0,,0,0,0,0,0,0,0,0,0,sealed,1,1.0,1,0,,0,0,0,,0,1,1000,1.0,0,1,0,0,0,0,0,single_mesh,,0,,,1,Restart/geom_restart_a.fds,0,0,0,,0,1200.0,,yes,1,1,,,,,no,no,,
Restart/geom_restart_base_case.fds,geom_restart_base_case,DEFERRED,"uses &GEOM, CC_IBM (GEOM)",GEOM CC_IBM,1,GEOM,0,0,0,0,0,0,,0,0,0,0,0,0,0,0,0,sealed,1,1.0,1,0,,0,0,0,,0,1,1000,1.0,0,1,0,0,0,0,0,single_mesh,,0,,,0,,0,0,0,,0,1200.0,,yes,1,1,,,,,no,no,,
Restart/restart_test1a.fds,restart_test1a,IN,all features in scope,PARTICLES,0,,0,0,0,0,0,0,,0,0,0,0,0,0,0,0,0,none,0,0.0,0,0,,0,0,0,,0,1,8192,1.0,0,1,0,0,0,0,0,single_mesh,,0,,,0,,1,0,0,,0,5.0,,yes,1,1,T1,T0 (proposed) / T1 minimum (FR-080),184-inventory,"completes (normal exit, no NaN/trap); tier T1 gate, tclass as inventory",no,yes,T1,
Restart/restart_test1b.fds,restart_test1a,IN,all features in scope,RESTART PARTICLES,0,,0,0,0,0,0,0,,0,0,0,0,0,0,0,0,0,none,0,0.0,0,0,,0,0,0,,0,1,8192,1.0,0,1,0,0,0,0,0,single_mesh,,0,,,1,Restart/restart_test1a.fds,1,0,0,,0,10.0,,yes,1,1,T1,T0 (proposed) / T1 minimum (FR-080),184-inventory,"completes (normal exit, no NaN/trap); after producer restart_test1a.fds; tier T1 gate, tclass as inventory",no,yes,T1,
Restart/restart_ulmat_a.fds,restart_ulmat,IN,all features in scope,THIN_OBST ZONE MULTI_MESH,0,,0,0,1,1,0,0,,0,0,0,0,0,0,0,1,0,sealed,2,0.754,0,1,,1,0,0,,0,4,30000,1.0,0,1,0,1,4,0,0,uniform,1,0,,ULMAT,0,,0,0,0,,0,30.0,,yes,4,1,T2,T0 (proposed) / T1 minimum (FR-080),184-inventory,"completes (normal exit, no NaN/trap); tier T2 gate, tclass as inventory",no,yes,T2,
Restart/restart_ulmat_b.fds,restart_ulmat,IN,all features in scope,THIN_OBST ZONE RESTART MULTI_MESH,0,,0,0,1,1,0,0,,0,0,0,0,0,0,0,1,0,sealed,2,0.754,0,1,,1,0,0,,0,4,30000,1.0,0,1,0,1,4,0,0,uniform,1,0,,ULMAT,1,Restart/restart_ulmat_a.fds,0,0,0,,0,50.0,,yes,4,1,T2,T0 (proposed) / T1 minimum (FR-080),184-inventory,"completes (normal exit, no NaN/trap); after producer restart_ulmat_a.fds; tier T2 gate, tclass as inventory",no,yes,T2,
Scalar_Analytical_Solution/compression_wave_FL0_128.fds,compression_wave_FL0_128,IN,all features in scope,,0,,0,0,0,0,0,0,,0,0,0,0,0,0,0,0,0,periodic (not evaluated),0,0.0,0,0,,0,0,0,,0,1,16384,1.0,0,1,1,0,0,0,0,single_mesh,,0,,,0,,0,0,0,,0,12.5,,yes,1,1,T2,T1 (T0 stretch) / T2,184-inventory,"completes (normal exit, no NaN/trap); tier T2 gate, tclass as inventory",no,yes,T2,
Scalar_Analytical_Solution/compression_wave_FL0_16.fds,compression_wave_FL0_16,IN,all features in scope,,0,,0,0,0,0,0,0,,0,0,0,0,0,0,0,0,0,periodic (not evaluated),0,0.0,0,0,,0,0,0,,0,1,256,1.0,0,1,1,0,0,0,0,single_mesh,,0,,,0,,0,0,0,,0,12.5,,yes,1,1,T2,T1 (T0 stretch) / T2,184-inventory,"completes (normal exit, no NaN/trap); tier T2 gate, tclass as inventory",no,yes,T2,
Scalar_Analytical_Solution/compression_wave_FL0_32.fds,compression_wave_FL0_32,IN,all features in scope,,0,,0,0,0,0,0,0,,0,0,0,0,0,0,0,0,0,periodic (not evaluated),0,0.0,0,0,,0,0,0,,0,1,1024,1.0,0,1,1,0,0,0,0,single_mesh,,0,,,0,,0,0,0,,0,12.5,,yes,1,1,T2,T1 (T0 stretch) / T2,184-inventory,"completes (normal exit, no NaN/trap); tier T2 gate, tclass as inventory",no,yes,T2,
Scalar_Analytical_Solution/compression_wave_FL0_64.fds,compression_wave_FL0_64,IN,all features in scope,,0,,0,0,0,0,0,0,,0,0,0,0,0,0,0,0,0,periodic (not evaluated),0,0.0,0,0,,0,0,0,,0,1,4096,1.0,0,1,1,0,0,0,0,single_mesh,,0,,,0,,0,0,0,,0,12.5,,yes,1,1,T2,T1 (T0 stretch) / T2,184-inventory,"completes (normal exit, no NaN/trap); tier T2 gate, tclass as inventory",no,yes,T2,
Scalar_Analytical_Solution/compression_wave_FL2_128.fds,compression_wave_FL2_128,IN,all features in scope,,0,,0,0,0,0,0,0,,0,0,0,0,0,0,0,0,0,periodic (not evaluated),0,0.0,0,0,,0,0,0,,0,1,16384,1.0,0,1,1,0,0,0,0,single_mesh,,0,,,0,,0,0,0,,0,12.5,,yes,1,1,T2,T1 (T0 stretch) / T2,184-inventory,"completes (normal exit, no NaN/trap); tier T2 gate, tclass as inventory",no,yes,T2,
Scalar_Analytical_Solution/compression_wave_FL2_16.fds,compression_wave_FL2_16,IN,all features in scope,,0,,0,0,0,0,0,0,,0,0,0,0,0,0,0,0,0,periodic (not evaluated),0,0.0,0,0,,0,0,0,,0,1,256,1.0,0,1,1,0,0,0,0,single_mesh,,0,,,0,,0,0,0,,0,12.5,,yes,1,1,T2,T1 (T0 stretch) / T2,184-inventory,"completes (normal exit, no NaN/trap); tier T2 gate, tclass as inventory",no,yes,T2,
Scalar_Analytical_Solution/compression_wave_FL2_32.fds,compression_wave_FL2_32,IN,all features in scope,,0,,0,0,0,0,0,0,,0,0,0,0,0,0,0,0,0,periodic (not evaluated),0,0.0,0,0,,0,0,0,,0,1,1024,1.0,0,1,1,0,0,0,0,single_mesh,,0,,,0,,0,0,0,,0,12.5,,yes,1,1,T2,T1 (T0 stretch) / T2,184-inventory,"completes (normal exit, no NaN/trap); tier T2 gate, tclass as inventory",no,yes,T2,
Scalar_Analytical_Solution/compression_wave_FL2_64.fds,compression_wave_FL2_64,IN,all features in scope,,0,,0,0,0,0,0,0,,0,0,0,0,0,0,0,0,0,periodic (not evaluated),0,0.0,0,0,,0,0,0,,0,1,4096,1.0,0,1,1,0,0,0,0,single_mesh,,0,,,0,,0,0,0,,0,12.5,,yes,1,1,T2,T1 (T0 stretch) / T2,184-inventory,"completes (normal exit, no NaN/trap); tier T2 gate, tclass as inventory",no,yes,T2,
Scalar_Analytical_Solution/compression_wave_FL4_128.fds,compression_wave_FL4_128,IN,all features in scope,,0,,0,0,0,0,0,0,,0,0,0,0,0,0,0,0,0,periodic (not evaluated),0,0.0,0,0,,0,0,0,,0,1,16384,1.0,0,1,1,0,0,0,0,single_mesh,,0,,,0,,0,0,0,,0,12.5,,yes,1,1,T2,T1 (T0 stretch) / T2,184-inventory,"completes (normal exit, no NaN/trap); tier T2 gate, tclass as inventory",no,yes,T2,
Scalar_Analytical_Solution/compression_wave_FL4_16.fds,compression_wave_FL4_16,IN,all features in scope,,0,,0,0,0,0,0,0,,0,0,0,0,0,0,0,0,0,periodic (not evaluated),0,0.0,0,0,,0,0,0,,0,1,256,1.0,0,1,1,0,0,0,0,single_mesh,,0,,,0,,0,0,0,,0,12.5,,yes,1,1,T2,T1 (T0 stretch) / T2,184-inventory,"completes (normal exit, no NaN/trap); tier T2 gate, tclass as inventory",no,yes,T2,
Scalar_Analytical_Solution/compression_wave_FL4_32.fds,compression_wave_FL4_32,IN,all features in scope,,0,,0,0,0,0,0,0,,0,0,0,0,0,0,0,0,0,periodic (not evaluated),0,0.0,0,0,,0,0,0,,0,1,1024,1.0,0,1,1,0,0,0,0,single_mesh,,0,,,0,,0,0,0,,0,12.5,,yes,1,1,T2,T1 (T0 stretch) / T2,184-inventory,"completes (normal exit, no NaN/trap); tier T2 gate, tclass as inventory",no,yes,T2,
Scalar_Analytical_Solution/compression_wave_FL4_64.fds,compression_wave_FL4_64,IN,all features in scope,,0,,0,0,0,0,0,0,,0,0,0,0,0,0,0,0,0,periodic (not evaluated),0,0.0,0,0,,0,0,0,,0,1,4096,1.0,0,1,1,0,0,0,0,single_mesh,,0,,,0,,0,0,0,,0,12.5,,yes,1,1,T2,T1 (T0 stretch) / T2,184-inventory,"completes (normal exit, no NaN/trap); tier T2 gate, tclass as inventory",no,yes,T2,
Scalar_Analytical_Solution/move_slug.fds,move_slug,IN,all features in scope,MULTI_MESH,0,,0,0,0,0,0,0,,0,0,0,0,0,0,0,0,0,periodic (not evaluated),0,0.0,0,0,,0,0,0,,0,4,6400,1.0,0,1,1,1,4,0,0,uniform,1,0,,,0,,0,0,0,,0,1.0,,yes,1,1,T2,T2 vs FFT baseline; T1 vs GLMAT copy (FR-002) / T2,184-inventory,"completes (normal exit, no NaN/trap); tier T2 gate, tclass as inventory",no,yes,T2,
Scalar_Analytical_Solution/move_slug_fl1.fds,move_slug_fl1,IN,all features in scope,MULTI_MESH,0,,0,0,0,0,0,0,,0,0,0,0,0,0,0,0,0,periodic (not evaluated),0,0.0,0,0,,0,0,0,,0,4,6400,1.0,0,1,1,1,4,0,0,uniform,1,0,,,0,,0,0,0,,0,1.0,,yes,1,1,T2,T2 vs FFT baseline; T1 vs GLMAT copy (FR-002) / T2,184-inventory,"completes (normal exit, no NaN/trap); tier T2 gate, tclass as inventory",no,yes,T2,
Scalar_Analytical_Solution/move_slug_left.fds,move_slug_left,IN,all features in scope,MULTI_MESH,0,,0,0,0,0,0,0,,0,0,0,0,0,0,0,0,0,periodic (not evaluated),0,0.0,0,0,,0,0,0,,0,4,6400,1.0,0,1,1,1,4,0,0,uniform,1,0,,,0,,0,0,0,,0,1.0,,no,,1,G4,completes only (FDS does not run it: not in FDS_Cases.sh or commented),proposed,"completes (normal exit, no NaN/trap); completes only",no,no,,
Scalar_Analytical_Solution/pulsating_FL0_128.fds,pulsating_FL0_128,IN,all features in scope,,0,,0,0,0,0,0,0,,0,0,0,0,0,0,0,0,0,periodic (not evaluated),0,0.0,0,0,,0,0,0,,0,1,16384,1.0,0,1,1,0,0,0,0,single_mesh,,0,,,0,,0,0,0,,0,12.5,,yes,1,1,T2,T1 (T0 stretch) / T2,184-inventory,"completes (normal exit, no NaN/trap); tier T2 gate, tclass as inventory",no,yes,T2,
Scalar_Analytical_Solution/pulsating_FL0_16.fds,pulsating_FL0_16,IN,all features in scope,,0,,0,0,0,0,0,0,,0,0,0,0,0,0,0,0,0,periodic (not evaluated),0,0.0,0,0,,0,0,0,,0,1,256,1.0,0,1,1,0,0,0,0,single_mesh,,0,,,0,,0,0,0,,0,12.5,,yes,1,1,T2,T1 (T0 stretch) / T2,184-inventory,"completes (normal exit, no NaN/trap); tier T2 gate, tclass as inventory",no,yes,T2,
Scalar_Analytical_Solution/pulsating_FL0_32.fds,pulsating_FL0_32,IN,all features in scope,,0,,0,0,0,0,0,0,,0,0,0,0,0,0,0,0,0,periodic (not evaluated),0,0.0,0,0,,0,0,0,,0,1,1024,1.0,0,1,1,0,0,0,0,single_mesh,,0,,,0,,0,0,0,,0,12.5,,yes,1,1,T2,T1 (T0 stretch) / T2,184-inventory,"completes (normal exit, no NaN/trap); tier T2 gate, tclass as inventory",no,yes,T2,
Scalar_Analytical_Solution/pulsating_FL0_64.fds,pulsating_FL0_64,IN,all features in scope,,0,,0,0,0,0,0,0,,0,0,0,0,0,0,0,0,0,periodic (not evaluated),0,0.0,0,0,,0,0,0,,0,1,4096,1.0,0,1,1,0,0,0,0,single_mesh,,0,,,0,,0,0,0,,0,12.5,,yes,1,1,T2,T1 (T0 stretch) / T2,184-inventory,"completes (normal exit, no NaN/trap); tier T2 gate, tclass as inventory",no,yes,T2,
Scalar_Analytical_Solution/pulsating_FL2_128.fds,pulsating_FL2_128,IN,all features in scope,,0,,0,0,0,0,0,0,,0,0,0,0,0,0,0,0,0,periodic (not evaluated),0,0.0,0,0,,0,0,0,,0,1,16384,1.0,0,1,1,0,0,0,0,single_mesh,,0,,,0,,0,0,0,,0,12.5,,yes,1,1,T2,T1 (T0 stretch) / T2,184-inventory,"completes (normal exit, no NaN/trap); tier T2 gate, tclass as inventory",no,yes,T2,
Scalar_Analytical_Solution/pulsating_FL2_16.fds,pulsating_FL2_16,IN,all features in scope,,0,,0,0,0,0,0,0,,0,0,0,0,0,0,0,0,0,periodic (not evaluated),0,0.0,0,0,,0,0,0,,0,1,256,1.0,0,1,1,0,0,0,0,single_mesh,,0,,,0,,0,0,0,,0,12.5,,yes,1,1,T2,T1 (T0 stretch) / T2,184-inventory,"completes (normal exit, no NaN/trap); tier T2 gate, tclass as inventory",no,yes,T2,
Scalar_Analytical_Solution/pulsating_FL2_32.fds,pulsating_FL2_32,IN,all features in scope,,0,,0,0,0,0,0,0,,0,0,0,0,0,0,0,0,0,periodic (not evaluated),0,0.0,0,0,,0,0,0,,0,1,1024,1.0,0,1,1,0,0,0,0,single_mesh,,0,,,0,,0,0,0,,0,12.5,,yes,1,1,T2,T1 (T0 stretch) / T2,184-inventory,"completes (normal exit, no NaN/trap); tier T2 gate, tclass as inventory",no,yes,T2,
Scalar_Analytical_Solution/pulsating_FL2_64.fds,pulsating_FL2_64,IN,all features in scope,,0,,0,0,0,0,0,0,,0,0,0,0,0,0,0,0,0,periodic (not evaluated),0,0.0,0,0,,0,0,0,,0,1,4096,1.0,0,1,1,0,0,0,0,single_mesh,,0,,,0,,0,0,0,,0,12.5,,yes,1,1,T2,T1 (T0 stretch) / T2,184-inventory,"completes (normal exit, no NaN/trap); tier T2 gate, tclass as inventory",no,yes,T2,
Scalar_Analytical_Solution/pulsating_FL4_128.fds,pulsating_FL4_128,IN,all features in scope,,0,,0,0,0,0,0,0,,0,0,0,0,0,0,0,0,0,periodic (not evaluated),0,0.0,0,0,,0,0,0,,0,1,16384,1.0,0,1,1,0,0,0,0,single_mesh,,0,,,0,,0,0,0,,0,12.5,,yes,1,1,T2,T1 (T0 stretch) / T2,184-inventory,"completes (normal exit, no NaN/trap); tier T2 gate, tclass as inventory",no,yes,T2,
Scalar_Analytical_Solution/pulsating_FL4_16.fds,pulsating_FL4_16,IN,all features in scope,,0,,0,0,0,0,0,0,,0,0,0,0,0,0,0,0,0,periodic (not evaluated),0,0.0,0,0,,0,0,0,,0,1,256,1.0,0,1,1,0,0,0,0,single_mesh,,0,,,0,,0,0,0,,0,12.5,,yes,1,1,T2,T1 (T0 stretch) / T2,184-inventory,"completes (normal exit, no NaN/trap); tier T2 gate, tclass as inventory",no,yes,T2,
Scalar_Analytical_Solution/pulsating_FL4_32.fds,pulsating_FL4_32,IN,all features in scope,,0,,0,0,0,0,0,0,,0,0,0,0,0,0,0,0,0,periodic (not evaluated),0,0.0,0,0,,0,0,0,,0,1,1024,1.0,0,1,1,0,0,0,0,single_mesh,,0,,,0,,0,0,0,,0,12.5,,yes,1,1,T2,T1 (T0 stretch) / T2,184-inventory,"completes (normal exit, no NaN/trap); tier T2 gate, tclass as inventory",no,yes,T2,
Scalar_Analytical_Solution/pulsating_FL4_64.fds,pulsating_FL4_64,IN,all features in scope,,0,,0,0,0,0,0,0,,0,0,0,0,0,0,0,0,0,periodic (not evaluated),0,0.0,0,0,,0,0,0,,0,1,4096,1.0,0,1,1,0,0,0,0,single_mesh,,0,,,0,,0,0,0,,0,12.5,,yes,1,1,T2,T1 (T0 stretch) / T2,184-inventory,"completes (normal exit, no NaN/trap); tier T2 gate, tclass as inventory",no,yes,T2,
Scalar_Analytical_Solution/saad_512_cfl_1.fds,saad_512_cfl_1,IN,all features in scope,,0,,0,0,0,0,0,0,,0,0,0,0,0,0,0,0,0,periodic (not evaluated),0,0.0,0,0,,0,0,0,,0,1,2048,1.0,0,1,1,0,0,0,0,single_mesh,,0,,,0,,0,0,0,,0,0.390625,,yes,1,1,T1,T1 (T0 stretch) / T2,184-inventory,"completes (normal exit, no NaN/trap); tier T1 gate, tclass as inventory",no,yes,T1,
Scalar_Analytical_Solution/saad_512_cfl_p0625.fds,saad_512_cfl_p0625,IN,all features in scope,,0,,0,0,0,0,0,0,,0,0,0,0,0,0,0,0,0,periodic (not evaluated),0,0.0,0,0,,0,0,0,,0,1,2048,1.0,0,1,1,0,0,0,0,single_mesh,,0,,,0,,0,0,0,,0,0.390625,,yes,1,1,T1,T1 (T0 stretch) / T2,184-inventory,"completes (normal exit, no NaN/trap); tier T1 gate, tclass as inventory",no,yes,T1,
Scalar_Analytical_Solution/saad_512_cfl_p125.fds,saad_512_cfl_p125,IN,all features in scope,,0,,0,0,0,0,0,0,,0,0,0,0,0,0,0,0,0,periodic (not evaluated),0,0.0,0,0,,0,0,0,,0,1,2048,1.0,0,1,1,0,0,0,0,single_mesh,,0,,,0,,0,0,0,,0,0.390625,,yes,1,1,T1,T1 (T0 stretch) / T2,184-inventory,"completes (normal exit, no NaN/trap); tier T1 gate, tclass as inventory",no,yes,T1,
Scalar_Analytical_Solution/saad_512_cfl_p25.fds,saad_512_cfl_p25,IN,all features in scope,,0,,0,0,0,0,0,0,,0,0,0,0,0,0,0,0,0,periodic (not evaluated),0,0.0,0,0,,0,0,0,,0,1,2048,1.0,0,1,1,0,0,0,0,single_mesh,,0,,,0,,0,0,0,,0,0.390625,,yes,1,1,T1,T1 (T0 stretch) / T2,184-inventory,"completes (normal exit, no NaN/trap); tier T1 gate, tclass as inventory",no,yes,T1,
Scalar_Analytical_Solution/saad_512_cfl_p5.fds,saad_512_cfl_p5,IN,all features in scope,,0,,0,0,0,0,0,0,,0,0,0,0,0,0,0,0,0,periodic (not evaluated),0,0.0,0,0,,0,0,0,,0,1,2048,1.0,0,1,1,0,0,0,0,single_mesh,,0,,,0,,0,0,0,,0,0.390625,,yes,1,1,T1,T1 (T0 stretch) / T2,184-inventory,"completes (normal exit, no NaN/trap); tier T1 gate, tclass as inventory",no,yes,T1,
Scalar_Analytical_Solution/shunn3_128.fds,shunn3_128,IN,all features in scope,,0,,0,0,0,0,0,0,,0,0,0,0,0,0,0,0,0,periodic (not evaluated),0,0.0,0,0,,0,0,0,,0,1,16384,1.0,0,1,1,0,0,0,0,single_mesh,,0,,,0,,0,0,0,,0,1.0,,yes,1,1,T1,T1 (T0 stretch) / T2,184-inventory,"completes (normal exit, no NaN/trap); tier T1 gate, tclass as inventory",no,yes,T1,
Scalar_Analytical_Solution/shunn3_256.fds,shunn3_256,IN,all features in scope,,0,,0,0,0,0,0,0,,0,0,0,0,0,0,0,0,0,periodic (not evaluated),0,0.0,0,0,,0,0,0,,0,1,65536,1.0,0,1,1,0,0,0,0,single_mesh,,0,,,0,,0,0,0,,0,1.0,,yes,1,1,T2,T1 (T0 stretch) / T2,184-inventory,"completes (normal exit, no NaN/trap); tier T2 gate, tclass as inventory",no,yes,T2,
Scalar_Analytical_Solution/shunn3_256_cfl_1.fds,shunn3_256_cfl_1,IN,all features in scope,,0,,0,0,0,0,0,0,,0,0,0,0,0,0,0,0,0,periodic (not evaluated),0,0.0,0,0,,0,0,0,,0,1,65536,1.0,0,1,1,0,0,0,0,single_mesh,,0,,,0,,0,0,0,,0,0.013,,yes,1,1,T2,T1 (T0 stretch) / T2,184-inventory,"completes (normal exit, no NaN/trap); tier T2 gate, tclass as inventory",no,yes,T2,
Scalar_Analytical_Solution/shunn3_256_cfl_p0625.fds,shunn3_256_cfl_p0625,IN,all features in scope,,0,,0,0,0,0,0,0,,0,0,0,0,0,0,0,0,0,periodic (not evaluated),0,0.0,0,0,,0,0,0,,0,1,65536,1.0,0,1,1,0,0,0,0,single_mesh,,0,,,0,,0,0,0,,0,0.013,,yes,1,1,T2,T1 (T0 stretch) / T2,184-inventory,"completes (normal exit, no NaN/trap); tier T2 gate, tclass as inventory",no,yes,T2,
Scalar_Analytical_Solution/shunn3_256_cfl_p125.fds,shunn3_256_cfl_p125,IN,all features in scope,,0,,0,0,0,0,0,0,,0,0,0,0,0,0,0,0,0,periodic (not evaluated),0,0.0,0,0,,0,0,0,,0,1,65536,1.0,0,1,1,0,0,0,0,single_mesh,,0,,,0,,0,0,0,,0,0.013,,yes,1,1,T2,T1 (T0 stretch) / T2,184-inventory,"completes (normal exit, no NaN/trap); tier T2 gate, tclass as inventory",no,yes,T2,
Scalar_Analytical_Solution/shunn3_256_cfl_p25.fds,shunn3_256_cfl_p25,IN,all features in scope,,0,,0,0,0,0,0,0,,0,0,0,0,0,0,0,0,0,periodic (not evaluated),0,0.0,0,0,,0,0,0,,0,1,65536,1.0,0,1,1,0,0,0,0,single_mesh,,0,,,0,,0,0,0,,0,0.013,,yes,1,1,T2,T1 (T0 stretch) / T2,184-inventory,"completes (normal exit, no NaN/trap); tier T2 gate, tclass as inventory",no,yes,T2,
Scalar_Analytical_Solution/shunn3_256_cfl_p5.fds,shunn3_256_cfl_p5,IN,all features in scope,,0,,0,0,0,0,0,0,,0,0,0,0,0,0,0,0,0,periodic (not evaluated),0,0.0,0,0,,0,0,0,,0,1,65536,1.0,0,1,1,0,0,0,0,single_mesh,,0,,,0,,0,0,0,,0,0.013,,yes,1,1,T2,T1 (T0 stretch) / T2,184-inventory,"completes (normal exit, no NaN/trap); tier T2 gate, tclass as inventory",no,yes,T2,
Scalar_Analytical_Solution/shunn3_32.fds,shunn3_32,IN,all features in scope,,0,,0,0,0,0,0,0,,0,0,0,0,0,0,0,0,0,periodic (not evaluated),0,0.0,0,0,,0,0,0,,0,1,1024,1.0,0,1,1,0,0,0,0,single_mesh,,0,,,0,,0,0,0,,0,1.0,,yes,1,1,T1,T1 (T0 stretch) / T2,184-inventory,"completes (normal exit, no NaN/trap); tier T1 gate, tclass as inventory",no,yes,T1,
Scalar_Analytical_Solution/shunn3_4mesh_128.fds,shunn3_4mesh_128,IN,all features in scope,MULTI_MESH,0,,0,0,0,0,0,0,,0,0,0,0,0,0,0,0,0,periodic (not evaluated),0,0.0,0,0,,0,0,0,,0,4,16384,1.0,0,1,1,1,4,0,0,uniform,1,0,,,0,,0,0,0,,0,1.0,,yes,4,1,T1,T2 vs FFT baseline; T1 vs GLMAT copy (FR-002) / T2,184-inventory,"completes (normal exit, no NaN/trap); tier T1 gate, tclass as inventory",no,yes,T1,
Scalar_Analytical_Solution/shunn3_4mesh_256.fds,shunn3_4mesh_256,IN,all features in scope,MULTI_MESH,0,,0,0,0,0,0,0,,0,0,0,0,0,0,0,0,0,periodic (not evaluated),0,0.0,0,0,,0,0,0,,0,4,65536,1.0,0,1,1,1,4,0,0,uniform,1,0,,,0,,0,0,0,,0,1.0,,yes,4,1,T2,T2 vs FFT baseline; T1 vs GLMAT copy (FR-002) / T2,184-inventory,"completes (normal exit, no NaN/trap); tier T2 gate, tclass as inventory",no,yes,T2,
Scalar_Analytical_Solution/shunn3_4mesh_32.fds,shunn3_4mesh_32,IN,all features in scope,MULTI_MESH,0,,0,0,0,0,0,0,,0,0,0,0,0,0,0,0,0,periodic (not evaluated),0,0.0,0,0,,0,0,0,,0,4,1024,1.0,0,1,1,1,4,0,0,uniform,1,0,,,0,,0,0,0,,0,1.0,,yes,4,1,T2,T2 vs FFT baseline; T1 vs GLMAT copy (FR-002) / T2,184-inventory,"completes (normal exit, no NaN/trap); tier T2 gate, tclass as inventory",no,yes,T2,
Scalar_Analytical_Solution/shunn3_4mesh_512.fds,shunn3_4mesh_512,IN,all features in scope,MULTI_MESH,0,,0,0,0,0,0,0,,0,0,0,0,0,0,0,0,0,periodic (not evaluated),0,0.0,0,0,,0,0,0,,0,4,262144,1.0,0,1,1,1,4,0,0,uniform,1,0,,,0,,0,0,0,,0,1.0,,yes,4,1,T2,T2 vs FFT baseline; T1 vs GLMAT copy (FR-002) / T2,184-inventory,"completes (normal exit, no NaN/trap); tier T2 gate, tclass as inventory",no,yes,T2,
Scalar_Analytical_Solution/shunn3_4mesh_64.fds,shunn3_4mesh_64,IN,all features in scope,MULTI_MESH,0,,0,0,0,0,0,0,,0,0,0,0,0,0,0,0,0,periodic (not evaluated),0,0.0,0,0,,0,0,0,,0,4,4096,1.0,0,1,1,1,4,0,0,uniform,1,0,,,0,,0,0,0,,0,1.0,,yes,4,1,T2,T2 vs FFT baseline; T1 vs GLMAT copy (FR-002) / T2,184-inventory,"completes (normal exit, no NaN/trap); tier T2 gate, tclass as inventory",no,yes,T2,
Scalar_Analytical_Solution/shunn3_512.fds,shunn3_512,IN,all features in scope,,0,,0,0,0,0,0,0,,0,0,0,0,0,0,0,0,0,periodic (not evaluated),0,0.0,0,0,,0,0,0,,0,1,262144,1.0,0,1,1,0,0,0,0,single_mesh,,0,,,0,,0,0,0,,0,1.0,,yes,1,1,T2-opt,T1 (T0 stretch) / T2,184-inventory,"completes (normal exit, no NaN/trap); tier T2-opt gate, tclass as inventory",no,yes,T2-opt,
Scalar_Analytical_Solution/shunn3_64.fds,shunn3_64,IN,all features in scope,,0,,0,0,0,0,0,0,,0,0,0,0,0,0,0,0,0,periodic (not evaluated),0,0.0,0,0,,0,0,0,,0,1,4096,1.0,0,1,1,0,0,0,0,single_mesh,,0,,,0,,0,0,0,,0,1.0,,yes,1,1,T1,T1 (T0 stretch) / T2,184-inventory,"completes (normal exit, no NaN/trap); tier T1 gate, tclass as inventory",no,yes,T1,
Scalar_Analytical_Solution/shunn3_FavreZ_32.fds,shunn3_FavreZ_32,IN,all features in scope,,0,,0,0,0,0,0,0,,0,0,0,0,0,0,0,0,0,periodic (not evaluated),0,0.0,0,0,,0,0,0,,0,1,1024,1.0,0,1,1,0,0,0,0,single_mesh,,0,,,0,,0,0,0,,0,10.0,,yes,1,1,G4,T2 (Utilities/Python script metric; CHID referenced by a script),proposed,"completes (normal exit, no NaN/trap); T2",no,no,,
Scalar_Analytical_Solution/shunn3_FavreZ_64.fds,shunn3_FavreZ_64,IN,all features in scope,,0,,0,0,0,0,0,0,,0,0,0,0,0,0,0,0,0,periodic (not evaluated),0,0.0,0,0,,0,0,0,,0,1,4096,1.0,0,1,1,0,0,0,0,single_mesh,,0,,,0,,0,0,0,,0,10.0,,yes,1,1,G4,T2 (Utilities/Python script metric; CHID referenced by a script),proposed,"completes (normal exit, no NaN/trap); T2",no,no,,
Scalar_Analytical_Solution/soborot_charm_cos_wave_128.fds,soborot_charm_cos_wave_128,IN,all features in scope,MULTI_MESH,0,,0,0,0,0,0,0,,0,0,0,0,0,0,0,0,0,periodic (not evaluated),0,0.0,0,0,,0,0,0,,0,4,16384,1.0,0,1,1,1,4,0,0,uniform,1,0,,,0,,0,0,0,,0,1.575745,,yes,4,1,T2,T2 vs FFT baseline; T1 vs GLMAT copy (FR-002) / T2,184-inventory,"completes (normal exit, no NaN/trap); tier T2 gate, tclass as inventory",no,yes,T2,
Scalar_Analytical_Solution/soborot_charm_cos_wave_16.fds,soborot_charm_cos_wave_16,IN,all features in scope,,0,,0,0,0,0,0,0,,0,0,0,0,0,0,0,0,0,periodic (not evaluated),0,0.0,0,0,,0,0,0,,0,1,256,1.0,0,1,1,0,0,0,0,single_mesh,,0,,,0,,0,0,0,,0,1.575745,,yes,1,1,T2,T1 (T0 stretch) / T2,184-inventory,"completes (normal exit, no NaN/trap); tier T2 gate, tclass as inventory",no,yes,T2,
Scalar_Analytical_Solution/soborot_charm_cos_wave_32.fds,soborot_charm_cos_wave_32,IN,all features in scope,,0,,0,0,0,0,0,0,,0,0,0,0,0,0,0,0,0,periodic (not evaluated),0,0.0,0,0,,0,0,0,,0,1,1024,1.0,0,1,1,0,0,0,0,single_mesh,,0,,,0,,0,0,0,,0,1.575745,,yes,1,1,T2,T1 (T0 stretch) / T2,184-inventory,"completes (normal exit, no NaN/trap); tier T2 gate, tclass as inventory",no,yes,T2,
Scalar_Analytical_Solution/soborot_charm_cos_wave_64.fds,soborot_charm_cos_wave_64,IN,all features in scope,,0,,0,0,0,0,0,0,,0,0,0,0,0,0,0,0,0,periodic (not evaluated),0,0.0,0,0,,0,0,0,,0,1,4096,1.0,0,1,1,0,0,0,0,single_mesh,,0,,,0,,0,0,0,,0,1.575745,,yes,1,1,T2,T1 (T0 stretch) / T2,184-inventory,"completes (normal exit, no NaN/trap); tier T2 gate, tclass as inventory",no,yes,T2,
Scalar_Analytical_Solution/soborot_charm_square_wave_128.fds,soborot_charm_square_wave_128,IN,all features in scope,MULTI_MESH,0,,0,0,0,0,0,0,,0,0,0,0,0,0,0,0,0,periodic (not evaluated),0,0.0,0,0,,0,0,0,,0,4,16384,1.0,0,1,1,1,4,0,0,uniform,1,0,,,0,,0,0,0,,0,1.575745,,yes,4,1,T2,T2 vs FFT baseline; T1 vs GLMAT copy (FR-002) / T2,184-inventory,"completes (normal exit, no NaN/trap); tier T2 gate, tclass as inventory",no,yes,T2,
Scalar_Analytical_Solution/soborot_charm_square_wave_16.fds,soborot_charm_square_wave_16,IN,all features in scope,,0,,0,0,0,0,0,0,,0,0,0,0,0,0,0,0,0,periodic (not evaluated),0,0.0,0,0,,0,0,0,,0,1,256,1.0,0,1,1,0,0,0,0,single_mesh,,0,,,0,,0,0,0,,0,1.575745,,yes,1,1,T2,T1 (T0 stretch) / T2,184-inventory,"completes (normal exit, no NaN/trap); tier T2 gate, tclass as inventory",no,yes,T2,
Scalar_Analytical_Solution/soborot_charm_square_wave_32.fds,soborot_charm_square_wave_32,IN,all features in scope,,0,,0,0,0,0,0,0,,0,0,0,0,0,0,0,0,0,periodic (not evaluated),0,0.0,0,0,,0,0,0,,0,1,1024,1.0,0,1,1,0,0,0,0,single_mesh,,0,,,0,,0,0,0,,0,1.575745,,yes,1,1,T2,T1 (T0 stretch) / T2,184-inventory,"completes (normal exit, no NaN/trap); tier T2 gate, tclass as inventory",no,yes,T2,
Scalar_Analytical_Solution/soborot_charm_square_wave_64.fds,soborot_charm_square_wave_64,IN,all features in scope,,0,,0,0,0,0,0,0,,0,0,0,0,0,0,0,0,0,periodic (not evaluated),0,0.0,0,0,,0,0,0,,0,1,4096,1.0,0,1,1,0,0,0,0,single_mesh,,0,,,0,,0,0,0,,0,1.575745,,yes,1,1,T2,T1 (T0 stretch) / T2,184-inventory,"completes (normal exit, no NaN/trap); tier T2 gate, tclass as inventory",no,yes,T2,
Scalar_Analytical_Solution/soborot_godunov_square_wave_128.fds,soborot_godunov_square_wave_128,IN,all features in scope,MULTI_MESH,0,,0,0,0,0,0,0,,0,0,0,0,0,0,0,0,0,periodic (not evaluated),0,0.0,0,0,,0,0,0,,0,4,16384,1.0,0,1,1,1,4,0,0,uniform,1,0,,,0,,0,0,0,,0,3.14159,,yes,4,1,T2,T2 vs FFT baseline; T1 vs GLMAT copy (FR-002) / T2,184-inventory,"completes (normal exit, no NaN/trap); tier T2 gate, tclass as inventory",no,yes,T2,
Scalar_Analytical_Solution/soborot_godunov_square_wave_16.fds,soborot_godunov_square_wave_16,IN,all features in scope,,0,,0,0,0,0,0,0,,0,0,0,0,0,0,0,0,0,periodic (not evaluated),0,0.0,0,0,,0,0,0,,0,1,256,1.0,0,1,1,0,0,0,0,single_mesh,,0,,,0,,0,0,0,,0,3.14159,,yes,1,1,T2,T1 (T0 stretch) / T2,184-inventory,"completes (normal exit, no NaN/trap); tier T2 gate, tclass as inventory",no,yes,T2,
Scalar_Analytical_Solution/soborot_godunov_square_wave_32.fds,soborot_godunov_square_wave_32,IN,all features in scope,,0,,0,0,0,0,0,0,,0,0,0,0,0,0,0,0,0,periodic (not evaluated),0,0.0,0,0,,0,0,0,,0,1,1024,1.0,0,1,1,0,0,0,0,single_mesh,,0,,,0,,0,0,0,,0,3.14159,,yes,1,1,T2,T1 (T0 stretch) / T2,184-inventory,"completes (normal exit, no NaN/trap); tier T2 gate, tclass as inventory",no,yes,T2,
Scalar_Analytical_Solution/soborot_godunov_square_wave_64.fds,soborot_godunov_square_wave_64,IN,all features in scope,,0,,0,0,0,0,0,0,,0,0,0,0,0,0,0,0,0,periodic (not evaluated),0,0.0,0,0,,0,0,0,,0,1,4096,1.0,0,1,1,0,0,0,0,single_mesh,,0,,,0,,0,0,0,,0,3.14159,,yes,1,1,T2,T1 (T0 stretch) / T2,184-inventory,"completes (normal exit, no NaN/trap); tier T2 gate, tclass as inventory",no,yes,T2,
Scalar_Analytical_Solution/soborot_superbee_cos_wave_128.fds,soborot_superbee_cos_wave_128,IN,all features in scope,MULTI_MESH,0,,0,0,0,0,0,0,,0,0,0,0,0,0,0,0,0,periodic (not evaluated),0,0.0,0,0,,0,0,0,,0,4,16384,1.0,0,1,1,1,4,0,0,uniform,1,0,,,0,,0,0,0,,0,1.575745,,yes,4,1,T2,T2 vs FFT baseline; T1 vs GLMAT copy (FR-002) / T2,184-inventory,"completes (normal exit, no NaN/trap); tier T2 gate, tclass as inventory",no,yes,T2,
Scalar_Analytical_Solution/soborot_superbee_cos_wave_16.fds,soborot_superbee_cos_wave_16,IN,all features in scope,,0,,0,0,0,0,0,0,,0,0,0,0,0,0,0,0,0,periodic (not evaluated),0,0.0,0,0,,0,0,0,,0,1,256,1.0,0,1,1,0,0,0,0,single_mesh,,0,,,0,,0,0,0,,0,1.575745,,yes,1,1,T2,T1 (T0 stretch) / T2,184-inventory,"completes (normal exit, no NaN/trap); tier T2 gate, tclass as inventory",no,yes,T2,
Scalar_Analytical_Solution/soborot_superbee_cos_wave_32.fds,soborot_superbee_cos_wave_32,IN,all features in scope,,0,,0,0,0,0,0,0,,0,0,0,0,0,0,0,0,0,periodic (not evaluated),0,0.0,0,0,,0,0,0,,0,1,1024,1.0,0,1,1,0,0,0,0,single_mesh,,0,,,0,,0,0,0,,0,1.575745,,yes,1,1,T2,T1 (T0 stretch) / T2,184-inventory,"completes (normal exit, no NaN/trap); tier T2 gate, tclass as inventory",no,yes,T2,
Scalar_Analytical_Solution/soborot_superbee_cos_wave_64.fds,soborot_superbee_cos_wave_64,IN,all features in scope,,0,,0,0,0,0,0,0,,0,0,0,0,0,0,0,0,0,periodic (not evaluated),0,0.0,0,0,,0,0,0,,0,1,4096,1.0,0,1,1,0,0,0,0,single_mesh,,0,,,0,,0,0,0,,0,1.575745,,yes,1,1,T2,T1 (T0 stretch) / T2,184-inventory,"completes (normal exit, no NaN/trap); tier T2 gate, tclass as inventory",no,yes,T2,
Scalar_Analytical_Solution/soborot_superbee_square_wave_128.fds,soborot_superbee_square_wave_128,IN,all features in scope,MULTI_MESH,0,,0,0,0,0,0,0,,0,0,0,0,0,0,0,0,0,periodic (not evaluated),0,0.0,0,0,,0,0,0,,0,4,16384,1.0,0,1,1,1,4,0,0,uniform,1,0,,,0,,0,0,0,,0,1.575745,,yes,4,1,T2,T2 vs FFT baseline; T1 vs GLMAT copy (FR-002) / T2,184-inventory,"completes (normal exit, no NaN/trap); tier T2 gate, tclass as inventory",no,yes,T2,
Scalar_Analytical_Solution/soborot_superbee_square_wave_128_1mesh.fds,soborot_superbee_square_wave_128_1mesh,IN,all features in scope,,0,,0,0,0,0,0,0,,0,0,0,0,0,0,0,0,0,periodic (not evaluated),0,0.0,0,0,,0,0,0,,0,1,16384,1.0,0,1,1,0,0,0,0,single_mesh,,0,,,0,,0,0,0,,0,1.575745,,yes,1,1,T1,T1 (T0 stretch) / T2,184-inventory,"completes (normal exit, no NaN/trap); tier T1 gate, tclass as inventory",no,yes,T1,
Scalar_Analytical_Solution/soborot_superbee_square_wave_16.fds,soborot_superbee_square_wave_16,IN,all features in scope,,0,,0,0,0,0,0,0,,0,0,0,0,0,0,0,0,0,periodic (not evaluated),0,0.0,0,0,,0,0,0,,0,1,256,1.0,0,1,1,0,0,0,0,single_mesh,,0,,,0,,0,0,0,,0,1.575745,,yes,1,1,T2,T1 (T0 stretch) / T2,184-inventory,"completes (normal exit, no NaN/trap); tier T2 gate, tclass as inventory",no,yes,T2,
Scalar_Analytical_Solution/soborot_superbee_square_wave_32.fds,soborot_superbee_square_wave_32,IN,all features in scope,,0,,0,0,0,0,0,0,,0,0,0,0,0,0,0,0,0,periodic (not evaluated),0,0.0,0,0,,0,0,0,,0,1,1024,1.0,0,1,1,0,0,0,0,single_mesh,,0,,,0,,0,0,0,,0,1.575745,,yes,1,1,T2,T1 (T0 stretch) / T2,184-inventory,"completes (normal exit, no NaN/trap); tier T2 gate, tclass as inventory",no,yes,T2,
Scalar_Analytical_Solution/soborot_superbee_square_wave_64.fds,soborot_superbee_square_wave_64,IN,all features in scope,,0,,0,0,0,0,0,0,,0,0,0,0,0,0,0,0,0,periodic (not evaluated),0,0.0,0,0,,0,0,0,,0,1,4096,1.0,0,1,1,0,0,0,0,single_mesh,,0,,,0,,0,0,0,,0,1.575745,,yes,1,1,T2,T1 (T0 stretch) / T2,184-inventory,"completes (normal exit, no NaN/trap); tier T2 gate, tclass as inventory",no,yes,T2,
Species/1_step_2_step_compare.fds,1_step_2_step_compare,IN,all features in scope,ZONE MULTI_MESH,0,,0,0,0,0,0,0,,0,0,0,0,0,0,0,1,0,sealed,4,1.0,0,0,,0,0,0,,0,4,32000,0.571,1,1,0,1,0,0,0,no_shared_faces,,0,,,0,,0,0,0,,0,10.0,,yes,4,1,T1,T1 first 100 steps (T2 full run) / T2,184-inventory,"completes (normal exit, no NaN/trap); tier T1 gate, tclass as inventory",no,yes,T1,
Species/FED_CO_HCN.fds,FED_CO_HCN,IN,all features in scope,,0,,0,0,0,0,0,0,,0,0,0,0,0,0,0,0,0,sealed,1,1.0,1,0,,0,0,0,,0,1,125,1.0,0,1,0,0,0,0,0,single_mesh,,0,,,0,,0,0,0,,0,100.0,,yes,1,1,G4,T2 (Verification-Guide dataplot: Relative Error|end|0.01),proposed,"completes (normal exit, no NaN/trap); T2",no,no,,
Species/FED_FIC.fds,FED_FIC,IN,all features in scope,ZONE,0,,0,0,0,0,0,0,,0,0,0,0,0,0,0,1,0,sealed,4,1.0,0,0,,0,0,0,,0,1,500,1.0,0,1,0,0,0,0,0,single_mesh,,0,,,0,,0,0,0,,0,100.0,,yes,1,1,G4,T2 (Verification-Guide dataplot: Absolute Error|end|0.01; Relative Error|end|0.01),proposed,"completes (normal exit, no NaN/trap); T2",no,no,,
Species/FED_FIC_SMIX.fds,FED_FIC_SMIX,IN,all features in scope,ZONE,0,,0,0,0,0,0,0,,0,0,0,0,0,0,0,1,0,sealed,4,1.0,0,0,,0,0,0,,0,1,500,1.0,0,1,0,0,0,0,0,single_mesh,,0,,,0,,0,0,0,,0,100.0,,yes,1,1,G4,T2 (Verification-Guide dataplot: Absolute Error|end|0.01; Relative Error|end|0.01),proposed,"completes (normal exit, no NaN/trap); T2",no,no,,
Species/FED_moving.fds,FED_moving,IN,all features in scope,PARTICLES,0,,0,0,0,0,0,0,,0,0,0,0,0,0,0,0,0,sealed,1,1.0,1,0,,0,0,0,,0,1,1331,1.0,0,1,0,0,0,0,0,single_mesh,,0,,,0,,1,0,0,,0,0.4,1,yes,1,1,G4,T2 (Verification-Guide dataplot: Relative Error|all|0.01),proposed,"completes (normal exit, no NaN/trap); T2",no,no,,
Species/bound_test_1.fds,bound_test_1,IN,all features in scope,,0,,0,0,0,0,0,0,,0,0,0,0,0,0,0,0,0,sealed,1,1.0,1,0,,0,0,0,,0,1,16,1.0,0,1,1,0,0,0,0,single_mesh,,0,,,0,,0,0,0,,0,1.0,,yes,1,1,G4,T2 (Verification-Guide dataplot: Absolute Error|end|0.001),proposed,"completes (normal exit, no NaN/trap); T2",no,no,,
Species/bound_test_2.fds,bound_test_2,IN,all features in scope,,0,,0,0,0,0,0,0,,0,0,0,0,0,0,0,0,0,sealed,1,1.0,1,0,,0,0,0,,0,1,16,1.0,0,1,1,0,0,0,0,single_mesh,,0,,,0,,0,0,0,,0,1.0,,yes,1,1,G4,T2 (Verification-Guide dataplot: Absolute Error|end|0.001),proposed,"completes (normal exit, no NaN/trap); T2",no,no,,
Species/burke_schumann.fds,burke_schumann,IN,all features in scope,ZONE MULTI_MESH,0,,0,0,0,0,0,0,,0,0,0,0,0,0,0,1,0,sealed,6,1.0,0,0,,0,0,0,,0,15,960,0.517,1,1,0,1,0,0,0,no_shared_faces,,0,,,0,,0,0,0,,0,0.02,,yes,1,1,G4,T2 (Verification-Guide dataplot: Absolute Error|end|1.00E-03),proposed,"completes (normal exit, no NaN/trap); T2",no,no,,
Species/condensation_1.fds,condensation_1,IN,all features in scope,,0,,0,0,0,0,0,0,,0,0,0,0,0,0,0,0,0,sealed,1,1.0,1,0,,0,0,0,,0,1,125,1.0,0,1,0,0,0,0,0,single_mesh,,0,,,0,,0,0,0,,0,0.01,,yes,1,1,G4,T2 (Verification-Guide dataplot: Relative Error|end|0.02),proposed,"completes (normal exit, no NaN/trap); T2",no,no,,
Species/condensation_2.fds,condensation_2,IN,all features in scope,,0,,0,0,0,0,0,0,,0,0,0,0,0,0,0,0,0,sealed,1,1.0,1,0,,0,0,0,,0,1,125,1.0,0,1,0,0,0,0,0,single_mesh,,0,,,0,,0,0,0,,0,10.0,,yes,1,1,G4,T2 (Verification-Guide dataplot: Relative Error|end|0.02),proposed,"completes (normal exit, no NaN/trap); T2",no,no,,
Species/condensation_3.fds,condensation_3,IN,all features in scope,ZONE MULTI_MESH PARTICLES,0,,0,0,0,0,0,0,,0,0,0,0,0,0,0,1,0,sealed,2,1.0,0,0,,0,0,0,,0,2,2000,0.667,1,1,0,1,0,0,0,no_shared_faces,,0,,,0,,1,0,0,,0,1e-05,,yes,1,1,G4,T2 (Verification-Guide dataplot: Relative Error|end|0.01),proposed,"completes (normal exit, no NaN/trap); T2",no,no,,
Species/favre_test.fds,favre_test,IN,all features in scope,MULTI_MESH,0,,0,0,0,0,0,0,,0,0,0,0,0,0,0,0,0,none,0,0.0,0,0,,0,0,0,,0,3,27000,1.0,0,1,0,1,2,0,0,uniform,1,0,,,0,,0,0,0,,0,20.0,,yes,3,1,G4,T2 (Utilities/Python script metric; CHID referenced by a script),proposed,"completes (normal exit, no NaN/trap); T2",no,no,,
Species/hrrpuv_reac_arrhenius.fds,hrrpuv_reac_arrhenius,IN,all features in scope,,0,,0,0,0,0,0,0,,0,0,0,0,0,0,0,0,0,sealed,1,1.0,1,0,,0,0,0,,0,1,64,1.0,0,1,0,0,0,0,0,single_mesh,,0,,,0,,0,0,0,,0,4.0,,yes,1,1,G4,T2 (Verification-Guide dataplot: Relative Error|mean|1.00E-03),proposed,"completes (normal exit, no NaN/trap); T2",no,no,,
Species/hrrpuv_reac_extinction.fds,hrrpuv_reac_extinction,IN,all features in scope,THIN_OBST,0,,0,0,1,0,1,0,,0,0,1,0,0,0,0,0,0,none,0,0.0,0,0,,0,0,0,,0,1,100000,1.0,0,1,0,0,0,0,0,single_mesh,,0,,,0,,0,0,0,,0,1.0,,yes,1,1,G4,T2 (Verification-Guide dataplot: Relative Error|end|1.00E-05),proposed,"completes (normal exit, no NaN/trap); T2",no,no,,
Species/hrrpuv_reac_parallel.fds,hrrpuv_reac_parallel,IN,all features in scope,THIN_OBST,0,,0,0,1,0,1,0,,0,0,1,0,0,0,0,0,0,none,0,0.0,0,0,,0,0,0,,0,1,100000,1.0,0,1,0,0,0,0,0,single_mesh,,0,,,0,,0,0,0,,0,1.0,,yes,1,1,G4,T2 (Verification-Guide dataplot: Relative Error|end_1_2|1.00E-05),proposed,"completes (normal exit, no NaN/trap); T2",no,no,,
Species/hrrpuv_reac_parallel_2.fds,hrrpuv_reac_parallel_2,IN,all features in scope,THIN_OBST,0,,0,0,1,0,1,0,,0,0,1,0,0,0,0,0,0,none,0,0.0,0,0,,0,0,0,,0,1,100000,1.0,0,1,0,0,0,0,0,single_mesh,,0,,,0,,0,0,0,,0,1.0,,yes,1,1,G4,T2 (Verification-Guide dataplot: Relative Error|end_1_2|1.00E-05),proposed,"completes (normal exit, no NaN/trap); T2",no,no,,
Species/hrrpuv_reac_series.fds,hrrpuv_reac_series,IN,all features in scope,THIN_OBST,0,,0,0,1,0,1,0,,0,0,1,0,0,0,0,0,0,none,0,0.0,0,0,,0,0,0,,0,1,100000,1.0,0,1,0,0,0,0,0,single_mesh,,0,,,0,,0,0,0,,0,2.0,,yes,1,1,G4,T2 (Verification-Guide dataplot: Relative Error|end_1_2|1.00E-05),proposed,"completes (normal exit, no NaN/trap); T2",no,no,,
Species/hrrpuv_reac_simple.fds,hrrpuv_reac_simple,IN,all features in scope,THIN_OBST,0,,0,0,1,0,1,0,,0,0,1,0,0,0,0,0,0,none,0,0.0,0,0,,0,0,0,,0,1,100000,1.0,0,1,0,0,0,0,0,single_mesh,,0,,,0,,0,0,0,,0,1.0,,yes,1,1,G4,T2 (Verification-Guide dataplot: Relative Error|end|1.00E-05),proposed,"completes (normal exit, no NaN/trap); T2",no,no,,
Species/hrrpuv_reac_single.fds,hrrpuv_reac_single,IN,all features in scope,THIN_OBST,0,,0,0,1,0,1,0,,0,0,1,0,0,0,0,0,0,none,0,0.0,0,0,,0,0,0,,0,1,100000,1.0,0,1,0,0,0,0,0,single_mesh,,0,,,0,,0,0,0,,0,1.0,,yes,1,1,G4,T2 (Verification-Guide dataplot: Relative Error|end|1.00E-05),proposed,"completes (normal exit, no NaN/trap); T2",no,no,,
Species/hrrpuv_reac_soot.fds,hrrpuv_reac_soot,IN,all features in scope,,0,,0,0,0,0,0,0,,0,0,0,0,0,0,0,0,0,none,0,0.0,0,0,,0,0,0,,0,1,400,1.0,0,1,1,0,0,0,0,single_mesh,,0,,,0,,0,0,0,,0,5.0,,yes,1,1,G4,T2 (Verification-Guide dataplot: Relative Error|end_1_2|1.00E-05),proposed,"completes (normal exit, no NaN/trap); T2",no,no,,
Species/humidity.fds,humidity,IN,all features in scope,,0,,0,0,0,0,0,0,,0,0,0,0,0,0,0,0,0,sealed,1,1.0,1,0,,0,0,0,,0,1,64,1.0,0,1,0,0,0,0,0,single_mesh,,0,,,0,,0,0,0,,0,1.0,,yes,1,1,G4,T2 (Verification-Guide dataplot: Relative Error|end|0.001),proposed,"completes (normal exit, no NaN/trap); T2",no,no,,
Species/lumped_stoich_simple.fds,lumped_stoich_simple,IN,all features in scope,,0,,0,0,0,0,0,0,,0,0,0,0,0,0,0,0,0,sealed,1,1.0,1,0,,0,0,0,,0,1,64,1.0,0,1,0,0,0,0,0,single_mesh,,0,,,0,,0,0,0,,0,0.0,,no,,1,G4,completes only (FDS does not run it: not in FDS_Cases.sh or commented),proposed,completes setup (T_END=0; G1 message diff); completes only,no,no,,
Species/lumped_stoich_soot.fds,lumped_stoich_soot,IN,all features in scope,,0,,0,0,0,0,0,0,,0,0,0,0,0,0,0,0,0,sealed,1,1.0,1,0,,0,0,0,,0,1,64,1.0,0,1,0,0,0,0,0,single_mesh,,0,,,0,,0,0,0,,0,0.0,,no,,1,G4,completes only (FDS does not run it: not in FDS_Cases.sh or commented),proposed,completes setup (T_END=0; G1 message diff); completes only,no,no,,
Species/mass_balance_gas_volume.fds,mass_balance_gas_volume,IN,all features in scope,STORE_SPECIES_FLUX,0,,0,0,0,0,0,0,,0,0,0,0,0,0,0,0,0,none,0,0.0,0,0,,0,0,0,,0,1,8000,1.0,0,1,0,0,0,0,0,single_mesh,,0,,,0,,0,0,0,,1,2000.0,,yes,1,1,T2,T1 (T0 stretch) / T2,184-inventory,"completes (normal exit, no NaN/trap); tier T2 gate, tclass as inventory; excluded from D-022 frozen-input kernel comparison until A-34 closes (STORE_SPECIES_FLUX)",no,yes,T2,
Species/mass_balance_reac.fds,mass_balance_reac,IN,all features in scope,MULTI_MESH STORE_SPECIES_FLUX,0,,0,0,0,0,0,0,,0,0,0,0,0,0,0,0,0,sealed,1,1.0,1,0,,0,0,0,,0,8,64000,1.0,0,1,0,1,12,0,0,uniform,1,0,,UGLMAT,0,,0,0,0,,1,20.0,,yes,8,1,T2,T1 first 100 steps (T2 full run) / T2,184-inventory,"completes (normal exit, no NaN/trap); tier T2 gate, tclass as inventory; excluded from D-022 frozen-input kernel comparison until A-34 closes (STORE_SPECIES_FLUX)",no,yes,T2,
Species/mass_balance_reac_2.fds,mass_balance_reac_2,IN,all features in scope,MULTI_MESH STORE_SPECIES_FLUX,0,,0,0,0,0,0,0,,0,0,0,0,0,0,0,0,0,sealed,1,1.0,1,0,,0,0,0,,0,8,64000,1.0,0,1,0,1,12,0,0,uniform,1,0,,UGLMAT,0,,0,0,0,,1,5.0,,yes,1,1,G4,T2 vs FDS baseline (no committed FDS metric),proposed,"completes (normal exit, no NaN/trap); T2 vs FDS baseline; excluded from D-022 frozen-input kernel comparison until A-34 closes (STORE_SPECIES_FLUX)",no,no,,
Species/mass_flux_comparison.fds,mass_flux_comparison,IN,all features in scope,STORE_SPECIES_FLUX,0,,0,0,0,0,0,0,,0,0,0,0,0,0,0,0,0,none,0,0.0,0,0,,0,0,0,,0,1,40000,1.0,0,1,0,0,0,0,0,single_mesh,,0,,,0,,0,0,0,,1,50.0,,yes,1,1,G4,T2 (Verification-Guide dataplot: Relative Error|mean_1_2|0.01; Relative Error|mean_1_3|0.01),proposed,"completes (normal exit, no NaN/trap); T2; excluded from D-022 frozen-input kernel comparison until A-34 closes (STORE_SPECIES_FLUX)",no,no,,
Species/mass_flux_wall_yindex.fds,mass_flux_wall_yindex,IN,all features in scope,STORE_SPECIES_FLUX,0,,0,0,0,0,0,0,,0,0,0,0,0,0,0,0,0,none,0,0.0,0,0,,0,0,0,,0,1,8000,1.0,0,1,0,0,0,0,0,single_mesh,,0,,,0,,0,0,0,,1,2000.0,,yes,1,1,T2,T1 (T0 stretch) / T2,184-inventory,"completes (normal exit, no NaN/trap); tier T2 gate, tclass as inventory; excluded from D-022 frozen-input kernel comparison until A-34 closes (STORE_SPECIES_FLUX)",no,yes,T2,
Species/mass_flux_wall_zindex.fds,mass_flux_wall_zindex,IN,all features in scope,STORE_SPECIES_FLUX,0,,0,0,0,0,0,0,,0,0,0,0,0,0,0,0,0,none,0,0.0,0,0,,0,0,0,,0,1,8000,1.0,0,1,0,0,0,0,0,single_mesh,,0,,,0,,0,0,0,,1,2000.0,,yes,1,1,T2,T1 (T0 stretch) / T2,184-inventory,"completes (normal exit, no NaN/trap); tier T2 gate, tclass as inventory; excluded from D-022 frozen-input kernel comparison until A-34 closes (STORE_SPECIES_FLUX)",no,yes,T2,
Species/methane_flame_lumped.fds,methane_flame_lumped,IN,all features in scope,,0,,0,0,0,0,0,0,,0,0,0,0,0,0,0,0,0,sealed,1,1.0,1,0,,0,0,0,,0,1,2000,1.0,0,1,0,0,0,0,0,single_mesh,,0,,,0,,0,0,0,,0,10.0,,yes,1,1,G4,T2 (Utilities/Python script metric; CHID referenced by a script),proposed,"completes (normal exit, no NaN/trap); T2",no,no,,
Species/methane_flame_lumped_fuel.fds,methane_flame_lumped_fuel,IN,all features in scope,,0,,0,0,0,0,0,0,,0,0,0,0,0,0,0,0,0,sealed,1,1.0,1,0,,0,0,0,,0,1,2000,1.0,0,1,0,0,0,0,0,single_mesh,,0,,,0,,0,0,0,,0,10.0,,yes,1,1,G4,T2 (Utilities/Python script metric; CHID referenced by a script),proposed,"completes (normal exit, no NaN/trap); T2",no,no,,
Species/methane_flame_lumped_ox.fds,methane_flame_lumped_ox,IN,all features in scope,,0,,0,0,0,0,0,0,,0,0,0,0,0,0,0,0,0,sealed,1,1.0,1,0,,0,0,0,,0,1,2000,1.0,0,1,0,0,0,0,0,single_mesh,,0,,,0,,0,0,0,,0,10.0,,yes,1,1,G4,T2 (Utilities/Python script metric; CHID referenced by a script),proposed,"completes (normal exit, no NaN/trap); T2",no,no,,
Species/methane_flame_primitive.fds,methane_flame_primitive,IN,all features in scope,,0,,0,0,0,0,0,0,,0,0,0,0,0,0,0,0,0,sealed,1,1.0,1,0,,0,0,0,,0,1,2000,1.0,0,1,0,0,0,0,0,single_mesh,,0,,,0,,0,0,0,,0,10.0,,yes,1,1,G4,T2 (Verification-Guide dataplot: Relative Error|end_1_1|1.00E-02),proposed,"completes (normal exit, no NaN/trap); T2",no,no,,
Species/methane_flame_primitive_2.fds,methane_flame_primitive_2,IN,all features in scope,,0,,0,0,0,0,0,0,,0,0,0,0,0,0,0,0,0,sealed,1,1.0,1,0,,0,0,0,,0,1,2000,1.0,0,1,0,0,0,0,0,single_mesh,,0,,,0,,0,0,0,,0,10.0,,yes,1,1,G4,T2 (Verification-Guide dataplot: Relative Error|end_1_1|0.01),proposed,"completes (normal exit, no NaN/trap); T2",no,no,,
Species/methane_flame_simple.fds,methane_flame_simple,IN,all features in scope,,0,,0,0,0,0,0,0,,0,0,0,0,0,0,0,0,0,sealed,1,1.0,1,0,,0,0,0,,0,1,2000,1.0,0,1,0,0,0,0,0,single_mesh,,0,,,0,,0,0,0,,0,10.0,,yes,1,1,G4,T2 (Verification-Guide dataplot: Relative Error|end|0.01),proposed,"completes (normal exit, no NaN/trap); T2",no,no,,
Species/methane_flame_simple_2.fds,methane_flame_simple_2,IN,all features in scope,,0,,0,0,0,0,0,0,,0,0,0,0,0,0,0,0,0,sealed,1,1.0,1,0,,0,0,0,,0,1,2000,1.0,0,1,0,0,0,0,0,single_mesh,,0,,,0,,0,0,0,,0,10.0,,yes,1,1,G4,T2 vs FDS baseline (no committed FDS metric),proposed,"completes (normal exit, no NaN/trap); T2 vs FDS baseline",no,no,,
Species/multiple_reac_hrrpua.fds,multiple_reac_hrrpua,IN,all features in scope,,0,,0,0,0,0,0,0,,0,0,0,0,0,0,0,0,0,none,0,0.0,0,0,,0,0,0,,0,1,1000,1.0,0,1,0,0,0,0,0,single_mesh,,0,,,0,,0,0,0,,0,5.0,,yes,1,1,G4,T2 (Verification-Guide dataplot: Relative Error|end|0.01),proposed,"completes (normal exit, no NaN/trap); T2",no,no,,
Species/multiple_reac_n_simple.fds,multiple_reac_n_simple,IN,all features in scope,ZONE MULTI_MESH,0,,0,0,0,0,0,0,,0,0,0,0,0,0,0,1,0,sealed,3,1.0,0,0,,0,0,0,,0,3,3000,0.6,1,1,0,1,0,0,0,no_shared_faces,,0,,,0,,0,0,0,,0,0.0001,,yes,1,1,G4,T2 (Verification-Guide dataplot: Relative Error|end|0.01),proposed,"completes (normal exit, no NaN/trap); T2",no,no,,
Species/propane_flame_2reac.fds,propane_flame_2reac,IN,all features in scope,,0,,0,0,0,0,0,0,,0,0,0,0,0,0,0,0,0,none,0,0.0,0,0,,0,0,0,,0,1,32640,1.0,0,1,0,0,0,0,0,single_mesh,,0,,,0,,0,0,0,,0,2.0,,yes,1,1,G4,T2 (Verification-Guide dataplot: Relative Error|end|0.01),proposed,"completes (normal exit, no NaN/trap); T2",no,no,,
Species/propane_flame_2reac_simple.fds,propane_flame_2reac_simple,IN,all features in scope,,0,,0,0,0,0,0,0,,0,0,0,0,0,0,0,0,0,none,0,0.0,0,0,,0,0,0,,0,1,32640,1.0,0,1,0,0,0,0,0,single_mesh,,0,,,0,,0,0,0,,0,2.0,,yes,1,1,G4,T2 vs FDS baseline (no committed FDS metric),proposed,"completes (normal exit, no NaN/trap); T2 vs FDS baseline",no,no,,
Species/pvc_combustion.fds,pvc_combustion,IN,all features in scope,,0,,0,0,0,0,0,0,,0,0,0,0,0,0,0,0,0,sealed,1,1.0,1,0,,0,0,0,,0,1,16,1.0,0,1,1,0,0,0,0,single_mesh,,0,,,0,,0,0,0,,0,2.0,,yes,1,1,G4,T2 (Verification-Guide dataplot: Absolute Error|end|1.00E-03),proposed,"completes (normal exit, no NaN/trap); T2",no,no,,
Species/ramp_chi_r.fds,ramp_chi_r,IN,all features in scope,,0,,0,0,0,0,0,0,,0,0,0,0,0,0,0,0,0,none,0,0.0,0,0,,0,0,0,,0,1,4096,1.0,0,1,0,0,0,0,0,single_mesh,,0,,,0,,0,0,0,,0,10.0,,yes,1,1,G4,T2 (Verification-Guide dataplot: Absolute Error|end|0.001),proposed,"completes (normal exit, no NaN/trap); T2",no,no,,
Species/reactionrate_EDC_1step_CH4_nonmix.fds,reactionrate_EDC_1step_CH4_nonmix,IN,all features in scope,,0,,0,0,0,0,0,0,,0,0,0,0,0,0,0,0,0,sealed,1,1.0,1,0,,0,0,0,,0,1,100,1.0,0,1,1,0,0,0,0,single_mesh,,0,,,0,,0,0,0,,0,60.0,,yes,1,1,G4,T2 (Verification-Guide dataplot: Absolute Error|end|1.00E-03; Relative Error|end|0.01),proposed,"completes (normal exit, no NaN/trap); T2",no,no,,
Species/reactionrate_EDC_O2lim_1step.fds,reactionrate_EDC_O2lim_1step,IN,all features in scope,,0,,0,0,0,0,0,0,,0,0,0,0,0,0,0,0,0,sealed,1,1.0,1,0,,0,0,0,,0,1,512,1.0,0,1,0,0,0,0,0,single_mesh,,0,,,0,,0,0,0,,0,1.0,,yes,1,1,G4,T2 (Verification-Guide dataplot: Absolute Error|end|1.00E-03),proposed,"completes (normal exit, no NaN/trap); T2",no,no,,
Species/reactionrate_EDC_O2lim_2fuel_lump.fds,reactionrate_EDC_O2lim_2fuel_lump,IN,all features in scope,,0,,0,0,0,0,0,0,,0,0,0,0,0,0,0,0,0,sealed,1,1.0,1,0,,0,0,0,,0,1,16,1.0,0,1,1,0,0,0,0,single_mesh,,0,,,0,,0,0,0,,0,1.0,,yes,1,1,G4,T2 vs FDS baseline (no committed FDS metric),proposed,"completes (normal exit, no NaN/trap); T2 vs FDS baseline",no,no,,
Species/reactionrate_EDC_O2lim_2fuel_prim.fds,reactionrate_EDC_O2lim_2fuel_prim,IN,all features in scope,,0,,0,0,0,0,0,0,,0,0,0,0,0,0,0,0,0,sealed,1,1.0,1,0,,0,0,0,,0,1,16,1.0,0,1,1,0,0,0,0,single_mesh,,0,,,0,,0,0,0,,0,1.0,,yes,1,1,G4,T2 (Verification-Guide dataplot: Absolute Error|end|1.00E-03),proposed,"completes (normal exit, no NaN/trap); T2",no,no,,
Species/reactionrate_EDC_flim_1step_C3H8.fds,reactionrate_EDC_flim_1step_C3H8,IN,all features in scope,,0,,0,0,0,0,0,0,,0,0,0,0,0,0,0,0,0,sealed,1,1.0,1,0,,0,0,0,,0,1,512,1.0,0,1,0,0,0,0,0,single_mesh,,0,,,0,,0,0,0,,0,2.0,,yes,1,1,G4,T2 (Verification-Guide dataplot: Absolute Error|end|1.00E-03; Relative Error|end|0.01),proposed,"completes (normal exit, no NaN/trap); T2",no,no,,
Species/reactionrate_EDC_flim_1step_CH4.fds,reactionrate_EDC_flim_1step_CH4,IN,all features in scope,,0,,0,0,0,0,0,0,,0,0,0,0,0,0,0,0,0,sealed,1,1.0,1,0,,0,0,0,,0,1,512,1.0,0,1,0,0,0,0,0,single_mesh,,0,,,0,,0,0,0,,0,2.0,,yes,1,1,G4,T2 (Verification-Guide dataplot: Absolute Error|end|1.00E-03; Relative Error|end|0.01),proposed,"completes (normal exit, no NaN/trap); T2",no,no,,
Species/reactionrate_EDC_flim_2step.fds,reactionrate_EDC_flim_2step,IN,all features in scope,,0,,0,0,0,0,0,0,,0,0,0,0,0,0,0,0,0,sealed,1,1.0,1,0,,0,0,0,,0,1,16,1.0,0,1,1,0,0,0,0,single_mesh,,0,,,0,,0,0,0,,0,1.0,,yes,1,1,G4,T2 (Verification-Guide dataplot: Absolute Error|end|1.00E-03),proposed,"completes (normal exit, no NaN/trap); T2",no,no,,
Species/reactionrate_arrhenius_0order_1step.fds,reactionrate_arrhenius_0order_1step,IN,all features in scope,,0,,0,0,0,0,0,0,,0,0,0,0,0,0,0,0,0,sealed,1,1.0,1,0,,0,0,0,,0,1,64,1.0,0,1,0,0,0,0,0,single_mesh,,0,,,0,,0,0,0,,0,10.0,,yes,1,1,G4,T2 (Verification-Guide dataplot: Absolute Error|end|1.00E-02),proposed,"completes (normal exit, no NaN/trap); T2",no,no,,
Species/reactionrate_arrhenius_0order_1step_cvode.fds,reactionrate_arrhenius_0order_1step_cvode,IN,all features in scope,,0,,0,0,0,0,0,0,,0,0,0,0,0,0,0,0,0,sealed,1,1.0,1,0,,0,0,0,,0,1,64,1.0,0,1,0,0,0,0,0,single_mesh,,0,,,0,,0,0,0,,0,10.0,,yes,1,1,G4,T2 (Verification-Guide dataplot: Absolute Error|end|1.00E-02),proposed,"completes (normal exit, no NaN/trap); T2",no,no,,
Species/reactionrate_arrhenius_1p75order_2step.fds,reactionrate_arrhenius_1p75order_2step,IN,all features in scope,,0,,0,0,0,0,0,0,,0,0,0,0,0,0,0,0,0,sealed,1,1.0,1,0,,0,0,0,,0,1,512,1.0,0,1,0,0,0,0,0,single_mesh,,0,,,0,,0,0,0,,0,10.0,,yes,1,1,G4,T2 (Verification-Guide dataplot: Absolute Error|end|1.00E-02),proposed,"completes (normal exit, no NaN/trap); T2",no,no,,
Species/reactionrate_arrhenius_1p75order_2step_cvode.fds,reactionrate_arrhenius_1p75order_2step_cvode,IN,all features in scope,,0,,0,0,0,0,0,0,,0,0,0,0,0,0,0,0,0,sealed,1,1.0,1,0,,0,0,0,,0,1,512,1.0,0,1,0,0,0,0,0,single_mesh,,0,,,0,,0,0,0,,0,10.0,,yes,1,1,G4,T2 (Verification-Guide dataplot: Absolute Error|end|1.00E-02),proposed,"completes (normal exit, no NaN/trap); T2",no,no,,
Species/reactionrate_arrhenius_1p75order_2stepr.fds,reactionrate_arrhenius_1p75order_2stepr,IN,all features in scope,,0,,0,0,0,0,0,0,,0,0,0,0,0,0,0,0,0,sealed,1,1.0,1,0,,0,0,0,,0,1,512,1.0,0,1,0,0,0,0,0,single_mesh,,0,,,0,,0,0,0,,0,10.0,,yes,1,1,G4,T2 (Verification-Guide dataplot: Absolute Error|end|1.00E-02),proposed,"completes (normal exit, no NaN/trap); T2",no,no,,
Species/reactionrate_arrhenius_1p75order_2stepr_cvode.fds,reactionrate_arrhenius_1p75order_2stepr_cvode,IN,all features in scope,,0,,0,0,0,0,0,0,,0,0,0,0,0,0,0,0,0,sealed,1,1.0,1,0,,0,0,0,,0,1,512,1.0,0,1,0,0,0,0,0,single_mesh,,0,,,0,,0,0,0,,0,10.0,,yes,1,1,G4,T2 (Verification-Guide dataplot: Absolute Error|end|1.00E-02),proposed,"completes (normal exit, no NaN/trap); T2",no,no,,
Species/reactionrate_arrhenius_2order_1step.fds,reactionrate_arrhenius_2order_1step,IN,all features in scope,,0,,0,0,0,0,0,0,,0,0,0,0,0,0,0,0,0,sealed,1,1.0,1,0,,0,0,0,,0,1,512,1.0,0,1,0,0,0,0,0,single_mesh,,0,,,0,,0,0,0,,0,5.0,,yes,1,1,G4,T2 (Verification-Guide dataplot: Absolute Error|end|1.00E-02),proposed,"completes (normal exit, no NaN/trap); T2",no,no,,
Species/reactionrate_arrhenius_2order_1step_cvode.fds,reactionrate_arrhenius_2order_1step_cvode,IN,all features in scope,,0,,0,0,0,0,0,0,,0,0,0,0,0,0,0,0,0,sealed,1,1.0,1,0,,0,0,0,,0,1,512,1.0,0,1,0,0,0,0,0,single_mesh,,0,,,0,,0,0,0,,0,5.0,,yes,1,1,G4,T2 (Verification-Guide dataplot: Absolute Error|end|1.00E-02),proposed,"completes (normal exit, no NaN/trap); T2",no,no,,
Species/reactionrate_arrhenius_equilibrium.fds,reactionrate_arrhenius_equilibrium,IN,all features in scope,,0,,0,0,0,0,0,0,,0,0,0,0,0,0,0,0,0,sealed,1,1.0,1,0,,0,0,0,,0,1,16,1.0,0,1,1,0,0,0,0,single_mesh,,0,,,0,,0,0,0,,0,4.0,,yes,1,1,G4,T2 (Verification-Guide dataplot: Absolute Error|end|1.00E-02; Relative Error|end|2.00E-02),proposed,"completes (normal exit, no NaN/trap); T2",no,no,,
Species/reactionrate_arrhenius_equilibrium_cvode.fds,reactionrate_arrhenius_equilibrium_cvode,IN,all features in scope,,0,,0,0,0,0,0,0,,0,0,0,0,0,0,0,0,0,sealed,1,1.0,1,0,,0,0,0,,0,1,16,1.0,0,1,1,0,0,0,0,single_mesh,,0,,,0,,0,0,0,,0,4.0,,yes,1,1,G4,T2 (Verification-Guide dataplot: Absolute Error|end|1.00E-02; Relative Error|end|2.00E-02),proposed,"completes (normal exit, no NaN/trap); T2",no,no,,
Species/reactionrate_arrhenius_jones_lindstedt.fds,reactionrate_arrhenius_jones_lindstedt,IN,all features in scope,,0,,0,0,0,0,0,0,,0,0,0,0,0,0,0,0,0,sealed,1,1.0,1,0,,0,0,0,,0,1,16,1.0,0,1,1,0,0,0,0,single_mesh,,0,,,0,,0,0,0,,0,5.0,,yes,1,1,G4,T2 (Verification-Guide dataplot: Absolute Error|end|1.00E-02; Relative Error|end|1.00E-02),proposed,"completes (normal exit, no NaN/trap); T2",no,no,,
Species/reactionrate_arrhenius_jones_lindstedt_cvode.fds,reactionrate_arrhenius_jones_lindstedt_cvode,IN,all features in scope,,0,,0,0,0,0,0,0,,0,0,0,0,0,0,0,0,0,sealed,1,1.0,1,0,,0,0,0,,0,1,16,1.0,0,1,1,0,0,0,0,single_mesh,,0,,,0,,0,0,0,,0,5.0,,yes,1,1,G4,T2 (Verification-Guide dataplot: Absolute Error|end|1.00E-02; Relative Error|end|1.00E-02),proposed,"completes (normal exit, no NaN/trap); T2",no,no,,
Species/reactionrate_fast_slow.fds,reactionrate_fast_slow,IN,all features in scope,,0,,0,0,0,0,0,0,,0,0,0,0,0,0,0,0,0,sealed,1,1.0,1,0,,0,0,0,,0,1,8000,1.0,0,1,0,0,0,0,0,single_mesh,,0,,,0,,0,0,0,,0,0.001,,yes,1,1,G4,T2 (Verification-Guide dataplot: Absolute Error|end|0.001),proposed,"completes (normal exit, no NaN/trap); T2",no,no,,
Species/reactionrate_lumped_two_air.fds,reactionrate_lumped_two_air,IN,all features in scope,,0,,0,0,0,0,0,0,,0,0,0,0,0,0,0,0,0,sealed,1,1.0,1,0,,0,0,0,,0,1,16,1.0,0,1,1,0,0,0,0,single_mesh,,0,,,0,,0,0,0,,0,1.0,,yes,1,1,G4,T2 (Verification-Guide dataplot: Absolute Error|end|1.00E-03),proposed,"completes (normal exit, no NaN/trap); T2",no,no,,
Species/reactionrate_lumped_two_air_2.fds,reactionrate_lumped_two_air_2,IN,all features in scope,,0,,0,0,0,0,0,0,,0,0,0,0,0,0,0,0,0,sealed,1,1.0,1,0,,0,0,0,,0,1,16,1.0,0,1,1,0,0,0,0,single_mesh,,0,,,0,,0,0,0,,0,1.0,,yes,1,1,G4,T2 vs FDS baseline (no committed FDS metric),proposed,"completes (normal exit, no NaN/trap); T2 vs FDS baseline",no,no,,
Species/reactionrate_series_reaction.fds,reactionrate_series_reaction,IN,all features in scope,,0,,0,0,0,0,0,0,,0,0,0,0,0,0,0,0,0,sealed,1,1.0,1,0,,0,0,0,,0,1,16,1.0,0,1,1,0,0,0,0,single_mesh,,0,,,0,,0,0,0,,0,1.0,,yes,1,1,G4,T2 (Verification-Guide dataplot: Absolute Error|end|1.00E-03),proposed,"completes (normal exit, no NaN/trap); T2",no,no,,
Species/species_props.fds,species_props,IN,all features in scope,ZONE MULTI_MESH,0,,0,0,0,0,0,0,,0,0,0,0,0,0,0,1,0,sealed,5,1.0,0,0,,0,0,0,,0,5,80,0.455,1,1,1,1,0,0,0,no_shared_faces,,0,,,0,,0,0,0,,0,0.02,,yes,1,1,G4,T2 (Verification-Guide dataplot: Absolute Error|end|0.01; Relative Error|end|0.01),proposed,"completes (normal exit, no NaN/trap); T2",no,no,,
Species/wall_cond.fds,wall_cond,IN,all features in scope,,0,,0,0,0,0,0,0,,0,0,0,0,0,0,0,0,0,sealed,1,1.0,1,0,,0,0,0,,0,1,27,1.0,0,1,0,0,0,0,0,single_mesh,,0,,,0,,0,0,0,,0,20000.0,,yes,1,1,G4,T2 (Verification-Guide dataplot: Relative Error|end|0.05),proposed,"completes (normal exit, no NaN/trap); T2",no,no,,
Sprinklers_and_Sprays/activate_sprinklers.fds,activate_sprinklers,IN,all features in scope,PARTICLES,0,,0,0,0,0,0,0,,0,0,0,0,0,0,0,0,0,none,0,0.0,0,0,,0,0,0,,0,1,2100,1.0,0,1,0,0,0,0,0,single_mesh,,0,,,0,,2,0,0,,0,20.0,,yes,1,1,G4,T2 vs FDS baseline (no committed FDS metric),proposed,"completes (normal exit, no NaN/trap); T2 vs FDS baseline",no,no,,
Sprinklers_and_Sprays/adiabatic_surf_temp_spray.fds,adiabatic_surf_temp_spray,IN,all features in scope,THIN_OBST PARTICLES,0,,0,0,1,1,0,0,,0,0,0,0,0,0,0,0,0,none,0,0.0,0,0,,0,0,0,,0,1,8000,1.0,0,1,0,0,0,0,0,single_mesh,,0,,,0,,1,0,0,,0,150.0,,yes,1,1,G4,T2 (Verification-Guide dataplot: N/A|mean|0.01),proposed,"completes (normal exit, no NaN/trap); T2",no,no,,
Sprinklers_and_Sprays/bucket_test_1.fds,bucket_test_1,IN,all features in scope,MULTI_MESH PARTICLES,0,,0,0,0,0,0,0,,0,0,0,0,0,0,0,0,0,none,0,0.0,0,0,,0,0,0,,0,4,62500,1.0,0,1,0,1,4,0,0,uniform,1,0,,,0,,1,0,0,,0,40.0,,yes,4,1,G4,T2 (Verification-Guide dataplot: Relative Error|end|0.02),proposed,"completes (normal exit, no NaN/trap); T2",no,no,,
Sprinklers_and_Sprays/bucket_test_2.fds,bucket_test_2,IN,all features in scope,PARTICLES,0,,0,0,0,0,0,0,,0,0,0,0,0,0,0,0,0,none,0,0.0,0,0,,0,0,0,,0,1,62500,1.0,0,1,0,0,0,0,0,single_mesh,,0,,,0,,1,0,0,,0,15.0,,yes,1,1,G4,T2 (Verification-Guide dataplot: Relative Error|end|0.03),proposed,"completes (normal exit, no NaN/trap); T2",no,no,,
Sprinklers_and_Sprays/bucket_test_3.fds,bucket_test_3,IN,all features in scope,PARTICLES,0,,0,0,0,0,0,0,,0,0,0,0,0,0,0,0,0,none,0,0.0,0,0,,0,0,0,,0,1,8000,1.0,0,1,0,0,0,0,0,single_mesh,,0,,,0,,1,0,0,,0,10.0,,yes,1,1,G4,T2 (Verification-Guide dataplot: Relative Error|end|0.02),proposed,"completes (normal exit, no NaN/trap); T2",no,no,,
Sprinklers_and_Sprays/bucket_test_4.fds,bucket_test_4,IN,all features in scope,PARTICLES,0,,0,0,0,0,0,0,,0,0,0,0,0,0,0,0,0,none,0,0.0,0,0,,0,0,0,,0,1,8000,1.0,0,1,0,0,0,0,0,single_mesh,,0,,,0,,1,0,0,,0,60.0,,yes,1,1,G4,T2 (Verification-Guide dataplot: Relative Error|end|0.02; Relative Error|mean|0.05),proposed,"completes (normal exit, no NaN/trap); T2",no,no,,
Sprinklers_and_Sprays/cannon_ball.fds,cannon_ball,IN,all features in scope,PARTICLES,0,,0,0,0,0,0,0,,0,0,0,0,0,0,0,0,0,sealed,1,1.0,1,0,,0,0,0,,0,1,9000,1.0,0,1,0,0,0,0,0,single_mesh,,0,,,0,,1,0,0,,0,2.5,,yes,1,1,T2,T1 (T0 stretch) / T2,184-inventory,"completes (normal exit, no NaN/trap); tier T2 gate, tclass as inventory",no,yes,T2,
Sprinklers_and_Sprays/cascade.fds,cascade,IN,all features in scope,PARTICLES,0,,0,0,0,0,0,0,,0,0,0,0,0,0,0,0,0,sealed,1,1.0,1,0,,0,0,0,,0,1,14336,1.0,0,1,0,0,0,0,0,single_mesh,,0,,,0,,1,0,0,,0,100.0,,yes,1,1,G4,T2 (Verification-Guide dataplot: Relative Error|end_1_1|0.02),proposed,"completes (normal exit, no NaN/trap); T2",no,no,,
Sprinklers_and_Sprays/cascadempi.fds,cascadempi,DEFERRED,"uses &GEOM, CC_IBM (GEOM)",GEOM CC_IBM ZONE MULTI_MESH PARTICLES,1,GEOM,0,0,0,0,0,0,,0,0,0,0,0,0,0,1,0,sealed,4,1.0,0,0,,1,0,0,,0,6,57344,0.79,1,1,0,1,2,0,0,uniform,1,0,,,0,,1,0,0,,0,100.0,,yes,6,1,,,,,no,yes,T2,
Sprinklers_and_Sprays/cloud_drag.fds,cloud_drag,IN,all features in scope,PARTICLES,0,,0,0,0,0,0,0,,0,0,0,0,0,0,0,0,0,none,0,0.0,0,0,,0,0,0,,0,1,24000,1.0,0,1,0,0,0,0,0,single_mesh,,0,,,0,,1,0,0,,0,30.0,,no,,1,G4,completes only (FDS does not run it: not in FDS_Cases.sh or commented),proposed,"completes (normal exit, no NaN/trap); completes only",no,no,,
Sprinklers_and_Sprays/droplet_distributions.fds,droplet_distributions,IN,all features in scope,PARTICLES,0,,0,0,0,0,0,0,,0,0,0,0,0,0,0,0,0,sealed,1,1.0,1,0,,0,0,0,,0,1,64,1.0,0,1,0,0,0,0,0,single_mesh,,0,,,0,,4,0,0,,0,0.1,,yes,1,1,G4,T2 (Verification-Guide dataplot: N/A|end|0.01),proposed,"completes (normal exit, no NaN/trap); T2",no,no,,
Sprinklers_and_Sprays/droplet_distributions_2.fds,droplet_distributions_2,IN,all features in scope,PARTICLES,0,,0,0,0,0,0,0,,0,0,0,0,0,0,0,0,0,sealed,1,1.0,1,0,,0,0,0,,0,1,64,1.0,0,1,0,0,0,0,0,single_mesh,,0,,,0,,4,0,0,,0,11.0,,yes,1,1,G4,T2 (Verification-Guide dataplot: N/A|end|0.01; Relative Error|end|2.00E-02),proposed,"completes (normal exit, no NaN/trap); T2",no,no,,
Sprinklers_and_Sprays/e_coefficient.fds,e_coefficient,DEFERRED,"uses &GEOM, CC_IBM (GEOM)",GEOM CC_IBM MULTI_MESH PARTICLES,1,GEOM,0,0,0,0,0,0,,0,0,0,0,0,0,0,0,0,none,0,0.0,0,0,,0,0,0,,0,2,16000,0.667,1,1,0,1,0,0,0,no_shared_faces,,0,,,0,,1,0,0,,0,30.0,,yes,2,1,,,,,no,no,,
Sprinklers_and_Sprays/flat_fire.fds,flat_fire,IN,all features in scope,PARTICLES,0,,0,0,0,0,0,0,,0,0,0,0,0,0,0,0,0,sealed,1,1.0,1,0,,0,0,0,,0,1,5000,1.0,0,1,0,0,0,0,0,single_mesh,,0,,,0,,1,0,0,,0,1.65,,yes,1,1,G4,T2 (Verification-Guide dataplot: Relative Error|end|0.01; Relative Error|end|0.02),proposed,"completes (normal exit, no NaN/trap); T2",no,no,,
Sprinklers_and_Sprays/flow_rate.fds,flow_rate,IN,all features in scope,PARTICLES,0,,0,0,0,0,0,0,,0,0,0,0,0,0,0,0,0,none,0,0.0,0,0,,0,0,0,,0,1,25600,1.0,0,1,0,0,0,0,0,single_mesh,,0,,,0,,1,0,0,,0,70.0,,yes,1,1,G4,T2 (Verification-Guide dataplot: Relative Error|end|0.01; Relative Error|max|0),proposed,"completes (normal exit, no NaN/trap); T2",no,no,,
Sprinklers_and_Sprays/flow_rate_2.fds,flow_rate_2,IN,all features in scope,PARTICLES,0,,0,0,0,0,0,0,,0,0,0,0,0,0,0,0,0,none,0,0.0,0,0,,0,0,0,,0,1,25600,1.0,0,1,0,0,0,0,0,single_mesh,,0,,,0,,1,0,0,,0,70.0,,yes,1,1,G4,T2 (Verification-Guide dataplot: Relative Error|end|0.01; Relative Error|max|0),proposed,"completes (normal exit, no NaN/trap); T2",no,no,,
Sprinklers_and_Sprays/fluid_part_mom_x.fds,fluid_part_mom_x,IN,all features in scope,PARTICLES,0,,0,0,0,0,0,0,,0,0,0,0,0,0,0,0,0,periodic (not evaluated),0,0.0,0,0,,0,0,0,,0,1,640,1.0,0,1,0,0,0,0,0,single_mesh,,0,,,0,,1,0,0,,0,1.0,,yes,1,1,G4,T2 (Utilities/Python script metric; CHID referenced by a script),proposed,"completes (normal exit, no NaN/trap); T2",no,no,,
Sprinklers_and_Sprays/fluid_part_mom_y.fds,fluid_part_mom_y,IN,all features in scope,PARTICLES,0,,0,0,0,0,0,0,,0,0,0,0,0,0,0,0,0,periodic (not evaluated),0,0.0,0,0,,0,0,0,,0,1,640,1.0,0,1,0,0,0,0,0,single_mesh,,0,,,0,,1,0,0,,0,1.0,,yes,1,1,G4,T2 (Utilities/Python script metric; CHID referenced by a script),proposed,"completes (normal exit, no NaN/trap); T2",no,no,,
Sprinklers_and_Sprays/fluid_part_mom_z.fds,fluid_part_mom_z,IN,all features in scope,PARTICLES,0,,0,0,0,0,0,0,,0,0,0,0,0,0,0,0,0,periodic (not evaluated),0,0.0,0,0,,0,0,0,,0,1,640,1.0,0,1,0,0,0,0,0,single_mesh,,0,,,0,,1,0,0,,0,1.0,,yes,1,1,G4,T2 (Utilities/Python script metric; CHID referenced by a script),proposed,"completes (normal exit, no NaN/trap); T2",no,no,,
Sprinklers_and_Sprays/geom_sprk_mass.fds,geom_sprk_mass,DEFERRED,"uses &GEOM, CC_IBM (GEOM)",GEOM CC_IBM MULTI_MESH PARTICLES,1,GEOM,0,0,0,0,0,0,,0,0,0,0,0,0,0,0,0,none,0,0.0,0,0,,0,0,0,,0,2,54000,0.857,1,1,0,1,0,0,0,no_shared_faces,,0,,,0,,1,0,0,,0,50.0,,yes,2,1,,,,,no,no,,
Sprinklers_and_Sprays/particle_anisotropic_radi.fds,particle_anisotropic_radi,IN,all features in scope,THIN_OBST ZONE MULTI_MESH PARTICLES,0,,0,0,1,1,0,0,,0,0,0,0,0,0,0,1,0,sealed,4,1.0,0,0,,0,0,0,,0,4,4000,0.571,1,1,0,1,0,0,0,no_shared_faces,,0,,,0,,3,0,0,,0,50.0,,yes,1,1,G4,T2 (Verification-Guide dataplot: Relative Error|end|0.01),proposed,"completes (normal exit, no NaN/trap); T2",no,no,,
Sprinklers_and_Sprays/particle_colors.fds,particle_colors,IN,all features in scope,PARTICLES,0,,0,0,0,0,0,0,,0,0,0,0,0,0,0,0,0,none,0,0.0,0,0,,0,0,0,,0,1,2048,1.0,0,1,0,0,0,0,0,single_mesh,,0,,,0,,3,0,0,,0,20.0,,yes,1,1,G4,T2 vs FDS baseline (no committed FDS metric),proposed,"completes (normal exit, no NaN/trap); T2 vs FDS baseline",no,no,,
Sprinklers_and_Sprays/particle_drag_U100_N16.fds,particle_drag_U100_N16,IN,all features in scope,PARTICLES,0,,0,0,0,0,0,0,,0,0,0,0,0,0,0,0,0,periodic (not evaluated),0,0.0,0,0,,0,0,0,,0,1,64,1.0,0,1,0,0,0,0,0,single_mesh,,0,,,0,,1,0,0,,0,25.0,,yes,1,1,G4,T2 (Verification-Guide dataplot: Absolute Error|end|0.01),proposed,"completes (normal exit, no NaN/trap); T2",no,no,,
Sprinklers_and_Sprays/particle_drag_U100_N1600.fds,particle_drag_U100_N1600,IN,all features in scope,PARTICLES,0,,0,0,0,0,0,0,,0,0,0,0,0,0,0,0,0,periodic (not evaluated),0,0.0,0,0,,0,0,0,,0,1,64,1.0,0,1,0,0,0,0,0,single_mesh,,0,,,0,,1,0,0,,0,5.0,,yes,1,1,G4,T2 (Verification-Guide dataplot: Absolute Error|end|0.01),proposed,"completes (normal exit, no NaN/trap); T2",no,no,,
Sprinklers_and_Sprays/particle_drag_U10_N16.fds,particle_drag_U10_N16,IN,all features in scope,PARTICLES,0,,0,0,0,0,0,0,,0,0,0,0,0,0,0,0,0,periodic (not evaluated),0,0.0,0,0,,0,0,0,,0,1,64,1.0,0,1,0,0,0,0,0,single_mesh,,0,,,0,,1,0,0,,0,100.0,,yes,1,1,G4,T2 (Verification-Guide dataplot: Absolute Error|end|0.01; Relative Error|end|0.01),proposed,"completes (normal exit, no NaN/trap); T2",no,no,,
Sprinklers_and_Sprays/particle_drag_U150_N1600.fds,particle_drag_U150_N1600,IN,all features in scope,PARTICLES,0,,0,0,0,0,0,0,,0,0,0,0,0,0,0,0,0,periodic (not evaluated),0,0.0,0,0,,0,0,0,,0,1,64,1.0,0,1,0,0,0,0,0,single_mesh,,0,,,0,,1,0,0,,0,6.0,,yes,1,1,G4,T2 (Verification-Guide dataplot: Absolute Error|end|0.01),proposed,"completes (normal exit, no NaN/trap); T2",no,no,,
Sprinklers_and_Sprays/particle_drag_U50_N16.fds,particle_drag_U50_N16,IN,all features in scope,PARTICLES,0,,0,0,0,0,0,0,,0,0,0,0,0,0,0,0,0,periodic (not evaluated),0,0.0,0,0,,0,0,0,,0,1,64,1.0,0,1,0,0,0,0,0,single_mesh,,0,,,0,,1,0,0,,0,50.0,,yes,1,1,G4,T2 (Verification-Guide dataplot: Absolute Error|end|0.01),proposed,"completes (normal exit, no NaN/trap); T2",no,no,,
Sprinklers_and_Sprays/particle_drag_U50_N1600.fds,particle_drag_U50_N1600,IN,all features in scope,PARTICLES,0,,0,0,0,0,0,0,,0,0,0,0,0,0,0,0,0,periodic (not evaluated),0,0.0,0,0,,0,0,0,,0,1,64,1.0,0,1,0,0,0,0,0,single_mesh,,0,,,0,,1,0,0,,0,4.0,,yes,1,1,G4,T2 (Verification-Guide dataplot: Absolute Error|end|0.01),proposed,"completes (normal exit, no NaN/trap); T2",no,no,,
Sprinklers_and_Sprays/particle_flux.fds,particle_flux,IN,all features in scope,PARTICLES,0,,0,0,0,0,0,0,,0,0,0,0,0,0,0,0,0,none,0,0.0,0,0,,0,0,0,,0,1,62500,1.0,0,1,0,0,0,0,0,single_mesh,,0,,,0,,1,0,0,,0,20.0,,yes,1,1,G4,T2 (Verification-Guide dataplot: Relative Error|end|0.01),proposed,"completes (normal exit, no NaN/trap); T2",no,no,,
Sprinklers_and_Sprays/particle_heating_convection.fds,particle_heating_convection,IN,all features in scope,PARTICLES,0,,0,0,0,0,0,0,,0,0,0,0,0,0,0,0,0,sealed,1,1.0,1,0,,0,0,0,,0,1,1000,1.0,0,1,0,0,0,0,0,single_mesh,,0,,,0,,1,0,0,,0,900.0,,yes,1,1,G4,T2 (Verification-Guide dataplot: Relative Error|end|0.02),proposed,"completes (normal exit, no NaN/trap); T2",no,no,,
Sprinklers_and_Sprays/particle_heating_radiation.fds,particle_heating_radiation,IN,all features in scope,PARTICLES,0,,0,0,0,0,0,0,,0,0,0,0,0,0,0,0,0,sealed,1,1.0,1,0,,0,0,0,,0,1,1000,1.0,0,1,0,0,0,0,0,single_mesh,,0,,,0,,1,0,0,,0,900.0,,yes,1,1,G4,T2 (Verification-Guide dataplot: Relative Error|end|0.02),proposed,"completes (normal exit, no NaN/trap); T2",no,no,,
Sprinklers_and_Sprays/particle_isotropic_radi.fds,particle_isotropic_radi,IN,all features in scope,THIN_OBST ZONE MULTI_MESH PARTICLES,0,,0,0,1,1,0,0,,0,0,0,0,0,0,0,1,0,sealed,4,1.0,0,0,,0,0,0,,0,4,4000,0.571,1,1,0,1,0,0,0,no_shared_faces,,0,,,0,,3,0,0,,0,50.0,,yes,1,1,G4,T2 (Verification-Guide dataplot: Relative Error|end|0.015),proposed,"completes (normal exit, no NaN/trap); T2",no,no,,
Sprinklers_and_Sprays/porous_media.fds,porous_media,UNCLEAR,3 disjoint meshes at different resolutions (no shared faces): not a nested hierarchy and not a uniform level 0 (IR-002); needs a remeshed copy,MULTI_MESH MULTI_RES PARTICLES,0,,0,0,0,0,0,0,,0,0,0,0,0,0,0,0,0,none,0,0.0,0,0,,0,0,0,,0,3,63072,0.882,1,3,0,1,0,1,0,no_shared_faces,,0,,,0,,1,0,0,,0,10.0,,yes,1,1,,,,,no,yes,T2,
Sprinklers_and_Sprays/screen_drag_1.fds,screen_drag_1,IN,all features in scope,MULTI_MESH PARTICLES,0,,0,0,0,0,0,0,,0,0,0,0,0,0,0,0,0,none,0,0.0,0,0,,0,0,0,,0,3,6000,0.938,1,1,0,1,0,0,0,no_shared_faces,,0,,,0,,3,0,0,,0,4.0,,yes,1,1,G4,T2 (Verification-Guide dataplot: Relative Error|end|0.03),proposed,"completes (normal exit, no NaN/trap); T2",no,no,,
Sprinklers_and_Sprays/screen_drag_2.fds,screen_drag_2,IN,all features in scope,MULTI_MESH PARTICLES,0,,0,0,0,0,0,0,,0,0,0,0,0,0,0,0,0,none,0,0.0,0,0,,0,0,0,,0,3,6000,0.938,1,1,0,1,0,0,0,no_shared_faces,,0,,,0,,3,0,0,,0,10.0,,yes,1,1,G4,T2 (Verification-Guide dataplot: Relative Error|mean|0.08),proposed,"completes (normal exit, no NaN/trap); T2",no,no,,
Sprinklers_and_Sprays/sphere_drag_1.fds,sphere_drag_1,IN,all features in scope,MULTI_MESH PARTICLES,0,,0,0,0,0,0,0,,0,0,0,0,0,0,0,0,0,none,0,0.0,0,0,,0,0,0,,0,5,80000,0.926,1,1,0,1,0,0,0,no_shared_faces,,0,,,0,,5,0,0,,0,10.0,,yes,1,1,G4,T2 (Verification-Guide dataplot: Relative Error|end|0.01),proposed,"completes (normal exit, no NaN/trap); T2",no,no,,
Sprinklers_and_Sprays/sphere_drag_2.fds,sphere_drag_2,IN,all features in scope,PARTICLES,0,,0,0,0,0,0,0,,0,0,0,0,0,0,0,0,0,none,0,0.0,0,0,,0,0,0,,0,1,10000,1.0,0,1,0,0,0,0,0,single_mesh,,0,,,0,,1,0,0,,0,100.0,,yes,1,1,G4,T2 (Verification-Guide dataplot: Relative Error|max|0.02),proposed,"completes (normal exit, no NaN/trap); T2",no,no,,
Sprinklers_and_Sprays/terminal_velocity_dt_0_0001.fds,terminal_velocity_dt_0_0001,IN,all features in scope,PARTICLES,0,,0,0,0,0,0,0,,0,0,0,0,0,0,0,0,0,none,0,0.0,0,0,,0,0,0,,0,1,160,1.0,0,1,0,0,0,0,0,single_mesh,,0,,,0,,1,0,0,,0,20.0,,yes,1,1,G4,T2 (Utilities/Python script metric; CHID referenced by a script),proposed,"completes (normal exit, no NaN/trap); T2",no,no,,
Sprinklers_and_Sprays/terminal_velocity_dt_0_001.fds,terminal_velocity_dt_0_001,IN,all features in scope,PARTICLES,0,,0,0,0,0,0,0,,0,0,0,0,0,0,0,0,0,none,0,0.0,0,0,,0,0,0,,0,1,160,1.0,0,1,0,0,0,0,0,single_mesh,,0,,,0,,1,0,0,,0,20.0,,yes,1,1,G4,T2 (Utilities/Python script metric; CHID referenced by a script),proposed,"completes (normal exit, no NaN/trap); T2",no,no,,
Sprinklers_and_Sprays/terminal_velocity_dt_0_01.fds,terminal_velocity_dt_0_01,IN,all features in scope,PARTICLES,0,,0,0,0,0,0,0,,0,0,0,0,0,0,0,0,0,none,0,0.0,0,0,,0,0,0,,0,1,160,1.0,0,1,0,0,0,0,0,single_mesh,,0,,,0,,1,0,0,,0,20.0,,yes,1,1,G4,T2 (Utilities/Python script metric; CHID referenced by a script),proposed,"completes (normal exit, no NaN/trap); T2",no,no,,
Sprinklers_and_Sprays/terminal_velocity_dt_0_1.fds,terminal_velocity_dt_0_1,IN,all features in scope,PARTICLES,0,,0,0,0,0,0,0,,0,0,0,0,0,0,0,0,0,none,0,0.0,0,0,,0,0,0,,0,1,160,1.0,0,1,0,0,0,0,0,single_mesh,,0,,,0,,1,0,0,,0,20.0,,yes,1,1,G4,T2 (Utilities/Python script metric; CHID referenced by a script),proposed,"completes (normal exit, no NaN/trap); T2",no,no,,
Sprinklers_and_Sprays/terminal_velocity_dt_1_0.fds,terminal_velocity_dt_1_0,IN,all features in scope,PARTICLES,0,,0,0,0,0,0,0,,0,0,0,0,0,0,0,0,0,none,0,0.0,0,0,,0,0,0,,0,1,160,1.0,0,1,0,0,0,0,0,single_mesh,,0,,,0,,1,0,0,,0,20.0,,yes,1,1,G4,T2 (Utilities/Python script metric; CHID referenced by a script),proposed,"completes (normal exit, no NaN/trap); T2",no,no,,
Sprinklers_and_Sprays/water_evap_1_const_gamma.fds,water_evap_1_const_gamma,IN,all features in scope,PARTICLES,0,,0,0,0,0,0,0,,0,0,0,0,0,0,0,0,0,sealed,1,1.0,1,0,,0,0,0,,0,1,1000,1.0,0,1,0,0,0,0,0,single_mesh,,0,,,0,,1,0,0,,0,10.0,,yes,1,1,G4,T2 (Verification-Guide dataplot: Relative Error|end|0.01),proposed,"completes (normal exit, no NaN/trap); T2",no,no,,
Sprinklers_and_Sprays/water_evaporation_1.fds,water_evaporation_1,IN,all features in scope,PARTICLES,0,,0,0,0,0,0,0,,0,0,0,0,0,0,0,0,0,sealed,1,1.0,1,0,,0,0,0,,0,1,1000,1.0,0,1,0,0,0,0,0,single_mesh,,0,,,0,,1,0,0,,0,10.0,,yes,1,1,G4,T2 (Verification-Guide dataplot: Relative Error|end|0.01),proposed,"completes (normal exit, no NaN/trap); T2",no,no,,
Sprinklers_and_Sprays/water_evaporation_2.fds,water_evaporation_2,IN,all features in scope,PARTICLES,0,,0,0,0,0,0,0,,0,0,0,0,0,0,0,0,0,sealed,1,1.0,1,0,,0,0,0,,0,1,64,1.0,0,1,0,0,0,0,0,single_mesh,,0,,,0,,1,0,0,,0,50000.0,,yes,1,1,G4,T2 (Verification-Guide dataplot: Relative Error|end|0.01),proposed,"completes (normal exit, no NaN/trap); T2",no,no,,
Sprinklers_and_Sprays/water_evaporation_3.fds,water_evaporation_3,IN,all features in scope,PARTICLES,0,,0,0,0,0,0,0,,0,0,0,0,0,0,0,0,0,sealed,1,1.0,1,0,,0,0,0,,0,1,1000,1.0,0,1,0,0,0,0,0,single_mesh,,0,,,0,,1,0,0,,0,20.0,,yes,1,1,G4,T2 (Verification-Guide dataplot: Relative Error|end_1_1|0.07; Relative Error|end|0.01; Relative Error|end|0.02),proposed,"completes (normal exit, no NaN/trap); T2",no,no,,
Sprinklers_and_Sprays/water_evaporation_4.fds,water_evaporation_4,IN,all features in scope,PARTICLES,0,,0,0,0,0,0,0,,0,0,0,0,0,0,0,0,0,none,0,0.0,0,0,,0,0,0,,0,1,3000,1.0,0,1,0,0,0,0,0,single_mesh,,0,,,0,,1,0,0,,0,40.0,,yes,1,1,G4,T2 (Verification-Guide dataplot: Relative Error|end|0.06),proposed,"completes (normal exit, no NaN/trap); T2",no,no,,
Sprinklers_and_Sprays/water_evaporation_4_np100.fds,water_evaporation_4_np100,IN,all features in scope,PARTICLES,0,,0,0,0,0,0,0,,0,0,0,0,0,0,0,0,0,none,0,0.0,0,0,,0,0,0,,0,1,3000,1.0,0,1,0,0,0,0,0,single_mesh,,0,,,0,,1,0,0,,0,40.0,,yes,1,1,G4,T2 vs FDS baseline (no committed FDS metric),proposed,"completes (normal exit, no NaN/trap); T2 vs FDS baseline",no,no,,
Sprinklers_and_Sprays/water_evaporation_5.fds,water_evaporation_5,IN,all features in scope,PARTICLES,0,,0,0,0,0,0,0,,0,0,0,0,0,0,0,0,0,none,0,0.0,0,0,,0,0,0,,0,1,64,1.0,0,1,0,0,0,0,0,single_mesh,,0,,,0,,2,0,0,,0,712.0,,yes,1,1,G4,T2 (Verification-Guide dataplot: Absolute Error|end|1.00E-04),proposed,"completes (normal exit, no NaN/trap); T2",no,no,,
Sprinklers_and_Sprays/water_evaporation_6.fds,water_evaporation_6,IN,all features in scope,PARTICLES,0,,0,0,0,0,0,0,,0,0,0,0,0,0,0,0,0,sealed,1,1.0,1,0,,0,0,0,,0,1,1000,1.0,0,1,0,0,0,0,0,single_mesh,,0,,,0,,1,0,0,,0,200.0,,yes,1,1,G4,T2 (Verification-Guide dataplot: Relative Error|end|0.01; Relative Error|end|0.015),proposed,"completes (normal exit, no NaN/trap); T2",no,no,,
Sprinklers_and_Sprays/water_evaporation_6a.fds,water_evaporation_6a,IN,all features in scope,PARTICLES,0,,0,0,0,0,0,0,,0,0,0,0,0,0,0,0,0,sealed,1,1.0,1,0,,0,0,0,,0,1,1000,1.0,0,1,0,0,0,0,0,single_mesh,,0,,,0,,1,0,0,,0,20.0,,yes,1,1,G4,T2 (Verification-Guide dataplot: Absolute Error|mean_1_3|0.01),proposed,"completes (normal exit, no NaN/trap); T2",no,no,,
Sprinklers_and_Sprays/water_evaporation_7.fds,water_evaporation_7,IN,all features in scope,PARTICLES,0,,0,0,0,0,0,0,,0,0,0,0,0,0,0,0,0,none,0,0.0,0,0,,0,0,0,,0,1,6000,1.0,0,1,0,0,0,0,0,single_mesh,,0,,,0,,1,0,0,,0,200.0,,yes,1,1,G4,T2 (Verification-Guide dataplot: Absolute Error|mean_2_2|1; Relative Error|mean_1_1|0.05; Relative Error|mean_3_3|0.05),proposed,"completes (normal exit, no NaN/trap); T2",no,no,,
Sprinklers_and_Sprays/water_evaporation_8.fds,water_evaporation_8,IN,all features in scope,PARTICLES,0,,0,0,0,0,0,0,,0,0,0,0,0,0,0,0,0,none,0,0.0,0,0,,0,0,0,,0,1,3630,1.0,0,1,0,0,0,0,0,single_mesh,,0,,,0,,2,0,0,,0,16.0,,yes,1,1,G4,T2 (Verification-Guide dataplot: Absolute Error|end|0.05; Absolute Error|end|5),proposed,"completes (normal exit, no NaN/trap); T2",no,no,,
Sprinklers_and_Sprays/water_fuel_sprays.fds,water_fuel_sprays,IN,all features in scope,PARTICLES,0,,0,0,0,0,0,0,,0,0,0,0,0,0,0,0,0,none,0,0.0,0,0,,0,0,0,,0,1,25000,1.0,0,1,0,0,0,0,0,single_mesh,,0,,,0,,2,0,0,,0,120.0,,yes,1,1,G4,T2 vs FDS baseline (no committed FDS metric),proposed,"completes (normal exit, no NaN/trap); T2 vs FDS baseline",no,no,,
Thread_Check/race_test_1.fds,race_test_1,IN,all features in scope; 5:1 interfaces -> A-35 remeshed copy for AMR mode,MULTI_MESH MULTI_RES RATIO_NOT_2_4,0,,0,0,0,0,0,0,,0,0,0,0,0,0,0,0,0,sealed,1,1.0,1,0,,0,0,0,,0,6,37440,1.0,0,2,0,1,13,1,0,other_nonpow2,5,0,,,0,,0,0,0,,0,5.0,,yes,1,1,T2,T1 first 100 steps (T2 full run) / T2,184-inventory,"completes (normal exit, no NaN/trap); tier T2 gate, tclass as inventory","yes: vv-runs/inputs/A-35/race_test_1_r4.fds (A-35, done)",yes,T2,
Thread_Check/race_test_4.fds,race_test_4,IN,all features in scope; 5:1 interfaces -> A-35 remeshed copy for AMR mode,MULTI_MESH MULTI_RES RATIO_NOT_2_4,0,,0,0,0,0,0,0,,0,0,0,0,0,0,0,0,0,sealed,1,1.0,1,0,,0,0,0,,0,6,37440,1.0,0,2,0,1,13,1,0,other_nonpow2,5,0,,,0,,0,0,0,,0,5.0,,yes,1,1,T2-opt,T1 first 100 steps (T2 full run) / T2,184-inventory,"completes (normal exit, no NaN/trap); tier T2-opt gate, tclass as inventory","yes: vv-runs/inputs/A-35/race_test_4_r4.fds (A-35, done)",yes,T2-opt,
Timing_Benchmarks/openmp_test128a.fds,openmp_test128a,IN,all features in scope,,0,,0,0,0,0,0,0,,0,0,0,0,0,0,0,0,0,none,0,0.0,0,0,,0,0,0,,0,1,2097152,1.0,0,1,0,0,0,0,0,single_mesh,,0,,,0,,0,0,0,,0,1.0,,yes,1,1,G4,T2 vs FDS baseline (no committed FDS metric),proposed,"completes (normal exit, no NaN/trap); T2 vs FDS baseline",no,no,,
Timing_Benchmarks/openmp_test128b.fds,openmp_test128b,IN,all features in scope,,0,,0,0,0,0,0,0,,0,0,0,0,0,0,0,0,0,none,0,0.0,0,0,,0,0,0,,0,1,2097152,1.0,0,1,0,0,0,0,0,single_mesh,,0,,,0,,0,0,0,,0,1.0,,yes,1,1,G4,T2 vs FDS baseline (no committed FDS metric),proposed,"completes (normal exit, no NaN/trap); T2 vs FDS baseline",no,no,,
Timing_Benchmarks/openmp_test128c.fds,openmp_test128c,IN,all features in scope,,0,,0,0,0,0,0,0,,0,0,0,0,0,0,0,0,0,none,0,0.0,0,0,,0,0,0,,0,1,2097152,1.0,0,1,0,0,0,0,0,single_mesh,,0,,,0,,0,0,0,,0,1.0,,yes,1,1,G4,T2 vs FDS baseline (no committed FDS metric),proposed,"completes (normal exit, no NaN/trap); T2 vs FDS baseline",no,no,,
Timing_Benchmarks/openmp_test128d.fds,openmp_test128d,IN,all features in scope,,0,,0,0,0,0,0,0,,0,0,0,0,0,0,0,0,0,none,0,0.0,0,0,,0,0,0,,0,1,2097152,1.0,0,1,0,0,0,0,0,single_mesh,,0,,,0,,0,0,0,,0,1.0,,yes,1,1,G4,T2 vs FDS baseline (no committed FDS metric),proposed,"completes (normal exit, no NaN/trap); T2 vs FDS baseline",no,no,,
Timing_Benchmarks/openmp_test128e.fds,openmp_test128e,IN,all features in scope,,0,,0,0,0,0,0,0,,0,0,0,0,0,0,0,0,0,none,0,0.0,0,0,,0,0,0,,0,1,2097152,1.0,0,1,0,0,0,0,0,single_mesh,,0,,,0,,0,0,0,,0,1.0,,yes,1,1,G4,T2 vs FDS baseline (no committed FDS metric),proposed,"completes (normal exit, no NaN/trap); T2 vs FDS baseline",no,no,,
Timing_Benchmarks/openmp_test128f.fds,openmp_test128f,IN,all features in scope,,0,,0,0,0,0,0,0,,0,0,0,0,0,0,0,0,0,none,0,0.0,0,0,,0,0,0,,0,1,2097152,1.0,0,1,0,0,0,0,0,single_mesh,,0,,,0,,0,0,0,,0,1.0,,yes,1,1,G4,T2 vs FDS baseline (no committed FDS metric),proposed,"completes (normal exit, no NaN/trap); T2 vs FDS baseline",no,no,,
Timing_Benchmarks/openmp_test128g.fds,openmp_test128g,IN,all features in scope,,0,,0,0,0,0,0,0,,0,0,0,0,0,0,0,0,0,none,0,0.0,0,0,,0,0,0,,0,1,2097152,1.0,0,1,0,0,0,0,0,single_mesh,,0,,,0,,0,0,0,,0,1.0,,yes,1,1,G4,T2 vs FDS baseline (no committed FDS metric),proposed,"completes (normal exit, no NaN/trap); T2 vs FDS baseline",no,no,,
Timing_Benchmarks/openmp_test128h.fds,openmp_test128h,IN,all features in scope,,0,,0,0,0,0,0,0,,0,0,0,0,0,0,0,0,0,none,0,0.0,0,0,,0,0,0,,0,1,2097152,1.0,0,1,0,0,0,0,0,single_mesh,,0,,,0,,0,0,0,,0,1.0,,yes,1,1,G4,T2 vs FDS baseline (no committed FDS metric),proposed,"completes (normal exit, no NaN/trap); T2 vs FDS baseline",no,no,,
Timing_Benchmarks/openmp_test64a.fds,openmp_test64a,IN,all features in scope,,0,,0,0,0,0,0,0,,0,0,0,0,0,0,0,0,0,none,0,0.0,0,0,,0,0,0,,0,1,262144,1.0,0,1,0,0,0,0,0,single_mesh,,0,,,0,,0,0,0,,0,10.0,,yes,1,1,T2,T1 / timing,184-inventory,"completes (normal exit, no NaN/trap); tier T2 gate, tclass as inventory",no,yes,T2,
Timing_Benchmarks/openmp_test64b.fds,openmp_test64b,IN,all features in scope,,0,,0,0,0,0,0,0,,0,0,0,0,0,0,0,0,0,none,0,0.0,0,0,,0,0,0,,0,1,262144,1.0,0,1,0,0,0,0,0,single_mesh,,0,,,0,,0,0,0,,0,10.0,,yes,1,1,G4,T2 vs FDS baseline (no committed FDS metric),proposed,"completes (normal exit, no NaN/trap); T2 vs FDS baseline",no,no,,
Timing_Benchmarks/openmp_test64c.fds,openmp_test64c,IN,all features in scope,,0,,0,0,0,0,0,0,,0,0,0,0,0,0,0,0,0,none,0,0.0,0,0,,0,0,0,,0,1,262144,1.0,0,1,0,0,0,0,0,single_mesh,,0,,,0,,0,0,0,,0,10.0,,yes,1,1,G4,T2 vs FDS baseline (no committed FDS metric),proposed,"completes (normal exit, no NaN/trap); T2 vs FDS baseline",no,no,,
Timing_Benchmarks/openmp_test64d.fds,openmp_test64d,IN,all features in scope,,0,,0,0,0,0,0,0,,0,0,0,0,0,0,0,0,0,none,0,0.0,0,0,,0,0,0,,0,1,262144,1.0,0,1,0,0,0,0,0,single_mesh,,0,,,0,,0,0,0,,0,10.0,,yes,1,1,G4,T2 vs FDS baseline (no committed FDS metric),proposed,"completes (normal exit, no NaN/trap); T2 vs FDS baseline",no,no,,
Timing_Benchmarks/openmp_test64e.fds,openmp_test64e,IN,all features in scope,,0,,0,0,0,0,0,0,,0,0,0,0,0,0,0,0,0,none,0,0.0,0,0,,0,0,0,,0,1,262144,1.0,0,1,0,0,0,0,0,single_mesh,,0,,,0,,0,0,0,,0,10.0,,yes,1,1,G4,T2 vs FDS baseline (no committed FDS metric),proposed,"completes (normal exit, no NaN/trap); T2 vs FDS baseline",no,no,,
Timing_Benchmarks/openmp_test64f.fds,openmp_test64f,IN,all features in scope,,0,,0,0,0,0,0,0,,0,0,0,0,0,0,0,0,0,none,0,0.0,0,0,,0,0,0,,0,1,262144,1.0,0,1,0,0,0,0,0,single_mesh,,0,,,0,,0,0,0,,0,10.0,,yes,1,1,G4,T2 vs FDS baseline (no committed FDS metric),proposed,"completes (normal exit, no NaN/trap); T2 vs FDS baseline",no,no,,
Timing_Benchmarks/openmp_test64g.fds,openmp_test64g,IN,all features in scope,,0,,0,0,0,0,0,0,,0,0,0,0,0,0,0,0,0,none,0,0.0,0,0,,0,0,0,,0,1,262144,1.0,0,1,0,0,0,0,0,single_mesh,,0,,,0,,0,0,0,,0,10.0,,yes,1,1,G4,T2 vs FDS baseline (no committed FDS metric),proposed,"completes (normal exit, no NaN/trap); T2 vs FDS baseline",no,no,,
Timing_Benchmarks/openmp_test64h.fds,openmp_test64h,IN,all features in scope,,0,,0,0,0,0,0,0,,0,0,0,0,0,0,0,0,0,none,0,0.0,0,0,,0,0,0,,0,1,262144,1.0,0,1,0,0,0,0,0,single_mesh,,0,,,0,,0,0,0,,0,10.0,,yes,1,1,G4,T2 vs FDS baseline (no committed FDS metric),proposed,"completes (normal exit, no NaN/trap); T2 vs FDS baseline",no,no,,
Turbulence/csmag0_32.fds,csmag0_32,IN,all features in scope,,0,,0,0,0,0,0,0,,0,0,0,0,0,0,0,0,0,periodic (not evaluated),0,0.0,0,0,,0,0,0,,0,1,32768,1.0,0,1,0,0,0,0,0,single_mesh,,0,,,0,,0,0,0,,0,0.67,,yes,1,1,G4,T2 (Utilities/Python script metric; CHID referenced by a script),proposed,"completes (normal exit, no NaN/trap); T2",no,no,,
Turbulence/csmag_32.fds,csmag_32,IN,all features in scope,,0,,0,0,0,0,0,0,,0,0,0,0,0,0,0,0,0,periodic (not evaluated),0,0.0,0,0,,0,0,0,,0,1,32768,1.0,0,1,0,0,0,0,0,single_mesh,,0,,,0,,0,0,0,,0,0.67,,yes,1,1,G4,T2 (Utilities/Python script metric; CHID referenced by a script),proposed,"completes (normal exit, no NaN/trap); T2",no,no,,
Turbulence/csmag_64.fds,csmag_64,IN,all features in scope,,0,,0,0,0,0,0,0,,0,0,0,0,0,0,0,0,0,periodic (not evaluated),0,0.0,0,0,,0,0,0,,0,1,262144,1.0,0,1,0,0,0,0,0,single_mesh,,0,,,0,,0,0,0,,0,0.67,,yes,1,1,G4,T2 (Utilities/Python script metric; CHID referenced by a script),proposed,"completes (normal exit, no NaN/trap); T2",no,no,,
Turbulence/deardorff_32.fds,deardorff_32,IN,all features in scope,,0,,0,0,0,0,0,0,,0,0,0,0,0,0,0,0,0,periodic (not evaluated),0,0.0,0,0,,0,0,0,,0,1,32768,1.0,0,1,0,0,0,0,0,single_mesh,,0,,,0,,0,0,0,,0,0.67,,yes,1,1,G4,T2 (Utilities/Python script metric; CHID referenced by a script),proposed,"completes (normal exit, no NaN/trap); T2",no,no,,
Turbulence/deardorff_64.fds,deardorff_64,IN,all features in scope,,0,,0,0,0,0,0,0,,0,0,0,0,0,0,0,0,0,periodic (not evaluated),0,0.0,0,0,,0,0,0,,0,1,262144,1.0,0,1,0,0,0,0,0,single_mesh,,0,,,0,,0,0,0,,0,0.67,,yes,1,1,G4,T2 (Utilities/Python script metric; CHID referenced by a script),proposed,"completes (normal exit, no NaN/trap); T2",no,no,,
Turbulence/dsmag_32.fds,dsmag_32,IN,all features in scope,,0,,0,0,0,0,0,0,,0,0,0,0,0,0,0,0,0,periodic (not evaluated),0,0.0,0,0,,0,0,0,,0,1,32768,1.0,0,1,0,0,0,0,0,single_mesh,,0,,,0,,0,0,0,,0,0.67,,yes,1,1,G4,T2 (Utilities/Python script metric; CHID referenced by a script),proposed,"completes (normal exit, no NaN/trap); T2",no,no,,
Turbulence/dsmag_64.fds,dsmag_64,IN,all features in scope,,0,,0,0,0,0,0,0,,0,0,0,0,0,0,0,0,0,periodic (not evaluated),0,0.0,0,0,,0,0,0,,0,1,262144,1.0,0,1,0,0,0,0,0,single_mesh,,0,,,0,,0,0,0,,0,0.67,,yes,1,1,G4,T2 (Utilities/Python script metric; CHID referenced by a script),proposed,"completes (normal exit, no NaN/trap); T2",no,no,,
Turbulence/mu0_32.fds,mu0_32,IN,all features in scope,,0,,0,0,0,0,0,0,,0,0,0,0,0,0,0,0,0,periodic (not evaluated),0,0.0,0,0,,0,0,0,,0,1,32768,1.0,0,1,0,0,0,0,0,single_mesh,,0,,,0,,0,0,0,,0,0.67,,yes,1,1,G4,T2 (Utilities/Python script metric; CHID referenced by a script),proposed,"completes (normal exit, no NaN/trap); T2",no,no,,
Turbulence/ramp_prof_u_z.fds,ramp_prof_u_z,IN,all features in scope,,0,,0,0,0,0,0,0,,0,0,0,0,0,0,0,0,0,none,0,0.0,0,0,,0,0,0,,0,1,24000,1.0,0,1,0,0,0,0,0,single_mesh,,0,,,0,,0,0,0,,0,5.0,,yes,1,1,G4,T2 vs FDS baseline (no committed FDS metric),proposed,"completes (normal exit, no NaN/trap); T2 vs FDS baseline",no,no,,
Turbulence/rng_32.fds,rng_32,IN,all features in scope,,0,,0,0,0,0,0,0,,0,0,0,0,0,0,0,0,0,periodic (not evaluated),0,0.0,0,0,,0,0,0,,0,1,32768,1.0,0,1,0,0,0,0,0,single_mesh,,0,,,0,,0,0,0,,0,0.67,,no,,1,G4,completes only (FDS does not run it: not in FDS_Cases.sh or commented),proposed,"completes (normal exit, no NaN/trap); completes only",no,no,,
Turbulence/rng_64.fds,rng_64,IN,all features in scope,,0,,0,0,0,0,0,0,,0,0,0,0,0,0,0,0,0,periodic (not evaluated),0,0.0,0,0,,0,0,0,,0,1,262144,1.0,0,1,0,0,0,0,0,single_mesh,,0,,,0,,0,0,0,,0,0.67,,no,,1,G4,completes only (FDS does not run it: not in FDS_Cases.sh or commented),proposed,"completes (normal exit, no NaN/trap); completes only",no,no,,
Turbulence/sem_atm_leddy_p2.fds,sem_atm_leddy_p2,IN,all features in scope,,0,,0,0,0,0,0,0,,0,0,0,0,0,0,0,0,0,periodic (not evaluated),0,0.0,0,0,,0,0,0,,0,1,35937,1.0,0,1,0,0,0,0,0,single_mesh,,0,,,0,,0,0,0,,0,60.0,,yes,1,1,G4,T2 (Utilities/Python script metric; CHID referenced by a script),proposed,"completes (normal exit, no NaN/trap); T2",no,no,,
Turbulence/sem_flat_leddy_p2.fds,sem_flat_leddy_p2,IN,all features in scope,,0,,0,0,0,0,0,0,,0,0,0,0,0,0,0,0,0,periodic (not evaluated),0,0.0,0,0,,0,0,0,,0,1,35937,1.0,0,1,0,0,0,0,0,single_mesh,,0,,,0,,0,0,0,,0,60.0,,yes,1,1,G4,T2 (Utilities/Python script metric; CHID referenced by a script),proposed,"completes (normal exit, no NaN/trap); T2",no,no,,
Turbulence/sem_open_wind.fds,sem_open_wind,IN,all features in scope,,0,,0,0,0,0,0,0,,0,0,0,0,0,0,0,0,0,periodic (not evaluated),0,0.0,0,0,,0,0,0,,0,1,99840,1.0,0,1,0,0,0,0,0,single_mesh,,0,,,0,,0,0,0,,0,60.0,,yes,1,1,G4,T2 (Utilities/Python script metric; CHID referenced by a script),proposed,"completes (normal exit, no NaN/trap); T2",no,no,,
Turbulence/sem_par_leddy_p2.fds,sem_par_leddy_p2,IN,all features in scope,,0,,0,0,0,0,0,0,,0,0,0,0,0,0,0,0,0,none,0,0.0,0,0,,0,0,0,,0,1,35937,1.0,0,1,0,0,0,0,0,single_mesh,,0,,,0,,0,0,0,,0,60.0,,yes,1,1,G4,T2 (Utilities/Python script metric; CHID referenced by a script),proposed,"completes (normal exit, no NaN/trap); T2",no,no,,
Turbulence/sem_ramp_leddy_p2.fds,sem_ramp_leddy_p2,IN,all features in scope,,0,,0,0,0,0,0,0,,0,0,0,0,0,0,0,0,0,none,0,0.0,0,0,,0,0,0,,0,1,35937,1.0,0,1,0,0,0,0,0,single_mesh,,0,,,0,,0,0,0,,0,60.0,,yes,1,1,G4,T2 (Utilities/Python script metric; CHID referenced by a script),proposed,"completes (normal exit, no NaN/trap); T2",no,no,,
Turbulence/sem_test.fds,sem_test,IN,all features in scope,MULTI_MESH,0,,0,0,0,0,0,0,,0,0,0,0,0,0,0,0,0,periodic (not evaluated),0,0.0,0,0,,0,0,0,,0,4,604800,1.0,0,1,0,1,3,0,0,uniform,1,0,,,0,,0,0,0,,0,600.0,,no,,1,G4,completes only (FDS does not run it: not in FDS_Cases.sh or commented),proposed,"completes (normal exit, no NaN/trap); completes only",no,no,,
Turbulence/vreman_32.fds,vreman_32,IN,all features in scope,,0,,0,0,0,0,0,0,,0,0,0,0,0,0,0,0,0,periodic (not evaluated),0,0.0,0,0,,0,0,0,,0,1,32768,1.0,0,1,0,0,0,0,0,single_mesh,,0,,,0,,0,0,0,,0,0.67,,yes,1,1,G4,T2 (Utilities/Python script metric; CHID referenced by a script),proposed,"completes (normal exit, no NaN/trap); T2",no,no,,
Turbulence/vreman_64.fds,vreman_64,IN,all features in scope,,0,,0,0,0,0,0,0,,0,0,0,0,0,0,0,0,0,periodic (not evaluated),0,0.0,0,0,,0,0,0,,0,1,262144,1.0,0,1,0,0,0,0,0,single_mesh,,0,,,0,,0,0,0,,0,0.67,,yes,1,1,G4,T2 (Utilities/Python script metric; CHID referenced by a script),proposed,"completes (normal exit, no NaN/trap); T2",no,no,,
Turbulence/wale_32.fds,wale_32,IN,all features in scope,,0,,0,0,0,0,0,0,,0,0,0,0,0,0,0,0,0,periodic (not evaluated),0,0.0,0,0,,0,0,0,,0,1,32768,1.0,0,1,0,0,0,0,0,single_mesh,,0,,,0,,0,0,0,,0,0.67,,yes,1,1,G4,T2 (Utilities/Python script metric; CHID referenced by a script),proposed,"completes (normal exit, no NaN/trap); T2",no,no,,
Turbulence/wale_64.fds,wale_64,IN,all features in scope,,0,,0,0,0,0,0,0,,0,0,0,0,0,0,0,0,0,periodic (not evaluated),0,0.0,0,0,,0,0,0,,0,1,262144,1.0,0,1,0,0,0,0,0,single_mesh,,0,,,0,,0,0,0,,0,0.67,,yes,1,1,G4,T2 (Utilities/Python script metric; CHID referenced by a script),proposed,"completes (normal exit, no NaN/trap); T2",no,no,,
Turbulence/yplus_16.fds,yplus_16,IN,all features in scope,,0,,0,0,0,0,0,0,,0,0,0,0,0,0,0,0,0,periodic (not evaluated),0,0.0,0,0,,0,0,0,,0,1,128,1.0,0,1,1,0,0,0,0,single_mesh,,0,,,0,,0,0,0,,0,10.0,,yes,1,1,G4,T2 (Utilities/Python script metric; CHID referenced by a script),proposed,"completes (normal exit, no NaN/trap); T2",no,no,,
Turbulence/yplus_32.fds,yplus_32,IN,all features in scope,,0,,0,0,0,0,0,0,,0,0,0,0,0,0,0,0,0,periodic (not evaluated),0,0.0,0,0,,0,0,0,,0,1,256,1.0,0,1,1,0,0,0,0,single_mesh,,0,,,0,,0,0,0,,0,10.0,,yes,1,1,G4,T2 (Utilities/Python script metric; CHID referenced by a script),proposed,"completes (normal exit, no NaN/trap); T2",no,no,,
Turbulence/yplus_8.fds,yplus_8,IN,all features in scope,,0,,0,0,0,0,0,0,,0,0,0,0,0,0,0,0,0,periodic (not evaluated),0,0.0,0,0,,0,0,0,,0,1,64,1.0,0,1,1,0,0,0,0,single_mesh,,0,,,0,,0,0,0,,0,10.0,,yes,1,1,G4,T2 (Utilities/Python script metric; CHID referenced by a script),proposed,"completes (normal exit, no NaN/trap); T2",no,no,,
VTK/beam_detector.fds,beam_detector,OUT,"&DUMP WRITE_FORMAT='VTK' needs an HDF5 build (none; D-019 open), no pass criterion",MULTI_MESH,0,,0,0,0,0,0,0,,0,0,0,0,0,0,0,0,0,sealed,1,1.0,1,0,,0,0,0,,0,8,400000,1.0,0,1,0,1,12,0,0,uniform,1,0,,,0,,0,0,0,,0,1.0,,no,,1,,,,,no,yes,T3,
VTK/cascade.fds,cascade,OUT,"&DUMP WRITE_FORMAT='VTK' needs an HDF5 build (none; D-019 open), no pass criterion",PARTICLES,0,,0,0,0,0,0,0,,0,0,0,0,0,0,0,0,0,sealed,1,1.0,1,0,,0,0,0,,0,1,14336,1.0,0,1,0,0,0,0,0,single_mesh,,0,,,0,,1,0,0,,0,100.0,,no,,1,,,,,no,yes,T3,
VTK/couch.fds,couch,OUT,"&DUMP WRITE_FORMAT='VTK' needs an HDF5 build (none; D-019 open), no pass criterion",MULTI_MESH PARTICLES,0,,0,0,0,0,0,0,,0,0,0,0,0,0,0,0,0,none,0,0.0,0,0,,0,0,0,,0,4,60000,1.0,0,1,0,1,4,0,0,uniform,1,0,,,0,,1,0,0,,0,600.0,,no,,1,,,,,no,yes,T3,
VTK/storage.fds,storage,OUT,"&DUMP WRITE_FORMAT='VTK' needs an HDF5 build (none; D-019 open), no pass criterion",MULTI_MESH PARTICLES,0,,0,0,0,0,0,0,,0,0,0,0,0,0,0,0,0,sealed,1,1.0,1,0,,0,0,0,,0,8,27000,1.0,0,1,0,1,12,0,0,uniform,1,0,,,0,,1,0,0,,0,300.0,,no,,1,,,,,no,yes,T3,
WUI/Bova_1a.fds,Bova_1a,IN,all features in scope,LEVEL_SET,0,,0,0,0,0,0,0,,0,0,0,0,0,0,0,0,0,none (LEVEL_SET_MODE>0),0,0.0,0,0,,0,0,1,1,0,1,40000,1.0,0,1,0,0,0,0,0,single_mesh,,0,,,0,,0,0,0,,0,1080.0,,yes,1,1,G4,T2 vs FDS baseline (no committed FDS metric),proposed,"completes (normal exit, no NaN/trap); T2 vs FDS baseline",no,no,,
WUI/Bova_1b.fds,Bova_1b,IN,all features in scope,LEVEL_SET,0,,0,0,0,0,0,0,,0,0,0,0,0,0,0,0,0,none (LEVEL_SET_MODE>0),0,0.0,0,0,,0,0,1,1,0,1,40000,1.0,0,1,0,0,0,0,0,single_mesh,,0,,,0,,0,0,0,,0,1620.0,,yes,1,1,G4,T2 vs FDS baseline (no committed FDS metric),proposed,"completes (normal exit, no NaN/trap); T2 vs FDS baseline",no,no,,
WUI/Bova_4a.fds,Bova_4a,IN,all features in scope,LEVEL_SET,0,,0,0,0,0,0,0,,0,0,0,0,0,0,0,0,0,none (LEVEL_SET_MODE>0),0,0.0,0,0,,0,0,1,1,0,1,40000,1.0,0,1,0,0,0,0,0,single_mesh,,0,,,0,,0,0,0,,0,2160.0,,yes,1,1,G4,T2 vs FDS baseline (no committed FDS metric),proposed,"completes (normal exit, no NaN/trap); T2 vs FDS baseline",no,no,,
WUI/LS4_ember_ignition.fds,LS4_ember_ignition,IN,all features in scope,LEVEL_SET MULTI_MESH PARTICLES,0,,0,0,0,0,0,0,,0,0,0,0,0,0,0,0,0,none (LEVEL_SET_MODE>0),0,0.0,0,0,,0,0,1,4,0,2,2000,0.8,1,1,0,1,0,0,0,no_shared_faces,,0,,,0,,2,0,0,,0,50.0,,yes,1,1,G4,T2 (Verification-Guide dataplot: Relative Error|end|0.01),proposed,"completes (normal exit, no NaN/trap); T2",no,no,,
WUI/LS4_ember_yield.fds,LS4_ember_yield,IN,all features in scope,LEVEL_SET PARTICLES,0,,0,0,0,0,0,0,,0,0,0,0,0,0,0,0,0,none (LEVEL_SET_MODE>0),0,0.0,0,0,,0,0,1,4,0,1,8000,1.0,0,1,0,0,0,0,0,single_mesh,,0,,,0,,1,0,0,,0,100.0,,yes,1,1,G4,T2 (Verification-Guide dataplot: Relative Error|end|0.01; Relative Error|end|0.1),proposed,"completes (normal exit, no NaN/trap); T2",no,no,,
WUI/LS_ellipse_0ms_00deg.fds,LS_ellipse_0ms_00deg,IN,all features in scope,LEVEL_SET,0,,0,0,0,0,0,0,,0,0,0,0,0,0,0,0,0,none (LEVEL_SET_MODE>0),0,0.0,0,0,,0,0,1,1,0,1,12500,1.0,0,1,0,0,0,0,0,single_mesh,,0,,,0,,0,0,0,,0,125.0,,yes,1,1,G4,T2 vs FDS baseline (no committed FDS metric),proposed,"completes (normal exit, no NaN/trap); T2 vs FDS baseline",no,no,,
WUI/LS_ellipse_0ms_30deg.fds,LS_ellipse_0ms_30deg,DEFERRED,"uses &GEOM, CC_IBM (GEOM)",GEOM CC_IBM LEVEL_SET,1,GEOM,0,0,0,0,0,0,,0,0,0,0,0,0,0,0,0,none (LEVEL_SET_MODE>0),0,0.0,0,0,,0,0,1,1,0,1,12500,1.0,0,1,0,0,0,0,0,single_mesh,,0,,,0,,0,0,0,,0,125.0,,yes,1,1,,,,,no,no,,
WUI/LS_ellipse_5ms_00deg.fds,LS_ellipse_5ms_00deg,IN,all features in scope,LEVEL_SET,0,,0,0,0,0,0,0,,0,0,0,0,0,0,0,0,0,none (LEVEL_SET_MODE>0),0,0.0,0,0,,0,0,1,1,0,1,12500,1.0,0,1,0,0,0,0,0,single_mesh,,0,,,0,,0,0,0,,0,125.0,,yes,1,1,G4,T2 vs FDS baseline (no committed FDS metric),proposed,"completes (normal exit, no NaN/trap); T2 vs FDS baseline",no,no,,
WUI/LS_ellipse_5ms_30deg.fds,LS_ellipse_5ms_30deg,DEFERRED,"uses &GEOM, CC_IBM (GEOM)",GEOM CC_IBM LEVEL_SET,1,GEOM,0,0,0,0,0,0,,0,0,0,0,0,0,0,0,0,none (LEVEL_SET_MODE>0),0,0.0,0,0,,0,0,1,1,0,1,12500,1.0,0,1,0,0,0,0,0,single_mesh,,0,,,0,,0,0,0,,0,125.0,,yes,1,1,,,,,no,no,,
WUI/LS_wind_ramp_lin.fds,LS_wind_ramp_lin,IN,all features in scope,LEVEL_SET,0,,0,0,0,0,0,0,,0,0,0,0,0,0,0,0,0,none (LEVEL_SET_MODE>0),0,0.0,0,0,,0,0,1,1,0,1,12500,1.0,0,1,0,0,0,0,0,single_mesh,,0,,,0,,0,0,0,,0,160.0,,yes,1,1,G4,T2 (Verification-Guide dataplot: Relative Error|mean|0.05),proposed,"completes (normal exit, no NaN/trap); T2",no,no,,
WUI/LS_wind_ramp_quad.fds,LS_wind_ramp_quad,IN,all features in scope,LEVEL_SET,0,,0,0,0,0,0,0,,0,0,0,0,0,0,0,0,0,none (LEVEL_SET_MODE>0),0,0.0,0,0,,0,0,1,1,0,1,12500,1.0,0,1,0,0,0,0,0,single_mesh,,0,,,0,,0,0,0,,0,160.0,,yes,1,1,G4,T2 vs FDS baseline (no committed FDS metric),proposed,"completes (normal exit, no NaN/trap); T2 vs FDS baseline",no,no,,
WUI/Morvan_TGA.fds,Morvan_TGA,IN,all features in scope,PARTICLES,0,,0,0,0,0,0,0,,0,0,0,0,0,0,0,0,0,sealed,1,1.0,1,0,,0,0,0,,0,1,125,1.0,0,1,0,0,0,0,0,single_mesh,,0,,,0,,1,0,0,,0,1.0,,yes,1,1,G4,T2 (Verification-Guide dataplot: N/A|mean|0),proposed,"completes (normal exit, no NaN/trap); T2",no,no,,
WUI/Morvan_TGA_2.fds,Morvan_TGA_2,IN,all features in scope,PARTICLES,0,,0,0,0,0,0,0,,0,0,0,0,0,0,0,0,0,sealed,1,1.0,1,0,,0,0,0,,0,1,125,1.0,0,1,0,0,0,0,0,single_mesh,,0,,,0,,1,0,0,,0,1.0,,yes,1,1,G4,T2 (Verification-Guide dataplot: N/A|mean|0),proposed,"completes (normal exit, no NaN/trap); T2",no,no,,
WUI/Needle_TGA_A.fds,Needle_TGA_A,IN,all features in scope,,0,,0,0,0,0,0,0,,0,0,0,0,0,0,0,0,0,sealed,1,1.0,1,0,,0,0,0,,0,1,16,1.0,0,1,1,0,0,0,0,single_mesh,,0,,,0,,0,0,0,,0,4050.0,,yes,1,1,G4,T2 vs FDS baseline (no committed FDS metric),proposed,"completes (normal exit, no NaN/trap); T2 vs FDS baseline",no,no,,
WUI/Needle_TGA_B.fds,Needle_TGA_B,IN,all features in scope,,0,,0,0,0,0,0,0,,0,0,0,0,0,0,0,0,0,sealed,1,1.0,1,0,,0,0,0,,0,1,16,1.0,0,1,1,0,0,0,0,single_mesh,,0,,,0,,0,0,0,,0,4050.0,,yes,1,1,G4,T2 vs FDS baseline (no committed FDS metric),proposed,"completes (normal exit, no NaN/trap); T2 vs FDS baseline",no,no,,
WUI/Needle_TGA_C.fds,Needle_TGA_C,IN,all features in scope,,0,,0,0,0,0,0,0,,0,0,0,0,0,0,0,0,0,sealed,1,1.0,1,0,,0,0,0,,0,1,16,1.0,0,1,1,0,0,0,0,single_mesh,,0,,,0,,0,0,0,,0,4050.0,,yes,1,1,G4,T2 vs FDS baseline (no committed FDS metric),proposed,"completes (normal exit, no NaN/trap); T2 vs FDS baseline",no,no,,
WUI/Needle_TGA_D.fds,Needle_TGA_D,IN,all features in scope,,0,,0,0,0,0,0,0,,0,0,0,0,0,0,0,0,0,sealed,1,1.0,1,0,,0,0,0,,0,1,16,1.0,0,1,1,0,0,0,0,single_mesh,,0,,,0,,0,0,0,,0,5000.0,,yes,1,1,G4,T2 vs FDS baseline (no committed FDS metric),proposed,"completes (normal exit, no NaN/trap); T2 vs FDS baseline",no,no,,
WUI/Needle_TGA_E.fds,Needle_TGA_E,IN,all features in scope,,0,,0,0,0,0,0,0,,0,0,0,0,0,0,0,0,0,sealed,1,1.0,1,0,,0,0,0,,0,1,16,1.0,0,1,1,0,0,0,0,single_mesh,,0,,,0,,0,0,0,,0,11000.0,,yes,1,1,G4,T2 vs FDS baseline (no committed FDS metric),proposed,"completes (normal exit, no NaN/trap); T2 vs FDS baseline",no,no,,
WUI/Needle_TGA_F.fds,Needle_TGA_F,IN,all features in scope,,0,,0,0,0,0,0,0,,0,0,0,0,0,0,0,0,0,sealed,1,1.0,1,0,,0,0,0,,0,1,16,1.0,0,1,1,0,0,0,0,single_mesh,,0,,,0,,0,0,0,,0,1200.0,,yes,1,1,G4,T2 vs FDS baseline (no committed FDS metric),proposed,"completes (normal exit, no NaN/trap); T2 vs FDS baseline",no,no,,
WUI/Needle_TGA_G.fds,Needle_TGA_G,IN,all features in scope,,0,,0,0,0,0,0,0,,0,0,0,0,0,0,0,0,0,sealed,1,1.0,1,0,,0,0,0,,0,1,16,1.0,0,1,1,0,0,0,0,single_mesh,,0,,,0,,0,0,0,,0,2000.0,,yes,1,1,G4,T2 vs FDS baseline (no committed FDS metric),proposed,"completes (normal exit, no NaN/trap); T2 vs FDS baseline",no,no,,
WUI/Needle_TGA_H.fds,Needle_TGA_H,IN,all features in scope,,0,,0,0,0,0,0,0,,0,0,0,0,0,0,0,0,0,sealed,1,1.0,1,0,,0,0,0,,0,1,16,1.0,0,1,1,0,0,0,0,single_mesh,,0,,,0,,0,0,0,,0,1200.0,,yes,1,1,G4,T2 vs FDS baseline (no committed FDS metric),proposed,"completes (normal exit, no NaN/trap); T2 vs FDS baseline",no,no,,
WUI/bulk_density_file.fds,bulk_density_file,OUT,missing external input file(s): INIT.BULK_DENSITY_FILE:../../../cad/Case_Studies/Binary_Bulk_Density_File/canopy_foliage.bdf,PARTICLES MISSING_FILES,0,,0,0,0,0,0,0,,0,0,0,0,0,0,0,0,0,sealed,1,1.0,1,0,,0,0,0,,0,1,75000,1.0,0,1,0,0,0,0,0,single_mesh,,0,,,0,,1,0,0,INIT.BULK_DENSITY_FILE:../../../cad/Case_Studies/Binary_Bulk_Density_File/canopy_foliage.bdf,0,0.1,,yes,1,1,,,,,no,no,,
WUI/char_oxidation_1.fds,char_oxidation_1,IN,all features in scope,PARTICLES,0,,0,0,0,0,0,0,,0,0,0,0,0,0,0,0,0,none,0,0.0,0,0,,0,0,0,,0,1,4500,1.0,0,1,0,0,0,0,0,single_mesh,,0,,,0,,1,0,0,,0,25.0,,yes,1,1,G4,T2 (Verification-Guide dataplot: Relative Error|area|0.03; Relative Error|end|0.01),proposed,"completes (normal exit, no NaN/trap); T2",no,no,,
WUI/char_oxidation_2.fds,char_oxidation_2,IN,all features in scope,ZONE MULTI_MESH PARTICLES,0,,0,0,0,0,0,0,,0,0,0,0,0,0,0,1,0,sealed,2,1.0,0,0,,0,0,0,,0,2,128,0.667,1,1,0,1,0,0,0,no_shared_faces,,0,,,0,,2,0,0,,0,25.0,,yes,2,1,G4,T2 (Verification-Guide dataplot: N/A|end|0.01; Relative Error|end|0.01; Relative Error|end|0.1),proposed,"completes (normal exit, no NaN/trap); T2",no,no,,
WUI/dragon_5a.fds,dragon_5a,IN,all features in scope,THIN_OBST ZONE PARTICLES,0,,0,0,1,8,0,0,,0,0,0,0,0,0,0,1,0,sealed,2,0.002,0,0,,0,0,0,,0,1,12000,1.0,0,1,0,0,0,0,0,single_mesh,,0,,,0,,1,0,0,,0,300.0,,yes,1,1,G4,T2 (Verification-Guide dataplot: Relative Error|end|0.05),proposed,"completes (normal exit, no NaN/trap); T2",no,no,,
WUI/ember_1.fds,ember_1,IN,all features in scope,THIN_OBST ZONE PARTICLES,0,,0,0,1,8,0,0,,0,0,0,0,0,0,0,1,0,sealed,2,0.002,0,0,,0,0,0,,0,1,12000,1.0,0,1,0,0,0,0,0,single_mesh,,0,,,0,,1,0,0,,0,300.0,,no,,1,G4,completes only (FDS does not run it: not in FDS_Cases.sh or commented),proposed,"completes (normal exit, no NaN/trap); completes only",no,no,,
WUI/ground_vegetation_conv.fds,ground_vegetation_conv,IN,all features in scope,MULTI_MESH PARTICLES,0,,0,0,0,0,0,0,,0,0,0,0,0,0,0,0,0,none,0,0.0,0,0,,0,0,0,,0,2,640,0.8,1,1,0,1,0,0,0,no_shared_faces,,0,,,0,,2,0,0,,0,30.0,,yes,2,1,G4,T2 (Verification-Guide dataplot: Relative Error|mean|0.05),proposed,"completes (normal exit, no NaN/trap); T2",no,no,,
WUI/ground_vegetation_drag.fds,ground_vegetation_drag,IN,all features in scope,LEVEL_SET MULTI_MESH PARTICLES,0,,0,0,0,0,0,0,,0,0,0,0,0,0,0,0,0,none (LEVEL_SET_MODE>0),0,0.0,0,0,,0,0,1,4,0,3,72000,0.6,1,1,0,1,0,0,0,no_shared_faces,,0,,,0,,1,0,0,,0,90.0,,yes,3,1,G4,T2 (Verification-Guide dataplot: Relative Error|mean|0.05),proposed,"completes (normal exit, no NaN/trap); T2",no,no,,
WUI/ground_vegetation_load.fds,ground_vegetation_load,IN,all features in scope,MULTI_MESH PARTICLES,0,,0,0,0,0,0,0,,0,0,0,0,0,0,0,0,0,none,0,0.0,0,0,,0,0,0,,0,2,48000,0.8,1,1,0,1,0,0,0,no_shared_faces,,0,,,0,,1,0,0,,0,50.0,,yes,2,1,G4,T2 (Verification-Guide dataplot: N/A|max|0; Relative Error|end|0.15),proposed,"completes (normal exit, no NaN/trap); T2",no,no,,
WUI/ground_vegetation_radi.fds,ground_vegetation_radi,IN,all features in scope,THIN_OBST ZONE MULTI_MESH PARTICLES,0,,0,0,1,1,0,0,,0,0,0,0,0,0,0,1,0,sealed,3,1.0,0,0,,0,0,0,,0,2,128000,0.8,1,1,0,1,0,0,0,no_shared_faces,,0,,,0,,1,0,0,,0,1.0,,yes,2,1,G4,T2 (Verification-Guide dataplot: Relative Error|end_1_1|0.2),proposed,"completes (normal exit, no NaN/trap); T2",no,no,,
WUI/hot_rods.fds,hot_rods,IN,all features in scope,PARTICLES,0,,0,0,0,0,0,0,,0,0,0,0,0,0,0,0,0,none,0,0.0,0,0,,0,0,0,,0,1,1000,1.0,0,1,0,0,0,0,0,single_mesh,,0,,,0,,1,0,0,,0,300.0,,yes,1,1,G4,T2 (Verification-Guide dataplot: Relative Error|mean|0.01),proposed,"completes (normal exit, no NaN/trap); T2",no,no,,
WUI/level_set_fuel_model_1.fds,level_set_fuel_model_1,IN,all features in scope,LEVEL_SET,0,,0,0,0,0,0,0,,0,0,0,0,0,0,0,0,0,none (LEVEL_SET_MODE>0),0,0.0,0,0,,0,0,1,4,0,1,25600,1.0,0,1,0,0,0,0,0,single_mesh,,0,,,0,,0,0,0,,0,36000.0,,yes,1,1,G4,T2 (Verification-Guide dataplot: Relative Error|end|0.01),proposed,"completes (normal exit, no NaN/trap); T2",no,no,,
WUI/part_drag_prof_ux.fds,part_drag_prof_ux,OUT,"TRNX/TRNY/TRNZ stretched grid: rejected in AMR mode, stays FDS-only (IR-002, D-030)",STRETCHED PARTICLES,0,,0,0,0,0,0,0,,0,0,0,0,0,0,0,0,0,periodic (not evaluated),0,0.0,0,0,,0,0,0,,0,1,500,1.0,0,1,0,0,0,0,0,single_mesh,,1,,,0,,1,0,0,,0,1e-06,,yes,1,1,,,,,no,no,,
WUI/part_drag_prof_uy.fds,part_drag_prof_uy,OUT,"TRNX/TRNY/TRNZ stretched grid: rejected in AMR mode, stays FDS-only (IR-002, D-030)",STRETCHED PARTICLES,0,,0,0,0,0,0,0,,0,0,0,0,0,0,0,0,0,periodic (not evaluated),0,0.0,0,0,,0,0,0,,0,1,500,1.0,0,1,0,0,0,0,0,single_mesh,,1,,,0,,1,0,0,,0,10.0,,yes,1,1,,,,,no,no,,
WUI/part_drag_prof_uz.fds,part_drag_prof_uz,OUT,"TRNX/TRNY/TRNZ stretched grid: rejected in AMR mode, stays FDS-only (IR-002, D-030)",STRETCHED PARTICLES,0,,0,0,0,0,0,0,,0,0,0,0,0,0,0,0,0,periodic (not evaluated),0,0.0,0,0,,0,0,0,,0,1,500,1.0,0,1,0,0,0,0,0,single_mesh,,1,,,0,,1,0,0,,0,10.0,,yes,1,1,,,,,no,no,,
WUI/part_drag_prof_vx.fds,part_drag_prof_vx,OUT,"TRNX/TRNY/TRNZ stretched grid: rejected in AMR mode, stays FDS-only (IR-002, D-030)",STRETCHED PARTICLES,0,,0,0,0,0,0,0,,0,0,0,0,0,0,0,0,0,periodic (not evaluated),0,0.0,0,0,,0,0,0,,0,1,500,1.0,0,1,0,0,0,0,0,single_mesh,,1,,,0,,1,0,0,,0,10.0,,yes,1,1,,,,,no,no,,
WUI/part_drag_prof_vy.fds,part_drag_prof_vy,OUT,"TRNX/TRNY/TRNZ stretched grid: rejected in AMR mode, stays FDS-only (IR-002, D-030)",STRETCHED PARTICLES,0,,0,0,0,0,0,0,,0,0,0,0,0,0,0,0,0,periodic (not evaluated),0,0.0,0,0,,0,0,0,,0,1,500,1.0,0,1,0,0,0,0,0,single_mesh,,1,,,0,,1,0,0,,0,1e-06,,yes,1,1,,,,,no,no,,
WUI/part_drag_prof_vz.fds,part_drag_prof_vz,OUT,"TRNX/TRNY/TRNZ stretched grid: rejected in AMR mode, stays FDS-only (IR-002, D-030)",STRETCHED PARTICLES,0,,0,0,0,0,0,0,,0,0,0,0,0,0,0,0,0,periodic (not evaluated),0,0.0,0,0,,0,0,0,,0,1,500,1.0,0,1,0,0,0,0,0,single_mesh,,1,,,0,,1,0,0,,0,10.0,,yes,1,1,,,,,no,no,,
WUI/part_drag_prof_wx.fds,part_drag_prof_wx,OUT,"TRNX/TRNY/TRNZ stretched grid: rejected in AMR mode, stays FDS-only (IR-002, D-030)",STRETCHED PARTICLES,0,,0,0,0,0,0,0,,0,0,0,0,0,0,0,0,0,periodic (not evaluated),0,0.0,0,0,,0,0,0,,0,1,500,1.0,0,1,0,0,0,0,0,single_mesh,,1,,,0,,1,0,0,,0,10.0,,yes,1,1,,,,,no,no,,
WUI/part_drag_prof_wy.fds,part_drag_prof_wy,OUT,"TRNX/TRNY/TRNZ stretched grid: rejected in AMR mode, stays FDS-only (IR-002, D-030)",STRETCHED PARTICLES,0,,0,0,0,0,0,0,,0,0,0,0,0,0,0,0,0,periodic (not evaluated),0,0.0,0,0,,0,0,0,,0,1,500,1.0,0,1,0,0,0,0,0,single_mesh,,1,,,0,,1,0,0,,0,10.0,,yes,1,1,,,,,no,no,,
WUI/part_drag_prof_wz.fds,part_drag_prof_wz,OUT,"TRNX/TRNY/TRNZ stretched grid: rejected in AMR mode, stays FDS-only (IR-002, D-030)",STRETCHED PARTICLES,0,,0,0,0,0,0,0,,0,0,0,0,0,0,0,0,0,periodic (not evaluated),0,0.0,0,0,,0,0,0,,0,1,500,1.0,0,1,0,0,0,0,0,single_mesh,,1,,,0,,1,0,0,,0,1e-06,,yes,1,1,,,,,no,no,,
WUI/part_drag_stretched.fds,part_drag_stretched,OUT,"TRNX/TRNY/TRNZ stretched grid: rejected in AMR mode, stays FDS-only (IR-002, D-030)",STRETCHED PARTICLES,0,,0,0,0,0,0,0,,0,0,0,0,0,0,0,0,0,none,0,0.0,0,0,,0,0,0,,0,1,8000,1.0,0,1,0,0,0,0,0,single_mesh,,1,,,0,,1,0,0,,0,30.0,,yes,1,1,,,,,no,no,,
WUI/part_spec_prof.fds,part_spec_prof,OUT,"TRNX/TRNY/TRNZ stretched grid: rejected in AMR mode, stays FDS-only (IR-002, D-030)",STRETCHED PARTICLES,0,,0,0,0,0,0,0,,0,0,0,0,0,0,0,0,0,sealed,1,1.0,1,0,,0,0,0,,0,1,500,1.0,0,1,0,0,0,0,0,single_mesh,,1,,,0,,1,0,0,,0,10.0,,yes,1,1,,,,,no,no,,
WUI/part_temp_prof.fds,part_temp_prof,OUT,"TRNX/TRNY/TRNZ stretched grid: rejected in AMR mode, stays FDS-only (IR-002, D-030)",STRETCHED PARTICLES,0,,0,0,0,0,0,0,,0,0,0,0,0,0,0,0,0,sealed,1,1.0,1,0,,0,0,0,,0,1,500,1.0,0,1,0,0,0,0,0,single_mesh,,1,,,0,,1,0,0,,0,10.0,,yes,1,1,,,,,no,no,,
WUI/particle_surface_density.fds,particle_surface_density,DEFERRED,"uses &GEOM, CC_IBM (GEOM)",GEOM CC_IBM MULTI_MESH PARTICLES,1,GEOM,0,0,0,0,0,0,,0,0,0,0,0,0,0,0,0,none,0,0.0,0,0,,0,0,0,,0,2,20000,0.667,1,1,0,1,0,0,0,no_shared_faces,,0,,,0,,1,0,0,,0,100.0,,no,,1,,,,,no,no,,
WUI/pine_needles.fds,pine_needles,IN,all features in scope,PARTICLES,0,,0,0,0,0,0,0,,0,0,0,0,0,0,0,0,0,sealed,1,1.0,1,0,,0,0,0,,0,1,1000,1.0,0,1,0,0,0,0,0,single_mesh,,0,,,0,,1,0,0,,0,10.0,,yes,1,1,G4,T2 (Verification-Guide dataplot: Relative Error|end|0.01),proposed,"completes (normal exit, no NaN/trap); T2",no,no,,
WUI/radiation_gas-veg_consistency_gas.fds,radiation_gas-veg_consistency_gas,IN,all features in scope,,0,,0,0,0,0,0,0,,0,0,0,0,0,0,0,0,0,sealed,1,1.0,1,0,,0,0,0,,0,1,5760,1.0,0,1,0,0,0,0,0,single_mesh,,0,,,0,,0,0,0,,0,40.0,,yes,1,1,G4,T2 (Verification-Guide dataplot: Relative Error|end|0.01),proposed,"completes (normal exit, no NaN/trap); T2",no,no,,
WUI/radiation_gas-veg_consistency_veg.fds,radiation_gas-veg_consistency_veg,IN,all features in scope,PARTICLES,0,,0,0,0,0,0,0,,0,0,0,0,0,0,0,0,0,sealed,1,1.0,1,0,,0,0,0,,0,1,5760,1.0,0,1,0,0,0,0,0,single_mesh,,0,,,0,,1,0,0,,0,40.0,,yes,1,1,G4,T2 (Verification-Guide dataplot: Relative Error|end|0.01),proposed,"completes (normal exit, no NaN/trap); T2",no,no,,
WUI/random_walk_1.fds,random_walk_1,IN,all features in scope,PARTICLES,0,,0,0,0,0,0,0,,0,0,0,0,0,0,0,0,0,none,0,0.0,0,0,,0,0,0,,0,1,2000,1.0,0,1,0,0,0,0,0,single_mesh,,0,,,0,,1,0,0,,0,60.0,,yes,1,1,G4,T2 (Verification-Guide dataplot: Relative Error|max|0.05),proposed,"completes (normal exit, no NaN/trap); T2",no,no,,
WUI/random_walk_2.fds,random_walk_2,IN,all features in scope,PARTICLES,0,,0,0,0,0,0,0,,0,0,0,0,0,0,0,0,0,none,0,0.0,0,0,,0,0,0,,0,1,2000,1.0,0,1,0,0,0,0,0,single_mesh,,0,,,0,,1,0,0,,0,60.0,,yes,1,1,G4,T2 (Verification-Guide dataplot: Relative Error|max|0.1),proposed,"completes (normal exit, no NaN/trap); T2",no,no,,
WUI/tree_shapes.fds,tree_shapes,IN,all features in scope,MULTI_MESH PARTICLES,0,,0,0,0,0,0,0,,0,0,0,0,0,0,0,0,0,sealed,1,1.0,1,0,,0,0,0,,0,13,395200,1.0,0,1,0,1,12,0,0,uniform,1,0,,,0,,1,0,0,,0,0.1,,yes,1,1,G4,T2 (Utilities/Python script metric; CHID referenced by a script),proposed,"completes (normal exit, no NaN/trap); T2",no,no,,
WUI/vegetation_absorb.fds,vegetation_absorb,IN,all features in scope,ZONE MULTI_MESH PARTICLES,0,,0,0,0,0,0,0,,0,0,0,0,0,0,0,1,0,sealed,6,1.0,0,0,,0,0,0,,0,6,24000,0.923,1,1,0,1,0,0,0,no_shared_faces,,0,,,0,,1,0,0,,0,4.0,,yes,6,1,G4,T2 (Verification-Guide dataplot: Relative Error|mean|0.03),proposed,"completes (normal exit, no NaN/trap); T2",no,no,,
WUI/vegetation_drag_1.fds,vegetation_drag_1,IN,all features in scope,MULTI_MESH PARTICLES,0,,0,0,0,0,0,0,,0,0,0,0,0,0,0,0,0,none,0,0.0,0,0,,0,0,0,,0,3,12000,0.938,1,1,0,1,0,0,0,no_shared_faces,,0,,,0,,1,0,0,,0,10.0,,yes,1,1,G4,T2 (Verification-Guide dataplot: Relative Error|end|0.03),proposed,"completes (normal exit, no NaN/trap); T2",no,no,,
WUI/vegetation_drag_2.fds,vegetation_drag_2,IN,all features in scope,MULTI_MESH PARTICLES,0,,0,0,0,0,0,0,,0,0,0,0,0,0,0,0,0,none,0,0.0,0,0,,0,0,0,,0,3,12000,0.938,1,1,0,1,0,0,0,no_shared_faces,,0,,,0,,1,0,0,,0,10.0,,yes,1,1,G4,T2 (Verification-Guide dataplot: Relative Error|end|0.02),proposed,"completes (normal exit, no NaN/trap); T2",no,no,,
